residue_id,neighbors
ASP_876_A,ASN_877_A
ASN_877_A,"ASP_876_A,ASP_878_A,ALA_880_A,LYS_882_A,TYR_930_A,LYS_1027_A"
ASP_878_A,"ASN_877_A,SER_879_A,LYS_882_A,LYS_944_A"
SER_879_A,"ASP_878_A,ALA_880_A,CYS_929_A"
ALA_880_A,"ASN_877_A,SER_879_A,LYS_882_A,TYR_930_A"
PRO_881_A,"LYS_882_A,VAL_888_A,TYR_1031_A"
LYS_882_A,"ASN_877_A,ASP_878_A,ALA_880_A,PRO_881_A,GLU_883_A,LYS_944_A"
GLU_883_A,"LYS_882_A,GLY_886_A"
PRO_884_A,THR_885_A
THR_885_A,"PRO_884_A,GLY_886_A"
GLY_886_A,"GLU_883_A,THR_885_A"
PRO_887_A,VAL_888_A
VAL_888_A,"PRO_881_A,PRO_887_A,THR_889_A,GLY_1016_A"
THR_889_A,"VAL_888_A,LEU_890_A,SER_943_A,ALA_949_A,ILE_1013_A,THR_1015_A"
LEU_890_A,"THR_889_A,ILE_891_A,ALA_942_A,HIS_1014_A,ALA_1039_A"
ILE_891_A,"LEU_890_A,PHE_892_A,ILE_941_A,ALA_949_A,VAL_1011_A"
PHE_892_A,"ILE_891_A,THR_893_A,MET_940_A,GLY_1012_A,ALA_1039_A,GLU_1043_A"
THR_893_A,"PHE_892_A,ASP_894_A,SER_938_A,PHE_939_A"
ASP_894_A,"THR_893_A,ILE_895_A,ASP_937_A,ARG_1010_A,GLU_1043_A"
ILE_895_A,"ASP_894_A,GLU_896_A,ASP_937_A,LEU_1007_A"
GLU_896_A,"ILE_895_A,SER_897_A,TYR_974_A,ARG_1008_A,ARG_1010_A,GLY_1048_A,ARG_1103_A"
SER_897_A,"GLU_896_A,SER_898_A,LEU_901_A"
SER_898_A,"SER_897_A,THR_899_A,TRP_902_A,ASP_937_A"
THR_899_A,"SER_898_A,ALA_900_A"
ALA_900_A,"THR_899_A,LEU_901_A,ALA_904_A,PHE_977_A"
LEU_901_A,"SER_897_A,ALA_900_A,TRP_902_A,HIS_905_A,MET_909_A,PHE_977_A,LEU_1007_A"
TRP_902_A,"SER_898_A,LEU_901_A,ALA_903_A,MET_909_A,PRO_910_A"
ALA_903_A,"TRP_902_A,ALA_904_A"
ALA_904_A,"ALA_900_A,ALA_903_A,HIS_905_A"
HIS_905_A,"LEU_901_A,ALA_904_A,ASP_907_A,LEU_908_A,MET_909_A,SER_973_A"
PRO_906_A,ASP_907_A
ASP_907_A,"HIS_905_A,PRO_906_A,LEU_908_A"
LEU_908_A,"HIS_905_A,ASP_907_A,MET_909_A,ALA_969_A"
MET_909_A,"LEU_901_A,TRP_902_A,HIS_905_A,LEU_908_A,VAL_913_A"
PRO_910_A,"TRP_902_A,ASP_911_A"
ASP_911_A,"PRO_910_A,ALA_912_A,THR_915_A"
ALA_912_A,"ASP_911_A,VAL_913_A,HIS_916_A"
VAL_913_A,"MET_909_A,ALA_912_A,ALA_914_A,HIS_917_A"
ALA_914_A,"VAL_913_A,THR_915_A"
THR_915_A,"ASP_911_A,ALA_914_A,HIS_916_A,LEU_919_A"
HIS_916_A,"ALA_912_A,THR_915_A,HIS_917_A,ILE_920_A,PHE_960_A"
HIS_917_A,"VAL_913_A,HIS_916_A,ARG_918_A,ARG_921_A"
ARG_918_A,"HIS_917_A,LEU_919_A,SER_922_A"
LEU_919_A,"THR_915_A,ARG_918_A,ILE_920_A,PHE_960_A"
ILE_920_A,"HIS_916_A,LEU_919_A,ARG_921_A,ILE_924_A,PHE_939_A"
ARG_921_A,"HIS_917_A,ILE_920_A,SER_922_A,GLU_931_A"
SER_922_A,"ARG_918_A,ARG_921_A,LEU_923_A,ARG_926_A"
LEU_923_A,"SER_922_A,ILE_924_A,TYR_927_A,GLU_955_A"
ILE_924_A,"ILE_920_A,LEU_923_A,THR_925_A,CYS_929_A,GLU_931_A,ILE_941_A"
THR_925_A,"ILE_924_A,ARG_926_A"
ARG_926_A,"SER_922_A,THR_925_A,TYR_927_A,GLU_955_A"
TYR_927_A,"LEU_923_A,ARG_926_A,GLU_928_A,GLN_951_A"
GLU_928_A,"TYR_927_A,CYS_929_A"
CYS_929_A,"SER_879_A,ILE_924_A,GLU_928_A,TYR_930_A,ILE_941_A"
TYR_930_A,"ASN_877_A,ALA_880_A,CYS_929_A,GLU_931_A,ALA_942_A,TYR_1029_A"
GLU_931_A,"ARG_921_A,ILE_924_A,TYR_930_A,VAL_932_A"
VAL_932_A,"GLU_931_A,LYS_933_A,MET_940_A,TYR_1031_A"
LYS_933_A,"VAL_932_A,THR_934_A,MET_940_A,ASP_1030_A"
THR_934_A,"LYS_933_A,VAL_935_A"
VAL_935_A,"THR_934_A,GLY_936_A,SER_938_A"
GLY_936_A,"VAL_935_A,ASP_937_A"
ASP_937_A,"ASP_894_A,ILE_895_A,SER_898_A,GLY_936_A,SER_938_A"
SER_938_A,"THR_893_A,VAL_935_A,ASP_937_A,PHE_939_A"
PHE_939_A,"THR_893_A,ILE_920_A,SER_938_A,MET_940_A"
MET_940_A,"PHE_892_A,VAL_932_A,LYS_933_A,PHE_939_A,ILE_941_A"
ILE_941_A,"ILE_891_A,ILE_924_A,CYS_929_A,MET_940_A,ALA_942_A"
ALA_942_A,"LEU_890_A,TYR_930_A,ILE_941_A,SER_943_A,TYR_1031_A"
SER_943_A,"THR_889_A,ALA_942_A,LYS_944_A,SER_945_A"
LYS_944_A,"ASP_878_A,LYS_882_A,SER_943_A,SER_945_A"
SER_945_A,"SER_943_A,LYS_944_A"
PRO_946_A,PHE_947_A
PHE_947_A,"PRO_946_A,ALA_948_A,GLN_951_A,LEU_1061_A,ASP_1065_A"
ALA_948_A,"PHE_947_A,ALA_949_A,LEU_952_A"
ALA_949_A,"THR_889_A,ILE_891_A,ALA_948_A,VAL_950_A"
VAL_950_A,"ALA_949_A,GLN_951_A,GLN_954_A,LEU_1069_A,LEU_1091_A"
GLN_951_A,"TYR_927_A,PHE_947_A,VAL_950_A,LEU_952_A,GLU_955_A"
LEU_952_A,"ALA_948_A,GLN_951_A,ALA_953_A,LEU_956_A"
ALA_953_A,"LEU_952_A,GLN_954_A,ILE_1013_A,VAL_1051_A"
GLN_954_A,"VAL_950_A,ALA_953_A,GLU_955_A"
GLU_955_A,"LEU_923_A,ARG_926_A,GLN_951_A,GLN_954_A,LEU_956_A,CYS_959_A,ARG_962_A"
LEU_956_A,"LEU_952_A,GLU_955_A,GLN_957_A,PHE_960_A,VAL_1009_A"
GLN_957_A,"LEU_956_A,LEU_958_A,VAL_1009_A,VAL_1051_A,ALA_1093_A,ARG_1097_A"
LEU_958_A,"GLN_957_A,CYS_959_A,ARG_962_A"
CYS_959_A,"GLU_955_A,LEU_958_A,PHE_960_A,LEU_963_A"
PHE_960_A,"HIS_916_A,LEU_919_A,LEU_956_A,CYS_959_A,LEU_961_A,TRP_965_A,VAL_1009_A"
LEU_961_A,"PHE_960_A,ARG_962_A,ASN_1005_A,VAL_1094_A"
ARG_962_A,"GLU_955_A,LEU_958_A,LEU_961_A,LEU_963_A"
LEU_963_A,"CYS_959_A,ARG_962_A,ASP_964_A,TRP_965_A,ASN_1005_A"
ASP_964_A,"LEU_963_A,TRP_965_A,GLU_966_A"
TRP_965_A,"PHE_960_A,LEU_963_A,ASP_964_A,GLU_966_A,LEU_1007_A"
GLU_966_A,"ASP_964_A,TRP_965_A,THR_967_A"
THR_967_A,"GLU_966_A,ASN_968_A"
ASN_968_A,"THR_967_A,ALA_969_A"
ALA_969_A,"LEU_908_A,ASN_968_A,VAL_970_A"
VAL_970_A,"ALA_969_A,ASP_971_A,TYR_974_A"
ASP_971_A,"VAL_970_A,GLU_972_A,ARG_975_A,TYR_1000_A,GLY_1006_A,ARG_1008_A"
GLU_972_A,"ASP_971_A,SER_973_A,ARG_975_A,GLU_976_A"
SER_973_A,"HIS_905_A,GLU_972_A,TYR_974_A,PHE_977_A"
TYR_974_A,"GLU_896_A,VAL_970_A,SER_973_A,ARG_975_A,ARG_1008_A"
ARG_975_A,"ASP_971_A,GLU_972_A,TYR_974_A,GLU_976_A,TYR_1000_A"
GLU_976_A,"GLU_972_A,ARG_975_A,PHE_977_A,GLN_980_A"
PHE_977_A,"ALA_900_A,LEU_901_A,SER_973_A,GLU_976_A,GLU_978_A,ARG_981_A"
GLU_978_A,"PHE_977_A,GLU_979_A,ALA_982_A,PRO_990_A,THR_992_A,ALA_993_A,ARG_1008_A"
GLU_979_A,"GLU_978_A,GLN_980_A"
GLN_980_A,"GLU_976_A,GLU_979_A,ARG_981_A"
ARG_981_A,"PHE_977_A,GLN_980_A,ALA_982_A,GLU_985_A"
ALA_982_A,"GLU_978_A,ARG_981_A,GLU_983_A"
GLU_983_A,"ALA_982_A,GLY_984_A"
GLY_984_A,"GLU_983_A,GLU_985_A"
GLU_985_A,"ARG_981_A,GLY_984_A,CYS_986_A"
CYS_986_A,"GLU_985_A,GLU_987_A"
GLU_987_A,"CYS_986_A,TYR_988_A"
TYR_988_A,"GLU_987_A,THR_989_A,ALA_1100_A"
THR_989_A,TYR_988_A
PRO_990_A,GLU_978_A
PRO_991_A,THR_992_A
THR_992_A,"GLU_978_A,PRO_991_A,ALA_993_A,TRP_1004_A,ARG_1008_A"
ALA_993_A,"GLU_978_A,THR_992_A,SER_994_A"
SER_994_A,"ALA_993_A,LEU_995_A"
LEU_995_A,"SER_994_A,ASP_996_A"
ASP_996_A,"LEU_995_A,GLU_998_A,VAL_999_A,TYR_1000_A"
PRO_997_A,GLU_998_A
GLU_998_A,"ASP_996_A,PRO_997_A,VAL_999_A"
VAL_999_A,"ASP_996_A,GLU_998_A,TYR_1000_A"
TYR_1000_A,"ASP_971_A,ARG_975_A,ASP_996_A,VAL_999_A,SER_1001_A,LEU_1003_A,TRP_1004_A,ARG_1008_A"
SER_1001_A,"TYR_1000_A,ARG_1002_A"
ARG_1002_A,"SER_1001_A,LEU_1003_A"
LEU_1003_A,"TYR_1000_A,ARG_1002_A,TRP_1004_A,ARG_1097_A"
TRP_1004_A,"THR_992_A,TYR_1000_A,LEU_1003_A,ASN_1005_A,ARG_1097_A,PHE_1099_A"
ASN_1005_A,"LEU_961_A,LEU_963_A,TRP_1004_A,GLY_1006_A"
GLY_1006_A,"ASP_971_A,ASN_1005_A,LEU_1007_A"
LEU_1007_A,"ILE_895_A,LEU_901_A,TRP_965_A,GLY_1006_A,ARG_1008_A"
ARG_1008_A,"GLU_896_A,ASP_971_A,TYR_974_A,GLU_978_A,THR_992_A,TYR_1000_A,LEU_1007_A,VAL_1009_A"
VAL_1009_A,"LEU_956_A,GLN_957_A,PHE_960_A,ARG_1008_A,ARG_1010_A,GLY_1049_A"
ARG_1010_A,"ASP_894_A,GLU_896_A,VAL_1009_A,VAL_1011_A,GLU_1043_A,ARG_1103_A"
VAL_1011_A,"ILE_891_A,ARG_1010_A,GLY_1012_A,GLN_1050_A,LEU_1052_A"
GLY_1012_A,"PHE_892_A,VAL_1011_A,ILE_1013_A"
ILE_1013_A,"THR_889_A,ALA_953_A,GLY_1012_A,HIS_1014_A,LEU_1052_A"
HIS_1014_A,"LEU_890_A,ILE_1013_A,THR_1015_A"
THR_1015_A,"THR_889_A,HIS_1014_A,GLY_1016_A"
GLY_1016_A,"VAL_888_A,THR_1015_A,LEU_1017_A"
LEU_1017_A,"GLY_1016_A,CYS_1018_A,THR_1035_A"
CYS_1018_A,"LEU_1017_A,ASP_1019_A"
ASP_1019_A,"CYS_1018_A,ILE_1020_A,ARG_1021_A,TYR_1032_A"
ILE_1020_A,"ASP_1019_A,ARG_1021_A,TYR_1029_A"
ARG_1021_A,"ASP_1019_A,ILE_1020_A,TYR_1022_A,ASP_1030_A"
TYR_1022_A,"ARG_1021_A,ASP_1023_A,TYR_1029_A"
ASP_1023_A,"TYR_1022_A,GLU_1024_A,LYS_1027_A,GLY_1028_A"
GLU_1024_A,"ASP_1023_A,VAL_1025_A"
VAL_1025_A,"GLU_1024_A,THR_1026_A"
THR_1026_A,"VAL_1025_A,LYS_1027_A,GLY_1028_A"
LYS_1027_A,"ASN_877_A,ASP_1023_A,THR_1026_A,GLY_1028_A"
GLY_1028_A,"ASP_1023_A,THR_1026_A,LYS_1027_A,TYR_1029_A"
TYR_1029_A,"TYR_930_A,ILE_1020_A,TYR_1022_A,GLY_1028_A,ASP_1030_A"
ASP_1030_A,"LYS_933_A,ARG_1021_A,TYR_1029_A,TYR_1031_A,TYR_1032_A"
TYR_1031_A,"PRO_881_A,VAL_932_A,ALA_942_A,ASP_1030_A,TYR_1032_A"
TYR_1032_A,"ASP_1019_A,ASP_1030_A,TYR_1031_A,GLY_1033_A"
GLY_1033_A,"TYR_1032_A,ARG_1034_A,ASN_1037_A"
ARG_1034_A,"GLY_1033_A,THR_1035_A,MET_1038_A"
THR_1035_A,"LEU_1017_A,ARG_1034_A,SER_1036_A"
SER_1036_A,"THR_1035_A,ASN_1037_A,ALA_1040_A"
ASN_1037_A,"GLY_1033_A,SER_1036_A,MET_1038_A,ARG_1041_A"
MET_1038_A,"ARG_1034_A,ASN_1037_A,ALA_1039_A,THR_1042_A"
ALA_1039_A,"LEU_890_A,PHE_892_A,MET_1038_A,ALA_1040_A"
ALA_1040_A,"SER_1036_A,ALA_1039_A,ARG_1041_A,SER_1044_A"
ARG_1041_A,"ASN_1037_A,ALA_1040_A,THR_1042_A,SER_1044_A,ARG_1080_A"
THR_1042_A,"MET_1038_A,ARG_1041_A,GLU_1043_A,LEU_1052_A"
GLU_1043_A,"PHE_892_A,ASP_894_A,ARG_1010_A,THR_1042_A,SER_1044_A"
SER_1044_A,"ALA_1040_A,ARG_1041_A,GLU_1043_A,VAL_1045_A,ARG_1103_A"
VAL_1045_A,"SER_1044_A,ALA_1046_A,LEU_1052_A,ARG_1103_A,LEU_1104_A"
ALA_1046_A,"VAL_1045_A,ASN_1047_A,LEU_1052_A"
ASN_1047_A,"ALA_1046_A,GLY_1048_A"
GLY_1048_A,"GLU_896_A,ASN_1047_A,GLY_1049_A"
GLY_1049_A,"VAL_1009_A,GLY_1048_A,GLN_1050_A"
GLN_1050_A,"VAL_1011_A,GLY_1049_A,VAL_1051_A,GLN_1090_A,PHE_1099_A"
VAL_1051_A,"ALA_953_A,GLN_957_A,GLN_1050_A,LEU_1052_A,LEU_1091_A"
LEU_1052_A,"VAL_1011_A,ILE_1013_A,THR_1042_A,VAL_1045_A,ALA_1046_A,VAL_1051_A,MET_1053_A,LEU_1074_A,LEU_1102_A"
MET_1053_A,"LEU_1052_A,THR_1054_A,TYR_1058_A,TYR_1089_A"
THR_1054_A,"MET_1053_A,HIS_1055_A,TYR_1058_A"
HIS_1055_A,"THR_1054_A,ALA_1056_A,MET_1059_A,ARG_1087_A"
ALA_1056_A,"HIS_1055_A,ALA_1057_A,SER_1060_A"
ALA_1057_A,"ALA_1056_A,TYR_1058_A,SER_1060_A"
TYR_1058_A,"MET_1053_A,THR_1054_A,ALA_1057_A,MET_1059_A,ARG_1066_A,TYR_1089_A"
MET_1059_A,"HIS_1055_A,TYR_1058_A,SER_1060_A"
SER_1060_A,"ALA_1056_A,ALA_1057_A,MET_1059_A,LEU_1061_A"
LEU_1061_A,"PHE_947_A,SER_1060_A,SER_1062_A,ARG_1066_A,LEU_1069_A"
SER_1062_A,"LEU_1061_A,GLY_1063_A,ASP_1065_A"
GLY_1063_A,"SER_1062_A,GLU_1064_A,ASN_1067_A"
GLU_1064_A,"GLY_1063_A,ASP_1065_A"
ASP_1065_A,"PHE_947_A,SER_1062_A,GLU_1064_A,ARG_1066_A"
ARG_1066_A,"TYR_1058_A,LEU_1061_A,ASP_1065_A,ASN_1067_A"
ASN_1067_A,"GLY_1063_A,ARG_1066_A,GLN_1068_A"
GLN_1068_A,"ASN_1067_A,LEU_1069_A"
LEU_1069_A,"VAL_950_A,LEU_1061_A,GLN_1068_A,ASP_1070_A"
ASP_1070_A,"LEU_1069_A,VAL_1071_A,ASN_1092_A"
VAL_1071_A,"ASP_1070_A,THR_1072_A,TYR_1089_A"
THR_1072_A,"VAL_1071_A,THR_1073_A,LEU_1074_A,GLN_1090_A,ASN_1092_A"
THR_1073_A,"THR_1072_A,LEU_1074_A,TYR_1089_A"
LEU_1074_A,"LEU_1052_A,THR_1072_A,THR_1073_A,GLY_1075_A,MET_1088_A"
GLY_1075_A,"LEU_1074_A,ALA_1076_A"
ALA_1076_A,"GLY_1075_A,THR_1077_A,PRO_1085_A"
THR_1077_A,"ALA_1076_A,VAL_1078_A,LEU_1079_A,VAL_1086_A,LEU_1104_A"
VAL_1078_A,"THR_1077_A,LEU_1079_A"
LEU_1079_A,"THR_1077_A,VAL_1078_A,ARG_1080_A,VAL_1082_A,MET_1088_A"
ARG_1080_A,"ARG_1041_A,LEU_1079_A,GLY_1081_A"
GLY_1081_A,"ARG_1080_A,VAL_1082_A"
VAL_1082_A,"LEU_1079_A,GLY_1081_A"
PRO_1083_A,GLU_1084_A
GLU_1084_A,PRO_1083_A
PRO_1085_A,"ALA_1076_A,VAL_1086_A"
VAL_1086_A,"THR_1077_A,PRO_1085_A,ARG_1087_A"
ARG_1087_A,"HIS_1055_A,VAL_1086_A,MET_1088_A"
MET_1088_A,"LEU_1074_A,LEU_1079_A,ARG_1087_A,TYR_1089_A"
TYR_1089_A,"MET_1053_A,TYR_1058_A,VAL_1071_A,THR_1073_A,MET_1088_A,GLN_1090_A"
GLN_1090_A,"GLN_1050_A,THR_1072_A,TYR_1089_A,LEU_1091_A,ASN_1092_A"
LEU_1091_A,"VAL_950_A,VAL_1051_A,GLN_1090_A,ASN_1092_A,ALA_1093_A"
ASN_1092_A,"ASP_1070_A,THR_1072_A,GLN_1090_A,LEU_1091_A,ALA_1093_A"
ALA_1093_A,"GLN_957_A,LEU_1091_A,ASN_1092_A,VAL_1094_A"
VAL_1094_A,"LEU_961_A,ALA_1093_A"
PRO_1095_A,GLY_1096_A
GLY_1096_A,"PRO_1095_A,ARG_1097_A"
ARG_1097_A,"GLN_957_A,LEU_1003_A,TRP_1004_A,GLY_1096_A,ASN_1098_A,PHE_1099_A"
ASN_1098_A,"ARG_1097_A,PHE_1099_A"
PHE_1099_A,"TRP_1004_A,GLN_1050_A,ARG_1097_A,ASN_1098_A,ALA_1100_A"
ALA_1100_A,"TYR_988_A,PHE_1099_A,ALA_1101_A"
ALA_1101_A,"ALA_1100_A,LEU_1102_A"
LEU_1102_A,"LEU_1052_A,ALA_1101_A,ARG_1103_A,LEU_1104_A"
ARG_1103_A,"GLU_896_A,ARG_1010_A,SER_1044_A,VAL_1045_A,LEU_1102_A,LEU_1104_A"
LEU_1104_A,"VAL_1045_A,THR_1077_A,LEU_1102_A,ARG_1103_A,ASP_1105_A"
ASP_1105_A,"LEU_1104_A,ARG_1106_A"
ARG_1106_A,ASP_1105_A
