residue_id,neighbors
HIS_0_A,MET_1_A
MET_1_A,"HIS_0_A,LYS_2_A"
LYS_2_A,"MET_1_A,LEU_3_A,LYS_39_A,GLU_94_A,LEU_95_A,ASP_113_A,TYR_115_A,HIS_159_A"
LEU_3_A,"LYS_2_A,SER_4_A,LEU_80_A,LEU_95_A,ILE_97_A,SER_112_A"
SER_4_A,"LEU_3_A,MET_5_A,GLU_94_A,ILE_97_A"
MET_5_A,"SER_4_A,ILE_6_A,LEU_107_A,ASP_113_A,TYR_115_A"
ILE_6_A,"MET_5_A,VAL_7_A,THR_36_A,ILE_97_A"
VAL_7_A,"ILE_6_A,ALA_8_A,ILE_15_A,PHE_104_A,LEU_116_A,THR_117_A,PHE_129_A"
ALA_8_A,"VAL_7_A,LEU_9_A"
LEU_9_A,"ALA_8_A,ASP_10_A,ILE_15_A,THR_117_A,TRP_118_A,VAL_119_A,PHE_129_A"
ASP_10_A,"LEU_9_A,ARG_11_A,ASN_12_A,ARG_13_A,GLY_14_A,ILE_123_A"
ARG_11_A,"ASP_10_A,ASN_12_A,ASP_120_A,ALA_121_A,GLU_122_A"
ASN_12_A,"ASP_10_A,ARG_11_A,ARG_13_A"
ARG_13_A,"ASP_10_A,ASN_12_A,GLY_14_A,PHE_129_A,GLU_131_A"
GLY_14_A,"ASP_10_A,ARG_13_A,ILE_15_A"
ILE_15_A,"VAL_7_A,LEU_9_A,GLY_14_A,GLY_16_A,THR_127_A"
GLY_16_A,"ILE_15_A,GLN_17_A,ASP_126_A"
GLN_17_A,"GLY_16_A,GLY_18_A,ALA_20_A"
GLY_18_A,"GLN_17_A,ASN_19_A,ASP_126_A"
ASN_19_A,"GLY_18_A,ALA_20_A"
ALA_20_A,"GLN_17_A,ASN_19_A,MET_21_A"
MET_21_A,ALA_20_A
PRO_22_A,TRP_23_A
TRP_23_A,"PRO_22_A,HIS_24_A,VAL_119_A,ILE_123_A"
HIS_24_A,"TRP_23_A,LEU_25_A"
LEU_25_A,"HIS_24_A,ASP_28_A"
PRO_26_A,ASP_27_A
ASP_27_A,"PRO_26_A,ASP_28_A,LYS_30_A,HIS_145_A,ASP_148_A,ARG_150_A,HIS_151_A"
ASP_28_A,"LEU_25_A,ASP_27_A,PHE_29_A,HIS_31_A,PHE_32_A,THR_117_A"
PHE_29_A,"ASP_28_A,LYS_30_A,LYS_33_A"
LYS_30_A,"ASP_27_A,PHE_29_A,HIS_31_A,ARG_150_A,HIS_151_A"
HIS_31_A,"ASP_28_A,LYS_30_A,PHE_32_A,LEU_35_A,PHE_157_A"
PHE_32_A,"ASP_28_A,HIS_31_A,LYS_33_A,THR_36_A,ILE_98_A"
LYS_33_A,"PHE_29_A,PHE_32_A,ALA_34_A,LEU_37_A"
ALA_34_A,"LYS_33_A,LEU_35_A"
LEU_35_A,"HIS_31_A,ALA_34_A,THR_36_A,LYS_39_A,TYR_115_A"
THR_36_A,"ILE_6_A,PHE_32_A,LEU_35_A,LEU_37_A,LYS_39_A"
LEU_37_A,"LYS_33_A,THR_36_A,GLY_38_A"
GLY_38_A,"LEU_37_A,LYS_39_A"
LYS_39_A,"LYS_2_A,LEU_35_A,THR_36_A,GLY_38_A,GLU_94_A"
PRO_40_A,"ILE_41_A,ALA_87_A,ALA_92_A"
ILE_41_A,"PRO_40_A,LEU_42_A,MET_43_A,LEU_55_A,THR_59_A,LEU_61_A"
LEU_42_A,"ILE_41_A,MET_43_A,VAL_77_A,CYS_96_A,ILE_98_A"
MET_43_A,"ILE_41_A,LEU_42_A,GLY_44_A,LEU_61_A,LEU_63_A,ILE_98_A"
GLY_44_A,"MET_43_A,ARG_45_A,GLY_99_A"
ARG_45_A,"GLY_44_A,LYS_46_A,GLU_49_A"
LYS_46_A,"ARG_45_A,THR_47_A,SER_50_A,GLU_102_A"
THR_47_A,"LYS_46_A,ALA_48_A,SER_50_A,ILE_51_A"
ALA_48_A,"THR_47_A,GLU_49_A,PRO_70_A"
GLU_49_A,"ARG_45_A,ALA_48_A,SER_50_A"
SER_50_A,"LYS_46_A,THR_47_A,GLU_49_A,ILE_51_A"
ILE_51_A,"THR_47_A,SER_50_A,GLY_52_A,LEU_55_A"
GLY_52_A,"ILE_51_A,ARG_53_A"
ARG_53_A,"GLY_52_A,VAL_54_A,ARG_58_A"
VAL_54_A,"ARG_53_A,LEU_55_A"
LEU_55_A,"ILE_41_A,ILE_51_A,VAL_54_A,ASN_60_A"
PRO_56_A,"GLY_57_A,ARG_58_A"
GLY_57_A,"PRO_56_A,ARG_58_A"
ARG_58_A,"ARG_53_A,PRO_56_A,GLY_57_A,THR_59_A,ASN_60_A"
THR_59_A,"ILE_41_A,ARG_58_A,ASN_60_A,LEU_61_A,GLU_90_A"
ASN_60_A,"LEU_55_A,ARG_58_A,THR_59_A,LEU_61_A,ARG_75_A"
LEU_61_A,"ILE_41_A,MET_43_A,THR_59_A,ASN_60_A,VAL_62_A"
VAL_62_A,"LEU_61_A,LEU_63_A,ARG_75_A,VAL_77_A"
LEU_63_A,"MET_43_A,VAL_62_A,THR_64_A,ILE_103_A"
THR_64_A,"LEU_63_A,ARG_65_A,SER_66_A,ALA_76_A"
ARG_65_A,"THR_64_A,SER_66_A,GLU_102_A"
SER_66_A,"THR_64_A,ARG_65_A,GLY_67_A"
GLY_67_A,"SER_66_A,GLN_68_A"
GLN_68_A,"GLY_67_A,VAL_69_A"
VAL_69_A,"GLN_68_A,MET_74_A,ALA_76_A"
PRO_70_A,"ALA_48_A,PHE_71_A"
PHE_71_A,"PRO_70_A,GLU_72_A,MET_74_A"
GLU_72_A,"PHE_71_A,GLY_73_A"
GLY_73_A,"GLU_72_A,MET_74_A"
MET_74_A,"VAL_69_A,PHE_71_A,GLY_73_A,ARG_75_A"
ARG_75_A,"ASN_60_A,VAL_62_A,MET_74_A,ALA_76_A,GLU_82_A"
ALA_76_A,"THR_64_A,VAL_69_A,ARG_75_A,VAL_77_A"
VAL_77_A,"LEU_42_A,VAL_62_A,ALA_76_A,ALA_78_A,ILE_86_A"
ALA_78_A,"VAL_77_A,SER_79_A,GLU_82_A"
SER_79_A,"ALA_78_A,LEU_80_A"
LEU_80_A,"LEU_3_A,SER_79_A,ASP_81_A,LYS_84_A"
ASP_81_A,"LEU_80_A,GLU_82_A,LYS_84_A,THR_85_A"
GLU_82_A,"ARG_75_A,ALA_78_A,ASP_81_A,ALA_83_A,ILE_86_A"
ALA_83_A,"GLU_82_A,LYS_84_A,ALA_87_A"
LYS_84_A,"LEU_80_A,ASP_81_A,ALA_83_A,THR_85_A,GLU_88_A"
THR_85_A,"ASP_81_A,LYS_84_A,ILE_86_A,GLY_89_A"
ILE_86_A,"VAL_77_A,GLU_82_A,THR_85_A,ALA_87_A"
ALA_87_A,"PRO_40_A,ALA_83_A,ILE_86_A,GLU_88_A"
GLU_88_A,"LYS_84_A,ALA_87_A,GLY_89_A"
GLY_89_A,"THR_85_A,GLU_88_A,GLU_90_A"
GLU_90_A,"THR_59_A,GLY_89_A,GLY_91_A"
GLY_91_A,"GLU_90_A,ALA_92_A"
ALA_92_A,"PRO_40_A,GLY_91_A,SER_93_A"
SER_93_A,"ALA_92_A,GLU_94_A"
GLU_94_A,"LYS_2_A,SER_4_A,LYS_39_A,SER_93_A,LEU_95_A"
LEU_95_A,"LYS_2_A,LEU_3_A,GLU_94_A,CYS_96_A"
CYS_96_A,"LEU_42_A,LEU_95_A,ILE_97_A"
ILE_97_A,"LEU_3_A,SER_4_A,ILE_6_A,CYS_96_A,ILE_98_A,ILE_103_A,LEU_107_A"
ILE_98_A,"PHE_32_A,LEU_42_A,MET_43_A,ILE_97_A,GLY_99_A"
GLY_99_A,"GLY_44_A,ILE_98_A,GLY_100_A"
GLY_100_A,"GLY_99_A,GLY_101_A,PHE_104_A"
GLY_101_A,"GLY_100_A,GLU_102_A,HIS_105_A"
GLU_102_A,"LYS_46_A,ARG_65_A,GLY_101_A,ILE_103_A,GLN_106_A"
ILE_103_A,"LEU_63_A,ILE_97_A,GLU_102_A,PHE_104_A,LEU_107_A"
PHE_104_A,"VAL_7_A,GLY_100_A,ILE_103_A,HIS_105_A,PHE_129_A"
HIS_105_A,"GLY_101_A,PHE_104_A,GLN_106_A"
GLN_106_A,"GLU_102_A,HIS_105_A,LEU_107_A"
LEU_107_A,"MET_5_A,ILE_97_A,ILE_103_A,GLN_106_A,LEU_108_A,GLN_110_A"
LEU_108_A,"LEU_107_A,ASP_109_A,ARG_162_A"
ASP_109_A,"LEU_108_A,GLN_110_A,ARG_162_A"
GLN_110_A,"LEU_107_A,ASP_109_A,ALA_111_A"
ALA_111_A,"GLN_110_A,SER_112_A,ARG_162_A"
SER_112_A,"LEU_3_A,ALA_111_A,ASP_113_A"
ASP_113_A,"LYS_2_A,MET_5_A,SER_112_A,LEU_114_A,TYR_115_A,HIS_159_A"
LEU_114_A,"ASP_113_A,TYR_115_A,LEU_116_A,TRP_137_A,TYR_160_A"
TYR_115_A,"LYS_2_A,MET_5_A,LEU_35_A,ASP_113_A,LEU_114_A,LEU_116_A,HIS_159_A"
LEU_116_A,"VAL_7_A,LEU_114_A,TYR_115_A,THR_117_A,TRP_118_A,VAL_132_A,ALA_158_A,TYR_160_A"
THR_117_A,"VAL_7_A,LEU_9_A,ASP_28_A,LEU_116_A,TRP_118_A"
TRP_118_A,"LEU_9_A,LEU_116_A,THR_117_A,VAL_119_A,ARG_156_A,TYR_160_A"
VAL_119_A,"LEU_9_A,TRP_23_A,TRP_118_A,ASP_120_A,ALA_121_A,TYR_153_A"
ASP_120_A,"ARG_11_A,VAL_119_A,ALA_121_A,ALA_154_A"
ALA_121_A,"ARG_11_A,VAL_119_A,ASP_120_A,GLU_122_A,TYR_153_A"
GLU_122_A,"ARG_11_A,ALA_121_A,ILE_123_A"
ILE_123_A,"ASP_10_A,TRP_23_A,GLU_122_A"
PRO_124_A,ALA_125_A
ALA_125_A,"PRO_124_A,ASP_126_A"
ASP_126_A,"GLY_16_A,GLY_18_A,ALA_125_A,THR_127_A"
THR_127_A,"ILE_15_A,ASP_126_A,HIS_128_A"
HIS_128_A,"THR_127_A,PHE_129_A"
PHE_129_A,"VAL_7_A,LEU_9_A,ARG_13_A,PHE_104_A,HIS_128_A"
PRO_130_A,GLU_131_A
GLU_131_A,"ARG_13_A,PRO_130_A,VAL_132_A,ASP_133_A"
VAL_132_A,"LEU_116_A,GLU_131_A,ASP_133_A"
ASP_133_A,"GLU_131_A,VAL_132_A,MET_134_A,GLN_135_A,ASP_136_A,TRP_137_A"
MET_134_A,"ASP_133_A,GLN_135_A,ARG_163_A"
GLN_135_A,"ASP_133_A,MET_134_A,ASP_136_A"
ASP_136_A,"ASP_133_A,GLN_135_A,TRP_137_A,ARG_162_A,ARG_163_A"
TRP_137_A,"LEU_114_A,ASP_133_A,ASP_136_A,ARG_138_A"
ARG_138_A,"TRP_137_A,GLU_139_A,VAL_161_A,ARG_163_A"
GLU_139_A,"ARG_138_A,VAL_140_A,ARG_156_A,TYR_160_A"
VAL_140_A,"GLU_139_A,SER_141_A,HIS_159_A,VAL_161_A"
SER_141_A,"VAL_140_A,SER_142_A"
SER_142_A,"SER_141_A,GLU_143_A,ARG_156_A"
GLU_143_A,"SER_142_A,HIS_145_A,PHE_157_A"
PRO_144_A,HIS_145_A
HIS_145_A,"ASP_27_A,GLU_143_A,PRO_144_A,PHE_155_A,PHE_157_A"
PRO_146_A,ALA_147_A
ALA_147_A,"PRO_146_A,ASP_148_A"
ASP_148_A,"ASP_27_A,ALA_147_A,GLU_149_A,ARG_150_A,HIS_151_A"
GLU_149_A,"ASP_148_A,ARG_150_A"
ARG_150_A,"ASP_27_A,LYS_30_A,ASP_148_A,GLU_149_A,HIS_151_A"
HIS_151_A,"ASP_27_A,LYS_30_A,ASP_148_A,ARG_150_A,ALA_152_A,PHE_155_A"
ALA_152_A,"HIS_151_A,TYR_153_A"
TYR_153_A,"VAL_119_A,ALA_121_A,ALA_152_A,ALA_154_A"
ALA_154_A,"ASP_120_A,TYR_153_A,PHE_155_A"
PHE_155_A,"HIS_145_A,HIS_151_A,ALA_154_A,ARG_156_A,PHE_157_A"
ARG_156_A,"TRP_118_A,GLU_139_A,SER_142_A,PHE_155_A,PHE_157_A"
PHE_157_A,"HIS_31_A,GLU_143_A,HIS_145_A,PHE_155_A,ARG_156_A,ALA_158_A"
ALA_158_A,"LEU_116_A,PHE_157_A,HIS_159_A,TYR_160_A"
HIS_159_A,"LYS_2_A,ASP_113_A,TYR_115_A,VAL_140_A,ALA_158_A,TYR_160_A"
TYR_160_A,"LEU_114_A,LEU_116_A,TRP_118_A,GLU_139_A,ALA_158_A,HIS_159_A,VAL_161_A"
VAL_161_A,"ARG_138_A,VAL_140_A,TYR_160_A,ARG_162_A"
ARG_162_A,"LEU_108_A,ASP_109_A,ALA_111_A,ASP_136_A,VAL_161_A,ARG_163_A"
ARG_163_A,"MET_134_A,ASP_136_A,ARG_138_A,ARG_162_A"
