residue_id,neighbors
VAL_12_O,TRP_13_O
TRP_13_O,"VAL_12_O,THR_14_O,LEU_21_O,LEU_40_O,LYS_43_O,ARG_51_O"
THR_14_O,"TRP_13_O,ASN_15_O,GLU_17_O"
ASN_15_O,"THR_14_O,VAL_16_O,GLN_19_O"
VAL_16_O,"ASN_15_O,GLU_17_O,ILE_20_O,LEU_152_O"
GLU_17_O,"THR_14_O,VAL_16_O,ASP_18_O,LEU_21_O,LYS_43_O"
ASP_18_O,"GLU_17_O,GLN_19_O,LYS_22_O,ARG_51_O"
GLN_19_O,"ASN_15_O,ASP_18_O,ILE_20_O,ALA_23_O"
ILE_20_O,"VAL_16_O,GLN_19_O,LEU_21_O,ALA_24_O,LEU_40_O,LEU_152_O,ALA_155_O"
LEU_21_O,"TRP_13_O,GLU_17_O,ILE_20_O,LYS_22_O,VAL_25_O,LEU_40_O"
LYS_22_O,"ASP_18_O,LEU_21_O,ALA_23_O,LEU_56_O"
ALA_23_O,"GLN_19_O,LYS_22_O,ALA_24_O,LYS_27_O,LEU_159_O"
ALA_24_O,"ILE_20_O,ALA_23_O,VAL_25_O,LYS_27_O,TYR_28_O,VAL_36_O,LEU_39_O"
VAL_25_O,"LEU_21_O,ALA_24_O,GLN_26_O,TRP_33_O,TRP_52_O"
GLN_26_O,"VAL_25_O,LYS_27_O"
LYS_27_O,"ALA_23_O,ALA_24_O,GLN_26_O,TYR_28_O"
TYR_28_O,"ALA_24_O,LYS_27_O,GLY_29_O,LYS_35_O"
GLY_29_O,"TYR_28_O,THR_30_O,HIS_31_O,GLN_32_O"
THR_30_O,"GLY_29_O,HIS_31_O,TRP_33_O"
HIS_31_O,"GLY_29_O,THR_30_O,GLN_32_O"
GLN_32_O,"GLY_29_O,HIS_31_O,TRP_33_O"
TRP_33_O,"VAL_25_O,THR_30_O,GLN_32_O,SER_34_O,VAL_36_O,GLU_49_O,TRP_52_O"
SER_34_O,"TRP_33_O,LYS_35_O,SER_38_O"
LYS_35_O,"TYR_28_O,SER_34_O,VAL_36_O,SER_38_O,LEU_39_O"
VAL_36_O,"ALA_24_O,TRP_33_O,LYS_35_O,ALA_37_O"
ALA_37_O,"VAL_36_O,SER_38_O,ALA_45_O"
SER_38_O,"SER_34_O,LYS_35_O,ALA_37_O,LEU_39_O"
LEU_39_O,"ALA_24_O,LYS_35_O,SER_38_O,LEU_40_O,ARG_158_O,LEU_159_O"
LEU_40_O,"TRP_13_O,ILE_20_O,LEU_21_O,LEU_39_O,GLN_41_O,LYS_42_O"
GLN_41_O,"LEU_40_O,LYS_42_O"
LYS_42_O,"LEU_40_O,GLN_41_O,LYS_43_O,GLU_147_O"
LYS_43_O,"TRP_13_O,GLU_17_O,LYS_42_O,THR_44_O"
THR_44_O,"LYS_43_O,ALA_45_O,SER_48_O"
ALA_45_O,"ALA_37_O,THR_44_O,ARG_46_O"
ARG_46_O,"ALA_45_O,GLN_47_O"
GLN_47_O,"ARG_46_O,SER_48_O,ARG_51_O"
SER_48_O,"THR_44_O,GLN_47_O,GLU_49_O,TRP_52_O"
GLU_49_O,"TRP_33_O,SER_48_O,LEU_50_O,ASN_53_O"
LEU_50_O,"GLU_49_O,ARG_51_O,GLU_54_O"
ARG_51_O,"TRP_13_O,ASP_18_O,GLN_47_O,LEU_50_O,TRP_52_O,GLU_54_O,TYR_55_O,LEU_56_O"
TRP_52_O,"VAL_25_O,TRP_33_O,SER_48_O,ARG_51_O,ASN_53_O,LEU_56_O,ASN_57_O"
ASN_53_O,"GLU_49_O,TRP_52_O,GLU_54_O"
GLU_54_O,"LEU_50_O,ARG_51_O,ASN_53_O,TYR_55_O"
TYR_55_O,"ARG_51_O,GLU_54_O,LEU_56_O,PHE_62_O"
LEU_56_O,"LYS_22_O,ARG_51_O,TRP_52_O,TYR_55_O,ASN_57_O"
ASN_57_O,"TRP_52_O,LEU_56_O"
PRO_58_O,LYS_59_O
LYS_59_O,"PRO_58_O,LEU_60_O"
LEU_60_O,"LYS_59_O,ASN_61_O,PRO_94_O"
ASN_61_O,"LEU_60_O,PHE_62_O"
PHE_62_O,"TYR_55_O,ASN_61_O,THR_63_O,VAL_97_O"
THR_63_O,"PHE_62_O,GLU_64_O"
GLU_64_O,"THR_63_O,PHE_65_O"
PHE_65_O,"GLU_64_O,SER_66_O,GLU_69_O"
SER_66_O,"PHE_65_O,LYS_67_O"
LYS_67_O,"SER_66_O,GLU_68_O,ALA_71_O"
GLU_68_O,"LYS_67_O,GLU_69_O,GLN_72_O"
GLU_69_O,"PHE_65_O,GLU_68_O,ASP_70_O,LEU_73_O,ARG_93_O,ARG_101_O"
ASP_70_O,"GLU_69_O,ALA_71_O,LEU_74_O,ARG_101_O"
ALA_71_O,"LYS_67_O,ASP_70_O,GLN_72_O,ASP_75_O"
GLN_72_O,"GLU_68_O,ALA_71_O,LEU_73_O,LEU_76_O,MET_91_O"
LEU_73_O,"GLU_69_O,GLN_72_O,LEU_74_O,ALA_77_O,TRP_84_O"
LEU_74_O,"ASP_70_O,LEU_73_O,ASP_75_O,ARG_78_O"
ASP_75_O,"ALA_71_O,LEU_74_O,LEU_76_O,ARG_78_O,GLU_79_O"
LEU_76_O,"GLN_72_O,ASP_75_O,ALA_77_O,LEU_80_O,MET_90_O"
ALA_77_O,"LEU_73_O,LEU_76_O,ARG_78_O,TRP_84_O,TYR_102_O"
ARG_78_O,"LEU_74_O,ASP_75_O,ALA_77_O,GLU_79_O"
GLU_79_O,"ASP_75_O,ARG_78_O,LEU_80_O"
LEU_80_O,"LEU_76_O,GLU_79_O,ASN_82_O,GLN_83_O"
PRO_81_O,ASN_82_O
ASN_82_O,"LEU_80_O,PRO_81_O,GLN_83_O"
GLN_83_O,"LEU_80_O,ASN_82_O,TRP_84_O,THR_86_O"
TRP_84_O,"LEU_73_O,ALA_77_O,GLN_83_O,ARG_85_O,ILE_87_O,ALA_88_O,VAL_99_O,TYR_102_O"
ARG_85_O,"TRP_84_O,THR_86_O,ASP_89_O"
THR_86_O,"GLN_83_O,ARG_85_O,ILE_87_O,MET_90_O"
ILE_87_O,"TRP_84_O,THR_86_O,ALA_88_O,MET_91_O"
ALA_88_O,"TRP_84_O,ILE_87_O,ASP_89_O,ALA_92_O"
ASP_89_O,"ARG_85_O,ALA_88_O,MET_90_O"
MET_90_O,"LEU_76_O,THR_86_O,ASP_89_O,MET_91_O"
MET_91_O,"GLN_72_O,ILE_87_O,MET_90_O,ALA_92_O"
ALA_92_O,"ALA_88_O,MET_91_O,ARG_93_O"
ARG_93_O,"GLU_69_O,ALA_92_O,ARG_101_O"
PRO_94_O,"LEU_60_O,ALA_95_O"
ALA_95_O,"PRO_94_O,GLN_96_O,VAL_99_O"
GLN_96_O,"ALA_95_O,VAL_97_O,GLU_100_O"
VAL_97_O,"PHE_62_O,GLN_96_O,CYS_98_O,ARG_101_O"
CYS_98_O,"VAL_97_O,VAL_99_O,TYR_102_O"
VAL_99_O,"TRP_84_O,ALA_95_O,CYS_98_O,GLU_100_O,ASN_103_O"
GLU_100_O,"GLN_96_O,VAL_99_O,ARG_101_O,ARG_104_O"
ARG_101_O,"GLU_69_O,ASP_70_O,ARG_93_O,VAL_97_O,GLU_100_O,TYR_102_O,LEU_105_O"
TYR_102_O,"ALA_77_O,TRP_84_O,CYS_98_O,ARG_101_O,ASN_103_O"
ASN_103_O,"VAL_99_O,TYR_102_O,ARG_104_O"
ARG_104_O,"GLU_100_O,ASN_103_O,LEU_105_O"
LEU_105_O,"ARG_101_O,ARG_104_O"
LEU_144_O,GLU_145_O
GLU_145_O,"LEU_144_O,ASP_146_O,LYS_149_O"
ASP_146_O,"GLU_145_O,GLU_147_O,GLU_150_O"
GLU_147_O,"LYS_42_O,ASP_146_O,GLU_148_O,MET_151_O"
GLU_148_O,"GLU_147_O,LYS_149_O,LEU_152_O"
LYS_149_O,"GLU_145_O,GLU_148_O,GLU_150_O"
GLU_150_O,"ASP_146_O,LYS_149_O,MET_151_O,GLU_154_O"
MET_151_O,"GLU_147_O,GLU_150_O,LEU_152_O,ALA_155_O"
LEU_152_O,"VAL_16_O,ILE_20_O,GLU_148_O,MET_151_O,ALA_153_O,ARG_156_O"
ALA_153_O,"LEU_152_O,GLU_154_O"
GLU_154_O,"GLU_150_O,ALA_153_O,ALA_155_O,ARG_158_O"
ALA_155_O,"ILE_20_O,MET_151_O,GLU_154_O,ARG_156_O,LEU_159_O"
ARG_156_O,"LEU_152_O,ALA_155_O,ALA_157_O"
ALA_157_O,"ARG_156_O,ARG_158_O"
ARG_158_O,"LEU_39_O,GLU_154_O,ALA_157_O,LEU_159_O"
LEU_159_O,"ALA_23_O,LEU_39_O,ALA_155_O,ARG_158_O,LEU_160_O"
LEU_160_O,"LEU_159_O,ASN_161_O"
ASN_161_O,"LEU_160_O,THR_162_O"
THR_162_O,"ASN_161_O,GLN_163_O"
GLN_163_O,"THR_162_O,GLY_164_O"
GLY_164_O,"GLN_163_O,LYS_165_O,THR_168_O"
LYS_165_O,"GLY_164_O,LYS_166_O,ARG_169_O"
LYS_166_O,"LYS_165_O,ALA_167_O,ARG_169_O"
ALA_167_O,"LYS_166_O,THR_168_O"
THR_168_O,"GLY_164_O,ALA_167_O,ARG_169_O"
ARG_169_O,"LYS_165_O,LYS_166_O,THR_168_O,LYS_170_O,GLU_173_O"
LYS_170_O,"ARG_169_O,ILE_171_O,ARG_174_O"
ILE_171_O,"LYS_170_O,ARG_172_O,MET_175_O"
ARG_172_O,"ILE_171_O,GLU_173_O,LEU_176_O"
GLU_173_O,"ARG_169_O,ARG_172_O,ARG_174_O,GLU_177_O"
ARG_174_O,"LYS_170_O,GLU_173_O,MET_175_O,GLU_178_O"
MET_175_O,"ILE_171_O,ARG_174_O,LEU_176_O,SER_179_O"
LEU_176_O,"ARG_172_O,MET_175_O,GLU_177_O,LYS_180_O"
GLU_177_O,"GLU_173_O,LEU_176_O,GLU_178_O,LYS_180_O,ARG_181_O,LYS_201_O"
GLU_178_O,"ARG_174_O,GLU_177_O,SER_179_O,ARG_181_O,ILE_182_O"
SER_179_O,"MET_175_O,GLU_178_O,LYS_180_O,ALA_183_O"
LYS_180_O,"LEU_176_O,GLU_177_O,SER_179_O,ARG_181_O,GLU_184_O"
ARG_181_O,"GLU_177_O,GLU_178_O,LYS_180_O,ILE_182_O,LEU_185_O"
ILE_182_O,"GLU_178_O,ARG_181_O,ALA_183_O,GLN_186_O"
ALA_183_O,"SER_179_O,ILE_182_O,GLU_184_O,LYS_187_O"
GLU_184_O,"LYS_180_O,ALA_183_O,LEU_185_O,ARG_188_O"
LEU_185_O,"ARG_181_O,GLU_184_O,GLN_186_O,ARG_189_O"
GLN_186_O,"ILE_182_O,LEU_185_O,LYS_187_O,GLU_190_O"
LYS_187_O,"ALA_183_O,GLN_186_O,ARG_188_O,LEU_191_O"
ARG_188_O,"GLU_184_O,LYS_187_O,ARG_189_O,LYS_192_O,ILE_196_O"
ARG_189_O,"LEU_185_O,ARG_188_O,GLU_190_O,LYS_192_O"
GLU_190_O,"GLN_186_O,ARG_189_O,LEU_191_O"
LEU_191_O,"LYS_187_O,GLU_190_O,LYS_192_O"
LYS_192_O,"ARG_188_O,ARG_189_O,LEU_191_O,GLN_193_O"
GLN_193_O,"LYS_192_O,ALA_194_O"
ALA_194_O,"GLN_193_O,GLY_195_O"
GLY_195_O,"ALA_194_O,ILE_196_O"
ILE_196_O,"ARG_188_O,GLY_195_O,ASN_197_O"
ASN_197_O,"ILE_196_O,VAL_198_O"
VAL_198_O,"ASN_197_O,ALA_199_O"
ALA_199_O,"VAL_198_O,ILE_200_O"
ILE_200_O,"ALA_199_O,LYS_201_O"
LYS_201_O,"GLU_177_O,ILE_200_O,LYS_202_O"
LYS_202_O,"LYS_201_O,LYS_204_O"
PRO_203_O,LYS_204_O
LYS_204_O,"LYS_202_O,PRO_203_O,LYS_205_O,TYR_207_O"
LYS_205_O,"LYS_204_O,LYS_206_O"
LYS_206_O,"LYS_205_O,TYR_207_O"
TYR_207_O,"LYS_204_O,LYS_206_O,GLY_208_O"
GLY_208_O,"TYR_207_O,THR_209_O"
THR_209_O,"GLY_208_O,ASP_210_O"
ASP_210_O,"THR_209_O,ILE_211_O,GLU_215_O"
ILE_211_O,"ASP_210_O,ASP_212_O"
ASP_212_O,"ILE_211_O,TYR_213_O,ASN_214_O"
TYR_213_O,"ASP_212_O,ASN_214_O"
ASN_214_O,"ASP_212_O,TYR_213_O,GLU_215_O,ILE_217_O"
GLU_215_O,"ASP_210_O,ASN_214_O,ASP_216_O,ILE_217_O"
ASP_216_O,"GLU_215_O,ILE_217_O"
ILE_217_O,"ASN_214_O,GLU_215_O,ASP_216_O,VAL_218_O"
VAL_218_O,"ILE_217_O,TYR_219_O"
TYR_219_O,"VAL_218_O,GLU_220_O"
GLU_220_O,"TYR_219_O,GLN_221_O,ASP_234_O"
GLN_221_O,"GLU_220_O,ALA_222_O"
ALA_222_O,GLN_221_O
PRO_223_O,MET_224_O
MET_224_O,"PRO_223_O,GLY_226_O"
PRO_225_O,GLY_226_O
GLY_226_O,"MET_224_O,PRO_225_O,ILE_227_O"
ILE_227_O,"GLY_226_O,TYR_228_O"
TYR_228_O,"ILE_227_O,ASP_229_O,SER_231_O"
ASP_229_O,"TYR_228_O,THR_230_O,THR_232_O,GLU_233_O"
THR_230_O,"ASP_229_O,SER_231_O,ASP_234_O"
SER_231_O,"TYR_228_O,THR_230_O,THR_232_O,ARG_235_O"
THR_232_O,"ASP_229_O,SER_231_O,GLU_233_O,GLN_236_O"
GLU_233_O,"ASP_229_O,THR_232_O,ASP_234_O,ILE_237_O"
ASP_234_O,"GLU_220_O,THR_230_O,GLU_233_O,ARG_235_O,LYS_238_O"
ARG_235_O,"SER_231_O,ASP_234_O,GLN_236_O,LYS_238_O,LYS_239_O"
GLN_236_O,"THR_232_O,ARG_235_O,ILE_237_O"
ILE_237_O,"GLU_233_O,GLN_236_O,LYS_238_O"
LYS_238_O,"ASP_234_O,ARG_235_O,ILE_237_O,LYS_239_O"
LYS_239_O,"ARG_235_O,LYS_238_O,LYS_240_O"
LYS_240_O,"LYS_239_O,PHE_241_O"
PHE_241_O,"LYS_240_O,GLU_242_O,GLU_245_O"
GLU_242_O,"PHE_241_O,GLN_243_O,ARG_246_O"
GLN_243_O,"GLU_242_O,PHE_244_O,LYS_247_O"
PHE_244_O,"GLN_243_O,GLU_245_O"
GLU_245_O,"PHE_241_O,PHE_244_O,ARG_246_O"
ARG_246_O,"GLU_242_O,GLU_245_O,LYS_247_O"
LYS_247_O,"GLN_243_O,ARG_246_O"
THR_506_O,"GLU_507_O,LEU_510_O"
GLU_507_O,"THR_506_O,VAL_508_O,GLU_511_O"
VAL_508_O,"GLU_507_O,LEU_509_O,SER_512_O"
LEU_509_O,"VAL_508_O,LEU_510_O,SER_512_O,ILE_513_O"
LEU_510_O,"THR_506_O,LEU_509_O,GLU_511_O"
GLU_511_O,"GLU_507_O,LEU_510_O,SER_512_O,SER_515_O"
SER_512_O,"VAL_508_O,LEU_509_O,GLU_511_O,ILE_513_O,LYS_516_O"
ILE_513_O,"LEU_509_O,SER_512_O,GLN_514_O"
GLN_514_O,"ILE_513_O,SER_515_O,GLU_518_O"
SER_515_O,"GLU_511_O,GLN_514_O,LYS_516_O"
LYS_516_O,"SER_512_O,SER_515_O,VAL_517_O,ILE_520_O"
VAL_517_O,"LYS_516_O,GLU_518_O,GLU_521_O"
GLU_518_O,"GLN_514_O,VAL_517_O,SER_519_O,GLN_522_O"
SER_519_O,"GLU_518_O,ILE_520_O,LEU_523_O"
ILE_520_O,"LYS_516_O,SER_519_O,GLU_521_O,GLN_524_O"
GLU_521_O,"VAL_517_O,ILE_520_O,GLN_522_O,ARG_525_O"
GLN_522_O,"GLU_518_O,GLU_521_O,LEU_523_O,LYS_526_O"
LEU_523_O,"SER_519_O,GLN_522_O,GLN_524_O,LEU_527_O"
GLN_524_O,"ILE_520_O,LEU_523_O,ARG_525_O,GLN_528_O"
ARG_525_O,"GLU_521_O,GLN_524_O,LYS_526_O"
LYS_526_O,"GLN_522_O,ARG_525_O,LEU_527_O"
LEU_527_O,"LEU_523_O,LYS_526_O,GLN_528_O,VAL_530_O"
GLN_528_O,"GLN_524_O,LEU_527_O,HIS_529_O,GLN_531_O"
HIS_529_O,"GLN_528_O,VAL_530_O,GLN_531_O"
VAL_530_O,"LEU_527_O,HIS_529_O,GLN_531_O,LEU_533_O,GLU_534_O"
GLN_531_O,"GLN_528_O,HIS_529_O,VAL_530_O,GLN_535_O"
PRO_532_O,"LEU_533_O,GLN_536_O"
LEU_533_O,"VAL_530_O,PRO_532_O,GLU_534_O,ASN_537_O"
GLU_534_O,"VAL_530_O,LEU_533_O,GLN_535_O,ASN_538_O"
GLN_535_O,"GLN_531_O,GLU_534_O,GLN_536_O,GLU_539_O"
GLN_536_O,"PRO_532_O,GLN_535_O,ASN_537_O"
ASN_537_O,"LEU_533_O,GLN_536_O,ASN_538_O"
ASN_538_O,"GLU_534_O,ASN_537_O,GLU_539_O"
GLU_539_O,"GLN_535_O,ASN_538_O,MET_540_O"
MET_540_O,"GLU_539_O,CYS_541_O"
CYS_541_O,"MET_540_O,SER_542_O"
SER_542_O,"CYS_541_O,THR_543_O"
THR_543_O,"SER_542_O,LEU_544_O,SER_548_O"
LEU_544_O,"THR_543_O,CYS_545_O"
CYS_545_O,"LEU_544_O,HIS_546_O"
HIS_546_O,"CYS_545_O,HIS_547_O"
HIS_547_O,"HIS_546_O,SER_548_O"
SER_548_O,"THR_543_O,HIS_547_O,LEU_549_O"
LEU_549_O,"SER_548_O,LEU_552_O,ILE_553_O"
PRO_550_O,"ALA_551_O,GLU_554_O"
ALA_551_O,"PRO_550_O,LEU_552_O"
LEU_552_O,"LEU_549_O,ALA_551_O,ILE_553_O"
ILE_553_O,"LEU_549_O,LEU_552_O,GLU_554_O"
GLU_554_O,"PRO_550_O,ILE_553_O,GLY_555_O"
GLY_555_O,"GLU_554_O,GLN_556_O,TYR_559_O"
GLN_556_O,"GLY_555_O,ARG_557_O,TYR_560_O"
ARG_557_O,"GLN_556_O,LYS_558_O,ALA_561_O"
LYS_558_O,"ARG_557_O,TYR_559_O,ASP_562_O"
TYR_559_O,"GLY_555_O,LYS_558_O,TYR_560_O,TYR_563_O"
TYR_560_O,"GLN_556_O,TYR_559_O,ALA_561_O"
ALA_561_O,"ARG_557_O,TYR_560_O,ASP_562_O"
ASP_562_O,"LYS_558_O,ALA_561_O,TYR_563_O"
TYR_563_O,"TYR_559_O,ASP_562_O,TYR_564_O"
TYR_564_O,"TYR_563_O,ALA_565_O,TYR_566_O"
ALA_565_O,"TYR_564_O,TYR_566_O"
TYR_566_O,"TYR_564_O,ALA_565_O,ARG_567_O,ILE_570_O"
ARG_567_O,"TYR_566_O,GLN_568_O"
GLN_568_O,"ARG_567_O,GLU_569_O"
GLU_569_O,"GLN_568_O,ILE_570_O,ARG_571_O,SER_572_O"
ILE_570_O,"TYR_566_O,GLU_569_O,ARG_571_O"
ARG_571_O,"GLU_569_O,ILE_570_O,SER_572_O"
SER_572_O,"GLU_569_O,ARG_571_O,LEU_573_O,ARG_576_O"
LEU_573_O,"SER_572_O,GLU_574_O,ARG_576_O,ARG_577_O"
GLU_574_O,"LEU_573_O,GLY_575_O,LYS_578_O"
GLY_575_O,"GLU_574_O,ARG_576_O"
ARG_576_O,"SER_572_O,LEU_573_O,GLY_575_O,ARG_577_O"
ARG_577_O,"LEU_573_O,ARG_576_O,LYS_578_O,LEU_580_O,GLN_581_O"
LYS_578_O,"GLU_574_O,ARG_577_O,ARG_579_O"
ARG_579_O,"LYS_578_O,LEU_580_O,MET_583_O"
LEU_580_O,"ARG_577_O,ARG_579_O,GLN_581_O,LEU_584_O"
GLN_581_O,"ARG_577_O,LEU_580_O,ALA_582_O"
ALA_582_O,"GLN_581_O,MET_583_O"
MET_583_O,"ARG_579_O,ALA_582_O,LEU_584_O"
LEU_584_O,"LEU_580_O,MET_583_O,ASN_585_O"
ASN_585_O,"LEU_584_O,SER_586_O"
SER_586_O,"ASN_585_O,SER_587_O"
SER_587_O,"SER_586_O,SER_588_O"
SER_588_O,"SER_587_O,SER_589_O"
SER_589_O,"SER_588_O,ILE_590_O"
ILE_590_O,SER_589_O
