residue_id,neighbors
GLU_4_A,GLN_5_A
GLN_5_A,"GLU_4_A,PHE_6_A"
PHE_6_A,"GLN_5_A,ARG_7_A"
ARG_7_A,"PHE_6_A,GLU_8_A,ASP_10_A"
GLU_8_A,"ARG_7_A,THR_9_A"
THR_9_A,"GLU_8_A,ASP_10_A,VAL_11_A"
ASP_10_A,"ARG_7_A,THR_9_A,VAL_11_A"
VAL_11_A,"THR_9_A,ASP_10_A,ALA_12_A"
ALA_12_A,"VAL_11_A,LYS_13_A"
LYS_13_A,"ALA_12_A,LYS_14_A"
LYS_14_A,"LYS_13_A,ILE_15_A"
ILE_15_A,"LYS_14_A,SER_16_A,VAL_1340_A,MET_1349_A"
SER_16_A,"ILE_15_A,HIS_17_A"
HIS_17_A,"SER_16_A,ILE_18_A,LYS_1337_A"
ILE_18_A,"HIS_17_A,CYS_19_A,PHE_20_A,ASP_1338_A,MET_1349_A"
CYS_19_A,"ILE_18_A,PHE_20_A"
PHE_20_A,"ILE_18_A,CYS_19_A,GLY_21_A,LEU_1328_A"
GLY_21_A,"PHE_20_A,MET_22_A"
MET_22_A,"GLY_21_A,LYS_23_A,MET_240_A"
LYS_23_A,"MET_22_A,SER_24_A,GLU_27_A"
SER_24_A,"LYS_23_A,GLU_26_A,GLU_27_A"
PRO_25_A,"GLU_26_A,THR_253_A,ARG_254_A"
GLU_26_A,"SER_24_A,PRO_25_A,GLU_27_A,ARG_29_A"
GLU_27_A,"LYS_23_A,SER_24_A,GLU_26_A,MET_28_A,LYS_246_A,ASP_249_A"
MET_28_A,"GLU_27_A,ARG_29_A"
ARG_29_A,"GLU_26_A,MET_28_A,GLN_30_A,TYR_85_A,ASP_87_A,ARG_254_A"
GLN_30_A,"ARG_29_A,GLN_31_A"
GLN_31_A,"GLN_30_A,ALA_32_A"
ALA_32_A,"GLN_31_A,HIS_33_A,TYR_85_A"
HIS_33_A,"ALA_32_A,ILE_34_A,HIS_82_A,TYR_83_A"
ILE_34_A,"HIS_33_A,GLN_35_A,TYR_53_A,MET_60_A"
GLN_35_A,"ILE_34_A,VAL_36_A,VAL_37_A,TYR_85_A"
VAL_36_A,"GLN_35_A,VAL_37_A,MET_60_A"
VAL_37_A,"GLN_35_A,VAL_36_A,SER_38_A"
SER_38_A,"VAL_37_A,LYS_39_A,TYR_53_A,GLY_54_A"
LYS_39_A,"SER_38_A,ASN_40_A,LEU_41_A,ASP_45_A"
ASN_40_A,"LYS_39_A,LEU_41_A,PHE_288_A"
LEU_41_A,"LYS_39_A,ASN_40_A,TYR_42_A"
TYR_42_A,"LEU_41_A,SER_43_A,GLN_44_A,LEU_56_A,THR_280_A"
SER_43_A,"TYR_42_A,GLN_44_A,LEU_52_A"
GLN_44_A,"TYR_42_A,SER_43_A,ASP_45_A"
ASP_45_A,"LYS_39_A,GLN_44_A,ASN_46_A"
ASN_46_A,"ASP_45_A,GLN_47_A"
GLN_47_A,"ASN_46_A,HIS_48_A"
HIS_48_A,"GLN_47_A,ALA_49_A,ARG_67_A"
ALA_49_A,HIS_48_A
PRO_50_A,LEU_51_A
LEU_51_A,"PRO_50_A,LEU_52_A"
LEU_52_A,"SER_43_A,LEU_51_A,TYR_53_A"
TYR_53_A,"ILE_34_A,SER_38_A,LEU_52_A,GLY_54_A"
GLY_54_A,"SER_38_A,TYR_53_A,VAL_55_A"
VAL_55_A,"GLY_54_A,LEU_56_A,THR_284_A"
LEU_56_A,"TYR_42_A,VAL_55_A,ASP_57_A,LEU_260_A,THR_280_A"
ASP_57_A,"LEU_56_A,HIS_58_A,ARG_59_A"
HIS_58_A,"ASP_57_A,ARG_59_A,ARG_67_A,GLU_70_A"
ARG_59_A,"ASP_57_A,HIS_58_A,MET_60_A,GLU_70_A"
MET_60_A,"ILE_34_A,VAL_36_A,ARG_59_A,GLY_61_A,HIS_82_A"
GLY_61_A,"MET_60_A,THR_62_A"
THR_62_A,"GLY_61_A,SER_63_A,LEU_76_A"
SER_63_A,"THR_62_A,GLU_64_A,PRO_264_A"
GLU_64_A,"SER_63_A,LYS_65_A,ASP_66_A,ARG_67_A"
LYS_65_A,"GLU_64_A,ASP_66_A"
ASP_66_A,"GLU_64_A,LYS_65_A,ARG_67_A"
ARG_67_A,"HIS_48_A,HIS_58_A,GLU_64_A,ASP_66_A"
PRO_68_A,CYS_69_A
CYS_69_A,"PRO_68_A,GLU_70_A"
GLU_70_A,"HIS_58_A,ARG_59_A,CYS_69_A,THR_71_A"
THR_71_A,"GLU_70_A,CYS_72_A"
CYS_72_A,"THR_71_A,GLY_73_A"
GLY_73_A,"CYS_72_A,LYS_74_A"
LYS_74_A,"GLY_73_A,ASN_75_A,CYS_79_A"
ASN_75_A,"LYS_74_A,LEU_76_A"
LEU_76_A,"THR_62_A,ASN_75_A,ALA_77_A"
ALA_77_A,"LEU_76_A,ASP_78_A"
ASP_78_A,"ALA_77_A,CYS_79_A"
CYS_79_A,"LYS_74_A,ASP_78_A,LEU_80_A"
LEU_80_A,"CYS_79_A,GLY_81_A"
GLY_81_A,"LEU_80_A,HIS_82_A"
HIS_82_A,"HIS_33_A,MET_60_A,GLY_81_A,TYR_83_A"
TYR_83_A,"HIS_33_A,HIS_82_A,GLY_84_A,LEU_256_A"
GLY_84_A,"TYR_83_A,TYR_85_A,VAL_257_A"
TYR_85_A,"ARG_29_A,ALA_32_A,GLN_35_A,GLY_84_A,ILE_86_A"
ILE_86_A,"TYR_85_A,ASP_87_A,LEU_255_A,ILE_286_A,ILE_287_A"
ASP_87_A,"ARG_29_A,ILE_86_A,LEU_88_A,ARG_254_A,ASN_290_A"
LEU_88_A,"ASP_87_A,GLU_89_A,THR_253_A"
GLU_89_A,"LEU_88_A,LEU_90_A,ASN_290_A,ILE_293_A,LYS_294_A,ARG_297_A"
LEU_90_A,"GLU_89_A,ILE_293_A,TRP_310_A"
PRO_91_A,"CYS_92_A,LEU_224_A"
CYS_92_A,"PRO_91_A,PHE_93_A,LEU_252_A"
PHE_93_A,"CYS_92_A,HIS_94_A,PHE_98_A,VAL_101_A,ILE_251_A,GLN_314_A"
HIS_94_A,"PHE_93_A,VAL_95_A,TYR_97_A"
VAL_95_A,"HIS_94_A,GLY_96_A"
GLY_96_A,"VAL_95_A,TYR_97_A"
TYR_97_A,"HIS_94_A,GLY_96_A,PHE_98_A,LEU_250_A,PHE_1329_A"
PHE_98_A,"PHE_93_A,TYR_97_A,ARG_99_A,ILE_102_A,LYS_168_A,ILE_174_A"
ARG_99_A,"PHE_98_A,ALA_100_A,LYS_168_A"
ALA_100_A,"ARG_99_A,VAL_101_A,ILE_104_A,TYR_1333_A"
VAL_101_A,"PHE_93_A,ALA_100_A,ILE_102_A,LEU_105_A,PHE_227_A"
ILE_102_A,"PHE_98_A,VAL_101_A,GLY_103_A,VAL_166_A,LYS_168_A,ILE_174_A"
GLY_103_A,"ILE_102_A,ILE_104_A"
ILE_104_A,"ALA_100_A,GLY_103_A,LEU_105_A,MET_107_A,ILE_108_A,PHE_227_A,LEU_250_A,TYR_1333_A"
LEU_105_A,"VAL_101_A,ILE_104_A,GLN_106_A,LYS_110_A,LEU_218_A"
GLN_106_A,"LEU_105_A,MET_107_A,ARG_151_A,VAL_166_A"
MET_107_A,"ILE_104_A,GLN_106_A,ILE_108_A,LEU_238_A"
ILE_108_A,"ILE_104_A,MET_107_A,CYS_109_A,ILE_230_A"
CYS_109_A,"ILE_108_A,LYS_110_A,THR_111_A,HIS_114_A"
LYS_110_A,"LEU_105_A,CYS_109_A,THR_111_A,HIS_176_A"
THR_111_A,"CYS_109_A,LYS_110_A,CYS_112_A"
CYS_112_A,"THR_111_A,CYS_113_A,CYS_159_A"
CYS_113_A,"CYS_112_A,HIS_114_A,ARG_229_A"
HIS_114_A,"CYS_109_A,CYS_113_A,ILE_115_A,HIS_158_A,ASP_234_A"
ILE_115_A,"HIS_114_A,MET_116_A,LEU_117_A,LYS_122_A,ASP_234_A,LEU_237_A,LEU_238_A"
MET_116_A,"ILE_115_A,LEU_117_A"
LEU_117_A,"ILE_115_A,MET_116_A,SER_118_A,LYS_122_A,LEU_237_A"
SER_118_A,"LEU_117_A,GLN_119_A,GLU_120_A,GLU_121_A"
GLN_119_A,"SER_118_A,GLU_120_A"
GLU_120_A,"SER_118_A,GLN_119_A,GLU_121_A,LYS_123_A,GLN_124_A"
GLU_121_A,"SER_118_A,GLU_120_A,LYS_122_A,PHE_125_A,LYS_149_A,LYS_153_A,HIS_157_A"
LYS_122_A,"ILE_115_A,LEU_117_A,GLU_121_A,LYS_123_A,LEU_126_A,HIS_158_A,ASP_234_A,LEU_237_A"
LYS_123_A,"GLU_120_A,LYS_122_A,GLN_124_A"
GLN_124_A,"GLU_120_A,LYS_123_A,PHE_125_A"
PHE_125_A,"GLU_121_A,GLN_124_A,LEU_126_A,ILE_146_A,LYS_149_A,LEU_237_A"
LEU_126_A,"LYS_122_A,PHE_125_A,ASP_127_A,LEU_237_A"
ASP_127_A,"LEU_126_A,TYR_128_A,ARG_131_A"
TYR_128_A,"ASP_127_A,LEU_129_A,LEU_142_A"
LEU_129_A,"TYR_128_A,LYS_130_A,LEU_142_A"
LYS_130_A,"LEU_129_A,ARG_131_A"
ARG_131_A,"ASP_127_A,LYS_130_A"
PRO_132_A,GLY_133_A
GLY_133_A,"PRO_132_A,LEU_134_A"
LEU_134_A,"GLY_133_A,THR_135_A"
THR_135_A,"LEU_134_A,TYR_136_A,LEU_137_A,GLN_138_A"
TYR_136_A,"THR_135_A,LEU_137_A,ARG_140_A,ALA_1331_A,GLN_1336_A"
LEU_137_A,"THR_135_A,TYR_136_A,GLN_138_A"
GLN_138_A,"THR_135_A,LEU_137_A,LYS_139_A"
LYS_139_A,"GLN_138_A,ARG_140_A,LEU_142_A"
ARG_140_A,"TYR_136_A,LYS_139_A,GLY_141_A,ASP_1330_A"
GLY_141_A,"ARG_140_A,LEU_142_A"
LEU_142_A,"TYR_128_A,LEU_129_A,LYS_139_A,GLY_141_A,LYS_143_A,LYS_145_A,ILE_146_A"
LYS_143_A,"LEU_142_A,LYS_144_A,LEU_239_A,TYR_1333_A,PHE_1334_A"
LYS_144_A,"LYS_143_A,LYS_145_A,ASP_148_A"
LYS_145_A,"LEU_142_A,LYS_144_A,ILE_146_A"
ILE_146_A,"PHE_125_A,LEU_142_A,LYS_145_A,SER_147_A,LEU_237_A"
SER_147_A,"ILE_146_A,ASP_148_A"
ASP_148_A,"LYS_144_A,SER_147_A,LYS_149_A,ARG_151_A"
LYS_149_A,"GLU_121_A,PHE_125_A,ASP_148_A,CYS_150_A"
CYS_150_A,"LYS_149_A,ARG_151_A"
ARG_151_A,"GLN_106_A,ASP_148_A,CYS_150_A,LYS_152_A"
LYS_152_A,"ARG_151_A,LYS_153_A"
LYS_153_A,"GLU_121_A,LYS_152_A,ASN_154_A,HIS_157_A"
ASN_154_A,"LYS_153_A,ILE_155_A,PHE_162_A,ASN_163_A"
ILE_155_A,"ASN_154_A,CYS_156_A"
CYS_156_A,"ILE_155_A,HIS_157_A"
HIS_157_A,"GLU_121_A,LYS_153_A,CYS_156_A,HIS_158_A"
HIS_158_A,"HIS_114_A,LYS_122_A,HIS_157_A,CYS_159_A,ASP_234_A"
CYS_159_A,"CYS_112_A,HIS_158_A,GLY_160_A"
GLY_160_A,"CYS_159_A,ALA_161_A"
ALA_161_A,"GLY_160_A,PHE_162_A"
PHE_162_A,"ASN_154_A,ALA_161_A,ASN_163_A"
ASN_163_A,"ASN_154_A,PHE_162_A,GLY_164_A"
GLY_164_A,"ASN_163_A,THR_165_A"
THR_165_A,"GLY_164_A,VAL_166_A,LYS_167_A"
VAL_166_A,"ILE_102_A,GLN_106_A,THR_165_A,LYS_167_A,ILE_174_A"
LYS_167_A,"THR_165_A,VAL_166_A,LYS_168_A,ILE_175_A"
LYS_168_A,"PHE_98_A,ARG_99_A,ILE_102_A,LYS_167_A,CYS_169_A"
CYS_169_A,"LYS_168_A,GLY_170_A,ILE_175_A"
GLY_170_A,"CYS_169_A,LEU_171_A"
LEU_171_A,"GLY_170_A,LEU_172_A"
LEU_172_A,"LEU_171_A,LYS_173_A"
LYS_173_A,"LEU_172_A,ILE_174_A,ASP_311_A"
ILE_174_A,"PHE_98_A,ILE_102_A,VAL_166_A,LYS_173_A,ILE_175_A"
ILE_175_A,"LYS_167_A,CYS_169_A,ILE_174_A,HIS_176_A"
HIS_176_A,"LYS_110_A,ILE_175_A,GLU_177_A,GLU_216_A"
GLU_177_A,HIS_176_A
ALA_214_A,GLN_215_A
GLN_215_A,"ALA_214_A,GLU_216_A"
GLU_216_A,"HIS_176_A,GLN_215_A,ASN_217_A"
ASN_217_A,"GLU_216_A,LEU_218_A"
LEU_218_A,"LEU_105_A,ASN_217_A,ASN_219_A,VAL_222_A"
ASN_219_A,"LEU_218_A,LEU_221_A,TRP_310_A"
PRO_220_A,"LEU_221_A,TRP_310_A"
LEU_221_A,"ASN_219_A,PRO_220_A,VAL_222_A,TRP_310_A"
VAL_222_A,"LEU_218_A,LEU_221_A,VAL_223_A"
VAL_223_A,"VAL_222_A,LEU_224_A,PHE_227_A"
LEU_224_A,"PRO_91_A,VAL_223_A,ASN_225_A,LYS_228_A,ILE_251_A"
ASN_225_A,"LEU_224_A,LEU_226_A"
LEU_226_A,"ASN_225_A,PHE_227_A"
PHE_227_A,"VAL_101_A,ILE_104_A,VAL_223_A,LEU_226_A,LYS_228_A"
LYS_228_A,"LEU_224_A,PHE_227_A,ARG_229_A"
ARG_229_A,"CYS_113_A,LYS_228_A,ILE_230_A"
ILE_230_A,"ILE_108_A,ARG_229_A,PRO_247_A"
PRO_231_A,"ALA_232_A,ASP_234_A"
ALA_232_A,"PRO_231_A,GLU_233_A"
GLU_233_A,"ALA_232_A,ASP_234_A"
ASP_234_A,"HIS_114_A,ILE_115_A,LYS_122_A,HIS_158_A,PRO_231_A,GLU_233_A,VAL_235_A"
VAL_235_A,"ASP_234_A,PRO_242_A"
PRO_236_A,"LEU_237_A,LEU_239_A"
LEU_237_A,"ILE_115_A,LEU_117_A,LYS_122_A,PHE_125_A,LEU_126_A,ILE_146_A,PRO_236_A,LEU_238_A"
LEU_238_A,"MET_107_A,ILE_115_A,LEU_237_A,LEU_239_A"
LEU_239_A,"LYS_143_A,PRO_236_A,LEU_238_A,MET_240_A,PHE_1334_A"
MET_240_A,"MET_22_A,LEU_239_A,ASN_241_A,TYR_1333_A"
ASN_241_A,"MET_240_A,ALA_244_A"
PRO_242_A,"VAL_235_A,GLU_243_A"
GLU_243_A,"PRO_242_A,ALA_244_A"
ALA_244_A,"ASN_241_A,GLU_243_A,GLY_245_A"
GLY_245_A,"ALA_244_A,LYS_246_A"
LYS_246_A,"GLU_27_A,GLY_245_A,ASP_249_A"
PRO_247_A,"ILE_230_A,SER_248_A"
SER_248_A,"PRO_247_A,ASP_249_A"
ASP_249_A,"GLU_27_A,LYS_246_A,SER_248_A,LEU_250_A"
LEU_250_A,"TYR_97_A,ILE_104_A,ASP_249_A,ILE_251_A"
ILE_251_A,"PHE_93_A,LEU_224_A,LEU_250_A,LEU_252_A"
LEU_252_A,"CYS_92_A,ILE_251_A,THR_253_A,LEU_255_A"
THR_253_A,"PRO_25_A,LEU_88_A,LEU_252_A,ARG_254_A"
ARG_254_A,"PRO_25_A,ARG_29_A,ASP_87_A,THR_253_A,LEU_255_A"
LEU_255_A,"ILE_86_A,LEU_252_A,ARG_254_A,LEU_256_A"
LEU_256_A,"TYR_83_A,LEU_255_A,VAL_257_A"
VAL_257_A,"GLY_84_A,LEU_256_A"
PRO_258_A,"ILE_262_A,LEU_279_A,PHE_341_A"
PRO_259_A,LEU_260_A
LEU_260_A,"LEU_56_A,PRO_259_A,CYS_261_A"
CYS_261_A,"LEU_260_A,ILE_262_A"
ILE_262_A,"PRO_258_A,CYS_261_A,ARG_263_A,ARG_344_A"
ARG_263_A,"ILE_262_A,THR_280_A"
PRO_264_A,SER_63_A
ASP_278_A,"LEU_279_A,ARG_339_A,ARG_344_A"
LEU_279_A,"PRO_258_A,ASP_278_A,THR_280_A,TYR_320_A,PHE_341_A"
THR_280_A,"TYR_42_A,LEU_56_A,ARG_263_A,LEU_279_A,MET_281_A,LEU_283_A"
MET_281_A,"THR_280_A,LYS_282_A"
LYS_282_A,"MET_281_A,LEU_283_A,GLU_285_A,TYR_320_A"
LEU_283_A,"THR_280_A,LYS_282_A,THR_284_A,TYR_320_A"
THR_284_A,"VAL_55_A,LEU_283_A,GLU_285_A"
GLU_285_A,"LYS_282_A,THR_284_A,ILE_286_A"
ILE_286_A,"ILE_86_A,GLU_285_A,ILE_287_A,LEU_289_A,ASN_290_A,GLN_316_A"
ILE_287_A,"ILE_86_A,ILE_286_A,PHE_288_A"
PHE_288_A,"ASN_40_A,ILE_287_A,LEU_289_A"
LEU_289_A,"ILE_286_A,PHE_288_A,ASN_290_A,PHE_312_A"
ASN_290_A,"ASP_87_A,GLU_89_A,ILE_286_A,LEU_289_A,ASP_291_A"
ASP_291_A,"ASN_290_A,VAL_292_A,LYS_294_A,LYS_295_A"
VAL_292_A,"ASP_291_A,ILE_293_A,HIS_296_A"
ILE_293_A,"GLU_89_A,LEU_90_A,VAL_292_A,LYS_294_A,ILE_306_A"
LYS_294_A,"GLU_89_A,ASP_291_A,ILE_293_A,LYS_295_A"
LYS_295_A,"ASP_291_A,LYS_294_A,HIS_296_A,SER_299_A"
HIS_296_A,"VAL_292_A,LYS_295_A,ARG_297_A,ILE_306_A,ASP_309_A"
ARG_297_A,"GLU_89_A,HIS_296_A,ILE_298_A"
ILE_298_A,"ARG_297_A,SER_299_A"
SER_299_A,"LYS_295_A,ILE_298_A,GLY_300_A"
GLY_300_A,"SER_299_A,ALA_301_A"
ALA_301_A,"GLY_300_A,LYS_302_A"
LYS_302_A,"ALA_301_A,THR_303_A"
THR_303_A,"LYS_302_A,GLN_304_A,ILE_306_A,MET_307_A"
GLN_304_A,"THR_303_A,MET_305_A"
MET_305_A,"GLN_304_A,ILE_306_A,ASP_309_A"
ILE_306_A,"ILE_293_A,HIS_296_A,THR_303_A,MET_305_A,MET_307_A"
MET_307_A,"THR_303_A,ILE_306_A,GLU_308_A"
GLU_308_A,"MET_307_A,ASP_309_A,PHE_312_A"
ASP_309_A,"HIS_296_A,MET_305_A,GLU_308_A,TRP_310_A,LEU_313_A"
TRP_310_A,"LEU_90_A,ASN_219_A,PRO_220_A,LEU_221_A,ASP_309_A,ASP_311_A,GLN_314_A"
ASP_311_A,"LYS_173_A,TRP_310_A,PHE_312_A"
PHE_312_A,"LEU_289_A,GLU_308_A,ASP_311_A,LEU_313_A"
LEU_313_A,"ASP_309_A,PHE_312_A,GLN_314_A,CYS_317_A"
GLN_314_A,"PHE_93_A,TRP_310_A,LEU_313_A,LEU_315_A"
LEU_315_A,"GLN_314_A,GLN_316_A,ALA_318_A,LEU_319_A"
GLN_316_A,"ILE_286_A,LEU_315_A,CYS_317_A"
CYS_317_A,"LEU_313_A,GLN_316_A,ALA_318_A"
ALA_318_A,"LEU_315_A,CYS_317_A,LEU_319_A,LEU_325_A"
LEU_319_A,"LEU_315_A,ALA_318_A,TYR_320_A"
TYR_320_A,"LEU_279_A,LYS_282_A,LEU_283_A,LEU_319_A,ILE_321_A,PHE_341_A"
ILE_321_A,"TYR_320_A,ASN_322_A,PHE_341_A,VAL_342_A"
ASN_322_A,"ILE_321_A,SER_323_A,GLU_324_A,LEU_325_A,VAL_342_A"
SER_323_A,"ASN_322_A,GLU_324_A,GLN_343_A"
GLU_324_A,"ASN_322_A,SER_323_A,LEU_325_A,GLN_343_A,LYS_346_A"
LEU_325_A,"ALA_318_A,ASN_322_A,GLU_324_A"
TRP_337_A,THR_338_A
THR_338_A,"TRP_337_A,ARG_339_A"
ARG_339_A,"ASP_278_A,THR_338_A,GLY_340_A,GLN_343_A,ARG_344_A,ARG_351_A"
GLY_340_A,"ARG_339_A,PHE_341_A,GLN_343_A"
PHE_341_A,"PRO_258_A,LEU_279_A,TYR_320_A,ILE_321_A,GLY_340_A,VAL_342_A"
VAL_342_A,"ILE_321_A,ASN_322_A,PHE_341_A,GLN_343_A,LEU_345_A,ALA_1325_A"
GLN_343_A,"SER_323_A,GLU_324_A,ARG_339_A,GLY_340_A,VAL_342_A,ARG_344_A"
ARG_344_A,"ILE_262_A,ASP_278_A,ARG_339_A,GLN_343_A,LEU_345_A,ARG_351_A"
LEU_345_A,"VAL_342_A,ARG_344_A,LYS_346_A,THR_1324_A"
LYS_346_A,"GLU_324_A,LEU_345_A,GLY_347_A,GLY_350_A"
GLY_347_A,"LYS_346_A,LYS_348_A"
LYS_348_A,"GLY_347_A,GLN_349_A,ARG_353_A"
GLN_349_A,"LYS_348_A,GLY_350_A"
GLY_350_A,"LYS_346_A,GLN_349_A,ARG_351_A"
ARG_351_A,"ARG_339_A,ARG_344_A,GLY_350_A,PHE_352_A,LEU_356_A"
PHE_352_A,"ARG_351_A,ARG_353_A,LEU_356_A,LEU_1328_A"
ARG_353_A,"LYS_348_A,PHE_352_A,GLY_354_A,ARG_873_A,LYS_877_A,GLU_1322_A"
GLY_354_A,"ARG_353_A,ASN_355_A"
ASN_355_A,"GLY_354_A,LEU_356_A"
LEU_356_A,"ARG_351_A,PHE_352_A,ASN_355_A,SER_357_A"
SER_357_A,"LEU_356_A,GLY_358_A"
GLY_358_A,"SER_357_A,LYS_359_A"
LYS_359_A,"GLY_358_A,ARG_360_A"
ARG_360_A,"LYS_359_A,VAL_361_A"
VAL_361_A,"ARG_360_A,ASP_362_A,SER_364_A"
ASP_362_A,"VAL_361_A,PHE_363_A"
PHE_363_A,"ASP_362_A,SER_364_A"
SER_364_A,"VAL_361_A,PHE_363_A,GLY_365_A"
GLY_365_A,"SER_364_A,ARG_366_A,LEU_507_A"
ARG_366_A,"GLY_365_A,THR_367_A,GLU_504_A"
THR_367_A,"ARG_366_A,VAL_368_A"
VAL_368_A,"THR_367_A,ILE_369_A"
ILE_369_A,"VAL_368_A,SER_370_A,PHE_486_A,PHE_488_A,MET_505_A"
SER_370_A,"ILE_369_A,THR_485_A"
PRO_371_A,"ASP_372_A,GLU_490_A,PHE_500_A"
ASP_372_A,"PRO_371_A,LEU_375_A,ARG_487_A"
PRO_373_A,ASN_374_A
ASN_374_A,"PRO_373_A,LEU_375_A"
LEU_375_A,"ASP_372_A,ASN_374_A,ARG_376_A,ASN_489_A"
ARG_376_A,"LEU_375_A,ILE_377_A,ASP_378_A,GLU_379_A,ARG_479_A,LYS_526_A,LYS_575_A,ASP_678_A"
ILE_377_A,"ARG_376_A,ASP_378_A"
ASP_378_A,"ARG_376_A,ILE_377_A,GLU_379_A,HIS_476_A,LEU_477_A,THR_525_A,LYS_526_A"
GLU_379_A,"ARG_376_A,ASP_378_A,VAL_380_A,ARG_479_A"
VAL_380_A,"GLU_379_A,ALA_381_A,VAL_460_A,PHE_462_A,HIS_476_A,LEU_477_A"
ALA_381_A,"VAL_380_A,VAL_382_A,LYS_481_A,ARG_487_A"
VAL_382_A,"ALA_381_A,LEU_454_A,LYS_481_A"
PRO_383_A,"VAL_384_A,VAL_386_A"
VAL_384_A,"PRO_383_A,HIS_385_A,ALA_387_A,LYS_388_A,VAL_480_A"
HIS_385_A,"VAL_384_A,VAL_386_A,LYS_388_A,ARG_484_A"
VAL_386_A,"PRO_383_A,HIS_385_A,ALA_387_A,ILE_389_A,LEU_390_A"
ALA_387_A,"VAL_384_A,VAL_386_A,LYS_388_A,LEU_454_A,VAL_480_A"
LYS_388_A,"VAL_384_A,HIS_385_A,ALA_387_A,ILE_389_A,GLU_413_A"
ILE_389_A,"VAL_386_A,LYS_388_A,LEU_390_A"
LEU_390_A,"VAL_386_A,ILE_389_A,THR_391_A,LEU_507_A"
THR_391_A,"LEU_390_A,PHE_392_A,GLU_451_A"
PHE_392_A,"THR_391_A,GLU_394_A,LYS_516_A"
PRO_393_A,"GLU_394_A,ILE_449_A"
GLU_394_A,"PHE_392_A,PRO_393_A,LYS_395_A,ASN_400_A,VAL_450_A,ARG_452_A,LYS_516_A"
LYS_395_A,"GLU_394_A,VAL_396_A,ASN_397_A,GLU_513_A"
VAL_396_A,"LYS_395_A,ASN_397_A,ILE_401_A,LEU_404_A,LEU_444_A"
ASN_397_A,"LYS_395_A,VAL_396_A,LYS_398_A,ALA_399_A,ASN_400_A"
LYS_398_A,"ASN_397_A,ALA_399_A,TYR_446_A"
ALA_399_A,"ASN_397_A,LYS_398_A,ASN_400_A"
ASN_400_A,"GLU_394_A,ASN_397_A,ALA_399_A,ILE_401_A"
ILE_401_A,"VAL_396_A,ASN_400_A,ASN_402_A,ARG_405_A,LEU_444_A"
ASN_402_A,"ILE_401_A,PHE_403_A"
PHE_403_A,"ASN_402_A,LEU_404_A,LEU_407_A,ILE_455_A"
LEU_404_A,"VAL_396_A,PHE_403_A,ARG_405_A,LEU_407_A,VAL_408_A,VAL_450_A"
ARG_405_A,"ILE_401_A,LEU_404_A,LYS_406_A,GLN_409_A"
LYS_406_A,"ARG_405_A,LEU_407_A"
LEU_407_A,"PHE_403_A,LEU_404_A,LYS_406_A,VAL_408_A,ALA_418_A"
VAL_408_A,"LEU_404_A,LEU_407_A,GLN_409_A,ILE_421_A,LEU_432_A,ALA_441_A"
GLN_409_A,"ARG_405_A,VAL_408_A,ASN_410_A"
ASN_410_A,"GLN_409_A,GLY_411_A,PRO_416_A,ARG_437_A"
GLY_411_A,"ASN_410_A,GLU_413_A"
PRO_412_A,"GLU_413_A,ASN_419_A"
GLU_413_A,"LYS_388_A,GLY_411_A,PRO_412_A,VAL_414_A,LYS_433_A"
VAL_414_A,"GLU_413_A,HIS_415_A"
HIS_415_A,"VAL_414_A,GLY_417_A,HIS_453_A"
PRO_416_A,"ASN_410_A,GLY_417_A"
GLY_417_A,"HIS_415_A,PRO_416_A,ALA_418_A,HIS_453_A"
ALA_418_A,"LEU_407_A,GLY_417_A,ASN_419_A,VAL_450_A"
ASN_419_A,"PRO_412_A,ALA_418_A,PHE_420_A"
PHE_420_A,"ASN_419_A,ILE_421_A,LYS_429_A,PHE_431_A,GLU_451_A"
ILE_421_A,"VAL_408_A,PHE_420_A,GLN_422_A,ARG_430_A,LEU_432_A,LEU_444_A"
GLN_422_A,"ILE_421_A,GLN_423_A"
GLN_423_A,"GLN_422_A,ARG_424_A,HIS_425_A,GLN_427_A"
ARG_424_A,"GLN_423_A,HIS_425_A,LYS_445_A"
HIS_425_A,"GLN_423_A,ARG_424_A,THR_426_A,GLN_427_A"
THR_426_A,"HIS_425_A,GLN_427_A"
GLN_427_A,"GLN_423_A,HIS_425_A,THR_426_A,MET_428_A"
MET_428_A,"GLN_427_A,LYS_429_A"
LYS_429_A,"PHE_420_A,MET_428_A,ARG_430_A"
ARG_430_A,"ILE_421_A,LYS_429_A,PHE_431_A,LEU_432_A,GLU_443_A"
PHE_431_A,"PHE_420_A,ARG_430_A,LEU_432_A,LYS_433_A,TYR_434_A"
LEU_432_A,"VAL_408_A,ILE_421_A,ARG_430_A,PHE_431_A,LYS_433_A"
LYS_433_A,"GLU_413_A,PHE_431_A,LEU_432_A,TYR_434_A"
TYR_434_A,"PHE_431_A,LYS_433_A,GLY_435_A"
GLY_435_A,"TYR_434_A,ASN_436_A"
ASN_436_A,"GLY_435_A,ARG_437_A,GLU_438_A,LYS_439_A"
ARG_437_A,"ASN_410_A,ASN_436_A,GLU_438_A,ALA_441_A"
GLU_438_A,"ASN_436_A,ARG_437_A,LYS_439_A"
LYS_439_A,"ASN_436_A,GLU_438_A,MET_440_A"
MET_440_A,"LYS_439_A,ALA_441_A"
ALA_441_A,"VAL_408_A,ARG_437_A,MET_440_A,GLN_442_A"
GLN_442_A,"ALA_441_A,GLU_443_A"
GLU_443_A,"ARG_430_A,GLN_442_A,LEU_444_A"
LEU_444_A,"VAL_396_A,ILE_401_A,ILE_421_A,GLU_443_A,LYS_445_A,VAL_450_A"
LYS_445_A,"ARG_424_A,LEU_444_A,TYR_446_A,ASP_448_A"
TYR_446_A,"LYS_398_A,LYS_445_A,GLY_447_A"
GLY_447_A,"TYR_446_A,ASP_448_A"
ASP_448_A,"LYS_445_A,GLY_447_A,ILE_449_A"
ILE_449_A,"PRO_393_A,ASP_448_A,VAL_450_A"
VAL_450_A,"GLU_394_A,LEU_404_A,ALA_418_A,LEU_444_A,ILE_449_A,GLU_451_A"
GLU_451_A,"THR_391_A,PHE_420_A,VAL_450_A,ARG_452_A"
ARG_452_A,"GLU_394_A,GLU_451_A,HIS_453_A,ASP_458_A,LYS_516_A"
HIS_453_A,"HIS_415_A,GLY_417_A,ARG_452_A,LEU_454_A,ILE_455_A"
LEU_454_A,"VAL_382_A,ALA_387_A,HIS_453_A,ILE_455_A,ASP_458_A,LEU_509_A"
ILE_455_A,"PHE_403_A,HIS_453_A,LEU_454_A,ASP_456_A"
ASP_456_A,"ILE_455_A,GLY_457_A,ARG_479_A"
GLY_457_A,"ASP_456_A,ASP_458_A,ALA_478_A"
ASP_458_A,"ARG_452_A,LEU_454_A,GLY_457_A,VAL_459_A,ALA_478_A,LYS_516_A"
VAL_459_A,"ASP_458_A,VAL_460_A,ALA_519_A,LEU_520_A"
VAL_460_A,"VAL_380_A,VAL_459_A,LEU_461_A,HIS_476_A,ALA_478_A,LEU_507_A,LEU_509_A"
LEU_461_A,"VAL_460_A,PHE_462_A,MET_523_A"
PHE_462_A,"VAL_380_A,LEU_461_A,ASN_463_A,MET_474_A,PHE_488_A,TYR_496_A,LEU_507_A"
ASN_463_A,"PHE_462_A,ARG_464_A,ILE_473_A,ASN_506_A"
ARG_464_A,"ASN_463_A,GLN_465_A,ASP_499_A,ASP_503_A,MET_505_A"
GLN_465_A,"ARG_464_A,SER_467_A,ASN_506_A"
PRO_466_A,SER_467_A
SER_467_A,"GLN_465_A,PRO_466_A,LEU_468_A"
LEU_468_A,"SER_467_A,HIS_469_A,THR_1046_A"
HIS_469_A,"LEU_468_A,LYS_470_A,PRO_495_A,GLU_1043_A"
LYS_470_A,"HIS_469_A,LEU_471_A,LEU_1036_A"
LEU_471_A,"LYS_470_A,SER_472_A,MET_474_A,ASN_528_A"
SER_472_A,"LEU_471_A,ILE_473_A"
ILE_473_A,"ASN_463_A,SER_472_A,MET_474_A"
MET_474_A,"PHE_462_A,LEU_471_A,ILE_473_A,ALA_475_A,THR_525_A,ILE_539_A"
ALA_475_A,"MET_474_A,HIS_476_A,MET_523_A"
HIS_476_A,"ASP_378_A,VAL_380_A,VAL_460_A,ALA_475_A,LEU_477_A,TYR_496_A"
LEU_477_A,"ASP_378_A,VAL_380_A,HIS_476_A,ALA_478_A"
ALA_478_A,"GLY_457_A,ASP_458_A,VAL_460_A,LEU_477_A,ARG_479_A"
ARG_479_A,"ARG_376_A,GLU_379_A,ASP_456_A,ALA_478_A,VAL_480_A"
VAL_480_A,"VAL_384_A,ALA_387_A,ARG_479_A,LYS_481_A"
LYS_481_A,"ALA_381_A,VAL_382_A,VAL_480_A"
PRO_482_A,HIS_483_A
HIS_483_A,"PRO_482_A,ARG_484_A,ARG_487_A"
ARG_484_A,"HIS_385_A,HIS_483_A,THR_485_A"
THR_485_A,"SER_370_A,ARG_484_A,PHE_486_A,ARG_487_A"
PHE_486_A,"ILE_369_A,THR_485_A,ARG_487_A,LEU_507_A"
ARG_487_A,"ASP_372_A,ALA_381_A,HIS_483_A,THR_485_A,PHE_486_A,PHE_488_A"
PHE_488_A,"ILE_369_A,PHE_462_A,ARG_487_A,ASN_489_A,PHE_500_A"
ASN_489_A,"LEU_375_A,PHE_488_A,GLU_490_A"
GLU_490_A,"PRO_371_A,ASN_489_A,CYS_491_A,PHE_500_A"
CYS_491_A,"GLU_490_A,VAL_492_A"
VAL_492_A,"CYS_491_A,CYS_493_A,PRO_495_A,TYR_496_A"
CYS_493_A,"VAL_492_A,THR_494_A,ASN_497_A,ALA_498_A"
THR_494_A,"CYS_493_A,LEU_538_A,ILE_542_A"
PRO_495_A,"HIS_469_A,VAL_492_A,TYR_496_A"
TYR_496_A,"PHE_462_A,HIS_476_A,VAL_492_A,PRO_495_A,ASN_497_A,ALA_498_A,MET_505_A"
ASN_497_A,"CYS_493_A,TYR_496_A,ALA_498_A"
ALA_498_A,"CYS_493_A,TYR_496_A,ASN_497_A,ASP_499_A"
ASP_499_A,"ARG_464_A,ALA_498_A,PHE_500_A,ASP_501_A,ASP_503_A"
PHE_500_A,"PRO_371_A,PHE_488_A,GLU_490_A,ASP_499_A,ASP_501_A"
ASP_501_A,"ASP_499_A,PHE_500_A,GLY_502_A,ASP_503_A"
GLY_502_A,"ASP_501_A,ASP_503_A"
ASP_503_A,"ARG_464_A,ASP_499_A,ASP_501_A,GLY_502_A,GLU_504_A"
GLU_504_A,"ARG_366_A,ASP_503_A,MET_505_A"
MET_505_A,"ILE_369_A,ARG_464_A,TYR_496_A,GLU_504_A,ASN_506_A"
ASN_506_A,"ASN_463_A,GLN_465_A,MET_505_A,LEU_507_A"
LEU_507_A,"GLY_365_A,LEU_390_A,VAL_460_A,PHE_462_A,PHE_486_A,ASN_506_A,HIS_508_A"
HIS_508_A,"LEU_507_A,LEU_509_A"
LEU_509_A,"LEU_454_A,VAL_460_A,HIS_508_A"
PRO_510_A,GLN_511_A
GLN_511_A,"PRO_510_A,THR_512_A"
THR_512_A,"GLN_511_A,GLU_513_A"
GLU_513_A,"LYS_395_A,THR_512_A,GLU_514_A"
GLU_514_A,"GLU_513_A,ALA_515_A"
ALA_515_A,"GLU_514_A,LYS_516_A"
LYS_516_A,"PHE_392_A,GLU_394_A,ARG_452_A,ASP_458_A,ALA_515_A,ALA_517_A"
ALA_517_A,"LYS_516_A,GLU_518_A,VAL_521_A"
GLU_518_A,"ALA_517_A,ALA_519_A"
ALA_519_A,"VAL_459_A,GLU_518_A,LEU_520_A,MET_523_A"
LEU_520_A,"VAL_459_A,ALA_519_A,VAL_521_A"
VAL_521_A,"ALA_517_A,LEU_520_A,LEU_522_A"
LEU_522_A,"VAL_521_A,MET_523_A"
MET_523_A,"LEU_461_A,ALA_475_A,ALA_519_A,LEU_522_A,GLY_524_A"
GLY_524_A,"MET_523_A,THR_525_A"
THR_525_A,"ASP_378_A,MET_474_A,GLY_524_A,LYS_526_A"
LYS_526_A,"ARG_376_A,ASP_378_A,THR_525_A,ALA_527_A,LYS_575_A,ASP_678_A"
ALA_527_A,"LYS_526_A,ASN_528_A"
ASN_528_A,"LEU_471_A,ALA_527_A,LEU_529_A"
LEU_529_A,"ASN_528_A,VAL_530_A,ILE_539_A,LEU_668_A,MET_680_A"
VAL_530_A,"LEU_529_A,THR_531_A,LEU_668_A"
THR_531_A,"VAL_530_A,GLU_536_A"
PRO_532_A,"ARG_533_A,HIS_1286_A"
ARG_533_A,"PRO_532_A,ASN_534_A,GLU_536_A,GLU_1043_A,SER_1281_A"
ASN_534_A,"ARG_533_A,GLY_535_A,GLU_536_A,SER_1281_A"
GLY_535_A,"ASN_534_A,GLU_536_A"
GLU_536_A,"THR_531_A,ARG_533_A,ASN_534_A,GLY_535_A"
PRO_537_A,"LEU_538_A,TYR_665_A"
LEU_538_A,"THR_494_A,PRO_537_A,ILE_539_A"
ILE_539_A,"MET_474_A,LEU_529_A,LEU_538_A,ALA_540_A"
ALA_540_A,"ILE_539_A,ALA_541_A"
ALA_541_A,"ALA_540_A,ILE_542_A,LEU_546_A"
ILE_542_A,"THR_494_A,ALA_541_A,GLN_543_A"
GLN_543_A,"ILE_542_A,ASP_544_A,LYS_786_A"
ASP_544_A,"GLN_543_A,PHE_545_A,THR_547_A,GLY_548_A"
PHE_545_A,"ASP_544_A,LEU_546_A,ALA_549_A,LEU_683_A,PRO_688_A"
LEU_546_A,"ALA_541_A,PHE_545_A,THR_547_A,TYR_550_A,LEU_655_A"
THR_547_A,"ASP_544_A,LEU_546_A,GLY_548_A"
GLY_548_A,"ASP_544_A,THR_547_A,ALA_549_A,LEU_552_A"
ALA_549_A,"PHE_545_A,GLY_548_A,TYR_550_A,THR_553_A,LEU_655_A"
TYR_550_A,"LEU_546_A,ALA_549_A,LEU_551_A,THR_779_A,CYS_783_A"
LEU_551_A,"TYR_550_A,LEU_552_A,THR_779_A"
LEU_552_A,"GLY_548_A,LEU_551_A,THR_553_A,THR_557_A,TYR_690_A"
THR_553_A,"ALA_549_A,LEU_552_A,LEU_554_A,PHE_601_A,LEU_645_A"
LEU_554_A,"THR_553_A,LYS_555_A,ASP_556_A"
LYS_555_A,"LEU_554_A,ASP_556_A,LYS_598_A,ASP_635_A"
ASP_556_A,"LEU_554_A,LYS_555_A,THR_557_A,LYS_773_A"
THR_557_A,"LEU_552_A,ASP_556_A,PHE_558_A"
PHE_558_A,"THR_557_A,PHE_559_A,LEU_594_A"
PHE_559_A,"PHE_558_A,ASP_560_A,LYS_563_A,TRP_595_A,ILE_600_A,TYR_690_A"
ASP_560_A,"PHE_559_A,ARG_561_A,ALA_562_A,LYS_563_A,ALA_564_A"
ARG_561_A,"ASP_560_A,ALA_562_A,TRP_595_A"
ALA_562_A,"ASP_560_A,ARG_561_A,LYS_563_A"
LYS_563_A,"PHE_559_A,ASP_560_A,ALA_562_A,ALA_564_A,ILE_567_A"
ALA_564_A,"ASP_560_A,LYS_563_A,CYS_565_A,ILE_600_A"
CYS_565_A,"ALA_564_A,GLN_566_A"
GLN_566_A,"CYS_565_A,ILE_567_A"
ILE_567_A,"LYS_563_A,GLN_566_A,ILE_568_A"
ILE_568_A,"ILE_567_A,ALA_569_A,ILE_571_A,VAL_581_A,VAL_603_A"
ALA_569_A,"ILE_568_A,SER_570_A"
SER_570_A,"ALA_569_A,ILE_571_A"
ILE_571_A,"ILE_568_A,SER_570_A,LEU_572_A,ARG_682_A"
LEU_572_A,"ILE_571_A,VAL_573_A"
VAL_573_A,"LEU_572_A,GLY_574_A"
GLY_574_A,"VAL_573_A,LYS_575_A,GLU_577_A"
LYS_575_A,"ARG_376_A,LYS_526_A,GLY_574_A,ASP_576_A,GLU_577_A,ASP_678_A"
ASP_576_A,"LYS_575_A,GLU_577_A,ASP_678_A,ARG_682_A"
GLU_577_A,"GLY_574_A,LYS_575_A,ASP_576_A,LYS_578_A"
LYS_578_A,"GLU_577_A,ILE_579_A"
ILE_579_A,"LYS_578_A,LYS_580_A"
LYS_580_A,"ILE_579_A,VAL_581_A"
VAL_581_A,"ILE_568_A,LYS_580_A,ARG_582_A"
ARG_582_A,"VAL_581_A,LEU_583_A,ARG_606_A,ASP_609_A,GLU_644_A"
LEU_583_A,"ARG_582_A,TRP_595_A"
PRO_584_A,"TRP_595_A,GLN_599_A"
PRO_585_A,GLN_599_A
PRO_586_A,"THR_587_A,TRP_595_A"
THR_587_A,"PRO_586_A,ILE_588_A"
ILE_588_A,"THR_587_A,LEU_589_A,LEU_594_A"
LEU_589_A,"ILE_588_A,LYS_590_A"
LYS_590_A,LEU_589_A
PRO_591_A,VAL_592_A
VAL_592_A,"PRO_591_A,THR_593_A,LEU_594_A"
THR_593_A,"VAL_592_A,LEU_594_A"
LEU_594_A,"PHE_558_A,ILE_588_A,VAL_592_A,THR_593_A,TRP_595_A"
TRP_595_A,"PHE_559_A,ARG_561_A,LEU_583_A,PRO_584_A,PRO_586_A,LEU_594_A,THR_596_A"
THR_596_A,"TRP_595_A,GLY_597_A,GLN_599_A"
GLY_597_A,"THR_596_A,LYS_598_A"
LYS_598_A,"LYS_555_A,GLY_597_A,GLN_599_A,ASP_635_A"
GLN_599_A,"PRO_584_A,PRO_585_A,THR_596_A,LYS_598_A,ILE_600_A"
ILE_600_A,"PHE_559_A,ALA_564_A,GLN_599_A,PHE_601_A"
PHE_601_A,"THR_553_A,ILE_600_A,SER_602_A,MET_650_A,LEU_683_A"
SER_602_A,"PHE_601_A,VAL_603_A,SER_643_A"
VAL_603_A,"ILE_568_A,SER_602_A,ILE_604_A"
ILE_604_A,"VAL_603_A,LEU_605_A,LEU_686_A"
LEU_605_A,"ILE_604_A,ARG_606_A,LEU_667_A"
ARG_606_A,"ARG_582_A,LEU_605_A,ASP_609_A,ARG_614_A,GLU_644_A"
PRO_607_A,SER_608_A
SER_608_A,"PRO_607_A,ASP_609_A,ASP_610_A,ASN_611_A"
ASP_609_A,"ARG_582_A,ARG_606_A,SER_608_A,ASP_610_A"
ASP_610_A,"SER_608_A,ASP_609_A,ASN_611_A"
ASN_611_A,"SER_608_A,ASP_610_A,ARG_614_A"
PRO_612_A,VAL_613_A
VAL_613_A,"PRO_612_A,ARG_614_A,LEU_667_A,GLU_675_A"
ARG_614_A,"ARG_606_A,ASN_611_A,VAL_613_A,ALA_615_A,TRP_671_A"
ALA_615_A,"ARG_614_A,ASN_616_A,SER_643_A,LEU_667_A"
ASN_616_A,"ALA_615_A,LEU_617_A"
LEU_617_A,"ASN_616_A,ARG_618_A,ILE_640_A,THR_654_A"
ARG_618_A,"LEU_617_A,THR_619_A,TYR_637_A,ASP_926_A"
THR_619_A,"ARG_618_A,LYS_620_A"
LYS_620_A,"THR_619_A,GLY_621_A,GLU_629_A,TYR_637_A"
GLY_621_A,"LYS_620_A,LYS_622_A"
LYS_622_A,"GLY_621_A,GLN_623_A,ASP_651_A"
GLN_623_A,"LYS_622_A,TYR_624_A,ASN_634_A"
TYR_624_A,"GLN_623_A,CYS_625_A,GLY_628_A,TYR_637_A"
CYS_625_A,"TYR_624_A,GLY_626_A,LYS_627_A"
GLY_626_A,"CYS_625_A,LYS_627_A"
LYS_627_A,"CYS_625_A,GLY_626_A,GLY_628_A"
GLY_628_A,"TYR_624_A,LYS_627_A,GLU_629_A"
GLU_629_A,"LYS_620_A,GLY_628_A,ASP_630_A"
ASP_630_A,"GLU_629_A,LEU_631_A,TYR_637_A"
LEU_631_A,"ASP_630_A,CYS_632_A"
CYS_632_A,"LEU_631_A,ALA_633_A"
ALA_633_A,"CYS_632_A,ASN_634_A"
ASN_634_A,"GLN_623_A,ALA_633_A,ASP_635_A"
ASP_635_A,"LYS_555_A,LYS_598_A,ASN_634_A,SER_636_A"
SER_636_A,"ASP_635_A,TYR_637_A"
TYR_637_A,"ARG_618_A,LYS_620_A,TYR_624_A,ASP_630_A,SER_636_A,VAL_638_A,SER_647_A"
VAL_638_A,"TYR_637_A,THR_639_A,MET_650_A,THR_654_A"
THR_639_A,"VAL_638_A,ILE_640_A,MET_646_A"
ILE_640_A,"LEU_617_A,THR_639_A,GLN_641_A,MET_650_A"
GLN_641_A,"ILE_640_A,ASN_642_A"
ASN_642_A,"GLN_641_A,SER_643_A"
SER_643_A,"SER_602_A,ALA_615_A,ASN_642_A,GLU_644_A"
GLU_644_A,"ARG_582_A,ARG_606_A,SER_643_A,LEU_645_A,MET_646_A"
LEU_645_A,"THR_553_A,GLU_644_A,MET_646_A,MET_650_A"
MET_646_A,"THR_639_A,GLU_644_A,LEU_645_A,SER_647_A"
SER_647_A,"TYR_637_A,MET_646_A,GLY_648_A"
GLY_648_A,"SER_647_A,SER_649_A"
SER_649_A,"GLY_648_A,MET_650_A"
MET_650_A,"PHE_601_A,VAL_638_A,ILE_640_A,LEU_645_A,SER_649_A,ASP_651_A,ILE_663_A"
ASP_651_A,"LYS_622_A,MET_650_A,LYS_652_A"
LYS_652_A,"ASP_651_A,GLY_653_A,GLY_656_A"
GLY_653_A,"LYS_652_A,THR_654_A"
THR_654_A,"LEU_617_A,VAL_638_A,GLY_653_A,LEU_655_A"
LEU_655_A,"LEU_546_A,ALA_549_A,THR_654_A,GLY_656_A,ILE_663_A,PHE_664_A"
GLY_656_A,"LYS_652_A,LEU_655_A,SER_657_A"
SER_657_A,"GLY_656_A,GLY_658_A"
GLY_658_A,"SER_657_A,SER_659_A"
SER_659_A,"GLY_658_A,LYS_660_A,ASN_661_A,ASN_662_A"
LYS_660_A,"SER_659_A,ASN_661_A,MET_912_A,GLU_913_A,ASP_916_A,ASP_1283_A"
ASN_661_A,"SER_659_A,LYS_660_A,ASN_662_A"
ASN_662_A,"SER_659_A,ASN_661_A,ILE_663_A"
ILE_663_A,"MET_650_A,LEU_655_A,ASN_662_A,PHE_664_A,ILE_666_A,LEU_667_A"
PHE_664_A,"LEU_655_A,ILE_663_A,TYR_665_A,MET_680_A"
TYR_665_A,"PRO_537_A,PHE_664_A,ILE_666_A,ARG_669_A"
ILE_666_A,"ILE_663_A,TYR_665_A,LEU_667_A"
LEU_667_A,"LEU_605_A,VAL_613_A,ALA_615_A,ILE_663_A,ILE_666_A,LEU_668_A,ALA_679_A"
LEU_668_A,"LEU_529_A,VAL_530_A,LEU_667_A,ARG_669_A"
ARG_669_A,"TYR_665_A,LEU_668_A,ASP_670_A,GLU_913_A"
ASP_670_A,"ARG_669_A,TRP_671_A,ARG_923_A,LYS_1021_A"
TRP_671_A,"ARG_614_A,ASP_670_A,GLY_672_A"
GLY_672_A,"TRP_671_A,GLN_673_A"
GLN_673_A,"GLY_672_A,ASN_674_A"
ASN_674_A,"GLN_673_A,GLU_675_A"
GLU_675_A,"VAL_613_A,ASN_674_A,ALA_676_A,ASP_678_A,ARG_682_A"
ALA_676_A,"GLU_675_A,ALA_677_A"
ALA_677_A,"ALA_676_A,ASP_678_A,SER_681_A"
ASP_678_A,"ARG_376_A,LYS_526_A,LYS_575_A,ASP_576_A,GLU_675_A,ALA_677_A,ALA_679_A,ARG_682_A"
ALA_679_A,"LEU_667_A,ASP_678_A,MET_680_A"
MET_680_A,"LEU_529_A,PHE_664_A,ALA_679_A,SER_681_A"
SER_681_A,"ALA_677_A,MET_680_A,ARG_682_A"
ARG_682_A,"ILE_571_A,ASP_576_A,GLU_675_A,ASP_678_A,SER_681_A,LEU_683_A,LEU_686_A"
LEU_683_A,"PHE_545_A,PHE_601_A,ARG_682_A,ALA_684_A,ALA_687_A"
ALA_684_A,"LEU_683_A,ARG_685_A"
ARG_685_A,"ALA_684_A,LEU_686_A"
LEU_686_A,"ILE_604_A,ARG_682_A,ARG_685_A,ALA_687_A"
ALA_687_A,"LEU_683_A,LEU_686_A"
PRO_688_A,"PHE_545_A,VAL_689_A,SER_692_A"
VAL_689_A,"PRO_688_A,TYR_690_A,ASN_693_A"
TYR_690_A,"LEU_552_A,PHE_559_A,VAL_689_A,LEU_691_A,ARG_694_A"
LEU_691_A,"TYR_690_A,SER_692_A,GLY_695_A"
SER_692_A,"PRO_688_A,LEU_691_A,ASN_693_A"
ASN_693_A,"VAL_689_A,SER_692_A,ARG_694_A"
ARG_694_A,"TYR_690_A,ASN_693_A,GLY_695_A"
GLY_695_A,"LEU_691_A,ARG_694_A,PHE_696_A"
PHE_696_A,"GLY_695_A,SER_697_A,MET_780_A"
SER_697_A,"PHE_696_A,ILE_698_A,SER_776_A"
ILE_698_A,"SER_697_A,GLY_699_A"
GLY_699_A,"ILE_698_A,ILE_700_A,ASP_702_A"
ILE_700_A,"GLY_699_A,GLY_701_A"
GLY_701_A,"ILE_700_A,ASP_702_A"
ASP_702_A,"GLY_699_A,GLY_701_A,VAL_703_A"
VAL_703_A,"ASP_702_A,THR_704_A"
THR_704_A,"VAL_703_A,TYR_839_A"
PRO_705_A,"GLY_706_A,LEU_709_A"
GLY_706_A,"PRO_705_A,GLN_707_A,GLU_770_A"
GLN_707_A,"GLY_706_A,GLY_708_A"
GLY_708_A,"GLN_707_A,LEU_709_A"
LEU_709_A,"PRO_705_A,GLY_708_A,LEU_710_A,LYS_713_A,CYS_767_A,ILE_796_A"
LEU_710_A,"LEU_709_A,LYS_711_A,TYR_714_A"
LYS_711_A,"LEU_710_A,ALA_712_A,GLU_715_A"
ALA_712_A,"LYS_711_A,LYS_713_A"
LYS_713_A,"LEU_709_A,ALA_712_A,TYR_714_A,LEU_717_A"
TYR_714_A,"LEU_710_A,LYS_713_A,GLU_715_A"
GLU_715_A,"LYS_711_A,TYR_714_A,LEU_716_A,ALA_719_A"
LEU_716_A,"GLU_715_A,LEU_717_A,HIS_762_A"
LEU_717_A,"LYS_713_A,LEU_716_A,ASN_718_A,TYR_721_A,ILE_759_A"
ASN_718_A,"LEU_717_A,ALA_719_A,TYR_721_A,LYS_722_A"
ALA_719_A,"GLU_715_A,ASN_718_A,GLY_720_A"
GLY_720_A,"ALA_719_A,TYR_721_A"
TYR_721_A,"LEU_717_A,ASN_718_A,GLY_720_A,LYS_722_A,ASP_725_A,PRO_828_A"
LYS_722_A,"ASN_718_A,TYR_721_A,LYS_723_A"
LYS_723_A,"LYS_722_A,CYS_724_A,GLU_726_A,TYR_727_A,GLU_755_A"
CYS_724_A,"LYS_723_A,ASP_725_A,ILE_752_A"
ASP_725_A,"TYR_721_A,CYS_724_A,GLU_726_A"
GLU_726_A,"LYS_723_A,ASP_725_A,TYR_727_A,ALA_730_A"
TYR_727_A,"LYS_723_A,GLU_726_A,ILE_728_A,LEU_751_A"
ILE_728_A,"TYR_727_A,GLU_729_A"
GLU_729_A,"ILE_728_A,ALA_730_A,THR_733_A"
ALA_730_A,"GLU_726_A,GLU_729_A,LEU_731_A,LEU_736_A"
LEU_731_A,"ALA_730_A,ASN_732_A,LEU_736_A,ALA_744_A,LEU_748_A"
ASN_732_A,"LEU_731_A,THR_733_A"
THR_733_A,"GLU_729_A,ASN_732_A,GLY_734_A"
GLY_734_A,"THR_733_A,LYS_735_A"
LYS_735_A,"GLY_734_A,LEU_736_A"
LEU_736_A,"ALA_730_A,LEU_731_A,LYS_735_A,GLN_737_A"
GLN_737_A,"LEU_736_A,GLN_738_A"
GLN_738_A,"GLN_737_A,GLN_739_A"
GLN_739_A,"GLN_738_A,THR_747_A"
PRO_740_A,GLY_741_A
GLY_741_A,"PRO_740_A,CYS_742_A"
CYS_742_A,"GLY_741_A,THR_743_A,GLU_746_A"
THR_743_A,"CYS_742_A,ALA_744_A"
ALA_744_A,"LEU_731_A,THR_743_A,GLU_745_A"
GLU_745_A,"ALA_744_A,GLU_746_A"
GLU_746_A,"CYS_742_A,GLU_745_A,THR_747_A"
THR_747_A,"GLN_739_A,GLU_746_A,LEU_748_A,LEU_751_A"
LEU_748_A,"LEU_731_A,THR_747_A,GLU_749_A,ILE_752_A,LYS_826_A"
GLU_749_A,"LEU_748_A,ALA_750_A,LEU_753_A,ARG_808_A,LYS_826_A,LYS_831_A"
ALA_750_A,"GLU_749_A,LEU_751_A"
LEU_751_A,"TYR_727_A,THR_747_A,ALA_750_A,ILE_752_A"
ILE_752_A,"CYS_724_A,LEU_748_A,LEU_751_A,LEU_753_A,LEU_756_A"
LEU_753_A,"GLU_749_A,ILE_752_A,LYS_754_A,SER_757_A,ARG_808_A"
LYS_754_A,"LEU_753_A,GLU_755_A"
GLU_755_A,"LYS_723_A,LYS_754_A,LEU_756_A"
LEU_756_A,"ILE_752_A,GLU_755_A,SER_757_A,ILE_759_A,PHE_833_A"
SER_757_A,"LEU_753_A,LEU_756_A,VAL_758_A"
VAL_758_A,"SER_757_A,ILE_759_A,HIS_762_A"
ILE_759_A,"LEU_717_A,LEU_756_A,VAL_758_A,ARG_760_A,ALA_763_A"
ARG_760_A,"ILE_759_A,ASP_761_A"
ASP_761_A,"ARG_760_A,HIS_762_A,SER_765_A"
HIS_762_A,"LEU_716_A,VAL_758_A,ASP_761_A,ALA_763_A,SER_765_A,ALA_766_A"
ALA_763_A,"ILE_759_A,HIS_762_A,GLY_764_A,CYS_767_A"
GLY_764_A,"ALA_763_A,SER_765_A"
SER_765_A,"ASP_761_A,HIS_762_A,GLY_764_A,ALA_766_A"
ALA_766_A,"HIS_762_A,SER_765_A,CYS_767_A"
CYS_767_A,"LEU_709_A,ALA_763_A,ALA_766_A,LEU_768_A"
LEU_768_A,"CYS_767_A,ARG_769_A,LEU_778_A,PHE_789_A"
ARG_769_A,"LEU_768_A,GLU_770_A"
GLU_770_A,"GLY_706_A,ARG_769_A,LEU_771_A"
LEU_771_A,"GLU_770_A,ASP_772_A"
ASP_772_A,"LEU_771_A,LYS_773_A"
LYS_773_A,"ASP_556_A,ASP_772_A,SER_774_A"
SER_774_A,"LYS_773_A,ASN_775_A"
ASN_775_A,"SER_774_A,SER_776_A,THR_779_A"
SER_776_A,"SER_697_A,ASN_775_A"
PRO_777_A,LEU_778_A
LEU_778_A,"LEU_768_A,PRO_777_A,THR_779_A,ALA_781_A,LEU_782_A"
THR_779_A,"TYR_550_A,LEU_551_A,ASN_775_A,LEU_778_A,MET_780_A"
MET_780_A,"PHE_696_A,THR_779_A,ALA_781_A,SER_785_A"
ALA_781_A,"LEU_778_A,MET_780_A,LEU_782_A,ILE_792_A"
LEU_782_A,"LEU_778_A,ALA_781_A,CYS_783_A,PHE_789_A"
CYS_783_A,"TYR_550_A,LEU_782_A,GLY_784_A,SER_785_A"
GLY_784_A,"CYS_783_A,SER_785_A"
SER_785_A,"MET_780_A,CYS_783_A,GLY_784_A,LYS_786_A"
LYS_786_A,"GLN_543_A,SER_785_A,GLY_787_A"
GLY_787_A,"LYS_786_A,SER_788_A"
SER_788_A,"GLY_787_A,PHE_789_A"
PHE_789_A,"LEU_768_A,LEU_782_A,SER_788_A,ILE_790_A"
ILE_790_A,"PHE_789_A,ASN_791_A,SER_793_A,GLN_794_A"
ASN_791_A,"ILE_790_A,ILE_792_A,MET_795_A"
ILE_792_A,"ALA_781_A,ASN_791_A,SER_793_A,ILE_796_A"
SER_793_A,"ILE_790_A,ILE_792_A,GLN_794_A,CYS_798_A"
GLN_794_A,"ILE_790_A,SER_793_A,MET_795_A,VAL_799_A"
MET_795_A,"ASN_791_A,GLN_794_A,ILE_796_A,SER_837_A"
ILE_796_A,"LEU_709_A,ILE_792_A,MET_795_A,ALA_797_A,SER_837_A"
ALA_797_A,"ILE_796_A,CYS_798_A"
CYS_798_A,"SER_793_A,ALA_797_A,VAL_799_A"
VAL_799_A,"GLN_794_A,CYS_798_A,GLY_800_A,VAL_834_A"
GLY_800_A,"VAL_799_A,GLN_801_A"
GLN_801_A,"GLY_800_A,GLN_802_A"
GLN_802_A,"GLN_801_A,ALA_803_A"
ALA_803_A,"GLN_802_A,ILE_804_A"
ILE_804_A,"ALA_803_A,SER_805_A,SER_807_A,VAL_809_A,MET_852_A"
SER_805_A,"ILE_804_A,GLY_806_A"
GLY_806_A,"SER_805_A,SER_807_A"
SER_807_A,"ILE_804_A,GLY_806_A,ARG_808_A"
ARG_808_A,"GLU_749_A,LEU_753_A,SER_807_A,VAL_809_A,LYS_826_A"
VAL_809_A,"ILE_804_A,ARG_808_A,LYS_831_A"
PRO_810_A,ASP_811_A
ASP_811_A,"PRO_810_A,GLY_812_A,LYS_831_A"
GLY_812_A,"ASP_811_A,PHE_813_A"
PHE_813_A,"GLY_812_A,GLU_814_A"
GLU_814_A,"PHE_813_A,ASN_815_A,LYS_823_A"
ASN_815_A,"GLU_814_A,ARG_816_A,HIS_824_A"
ARG_816_A,"ASN_815_A,SER_817_A,LYS_823_A"
SER_817_A,"ARG_816_A,LEU_818_A,ALA_830_A"
LEU_818_A,"SER_817_A,HIS_820_A,PHE_849_A"
PRO_819_A,HIS_820_A
HIS_820_A,"LEU_818_A,PRO_819_A,PHE_821_A"
PHE_821_A,"HIS_820_A,GLU_822_A,ALA_830_A,THR_845_A,PHE_849_A"
GLU_822_A,"PHE_821_A,LYS_823_A"
LYS_823_A,"GLU_814_A,ARG_816_A,GLU_822_A,HIS_824_A"
HIS_824_A,"ASN_815_A,LYS_823_A,SER_825_A"
SER_825_A,"HIS_824_A,LYS_826_A"
LYS_826_A,"LEU_748_A,GLU_749_A,ARG_808_A,SER_825_A,LEU_827_A"
LEU_827_A,LYS_826_A
PRO_828_A,"TYR_721_A,ALA_829_A"
ALA_829_A,"PRO_828_A,ALA_830_A"
ALA_830_A,"SER_817_A,PHE_821_A,ALA_829_A,LYS_831_A"
LYS_831_A,"GLU_749_A,VAL_809_A,ASP_811_A,ALA_830_A,GLY_832_A"
GLY_832_A,"LYS_831_A,PHE_833_A"
PHE_833_A,"LEU_756_A,GLY_832_A,VAL_834_A"
VAL_834_A,"VAL_799_A,PHE_833_A,ALA_835_A,GLU_846_A"
ALA_835_A,"VAL_834_A,ASN_836_A,GLU_846_A"
ASN_836_A,"ALA_835_A,SER_837_A"
SER_837_A,"MET_795_A,ILE_796_A,ASN_836_A,PHE_838_A,TYR_839_A"
PHE_838_A,"SER_837_A,TYR_839_A"
TYR_839_A,"THR_704_A,SER_837_A,PHE_838_A,SER_840_A"
SER_840_A,"TYR_839_A,GLY_841_A"
GLY_841_A,"SER_840_A,LEU_842_A"
LEU_842_A,"GLY_841_A,THR_843_A"
THR_843_A,"LEU_842_A,GLU_846_A,PHE_847_A"
PRO_844_A,THR_845_A
THR_845_A,"PHE_821_A,PRO_844_A,GLU_846_A"
GLU_846_A,"VAL_834_A,ALA_835_A,THR_843_A,THR_845_A,PHE_847_A"
PHE_847_A,"THR_843_A,GLU_846_A,PHE_848_A,THR_851_A"
PHE_848_A,"PHE_847_A,PHE_849_A,MET_852_A"
PHE_849_A,"LEU_818_A,PHE_821_A,PHE_848_A,HIS_850_A,MET_852_A"
HIS_850_A,"PHE_849_A,THR_851_A,GLY_854_A"
THR_851_A,"PHE_847_A,HIS_850_A,MET_852_A,ARG_855_A"
MET_852_A,"ILE_804_A,PHE_848_A,PHE_849_A,THR_851_A,ALA_853_A"
ALA_853_A,"MET_852_A,GLY_854_A"
GLY_854_A,"HIS_850_A,ALA_853_A,ARG_855_A"
ARG_855_A,"THR_851_A,GLY_854_A,GLU_856_A,LEU_858_A,VAL_859_A"
GLU_856_A,"ARG_855_A,GLY_857_A,ASP_860_A"
GLY_857_A,"GLU_856_A,LEU_858_A"
LEU_858_A,"ARG_855_A,GLY_857_A,VAL_859_A"
VAL_859_A,"ARG_855_A,LEU_858_A,ASP_860_A"
ASP_860_A,"GLU_856_A,VAL_859_A,THR_861_A,LYS_864_A"
THR_861_A,"ASP_860_A,ALA_862_A"
ALA_862_A,"THR_861_A,VAL_863_A"
VAL_863_A,"ALA_862_A,LYS_864_A"
LYS_864_A,"ASP_860_A,VAL_863_A,THR_865_A,GLU_867_A,THR_868_A,HIS_1278_A"
THR_865_A,"LYS_864_A,ALA_866_A"
ALA_866_A,"THR_865_A,GLU_867_A"
GLU_867_A,"LYS_864_A,ALA_866_A,THR_868_A,MET_871_A"
THR_868_A,"LYS_864_A,GLU_867_A,GLY_869_A,GLN_872_A,THR_1046_A"
GLY_869_A,"THR_868_A,TYR_870_A"
TYR_870_A,"GLY_869_A,MET_871_A,ARG_873_A,ARG_874_A"
MET_871_A,"GLU_867_A,TYR_870_A,GLN_872_A"
GLN_872_A,"THR_868_A,MET_871_A,ARG_873_A,ALA_1038_A"
ARG_873_A,"ARG_353_A,TYR_870_A,GLN_872_A,ARG_874_A,LYS_877_A,GLU_1322_A"
ARG_874_A,"TYR_870_A,ARG_873_A,LEU_875_A,ASN_1075_A,PHE_1321_A"
LEU_875_A,"ARG_874_A,VAL_876_A,ILE_1041_A,LEU_1290_A,ILE_1303_A"
VAL_876_A,"LEU_875_A,LYS_877_A,ALA_1038_A"
LYS_877_A,"ARG_353_A,ARG_873_A,VAL_876_A,SER_878_A,PHE_1321_A"
SER_878_A,"LYS_877_A,LEU_879_A"
LEU_879_A,"SER_878_A,GLU_880_A,CYS_1037_A,LEU_1293_A"
GLU_880_A,"LEU_879_A,ASP_881_A,LYS_1312_A,VAL_1343_A,SER_1344_A"
ASP_881_A,"GLU_880_A,LEU_882_A,SER_893_A,LYS_1312_A"
LEU_882_A,"ASP_881_A,CYS_883_A,LEU_1293_A"
CYS_883_A,"LEU_882_A,SER_884_A,ILE_1355_A"
SER_884_A,"CYS_883_A,GLN_885_A,GLY_1030_A"
GLN_885_A,"SER_884_A,TYR_886_A,THR_889_A,ARG_891_A"
TYR_886_A,"GLN_885_A,ASP_887_A,PRO_1029_A,LEU_1359_A"
ASP_887_A,"TYR_886_A,LEU_888_A,THR_889_A,ARG_891_A"
LEU_888_A,"ASP_887_A,THR_889_A"
THR_889_A,"GLN_885_A,ASP_887_A,LEU_888_A,VAL_890_A,ARG_891_A"
VAL_890_A,"THR_889_A,ARG_891_A,ILE_898_A,GLN_899_A,TYR_902_A"
ARG_891_A,"GLN_885_A,ASP_887_A,THR_889_A,VAL_890_A,SER_892_A"
SER_892_A,"ARG_891_A,SER_893_A,ASP_896_A"
SER_893_A,"ASP_881_A,SER_892_A,THR_894_A"
THR_894_A,"SER_893_A,GLY_895_A,ASP_896_A,GLU_1313_A"
GLY_895_A,"THR_894_A,ASP_896_A"
ASP_896_A,"SER_892_A,THR_894_A,GLY_895_A,ILE_897_A,LYS_1297_A"
ILE_897_A,"ASP_896_A,ILE_898_A,PHE_900_A"
ILE_898_A,"VAL_890_A,ILE_897_A,GLN_899_A"
GLN_899_A,"VAL_890_A,ILE_898_A,PHE_900_A,GLY_903_A,MET_1288_A"
PHE_900_A,"ILE_897_A,GLN_899_A,ILE_901_A"
ILE_901_A,"PHE_900_A,TYR_902_A"
TYR_902_A,"VAL_890_A,ILE_901_A,GLY_903_A,GLY_906_A,MET_1027_A,VAL_1033_A"
GLY_903_A,"GLN_899_A,TYR_902_A,GLY_904_A"
GLY_904_A,"GLY_903_A,ASP_905_A"
ASP_905_A,"GLY_904_A,GLY_906_A,LEU_907_A,ARG_1284_A,ARG_1285_A"
GLY_906_A,"TYR_902_A,ASP_905_A,LEU_907_A,MET_1027_A"
LEU_907_A,"ASP_905_A,GLY_906_A,ASP_908_A,MET_912_A,PRO_918_A,TYR_1022_A"
ASP_908_A,"LEU_907_A,GLU_1028_A"
PRO_909_A,"ALA_910_A,ASP_1283_A"
ALA_910_A,"PRO_909_A,ALA_911_A"
ALA_911_A,"ALA_910_A,MET_912_A,ALA_1025_A"
MET_912_A,"LYS_660_A,LEU_907_A,ALA_911_A,GLU_913_A"
GLU_913_A,"LYS_660_A,ARG_669_A,MET_912_A,GLY_914_A,GLU_920_A,ARG_923_A"
GLY_914_A,"GLU_913_A,LYS_915_A"
LYS_915_A,"GLY_914_A,ASP_916_A"
ASP_916_A,"LYS_660_A,LYS_915_A,GLU_917_A,ASP_1283_A,ARG_1284_A,ARG_1285_A"
GLU_917_A,"ASP_916_A,GLU_968_A,ARG_1284_A"
PRO_918_A,"LEU_907_A,LEU_919_A"
LEU_919_A,"PRO_918_A,GLU_920_A,PHE_921_A,VAL_924_A,PHE_965_A"
GLU_920_A,"GLU_913_A,LEU_919_A,PHE_921_A,LYS_922_A,ARG_923_A"
PHE_921_A,"LEU_919_A,GLU_920_A,LYS_922_A,PHE_965_A,GLU_968_A,ILE_969_A,PHE_972_A"
LYS_922_A,"GLU_920_A,PHE_921_A,ARG_923_A,ASP_926_A,LYS_929_A"
ARG_923_A,"ASP_670_A,GLU_913_A,GLU_920_A,LYS_922_A,VAL_924_A,LYS_1021_A"
VAL_924_A,"LEU_919_A,ARG_923_A,LEU_925_A,ILE_928_A"
LEU_925_A,"VAL_924_A,ASP_926_A,PHE_972_A,ILE_1006_A,PHE_1014_A"
ASP_926_A,"ARG_618_A,LYS_922_A,LEU_925_A,ASN_927_A,LYS_929_A"
ASN_927_A,"ASP_926_A,ILE_928_A,VAL_931_A"
ILE_928_A,"VAL_924_A,ASN_927_A,LYS_929_A,PHE_932_A"
LYS_929_A,"LYS_922_A,ASP_926_A,ILE_928_A,ALA_930_A,ASP_1004_A"
ALA_930_A,"LYS_929_A,VAL_931_A"
VAL_931_A,"ASN_927_A,ALA_930_A,PHE_932_A"
PHE_932_A,"ILE_928_A,VAL_931_A,GLN_1010_A,LYS_1013_A"
PRO_933_A,CYS_934_A
CYS_934_A,"PRO_933_A,GLU_937_A,ARG_1005_A"
PRO_935_A,SER_936_A
SER_936_A,"PRO_935_A,GLU_937_A"
GLU_937_A,"CYS_934_A,SER_936_A"
PRO_938_A,ALA_939_A
ALA_939_A,"PRO_938_A,LEU_940_A,SER_941_A,ARG_1005_A"
LEU_940_A,"ALA_939_A,SER_941_A"
SER_941_A,"ALA_939_A,LEU_940_A,LYS_942_A,ASN_943_A"
LYS_942_A,"SER_941_A,ASN_943_A,GLU_978_A,LYS_981_A"
ASN_943_A,"SER_941_A,LYS_942_A,GLU_944_A"
GLU_944_A,"ASN_943_A,LEU_945_A,THR_948_A"
LEU_945_A,"GLU_944_A,ILE_946_A,THR_949_A,ILE_1006_A"
ILE_946_A,"LEU_945_A,LEU_947_A"
LEU_947_A,"ILE_946_A,THR_948_A"
THR_948_A,"GLU_944_A,LEU_947_A,THR_949_A"
THR_949_A,"LEU_945_A,THR_948_A,GLU_950_A,ILE_973_A"
GLU_950_A,"THR_949_A,SER_951_A,LYS_954_A"
SER_951_A,"GLU_950_A,ILE_952_A"
ILE_952_A,"SER_951_A,MET_953_A,LEU_1015_A"
MET_953_A,"ILE_952_A,LYS_954_A"
LYS_954_A,"GLU_950_A,MET_953_A,LYS_955_A"
LYS_955_A,"LYS_954_A,SER_956_A,GLU_957_A,GLU_1012_A,GLU_1016_A"
SER_956_A,"LYS_955_A,GLU_957_A"
GLU_957_A,"LYS_955_A,SER_956_A,PHE_958_A,ARG_1019_A"
PHE_958_A,"GLU_957_A,LEU_959_A,ARG_1019_A"
LEU_959_A,"PHE_958_A,CYS_960_A"
CYS_960_A,"LEU_959_A,CYS_961_A,MET_1023_A"
CYS_961_A,"CYS_960_A,GLN_962_A"
GLN_962_A,"CYS_961_A,ASP_963_A,SER_964_A,TYR_1022_A"
ASP_963_A,"GLN_962_A,SER_964_A"
SER_964_A,"GLN_962_A,ASP_963_A,PHE_965_A"
PHE_965_A,"LEU_919_A,PHE_921_A,SER_964_A,LEU_966_A,GLU_968_A,ILE_969_A,TYR_1022_A"
LEU_966_A,"PHE_965_A,GLN_967_A"
GLN_967_A,"LEU_966_A,GLU_968_A,LYS_970_A,LYS_971_A"
GLU_968_A,"GLU_917_A,PHE_921_A,PHE_965_A,GLN_967_A,ILE_969_A"
ILE_969_A,"PHE_921_A,PHE_965_A,GLU_968_A,LYS_970_A,ILE_973_A,LEU_1015_A"
LYS_970_A,"GLN_967_A,ILE_969_A,LYS_971_A"
LYS_971_A,"GLN_967_A,LYS_970_A,PHE_972_A,LYS_974_A"
PHE_972_A,"PHE_921_A,LEU_925_A,LYS_971_A,ILE_973_A,VAL_976_A,PHE_1014_A"
ILE_973_A,"THR_949_A,ILE_969_A,PHE_972_A,LYS_974_A,SER_977_A"
LYS_974_A,"LYS_971_A,ILE_973_A,GLY_975_A"
GLY_975_A,"LYS_974_A,VAL_976_A"
VAL_976_A,"PHE_972_A,GLY_975_A,SER_977_A"
SER_977_A,"ILE_973_A,VAL_976_A,GLU_978_A"
GLU_978_A,"LYS_942_A,SER_977_A,LYS_979_A,LYS_982_A"
LYS_979_A,"GLU_978_A,ILE_980_A,LYS_982_A,LYS_986_A,ASP_1004_A"
ILE_980_A,"LYS_979_A,LYS_981_A,THR_983_A,ARG_984_A,ILE_1006_A"
LYS_981_A,"LYS_942_A,ILE_980_A,LYS_982_A,ASP_985_A"
LYS_982_A,"GLU_978_A,LYS_979_A,LYS_981_A,THR_983_A"
THR_983_A,"ILE_980_A,LYS_982_A,ARG_984_A,LYS_986_A"
ARG_984_A,"ILE_980_A,THR_983_A,ASP_985_A"
ASP_985_A,"LYS_981_A,ARG_984_A,LYS_986_A"
LYS_986_A,"LYS_979_A,THR_983_A,ASP_985_A,TYR_987_A"
TYR_987_A,"LYS_986_A,GLY_988_A,LEU_1000_A"
GLY_988_A,"TYR_987_A,ILE_989_A"
ILE_989_A,"GLY_988_A,ASN_990_A,TYR_1001_A"
ASN_990_A,"ILE_989_A,ASP_991_A"
ASP_991_A,"ASN_990_A,ASN_992_A"
ASN_992_A,"ASP_991_A,GLY_993_A,THR_994_A"
GLY_993_A,"ASN_992_A,THR_994_A"
THR_994_A,"ASN_992_A,GLY_993_A,THR_995_A"
THR_995_A,"THR_994_A,GLU_996_A,TYR_1001_A"
GLU_996_A,THR_995_A
PRO_997_A,"ARG_998_A,LEU_1000_A"
ARG_998_A,"PRO_997_A,VAL_999_A"
VAL_999_A,"ARG_998_A,LEU_1000_A,GLN_1002_A"
LEU_1000_A,"TYR_987_A,PRO_997_A,VAL_999_A,TYR_1001_A,LEU_1003_A"
TYR_1001_A,"ILE_989_A,THR_995_A,LEU_1000_A,GLN_1002_A"
GLN_1002_A,"VAL_999_A,TYR_1001_A,LEU_1003_A"
LEU_1003_A,"LEU_1000_A,GLN_1002_A,ASP_1004_A"
ASP_1004_A,"LYS_929_A,LYS_979_A,LEU_1003_A,ARG_1005_A"
ARG_1005_A,"CYS_934_A,ALA_939_A,ASP_1004_A,ILE_1006_A"
ILE_1006_A,"LEU_925_A,LEU_945_A,ILE_980_A,ARG_1005_A,THR_1007_A"
THR_1007_A,"ILE_1006_A,THR_1009_A,GLN_1010_A"
PRO_1008_A,THR_1009_A
THR_1009_A,"THR_1007_A,PRO_1008_A,GLN_1010_A"
GLN_1010_A,"PHE_932_A,THR_1007_A,THR_1009_A,VAL_1011_A,PHE_1014_A"
VAL_1011_A,"GLN_1010_A,GLU_1012_A"
GLU_1012_A,"LYS_955_A,VAL_1011_A,LYS_1013_A,GLU_1016_A"
LYS_1013_A,"PHE_932_A,GLU_1012_A,PHE_1014_A,GLU_1016_A,THR_1017_A"
PHE_1014_A,"LEU_925_A,PHE_972_A,GLN_1010_A,LYS_1013_A,LEU_1015_A"
LEU_1015_A,"ILE_952_A,ILE_969_A,PHE_1014_A,GLU_1016_A,ARG_1019_A"
GLU_1016_A,"LYS_955_A,GLU_1012_A,LYS_1013_A,LEU_1015_A,THR_1017_A,ARG_1019_A"
THR_1017_A,"LYS_1013_A,GLU_1016_A,CYS_1018_A,LYS_1021_A"
CYS_1018_A,"THR_1017_A,ARG_1019_A"
ARG_1019_A,"GLU_957_A,PHE_958_A,LEU_1015_A,GLU_1016_A,CYS_1018_A,ASP_1020_A,TYR_1022_A,MET_1023_A"
ASP_1020_A,"ARG_1019_A,LYS_1021_A,ARG_1024_A"
LYS_1021_A,"ASP_670_A,ARG_923_A,THR_1017_A,ASP_1020_A,TYR_1022_A"
TYR_1022_A,"LEU_907_A,GLN_962_A,PHE_965_A,ARG_1019_A,LYS_1021_A,MET_1023_A"
MET_1023_A,"CYS_960_A,ARG_1019_A,TYR_1022_A,ARG_1024_A"
ARG_1024_A,"ASP_1020_A,MET_1023_A,ALA_1025_A"
ALA_1025_A,"ALA_911_A,ARG_1024_A,GLN_1026_A"
GLN_1026_A,"ALA_1025_A,MET_1027_A"
MET_1027_A,"TYR_902_A,GLY_906_A,GLN_1026_A,GLU_1028_A,SER_1031_A"
GLU_1028_A,"ASP_908_A,MET_1027_A,SER_1031_A"
PRO_1029_A,"TYR_886_A,GLY_1030_A"
GLY_1030_A,"SER_884_A,PRO_1029_A,SER_1031_A"
SER_1031_A,"MET_1027_A,GLU_1028_A,GLY_1030_A,ALA_1032_A"
ALA_1032_A,"SER_1031_A,VAL_1033_A,ALA_1035_A,LEU_1036_A"
VAL_1033_A,"TYR_902_A,ALA_1032_A,GLY_1034_A,LEU_1289_A"
GLY_1034_A,"VAL_1033_A,ALA_1035_A,CYS_1037_A,ALA_1038_A"
ALA_1035_A,"ALA_1032_A,GLY_1034_A,LEU_1036_A"
LEU_1036_A,"LYS_470_A,ALA_1032_A,ALA_1035_A,CYS_1037_A,SER_1040_A"
CYS_1037_A,"LEU_879_A,GLY_1034_A,LEU_1036_A,ALA_1038_A,ILE_1041_A"
ALA_1038_A,"GLN_872_A,VAL_876_A,GLY_1034_A,CYS_1037_A,GLN_1039_A"
GLN_1039_A,"ALA_1038_A,SER_1040_A,GLU_1043_A"
SER_1040_A,"LEU_1036_A,GLN_1039_A,ILE_1041_A"
ILE_1041_A,"LEU_875_A,CYS_1037_A,SER_1040_A,GLY_1042_A,ILE_1282_A,LEU_1290_A"
GLY_1042_A,"ILE_1041_A,GLU_1043_A"
GLU_1043_A,"HIS_469_A,ARG_533_A,GLN_1039_A,GLY_1042_A,THR_1046_A"
PRO_1044_A,"GLY_1045_A,MET_1280_A"
GLY_1045_A,"PRO_1044_A,THR_1046_A"
THR_1046_A,"LEU_468_A,THR_868_A,GLU_1043_A,GLY_1045_A,GLN_1047_A"
GLN_1047_A,"THR_1046_A,MET_1280_A"
MET_1061_A,ASN_1062_A
ASN_1062_A,"MET_1061_A,ILE_1063_A"
ILE_1063_A,"ASN_1062_A,THR_1064_A,LEU_1065_A,ILE_1084_A"
THR_1064_A,"ILE_1063_A,LEU_1065_A"
LEU_1065_A,"ILE_1063_A,THR_1064_A,GLY_1066_A,THR_1274_A"
GLY_1066_A,"LEU_1065_A,VAL_1067_A,ARG_1069_A"
VAL_1067_A,"GLY_1066_A,LYS_1071_A"
PRO_1068_A,ARG_1069_A
ARG_1069_A,"GLY_1066_A,PRO_1068_A,ILE_1070_A,GLU_1072_A,ILE_1073_A,ASN_1249_A,GLU_1270_A"
ILE_1070_A,"ARG_1069_A,LYS_1071_A,ILE_1074_A,THR_1274_A"
LYS_1071_A,"VAL_1067_A,ILE_1070_A,GLU_1072_A"
GLU_1072_A,"ARG_1069_A,LYS_1071_A,ILE_1073_A,ILE_1080_A"
ILE_1073_A,"ARG_1069_A,GLU_1072_A,ILE_1074_A,ALA_1076_A,GLU_1270_A,ILE_1271_A"
ILE_1074_A,"ILE_1070_A,ILE_1073_A,ASN_1075_A,LEU_1290_A,ILE_1303_A"
ASN_1075_A,"ARG_874_A,ILE_1074_A,ALA_1076_A"
ALA_1076_A,"ILE_1073_A,ASN_1075_A,SER_1077_A,MET_1294_A"
SER_1077_A,"ALA_1076_A,LYS_1078_A"
LYS_1078_A,"SER_1077_A,ALA_1079_A,TYR_1252_A"
ALA_1079_A,"LYS_1078_A,ILE_1080_A"
ILE_1080_A,"GLU_1072_A,ALA_1079_A,SER_1081_A"
SER_1081_A,"ILE_1080_A,THR_1082_A"
THR_1082_A,SER_1081_A
PRO_1083_A,ILE_1084_A
ILE_1084_A,"ILE_1063_A,PRO_1083_A,ILE_1085_A,ASN_1249_A"
ILE_1085_A,"ILE_1084_A,THR_1086_A,VAL_1227_A,LEU_1232_A"
THR_1086_A,"ILE_1085_A,ALA_1087_A,THR_1246_A"
ALA_1087_A,"THR_1086_A,GLN_1088_A"
GLN_1088_A,"ALA_1087_A,LEU_1089_A"
LEU_1089_A,"GLN_1088_A,ASP_1090_A,ALA_1098_A,VAL_1101_A,LEU_1225_A"
ASP_1090_A,"LEU_1089_A,LYS_1091_A,HIS_1239_A,GLY_1240_A"
LYS_1091_A,"ASP_1090_A,ASP_1092_A,TYR_1097_A"
ASP_1092_A,"LYS_1091_A,ASP_1093_A"
ASP_1093_A,"ASP_1092_A,ASP_1094_A"
ASP_1094_A,"ASP_1093_A,ALA_1095_A,ASP_1096_A"
ALA_1095_A,"ASP_1094_A,ASP_1096_A"
ASP_1096_A,"ASP_1094_A,ALA_1095_A,TYR_1097_A,ARG_1099_A,ARG_1141_A"
TYR_1097_A,"LYS_1091_A,ASP_1096_A,ALA_1098_A"
ALA_1098_A,"LEU_1089_A,TYR_1097_A,ARG_1099_A,LYS_1102_A,ILE_1212_A"
ARG_1099_A,"ASP_1096_A,ALA_1098_A,LEU_1100_A,LYS_1102_A,ARG_1141_A"
LEU_1100_A,"ARG_1099_A,VAL_1101_A"
VAL_1101_A,"LEU_1089_A,LEU_1100_A,LYS_1102_A,VAL_1241_A"
LYS_1102_A,"ALA_1098_A,ARG_1099_A,VAL_1101_A,GLY_1103_A,GLU_1106_A"
GLY_1103_A,"LYS_1102_A,ARG_1104_A,GLN_1202_A"
ARG_1104_A,"GLY_1103_A,ILE_1105_A,GLU_1143_A,HIS_1239_A"
ILE_1105_A,"ARG_1104_A,GLU_1106_A,ILE_1204_A,LEU_1225_A,VAL_1227_A,THR_1238_A"
GLU_1106_A,"LYS_1102_A,ILE_1105_A,LYS_1107_A,GLU_1112_A"
LYS_1107_A,"GLU_1106_A,THR_1108_A,LEU_1109_A,GLU_1112_A"
THR_1108_A,"LYS_1107_A,LEU_1109_A,GLU_1112_A,ILE_1113_A"
LEU_1109_A,"LYS_1107_A,THR_1108_A,LEU_1110_A,GLU_1112_A"
LEU_1110_A,"LEU_1109_A,GLY_1111_A,VAL_1149_A,VAL_1199_A"
GLY_1111_A,"LEU_1110_A,GLU_1112_A,ILE_1113_A"
GLU_1112_A,"GLU_1106_A,LYS_1107_A,THR_1108_A,LEU_1109_A,GLY_1111_A,ILE_1113_A"
ILE_1113_A,"THR_1108_A,GLY_1111_A,GLU_1112_A,SER_1114_A,SER_1133_A,ILE_1137_A"
SER_1114_A,"ILE_1113_A,GLU_1115_A"
GLU_1115_A,"SER_1114_A,TYR_1116_A,ILE_1117_A,LYS_1131_A,GLU_1135_A"
TYR_1116_A,"GLU_1115_A,ILE_1117_A,LYS_1131_A"
ILE_1117_A,"GLU_1115_A,TYR_1116_A,GLU_1118_A,VAL_1130_A"
GLU_1118_A,"ILE_1117_A,GLU_1119_A,LEU_1129_A,LYS_1131_A"
GLU_1119_A,"GLU_1118_A,VAL_1120_A,LYS_1193_A"
VAL_1120_A,"GLU_1119_A,PHE_1121_A,PHE_1127_A"
PHE_1121_A,"VAL_1120_A,LEU_1122_A,CYS_1126_A"
LEU_1122_A,PHE_1121_A
PRO_1123_A,ASP_1124_A
ASP_1124_A,"PRO_1123_A,ASP_1125_A"
ASP_1125_A,"ASP_1124_A,CYS_1126_A"
CYS_1126_A,"PHE_1121_A,ASP_1125_A,PHE_1127_A"
PHE_1127_A,"VAL_1120_A,CYS_1126_A,ILE_1128_A,VAL_1175_A"
ILE_1128_A,"PHE_1127_A,LEU_1129_A,THR_1176_A"
LEU_1129_A,"GLU_1118_A,ILE_1128_A,VAL_1130_A,VAL_1173_A"
VAL_1130_A,"ILE_1117_A,LEU_1129_A,LYS_1131_A,CYS_1174_A"
LYS_1131_A,"GLU_1115_A,TYR_1116_A,GLU_1118_A,VAL_1130_A,LEU_1132_A"
LEU_1132_A,"LYS_1131_A,SER_1133_A,VAL_1149_A"
SER_1133_A,"ILE_1113_A,LEU_1132_A,LEU_1134_A"
LEU_1134_A,"SER_1133_A,GLU_1135_A"
GLU_1135_A,"GLU_1115_A,LEU_1134_A,ARG_1136_A,ARG_1138_A,LEU_1139_A"
ARG_1136_A,"GLU_1135_A,ILE_1137_A,ARG_1138_A,LEU_1139_A,LEU_1140_A"
ILE_1137_A,"ILE_1113_A,ARG_1136_A,ARG_1138_A,LEU_1142_A,VAL_1144_A"
ARG_1138_A,"GLU_1135_A,ARG_1136_A,ILE_1137_A,LEU_1139_A"
LEU_1139_A,"GLU_1135_A,ARG_1136_A,ARG_1138_A,LEU_1140_A,ARG_1141_A"
LEU_1140_A,"ARG_1136_A,LEU_1139_A,ARG_1141_A,LEU_1142_A"
ARG_1141_A,"ASP_1096_A,ARG_1099_A,LEU_1139_A,LEU_1140_A,LEU_1142_A,GLU_1143_A"
LEU_1142_A,"ILE_1137_A,LEU_1140_A,ARG_1141_A,GLU_1143_A,VAL_1144_A"
GLU_1143_A,"ARG_1104_A,ARG_1141_A,LEU_1142_A,VAL_1144_A"
VAL_1144_A,"ILE_1137_A,LEU_1142_A,GLU_1143_A,ASN_1145_A,VAL_1201_A,GLN_1202_A"
ASN_1145_A,"VAL_1144_A,ALA_1146_A,THR_1148_A,VAL_1149_A"
ALA_1146_A,"ASN_1145_A,GLU_1147_A"
GLU_1147_A,"ALA_1146_A,THR_1148_A,ARG_1150_A"
THR_1148_A,"ASN_1145_A,GLU_1147_A,VAL_1149_A,SER_1152_A"
VAL_1149_A,"LEU_1110_A,LEU_1132_A,ASN_1145_A,THR_1148_A,ARG_1150_A,SER_1152_A,ILE_1153_A,VAL_1201_A"
ARG_1150_A,"GLU_1147_A,VAL_1149_A,TYR_1151_A,VAL_1165_A,VAL_1167_A"
TYR_1151_A,"ARG_1150_A,SER_1152_A"
SER_1152_A,"THR_1148_A,VAL_1149_A,TYR_1151_A,ILE_1153_A,VAL_1201_A"
ILE_1153_A,"VAL_1149_A,SER_1152_A,CYS_1154_A,SER_1156_A"
CYS_1154_A,"ILE_1153_A,THR_1155_A"
THR_1155_A,"CYS_1154_A,SER_1156_A"
SER_1156_A,"ILE_1153_A,THR_1155_A,LYS_1157_A,LEU_1158_A"
LYS_1157_A,"SER_1156_A,LEU_1158_A"
LEU_1158_A,"SER_1156_A,LYS_1157_A,ARG_1159_A,VAL_1160_A,ASP_1195_A"
ARG_1159_A,"LEU_1158_A,VAL_1160_A,GLU_1179_A"
VAL_1160_A,"LEU_1158_A,ARG_1159_A,LYS_1161_A"
LYS_1161_A,VAL_1160_A
PRO_1162_A,GLY_1163_A
GLY_1163_A,"PRO_1162_A,ASP_1164_A"
ASP_1164_A,"GLY_1163_A,VAL_1165_A,GLU_1179_A"
VAL_1165_A,"ARG_1150_A,ASP_1164_A,ALA_1166_A"
ALA_1166_A,"VAL_1165_A,VAL_1167_A,VAL_1175_A"
VAL_1167_A,"ARG_1150_A,ALA_1166_A,HIS_1168_A"
HIS_1168_A,"VAL_1167_A,GLY_1169_A,VAL_1173_A"
GLY_1169_A,"HIS_1168_A,GLU_1170_A"
GLU_1170_A,"GLY_1169_A,ALA_1171_A,VAL_1172_A"
ALA_1171_A,"GLU_1170_A,VAL_1172_A"
VAL_1172_A,"GLU_1170_A,ALA_1171_A,VAL_1173_A"
VAL_1173_A,"LEU_1129_A,HIS_1168_A,VAL_1172_A,CYS_1174_A"
CYS_1174_A,"VAL_1130_A,VAL_1173_A,VAL_1175_A"
VAL_1175_A,"PHE_1127_A,ALA_1166_A,CYS_1174_A,THR_1176_A"
THR_1176_A,"ILE_1128_A,VAL_1175_A"
PRO_1177_A,ARG_1178_A
ARG_1178_A,"PRO_1177_A,GLU_1179_A"
GLU_1179_A,"ARG_1159_A,ASP_1164_A,ARG_1178_A,ASN_1180_A,SER_1184_A,VAL_1188_A"
ASN_1180_A,"GLU_1179_A,SER_1181_A"
SER_1181_A,"ASN_1180_A,LYS_1182_A"
LYS_1182_A,"SER_1181_A,SER_1183_A"
SER_1183_A,"LYS_1182_A,SER_1184_A"
SER_1184_A,"GLU_1179_A,SER_1183_A,MET_1185_A"
MET_1185_A,"SER_1184_A,TYR_1186_A"
TYR_1186_A,"MET_1185_A,TYR_1187_A,LEU_1189_A,GLN_1190_A"
TYR_1187_A,"TYR_1186_A,VAL_1188_A"
VAL_1188_A,"GLU_1179_A,TYR_1187_A,LEU_1189_A,LEU_1192_A"
LEU_1189_A,"TYR_1186_A,VAL_1188_A,GLN_1190_A"
GLN_1190_A,"TYR_1186_A,LEU_1189_A,PHE_1191_A"
PHE_1191_A,"GLN_1190_A,LEU_1192_A"
LEU_1192_A,"VAL_1188_A,PHE_1191_A,LYS_1193_A"
LYS_1193_A,"GLU_1119_A,LEU_1192_A,GLU_1194_A"
GLU_1194_A,"LYS_1193_A,ASP_1195_A,LYS_1198_A"
ASP_1195_A,"LEU_1158_A,GLU_1194_A,LEU_1196_A,LYS_1198_A"
LEU_1196_A,ASP_1195_A
PRO_1197_A,LYS_1198_A
LYS_1198_A,"GLU_1194_A,ASP_1195_A,PRO_1197_A,VAL_1199_A"
VAL_1199_A,"LEU_1110_A,LYS_1198_A,VAL_1200_A"
VAL_1200_A,"VAL_1199_A,VAL_1201_A"
VAL_1201_A,"VAL_1144_A,VAL_1149_A,SER_1152_A,VAL_1200_A,GLN_1202_A"
GLN_1202_A,"GLY_1103_A,VAL_1144_A,VAL_1201_A,GLY_1203_A"
GLY_1203_A,"GLN_1202_A,ILE_1204_A"
ILE_1204_A,"ILE_1105_A,GLY_1203_A,VAL_1207_A,ASN_1231_A,ALA_1234_A,THR_1238_A"
PRO_1205_A,GLU_1206_A
GLU_1206_A,"PRO_1205_A,VAL_1207_A,ASP_1230_A,ASN_1231_A,GLU_1253_A"
VAL_1207_A,"ILE_1204_A,GLU_1206_A,SER_1208_A"
SER_1208_A,"VAL_1207_A,ARG_1209_A,GLU_1228_A"
ARG_1209_A,"SER_1208_A,ALA_1210_A,GLU_1228_A"
ALA_1210_A,"ARG_1209_A,VAL_1211_A,VAL_1227_A"
VAL_1211_A,"ALA_1210_A,ILE_1212_A,LEU_1226_A"
ILE_1212_A,"ALA_1098_A,VAL_1211_A,HIS_1213_A,TYR_1223_A"
HIS_1213_A,"ILE_1212_A,ILE_1214_A,LYS_1224_A"
ILE_1214_A,"HIS_1213_A,TYR_1223_A"
LYS_1222_A,TYR_1223_A
TYR_1223_A,"ILE_1212_A,ILE_1214_A,LYS_1222_A,LYS_1224_A"
LYS_1224_A,"HIS_1213_A,TYR_1223_A,LEU_1225_A"
LEU_1225_A,"LEU_1089_A,ILE_1105_A,LYS_1224_A,LEU_1226_A"
LEU_1226_A,"VAL_1211_A,LEU_1225_A,VAL_1227_A"
VAL_1227_A,"ILE_1085_A,ILE_1105_A,ALA_1210_A,LEU_1226_A,GLU_1228_A"
GLU_1228_A,"SER_1208_A,ARG_1209_A,VAL_1227_A,GLY_1229_A"
GLY_1229_A,"GLU_1228_A,ASP_1230_A"
ASP_1230_A,"GLU_1206_A,GLY_1229_A,ASN_1231_A,LEU_1232_A,GLU_1253_A"
ASN_1231_A,"ILE_1204_A,GLU_1206_A,ASP_1230_A,LEU_1232_A"
LEU_1232_A,"ILE_1085_A,ASP_1230_A,ASN_1231_A,ARG_1233_A,VAL_1235_A,MET_1236_A,THR_1257_A"
ARG_1233_A,"LEU_1232_A,ALA_1234_A,THR_1257_A"
ALA_1234_A,"ILE_1204_A,ARG_1233_A,VAL_1235_A"
VAL_1235_A,"LEU_1232_A,ALA_1234_A,MET_1236_A,THR_1238_A"
MET_1236_A,"LEU_1232_A,VAL_1235_A,ALA_1237_A,THR_1246_A"
ALA_1237_A,"MET_1236_A,THR_1238_A"
THR_1238_A,"ILE_1105_A,ILE_1204_A,VAL_1235_A,ALA_1237_A,HIS_1239_A"
HIS_1239_A,"ASP_1090_A,ARG_1104_A,THR_1238_A,GLY_1240_A"
GLY_1240_A,"ASP_1090_A,HIS_1239_A,VAL_1241_A"
VAL_1241_A,"VAL_1101_A,GLY_1240_A,LYS_1242_A"
LYS_1242_A,"VAL_1241_A,GLY_1243_A,ARG_1245_A"
GLY_1243_A,"LYS_1242_A,THR_1244_A"
THR_1244_A,"GLY_1243_A,ARG_1245_A"
ARG_1245_A,"LYS_1242_A,THR_1244_A,THR_1246_A"
THR_1246_A,"THR_1086_A,MET_1236_A,ARG_1245_A,THR_1247_A"
THR_1247_A,"THR_1246_A,SER_1248_A"
SER_1248_A,"THR_1247_A,ASN_1249_A,ASN_1250_A"
ASN_1249_A,"ARG_1069_A,ILE_1084_A,SER_1248_A,ASN_1250_A"
ASN_1250_A,"SER_1248_A,ASN_1249_A,THR_1251_A,GLU_1253_A"
THR_1251_A,"ASN_1250_A,TYR_1252_A"
TYR_1252_A,"LYS_1078_A,THR_1251_A,GLU_1253_A,GLU_1255_A,LYS_1256_A"
GLU_1253_A,"GLU_1206_A,ASP_1230_A,ASN_1250_A,TYR_1252_A,VAL_1254_A,LYS_1256_A"
VAL_1254_A,"GLU_1253_A,GLU_1255_A,LEU_1258_A,ALA_1262_A"
GLU_1255_A,"TYR_1252_A,VAL_1254_A,LYS_1256_A,ALA_1263_A,VAL_1300_A"
LYS_1256_A,"TYR_1252_A,GLU_1253_A,GLU_1255_A,THR_1257_A"
THR_1257_A,"LEU_1232_A,ARG_1233_A,LYS_1256_A,LEU_1258_A"
LEU_1258_A,"VAL_1254_A,THR_1257_A,GLY_1259_A,ALA_1262_A"
GLY_1259_A,"LEU_1258_A,ILE_1260_A"
ILE_1260_A,"GLY_1259_A,GLU_1261_A,ALA_1263_A,ARG_1264_A"
GLU_1261_A,"ILE_1260_A,ALA_1262_A,ARG_1264_A"
ALA_1262_A,"VAL_1254_A,LEU_1258_A,GLU_1261_A,ALA_1263_A"
ALA_1263_A,"GLU_1255_A,ILE_1260_A,ALA_1262_A,ARG_1264_A"
ARG_1264_A,"ILE_1260_A,GLU_1261_A,ALA_1263_A,THR_1265_A,ASP_1292_A"
THR_1265_A,"ARG_1264_A,THR_1266_A,ASN_1269_A"
THR_1266_A,"THR_1265_A,ILE_1267_A,GLU_1270_A"
ILE_1267_A,"THR_1266_A,ILE_1268_A"
ILE_1268_A,"ILE_1267_A,ASN_1269_A"
ASN_1269_A,"THR_1265_A,ILE_1268_A,GLU_1270_A,GLN_1272_A,TYR_1273_A"
GLU_1270_A,"ARG_1069_A,ILE_1073_A,THR_1266_A,ASN_1269_A,ILE_1271_A"
ILE_1271_A,"ILE_1073_A,GLU_1270_A,GLN_1272_A,MET_1275_A,LEU_1290_A"
GLN_1272_A,"ASN_1269_A,ILE_1271_A,TYR_1273_A"
TYR_1273_A,"ASN_1269_A,GLN_1272_A,THR_1274_A"
THR_1274_A,"LEU_1065_A,ILE_1070_A,TYR_1273_A,MET_1275_A"
MET_1275_A,"ILE_1271_A,THR_1274_A,VAL_1276_A,ILE_1282_A"
VAL_1276_A,"MET_1275_A,ASN_1277_A"
ASN_1277_A,"VAL_1276_A,HIS_1278_A"
HIS_1278_A,"LYS_864_A,ASN_1277_A,GLY_1279_A"
GLY_1279_A,"HIS_1278_A,MET_1280_A"
MET_1280_A,"PRO_1044_A,GLN_1047_A,GLY_1279_A,SER_1281_A"
SER_1281_A,"ARG_533_A,ASN_534_A,MET_1280_A,ILE_1282_A"
ILE_1282_A,"ILE_1041_A,MET_1275_A,SER_1281_A,ASP_1283_A"
ASP_1283_A,"LYS_660_A,PRO_909_A,ASP_916_A,ILE_1282_A,ARG_1284_A,ARG_1285_A,HIS_1286_A"
ARG_1284_A,"ASP_905_A,ASP_916_A,GLU_917_A,ASP_1283_A,ARG_1285_A,VAL_1287_A,MET_1288_A"
ARG_1285_A,"ASP_905_A,ASP_916_A,ASP_1283_A,ARG_1284_A,HIS_1286_A"
HIS_1286_A,"PRO_532_A,ASP_1283_A,ARG_1285_A,VAL_1287_A"
VAL_1287_A,"ARG_1284_A,HIS_1286_A,MET_1288_A,SER_1291_A"
MET_1288_A,"GLN_899_A,ARG_1284_A,VAL_1287_A,LEU_1289_A"
LEU_1289_A,"VAL_1033_A,MET_1288_A,LEU_1290_A,LEU_1293_A"
LEU_1290_A,"LEU_875_A,ILE_1041_A,ILE_1074_A,ILE_1271_A,LEU_1289_A,SER_1291_A"
SER_1291_A,"VAL_1287_A,LEU_1290_A,ASP_1292_A"
ASP_1292_A,"ARG_1264_A,SER_1291_A,LEU_1293_A"
LEU_1293_A,"LEU_879_A,LEU_882_A,LEU_1289_A,ASP_1292_A,MET_1294_A"
MET_1294_A,"ALA_1076_A,LEU_1293_A,THR_1295_A,LEU_1301_A"
THR_1295_A,"MET_1294_A,TYR_1296_A,VAL_1300_A"
TYR_1296_A,"THR_1295_A,LYS_1297_A"
LYS_1297_A,"ASP_896_A,TYR_1296_A,GLY_1298_A,GLU_1299_A,LEU_1301_A"
GLY_1298_A,"LYS_1297_A,GLU_1299_A"
GLU_1299_A,"LYS_1297_A,GLY_1298_A,VAL_1300_A,LEU_1301_A,LYS_1310_A"
VAL_1300_A,"GLU_1255_A,THR_1295_A,GLU_1299_A,LEU_1301_A"
LEU_1301_A,"MET_1294_A,LYS_1297_A,GLU_1299_A,VAL_1300_A,GLY_1302_A,MET_1311_A"
GLY_1302_A,"LEU_1301_A,ILE_1303_A,THR_1304_A"
ILE_1303_A,"LEU_875_A,ILE_1074_A,GLY_1302_A,THR_1304_A"
THR_1304_A,"GLY_1302_A,ILE_1303_A,ARG_1305_A,PHE_1306_A"
ARG_1305_A,"THR_1304_A,PHE_1306_A,GLU_1322_A,LYS_1323_A"
PHE_1306_A,"THR_1304_A,ARG_1305_A,GLY_1307_A"
GLY_1307_A,"PHE_1306_A,LEU_1308_A"
LEU_1308_A,"GLY_1307_A,ALA_1309_A,LYS_1312_A"
ALA_1309_A,"LEU_1308_A,LYS_1310_A"
LYS_1310_A,"GLU_1299_A,ALA_1309_A,MET_1311_A"
MET_1311_A,"LEU_1301_A,LYS_1310_A,LYS_1312_A"
LYS_1312_A,"GLU_880_A,ASP_881_A,LEU_1308_A,MET_1311_A,GLU_1313_A,MET_1317_A"
GLU_1313_A,"THR_894_A,LYS_1312_A,SER_1314_A,ASP_1338_A,GLU_1345_A"
SER_1314_A,"GLU_1313_A,VAL_1315_A,GLU_1345_A"
VAL_1315_A,"SER_1314_A,LEU_1316_A,LEU_1318_A,ALA_1319_A,ALA_1331_A,GLN_1336_A"
LEU_1316_A,"VAL_1315_A,MET_1317_A,SER_1320_A"
MET_1317_A,"LYS_1312_A,LEU_1316_A,LEU_1318_A"
LEU_1318_A,"VAL_1315_A,MET_1317_A,ALA_1319_A"
ALA_1319_A,"VAL_1315_A,LEU_1318_A,SER_1320_A"
SER_1320_A,"LEU_1316_A,ALA_1319_A,PHE_1321_A"
PHE_1321_A,"ARG_874_A,LYS_877_A,SER_1320_A,GLU_1322_A"
GLU_1322_A,"ARG_353_A,ARG_873_A,ARG_1305_A,PHE_1321_A,LYS_1323_A"
LYS_1323_A,"ARG_1305_A,GLU_1322_A,THR_1324_A,ASP_1326_A,HIS_1327_A"
THR_1324_A,"LEU_345_A,LYS_1323_A,ALA_1325_A"
ALA_1325_A,"VAL_342_A,THR_1324_A,ASP_1326_A"
ASP_1326_A,"LYS_1323_A,ALA_1325_A,HIS_1327_A,ASP_1330_A"
HIS_1327_A,"LYS_1323_A,ASP_1326_A,LEU_1328_A"
LEU_1328_A,"PHE_20_A,PHE_352_A,HIS_1327_A,PHE_1329_A"
PHE_1329_A,"TYR_97_A,LEU_1328_A,ASP_1330_A,ALA_1332_A,TYR_1333_A"
ASP_1330_A,"ARG_140_A,ASP_1326_A,PHE_1329_A,ALA_1331_A"
ALA_1331_A,"TYR_136_A,VAL_1315_A,ASP_1330_A,ALA_1332_A"
ALA_1332_A,"PHE_1329_A,ALA_1331_A,TYR_1333_A"
TYR_1333_A,"ALA_100_A,ILE_104_A,LYS_143_A,MET_240_A,PHE_1329_A,ALA_1332_A,PHE_1334_A"
PHE_1334_A,"LYS_143_A,LEU_239_A,TYR_1333_A,GLY_1335_A,GLN_1336_A"
GLY_1335_A,"PHE_1334_A,GLN_1336_A"
GLN_1336_A,"TYR_136_A,VAL_1315_A,PHE_1334_A,GLY_1335_A,LYS_1337_A"
LYS_1337_A,"HIS_17_A,GLN_1336_A,ASP_1338_A"
ASP_1338_A,"ILE_18_A,GLU_1313_A,LYS_1337_A,SER_1339_A,GLU_1345_A"
SER_1339_A,"ASP_1338_A,VAL_1340_A"
VAL_1340_A,"ILE_15_A,SER_1339_A,CYS_1341_A,ILE_1351_A"
CYS_1341_A,"VAL_1340_A,GLY_1342_A"
GLY_1342_A,"CYS_1341_A,VAL_1343_A"
VAL_1343_A,"GLU_880_A,GLY_1342_A,SER_1344_A,MET_1353_A,ILE_1355_A"
SER_1344_A,"GLU_880_A,VAL_1343_A,GLU_1345_A"
GLU_1345_A,"GLU_1313_A,SER_1314_A,ASP_1338_A,SER_1344_A,CYS_1346_A,MET_1349_A"
CYS_1346_A,"GLU_1345_A,ILE_1347_A,GLY_1350_A,ILE_1351_A"
ILE_1347_A,"CYS_1346_A,ILE_1348_A"
ILE_1348_A,"ILE_1347_A,MET_1349_A"
MET_1349_A,"ILE_15_A,ILE_18_A,GLU_1345_A,ILE_1348_A,GLY_1350_A,ILE_1351_A"
GLY_1350_A,"CYS_1346_A,MET_1349_A,ILE_1351_A"
ILE_1351_A,"VAL_1340_A,CYS_1346_A,MET_1349_A,GLY_1350_A"
PRO_1352_A,MET_1353_A
MET_1353_A,"VAL_1343_A,PRO_1352_A,ASN_1354_A"
ASN_1354_A,"MET_1353_A,ILE_1355_A"
ILE_1355_A,"CYS_883_A,VAL_1343_A,ASN_1354_A,GLY_1356_A"
GLY_1356_A,"ILE_1355_A,THR_1357_A"
THR_1357_A,"GLY_1356_A,GLY_1358_A"
GLY_1358_A,"THR_1357_A,LEU_1359_A"
LEU_1359_A,"TYR_886_A,GLY_1358_A,PHE_1360_A"
PHE_1360_A,"LEU_1359_A,LYS_1361_A,LEU_1362_A"
LYS_1361_A,"PHE_1360_A,LEU_1362_A"
LEU_1362_A,"PHE_1360_A,LYS_1361_A,LEU_1363_A"
LEU_1363_A,"LEU_1362_A,HIS_1364_A"
HIS_1364_A,"LEU_1363_A,LYS_1365_A"
LYS_1365_A,"HIS_1364_A,ALA_1366_A"
ALA_1366_A,"LYS_1365_A,ASP_1367_A"
ASP_1367_A,"ALA_1366_A,ARG_1368_A,ASP_1369_A"
ARG_1368_A,"ASP_1367_A,ASP_1369_A"
ASP_1369_A,"ASP_1367_A,ARG_1368_A"
PRO_1370_A,ASN_1371_A
ASN_1371_A,PRO_1370_A
PRO_1373_A,LYS_1374_A
LYS_1374_A,"PRO_1373_A,ARG_1375_A"
ARG_1375_A,"LYS_1374_A,PRO_1376_A"
PRO_1376_A,ARG_1375_A
