residue_id,neighbors
SER_1_A,"GLU_2_A,SER_91_A"
GLU_2_A,"SER_1_A,LEU_3_A"
LEU_3_A,"GLU_2_A,THR_4_A,LEU_26_A"
THR_4_A,"LEU_3_A,GLN_5_A,GLN_22_A"
GLN_5_A,"THR_4_A,ASP_6_A,TYR_84_A,THR_102_A"
ASP_6_A,"GLN_5_A,THR_102_A"
PRO_7_A,"ALA_8_A,LYS_103_A"
ALA_8_A,"PRO_7_A,VAL_9_A"
VAL_9_A,"ALA_8_A,SER_10_A,LEU_104_A,THR_105_A"
SER_10_A,"VAL_9_A,VAL_11_A"
VAL_11_A,"SER_10_A,ALA_12_A,VAL_17_A,ALA_76_A,THR_105_A,VAL_106_A,LEU_107_A"
ALA_12_A,"VAL_11_A,LEU_13_A,GLN_15_A"
LEU_13_A,"ALA_12_A,GLY_14_A,VAL_106_A,LEU_107_A"
GLY_14_A,"LEU_13_A,GLN_15_A,ALA_76_A"
GLN_15_A,"ALA_12_A,GLY_14_A,THR_16_A,ALA_76_A"
THR_16_A,"GLN_15_A,VAL_17_A,THR_72_A"
VAL_17_A,"VAL_11_A,THR_16_A,ARG_18_A,ILE_73_A"
ARG_18_A,"VAL_17_A,ILE_19_A"
ILE_19_A,"ARG_18_A,THR_20_A,TRP_33_A,LEU_71_A"
THR_20_A,"ILE_19_A,CYS_21_A,SER_70_A"
CYS_21_A,"THR_20_A,GLN_22_A,ALA_69_A,CYS_86_A"
GLN_22_A,"THR_4_A,CYS_21_A,GLY_23_A,ASN_67_A"
GLY_23_A,"GLN_22_A,ASP_24_A,ASN_67_A"
ASP_24_A,"GLY_23_A,SER_25_A,ARG_27_A"
SER_25_A,"ASP_24_A,LEU_26_A,SER_28_A,TYR_29_A,SER_88_A"
LEU_26_A,"LEU_3_A,SER_25_A,ARG_27_A"
ARG_27_A,"ASP_24_A,LEU_26_A,SER_28_A"
SER_28_A,"SER_25_A,ARG_27_A,TYR_29_A"
TYR_29_A,"SER_25_A,SER_28_A,SER_30_A"
SER_30_A,"TYR_29_A,ALA_31_A"
ALA_31_A,"SER_30_A,SER_32_A,LYS_49_A,ALA_69_A"
SER_32_A,"ALA_31_A,TRP_33_A,ASN_87_A"
TRP_33_A,"ILE_19_A,SER_32_A,TYR_34_A,VAL_45_A,ILE_46_A,LEU_71_A,CYS_86_A"
TYR_34_A,"TRP_33_A,GLN_35_A,LEU_44_A,TYR_85_A"
GLN_35_A,"TYR_34_A,GLN_36_A,VAL_43_A,VAL_45_A,ALA_82_A,TYR_84_A"
GLN_36_A,"GLN_35_A,LYS_37_A,GLN_40_A,ASP_83_A"
LYS_37_A,"GLN_36_A,GLU_79_A,ASP_80_A,ALA_82_A"
PRO_38_A,GLY_39_A
GLY_39_A,"PRO_38_A,GLN_40_A"
GLN_40_A,"GLN_36_A,GLY_39_A,ALA_41_A"
ALA_41_A,GLN_40_A
PRO_42_A,VAL_43_A
VAL_43_A,"GLN_35_A,PRO_42_A,LEU_44_A"
LEU_44_A,"TYR_34_A,VAL_43_A,VAL_45_A"
VAL_45_A,"TRP_33_A,GLN_35_A,LEU_44_A,ILE_46_A"
ILE_46_A,"TRP_33_A,VAL_45_A,PHE_47_A,ARG_52_A,LEU_71_A"
PHE_47_A,"ILE_46_A,ARG_48_A,ASN_51_A,PRO_53_A"
ARG_48_A,"PHE_47_A,LYS_49_A,SER_50_A"
LYS_49_A,"ALA_31_A,ARG_48_A,SER_50_A"
SER_50_A,"ARG_48_A,LYS_49_A,ASN_51_A"
ASN_51_A,"PHE_47_A,SER_50_A,ARG_52_A"
ARG_52_A,"ILE_46_A,ASN_51_A,ASP_58_A,PHE_60_A"
PRO_53_A,"PHE_47_A,SER_54_A"
SER_54_A,"PRO_53_A,GLY_55_A"
GLY_55_A,"SER_54_A,ILE_56_A"
ILE_56_A,GLY_55_A
PRO_57_A,ASP_58_A
ASP_58_A,"ARG_52_A,PRO_57_A,ARG_59_A"
ARG_59_A,"ASP_58_A,PHE_60_A,THR_74_A,GLU_79_A,ASP_80_A"
PHE_60_A,"ARG_52_A,ARG_59_A,SER_61_A,ILE_73_A"
SER_61_A,"PHE_60_A,GLY_62_A,THR_72_A"
GLY_62_A,"SER_61_A,SER_63_A"
SER_63_A,"GLY_62_A,SER_64_A,SER_70_A"
SER_64_A,"SER_63_A,SER_65_A"
SER_65_A,"SER_64_A,GLY_66_A,THR_68_A"
GLY_66_A,"SER_65_A,ASN_67_A"
ASN_67_A,"GLN_22_A,GLY_23_A,GLY_66_A,THR_68_A"
THR_68_A,"SER_65_A,ASN_67_A,ALA_69_A"
ALA_69_A,"CYS_21_A,ALA_31_A,THR_68_A,SER_70_A"
SER_70_A,"THR_20_A,SER_63_A,ALA_69_A,LEU_71_A"
LEU_71_A,"ILE_19_A,TRP_33_A,ILE_46_A,SER_70_A,THR_72_A,TYR_84_A"
THR_72_A,"THR_16_A,SER_61_A,LEU_71_A,ILE_73_A"
ILE_73_A,"VAL_17_A,PHE_60_A,THR_72_A,THR_74_A"
THR_74_A,"ARG_59_A,ILE_73_A,GLY_75_A"
GLY_75_A,"THR_74_A,ALA_76_A"
ALA_76_A,"VAL_11_A,GLY_14_A,GLN_15_A,GLY_75_A,GLN_77_A"
GLN_77_A,"ALA_76_A,ALA_78_A,ASP_80_A"
ALA_78_A,"GLN_77_A,GLU_79_A"
GLU_79_A,"LYS_37_A,ARG_59_A,ALA_78_A,ASP_80_A"
ASP_80_A,"LYS_37_A,ARG_59_A,GLN_77_A,GLU_79_A,GLU_81_A,TYR_84_A"
GLU_81_A,"ASP_80_A,ALA_82_A,VAL_106_A"
ALA_82_A,"GLN_35_A,LYS_37_A,GLU_81_A,ASP_83_A,LEU_104_A"
ASP_83_A,"GLN_36_A,ALA_82_A,TYR_84_A,TYR_85_A,LYS_103_A"
TYR_84_A,"GLN_5_A,GLN_35_A,LEU_71_A,ASP_80_A,ASP_83_A,TYR_85_A,THR_102_A"
TYR_85_A,"TYR_34_A,ASP_83_A,TYR_84_A,CYS_86_A"
CYS_86_A,"CYS_21_A,TRP_33_A,TYR_85_A,ASN_87_A,GLY_99_A"
ASN_87_A,"SER_32_A,CYS_86_A,SER_88_A,GLN_96_A,PHE_98_A"
SER_88_A,"SER_25_A,ASN_87_A,ARG_89_A,VAL_97_A"
ARG_89_A,"SER_88_A,ASP_90_A"
ASP_90_A,"ARG_89_A,SER_91_A,SER_92_A,HIS_95_A"
SER_91_A,"SER_1_A,ASP_90_A,SER_92_A"
SER_92_A,"ASP_90_A,SER_91_A,ALA_93_A"
ALA_93_A,"SER_92_A,ASN_94_A,HIS_95_A"
ASN_94_A,"ALA_93_A,HIS_95_A"
HIS_95_A,"ASP_90_A,ALA_93_A,ASN_94_A,GLN_96_A"
GLN_96_A,"ASN_87_A,HIS_95_A,VAL_97_A"
VAL_97_A,"SER_88_A,GLN_96_A,PHE_98_A"
PHE_98_A,"ASN_87_A,VAL_97_A,GLY_99_A"
GLY_99_A,"CYS_86_A,PHE_98_A,GLY_100_A"
GLY_100_A,"GLY_99_A,GLY_101_A"
GLY_101_A,"GLY_100_A,THR_102_A"
THR_102_A,"GLN_5_A,ASP_6_A,TYR_84_A,GLY_101_A,LYS_103_A"
LYS_103_A,"PRO_7_A,ASP_83_A,THR_102_A,LEU_104_A"
LEU_104_A,"VAL_9_A,ALA_82_A,LYS_103_A,THR_105_A"
THR_105_A,"VAL_9_A,VAL_11_A,LEU_104_A,VAL_106_A,LEU_107_A"
VAL_106_A,"VAL_11_A,LEU_13_A,GLU_81_A,THR_105_A,LEU_107_A"
LEU_107_A,"VAL_11_A,LEU_13_A,THR_105_A,VAL_106_A,GLY_108_A"
GLY_108_A,LEU_107_A
