residue_id,neighbors
LEU_-7_B,VAL_-6_B
VAL_-6_B,LEU_-7_B
PRO_-5_B,"ARG_-4_B,SER_-2_B"
ARG_-4_B,"PRO_-5_B,GLY_-3_B"
GLY_-3_B,"ARG_-4_B,SER_-2_B"
SER_-2_B,"PRO_-5_B,GLY_-3_B,HIS_-1_B"
HIS_-1_B,"SER_-2_B,MET_0_B,ALA_1_B,LYS_2_B"
MET_0_B,"HIS_-1_B,ALA_1_B"
ALA_1_B,"HIS_-1_B,MET_0_B,LYS_2_B"
LYS_2_B,"HIS_-1_B,ALA_1_B,HIS_3_B,ASP_181_B"
HIS_3_B,"LYS_2_B,LEU_4_B,TYR_172_B,ASP_173_B"
LEU_4_B,"HIS_3_B,PHE_5_B,GLN_171_B"
PHE_5_B,"LEU_4_B,THR_6_B,PHE_170_B,MET_254_B"
THR_6_B,"PHE_5_B,SER_7_B,GLN_167_B,THR_169_B"
SER_7_B,"THR_6_B,GLU_8_B,VAL_168_B,GLY_252_B"
GLU_8_B,"SER_7_B,SER_9_B,LYS_165_B,LYS_245_B"
SER_9_B,"GLU_8_B,VAL_10_B,HIS_142_B"
VAL_10_B,"SER_9_B,SER_11_B,HIS_14_B,LYS_17_B"
SER_11_B,"VAL_10_B,GLU_12_B,PRO_162_B,ALA_164_B"
GLU_12_B,"SER_11_B,GLY_13_B,GLN_21_B,ARG_152_B,LYS_153_B,TYR_357_B"
GLY_13_B,"GLU_12_B,HIS_14_B"
HIS_14_B,"VAL_10_B,GLY_13_B,ASP_16_B,LYS_17_B,ILE_18_B,ASP_163_B,LYS_165_B,ASP_238_B,LYS_245_B"
PRO_15_B,ASP_16_B
ASP_16_B,"HIS_14_B,PRO_15_B,LYS_17_B,ASP_238_B,LEU_241_B,ARG_244_B,LYS_245_B"
LYS_17_B,"VAL_10_B,HIS_14_B,ASP_16_B,ILE_18_B,ASP_20_B,GLN_21_B,ASP_249_B,ALA_355_B,HIS_359_B"
ILE_18_B,"HIS_14_B,LYS_17_B,ALA_19_B,ILE_22_B,TYR_77_B"
ALA_19_B,"ILE_18_B,ASP_20_B"
ASP_20_B,"LYS_17_B,ALA_19_B,GLN_21_B,GLY_243_B,ASP_249_B"
GLN_21_B,"GLU_12_B,LYS_17_B,ASP_20_B,ILE_22_B,ALA_25_B,ALA_355_B"
ILE_22_B,"ILE_18_B,GLN_21_B,SER_23_B,VAL_26_B"
SER_23_B,"ILE_22_B,ASP_24_B,CYS_41_B,THR_43_B,THR_242_B"
ASP_24_B,"SER_23_B,ALA_25_B,ASP_28_B,SER_263_B,GLY_264_B,ARG_272_B,HIS_359_B"
ALA_25_B,"GLN_21_B,ASP_24_B,VAL_26_B,ILE_67_B,LYS_352_B"
VAL_26_B,"ILE_22_B,ALA_25_B,LEU_27_B,ILE_64_B"
LEU_27_B,"VAL_26_B,ASP_28_B,LEU_31_B"
ASP_28_B,"ASP_24_B,LEU_27_B,ALA_29_B,GLU_32_B,TYR_351_B,LYS_352_B"
ALA_29_B,"ASP_28_B,ILE_30_B,VAL_62_B,ILE_67_B"
ILE_30_B,"ALA_29_B,LEU_31_B,ASP_34_B,ALA_37_B"
LEU_31_B,"LEU_27_B,ILE_30_B,GLU_32_B,TYR_351_B"
GLU_32_B,"ASP_28_B,LEU_31_B,GLN_33_B"
GLN_33_B,"GLU_32_B,ASP_34_B,ALA_60_B,TRP_61_B"
ASP_34_B,"ILE_30_B,GLN_33_B,THR_58_B"
PRO_35_B,LYS_36_B
LYS_36_B,"PRO_35_B,ALA_37_B"
ALA_37_B,"ILE_30_B,LYS_36_B,ARG_38_B"
ARG_38_B,"ALA_37_B,VAL_39_B,THR_57_B,ASP_266_B,LYS_269_B,TYR_338_B"
VAL_39_B,"ARG_38_B,ALA_40_B,ASP_266_B"
ALA_40_B,"VAL_39_B,CYS_41_B,GLU_55_B"
CYS_41_B,"SER_23_B,ALA_40_B,GLU_42_B,GLY_264_B"
GLU_42_B,"CYS_41_B,THR_43_B,GLY_53_B,LYS_265_B"
THR_43_B,"SER_23_B,GLU_42_B,TYR_44_B,VAL_50_B,THR_242_B"
TYR_44_B,"THR_43_B,VAL_45_B,LYS_46_B,LEU_51_B,LEU_241_B"
VAL_45_B,"TYR_44_B,LYS_46_B,PRO_235_B,GLY_240_B"
LYS_46_B,"TYR_44_B,VAL_45_B,THR_47_B,GLY_48_B,MET_49_B"
THR_47_B,"LYS_46_B,GLY_48_B"
GLY_48_B,"LYS_46_B,THR_47_B,MET_49_B,ALA_90_B"
MET_49_B,"LYS_46_B,GLY_48_B,VAL_50_B"
VAL_50_B,"THR_43_B,MET_49_B,LEU_51_B,ALA_90_B,LEU_92_B"
LEU_51_B,"TYR_44_B,VAL_50_B,VAL_52_B"
VAL_52_B,"LEU_51_B,GLY_53_B,LEU_92_B,ALA_94_B"
GLY_53_B,"GLU_42_B,VAL_52_B,GLY_54_B"
GLY_54_B,"GLY_53_B,GLU_55_B,GLY_96_B"
GLU_55_B,"ALA_40_B,GLY_54_B,ILE_56_B,GLN_98_B"
ILE_56_B,"GLU_55_B,THR_57_B,THR_58_B,ILE_95_B"
THR_57_B,"ARG_38_B,ILE_56_B,THR_58_B"
THR_58_B,"ASP_34_B,ILE_56_B,THR_57_B,SER_59_B,ALA_60_B"
SER_59_B,"THR_58_B,ALA_60_B"
ALA_60_B,"GLN_33_B,THR_58_B,SER_59_B,TRP_61_B"
TRP_61_B,"GLN_33_B,ALA_60_B,VAL_62_B"
VAL_62_B,"ALA_29_B,TRP_61_B,ASP_63_B,ILE_67_B"
ASP_63_B,"VAL_62_B,ILE_64_B,GLU_65_B,GLU_66_B,ILE_67_B"
ILE_64_B,"VAL_26_B,ASP_63_B,GLU_65_B,THR_68_B"
GLU_65_B,"ASP_63_B,ILE_64_B,GLU_66_B,ARG_69_B"
GLU_66_B,"ASP_63_B,GLU_65_B,ILE_67_B,ARG_69_B,ARG_73_B"
ILE_67_B,"ALA_25_B,ALA_29_B,VAL_62_B,ASP_63_B,GLU_66_B,THR_68_B,THR_71_B"
THR_68_B,"ILE_64_B,ILE_67_B,ARG_69_B"
ARG_69_B,"GLU_65_B,GLU_66_B,THR_68_B,ASN_70_B,ARG_73_B,ALA_86_B,CYS_89_B"
ASN_70_B,"ARG_69_B,THR_71_B,ARG_73_B,GLU_74_B"
THR_71_B,"ILE_67_B,ASN_70_B,VAL_72_B"
VAL_72_B,"THR_71_B,ARG_73_B,TYR_77_B,PHE_84_B,ALA_86_B"
ARG_73_B,"GLU_66_B,ARG_69_B,ASN_70_B,VAL_72_B,GLU_74_B,ASN_87_B"
GLU_74_B,"ASN_70_B,ARG_73_B,ILE_75_B,LYS_352_B"
ILE_75_B,"GLU_74_B,GLY_76_B"
GLY_76_B,"ILE_75_B,TYR_77_B"
TYR_77_B,"ILE_18_B,VAL_72_B,GLY_76_B,VAL_78_B,ALA_86_B,PRO_162_B"
VAL_78_B,"TYR_77_B,HIS_79_B,MET_82_B"
HIS_79_B,"VAL_78_B,SER_80_B,ASP_81_B,MET_82_B"
SER_80_B,"HIS_79_B,ASP_81_B,GLY_83_B"
ASP_81_B,"HIS_79_B,SER_80_B,MET_82_B"
MET_82_B,"VAL_78_B,HIS_79_B,ASP_81_B,GLY_83_B"
GLY_83_B,"SER_80_B,MET_82_B,PHE_84_B"
PHE_84_B,"VAL_72_B,GLY_83_B,ASP_85_B,CYS_89_B,PRO_235_B"
ASP_85_B,"PHE_84_B,ALA_86_B,ASN_87_B,SER_88_B"
ALA_86_B,"ARG_69_B,VAL_72_B,TYR_77_B,ASP_85_B,ASN_87_B"
ASN_87_B,"ARG_73_B,ASP_85_B,ALA_86_B,SER_88_B"
SER_88_B,"ASP_85_B,ASN_87_B,CYS_89_B"
CYS_89_B,"ARG_69_B,PHE_84_B,SER_88_B,ALA_90_B"
ALA_90_B,"GLY_48_B,VAL_50_B,CYS_89_B,VAL_91_B"
VAL_91_B,"ALA_90_B,LEU_92_B"
LEU_92_B,"VAL_50_B,VAL_52_B,VAL_91_B,SER_93_B"
SER_93_B,"LEU_92_B,ALA_94_B"
ALA_94_B,"VAL_52_B,SER_93_B,ILE_95_B"
ILE_95_B,"ILE_56_B,ALA_94_B,GLY_96_B"
GLY_96_B,"GLY_54_B,ILE_95_B,LYS_97_B"
LYS_97_B,"GLY_96_B,GLN_98_B"
GLN_98_B,"GLU_55_B,LYS_97_B,SER_99_B"
SER_99_B,GLN_98_B
PRO_100_B,ASP_101_B
ASP_101_B,"PRO_100_B,ILE_102_B"
ILE_102_B,"ASP_101_B,ASN_103_B"
ASN_103_B,"ILE_102_B,GLN_104_B"
GLN_104_B,"ASN_103_B,GLY_105_B"
GLY_105_B,"GLN_104_B,VAL_106_B"
VAL_106_B,"GLY_105_B,ASP_107_B"
ASP_107_B,"VAL_106_B,ARG_108_B"
ARG_108_B,"ASP_107_B,ALA_109_B,GLU_113_B"
ALA_109_B,"ARG_108_B,ASP_110_B"
ASP_110_B,"ALA_109_B,GLU_113_B,ARG_336_B"
PRO_111_B,LEU_112_B
LEU_112_B,"PRO_111_B,GLU_113_B"
GLU_113_B,"ARG_108_B,ASP_110_B,LEU_112_B,GLN_114_B,ARG_336_B"
GLN_114_B,"GLU_113_B,GLY_115_B,TYR_338_B"
GLY_115_B,"GLN_114_B,ALA_116_B"
ALA_116_B,"GLY_115_B,GLY_117_B,GLY_303_B,VAL_304_B"
GLY_117_B,"ALA_116_B,ASP_118_B"
ASP_118_B,"GLY_117_B,GLN_119_B,ASP_271_B"
GLN_119_B,"ASP_118_B,GLY_120_B"
GLY_120_B,"GLN_119_B,LEU_121_B,TYR_300_B"
LEU_121_B,"GLY_120_B,MET_122_B"
MET_122_B,"LEU_121_B,PHE_123_B,VAL_298_B"
PHE_123_B,"MET_122_B,GLY_124_B,GLN_297_B"
GLY_124_B,"PHE_123_B,TYR_125_B,ILE_296_B"
TYR_125_B,"GLY_124_B,ALA_126_B,THR_127_B,PRO_135_B,TYR_251_B,MET_254_B,ALA_255_B,ARG_279_B,GLU_295_B"
ALA_126_B,"TYR_125_B,THR_127_B,VAL_286_B,CYS_294_B"
THR_127_B,"TYR_125_B,ALA_126_B,ASN_128_B"
ASN_128_B,"THR_127_B,GLU_129_B,ASP_292_B"
GLU_129_B,"ASN_128_B,THR_130_B,ARG_293_B"
THR_130_B,"GLU_129_B,ASP_131_B,LEU_133_B,MET_134_B"
ASP_131_B,"THR_130_B,VAL_132_B,ARG_143_B"
VAL_132_B,"ASP_131_B,LEU_133_B,ARG_279_B"
LEU_133_B,"THR_130_B,VAL_132_B,MET_134_B,LYS_283_B"
MET_134_B,"THR_130_B,LEU_133_B,TYR_251_B,PHE_360_B"
PRO_135_B,"TYR_125_B,ALA_136_B,THR_139_B,MET_254_B"
ALA_136_B,"PRO_135_B,THR_139_B,TYR_140_B,PHE_170_B,ILE_177_B"
PRO_137_B,"ILE_138_B,ALA_141_B"
ILE_138_B,"PRO_137_B,THR_139_B,HIS_142_B"
THR_139_B,"PRO_135_B,ALA_136_B,ILE_138_B,TYR_140_B"
TYR_140_B,"ALA_136_B,THR_139_B,ALA_141_B,PHE_170_B,TRP_215_B"
ALA_141_B,"PRO_137_B,TYR_140_B,HIS_142_B,SER_166_B"
HIS_142_B,"SER_9_B,ILE_138_B,ALA_141_B,ARG_143_B,GLN_146_B,VAL_248_B"
ARG_143_B,"ASP_131_B,HIS_142_B,LEU_144_B,ARG_147_B,ILE_210_B"
LEU_144_B,"ARG_143_B,VAL_145_B,GLN_148_B,VAL_168_B,ILE_210_B"
VAL_145_B,"LEU_144_B,GLN_146_B"
GLN_146_B,"HIS_142_B,VAL_145_B,ARG_147_B,GLU_150_B,TYR_357_B"
ARG_147_B,"ARG_143_B,GLN_146_B,GLN_148_B,GLU_150_B,GLU_205_B,ILE_210_B"
GLN_148_B,"LEU_144_B,ARG_147_B,ALA_149_B,ARG_161_B,THR_187_B,ILE_206_B"
ALA_149_B,"GLN_148_B,GLU_150_B,LYS_153_B"
GLU_150_B,"GLN_146_B,ARG_147_B,ALA_149_B,VAL_151_B"
VAL_151_B,"GLU_150_B,ARG_152_B,LEU_160_B"
ARG_152_B,"GLU_12_B,VAL_151_B,LYS_153_B"
LYS_153_B,"GLU_12_B,ALA_149_B,ARG_152_B,ASN_154_B"
ASN_154_B,"LYS_153_B,GLY_155_B,THR_156_B"
GLY_155_B,"ASN_154_B,THR_156_B"
THR_156_B,"ASN_154_B,GLY_155_B,LEU_157_B"
LEU_157_B,"THR_156_B,LEU_160_B,GLU_205_B"
PRO_158_B,TRP_159_B
TRP_159_B,"PRO_158_B,LEU_160_B,SER_190_B,ILE_193_B,ALA_201_B"
LEU_160_B,"VAL_151_B,LEU_157_B,TRP_159_B,ARG_161_B"
ARG_161_B,"GLN_148_B,LEU_160_B,GLN_188_B,GLU_192_B"
PRO_162_B,"SER_11_B,TYR_77_B,ASP_163_B"
ASP_163_B,"HIS_14_B,PRO_162_B,ALA_164_B,GLN_188_B,GLY_234_B"
ALA_164_B,"SER_11_B,ASP_163_B,LYS_165_B"
LYS_165_B,"GLU_8_B,HIS_14_B,ALA_164_B,SER_166_B,SER_186_B,LYS_245_B"
SER_166_B,"ALA_141_B,LYS_165_B,GLN_167_B"
GLN_167_B,"THR_6_B,SER_166_B,VAL_168_B,VAL_184_B"
VAL_168_B,"SER_7_B,LEU_144_B,GLN_167_B,THR_169_B,PHE_170_B"
THR_169_B,"THR_6_B,VAL_168_B,PHE_170_B,ASP_181_B,ALA_182_B"
PHE_170_B,"PHE_5_B,ALA_136_B,TYR_140_B,VAL_168_B,THR_169_B,GLN_171_B,TYR_172_B,ILE_177_B,ILE_180_B"
GLN_171_B,"LEU_4_B,PHE_170_B,TYR_172_B,VAL_178_B,GLY_179_B"
TYR_172_B,"HIS_3_B,PHE_170_B,GLN_171_B,ASP_173_B,ILE_177_B"
ASP_173_B,"HIS_3_B,TYR_172_B,ASP_174_B,LYS_176_B,VAL_178_B"
ASP_174_B,"ASP_173_B,GLY_175_B"
GLY_175_B,"ASP_174_B,LYS_176_B"
LYS_176_B,"ASP_173_B,GLY_175_B,ILE_177_B"
ILE_177_B,"ALA_136_B,PHE_170_B,TYR_172_B,LYS_176_B,VAL_178_B,TRP_215_B"
VAL_178_B,"GLN_171_B,ASP_173_B,ILE_177_B,GLY_179_B"
GLY_179_B,"GLN_171_B,VAL_178_B,ILE_180_B"
ILE_180_B,"PHE_170_B,GLY_179_B,ASP_181_B,VAL_183_B,TRP_215_B,THR_220_B"
ASP_181_B,"LYS_2_B,THR_169_B,ILE_180_B,ALA_182_B,LYS_221_B"
ALA_182_B,"THR_169_B,ASP_181_B,VAL_183_B"
VAL_183_B,"ILE_180_B,ALA_182_B,VAL_184_B,LEU_211_B,LYS_221_B,PHE_223_B"
VAL_184_B,"GLN_167_B,VAL_183_B,LEU_185_B"
LEU_185_B,"VAL_184_B,SER_186_B,VAL_202_B,PHE_223_B,ASN_225_B"
SER_186_B,"LYS_165_B,LEU_185_B,THR_187_B"
THR_187_B,"GLN_148_B,SER_186_B,GLN_188_B,ASN_225_B"
GLN_188_B,"ARG_161_B,ASP_163_B,THR_187_B,HIS_189_B,VAL_231_B"
HIS_189_B,"GLN_188_B,SER_190_B,ARG_229_B,PHE_230_B"
SER_190_B,"TRP_159_B,HIS_189_B,GLU_191_B,GLU_192_B"
GLU_191_B,"SER_190_B,GLU_192_B,ARG_229_B"
GLU_192_B,"ARG_161_B,SER_190_B,GLU_191_B,ILE_193_B"
ILE_193_B,"TRP_159_B,GLU_192_B,ASP_194_B"
ASP_194_B,"ILE_193_B,GLN_195_B,SER_197_B,LEU_198_B"
GLN_195_B,"ASP_194_B,LYS_196_B,GLN_199_B"
LYS_196_B,"GLN_195_B,SER_197_B,GLU_200_B"
SER_197_B,"ASP_194_B,LYS_196_B,LEU_198_B,ALA_201_B"
LEU_198_B,"ASP_194_B,SER_197_B,GLN_199_B,VAL_202_B"
GLN_199_B,"GLN_195_B,LEU_198_B,GLU_200_B"
GLU_200_B,"LYS_196_B,GLN_199_B,ALA_201_B"
ALA_201_B,"TRP_159_B,SER_197_B,GLU_200_B,VAL_202_B,GLU_205_B"
VAL_202_B,"LEU_185_B,LEU_198_B,ALA_201_B,MET_203_B,ILE_206_B,ILE_224_B"
MET_203_B,"VAL_202_B,GLU_204_B,LYS_208_B,PHE_222_B,ILE_224_B"
GLU_204_B,"MET_203_B,GLU_205_B,LYS_208_B"
GLU_205_B,"ARG_147_B,LEU_157_B,ALA_201_B,GLU_204_B,ILE_206_B"
ILE_206_B,"GLN_148_B,VAL_202_B,GLU_205_B,ILE_207_B"
ILE_207_B,"ILE_206_B,LYS_208_B,ILE_224_B"
LYS_208_B,"MET_203_B,GLU_204_B,ILE_207_B"
PRO_209_B,ILE_210_B
ILE_210_B,"ARG_143_B,LEU_144_B,ARG_147_B,PRO_209_B,LEU_211_B"
LEU_211_B,"VAL_183_B,ILE_210_B"
PRO_212_B,"ALA_213_B,TRP_215_B"
ALA_213_B,"PRO_212_B,GLU_214_B"
GLU_214_B,"ALA_213_B,TRP_215_B"
TRP_215_B,"TYR_140_B,ILE_177_B,ILE_180_B,PRO_212_B,GLU_214_B,LEU_216_B"
LEU_216_B,"TRP_215_B,THR_217_B"
THR_217_B,"LEU_216_B,SER_218_B"
SER_218_B,"THR_217_B,ALA_219_B"
ALA_219_B,"SER_218_B,THR_220_B"
THR_220_B,"ILE_180_B,ALA_219_B,LYS_221_B,PHE_222_B"
LYS_221_B,"ASP_181_B,VAL_183_B,THR_220_B,PHE_222_B,PHE_223_B"
PHE_222_B,"MET_203_B,THR_220_B,LYS_221_B,PHE_223_B"
PHE_223_B,"VAL_183_B,LEU_185_B,LYS_221_B,PHE_222_B,ILE_224_B"
ILE_224_B,"VAL_202_B,MET_203_B,ILE_207_B,PHE_223_B,ASN_225_B"
ASN_225_B,"LEU_185_B,THR_187_B,ILE_224_B"
PRO_226_B,THR_227_B
THR_227_B,"PRO_226_B,GLY_228_B"
GLY_228_B,"THR_227_B,ARG_229_B"
ARG_229_B,"HIS_189_B,GLU_191_B,GLY_228_B,PHE_230_B"
PHE_230_B,"HIS_189_B,ARG_229_B,VAL_231_B"
VAL_231_B,"GLN_188_B,PHE_230_B,ILE_232_B"
ILE_232_B,"VAL_231_B,GLY_233_B,MET_236_B"
GLY_233_B,"ILE_232_B,GLY_234_B"
GLY_234_B,"ASP_163_B,GLY_233_B"
PRO_235_B,"VAL_45_B,PHE_84_B,MET_236_B"
MET_236_B,"ILE_232_B,PRO_235_B,GLY_237_B"
GLY_237_B,"MET_236_B,ASP_238_B"
ASP_238_B,"HIS_14_B,ASP_16_B,GLY_237_B,CYS_239_B"
CYS_239_B,"ASP_238_B,GLY_240_B"
GLY_240_B,"VAL_45_B,CYS_239_B,LEU_241_B"
LEU_241_B,"ASP_16_B,TYR_44_B,GLY_240_B,THR_242_B"
THR_242_B,"SER_23_B,THR_43_B,LEU_241_B,GLY_243_B"
GLY_243_B,"ASP_20_B,THR_242_B,ARG_244_B"
ARG_244_B,"ASP_16_B,GLY_243_B,LYS_245_B"
LYS_245_B,"GLU_8_B,HIS_14_B,ASP_16_B,LYS_165_B,ARG_244_B,ILE_246_B,ASP_249_B"
ILE_246_B,"LYS_245_B,ILE_247_B,THR_250_B"
ILE_247_B,"ILE_246_B,VAL_248_B,GLY_252_B,HIS_257_B"
VAL_248_B,"HIS_142_B,ILE_247_B,ASP_249_B"
ASP_249_B,"LYS_17_B,ASP_20_B,LYS_245_B,VAL_248_B,THR_250_B,HIS_359_B"
THR_250_B,"ILE_246_B,ASP_249_B,TYR_251_B,PHE_262_B,PHE_360_B"
TYR_251_B,"TYR_125_B,MET_134_B,THR_250_B,GLY_252_B,ALA_255_B,PHE_360_B"
GLY_252_B,"SER_7_B,ILE_247_B,TYR_251_B,GLY_253_B"
GLY_253_B,"GLY_252_B,MET_254_B"
MET_254_B,"PHE_5_B,TYR_125_B,PRO_135_B,GLY_253_B,ALA_255_B"
ALA_255_B,"TYR_125_B,TYR_251_B,MET_254_B,ARG_256_B"
ARG_256_B,"ALA_255_B,HIS_257_B,GLU_295_B,GLU_313_B"
HIS_257_B,"ILE_247_B,ARG_256_B,GLY_258_B,GLY_259_B"
GLY_258_B,"HIS_257_B,GLY_259_B"
GLY_259_B,"HIS_257_B,GLY_258_B,GLY_260_B"
GLY_260_B,"GLY_259_B,ALA_261_B"
ALA_261_B,"GLY_260_B,PHE_262_B,LYS_265_B"
PHE_262_B,"THR_250_B,ALA_261_B,SER_263_B,ALA_275_B,HIS_359_B"
SER_263_B,"ASP_24_B,PHE_262_B,GLY_264_B"
GLY_264_B,"ASP_24_B,CYS_41_B,SER_263_B,LYS_265_B"
LYS_265_B,"GLU_42_B,ALA_261_B,GLY_264_B,ASP_266_B,ASP_271_B"
ASP_266_B,"ARG_38_B,VAL_39_B,LYS_265_B,SER_268_B,LYS_269_B"
PRO_267_B,"SER_268_B,LEU_346_B"
SER_268_B,"ASP_266_B,PRO_267_B,LYS_269_B"
LYS_269_B,"ARG_38_B,ASP_266_B,SER_268_B,VAL_270_B"
VAL_270_B,"LYS_269_B,ASP_271_B"
ASP_271_B,"ASP_118_B,LYS_265_B,VAL_270_B,ARG_272_B"
ARG_272_B,"ASP_24_B,ASP_271_B,SER_273_B,TYR_276_B,HIS_359_B"
SER_273_B,"ARG_272_B,ALA_274_B,ALA_277_B"
ALA_274_B,"SER_273_B,ALA_275_B,ALA_278_B,TYR_300_B"
ALA_275_B,"PHE_262_B,ALA_274_B,TYR_276_B"
TYR_276_B,"ARG_272_B,ALA_275_B,ALA_277_B,HIS_359_B,PHE_360_B,TRP_367_B"
ALA_277_B,"SER_273_B,TYR_276_B,ALA_278_B,TYR_280_B,VAL_281_B,LEU_340_B"
ALA_278_B,"ALA_274_B,ALA_277_B,ARG_279_B"
ARG_279_B,"TYR_125_B,VAL_132_B,ALA_278_B,TYR_280_B,LYS_283_B,PHE_360_B,GLU_363_B,GLU_368_B"
TYR_280_B,"ALA_277_B,ARG_279_B,VAL_281_B,ASN_284_B,PHE_333_B,ASP_371_B"
VAL_281_B,"ALA_277_B,TYR_280_B,ALA_282_B,ILE_285_B,ILE_296_B,PHE_333_B"
ALA_282_B,"VAL_281_B,LYS_283_B"
LYS_283_B,"LEU_133_B,ARG_279_B,ALA_282_B,ASN_284_B,ALA_287_B,GLU_363_B,GLU_368_B"
ASN_284_B,"TYR_280_B,LYS_283_B,ILE_285_B,ALA_288_B"
ILE_285_B,"VAL_281_B,ASN_284_B,VAL_286_B,VAL_329_B"
VAL_286_B,"ALA_126_B,ILE_285_B,ALA_287_B,GLY_289_B"
ALA_287_B,"LYS_283_B,VAL_286_B,ALA_288_B"
ALA_288_B,"ASN_284_B,ALA_287_B,GLY_289_B"
GLY_289_B,"VAL_286_B,ALA_288_B,LEU_290_B"
LEU_290_B,"GLY_289_B,ALA_291_B,LYS_319_B,LEU_325_B,ALA_380_B,LEU_382_B"
ALA_291_B,"LEU_290_B,ASP_292_B,THR_314_B"
ASP_292_B,"ASN_128_B,ALA_291_B,ARG_293_B,LYS_319_B"
ARG_293_B,"GLU_129_B,ASP_292_B,CYS_294_B,PHE_315_B"
CYS_294_B,"ALA_126_B,ARG_293_B,GLU_295_B"
GLU_295_B,"TYR_125_B,ARG_256_B,CYS_294_B,ILE_296_B,GLU_313_B"
ILE_296_B,"GLY_124_B,VAL_281_B,GLU_295_B,GLN_297_B,VAL_312_B"
GLN_297_B,"PHE_123_B,ILE_296_B,VAL_298_B,MET_311_B"
VAL_298_B,"MET_122_B,GLN_297_B,SER_299_B"
SER_299_B,"VAL_298_B,TYR_300_B,THR_308_B,SER_309_B"
TYR_300_B,"GLY_120_B,ALA_274_B,SER_299_B,ALA_301_B,LEU_335_B"
ALA_301_B,"TYR_300_B,ILE_302_B,THR_308_B"
ILE_302_B,"ALA_301_B,GLY_303_B"
GLY_303_B,"ALA_116_B,ILE_302_B,VAL_304_B"
VAL_304_B,"ALA_116_B,GLY_303_B,ALA_305_B"
ALA_305_B,"VAL_304_B,GLU_306_B"
GLU_306_B,"ALA_305_B,ARG_336_B"
PRO_307_B,"THR_308_B,LEU_335_B"
THR_308_B,"SER_299_B,ALA_301_B,PRO_307_B,SER_309_B"
SER_309_B,"SER_299_B,THR_308_B,ILE_310_B"
ILE_310_B,"SER_309_B,MET_311_B"
MET_311_B,"GLN_297_B,ILE_310_B,VAL_312_B"
VAL_312_B,"ILE_296_B,MET_311_B,GLU_313_B"
GLU_313_B,"ARG_256_B,GLU_295_B,VAL_312_B,THR_314_B,PHE_315_B"
THR_314_B,"ALA_291_B,GLU_313_B,PHE_315_B,THR_317_B,GLU_318_B,LEU_325_B"
PHE_315_B,"ARG_293_B,GLU_313_B,THR_314_B,GLY_316_B"
GLY_316_B,"PHE_315_B,THR_317_B"
THR_317_B,"THR_314_B,GLY_316_B,GLU_318_B"
GLU_318_B,"THR_314_B,THR_317_B,LYS_319_B"
LYS_319_B,"LEU_290_B,ASP_292_B,GLU_318_B,VAL_320_B"
VAL_320_B,"LYS_319_B,LEU_325_B"
PRO_321_B,"SER_322_B,GLN_324_B"
SER_322_B,"PRO_321_B,GLU_323_B"
GLU_323_B,"SER_322_B,GLN_324_B"
GLN_324_B,"PRO_321_B,GLU_323_B,LEU_325_B"
LEU_325_B,"LEU_290_B,THR_314_B,VAL_320_B,GLN_324_B,THR_326_B"
THR_326_B,"LEU_325_B,LEU_327_B"
LEU_327_B,"THR_326_B,LEU_328_B"
LEU_328_B,"LEU_327_B,VAL_329_B,PHE_332_B"
VAL_329_B,"ILE_285_B,LEU_328_B,ARG_330_B"
ARG_330_B,"VAL_329_B,GLU_331_B"
GLU_331_B,"ARG_330_B,PHE_332_B"
PHE_332_B,"LEU_328_B,GLU_331_B,PHE_333_B,LEU_376_B,ALA_379_B"
PHE_333_B,"TYR_280_B,VAL_281_B,PHE_332_B,ASP_334_B,LYS_372_B"
ASP_334_B,"PHE_333_B,LEU_335_B,ARG_336_B"
LEU_335_B,"TYR_300_B,PRO_307_B,ASP_334_B,ARG_336_B"
ARG_336_B,"ASP_110_B,GLU_113_B,GLU_306_B,ASP_334_B,LEU_335_B,GLY_339_B,LEU_340_B"
PRO_337_B,TYR_338_B
TYR_338_B,"ARG_38_B,GLN_114_B,PRO_337_B,GLY_339_B"
GLY_339_B,"ARG_336_B,TYR_338_B,LEU_340_B,MET_343_B"
LEU_340_B,"ALA_277_B,ARG_336_B,GLY_339_B,ILE_341_B,LEU_344_B"
ILE_341_B,"LEU_340_B,GLN_342_B,ASP_345_B,LEU_347_B"
GLN_342_B,"ILE_341_B,MET_343_B"
MET_343_B,"GLY_339_B,GLN_342_B,LEU_344_B"
LEU_344_B,"LEU_340_B,MET_343_B,ASP_345_B,LEU_346_B"
ASP_345_B,"ILE_341_B,LEU_344_B,LEU_346_B,HIS_348_B"
LEU_346_B,"PRO_267_B,LEU_344_B,ASP_345_B,LEU_347_B,HIS_348_B,TYR_351_B"
LEU_347_B,"ILE_341_B,LEU_346_B,HIS_348_B"
HIS_348_B,"ASP_345_B,LEU_346_B,LEU_347_B,ILE_350_B"
PRO_349_B,ILE_350_B
ILE_350_B,"HIS_348_B,PRO_349_B,TYR_351_B"
TYR_351_B,"ASP_28_B,LEU_31_B,LEU_346_B,ILE_350_B,LYS_352_B,THR_354_B"
LYS_352_B,"ALA_25_B,ASP_28_B,GLU_74_B,TYR_351_B,GLU_353_B"
GLU_353_B,"LYS_352_B,THR_354_B,ARG_362_B,HIS_364_B"
THR_354_B,"TYR_351_B,GLU_353_B,ALA_355_B,PHE_365_B"
ALA_355_B,"LYS_17_B,GLN_21_B,THR_354_B,ALA_356_B"
ALA_356_B,"ALA_355_B,TYR_357_B,ARG_362_B"
TYR_357_B,"GLU_12_B,GLN_146_B,ALA_356_B,GLY_358_B"
GLY_358_B,"TYR_357_B,HIS_359_B,ARG_362_B"
HIS_359_B,"LYS_17_B,ASP_24_B,ASP_249_B,PHE_262_B,ARG_272_B,TYR_276_B,GLY_358_B,PHE_360_B,TRP_367_B"
PHE_360_B,"MET_134_B,THR_250_B,TYR_251_B,TYR_276_B,ARG_279_B,HIS_359_B,GLY_361_B"
GLY_361_B,"PHE_360_B,ARG_362_B,GLU_368_B"
ARG_362_B,"GLU_353_B,ALA_356_B,GLY_358_B,GLY_361_B,GLU_363_B,HIS_364_B"
GLU_363_B,"ARG_279_B,LYS_283_B,ARG_362_B,HIS_364_B,GLU_368_B"
HIS_364_B,"GLU_353_B,ARG_362_B,GLU_363_B,PHE_365_B"
PHE_365_B,"THR_354_B,HIS_364_B,TRP_367_B"
PRO_366_B,TRP_367_B
TRP_367_B,"TYR_276_B,HIS_359_B,PHE_365_B,PRO_366_B,GLU_368_B"
GLU_368_B,"ARG_279_B,LYS_283_B,GLY_361_B,GLU_363_B,TRP_367_B,LYS_369_B"
LYS_369_B,"GLU_368_B,THR_370_B"
THR_370_B,"LYS_369_B,ASP_371_B"
ASP_371_B,"TYR_280_B,THR_370_B,LYS_372_B"
LYS_372_B,"PHE_333_B,ASP_371_B,ALA_373_B,LEU_376_B"
ALA_373_B,"LYS_372_B,GLN_374_B,ARG_377_B"
GLN_374_B,"ALA_373_B,LEU_375_B,ASP_378_B"
LEU_375_B,"GLN_374_B,LEU_376_B,ALA_379_B"
LEU_376_B,"PHE_332_B,LYS_372_B,LEU_375_B,ARG_377_B,ALA_380_B"
ARG_377_B,"ALA_373_B,LEU_376_B,ASP_378_B"
ASP_378_B,"GLN_374_B,ARG_377_B,ALA_379_B,GLY_381_B"
ALA_379_B,"PHE_332_B,LEU_375_B,ASP_378_B,ALA_380_B"
ALA_380_B,"LEU_290_B,LEU_376_B,ALA_379_B,GLY_381_B"
GLY_381_B,"ASP_378_B,ALA_380_B,LEU_382_B"
LEU_382_B,"LEU_290_B,GLY_381_B"
