residue_id,neighbors
LEU_420_C,CYS_421_C
CYS_421_C,"LEU_420_C,LEU_422_C,ASP_426_C,CYS_438_C"
LEU_422_C,"CYS_421_C,VAL_423_C,VAL_435_C,LEU_436_C"
VAL_423_C,"LEU_422_C,CYS_424_C,CYS_441_C,LYS_480_C"
CYS_424_C,"VAL_423_C,SER_425_C"
SER_425_C,"CYS_424_C,ASP_426_C"
ASP_426_C,"CYS_421_C,SER_425_C,GLU_427_C,LYS_467_C,ARG_470_C"
GLU_427_C,"ASP_426_C,ALA_428_C"
ALA_428_C,"GLU_427_C,SER_429_C,LEU_436_C"
SER_429_C,"ALA_428_C,GLY_430_C,THR_437_C"
GLY_430_C,"SER_429_C,CYS_431_C"
CYS_431_C,"GLY_430_C,HIS_432_C"
HIS_432_C,"CYS_431_C,TYR_433_C,VAL_435_C,THR_437_C,LYS_442_C"
TYR_433_C,"HIS_432_C,GLY_434_C,PHE_445_C,MET_486_C,LEU_488_C,ARG_491_C"
GLY_434_C,"TYR_433_C,VAL_435_C"
VAL_435_C,"LEU_422_C,HIS_432_C,GLY_434_C,LEU_436_C,THR_437_C,MET_486_C"
LEU_436_C,"LEU_422_C,ALA_428_C,VAL_435_C,THR_437_C"
THR_437_C,"SER_429_C,HIS_432_C,VAL_435_C,LEU_436_C,CYS_438_C"
CYS_438_C,"CYS_421_C,THR_437_C,GLY_439_C,CYS_441_C,LYS_442_C"
GLY_439_C,"CYS_438_C,SER_440_C"
SER_440_C,"GLY_439_C,CYS_441_C,PHE_444_C,ARG_477_C"
CYS_441_C,"VAL_423_C,CYS_438_C,SER_440_C,LYS_442_C,PHE_445_C"
LYS_442_C,"HIS_432_C,CYS_438_C,CYS_441_C,VAL_443_C,LYS_446_C"
VAL_443_C,"LYS_442_C,PHE_444_C,ARG_447_C"
PHE_444_C,"SER_440_C,VAL_443_C,PHE_445_C,ALA_448_C,ARG_477_C"
PHE_445_C,"TYR_433_C,CYS_441_C,PHE_444_C,LYS_446_C,VAL_449_C,CYS_481_C,MET_486_C"
LYS_446_C,"LYS_442_C,PHE_445_C,ARG_447_C,GLU_450_C,ARG_491_C"
ARG_447_C,"VAL_443_C,LYS_446_C,ALA_448_C,GLY_451_C,HIS_453_C,ARG_477_C"
ALA_448_C,"PHE_444_C,ARG_447_C,VAL_449_C,GLN_452_C"
VAL_449_C,"PHE_445_C,ALA_448_C,GLU_450_C,LEU_488_C"
GLU_450_C,"LYS_446_C,VAL_449_C,GLY_451_C"
GLY_451_C,"ARG_447_C,GLU_450_C,GLN_452_C,HIS_453_C"
GLN_452_C,"ALA_448_C,GLY_451_C,HIS_453_C"
HIS_453_C,"ARG_447_C,GLY_451_C,GLN_452_C,ASN_454_C,TYR_455_C"
ASN_454_C,"HIS_453_C,TYR_455_C"
TYR_455_C,"HIS_453_C,ASN_454_C,LEU_456_C,PRO_474_C,ALA_475_C"
LEU_456_C,"TYR_455_C,CYS_457_C"
CYS_457_C,"LEU_456_C,ALA_458_C,ALA_475_C"
ALA_458_C,"CYS_457_C,GLY_459_C"
GLY_459_C,"ALA_458_C,ARG_460_C"
ARG_460_C,"GLY_459_C,ASN_461_C,ASP_462_C"
ASN_461_C,"ARG_460_C,ASP_462_C"
ASP_462_C,"ARG_460_C,ASN_461_C,CYS_463_C"
CYS_463_C,"ASP_462_C,ILE_464_C"
ILE_464_C,"CYS_463_C,ILE_465_C"
ILE_465_C,"ILE_464_C,ASP_466_C,ARG_477_C"
ASP_466_C,"ILE_465_C,LYS_467_C,ARG_469_C,ARG_470_C"
LYS_467_C,"ASP_426_C,ASP_466_C,ILE_468_C,ARG_470_C"
ILE_468_C,"LYS_467_C,ARG_469_C"
ARG_469_C,"ASP_466_C,ILE_468_C,ARG_470_C,LYS_471_C,ASN_472_C"
ARG_470_C,"ASP_426_C,ASP_466_C,LYS_467_C,ARG_469_C,LYS_471_C,ARG_477_C"
LYS_471_C,"ARG_469_C,ARG_470_C,ASN_472_C"
ASN_472_C,"ARG_469_C,LYS_471_C,CYS_473_C"
CYS_473_C,ASN_472_C
PRO_474_C,"TYR_455_C,ALA_475_C,TYR_478_C"
ALA_475_C,"TYR_455_C,CYS_457_C,PRO_474_C,CYS_476_C,ARG_479_C"
CYS_476_C,"ALA_475_C,ARG_477_C,LYS_480_C"
ARG_477_C,"SER_440_C,PHE_444_C,ARG_447_C,ILE_465_C,ARG_470_C,CYS_476_C,TYR_478_C,LYS_480_C,CYS_481_C"
TYR_478_C,"PRO_474_C,ARG_477_C,ARG_479_C,LEU_482_C"
ARG_479_C,"ALA_475_C,TYR_478_C,LYS_480_C,GLN_483_C"
LYS_480_C,"VAL_423_C,CYS_476_C,ARG_477_C,ARG_479_C,CYS_481_C,ALA_484_C"
CYS_481_C,"PHE_445_C,ARG_477_C,LYS_480_C,LEU_482_C,MET_486_C"
LEU_482_C,"TYR_478_C,CYS_481_C,GLN_483_C,GLY_485_C"
GLN_483_C,"ARG_479_C,LEU_482_C,ALA_484_C"
ALA_484_C,"LYS_480_C,GLN_483_C,GLY_485_C"
GLY_485_C,"LEU_482_C,ALA_484_C,MET_486_C"
MET_486_C,"TYR_433_C,VAL_435_C,PHE_445_C,CYS_481_C,GLY_485_C,ASN_487_C"
ASN_487_C,"MET_486_C,LEU_488_C"
LEU_488_C,"TYR_433_C,VAL_449_C,ASN_487_C,GLU_489_C"
GLU_489_C,"LEU_488_C,ALA_490_C,THR_493_C"
ALA_490_C,"GLU_489_C,ARG_491_C"
ARG_491_C,"TYR_433_C,LYS_446_C,ALA_490_C,LYS_492_C,LYS_495_C"
LYS_492_C,"ARG_491_C,THR_493_C"
THR_493_C,"GLU_489_C,LYS_492_C,LYS_494_C,ILE_497_C"
LYS_494_C,"THR_493_C,LYS_495_C,LYS_498_C"
LYS_495_C,"ARG_491_C,LYS_494_C,LYS_496_C"
LYS_496_C,"LYS_495_C,ILE_497_C"
ILE_497_C,"THR_493_C,LYS_496_C,LYS_498_C,GLY_499_C"
LYS_498_C,"LYS_494_C,ILE_497_C,GLY_499_C"
GLY_499_C,"ILE_497_C,LYS_498_C,ILE_500_C"
ILE_500_C,GLY_499_C
