residue_id,neighbors
GLN_278_A,ILE_279_A
ILE_279_A,"GLN_278_A,SER_280_A"
SER_280_A,"ILE_279_A,PHE_281_A"
PHE_281_A,"SER_280_A,ARG_282_A,VAL_287_A,THR_301_A"
ARG_282_A,"PHE_281_A,ASP_283_A,GLU_286_A,LEU_363_A"
ASP_283_A,"ARG_282_A,CYS_284_A,ALA_285_A,GLU_286_A,TYR_369_A"
CYS_284_A,"ASP_283_A,ALA_285_A,PHE_288_A,CYS_313_A"
ALA_285_A,"ASP_283_A,CYS_284_A,GLU_286_A,LYS_289_A,PHE_496_A"
GLU_286_A,"ARG_282_A,ASP_283_A,ALA_285_A,VAL_287_A"
VAL_287_A,"PHE_281_A,GLU_286_A,PHE_288_A,SER_290_A,HIS_292_A,TYR_298_A,LEU_300_A,MET_315_A"
PHE_288_A,"CYS_284_A,VAL_287_A,LYS_289_A,GLY_291_A,THR_293_A,PHE_496_A"
LYS_289_A,"ALA_285_A,PHE_288_A,SER_290_A,ASP_495_A"
SER_290_A,"VAL_287_A,LYS_289_A,GLY_291_A,HIS_292_A"
GLY_291_A,"PHE_288_A,SER_290_A,HIS_292_A"
HIS_292_A,"VAL_287_A,SER_290_A,GLY_291_A,THR_293_A"
THR_293_A,"PHE_288_A,HIS_292_A,THR_294_A"
THR_294_A,"THR_293_A,ASN_295_A,TYR_298_A"
ASN_295_A,"THR_294_A,GLY_296_A,MET_315_A"
GLY_296_A,"ASN_295_A,ILE_297_A,CYS_313_A"
ILE_297_A,"GLY_296_A,TYR_298_A,PRO_349_A"
TYR_298_A,"VAL_287_A,THR_294_A,ILE_297_A,THR_299_A,ALA_311_A,CYS_313_A"
THR_299_A,"TYR_298_A,LEU_300_A"
LEU_300_A,"VAL_287_A,THR_299_A,THR_301_A,ILE_309_A,ALA_311_A,PHE_359_A"
THR_301_A,"PHE_281_A,LEU_300_A,PHE_302_A"
PHE_302_A,"THR_301_A,GLU_307_A"
PRO_303_A,"ASN_304_A,SER_305_A"
ASN_304_A,"PRO_303_A,SER_305_A"
SER_305_A,"PRO_303_A,ASN_304_A,THR_306_A"
THR_306_A,"SER_305_A,GLU_307_A"
GLU_307_A,"PHE_302_A,THR_306_A,GLU_308_A"
GLU_308_A,"GLU_307_A,ILE_309_A"
ILE_309_A,"LEU_300_A,GLU_308_A,LYS_310_A,PHE_359_A"
LYS_310_A,"ILE_309_A,ALA_311_A"
ALA_311_A,"TYR_298_A,LEU_300_A,LYS_310_A,TYR_312_A,LEU_355_A"
TYR_312_A,"ALA_311_A,CYS_313_A,TYR_353_A"
CYS_313_A,"CYS_284_A,GLY_296_A,TYR_298_A,TYR_312_A,ASP_314_A,MET_315_A"
ASP_314_A,"CYS_313_A,MET_315_A,GLU_316_A,ALA_317_A,TRP_322_A"
MET_315_A,"VAL_287_A,ASN_295_A,CYS_313_A,ASP_314_A,GLU_316_A"
GLU_316_A,"ASP_314_A,MET_315_A,ALA_317_A"
ALA_317_A,"ASP_314_A,GLU_316_A,GLY_318_A,GLY_319_A,GLY_320_A,TRP_322_A"
GLY_318_A,"ALA_317_A,GLY_319_A,ARG_492_A"
GLY_319_A,"ALA_317_A,GLY_318_A,GLY_320_A"
GLY_320_A,"ALA_317_A,GLY_319_A,GLY_321_A,ARG_492_A"
GLY_321_A,"GLY_320_A,TRP_322_A"
TRP_322_A,"ASP_314_A,ALA_317_A,GLY_321_A,THR_323_A,VAL_370_A,LYS_372_A,MET_490_A,ARG_492_A"
THR_323_A,"TRP_322_A,ILE_324_A,ILE_491_A"
ILE_324_A,"THR_323_A,ILE_325_A,TYR_353_A,MET_490_A"
ILE_325_A,"ILE_324_A,GLN_326_A,LEU_355_A,VAL_360_A,MET_489_A"
GLN_326_A,"ILE_325_A,ARG_327_A,TRP_354_A,LEU_455_A,THR_487_A,MET_489_A"
ARG_327_A,"GLN_326_A,ARG_328_A,GLU_329_A,PRO_349_A,GLY_351_A"
ARG_328_A,"ARG_327_A,GLU_329_A,GLU_352_A,LEU_455_A,GLY_457_A,THR_487_A"
GLU_329_A,"ARG_327_A,ARG_328_A,ASP_330_A,GLU_352_A,TYR_459_A"
ASP_330_A,"GLU_329_A,GLY_331_A,SER_332_A,GLU_352_A"
GLY_331_A,"ASP_330_A,SER_332_A,GLU_352_A"
SER_332_A,"ASP_330_A,GLY_331_A,VAL_333_A,GLU_352_A"
VAL_333_A,"SER_332_A,ASP_334_A,GLU_352_A"
ASP_334_A,"VAL_333_A,PHE_335_A,GLN_336_A,ARG_337_A"
PHE_335_A,"ASP_334_A,GLN_336_A,ARG_337_A,TYR_342_A,PHE_346_A"
GLN_336_A,"ASP_334_A,PHE_335_A,ARG_337_A"
ARG_337_A,"ASP_334_A,PHE_335_A,GLN_336_A,THR_338_A,GLU_341_A,PHE_346_A"
THR_338_A,"ARG_337_A,TRP_339_A,GLU_341_A"
TRP_339_A,"THR_338_A,LYS_340_A,LYS_343_A,GLU_395_A,TYR_399_A,ASP_427_A"
LYS_340_A,"TRP_339_A,GLU_341_A"
GLU_341_A,"ARG_337_A,THR_338_A,LYS_340_A,TYR_342_A,GLY_345_A,LYS_426_A"
TYR_342_A,"PHE_335_A,GLU_341_A,LYS_343_A,PHE_346_A,TRP_354_A,ASN_357_A,PHE_423_A,THR_425_A"
LYS_343_A,"TRP_339_A,TYR_342_A,VAL_344_A,GLU_358_A,GLU_395_A"
VAL_344_A,"LYS_343_A,GLY_345_A"
GLY_345_A,"GLU_341_A,VAL_344_A,PHE_346_A"
PHE_346_A,"PHE_335_A,ARG_337_A,TYR_342_A,GLY_345_A,GLY_347_A,TRP_354_A"
GLY_347_A,"PHE_346_A,ASN_348_A"
ASN_348_A,"GLY_347_A,GLY_351_A,GLU_352_A"
PRO_349_A,"ILE_297_A,ARG_327_A,SER_350_A"
SER_350_A,"PRO_349_A,GLY_351_A"
GLY_351_A,"ARG_327_A,ASN_348_A,SER_350_A,GLU_352_A"
GLU_352_A,"ARG_328_A,GLU_329_A,ASP_330_A,GLY_331_A,SER_332_A,VAL_333_A,ASN_348_A,GLY_351_A,TYR_353_A"
TYR_353_A,"TYR_312_A,ILE_324_A,GLU_352_A,TRP_354_A"
TRP_354_A,"GLN_326_A,TYR_342_A,PHE_346_A,TYR_353_A,LEU_355_A,TRP_446_A"
LEU_355_A,"ALA_311_A,ILE_325_A,TRP_354_A,GLY_356_A,PHE_359_A"
GLY_356_A,"LEU_355_A,ASN_357_A"
ASN_357_A,"TYR_342_A,GLY_356_A,GLU_358_A,SER_361_A,TYR_399_A"
GLU_358_A,"LYS_343_A,ASN_357_A,PHE_359_A,GLN_362_A,GLU_395_A,TYR_399_A"
PHE_359_A,"LEU_300_A,ILE_309_A,LEU_355_A,GLU_358_A,VAL_360_A,LEU_363_A"
VAL_360_A,"ILE_325_A,PHE_359_A,SER_361_A,THR_364_A,PHE_390_A,LEU_392_A"
SER_361_A,"ASN_357_A,VAL_360_A,GLN_362_A,ASN_365_A,LEU_392_A,SER_393_A"
GLN_362_A,"GLU_358_A,SER_361_A,LEU_363_A"
LEU_363_A,"ARG_282_A,PHE_359_A,GLN_362_A,THR_364_A"
THR_364_A,"VAL_360_A,LEU_363_A,ASN_365_A"
ASN_365_A,"SER_361_A,THR_364_A,GLN_366_A,LEU_392_A"
GLN_366_A,"ASN_365_A,GLN_367_A"
GLN_367_A,"GLN_366_A,ARG_368_A,TYR_369_A"
ARG_368_A,"GLN_367_A,TYR_369_A,GLU_388_A,HIS_389_A,LYS_404_A,ALA_494_A"
TYR_369_A,"ASP_283_A,GLN_367_A,ARG_368_A,VAL_370_A,PHE_390_A,ILE_491_A"
VAL_370_A,"TRP_322_A,TYR_369_A,LEU_371_A,ARG_492_A"
LEU_371_A,"VAL_370_A,LYS_372_A,ILE_373_A,TYR_387_A,PHE_390_A"
LYS_372_A,"TRP_322_A,LEU_371_A,ILE_373_A,MET_490_A"
ILE_373_A,"LEU_371_A,LYS_372_A,HIS_374_A,LEU_375_A,SER_385_A,LEU_455_A,TRP_474_A"
HIS_374_A,"ILE_373_A,LEU_375_A,LYS_376_A,GLU_382_A,THR_488_A"
LEU_375_A,"ILE_373_A,HIS_374_A,LYS_376_A,ALA_383_A,TRP_474_A,TRP_477_A,LEU_484_A,THR_487_A"
LYS_376_A,"HIS_374_A,LEU_375_A,ASP_377_A,GLU_382_A,LYS_485_A,ALA_486_A"
ASP_377_A,"LYS_376_A,TRP_378_A,GLU_379_A,ASN_381_A,LYS_478_A"
TRP_378_A,"ASP_377_A,GLU_379_A,TYR_459_A,TYR_482_A,LYS_485_A"
GLU_379_A,"ASP_377_A,TRP_378_A,GLY_380_A,LYS_478_A,TYR_482_A"
GLY_380_A,"GLU_379_A,ASN_381_A"
ASN_381_A,"ASP_377_A,GLY_380_A,GLU_382_A"
GLU_382_A,"HIS_374_A,LYS_376_A,ASN_381_A,ALA_383_A"
ALA_383_A,"LEU_375_A,GLU_382_A,TYR_384_A,TRP_477_A"
TYR_384_A,"ALA_383_A,SER_385_A,ALA_410_A"
SER_385_A,"ILE_373_A,TYR_384_A,LEU_386_A"
LEU_386_A,"SER_385_A,TYR_387_A,THR_407_A"
TYR_387_A,"LEU_371_A,LEU_386_A,GLU_388_A,LEU_403_A,LEU_406_A,SER_414_A"
GLU_388_A,"ARG_368_A,TYR_387_A,HIS_389_A,LYS_404_A,GLY_405_A"
HIS_389_A,"ARG_368_A,GLU_388_A,PHE_390_A,LYS_404_A"
PHE_390_A,"VAL_360_A,TYR_369_A,LEU_371_A,HIS_389_A,TYR_391_A,LEU_392_A,ILE_401_A,LEU_403_A,ILE_491_A"
TYR_391_A,"PHE_390_A,LEU_392_A,HIS_402_A"
LEU_392_A,"VAL_360_A,SER_361_A,ASN_365_A,PHE_390_A,TYR_391_A,SER_393_A,TRP_446_A"
SER_393_A,"SER_361_A,LEU_392_A,SER_394_A,ARG_400_A,HIS_402_A"
SER_394_A,"SER_393_A,GLU_395_A"
GLU_395_A,"TRP_339_A,LYS_343_A,GLU_358_A,SER_394_A,GLU_396_A,ASN_398_A,TYR_399_A"
GLU_396_A,"GLU_395_A,LEU_397_A"
LEU_397_A,"GLU_396_A,ASN_398_A"
ASN_398_A,"GLU_395_A,LEU_397_A,TYR_399_A,ASP_422_A,PHE_423_A"
TYR_399_A,"TRP_339_A,ASN_357_A,GLU_358_A,GLU_395_A,ASN_398_A,ARG_400_A,TRP_446_A"
ARG_400_A,"SER_393_A,TYR_399_A,ILE_401_A,HIS_402_A,ASP_422_A"
ILE_401_A,"PHE_390_A,ARG_400_A,HIS_402_A,TRP_446_A"
HIS_402_A,"TYR_391_A,SER_393_A,ARG_400_A,ILE_401_A,LEU_403_A"
LEU_403_A,"TYR_387_A,PHE_390_A,HIS_402_A,LYS_404_A,ILE_416_A"
LYS_404_A,"ARG_368_A,GLU_388_A,HIS_389_A,LEU_403_A,GLY_405_A"
GLY_405_A,"GLU_388_A,LYS_404_A,LEU_406_A"
LEU_406_A,"TYR_387_A,GLY_405_A,THR_407_A"
THR_407_A,"LEU_386_A,LEU_406_A,GLY_408_A"
GLY_408_A,"THR_407_A,THR_409_A"
THR_409_A,"GLY_408_A,ALA_410_A"
ALA_410_A,"TYR_384_A,THR_409_A,GLY_411_A,TRP_474_A"
GLY_411_A,"ALA_410_A,LYS_412_A"
LYS_412_A,"GLY_411_A,ILE_413_A"
ILE_413_A,"LYS_412_A,SER_414_A,TYR_476_A"
SER_414_A,"TYR_387_A,ILE_413_A,SER_415_A,ILE_416_A"
SER_415_A,"SER_414_A,ILE_416_A,SER_453_A"
ILE_416_A,"LEU_403_A,SER_414_A,SER_415_A,SER_417_A,TRP_474_A"
SER_417_A,"ILE_416_A,GLN_418_A"
GLN_418_A,SER_417_A
PRO_419_A,GLY_420_A
GLY_420_A,"PRO_419_A,ASN_421_A"
ASN_421_A,"GLY_420_A,ASP_422_A"
ASP_422_A,"ASN_398_A,ARG_400_A,ASN_421_A,PHE_423_A,ASN_430_A,LYS_432_A"
PHE_423_A,"TYR_342_A,ASN_398_A,ASP_422_A,SER_424_A,THR_425_A,TRP_446_A"
SER_424_A,"PHE_423_A,THR_425_A,ASN_430_A,TRP_445_A"
THR_425_A,"TYR_342_A,PHE_423_A,SER_424_A,LYS_426_A,ASP_427_A,GLY_428_A"
LYS_426_A,"GLU_341_A,THR_425_A,ASP_427_A,SER_438_A,GLN_439_A"
ASP_427_A,"TRP_339_A,THR_425_A,LYS_426_A,GLY_428_A"
GLY_428_A,"THR_425_A,ASP_427_A,ASP_429_A"
ASP_429_A,"GLY_428_A,ASN_430_A,ASP_431_A,LYS_436_A"
ASN_430_A,"ASP_422_A,SER_424_A,ASP_429_A,ASP_431_A"
ASP_431_A,"ASP_429_A,ASN_430_A,LYS_432_A,CYS_433_A,CYS_437_A"
LYS_432_A,"ASP_422_A,ASP_431_A,CYS_433_A,ASP_448_A"
CYS_433_A,"ASP_431_A,LYS_432_A,ILE_434_A,CYS_435_A"
ILE_434_A,"CYS_433_A,CYS_435_A"
CYS_435_A,"CYS_433_A,ILE_434_A,LYS_436_A"
LYS_436_A,"ASP_429_A,CYS_435_A,CYS_437_A,GLN_439_A,MET_440_A"
CYS_437_A,"ASP_431_A,LYS_436_A,SER_438_A,LEU_441_A,PHE_447_A,CYS_450_A"
SER_438_A,"LYS_426_A,CYS_437_A,GLN_439_A,THR_442_A,GLY_443_A"
GLN_439_A,"LYS_426_A,LYS_436_A,SER_438_A,MET_440_A"
MET_440_A,"LYS_436_A,GLN_439_A,LEU_441_A"
LEU_441_A,"CYS_437_A,MET_440_A,THR_442_A,PHE_447_A,CYS_450_A,PHE_469_A"
THR_442_A,"SER_438_A,LEU_441_A,GLY_443_A,ASN_454_A,MET_458_A"
GLY_443_A,"SER_438_A,THR_442_A,GLY_444_A"
GLY_444_A,"GLY_443_A,TRP_445_A,ASN_456_A"
TRP_445_A,"SER_424_A,GLY_444_A,TRP_446_A,PHE_447_A,SER_453_A,LEU_455_A"
TRP_446_A,"TRP_354_A,LEU_392_A,TYR_399_A,ILE_401_A,PHE_423_A,TRP_445_A,PHE_447_A"
PHE_447_A,"CYS_437_A,LEU_441_A,TRP_445_A,TRP_446_A,ASP_448_A"
ASP_448_A,"LYS_432_A,PHE_447_A,ALA_449_A,CYS_450_A"
ALA_449_A,"ASP_448_A,CYS_450_A"
CYS_450_A,"CYS_437_A,LEU_441_A,ASP_448_A,ALA_449_A,GLY_451_A"
GLY_451_A,CYS_450_A
PRO_452_A,"SER_453_A,TYR_475_A"
SER_453_A,"SER_415_A,TRP_445_A,PRO_452_A,ASN_454_A"
ASN_454_A,"THR_442_A,SER_453_A,LEU_455_A,ASN_456_A,LYS_473_A"
LEU_455_A,"GLN_326_A,ARG_328_A,ILE_373_A,TRP_445_A,ASN_454_A,ASN_456_A,TRP_474_A"
ASN_456_A,"GLY_444_A,ASN_454_A,LEU_455_A,GLY_457_A"
GLY_457_A,"ARG_328_A,ASN_456_A,MET_458_A"
MET_458_A,"THR_442_A,GLY_457_A,TYR_459_A,TYR_460_A,ASN_470_A"
TYR_459_A,"GLU_329_A,TRP_378_A,MET_458_A,TYR_460_A,ILE_472_A,LYS_485_A"
TYR_460_A,"MET_458_A,TYR_459_A,LYS_468_A,ASN_470_A"
PRO_461_A,GLN_462_A
GLN_462_A,"PRO_461_A,ARG_463_A"
ARG_463_A,"GLN_462_A,GLN_464_A"
GLN_464_A,"ARG_463_A,ASN_465_A"
ASN_465_A,"GLN_464_A,THR_466_A,SER_483_A"
THR_466_A,"ASN_465_A,ASN_467_A"
ASN_467_A,"THR_466_A,LYS_468_A"
LYS_468_A,"TYR_460_A,ASN_467_A,PHE_469_A,GLY_481_A"
PHE_469_A,"LEU_441_A,LYS_468_A,ASN_470_A,LYS_473_A"
ASN_470_A,"MET_458_A,TYR_460_A,PHE_469_A,GLY_471_A"
GLY_471_A,"ASN_470_A,ILE_472_A"
ILE_472_A,"TYR_459_A,GLY_471_A,LYS_473_A,LEU_484_A,THR_487_A"
LYS_473_A,"ASN_454_A,PHE_469_A,ILE_472_A,TRP_474_A"
TRP_474_A,"ILE_373_A,LEU_375_A,ALA_410_A,ILE_416_A,LEU_455_A,LYS_473_A,TYR_475_A"
TYR_475_A,"PRO_452_A,TRP_474_A,TYR_476_A,GLY_479_A"
TYR_476_A,"ILE_413_A,TYR_475_A,TRP_477_A"
TRP_477_A,"LEU_375_A,ALA_383_A,TYR_476_A,LYS_478_A,LEU_484_A"
LYS_478_A,"ASP_377_A,GLU_379_A,TRP_477_A,GLY_479_A,TYR_482_A,LEU_484_A"
GLY_479_A,"TYR_475_A,LYS_478_A,SER_480_A"
SER_480_A,"GLY_479_A,GLY_481_A"
GLY_481_A,"LYS_468_A,SER_480_A,TYR_482_A"
TYR_482_A,"TRP_378_A,GLU_379_A,LYS_478_A,GLY_481_A,SER_483_A"
SER_483_A,"ASN_465_A,TYR_482_A,LEU_484_A"
LEU_484_A,"LEU_375_A,ILE_472_A,TRP_477_A,LYS_478_A,SER_483_A,LYS_485_A"
LYS_485_A,"LYS_376_A,TRP_378_A,TYR_459_A,LEU_484_A,ALA_486_A"
ALA_486_A,"LYS_376_A,LYS_485_A,THR_487_A"
THR_487_A,"GLN_326_A,ARG_328_A,LEU_375_A,ILE_472_A,ALA_486_A,THR_488_A"
THR_488_A,"HIS_374_A,THR_487_A,MET_489_A,MET_490_A"
MET_489_A,"ILE_325_A,GLN_326_A,THR_488_A,MET_490_A"
MET_490_A,"TRP_322_A,ILE_324_A,LYS_372_A,THR_488_A,MET_489_A,ILE_491_A"
ILE_491_A,"THR_323_A,TYR_369_A,PHE_390_A,MET_490_A,ARG_492_A"
ARG_492_A,"GLY_318_A,GLY_320_A,TRP_322_A,VAL_370_A,ILE_491_A,PHE_496_A"
PRO_493_A,ALA_494_A
ALA_494_A,"ARG_368_A,PRO_493_A,ASP_495_A"
ASP_495_A,"LYS_289_A,ALA_494_A,PHE_496_A"
PHE_496_A,"ALA_285_A,PHE_288_A,ARG_492_A,ASP_495_A,GLY_497_A"
GLY_497_A,PHE_496_A
