residue_id,neighbors
HIS_27_A,"VAL_28_A,GLU_50_A,TRP_137_A"
VAL_28_A,"HIS_27_A,SER_29_A,MET_45_A,ALA_125_A"
SER_29_A,"VAL_28_A,VAL_30_A,LYS_46_A"
VAL_30_A,"SER_29_A,LYS_31_A,TRP_123_A,SER_148_A"
LYS_31_A,"VAL_30_A,THR_44_A"
PRO_32_A,"ALA_33_A,THR_150_A"
ALA_33_A,"PRO_32_A,GLU_34_A,ASN_151_A"
GLU_34_A,"ALA_33_A,SER_35_A,GLU_120_A"
SER_35_A,"GLU_34_A,ALA_36_A,GLU_41_A,ASN_114_A"
ALA_36_A,"SER_35_A,ALA_37_A,SER_39_A,ASN_114_A"
ALA_37_A,"ALA_36_A,GLY_38_A,THR_153_A"
GLY_38_A,"ALA_37_A,SER_39_A,PRO_115_A"
SER_39_A,"ALA_36_A,GLY_38_A,TRP_40_A,ASN_114_A"
TRP_40_A,"SER_39_A,GLU_41_A,GLN_69_A"
GLU_41_A,"SER_35_A,TRP_40_A,THR_42_A,TYR_43_A,ALA_112_A"
THR_42_A,"GLU_41_A,TYR_43_A,THR_109_A"
TYR_43_A,"GLU_41_A,THR_42_A,THR_44_A,PHE_110_A,ASN_114_A,TRP_123_A"
THR_44_A,"LYS_31_A,TYR_43_A,MET_45_A"
MET_45_A,"VAL_28_A,THR_44_A,LYS_46_A,VAL_58_A,TRP_93_A,PHE_108_A"
LYS_46_A,"SER_29_A,MET_45_A,VAL_47_A"
VAL_47_A,"LYS_46_A,ILE_100_A,GLN_106_A,PHE_108_A"
PRO_48_A,SER_49_A
SER_49_A,"PRO_48_A,GLU_50_A"
GLU_50_A,"HIS_27_A,SER_49_A,LYS_51_A,TYR_129_A"
LYS_51_A,"GLU_50_A,ASN_52_A,LEU_53_A,TYR_129_A,ASP_131_A,SER_133_A"
ASN_52_A,"LYS_51_A,LEU_53_A"
LEU_53_A,"LYS_51_A,ASN_52_A,ASP_131_A"
PRO_54_A,"THR_55_A,LYS_130_A"
THR_55_A,"PRO_54_A,THR_56_A,ILE_100_A,GLN_127_A"
THR_56_A,"THR_55_A,LYS_57_A,TYR_128_A"
LYS_57_A,"THR_56_A,VAL_58_A,GLU_94_A,TYR_128_A"
VAL_58_A,"MET_45_A,LYS_57_A,VAL_59_A,TRP_93_A"
VAL_59_A,"VAL_58_A,LEU_60_A,TYR_126_A,TYR_128_A"
LEU_60_A,"VAL_59_A,LYS_61_A,MET_62_A,VAL_91_A,TRP_93_A,PHE_110_A"
LYS_61_A,"LEU_60_A,MET_62_A,ASP_124_A"
MET_62_A,"LEU_60_A,LYS_61_A,VAL_89_A"
PRO_63_A,"LYS_64_A,VAL_66_A,ALA_121_A,TRP_123_A"
LYS_64_A,"PRO_63_A,ASP_65_A,GLU_119_A"
ASP_65_A,"LYS_64_A,VAL_66_A,PRO_115_A,GLU_119_A"
VAL_66_A,"PRO_63_A,ASP_65_A,GLU_67_A,ALA_112_A"
GLU_67_A,"VAL_66_A,PHE_68_A,LYS_113_A"
PHE_68_A,"GLU_67_A,GLN_69_A,THR_81_A,VAL_91_A"
GLN_69_A,"TRP_40_A,PHE_68_A,GLN_70_A,VAL_111_A"
GLN_70_A,"GLN_69_A,TYR_71_A,VAL_111_A"
TYR_71_A,"GLN_70_A,GLU_72_A,VAL_79_A"
GLU_72_A,"TYR_71_A,THR_109_A"
PRO_73_A,ILE_74_A
ILE_74_A,"PRO_73_A,TRP_77_A,GLN_106_A"
PRO_75_A,GLY_76_A
GLY_76_A,"PRO_75_A,TRP_77_A,THR_96_A"
TRP_77_A,"ILE_74_A,GLY_76_A,LYS_78_A,ALA_95_A,ILE_100_A,PHE_108_A"
LYS_78_A,"TRP_77_A,VAL_79_A,GLU_94_A,THR_96_A"
VAL_79_A,"TYR_71_A,LYS_78_A,SER_80_A,VAL_91_A"
SER_80_A,"VAL_79_A,THR_81_A,THR_92_A"
THR_81_A,"PHE_68_A,SER_80_A,GLN_82_A"
GLN_82_A,"THR_81_A,LYS_83_A,SER_90_A,THR_92_A"
LYS_83_A,"GLN_82_A,HIS_84_A,LYS_87_A"
HIS_84_A,"LYS_83_A,ASP_85_A,SER_88_A,SER_90_A"
ASP_85_A,"HIS_84_A,ASP_86_A"
ASP_86_A,"ASP_85_A,LYS_87_A"
LYS_87_A,"LYS_83_A,ASP_86_A,SER_88_A"
SER_88_A,"HIS_84_A,LYS_87_A,VAL_89_A"
VAL_89_A,"MET_62_A,SER_88_A,SER_90_A"
SER_90_A,"GLN_82_A,HIS_84_A,VAL_89_A,VAL_91_A"
VAL_91_A,"LEU_60_A,PHE_68_A,VAL_79_A,SER_90_A,THR_92_A,TRP_93_A"
THR_92_A,"SER_80_A,GLN_82_A,VAL_91_A,TRP_93_A"
TRP_93_A,"MET_45_A,VAL_58_A,LEU_60_A,VAL_91_A,THR_92_A,GLU_94_A,PHE_108_A"
GLU_94_A,"LYS_57_A,LYS_78_A,TRP_93_A,ALA_95_A"
ALA_95_A,"TRP_77_A,GLU_94_A,THR_96_A"
THR_96_A,"GLY_76_A,LYS_78_A,ALA_95_A,ASP_97_A"
ASP_97_A,"THR_96_A,GLY_98_A"
GLY_98_A,"ASP_97_A,GLY_99_A"
GLY_99_A,"GLY_98_A,ILE_100_A"
ILE_100_A,"VAL_47_A,THR_55_A,TRP_77_A,GLY_99_A,GLN_101_A,GLN_106_A"
GLN_101_A,"ILE_100_A,GLU_102_A,GLN_104_A"
GLU_102_A,"GLN_101_A,GLY_103_A"
GLY_103_A,"GLU_102_A,GLN_104_A"
GLN_104_A,"GLN_101_A,GLY_103_A,PHE_105_A"
PHE_105_A,"GLN_104_A,GLN_106_A"
GLN_106_A,"VAL_47_A,ILE_74_A,ILE_100_A,PHE_105_A,GLN_107_A,PHE_108_A"
GLN_107_A,"GLN_106_A,PHE_108_A"
PHE_108_A,"MET_45_A,VAL_47_A,TRP_77_A,TRP_93_A,GLN_106_A,GLN_107_A,THR_109_A"
THR_109_A,"THR_42_A,GLU_72_A,PHE_108_A,PHE_110_A"
PHE_110_A,"TYR_43_A,LEU_60_A,THR_109_A,VAL_111_A,TRP_123_A"
VAL_111_A,"GLN_69_A,GLN_70_A,PHE_110_A,ALA_112_A"
ALA_112_A,"GLU_41_A,VAL_66_A,VAL_111_A,LYS_113_A"
LYS_113_A,"GLU_67_A,ALA_112_A,ASN_114_A"
ASN_114_A,"SER_35_A,ALA_36_A,SER_39_A,TYR_43_A,LYS_113_A"
PRO_115_A,"GLY_38_A,ASP_65_A,ASP_116_A"
ASP_116_A,"PRO_115_A,LYS_117_A"
LYS_117_A,"ASP_116_A,ALA_118_A"
ALA_118_A,"LYS_117_A,GLU_119_A"
GLU_119_A,"LYS_64_A,ASP_65_A,ALA_118_A,GLU_120_A,ILE_152_A"
GLU_120_A,"GLU_34_A,GLU_119_A,ALA_121_A,ILE_149_A"
ALA_121_A,"PRO_63_A,GLU_120_A,ALA_122_A,THR_150_A"
ALA_122_A,"ALA_121_A,TRP_123_A"
TRP_123_A,"VAL_30_A,TYR_43_A,PRO_63_A,PHE_110_A,ALA_122_A,ASP_124_A,SER_148_A,THR_150_A"
ASP_124_A,"LYS_61_A,TRP_123_A,ALA_125_A,THR_138_A,HIS_147_A"
ALA_125_A,"VAL_28_A,ASP_124_A,TYR_126_A,TRP_137_A"
TYR_126_A,"VAL_59_A,ALA_125_A,GLN_127_A"
GLN_127_A,"THR_55_A,TYR_126_A,TYR_128_A,VAL_135_A"
TYR_128_A,"THR_56_A,LYS_57_A,VAL_59_A,GLN_127_A,TYR_129_A,ILE_134_A"
TYR_129_A,"GLU_50_A,LYS_51_A,TYR_128_A,LYS_130_A,SER_133_A,VAL_135_A"
LYS_130_A,"PRO_54_A,TYR_129_A,ASP_131_A"
ASP_131_A,"LYS_51_A,LEU_53_A,LYS_130_A,GLY_132_A,SER_133_A"
GLY_132_A,"ASP_131_A,SER_133_A"
SER_133_A,"LYS_51_A,TYR_129_A,ASP_131_A,GLY_132_A,ILE_134_A"
ILE_134_A,"TYR_128_A,SER_133_A,VAL_135_A"
VAL_135_A,"GLN_127_A,TYR_129_A,ILE_134_A,GLU_136_A,TRP_137_A"
GLU_136_A,"VAL_135_A,TRP_137_A,THR_138_A"
TRP_137_A,"HIS_27_A,ALA_125_A,VAL_135_A,GLU_136_A,THR_138_A"
THR_138_A,"ASP_124_A,GLU_136_A,TRP_137_A,GLY_139_A"
GLY_139_A,"THR_138_A,ASP_140_A,THR_145_A"
ASP_140_A,"GLY_139_A,GLU_141_A,ASP_142_A,ALA_143_A"
GLU_141_A,"ASP_140_A,ASP_142_A,HIS_147_A"
ASP_142_A,"ASP_140_A,GLU_141_A,ALA_143_A"
ALA_143_A,"ASP_140_A,ASP_142_A,ASP_144_A"
ASP_144_A,"ALA_143_A,THR_145_A"
THR_145_A,"GLY_139_A,ASP_144_A"
PRO_146_A,HIS_147_A
HIS_147_A,"ASP_124_A,GLU_141_A,PRO_146_A,SER_148_A"
SER_148_A,"VAL_30_A,TRP_123_A,HIS_147_A,ILE_149_A"
ILE_149_A,"GLU_120_A,SER_148_A,THR_150_A"
THR_150_A,"PRO_32_A,ALA_121_A,TRP_123_A,ILE_149_A,ASN_151_A"
ASN_151_A,"ALA_33_A,THR_150_A,ILE_152_A"
ILE_152_A,"GLU_119_A,ASN_151_A,THR_153_A"
THR_153_A,"ALA_37_A,ILE_152_A,SER_154_A"
SER_154_A,"THR_153_A,ALA_155_A"
ALA_155_A,SER_154_A
