residue_id,neighbors
PRO_4_B,VAL_5_B
VAL_5_B,"PRO_4_B,ASP_6_B,LEU_7_B,MET_23_B"
ASP_6_B,"VAL_5_B,LEU_7_B,SER_8_B"
LEU_7_B,"VAL_5_B,ASP_6_B,SER_8_B,GLU_224_B"
SER_8_B,"ASP_6_B,LEU_7_B,THR_9_B"
THR_9_B,"SER_8_B,THR_10_B"
THR_10_B,"THR_9_B,LEU_11_B"
LEU_11_B,"THR_10_B,SER_12_B,MET_23_B,THR_201_B"
SER_12_B,"LEU_11_B,TRP_13_B,THR_201_B"
TRP_13_B,"SER_12_B,LYS_14_B,LEU_71_B,GLU_75_B,GLU_202_B"
LYS_14_B,"TRP_13_B,SER_15_B,GLU_75_B,GLU_202_B"
SER_15_B,"LYS_14_B,ALA_16_B"
ALA_16_B,"SER_15_B,THR_17_B"
THR_17_B,"ALA_16_B,GLY_18_B"
GLY_18_B,"THR_17_B,GLU_19_B"
GLU_19_B,"GLY_18_B,ALA_20_B,MET_23_B"
ALA_20_B,"GLU_19_B,ALA_21_B"
ALA_21_B,"ALA_20_B,THR_22_B,ARG_68_B"
THR_22_B,"ALA_21_B,MET_23_B,ASP_25_B"
MET_23_B,"VAL_5_B,LEU_11_B,GLU_19_B,THR_22_B,LEU_24_B,PHE_240_B"
LEU_24_B,"MET_23_B,ASP_25_B,LEU_32_B"
ASP_25_B,"THR_22_B,LEU_24_B,GLU_26_B,ARG_68_B"
GLU_26_B,"ASP_25_B,LEU_27_B,HIS_239_B,LEU_460_B,ALA_461_B,ARG_464_B"
LEU_27_B,"GLU_26_B,GLN_28_B,LEU_32_B,ALA_67_B,LEU_227_B"
GLN_28_B,"LEU_27_B,VAL_90_B,PRO_458_B"
PRO_29_B,"ASN_30_B,LYS_65_B"
ASN_30_B,"PRO_29_B,ILE_31_B,HIS_35_B,TYR_87_B,ARG_349_B"
ILE_31_B,"ASN_30_B,LEU_32_B,VAL_226_B,PHE_381_B"
LEU_32_B,"LEU_24_B,LEU_27_B,ILE_31_B,LYS_33_B"
LYS_33_B,"LEU_32_B,ALA_34_B,LYS_78_B,ASP_203_B"
ALA_34_B,"LYS_33_B,HIS_35_B"
HIS_35_B,"ASN_30_B,ALA_34_B,VAL_36_B,ARG_37_B,LYS_65_B,HIS_70_B,GLU_73_B"
VAL_36_B,"HIS_35_B,ARG_37_B"
ARG_37_B,"HIS_35_B,VAL_36_B,ASP_38_B,ARG_349_B,GLY_350_B,GLN_351_B"
ASP_38_B,"ARG_37_B,ARG_39_B"
ARG_39_B,"ASP_38_B,LEU_40_B,ASP_145_B,ARG_355_B"
LEU_40_B,"ARG_39_B,THR_41_B,GLY_174_B"
THR_41_B,"LEU_40_B,VAL_42_B,LEU_43_B,LEU_143_B"
VAL_42_B,"THR_41_B,LEU_43_B,PHE_44_B,VAL_140_B,LEU_142_B,GLU_172_B"
LEU_43_B,"THR_41_B,VAL_42_B,PHE_44_B,LEU_141_B,GLU_171_B"
PHE_44_B,"VAL_42_B,LEU_43_B,LEU_45_B,VAL_140_B,VAL_169_B,GLY_170_B,PHE_246_B,PHE_455_B"
LEU_45_B,"PHE_44_B,GLY_46_B,ASP_138_B,ALA_139_B,LEU_141_B,VAL_168_B"
GLY_46_B,"LEU_45_B,PHE_47_B,THR_167_B"
PHE_47_B,"GLY_46_B,GLY_48_B,ALA_53_B,THR_99_B,ASP_138_B,ALA_139_B"
GLY_48_B,"PHE_47_B,ASP_49_B,SER_165_B"
ASP_49_B,"GLY_48_B,ALA_50_B,GLU_52_B,ALA_53_B"
ALA_50_B,"ASP_49_B,ALA_51_B,ARG_54_B"
ALA_51_B,"ALA_50_B,GLU_52_B,THR_55_B"
GLU_52_B,"ASP_49_B,ALA_51_B,ALA_53_B,PHE_56_B"
ALA_53_B,"PHE_47_B,ASP_49_B,GLU_52_B,ARG_54_B,LEU_57_B,LEU_100_B"
ARG_54_B,"ALA_50_B,ALA_53_B,THR_55_B,LEU_100_B"
THR_55_B,"ALA_51_B,ARG_54_B,PHE_56_B"
PHE_56_B,"GLU_52_B,THR_55_B,LEU_57_B,LEU_60_B,LEU_161_B,ARG_162_B"
LEU_57_B,"ALA_53_B,PHE_56_B,ASN_58_B"
ASN_58_B,"LEU_57_B,GLY_59_B,SER_61_B,ARG_464_B,LEU_466_B"
GLY_59_B,"ASN_58_B,LEU_60_B,GLY_62_B"
LEU_60_B,"PHE_56_B,GLY_59_B,SER_61_B,LEU_63_B"
SER_61_B,"ASN_58_B,LEU_60_B,GLY_62_B,LEU_63_B,MET_64_B"
GLY_62_B,"GLY_59_B,SER_61_B,LEU_63_B"
LEU_63_B,"LEU_60_B,SER_61_B,GLY_62_B,MET_64_B,LEU_161_B"
MET_64_B,"SER_61_B,LEU_63_B,LYS_65_B,VAL_90_B,LEU_460_B"
LYS_65_B,"PRO_29_B,HIS_35_B,MET_64_B,SER_66_B,HIS_70_B,GLU_73_B,THR_85_B,PRO_86_B"
SER_66_B,"LYS_65_B,ALA_67_B"
ALA_67_B,"LEU_27_B,SER_66_B,ARG_68_B,LEU_71_B"
ARG_68_B,"ALA_21_B,ASP_25_B,ALA_67_B,THR_69_B,GLN_72_B"
THR_69_B,"ARG_68_B,HIS_70_B"
HIS_70_B,"HIS_35_B,LYS_65_B,THR_69_B,LEU_71_B,GLU_73_B,VAL_74_B"
LEU_71_B,"TRP_13_B,ALA_67_B,HIS_70_B,GLN_72_B,GLU_75_B,LEU_200_B"
GLN_72_B,"ARG_68_B,LEU_71_B,GLU_73_B,ALA_76_B"
GLU_73_B,"HIS_35_B,LYS_65_B,HIS_70_B,GLN_72_B,VAL_74_B,HIS_77_B,THR_85_B"
VAL_74_B,"HIS_70_B,GLU_73_B,GLU_75_B,HIS_77_B"
GLU_75_B,"TRP_13_B,LYS_14_B,LEU_71_B,VAL_74_B,ALA_76_B,LYS_78_B"
ALA_76_B,"GLN_72_B,GLU_75_B,HIS_77_B"
HIS_77_B,"GLU_73_B,VAL_74_B,ALA_76_B,LYS_78_B,LYS_81_B"
LYS_78_B,"LYS_33_B,GLU_75_B,HIS_77_B,LEU_79_B,ASP_203_B"
LEU_79_B,"LYS_78_B,THR_80_B"
THR_80_B,"LEU_79_B,LYS_81_B"
LYS_81_B,"HIS_77_B,THR_80_B,ALA_82_B"
ALA_82_B,"LYS_81_B,VAL_83_B,GLY_84_B"
VAL_83_B,"ALA_82_B,GLY_84_B"
GLY_84_B,"ALA_82_B,VAL_83_B,THR_85_B"
THR_85_B,"LYS_65_B,GLU_73_B,GLY_84_B"
PRO_86_B,"LYS_65_B,TYR_87_B"
TYR_87_B,"ASN_30_B,PRO_86_B,LEU_88_B,LEU_142_B,GLY_144_B"
LEU_88_B,"TYR_87_B,GLY_89_B,LEU_143_B"
GLY_89_B,"LEU_88_B,VAL_90_B,LEU_142_B"
VAL_90_B,"GLN_28_B,MET_64_B,GLY_89_B,GLY_91_B"
GLY_91_B,"VAL_90_B,LEU_92_B,VAL_140_B"
LEU_92_B,"GLY_91_B,THR_93_B,TYR_97_B,ALA_139_B"
THR_93_B,"LEU_92_B,ALA_94_B,GLY_96_B,ILE_137_B,ASP_138_B,GLU_453_B,PHE_455_B"
ALA_94_B,"THR_93_B,HIS_95_B"
HIS_95_B,"ALA_94_B,GLY_96_B,ALA_98_B,THR_99_B,ASP_138_B"
GLY_96_B,"THR_93_B,HIS_95_B,TYR_97_B"
TYR_97_B,"LEU_92_B,GLY_96_B,ALA_98_B,LEU_100_B,VAL_102_B,ALA_104_B"
ALA_98_B,"HIS_95_B,TYR_97_B,THR_99_B,GLY_101_B"
THR_99_B,"PHE_47_B,HIS_95_B,ALA_98_B,LEU_100_B"
LEU_100_B,"ALA_53_B,ARG_54_B,TYR_97_B,THR_99_B,GLY_101_B,VAL_102_B"
GLY_101_B,"ALA_98_B,LEU_100_B,VAL_102_B"
VAL_102_B,"TYR_97_B,LEU_100_B,GLY_101_B,THR_103_B,ALA_232_B"
THR_103_B,"VAL_102_B,ALA_104_B"
ALA_104_B,"TYR_97_B,THR_103_B"
PRO_105_B,ALA_106_B
ALA_106_B,"PRO_105_B,ASP_107_B"
ASP_107_B,"ALA_106_B,SER_109_B,PHE_110_B,THR_111_B,TYR_243_B"
PRO_108_B,SER_109_B
SER_109_B,"ASP_107_B,PRO_108_B,PHE_110_B,GLU_390_B"
PHE_110_B,"ASP_107_B,SER_109_B,THR_111_B,TYR_243_B,LEU_385_B"
THR_111_B,"ASP_107_B,PHE_110_B,ALA_112_B"
ALA_112_B,"THR_111_B,GLY_113_B"
GLY_113_B,"ALA_112_B,ALA_114_B"
ALA_114_B,"GLY_113_B,LYS_115_B,ALA_117_B,GLU_453_B"
LYS_115_B,"ALA_114_B,ALA_116_B,TYR_133_B,GLU_453_B"
ALA_116_B,"LYS_115_B,ALA_117_B"
ALA_117_B,"ALA_114_B,ALA_116_B,VAL_118_B"
VAL_118_B,"ALA_117_B,GLU_119_B,ALA_122_B,ASP_123_B,TRP_129_B"
GLU_119_B,"VAL_118_B,LYS_120_B"
LYS_120_B,"GLU_119_B,LEU_121_B,GLU_390_B"
LEU_121_B,"LYS_120_B,ALA_122_B,GLN_419_B"
ALA_122_B,"VAL_118_B,LEU_121_B,ASP_123_B"
ASP_123_B,"VAL_118_B,ALA_122_B,ARG_247_B,GLN_419_B"
PRO_124_B,ALA_125_B
ALA_125_B,"PRO_124_B,VAL_126_B,GLU_128_B"
VAL_126_B,"ALA_125_B,THR_127_B,TRP_129_B"
THR_127_B,"VAL_126_B,GLU_128_B"
GLU_128_B,"ALA_125_B,THR_127_B,TRP_129_B"
TRP_129_B,"VAL_118_B,VAL_126_B,GLU_128_B,GLU_130_B"
GLU_130_B,"TRP_129_B,GLY_131_B,HIS_132_B,TYR_133_B,GLU_172_B,LYS_248_B,GLU_250_B,ASP_373_B,LYS_450_B"
GLY_131_B,"GLU_130_B,HIS_132_B,GLN_134_B"
HIS_132_B,"GLU_130_B,GLY_131_B,TYR_133_B,GLU_172_B,LYS_248_B"
TYR_133_B,"LYS_115_B,GLU_130_B,HIS_132_B,GLN_134_B,GLU_172_B"
GLN_134_B,"GLY_131_B,TYR_133_B,GLN_135_B"
GLN_135_B,"GLN_134_B,THR_136_B"
THR_136_B,"GLN_135_B,ILE_137_B"
ILE_137_B,"THR_93_B,THR_136_B,ASP_138_B"
ASP_138_B,"LEU_45_B,PHE_47_B,THR_93_B,HIS_95_B,ILE_137_B,ALA_139_B"
ALA_139_B,"LEU_45_B,PHE_47_B,LEU_92_B,ASP_138_B,VAL_140_B"
VAL_140_B,"VAL_42_B,PHE_44_B,GLY_91_B,ALA_139_B,LEU_141_B,PHE_455_B"
LEU_141_B,"LEU_43_B,LEU_45_B,VAL_140_B,LEU_142_B,VAL_158_B"
LEU_142_B,"VAL_42_B,TYR_87_B,GLY_89_B,LEU_141_B,LEU_143_B,PHE_244_B"
LEU_143_B,"THR_41_B,LEU_88_B,LEU_142_B,GLY_144_B,LEU_154_B"
GLY_144_B,"TYR_87_B,LEU_143_B,ASP_145_B"
ASP_145_B,"ARG_39_B,GLY_144_B,ALA_146_B,VAL_151_B"
ALA_146_B,"ASP_145_B,THR_147_B"
THR_147_B,"ALA_146_B,ALA_148_B"
ALA_148_B,"THR_147_B,GLY_149_B,VAL_151_B,ARG_152_B"
GLY_149_B,"ALA_148_B,THR_153_B"
PRO_150_B,"VAL_151_B,LEU_154_B"
VAL_151_B,"ASP_145_B,ALA_148_B,PRO_150_B,ARG_152_B,ARG_155_B"
ARG_152_B,"ALA_148_B,VAL_151_B,THR_153_B,ARG_155_B,ARG_156_B"
THR_153_B,"GLY_149_B,ARG_152_B,LEU_154_B,ARG_156_B"
LEU_154_B,"LEU_143_B,PRO_150_B,THR_153_B,ARG_155_B"
ARG_155_B,"VAL_151_B,ARG_152_B,LEU_154_B,ARG_156_B,GLU_159_B,GLU_171_B"
ARG_156_B,"ARG_152_B,THR_153_B,ARG_155_B,GLN_157_B,ALA_160_B"
GLN_157_B,"ARG_156_B,VAL_158_B"
VAL_158_B,"LEU_141_B,GLN_157_B,GLU_159_B"
GLU_159_B,"ARG_155_B,VAL_158_B,ALA_160_B,ARG_162_B"
ALA_160_B,"ARG_156_B,GLU_159_B,LEU_161_B"
LEU_161_B,"PHE_56_B,LEU_63_B,ALA_160_B,ARG_162_B"
ARG_162_B,"PHE_56_B,GLU_159_B,LEU_161_B,VAL_166_B"
PRO_163_B,"ALA_164_B,SER_165_B,VAL_166_B"
ALA_164_B,"PRO_163_B,SER_165_B"
SER_165_B,"GLY_48_B,PRO_163_B,ALA_164_B,VAL_166_B"
VAL_166_B,"ARG_162_B,PRO_163_B,SER_165_B,THR_167_B"
THR_167_B,"GLY_46_B,VAL_166_B,VAL_168_B"
VAL_168_B,"LEU_45_B,THR_167_B,VAL_169_B"
VAL_169_B,"PHE_44_B,VAL_168_B,GLY_170_B"
GLY_170_B,"PHE_44_B,VAL_169_B,GLU_171_B"
GLU_171_B,"LEU_43_B,ARG_155_B,GLY_170_B,GLU_172_B"
GLU_172_B,"VAL_42_B,GLU_130_B,HIS_132_B,TYR_133_B,GLU_171_B,SER_173_B,LYS_248_B"
SER_173_B,"GLU_172_B,GLY_174_B"
GLY_174_B,"LEU_40_B,SER_173_B,LEU_175_B"
LEU_175_B,"GLY_174_B,GLY_176_B,THR_352_B,ARG_355_B"
GLY_176_B,"LEU_175_B,LEU_177_B"
LEU_177_B,"GLY_176_B,ALA_178_B,ILE_185_B"
ALA_178_B,"LEU_177_B,ASN_179_B"
ASN_179_B,"ALA_178_B,ALA_180_B,ASN_181_B,GLY_182_B,ASP_183_B"
ALA_180_B,"ASN_179_B,ASN_181_B"
ASN_181_B,"ASN_179_B,ALA_180_B,GLY_182_B,ASP_183_B,HIS_300_B"
GLY_182_B,"ASN_179_B,ASN_181_B,ASP_183_B"
ASP_183_B,"ASN_179_B,ASN_181_B,GLY_182_B,GLY_184_B"
GLY_184_B,"ASP_183_B,ILE_185_B"
ILE_185_B,"LEU_177_B,GLY_184_B,GLU_186_B"
GLU_186_B,"ILE_185_B,HIS_187_B,PHE_188_B,GLY_189_B,TYR_190_B,GLN_251_B"
HIS_187_B,"GLU_186_B,PHE_188_B,TYR_353_B,ARG_356_B"
PHE_188_B,"GLU_186_B,HIS_187_B,GLY_189_B,PHE_256_B,LYS_257_B"
GLY_189_B,"GLU_186_B,PHE_188_B,TYR_190_B"
TYR_190_B,"GLU_186_B,GLY_189_B,VAL_191_B,GLU_260_B,GLU_286_B"
VAL_191_B,"TYR_190_B,ASP_192_B"
ASP_192_B,"VAL_191_B,GLY_193_B,ARG_348_B"
GLY_193_B,"ASP_192_B,ARG_194_B"
ARG_194_B,"GLY_193_B,SER_195_B,GLU_207_B,ASP_212_B,ARG_284_B,VAL_303_B"
SER_195_B,"ARG_194_B,GLN_196_B"
GLN_196_B,"SER_195_B,ARG_348_B"
PRO_197_B,LEU_198_B
LEU_198_B,"PRO_197_B,PHE_199_B,GLU_207_B,PRO_219_B,ALA_221_B"
PHE_199_B,"LEU_198_B,LEU_200_B,VAL_226_B"
LEU_200_B,"LEU_71_B,PHE_199_B,THR_201_B"
THR_201_B,"LEU_11_B,SER_12_B,LEU_200_B,GLU_202_B,ASP_205_B"
GLU_202_B,"TRP_13_B,LYS_14_B,THR_201_B,ASP_203_B"
ASP_203_B,"LYS_33_B,LYS_78_B,GLU_202_B,VAL_204_B,GLU_207_B"
VAL_204_B,"ASP_203_B,ASP_205_B,ARG_208_B"
ASP_205_B,"THR_201_B,VAL_204_B,ALA_206_B,ARG_208_B,ASP_209_B"
ALA_206_B,"ASP_205_B,GLU_207_B,THR_210_B"
GLU_207_B,"ARG_194_B,LEU_198_B,ASP_203_B,ALA_206_B,ARG_208_B,THR_211_B,ASP_212_B,VAL_214_B"
ARG_208_B,"VAL_204_B,ASP_205_B,GLU_207_B,ASP_209_B,VAL_214_B"
ASP_209_B,"ASP_205_B,ARG_208_B,THR_210_B"
THR_210_B,"ALA_206_B,ASP_209_B,THR_211_B"
THR_211_B,"GLU_207_B,THR_210_B,ASP_212_B"
ASP_212_B,"ARG_194_B,GLU_207_B,THR_211_B,GLY_213_B,ASP_306_B"
GLY_213_B,"ASP_212_B,VAL_214_B"
VAL_214_B,"GLU_207_B,ARG_208_B,GLY_213_B,ASN_215_B"
ASN_215_B,"VAL_214_B,ASP_216_B,ASP_306_B"
ASP_216_B,"ASN_215_B,TRP_217_B,ASP_306_B,ASP_310_B"
TRP_217_B,"ASP_216_B,ASP_218_B,ASP_306_B,ARG_330_B"
ASP_218_B,"TRP_217_B,SER_220_B,ARG_342_B"
PRO_219_B,"LEU_198_B,SER_220_B"
SER_220_B,"ASP_218_B,PRO_219_B,ALA_221_B"
ALA_221_B,"LEU_198_B,SER_220_B"
PRO_222_B,"LEU_223_B,GLU_224_B,GLN_225_B"
LEU_223_B,"PRO_222_B,GLU_224_B,GLN_225_B,VAL_226_B,LEU_227_B"
GLU_224_B,"LEU_7_B,PRO_222_B,LEU_223_B,GLN_225_B,LYS_343_B,SER_383_B"
GLN_225_B,"PRO_222_B,LEU_223_B,GLU_224_B,VAL_226_B,ARG_342_B"
VAL_226_B,"ILE_31_B,PHE_199_B,LEU_223_B,GLN_225_B,LEU_227_B,SER_242_B,PHE_381_B"
LEU_227_B,"LEU_27_B,LEU_223_B,VAL_226_B,VAL_228_B"
VAL_228_B,"LEU_227_B,GLY_241_B"
PRO_229_B,ASP_230_B
ASP_230_B,"PRO_229_B,ALA_233_B,HIS_239_B,SER_459_B"
PRO_231_B,ALA_232_B
ALA_232_B,"VAL_102_B,PRO_231_B,ALA_233_B,PHE_462_B"
ALA_233_B,"ASP_230_B,ALA_232_B,HIS_239_B"
PRO_234_B,ASP_235_B
ASP_235_B,"PRO_234_B,THR_237_B,HIS_239_B"
PRO_236_B,THR_237_B
THR_237_B,"ASP_235_B,PRO_236_B,VAL_238_B"
VAL_238_B,"THR_237_B,HIS_239_B"
HIS_239_B,"GLU_26_B,ASP_230_B,ALA_233_B,ASP_235_B,VAL_238_B,PHE_240_B,ARG_464_B"
PHE_240_B,"MET_23_B,HIS_239_B,GLY_241_B"
GLY_241_B,"VAL_228_B,PHE_240_B,SER_242_B"
SER_242_B,"VAL_226_B,GLY_241_B,TYR_243_B,MET_457_B"
TYR_243_B,"ASP_107_B,PHE_110_B,SER_242_B,PHE_244_B,ASN_382_B,PHE_456_B"
PHE_244_B,"LEU_142_B,TYR_243_B,VAL_245_B,MET_379_B,PHE_381_B,PHE_455_B"
VAL_245_B,"PHE_244_B,PHE_246_B,ALA_380_B,LEU_385_B,PHE_389_B"
PHE_246_B,"PHE_44_B,VAL_245_B,ARG_247_B,MET_379_B"
ARG_247_B,"ASP_123_B,PHE_246_B,LYS_248_B,PHE_378_B,MET_449_B"
LYS_248_B,"GLU_130_B,HIS_132_B,GLU_172_B,ARG_247_B,LEU_249_B,TYR_353_B,LYS_450_B,GLY_451_B"
LEU_249_B,"LYS_248_B,GLU_250_B,LEU_376_B,PHE_378_B"
GLU_250_B,"GLU_130_B,LEU_249_B,GLN_251_B,ASP_373_B,THR_448_B,LYS_450_B"
GLN_251_B,"GLU_186_B,GLU_250_B,ASN_252_B,VAL_374_B"
ASN_252_B,"GLN_251_B,VAL_253_B,LEU_255_B,PHE_256_B,ALA_446_B"
VAL_253_B,"ASN_252_B,ARG_254_B,LYS_257_B,ARG_369_B"
ARG_254_B,"VAL_253_B,LEU_255_B,GLU_258_B"
LEU_255_B,"ASN_252_B,ARG_254_B,PHE_256_B,ALA_259_B"
PHE_256_B,"PHE_188_B,ASN_252_B,LEU_255_B,LYS_257_B,ALA_259_B,GLU_260_B"
LYS_257_B,"PHE_188_B,VAL_253_B,PHE_256_B,GLU_258_B,GLU_260_B,GLU_286_B"
GLU_258_B,"ARG_254_B,LYS_257_B,ALA_259_B,ARG_261_B,ASP_262_B,PRO_366_B"
ALA_259_B,"LEU_255_B,PHE_256_B,GLU_258_B,GLU_260_B,LEU_263_B"
GLU_260_B,"TYR_190_B,PHE_256_B,LYS_257_B,ALA_259_B,ARG_261_B,ALA_264_B,GLU_286_B"
ARG_261_B,"GLU_258_B,GLU_260_B,ASP_262_B"
ASP_262_B,"GLU_258_B,ARG_261_B,LEU_263_B,ASP_266_B"
LEU_263_B,"ALA_259_B,ASP_262_B,ALA_264_B,ALA_277_B"
ALA_264_B,"GLU_260_B,LEU_263_B,HIS_265_B"
HIS_265_B,"ALA_264_B,ASP_266_B,GLY_268_B"
ASP_266_B,"ASP_262_B,HIS_265_B,LEU_267_B,THR_440_B,ASP_441_B"
LEU_267_B,"ASP_266_B,GLY_268_B"
GLY_268_B,"HIS_265_B,LEU_267_B,LEU_269_B"
LEU_269_B,"GLY_268_B,ARG_270_B"
ARG_270_B,"LEU_269_B,GLY_271_B"
GLY_271_B,"ARG_270_B,GLU_272_B,ARG_274_B"
GLU_272_B,"GLY_271_B,ASP_273_B,ARG_274_B,GLU_275_B"
ASP_273_B,"GLU_272_B,ARG_274_B,ARG_276_B"
ARG_274_B,"GLY_271_B,GLU_272_B,ASP_273_B,GLU_275_B"
GLU_275_B,"GLU_272_B,ARG_274_B,ARG_276_B"
ARG_276_B,"ASP_273_B,GLU_275_B,ALA_277_B,MET_280_B,PRO_429_B"
ALA_277_B,"LEU_263_B,ARG_276_B,GLY_278_B"
GLY_278_B,"ALA_277_B,ALA_279_B"
ALA_279_B,"GLY_278_B,MET_280_B,GLY_283_B,PHE_285_B"
MET_280_B,"ARG_276_B,ALA_279_B,LEU_281_B,PRO_319_B"
LEU_281_B,"MET_280_B,VAL_282_B,HIS_323_B,ILE_443_B"
VAL_282_B,"LEU_281_B,GLY_283_B,ILE_324_B"
GLY_283_B,"ALA_279_B,VAL_282_B,ARG_284_B"
ARG_284_B,"ARG_194_B,GLY_283_B,PHE_285_B,GLY_304_B,ASN_305_B,ARG_330_B"
PHE_285_B,"ALA_279_B,ARG_284_B,GLU_286_B,ASP_287_B,THR_289_B,LEU_291_B"
GLU_286_B,"TYR_190_B,LYS_257_B,GLU_260_B,PHE_285_B,ASP_287_B,ASN_361_B"
ASP_287_B,"PHE_285_B,GLU_286_B,GLY_288_B,THR_289_B,GLY_298_B,HIS_300_B"
GLY_288_B,"ASP_287_B,THR_289_B"
THR_289_B,"PHE_285_B,ASP_287_B,GLY_288_B,GLN_294_B"
PRO_290_B,"LEU_291_B,ALA_293_B,PHE_307_B"
LEU_291_B,"PHE_285_B,PRO_290_B,THR_292_B,TRP_431_B"
THR_292_B,"LEU_291_B,ALA_293_B,PHE_307_B,ASP_312_B"
ALA_293_B,"PRO_290_B,THR_292_B,GLN_294_B"
GLN_294_B,"THR_289_B,ALA_293_B,SER_295_B"
SER_295_B,"GLN_294_B,ALA_296_B"
ALA_296_B,SER_295_B
PRO_297_B,GLY_298_B
GLY_298_B,"ASP_287_B,PRO_297_B,SER_299_B"
SER_299_B,"GLY_298_B,HIS_300_B"
HIS_300_B,"ASN_181_B,ASP_287_B,SER_299_B,HIS_301_B"
HIS_301_B,HIS_300_B
PRO_302_B,VAL_303_B
VAL_303_B,"ARG_194_B,PRO_302_B,GLY_304_B"
GLY_304_B,"ARG_284_B,VAL_303_B,ASN_305_B"
ASN_305_B,"ARG_284_B,GLY_304_B,ASP_306_B,ARG_330_B"
ASP_306_B,"ASP_212_B,ASN_215_B,ASP_216_B,TRP_217_B,ASN_305_B,PHE_307_B"
PHE_307_B,"PRO_290_B,THR_292_B,ASP_306_B,SER_308_B,ARG_330_B"
SER_308_B,"PHE_307_B,TYR_309_B"
TYR_309_B,"SER_308_B,ASP_310_B,ASP_312_B"
ASP_310_B,"ASP_216_B,TYR_309_B,SER_311_B,LYS_313_B"
SER_311_B,"ASP_310_B,ASP_312_B"
ASP_312_B,"THR_292_B,TYR_309_B,SER_311_B,LYS_313_B,GLY_315_B,LYS_317_B,CYS_318_B,ARG_325_B"
LYS_313_B,"ASP_310_B,ASP_312_B,LEU_314_B"
LEU_314_B,"LYS_313_B,GLY_315_B,PRO_406_B"
GLY_315_B,"ASP_312_B,LEU_314_B,GLN_316_B"
GLN_316_B,"GLY_315_B,LYS_317_B,GLY_432_B"
LYS_317_B,"ASP_312_B,GLN_316_B,CYS_318_B,TRP_431_B"
CYS_318_B,"ASP_312_B,LYS_317_B,ARG_325_B"
PRO_319_B,"MET_280_B,PHE_320_B"
PHE_320_B,"PRO_319_B,HIS_321_B,PRO_411_B"
HIS_321_B,"PHE_320_B,ALA_322_B,LYS_426_B"
ALA_322_B,"HIS_321_B,HIS_323_B,ARG_325_B,LYS_326_B"
HIS_323_B,"LEU_281_B,ALA_322_B,ILE_324_B,ASP_414_B,VAL_416_B"
ILE_324_B,"VAL_282_B,HIS_323_B,ARG_325_B,ASN_328_B"
ARG_325_B,"ASP_312_B,CYS_318_B,ALA_322_B,ILE_324_B,LYS_326_B"
LYS_326_B,"ALA_322_B,ARG_325_B,THR_327_B,TRP_396_B,ASN_399_B,PHE_402_B,GLY_412_B"
THR_327_B,"LYS_326_B,ASN_328_B"
ASN_328_B,"ILE_324_B,THR_327_B,ARG_330_B,LEU_345_B"
PRO_329_B,"ARG_330_B,SER_332_B,PHE_402_B"
ARG_330_B,"TRP_217_B,ARG_284_B,ASN_305_B,PHE_307_B,ASN_328_B,PRO_329_B,GLY_331_B"
GLY_331_B,"ARG_330_B,SER_332_B,GLU_341_B"
SER_332_B,"PRO_329_B,GLY_331_B,GLY_333_B"
GLY_333_B,"SER_332_B,GLY_334_B,GLU_341_B,PHE_404_B"
GLY_334_B,"GLY_333_B,ALA_335_B"
ALA_335_B,"GLY_334_B,GLU_336_B,PHE_404_B"
GLU_336_B,"ALA_335_B,ALA_337_B,GLU_340_B,HIS_344_B"
ALA_337_B,"GLU_336_B,GLU_340_B,GLU_341_B"
PRO_338_B,GLU_339_B
GLU_339_B,"PRO_338_B,GLU_340_B"
GLU_340_B,"GLU_336_B,ALA_337_B,GLU_339_B,GLU_341_B,LYS_343_B"
GLU_341_B,"GLY_331_B,GLY_333_B,ALA_337_B,GLU_340_B,ARG_342_B"
ARG_342_B,"ASP_218_B,GLN_225_B,GLU_341_B,LYS_343_B,LEU_345_B"
LYS_343_B,"GLU_224_B,GLU_340_B,ARG_342_B,HIS_344_B"
HIS_344_B,"GLU_336_B,LYS_343_B,LEU_345_B,ASN_387_B,PHE_391_B"
LEU_345_B,"ASN_328_B,ARG_342_B,HIS_344_B,MET_346_B,GLN_388_B"
MET_346_B,"LEU_345_B,ALA_347_B"
ALA_347_B,"MET_346_B,ARG_348_B"
ARG_348_B,"ASP_192_B,GLN_196_B,ALA_347_B,ARG_349_B"
ARG_349_B,"ASN_30_B,ARG_37_B,ARG_348_B,GLY_350_B,MET_379_B"
GLY_350_B,"ARG_37_B,ARG_349_B,GLN_351_B"
GLN_351_B,"ARG_37_B,GLY_350_B,THR_352_B,LEU_377_B"
THR_352_B,"LEU_175_B,GLN_351_B,TYR_353_B"
TYR_353_B,"HIS_187_B,LYS_248_B,THR_352_B,GLY_354_B,GLY_375_B,LEU_377_B"
GLY_354_B,"TYR_353_B,ARG_355_B"
ARG_355_B,"ARG_39_B,LEU_175_B,GLY_354_B,ARG_356_B"
ARG_356_B,"HIS_187_B,ARG_355_B,HIS_357_B,ASP_358_B,ARG_369_B"
HIS_357_B,"ARG_356_B,ASP_358_B"
ASP_358_B,"ARG_356_B,HIS_357_B,ASP_359_B,ARG_369_B"
ASP_359_B,"ASP_358_B,ASN_361_B,ARG_369_B"
PRO_360_B,ASN_361_B
ASN_361_B,"GLU_286_B,ASP_359_B,PRO_360_B,ALA_362_B"
ALA_362_B,"ASN_361_B,ASP_363_B,ARG_369_B"
ASP_363_B,"ALA_362_B,LEU_364_B,ARG_369_B"
LEU_364_B,ASP_363_B
PRO_365_B,LEU_368_B
PRO_366_B,"GLU_258_B,ARG_367_B,LEU_368_B,ARG_369_B"
ARG_367_B,"PRO_366_B,LEU_368_B"
LEU_368_B,"PRO_365_B,PRO_366_B,ARG_367_B,ARG_369_B"
ARG_369_B,"VAL_253_B,ARG_356_B,ASP_358_B,ASP_359_B,ALA_362_B,ASP_363_B,PRO_366_B,LEU_368_B"
PRO_370_B,ALA_371_B
ALA_371_B,"PRO_370_B,LYS_372_B"
LYS_372_B,"ALA_371_B,ASP_373_B,VAL_374_B"
ASP_373_B,"GLU_130_B,GLU_250_B,LYS_372_B,VAL_374_B"
VAL_374_B,"GLN_251_B,LYS_372_B,ASP_373_B,GLY_375_B"
GLY_375_B,"TYR_353_B,VAL_374_B,LEU_376_B"
LEU_376_B,"LEU_249_B,GLY_375_B,LEU_377_B,PHE_378_B"
LEU_377_B,"GLN_351_B,TYR_353_B,LEU_376_B,PHE_378_B"
PHE_378_B,"ARG_247_B,LEU_249_B,LEU_376_B,LEU_377_B,MET_379_B"
MET_379_B,"PHE_244_B,PHE_246_B,ARG_349_B,PHE_378_B,ALA_380_B"
ALA_380_B,"VAL_245_B,MET_379_B,PHE_381_B"
PHE_381_B,"ILE_31_B,VAL_226_B,PHE_244_B,ALA_380_B,ASN_382_B,MET_457_B"
ASN_382_B,"TYR_243_B,PHE_381_B,SER_383_B,PHE_389_B"
SER_383_B,"GLU_224_B,ASN_382_B,ASN_384_B,GLN_388_B"
ASN_384_B,"SER_383_B,LEU_385_B,GLY_386_B,ASN_387_B"
LEU_385_B,"PHE_110_B,VAL_245_B,ASN_384_B,GLY_386_B"
GLY_386_B,"ASN_384_B,LEU_385_B,ASN_387_B"
ASN_387_B,"HIS_344_B,ASN_384_B,GLY_386_B,GLN_388_B"
GLN_388_B,"LEU_345_B,SER_383_B,ASN_387_B,PHE_389_B,THR_392_B"
PHE_389_B,"VAL_245_B,ASN_382_B,GLN_388_B,GLU_390_B,GLN_393_B"
GLU_390_B,"SER_109_B,LYS_120_B,PHE_389_B,PHE_391_B,GLN_394_B,TYR_454_B"
PHE_391_B,"HIS_344_B,GLU_390_B,THR_392_B,ILE_395_B,TRP_396_B"
THR_392_B,"GLN_388_B,PHE_391_B,GLN_393_B,ALA_397_B"
GLN_393_B,"PHE_389_B,THR_392_B,GLN_394_B,ASN_398_B"
GLN_394_B,"GLU_390_B,GLN_393_B,ILE_395_B"
ILE_395_B,"PHE_391_B,GLN_394_B,TRP_396_B"
TRP_396_B,"LYS_326_B,PHE_391_B,ILE_395_B,ALA_397_B,PHE_402_B"
ALA_397_B,"THR_392_B,TRP_396_B,ASN_398_B,ASP_414_B"
ASN_398_B,"GLN_393_B,ALA_397_B,ASN_399_B,GLN_419_B"
ASN_399_B,"LYS_326_B,ASN_398_B"
PRO_400_B,"ALA_401_B,GLY_412_B"
ALA_401_B,"PRO_400_B,PHE_402_B"
PHE_402_B,"LYS_326_B,PRO_329_B,TRP_396_B,ALA_401_B"
PRO_403_B,PHE_404_B
PHE_404_B,"GLY_333_B,ALA_335_B,PRO_403_B"
PRO_405_B,GLY_408_B
PRO_406_B,"LEU_314_B,ASP_407_B"
ASP_407_B,"PRO_406_B,GLY_408_B,SER_409_B"
GLY_408_B,"PRO_405_B,ASP_407_B,SER_409_B"
SER_409_B,"ASP_407_B,GLY_408_B,GLN_410_B"
GLN_410_B,SER_409_B
PRO_411_B,"PHE_320_B,GLY_412_B,GLN_425_B"
GLY_412_B,"LYS_326_B,PRO_400_B,PRO_411_B,LEU_413_B"
LEU_413_B,"GLY_412_B,ASP_414_B,GLN_425_B"
ASP_414_B,"HIS_323_B,ALA_397_B,LEU_413_B,VAL_416_B,GLY_418_B"
PRO_415_B,"VAL_416_B,ARG_422_B"
VAL_416_B,"HIS_323_B,ASP_414_B,PRO_415_B,ILE_417_B"
ILE_417_B,"VAL_416_B,GLY_418_B"
GLY_418_B,"ASP_414_B,ILE_417_B,GLN_419_B,ARG_422_B"
GLN_419_B,"LEU_121_B,ASP_123_B,ASN_398_B,GLY_418_B,GLY_420_B"
GLY_420_B,"GLN_419_B,ALA_421_B"
ALA_421_B,"GLY_420_B,ARG_422_B"
ARG_422_B,"PRO_415_B,GLY_418_B,ALA_421_B,ALA_423_B,ILE_443_B"
ALA_423_B,ARG_422_B
PRO_424_B,GLN_425_B
GLN_425_B,"PRO_411_B,LEU_413_B,PRO_424_B,LYS_426_B"
LYS_426_B,"HIS_321_B,GLN_425_B,TYR_427_B,GLU_438_B"
TYR_427_B,"LYS_426_B,ALA_428_B,ALA_437_B,ALA_439_B"
ALA_428_B,TYR_427_B
PRO_429_B,"ARG_276_B,GLU_430_B,ALA_437_B"
GLU_430_B,"PRO_429_B,TRP_431_B,HIS_433_B"
TRP_431_B,"LEU_291_B,LYS_317_B,GLU_430_B,GLY_432_B"
GLY_432_B,"GLN_316_B,TRP_431_B,HIS_433_B"
HIS_433_B,"GLU_430_B,GLY_432_B,ASN_434_B"
ASN_434_B,"HIS_433_B,ASN_435_B"
ASN_435_B,"ASN_434_B,VAL_436_B"
VAL_436_B,"ASN_435_B,ALA_437_B"
ALA_437_B,"TYR_427_B,PRO_429_B,VAL_436_B,GLU_438_B"
GLU_438_B,"LYS_426_B,ALA_437_B,ALA_439_B"
ALA_439_B,"TYR_427_B,GLU_438_B,THR_440_B"
THR_440_B,"ASP_266_B,ALA_439_B,ASP_441_B"
ASP_441_B,"ASP_266_B,THR_440_B"
PRO_442_B,ILE_443_B
ILE_443_B,"LEU_281_B,ARG_422_B,PRO_442_B"
PRO_444_B,GLN_445_B
GLN_445_B,"PRO_444_B,ALA_446_B,VAL_447_B"
ALA_446_B,"ASN_252_B,GLN_445_B,VAL_447_B"
VAL_447_B,"GLN_445_B,ALA_446_B,THR_448_B"
THR_448_B,"GLU_250_B,VAL_447_B,MET_449_B"
MET_449_B,"ARG_247_B,THR_448_B,LYS_450_B"
LYS_450_B,"GLU_130_B,LYS_248_B,GLU_250_B,MET_449_B,GLY_451_B"
GLY_451_B,"LYS_248_B,LYS_450_B,GLY_452_B"
GLY_452_B,"GLY_451_B,GLU_453_B"
GLU_453_B,"THR_93_B,ALA_114_B,LYS_115_B,GLY_452_B,TYR_454_B,PHE_455_B"
TYR_454_B,"GLU_390_B,GLU_453_B,PHE_455_B"
PHE_455_B,"PHE_44_B,THR_93_B,VAL_140_B,PHE_244_B,GLU_453_B,TYR_454_B,PHE_456_B"
PHE_456_B,"TYR_243_B,PHE_455_B,MET_457_B"
MET_457_B,"SER_242_B,PHE_381_B,PHE_456_B"
PRO_458_B,"GLN_28_B,SER_459_B,PHE_462_B,LEU_463_B"
SER_459_B,"ASP_230_B,PRO_458_B,LEU_460_B"
LEU_460_B,"GLU_26_B,MET_64_B,SER_459_B,ALA_461_B"
ALA_461_B,"GLU_26_B,LEU_460_B,PHE_462_B"
PHE_462_B,"ALA_232_B,PRO_458_B,ALA_461_B,LEU_463_B,SER_465_B,LEU_466_B"
LEU_463_B,"PRO_458_B,PHE_462_B,ARG_464_B"
ARG_464_B,"GLU_26_B,ASN_58_B,HIS_239_B,LEU_463_B,SER_465_B"
SER_465_B,"PHE_462_B,ARG_464_B,LEU_466_B"
LEU_466_B,"ASN_58_B,PHE_462_B,SER_465_B"
