residue_id,neighbors
ARG_39_B,"SER_40_B,GLU_394_B"
SER_40_B,ARG_39_B
PRO_41_B,LEU_76_B
PRO_42_B,"SER_43_B,SER_78_B"
SER_43_B,"PRO_42_B,LEU_44_B"
LEU_44_B,"SER_43_B,TYR_77_B"
PRO_45_B,"SER_46_B,SER_52_B"
SER_46_B,"PRO_45_B,LEU_47_B"
LEU_47_B,"SER_46_B,ILE_50_B,GLY_51_B"
PRO_48_B,ILE_49_B
ILE_49_B,"PRO_48_B,ILE_50_B"
ILE_50_B,"LEU_47_B,ILE_49_B,GLY_51_B,MET_54_B,GLY_82_B"
GLY_51_B,"LEU_47_B,ILE_50_B,SER_52_B"
SER_52_B,"PRO_45_B,GLY_51_B,LEU_53_B,SER_55_B,MET_80_B"
LEU_53_B,"SER_52_B,MET_54_B,LEU_56_B"
MET_54_B,"ILE_50_B,LEU_53_B,SER_55_B"
SER_55_B,"SER_52_B,MET_54_B,LEU_56_B"
LEU_56_B,"LEU_53_B,SER_55_B,VAL_57_B,PHE_65_B"
VAL_57_B,"LEU_56_B,SER_58_B"
SER_58_B,"VAL_57_B,ASP_59_B,SER_60_B"
ASP_59_B,"SER_58_B,SER_60_B"
SER_60_B,"SER_58_B,ASP_59_B"
PRO_61_B,HIS_63_B
PRO_62_B,"HIS_63_B,PHE_66_B,LEU_380_B,PHE_491_B"
HIS_63_B,"PRO_61_B,PRO_62_B,ILE_64_B,GLN_67_B,PRO_379_B,LEU_380_B,PHE_491_B"
ILE_64_B,"HIS_63_B,PHE_65_B,ASP_68_B"
PHE_65_B,"LEU_56_B,ILE_64_B,PHE_66_B,LEU_69_B"
PHE_66_B,"PRO_62_B,PHE_65_B,GLN_67_B,TYR_77_B,LEU_79_B"
GLN_67_B,"HIS_63_B,PHE_66_B,ASP_68_B,GLN_70_B,TRP_408_B"
ASP_68_B,"ILE_64_B,GLN_67_B,LEU_69_B,GLN_70_B,LYS_71_B"
LEU_69_B,"PHE_65_B,ASP_68_B,GLN_70_B,TYR_73_B"
GLN_70_B,"GLN_67_B,ASP_68_B,LEU_69_B,LYS_71_B"
LYS_71_B,"ASP_68_B,GLN_70_B,LYS_72_B"
LYS_72_B,"LYS_71_B,TYR_73_B"
TYR_73_B,"LEU_69_B,LYS_72_B,GLY_74_B,TYR_77_B"
GLY_74_B,"TYR_73_B,ASP_75_B"
ASP_75_B,"GLY_74_B,LEU_76_B,ASN_90_B,HIS_94_B"
LEU_76_B,"PRO_41_B,ASP_75_B,TYR_77_B,LEU_87_B,VAL_89_B,TYR_395_B"
TYR_77_B,"LEU_44_B,PHE_66_B,TYR_73_B,LEU_76_B,SER_78_B,ILE_88_B"
SER_78_B,"PRO_42_B,TYR_77_B,LEU_79_B"
LEU_79_B,"PHE_66_B,SER_78_B,MET_80_B,MET_81_B,LEU_86_B,ILE_88_B"
MET_80_B,"SER_52_B,LEU_79_B,MET_81_B"
MET_81_B,"LEU_79_B,MET_80_B,GLY_82_B,HIS_84_B"
GLY_82_B,"ILE_50_B,MET_81_B,SER_83_B"
SER_83_B,"GLY_82_B,HIS_84_B"
HIS_84_B,"MET_81_B,SER_83_B,LYS_85_B,ARG_402_B"
LYS_85_B,"HIS_84_B,LEU_86_B,ARG_402_B"
LEU_86_B,"LEU_79_B,LYS_85_B,LEU_87_B,ARG_402_B,VAL_404_B"
LEU_87_B,"LEU_76_B,LEU_86_B,ILE_88_B,ARG_402_B,VAL_404_B"
ILE_88_B,"TYR_77_B,LEU_79_B,LEU_87_B,VAL_89_B"
VAL_89_B,"LEU_76_B,ILE_88_B,ASN_90_B,VAL_403_B,ASN_406_B"
ASN_90_B,"ASP_75_B,VAL_89_B,ASN_91_B,ASN_406_B,SER_409_B"
ASN_91_B,"ASN_90_B,HIS_92_B,ALA_95_B"
HIS_92_B,"ASN_91_B,HIS_93_B,LYS_96_B,GLU_416_B"
HIS_93_B,"HIS_92_B,HIS_94_B,GLU_416_B"
HIS_94_B,"ASP_75_B,HIS_93_B,ALA_95_B,GLU_97_B,ILE_98_B"
ALA_95_B,"ASN_91_B,HIS_94_B,LYS_96_B,LEU_99_B"
LYS_96_B,"HIS_92_B,ALA_95_B,GLU_97_B,ILE_100_B"
GLU_97_B,"HIS_94_B,LYS_96_B,ILE_98_B,LYS_101_B,LYS_102_B"
ILE_98_B,"HIS_94_B,GLU_97_B,LEU_99_B,PHE_106_B,VAL_392_B,VAL_403_B,ILE_405_B"
LEU_99_B,"ALA_95_B,ILE_98_B,ILE_100_B"
ILE_100_B,"LYS_96_B,LEU_99_B,LYS_101_B,ALA_448_B"
LYS_101_B,"GLU_97_B,ILE_100_B,LYS_102_B"
LYS_102_B,"GLU_97_B,LYS_101_B,GLY_103_B,SER_391_B"
GLY_103_B,"LYS_102_B,LYS_104_B"
LYS_104_B,"GLY_103_B,ILE_105_B,TYR_130_B"
ILE_105_B,"LYS_104_B,PHE_106_B,LEU_387_B"
PHE_106_B,"ILE_98_B,ILE_105_B,ALA_107_B,HIS_384_B,ALA_386_B,VAL_397_B,VAL_403_B"
ALA_107_B,"PHE_106_B,GLY_108_B,TYR_130_B,ARG_451_B"
GLY_108_B,"ALA_107_B,ARG_109_B,VAL_385_B"
ARG_109_B,"GLY_108_B,HIS_384_B,ARG_451_B"
PRO_110_B,"ARG_111_B,PRO_383_B"
ARG_111_B,"PRO_110_B,THR_112_B,ASP_116_B,ASP_121_B"
THR_112_B,"ARG_111_B,VAL_113_B,ASP_116_B,ASP_229_B"
VAL_113_B,"THR_112_B,THR_114_B"
THR_114_B,"VAL_113_B,THR_115_B,LEU_118_B,ASP_229_B"
THR_115_B,"THR_114_B,ASP_116_B,THR_119_B,PHE_127_B"
ASP_116_B,"ARG_111_B,THR_112_B,THR_115_B,LEU_117_B,ASP_121_B"
LEU_117_B,"ASP_116_B,LEU_118_B"
LEU_118_B,"THR_114_B,LEU_117_B,THR_119_B,ILE_218_B,ARG_252_B"
THR_119_B,"THR_115_B,LEU_118_B,ARG_120_B,GLY_122_B,LYS_123_B"
ARG_120_B,"THR_119_B,ASP_121_B,ARG_252_B,ASP_253_B,ASP_301_B"
ASP_121_B,"ARG_111_B,ASP_116_B,ARG_120_B,GLY_122_B,LYS_123_B"
GLY_122_B,"THR_119_B,ASP_121_B,LYS_123_B"
LYS_123_B,"THR_119_B,ASP_121_B,GLY_122_B,ASP_124_B,ASP_301_B,HIS_302_B"
ASP_124_B,"LYS_123_B,ILE_125_B,GLU_309_B"
ILE_125_B,"ASP_124_B,ALA_126_B,ARG_138_B,GLU_309_B,ARG_451_B,LEU_454_B"
ALA_126_B,"ILE_125_B,PHE_127_B,ALA_128_B,GLU_309_B,ILE_382_B"
PHE_127_B,"THR_115_B,ALA_126_B,ALA_128_B,ILE_382_B"
ALA_128_B,"ALA_126_B,PHE_127_B,ASP_129_B,ARG_451_B"
ASP_129_B,"ALA_128_B,TYR_130_B,ARG_451_B"
TYR_130_B,"LYS_104_B,ALA_107_B,ASP_129_B,SER_131_B,TRP_134_B,VAL_450_B"
SER_131_B,"TYR_130_B,SER_132_B"
SER_132_B,"SER_131_B,THR_133_B,PHE_136_B"
THR_133_B,"SER_132_B,TRP_134_B"
TRP_134_B,"TYR_130_B,THR_133_B,LYS_135_B,VAL_450_B"
LYS_135_B,"TRP_134_B,PHE_136_B"
PHE_136_B,"SER_132_B,LYS_135_B,HIS_137_B,MET_140_B,VAL_296_B"
HIS_137_B,"PHE_136_B,ARG_138_B,HIS_302_B"
ARG_138_B,"ILE_125_B,HIS_137_B,LYS_139_B,HIS_142_B,ARG_451_B,VAL_452_B"
LYS_139_B,"ARG_138_B,MET_140_B,GLY_143_B"
MET_140_B,"PHE_136_B,LYS_139_B,VAL_141_B,ALA_144_B"
VAL_141_B,"MET_140_B,HIS_142_B,ILE_310_B,LEU_454_B"
HIS_142_B,"ARG_138_B,VAL_141_B,GLY_143_B"
GLY_143_B,"LYS_139_B,HIS_142_B,ALA_144_B,MET_147_B"
ALA_144_B,"MET_140_B,GLY_143_B,LEU_145_B,PHE_148_B,LEU_275_B"
LEU_145_B,"ALA_144_B,CYS_146_B,ILE_155_B,LEU_458_B"
CYS_146_B,"LEU_145_B,MET_147_B"
MET_147_B,"GLY_143_B,CYS_146_B,PHE_148_B"
PHE_148_B,"ALA_144_B,MET_147_B,GLY_149_B,ILE_158_B"
GLY_149_B,"PHE_148_B,GLU_150_B"
GLU_150_B,"GLY_149_B,GLY_151_B,ARG_281_B"
GLY_151_B,"GLU_150_B,SER_152_B"
SER_152_B,"GLY_151_B,VAL_153_B"
VAL_153_B,"SER_152_B,SER_154_B"
SER_154_B,"VAL_153_B,ILE_155_B,LYS_157_B"
ILE_155_B,"LEU_145_B,SER_154_B,GLU_156_B,ILE_159_B,LEU_195_B"
GLU_156_B,"ILE_155_B,LYS_157_B,CYS_160_B,LEU_355_B"
LYS_157_B,"SER_154_B,GLU_156_B,ILE_158_B,ARG_161_B"
ILE_158_B,"PHE_148_B,LYS_157_B,ILE_159_B,GLU_162_B,ALA_194_B"
ILE_159_B,"ILE_155_B,ILE_158_B,CYS_160_B,ALA_163_B,VAL_191_B,MET_461_B,LEU_465_B"
CYS_160_B,"GLU_156_B,ILE_159_B,ARG_161_B,SER_164_B,TRP_469_B"
ARG_161_B,"LYS_157_B,CYS_160_B,GLU_162_B,SER_165_B"
GLU_162_B,"ILE_158_B,ARG_161_B,ALA_163_B,ARG_186_B"
ALA_163_B,"ILE_159_B,GLU_162_B,SER_164_B,CYS_167_B,PHE_466_B,TRP_469_B"
SER_164_B,"CYS_160_B,ALA_163_B,SER_165_B,GLU_168_B"
SER_165_B,"ARG_161_B,SER_164_B,MET_166_B"
MET_166_B,"SER_165_B,CYS_167_B,VAL_169_B,LEU_170_B,LEU_184_B,ILE_470_B"
CYS_167_B,"ALA_163_B,MET_166_B,GLU_168_B,THR_171_B,PHE_474_B"
GLU_168_B,"SER_164_B,CYS_167_B,VAL_169_B,ARG_473_B"
VAL_169_B,"MET_166_B,GLU_168_B,LEU_170_B"
LEU_170_B,"MET_166_B,VAL_169_B,THR_171_B,LEU_180_B,PHE_474_B,ALA_504_B"
THR_171_B,"CYS_167_B,LEU_170_B,GLU_172_B,SER_173_B,PHE_474_B"
GLU_172_B,"THR_171_B,SER_173_B"
SER_173_B,"THR_171_B,GLU_172_B,GLN_174_B"
GLN_174_B,"SER_173_B,ASN_175_B,LYS_505_B"
ASN_175_B,"GLN_174_B,SER_176_B"
SER_176_B,"ASN_175_B,ALA_177_B"
ALA_177_B,"SER_176_B,VAL_178_B,VAL_503_B"
VAL_178_B,"ALA_177_B,ASP_179_B"
ASP_179_B,"VAL_178_B,LEU_180_B,VAL_502_B"
LEU_180_B,"LEU_170_B,ASP_179_B,GLY_181_B"
GLY_181_B,"LEU_180_B,THR_185_B"
PRO_182_B,"GLU_183_B,ARG_186_B"
GLU_183_B,"PRO_182_B,LEU_184_B,ARG_186_B,ARG_203_B"
LEU_184_B,"MET_166_B,GLU_183_B,THR_185_B,ALA_187_B,LEU_322_B"
THR_185_B,"GLY_181_B,LEU_184_B,ARG_186_B,THR_189_B,THR_319_B"
ARG_186_B,"GLU_162_B,PRO_182_B,GLU_183_B,THR_185_B,ALA_187_B,ASN_190_B,ARG_203_B,PHE_208_B"
ALA_187_B,"LEU_184_B,ARG_186_B,VAL_188_B,PHE_466_B"
VAL_188_B,"ALA_187_B,THR_189_B,LEU_322_B"
THR_189_B,"THR_185_B,VAL_188_B,ASN_190_B,CYS_193_B,MET_211_B,PHE_311_B"
ASN_190_B,"ARG_186_B,THR_189_B,VAL_191_B,ALA_194_B,TYR_201_B"
VAL_191_B,"ILE_159_B,ASN_190_B,VAL_192_B,PHE_466_B"
VAL_192_B,"VAL_191_B,CYS_193_B"
CYS_193_B,"THR_189_B,VAL_192_B,ALA_194_B,PHE_197_B"
ALA_194_B,"ILE_158_B,ASN_190_B,CYS_193_B,LEU_195_B"
LEU_195_B,"ILE_155_B,ALA_194_B,CYS_196_B,LEU_275_B"
CYS_196_B,"LEU_195_B,PHE_197_B,VAL_307_B"
PHE_197_B,"CYS_193_B,CYS_196_B,ASN_198_B,VAL_307_B,PHE_311_B"
ASN_198_B,"PHE_197_B,SER_199_B"
SER_199_B,"ASN_198_B,SER_200_B,LYS_259_B"
SER_200_B,"SER_199_B,TYR_201_B"
TYR_201_B,"ASN_190_B,SER_200_B,LYS_202_B,PHE_208_B"
LYS_202_B,"TYR_201_B,ARG_203_B"
ARG_203_B,"GLU_183_B,ARG_186_B,LYS_202_B,GLY_204_B"
GLY_204_B,"ARG_203_B,ASP_205_B"
ASP_205_B,"GLY_204_B,ALA_206_B,GLU_207_B"
ALA_206_B,"ASP_205_B,GLU_207_B,PHE_208_B"
GLU_207_B,"ASP_205_B,ALA_206_B,PHE_208_B,SER_210_B,LYS_258_B,LYS_259_B"
PHE_208_B,"ARG_186_B,TYR_201_B,ALA_206_B,GLU_207_B,GLU_209_B,MET_211_B,LEU_212_B"
GLU_209_B,"PHE_208_B,SER_210_B,GLN_213_B"
SER_210_B,"GLU_207_B,GLU_209_B,MET_211_B"
MET_211_B,"THR_189_B,PHE_208_B,SER_210_B,LEU_212_B,TYR_214_B,SER_215_B"
LEU_212_B,"PHE_208_B,MET_211_B,GLN_213_B"
GLN_213_B,"GLU_209_B,LEU_212_B,TYR_214_B"
TYR_214_B,"MET_211_B,GLN_213_B,SER_215_B,ILE_218_B,ILE_251_B,ARG_252_B"
SER_215_B,"MET_211_B,TYR_214_B,GLN_216_B,ILE_218_B,VAL_219_B"
GLN_216_B,"SER_215_B,GLY_217_B,ASP_220_B"
GLY_217_B,"GLN_216_B,ILE_218_B"
ILE_218_B,"LEU_118_B,TYR_214_B,SER_215_B,GLY_217_B,VAL_219_B,THR_221_B,VAL_222_B,CYS_248_B"
VAL_219_B,"SER_215_B,ILE_218_B,ASP_220_B"
ASP_220_B,"GLN_216_B,VAL_219_B,THR_221_B,LYS_224_B"
THR_221_B,"ILE_218_B,ASP_220_B,VAL_222_B,ILE_244_B"
VAL_222_B,"ILE_218_B,THR_221_B,ALA_223_B,LYS_224_B,LEU_245_B"
ALA_223_B,"VAL_222_B,LYS_224_B"
LYS_224_B,"ASP_220_B,VAL_222_B,ALA_223_B,ASP_225_B"
ASP_225_B,"LYS_224_B,SER_226_B,ASP_229_B,ARG_402_B"
SER_226_B,"ASP_225_B,LEU_227_B"
LEU_227_B,"SER_226_B,VAL_228_B,PHE_231_B,LEU_234_B"
VAL_228_B,"LEU_227_B,ASP_229_B,LEU_234_B"
ASP_229_B,"THR_112_B,THR_114_B,ASP_225_B,VAL_228_B,ILE_230_B"
ILE_230_B,"ASP_229_B,PHE_231_B"
PHE_231_B,"LEU_227_B,ILE_230_B,LEU_234_B"
PRO_232_B,TRP_233_B
TRP_233_B,"PRO_232_B,LEU_234_B"
LEU_234_B,"LEU_227_B,VAL_228_B,PHE_231_B,TRP_233_B,GLN_235_B"
GLN_235_B,"LEU_234_B,ILE_236_B"
ILE_236_B,"GLN_235_B,PHE_237_B"
PHE_237_B,ILE_236_B
PRO_238_B,ASN_239_B
ASN_239_B,"PRO_238_B,LYS_240_B,LEU_242_B"
LYS_240_B,"ASN_239_B,ASP_241_B,ARG_243_B"
ASP_241_B,"LYS_240_B,LEU_242_B,LEU_245_B"
LEU_242_B,"ASN_239_B,ASP_241_B,ARG_243_B,ARG_246_B"
ARG_243_B,"LYS_240_B,LEU_242_B,ILE_244_B"
ILE_244_B,"THR_221_B,ARG_243_B,LEU_245_B"
LEU_245_B,"VAL_222_B,ASP_241_B,ILE_244_B,ARG_246_B,ILE_249_B"
ARG_246_B,"LEU_242_B,LEU_245_B,GLN_247_B"
GLN_247_B,"ARG_246_B,CYS_248_B"
CYS_248_B,"ILE_218_B,GLN_247_B,ILE_249_B"
ILE_249_B,"LEU_245_B,CYS_248_B,SER_250_B,ASP_253_B"
SER_250_B,"ILE_249_B,ILE_251_B"
ILE_251_B,"TYR_214_B,SER_250_B,ARG_252_B"
ARG_252_B,"LEU_118_B,ARG_120_B,TYR_214_B,ILE_251_B,ASP_253_B,LEU_256_B"
ASP_253_B,"ARG_120_B,ILE_249_B,ARG_252_B,LYS_254_B"
LYS_254_B,"ASP_253_B,LEU_255_B"
LEU_255_B,"LYS_254_B,LEU_256_B"
LEU_256_B,"ARG_252_B,LEU_255_B,GLN_257_B,TYR_260_B"
GLN_257_B,"LEU_256_B,LYS_258_B,GLU_261_B,GLU_300_B"
LYS_258_B,"GLU_207_B,GLN_257_B,LYS_259_B,GLU_262_B"
LYS_259_B,"SER_199_B,GLU_207_B,LYS_258_B,TYR_260_B,GLU_262_B"
TYR_260_B,"LEU_256_B,LYS_259_B,GLU_261_B,LYS_264_B,LEU_280_B,GLU_300_B,LEU_304_B"
GLU_261_B,"GLN_257_B,TYR_260_B,GLU_262_B,LYS_264_B,GLU_300_B"
GLU_262_B,"LYS_258_B,LYS_259_B,GLU_261_B,HIS_263_B,THR_266_B"
HIS_263_B,"GLU_262_B,LYS_264_B,ARG_273_B,ASP_274_B,LEU_276_B,ASP_277_B"
LYS_264_B,"TYR_260_B,GLU_261_B,HIS_263_B,VAL_265_B,GLU_300_B"
VAL_265_B,"LYS_264_B,THR_266_B"
THR_266_B,"GLU_262_B,VAL_265_B,TYR_267_B,ARG_273_B"
TYR_267_B,"THR_266_B,SER_268_B"
SER_268_B,"TYR_267_B,ASP_269_B"
ASP_269_B,"SER_268_B,ASN_270_B,ARG_281_B,ARG_284_B"
ASN_270_B,"ASP_269_B,VAL_271_B"
VAL_271_B,"ASN_270_B,GLN_272_B"
GLN_272_B,"VAL_271_B,ARG_273_B"
ARG_273_B,"HIS_263_B,THR_266_B,GLN_272_B,ASP_274_B,ASP_277_B"
ASP_274_B,"HIS_263_B,ARG_273_B,LEU_275_B,ASP_277_B"
LEU_275_B,"ALA_144_B,LEU_195_B,ASP_274_B,LEU_276_B,LEU_279_B"
LEU_276_B,"HIS_263_B,LEU_275_B,ASP_277_B,LEU_280_B,VAL_303_B"
ASP_277_B,"HIS_263_B,ARG_273_B,ASP_274_B,LEU_276_B,ALA_278_B,ARG_281_B"
ALA_278_B,"ASP_277_B,LEU_279_B"
LEU_279_B,"LEU_275_B,ALA_278_B,LEU_280_B,LYS_283_B,VAL_307_B"
LEU_280_B,"TYR_260_B,LEU_276_B,LEU_279_B,ARG_281_B,ARG_284_B"
ARG_281_B,"GLU_150_B,ASP_269_B,ASP_277_B,LEU_280_B,ALA_282_B"
ALA_282_B,"ARG_281_B,LYS_283_B,SER_286_B"
LYS_283_B,"LEU_279_B,ALA_282_B,ARG_284_B,GLU_287_B"
ARG_284_B,"ASP_269_B,LEU_280_B,LYS_283_B,SER_285_B,GLU_287_B"
SER_285_B,"ARG_284_B,SER_286_B"
SER_286_B,"ALA_282_B,SER_285_B,GLU_287_B"
GLU_287_B,"LYS_283_B,ARG_284_B,SER_286_B,ASN_288_B"
ASN_288_B,"GLU_287_B,ASN_289_B"
ASN_289_B,"ASN_288_B,ASN_290_B"
ASN_290_B,"ASN_289_B,SER_291_B,THR_293_B"
SER_291_B,"ASN_290_B,SER_292_B"
SER_292_B,"SER_291_B,THR_293_B"
THR_293_B,"ASN_290_B,SER_292_B,ARG_294_B"
ARG_294_B,"THR_293_B,ASP_295_B"
ASP_295_B,"ARG_294_B,VAL_296_B"
VAL_296_B,"PHE_136_B,ASP_295_B,GLY_297_B"
GLY_297_B,"VAL_296_B,LEU_298_B"
LEU_298_B,"GLY_297_B,THR_299_B"
THR_299_B,"LEU_298_B,GLU_300_B,HIS_302_B"
GLU_300_B,"GLN_257_B,TYR_260_B,GLU_261_B,LYS_264_B,THR_299_B,ASP_301_B,LEU_304_B"
ASP_301_B,"ARG_120_B,LYS_123_B,GLU_300_B,HIS_302_B,MET_305_B"
HIS_302_B,"LYS_123_B,HIS_137_B,THR_299_B,ASP_301_B,VAL_303_B"
VAL_303_B,"LEU_276_B,HIS_302_B,LEU_304_B"
LEU_304_B,"TYR_260_B,GLU_300_B,VAL_303_B,MET_305_B,GLY_308_B"
MET_305_B,"ASP_301_B,LEU_304_B,THR_306_B,GLU_309_B"
THR_306_B,"MET_305_B,VAL_307_B,ILE_310_B"
VAL_307_B,"CYS_196_B,PHE_197_B,LEU_279_B,THR_306_B,GLY_308_B,PHE_311_B"
GLY_308_B,"LEU_304_B,VAL_307_B,GLU_309_B,GLY_312_B"
GLU_309_B,"ASP_124_B,ILE_125_B,ALA_126_B,MET_305_B,GLY_308_B,ILE_310_B,ALA_313_B"
ILE_310_B,"VAL_141_B,THR_306_B,GLU_309_B,PHE_311_B,GLY_314_B"
PHE_311_B,"THR_189_B,PHE_197_B,VAL_307_B,ILE_310_B,GLY_312_B"
GLY_312_B,"GLY_308_B,PHE_311_B,ALA_313_B,GLU_316_B"
ALA_313_B,"GLU_309_B,GLY_312_B,GLY_314_B,VAL_315_B,THR_317_B"
GLY_314_B,"ILE_310_B,ALA_313_B,VAL_315_B"
VAL_315_B,"ALA_313_B,GLY_314_B,GLU_316_B,THR_319_B"
GLU_316_B,"GLY_312_B,VAL_315_B,THR_317_B,THR_320_B,VAL_494_B"
THR_317_B,"ALA_313_B,GLU_316_B,THR_318_B"
THR_318_B,"THR_317_B,THR_319_B,LEU_322_B,GLU_462_B"
THR_319_B,"THR_185_B,VAL_315_B,THR_318_B,THR_320_B,LYS_323_B"
THR_320_B,"GLU_316_B,THR_319_B,THR_321_B,TRP_324_B"
THR_321_B,"THR_320_B,LEU_322_B,SER_325_B,LEU_463_B"
LEU_322_B,"LEU_184_B,VAL_188_B,THR_318_B,THR_321_B,LYS_323_B,ILE_326_B,LEU_463_B"
LYS_323_B,"THR_319_B,LEU_322_B,TRP_324_B,ALA_327_B,LYS_499_B"
TRP_324_B,"THR_320_B,LYS_323_B,SER_325_B,TYR_328_B,ARG_375_B,PRO_497_B"
SER_325_B,"THR_321_B,TRP_324_B,ILE_326_B,LEU_329_B"
ILE_326_B,"LEU_322_B,SER_325_B,ALA_327_B,LEU_476_B,VAL_502_B"
ALA_327_B,"LYS_323_B,ILE_326_B,TYR_328_B,HIS_331_B,PHE_500_B"
TYR_328_B,"TRP_324_B,ALA_327_B,LEU_329_B,ILE_374_B,PHE_423_B,LEU_487_B"
LEU_329_B,"SER_325_B,TYR_328_B,VAL_330_B,VAL_335_B,GLN_336_B"
VAL_330_B,"LEU_329_B,HIS_331_B,MET_478_B,VAL_502_B"
HIS_331_B,"ALA_327_B,VAL_330_B,ASN_332_B,PRO_485_B"
ASN_332_B,"HIS_331_B,VAL_335_B"
PRO_333_B,GLN_334_B
GLN_334_B,"PRO_333_B,VAL_335_B"
VAL_335_B,"LEU_329_B,ASN_332_B,GLN_334_B,GLN_336_B,THR_367_B"
GLN_336_B,"LEU_329_B,VAL_335_B,ARG_337_B,GLN_340_B,THR_475_B,LEU_476_B"
ARG_337_B,"GLN_336_B,LYS_338_B,GLU_341_B"
LYS_338_B,"ARG_337_B,ILE_339_B,GLU_341_B"
ILE_339_B,"LYS_338_B,GLN_340_B,GLU_342_B,LEU_343_B,TYR_363_B,LEU_471_B"
GLN_340_B,"GLN_336_B,ILE_339_B,GLU_341_B,ASP_344_B,PHE_474_B,ALA_508_B"
GLU_341_B,"ARG_337_B,LYS_338_B,GLN_340_B,GLU_342_B"
GLU_342_B,"ILE_339_B,GLU_341_B,LEU_343_B,LYS_346_B,TYR_363_B"
LEU_343_B,"ILE_339_B,GLU_342_B,ASP_344_B,ILE_347_B,GLY_348_B,LEU_361_B"
ASP_344_B,"GLN_340_B,LEU_343_B,SER_345_B,ARG_507_B"
SER_345_B,"ASP_344_B,LYS_346_B"
LYS_346_B,"GLU_342_B,SER_345_B,ILE_347_B,LEU_361_B"
ILE_347_B,"LEU_343_B,LYS_346_B,GLY_348_B,PRO_353_B,LEU_361_B"
GLY_348_B,"LEU_343_B,ILE_347_B,LYS_349_B"
LYS_349_B,"GLY_348_B,GLU_350_B,ARG_351_B,ARG_507_B"
GLU_350_B,"LYS_349_B,ARG_351_B"
ARG_351_B,"LYS_349_B,GLU_350_B,HIS_352_B,ASP_357_B,GLN_472_B"
HIS_352_B,"ARG_351_B,TRP_469_B,ARG_473_B"
PRO_353_B,"ILE_347_B,GLN_354_B,ALA_468_B,TRP_469_B"
GLN_354_B,"PRO_353_B,LEU_355_B,ASP_357_B"
LEU_355_B,"GLU_156_B,GLN_354_B,SER_356_B"
SER_356_B,"LEU_355_B,ASP_357_B"
ASP_357_B,"ARG_351_B,GLN_354_B,SER_356_B,ARG_358_B"
ARG_358_B,"ASP_357_B,GLY_359_B,GLU_365_B,LYS_460_B"
GLY_359_B,"ARG_358_B,ASN_360_B"
ASN_360_B,"GLY_359_B,LEU_361_B"
LEU_361_B,"LEU_343_B,LYS_346_B,ILE_347_B,ASN_360_B,GLU_365_B,PHE_464_B"
PRO_362_B,"TYR_363_B,ALA_366_B"
TYR_363_B,"ILE_339_B,GLU_342_B,PRO_362_B,LEU_364_B,THR_367_B,LEU_429_B"
LEU_364_B,"TYR_363_B,GLU_365_B,ALA_468_B"
GLU_365_B,"ARG_358_B,LEU_361_B,LEU_364_B,ALA_366_B"
ALA_366_B,"PRO_362_B,GLU_365_B,THR_367_B,GLU_370_B"
THR_367_B,"VAL_335_B,TYR_363_B,ALA_366_B,ILE_368_B,VAL_371_B,PHE_423_B"
ILE_368_B,"THR_367_B,CYS_369_B,MET_372_B,LEU_463_B,LEU_467_B"
CYS_369_B,"ILE_368_B,GLU_370_B,ARG_373_B,PHE_428_B,TYR_443_B"
GLU_370_B,"ALA_366_B,CYS_369_B,VAL_371_B,ARG_373_B,ILE_374_B,PHE_423_B,ARG_427_B"
VAL_371_B,"THR_367_B,GLU_370_B,MET_372_B,PHE_423_B"
MET_372_B,"ILE_368_B,VAL_371_B,ARG_373_B"
ARG_373_B,"CYS_369_B,GLU_370_B,MET_372_B,ILE_374_B,HIS_411_B,HIS_412_B,TRP_417_B,PRO_420_B,GLU_421_B,ARG_427_B,TYR_443_B"
ILE_374_B,"TYR_328_B,GLU_370_B,ARG_373_B,ARG_375_B,HIS_412_B"
ARG_375_B,"TRP_324_B,ILE_374_B,HIS_412_B,GLU_421_B,LEU_487_B"
PRO_376_B,VAL_377_B
VAL_377_B,"PRO_376_B,SER_378_B,LEU_495_B"
SER_378_B,"VAL_377_B,VAL_493_B"
PRO_379_B,"HIS_63_B,LEU_380_B,MET_407_B,LEU_495_B"
LEU_380_B,"PRO_62_B,HIS_63_B,PRO_379_B,LEU_381_B,VAL_404_B"
LEU_381_B,"LEU_380_B,ILE_382_B,MET_407_B"
ILE_382_B,"ALA_126_B,PHE_127_B,LEU_381_B"
PRO_383_B,"PRO_110_B,HIS_384_B"
HIS_384_B,"PHE_106_B,ARG_109_B,PRO_383_B,VAL_385_B,VAL_403_B"
VAL_385_B,"GLY_108_B,HIS_384_B,ALA_386_B"
ALA_386_B,"PHE_106_B,VAL_385_B,LEU_387_B,GLY_400_B,THR_401_B"
LEU_387_B,"ILE_105_B,ALA_386_B,GLN_388_B"
GLN_388_B,"LEU_387_B,ASP_389_B"
ASP_389_B,"GLN_388_B,SER_390_B,LYS_399_B"
SER_390_B,"ASP_389_B,SER_391_B,VAL_397_B"
SER_391_B,"LYS_102_B,SER_390_B,VAL_392_B"
VAL_392_B,"ILE_98_B,SER_391_B,GLY_393_B,TYR_395_B,VAL_397_B"
GLY_393_B,"VAL_392_B,GLU_394_B,TYR_395_B"
GLU_394_B,"ARG_39_B,GLY_393_B,TYR_395_B"
TYR_395_B,"LEU_76_B,VAL_392_B,GLY_393_B,GLU_394_B,THR_396_B"
THR_396_B,"TYR_395_B,VAL_397_B"
VAL_397_B,"PHE_106_B,SER_390_B,VAL_392_B,THR_396_B,GLN_398_B,THR_401_B"
GLN_398_B,"VAL_397_B,LYS_399_B"
LYS_399_B,"ASP_389_B,GLN_398_B,GLY_400_B"
GLY_400_B,"ALA_386_B,LYS_399_B,THR_401_B"
THR_401_B,"ALA_386_B,VAL_397_B,GLY_400_B,ARG_402_B"
ARG_402_B,"HIS_84_B,LYS_85_B,LEU_86_B,LEU_87_B,ASP_225_B,THR_401_B,VAL_403_B"
VAL_403_B,"VAL_89_B,ILE_98_B,PHE_106_B,HIS_384_B,ARG_402_B,VAL_404_B"
VAL_404_B,"LEU_86_B,LEU_87_B,LEU_380_B,VAL_403_B,ILE_405_B"
ILE_405_B,"ILE_98_B,VAL_404_B,ASN_406_B"
ASN_406_B,"VAL_89_B,ASN_90_B,ILE_405_B,MET_407_B,SER_409_B"
MET_407_B,"PRO_379_B,LEU_381_B,ASN_406_B,TRP_408_B,HIS_411_B"
TRP_408_B,"GLN_67_B,MET_407_B,SER_409_B,HIS_412_B"
SER_409_B,"ASN_90_B,ASN_406_B,TRP_408_B,LEU_410_B,ASP_413_B"
LEU_410_B,"SER_409_B,HIS_411_B,TRP_417_B,SER_442_B"
HIS_411_B,"ARG_373_B,MET_407_B,LEU_410_B,HIS_412_B"
HIS_412_B,"ARG_373_B,ILE_374_B,ARG_375_B,TRP_408_B,HIS_411_B,ASP_413_B,GLU_421_B"
ASP_413_B,"SER_409_B,HIS_412_B,GLU_414_B,LYS_415_B,GLU_416_B"
GLU_414_B,"ASP_413_B,LYS_415_B,PRO_420_B"
LYS_415_B,"ASP_413_B,GLU_414_B,GLU_416_B"
GLU_416_B,"HIS_92_B,HIS_93_B,ASP_413_B,LYS_415_B,TRP_417_B"
TRP_417_B,"ARG_373_B,LEU_410_B,GLU_416_B,LYS_418_B,PRO_439_B"
LYS_418_B,"TRP_417_B,ASN_419_B,ARG_427_B"
ASN_419_B,"LYS_418_B,GLU_421_B,LEU_422_B,ARG_427_B"
PRO_420_B,"ARG_373_B,GLU_414_B,GLU_421_B"
GLU_421_B,"ARG_373_B,ARG_375_B,HIS_412_B,ASN_419_B,PRO_420_B,LEU_422_B"
LEU_422_B,"ASN_419_B,GLU_421_B,PHE_423_B,ARG_427_B"
PHE_423_B,"TYR_328_B,THR_367_B,GLU_370_B,VAL_371_B,LEU_422_B,ASP_424_B,PRO_425_B"
ASP_424_B,"PHE_423_B,ARG_427_B"
PRO_425_B,"PHE_423_B,GLY_426_B"
GLY_426_B,"PRO_425_B,ARG_427_B"
ARG_427_B,"GLU_370_B,ARG_373_B,LYS_418_B,ASN_419_B,LEU_422_B,ASP_424_B,GLY_426_B,PHE_428_B"
PHE_428_B,"CYS_369_B,ARG_427_B,LEU_429_B,TYR_443_B"
LEU_429_B,"TYR_363_B,PHE_428_B,ASN_430_B"
ASN_430_B,"LEU_429_B,GLU_431_B,GLY_433_B,ASP_434_B,GLY_435_B"
GLU_431_B,"ASN_430_B,GLU_432_B"
GLU_432_B,"GLU_431_B,GLY_433_B,ASP_434_B"
GLY_433_B,"ASN_430_B,GLU_432_B,ASP_434_B"
ASP_434_B,"ASN_430_B,GLU_432_B,GLY_433_B,GLY_435_B"
GLY_435_B,"ASN_430_B,ASP_434_B,LEU_436_B"
LEU_436_B,"GLY_435_B,CYS_437_B"
CYS_437_B,"LEU_436_B,CYS_438_B"
CYS_438_B,CYS_437_B
PRO_439_B,"TRP_417_B,SER_440_B"
SER_440_B,"PRO_439_B,GLY_441_B"
GLY_441_B,"SER_440_B,SER_442_B"
SER_442_B,"LEU_410_B,GLY_441_B,TYR_443_B"
TYR_443_B,"CYS_369_B,ARG_373_B,PHE_428_B,SER_442_B,LEU_444_B,PRO_445_B"
LEU_444_B,TYR_443_B
PRO_445_B,"TYR_443_B,PHE_446_B"
PHE_446_B,"PRO_445_B,GLY_447_B,CYS_453_B,GLU_456_B"
GLY_447_B,"PHE_446_B,ALA_448_B"
ALA_448_B,"ILE_100_B,GLY_447_B,GLY_449_B"
GLY_449_B,"ALA_448_B,VAL_450_B"
VAL_450_B,"TYR_130_B,TRP_134_B,GLY_449_B,ARG_451_B"
ARG_451_B,"ALA_107_B,ARG_109_B,ILE_125_B,ALA_128_B,ASP_129_B,ARG_138_B,VAL_450_B,VAL_452_B"
VAL_452_B,"ARG_138_B,ARG_451_B,CYS_453_B"
CYS_453_B,"PHE_446_B,VAL_452_B,LEU_454_B"
LEU_454_B,"ILE_125_B,VAL_141_B,CYS_453_B,GLY_455_B"
GLY_455_B,"LEU_454_B,GLU_456_B,ALA_459_B"
GLU_456_B,"PHE_446_B,GLY_455_B,ALA_457_B,LYS_460_B"
ALA_457_B,"GLU_456_B,LEU_458_B"
LEU_458_B,"LEU_145_B,ALA_457_B,ALA_459_B,MET_461_B,GLU_462_B"
ALA_459_B,"GLY_455_B,LEU_458_B,LYS_460_B,LEU_463_B"
LYS_460_B,"ARG_358_B,GLU_456_B,ALA_459_B,MET_461_B"
MET_461_B,"ILE_159_B,LEU_458_B,LYS_460_B,GLU_462_B,LEU_465_B"
GLU_462_B,"THR_318_B,LEU_458_B,MET_461_B,LEU_463_B,PHE_466_B"
LEU_463_B,"THR_321_B,LEU_322_B,ILE_368_B,ALA_459_B,GLU_462_B,PHE_464_B"
PHE_464_B,"LEU_361_B,LEU_463_B,LEU_465_B,ALA_468_B"
LEU_465_B,"ILE_159_B,MET_461_B,PHE_464_B,PHE_466_B,TRP_469_B"
PHE_466_B,"ALA_163_B,ALA_187_B,VAL_191_B,GLU_462_B,LEU_465_B,LEU_467_B"
LEU_467_B,"ILE_368_B,PHE_466_B,ALA_468_B,LEU_471_B"
ALA_468_B,"PRO_353_B,LEU_364_B,PHE_464_B,LEU_467_B,TRP_469_B,GLN_472_B"
TRP_469_B,"CYS_160_B,ALA_163_B,HIS_352_B,PRO_353_B,LEU_465_B,ALA_468_B,ILE_470_B"
ILE_470_B,"MET_166_B,TRP_469_B,LEU_471_B,PHE_474_B"
LEU_471_B,"ILE_339_B,LEU_467_B,ILE_470_B,GLN_472_B"
GLN_472_B,"ARG_351_B,ALA_468_B,LEU_471_B,ARG_473_B"
ARG_473_B,"GLU_168_B,HIS_352_B,GLN_472_B,PHE_474_B"
PHE_474_B,"CYS_167_B,LEU_170_B,THR_171_B,GLN_340_B,ILE_470_B,ARG_473_B,THR_475_B,VAL_506_B"
THR_475_B,"GLN_336_B,PHE_474_B,LEU_476_B"
LEU_476_B,"ILE_326_B,GLN_336_B,THR_475_B,GLU_477_B"
GLU_477_B,"LEU_476_B,MET_478_B,LYS_505_B"
MET_478_B,"VAL_330_B,GLU_477_B,PRO_485_B,VAL_502_B"
PRO_479_B,"THR_480_B,GLN_482_B"
THR_480_B,"PRO_479_B,GLY_481_B"
GLY_481_B,"THR_480_B,GLN_482_B"
GLN_482_B,"PRO_479_B,GLY_481_B"
PRO_483_B,LEU_484_B
LEU_484_B,PRO_483_B
PRO_485_B,"HIS_331_B,MET_478_B,ASP_486_B,PHE_500_B"
ASP_486_B,"PRO_485_B,LEU_487_B,LYS_498_B"
LEU_487_B,"TYR_328_B,ARG_375_B,ASP_486_B,GLN_488_B"
GLN_488_B,"LEU_487_B,GLY_489_B"
GLY_489_B,"GLN_488_B,LYS_490_B"
LYS_490_B,"GLY_489_B,PHE_491_B,GLN_496_B"
PHE_491_B,"PRO_62_B,HIS_63_B,LYS_490_B,GLY_492_B"
GLY_492_B,"PHE_491_B,VAL_493_B"
VAL_493_B,"SER_378_B,GLY_492_B,VAL_494_B"
VAL_494_B,"GLU_316_B,VAL_493_B,LEU_495_B"
LEU_495_B,"VAL_377_B,PRO_379_B,VAL_494_B,GLN_496_B"
GLN_496_B,"LYS_490_B,LEU_495_B"
PRO_497_B,"TRP_324_B,LYS_498_B,PHE_500_B"
LYS_498_B,"ASP_486_B,PRO_497_B,LYS_499_B"
LYS_499_B,"LYS_323_B,LYS_498_B,PHE_500_B"
PHE_500_B,"ALA_327_B,PRO_485_B,PRO_497_B,LYS_499_B,LYS_501_B"
LYS_501_B,"PHE_500_B,VAL_502_B"
VAL_502_B,"ASP_179_B,ILE_326_B,VAL_330_B,MET_478_B,LYS_501_B,VAL_503_B"
VAL_503_B,"ALA_177_B,VAL_502_B,ALA_504_B"
ALA_504_B,"LEU_170_B,VAL_503_B,LYS_505_B"
LYS_505_B,"GLN_174_B,GLU_477_B,ALA_504_B,VAL_506_B"
VAL_506_B,"PHE_474_B,LYS_505_B,ARG_507_B"
ARG_507_B,"ASP_344_B,LYS_349_B,VAL_506_B,ALA_508_B"
ALA_508_B,"GLN_340_B,ARG_507_B"
