residue_id,neighbors
LYS_2_C,TYR_3_C
TYR_3_C,"LYS_2_C,THR_4_C,TYR_62_C"
THR_4_C,"TYR_3_C,GLY_5_C"
GLY_5_C,"THR_4_C,SER_6_C"
SER_6_C,"GLY_5_C,ILE_7_C,LYS_9_C,ARG_10_C"
ILE_7_C,"SER_6_C,PHE_8_C,SER_11_C"
PHE_8_C,"ILE_7_C,LYS_9_C,ARG_12_C,LYS_23_C"
LYS_9_C,"SER_6_C,PHE_8_C,ARG_10_C,ARG_13_C"
ARG_10_C,"SER_6_C,LYS_9_C,SER_11_C,ARG_13_C,LEU_14_C,TYR_62_C"
SER_11_C,"ILE_7_C,ARG_10_C,ARG_12_C,GLY_15_C"
ARG_12_C,"PHE_8_C,SER_11_C,ARG_13_C,ARG_31_C"
ARG_13_C,"LYS_9_C,ARG_10_C,ARG_12_C,LEU_14_C"
LEU_14_C,"ARG_10_C,ARG_13_C,GLY_15_C,ARG_59_C"
GLY_15_C,"SER_11_C,LEU_14_C,PHE_16_C"
PHE_16_C,"GLY_15_C,SER_17_C"
SER_17_C,"PHE_16_C,LEU_18_C,ASN_21_C"
LEU_18_C,"SER_17_C,LEU_19_C,LYS_23_C"
LEU_19_C,"LEU_18_C,GLU_20_C,PRO_188_C"
GLU_20_C,"LEU_19_C,ASN_21_C"
ASN_21_C,"SER_17_C,GLU_20_C,ASN_22_C,PHE_25_C"
ASN_22_C,"ASN_21_C,LYS_23_C"
LYS_23_C,"PHE_8_C,LEU_18_C,ASN_22_C,GLU_24_C"
GLU_24_C,"LYS_23_C,PHE_25_C,LYS_30_C,LYS_32_C"
PHE_25_C,"ASN_21_C,GLU_24_C,SER_26_C"
SER_26_C,"PHE_25_C,LYS_27_C"
LYS_27_C,"SER_26_C,GLY_28_C"
GLY_28_C,"LYS_27_C,LYS_29_C,LYS_30_C"
LYS_29_C,"GLY_28_C,LYS_30_C,ARG_31_C"
LYS_30_C,"GLU_24_C,GLY_28_C,LYS_29_C,ARG_31_C,LYS_32_C"
ARG_31_C,"ARG_12_C,LYS_29_C,LYS_30_C,LYS_32_C"
LYS_32_C,"GLU_24_C,LYS_30_C,ARG_31_C,THR_33_C"
THR_33_C,"LYS_32_C,ILE_34_C"
ILE_34_C,THR_33_C
PRO_35_C,GLY_36_C
GLY_36_C,"PRO_35_C,GLN_37_C"
GLN_37_C,"GLY_36_C,HIS_38_C,GLY_39_C"
HIS_38_C,"GLN_37_C,GLY_39_C,ARG_41_C"
GLY_39_C,"GLN_37_C,HIS_38_C,ASN_40_C"
ASN_40_C,"GLY_39_C,ARG_41_C"
ARG_41_C,"HIS_38_C,ASN_40_C,PHE_42_C"
PHE_42_C,"ARG_41_C,ARG_43_C"
ARG_43_C,"PHE_42_C,SER_44_C"
SER_44_C,"ARG_43_C,SER_45_C"
SER_45_C,"SER_44_C,THR_46_C"
THR_46_C,"SER_45_C,MET_47_C"
MET_47_C,"THR_46_C,SER_48_C"
SER_48_C,"MET_47_C,GLY_49_C,GLN_52_C"
GLY_49_C,"SER_48_C,TYR_50_C,GLN_53_C"
TYR_50_C,"GLY_49_C,ALA_51_C,LEU_54_C,TRP_199_C"
ALA_51_C,"TYR_50_C,GLN_52_C,GLN_55_C"
GLN_52_C,"SER_48_C,ALA_51_C,GLN_53_C,GLU_56_C"
GLN_53_C,"GLY_49_C,GLN_52_C,LEU_54_C,LYS_57_C,TYR_195_C"
LEU_54_C,"TYR_50_C,GLN_53_C,GLN_55_C,GLN_58_C"
GLN_55_C,"ALA_51_C,LEU_54_C,GLU_56_C,ARG_59_C"
GLU_56_C,"GLN_52_C,GLN_55_C,LYS_57_C,MET_60_C,ILE_191_C,GLU_193_C,TYR_195_C,VAL_196_C"
LYS_57_C,"GLN_53_C,GLU_56_C,GLN_58_C,GLN_61_C,ASP_68_C,VAL_196_C,TYR_200_C"
GLN_58_C,"LEU_54_C,LYS_57_C,ARG_59_C,TYR_62_C"
ARG_59_C,"LEU_14_C,GLN_55_C,GLN_58_C,MET_60_C,MET_63_C,ILE_191_C,GLU_193_C"
MET_60_C,"GLU_56_C,ARG_59_C,GLN_61_C,ILE_191_C"
GLN_61_C,"LYS_57_C,MET_60_C,TYR_62_C,PHE_71_C"
TYR_62_C,"TYR_3_C,ARG_10_C,GLN_58_C,GLN_61_C,MET_63_C"
MET_63_C,"ARG_59_C,TYR_62_C,TYR_64_C"
TYR_64_C,"MET_63_C,GLY_65_C,LEU_93_C"
GLY_65_C,"TYR_64_C,ILE_66_C"
ILE_66_C,"GLY_65_C,THR_67_C"
THR_67_C,"ILE_66_C,ASP_68_C,GLN_70_C,PHE_71_C"
ASP_68_C,"LYS_57_C,THR_67_C,LYS_69_C,PHE_71_C,ARG_72_C"
LYS_69_C,"ASP_68_C,GLN_70_C,ARG_73_C"
GLN_70_C,"THR_67_C,LYS_69_C,PHE_71_C,LEU_74_C"
PHE_71_C,"GLN_61_C,THR_67_C,ASP_68_C,GLN_70_C,ARG_72_C,PHE_75_C,TYR_200_C"
ARG_72_C,"ASP_68_C,PHE_71_C,ARG_73_C,ARG_76_C,LEU_203_C,VAL_204_C"
ARG_73_C,"LYS_69_C,ARG_72_C,LEU_74_C,LEU_77_C"
LEU_74_C,"GLN_70_C,ARG_73_C,PHE_75_C,VAL_78_C"
PHE_75_C,"PHE_71_C,LEU_74_C,ARG_76_C,LEU_79_C,TYR_200_C"
ARG_76_C,"ARG_72_C,PHE_75_C,LEU_77_C"
LEU_77_C,"ARG_73_C,ARG_76_C,VAL_78_C"
VAL_78_C,"LEU_74_C,LEU_77_C,LEU_79_C,LEU_89_C"
LEU_79_C,"PHE_75_C,VAL_78_C,LYS_80_C,LYS_201_C"
LYS_80_C,"LEU_79_C,GLN_81_C"
GLN_81_C,"LYS_80_C,ARG_82_C,LEU_85_C,ASN_88_C"
ARG_82_C,"GLN_81_C,GLY_83_C"
GLY_83_C,"ARG_82_C,ASN_84_C,LEU_85_C"
ASN_84_C,"GLY_83_C,LEU_85_C,ALA_86_C"
LEU_85_C,"GLN_81_C,GLY_83_C,ASN_84_C,ALA_86_C,ASN_88_C,LEU_89_C"
ALA_86_C,"ASN_84_C,LEU_85_C,VAL_87_C"
VAL_87_C,"ALA_86_C,ASN_88_C,PHE_181_C"
ASN_88_C,"GLN_81_C,LEU_85_C,VAL_87_C,LEU_89_C,VAL_92_C"
LEU_89_C,"VAL_78_C,LEU_85_C,ASN_88_C,PHE_90_C,LEU_93_C,VAL_197_C"
PHE_90_C,"LEU_89_C,ARG_91_C,GLU_94_C,LEU_187_C"
ARG_91_C,"PHE_90_C,VAL_92_C,SER_95_C,PHE_181_C"
VAL_92_C,"ASN_88_C,ARG_91_C,LEU_93_C,ARG_96_C"
LEU_93_C,"TYR_64_C,LEU_89_C,VAL_92_C,GLU_94_C,ARG_96_C"
GLU_94_C,"PHE_90_C,LEU_93_C,SER_95_C,ASN_99_C,ARG_103_C,ARG_110_C,PRO_182_C"
SER_95_C,"ARG_91_C,GLU_94_C,ARG_96_C,LEU_136_C"
ARG_96_C,"VAL_92_C,LEU_93_C,SER_95_C,LEU_97_C,ASN_99_C,ILE_100_C"
LEU_97_C,"ARG_96_C,ASP_98_C,VAL_101_C,VAL_117_C,LEU_124_C,LEU_136_C"
ASP_98_C,"LEU_97_C,ASN_99_C,TYR_102_C,ARG_110_C,ARG_114_C"
ASN_99_C,"GLU_94_C,ARG_96_C,ASP_98_C,ILE_100_C,ARG_103_C"
ILE_100_C,"ARG_96_C,ASN_99_C,VAL_101_C,MET_104_C,LEU_136_C,TYR_178_C"
VAL_101_C,"LEU_97_C,ILE_100_C,TYR_102_C,GLY_105_C,ALA_113_C"
TYR_102_C,"ASP_98_C,VAL_101_C,ARG_103_C,GLY_105_C,ARG_110_C"
ARG_103_C,"GLU_94_C,ASN_99_C,TYR_102_C,MET_104_C,ARG_110_C,PHE_166_C,VAL_167_C"
MET_104_C,"ILE_100_C,ARG_103_C,GLY_105_C,PHE_106_C"
GLY_105_C,"VAL_101_C,TYR_102_C,MET_104_C,PHE_106_C"
PHE_106_C,"MET_104_C,GLY_105_C,ALA_107_C,LEU_144_C,ALA_157_C,PHE_174_C"
ALA_107_C,"PHE_106_C,ALA_113_C"
PRO_108_C,THR_109_C
THR_109_C,"PRO_108_C,ARG_110_C,SER_112_C,ALA_113_C"
ARG_110_C,"GLU_94_C,ASP_98_C,TYR_102_C,ARG_103_C,THR_109_C,ARG_111_C,ARG_114_C"
ARG_111_C,"ARG_110_C,SER_112_C,GLN_115_C"
SER_112_C,"THR_109_C,ARG_111_C,ALA_113_C,LEU_116_C"
ALA_113_C,"VAL_101_C,ALA_107_C,THR_109_C,SER_112_C,ARG_114_C,VAL_117_C"
ARG_114_C,"ASP_98_C,ARG_110_C,ALA_113_C,GLN_115_C,ASN_118_C"
GLN_115_C,"ARG_111_C,ARG_114_C,LEU_116_C,HIS_119_C"
LEU_116_C,"SER_112_C,GLN_115_C,VAL_117_C,GLY_120_C"
VAL_117_C,"LEU_97_C,ALA_113_C,LEU_116_C,ASN_118_C,VAL_122_C"
ASN_118_C,"ARG_114_C,VAL_117_C,HIS_119_C"
HIS_119_C,"GLN_115_C,ASN_118_C,GLY_120_C,HIS_121_C"
GLY_120_C,"LEU_116_C,HIS_119_C,HIS_121_C"
HIS_121_C,"HIS_119_C,GLY_120_C,VAL_122_C"
VAL_122_C,"VAL_117_C,HIS_121_C,LEU_123_C"
LEU_123_C,"VAL_122_C,LEU_124_C,THR_128_C"
LEU_124_C,"LEU_97_C,LEU_123_C,ASN_125_C,VAL_129_C"
ASN_125_C,"LEU_124_C,ASP_126_C,ASP_140_C"
ASP_126_C,"ASN_125_C,ARG_127_C"
ARG_127_C,"ASP_126_C,THR_128_C"
THR_128_C,"LEU_123_C,ARG_127_C,VAL_129_C"
VAL_129_C,"LEU_124_C,THR_128_C,ASP_130_C,ILE_134_C"
ASP_130_C,"VAL_129_C,THR_131_C"
THR_131_C,ASP_130_C
PRO_132_C,SER_133_C
SER_133_C,"PRO_132_C,ILE_134_C"
ILE_134_C,"VAL_129_C,SER_133_C,ILE_135_C"
ILE_135_C,"ILE_134_C,LEU_136_C"
LEU_136_C,"SER_95_C,LEU_97_C,ILE_100_C,ILE_135_C,ASN_137_C"
ASN_137_C,LEU_136_C
PRO_138_C,GLY_139_C
GLY_139_C,"PRO_138_C,ASP_140_C"
ASP_140_C,"ASN_125_C,GLY_139_C,LYS_141_C,VAL_142_C"
LYS_141_C,"ASP_140_C,VAL_142_C,GLU_175_C"
VAL_142_C,"ASP_140_C,LYS_141_C,ARG_143_C"
ARG_143_C,"VAL_142_C,LEU_144_C"
LEU_144_C,"PHE_106_C,ARG_143_C,LYS_145_C"
LYS_145_C,"LEU_144_C,ALA_146_C,THR_148_C"
ALA_146_C,"LYS_145_C,LYS_147_C"
LYS_147_C,"ALA_146_C,THR_148_C"
THR_148_C,"LYS_145_C,LYS_147_C,ILE_149_C"
ILE_149_C,"THR_148_C,LYS_150_C,VAL_154_C"
LYS_150_C,"ILE_149_C,ILE_151_C"
ILE_151_C,"LYS_150_C,PRO_152_C,ILE_153_C"
PRO_152_C,"ILE_151_C,ILE_153_C"
ILE_153_C,"ILE_151_C,PRO_152_C,VAL_154_C"
VAL_154_C,"ILE_149_C,ILE_153_C,LYS_155_C,SER_158_C"
LYS_155_C,"VAL_154_C,ALA_156_C,GLU_159_C"
ALA_156_C,"LYS_155_C,ALA_157_C"
ALA_157_C,"PHE_106_C,ALA_156_C,SER_158_C"
SER_158_C,"VAL_154_C,ALA_157_C,GLU_159_C"
GLU_159_C,"LYS_155_C,SER_158_C,SER_160_C,GLY_161_C"
SER_160_C,"GLU_159_C,GLY_161_C"
GLY_161_C,"GLU_159_C,SER_160_C,VAL_162_C"
VAL_162_C,"GLY_161_C,VAL_163_C"
VAL_163_C,"VAL_162_C,SER_164_C"
SER_164_C,VAL_163_C
PRO_165_C,PHE_166_C
PHE_166_C,"ARG_103_C,PRO_165_C,VAL_167_C,PRO_182_C"
VAL_167_C,"ARG_103_C,PHE_166_C,GLU_168_C"
GLU_168_C,"VAL_167_C,THR_169_C,THR_177_C"
THR_169_C,"GLU_168_C,ASN_170_C"
ASN_170_C,"THR_169_C,ASN_171_C,THR_173_C"
ASN_171_C,"ASN_170_C,LYS_172_C"
LYS_172_C,"ASN_171_C,THR_173_C"
THR_173_C,"ASN_170_C,LYS_172_C,PHE_174_C,GLU_175_C"
PHE_174_C,"PHE_106_C,THR_173_C,GLU_175_C"
GLU_175_C,"LYS_141_C,THR_173_C,PHE_174_C,GLY_176_C"
GLY_176_C,"GLU_175_C,THR_177_C"
THR_177_C,"GLU_168_C,GLY_176_C,TYR_178_C"
TYR_178_C,"ILE_100_C,THR_177_C,VAL_179_C"
VAL_179_C,"TYR_178_C,ARG_180_C"
ARG_180_C,"VAL_179_C,PHE_181_C,GLU_186_C"
PHE_181_C,"VAL_87_C,ARG_91_C,ARG_180_C"
PRO_182_C,"GLU_94_C,PHE_166_C,GLU_183_C"
GLU_183_C,"PRO_182_C,ARG_184_C,GLU_186_C,LEU_187_C"
ARG_184_C,"GLU_183_C,SER_185_C"
SER_185_C,"ARG_184_C,GLU_186_C"
GLU_186_C,"ARG_180_C,GLU_183_C,SER_185_C,LEU_187_C"
LEU_187_C,"PHE_90_C,GLU_183_C,GLU_186_C,ASN_192_C"
PRO_188_C,"LEU_19_C,ALA_189_C,GLY_190_C"
ALA_189_C,"PRO_188_C,GLY_190_C"
GLY_190_C,"PRO_188_C,ALA_189_C,ILE_191_C"
ILE_191_C,"GLU_56_C,ARG_59_C,MET_60_C,GLY_190_C,ASN_192_C"
ASN_192_C,"LEU_187_C,ILE_191_C,GLU_193_C"
GLU_193_C,"GLU_56_C,ARG_59_C,ASN_192_C,SER_194_C"
SER_194_C,"GLU_193_C,TYR_195_C"
TYR_195_C,"GLN_53_C,GLU_56_C,SER_194_C,VAL_196_C,TRP_199_C"
VAL_196_C,"GLU_56_C,LYS_57_C,TYR_195_C,VAL_197_C,TYR_200_C"
VAL_197_C,"LEU_89_C,VAL_196_C,GLU_198_C,LYS_201_C"
GLU_198_C,"VAL_197_C,TRP_199_C,ARG_202_C"
TRP_199_C,"TYR_50_C,TYR_195_C,GLU_198_C,TYR_200_C,LEU_203_C"
TYR_200_C,"LYS_57_C,PHE_71_C,PHE_75_C,VAL_196_C,TRP_199_C,LYS_201_C,VAL_204_C"
LYS_201_C,"LEU_79_C,VAL_197_C,TYR_200_C,ARG_202_C"
ARG_202_C,"GLU_198_C,LYS_201_C,LEU_203_C"
LEU_203_C,"ARG_72_C,TRP_199_C,ARG_202_C,VAL_204_C"
VAL_204_C,"ARG_72_C,TYR_200_C,LEU_203_C,LYS_205_C"
LYS_205_C,VAL_204_C
