residue_id,neighbors
GLY_1_A,SER_2_A
SER_2_A,"GLY_1_A,HIS_3_A"
HIS_3_A,"SER_2_A,MET_4_A"
MET_4_A,"HIS_3_A,ALA_5_A"
ALA_5_A,"MET_4_A,GLU_6_A"
GLU_6_A,ALA_5_A
PRO_7_A,"GLN_8_A,ARG_9_A"
GLN_8_A,"PRO_7_A,ARG_9_A,HIS_10_A,SER_29_A,SER_30_A"
ARG_9_A,"PRO_7_A,GLN_8_A,HIS_10_A,GLU_28_A"
HIS_10_A,"GLN_8_A,ARG_9_A,LYS_11_A,VAL_27_A,SER_29_A,LEU_34_A"
LYS_11_A,"HIS_10_A,ILE_12_A,GLU_24_A"
ILE_12_A,"LYS_11_A,LEU_13_A,LEU_25_A,LEU_34_A"
LEU_13_A,"ILE_12_A,CYS_14_A"
CYS_14_A,"LEU_13_A,VAL_15_A,ARG_22_A,ILE_23_A"
VAL_15_A,"CYS_14_A,CYS_16_A"
CYS_16_A,"VAL_15_A,CYS_17_A,LYS_18_A,ASP_20_A,GLY_21_A"
CYS_17_A,"CYS_16_A,LYS_18_A,PHE_47_A"
LYS_18_A,"CYS_16_A,CYS_17_A,CYS_19_A"
CYS_19_A,"LYS_18_A,ASP_20_A"
ASP_20_A,"CYS_16_A,CYS_19_A,GLY_21_A,ARG_22_A"
GLY_21_A,"CYS_16_A,ASP_20_A,ARG_22_A"
ARG_22_A,"CYS_14_A,ASP_20_A,GLY_21_A,ILE_23_A"
ILE_23_A,"CYS_14_A,ARG_22_A,GLU_24_A,LEU_25_A"
GLU_24_A,"LYS_11_A,ILE_23_A,LEU_25_A,THR_26_A"
LEU_25_A,"ILE_12_A,ILE_23_A,GLU_24_A,THR_26_A,PHE_41_A,PHE_47_A"
THR_26_A,"GLU_24_A,LEU_25_A,VAL_27_A"
VAL_27_A,"HIS_10_A,THR_26_A,GLU_28_A"
GLU_28_A,"ARG_9_A,VAL_27_A,SER_29_A"
SER_29_A,"GLN_8_A,HIS_10_A,GLU_28_A,SER_30_A,ASP_33_A"
SER_30_A,"GLN_8_A,SER_29_A,ALA_31_A,LEU_34_A"
ALA_31_A,"SER_30_A,GLU_32_A,ARG_35_A"
GLU_32_A,"ALA_31_A,ASP_33_A,ARG_35_A,THR_36_A"
ASP_33_A,"SER_29_A,GLU_32_A,LEU_34_A,LEU_37_A"
LEU_34_A,"HIS_10_A,ILE_12_A,SER_30_A,ASP_33_A,ARG_35_A,GLN_38_A"
ARG_35_A,"ALA_31_A,GLU_32_A,LEU_34_A,THR_36_A,GLN_39_A"
THR_36_A,"GLU_32_A,ARG_35_A,LEU_37_A,GLN_39_A"
LEU_37_A,"ASP_33_A,THR_36_A,GLN_38_A,PHE_41_A"
GLN_38_A,"LEU_34_A,LEU_37_A,GLN_39_A,LEU_42_A"
GLN_39_A,"ARG_35_A,THR_36_A,GLN_38_A,LEU_40_A,SER_43_A"
LEU_40_A,"GLN_39_A,PHE_41_A,THR_44_A,LEU_45_A"
PHE_41_A,"LEU_25_A,LEU_37_A,LEU_40_A,LEU_42_A,LEU_45_A,PHE_47_A"
LEU_42_A,"GLN_38_A,PHE_41_A,SER_43_A"
SER_43_A,"GLN_39_A,LEU_42_A,THR_44_A"
THR_44_A,"LEU_40_A,SER_43_A,LEU_45_A"
LEU_45_A,"LEU_40_A,PHE_41_A,THR_44_A,SER_46_A"
SER_46_A,"LEU_45_A,PHE_47_A"
PHE_47_A,"CYS_17_A,LEU_25_A,PHE_41_A,SER_46_A,VAL_48_A"
VAL_48_A,"PHE_47_A,CYS_49_A"
CYS_49_A,"VAL_48_A,ALA_53_A"
PRO_50_A,"TRP_51_A,THR_54_A"
TRP_51_A,"PRO_50_A,CYS_52_A,ASN_55_A"
CYS_52_A,"TRP_51_A,ALA_53_A,GLN_56_A"
ALA_53_A,"CYS_49_A,CYS_52_A,THR_54_A"
THR_54_A,"PRO_50_A,ALA_53_A,ASN_55_A"
ASN_55_A,"TRP_51_A,THR_54_A,GLN_56_A"
GLN_56_A,"CYS_52_A,ASN_55_A"
