residue_id,neighbors
LEU_34_A,ILE_35_A
ILE_35_A,"LEU_34_A,GLU_36_A"
GLU_36_A,"ILE_35_A,THR_37_A,LYS_38_A"
THR_37_A,"GLU_36_A,LYS_38_A"
LYS_38_A,"GLU_36_A,THR_37_A,VAL_39_A"
VAL_39_A,"LYS_38_A,SER_40_A"
SER_40_A,"VAL_39_A,ALA_41_A"
ALA_41_A,"SER_40_A,ALA_42_A"
ALA_42_A,"ALA_41_A,LYS_43_A,ILE_87_A"
LYS_43_A,"ALA_42_A,ILE_44_A,ASP_84_A"
ILE_44_A,"LYS_43_A,THR_45_A,VAL_81_A,GLY_85_A,ILE_87_A"
THR_45_A,"ILE_44_A,GLU_46_A"
GLU_46_A,"THR_45_A,ASN_47_A"
ASN_47_A,"GLU_46_A,TYR_48_A"
TYR_48_A,"ASN_47_A,GLN_49_A"
GLN_49_A,"TYR_48_A,PHE_50_A,LYS_128_A"
PHE_50_A,"GLN_49_A,ASP_51_A,VAL_130_A"
ASP_51_A,"PHE_50_A,SER_52_A,ARG_53_A"
SER_52_A,"ASP_51_A,ARG_53_A,ARG_55_A,ASN_500_A"
ARG_53_A,"ASP_51_A,SER_52_A,ILE_54_A,ALA_72_A"
ILE_54_A,"ARG_53_A,ARG_55_A,VAL_123_A,ASN_500_A"
ARG_55_A,"SER_52_A,ILE_54_A,LEU_56_A,THR_70_A,GLU_103_A,TYR_447_A,ASN_500_A"
LEU_56_A,"ARG_55_A,ASN_57_A"
ASN_57_A,"LEU_56_A,SER_58_A,ILE_59_A,GLY_60_A,TYR_139_A,SER_491_A"
SER_58_A,"ASN_57_A,ILE_59_A,PHE_494_A,ILE_509_A"
ILE_59_A,"ASN_57_A,SER_58_A,GLY_60_A,PHE_494_A"
GLY_60_A,"ASN_57_A,ILE_59_A,PHE_61_A"
PHE_61_A,"GLY_60_A,ILE_62_A,LYS_67_A,PHE_110_A,PHE_132_A,LYS_133_A,ALA_135_A"
ILE_62_A,"PHE_61_A,PHE_571_A"
PRO_63_A,"ASN_64_A,SER_576_A"
ASN_64_A,"PRO_63_A,HIS_65_A,ASN_114_A"
HIS_65_A,"ASN_64_A,SER_66_A,LYS_67_A,ASN_484_A,LEU_487_A,TYR_574_A"
SER_66_A,"HIS_65_A,LYS_67_A"
LYS_67_A,"PHE_61_A,HIS_65_A,SER_66_A,LYS_68_A,PHE_110_A,SER_111_A,VAL_113_A,ASN_114_A"
LYS_68_A,"LYS_67_A,ALA_69_A,ASP_109_A,ASP_488_A,ARG_496_A"
ALA_69_A,"LYS_68_A,THR_70_A,ALA_108_A,LEU_121_A"
THR_70_A,"ARG_55_A,ALA_69_A,ILE_71_A,VAL_105_A,GLY_446_A,TYR_447_A,ARG_496_A"
ILE_71_A,"THR_70_A,ALA_72_A,TYR_106_A"
ALA_72_A,"ARG_53_A,ILE_71_A,ALA_73_A"
ALA_73_A,"ALA_72_A,ASN_74_A"
ASN_74_A,"ALA_73_A,CYS_75_A"
CYS_75_A,"ASN_74_A,SER_76_A,VAL_123_A"
SER_76_A,"CYS_75_A,THR_77_A,ALA_93_A"
THR_77_A,"SER_76_A,PHE_78_A"
PHE_78_A,"THR_77_A,TYR_79_A,GLY_91_A,ALA_108_A,LEU_121_A"
TYR_79_A,"PHE_78_A,VAL_80_A,THR_90_A,ALA_122_A"
VAL_80_A,"TYR_79_A,VAL_81_A,VAL_88_A,TYR_89_A,PHE_110_A"
VAL_81_A,"ILE_44_A,VAL_80_A,LYS_82_A,TYR_120_A"
LYS_82_A,"VAL_81_A,GLU_83_A,ASP_84_A,GLY_85_A,THR_86_A,VAL_88_A,GLU_115_A"
GLU_83_A,"LYS_82_A,ASP_84_A"
ASP_84_A,"LYS_43_A,LYS_82_A,GLU_83_A,GLY_85_A,THR_86_A"
GLY_85_A,"ILE_44_A,LYS_82_A,ASP_84_A,THR_86_A"
THR_86_A,"LYS_82_A,ASP_84_A,GLY_85_A,ILE_87_A"
ILE_87_A,"ALA_42_A,ILE_44_A,THR_86_A,VAL_88_A"
VAL_88_A,"VAL_80_A,LYS_82_A,ILE_87_A,TYR_89_A"
TYR_89_A,"VAL_80_A,VAL_88_A,THR_90_A,VAL_113_A"
THR_90_A,"TYR_79_A,TYR_89_A,GLY_91_A"
GLY_91_A,"PHE_78_A,THR_90_A,THR_92_A"
THR_92_A,"GLY_91_A,ALA_93_A"
ALA_93_A,"SER_76_A,THR_92_A,THR_94_A"
THR_94_A,"ALA_93_A,SER_95_A,ILE_107_A"
SER_95_A,"THR_94_A,MET_96_A"
MET_96_A,"SER_95_A,PHE_97_A,VAL_105_A"
PHE_97_A,"MET_96_A,ASP_98_A"
ASP_98_A,"PHE_97_A,ASN_99_A,ASP_100_A,THR_101_A,LYS_102_A,GLU_103_A,HIS_445_A,GLY_446_A"
ASN_99_A,"ASP_98_A,ASP_100_A,LYS_102_A"
ASP_100_A,"ASP_98_A,ASN_99_A,THR_101_A,HIS_445_A,ARG_449_A,TYR_455_A"
THR_101_A,"ASP_98_A,ASP_100_A,LYS_102_A"
LYS_102_A,"ASP_98_A,ASN_99_A,THR_101_A,GLU_103_A"
GLU_103_A,"ARG_55_A,ASP_98_A,LYS_102_A,THR_104_A,LYS_542_A"
THR_104_A,"GLU_103_A,VAL_105_A"
VAL_105_A,"THR_70_A,MET_96_A,THR_104_A,TYR_106_A"
TYR_106_A,"ILE_71_A,VAL_105_A,ILE_107_A"
ILE_107_A,"THR_94_A,TYR_106_A,ALA_108_A"
ALA_108_A,"ALA_69_A,PHE_78_A,ILE_107_A,ASP_109_A"
ASP_109_A,"LYS_68_A,ALA_108_A,PHE_110_A,SER_111_A"
PHE_110_A,"PHE_61_A,LYS_67_A,VAL_80_A,ASP_109_A,SER_111_A,PHE_132_A"
SER_111_A,"LYS_67_A,ASP_109_A,PHE_110_A,SER_112_A"
SER_112_A,"SER_111_A,VAL_113_A"
VAL_113_A,"LYS_67_A,TYR_89_A,SER_112_A,ASN_114_A,ILE_134_A"
ASN_114_A,"ASN_64_A,LYS_67_A,VAL_113_A,GLU_115_A"
GLU_115_A,"LYS_82_A,ASN_114_A,GLU_116_A,TYR_119_A"
GLU_116_A,"GLU_115_A,GLY_117_A,MET_136_A"
GLY_117_A,"GLU_116_A,THR_118_A,ILE_134_A"
THR_118_A,"GLY_117_A,TYR_119_A"
TYR_119_A,"GLU_115_A,THR_118_A,TYR_120_A,PHE_132_A,ILE_134_A"
TYR_120_A,"VAL_81_A,TYR_119_A,LEU_121_A,LYS_128_A"
LEU_121_A,"ALA_69_A,PHE_78_A,TYR_120_A,ALA_122_A,SER_129_A"
ALA_122_A,"TYR_79_A,LEU_121_A,VAL_123_A"
VAL_123_A,"ILE_54_A,CYS_75_A,ALA_122_A,VAL_126_A,GLY_127_A"
PRO_124_A,GLY_125_A
GLY_125_A,"PRO_124_A,VAL_126_A"
VAL_126_A,"VAL_123_A,GLY_125_A,GLY_127_A"
GLY_127_A,"VAL_123_A,VAL_126_A,LYS_128_A"
LYS_128_A,"GLN_49_A,TYR_120_A,GLY_127_A,SER_129_A"
SER_129_A,"LEU_121_A,LYS_128_A,VAL_130_A"
VAL_130_A,"PHE_50_A,SER_129_A,ASN_131_A,ILE_509_A"
ASN_131_A,"VAL_130_A,PHE_132_A"
PHE_132_A,"PHE_61_A,PHE_110_A,TYR_119_A,ASN_131_A,LYS_133_A"
LYS_133_A,"PHE_61_A,PHE_132_A,ILE_134_A"
ILE_134_A,"VAL_113_A,GLY_117_A,TYR_119_A,LYS_133_A,ALA_135_A"
ALA_135_A,"PHE_61_A,ILE_134_A,MET_136_A"
MET_136_A,"GLU_116_A,ALA_135_A,ASN_137_A,PRO_577_A"
ASN_137_A,"MET_136_A,VAL_138_A"
VAL_138_A,"ASN_137_A,TYR_139_A"
TYR_139_A,"ASN_57_A,VAL_138_A,GLU_140_A,PHE_143_A,LEU_487_A,ILE_490_A,LEU_568_A"
GLU_140_A,"TYR_139_A,ASP_141_A,LYS_144_A,ASN_573_A"
ASP_141_A,"GLU_140_A,ALA_142_A,THR_145_A"
ALA_142_A,"ASP_141_A,PHE_143_A,ALA_146_A"
PHE_143_A,"TYR_139_A,ALA_142_A,LYS_144_A,LEU_227_A,VAL_572_A"
LYS_144_A,"GLU_140_A,PHE_143_A,THR_145_A,LEU_148_A"
THR_145_A,"ASP_141_A,LYS_144_A,ALA_146_A,TYR_163_A"
ALA_146_A,"ALA_142_A,THR_145_A,MET_147_A,ILE_565_A"
MET_147_A,"ALA_146_A,LEU_148_A,MET_150_A,LEU_232_A,PHE_244_A,GLU_247_A"
LEU_148_A,"LYS_144_A,MET_147_A,GLY_149_A,LEU_152_A,ALA_161_A"
GLY_149_A,"LEU_148_A,MET_150_A,TYR_532_A"
MET_150_A,"MET_147_A,GLY_149_A,TYR_151_A,TRP_196_A,ILE_565_A"
TYR_151_A,"MET_150_A,LEU_152_A,PRO_235_A"
LEU_152_A,"LEU_148_A,TYR_151_A,LEU_153_A,ARG_519_A,TRP_529_A"
LEU_153_A,"LEU_152_A,ARG_154_A,HIS_197_A,TYR_532_A,ILE_558_A"
ARG_154_A,"LEU_153_A,CYS_155_A,GLU_236_A,GLU_247_A,TYR_250_A"
CYS_155_A,"ARG_154_A,GLY_156_A,GLY_195_A,TYR_250_A"
GLY_156_A,"CYS_155_A,THR_157_A,CYS_173_A"
THR_157_A,"GLY_156_A,SER_158_A"
SER_158_A,"THR_157_A,VAL_159_A"
VAL_159_A,"SER_158_A,SER_160_A,HIS_170_A"
SER_160_A,"VAL_159_A,ALA_161_A,HIS_167_A"
ALA_161_A,"LEU_148_A,SER_160_A,THR_162_A,TYR_168_A"
THR_162_A,"ALA_161_A,TYR_163_A"
TYR_163_A,"THR_145_A,THR_162_A,ASN_164_A,ILE_166_A,GLY_506_A,PRO_530_A"
ASN_164_A,"TYR_163_A,GLY_165_A"
GLY_165_A,"ASN_164_A,ILE_166_A"
ILE_166_A,"TYR_163_A,GLY_165_A,HIS_167_A,TYR_168_A,ILE_525_A"
HIS_167_A,"SER_160_A,ILE_166_A,TYR_168_A"
TYR_168_A,"ALA_161_A,ILE_166_A,HIS_167_A,SER_169_A,PRO_528_A,TRP_529_A"
SER_169_A,"TYR_168_A,HIS_170_A"
HIS_170_A,"VAL_159_A,SER_169_A,GLY_171_A,HIS_197_A,GLU_283_A,ARG_519_A"
GLY_171_A,"HIS_170_A,GLU_283_A"
PRO_172_A,CYS_173_A
CYS_173_A,"GLY_156_A,PRO_172_A,HIS_174_A,PRO_282_A"
HIS_174_A,"CYS_173_A,THR_175_A,ASP_177_A,HIS_197_A,GLU_285_A,ARG_289_A"
THR_175_A,"HIS_174_A,ASN_176_A"
ASN_176_A,"THR_175_A,ASP_177_A,LYS_189_A"
ASP_177_A,"HIS_174_A,ASN_176_A,ALA_178_A,SER_192_A,LYS_204_A,ARG_289_A"
ALA_178_A,"ASP_177_A,TYR_179_A,LYS_190_A"
TYR_179_A,"ALA_178_A,LEU_180_A,HIS_187_A,ARG_289_A,PHE_290_A"
LEU_180_A,"TYR_179_A,ASP_181_A,TYR_182_A,ILE_183_A,THR_188_A,PHE_291_A"
ASP_181_A,"LEU_180_A,TYR_182_A,GLY_185_A,HIS_187_A,ARG_274_A,GLU_288_A"
TYR_182_A,"LEU_180_A,ASP_181_A,ILE_183_A,ARG_274_A,PHE_290_A,PHE_349_A"
ILE_183_A,"LEU_180_A,TYR_182_A,ASN_184_A,PHE_291_A"
ASN_184_A,"ILE_183_A,GLY_185_A,GLN_186_A"
GLY_185_A,"ASP_181_A,ASN_184_A,GLN_186_A"
GLN_186_A,"ASN_184_A,GLY_185_A,HIS_187_A,THR_188_A"
HIS_187_A,"TYR_179_A,ASP_181_A,GLN_186_A,THR_188_A,GLU_288_A"
THR_188_A,"LEU_180_A,GLN_186_A,HIS_187_A,LYS_189_A"
LYS_189_A,"ASN_176_A,THR_188_A,LYS_190_A"
LYS_190_A,"ALA_178_A,LYS_189_A,ASP_191_A,THR_257_A,GLN_259_A,PHE_291_A"
ASP_191_A,"LYS_190_A,SER_192_A,THR_193_A"
SER_192_A,"ASP_177_A,ASP_191_A,THR_193_A,LYS_204_A,TRP_254_A,THR_257_A"
THR_193_A,"ASP_191_A,SER_192_A,LYS_194_A"
LYS_194_A,"THR_193_A,GLY_195_A,LYS_204_A,LYS_249_A,TYR_250_A,ASP_253_A"
GLY_195_A,"CYS_155_A,LYS_194_A,TRP_196_A"
TRP_196_A,"MET_150_A,GLY_195_A,HIS_197_A,THR_212_A,GLU_247_A,GLU_251_A"
HIS_197_A,"LEU_153_A,HIS_170_A,HIS_174_A,TRP_196_A,ASP_198_A,ARG_289_A,ARG_519_A"
ASP_198_A,"HIS_197_A,ALA_199_A,ASP_201_A,TYR_205_A,ASN_208_A,TYR_354_A,ILE_558_A"
ALA_199_A,"ASP_198_A,GLY_200_A"
GLY_200_A,"ALA_199_A,ASP_201_A,GLU_555_A"
ASP_201_A,"ASP_198_A,GLY_200_A,TYR_202_A,ASN_203_A,TYR_205_A,PHE_276_A,ARG_518_A,GLU_555_A"
TYR_202_A,"ASP_201_A,ASN_203_A,ILE_280_A,PRO_282_A,ARG_289_A"
ASN_203_A,"ASP_201_A,TYR_202_A,LYS_204_A,TYR_205_A,THR_273_A"
LYS_204_A,"ASP_177_A,SER_192_A,LYS_194_A,ASN_203_A,TYR_205_A,TRP_254_A,VAL_271_A,ARG_289_A"
TYR_205_A,"ASP_198_A,ASP_201_A,ASN_203_A,LYS_204_A,VAL_206_A,LYS_270_A,TYR_354_A"
VAL_206_A,"TYR_205_A,VAL_207_A,MET_258_A,ALA_298_A"
VAL_207_A,"VAL_206_A,ASN_208_A"
ASN_208_A,"ASP_198_A,VAL_207_A,ALA_209_A,THR_212_A,TYR_354_A"
ALA_209_A,"ASN_208_A,GLY_210_A,VAL_213_A"
GLY_210_A,"ALA_209_A,ILE_211_A,GLY_214_A"
ILE_211_A,"GLY_210_A,THR_212_A,SER_215_A,TRP_400_A,ASN_559_A"
THR_212_A,"TRP_196_A,ASN_208_A,ILE_211_A,VAL_213_A,ALA_562_A"
VAL_213_A,"ALA_209_A,THR_212_A,GLY_214_A,PHE_217_A,GLU_251_A,MET_305_A"
GLY_214_A,"GLY_210_A,VAL_213_A,SER_215_A,LEU_218_A"
SER_215_A,"ILE_211_A,GLY_214_A,MET_216_A,ALA_219_A"
MET_216_A,"SER_215_A,PHE_217_A,ALA_562_A"
PHE_217_A,"VAL_213_A,MET_216_A,LEU_218_A,GLU_221_A,LEU_248_A,MET_308_A,ILE_312_A"
LEU_218_A,"GLY_214_A,PHE_217_A,ALA_219_A,HIS_222_A,MET_308_A"
ALA_219_A,"SER_215_A,LEU_218_A,TRP_220_A,PHE_223_A,TYR_566_A"
TRP_220_A,"ALA_219_A,GLU_221_A,LYS_224_A,PRO_242_A,PHE_244_A,LEU_245_A"
GLU_221_A,"PHE_217_A,TRP_220_A,HIS_222_A,ARG_311_A,GLU_369_A,GLU_372_A"
HIS_222_A,"LEU_218_A,GLU_221_A,PHE_223_A,LYS_475_A,TYR_566_A"
PHE_223_A,"ALA_219_A,HIS_222_A,LYS_224_A,GLN_226_A,LEU_227_A"
LYS_224_A,"TRP_220_A,PHE_223_A,ASP_225_A,GLU_228_A"
ASP_225_A,"LYS_224_A,GLN_226_A"
GLN_226_A,"PHE_223_A,ASP_225_A,LEU_227_A,GLY_570_A,VAL_572_A,ASN_573_A"
LEU_227_A,"PHE_143_A,PHE_223_A,GLN_226_A,GLU_228_A"
GLU_228_A,"LYS_224_A,LEU_227_A"
PRO_229_A,VAL_230_A
VAL_230_A,"PRO_229_A,ALA_231_A,VAL_572_A"
ALA_231_A,"VAL_230_A,LEU_232_A"
LEU_232_A,"MET_147_A,ALA_231_A,GLU_233_A,ASP_243_A"
GLU_233_A,"LEU_232_A,ILE_234_A,LYS_237_A"
ILE_234_A,"GLU_233_A,ASP_243_A,ASP_246_A"
PRO_235_A,"TYR_151_A,GLU_236_A"
GLU_236_A,"ARG_154_A,PRO_235_A,LYS_237_A,ASP_246_A,GLU_247_A"
LYS_237_A,"GLU_233_A,GLU_236_A,ASN_238_A"
ASN_238_A,"LYS_237_A,ASN_239_A"
ASN_239_A,"ASN_238_A,SER_240_A,ASP_246_A"
SER_240_A,"ASN_239_A,ILE_241_A"
ILE_241_A,SER_240_A
PRO_242_A,"TRP_220_A,ASP_243_A,LEU_245_A,TYR_316_A"
ASP_243_A,"LEU_232_A,ILE_234_A,PRO_242_A,PHE_244_A,ASP_246_A"
PHE_244_A,"MET_147_A,TRP_220_A,ASP_243_A,LEU_245_A,LEU_248_A,ILE_565_A"
LEU_245_A,"TRP_220_A,PRO_242_A,PHE_244_A,ASP_246_A,LYS_249_A,ILE_312_A,TYR_316_A"
ASP_246_A,"ILE_234_A,GLU_236_A,ASN_239_A,ASP_243_A,LEU_245_A,GLU_247_A"
GLU_247_A,"MET_147_A,ARG_154_A,TRP_196_A,GLU_236_A,ASP_246_A,LEU_248_A"
LEU_248_A,"PHE_217_A,PHE_244_A,GLU_247_A,LYS_249_A,GLU_251_A,ILE_252_A"
LYS_249_A,"LYS_194_A,LEU_245_A,LEU_248_A,TYR_250_A,ASP_253_A,PHE_313_A,ASP_317_A"
TYR_250_A,"ARG_154_A,CYS_155_A,LYS_194_A,LYS_249_A,GLU_251_A"
GLU_251_A,"TRP_196_A,VAL_213_A,LEU_248_A,TYR_250_A,ILE_252_A,TRP_254_A,ILE_255_A"
ILE_252_A,"LEU_248_A,GLU_251_A,ASP_253_A,LEU_256_A"
ASP_253_A,"LYS_194_A,LYS_249_A,ILE_252_A,TRP_254_A,TYR_320_A"
TRP_254_A,"SER_192_A,LYS_204_A,GLU_251_A,ASP_253_A,ILE_255_A,THR_257_A,MET_258_A"
ILE_255_A,"GLU_251_A,TRP_254_A,LEU_256_A,MET_258_A,PHE_302_A"
LEU_256_A,"ILE_252_A,ILE_255_A,THR_257_A,TYR_320_A"
THR_257_A,"LYS_190_A,SER_192_A,TRP_254_A,LEU_256_A,MET_258_A"
MET_258_A,"VAL_206_A,TRP_254_A,ILE_255_A,THR_257_A,GLN_259_A,VAL_267_A,ALA_268_A"
GLN_259_A,"LYS_190_A,MET_258_A,TYR_260_A,PHE_302_A,SER_331_A"
TYR_260_A,"GLN_259_A,ARG_266_A,TRP_294_A"
PRO_261_A,ASP_262_A
ASP_262_A,"PRO_261_A,GLY_263_A,SER_264_A,ARG_266_A"
GLY_263_A,"ASP_262_A,SER_264_A"
SER_264_A,"ASP_262_A,GLY_263_A,GLY_265_A"
GLY_265_A,"SER_264_A,ARG_266_A,SER_331_A"
ARG_266_A,"TYR_260_A,ASP_262_A,GLY_265_A,VAL_267_A,PHE_334_A"
VAL_267_A,"MET_258_A,ARG_266_A,ALA_268_A,PHE_302_A"
ALA_268_A,"MET_258_A,VAL_267_A,HIS_269_A"
HIS_269_A,"ALA_268_A,LYS_270_A,VAL_292_A,SER_295_A,ALA_344_A,GLU_353_A"
LYS_270_A,"TYR_205_A,HIS_269_A,VAL_271_A,VAL_292_A,GLN_346_A,THR_351_A,GLY_352_A"
VAL_271_A,"LYS_204_A,LYS_270_A,SER_272_A"
SER_272_A,"VAL_271_A,THR_273_A,PHE_290_A,THR_351_A"
THR_273_A,"ASN_203_A,SER_272_A,ARG_274_A,ASN_275_A"
ARG_274_A,"ASP_181_A,TYR_182_A,THR_273_A,ASN_275_A,GLU_288_A,SER_350_A"
ASN_275_A,"THR_273_A,ARG_274_A,PHE_276_A,SER_350_A"
PHE_276_A,"ASP_201_A,ASN_275_A,GLY_277_A"
GLY_277_A,"PHE_276_A,GLY_278_A,ARG_518_A"
GLY_278_A,"GLY_277_A,PHE_279_A"
PHE_279_A,"GLY_278_A,ILE_280_A"
ILE_280_A,"TYR_202_A,PHE_279_A,MET_281_A"
MET_281_A,"ILE_280_A,ASN_284_A"
PRO_282_A,"CYS_173_A,TYR_202_A,GLU_283_A"
GLU_283_A,"HIS_170_A,GLY_171_A,PRO_282_A,ASN_284_A"
ASN_284_A,"MET_281_A,GLU_283_A,GLU_285_A"
GLU_285_A,"HIS_174_A,ASN_284_A,HIS_286_A,ASP_287_A,ARG_289_A,ARG_518_A"
HIS_286_A,"GLU_285_A,ASP_287_A"
ASP_287_A,"GLU_285_A,HIS_286_A,GLU_288_A"
GLU_288_A,"ASP_181_A,HIS_187_A,ARG_274_A,ASP_287_A,ARG_289_A,PHE_290_A"
ARG_289_A,"HIS_174_A,ASP_177_A,TYR_179_A,HIS_197_A,TYR_202_A,LYS_204_A,GLU_285_A,GLU_288_A,PHE_290_A"
PHE_290_A,"TYR_179_A,TYR_182_A,SER_272_A,GLU_288_A,ARG_289_A,PHE_291_A,PHE_349_A"
PHE_291_A,"LEU_180_A,ILE_183_A,LYS_190_A,PHE_290_A,VAL_292_A"
VAL_292_A,"HIS_269_A,LYS_270_A,PHE_291_A,PHE_349_A"
PRO_293_A,TRP_294_A
TRP_294_A,"TYR_260_A,PRO_293_A,SER_295_A,PHE_334_A,VAL_342_A"
SER_295_A,"HIS_269_A,TRP_294_A,SER_296_A,ALA_298_A,THR_299_A"
SER_296_A,"SER_295_A,ALA_297_A,ALA_300_A,VAL_342_A,ASP_359_A"
ALA_297_A,"SER_296_A,ALA_298_A,ASP_301_A,THR_356_A"
ALA_298_A,"VAL_206_A,SER_295_A,ALA_297_A,THR_299_A,PHE_302_A"
THR_299_A,"SER_295_A,ALA_298_A,ALA_300_A"
ALA_300_A,"SER_296_A,THR_299_A,ASP_301_A,ALA_304_A,ASP_362_A"
ASP_301_A,"ALA_297_A,ALA_300_A,PHE_302_A,MET_305_A,ASP_362_A"
PHE_302_A,"ILE_255_A,GLN_259_A,VAL_267_A,ALA_298_A,ASP_301_A,VAL_303_A,THR_306_A"
VAL_303_A,"PHE_302_A,ALA_304_A,ALA_307_A,ALA_366_A,MET_370_A"
ALA_304_A,"ALA_300_A,VAL_303_A,MET_305_A,MET_308_A,TRP_365_A"
MET_305_A,"VAL_213_A,ASP_301_A,ALA_304_A,THR_306_A,ALA_309_A"
THR_306_A,"PHE_302_A,MET_305_A,ALA_307_A,ALA_310_A"
ALA_307_A,"VAL_303_A,THR_306_A,MET_308_A,THR_373_A"
MET_308_A,"PHE_217_A,LEU_218_A,ALA_304_A,ALA_307_A,ALA_309_A,ILE_312_A,GLU_369_A"
ALA_309_A,"MET_305_A,MET_308_A,ALA_310_A,PHE_313_A"
ALA_310_A,"THR_306_A,ALA_309_A,ARG_311_A,ILE_325_A"
ARG_311_A,"GLU_221_A,ALA_310_A,ILE_312_A,GLU_369_A,GLU_372_A,THR_373_A"
ILE_312_A,"PHE_217_A,LEU_245_A,MET_308_A,ARG_311_A,PHE_313_A"
PHE_313_A,"LYS_249_A,ALA_309_A,ILE_312_A,ARG_314_A,TYR_316_A,ASP_317_A"
ARG_314_A,"PHE_313_A,ALA_321_A,GLU_322_A"
PRO_315_A,TYR_316_A
TYR_316_A,"PRO_242_A,LEU_245_A,PHE_313_A,PRO_315_A,ASP_317_A"
ASP_317_A,"LYS_249_A,PHE_313_A,TYR_316_A,ALA_321_A"
PRO_318_A,GLN_319_A
GLN_319_A,"PRO_318_A,TYR_320_A"
TYR_320_A,"ASP_253_A,LEU_256_A,GLN_319_A,ALA_321_A,CYS_324_A"
ALA_321_A,"ARG_314_A,ASP_317_A,TYR_320_A,GLU_322_A"
GLU_322_A,"ARG_314_A,ALA_321_A,LYS_323_A,ASN_326_A"
LYS_323_A,"GLU_322_A,CYS_324_A"
CYS_324_A,"TYR_320_A,LYS_323_A,ILE_325_A,ALA_328_A"
ILE_325_A,"ALA_310_A,CYS_324_A,ASN_326_A,LYS_329_A"
ASN_326_A,"GLU_322_A,ILE_325_A,ALA_327_A"
ALA_327_A,"ASN_326_A,ALA_328_A"
ALA_328_A,"CYS_324_A,ALA_327_A,LYS_329_A,TYR_332_A"
LYS_329_A,"ILE_325_A,ALA_328_A,VAL_330_A,GLU_333_A"
VAL_330_A,"LYS_329_A,SER_331_A"
SER_331_A,"GLN_259_A,GLY_265_A,VAL_330_A,TYR_332_A"
TYR_332_A,"ALA_328_A,SER_331_A,GLU_333_A,LYS_336_A,TYR_379_A,ASP_382_A"
GLU_333_A,"LYS_329_A,TYR_332_A,PHE_334_A,LYS_336_A,GLU_378_A"
PHE_334_A,"ARG_266_A,TRP_294_A,GLU_333_A,LEU_335_A,ASN_338_A"
LEU_335_A,"PHE_334_A,LYS_336_A,ARG_363_A"
LYS_336_A,"TYR_332_A,GLU_333_A,LEU_335_A,ASN_337_A,GLU_378_A"
ASN_337_A,"LYS_336_A,ASN_338_A"
ASN_338_A,"PHE_334_A,ASN_337_A,ARG_363_A"
PRO_339_A,ALA_340_A
ALA_340_A,"PRO_339_A,ASN_341_A,ARG_363_A"
ASN_341_A,"ALA_340_A,VAL_342_A"
VAL_342_A,"TRP_294_A,SER_296_A,ASN_341_A,PHE_343_A"
PHE_343_A,"VAL_342_A,ALA_344_A"
ALA_344_A,"HIS_269_A,PHE_343_A,ASN_345_A,GLN_346_A"
ASN_345_A,"ALA_344_A,GLN_346_A,SER_347_A"
GLN_346_A,"LYS_270_A,ALA_344_A,ASN_345_A,SER_347_A"
SER_347_A,"ASN_345_A,GLN_346_A,GLY_348_A"
GLY_348_A,"SER_347_A,PHE_349_A"
PHE_349_A,"TYR_182_A,PHE_290_A,VAL_292_A,GLY_348_A,SER_350_A"
SER_350_A,"ARG_274_A,ASN_275_A,PHE_349_A,THR_351_A"
THR_351_A,"LYS_270_A,SER_272_A,SER_350_A,GLY_352_A"
GLY_352_A,"LYS_270_A,THR_351_A,GLU_353_A"
GLU_353_A,"HIS_269_A,GLY_352_A,TYR_354_A"
TYR_354_A,"ASP_198_A,TYR_205_A,ASN_208_A,GLU_353_A,ALA_355_A,TRP_400_A"
ALA_355_A,"TYR_354_A,THR_356_A"
THR_356_A,"ALA_297_A,ALA_355_A,VAL_357_A,ASP_401_A"
VAL_357_A,"THR_356_A,SER_358_A"
SER_358_A,"VAL_357_A,ASP_359_A"
ASP_359_A,"SER_296_A,SER_358_A,ALA_360_A,ARG_363_A,ARG_386_A"
ALA_360_A,"ASP_359_A,ASP_361_A,LEU_364_A"
ASP_361_A,"ALA_360_A,ASP_362_A,TRP_365_A,ASP_401_A,VAL_403_A,ALA_404_A"
ASP_362_A,"ALA_300_A,ASP_301_A,ASP_361_A,ARG_363_A,ALA_366_A"
ARG_363_A,"LEU_335_A,ASN_338_A,ALA_340_A,ASP_359_A,ASP_362_A,LEU_364_A,ALA_367_A,ARG_386_A"
LEU_364_A,"ALA_360_A,ARG_363_A,TRP_365_A,PHE_383_A,PHE_390_A"
TRP_365_A,"ALA_304_A,ASP_361_A,LEU_364_A,ALA_366_A,GLU_369_A,LEU_406_A"
ALA_366_A,"VAL_303_A,ASP_362_A,TRP_365_A,ALA_367_A,MET_370_A"
ALA_367_A,"ARG_363_A,ALA_366_A,ALA_368_A,TRP_371_A"
ALA_368_A,"ALA_367_A,GLU_369_A,GLU_372_A,PHE_383_A"
GLU_369_A,"GLU_221_A,MET_308_A,ARG_311_A,TRP_365_A,ALA_368_A,MET_370_A,THR_373_A,THR_410_A"
MET_370_A,"VAL_303_A,ALA_366_A,GLU_369_A,TRP_371_A,LEU_374_A,TYR_379_A"
TRP_371_A,"ALA_367_A,MET_370_A,GLU_372_A,GLY_375_A,TYR_379_A,ARG_416_A,LYS_419_A"
GLU_372_A,"GLU_221_A,ARG_311_A,ALA_368_A,TRP_371_A,THR_373_A,THR_410_A,SER_414_A,ARG_416_A"
THR_373_A,"ALA_307_A,ARG_311_A,GLU_369_A,GLU_372_A,LEU_374_A"
LEU_374_A,"MET_370_A,THR_373_A,GLY_375_A,TYR_379_A"
GLY_375_A,"TRP_371_A,LEU_374_A,ASP_376_A"
ASP_376_A,"GLY_375_A,GLU_377_A,GLU_378_A,TYR_379_A"
GLU_377_A,"ASP_376_A,GLU_378_A,ARG_381_A"
GLU_378_A,"GLU_333_A,LYS_336_A,ASP_376_A,GLU_377_A,TYR_379_A"
TYR_379_A,"TYR_332_A,MET_370_A,TRP_371_A,LEU_374_A,ASP_376_A,GLU_378_A,LEU_380_A,PHE_383_A"
LEU_380_A,"TYR_379_A,ARG_381_A,GLU_384_A"
ARG_381_A,"GLU_377_A,LEU_380_A,ASP_382_A,GLU_384_A,ASN_385_A"
ASP_382_A,"TYR_332_A,ARG_381_A,PHE_383_A,ARG_386_A"
PHE_383_A,"LEU_364_A,ALA_368_A,TYR_379_A,ASP_382_A,GLU_384_A,ALA_387_A,TYR_411_A"
GLU_384_A,"LEU_380_A,ARG_381_A,PHE_383_A,ASN_385_A,TYR_411_A,ASN_420_A,LEU_423_A"
ASN_385_A,"ARG_381_A,GLU_384_A,ARG_386_A"
ARG_386_A,"ASP_359_A,ARG_363_A,ASP_382_A,ASN_385_A,ALA_387_A"
ALA_387_A,"PHE_383_A,ARG_386_A,ALA_388_A"
ALA_388_A,"ALA_387_A,GLN_389_A"
GLN_389_A,"ALA_388_A,PHE_390_A"
PHE_390_A,"LEU_364_A,GLN_389_A,SER_391_A,LYS_393_A,ALA_404_A"
SER_391_A,"PHE_390_A,LYS_392_A"
LYS_392_A,"SER_391_A,LYS_393_A,ILE_394_A,GLU_395_A,THR_434_A"
LYS_393_A,"PHE_390_A,LYS_392_A,ILE_394_A"
ILE_394_A,"LYS_392_A,LYS_393_A,GLU_395_A,MET_408_A,SER_430_A"
GLU_395_A,"LYS_392_A,ILE_394_A,ALA_396_A,ASP_397_A,ASN_405_A"
ALA_396_A,"GLU_395_A,ASP_397_A,THR_434_A,GLN_466_A"
ASP_397_A,"GLU_395_A,ALA_396_A,PHE_398_A,TYR_456_A"
PHE_398_A,"ASP_397_A,ASP_399_A,ARG_465_A"
ASP_399_A,"PHE_398_A,TRP_400_A,ASN_402_A,ARG_465_A,ASN_559_A"
TRP_400_A,"ILE_211_A,TYR_354_A,ASP_399_A,ASP_401_A"
ASP_401_A,"THR_356_A,ASP_361_A,TRP_400_A,ASN_402_A"
ASN_402_A,"ASP_399_A,ASP_401_A,VAL_403_A"
VAL_403_A,"ASP_361_A,ASN_402_A,ALA_404_A,LEU_406_A"
ALA_404_A,"ASP_361_A,PHE_390_A,VAL_403_A,ASN_405_A,GLY_407_A"
ASN_405_A,"GLU_395_A,ALA_404_A,LEU_406_A,PHE_409_A"
LEU_406_A,"TRP_365_A,VAL_403_A,ASN_405_A,GLY_407_A"
GLY_407_A,"ALA_404_A,LEU_406_A,MET_408_A,TYR_411_A"
MET_408_A,"ILE_394_A,GLY_407_A,PHE_409_A,LEU_412_A"
PHE_409_A,"ASN_405_A,MET_408_A,THR_410_A,MET_468_A"
THR_410_A,"GLU_369_A,GLU_372_A,PHE_409_A,TYR_411_A"
TYR_411_A,"PHE_383_A,GLU_384_A,GLY_407_A,THR_410_A,LEU_412_A,LYS_419_A,ILE_427_A"
LEU_412_A,"MET_408_A,TYR_411_A,LEU_413_A,LEU_431_A,ILE_476_A"
LEU_413_A,"LEU_412_A,SER_414_A"
SER_414_A,"GLU_372_A,LEU_413_A,GLU_415_A,ARG_416_A,LYS_419_A"
GLU_415_A,"SER_414_A,ARG_416_A"
ARG_416_A,"TRP_371_A,GLU_372_A,SER_414_A,GLU_415_A"
PRO_417_A,GLY_418_A
GLY_418_A,"PRO_417_A,LYS_419_A"
LYS_419_A,"TRP_371_A,TYR_411_A,SER_414_A,GLY_418_A,ASN_420_A,VAL_424_A"
ASN_420_A,"GLU_384_A,LYS_419_A"
PRO_421_A,"ALA_422_A,GLN_425_A"
ALA_422_A,"PRO_421_A,LEU_423_A,SER_426_A"
LEU_423_A,"GLU_384_A,ALA_422_A,VAL_424_A,ILE_427_A"
VAL_424_A,"LYS_419_A,LEU_423_A,GLN_425_A,LYS_428_A"
GLN_425_A,"PRO_421_A,VAL_424_A,SER_426_A,ASP_429_A"
SER_426_A,"ALA_422_A,GLN_425_A,ILE_427_A"
ILE_427_A,"TYR_411_A,LEU_423_A,SER_426_A,LYS_428_A,LEU_431_A"
LYS_428_A,"VAL_424_A,ILE_427_A,ASP_429_A,LEU_432_A,ILE_476_A"
ASP_429_A,"GLN_425_A,LYS_428_A,SER_430_A,SER_433_A"
SER_430_A,"ILE_394_A,ASP_429_A,LEU_431_A,THR_434_A"
LEU_431_A,"LEU_412_A,ILE_427_A,SER_430_A,LEU_432_A,ALA_435_A,ILE_476_A"
LEU_432_A,"LYS_428_A,LEU_431_A,SER_433_A,ASP_436_A"
SER_433_A,"ASP_429_A,LEU_432_A,THR_434_A,SER_437_A"
THR_434_A,"LYS_392_A,ALA_396_A,SER_430_A,SER_433_A,ALA_435_A,ILE_438_A"
ALA_435_A,"LEU_431_A,THR_434_A,ASP_436_A,VAL_439_A,ALA_473_A,TYR_482_A"
ASP_436_A,"LEU_432_A,ALA_435_A,SER_437_A,ARG_440_A,TYR_482_A"
SER_437_A,"SER_433_A,ASP_436_A,ILE_438_A,THR_441_A"
ILE_438_A,"THR_434_A,SER_437_A,VAL_439_A,SER_442_A"
VAL_439_A,"ALA_435_A,ILE_438_A,ARG_440_A,GLN_443_A,TYR_482_A"
ARG_440_A,"ASP_436_A,VAL_439_A,THR_441_A,ASN_444_A"
THR_441_A,"SER_437_A,ARG_440_A,SER_442_A"
SER_442_A,"ILE_438_A,THR_441_A,GLN_443_A"
GLN_443_A,"VAL_439_A,SER_442_A,ASN_444_A"
ASN_444_A,"ARG_440_A,GLN_443_A,HIS_445_A"
HIS_445_A,"ASP_98_A,ASP_100_A,ASN_444_A,GLY_446_A,ARG_449_A,HIS_492_A"
GLY_446_A,"THR_70_A,ASP_98_A,HIS_445_A,TYR_447_A"
TYR_447_A,"ARG_55_A,THR_70_A,GLY_446_A,GLY_448_A"
GLY_448_A,"TYR_447_A,ARG_449_A"
ARG_449_A,"ASP_100_A,HIS_445_A,GLY_448_A,THR_450_A,GLY_452_A,THR_454_A,HIS_492_A"
THR_450_A,"ARG_449_A,LEU_451_A,GLN_466_A"
LEU_451_A,"THR_450_A,GLY_452_A"
GLY_452_A,"ARG_449_A,LEU_451_A,THR_453_A"
THR_453_A,"GLY_452_A,THR_454_A"
THR_454_A,"ARG_449_A,THR_453_A,TYR_455_A,TYR_456_A"
TYR_455_A,"ASP_100_A,THR_454_A,TYR_456_A,PRO_541_A"
TYR_456_A,"ASP_397_A,THR_454_A,TYR_455_A,TRP_457_A,CYS_459_A,THR_462_A"
TRP_457_A,"TYR_456_A,GLY_458_A,TYR_551_A"
GLY_458_A,"TRP_457_A,CYS_459_A,GLY_461_A"
CYS_459_A,"TYR_456_A,GLY_458_A,ASN_460_A,VAL_463_A"
ASN_460_A,"CYS_459_A,GLY_461_A,VAL_534_A,GLY_535_A"
GLY_461_A,"GLY_458_A,ASN_460_A,THR_462_A,ARG_465_A"
THR_462_A,"TYR_456_A,GLY_461_A,VAL_463_A,GLN_466_A"
VAL_463_A,"CYS_459_A,THR_462_A,VAL_464_A"
VAL_464_A,"VAL_463_A,ARG_465_A,THR_467_A,LEU_533_A"
ARG_465_A,"PHE_398_A,ASP_399_A,GLY_461_A,VAL_464_A,GLN_466_A,MET_468_A,ALA_563_A"
GLN_466_A,"ALA_396_A,THR_450_A,THR_462_A,ARG_465_A,THR_467_A"
THR_467_A,"VAL_464_A,GLN_466_A,MET_468_A,GLN_471_A,ALA_486_A,ALA_567_A"
MET_468_A,"PHE_409_A,ARG_465_A,THR_467_A,ILE_469_A,VAL_472_A,TYR_566_A"
ILE_469_A,"MET_468_A,LEU_470_A,ALA_473_A"
LEU_470_A,"ILE_469_A,GLN_471_A,ASN_474_A"
GLN_471_A,"THR_467_A,LEU_470_A,VAL_472_A"
VAL_472_A,"MET_468_A,GLN_471_A,ALA_473_A"
ALA_473_A,"ALA_435_A,ILE_469_A,VAL_472_A,ASN_474_A,SER_477_A,TYR_482_A"
ASN_474_A,"LEU_470_A,ALA_473_A,LYS_475_A,ASN_479_A"
LYS_475_A,"HIS_222_A,ASN_474_A,ILE_476_A"
ILE_476_A,"LEU_412_A,LYS_428_A,LEU_431_A,LYS_475_A,SER_477_A"
SER_477_A,"ALA_473_A,ILE_476_A"
PRO_478_A,ASN_479_A
ASN_479_A,"ASN_474_A,PRO_478_A,ASN_480_A,ASP_481_A,TYR_482_A"
ASN_480_A,"ASN_479_A,ASP_481_A,ASN_484_A"
ASP_481_A,"ASN_479_A,ASN_480_A,TYR_482_A,ALA_485_A"
TYR_482_A,"ALA_435_A,ASP_436_A,VAL_439_A,ALA_473_A,ASN_479_A,ASP_481_A,VAL_483_A"
VAL_483_A,"TYR_482_A,ASN_484_A,PHE_571_A"
ASN_484_A,"HIS_65_A,ASN_480_A,VAL_483_A,ALA_485_A,ASP_488_A"
ALA_485_A,"ASP_481_A,ASN_484_A,ALA_486_A"
ALA_486_A,"THR_467_A,ALA_485_A,LEU_487_A"
LEU_487_A,"HIS_65_A,TYR_139_A,ALA_486_A,ASP_488_A,SER_491_A,PHE_571_A"
ASP_488_A,"LYS_68_A,ASN_484_A,LEU_487_A,ALA_489_A,HIS_492_A,ARG_496_A"
ALA_489_A,"ASP_488_A,ILE_490_A"
ILE_490_A,"TYR_139_A,ALA_489_A,SER_491_A,PHE_494_A,PHE_571_A"
SER_491_A,"ASN_57_A,LEU_487_A,ILE_490_A,HIS_492_A"
HIS_492_A,"HIS_445_A,ARG_449_A,ASP_488_A,SER_491_A,VAL_493_A,ARG_496_A,ASN_497_A"
VAL_493_A,"HIS_492_A,PHE_494_A,TYR_503_A"
PHE_494_A,"SER_58_A,ILE_59_A,ILE_490_A,VAL_493_A,GLY_495_A,VAL_504_A"
GLY_495_A,"PHE_494_A,ARG_496_A,ASN_497_A"
ARG_496_A,"LYS_68_A,THR_70_A,ASP_488_A,HIS_492_A,GLY_495_A,ASN_497_A"
ASN_497_A,"HIS_492_A,GLY_495_A,ARG_496_A,TYR_498_A,TYR_499_A,ASN_500_A,ARG_501_A"
TYR_498_A,"ASN_497_A,TYR_499_A,LYS_542_A"
TYR_499_A,"ASN_497_A,TYR_498_A,ASN_500_A,TRP_544_A"
ASN_500_A,"SER_52_A,ILE_54_A,ARG_55_A,ASN_497_A,TYR_499_A,ARG_501_A"
ARG_501_A,"ASN_497_A,ASN_500_A,SER_502_A,ASN_510_A,ASP_546_A"
SER_502_A,"ARG_501_A,TYR_503_A,LEU_507_A,ILE_509_A"
TYR_503_A,"VAL_493_A,SER_502_A,VAL_504_A,LEU_533_A,VAL_534_A"
VAL_504_A,"PHE_494_A,TYR_503_A,THR_505_A"
THR_505_A,"VAL_504_A,GLY_506_A,TRP_529_A,GLY_531_A,TYR_532_A"
GLY_506_A,"TYR_163_A,THR_505_A,LEU_507_A"
LEU_507_A,"SER_502_A,GLY_506_A,GLY_508_A"
GLY_508_A,"LEU_507_A,ILE_509_A"
ILE_509_A,"SER_58_A,VAL_130_A,SER_502_A,GLY_508_A,ASN_510_A"
ASN_510_A,"ARG_501_A,ILE_509_A"
PRO_512_A,MET_513_A
MET_513_A,"PRO_512_A,ASN_514_A,ASP_546_A"
ASN_514_A,"MET_513_A,ASP_546_A,ASN_554_A"
PRO_515_A,"HIS_516_A,ASP_517_A,PRO_528_A"
HIS_516_A,"PRO_515_A,ASP_517_A,ARG_518_A,GLN_548_A,ASP_549_A,ASN_554_A,GLU_555_A"
ASP_517_A,"PRO_515_A,HIS_516_A,ARG_518_A,ARG_519_A,SER_520_A,GLY_521_A"
ARG_518_A,"ASP_201_A,GLY_277_A,GLU_285_A,HIS_516_A,ASP_517_A,ARG_519_A,ALA_522_A,GLU_555_A"
ARG_519_A,"LEU_152_A,HIS_170_A,HIS_197_A,ASP_517_A,ARG_518_A,SER_520_A,TYR_532_A"
SER_520_A,"ASP_517_A,ARG_519_A,GLY_521_A,TRP_529_A"
GLY_521_A,"ASP_517_A,SER_520_A,ALA_522_A"
ALA_522_A,"ARG_518_A,GLY_521_A,ASP_523_A"
ASP_523_A,"ALA_522_A,GLY_524_A,TRP_529_A"
GLY_524_A,"ASP_523_A,ILE_525_A"
ILE_525_A,"ILE_166_A,GLY_524_A,TRP_526_A"
TRP_526_A,"ILE_525_A,GLU_527_A"
GLU_527_A,TRP_526_A
PRO_528_A,"TYR_168_A,PRO_515_A,TRP_529_A"
TRP_529_A,"LEU_152_A,TYR_168_A,THR_505_A,SER_520_A,ASP_523_A,PRO_528_A"
PRO_530_A,"TYR_163_A,GLY_531_A"
GLY_531_A,"THR_505_A,PRO_530_A,TYR_532_A,ASN_561_A"
TYR_532_A,"GLY_149_A,LEU_153_A,THR_505_A,ARG_519_A,GLY_531_A,LEU_533_A,ILE_556_A"
LEU_533_A,"VAL_464_A,TYR_503_A,TYR_532_A,VAL_534_A"
VAL_534_A,"ASN_460_A,TYR_503_A,LEU_533_A,GLY_535_A"
GLY_535_A,"ASN_460_A,VAL_534_A,GLY_536_A"
GLY_536_A,"GLY_535_A,GLY_537_A,THR_553_A"
GLY_537_A,"GLY_536_A,TRP_538_A"
TRP_538_A,"GLY_537_A,GLN_552_A"
PRO_539_A,GLY_540_A
GLY_540_A,"PRO_539_A,ASP_543_A"
PRO_541_A,"TYR_455_A,LYS_542_A"
LYS_542_A,"GLU_103_A,TYR_498_A,PRO_541_A,ASP_543_A"
ASP_543_A,"GLY_540_A,LYS_542_A,TRP_544_A"
TRP_544_A,"TYR_499_A,ASP_543_A,VAL_545_A,ASN_554_A"
VAL_545_A,"TRP_544_A,ASP_546_A,ILE_547_A"
ASP_546_A,"ARG_501_A,MET_513_A,ASN_514_A,VAL_545_A,ILE_547_A,ASN_554_A"
ILE_547_A,"VAL_545_A,ASP_546_A,GLN_548_A"
GLN_548_A,"HIS_516_A,ILE_547_A,ASP_549_A"
ASP_549_A,"HIS_516_A,GLN_548_A,SER_550_A"
SER_550_A,"ASP_549_A,TYR_551_A,THR_553_A,ASN_554_A"
TYR_551_A,"TRP_457_A,SER_550_A,GLN_552_A"
GLN_552_A,"TRP_538_A,TYR_551_A,THR_553_A"
THR_553_A,"GLY_536_A,SER_550_A,GLN_552_A,ASN_554_A"
ASN_554_A,"ASN_514_A,HIS_516_A,TRP_544_A,ASP_546_A,SER_550_A,THR_553_A,GLU_555_A"
GLU_555_A,"GLY_200_A,ASP_201_A,HIS_516_A,ARG_518_A,ASN_554_A,ILE_556_A"
ILE_556_A,"TYR_532_A,GLU_555_A,ALA_557_A"
ALA_557_A,"ILE_556_A,ILE_558_A,TRP_560_A"
ILE_558_A,"LEU_153_A,ASP_198_A,ALA_557_A,ASN_559_A,ALA_562_A"
ASN_559_A,"ILE_211_A,ASP_399_A,ILE_558_A,TRP_560_A"
TRP_560_A,"ALA_557_A,ASN_559_A,ASN_561_A"
ASN_561_A,"GLY_531_A,TRP_560_A,ALA_562_A,ILE_565_A"
ALA_562_A,"THR_212_A,MET_216_A,ILE_558_A,ASN_561_A,ALA_563_A,TYR_566_A"
ALA_563_A,"ARG_465_A,ALA_562_A,LEU_564_A,ALA_567_A"
LEU_564_A,"ALA_563_A,ILE_565_A,LEU_568_A"
ILE_565_A,"ALA_146_A,MET_150_A,PHE_244_A,ASN_561_A,LEU_564_A,TYR_566_A,ALA_569_A"
TYR_566_A,"ALA_219_A,HIS_222_A,MET_468_A,ALA_562_A,ILE_565_A,ALA_567_A"
ALA_567_A,"THR_467_A,ALA_563_A,TYR_566_A,LEU_568_A"
LEU_568_A,"TYR_139_A,LEU_564_A,ALA_567_A,ALA_569_A,PHE_571_A"
ALA_569_A,"ILE_565_A,LEU_568_A,GLY_570_A"
GLY_570_A,"GLN_226_A,ALA_569_A,PHE_571_A"
PHE_571_A,"ILE_62_A,VAL_483_A,LEU_487_A,ILE_490_A,LEU_568_A,GLY_570_A,VAL_572_A"
VAL_572_A,"PHE_143_A,GLN_226_A,VAL_230_A,PHE_571_A,ASN_573_A"
ASN_573_A,"GLU_140_A,GLN_226_A,VAL_572_A,TYR_574_A"
TYR_574_A,"HIS_65_A,ASN_573_A,ASN_575_A"
ASN_575_A,"TYR_574_A,SER_576_A"
SER_576_A,"PRO_63_A,ASN_575_A"
PRO_577_A,MET_136_A
