residue_id,neighbors
MET_15_A,"GLU_16_A,GLU_19_A,LEU_23_A"
GLU_16_A,"MET_15_A,LYS_17_A,GLU_19_A"
LYS_17_A,"GLU_16_A,GLU_18_A,LYS_21_A"
GLU_18_A,"LYS_17_A,GLU_19_A,GLU_288_A"
GLU_19_A,"MET_15_A,GLU_16_A,GLU_18_A,LEU_20_A,LYS_280_A,PHE_284_A"
LEU_20_A,"GLU_19_A,LYS_21_A,GLU_24_A"
LYS_21_A,"LYS_17_A,LEU_20_A,ILE_22_A,GLU_24_A,GLU_25_A"
ILE_22_A,"LYS_21_A,LEU_23_A,LEU_26_A,PHE_284_A,LEU_287_A,GLU_288_A"
LEU_23_A,"MET_15_A,ILE_22_A,GLU_24_A,ARG_27_A"
GLU_24_A,"LEU_20_A,LYS_21_A,LEU_23_A,GLU_25_A,ARG_28_A"
GLU_25_A,"LYS_21_A,GLU_24_A,LEU_26_A,ARG_28_A,ILE_29_A,ILE_291_A"
LEU_26_A,"ILE_22_A,GLU_25_A,ARG_27_A,LEU_30_A"
ARG_27_A,"LEU_23_A,LEU_26_A,ARG_28_A,SER_31_A,ASP_156_A"
ARG_28_A,"GLU_24_A,GLU_25_A,ARG_27_A,ILE_29_A"
ILE_29_A,"GLU_25_A,ARG_28_A,LEU_30_A,LYS_33_A,ILE_291_A,GLU_294_A"
LEU_30_A,"LEU_26_A,ILE_29_A,SER_31_A,ASN_34_A,ASP_156_A"
SER_31_A,"ARG_27_A,LEU_30_A,ASN_32_A"
ASN_32_A,"SER_31_A,LYS_33_A"
LYS_33_A,"ILE_29_A,ASN_32_A,ASN_34_A,GLU_35_A,ILE_37_A,LYS_152_A,ASP_178_A,GLU_294_A"
ASN_34_A,"LEU_30_A,LYS_33_A,GLU_35_A"
GLU_35_A,"LYS_33_A,ASN_34_A,ALA_36_A,LYS_152_A"
ALA_36_A,"GLU_35_A,ILE_37_A,LYS_152_A"
ILE_37_A,"LYS_33_A,ALA_36_A,VAL_38_A,ILE_158_A,TYR_179_A"
VAL_38_A,"ILE_37_A,ILE_39_A,LYS_152_A,ILE_160_A,ASP_178_A"
ILE_39_A,"VAL_38_A,LEU_40_A,ILE_158_A,ILE_160_A,ILE_290_A"
LEU_40_A,"ILE_39_A,ASN_41_A,ASN_42_A,ILE_174_A,TYR_179_A,MET_181_A"
ASN_41_A,"LEU_40_A,ASN_42_A,SER_54_A"
ASN_42_A,"LEU_40_A,ASN_41_A,TYR_43_A,MET_181_A,TYR_197_A"
TYR_43_A,"ASN_42_A,PHE_44_A,LYS_45_A,ILE_182_A,GLU_189_A,TYR_197_A"
PHE_44_A,"TYR_43_A,LYS_45_A,PRO_166_A,TYR_197_A,TYR_200_A"
LYS_45_A,"TYR_43_A,PHE_44_A,GLY_46_A,LYS_50_A,GLU_188_A,GLU_189_A"
GLY_46_A,"LYS_45_A,GLY_47_A"
GLY_47_A,"GLY_46_A,VAL_48_A"
VAL_48_A,"GLY_47_A,GLY_49_A,LYS_50_A"
GLY_49_A,"VAL_48_A,LYS_50_A,LEU_53_A"
LYS_50_A,"LYS_45_A,VAL_48_A,GLY_49_A,SER_51_A,SER_54_A"
SER_51_A,"LYS_50_A,LYS_52_A,THR_55_A,ASP_161_A"
LYS_52_A,"SER_51_A,LEU_53_A,MET_56_A,ASP_82_A,VAL_257_A,SER_261_A"
LEU_53_A,"GLY_49_A,LYS_52_A,SER_54_A,PHE_57_A"
SER_54_A,"ASN_41_A,LYS_50_A,LEU_53_A,THR_55_A,ALA_58_A"
THR_55_A,"SER_51_A,SER_54_A,MET_56_A,TYR_59_A,ASP_82_A"
MET_56_A,"LYS_52_A,THR_55_A,PHE_57_A,LEU_60_A,ILE_265_A,TYR_279_A"
PHE_57_A,"LEU_53_A,MET_56_A,ALA_58_A,THR_61_A,PHE_283_A"
ALA_58_A,"SER_54_A,PHE_57_A,TYR_59_A,THR_61_A,MET_70_A,LEU_83_A"
TYR_59_A,"THR_55_A,ALA_58_A,LEU_60_A,ILE_265_A,GLU_267_A,LEU_276_A"
LEU_60_A,"MET_56_A,TYR_59_A,THR_61_A"
THR_61_A,"PHE_57_A,ALA_58_A,LEU_60_A,ASP_62_A,PHE_283_A"
ASP_62_A,"THR_61_A,LYS_63_A,THR_113_A,ASN_115_A"
LYS_63_A,"ASP_62_A,LEU_64_A,GLU_267_A"
LEU_64_A,"LYS_63_A,ASN_65_A,PHE_283_A"
ASN_65_A,"LEU_64_A,LEU_66_A"
LEU_66_A,"ASN_65_A,LYS_67_A"
LYS_67_A,"LEU_66_A,VAL_68_A,ASP_114_A,ASP_117_A,TYR_155_A,ASP_156_A"
VAL_68_A,"LYS_67_A,LEU_69_A,ASN_115_A,ASP_117_A"
LEU_69_A,"VAL_68_A,MET_70_A,ASP_117_A,TYR_155_A,LEU_157_A,ILE_159_A"
MET_70_A,"ALA_58_A,LEU_69_A,ILE_71_A,LEU_116_A,ASP_117_A,LEU_118_A,ILE_119_A,ILE_159_A"
ILE_71_A,"MET_70_A,ASP_72_A,PHE_96_A,LEU_148_A,ILE_158_A,ILE_159_A,ASP_161_A"
ASP_72_A,"ILE_71_A,LYS_73_A,ASP_74_A,THR_80_A,ILE_119_A,ASP_161_A"
LYS_73_A,"ASP_72_A,ASP_74_A,ASP_161_A,THR_162_A"
ASP_74_A,"ASP_72_A,LYS_73_A,LEU_75_A,GLN_76_A,ASP_161_A"
LEU_75_A,"ASP_74_A,GLN_76_A,MET_126_A"
GLN_76_A,"ASP_74_A,LEU_75_A,ALA_77_A,LYS_81_A"
ALA_77_A,"GLN_76_A,THR_78_A"
THR_78_A,"ALA_77_A,LEU_79_A,ASP_82_A"
LEU_79_A,"THR_78_A,THR_80_A,LEU_83_A"
THR_80_A,"ASP_72_A,LEU_79_A,LYS_81_A,PRO_120_A,GLY_121_A"
LYS_81_A,"GLN_76_A,THR_80_A,ASP_82_A"
ASP_82_A,"LYS_52_A,THR_55_A,THR_78_A,LYS_81_A,LEU_83_A"
LEU_83_A,"ALA_58_A,LEU_79_A,ASP_82_A,ALA_84_A,THR_86_A,PHE_87_A"
ALA_84_A,"LEU_83_A,LYS_85_A"
LYS_85_A,"ALA_84_A,THR_86_A,SER_261_A"
THR_86_A,"LEU_83_A,LYS_85_A,PHE_87_A,ILE_265_A"
PHE_87_A,"LEU_83_A,THR_86_A,LYS_88_A,LEU_112_A,THR_113_A"
LYS_88_A,"PHE_87_A,VAL_89_A,GLU_90_A"
VAL_89_A,"LYS_88_A,GLU_90_A"
GLU_90_A,"LYS_88_A,VAL_89_A,LEU_91_A"
LEU_91_A,GLU_90_A
PRO_92_A,"ARG_93_A,VAL_110_A"
ARG_93_A,"PRO_92_A,VAL_94_A,SER_107_A"
VAL_94_A,"ARG_93_A,ASN_95_A,GLU_98_A,SER_108_A"
ASN_95_A,"VAL_94_A,PHE_96_A,TYR_97_A,GLU_98_A,GLY_99_A"
PHE_96_A,"ILE_71_A,ASN_95_A,TYR_97_A,LEU_100_A,LEU_105_A,ILE_119_A"
TYR_97_A,"ASN_95_A,PHE_96_A,GLU_98_A,LYS_101_A,LEU_127_A"
GLU_98_A,"VAL_94_A,ASN_95_A,TYR_97_A,GLY_99_A,LYS_101_A,ASN_102_A,ASP_124_A"
GLY_99_A,"ASN_95_A,GLU_98_A,LEU_100_A"
LEU_100_A,"PHE_96_A,GLY_99_A,LYS_101_A,LEU_125_A"
LYS_101_A,"TYR_97_A,GLU_98_A,LEU_100_A,ASN_102_A"
ASN_102_A,"GLU_98_A,LYS_101_A,GLY_103_A"
GLY_103_A,"ASN_102_A,ASN_104_A"
ASN_104_A,"GLY_103_A,LEU_105_A,ALA_106_A"
LEU_105_A,"PHE_96_A,ASN_104_A,ALA_106_A,SER_108_A,LEU_147_A"
ALA_106_A,"ASN_104_A,LEU_105_A,SER_107_A"
SER_107_A,"ARG_93_A,ALA_106_A,SER_108_A"
SER_108_A,"VAL_94_A,LEU_105_A,SER_107_A,ILE_109_A"
ILE_109_A,"SER_108_A,VAL_110_A,ASP_117_A"
VAL_110_A,"PRO_92_A,ILE_109_A,HIS_111_A,LEU_118_A"
HIS_111_A,"VAL_110_A,LEU_112_A,ASP_117_A"
LEU_112_A,"PHE_87_A,HIS_111_A,THR_113_A,LEU_116_A"
THR_113_A,"ASP_62_A,PHE_87_A,LEU_112_A,ASP_114_A,ASN_115_A,LEU_116_A"
ASP_114_A,"LYS_67_A,THR_113_A,ASN_115_A"
ASN_115_A,"ASP_62_A,VAL_68_A,THR_113_A,ASP_114_A,LEU_116_A"
LEU_116_A,"MET_70_A,LEU_112_A,THR_113_A,ASN_115_A,ASP_117_A"
ASP_117_A,"LYS_67_A,VAL_68_A,LEU_69_A,MET_70_A,ILE_109_A,HIS_111_A,LEU_116_A,LEU_118_A,TYR_155_A"
LEU_118_A,"MET_70_A,VAL_110_A,ASP_117_A,ILE_119_A"
ILE_119_A,"MET_70_A,ASP_72_A,PHE_96_A,LEU_118_A"
PRO_120_A,"THR_80_A,GLY_121_A"
GLY_121_A,"THR_80_A,PRO_120_A,THR_122_A"
THR_122_A,"GLY_121_A,PHE_123_A"
PHE_123_A,"THR_122_A,ASP_124_A,LEU_125_A,MET_126_A"
ASP_124_A,"GLU_98_A,PHE_123_A,LEU_125_A,LEU_127_A"
LEU_125_A,"LEU_100_A,PHE_123_A,ASP_124_A,MET_126_A,LEU_127_A,TYR_169_A"
MET_126_A,"LEU_75_A,PHE_123_A,LEU_125_A,LEU_127_A"
LEU_127_A,"TYR_97_A,ASP_124_A,LEU_125_A,MET_126_A,LEU_128_A"
LEU_128_A,"LEU_127_A,LEU_131_A"
PRO_129_A,"LYS_130_A,VAL_168_A"
LYS_130_A,"PRO_129_A,LEU_131_A,ARG_133_A"
LEU_131_A,"LEU_128_A,LYS_130_A,THR_132_A"
THR_132_A,"LEU_131_A,ARG_133_A,TRP_135_A,GLU_140_A"
ARG_133_A,"LYS_130_A,THR_132_A,SER_134_A"
SER_134_A,"ARG_133_A,TRP_135_A"
TRP_135_A,"THR_132_A,SER_134_A,THR_136_A"
THR_136_A,"TRP_135_A,PHE_137_A,GLU_140_A"
PHE_137_A,"THR_136_A,GLU_138_A,SER_141_A,PHE_208_A"
GLU_138_A,"PHE_137_A,ASN_139_A,ARG_142_A,PHE_208_A"
ASN_139_A,"GLU_138_A,GLU_140_A"
GLU_140_A,"THR_132_A,THR_136_A,ASN_139_A,SER_141_A,VAL_168_A,ASN_172_A"
SER_141_A,"PHE_137_A,GLU_140_A,ARG_142_A"
ARG_142_A,"GLU_138_A,SER_141_A,LEU_143_A,THR_146_A,PHE_208_A"
LEU_143_A,"ARG_142_A,LEU_144_A"
LEU_144_A,"LEU_143_A,ALA_145_A,LEU_148_A,ASN_172_A"
ALA_145_A,"LEU_144_A,THR_146_A"
THR_146_A,"ARG_142_A,ALA_145_A,LEU_147_A"
LEU_147_A,"LEU_105_A,THR_146_A,LEU_148_A"
LEU_148_A,"ILE_71_A,LEU_144_A,LEU_147_A,ALA_149_A,LEU_151_A"
ALA_149_A,LEU_148_A
PRO_150_A,LEU_151_A
LEU_151_A,"LEU_148_A,PRO_150_A,LYS_152_A,ASP_154_A"
LYS_152_A,"LYS_33_A,GLU_35_A,ALA_36_A,VAL_38_A,LEU_151_A,SER_153_A,ASP_178_A"
SER_153_A,"LYS_152_A,ASP_154_A"
ASP_154_A,"LEU_151_A,SER_153_A,TYR_155_A"
TYR_155_A,"LYS_67_A,LEU_69_A,ASP_117_A,ASP_154_A,ASP_156_A"
ASP_156_A,"ARG_27_A,LEU_30_A,LYS_67_A,TYR_155_A,LEU_157_A"
LEU_157_A,"LEU_69_A,ASP_156_A,ILE_158_A"
ILE_158_A,"ILE_37_A,ILE_39_A,ILE_71_A,LEU_157_A,ILE_159_A"
ILE_159_A,"LEU_69_A,MET_70_A,ILE_71_A,ILE_158_A,ILE_160_A"
ILE_160_A,"VAL_38_A,ILE_39_A,ILE_159_A,ASP_161_A"
ASP_161_A,"SER_51_A,ILE_71_A,ASP_72_A,LYS_73_A,ASP_74_A,ILE_160_A,THR_162_A"
THR_162_A,"LYS_73_A,ASP_161_A,VAL_163_A"
VAL_163_A,"THR_162_A,THR_170_A"
PRO_164_A,THR_165_A
THR_165_A,"PRO_164_A,SER_167_A"
PRO_166_A,"PHE_44_A,SER_167_A,TYR_200_A"
SER_167_A,"THR_165_A,PRO_166_A,VAL_168_A,THR_170_A"
VAL_168_A,"PRO_129_A,GLU_140_A,SER_167_A,TYR_169_A,ASN_172_A"
TYR_169_A,"LEU_125_A,VAL_168_A,THR_170_A,ALA_173_A"
THR_170_A,"VAL_163_A,SER_167_A,TYR_169_A,ASN_171_A,ILE_174_A"
ASN_171_A,"THR_170_A,ASN_172_A,VAL_175_A,TYR_200_A"
ASN_172_A,"GLU_140_A,LEU_144_A,VAL_168_A,ASN_171_A,ALA_173_A"
ALA_173_A,"TYR_169_A,ASN_172_A,ILE_174_A,SER_177_A"
ILE_174_A,"LEU_40_A,THR_170_A,ALA_173_A,VAL_175_A,LEU_201_A,LEU_204_A,ASN_209_A"
VAL_175_A,"ASN_171_A,ILE_174_A,ALA_176_A"
ALA_176_A,"VAL_175_A,SER_177_A"
SER_177_A,"ALA_173_A,ALA_176_A,ASP_178_A,ASN_209_A"
ASP_178_A,"LYS_33_A,VAL_38_A,LYS_152_A,SER_177_A,TYR_179_A,ASP_213_A"
TYR_179_A,"ILE_37_A,LEU_40_A,ASP_178_A,VAL_180_A,ASP_213_A,ILE_215_A,LEU_293_A,GLU_294_A,LYS_297_A"
VAL_180_A,"TYR_179_A,MET_181_A,LEU_212_A,ASP_213_A,ILE_215_A"
MET_181_A,"LEU_40_A,ASN_42_A,VAL_180_A,ILE_182_A,VAL_218_A,MET_286_A"
ILE_182_A,"TYR_43_A,MET_181_A,TYR_197_A,MET_214_A,GLY_216_A,PHE_217_A,VAL_218_A"
PRO_183_A,LEU_184_A
LEU_184_A,"PRO_183_A,GLN_185_A,PHE_217_A,TYR_220_A"
GLN_185_A,"LEU_184_A,ALA_186_A,GLU_188_A"
ALA_186_A,"GLN_185_A,GLU_187_A"
GLU_187_A,"ALA_186_A,GLU_188_A,ASN_232_A"
GLU_188_A,"LYS_45_A,GLN_185_A,GLU_187_A,GLU_189_A"
GLU_189_A,"TYR_43_A,LYS_45_A,GLU_188_A,SER_190_A"
SER_190_A,"GLU_189_A,THR_191_A"
THR_191_A,"SER_190_A,ASN_192_A,GLN_195_A,GLN_239_A"
ASN_192_A,"THR_191_A,ASN_193_A,ASN_196_A"
ASN_193_A,"ASN_192_A,ILE_194_A,TYR_197_A"
ILE_194_A,"ASN_193_A,GLN_195_A,ILE_198_A,PHE_217_A"
GLN_195_A,"THR_191_A,ILE_194_A,ASN_196_A,SER_199_A"
ASN_196_A,"ASN_192_A,GLN_195_A,TYR_197_A,SER_199_A"
TYR_197_A,"ASN_42_A,TYR_43_A,PHE_44_A,ILE_182_A,ASN_193_A,ASN_196_A,ILE_198_A,TYR_200_A,LEU_201_A"
ILE_198_A,"ILE_194_A,TYR_197_A,SER_199_A,ILE_202_A,MET_214_A"
SER_199_A,"GLN_195_A,ASN_196_A,ILE_198_A,TYR_200_A,ASP_203_A"
TYR_200_A,"PHE_44_A,PRO_166_A,ASN_171_A,TYR_197_A,SER_199_A,LEU_201_A,LEU_204_A"
LEU_201_A,"ILE_174_A,TYR_197_A,TYR_200_A,ILE_202_A,GLN_205_A"
ILE_202_A,"ILE_198_A,LEU_201_A,ASP_203_A,GLU_206_A"
ASP_203_A,"SER_199_A,ILE_202_A,LEU_204_A"
LEU_204_A,"ILE_174_A,TYR_200_A,ASP_203_A,GLN_205_A,PHE_208_A"
GLN_205_A,"LEU_201_A,LEU_204_A,GLU_206_A,ASN_209_A,LEU_212_A"
GLU_206_A,"ILE_202_A,GLN_205_A,GLN_207_A"
GLN_207_A,"GLU_206_A,PHE_208_A"
PHE_208_A,"PHE_137_A,GLU_138_A,ARG_142_A,LEU_204_A,GLN_207_A,ASN_209_A"
ASN_209_A,"ILE_174_A,SER_177_A,GLN_205_A,PHE_208_A"
PRO_210_A,GLY_211_A
GLY_211_A,"PRO_210_A,LEU_212_A"
LEU_212_A,"VAL_180_A,GLN_205_A,GLY_211_A,ASP_213_A"
ASP_213_A,"ASP_178_A,TYR_179_A,VAL_180_A,LEU_212_A,MET_214_A,LYS_297_A"
MET_214_A,"ILE_182_A,ILE_198_A,ASP_213_A,ILE_215_A"
ILE_215_A,"TYR_179_A,VAL_180_A,MET_214_A,GLY_216_A,PHE_247_A,MET_286_A,ARG_289_A,ILE_290_A"
GLY_216_A,"ILE_182_A,ILE_215_A,PHE_217_A"
PHE_217_A,"ILE_182_A,LEU_184_A,ILE_194_A,GLY_216_A,VAL_218_A,LEU_245_A,PHE_247_A"
VAL_218_A,"MET_181_A,ILE_182_A,PHE_217_A"
PRO_219_A,"TYR_220_A,LEU_233_A,VAL_246_A,ILE_250_A,ILE_251_A"
TYR_220_A,"LEU_184_A,PRO_219_A,LEU_221_A,VAL_222_A,ILE_251_A"
LEU_221_A,"TYR_220_A,VAL_222_A,LEU_233_A,ILE_250_A,ILE_251_A,ARG_253_A"
VAL_222_A,"TYR_220_A,LEU_221_A,ASP_223_A,ILE_229_A"
ASP_223_A,"VAL_222_A,THR_224_A,ASP_225_A,ILE_229_A"
THR_224_A,"ASP_223_A,ASP_225_A"
ASP_225_A,"ASP_223_A,THR_224_A,SER_226_A"
SER_226_A,"ASP_225_A,ALA_227_A"
ALA_227_A,"SER_226_A,THR_228_A"
THR_228_A,"ALA_227_A,ILE_229_A,ASN_232_A"
ILE_229_A,"VAL_222_A,ASP_223_A,THR_228_A,LYS_230_A"
LYS_230_A,"ILE_229_A,SER_231_A,GLU_234_A"
SER_231_A,"LYS_230_A,ASN_232_A"
ASN_232_A,"GLU_187_A,THR_228_A,SER_231_A,LEU_233_A"
LEU_233_A,"PRO_219_A,LEU_221_A,ASN_232_A,GLU_234_A,TYR_237_A"
GLU_234_A,"LYS_230_A,LEU_233_A,GLU_235_A,LYS_238_A"
GLU_235_A,"GLU_234_A,LEU_236_A,LYS_238_A,GLN_239_A"
LEU_236_A,"GLU_235_A,TYR_237_A,VAL_246_A"
TYR_237_A,"LEU_233_A,LEU_236_A,LYS_238_A,VAL_246_A,PHE_247_A"
LYS_238_A,"GLU_234_A,GLU_235_A,TYR_237_A,GLN_239_A"
GLN_239_A,"THR_191_A,GLU_235_A,LYS_238_A,HIS_240_A"
HIS_240_A,"GLN_239_A,LYS_241_A,ASP_243_A,ASN_244_A"
LYS_241_A,"HIS_240_A,GLU_242_A"
GLU_242_A,"LYS_241_A,ASP_243_A"
ASP_243_A,"HIS_240_A,GLU_242_A,ASN_244_A,LEU_245_A"
ASN_244_A,"HIS_240_A,ASP_243_A,LEU_245_A,ARG_289_A"
LEU_245_A,"PHE_217_A,ASP_243_A,ASN_244_A,VAL_246_A"
VAL_246_A,"PRO_219_A,LEU_236_A,TYR_237_A,LEU_245_A,PHE_247_A"
PHE_247_A,"ILE_215_A,PHE_217_A,TYR_237_A,VAL_246_A,GLN_248_A,GLU_285_A"
GLN_248_A,"PHE_247_A,ASN_249_A,GLU_285_A"
ASN_249_A,"GLN_248_A,ILE_250_A,GLU_285_A"
ILE_250_A,"PRO_219_A,LEU_221_A,ASN_249_A,ILE_251_A"
ILE_251_A,"PRO_219_A,TYR_220_A,LEU_221_A,ILE_250_A,LYS_252_A,TYR_279_A,VAL_282_A"
LYS_252_A,"ILE_251_A,ARG_253_A"
ARG_253_A,"LEU_221_A,LYS_252_A,SER_254_A"
SER_254_A,"ARG_253_A,ASN_255_A"
ASN_255_A,"SER_254_A,LYS_256_A"
LYS_256_A,"ASN_255_A,VAL_257_A,TRP_260_A,LYS_269_A,GLY_270_A,ASP_272_A,VAL_275_A"
VAL_257_A,"LYS_52_A,LYS_256_A,SER_258_A,SER_261_A"
SER_258_A,"VAL_257_A,THR_259_A"
THR_259_A,"SER_258_A,TRP_260_A,ASN_263_A"
TRP_260_A,"LYS_256_A,THR_259_A,SER_261_A,GLY_264_A,ASP_272_A,VAL_275_A,LEU_276_A"
SER_261_A,"LYS_52_A,LYS_85_A,VAL_257_A,TRP_260_A,LYS_262_A"
LYS_262_A,"SER_261_A,ASN_263_A"
ASN_263_A,"THR_259_A,LYS_262_A,GLY_264_A"
GLY_264_A,"TRP_260_A,ASN_263_A,ILE_265_A"
ILE_265_A,"MET_56_A,TYR_59_A,THR_86_A,GLY_264_A,THR_266_A"
THR_266_A,"ILE_265_A,GLU_267_A,ASP_272_A"
GLU_267_A,"TYR_59_A,LYS_63_A,THR_266_A,HIS_268_A,LYS_273_A,LEU_276_A"
HIS_268_A,"GLU_267_A,LYS_269_A,ASP_272_A"
LYS_269_A,"LYS_256_A,HIS_268_A,GLY_270_A,ASP_272_A"
GLY_270_A,"LYS_256_A,LYS_269_A,TYR_271_A"
TYR_271_A,"GLY_270_A,ASP_272_A,LYS_274_A,VAL_275_A"
ASP_272_A,"LYS_256_A,TRP_260_A,THR_266_A,HIS_268_A,LYS_269_A,TYR_271_A,LYS_273_A,LEU_276_A"
LYS_273_A,"GLU_267_A,ASP_272_A,LYS_274_A,SER_277_A"
LYS_274_A,"TYR_271_A,LYS_273_A,VAL_275_A,SER_277_A"
VAL_275_A,"LYS_256_A,TRP_260_A,TYR_271_A,LYS_274_A,LEU_276_A"
LEU_276_A,"TYR_59_A,TRP_260_A,GLU_267_A,ASP_272_A,VAL_275_A,SER_277_A,LYS_280_A"
SER_277_A,"LYS_273_A,LYS_274_A,LEU_276_A,MET_278_A,ASN_281_A"
MET_278_A,"SER_277_A,TYR_279_A"
TYR_279_A,"MET_56_A,ILE_251_A,MET_278_A,LYS_280_A,PHE_283_A"
LYS_280_A,"GLU_19_A,LEU_276_A,TYR_279_A,ASN_281_A,PHE_284_A"
ASN_281_A,"SER_277_A,LYS_280_A,VAL_282_A"
VAL_282_A,"ILE_251_A,ASN_281_A,PHE_283_A,MET_286_A"
PHE_283_A,"PHE_57_A,THR_61_A,LEU_64_A,TYR_279_A,VAL_282_A,PHE_284_A,MET_286_A,LEU_287_A"
PHE_284_A,"GLU_19_A,ILE_22_A,LYS_280_A,PHE_283_A,GLU_285_A,GLU_288_A"
GLU_285_A,"PHE_247_A,GLN_248_A,ASN_249_A,PHE_284_A,MET_286_A,GLU_288_A,ARG_289_A"
MET_286_A,"MET_181_A,ILE_215_A,VAL_282_A,PHE_283_A,GLU_285_A,LEU_287_A,ILE_290_A"
LEU_287_A,"ILE_22_A,PHE_283_A,MET_286_A,GLU_288_A,ILE_291_A"
GLU_288_A,"GLU_18_A,ILE_22_A,PHE_284_A,GLU_285_A,LEU_287_A,ARG_289_A,GLN_292_A"
ARG_289_A,"ILE_215_A,ASN_244_A,GLU_285_A,GLU_288_A,ILE_290_A"
ILE_290_A,"ILE_39_A,ILE_215_A,MET_286_A,ARG_289_A,ILE_291_A,GLU_294_A"
ILE_291_A,"GLU_25_A,ILE_29_A,LEU_287_A,ILE_290_A,GLN_292_A,ASN_295_A"
GLN_292_A,"GLU_288_A,ILE_291_A,LEU_293_A"
LEU_293_A,"TYR_179_A,GLN_292_A,GLU_294_A"
GLU_294_A,"ILE_29_A,LYS_33_A,TYR_179_A,ILE_290_A,LEU_293_A,ASN_295_A,LYS_297_A"
ASN_295_A,"ILE_291_A,GLU_294_A,GLU_296_A"
GLU_296_A,"ASN_295_A,LYS_297_A"
LYS_297_A,"TYR_179_A,ASP_213_A,GLU_294_A,GLU_296_A,GLU_298_A"
GLU_298_A,LYS_297_A
