residue_id,neighbors
GLN_8_A,LEU_9_A
LEU_9_A,"GLN_8_A,GLY_10_A,ALA_13_A"
GLY_10_A,"LEU_9_A,GLU_11_A,ALA_14_A"
GLU_11_A,"GLY_10_A,LEU_12_A"
LEU_12_A,"GLU_11_A,ALA_13_A,PHE_16_A"
ALA_13_A,"LEU_9_A,LEU_12_A,ALA_14_A,ALA_17_A"
ALA_14_A,"GLY_10_A,ALA_13_A,ALA_15_A,SER_18_A"
ALA_15_A,"ALA_14_A,PHE_16_A"
PHE_16_A,"LEU_12_A,ALA_15_A,ALA_17_A"
ALA_17_A,"ALA_13_A,PHE_16_A,SER_18_A"
SER_18_A,"ALA_14_A,ALA_17_A,VAL_19_A"
VAL_19_A,SER_18_A
PRO_20_A,VAL_21_A
VAL_21_A,"PRO_20_A,PHE_22_A,PHE_25_A,ASP_26_A"
PHE_22_A,"VAL_21_A,PRO_23_A"
PRO_23_A,"PHE_22_A,LEU_24_A,ALA_27_A"
LEU_24_A,"PRO_23_A,PHE_25_A"
PHE_25_A,"VAL_21_A,LEU_24_A,ASP_26_A,MET_121_A,VAL_125_A"
ASP_26_A,"VAL_21_A,PHE_25_A,ALA_27_A,PHE_30_A"
ALA_27_A,"PRO_23_A,ASP_26_A,ALA_28_A,ILE_31_A"
ALA_28_A,"ALA_27_A,TYR_29_A,PHE_118_A,MET_121_A"
TYR_29_A,"ALA_28_A,PHE_30_A,SER_33_A,LYS_122_A,VAL_125_A,LYS_129_A"
PHE_30_A,"ASP_26_A,TYR_29_A,ILE_31_A,VAL_34_A,CYS_62_A,PHE_63_A,ALA_90_A"
ILE_31_A,"ALA_27_A,PHE_30_A,VAL_32_A,LEU_35_A"
VAL_32_A,"ILE_31_A,SER_33_A,PHE_118_A,LYS_122_A"
SER_33_A,"TYR_29_A,VAL_32_A,VAL_34_A,LYS_122_A"
VAL_34_A,"PHE_30_A,SER_33_A,LEU_35_A,LYS_38_A,ILE_97_A,PHE_98_A"
LEU_35_A,"ILE_31_A,VAL_34_A,TYR_36_A,TYR_106_A"
TYR_36_A,"LEU_35_A,LEU_37_A"
LEU_37_A,"TYR_36_A,LYS_38_A"
LYS_38_A,"VAL_34_A,LEU_37_A,TYR_39_A,ILE_97_A,PHE_98_A"
TYR_39_A,"LYS_38_A,GLU_40_A"
GLU_40_A,"TYR_39_A,HIS_61_A,GLU_166_A,ARG_170_A"
PRO_41_A,GLY_42_A
GLY_42_A,"PRO_41_A,ALA_43_A,MET_46_A"
ALA_43_A,"GLY_42_A,VAL_44_A,SER_47_A"
VAL_44_A,"ALA_43_A,GLU_45_A,SER_47_A"
GLU_45_A,"VAL_44_A,MET_46_A,LYS_49_A"
MET_46_A,"GLY_42_A,GLU_45_A,SER_47_A,SER_50_A,ARG_170_A"
SER_47_A,"ALA_43_A,VAL_44_A,MET_46_A,ARG_48_A"
ARG_48_A,"SER_47_A,LYS_49_A,PHE_98_A"
LYS_49_A,"GLU_45_A,ARG_48_A,SER_50_A"
SER_50_A,"MET_46_A,LYS_49_A,SER_54_A"
PRO_51_A,"PHE_52_A,TRP_55_A"
PHE_52_A,"PRO_51_A,ALA_53_A,LEU_56_A"
ALA_53_A,"PHE_52_A,SER_54_A,CYS_57_A"
SER_54_A,"SER_50_A,ALA_53_A,TRP_55_A,TRP_94_A"
TRP_55_A,"PRO_51_A,SER_54_A,LEU_56_A,MET_59_A,THR_91_A"
LEU_56_A,"PHE_52_A,TRP_55_A,CYS_57_A,LEU_169_A"
CYS_57_A,"ALA_53_A,LEU_56_A,ALA_58_A"
ALA_58_A,"CYS_57_A,MET_59_A,CYS_62_A"
MET_59_A,"TRP_55_A,ALA_58_A,LEU_60_A,PHE_63_A"
LEU_60_A,"MET_59_A,HIS_61_A,GLY_64_A"
HIS_61_A,"GLU_40_A,LEU_60_A,CYS_62_A,GLU_166_A"
CYS_62_A,"PHE_30_A,ALA_58_A,HIS_61_A,PHE_63_A"
PHE_63_A,"PHE_30_A,MET_59_A,CYS_62_A,GLY_64_A,TYR_80_A,ALA_90_A"
GLY_64_A,"LEU_60_A,PHE_63_A,SER_65_A,LEU_68_A"
SER_65_A,"GLY_64_A,TYR_66_A,LYS_155_A"
TYR_66_A,"SER_65_A,ILE_67_A,ASP_70_A,TYR_80_A"
ILE_67_A,"TYR_66_A,LEU_68_A"
LEU_68_A,"GLY_64_A,ILE_67_A,ALA_69_A,LEU_72_A,VAL_154_A,LEU_161_A,MET_162_A"
ALA_69_A,"LEU_68_A,ASP_70_A,LYS_155_A"
ASP_70_A,"TYR_66_A,ALA_69_A,LEU_71_A,GLU_75_A,HIS_79_A,HIS_136_A"
LEU_71_A,"ASP_70_A,LEU_72_A,PRO_77_A"
LEU_72_A,"LEU_68_A,LEU_71_A,LEU_73_A,VAL_154_A"
LEU_73_A,"LEU_72_A,GLY_74_A"
GLY_74_A,"LEU_73_A,GLU_75_A"
GLU_75_A,"ASP_70_A,GLY_74_A,SER_76_A,HIS_136_A,GLN_140_A"
SER_76_A,GLU_75_A
PRO_77_A,"LEU_71_A,ILE_78_A"
ILE_78_A,"PRO_77_A,HIS_79_A"
HIS_79_A,"ASP_70_A,ILE_78_A,TYR_80_A,SER_82_A"
TYR_80_A,"PHE_63_A,TYR_66_A,HIS_79_A,PHE_81_A"
PHE_81_A,"TYR_80_A,SER_82_A,VAL_87_A"
SER_82_A,"HIS_79_A,PHE_81_A,ASN_83_A"
ASN_83_A,"SER_82_A,ASN_84_A"
ASN_84_A,"ASN_83_A,SER_85_A,ILE_88_A"
SER_85_A,"ASN_84_A,SER_86_A,LEU_89_A"
SER_86_A,"SER_85_A,VAL_87_A,ALA_90_A"
VAL_87_A,"PHE_81_A,SER_86_A,ILE_88_A,THR_91_A"
ILE_88_A,"ASN_84_A,VAL_87_A,LEU_89_A,ALA_92_A"
LEU_89_A,"SER_85_A,ILE_88_A,ALA_90_A"
ALA_90_A,"PHE_30_A,PHE_63_A,SER_86_A,LEU_89_A,THR_91_A,TRP_94_A"
THR_91_A,"TRP_55_A,VAL_87_A,ALA_90_A,ALA_92_A,TYR_95_A"
ALA_92_A,"ILE_88_A,THR_91_A,VAL_93_A,LEU_96_A"
VAL_93_A,"ALA_92_A,TRP_94_A"
TRP_94_A,"SER_54_A,ALA_90_A,VAL_93_A,TYR_95_A,PHE_98_A,PHE_99_A"
TYR_95_A,"THR_91_A,TRP_94_A,LEU_96_A,PHE_99_A"
LEU_96_A,"ALA_92_A,TYR_95_A,ILE_97_A,PHE_105_A"
ILE_97_A,"VAL_34_A,LYS_38_A,LEU_96_A,PHE_98_A,PHE_105_A"
PHE_98_A,"VAL_34_A,LYS_38_A,ARG_48_A,TRP_94_A,ILE_97_A,PHE_99_A"
PHE_99_A,"TRP_94_A,TYR_95_A,PHE_98_A,CYS_100_A"
CYS_100_A,"PHE_99_A,ASN_103_A"
PRO_101_A,MET_102_A
MET_102_A,"PRO_101_A,ASN_103_A"
ASN_103_A,"CYS_100_A,MET_102_A,LEU_104_A"
LEU_104_A,"ASN_103_A,PHE_105_A"
PHE_105_A,"LEU_96_A,ILE_97_A,LEU_104_A,TYR_106_A,VAL_109_A"
TYR_106_A,"LEU_35_A,PHE_105_A,LYS_107_A,SER_110_A"
LYS_107_A,"TYR_106_A,CYS_108_A"
CYS_108_A,"LYS_107_A,VAL_109_A"
VAL_109_A,"PHE_105_A,CYS_108_A,SER_110_A"
SER_110_A,"TYR_106_A,VAL_109_A,PHE_111_A"
PHE_111_A,"SER_110_A,LEU_112_A,PRO_113_A,VAL_114_A,LYS_115_A"
LEU_112_A,"PHE_111_A,LEU_116_A"
PRO_113_A,"PHE_111_A,VAL_114_A"
VAL_114_A,"PHE_111_A,PRO_113_A,LYS_115_A,PHE_118_A"
LYS_115_A,"PHE_111_A,VAL_114_A,LEU_116_A,VAL_119_A"
LEU_116_A,"LEU_112_A,LYS_115_A,ILE_117_A"
ILE_117_A,"LEU_116_A,PHE_118_A,MET_121_A"
PHE_118_A,"ALA_28_A,VAL_32_A,VAL_114_A,ILE_117_A,VAL_119_A,LYS_122_A"
VAL_119_A,"LYS_115_A,PHE_118_A,ALA_120_A,LYS_224_A"
ALA_120_A,"VAL_119_A,MET_121_A"
MET_121_A,"PHE_25_A,ALA_28_A,ILE_117_A,ALA_120_A,LYS_122_A"
LYS_122_A,"TYR_29_A,VAL_32_A,SER_33_A,PHE_118_A,MET_121_A,GLU_123_A,ARG_126_A"
GLU_123_A,"LYS_122_A,VAL_124_A,ARG_126_A,LYS_224_A"
VAL_124_A,"GLU_123_A,VAL_125_A,THR_217_A"
VAL_125_A,"PHE_25_A,TYR_29_A,VAL_124_A,ARG_126_A,LYS_129_A"
ARG_126_A,"LYS_122_A,GLU_123_A,VAL_125_A,VAL_127_A,ILE_130_A,GLY_156_A,LYS_224_A"
VAL_127_A,"ARG_126_A,ARG_128_A,PHE_197_A,PHE_216_A"
ARG_128_A,"VAL_127_A,LYS_129_A,ALA_132_A"
LYS_129_A,"TYR_29_A,VAL_125_A,ARG_128_A,ILE_130_A,GLY_133_A"
ILE_130_A,"ARG_126_A,LYS_129_A,ALA_131_A"
ALA_131_A,"ILE_130_A,ALA_132_A,HIS_135_A,PHE_197_A"
ALA_132_A,"ARG_128_A,ALA_131_A,GLY_133_A,HIS_136_A"
GLY_133_A,"LYS_129_A,ALA_132_A,VAL_134_A"
VAL_134_A,"GLY_133_A,HIS_135_A,HIS_138_A"
HIS_135_A,"ALA_131_A,VAL_134_A,HIS_136_A,GLU_209_A"
HIS_136_A,"ASP_70_A,GLU_75_A,ALA_132_A,HIS_135_A,ALA_137_A"
ALA_137_A,"HIS_136_A,HIS_138_A,TYR_141_A"
HIS_138_A,"VAL_134_A,ALA_137_A,HIS_139_A,HIS_142_A"
HIS_139_A,"HIS_138_A,GLN_140_A"
GLN_140_A,"GLU_75_A,HIS_139_A,TYR_141_A"
TYR_141_A,"ALA_137_A,GLN_140_A,HIS_142_A,ILE_147_A"
HIS_142_A,"HIS_138_A,TYR_141_A,HIS_143_A"
HIS_143_A,"HIS_142_A,GLY_144_A"
GLY_144_A,"HIS_143_A,TRP_145_A,MET_148_A"
TRP_145_A,"GLY_144_A,PHE_146_A,MET_148_A,MET_149_A,THR_202_A"
PHE_146_A,"TRP_145_A,ILE_147_A,MET_149_A"
ILE_147_A,"TYR_141_A,PHE_146_A,MET_148_A,THR_151_A"
MET_148_A,"GLY_144_A,TRP_145_A,ILE_147_A,MET_149_A"
MET_149_A,"TRP_145_A,PHE_146_A,MET_148_A,ALA_150_A"
ALA_150_A,"MET_149_A,THR_151_A"
THR_151_A,"ILE_147_A,ALA_150_A,GLY_152_A"
GLY_152_A,"THR_151_A,TRP_153_A"
TRP_153_A,"GLY_152_A,VAL_154_A,SER_157_A,MET_183_A,THR_187_A"
VAL_154_A,"LEU_68_A,LEU_72_A,TRP_153_A,LYS_155_A,LEU_161_A"
LYS_155_A,"SER_65_A,ALA_69_A,VAL_154_A,GLY_156_A"
GLY_156_A,"ARG_126_A,LYS_155_A,SER_157_A"
SER_157_A,"TRP_153_A,GLY_156_A,GLY_158_A"
GLY_158_A,"SER_157_A,VAL_159_A"
VAL_159_A,"GLY_158_A,ALA_160_A,MET_162_A"
ALA_160_A,"VAL_159_A,LEU_161_A"
LEU_161_A,"LEU_68_A,VAL_154_A,ALA_160_A,MET_162_A"
MET_162_A,"LEU_68_A,VAL_159_A,LEU_161_A,SER_163_A,GLU_166_A"
SER_163_A,"MET_162_A,ASN_164_A,GLN_167_A"
ASN_164_A,"SER_163_A,PHE_165_A"
PHE_165_A,"ASN_164_A,GLU_166_A"
GLU_166_A,"GLU_40_A,HIS_61_A,MET_162_A,PHE_165_A,GLN_167_A,ARG_170_A"
GLN_167_A,"SER_163_A,GLU_166_A,LEU_168_A,VAL_172_A"
LEU_168_A,"GLN_167_A,LEU_169_A,GLY_171_A"
LEU_169_A,"LEU_56_A,LEU_168_A,ARG_170_A"
ARG_170_A,"GLU_40_A,MET_46_A,GLU_166_A,LEU_169_A,GLY_171_A,ARG_174_A"
GLY_171_A,"LEU_168_A,ARG_170_A,VAL_172_A"
VAL_172_A,"GLN_167_A,GLY_171_A,TRP_173_A"
TRP_173_A,"VAL_172_A,ARG_174_A"
ARG_174_A,"ARG_170_A,TRP_173_A,GLU_176_A"
PRO_175_A,GLU_176_A
GLU_176_A,"ARG_174_A,PRO_175_A,THR_177_A"
THR_177_A,"GLU_176_A,ASN_178_A"
ASN_178_A,"THR_177_A,GLU_179_A,ILE_180_A,LEU_181_A,HIS_182_A"
GLU_179_A,"ASN_178_A,ILE_180_A,SER_184_A,THR_187_A"
ILE_180_A,"ASN_178_A,GLU_179_A,LEU_181_A"
LEU_181_A,"ASN_178_A,ILE_180_A,HIS_182_A"
HIS_182_A,"ASN_178_A,LEU_181_A,MET_183_A"
MET_183_A,"TRP_153_A,HIS_182_A,SER_184_A"
SER_184_A,"GLU_179_A,MET_183_A,PHE_185_A,LYS_188_A"
PHE_185_A,"SER_184_A,ALA_189_A,CYS_223_A"
PRO_186_A,"THR_187_A,SER_190_A"
THR_187_A,"TRP_153_A,GLU_179_A,PRO_186_A,LYS_188_A"
LYS_188_A,"SER_184_A,THR_187_A,ALA_189_A"
ALA_189_A,"PHE_185_A,LYS_188_A,SER_190_A,GLY_193_A"
SER_190_A,"PRO_186_A,ALA_189_A,LEU_191_A,THR_194_A"
LEU_191_A,"SER_190_A,TYR_192_A"
TYR_192_A,"LEU_191_A,GLY_193_A"
GLY_193_A,"ALA_189_A,TYR_192_A,THR_194_A,PHE_197_A"
THR_194_A,"SER_190_A,GLY_193_A,VAL_195_A,THR_198_A"
VAL_195_A,"THR_194_A,LEU_196_A,LEU_199_A"
LEU_196_A,"VAL_195_A,PHE_197_A,GLN_200_A"
PHE_197_A,"VAL_127_A,ALA_131_A,GLY_193_A,LEU_196_A,THR_198_A,GLN_201_A,LEU_212_A,VAL_213_A"
THR_198_A,"THR_194_A,PHE_197_A,LEU_199_A,GLN_201_A,THR_202_A"
LEU_199_A,"VAL_195_A,THR_198_A,GLN_200_A,THR_202_A"
GLN_200_A,"LEU_196_A,LEU_199_A,GLN_201_A,VAL_207_A"
GLN_201_A,"PHE_197_A,THR_198_A,GLN_200_A,THR_202_A"
THR_202_A,"TRP_145_A,THR_198_A,LEU_199_A,GLN_201_A,HIS_203_A"
HIS_203_A,"THR_202_A,TRP_204_A"
TRP_204_A,"HIS_203_A,LEU_205_A"
LEU_205_A,"TRP_204_A,VAL_207_A"
PRO_206_A,VAL_207_A
VAL_207_A,"GLN_200_A,LEU_205_A,PRO_206_A,SER_208_A,ASN_211_A"
SER_208_A,"VAL_207_A,GLU_209_A"
GLU_209_A,"HIS_135_A,SER_208_A,ALA_210_A"
ALA_210_A,"GLU_209_A,ASN_211_A"
ASN_211_A,"VAL_207_A,ALA_210_A,LEU_212_A,PHE_215_A"
LEU_212_A,"PHE_197_A,ASN_211_A,VAL_213_A,PHE_216_A"
VAL_213_A,"PHE_197_A,LEU_212_A,PHE_214_A,THR_217_A"
PHE_214_A,"VAL_213_A,PHE_215_A"
PHE_215_A,"ASN_211_A,PHE_214_A,PHE_216_A"
PHE_216_A,"VAL_127_A,LEU_212_A,PHE_215_A,THR_217_A,MET_220_A"
THR_217_A,"VAL_124_A,VAL_213_A,PHE_216_A,MET_218_A,ILE_221_A"
MET_218_A,"THR_217_A,PHE_219_A"
PHE_219_A,"MET_218_A,MET_220_A"
MET_220_A,"PHE_216_A,PHE_219_A,ILE_221_A,LYS_224_A"
ILE_221_A,"THR_217_A,MET_220_A,VAL_222_A,VAL_225_A"
VAL_222_A,"ILE_221_A,CYS_223_A"
CYS_223_A,"PHE_185_A,VAL_222_A,LYS_224_A,MET_227_A"
LYS_224_A,"VAL_119_A,GLU_123_A,ARG_126_A,MET_220_A,CYS_223_A,VAL_225_A,THR_228_A"
VAL_225_A,"ILE_221_A,LYS_224_A,PHE_226_A,ALA_229_A"
PHE_226_A,"VAL_225_A,MET_227_A,THR_230_A"
MET_227_A,"CYS_223_A,PHE_226_A,THR_228_A,HIS_231_A"
THR_228_A,"LYS_224_A,MET_227_A,ALA_229_A"
ALA_229_A,"VAL_225_A,THR_228_A,THR_230_A"
THR_230_A,"PHE_226_A,ALA_229_A,HIS_231_A"
HIS_231_A,"MET_227_A,THR_230_A"
