residue_id,neighbors
PRO_7_A,HIS_8_A
HIS_8_A,"PRO_7_A,VAL_9_A,LYS_31_A"
VAL_9_A,"HIS_8_A,SER_10_A,LYS_31_A,THR_33_A,LEU_151_A"
SER_10_A,"VAL_9_A,LEU_11_A,CYS_59_A,SER_63_A,THR_65_A,VAL_67_A"
LEU_11_A,"SER_10_A,ILE_12_A,ALA_22_A,THR_33_A"
ILE_12_A,"LEU_11_A,GLY_13_A,VAL_67_A,CYS_69_A,LEU_70_A,THR_79_A"
GLY_13_A,"ILE_12_A,LEU_14_A"
LEU_14_A,"GLY_13_A,GLY_15_A,ASN_36_A"
GLY_15_A,"LEU_14_A,ASN_16_A"
ASN_16_A,"GLY_15_A,MET_17_A"
MET_17_A,"ASN_16_A,GLY_18_A,ILE_21_A,ILE_122_A,PRO_126_A"
GLY_18_A,"MET_17_A,LEU_19_A,ALA_22_A"
LEU_19_A,"GLY_18_A,ALA_20_A,ASN_23_A,LEU_45_A"
ALA_20_A,"LEU_19_A,ILE_21_A,PRO_126_A"
ILE_21_A,"MET_17_A,ALA_20_A,ALA_22_A,LEU_25_A,CYS_69_A,LEU_94_A,LEU_129_A"
ALA_22_A,"LEU_11_A,GLY_18_A,ILE_21_A,ASN_23_A,ILE_26_A"
ASN_23_A,"LEU_19_A,ALA_22_A,CYS_24_A,GLN_48_A"
CYS_24_A,"ASN_23_A,LEU_25_A"
LEU_25_A,"ILE_21_A,CYS_24_A,ILE_26_A,SER_28_A,LEU_151_A"
ILE_26_A,"ALA_22_A,LEU_25_A,LYS_27_A"
LYS_27_A,"ILE_26_A,SER_28_A"
SER_28_A,"LEU_25_A,LYS_27_A,GLY_29_A"
GLY_29_A,"SER_28_A,CYS_30_A"
CYS_30_A,"GLY_29_A,LYS_31_A"
LYS_31_A,"HIS_8_A,VAL_9_A,CYS_30_A,LEU_32_A"
LEU_32_A,"LYS_31_A,THR_33_A,VAL_34_A,VAL_50_A"
THR_33_A,"VAL_9_A,LEU_11_A,LEU_32_A,VAL_34_A,ALA_53_A"
VAL_34_A,"LEU_32_A,THR_33_A,TRP_35_A,VAL_50_A,THR_51_A,ALA_53_A"
TRP_35_A,"VAL_34_A,ASN_36_A,THR_79_A"
ASN_36_A,"LEU_14_A,TRP_35_A,ARG_37_A,SER_38_A"
ARG_37_A,"ASN_36_A,SER_38_A"
SER_38_A,"ASN_36_A,ARG_37_A,ALA_39_A"
ALA_39_A,"SER_38_A,SER_40_A,ALA_42_A"
SER_40_A,"ALA_39_A,LYS_41_A"
LYS_41_A,"SER_40_A,ALA_42_A"
ALA_42_A,"ALA_39_A,LYS_41_A,ALA_43_A,LEU_45_A,VAL_52_A"
ALA_43_A,"ALA_42_A,SER_44_A"
SER_44_A,"ALA_43_A,LEU_45_A"
LEU_45_A,"LEU_19_A,ALA_42_A,SER_44_A,VAL_46_A,GLN_48_A,VAL_50_A"
VAL_46_A,"LEU_45_A,ALA_47_A"
ALA_47_A,"VAL_46_A,GLN_48_A"
GLN_48_A,"ASN_23_A,LEU_45_A,ALA_47_A,GLY_49_A"
GLY_49_A,"GLN_48_A,VAL_50_A"
VAL_50_A,"LEU_32_A,VAL_34_A,LEU_45_A,GLY_49_A,THR_51_A"
THR_51_A,"VAL_34_A,VAL_50_A,VAL_52_A"
VAL_52_A,"ALA_42_A,THR_51_A,ALA_53_A"
ALA_53_A,"THR_33_A,VAL_34_A,VAL_52_A,ALA_54_A"
ALA_54_A,"ALA_53_A,THR_55_A"
THR_55_A,"ALA_54_A,CYS_59_A"
PRO_56_A,"ALA_57_A,VAL_60_A,VAL_83_A"
ALA_57_A,"PRO_56_A,GLU_58_A,ALA_61_A"
GLU_58_A,"ALA_57_A,CYS_59_A,SER_62_A"
CYS_59_A,"SER_10_A,THR_55_A,GLU_58_A,VAL_60_A"
VAL_60_A,"PRO_56_A,CYS_59_A,ALA_61_A,LEU_86_A,LYS_89_A"
ALA_61_A,"ALA_57_A,VAL_60_A,SER_62_A"
SER_62_A,"GLU_58_A,ALA_61_A,SER_63_A"
SER_63_A,"SER_10_A,SER_62_A,LYS_89_A"
PRO_64_A,"THR_65_A,THR_90_A"
THR_65_A,"SER_10_A,PRO_64_A,ILE_66_A,ILE_92_A,LEU_151_A"
ILE_66_A,"THR_65_A,VAL_67_A,THR_90_A,ILE_91_A,ILE_92_A"
VAL_67_A,"SER_10_A,ILE_12_A,ILE_66_A,ILE_68_A"
ILE_68_A,"VAL_67_A,CYS_69_A,LEU_70_A,ILE_91_A,ILE_92_A,LEU_94_A"
CYS_69_A,"ILE_12_A,ILE_21_A,ILE_68_A,LEU_70_A"
LEU_70_A,"ILE_12_A,ILE_68_A,CYS_69_A,LEU_71_A,THR_95_A"
LEU_71_A,"LEU_70_A,SER_72_A"
SER_72_A,"LEU_71_A,TYR_73_A,THR_76_A"
TYR_73_A,"SER_72_A,ASP_74_A,THR_76_A,GLN_77_A,GLN_101_A,LYS_104_A,VAL_105_A"
ASP_74_A,"TYR_73_A,VAL_75_A,GLN_78_A"
VAL_75_A,"ASP_74_A,THR_76_A,THR_79_A"
THR_76_A,"SER_72_A,TYR_73_A,VAL_75_A,GLN_77_A,LEU_80_A"
GLN_77_A,"TYR_73_A,THR_76_A,GLN_78_A"
GLN_78_A,"ASP_74_A,GLN_77_A,THR_79_A"
THR_79_A,"ILE_12_A,TRP_35_A,VAL_75_A,GLN_78_A,LEU_80_A"
LEU_80_A,"THR_76_A,THR_79_A,ASP_81_A,VAL_83_A,ARG_112_A"
ASP_81_A,"LEU_80_A,GLU_82_A,ARG_112_A"
GLU_82_A,"ASP_81_A,VAL_83_A"
VAL_83_A,"PRO_56_A,LEU_80_A,GLU_82_A,ILE_84_A,LEU_86_A,ARG_112_A"
ILE_84_A,"VAL_83_A,ASP_85_A"
ASP_85_A,"ILE_84_A,LEU_86_A,SER_87_A"
LEU_86_A,"VAL_60_A,VAL_83_A,ASP_85_A,SER_87_A,VAL_109_A,ARG_112_A"
SER_87_A,"ASP_85_A,LEU_86_A,GLY_88_A"
GLY_88_A,"SER_87_A,LYS_89_A"
LYS_89_A,"VAL_60_A,SER_63_A,GLY_88_A,THR_90_A,GLU_115_A"
THR_90_A,"PRO_64_A,ILE_66_A,LYS_89_A,ILE_91_A"
ILE_91_A,"ILE_66_A,ILE_68_A,THR_90_A,ILE_92_A,VAL_109_A,SER_116_A,ILE_118_A"
ILE_92_A,"THR_65_A,ILE_66_A,ILE_68_A,ILE_91_A,ASN_93_A"
ASN_93_A,"ILE_92_A,LEU_94_A,TYR_117_A,ILE_118_A,GLY_120_A"
LEU_94_A,"ILE_21_A,ILE_68_A,ASN_93_A,THR_95_A,ILE_122_A"
THR_95_A,"LEU_70_A,LEU_94_A,ASN_96_A,HIS_119_A"
ASN_96_A,"THR_95_A,GLY_97_A"
GLY_97_A,"ASN_96_A,THR_98_A,ASN_173_A"
THR_98_A,"GLY_97_A,GLN_101_A"
PRO_99_A,"GLN_100_A,ALA_166_A,LEU_170_A"
GLN_100_A,"PRO_99_A,GLN_101_A,LYS_104_A"
GLN_101_A,"TYR_73_A,THR_98_A,GLN_100_A,ALA_102_A,VAL_105_A"
ALA_102_A,"GLN_101_A,VAL_103_A,ALA_106_A"
VAL_103_A,"ALA_102_A,LYS_104_A,THR_107_A"
LYS_104_A,"TYR_73_A,GLN_100_A,VAL_103_A,VAL_105_A,LEU_108_A"
VAL_105_A,"TYR_73_A,GLN_101_A,LYS_104_A,ALA_106_A,VAL_109_A,TYR_117_A"
ALA_106_A,"ALA_102_A,VAL_105_A,THR_107_A,GLN_110_A"
THR_107_A,"VAL_103_A,ALA_106_A,LEU_108_A"
LEU_108_A,"LYS_104_A,THR_107_A,VAL_109_A"
VAL_109_A,"LEU_86_A,ILE_91_A,VAL_105_A,LEU_108_A,GLN_110_A,ALA_114_A"
GLN_110_A,"ALA_106_A,VAL_109_A,GLN_111_A,ARG_112_A,GLY_113_A"
GLN_111_A,"GLN_110_A,ARG_112_A"
ARG_112_A,"LEU_80_A,ASP_81_A,VAL_83_A,LEU_86_A,GLN_110_A,GLN_111_A,GLY_113_A"
GLY_113_A,"GLN_110_A,ARG_112_A,ALA_114_A"
ALA_114_A,"VAL_109_A,GLY_113_A,GLU_115_A"
GLU_115_A,"LYS_89_A,ALA_114_A,SER_116_A"
SER_116_A,"ILE_91_A,GLU_115_A,TYR_117_A"
TYR_117_A,"ASN_93_A,VAL_105_A,SER_116_A,ILE_118_A,HIS_119_A,ILE_165_A"
ILE_118_A,"ILE_91_A,ASN_93_A,TYR_117_A,HIS_119_A,ALA_144_A"
HIS_119_A,"THR_95_A,TYR_117_A,ILE_118_A,GLY_120_A,SER_139_A"
GLY_120_A,"ASN_93_A,HIS_119_A,ALA_121_A"
ALA_121_A,"GLY_120_A,ILE_122_A,LEU_137_A,ASP_172_A"
ILE_122_A,"MET_17_A,LEU_94_A,ALA_121_A,MET_123_A,LEU_129_A"
MET_123_A,"ILE_122_A,VAL_124_A,LEU_175_A"
VAL_124_A,"MET_123_A,LEU_128_A"
PRO_126_A,"MET_17_A,ALA_20_A,ILE_127_A,LEU_129_A"
ILE_127_A,"PRO_126_A,LEU_128_A"
LEU_128_A,"VAL_124_A,ILE_127_A,LEU_129_A"
LEU_129_A,"ILE_21_A,ILE_122_A,PRO_126_A,LEU_128_A,GLY_130_A,ILE_155_A"
GLY_130_A,"LEU_129_A,GLN_131_A"
GLN_131_A,"GLY_130_A,SER_133_A,SER_134_A"
PRO_132_A,"SER_133_A,THR_157_A"
SER_133_A,"GLN_131_A,PRO_132_A,SER_134_A"
SER_134_A,"GLN_131_A,SER_133_A,VAL_135_A"
VAL_135_A,"SER_134_A,THR_136_A"
THR_136_A,"VAL_135_A,LEU_137_A,ILE_138_A,ARG_159_A"
LEU_137_A,"ALA_121_A,THR_136_A,ILE_138_A"
ILE_138_A,"THR_136_A,LEU_137_A,SER_139_A,TYR_145_A,ARG_159_A,VAL_161_A"
SER_139_A,"HIS_119_A,ILE_138_A,GLY_140_A,ILE_165_A,ALA_168_A"
GLY_140_A,"SER_139_A,HIS_160_A"
PRO_141_A,LYS_142_A
LYS_142_A,"PRO_141_A,THR_143_A,GLU_146_A,HIS_160_A"
THR_143_A,"LYS_142_A,ALA_144_A,SER_147_A"
ALA_144_A,"ILE_118_A,THR_143_A,TYR_145_A,SER_147_A"
TYR_145_A,"ILE_138_A,ALA_144_A,GLU_146_A,GLN_148_A,LYS_149_A,THR_158_A,HIS_160_A"
GLU_146_A,"LYS_142_A,TYR_145_A,SER_147_A,LYS_149_A"
SER_147_A,"THR_143_A,ALA_144_A,GLU_146_A,GLN_148_A"
GLN_148_A,"TYR_145_A,SER_147_A,LYS_149_A,LEU_152_A"
LYS_149_A,"TYR_145_A,GLU_146_A,GLN_148_A,GLU_150_A"
GLU_150_A,"LYS_149_A,LEU_151_A,SER_153_A"
LEU_151_A,"VAL_9_A,LEU_25_A,THR_65_A,GLU_150_A,LEU_152_A,SER_154_A"
LEU_152_A,"GLN_148_A,LEU_151_A,SER_153_A,THR_158_A"
SER_153_A,"GLU_150_A,LEU_152_A,SER_154_A"
SER_154_A,"LEU_151_A,SER_153_A,ILE_155_A"
ILE_155_A,"LEU_129_A,SER_154_A,GLY_156_A"
GLY_156_A,"ILE_155_A,THR_157_A"
THR_157_A,"PRO_132_A,GLY_156_A,THR_158_A"
THR_158_A,"TYR_145_A,LEU_152_A,THR_157_A,ARG_159_A"
ARG_159_A,"THR_136_A,ILE_138_A,THR_158_A,HIS_160_A,VAL_161_A"
HIS_160_A,"GLY_140_A,LYS_142_A,TYR_145_A,ARG_159_A,VAL_161_A,SER_162_A,ASP_163_A"
VAL_161_A,"ILE_138_A,ARG_159_A,HIS_160_A,SER_162_A,LEU_171_A"
SER_162_A,"HIS_160_A,VAL_161_A,ASP_163_A,ASP_164_A"
ASP_163_A,"HIS_160_A,SER_162_A,ASP_164_A"
ASP_164_A,"SER_162_A,ASP_163_A,ILE_165_A,LYS_167_A"
ILE_165_A,"TYR_117_A,SER_139_A,ASP_164_A,ALA_166_A"
ALA_166_A,"PRO_99_A,ILE_165_A,LYS_167_A"
LYS_167_A,"ASP_164_A,ALA_166_A,ALA_168_A,LEU_171_A"
ALA_168_A,"SER_139_A,LYS_167_A,SER_169_A,ASP_172_A"
SER_169_A,"ALA_168_A,LEU_170_A,ASN_173_A"
LEU_170_A,"PRO_99_A,SER_169_A,LEU_171_A"
LEU_171_A,"VAL_161_A,LYS_167_A,LEU_170_A,ASP_172_A,LEU_175_A"
ASP_172_A,"ALA_121_A,ALA_168_A,LEU_171_A,ASN_173_A,LEU_176_A"
ASN_173_A,"GLY_97_A,SER_169_A,ASP_172_A,ALA_174_A,SER_177_A"
ALA_174_A,"ASN_173_A,LEU_175_A"
LEU_175_A,"MET_123_A,LEU_171_A,ALA_174_A,LEU_176_A"
LEU_176_A,"ASP_172_A,LEU_175_A,SER_177_A,GLY_180_A"
SER_177_A,"ASN_173_A,LEU_176_A,ILE_178_A"
ILE_178_A,"SER_177_A,MET_179_A,VAL_182_A"
MET_179_A,"ILE_178_A,GLY_180_A,PHE_183_A"
GLY_180_A,"LEU_176_A,MET_179_A,GLY_181_A,GLU_184_A"
GLY_181_A,"GLY_180_A,VAL_182_A"
VAL_182_A,"ILE_178_A,GLY_181_A,PHE_183_A,TRP_186_A"
PHE_183_A,"MET_179_A,VAL_182_A,GLU_184_A,VAL_187_A"
GLU_184_A,"GLY_180_A,PHE_183_A,GLY_185_A,LEU_258_A,LEU_259_A"
GLY_185_A,"GLU_184_A,TRP_186_A,ALA_189_A"
TRP_186_A,"VAL_182_A,GLY_185_A,VAL_187_A,LEU_190_A,ALA_204_A"
VAL_187_A,"PHE_183_A,TRP_186_A,GLN_188_A"
GLN_188_A,"VAL_187_A,ALA_189_A,GLY_256_A,LEU_258_A"
ALA_189_A,"GLY_185_A,GLN_188_A,LEU_190_A"
LEU_190_A,"TRP_186_A,ALA_189_A,ALA_191_A,GLY_194_A"
ALA_191_A,"LEU_190_A,ILE_192_A,LYS_195_A"
ILE_192_A,"ALA_191_A,VAL_193_A"
VAL_193_A,"ILE_192_A,GLY_194_A,GLU_198_A,PHE_203_A"
GLY_194_A,"LEU_190_A,VAL_193_A,LYS_195_A,GLY_197_A"
LYS_195_A,"ALA_191_A,GLY_194_A,ALA_196_A,VAL_255_A"
ALA_196_A,"LYS_195_A,GLY_197_A,LEU_253_A"
GLY_197_A,"GLY_194_A,ALA_196_A,GLU_198_A"
GLU_198_A,"VAL_193_A,GLY_197_A,ASP_199_A"
ASP_199_A,"GLU_198_A,GLU_200_A,VAL_201_A,ASP_202_A"
GLU_200_A,"ASP_199_A,VAL_201_A,ALA_204_A"
VAL_201_A,"ASP_199_A,GLU_200_A,ASP_202_A"
ASP_202_A,"ASP_199_A,VAL_201_A,PHE_203_A"
PHE_203_A,"VAL_193_A,ASP_202_A,ALA_204_A,ALA_207_A"
ALA_204_A,"TRP_186_A,GLU_200_A,PHE_203_A,ALA_205_A"
ALA_205_A,"ALA_204_A,LEU_206_A"
LEU_206_A,"ALA_205_A,ALA_207_A"
ALA_207_A,"PHE_203_A,LEU_206_A,SER_208_A,PHE_210_A,VAL_211_A"
SER_208_A,"ALA_207_A,LYS_212_A"
PRO_209_A,PHE_210_A
PHE_210_A,"ALA_207_A,PRO_209_A,VAL_211_A"
VAL_211_A,"ALA_207_A,PHE_210_A,LYS_212_A"
LYS_212_A,"SER_208_A,VAL_211_A,SER_213_A"
SER_213_A,"LYS_212_A,MET_214_A"
MET_214_A,"SER_213_A,ALA_215_A"
ALA_215_A,"MET_214_A,ASP_216_A"
ASP_216_A,"ALA_215_A,TRP_217_A"
TRP_217_A,"ASP_216_A,LEU_218_A"
LEU_218_A,"TRP_217_A,ALA_222_A"
PRO_219_A,ARG_220_A
ARG_220_A,"PRO_219_A,ILE_221_A,HIS_224_A"
ILE_221_A,"ARG_220_A,ALA_222_A,VAL_225_A,ILE_279_A"
ALA_222_A,"LEU_218_A,ILE_221_A,GLY_223_A,ARG_226_A"
GLY_223_A,"ALA_222_A,HIS_224_A,GLU_227_A"
HIS_224_A,"ARG_220_A,GLY_223_A,VAL_225_A,LYS_228_A,GLN_229_A,ALA_280_A"
VAL_225_A,"ILE_221_A,HIS_224_A,ARG_226_A,ALA_280_A,VAL_283_A"
ARG_226_A,"ALA_222_A,VAL_225_A,GLU_227_A"
GLU_227_A,"GLY_223_A,ARG_226_A,LYS_228_A,GLN_229_A"
LYS_228_A,"HIS_224_A,GLU_227_A,GLN_229_A"
GLN_229_A,"HIS_224_A,GLU_227_A,LYS_228_A,TYR_230_A"
TYR_230_A,"GLN_229_A,VAL_231_A,GLU_277_A,SER_278_A"
VAL_231_A,"TYR_230_A,GLY_232_A"
GLY_232_A,"VAL_231_A,GLY_233_A"
GLY_233_A,"GLY_232_A,SER_234_A"
SER_234_A,GLY_233_A
PRO_235_A,LEU_236_A
LEU_236_A,"PRO_235_A,THR_237_A,LEU_240_A,GLU_277_A"
THR_237_A,"LEU_236_A,MET_238_A,GLY_275_A"
MET_238_A,"THR_237_A,GLN_239_A"
GLN_239_A,"MET_238_A,LEU_240_A"
LEU_240_A,"LEU_236_A,GLN_239_A,GLU_241_A,GLU_244_A"
GLU_241_A,"LEU_240_A,ALA_242_A"
ALA_242_A,"GLU_241_A,LEU_243_A"
LEU_243_A,"ALA_242_A,GLU_244_A"
GLU_244_A,"LEU_240_A,LEU_243_A,ASN_245_A,GLU_248_A,ARG_263_A"
ASN_245_A,"GLU_244_A,ILE_246_A,THR_249_A"
ILE_246_A,"ASN_245_A,SER_247_A,SER_250_A"
SER_247_A,"ILE_246_A,GLU_248_A,ARG_251_A"
GLU_248_A,"GLU_244_A,SER_247_A,THR_249_A,ARG_251_A,GLU_252_A"
THR_249_A,"ASN_245_A,GLU_248_A,SER_250_A"
SER_250_A,"ILE_246_A,THR_249_A,ARG_251_A,GLY_254_A,VAL_255_A"
ARG_251_A,"SER_247_A,GLU_248_A,SER_250_A,GLU_252_A,LEU_253_A,GLY_254_A"
GLU_252_A,"GLU_248_A,ARG_251_A,LEU_253_A"
LEU_253_A,"ALA_196_A,ARG_251_A,GLU_252_A,GLY_254_A,VAL_255_A"
GLY_254_A,"SER_250_A,ARG_251_A,LEU_253_A,VAL_255_A"
VAL_255_A,"LYS_195_A,SER_250_A,LEU_253_A,GLY_254_A,GLY_256_A"
GLY_256_A,"GLN_188_A,VAL_255_A,VAL_257_A"
VAL_257_A,"GLY_256_A,LEU_258_A"
LEU_258_A,"GLU_184_A,GLN_188_A,VAL_257_A,LEU_259_A,ARG_263_A"
LEU_259_A,"GLU_184_A,LEU_258_A,GLY_260_A,ARG_263_A"
GLY_260_A,"LEU_259_A,SER_261_A,GLU_264_A"
SER_261_A,"GLY_260_A,MET_262_A,VAL_265_A,TRP_293_A"
MET_262_A,"SER_261_A,ARG_263_A,MET_266_A,ILE_279_A,LEU_282_A"
ARG_263_A,"GLU_244_A,LEU_258_A,LEU_259_A,MET_262_A,GLU_264_A,SER_267_A"
GLU_264_A,"GLY_260_A,ARG_263_A,VAL_265_A"
VAL_265_A,"SER_261_A,GLU_264_A,MET_266_A,ALA_269_A,MET_285_A"
MET_266_A,"MET_262_A,VAL_265_A,SER_267_A,ILE_279_A"
SER_267_A,"ARG_263_A,MET_266_A,GLU_268_A"
GLU_268_A,"SER_267_A,ALA_269_A,LYS_271_A,LYS_272_A,LYS_291_A,TRP_293_A"
ALA_269_A,"VAL_265_A,GLU_268_A,VAL_270_A"
VAL_270_A,"ALA_269_A,LYS_271_A,GLY_273_A"
LYS_271_A,"GLU_268_A,VAL_270_A,LYS_272_A"
LYS_272_A,"GLU_268_A,LYS_271_A,GLY_273_A,GLU_288_A"
GLY_273_A,"VAL_270_A,LYS_272_A,LYS_274_A"
LYS_274_A,"GLY_273_A,GLY_275_A,GLU_277_A,GLY_281_A"
GLY_275_A,"THR_237_A,LYS_274_A,GLY_276_A"
GLY_276_A,"GLY_275_A,GLU_277_A"
GLU_277_A,"TYR_230_A,LEU_236_A,LYS_274_A,GLY_276_A,SER_278_A"
SER_278_A,"TYR_230_A,GLU_277_A,ILE_279_A,GLY_281_A"
ILE_279_A,"ILE_221_A,MET_262_A,MET_266_A,SER_278_A,ALA_280_A,LEU_282_A"
ALA_280_A,"HIS_224_A,VAL_225_A,ILE_279_A,GLY_281_A"
GLY_281_A,"LYS_274_A,SER_278_A,ALA_280_A,LEU_282_A"
LEU_282_A,"MET_262_A,ILE_279_A,GLY_281_A,VAL_283_A"
VAL_283_A,"VAL_225_A,LEU_282_A,LEU_286_A,THR_287_A"
PRO_284_A,MET_285_A
MET_285_A,"VAL_265_A,PRO_284_A,LEU_286_A,TRP_293_A"
LEU_286_A,"VAL_283_A,MET_285_A,THR_287_A"
THR_287_A,"VAL_283_A,LEU_286_A,GLU_288_A"
GLU_288_A,"LYS_272_A,THR_287_A,LEU_289_A"
LEU_289_A,"GLU_288_A,ASP_290_A"
ASP_290_A,"LEU_289_A,LYS_291_A"
LYS_291_A,"GLU_268_A,ASP_290_A,LYS_292_A"
LYS_292_A,"LYS_291_A,TRP_293_A"
TRP_293_A,"SER_261_A,GLU_268_A,MET_285_A,LYS_292_A"
