residue_id,neighbors
GLN_3_A,"THR_4_A,PHE_8_A"
THR_4_A,"GLN_3_A,ASN_5_A,ASP_7_A"
ASN_5_A,"THR_4_A,LEU_6_A,LEU_9_A"
LEU_6_A,"ASN_5_A,ASP_7_A,MET_20_A"
ASP_7_A,"THR_4_A,LEU_6_A,PHE_8_A,GLN_11_A"
PHE_8_A,"GLN_3_A,ASP_7_A,LEU_9_A,THR_12_A"
LEU_9_A,"ASN_5_A,PHE_8_A,LEU_10_A,ASP_13_A,MET_20_A"
LEU_10_A,"LEU_9_A,GLN_11_A,PRO_422_A"
GLN_11_A,"ASP_7_A,LEU_10_A,THR_12_A"
THR_12_A,"PHE_8_A,GLN_11_A,ASP_13_A"
ASP_13_A,"LEU_9_A,THR_12_A,SER_17_A"
PRO_14_A,"THR_15_A,GLY_18_A"
THR_15_A,"PRO_14_A,ILE_16_A,MET_19_A"
ILE_16_A,"THR_15_A,SER_17_A,MET_20_A"
SER_17_A,"ASP_13_A,ILE_16_A,GLY_18_A,GLN_21_A"
GLY_18_A,"PRO_14_A,SER_17_A,MET_19_A,LYS_22_A"
MET_19_A,"THR_15_A,GLY_18_A,MET_20_A"
MET_20_A,"LEU_6_A,LEU_9_A,ILE_16_A,MET_19_A,GLN_21_A"
GLN_21_A,"SER_17_A,MET_20_A,LYS_22_A,GLN_25_A"
LYS_22_A,"GLY_18_A,GLN_21_A,GLU_23_A,ARG_26_A"
GLU_23_A,"LYS_22_A,LEU_24_A,ARG_26_A,GLN_27_A,GLU_32_A"
LEU_24_A,"GLU_23_A,GLN_25_A,ARG_28_A"
GLN_25_A,"GLN_21_A,LEU_24_A,ARG_26_A,GLU_29_A"
ARG_26_A,"LYS_22_A,GLU_23_A,GLN_25_A,GLN_27_A,HIS_30_A,GLU_32_A,GLU_37_A"
GLN_27_A,"GLU_23_A,ARG_26_A,ARG_28_A,LEU_415_A"
ARG_28_A,"LEU_24_A,GLN_27_A,GLU_29_A,ARG_372_A,TYR_416_A,LEU_419_A"
GLU_29_A,"GLN_25_A,ARG_28_A,HIS_30_A"
HIS_30_A,"ARG_26_A,GLU_29_A,LEU_31_A,GLU_32_A"
LEU_31_A,"HIS_30_A,GLU_32_A,ASN_341_A,THR_343_A,ILE_382_A"
GLU_32_A,"GLU_23_A,ARG_26_A,HIS_30_A,LEU_31_A,LEU_33_A,GLU_37_A"
LEU_33_A,"GLU_32_A,ILE_34_A,ILE_342_A,THR_343_A,GLY_365_A,ILE_382_A"
ILE_34_A,"LEU_33_A,ALA_35_A,GLU_37_A,THR_343_A"
ALA_35_A,"ILE_34_A,SER_36_A,LEU_318_A"
SER_36_A,"ALA_35_A,GLU_37_A"
GLU_37_A,"ARG_26_A,GLU_32_A,ILE_34_A,SER_36_A,ASN_38_A,ARG_237_A"
ASN_38_A,"GLU_37_A,PHE_39_A,THR_371_A"
PHE_39_A,"ASN_38_A,THR_40_A,ALA_368_A,LEU_415_A"
THR_40_A,"PHE_39_A,SER_41_A,ARG_234_A,TYR_416_A"
SER_41_A,"THR_40_A,MET_45_A,GLU_278_A"
PRO_42_A,"ALA_43_A,ALA_46_A"
ALA_43_A,"PRO_42_A,VAL_44_A,VAL_274_A"
VAL_44_A,"ALA_43_A,MET_45_A,THR_47_A,PRO_236_A"
MET_45_A,"SER_41_A,VAL_44_A,ALA_46_A,GLY_49_A,TYR_416_A"
ALA_46_A,"PRO_42_A,MET_45_A,THR_47_A"
THR_47_A,"VAL_44_A,ALA_46_A,GLN_48_A,SER_50_A,VAL_274_A"
GLN_48_A,"THR_47_A,GLY_49_A"
GLY_49_A,"MET_45_A,GLN_48_A,SER_50_A"
SER_50_A,"THR_47_A,GLY_49_A,VAL_51_A"
VAL_51_A,"SER_50_A,LEU_52_A,ASN_54_A"
LEU_52_A,"VAL_51_A,THR_53_A,ILE_72_A,HIS_267_A,ALA_270_A"
THR_53_A,"LEU_52_A,ASN_54_A"
ASN_54_A,"VAL_51_A,THR_53_A,LYS_55_A"
LYS_55_A,"ASN_54_A,TYR_56_A,GLY_67_A"
TYR_56_A,"LYS_55_A,ALA_57_A,TYR_66_A"
ALA_57_A,"TYR_56_A,GLU_58_A,ARG_64_A,ILE_72_A"
GLU_58_A,"ALA_57_A,GLY_59_A,TYR_65_A,PHE_257_A"
GLY_59_A,"GLU_58_A,LEU_60_A,GLN_95_A"
LEU_60_A,"GLY_59_A,LYS_63_A"
PRO_61_A,LYS_62_A
LYS_62_A,"PRO_61_A,LYS_63_A,ASP_73_A"
LYS_63_A,"LEU_60_A,LYS_62_A,ARG_64_A"
ARG_64_A,"ALA_57_A,LYS_63_A,TYR_65_A,ASP_73_A,GLU_76_A,GLU_266_A"
TYR_65_A,"GLU_58_A,ARG_64_A,TYR_66_A,PHE_257_A"
TYR_66_A,"TYR_56_A,TYR_65_A,GLY_67_A"
GLY_67_A,"LYS_55_A,TYR_66_A,GLY_68_A"
GLY_68_A,"GLY_67_A,CYS_69_A"
CYS_69_A,"GLY_68_A,GLU_70_A,ASP_73_A"
GLU_70_A,"CYS_69_A,PHE_71_A"
PHE_71_A,"GLU_70_A,ILE_72_A"
ILE_72_A,"LEU_52_A,ALA_57_A,PHE_71_A,ASP_73_A,GLU_76_A"
ASP_73_A,"LYS_62_A,ARG_64_A,CYS_69_A,ILE_72_A,GLU_74_A,GLU_76_A,GLN_77_A"
GLU_74_A,"ASP_73_A,ILE_75_A"
ILE_75_A,"GLU_74_A,GLU_76_A,ALA_79_A,ALA_270_A"
GLU_76_A,"ARG_64_A,ILE_72_A,ASP_73_A,ILE_75_A,GLN_77_A,ILE_80_A,VAL_94_A,GLN_95_A,GLU_266_A"
GLN_77_A,"ASP_73_A,GLU_76_A,VAL_78_A,ASP_81_A"
VAL_78_A,"GLN_77_A,ALA_79_A,ARG_82_A"
ALA_79_A,"ILE_75_A,VAL_78_A,ILE_80_A,ALA_83_A"
ILE_80_A,"GLU_76_A,ALA_79_A,ASP_81_A,LYS_84_A"
ASP_81_A,"GLN_77_A,ILE_80_A,ARG_82_A,LYS_84_A,GLU_85_A"
ARG_82_A,"VAL_78_A,ASP_81_A,ALA_83_A,LEU_86_A,ALA_273_A,PHE_276_A"
ALA_83_A,"ALA_79_A,ARG_82_A,LYS_84_A,PHE_276_A"
LYS_84_A,"ILE_80_A,ASP_81_A,ALA_83_A,GLU_85_A,GLY_88_A"
GLU_85_A,"ASP_81_A,LYS_84_A,LEU_86_A"
LEU_86_A,"ARG_82_A,GLU_85_A,PHE_87_A,ALA_211_A,ALA_279_A,LEU_280_A"
PHE_87_A,"LEU_86_A,GLY_88_A,LEU_242_A"
GLY_88_A,"LYS_84_A,PHE_87_A,ALA_89_A"
ALA_89_A,"GLY_88_A,ALA_90_A"
ALA_90_A,"ALA_89_A,SER_91_A"
SER_91_A,"ALA_90_A,ALA_92_A"
ALA_92_A,"SER_91_A,ASN_93_A"
ASN_93_A,"ALA_92_A,VAL_94_A,GLN_95_A,ILE_241_A,ASN_253_A"
VAL_94_A,"GLU_76_A,ASN_93_A,GLN_95_A,LEU_240_A,LYS_272_A"
GLN_95_A,"GLY_59_A,GLU_76_A,ASN_93_A,VAL_94_A,GLN_261_A,PRO_264_A"
PRO_96_A,"HIS_97_A,ALA_102_A,GLY_239_A,LYS_272_A"
HIS_97_A,"PRO_96_A,SER_98_A,GLN_261_A"
SER_98_A,"HIS_97_A,GLY_99_A,GLN_101_A,ALA_102_A"
GLY_99_A,"SER_98_A,ALA_100_A"
ALA_100_A,"GLY_99_A,GLN_101_A,PHE_104_A"
GLN_101_A,"SER_98_A,ALA_100_A,ALA_102_A"
ALA_102_A,"PRO_96_A,SER_98_A,GLN_101_A,ASN_103_A"
ASN_103_A,"ALA_102_A,PHE_104_A,PHE_107_A,THR_129_A,ASP_202_A,THR_226_A"
PHE_104_A,"ALA_100_A,ASN_103_A,ALA_105_A,LEU_108_A"
ALA_105_A,"PHE_104_A,VAL_106_A,THR_109_A"
VAL_106_A,"ALA_105_A,PHE_107_A,THR_226_A"
PHE_107_A,"ASN_103_A,VAL_106_A,LEU_108_A,LEU_111_A,ILE_117_A,LEU_171_A"
LEU_108_A,"PHE_104_A,PHE_107_A,THR_109_A"
THR_109_A,"ALA_105_A,LEU_108_A,LEU_110_A,LYS_251_A,PHE_252_A,SER_255_A"
LEU_110_A,"THR_109_A,LEU_111_A"
LEU_111_A,"PHE_107_A,LEU_110_A,LYS_112_A,ILE_117_A,PHE_141_A"
LYS_112_A,"LEU_111_A,ASP_115_A,LYS_170_A"
PRO_113_A,GLY_114_A
GLY_114_A,"PRO_113_A,ASP_115_A,TRP_140_A"
ASP_115_A,"LYS_112_A,GLY_114_A,LYS_116_A,GLU_142_A,LYS_170_A"
LYS_116_A,"ASP_115_A,ILE_117_A,GLU_142_A,GLU_167_A,LYS_170_A"
ILE_117_A,"PHE_107_A,LEU_111_A,LYS_116_A,MET_118_A,GLU_142_A,ALA_143_A,VAL_144_A"
MET_118_A,"ILE_117_A,GLY_119_A,TYR_146_A,ILE_160_A,VAL_163_A,PRO_169_A,LEU_171_A,ILE_173_A"
GLY_119_A,"MET_118_A,MET_120_A,TYR_146_A"
MET_120_A,"GLY_119_A,ASP_121_A,HIS_124_A,TYR_176_A"
ASP_121_A,"MET_120_A,LEU_122_A,SER_123_A,HIS_124_A,GLY_126_A,HIS_145_A,TYR_146_A"
LEU_122_A,"ASP_121_A,SER_123_A"
SER_123_A,"ASP_121_A,LEU_122_A,HIS_124_A"
HIS_124_A,"MET_120_A,ASP_121_A,SER_123_A,GLY_125_A,VAL_148_A"
GLY_125_A,"HIS_124_A,GLY_126_A,SER_177_A"
GLY_126_A,"ASP_121_A,GLY_125_A,HIS_127_A"
HIS_127_A,"GLY_126_A,LEU_128_A,THR_129_A,HIS_130_A,ASP_202_A,LYS_231_A"
LEU_128_A,"HIS_127_A,THR_129_A"
THR_129_A,"ASN_103_A,HIS_127_A,LEU_128_A,HIS_130_A"
HIS_130_A,"HIS_127_A,THR_129_A,GLY_131_A,ASP_202_A"
GLY_131_A,"HIS_130_A,SER_132_A,SER_137_A"
SER_132_A,"GLY_131_A,ASN_135_A"
PRO_133_A,ALA_134_A
ALA_134_A,"PRO_133_A,ASN_135_A"
ASN_135_A,"SER_132_A,ALA_134_A,VAL_136_A,SER_137_A,LYS_139_A"
VAL_136_A,"ASN_135_A,SER_137_A,TRP_140_A"
SER_137_A,"GLY_131_A,ASN_135_A,VAL_136_A,GLY_138_A"
GLY_138_A,"SER_137_A,LYS_139_A"
LYS_139_A,"ASN_135_A,GLY_138_A,TRP_140_A"
TRP_140_A,"GLY_114_A,VAL_136_A,LYS_139_A,PHE_141_A"
PHE_141_A,"LEU_111_A,TRP_140_A,GLU_142_A"
GLU_142_A,"ASP_115_A,LYS_116_A,ILE_117_A,PHE_141_A,ALA_143_A,GLU_167_A"
ALA_143_A,"ILE_117_A,GLU_142_A,VAL_144_A"
VAL_144_A,"ILE_117_A,ALA_143_A,HIS_145_A"
HIS_145_A,"ASP_121_A,VAL_144_A,TYR_146_A"
TYR_146_A,"MET_118_A,GLY_119_A,ASP_121_A,HIS_145_A,GLY_147_A,ILE_173_A,TYR_176_A"
GLY_147_A,"TYR_146_A,VAL_148_A"
VAL_148_A,"HIS_124_A,GLY_147_A,SER_149_A,PRO_350_A"
SER_149_A,"VAL_148_A,GLN_150_A,GLU_151_A,GLU_153_A,GLN_154_A"
GLN_150_A,"SER_149_A,GLU_151_A,PHE_351_A"
GLU_151_A,"SER_149_A,GLN_150_A,THR_152_A"
THR_152_A,"GLU_151_A,GLU_153_A"
GLU_153_A,"SER_149_A,THR_152_A,GLN_154_A,ASP_322_A,ARG_324_A"
GLN_154_A,"SER_149_A,GLU_153_A,LEU_155_A"
LEU_155_A,"GLN_154_A,ASP_156_A,ILE_160_A,TYR_179_A"
ASP_156_A,"LEU_155_A,TYR_157_A,ASP_158_A"
TYR_157_A,"ASP_156_A,ASP_158_A,ASN_184_A,LYS_187_A,PHE_188_A"
ASP_158_A,"ASP_156_A,TYR_157_A,HIS_159_A"
HIS_159_A,"ASP_158_A,ILE_160_A,VAL_163_A"
ILE_160_A,"MET_118_A,LEU_155_A,HIS_159_A,LEU_161_A,ALA_164_A"
LEU_161_A,"ILE_160_A,GLU_162_A,ARG_165_A"
GLU_162_A,"LEU_161_A,VAL_163_A,ARG_165_A"
VAL_163_A,"MET_118_A,HIS_159_A,GLU_162_A,ALA_164_A,GLU_167_A"
ALA_164_A,"ILE_160_A,VAL_163_A,ARG_165_A,ARG_168_A,ILE_191_A"
ARG_165_A,"LEU_161_A,GLU_162_A,ALA_164_A,GLN_166_A,GLU_194_A"
GLN_166_A,"ARG_165_A,GLU_167_A"
GLU_167_A,"LYS_116_A,GLU_142_A,VAL_163_A,GLN_166_A,ARG_168_A"
ARG_168_A,"ALA_164_A,GLU_167_A"
PRO_169_A,"MET_118_A,LYS_170_A,ILE_172_A"
LYS_170_A,"LYS_112_A,ASP_115_A,LYS_116_A,PRO_169_A,LEU_171_A,TYR_198_A"
LEU_171_A,"PHE_107_A,MET_118_A,LYS_170_A,ILE_172_A,TYR_198_A"
ILE_172_A,"PRO_169_A,LEU_171_A,ILE_173_A,TYR_198_A,LEU_200_A"
ILE_173_A,"MET_118_A,TYR_146_A,ILE_172_A,CYS_174_A"
CYS_174_A,"ILE_173_A,GLY_175_A,PHE_188_A,LEU_200_A,ASP_202_A"
GLY_175_A,"CYS_174_A,TYR_176_A"
TYR_176_A,"MET_120_A,TYR_146_A,GLY_175_A,SER_177_A,TYR_179_A,ILE_183_A"
SER_177_A,"GLY_125_A,TYR_176_A,ALA_178_A,ARG_363_A"
ALA_178_A,"SER_177_A,TYR_179_A"
TYR_179_A,"LEU_155_A,TYR_176_A,ALA_178_A,ASN_316_A"
PRO_180_A,"ARG_181_A,ASP_315_A"
ARG_181_A,"PRO_180_A,ILE_182_A,SER_311_A,ASP_315_A"
ILE_182_A,"ARG_181_A,ILE_183_A,PRO_216_A,ASP_315_A"
ILE_183_A,"TYR_176_A,ILE_182_A,ASN_184_A,PHE_185_A"
ASN_184_A,"TYR_157_A,ILE_183_A,PHE_185_A,LYS_187_A"
PHE_185_A,"ILE_183_A,ASN_184_A,GLU_186_A,ARG_189_A,PRO_218_A"
GLU_186_A,"PHE_185_A,LYS_187_A,HIS_221_A"
LYS_187_A,"TYR_157_A,ASN_184_A,GLU_186_A,PHE_188_A,ILE_191_A"
PHE_188_A,"TYR_157_A,CYS_174_A,LYS_187_A,ARG_189_A,ALA_192_A"
ARG_189_A,"PHE_185_A,PHE_188_A,ALA_190_A,ASP_193_A,HIS_221_A,ASP_223_A,ARG_244_A"
ALA_190_A,"ARG_189_A,ILE_191_A"
ILE_191_A,"ALA_164_A,LYS_187_A,ALA_190_A,ALA_192_A"
ALA_192_A,"PHE_188_A,ILE_191_A,ASP_193_A,GLY_196_A,ALA_197_A"
ASP_193_A,"ARG_189_A,ALA_192_A,GLU_194_A"
GLU_194_A,"ARG_165_A,ASP_193_A,VAL_195_A"
VAL_195_A,"GLU_194_A,GLY_196_A"
GLY_196_A,"ALA_192_A,VAL_195_A,ALA_197_A"
ALA_197_A,"ALA_192_A,GLY_196_A,TYR_198_A"
TYR_198_A,"LYS_170_A,LEU_171_A,ILE_172_A,ALA_197_A,LEU_199_A"
LEU_199_A,"TYR_198_A,LEU_200_A,ASP_223_A"
LEU_200_A,"ILE_172_A,CYS_174_A,LEU_199_A,ALA_201_A,THR_226_A"
ALA_201_A,"LEU_200_A,ASP_202_A,PRO_218_A,THR_226_A"
ASP_202_A,"ASN_103_A,HIS_127_A,HIS_130_A,CYS_174_A,ALA_201_A,ILE_203_A"
ILE_203_A,"ASP_202_A,ALA_204_A,ILE_206_A,ALA_207_A,PRO_218_A,VAL_225_A,THR_226_A"
ALA_204_A,"ILE_203_A,HIS_205_A"
HIS_205_A,"ALA_204_A,ILE_206_A,LYS_231_A,THR_232_A,HIS_317_A,ARG_363_A"
ILE_206_A,"ILE_203_A,HIS_205_A,ALA_207_A,LEU_209_A,VAL_210_A"
ALA_207_A,"ILE_203_A,ILE_206_A,GLY_208_A,ALA_211_A"
GLY_208_A,"ALA_207_A,LEU_209_A,THR_232_A"
LEU_209_A,"ILE_206_A,GLY_208_A,VAL_210_A,HIS_214_A,ASN_316_A"
VAL_210_A,"ILE_206_A,LEU_209_A,ALA_211_A"
ALA_211_A,"LEU_86_A,ALA_207_A,VAL_210_A,SER_212_A"
SER_212_A,"ALA_211_A,GLY_213_A"
GLY_213_A,"SER_212_A,HIS_214_A"
HIS_214_A,"LEU_209_A,GLY_213_A,HIS_215_A,ILE_292_A"
HIS_215_A,"HIS_214_A,PRO_216_A"
PRO_216_A,"ILE_182_A,HIS_215_A,ASN_217_A"
ASN_217_A,"PRO_216_A,VAL_219_A"
PRO_218_A,"PHE_185_A,ALA_201_A,ILE_203_A,VAL_219_A,HIS_221_A,VAL_225_A"
VAL_219_A,"ASN_217_A,PRO_218_A,VAL_225_A"
PRO_220_A,"HIS_221_A,ARG_244_A"
HIS_221_A,"GLU_186_A,ARG_189_A,PRO_218_A,PRO_220_A,CYS_222_A"
CYS_222_A,"HIS_221_A,ASP_223_A"
ASP_223_A,"ARG_189_A,LEU_199_A,CYS_222_A,VAL_224_A,THR_243_A,ARG_244_A"
VAL_224_A,"ASP_223_A,VAL_225_A,ILE_241_A,PHE_252_A"
VAL_225_A,"ILE_203_A,PRO_218_A,VAL_219_A,VAL_224_A,THR_226_A,LEU_242_A"
THR_226_A,"ASN_103_A,VAL_106_A,LEU_200_A,ALA_201_A,ILE_203_A,VAL_225_A,THR_227_A"
THR_227_A,"THR_226_A,THR_228_A,LEU_240_A"
THR_228_A,"THR_227_A,THR_229_A"
THR_229_A,"THR_228_A,HIS_230_A,GLY_235_A,PRO_236_A,GLY_238_A"
HIS_230_A,"THR_229_A,LYS_231_A,ARG_237_A"
LYS_231_A,"HIS_127_A,HIS_205_A,HIS_230_A,THR_232_A,ARG_363_A"
THR_232_A,"HIS_205_A,GLY_208_A,LYS_231_A,LEU_233_A,PRO_367_A"
LEU_233_A,"THR_232_A,ARG_234_A"
ARG_234_A,"THR_40_A,LEU_233_A,GLY_235_A,GLU_278_A"
GLY_235_A,"THR_229_A,ARG_234_A"
PRO_236_A,"VAL_44_A,THR_229_A,ARG_237_A,LYS_272_A"
ARG_237_A,"GLU_37_A,HIS_230_A,PRO_236_A,GLY_238_A"
GLY_238_A,"THR_229_A,ARG_237_A,GLY_239_A"
GLY_239_A,"PRO_96_A,GLY_238_A,LEU_240_A,LYS_272_A"
LEU_240_A,"VAL_94_A,THR_227_A,GLY_239_A,ILE_241_A"
ILE_241_A,"ASN_93_A,VAL_224_A,LEU_240_A,LEU_242_A,VAL_256_A"
LEU_242_A,"PHE_87_A,VAL_225_A,ILE_241_A,THR_243_A"
THR_243_A,"ASP_223_A,LEU_242_A,ARG_244_A"
ARG_244_A,"ARG_189_A,PRO_220_A,ASP_223_A,THR_243_A,ASP_245_A"
ASP_245_A,"ARG_244_A,GLU_247_A,GLY_249_A"
PRO_246_A,GLU_247_A
GLU_247_A,"ASP_245_A,PRO_246_A,LEU_248_A,LYS_250_A"
LEU_248_A,"GLU_247_A,GLY_249_A,LYS_251_A,PHE_252_A"
GLY_249_A,"ASP_245_A,LEU_248_A,LYS_250_A,ASN_253_A"
LYS_250_A,"GLU_247_A,GLY_249_A,LYS_251_A"
LYS_251_A,"THR_109_A,LEU_248_A,LYS_250_A,PHE_252_A"
PHE_252_A,"THR_109_A,VAL_224_A,LEU_248_A,LYS_251_A,ASN_253_A,VAL_256_A"
ASN_253_A,"ASN_93_A,GLY_249_A,PHE_252_A,LYS_254_A,PHE_257_A"
LYS_254_A,"ASN_253_A,SER_255_A,GLY_259_A"
SER_255_A,"THR_109_A,LYS_254_A,VAL_256_A,THR_260_A"
VAL_256_A,"ILE_241_A,PHE_252_A,SER_255_A,PHE_257_A,GLN_261_A"
PHE_257_A,"GLU_58_A,TYR_65_A,ASN_253_A,VAL_256_A"
PRO_258_A,GLY_259_A
GLY_259_A,"LYS_254_A,PRO_258_A,THR_260_A"
THR_260_A,"SER_255_A,GLY_259_A,GLN_261_A"
GLN_261_A,"GLN_95_A,HIS_97_A,VAL_256_A,THR_260_A,GLY_262_A"
GLY_262_A,"GLN_261_A,GLY_263_A"
GLY_263_A,GLY_262_A
PRO_264_A,"GLN_95_A,LEU_265_A,ILE_269_A"
LEU_265_A,"PRO_264_A,GLU_266_A,VAL_268_A,ILE_269_A"
GLU_266_A,"ARG_64_A,GLU_76_A,LEU_265_A,HIS_267_A,ALA_270_A"
HIS_267_A,"LEU_52_A,GLU_266_A,VAL_268_A"
VAL_268_A,"LEU_265_A,HIS_267_A,ILE_269_A,GLY_271_A,LYS_272_A"
ILE_269_A,"PRO_264_A,LEU_265_A,VAL_268_A,ALA_270_A,ALA_273_A"
ALA_270_A,"LEU_52_A,ILE_75_A,GLU_266_A,ILE_269_A,GLY_271_A,VAL_274_A"
GLY_271_A,"VAL_268_A,ALA_270_A,LYS_272_A,ALA_275_A"
LYS_272_A,"VAL_94_A,PRO_96_A,PRO_236_A,GLY_239_A,VAL_268_A,GLY_271_A,ALA_273_A,PHE_276_A"
ALA_273_A,"ARG_82_A,ILE_269_A,LYS_272_A,VAL_274_A,GLY_277_A"
VAL_274_A,"ALA_43_A,THR_47_A,ALA_270_A,ALA_273_A,ALA_275_A,GLU_278_A"
ALA_275_A,"GLY_271_A,VAL_274_A,PHE_276_A,ALA_279_A"
PHE_276_A,"ARG_82_A,ALA_83_A,LYS_272_A,ALA_275_A,GLY_277_A"
GLY_277_A,"ALA_273_A,PHE_276_A,GLU_278_A"
GLU_278_A,"SER_41_A,ARG_234_A,VAL_274_A,GLY_277_A,ALA_279_A,LYS_281_A"
ALA_279_A,"LEU_86_A,ALA_275_A,GLU_278_A,LEU_280_A,PHE_284_A"
LEU_280_A,"LEU_86_A,ALA_279_A,LYS_281_A"
LYS_281_A,"GLU_278_A,LEU_280_A"
PRO_282_A,GLU_283_A
GLU_283_A,"PRO_282_A,PHE_284_A,TYR_287_A"
PHE_284_A,"ALA_279_A,GLU_283_A,LYS_285_A,TYR_287_A,SER_288_A"
LYS_285_A,"PHE_284_A,ALA_286_A"
ALA_286_A,"LYS_285_A,TYR_287_A,GLN_290_A"
TYR_287_A,"GLU_283_A,PHE_284_A,ALA_286_A,SER_288_A,VAL_291_A,PRO_367_A,THR_370_A,THR_371_A"
SER_288_A,"PHE_284_A,TYR_287_A,GLY_289_A"
GLY_289_A,"SER_288_A,GLN_290_A,ALA_293_A"
GLN_290_A,"ALA_286_A,GLY_289_A,VAL_291_A,ASN_294_A,THR_370_A"
VAL_291_A,"TYR_287_A,GLN_290_A,ILE_292_A,ALA_295_A,HIS_317_A,SER_366_A"
ILE_292_A,"HIS_214_A,VAL_291_A,ALA_293_A,GLN_296_A"
ALA_293_A,"GLY_289_A,ILE_292_A,ASN_294_A,ALA_297_A"
ASN_294_A,"GLN_290_A,ALA_293_A,ALA_295_A,THR_370_A,LEU_374_A,PHE_379_A"
ALA_295_A,"VAL_291_A,ASN_294_A,GLN_296_A,ALA_299_A"
GLN_296_A,"ILE_292_A,ALA_295_A,ALA_297_A,GLN_300_A,THR_314_A"
ALA_297_A,"ALA_293_A,GLN_296_A,MET_298_A"
MET_298_A,"ALA_297_A,ALA_299_A,LEU_302_A,MET_319_A"
ALA_299_A,"ALA_295_A,MET_298_A,GLN_300_A,GLN_303_A"
GLN_300_A,"GLN_296_A,ALA_299_A,GLN_301_A,ASN_304_A"
GLN_301_A,"GLN_300_A,LEU_302_A,ARG_305_A,ALA_383_A,ASN_384_A"
LEU_302_A,"MET_298_A,GLN_301_A,GLN_303_A,PHE_307_A"
GLN_303_A,"ALA_299_A,LEU_302_A,ASN_304_A,GLY_306_A,ILE_309_A"
ASN_304_A,"GLN_300_A,GLN_303_A,ARG_305_A"
ARG_305_A,"GLN_301_A,ASN_304_A,GLY_306_A,ASN_384_A,ALA_387_A,ASP_388_A,GLN_391_A,ARG_405_A"
GLY_306_A,"GLN_303_A,ARG_305_A,PHE_307_A"
PHE_307_A,"LEU_302_A,GLY_306_A,LYS_308_A,ALA_387_A,LEU_390_A"
LYS_308_A,"PHE_307_A,ILE_309_A,ASP_322_A"
ILE_309_A,"GLN_303_A,LYS_308_A,VAL_310_A,GLY_312_A"
VAL_310_A,"ILE_309_A,SER_311_A,LEU_320_A"
SER_311_A,"ARG_181_A,VAL_310_A,GLY_312_A"
GLY_312_A,"ILE_309_A,SER_311_A,GLY_313_A"
GLY_313_A,"GLY_312_A,THR_314_A"
THR_314_A,"GLN_296_A,GLY_313_A,ASP_315_A,ASN_316_A,LEU_318_A"
ASP_315_A,"PRO_180_A,ARG_181_A,ILE_182_A,THR_314_A,ASN_316_A"
ASN_316_A,"TYR_179_A,LEU_209_A,THR_314_A,ASP_315_A,HIS_317_A"
HIS_317_A,"HIS_205_A,VAL_291_A,ASN_316_A,LEU_318_A,PRO_367_A"
LEU_318_A,"ALA_35_A,THR_314_A,HIS_317_A,MET_319_A"
MET_319_A,"MET_298_A,LEU_318_A,LEU_320_A,LEU_364_A"
LEU_320_A,"VAL_310_A,MET_319_A,VAL_321_A,ARG_363_A"
VAL_321_A,"LEU_320_A,ASP_322_A,LEU_362_A"
ASP_322_A,"GLU_153_A,LYS_308_A,VAL_321_A,LEU_323_A,ARG_324_A"
LEU_323_A,"ASP_322_A,ARG_324_A,ALA_333_A,SER_360_A"
ARG_324_A,"GLU_153_A,ASP_322_A,LEU_323_A,SER_325_A"
SER_325_A,"ARG_324_A,VAL_326_A"
VAL_326_A,"SER_325_A,ASN_327_A,LEU_328_A"
ASN_327_A,"VAL_326_A,LEU_328_A"
LEU_328_A,"VAL_326_A,ASN_327_A,THR_329_A"
THR_329_A,"LEU_328_A,GLY_330_A,GLN_332_A,ALA_333_A,VAL_358_A"
GLY_330_A,"THR_329_A,LYS_331_A,ASP_334_A,THR_359_A"
LYS_331_A,"GLY_330_A,GLN_332_A,GLN_335_A,VAL_358_A"
GLN_332_A,"THR_329_A,LYS_331_A,ALA_333_A,LEU_336_A"
ALA_333_A,"LEU_323_A,THR_329_A,GLN_332_A,ASP_334_A"
ASP_334_A,"GLY_330_A,ALA_333_A,GLN_335_A,SER_338_A,LEU_362_A"
GLN_335_A,"LYS_331_A,ASP_334_A,LEU_336_A,SER_338_A,ASP_339_A"
LEU_336_A,"GLN_332_A,GLN_335_A,VAL_337_A"
VAL_337_A,"LEU_336_A,SER_338_A,VAL_340_A"
SER_338_A,"ASP_334_A,GLN_335_A,VAL_337_A,ASP_339_A,ASN_341_A"
ASP_339_A,"GLN_335_A,SER_338_A,VAL_340_A,ARG_389_A,LYS_399_A"
VAL_340_A,"VAL_337_A,ASP_339_A,ASN_341_A,CYS_402_A"
ASN_341_A,"LEU_31_A,SER_338_A,VAL_340_A,ILE_342_A"
ILE_342_A,"LEU_33_A,ASN_341_A,THR_343_A,ILE_386_A"
THR_343_A,"LEU_31_A,LEU_33_A,ILE_34_A,ILE_342_A,ALA_344_A"
ALA_344_A,"THR_343_A,ASN_345_A,LEU_364_A"
ASN_345_A,"ALA_344_A,LYS_346_A,ARG_363_A"
LYS_346_A,"ASN_345_A,ASN_347_A"
ASN_347_A,"LYS_346_A,THR_348_A,GLY_361_A"
THR_348_A,"ASN_347_A,VAL_349_A"
VAL_349_A,THR_348_A
PRO_350_A,"VAL_148_A,PHE_351_A"
PHE_351_A,"GLN_150_A,PRO_350_A,ASP_352_A"
ASP_352_A,"PHE_351_A,GLU_354_A,SER_360_A"
PRO_353_A,GLU_354_A
GLU_354_A,"ASP_352_A,PRO_353_A,SER_355_A"
SER_355_A,"GLU_354_A,VAL_358_A,THR_359_A"
PRO_356_A,PHE_357_A
PHE_357_A,"PRO_356_A,VAL_358_A"
VAL_358_A,"THR_329_A,LYS_331_A,SER_355_A,PHE_357_A,THR_359_A"
THR_359_A,"GLY_330_A,SER_355_A,VAL_358_A,SER_360_A"
SER_360_A,"LEU_323_A,ASP_352_A,THR_359_A,GLY_361_A"
GLY_361_A,"ASN_347_A,SER_360_A,LEU_362_A"
LEU_362_A,"VAL_321_A,ASP_334_A,GLY_361_A,ARG_363_A"
ARG_363_A,"SER_177_A,HIS_205_A,LYS_231_A,LEU_320_A,ASN_345_A,LEU_362_A,LEU_364_A"
LEU_364_A,"MET_319_A,ALA_344_A,ARG_363_A,GLY_365_A"
GLY_365_A,"LEU_33_A,LEU_364_A,SER_366_A"
SER_366_A,"VAL_291_A,GLY_365_A,THR_370_A"
PRO_367_A,"THR_232_A,TYR_287_A,HIS_317_A,ALA_368_A"
ALA_368_A,"PHE_39_A,PRO_367_A,MET_369_A"
MET_369_A,"ALA_368_A,THR_370_A,PHE_379_A"
THR_370_A,"TYR_287_A,GLN_290_A,ASN_294_A,SER_366_A,MET_369_A,THR_371_A,GLY_373_A"
THR_371_A,"ASN_38_A,TYR_287_A,THR_370_A,ARG_372_A"
ARG_372_A,"ARG_28_A,THR_371_A,GLY_373_A,PHE_413_A"
GLY_373_A,"THR_370_A,ARG_372_A,LEU_374_A"
LEU_374_A,"ASN_294_A,GLY_373_A,GLY_375_A,ASP_378_A,PHE_379_A,ILE_382_A,PHE_413_A"
GLY_375_A,"LEU_374_A,THR_376_A,ASP_378_A"
THR_376_A,"GLY_375_A,GLU_377_A,ALA_380_A"
GLU_377_A,"THR_376_A,ASP_378_A,GLU_381_A"
ASP_378_A,"LEU_374_A,GLY_375_A,GLU_377_A,PHE_379_A,ILE_382_A,ARG_412_A"
PHE_379_A,"ASN_294_A,MET_369_A,LEU_374_A,ASP_378_A,ALA_380_A,ALA_383_A"
ALA_380_A,"THR_376_A,PHE_379_A,GLU_381_A,ASN_384_A"
GLU_381_A,"GLU_377_A,ALA_380_A,ILE_382_A,ILE_385_A,ARG_405_A"
ILE_382_A,"LEU_31_A,LEU_33_A,LEU_374_A,ASP_378_A,GLU_381_A,ALA_383_A,ILE_386_A"
ALA_383_A,"GLN_301_A,PHE_379_A,ILE_382_A,ASN_384_A,ALA_387_A"
ASN_384_A,"GLN_301_A,ARG_305_A,ALA_380_A,ALA_383_A,ILE_385_A,ASP_388_A"
ILE_385_A,"GLU_381_A,ASN_384_A,ILE_386_A,CYS_402_A,ARG_405_A"
ILE_386_A,"ILE_342_A,ILE_382_A,ILE_385_A,ALA_387_A,LEU_390_A"
ALA_387_A,"ARG_305_A,PHE_307_A,ALA_383_A,ILE_386_A,ASP_388_A,GLN_391_A"
ASP_388_A,"ARG_305_A,ASN_384_A,ALA_387_A,ARG_389_A,ASN_392_A,ARG_405_A"
ARG_389_A,"ASP_339_A,ASP_388_A,LEU_390_A,GLU_396_A,LYS_399_A"
LEU_390_A,"PHE_307_A,ILE_386_A,ARG_389_A,GLN_391_A"
GLN_391_A,"ARG_305_A,ALA_387_A,LEU_390_A,ASN_392_A"
ASN_392_A,"ASP_388_A,GLN_391_A,ASP_395_A"
PRO_393_A,GLU_394_A
GLU_394_A,"PRO_393_A,ASP_395_A"
ASP_395_A,"ASN_392_A,GLU_394_A,GLU_396_A,GLN_397_A,VAL_398_A,LYS_399_A"
GLU_396_A,"ARG_389_A,ASP_395_A,GLN_397_A,LYS_399_A"
GLN_397_A,"ASP_395_A,GLU_396_A,VAL_398_A,ALA_401_A"
VAL_398_A,"ASP_395_A,GLN_397_A,LYS_399_A,CYS_402_A"
LYS_399_A,"ASP_339_A,ARG_389_A,ASP_395_A,GLU_396_A,VAL_398_A,GLN_400_A,VAL_403_A"
GLN_400_A,"LYS_399_A,ALA_401_A,GLN_404_A"
ALA_401_A,"GLN_397_A,GLN_400_A,CYS_402_A,ARG_405_A"
CYS_402_A,"VAL_340_A,ILE_385_A,VAL_398_A,ALA_401_A,VAL_403_A,VAL_406_A"
VAL_403_A,"LYS_399_A,CYS_402_A,GLN_404_A,ALA_407_A"
GLN_404_A,"GLN_400_A,VAL_403_A,ARG_405_A,ALA_408_A"
ARG_405_A,"ARG_305_A,GLU_381_A,ILE_385_A,ASP_388_A,ALA_401_A,GLN_404_A,VAL_406_A"
VAL_406_A,"CYS_402_A,ARG_405_A,ALA_407_A,CYS_410_A"
ALA_407_A,"VAL_403_A,VAL_406_A,ALA_408_A,GLU_411_A"
ALA_408_A,"GLN_404_A,ALA_407_A,LEU_409_A"
LEU_409_A,"ALA_408_A,CYS_410_A"
CYS_410_A,"VAL_406_A,LEU_409_A,GLU_411_A"
GLU_411_A,"ALA_407_A,CYS_410_A,ARG_412_A"
ARG_412_A,"ASP_378_A,GLU_411_A,PHE_413_A"
PHE_413_A,"ARG_372_A,LEU_374_A,ARG_412_A"
PRO_414_A,LEU_415_A
LEU_415_A,"GLN_27_A,PHE_39_A,PRO_414_A,TYR_416_A"
TYR_416_A,"ARG_28_A,THR_40_A,MET_45_A,LEU_415_A,HIS_418_A,LEU_419_A"
PRO_417_A,HIS_418_A
HIS_418_A,"TYR_416_A,PRO_417_A,LEU_419_A"
LEU_419_A,"ARG_28_A,TYR_416_A,HIS_418_A,ASN_420_A"
ASN_420_A,"LEU_419_A,ALA_421_A"
ALA_421_A,ASN_420_A
PRO_422_A,LEU_10_A
