residue_id,neighbors
GLN_-2_A,GLY_-1_A
GLY_-1_A,"GLN_-2_A,HIS_0_A,THR_98_A"
HIS_0_A,"GLY_-1_A,MET_1_A,THR_98_A,MET_258_A,LYS_261_A"
MET_1_A,"HIS_0_A,PHE_2_A"
PHE_2_A,"MET_1_A,PHE_3_A,PRO_99_A,VAL_100_A"
PHE_3_A,"PHE_2_A,THR_4_A,VAL_100_A,MET_190_A,TYR_193_A,VAL_203_A,VAL_205_A"
THR_4_A,"PHE_3_A,ASP_5_A,TRP_10_A,VAL_100_A,ILE_102_A"
ASP_5_A,"THR_4_A,TRP_6_A,LYS_186_A,VAL_205_A,ASP_207_A,ASP_211_A"
TRP_6_A,"ASP_5_A,GLU_7_A,TRP_10_A,VAL_101_A,LEU_110_A,THR_113_A,ILE_117_A"
GLU_7_A,"TRP_6_A,GLY_8_A,ILE_11_A,ASP_14_A,PHE_15_A,TYR_109_A,ARG_301_A"
GLY_8_A,"GLU_7_A,ILE_11_A"
PRO_9_A,TRP_10_A
TRP_10_A,"THR_4_A,TRP_6_A,PRO_9_A,ILE_11_A,VAL_83_A,MET_90_A,LEU_93_A"
ILE_11_A,"GLU_7_A,GLY_8_A,TRP_10_A,LEU_12_A,PHE_82_A"
LEU_12_A,"ILE_11_A,THR_13_A,LYS_81_A,VAL_83_A,LEU_300_A,ARG_301_A"
THR_13_A,"LEU_12_A,ASP_14_A,GLU_18_A,SER_79_A"
ASP_14_A,"GLU_7_A,THR_13_A,PHE_15_A,GLU_18_A,ARG_301_A"
PHE_15_A,"GLU_7_A,ASP_14_A,ALA_16_A,LEU_19_A,TYR_109_A"
ALA_16_A,"PHE_15_A,LEU_17_A,PHE_30_A"
LEU_17_A,"ALA_16_A,GLU_18_A,MET_21_A,PHE_30_A,ALA_304_A,LEU_307_A"
GLU_18_A,"THR_13_A,ASP_14_A,LEU_17_A,LEU_19_A,ALA_22_A"
LEU_19_A,"PHE_15_A,GLU_18_A,CYS_20_A,VAL_23_A,TYR_106_A"
CYS_20_A,"LEU_19_A,MET_21_A,PHE_24_A"
MET_21_A,"LEU_17_A,CYS_20_A,ALA_22_A,ASN_25_A"
ALA_22_A,"GLU_18_A,MET_21_A,VAL_23_A,ILE_75_A"
VAL_23_A,"LEU_19_A,ALA_22_A,PHE_24_A,ALA_65_A,VAL_67_A"
PHE_24_A,"CYS_20_A,VAL_23_A,ASN_25_A,PHE_61_A,ALA_65_A,ILE_147_A"
ASN_25_A,"MET_21_A,PHE_24_A,ASN_26_A"
ASN_26_A,"ASN_25_A,ALA_27_A,PHE_29_A"
ALA_27_A,"ASN_26_A,ARG_28_A,SER_31_A"
ARG_28_A,"ALA_27_A,PHE_29_A,SER_31_A,ASN_32_A,GLU_35_A"
PHE_29_A,"ASN_26_A,ARG_28_A,PHE_30_A,ILE_147_A,ILE_150_A"
PHE_30_A,"ALA_16_A,LEU_17_A,PHE_29_A,SER_31_A,SER_34_A"
SER_31_A,"ALA_27_A,ARG_28_A,PHE_30_A,ASN_32_A,SER_34_A,GLU_35_A"
ASN_32_A,"ARG_28_A,SER_31_A,LEU_33_A,LEU_158_A"
LEU_33_A,"ASN_32_A,SER_34_A"
SER_34_A,"PHE_30_A,SER_31_A,LEU_33_A,GLU_35_A,ASP_38_A"
GLU_35_A,"ARG_28_A,SER_31_A,SER_34_A,TYR_36_A,TYR_39_A"
TYR_36_A,"GLU_35_A,ASP_37_A,LEU_40_A,LEU_57_A,PHE_159_A,LEU_162_A,ASP_163_A"
ASP_37_A,"TYR_36_A,ASP_38_A,ALA_41_A,TYR_49_A,GLY_52_A,TYR_53_A"
ASP_38_A,"SER_34_A,ASP_37_A,TYR_39_A,TYR_42_A"
TYR_39_A,"GLU_35_A,ASP_38_A,LEU_40_A,VAL_44_A,PHE_159_A"
LEU_40_A,"TYR_36_A,TYR_39_A,ALA_41_A,ARG_45_A,ARG_46_A,TYR_49_A"
ALA_41_A,"ASP_37_A,LEU_40_A,TYR_42_A,ALA_51_A"
TYR_42_A,"ASP_38_A,ALA_41_A,GLU_43_A,TYR_212_A,TYR_233_A,LYS_236_A"
GLU_43_A,"TYR_42_A,VAL_44_A"
VAL_44_A,"TYR_39_A,GLU_43_A,ARG_45_A"
ARG_45_A,"LEU_40_A,VAL_44_A,ARG_46_A,HIS_237_A"
ARG_46_A,"LEU_40_A,ARG_45_A,GLU_47_A,ASP_163_A"
GLU_47_A,"ARG_46_A,GLY_48_A"
GLY_48_A,"GLU_47_A,TYR_49_A"
TYR_49_A,"ASP_37_A,LEU_40_A,GLY_48_A,GLU_50_A"
GLU_50_A,"TYR_49_A,ALA_51_A,TYR_53_A,GLY_184_A,GLU_185_A,LYS_188_A,LYS_213_A"
ALA_51_A,"ALA_41_A,GLU_50_A,GLY_52_A,ALA_183_A,ILE_209_A"
GLY_52_A,"ASP_37_A,ALA_51_A,TYR_53_A"
TYR_53_A,"ASP_37_A,GLU_50_A,GLY_52_A,THR_54_A,LYS_56_A,LEU_57_A,ALA_180_A,GLU_185_A"
THR_54_A,"TYR_53_A,LEU_55_A,LEU_58_A,GLY_309_A"
LEU_55_A,"THR_54_A,LYS_56_A,THR_59_A,TYR_106_A"
LYS_56_A,"TYR_53_A,LEU_55_A,LEU_57_A,VAL_175_A,GLU_176_A"
LEU_57_A,"TYR_36_A,TYR_53_A,LYS_56_A,LEU_58_A,PHE_166_A"
LEU_58_A,"THR_54_A,LEU_57_A,THR_59_A"
THR_59_A,"LEU_55_A,LEU_58_A,ALA_63_A,TYR_106_A,VAL_128_A,VAL_178_A"
PRO_60_A,"PHE_61_A,ALA_64_A"
PHE_61_A,"PHE_24_A,PRO_60_A,LEU_62_A,ALA_65_A,ILE_146_A,ILE_147_A,LEU_165_A"
LEU_62_A,"PHE_61_A,ALA_63_A,PHE_130_A"
ALA_63_A,"THR_59_A,LEU_62_A,ALA_64_A,GLY_66_A"
ALA_64_A,"PRO_60_A,ALA_63_A,ALA_65_A"
ALA_65_A,"VAL_23_A,PHE_24_A,PHE_61_A,ALA_64_A,GLY_66_A"
GLY_66_A,"ALA_63_A,ALA_65_A,VAL_67_A"
VAL_67_A,"VAL_23_A,GLY_66_A,LYS_68_A"
LYS_68_A,"VAL_67_A,ASN_69_A,ASP_71_A"
ASN_69_A,"LYS_68_A,ARG_70_A,ASP_131_A"
ARG_70_A,"ASN_69_A,ASP_71_A,GLU_73_A,ARG_74_A,GLU_77_A"
ASP_71_A,"LYS_68_A,ARG_70_A,VAL_72_A,ARG_74_A,ILE_75_A"
VAL_72_A,"ASP_71_A,GLU_73_A,ALA_76_A,PHE_130_A"
GLU_73_A,"ARG_70_A,VAL_72_A,ARG_74_A,GLU_77_A,ARG_112_A"
ARG_74_A,"ARG_70_A,ASP_71_A,GLU_73_A,ILE_75_A,GLU_77_A,LEU_78_A"
ILE_75_A,"ALA_22_A,ASP_71_A,ARG_74_A,ALA_76_A,SER_79_A"
ALA_76_A,"VAL_72_A,ILE_75_A,GLU_77_A,TYR_109_A"
GLU_77_A,"ARG_70_A,GLU_73_A,ARG_74_A,ALA_76_A,LEU_78_A,ARG_112_A"
LEU_78_A,"ARG_74_A,GLU_77_A,SER_79_A"
SER_79_A,"THR_13_A,ILE_75_A,LEU_78_A,ALA_80_A"
ALA_80_A,"SER_79_A,LYS_81_A"
LYS_81_A,"LEU_12_A,ALA_80_A,PHE_82_A"
PHE_82_A,"ILE_11_A,LYS_81_A,VAL_83_A,ILE_117_A"
VAL_83_A,"TRP_10_A,LEU_12_A,PHE_82_A,ALA_86_A"
PRO_84_A,"ASP_85_A,ALA_247_A"
ASP_85_A,"PRO_84_A,ALA_86_A,LYS_88_A,ALA_89_A,THR_246_A"
ALA_86_A,"VAL_83_A,ASP_85_A,GLU_87_A,MET_90_A"
GLU_87_A,"ALA_86_A,LYS_88_A,ALA_91_A,ILE_117_A"
LYS_88_A,"ASP_85_A,GLU_87_A,ALA_89_A,THR_92_A"
ALA_89_A,"ASP_85_A,LYS_88_A,MET_90_A,LEU_93_A,ALA_247_A"
MET_90_A,"TRP_10_A,ALA_86_A,ALA_89_A,ALA_91_A,GLN_94_A,VAL_119_A"
ALA_91_A,"GLU_87_A,MET_90_A,THR_92_A"
THR_92_A,"LYS_88_A,ALA_91_A,LEU_93_A"
LEU_93_A,"TRP_10_A,ALA_89_A,THR_92_A,GLN_94_A,TRP_97_A,ILE_254_A"
GLN_94_A,"MET_90_A,LEU_93_A,GLU_95_A,GLY_118_A,ARG_120_A"
GLU_95_A,"GLN_94_A,ARG_96_A"
ARG_96_A,"GLU_95_A,TRP_97_A,GLU_255_A,GLU_259_A"
TRP_97_A,"LEU_93_A,ARG_96_A,THR_98_A,MET_258_A,GLU_259_A"
THR_98_A,"GLY_-1_A,HIS_0_A,TRP_97_A"
PRO_99_A,"PHE_2_A,VAL_100_A"
VAL_100_A,"PHE_2_A,PHE_3_A,THR_4_A,PRO_99_A,VAL_101_A,TYR_193_A"
VAL_101_A,"TRP_6_A,VAL_100_A,ILE_102_A,LEU_110_A,GLU_122_A,LEU_123_A,HIS_124_A"
ILE_102_A,"THR_4_A,VAL_101_A,SER_103_A,LYS_186_A"
SER_103_A,"ILE_102_A,THR_104_A,HIS_124_A"
THR_104_A,"SER_103_A,SER_105_A,THR_126_A"
SER_105_A,"THR_104_A,TYR_106_A"
TYR_106_A,"LEU_19_A,LEU_55_A,THR_59_A,SER_105_A,THR_107_A,GLN_108_A,TYR_109_A,THR_126_A,VAL_128_A,PHE_130_A"
THR_107_A,"TYR_106_A,GLN_108_A,ARG_111_A,THR_126_A"
GLN_108_A,"TYR_106_A,THR_107_A,TYR_109_A,VAL_128_A"
TYR_109_A,"GLU_7_A,PHE_15_A,ALA_76_A,TYR_106_A,GLN_108_A,LEU_110_A,THR_113_A"
LEU_110_A,"TRP_6_A,VAL_101_A,TYR_109_A,ARG_111_A,ALA_114_A"
ARG_111_A,"THR_107_A,LEU_110_A,ARG_112_A"
ARG_112_A,"GLU_73_A,GLU_77_A,ARG_111_A,THR_113_A,SER_115_A"
THR_113_A,"TRP_6_A,TYR_109_A,ARG_112_A,ALA_114_A"
ALA_114_A,"LEU_110_A,THR_113_A,SER_115_A,VAL_119_A"
SER_115_A,"ARG_112_A,ALA_114_A,MET_116_A"
MET_116_A,"SER_115_A,ILE_117_A"
ILE_117_A,"TRP_6_A,PHE_82_A,GLU_87_A,MET_116_A,GLY_118_A"
GLY_118_A,"GLN_94_A,ILE_117_A,VAL_119_A"
VAL_119_A,"MET_90_A,ALA_114_A,GLY_118_A,ARG_120_A"
ARG_120_A,"GLN_94_A,VAL_119_A,GLY_121_A"
GLY_121_A,"ARG_120_A,GLU_122_A"
GLU_122_A,"VAL_101_A,GLY_121_A,LEU_123_A,HIS_124_A,LYS_197_A"
LEU_123_A,"VAL_101_A,GLU_122_A,HIS_124_A"
HIS_124_A,"VAL_101_A,SER_103_A,GLU_122_A,LEU_123_A,GLY_125_A,TYR_193_A"
GLY_125_A,"HIS_124_A,THR_126_A"
THR_126_A,"THR_104_A,TYR_106_A,THR_107_A,GLY_125_A,GLU_127_A,VAL_178_A"
GLU_127_A,"THR_126_A,VAL_128_A,LYS_179_A"
VAL_128_A,"THR_59_A,TYR_106_A,GLN_108_A,GLU_127_A,ASP_129_A,PHE_130_A"
ASP_129_A,"VAL_128_A,PHE_130_A,ASP_131_A,SER_132_A"
PHE_130_A,"LEU_62_A,VAL_72_A,TYR_106_A,VAL_128_A,ASP_129_A,ASP_131_A"
ASP_131_A,"ASN_69_A,ASP_129_A,PHE_130_A,SER_132_A"
SER_132_A,"ASP_129_A,ASP_131_A,ILE_133_A"
ILE_133_A,"SER_132_A,ALA_134_A"
ALA_134_A,"ILE_133_A,VAL_135_A"
VAL_135_A,"ALA_134_A,ARG_140_A"
PRO_136_A,"GLU_137_A,ARG_140_A"
GLU_137_A,"PRO_136_A,GLY_138_A"
GLY_138_A,"GLU_137_A,LEU_139_A,GLU_142_A"
LEU_139_A,"GLY_138_A,ARG_140_A,LEU_143_A"
ARG_140_A,"VAL_135_A,PRO_136_A,LEU_139_A,GLU_141_A,LEU_144_A"
GLU_141_A,"ARG_140_A,GLU_142_A,SER_145_A"
GLU_142_A,"GLY_138_A,GLU_141_A,LEU_143_A,ARG_168_A,GLU_170_A"
LEU_143_A,"LEU_139_A,GLU_142_A,LEU_144_A"
LEU_144_A,"ARG_140_A,LEU_143_A,SER_145_A"
SER_145_A,"GLU_141_A,LEU_144_A,ILE_146_A"
ILE_146_A,"PHE_61_A,SER_145_A,ILE_147_A,ILE_150_A"
ILE_147_A,"PHE_24_A,PHE_29_A,PHE_61_A,ILE_146_A,ASP_148_A,ALA_151_A"
ASP_148_A,"ILE_147_A,VAL_149_A"
VAL_149_A,"ASP_148_A,ILE_150_A,SER_152_A"
ILE_150_A,"PHE_29_A,ILE_146_A,VAL_149_A,ALA_151_A,LEU_162_A"
ALA_151_A,"ILE_147_A,ILE_150_A,SER_152_A"
SER_152_A,"VAL_149_A,ALA_151_A,LEU_153_A"
LEU_153_A,"SER_152_A,SER_154_A,LYS_161_A"
SER_154_A,"LEU_153_A,GLY_155_A"
GLY_155_A,"SER_154_A,GLU_156_A,PHE_159_A"
GLU_156_A,"GLY_155_A,GLU_157_A,ARG_160_A"
GLU_157_A,"GLU_156_A,LEU_158_A,ARG_160_A,LYS_161_A"
LEU_158_A,"ASN_32_A,GLU_157_A,PHE_159_A,LEU_162_A"
PHE_159_A,"TYR_36_A,TYR_39_A,GLY_155_A,LEU_158_A,ARG_160_A,ASP_163_A"
ARG_160_A,"GLU_156_A,GLU_157_A,PHE_159_A,LYS_161_A"
LYS_161_A,"LEU_153_A,GLU_157_A,ARG_160_A,LEU_162_A,GLU_164_A,LEU_165_A,ARG_168_A"
LEU_162_A,"TYR_36_A,ILE_150_A,LEU_158_A,LYS_161_A,ASP_163_A,PHE_166_A"
ASP_163_A,"TYR_36_A,ARG_46_A,PHE_159_A,LEU_162_A,GLU_164_A"
GLU_164_A,"LYS_161_A,ASP_163_A,LEU_165_A,SER_167_A,ARG_168_A"
LEU_165_A,"PHE_61_A,LYS_161_A,GLU_164_A,PHE_166_A"
PHE_166_A,"LEU_57_A,LEU_162_A,LEU_165_A,SER_167_A"
SER_167_A,"GLU_164_A,PHE_166_A,ARG_168_A"
ARG_168_A,"GLU_142_A,LYS_161_A,GLU_164_A,SER_167_A,SER_169_A,ARG_172_A"
SER_169_A,"ARG_168_A,GLU_170_A,LYS_173_A"
GLU_170_A,"GLU_142_A,SER_169_A,VAL_171_A"
VAL_171_A,"GLU_170_A,ARG_172_A,ILE_174_A"
ARG_172_A,"ARG_168_A,VAL_171_A,LYS_173_A,GLU_176_A"
LYS_173_A,"SER_169_A,ARG_172_A,ILE_174_A"
ILE_174_A,"VAL_171_A,LYS_173_A,VAL_175_A,SER_177_A"
VAL_175_A,"LYS_56_A,ILE_174_A,GLU_176_A"
GLU_176_A,"LYS_56_A,ARG_172_A,VAL_175_A,SER_177_A"
SER_177_A,"ILE_174_A,GLU_176_A,VAL_178_A"
VAL_178_A,"THR_59_A,THR_126_A,SER_177_A,LYS_179_A"
LYS_179_A,"GLU_127_A,VAL_178_A,ALA_180_A"
ALA_180_A,"TYR_53_A,LYS_179_A,VAL_181_A"
VAL_181_A,"ALA_180_A,GLY_182_A,LYS_186_A"
GLY_182_A,"VAL_181_A,ALA_183_A,GLU_185_A"
ALA_183_A,"ALA_51_A,GLY_182_A,GLY_184_A"
GLY_184_A,"GLU_50_A,ALA_183_A,GLU_185_A"
GLU_185_A,"GLU_50_A,TYR_53_A,GLY_182_A,GLY_184_A,LYS_186_A,ILE_189_A"
LYS_186_A,"ASP_5_A,ILE_102_A,VAL_181_A,GLU_185_A,ALA_187_A,MET_190_A,ASP_211_A"
ALA_187_A,"LYS_186_A,LYS_188_A,ARG_191_A"
LYS_188_A,"GLU_50_A,ALA_187_A,ILE_189_A,GLY_192_A"
ILE_189_A,"GLU_185_A,LYS_188_A,MET_190_A,TYR_193_A"
MET_190_A,"PHE_3_A,LYS_186_A,ILE_189_A,ARG_191_A,ALA_217_A"
ARG_191_A,"ALA_187_A,MET_190_A,GLY_192_A,GLU_195_A"
GLY_192_A,"LYS_188_A,ARG_191_A,TYR_193_A,SER_196_A"
TYR_193_A,"PHE_3_A,VAL_100_A,HIS_124_A,ILE_189_A,GLY_192_A,CYS_194_A,LYS_197_A"
CYS_194_A,"TYR_193_A,GLU_195_A,ILE_199_A"
GLU_195_A,"ARG_191_A,CYS_194_A,SER_196_A"
SER_196_A,"GLY_192_A,GLU_195_A,LYS_197_A"
LYS_197_A,"GLU_122_A,TYR_193_A,SER_196_A,GLY_198_A"
GLY_198_A,"LYS_197_A,ILE_199_A"
ILE_199_A,"CYS_194_A,GLY_198_A,ASP_200_A"
ASP_200_A,"ILE_199_A,PHE_201_A,GLU_262_A"
PHE_201_A,"ASP_200_A,VAL_224_A,PHE_257_A,LYS_261_A"
PRO_202_A,"VAL_203_A,VAL_224_A"
VAL_203_A,"PHE_3_A,PRO_202_A,VAL_204_A"
VAL_204_A,"VAL_203_A,VAL_205_A,ALA_218_A,ILE_226_A"
VAL_205_A,"PHE_3_A,ASP_5_A,VAL_204_A,GLY_206_A"
GLY_206_A,"VAL_205_A,ASP_207_A,ILE_226_A,PHE_228_A"
ASP_207_A,"ASP_5_A,GLY_206_A,SER_208_A,ASP_211_A,ARG_297_A,ARG_301_A"
SER_208_A,"ASP_207_A,ILE_209_A,SER_310_A"
ILE_209_A,"ALA_51_A,SER_208_A,SER_210_A,TYR_233_A"
SER_210_A,"ILE_209_A,ASP_211_A"
ASP_211_A,"ASP_5_A,LYS_186_A,ASP_207_A,SER_210_A,TYR_212_A,PHE_215_A"
TYR_212_A,"TYR_42_A,ASP_211_A,LYS_213_A,HIS_237_A"
LYS_213_A,"GLU_50_A,TYR_212_A,MET_214_A,ALA_217_A"
MET_214_A,"LYS_213_A,PHE_215_A,ALA_218_A"
PHE_215_A,"ASP_211_A,MET_214_A,GLU_216_A,ARG_219_A,ALA_225_A"
GLU_216_A,"PHE_215_A,ALA_217_A,ARG_219_A,GLY_220_A,HIS_237_A"
ALA_217_A,"MET_190_A,LYS_213_A,GLU_216_A,ALA_218_A"
ALA_218_A,"VAL_204_A,MET_214_A,ALA_217_A,ARG_219_A,GLY_223_A"
ARG_219_A,"PHE_215_A,GLU_216_A,ALA_218_A,GLY_220_A,ASP_239_A"
GLY_220_A,"GLU_216_A,ARG_219_A,LEU_221_A"
LEU_221_A,"GLY_220_A,GLY_222_A"
GLY_222_A,"LEU_221_A,GLY_223_A"
GLY_223_A,"ALA_218_A,GLY_222_A,VAL_224_A"
VAL_224_A,"PHE_201_A,PRO_202_A,GLY_223_A,ALA_225_A,PHE_257_A"
ALA_225_A,"PHE_215_A,VAL_224_A,ILE_226_A,ASP_239_A"
ILE_226_A,"VAL_204_A,GLY_206_A,ALA_225_A,ALA_227_A,ILE_242_A"
ALA_227_A,"ILE_226_A,PHE_228_A,VAL_240_A,ILE_242_A"
PHE_228_A,"GLY_206_A,ALA_227_A,ASN_229_A,GLU_250_A"
ASN_229_A,"PHE_228_A,GLY_230_A,ILE_242_A,SER_244_A,ARG_297_A"
GLY_230_A,"ASN_229_A,ASN_231_A,SER_293_A"
ASN_231_A,"GLY_230_A,GLU_232_A,LEU_235_A"
GLU_232_A,"ASN_231_A,TYR_233_A,LYS_236_A,LYS_294_A"
TYR_233_A,"TYR_42_A,ILE_209_A,GLU_232_A,ALA_234_A"
ALA_234_A,"TYR_233_A,LEU_235_A"
LEU_235_A,"ASN_231_A,ALA_234_A,LYS_236_A,VAL_241_A,PHE_286_A"
LYS_236_A,"TYR_42_A,GLU_232_A,LEU_235_A,HIS_237_A,PHE_286_A"
HIS_237_A,"ARG_45_A,TYR_212_A,GLU_216_A,LYS_236_A,ALA_238_A"
ALA_238_A,"HIS_237_A,ASP_239_A"
ASP_239_A,"ARG_219_A,ALA_225_A,ALA_238_A,VAL_240_A,MET_281_A"
VAL_240_A,"ALA_227_A,ASP_239_A,VAL_241_A,PHE_265_A"
VAL_241_A,"LEU_235_A,VAL_240_A,ILE_242_A,TYR_279_A,MET_281_A"
ILE_242_A,"ILE_226_A,ALA_227_A,ASN_229_A,VAL_241_A,ILE_243_A,VAL_253_A"
ILE_243_A,"ILE_242_A,SER_244_A,GLU_277_A,LYS_292_A,MET_296_A"
SER_244_A,"ASN_229_A,ILE_243_A,THR_276_A"
PRO_245_A,THR_246_A
THR_246_A,"ASP_85_A,PRO_245_A,ALA_247_A,MET_248_A,SER_249_A,ILE_273_A"
ALA_247_A,"PRO_84_A,ALA_89_A,THR_246_A,MET_248_A"
MET_248_A,"THR_246_A,ALA_247_A,SER_249_A"
SER_249_A,"THR_246_A,MET_248_A,GLU_250_A"
GLU_250_A,"PHE_228_A,SER_249_A,ALA_251_A,ILE_254_A"
ALA_251_A,"GLU_250_A,LYS_252_A,GLU_255_A"
LYS_252_A,"ALA_251_A,VAL_253_A,GLU_255_A,LEU_256_A"
VAL_253_A,"ILE_242_A,LYS_252_A,ILE_254_A,ILE_278_A"
ILE_254_A,"LEU_93_A,GLU_250_A,VAL_253_A,GLU_255_A,MET_258_A"
GLU_255_A,"ARG_96_A,ALA_251_A,LYS_252_A,ILE_254_A,LEU_256_A,GLU_259_A,ARG_260_A"
LEU_256_A,"LYS_252_A,GLU_255_A,PHE_257_A,ARG_260_A,VAL_271_A"
PHE_257_A,"PHE_201_A,VAL_224_A,LEU_256_A,MET_258_A,LYS_261_A,ALA_264_A,PHE_265_A"
MET_258_A,"HIS_0_A,TRP_97_A,ILE_254_A,PHE_257_A,GLU_259_A,LYS_261_A"
GLU_259_A,"ARG_96_A,TRP_97_A,GLU_255_A,MET_258_A,ARG_260_A"
ARG_260_A,"GLU_255_A,LEU_256_A,GLU_259_A,LYS_261_A,ARG_263_A"
LYS_261_A,"HIS_0_A,PHE_201_A,PHE_257_A,MET_258_A,ARG_260_A,GLU_262_A,ARG_263_A,ALA_264_A"
GLU_262_A,"ASP_200_A,LYS_261_A,ARG_263_A"
ARG_263_A,"ARG_260_A,LYS_261_A,GLU_262_A,ALA_264_A,GLU_266_A"
ALA_264_A,"PHE_257_A,LYS_261_A,ARG_263_A,PHE_265_A"
PHE_265_A,"VAL_240_A,PHE_257_A,ALA_264_A,GLU_266_A"
GLU_266_A,"ARG_263_A,PHE_265_A,VAL_267_A"
VAL_267_A,"GLU_266_A,LEU_268_A,ALA_270_A"
LEU_268_A,"VAL_267_A,SER_269_A"
SER_269_A,"LEU_268_A,ALA_270_A"
ALA_270_A,"VAL_267_A,SER_269_A,VAL_271_A"
VAL_271_A,"LEU_256_A,ALA_270_A,SER_272_A,ILE_273_A,ILE_278_A"
SER_272_A,"VAL_271_A,ILE_273_A"
ILE_273_A,"THR_246_A,VAL_271_A,SER_272_A"
PRO_274_A,GLU_275_A
GLU_275_A,"PRO_274_A,THR_276_A,ARG_299_A"
THR_276_A,"SER_244_A,GLU_275_A,GLU_277_A"
GLU_277_A,"ILE_243_A,THR_276_A,ILE_278_A,TYR_279_A,GLU_288_A,LYS_292_A"
ILE_278_A,"VAL_253_A,VAL_271_A,GLU_277_A,TYR_279_A"
TYR_279_A,"VAL_241_A,GLU_277_A,ILE_278_A,ILE_280_A,VAL_289_A,LYS_292_A"
ILE_280_A,"TYR_279_A,MET_281_A,ASN_283_A,SER_284_A"
MET_281_A,"ASP_239_A,VAL_241_A,ILE_280_A,GLU_282_A,PHE_286_A"
GLU_282_A,"MET_281_A,ASN_283_A"
ASN_283_A,"ILE_280_A,GLU_282_A,SER_284_A"
SER_284_A,"ILE_280_A,ASN_283_A,ASP_285_A"
ASP_285_A,"SER_284_A,PHE_286_A,GLU_288_A"
PHE_286_A,"LEU_235_A,LYS_236_A,MET_281_A,ASP_285_A,GLY_287_A,LEU_290_A"
GLY_287_A,"PHE_286_A,GLU_288_A,GLU_291_A"
GLU_288_A,"GLU_277_A,ASP_285_A,GLY_287_A,VAL_289_A,LYS_292_A"
VAL_289_A,"TYR_279_A,GLU_288_A,LEU_290_A,SER_293_A"
LEU_290_A,"PHE_286_A,VAL_289_A,GLU_291_A,LYS_294_A"
GLU_291_A,"GLY_287_A,LEU_290_A,LYS_292_A,ARG_295_A"
LYS_292_A,"ILE_243_A,GLU_277_A,TYR_279_A,GLU_288_A,GLU_291_A,SER_293_A"
SER_293_A,"GLY_230_A,VAL_289_A,LYS_292_A,LYS_294_A,ARG_297_A"
LYS_294_A,"GLU_232_A,LEU_290_A,SER_293_A,ARG_295_A"
ARG_295_A,"GLU_291_A,LYS_294_A,MET_296_A,ARG_299_A"
MET_296_A,"ILE_243_A,ARG_295_A,ARG_297_A,LEU_300_A"
ARG_297_A,"ASP_207_A,ASN_229_A,SER_293_A,MET_296_A,VAL_298_A,ARG_301_A,GLY_305_A"
VAL_298_A,"ARG_297_A,ARG_299_A,GLY_302_A"
ARG_299_A,"GLU_275_A,ARG_295_A,VAL_298_A,LEU_300_A"
LEU_300_A,"LEU_12_A,MET_296_A,ARG_299_A,ARG_301_A"
ARG_301_A,"GLU_7_A,LEU_12_A,ASP_14_A,ASP_207_A,ARG_297_A,LEU_300_A,GLY_302_A"
GLY_302_A,"VAL_298_A,ARG_301_A,LEU_303_A,GLY_305_A"
LEU_303_A,"GLY_302_A,ALA_304_A,GLU_306_A"
ALA_304_A,"LEU_17_A,LEU_303_A,GLY_305_A"
GLY_305_A,"ARG_297_A,GLY_302_A,ALA_304_A,GLU_306_A"
GLU_306_A,"LEU_303_A,GLY_305_A,LEU_307_A"
LEU_307_A,"LEU_17_A,GLU_306_A,GLY_308_A"
GLY_308_A,"LEU_307_A,GLY_309_A"
GLY_309_A,"THR_54_A,GLY_308_A,SER_310_A"
SER_310_A,"SER_208_A,GLY_309_A"
