residue_id,neighbors
GLU_6_A,MET_7_A
MET_7_A,"GLU_6_A,GLU_8_A,TYR_150_A"
GLU_8_A,"MET_7_A,VAL_9_A,GLU_147_A,GLU_148_A"
VAL_9_A,"GLU_8_A,VAL_10_A,TRP_103_A"
VAL_10_A,"VAL_9_A,LYS_11_A,ALA_81_A,VAL_104_A"
LYS_11_A,"VAL_10_A,GLY_12_A,ASP_79_A"
GLY_12_A,"LYS_11_A,LEU_13_A,ASP_79_A"
LEU_13_A,"GLY_12_A,ASN_14_A"
ASN_14_A,"LEU_13_A,VAL_15_A,TYR_18_A,TYR_111_A"
VAL_15_A,"ASN_14_A,GLU_16_A,LEU_46_A"
GLU_16_A,"VAL_15_A,ARG_17_A"
ARG_17_A,"GLU_16_A,TYR_18_A,ASP_110_A,TYR_111_A,ARG_129_A"
TYR_18_A,"ASN_14_A,ARG_17_A,MET_19_A,TRP_22_A,TYR_44_A,TYR_102_A,ILE_107_A"
MET_19_A,"TYR_18_A,GLY_20_A,TYR_44_A,ARG_129_A"
GLY_20_A,"MET_19_A,ARG_21_A,TYR_44_A"
ARG_21_A,"GLY_20_A,TRP_22_A,ARG_41_A,GLU_57_A"
TRP_22_A,"TYR_18_A,ARG_21_A,TYR_23_A,ALA_42_A,LEU_127_A"
TYR_23_A,"TRP_22_A,GLU_24_A,SER_128_A"
GLU_24_A,"TYR_23_A,ILE_25_A,GLN_33_A,THR_40_A,THR_158_A,GLN_160_A"
ILE_25_A,"GLU_24_A,ALA_26_A,ILE_126_A,TYR_138_A,THR_158_A"
ALA_26_A,"ILE_25_A,SER_27_A,ILE_126_A"
SER_27_A,"ALA_26_A,PHE_28_A"
PHE_28_A,"SER_27_A,LEU_124_A"
PRO_29_A,SER_30_A
SER_30_A,"PRO_29_A,ARG_31_A"
ARG_31_A,"SER_30_A,PHE_32_A"
PHE_32_A,"ARG_31_A,GLN_33_A"
GLN_33_A,"GLU_24_A,PHE_32_A"
PRO_34_A,LYS_35_A
LYS_35_A,"PRO_34_A,ASN_36_A"
ASN_36_A,"LYS_35_A,GLY_37_A"
GLY_37_A,"ASN_36_A,VAL_38_A"
VAL_38_A,"GLY_37_A,ASP_39_A,TRP_59_A"
ASP_39_A,"VAL_38_A,THR_40_A,TRP_59_A,PRO_159_A,SER_161_A"
THR_40_A,"GLU_24_A,ASP_39_A,ARG_41_A,THR_58_A"
ARG_41_A,"ARG_21_A,THR_40_A,ALA_42_A,GLU_57_A,ARG_64_A,PRO_165_A,SER_167_A"
ALA_42_A,"TRP_22_A,ARG_41_A,THR_43_A,TYR_44_A"
THR_43_A,"ALA_42_A,TYR_44_A,LEU_55_A"
TYR_44_A,"TYR_18_A,MET_19_A,GLY_20_A,ALA_42_A,THR_43_A,THR_45_A,TYR_102_A"
THR_45_A,"TYR_44_A,LEU_46_A,HIS_53_A"
LEU_46_A,"VAL_15_A,THR_45_A,ASN_47_A"
ASN_47_A,"LEU_46_A,GLY_50_A,THR_51_A"
PRO_48_A,ASP_49_A
ASP_49_A,"PRO_48_A,GLY_50_A,THR_51_A"
GLY_50_A,"ASN_47_A,ASP_49_A,THR_51_A"
THR_51_A,"ASN_47_A,ASP_49_A,GLY_50_A,ILE_52_A"
ILE_52_A,"THR_51_A,HIS_53_A,ALA_71_A"
HIS_53_A,"THR_45_A,ILE_52_A,VAL_54_A,GLU_68_A"
VAL_54_A,"HIS_53_A,LEU_55_A,GLY_69_A"
LEU_55_A,"THR_43_A,VAL_54_A,ASN_56_A"
ASN_56_A,"LEU_55_A,GLU_57_A"
GLU_57_A,"ARG_21_A,ARG_41_A,ASN_56_A,THR_58_A,ARG_64_A,SER_167_A"
THR_58_A,"THR_40_A,GLU_57_A,TRP_59_A,GLY_65_A"
TRP_59_A,"VAL_38_A,ASP_39_A,THR_58_A,SER_60_A,PRO_165_A"
SER_60_A,"TRP_59_A,ASN_61_A,LYS_63_A"
ASN_61_A,"SER_60_A,GLY_62_A"
GLY_62_A,"ASN_61_A,LYS_63_A"
LYS_63_A,"SER_60_A,GLY_62_A,ARG_64_A"
ARG_64_A,"ARG_41_A,GLU_57_A,LYS_63_A,GLY_65_A"
GLY_65_A,"THR_58_A,ARG_64_A,PHE_66_A"
PHE_66_A,"GLY_65_A,ILE_67_A"
ILE_67_A,"PHE_66_A,GLU_68_A,PHE_87_A"
GLU_68_A,"HIS_53_A,ILE_67_A,GLY_69_A,GLU_172_A,ASP_173_A,SER_174_A,LYS_175_A"
GLY_69_A,"VAL_54_A,GLU_68_A,SER_70_A"
SER_70_A,"GLY_69_A,ALA_71_A,LYS_86_A"
ALA_71_A,"ILE_52_A,SER_70_A,TYR_72_A"
TYR_72_A,"ALA_71_A,LYS_73_A,LYS_84_A"
LYS_73_A,"TYR_72_A,ALA_74_A,SER_78_A,GLU_80_A"
ALA_74_A,"LYS_73_A,ASP_75_A,LYS_82_A"
ASP_75_A,"ALA_74_A,LYS_77_A"
PRO_76_A,LYS_77_A
LYS_77_A,"ASP_75_A,PRO_76_A,SER_78_A"
SER_78_A,"LYS_73_A,LYS_77_A,ASP_79_A"
ASP_79_A,"LYS_11_A,GLY_12_A,SER_78_A,GLU_80_A"
GLU_80_A,"LYS_73_A,ASP_79_A,ALA_81_A,LYS_82_A"
ALA_81_A,"VAL_10_A,GLU_80_A,LYS_82_A"
LYS_82_A,"ALA_74_A,GLU_80_A,ALA_81_A,LEU_83_A,TRP_103_A"
LEU_83_A,"LYS_82_A,LYS_84_A,TYR_102_A"
LYS_84_A,"TYR_72_A,LEU_83_A,VAL_85_A,ASP_101_A"
VAL_85_A,"LYS_84_A,LYS_86_A,GLY_100_A,TYR_102_A"
LYS_86_A,"SER_70_A,VAL_85_A,PHE_87_A"
PHE_87_A,"ILE_67_A,LYS_86_A,TYR_88_A,VAL_98_A"
TYR_88_A,"PHE_87_A,VAL_89_A,PRO_94_A,LYS_175_A"
VAL_89_A,"TYR_88_A,ILE_96_A"
PRO_90_A,"PHE_92_A,LEU_93_A"
PRO_91_A,PHE_92_A
PHE_92_A,"PRO_90_A,PRO_91_A,LEU_93_A"
LEU_93_A,"PRO_90_A,PHE_92_A,ILE_95_A"
PRO_94_A,"TYR_88_A,ILE_95_A,LYS_175_A"
ILE_95_A,"LEU_93_A,PRO_94_A,ILE_96_A"
ILE_96_A,"VAL_89_A,ILE_95_A"
PRO_97_A,VAL_98_A
VAL_98_A,"PHE_87_A,PRO_97_A,THR_99_A"
THR_99_A,"VAL_98_A,GLY_100_A"
GLY_100_A,"VAL_85_A,THR_99_A,ASP_101_A"
ASP_101_A,"LYS_84_A,GLY_100_A,TYR_102_A"
TYR_102_A,"TYR_18_A,TYR_44_A,LEU_83_A,VAL_85_A,ASP_101_A,TRP_103_A,ILE_116_A"
TRP_103_A,"VAL_9_A,LYS_82_A,TYR_102_A,VAL_104_A,GLY_117_A,PRO_119_A"
VAL_104_A,"VAL_10_A,TRP_103_A,LEU_105_A"
LEU_105_A,"VAL_104_A,TYR_106_A,LEU_115_A"
TYR_106_A,"LEU_105_A,ILE_107_A,LEU_115_A,LYS_144_A"
ILE_107_A,"TYR_18_A,TYR_106_A,ASP_108_A,TYR_111_A"
ASP_108_A,"ILE_107_A,ASP_110_A,GLN_112_A,HIS_113_A"
PRO_109_A,ASP_110_A
ASP_110_A,"ARG_17_A,ASP_108_A,PRO_109_A,TYR_111_A,GLN_112_A"
TYR_111_A,"ASN_14_A,ARG_17_A,ILE_107_A,ASP_110_A,GLN_112_A"
GLN_112_A,"ASP_108_A,ASP_110_A,TYR_111_A,HIS_113_A,ARG_129_A"
HIS_113_A,"ASP_108_A,GLN_112_A,ALA_114_A,MET_133_A"
ALA_114_A,"HIS_113_A,LEU_115_A,LEU_127_A"
LEU_115_A,"LEU_105_A,TYR_106_A,ALA_114_A,ILE_116_A,LEU_124_A,ILE_126_A"
ILE_116_A,"TYR_102_A,LEU_115_A,GLY_117_A,TRP_125_A,LEU_127_A"
GLY_117_A,"TRP_103_A,ILE_116_A,GLN_118_A"
GLN_118_A,"GLY_117_A,ARG_121_A,TYR_150_A"
PRO_119_A,"TRP_103_A,SER_120_A"
SER_120_A,"PRO_119_A,ARG_121_A"
ARG_121_A,"GLN_118_A,SER_120_A,SER_122_A,GLU_148_A"
SER_122_A,"ARG_121_A,TYR_123_A"
TYR_123_A,"SER_122_A,LEU_124_A,TRP_125_A,TYR_150_A"
LEU_124_A,"PHE_28_A,LEU_115_A,TYR_123_A,TRP_125_A,TYR_150_A"
TRP_125_A,"ILE_116_A,TYR_123_A,LEU_124_A,ILE_126_A"
ILE_126_A,"ILE_25_A,ALA_26_A,LEU_115_A,TRP_125_A,LEU_127_A,LEU_141_A,VAL_142_A"
LEU_127_A,"TRP_22_A,ALA_114_A,ILE_116_A,ILE_126_A,SER_128_A"
SER_128_A,"TYR_23_A,LEU_127_A,ARG_129_A,THR_130_A"
ARG_129_A,"ARG_17_A,MET_19_A,GLN_112_A,SER_128_A,THR_130_A"
THR_130_A,"SER_128_A,ARG_129_A,ALA_131_A"
ALA_131_A,"THR_130_A,GLN_132_A"
GLN_132_A,"ALA_131_A,MET_133_A"
MET_133_A,"HIS_113_A,GLN_132_A,GLU_134_A,THR_137_A"
GLU_134_A,"MET_133_A,GLU_135_A,GLU_136_A,THR_137_A,TYR_138_A"
GLU_135_A,"GLU_134_A,GLU_136_A,LYS_139_A,LYS_157_A"
GLU_136_A,"GLU_134_A,GLU_135_A,THR_137_A,LYS_139_A"
THR_137_A,"MET_133_A,GLU_134_A,GLU_136_A,TYR_138_A"
TYR_138_A,"ILE_25_A,GLU_134_A,THR_137_A,LYS_139_A,VAL_142_A"
LYS_139_A,"GLU_135_A,GLU_136_A,TYR_138_A,GLN_140_A,GLU_143_A"
GLN_140_A,"LYS_139_A,LEU_141_A,LYS_144_A"
LEU_141_A,"ILE_126_A,GLN_140_A,VAL_142_A,ALA_145_A"
VAL_142_A,"ILE_126_A,TYR_138_A,LEU_141_A,GLU_143_A,ILE_152_A"
GLU_143_A,"LYS_139_A,VAL_142_A,LYS_144_A,GLU_147_A"
LYS_144_A,"TYR_106_A,GLN_140_A,GLU_143_A,ALA_145_A,GLU_147_A"
ALA_145_A,"LEU_141_A,LYS_144_A,VAL_146_A"
VAL_146_A,"ALA_145_A,GLU_147_A,GLY_149_A,ILE_152_A"
GLU_147_A,"GLU_8_A,GLU_143_A,LYS_144_A,VAL_146_A,GLU_148_A"
GLU_148_A,"GLU_8_A,ARG_121_A,GLU_147_A,GLY_149_A"
GLY_149_A,"VAL_146_A,GLU_148_A,TYR_150_A"
TYR_150_A,"MET_7_A,GLN_118_A,TYR_123_A,LEU_124_A,GLY_149_A,ASP_151_A"
ASP_151_A,"TYR_150_A,ILE_152_A,LYS_154_A"
ILE_152_A,"VAL_142_A,VAL_146_A,ASP_151_A,SER_153_A"
SER_153_A,"ILE_152_A,LYS_154_A"
LYS_154_A,"ASP_151_A,SER_153_A,LEU_155_A"
LEU_155_A,"LYS_154_A,HIS_156_A"
HIS_156_A,"LEU_155_A,LYS_157_A"
LYS_157_A,"GLU_135_A,HIS_156_A,THR_158_A"
THR_158_A,"GLU_24_A,ILE_25_A,LYS_157_A"
PRO_159_A,"ASP_39_A,GLN_160_A"
GLN_160_A,"GLU_24_A,PRO_159_A,SER_161_A"
SER_161_A,"ASP_39_A,GLN_160_A,ASP_162_A"
ASP_162_A,"SER_161_A,THR_163_A"
THR_163_A,ASP_162_A
PRO_165_A,"ARG_41_A,TRP_59_A,GLU_166_A"
GLU_166_A,"PRO_165_A,SER_167_A"
SER_167_A,"ARG_41_A,GLU_57_A,GLU_166_A,ASN_168_A"
ASN_168_A,"SER_167_A,THR_169_A"
THR_169_A,"ASN_168_A,ALA_170_A"
ALA_170_A,THR_169_A
PRO_171_A,GLU_172_A
GLU_172_A,"GLU_68_A,PRO_171_A,ASP_173_A"
ASP_173_A,"GLU_68_A,GLU_172_A,SER_174_A,TRP_178_A"
SER_174_A,"GLU_68_A,ASP_173_A,LYS_175_A"
LYS_175_A,"GLU_68_A,TYR_88_A,PRO_94_A,SER_174_A,GLY_176_A"
GLY_176_A,"LYS_175_A,VAL_177_A,TRP_179_A"
VAL_177_A,"GLY_176_A,TRP_178_A,LYS_181_A"
TRP_178_A,"ASP_173_A,VAL_177_A,TRP_179_A,SER_182_A"
TRP_179_A,"GLY_176_A,TRP_178_A,PHE_180_A,LEU_183_A"
PHE_180_A,"TRP_179_A,LYS_181_A"
LYS_181_A,"VAL_177_A,PHE_180_A,SER_182_A"
SER_182_A,"TRP_178_A,LYS_181_A,LEU_183_A"
LEU_183_A,"TRP_179_A,SER_182_A,PHE_184_A"
PHE_184_A,LEU_183_A
