residue_id,neighbors
ALA_1_A,TRP_273_A
PRO_2_A,"ASP_3_A,TRP_273_A"
ASP_3_A,"PRO_2_A,ILE_4_A,ASP_262_A,ASP_266_A"
ILE_4_A,"ASP_3_A,VAL_9_A,GLU_107_A,ALA_111_A,ASP_266_A,ALA_269_A"
PRO_5_A,"LEU_6_A,ASN_8_A"
LEU_6_A,"PRO_5_A,ALA_7_A,LYS_10_A"
ALA_7_A,"LEU_6_A,ASN_8_A,ALA_11_A"
ASN_8_A,"PRO_5_A,ALA_7_A,VAL_9_A,GLU_107_A"
VAL_9_A,"ILE_4_A,ASN_8_A,LYS_10_A,LEU_261_A"
LYS_10_A,"LEU_6_A,VAL_9_A,ALA_11_A,THR_14_A,ASP_258_A"
ALA_11_A,"ALA_7_A,LYS_10_A,HIS_12_A"
HIS_12_A,"ALA_11_A,LEU_13_A,LEU_16_A,TYR_40_A,ALA_103_A,GLU_107_A"
LEU_13_A,"HIS_12_A,THR_14_A,SER_17_A"
THR_14_A,"LYS_10_A,LEU_13_A,GLN_15_A"
GLN_15_A,"THR_14_A,LEU_16_A,ILE_19_A,TYR_40_A"
LEU_16_A,"HIS_12_A,GLN_15_A,SER_17_A,ALA_20_A"
SER_17_A,"LEU_13_A,LEU_16_A,THR_18_A,ALA_21_A"
THR_18_A,"SER_17_A,ILE_19_A,ASN_22_A"
ILE_19_A,"GLN_15_A,THR_18_A,ALA_20_A,ALA_36_A"
ALA_20_A,"LEU_16_A,ILE_19_A,ALA_21_A,GLY_25_A,ALA_93_A"
ALA_21_A,"SER_17_A,ALA_20_A,ASN_22_A"
ASN_22_A,"THR_18_A,ALA_21_A,ASN_23_A"
ASN_23_A,"ASN_22_A,GLY_24_A"
GLY_24_A,"ASN_23_A,GLY_25_A"
GLY_25_A,"ALA_20_A,GLY_24_A,ASN_26_A"
ASN_26_A,"GLY_25_A,ARG_27_A"
ARG_27_A,"ASN_26_A,ALA_28_A,LEU_86_A,SER_88_A,ALA_93_A"
ALA_28_A,"ARG_27_A,HIS_29_A"
HIS_29_A,"ALA_28_A,GLY_30_A"
GLY_30_A,"HIS_29_A,ARG_31_A"
ARG_31_A,GLY_30_A
PRO_32_A,GLY_33_A
GLY_33_A,"PRO_32_A,TYR_34_A,SER_37_A"
TYR_34_A,"GLY_33_A,LYS_35_A,SER_37_A,VAL_38_A,TYR_65_A,ASP_87_A"
LYS_35_A,"TYR_34_A,ALA_36_A,ASP_39_A"
ALA_36_A,"ILE_19_A,LYS_35_A,SER_37_A"
SER_37_A,"GLY_33_A,TYR_34_A,ALA_36_A,VAL_38_A"
VAL_38_A,"TYR_34_A,SER_37_A,ASP_39_A,LYS_42_A,LEU_54_A,LEU_86_A"
ASP_39_A,"LYS_35_A,VAL_38_A,TYR_40_A"
TYR_40_A,"HIS_12_A,GLN_15_A,ASP_39_A,VAL_41_A"
VAL_41_A,"TYR_40_A,LYS_42_A,LEU_67_A"
LYS_42_A,"VAL_38_A,VAL_41_A,ALA_43_A,ASP_46_A"
ALA_43_A,"LYS_42_A,LYS_44_A"
LYS_44_A,"ALA_43_A,LEU_45_A"
LEU_45_A,"LYS_44_A,ASP_46_A,ALA_109_A,TRP_127_A"
ASP_46_A,"LYS_42_A,LEU_45_A,ALA_47_A,THR_52_A"
ALA_47_A,"ASP_46_A,ALA_48_A"
ALA_48_A,"ALA_47_A,GLY_49_A,SER_113_A"
GLY_49_A,"ALA_48_A,TYR_50_A"
TYR_50_A,"GLY_49_A,THR_51_A,TRP_71_A,ALA_109_A,PHE_125_A"
THR_51_A,"TYR_50_A,THR_52_A,ASN_70_A"
THR_52_A,"ASP_46_A,THR_51_A,THR_53_A"
THR_53_A,"THR_52_A,LEU_54_A,ILE_68_A"
LEU_54_A,"VAL_38_A,THR_53_A,GLN_55_A"
GLN_55_A,"LEU_54_A,GLN_56_A,ASN_66_A,PHE_140_A"
GLN_56_A,"GLN_55_A,PHE_57_A,THR_63_A"
PHE_57_A,"GLN_56_A,THR_58_A,GLY_64_A,PHE_140_A"
THR_58_A,"PHE_57_A,SER_59_A"
SER_59_A,"THR_58_A,GLY_60_A"
GLY_60_A,"SER_59_A,GLY_61_A"
GLY_61_A,"GLY_60_A,ALA_62_A"
ALA_62_A,"GLY_61_A,THR_63_A"
THR_63_A,"GLN_56_A,ALA_62_A,GLY_64_A"
GLY_64_A,"PHE_57_A,THR_63_A,TYR_65_A"
TYR_65_A,"TYR_34_A,GLY_64_A,ASN_66_A"
ASN_66_A,"GLN_55_A,TYR_65_A,LEU_67_A,GLY_137_A"
LEU_67_A,"VAL_41_A,ASN_66_A,ILE_68_A,TRP_127_A"
ILE_68_A,"THR_53_A,LEU_67_A,ALA_69_A,ALA_126_A,TYR_141_A"
ALA_69_A,"ILE_68_A,ASN_70_A,PHE_125_A"
ASN_70_A,"THR_51_A,ALA_69_A,TRP_71_A,HIS_122_A,ARG_124_A"
TRP_71_A,"TYR_50_A,ASN_70_A,TYR_117_A"
PRO_72_A,GLY_73_A
GLY_73_A,"PRO_72_A,GLY_74_A,HIS_122_A"
GLY_74_A,"GLY_73_A,ASP_75_A"
ASP_75_A,"GLY_74_A,ASN_77_A,LYS_78_A,ASP_120_A"
PRO_76_A,ASN_77_A
ASN_77_A,"ASP_75_A,PRO_76_A,LYS_78_A"
LYS_78_A,"ASP_75_A,ASN_77_A,VAL_79_A"
VAL_79_A,"LYS_78_A,LEU_80_A,LYS_152_A,ALA_154_A"
LEU_80_A,"VAL_79_A,MET_81_A,HIS_122_A"
MET_81_A,"LEU_80_A,ALA_82_A,ARG_124_A,LEU_157_A"
ALA_82_A,"MET_81_A,GLY_83_A,ALA_126_A,ILE_272_A"
GLY_83_A,"ALA_82_A,ALA_84_A,LEU_157_A"
ALA_84_A,"GLY_83_A,HIS_85_A"
HIS_85_A,"ALA_84_A,LEU_86_A,ASP_87_A,ASP_97_A,GLU_131_A,GLU_132_A,ASP_160_A,ASP_204_A"
LEU_86_A,"ARG_27_A,VAL_38_A,HIS_85_A,ASP_87_A,TRP_128_A"
ASP_87_A,"TYR_34_A,HIS_85_A,LEU_86_A,SER_88_A,GLU_131_A,GLU_132_A"
SER_88_A,"ARG_27_A,ASP_87_A,VAL_89_A"
VAL_89_A,"SER_88_A,SER_90_A"
SER_90_A,"VAL_89_A,SER_91_A"
SER_91_A,"SER_90_A,GLY_92_A,HIS_247_A"
GLY_92_A,"SER_91_A,ALA_93_A"
ALA_93_A,"ALA_20_A,ARG_27_A,GLY_92_A,GLY_94_A"
GLY_94_A,"ALA_93_A,ILE_95_A,GLY_99_A"
ILE_95_A,"GLY_94_A,ASN_96_A,SER_100_A"
ASN_96_A,"ILE_95_A,ASP_97_A,SER_100_A,GLY_163_A,ASP_243_A,ASP_251_A"
ASP_97_A,"HIS_85_A,ASN_96_A,ASN_98_A,GLU_131_A,GLU_132_A,ASP_160_A,MET_161_A,HIS_247_A,ASP_251_A"
ASN_98_A,"ASP_97_A,GLY_99_A,GLY_101_A,PHE_159_A,MET_161_A"
GLY_99_A,"GLY_94_A,ASN_98_A,SER_100_A,ALA_103_A"
SER_100_A,"ILE_95_A,ASN_96_A,GLY_99_A,GLY_101_A,ILE_162_A"
GLY_101_A,"ASN_98_A,SER_100_A,SER_102_A,VAL_105_A"
SER_102_A,"GLY_101_A,ALA_103_A"
ALA_103_A,"HIS_12_A,GLY_99_A,SER_102_A,ALA_104_A,GLU_107_A"
ALA_104_A,"ALA_103_A,VAL_105_A,THR_108_A,ILE_162_A"
VAL_105_A,"GLY_101_A,ALA_104_A,LEU_106_A,PHE_125_A,TRP_127_A,PHE_159_A"
LEU_106_A,"VAL_105_A,GLU_107_A,LEU_110_A"
GLU_107_A,"ILE_4_A,ASN_8_A,HIS_12_A,ALA_103_A,LEU_106_A,THR_108_A,ALA_111_A,ARG_114_A"
THR_108_A,"ALA_104_A,GLU_107_A,ALA_109_A,ILE_272_A"
ALA_109_A,"LEU_45_A,TYR_50_A,THR_108_A,LEU_110_A"
LEU_110_A,"LEU_106_A,ALA_109_A,ALA_111_A,ARG_114_A"
ALA_111_A,"ILE_4_A,GLU_107_A,LEU_110_A,VAL_112_A,ALA_115_A"
VAL_112_A,"ALA_111_A,SER_113_A,TRP_273_A"
SER_113_A,"ALA_48_A,VAL_112_A,ARG_114_A"
ARG_114_A,"GLU_107_A,LEU_110_A,SER_113_A,ALA_115_A"
ALA_115_A,"ALA_111_A,ARG_114_A,GLY_116_A"
GLY_116_A,"ALA_115_A,TYR_117_A"
TYR_117_A,"TRP_71_A,GLY_116_A,GLN_118_A,PRO_119_A,SER_276_A"
GLN_118_A,TYR_117_A
PRO_119_A,"TYR_117_A,ASP_120_A"
ASP_120_A,"ASP_75_A,PRO_119_A,LYS_121_A"
LYS_121_A,"ASP_120_A,HIS_122_A,LEU_275_A"
HIS_122_A,"ASN_70_A,GLY_73_A,LEU_80_A,LYS_121_A,LEU_123_A,ARG_124_A"
LEU_123_A,"HIS_122_A,ARG_124_A"
ARG_124_A,"ASN_70_A,MET_81_A,HIS_122_A,LEU_123_A,PHE_125_A"
PHE_125_A,"TYR_50_A,ALA_69_A,VAL_105_A,ARG_124_A,ALA_126_A,TRP_127_A,ILE_272_A"
ALA_126_A,"ILE_68_A,ALA_82_A,PHE_125_A,TRP_127_A,TRP_128_A"
TRP_127_A,"LEU_45_A,LEU_67_A,VAL_105_A,PHE_125_A,ALA_126_A,TRP_128_A"
TRP_128_A,"LEU_86_A,ALA_126_A,TRP_127_A,GLY_129_A,TYR_141_A,TYR_156_A,PHE_208_A"
GLY_129_A,"TRP_128_A,ALA_130_A"
ALA_130_A,"GLY_129_A,GLU_131_A,ILE_136_A"
GLU_131_A,"HIS_85_A,ASP_87_A,ASP_97_A,ALA_130_A,GLU_132_A,ASP_160_A,ASP_204_A,LEU_903_A"
GLU_132_A,"HIS_85_A,ASP_87_A,ASP_97_A,GLU_131_A,LEU_133_A,HIS_247_A"
LEU_133_A,"GLU_132_A,GLY_134_A,ILE_136_A"
GLY_134_A,"LEU_133_A,LEU_135_A"
LEU_135_A,"GLY_134_A,ILE_136_A,LYS_139_A"
ILE_136_A,"ALA_130_A,LEU_133_A,LEU_135_A,GLY_137_A,PHE_140_A"
GLY_137_A,"ASN_66_A,ILE_136_A,SER_138_A"
SER_138_A,"GLY_137_A,LYS_139_A,ASP_204_A"
LYS_139_A,"LEU_135_A,SER_138_A,PHE_140_A,ASN_143_A,PRO_207_A"
PHE_140_A,"GLN_55_A,PHE_57_A,ILE_136_A,LYS_139_A,TYR_141_A,ASN_144_A"
TYR_141_A,"ILE_68_A,TRP_128_A,PHE_140_A,VAL_142_A,LEU_145_A,PHE_208_A"
VAL_142_A,"TYR_141_A,ASN_143_A"
ASN_143_A,"LYS_139_A,VAL_142_A,ASN_144_A"
ASN_144_A,"PHE_140_A,ASN_143_A,LEU_145_A"
LEU_145_A,"TYR_141_A,ASN_144_A"
PRO_146_A,SER_147_A
SER_147_A,"PRO_146_A,ALA_148_A"
ALA_148_A,"SER_147_A,ASP_149_A,SER_151_A"
ASP_149_A,"ALA_148_A,ARG_150_A,LYS_152_A"
ARG_150_A,"ASP_149_A,SER_151_A"
SER_151_A,"ALA_148_A,ARG_150_A,LYS_152_A"
LYS_152_A,"VAL_79_A,ASP_149_A,SER_151_A,LEU_153_A"
LEU_153_A,"LYS_152_A,ALA_154_A"
ALA_154_A,"VAL_79_A,LEU_153_A,GLY_155_A"
GLY_155_A,"ALA_154_A,TYR_156_A"
TYR_156_A,"TRP_128_A,GLY_155_A,LEU_157_A,ASN_158_A,PHE_208_A,PRO_214_A"
LEU_157_A,"MET_81_A,GLY_83_A,TYR_156_A,ASN_158_A,PHE_159_A,ILE_178_A"
ASN_158_A,"TYR_156_A,LEU_157_A,PHE_159_A,TYR_172_A,SER_203_A,GLY_216_A"
PHE_159_A,"ASN_98_A,VAL_105_A,LEU_157_A,ASN_158_A,ASP_160_A,ALA_268_A"
ASP_160_A,"HIS_85_A,ASP_97_A,GLU_131_A,PHE_159_A,MET_161_A,SER_203_A,ASP_204_A,LEU_903_A"
MET_161_A,"ASP_97_A,ASN_98_A,ASP_160_A,ILE_162_A,THR_220_A,ALA_222_A,TYR_246_A"
ILE_162_A,"SER_100_A,ALA_104_A,MET_161_A,GLY_163_A"
GLY_163_A,"ASN_96_A,ILE_162_A,SER_164_A,ASN_257_A"
SER_164_A,"GLY_163_A,THR_220_A,GLY_221_A"
PRO_165_A,ASN_166_A
ASN_166_A,"PRO_165_A,LYS_226_A,THR_237_A"
PRO_167_A,"GLY_168_A,LYS_226_A"
GLY_168_A,"PRO_167_A,TYR_169_A"
TYR_169_A,"GLY_168_A,PHE_170_A,PHE_186_A"
PHE_170_A,"TYR_169_A,VAL_171_A,PHE_219_A,PHE_242_A"
VAL_171_A,"PHE_170_A,TYR_172_A,GLU_194_A"
TYR_172_A,"ASN_158_A,VAL_171_A,ASP_173_A"
ASP_173_A,"TYR_172_A,ASP_174_A,GLU_179_A,ILE_195_A"
ASP_174_A,"ASP_173_A,ASP_175_A,HIS_205_A,LYS_209_A,VAL_215_A"
ASP_175_A,"ASP_174_A,VAL_177_A,ILE_178_A"
PRO_176_A,VAL_177_A
VAL_177_A,"ASP_175_A,PRO_176_A,ILE_178_A,THR_181_A"
ILE_178_A,"LEU_157_A,ASP_175_A,VAL_177_A,GLU_179_A,PHE_182_A"
GLU_179_A,"ASP_173_A,ILE_178_A,LYS_180_A,LYS_183_A"
LYS_180_A,"GLU_179_A,THR_181_A,ASN_184_A"
THR_181_A,"VAL_177_A,LYS_180_A,PHE_182_A"
PHE_182_A,"ILE_178_A,THR_181_A,LYS_183_A,LEU_218_A,ALA_271_A"
LYS_183_A,"GLU_179_A,PHE_182_A,ASN_184_A,ALA_187_A"
ASN_184_A,"LYS_180_A,LYS_183_A,TYR_185_A"
TYR_185_A,"ASN_184_A,PHE_186_A,LEU_189_A,ALA_267_A,HIS_270_A"
PHE_186_A,"TYR_169_A,TYR_185_A,ALA_187_A,LEU_189_A,THR_193_A"
ALA_187_A,"LYS_183_A,PHE_186_A,GLY_188_A"
GLY_188_A,"ALA_187_A,LEU_189_A"
LEU_189_A,"TYR_185_A,PHE_186_A,GLY_188_A,ASN_190_A"
ASN_190_A,"LEU_189_A,VAL_191_A"
VAL_191_A,ASN_190_A
PRO_192_A,"THR_193_A,TRP_234_A"
THR_193_A,"PHE_186_A,PRO_192_A,GLU_194_A"
GLU_194_A,"VAL_171_A,THR_193_A,ILE_195_A,GLN_230_A,LYS_233_A,TRP_234_A"
ILE_195_A,"ASP_173_A,GLU_194_A,GLU_196_A"
GLU_196_A,"ILE_195_A,THR_197_A,GLU_198_A,GLY_199_A,PHE_219_A"
THR_197_A,"GLU_196_A,GLU_198_A"
GLU_198_A,"GLU_196_A,THR_197_A,GLY_199_A,PHE_219_A,ALA_222_A,GLY_223_A,TYR_224_A"
GLY_199_A,"GLU_196_A,GLU_198_A,ASP_200_A"
ASP_200_A,"GLY_199_A,GLY_201_A"
GLY_201_A,"ASP_200_A,ARG_202_A"
ARG_202_A,"GLY_201_A,SER_203_A,LEU_903_A"
SER_203_A,"ASN_158_A,ASP_160_A,ARG_202_A,ASP_204_A"
ASP_204_A,"HIS_85_A,GLU_131_A,SER_138_A,ASP_160_A,SER_203_A,HIS_205_A"
HIS_205_A,"ASP_174_A,ASP_204_A,ALA_206_A,LYS_209_A"
ALA_206_A,"HIS_205_A,ASN_210_A"
PRO_207_A,"LYS_139_A,PHE_208_A"
PHE_208_A,"TRP_128_A,TYR_141_A,TYR_156_A,PRO_207_A,LYS_209_A,VAL_215_A"
LYS_209_A,"ASP_174_A,HIS_205_A,PHE_208_A,ASN_210_A"
ASN_210_A,"ALA_206_A,LYS_209_A,VAL_211_A"
VAL_211_A,"ASN_210_A,GLY_212_A"
GLY_212_A,"VAL_211_A,VAL_213_A"
VAL_213_A,GLY_212_A
PRO_214_A,"TYR_156_A,VAL_215_A"
VAL_215_A,"ASP_174_A,PHE_208_A,PRO_214_A,GLY_216_A"
GLY_216_A,"ASN_158_A,VAL_215_A,GLY_217_A"
GLY_217_A,"GLY_216_A,LEU_218_A"
LEU_218_A,"PHE_182_A,GLY_217_A,PHE_219_A"
PHE_219_A,"PHE_170_A,GLU_196_A,GLU_198_A,LEU_218_A,THR_220_A"
THR_220_A,"MET_161_A,SER_164_A,PHE_219_A,GLY_221_A"
GLY_221_A,"SER_164_A,THR_220_A,ALA_222_A"
ALA_222_A,"MET_161_A,GLU_198_A,GLY_221_A,GLY_223_A,ASP_243_A"
GLY_223_A,"GLU_198_A,ALA_222_A,TYR_224_A"
TYR_224_A,"GLU_198_A,GLY_223_A,THR_225_A"
THR_225_A,"TYR_224_A,LYS_226_A"
LYS_226_A,"ASN_166_A,PRO_167_A,THR_225_A,SER_227_A,GLN_230_A,GLY_235_A,GLY_239_A"
SER_227_A,"LYS_226_A,ALA_228_A,GLN_230_A,ALA_231_A"
ALA_228_A,"SER_227_A,ALA_229_A"
ALA_229_A,"ALA_228_A,GLN_230_A"
GLN_230_A,"GLU_194_A,LYS_226_A,SER_227_A,ALA_229_A,ALA_231_A,TRP_234_A"
ALA_231_A,"SER_227_A,GLN_230_A,GLN_232_A,GLY_235_A"
GLN_232_A,"ALA_231_A,LYS_233_A"
LYS_233_A,"GLU_194_A,GLN_232_A,TRP_234_A"
TRP_234_A,"PRO_192_A,GLU_194_A,GLN_230_A,LYS_233_A,GLY_235_A"
GLY_235_A,"LYS_226_A,ALA_231_A,TRP_234_A,GLY_236_A"
GLY_236_A,"GLY_235_A,THR_237_A"
THR_237_A,"ASN_166_A,GLY_236_A,ALA_238_A,GLN_240_A"
ALA_238_A,"THR_237_A,GLY_239_A"
GLY_239_A,"LYS_226_A,ALA_238_A,GLN_240_A"
GLN_240_A,"THR_237_A,GLY_239_A,ALA_241_A"
ALA_241_A,"GLN_240_A,PHE_242_A"
PHE_242_A,"PHE_170_A,ALA_241_A,ASP_243_A"
ASP_243_A,"ASN_96_A,ALA_222_A,PHE_242_A,ARG_244_A,CYS_245_A,ASP_251_A,ASN_255_A"
ARG_244_A,"ASP_243_A,CYS_245_A"
CYS_245_A,"ASP_243_A,ARG_244_A,TYR_246_A,SER_248_A,CYS_250_A"
TYR_246_A,"MET_161_A,CYS_245_A,HIS_247_A,SER_248_A,LEU_903_A"
HIS_247_A,"SER_91_A,ASP_97_A,GLU_132_A,TYR_246_A,SER_248_A"
SER_248_A,"CYS_245_A,TYR_246_A,HIS_247_A,SER_249_A"
SER_249_A,"SER_248_A,CYS_250_A"
CYS_250_A,"CYS_245_A,SER_249_A,ASP_251_A,SER_252_A"
ASP_251_A,"ASN_96_A,ASP_97_A,ASP_243_A,CYS_250_A,SER_252_A"
SER_252_A,"CYS_250_A,ASP_251_A,LEU_253_A,ASN_255_A"
LEU_253_A,"SER_252_A,SER_254_A"
SER_254_A,"LEU_253_A,ASN_255_A"
ASN_255_A,"ASP_243_A,SER_252_A,SER_254_A,ILE_256_A"
ILE_256_A,"ASN_255_A,ASN_257_A"
ASN_257_A,"GLY_163_A,ILE_256_A,ASP_258_A,ALA_260_A"
ASP_258_A,"LYS_10_A,ASN_257_A,THR_259_A,ASP_262_A"
THR_259_A,"ASP_258_A,ALA_260_A,ARG_263_A"
ALA_260_A,"ASN_257_A,THR_259_A,LEU_261_A,ASN_264_A"
LEU_261_A,"VAL_9_A,ALA_260_A,ASP_262_A,SER_265_A"
ASP_262_A,"ASP_3_A,ASP_258_A,LEU_261_A,ARG_263_A,ASP_266_A"
ARG_263_A,"THR_259_A,ASP_262_A,ASN_264_A,ALA_267_A"
ASN_264_A,"ALA_260_A,ARG_263_A,SER_265_A,ALA_268_A"
SER_265_A,"LEU_261_A,ASN_264_A,ASP_266_A"
ASP_266_A,"ASP_3_A,ILE_4_A,ASP_262_A,SER_265_A,ALA_267_A,HIS_270_A"
ALA_267_A,"TYR_185_A,ARG_263_A,ASP_266_A,ALA_268_A,ALA_271_A"
ALA_268_A,"PHE_159_A,ASN_264_A,ALA_267_A,ALA_269_A,ILE_272_A"
ALA_269_A,"ILE_4_A,ALA_268_A,HIS_270_A,TRP_273_A"
HIS_270_A,"TYR_185_A,ASP_266_A,ALA_269_A,ALA_271_A,THR_274_A"
ALA_271_A,"PHE_182_A,ALA_267_A,HIS_270_A,ILE_272_A,LEU_275_A"
ILE_272_A,"ALA_82_A,THR_108_A,PHE_125_A,ALA_268_A,ALA_271_A,TRP_273_A,SER_276_A"
TRP_273_A,"ALA_1_A,PRO_2_A,VAL_112_A,ALA_269_A,ILE_272_A,THR_274_A,SER_277_A"
THR_274_A,"HIS_270_A,TRP_273_A,LEU_275_A"
LEU_275_A,"LYS_121_A,ALA_271_A,THR_274_A,SER_276_A"
SER_276_A,"TYR_117_A,ILE_272_A,LEU_275_A,SER_277_A"
SER_277_A,"TRP_273_A,SER_276_A"
LEU_903_A,"GLU_131_A,ASP_160_A,ARG_202_A,TYR_246_A"
