residue_id,neighbors
GLY_2_A,SER_3_A
SER_3_A,"GLY_2_A,SER_4_A"
SER_4_A,"SER_3_A,HIS_5_A"
HIS_5_A,"SER_4_A,HIS_6_A"
HIS_6_A,"HIS_5_A,HIS_7_A,GLU_33_A"
HIS_7_A,"HIS_6_A,HIS_8_A,HIS_9_A,GLY_34_A"
HIS_8_A,"HIS_7_A,HIS_9_A,GLU_33_A"
HIS_9_A,"HIS_7_A,HIS_8_A,HIS_10_A,SER_32_A,SER_69_A,GLU_131_A"
HIS_10_A,"HIS_9_A,SER_11_A"
SER_11_A,"HIS_10_A,SER_12_A,GLY_30_A"
SER_12_A,SER_11_A
GLY_30_A,"SER_11_A,SER_31_A"
SER_31_A,"GLY_30_A,SER_32_A"
SER_32_A,"HIS_9_A,SER_31_A,GLU_33_A"
GLU_33_A,"HIS_6_A,HIS_8_A,SER_32_A,GLY_34_A"
GLY_34_A,"HIS_7_A,GLU_33_A,THR_35_A"
THR_35_A,"GLY_34_A,SER_36_A,TRP_70_A"
SER_36_A,"THR_35_A,CYS_37_A,ASN_203_A"
CYS_37_A,"SER_36_A,ASN_38_A,VAL_68_A,CYS_201_A"
ASN_38_A,"CYS_37_A,SER_39_A,ASN_203_A"
SER_39_A,"ASN_38_A,ILE_40_A"
ILE_40_A,"SER_39_A,VAL_41_A"
VAL_41_A,"ILE_40_A,ASN_42_A,TYR_196_A"
ASN_42_A,"VAL_41_A,GLY_43_A,CYS_44_A"
GLY_43_A,"ASN_42_A,CYS_44_A,GLY_194_A"
CYS_44_A,"ASN_42_A,GLY_43_A,CYS_179_A"
PRO_45_A,ASN_46_A
ASN_46_A,"PRO_45_A,LEU_47_A"
LEU_47_A,"ASN_46_A,ASP_48_A,PHE_49_A"
ASP_48_A,"LEU_47_A,PHE_49_A,GLY_186_A,HIS_187_A,SER_188_A"
PHE_49_A,"LEU_47_A,ASP_48_A,ASN_50_A,PRO_193_A"
ASN_50_A,"PHE_49_A,TRP_51_A,ASP_54_A"
TRP_51_A,"ASN_50_A,HIS_52_A,GLN_55_A,HIS_187_A"
HIS_52_A,"TRP_51_A,MET_53_A,ASP_191_A"
MET_53_A,"HIS_52_A,ASP_54_A,ILE_58_A"
ASP_54_A,"ASN_50_A,MET_53_A,GLN_55_A,GLN_60_A"
GLN_55_A,"TRP_51_A,ASP_54_A,GLN_56_A"
GLN_56_A,"GLN_55_A,ASN_57_A,ILE_58_A,THR_170_A"
ASN_57_A,"GLN_56_A,ILE_58_A,THR_170_A"
ILE_58_A,"MET_53_A,GLN_56_A,ASN_57_A,MET_59_A,PHE_173_A"
MET_59_A,"ILE_58_A,GLN_60_A,ILE_88_A,THR_124_A"
GLN_60_A,"ASP_54_A,MET_59_A,TYR_61_A,LYS_85_A"
TYR_61_A,"GLN_60_A,THR_62_A,PHE_152_A,TYR_154_A,PHE_173_A,LEU_175_A"
THR_62_A,"TYR_61_A,LEU_63_A,LYS_83_A"
LEU_63_A,"THR_62_A,ASP_64_A,PHE_192_A"
ASP_64_A,"LEU_63_A,VAL_65_A,HIS_81_A"
VAL_65_A,"ASP_64_A,THR_66_A,VAL_68_A,PHE_195_A"
THR_66_A,"VAL_65_A,SER_67_A,THR_79_A"
SER_67_A,"THR_66_A,VAL_68_A,THR_79_A"
VAL_68_A,"CYS_37_A,VAL_65_A,SER_67_A,SER_69_A,TRP_197_A"
SER_69_A,"HIS_9_A,VAL_68_A,TRP_70_A,GLN_77_A"
TRP_70_A,"THR_35_A,SER_69_A,VAL_71_A,ASP_73_A,ASP_200_A"
VAL_71_A,"TRP_70_A,GLN_72_A,THR_75_A"
GLN_72_A,"VAL_71_A,ASP_73_A,THR_75_A"
ASP_73_A,"TRP_70_A,GLN_72_A,ASN_74_A"
ASN_74_A,"ASP_73_A,THR_75_A,ALA_134_A,THR_135_A"
THR_75_A,"VAL_71_A,GLN_72_A,ASN_74_A,TYR_76_A"
TYR_76_A,"THR_75_A,GLN_77_A,VAL_132_A,ALA_134_A,TRP_197_A,ASP_200_A"
GLN_77_A,"SER_69_A,TYR_76_A,ILE_78_A,THR_129_A"
ILE_78_A,"GLN_77_A,THR_79_A,PHE_130_A"
THR_79_A,"THR_66_A,SER_67_A,ILE_78_A,ILE_80_A,THR_129_A"
ILE_80_A,"THR_79_A,HIS_81_A,ALA_128_A"
HIS_81_A,"ASP_64_A,ILE_80_A,VAL_82_A,ASP_125_A"
VAL_82_A,"HIS_81_A,LYS_83_A,PHE_126_A"
LYS_83_A,"THR_62_A,VAL_82_A,GLY_84_A,ASP_125_A"
GLY_84_A,"LYS_83_A,LYS_85_A,THR_124_A"
LYS_85_A,"GLN_60_A,GLY_84_A,GLU_86_A"
GLU_86_A,"LYS_85_A,ASN_87_A"
ASN_87_A,"GLU_86_A,ILE_88_A"
ILE_88_A,"MET_59_A,ASN_87_A,ASP_89_A,TYR_92_A,THR_124_A,TYR_154_A,TRP_168_A"
ASP_89_A,"ILE_88_A,LEU_90_A,LYS_91_A"
LEU_90_A,"ASP_89_A,LYS_91_A,LEU_93_A,TYR_111_A"
LYS_91_A,"ASP_89_A,LEU_90_A,TYR_92_A,TYR_162_A"
TYR_92_A,"ILE_88_A,LYS_91_A,LEU_93_A,LEU_155_A,TYR_162_A,SER_165_A,TRP_168_A"
LEU_93_A,"LEU_90_A,TYR_92_A,TRP_94_A,TYR_111_A"
TRP_94_A,"LEU_93_A,SER_95_A,TYR_113_A,GLU_153_A"
SER_95_A,"TRP_94_A,LEU_96_A,GLU_153_A"
LEU_96_A,"SER_95_A,LYS_97_A,LEU_110_A,TYR_111_A,ILE_120_A,ILE_150_A,PHE_152_A"
LYS_97_A,"LEU_96_A,ILE_98_A,GLU_115_A,GLN_151_A"
ILE_98_A,"LYS_97_A,ILE_99_A,VAL_101_A,VAL_108_A,PHE_130_A,PHE_148_A"
ILE_99_A,"ILE_98_A,GLY_100_A,GLN_149_A"
GLY_100_A,"ILE_99_A,VAL_101_A"
VAL_101_A,"ILE_98_A,GLY_100_A,THR_102_A,GLY_106_A"
THR_102_A,"VAL_101_A,GLY_103_A,TYR_133_A"
GLY_103_A,THR_102_A
PRO_104_A,LYS_105_A
LYS_105_A,"PRO_104_A,GLY_106_A"
GLY_106_A,"VAL_101_A,LYS_105_A,THR_107_A"
THR_107_A,"GLY_106_A,VAL_108_A"
VAL_108_A,"ILE_98_A,THR_107_A,GLN_109_A"
GLN_109_A,"VAL_108_A,LEU_110_A"
LEU_110_A,"LEU_96_A,GLN_109_A,TYR_111_A,LEU_119_A,PHE_126_A"
TYR_111_A,"LEU_90_A,LEU_93_A,LEU_96_A,LEU_110_A,GLY_112_A,TYR_113_A,TYR_118_A"
GLY_112_A,"TYR_111_A,TYR_113_A,THR_117_A"
TYR_113_A,"TRP_94_A,TYR_111_A,GLY_112_A,ASN_114_A"
ASN_114_A,"TYR_113_A,GLU_115_A"
GLU_115_A,"LYS_97_A,ASN_114_A,ASN_116_A,THR_117_A"
ASN_116_A,"GLU_115_A,THR_117_A"
THR_117_A,"GLY_112_A,GLU_115_A,ASN_116_A,TYR_118_A"
TYR_118_A,"TYR_111_A,THR_117_A,LEU_119_A"
LEU_119_A,"LEU_110_A,TYR_118_A,ILE_120_A"
ILE_120_A,"LEU_96_A,LEU_119_A,ASP_121_A,PHE_126_A"
ASP_121_A,"ILE_120_A,ASN_122_A"
ASN_122_A,"ASP_121_A,THR_124_A"
PRO_123_A,"THR_124_A,TYR_154_A"
THR_124_A,"MET_59_A,GLY_84_A,ILE_88_A,ASN_122_A,PRO_123_A,ASP_125_A"
ASP_125_A,"HIS_81_A,LYS_83_A,THR_124_A,PHE_126_A"
PHE_126_A,"VAL_82_A,LEU_110_A,ILE_120_A,ASP_125_A,THR_127_A"
THR_127_A,"PHE_126_A,ALA_128_A"
ALA_128_A,"ILE_80_A,THR_127_A,THR_129_A"
THR_129_A,"GLN_77_A,THR_79_A,ALA_128_A,PHE_130_A"
PHE_130_A,"ILE_78_A,ILE_98_A,THR_129_A,GLU_131_A,VAL_132_A"
GLU_131_A,"HIS_9_A,PHE_130_A,VAL_132_A"
VAL_132_A,"TYR_76_A,PHE_130_A,GLU_131_A,TYR_133_A,PRO_146_A"
TYR_133_A,"THR_102_A,VAL_132_A,ALA_134_A"
ALA_134_A,"ASN_74_A,TYR_76_A,TYR_133_A,THR_135_A,TRP_197_A"
THR_135_A,"ASN_74_A,ALA_134_A,GLN_136_A"
GLN_136_A,"THR_135_A,ASP_137_A,TRP_144_A"
ASP_137_A,"GLN_136_A,VAL_138_A"
VAL_138_A,"ASP_137_A,ASN_139_A,GLN_142_A,TYR_196_A"
ASN_139_A,"VAL_138_A,SER_140_A,CYS_141_A,GLN_142_A"
SER_140_A,"ASN_139_A,CYS_141_A"
CYS_141_A,"ASN_139_A,SER_140_A,GLN_142_A,ILE_199_A,CYS_205_A"
GLN_142_A,"VAL_138_A,ASN_139_A,CYS_141_A,VAL_143_A,ASN_198_A"
VAL_143_A,"GLN_142_A,TRP_144_A,TRP_197_A,ILE_199_A"
TRP_144_A,"GLN_136_A,VAL_143_A,MET_145_A"
MET_145_A,"TRP_144_A,PHE_148_A,PHE_195_A,TRP_197_A"
PRO_146_A,"VAL_132_A,ASN_147_A"
ASN_147_A,"PRO_146_A,PHE_148_A,THR_177_A"
PHE_148_A,"ILE_98_A,MET_145_A,ASN_147_A,GLN_149_A,THR_177_A"
GLN_149_A,"ILE_99_A,PHE_148_A,ILE_150_A"
ILE_150_A,"LEU_96_A,GLN_149_A,GLN_151_A,PHE_152_A,LEU_175_A"
GLN_151_A,"LYS_97_A,ILE_150_A,PHE_152_A"
PHE_152_A,"TYR_61_A,LEU_96_A,ILE_150_A,GLN_151_A,GLU_153_A,TYR_154_A,PHE_173_A"
GLU_153_A,"TRP_94_A,SER_95_A,PHE_152_A,TYR_154_A"
TYR_154_A,"TYR_61_A,ILE_88_A,PRO_123_A,PHE_152_A,GLU_153_A,LEU_155_A,TRP_166_A,THR_171_A"
LEU_155_A,"TYR_92_A,TYR_154_A,GLN_156_A,TRP_166_A,THR_171_A"
GLN_156_A,"LEU_155_A,GLY_157_A,ALA_159_A"
GLY_157_A,"GLN_156_A,SER_158_A"
SER_158_A,"GLY_157_A,ALA_159_A,GLN_161_A"
ALA_159_A,"GLN_156_A,SER_158_A,ALA_160_A"
ALA_160_A,"ALA_159_A,GLN_161_A"
GLN_161_A,"SER_158_A,ALA_160_A,TYR_162_A"
TYR_162_A,"LYS_91_A,TYR_92_A,GLN_161_A,ALA_163_A"
ALA_163_A,"TYR_162_A,SER_164_A"
SER_164_A,"ALA_163_A,SER_165_A"
SER_165_A,"TYR_92_A,SER_164_A,TRP_166_A"
TRP_166_A,"TYR_154_A,LEU_155_A,SER_165_A,GLN_167_A,TRP_168_A,GLY_169_A"
GLN_167_A,"TRP_166_A,TRP_168_A"
TRP_168_A,"ILE_88_A,TYR_92_A,TRP_166_A,GLN_167_A,GLY_169_A"
GLY_169_A,"TRP_166_A,TRP_168_A,THR_170_A"
THR_170_A,"GLN_56_A,ASN_57_A,GLY_169_A,THR_171_A"
THR_171_A,"TYR_154_A,LEU_155_A,THR_170_A,SER_172_A"
SER_172_A,"THR_171_A,PHE_173_A"
PHE_173_A,"ILE_58_A,TYR_61_A,PHE_152_A,SER_172_A,ASP_174_A,LEU_175_A"
ASP_174_A,"PHE_173_A,LEU_175_A"
LEU_175_A,"TYR_61_A,ILE_150_A,PHE_173_A,ASP_174_A,SER_176_A,PHE_192_A"
SER_176_A,"LEU_175_A,THR_177_A,ASP_191_A,PHE_192_A"
THR_177_A,"ASN_147_A,PHE_148_A,SER_176_A,GLY_178_A"
GLY_178_A,"THR_177_A,CYS_179_A,THR_190_A,PHE_192_A"
CYS_179_A,"CYS_44_A,GLY_178_A,ASN_180_A"
ASN_180_A,"CYS_179_A,ASN_181_A"
ASN_181_A,"ASN_180_A,TYR_182_A,GLN_189_A"
TYR_182_A,"ASN_181_A,ASP_183_A"
ASP_183_A,"TYR_182_A,ASN_184_A,GLN_185_A,HIS_187_A"
ASN_184_A,"ASP_183_A,GLN_185_A"
GLN_185_A,"ASP_183_A,ASN_184_A,GLY_186_A"
GLY_186_A,"ASP_48_A,GLN_185_A,HIS_187_A"
HIS_187_A,"ASP_48_A,TRP_51_A,ASP_183_A,GLY_186_A,SER_188_A"
SER_188_A,"ASP_48_A,HIS_187_A,GLN_189_A,THR_190_A"
GLN_189_A,"ASN_181_A,SER_188_A,THR_190_A"
THR_190_A,"GLY_178_A,SER_188_A,GLN_189_A,ASP_191_A"
ASP_191_A,"HIS_52_A,SER_176_A,THR_190_A,PHE_192_A"
PHE_192_A,"LEU_63_A,LEU_175_A,SER_176_A,GLY_178_A,ASP_191_A"
PRO_193_A,"PHE_49_A,GLY_194_A"
GLY_194_A,"GLY_43_A,PRO_193_A,PHE_195_A"
PHE_195_A,"VAL_65_A,MET_145_A,GLY_194_A,TYR_196_A"
TYR_196_A,"VAL_41_A,VAL_138_A,PHE_195_A,TRP_197_A"
TRP_197_A,"VAL_68_A,TYR_76_A,ALA_134_A,VAL_143_A,MET_145_A,TYR_196_A,ASN_198_A"
ASN_198_A,"GLN_142_A,TRP_197_A,ILE_199_A,CYS_201_A,ASP_202_A"
ILE_199_A,"CYS_141_A,VAL_143_A,ASN_198_A,ASP_200_A"
ASP_200_A,"TRP_70_A,TYR_76_A,ILE_199_A,CYS_201_A"
CYS_201_A,"CYS_37_A,ASN_198_A,ASP_200_A,ASP_202_A"
ASP_202_A,"ASN_198_A,CYS_201_A,ASN_203_A,ASN_204_A"
ASN_203_A,"SER_36_A,ASN_38_A,ASP_202_A,ASN_204_A"
ASN_204_A,"ASP_202_A,ASN_203_A,CYS_205_A"
CYS_205_A,"CYS_141_A,ASN_204_A,GLY_206_A"
GLY_206_A,CYS_205_A
