residue_id,neighbors
THR_3_A,ASP_4_A
ASP_4_A,"THR_3_A,ILE_5_A,GLU_7_A"
ILE_5_A,"ASP_4_A,ASP_6_A,ASN_22_A"
ASP_6_A,"ILE_5_A,GLU_7_A,CYS_8_A,ARG_9_A"
GLU_7_A,"ASP_4_A,ASP_6_A,CYS_8_A,ASN_22_A,PHE_27_A"
CYS_8_A,"ASP_6_A,GLU_7_A,ARG_9_A,CYS_20_A"
ARG_9_A,"ASP_6_A,CYS_8_A,ILE_10_A,SER_11_A"
ILE_10_A,"ARG_9_A,SER_11_A,LEU_14_A"
SER_11_A,"ARG_9_A,ILE_10_A,ASP_13_A"
PRO_12_A,ASP_13_A
ASP_13_A,"SER_11_A,PRO_12_A,LEU_14_A,CYS_15_A,GLY_16_A"
LEU_14_A,"ILE_10_A,ASP_13_A,CYS_15_A,CYS_20_A,PHE_27_A"
CYS_15_A,"ASP_13_A,LEU_14_A,GLY_16_A,ARG_17_A,CYS_20_A,CYS_29_A,CYS_45_A"
GLY_16_A,"ASP_13_A,CYS_15_A,ARG_17_A"
ARG_17_A,"CYS_15_A,GLY_16_A,GLY_18_A,ASP_32_A,TYR_35_A,CYS_45_A"
GLY_18_A,"ARG_17_A,GLN_19_A"
GLN_19_A,"GLY_18_A,CYS_20_A,LYS_30_A"
CYS_20_A,"CYS_8_A,LEU_14_A,CYS_15_A,GLN_19_A,VAL_21_A"
VAL_21_A,"CYS_20_A,ASN_22_A,GLU_28_A"
ASN_22_A,"ILE_5_A,GLU_7_A,VAL_21_A,THR_23_A"
THR_23_A,"ASN_22_A,ASP_26_A,PHE_27_A,GLU_28_A"
PRO_24_A,GLY_25_A
GLY_25_A,"PRO_24_A,ASP_26_A"
ASP_26_A,"THR_23_A,GLY_25_A,PHE_27_A"
PHE_27_A,"GLU_7_A,LEU_14_A,THR_23_A,ASP_26_A,GLU_28_A,LYS_43_A"
GLU_28_A,"VAL_21_A,THR_23_A,PHE_27_A,CYS_29_A"
CYS_29_A,"CYS_15_A,GLU_28_A,LYS_30_A,LYS_43_A"
LYS_30_A,"GLN_19_A,CYS_29_A,CYS_31_A,ASP_32_A"
CYS_31_A,"LYS_30_A,ASP_32_A,TYR_35_A,CYS_45_A"
ASP_32_A,"ARG_17_A,LYS_30_A,CYS_31_A,GLU_33_A"
GLU_33_A,"ASP_32_A,GLY_34_A"
GLY_34_A,"GLU_33_A,TYR_35_A,ILE_48_A"
TYR_35_A,"ARG_17_A,CYS_31_A,GLY_34_A,GLU_36_A,CYS_45_A"
GLU_36_A,"TYR_35_A,SER_37_A,GLY_38_A,MET_46_A,ILE_48_A"
SER_37_A,"GLU_36_A,GLY_38_A,PHE_39_A"
GLY_38_A,"GLU_36_A,SER_37_A,PHE_39_A,MET_41_A,MET_42_A,ASN_44_A"
PHE_39_A,"SER_37_A,GLY_38_A,MET_40_A"
MET_40_A,"PHE_39_A,MET_41_A"
MET_41_A,"GLY_38_A,MET_40_A,MET_42_A"
MET_42_A,"GLY_38_A,MET_41_A,LYS_43_A"
LYS_43_A,"PHE_27_A,CYS_29_A,MET_42_A,ASN_44_A"
ASN_44_A,"GLY_38_A,LYS_43_A,CYS_45_A"
CYS_45_A,"CYS_15_A,ARG_17_A,CYS_31_A,TYR_35_A,ASN_44_A,MET_46_A"
MET_46_A,"GLU_36_A,CYS_45_A,ASP_47_A"
ASP_47_A,"MET_46_A,ILE_48_A,GLU_50_A"
ILE_48_A,"GLY_34_A,GLU_36_A,ASP_47_A,ASP_49_A,ASN_65_A"
ASP_49_A,"ILE_48_A,GLU_50_A,CYS_51_A,GLN_52_A,ARG_53_A"
GLU_50_A,"ASP_47_A,ASP_49_A,CYS_51_A,TYR_70_A"
CYS_51_A,"ASP_49_A,GLU_50_A,GLN_52_A,CYS_63_A"
GLN_52_A,"ASP_49_A,CYS_51_A,ARG_53_A"
ARG_53_A,"ASP_49_A,GLN_52_A,ASP_54_A"
ASP_54_A,"ARG_53_A,LEU_57_A"
PRO_55_A,LEU_56_A
LEU_56_A,"PRO_55_A,LEU_57_A,ARG_59_A,ALA_86_A"
LEU_57_A,"ASP_54_A,LEU_56_A,CYS_58_A,ARG_59_A,CYS_63_A,TYR_70_A,SER_85_A"
CYS_58_A,"LEU_57_A,ARG_59_A,GLY_60_A,GLY_61_A,VAL_62_A,CYS_63_A,CYS_72_A"
ARG_59_A,"LEU_56_A,LEU_57_A,CYS_58_A,GLY_60_A"
GLY_60_A,"CYS_58_A,ARG_59_A,GLY_61_A"
GLY_61_A,"CYS_58_A,GLY_60_A,VAL_62_A"
VAL_62_A,"CYS_58_A,GLY_61_A,CYS_63_A,GLU_73_A"
CYS_63_A,"CYS_51_A,LEU_57_A,CYS_58_A,VAL_62_A,HIS_64_A"
HIS_64_A,"CYS_63_A,ASN_65_A,ARG_71_A,GLU_73_A"
ASN_65_A,"ILE_48_A,HIS_64_A,THR_66_A"
THR_66_A,"ASN_65_A,GLU_67_A,SER_69_A,ARG_71_A"
GLU_67_A,"THR_66_A,GLY_68_A,SER_69_A"
GLY_68_A,"GLU_67_A,SER_69_A"
SER_69_A,"THR_66_A,GLU_67_A,GLY_68_A,TYR_70_A"
TYR_70_A,"GLU_50_A,LEU_57_A,SER_69_A,ARG_71_A"
ARG_71_A,"HIS_64_A,THR_66_A,TYR_70_A,CYS_72_A,GLU_73_A"
CYS_72_A,"CYS_58_A,ARG_71_A,GLU_73_A,LEU_80_A"
GLU_73_A,"VAL_62_A,HIS_64_A,ARG_71_A,CYS_72_A,CYS_74_A,PRO_75_A"
CYS_74_A,"GLU_73_A,HIS_78_A,CYS_87_A"
PRO_75_A,GLU_73_A
PRO_76_A,GLY_77_A
GLY_77_A,"PRO_76_A,HIS_78_A"
HIS_78_A,"CYS_74_A,GLY_77_A,GLN_79_A,ILE_88_A"
GLN_79_A,"HIS_78_A,LEU_80_A,ILE_88_A"
LEU_80_A,"CYS_72_A,GLN_79_A,SER_81_A"
SER_81_A,"LEU_80_A,ALA_86_A"
PRO_82_A,ASN_83_A
ASN_83_A,"PRO_82_A,ILE_84_A"
ILE_84_A,"ASN_83_A,SER_85_A"
SER_85_A,"LEU_57_A,ILE_84_A,ALA_86_A"
ALA_86_A,"LEU_56_A,SER_81_A,SER_85_A,CYS_87_A"
CYS_87_A,"CYS_74_A,ALA_86_A,ILE_88_A"
ILE_88_A,"HIS_78_A,GLN_79_A,CYS_87_A"
