residue_id,neighbors
PRO_6_A,ALA_7_A
ALA_7_A,"PRO_6_A,HIS_8_A,ARG_36_A,LEU_397_A"
HIS_8_A,"ALA_7_A,ILE_9_A,ARG_36_A,THR_38_A,ASP_102_A,ASP_105_A"
ILE_9_A,"HIS_8_A,ALA_10_A,HIS_35_A,THR_38_A,LEU_108_A"
ALA_10_A,"ILE_9_A,MET_11_A,PHE_12_A,PRO_104_A,LEU_106_A,LEU_108_A"
MET_11_A,"ALA_10_A,PHE_12_A,ILE_27_A,THR_38_A,TYR_39_A,ALA_40_A"
PHE_12_A,"ALA_10_A,MET_11_A,SER_13_A,ALA_40_A,TYR_99_A,LEU_108_A,ASP_110_A,ALA_116_A"
SER_13_A,"PHE_12_A,ILE_14_A,HIS_19_A,TYR_59_A"
ILE_14_A,"SER_13_A,ALA_15_A,ALA_16_A,LEU_63_A"
ALA_15_A,"ILE_14_A,ALA_16_A,VAL_44_A"
ALA_16_A,"ILE_14_A,ALA_15_A,HIS_17_A,HIS_19_A"
HIS_17_A,"ALA_16_A,GLY_18_A,ASN_21_A,LYS_48_A,GLU_221_A,TRP_289_A"
GLY_18_A,"HIS_17_A,HIS_19_A"
HIS_19_A,"SER_13_A,ALA_16_A,GLY_18_A,VAL_20_A,ASP_110_A"
VAL_20_A,"HIS_19_A,ASN_21_A"
ASN_21_A,"HIS_17_A,VAL_20_A"
PRO_22_A,"SER_23_A,PRO_132_A"
SER_23_A,"PRO_22_A,LEU_24_A,ILE_27_A"
LEU_24_A,"SER_23_A,GLU_25_A,ARG_28_A,THR_52_A"
GLU_25_A,"LEU_24_A,VAL_26_A,ARG_28_A,GLU_29_A,ASP_217_A,ARG_387_A"
VAL_26_A,"GLU_25_A,ILE_27_A,LEU_30_A,ILE_393_A"
ILE_27_A,"MET_11_A,SER_23_A,VAL_26_A,ARG_28_A,VAL_31_A"
ARG_28_A,"LEU_24_A,GLU_25_A,ILE_27_A,GLU_29_A,ALA_32_A,GLU_220_A"
GLU_29_A,"GLU_25_A,ARG_28_A,LEU_30_A,ARG_33_A,THR_386_A,ARG_387_A,ALA_390_A"
LEU_30_A,"VAL_26_A,GLU_29_A,VAL_31_A,LEU_108_A"
VAL_31_A,"ILE_27_A,LEU_30_A,ALA_32_A,GLY_34_A,VAL_37_A"
ALA_32_A,"ARG_28_A,VAL_31_A,ARG_33_A"
ARG_33_A,"GLU_29_A,ALA_32_A,GLY_34_A,HIS_35_A,ARG_387_A,ASP_391_A,GLU_394_A"
GLY_34_A,"VAL_31_A,ARG_33_A,HIS_35_A"
HIS_35_A,"ILE_9_A,ARG_33_A,GLY_34_A,ARG_36_A,GLU_394_A"
ARG_36_A,"ALA_7_A,HIS_8_A,HIS_35_A,VAL_37_A,ARG_55_A,ASP_102_A"
VAL_37_A,"VAL_31_A,ARG_36_A,THR_38_A"
THR_38_A,"HIS_8_A,ILE_9_A,MET_11_A,VAL_37_A,TYR_39_A,TYR_99_A"
TYR_39_A,"MET_11_A,THR_38_A,ALA_40_A,ARG_55_A,VAL_57_A"
ALA_40_A,"MET_11_A,PHE_12_A,TYR_39_A,ILE_41_A,LEU_95_A"
ILE_41_A,"ALA_40_A,PHE_45_A,VAL_49_A,VAL_57_A"
PRO_43_A,"VAL_44_A,PHE_45_A,ALA_46_A"
VAL_44_A,"ALA_15_A,PRO_43_A,PHE_45_A"
PHE_45_A,"ILE_41_A,PRO_43_A,VAL_44_A,ALA_46_A"
ALA_46_A,"PRO_43_A,PHE_45_A,ASP_47_A,ALA_50_A"
ASP_47_A,"ALA_46_A,LYS_48_A"
LYS_48_A,"HIS_17_A,ASP_47_A,VAL_49_A,ARG_218_A,GLU_221_A"
VAL_49_A,"ILE_41_A,LYS_48_A,ALA_50_A"
ALA_50_A,"ALA_46_A,VAL_49_A,ALA_51_A"
ALA_51_A,"ALA_50_A,THR_52_A,GLU_220_A"
THR_52_A,"LEU_24_A,ALA_51_A,GLY_53_A"
GLY_53_A,"THR_52_A,ALA_54_A"
ALA_54_A,"GLY_53_A,ARG_55_A"
ARG_55_A,"ARG_36_A,TYR_39_A,ALA_54_A,ASP_102_A"
PRO_56_A,VAL_57_A
VAL_57_A,"TYR_39_A,ILE_41_A,PRO_56_A,LEU_58_A,ALA_98_A"
LEU_58_A,"VAL_57_A,TYR_59_A"
TYR_59_A,"SER_13_A,LEU_58_A,HIS_60_A"
HIS_60_A,"TYR_59_A,SER_61_A,LYS_65_A"
SER_61_A,"HIS_60_A,THR_62_A,ASP_87_A"
THR_62_A,"SER_61_A,LEU_63_A,ASP_87_A"
LEU_63_A,"ILE_14_A,THR_62_A,LEU_83_A,ASP_87_A"
PRO_64_A,LYS_65_A
LYS_65_A,"HIS_60_A,PRO_64_A,GLU_71_A"
PRO_66_A,SER_67_A
SER_67_A,"PRO_66_A,ASN_68_A"
ASN_68_A,SER_67_A
PRO_69_A,GLU_70_A
GLU_70_A,"PRO_69_A,GLU_71_A"
GLU_71_A,"LYS_65_A,GLU_70_A,SER_72_A,LYS_271_A"
SER_72_A,"GLU_71_A,TRP_73_A"
TRP_73_A,"SER_72_A,PHE_84_A"
PRO_74_A,GLU_75_A
GLU_75_A,"PRO_74_A,ASP_76_A"
ASP_76_A,"GLU_75_A,GLN_77_A,GLU_78_A,SER_79_A,ARG_157_A"
GLN_77_A,"ASP_76_A,GLU_78_A,MET_81_A"
GLU_78_A,"ASP_76_A,GLN_77_A,SER_79_A,GLY_82_A,ARG_153_A,ARG_157_A"
SER_79_A,"ASP_76_A,GLU_78_A,ALA_80_A,LEU_83_A,ARG_157_A"
ALA_80_A,"SER_79_A,MET_81_A,LEU_83_A,PHE_84_A"
MET_81_A,"GLN_77_A,ALA_80_A,GLY_82_A,TRP_149_A"
GLY_82_A,"GLU_78_A,MET_81_A,LEU_83_A"
LEU_83_A,"LEU_63_A,SER_79_A,ALA_80_A,GLY_82_A,PHE_84_A,ASP_87_A"
PHE_84_A,"TRP_73_A,ALA_80_A,LEU_83_A,LEU_85_A,ALA_88_A,THR_112_A,TYR_114_A"
LEU_85_A,"PHE_84_A,ASN_86_A,ILE_89_A,PHE_165_A"
ASN_86_A,"LEU_85_A,ASP_87_A,ARG_164_A"
ASP_87_A,"SER_61_A,THR_62_A,LEU_63_A,LEU_83_A,ASN_86_A,ALA_88_A,GLN_90_A,ALA_91_A"
ALA_88_A,"PHE_84_A,ASP_87_A,ILE_89_A,LEU_92_A,TYR_114_A,TRP_168_A"
ILE_89_A,"LEU_85_A,ALA_88_A,GLN_90_A,TRP_168_A"
GLN_90_A,"ASP_87_A,ILE_89_A,ALA_91_A"
ALA_91_A,"ASP_87_A,GLN_90_A,LEU_92_A"
LEU_92_A,"ALA_88_A,ALA_91_A,ALA_96_A,LEU_119_A,TRP_168_A"
PRO_93_A,"GLN_94_A,ASP_97_A"
GLN_94_A,"PRO_93_A,LEU_95_A,ALA_98_A"
LEU_95_A,"ALA_40_A,GLN_94_A,ALA_96_A,PRO_115_A,LEU_119_A"
ALA_96_A,"LEU_92_A,LEU_95_A,ASP_97_A"
ASP_97_A,"PRO_93_A,ALA_96_A,ALA_98_A"
ALA_98_A,"VAL_57_A,GLN_94_A,ASP_97_A,TYR_99_A"
TYR_99_A,"PHE_12_A,THR_38_A,ALA_98_A,ALA_100_A,TRP_123_A"
ALA_100_A,"TYR_99_A,ASP_101_A"
ASP_101_A,"ALA_100_A,ASP_102_A"
ASP_102_A,"HIS_8_A,ARG_36_A,ARG_55_A,ASP_101_A,ILE_103_A"
ILE_103_A,"ASP_102_A,TRP_123_A"
PRO_104_A,"ALA_10_A,ASP_105_A"
ASP_105_A,"HIS_8_A,PRO_104_A,LEU_106_A"
LEU_106_A,"ALA_10_A,ASP_105_A,VAL_107_A,LEU_108_A,GLU_396_A"
VAL_107_A,"LEU_106_A,LEU_108_A,VAL_125_A,PRO_126_A,VAL_128_A"
LEU_108_A,"ILE_9_A,ALA_10_A,PHE_12_A,LEU_30_A,LEU_106_A,VAL_107_A,HIS_109_A,VAL_128_A"
HIS_109_A,"LEU_108_A,ASP_110_A,ALA_116_A,ARG_117_A,LEU_130_A"
ASP_110_A,"PHE_12_A,HIS_19_A,HIS_109_A,ILE_111_A,THR_112_A"
ILE_111_A,"ASP_110_A,THR_112_A,ARG_117_A"
THR_112_A,"PHE_84_A,ASP_110_A,ILE_111_A,SER_113_A"
SER_113_A,"THR_112_A,TYR_114_A"
TYR_114_A,"PHE_84_A,ALA_88_A,SER_113_A,PHE_165_A"
PRO_115_A,"LEU_95_A,ALA_116_A,LEU_119_A"
ALA_116_A,"PHE_12_A,HIS_109_A,PRO_115_A,ARG_117_A,ALA_120_A"
ARG_117_A,"HIS_109_A,ILE_111_A,ALA_116_A,VAL_118_A,ARG_121_A,PHE_181_A"
VAL_118_A,"ARG_117_A,LEU_119_A,ARG_122_A,ASN_172_A,ILE_174_A"
LEU_119_A,"LEU_92_A,LEU_95_A,PRO_115_A,VAL_118_A,ALA_120_A,TRP_123_A"
ALA_120_A,"ALA_116_A,LEU_119_A,ARG_121_A,GLY_124_A,ALA_127_A"
ARG_121_A,"ARG_117_A,ALA_120_A,ARG_122_A,GLU_176_A"
ARG_122_A,"VAL_118_A,ARG_121_A,TRP_123_A,ASN_172_A"
TRP_123_A,"TYR_99_A,ILE_103_A,LEU_119_A,ARG_122_A,GLY_124_A"
GLY_124_A,"ALA_120_A,TRP_123_A,VAL_125_A"
VAL_125_A,"VAL_107_A,GLY_124_A"
PRO_126_A,"VAL_107_A,ALA_127_A"
ALA_127_A,"ALA_120_A,PRO_126_A,VAL_128_A"
VAL_128_A,"VAL_107_A,LEU_108_A,ALA_127_A,SER_129_A"
SER_129_A,"VAL_128_A,LEU_130_A,ARG_187_A,LEU_189_A"
LEU_130_A,"HIS_109_A,SER_129_A,SER_131_A,LEU_189_A"
SER_131_A,"LEU_130_A,ASN_133_A,LEU_189_A,LEU_191_A"
PRO_132_A,"PRO_22_A,ASN_133_A"
ASN_133_A,"SER_131_A,PRO_132_A,LEU_134_A,ASP_329_A"
LEU_134_A,"ASN_133_A,VAL_135_A"
VAL_135_A,"LEU_134_A,ALA_136_A,VAL_190_A,GLN_197_A,TYR_208_A"
ALA_136_A,"VAL_135_A,TRP_137_A,TYR_140_A"
TRP_137_A,"ALA_136_A,LYS_138_A,HIS_199_A"
LYS_138_A,"TRP_137_A,GLY_139_A,ARG_202_A,ASP_204_A"
GLY_139_A,"LYS_138_A,TYR_140_A"
TYR_140_A,"ALA_136_A,GLY_139_A,GLU_141_A,VAL_144_A,ALA_145_A"
GLU_141_A,"TYR_140_A,GLU_142_A,GLU_146_A,ARG_150_A,ASP_179_A,HIS_184_A"
GLU_142_A,"GLU_141_A,GLU_143_A"
GLU_143_A,"GLU_142_A,VAL_144_A,HIS_199_A,ARG_202_A"
VAL_144_A,"TYR_140_A,GLU_143_A,ALA_145_A,MET_148_A"
ALA_145_A,"TYR_140_A,VAL_144_A,GLU_146_A,ARG_150_A"
GLU_146_A,"GLU_141_A,ALA_145_A,ARG_150_A,GLU_151_A"
PRO_147_A,MET_148_A
MET_148_A,"VAL_144_A,PRO_147_A,TRP_149_A"
TRP_149_A,"MET_81_A,MET_148_A,ARG_150_A,ARG_153_A,ASP_179_A"
ARG_150_A,"GLU_141_A,ALA_145_A,GLU_146_A,TRP_149_A,GLU_151_A,HIS_177_A,ASP_179_A"
GLU_151_A,"GLU_146_A,ARG_150_A,GLN_154_A"
PRO_152_A,ARG_153_A
ARG_153_A,"GLU_78_A,TRP_149_A,PRO_152_A,GLN_154_A,TYR_162_A,ASP_179_A"
GLN_154_A,"GLU_151_A,ARG_153_A,THR_155_A"
THR_155_A,"GLN_154_A,GLU_156_A,ARG_159_A"
GLU_156_A,"THR_155_A,ARG_157_A,ARG_159_A,ALA_160_A"
ARG_157_A,"ASP_76_A,GLU_78_A,SER_79_A,GLU_156_A,GLY_158_A,TYR_161_A"
GLY_158_A,"ARG_157_A,ARG_159_A,TYR_162_A"
ARG_159_A,"THR_155_A,GLU_156_A,GLY_158_A,ALA_160_A,ALA_163_A"
ALA_160_A,"GLU_156_A,ARG_159_A,TYR_161_A,ARG_164_A"
TYR_161_A,"ARG_157_A,ALA_160_A,TYR_162_A,PHE_165_A"
TYR_162_A,"ARG_153_A,GLY_158_A,TYR_161_A,ALA_163_A,GLU_166_A,ASP_179_A"
ALA_163_A,"ARG_159_A,TYR_162_A,ARG_164_A,ALA_167_A"
ARG_164_A,"ASN_86_A,ALA_160_A,ALA_163_A,PHE_165_A,TRP_168_A"
PHE_165_A,"LEU_85_A,TYR_114_A,TYR_161_A,ARG_164_A,GLU_166_A,LEU_169_A,PRO_178_A,PHE_181_A"
GLU_166_A,"TYR_162_A,PHE_165_A,ALA_167_A,LYS_170_A"
ALA_167_A,"ALA_163_A,GLU_166_A,TRP_168_A,GLU_171_A"
TRP_168_A,"ALA_88_A,ILE_89_A,LEU_92_A,ARG_164_A,ALA_167_A,LEU_169_A,ASN_172_A"
LEU_169_A,"PHE_165_A,TRP_168_A,LYS_170_A,ASN_172_A,ILE_174_A,PHE_181_A"
LYS_170_A,"GLU_166_A,LEU_169_A,GLU_171_A"
GLU_171_A,"ALA_167_A,LYS_170_A,ASN_172_A"
ASN_172_A,"VAL_118_A,ARG_122_A,TRP_168_A,LEU_169_A,GLU_171_A,GLY_173_A"
GLY_173_A,"ASN_172_A,ILE_174_A"
ILE_174_A,"VAL_118_A,LEU_169_A,GLY_173_A,THR_175_A"
THR_175_A,"ILE_174_A,GLU_176_A"
GLU_176_A,"ARG_121_A,THR_175_A,HIS_177_A"
HIS_177_A,"ARG_150_A,GLU_176_A,ASP_179_A"
PRO_178_A,"PHE_165_A,ASP_179_A,ALA_182_A"
ASP_179_A,"GLU_141_A,TRP_149_A,ARG_150_A,ARG_153_A,TYR_162_A,HIS_177_A,PRO_178_A,THR_180_A,SER_183_A"
THR_180_A,"ASP_179_A,PHE_181_A,HIS_184_A"
PHE_181_A,"ARG_117_A,PHE_165_A,LEU_169_A,THR_180_A,ALA_182_A"
ALA_182_A,"PRO_178_A,PHE_181_A,SER_183_A"
SER_183_A,"ASP_179_A,ALA_182_A,HIS_184_A"
HIS_184_A,"GLU_141_A,THR_180_A,SER_183_A"
PRO_186_A,ARG_187_A
ARG_187_A,"SER_129_A,PRO_186_A,SER_188_A,VAL_207_A,THR_209_A,GLU_396_A"
SER_188_A,"ARG_187_A,LEU_189_A,VAL_207_A"
LEU_189_A,"SER_129_A,LEU_130_A,SER_131_A,SER_188_A,VAL_190_A,ILE_393_A"
VAL_190_A,"VAL_135_A,LEU_189_A,LEU_191_A,ILE_192_A,THR_209_A,PHE_210_A"
LEU_191_A,"SER_131_A,VAL_190_A,ILE_192_A,VAL_211_A"
ILE_192_A,"VAL_190_A,LEU_191_A"
PRO_193_A,"LYS_194_A,LEU_196_A,MET_380_A"
LYS_194_A,"PRO_193_A,ALA_195_A,LEU_196_A,GLN_197_A,ALA_200_A"
ALA_195_A,"LYS_194_A,LEU_196_A"
LEU_196_A,"PRO_193_A,LYS_194_A,ALA_195_A,GLN_197_A,MET_308_A"
GLN_197_A,"VAL_135_A,LYS_194_A,LEU_196_A,PHE_210_A"
PRO_198_A,HIS_199_A
HIS_199_A,"TRP_137_A,GLU_143_A,PRO_198_A,ALA_200_A,ASP_201_A,ARG_202_A"
ALA_200_A,"LYS_194_A,HIS_199_A,ASP_201_A"
ASP_201_A,"HIS_199_A,ALA_200_A,ARG_202_A"
ARG_202_A,"LYS_138_A,GLU_143_A,HIS_199_A,ASP_201_A,VAL_203_A"
VAL_203_A,"ARG_202_A,ASP_204_A,GLU_205_A,TYR_208_A"
ASP_204_A,"LYS_138_A,VAL_203_A,GLU_205_A,ASP_206_A,TYR_208_A"
GLU_205_A,"VAL_203_A,ASP_204_A,ASP_206_A"
ASP_206_A,"ASP_204_A,GLU_205_A,VAL_207_A"
VAL_207_A,"ARG_187_A,SER_188_A,ASP_206_A,TYR_208_A"
TYR_208_A,"VAL_135_A,VAL_203_A,ASP_204_A,VAL_207_A,THR_209_A"
THR_209_A,"ARG_187_A,VAL_190_A,TYR_208_A,PHE_210_A,LEU_392_A"
PHE_210_A,"VAL_190_A,GLN_197_A,THR_209_A,VAL_211_A"
VAL_211_A,"LEU_191_A,PHE_210_A,GLY_212_A,LEU_392_A"
GLY_212_A,"VAL_211_A,ALA_213_A"
ALA_213_A,"GLY_212_A,CYS_214_A"
CYS_214_A,"ALA_213_A,GLN_215_A"
GLN_215_A,"CYS_214_A,GLY_216_A"
GLY_216_A,"GLN_215_A,ASP_217_A"
ASP_217_A,"GLU_25_A,GLY_216_A,ARG_218_A,ALA_219_A"
ARG_218_A,"LYS_48_A,ASP_217_A,ALA_219_A,GLU_221_A,LEU_293_A,GLU_313_A"
ALA_219_A,"ASP_217_A,ARG_218_A,GLU_220_A,GLY_222_A"
GLU_220_A,"ARG_28_A,ALA_51_A,ALA_219_A,GLU_221_A"
GLU_221_A,"HIS_17_A,LYS_48_A,ARG_218_A,GLU_220_A,GLY_222_A"
GLY_222_A,"ALA_219_A,GLU_221_A,GLY_223_A"
GLY_223_A,"GLY_222_A,TRP_224_A"
TRP_224_A,"GLY_223_A,GLN_225_A,VAL_265_A,ASP_294_A,ILE_295_A,LYS_298_A"
GLN_225_A,"TRP_224_A,ARG_226_A"
ARG_226_A,"GLN_225_A,ALA_230_A"
PRO_227_A,"ALA_228_A,ALA_230_A"
ALA_228_A,"PRO_227_A,GLY_229_A"
GLY_229_A,"ALA_228_A,ALA_230_A,GLU_231_A"
ALA_230_A,"ARG_226_A,PRO_227_A,GLY_229_A,GLU_231_A,HIS_263_A"
GLU_231_A,"GLY_229_A,ALA_230_A,LYS_232_A,GLY_261_A"
LYS_232_A,"GLU_231_A,VAL_233_A,TRP_262_A,HIS_263_A,VAL_364_A,ASP_365_A"
VAL_233_A,"LYS_232_A,VAL_234_A,SER_300_A"
VAL_234_A,"VAL_233_A,LEU_235_A,HIS_263_A,LEU_264_A,VAL_265_A"
LEU_235_A,"VAL_234_A,VAL_236_A,ALA_301_A,ILE_303_A"
VAL_236_A,"LEU_235_A,SER_237_A,LEU_264_A,VAL_265_A,LEU_266_A,GLN_267_A,ILE_303_A"
SER_237_A,"VAL_236_A,LEU_238_A,GLN_267_A,ILE_303_A"
LEU_238_A,"SER_237_A,GLY_239_A,GLN_245_A"
GLY_239_A,"LEU_238_A,SER_240_A"
SER_240_A,"GLY_239_A,ALA_241_A"
ALA_241_A,"SER_240_A,PHE_242_A"
PHE_242_A,"ALA_241_A,THR_243_A,GLN_326_A,ALA_327_A"
THR_243_A,"PHE_242_A,LYS_244_A,TYR_249_A"
LYS_244_A,"THR_243_A,GLN_245_A"
GLN_245_A,"LEU_238_A,LYS_244_A"
PRO_246_A,"ALA_247_A,ARG_250_A"
ALA_247_A,"PRO_246_A,PHE_248_A"
PHE_248_A,"ALA_247_A,TYR_249_A,CYS_252_A,ILE_303_A,ALA_351_A"
TYR_249_A,"THR_243_A,PHE_248_A,ARG_250_A,CYS_252_A,VAL_253_A,ILE_268_A,LEU_277_A"
ARG_250_A,"PRO_246_A,TYR_249_A,GLU_251_A,ARG_254_A,GLU_276_A,LEU_277_A"
GLU_251_A,"ARG_250_A,CYS_252_A,ARG_254_A,ALA_255_A,ALA_353_A"
CYS_252_A,"PHE_248_A,TYR_249_A,GLU_251_A,VAL_253_A,ALA_255_A"
VAL_253_A,"TYR_249_A,CYS_252_A,ARG_254_A,GLY_257_A,LEU_266_A"
ARG_254_A,"ARG_250_A,GLU_251_A,VAL_253_A,ALA_255_A,ALA_353_A"
ALA_255_A,"GLU_251_A,CYS_252_A,ARG_254_A,PHE_256_A"
PHE_256_A,"ALA_255_A,GLY_257_A,ASN_283_A,ILE_303_A,ALA_360_A"
GLY_257_A,"VAL_253_A,PHE_256_A,ASN_258_A,LEU_259_A"
ASN_258_A,"GLY_257_A,LEU_259_A,ASN_283_A"
LEU_259_A,"GLY_257_A,ASN_258_A,TRP_262_A"
PRO_260_A,GLY_261_A
GLY_261_A,"GLU_231_A,PRO_260_A,TRP_262_A"
TRP_262_A,"LYS_232_A,LEU_259_A,GLY_261_A,HIS_263_A,ASN_283_A,LEU_361_A,VAL_364_A"
HIS_263_A,"ALA_230_A,LYS_232_A,VAL_234_A,TRP_262_A,LEU_264_A,GLU_285_A"
LEU_264_A,"VAL_234_A,VAL_236_A,HIS_263_A,VAL_265_A,VAL_284_A,GLU_285_A"
VAL_265_A,"TRP_224_A,VAL_234_A,VAL_236_A,LEU_264_A,LEU_266_A"
LEU_266_A,"VAL_236_A,VAL_253_A,VAL_265_A,GLN_267_A,ILE_268_A,GLU_285_A,HIS_287_A"
GLN_267_A,"VAL_236_A,SER_237_A,LEU_266_A,ILE_268_A,GLY_269_A,VAL_290_A"
ILE_268_A,"TYR_249_A,LEU_266_A,GLN_267_A,GLY_269_A,VAL_286_A,HIS_287_A"
GLY_269_A,"GLN_267_A,ILE_268_A,ARG_270_A"
ARG_270_A,"GLY_269_A,LYS_271_A"
LYS_271_A,"GLU_71_A,ARG_270_A,VAL_272_A"
VAL_272_A,"LYS_271_A,THR_273_A"
THR_273_A,VAL_272_A
PRO_274_A,"ALA_275_A,LEU_277_A"
ALA_275_A,"PRO_274_A,GLU_276_A"
GLU_276_A,"ARG_250_A,ALA_275_A,LEU_277_A"
LEU_277_A,"TYR_249_A,ARG_250_A,PRO_274_A,GLU_276_A,GLY_278_A"
GLY_278_A,"LEU_277_A,GLU_279_A"
GLU_279_A,"GLY_278_A,LEU_280_A"
LEU_280_A,GLU_279_A
PRO_281_A,VAL_284_A
PRO_282_A,ASN_283_A
ASN_283_A,"PHE_256_A,ASN_258_A,TRP_262_A,PRO_282_A,VAL_284_A"
VAL_284_A,"LEU_264_A,PRO_281_A,ASN_283_A,GLU_285_A"
GLU_285_A,"HIS_263_A,LEU_264_A,LEU_266_A,VAL_284_A,VAL_286_A,HIS_287_A"
VAL_286_A,"ILE_268_A,GLU_285_A,HIS_287_A"
HIS_287_A,"LEU_266_A,ILE_268_A,GLU_285_A,VAL_286_A,GLN_288_A,VAL_290_A"
GLN_288_A,"HIS_287_A,TRP_289_A"
TRP_289_A,"HIS_17_A,GLN_288_A,VAL_290_A"
VAL_290_A,"GLN_267_A,HIS_287_A,TRP_289_A,GLN_292_A,ILE_295_A"
PRO_291_A,GLN_292_A
GLN_292_A,"VAL_290_A,PRO_291_A,LEU_293_A,LEU_296_A,GLU_313_A"
LEU_293_A,"ARG_218_A,GLN_292_A,ASP_294_A"
ASP_294_A,"TRP_224_A,LEU_293_A,ILE_295_A,THR_297_A,LYS_298_A"
ILE_295_A,"TRP_224_A,VAL_290_A,ASP_294_A,LEU_296_A,LYS_298_A,ALA_299_A"
LEU_296_A,"GLN_292_A,ILE_295_A,THR_297_A,PHE_302_A,GLU_313_A,VAL_319_A"
THR_297_A,"ASP_294_A,LEU_296_A,LYS_298_A"
LYS_298_A,"TRP_224_A,ASP_294_A,ILE_295_A,THR_297_A,ALA_299_A"
ALA_299_A,"ILE_295_A,LYS_298_A,SER_300_A"
SER_300_A,"VAL_233_A,ALA_299_A,ALA_301_A"
ALA_301_A,"LEU_235_A,SER_300_A,PHE_302_A"
PHE_302_A,"LEU_296_A,ALA_301_A,ILE_303_A,ALA_314_A,VAL_319_A,PRO_320_A,ILE_322_A"
ILE_303_A,"LEU_235_A,VAL_236_A,SER_237_A,PHE_248_A,PHE_256_A,PHE_302_A,THR_304_A"
THR_304_A,"ILE_303_A,HIS_305_A,ILE_322_A,VAL_324_A"
HIS_305_A,"THR_304_A,ALA_306_A"
ALA_306_A,"HIS_305_A,GLY_307_A"
GLY_307_A,"ALA_306_A,MET_308_A,THR_311_A"
MET_308_A,"LEU_196_A,GLY_307_A,GLY_309_A,MET_312_A"
GLY_309_A,"MET_308_A,SER_310_A,GLU_313_A"
SER_310_A,"GLY_309_A,THR_311_A,ALA_314_A"
THR_311_A,"GLY_307_A,SER_310_A,MET_312_A,LEU_315_A,LEU_337_A"
MET_312_A,"MET_308_A,THR_311_A,GLU_313_A,SER_316_A"
GLU_313_A,"ARG_218_A,GLN_292_A,LEU_296_A,GLY_309_A,MET_312_A,ALA_314_A"
ALA_314_A,"PHE_302_A,SER_310_A,GLU_313_A,LEU_315_A,ASN_317_A,ALA_318_A,VAL_319_A"
LEU_315_A,"THR_311_A,ALA_314_A,SER_316_A,MET_321_A,LEU_373_A"
SER_316_A,"MET_312_A,LEU_315_A,ASN_317_A,GLN_377_A"
ASN_317_A,"ALA_314_A,SER_316_A,ALA_318_A"
ALA_318_A,"ALA_314_A,ASN_317_A,VAL_319_A"
VAL_319_A,"LEU_296_A,PHE_302_A,ALA_314_A,ALA_318_A"
PRO_320_A,"PHE_302_A,MET_321_A"
MET_321_A,"LEU_315_A,PRO_320_A,ILE_322_A"
ILE_322_A,"PHE_302_A,THR_304_A,MET_321_A,ALA_323_A,LEU_346_A,LEU_363_A"
ALA_323_A,"ILE_322_A,VAL_324_A,ALA_334_A,ARG_344_A,LEU_346_A"
VAL_324_A,"THR_304_A,ALA_323_A,GLN_326_A"
PRO_325_A,"GLN_326_A,GLN_330_A,PHE_331_A,ALA_334_A"
GLN_326_A,"PHE_242_A,VAL_324_A,PRO_325_A,ALA_327_A,GLN_330_A,THR_348_A"
ALA_327_A,"PHE_242_A,GLN_326_A,VAL_328_A,GLN_330_A"
VAL_328_A,"ALA_327_A,ASP_329_A"
ASP_329_A,"ASN_133_A,VAL_328_A,GLN_330_A"
GLN_330_A,"PRO_325_A,GLN_326_A,ALA_327_A,ASP_329_A,PHE_331_A,ALA_334_A"
PHE_331_A,"PRO_325_A,GLN_330_A,GLY_332_A,ASP_335_A"
GLY_332_A,"PHE_331_A,ASN_333_A,MET_336_A"
ASN_333_A,"GLY_332_A,ALA_334_A,MET_336_A,LEU_337_A"
ALA_334_A,"ALA_323_A,PRO_325_A,GLN_330_A,ASN_333_A,ASP_335_A,GLN_338_A"
ASP_335_A,"PHE_331_A,ALA_334_A,MET_336_A,GLY_339_A,LYS_345_A"
MET_336_A,"GLY_332_A,ASN_333_A,ASP_335_A,LEU_337_A,GLY_339_A,LEU_340_A"
LEU_337_A,"THR_311_A,ASN_333_A,MET_336_A,GLN_338_A,ALA_343_A"
GLN_338_A,"ALA_334_A,LEU_337_A,GLY_339_A,GLY_341_A,LYS_345_A"
GLY_339_A,"ASP_335_A,MET_336_A,GLN_338_A,LEU_340_A"
LEU_340_A,"MET_336_A,GLY_339_A,GLY_341_A"
GLY_341_A,"GLN_338_A,LEU_340_A,VAL_342_A"
VAL_342_A,"GLY_341_A,ALA_343_A,LEU_373_A"
ALA_343_A,"LEU_337_A,VAL_342_A,ARG_344_A"
ARG_344_A,"ALA_323_A,ALA_343_A,LYS_345_A,THR_359_A"
LYS_345_A,"ASP_335_A,GLN_338_A,ARG_344_A,LEU_346_A,GLU_350_A"
LEU_346_A,"ILE_322_A,ALA_323_A,LYS_345_A,ALA_347_A,LEU_355_A"
ALA_347_A,"LEU_346_A,THR_348_A"
THR_348_A,"GLN_326_A,ALA_347_A,GLU_349_A"
GLU_349_A,"THR_348_A,GLU_350_A"
GLU_350_A,"LYS_345_A,GLU_349_A,ALA_351_A,THR_352_A"
ALA_351_A,"PHE_248_A,GLU_350_A,THR_352_A"
THR_352_A,"GLU_350_A,ALA_351_A,ALA_353_A,LEU_356_A"
ALA_353_A,"GLU_251_A,ARG_254_A,THR_352_A,ASP_354_A,ARG_357_A"
ASP_354_A,"ALA_353_A,LEU_355_A,ARG_357_A,GLU_358_A"
LEU_355_A,"LEU_346_A,ASP_354_A,LEU_356_A,THR_359_A"
LEU_356_A,"THR_352_A,LEU_355_A,ARG_357_A,ALA_360_A"
ARG_357_A,"ALA_353_A,ASP_354_A,LEU_356_A,GLU_358_A,LEU_361_A"
GLU_358_A,"ASP_354_A,ARG_357_A,THR_359_A,ALA_362_A"
THR_359_A,"ARG_344_A,LEU_355_A,GLU_358_A,ALA_360_A,LEU_363_A"
ALA_360_A,"PHE_256_A,LEU_356_A,THR_359_A,LEU_361_A,VAL_364_A"
LEU_361_A,"TRP_262_A,ARG_357_A,ALA_360_A,ALA_362_A"
ALA_362_A,"GLU_358_A,LEU_361_A,LEU_363_A"
LEU_363_A,"ILE_322_A,THR_359_A,ALA_362_A,VAL_364_A"
VAL_364_A,"LYS_232_A,TRP_262_A,ALA_360_A,LEU_363_A,ASP_365_A"
ASP_365_A,"LYS_232_A,VAL_364_A,ASP_366_A"
ASP_366_A,"ASP_365_A,GLU_368_A,VAL_369_A,ARG_372_A"
PRO_367_A,GLU_368_A
GLU_368_A,"ASP_366_A,PRO_367_A,VAL_369_A,ARG_371_A,ARG_372_A"
VAL_369_A,"ASP_366_A,GLU_368_A,ALA_370_A,LEU_373_A"
ALA_370_A,"VAL_369_A,ARG_371_A,ARG_374_A"
ARG_371_A,"GLU_368_A,ALA_370_A,ARG_372_A,ARG_374_A,ARG_375_A"
ARG_372_A,"ASP_366_A,GLU_368_A,ARG_371_A,LEU_373_A"
LEU_373_A,"LEU_315_A,VAL_342_A,VAL_369_A,ARG_372_A,ARG_374_A,GLN_377_A"
ARG_374_A,"ALA_370_A,ARG_371_A,LEU_373_A,ARG_375_A,ALA_378_A"
ARG_375_A,"ARG_371_A,ARG_374_A,ILE_376_A,GLU_379_A"
ILE_376_A,"ARG_375_A,GLN_377_A,MET_380_A"
GLN_377_A,"SER_316_A,LEU_373_A,ILE_376_A,ALA_378_A,ALA_381_A"
ALA_378_A,"ARG_374_A,GLN_377_A,GLU_379_A,GLN_382_A"
GLU_379_A,"ARG_375_A,ALA_378_A,MET_380_A"
MET_380_A,"PRO_193_A,ILE_376_A,GLU_379_A,ALA_381_A"
ALA_381_A,"GLN_377_A,MET_380_A,GLN_382_A"
GLN_382_A,"ALA_378_A,ALA_381_A,GLU_383_A,GLY_384_A"
GLU_383_A,"GLN_382_A,GLY_384_A,ARG_388_A"
GLY_384_A,"GLN_382_A,GLU_383_A,GLY_385_A"
GLY_385_A,"GLY_384_A,THR_386_A"
THR_386_A,"GLU_29_A,GLY_385_A,ARG_387_A,ALA_390_A"
ARG_387_A,"GLU_25_A,GLU_29_A,ARG_33_A,THR_386_A,ARG_388_A,ASP_391_A"
ARG_388_A,"GLU_383_A,ARG_387_A,ALA_389_A,LEU_392_A"
ALA_389_A,"ARG_388_A,ALA_390_A,ILE_393_A"
ALA_390_A,"GLU_29_A,THR_386_A,ALA_389_A,ASP_391_A,GLU_394_A"
ASP_391_A,"ARG_33_A,ARG_387_A,ALA_390_A,LEU_392_A,GLU_394_A,ALA_395_A"
LEU_392_A,"THR_209_A,VAL_211_A,ARG_388_A,ASP_391_A,ILE_393_A"
ILE_393_A,"VAL_26_A,LEU_189_A,ALA_389_A,LEU_392_A,GLU_394_A,GLU_396_A"
GLU_394_A,"ARG_33_A,HIS_35_A,ALA_390_A,ASP_391_A,ILE_393_A,ALA_395_A,LEU_397_A"
ALA_395_A,"ASP_391_A,GLU_394_A,GLU_396_A"
GLU_396_A,"LEU_106_A,ARG_187_A,ILE_393_A,ALA_395_A,LEU_397_A"
LEU_397_A,"ALA_7_A,GLU_394_A,GLU_396_A"
PRO_398_A,ALA_399_A
ALA_399_A,PRO_398_A
