residue_id,neighbors
MET_1_U,LYS_2_U
LYS_2_U,"MET_1_U,ILE_3_U"
ILE_3_U,"LYS_2_U,LYS_4_U"
LYS_4_U,"ILE_3_U,THR_5_U"
THR_5_U,"LYS_4_U,ILE_6_U"
ILE_6_U,"THR_5_U,LYS_7_U"
LYS_7_U,"ILE_6_U,ARG_8_U"
ARG_8_U,"LYS_7_U,SER_9_U"
SER_9_U,"ARG_8_U,ALA_10_U,ASP_11_U"
ALA_10_U,"SER_9_U,ASP_11_U"
ASP_11_U,"SER_9_U,ALA_10_U,ASP_12_U"
ASP_12_U,"ASP_11_U,TYR_13_U"
TYR_13_U,"ASP_12_U,VAL_14_U"
VAL_14_U,TYR_13_U
PRO_15_U,VAL_16_U
VAL_16_U,"PRO_15_U,LYS_17_U"
LYS_17_U,"VAL_16_U,SER_18_U"
SER_18_U,"LYS_17_U,THR_19_U"
THR_19_U,"SER_18_U,GLN_20_U"
GLN_20_U,"THR_19_U,GLU_21_U"
GLU_21_U,"GLN_20_U,SER_22_U"
SER_22_U,"GLU_21_U,GLN_23_U"
GLN_23_U,"SER_22_U,MET_24_U"
MET_24_U,GLN_23_U
PRO_25_U,ARG_26_U
ARG_26_U,"PRO_25_U,ASN_27_U"
ASN_27_U,"ARG_26_U,LEU_28_U"
LEU_28_U,"ASN_27_U,ASN_29_U"
ASN_29_U,"LEU_28_U,LEU_32_U"
PRO_30_U,GLU_31_U
GLU_31_U,"PRO_30_U,LEU_32_U"
LEU_32_U,"ASN_29_U,GLU_31_U,HIS_33_U"
HIS_33_U,LEU_32_U
PRO_34_U,PHE_35_U
PHE_35_U,"PRO_34_U,GLU_36_U"
GLU_36_U,"PHE_35_U,ARG_37_U"
ARG_37_U,"GLU_36_U,ALA_38_U,TYR_41_U"
ALA_38_U,"ARG_37_U,ARG_39_U,THR_42_U"
ARG_39_U,"ALA_38_U,GLU_40_U,LYS_43_U"
GLU_40_U,"ARG_39_U,TYR_41_U,ALA_44_U"
TYR_41_U,"ARG_37_U,GLU_40_U,THR_42_U,LEU_45_U"
THR_42_U,"ALA_38_U,TYR_41_U,LYS_43_U,ASN_46_U"
LYS_43_U,"ARG_39_U,THR_42_U,ALA_44_U,ALA_47_U"
ALA_44_U,"GLU_40_U,LYS_43_U,LEU_45_U,THR_48_U"
LEU_45_U,"TYR_41_U,ALA_44_U,ASN_46_U,LYS_49_U"
ASN_46_U,"THR_42_U,LEU_45_U,ALA_47_U,LEU_50_U"
ALA_47_U,"LYS_43_U,ASN_46_U,THR_48_U,GLU_51_U"
THR_48_U,"ALA_44_U,ALA_47_U,LYS_49_U,ARG_52_U"
LYS_49_U,"LEU_45_U,THR_48_U,LEU_50_U,MET_53_U"
LEU_50_U,"ASN_46_U,LYS_49_U,GLU_51_U,MET_53_U,PHE_54_U"
GLU_51_U,"ALA_47_U,LEU_50_U,ARG_52_U"
ARG_52_U,"THR_48_U,GLU_51_U,MET_53_U"
MET_53_U,"LYS_49_U,LEU_50_U,ARG_52_U,PHE_54_U"
PHE_54_U,"LEU_50_U,MET_53_U,ALA_55_U"
ALA_55_U,"PHE_54_U,LYS_56_U"
LYS_56_U,ALA_55_U
PRO_57_U,PHE_58_U
PHE_58_U,"PRO_57_U,VAL_59_U"
VAL_59_U,"PHE_58_U,GLY_60_U"
GLY_60_U,"VAL_59_U,GLN_61_U,LEU_374_U"
GLN_61_U,"GLY_60_U,LEU_62_U"
LEU_62_U,"GLN_61_U,GLY_63_U,VAL_372_U"
GLY_63_U,"LEU_62_U,TYR_64_U,ARG_100_U"
TYR_64_U,"GLY_63_U,GLY_65_U"
GLY_65_U,"TYR_64_U,HIS_66_U"
HIS_66_U,"GLY_65_U,ARG_67_U,GLY_370_U"
ARG_67_U,"HIS_66_U,ASP_68_U"
ASP_68_U,"ARG_67_U,GLY_69_U,ASP_89_U"
GLY_69_U,"ASP_68_U,VAL_70_U"
VAL_70_U,"GLY_69_U,TYR_71_U,SER_367_U"
TYR_71_U,"VAL_70_U,ALA_72_U,GLY_86_U"
ALA_72_U,"TYR_71_U,ILE_73_U,GLY_86_U"
ILE_73_U,"ALA_72_U,ALA_74_U"
ALA_74_U,"ILE_73_U,LYS_75_U,ALA_84_U,LEU_116_U"
LYS_75_U,"ALA_74_U,ASN_76_U"
ASN_76_U,"LYS_75_U,TYR_77_U"
TYR_77_U,"ASN_76_U,GLY_78_U"
GLY_78_U,"TYR_77_U,SER_79_U"
SER_79_U,"GLY_78_U,LEU_80_U"
LEU_80_U,"SER_79_U,ASN_81_U"
ASN_81_U,"LEU_80_U,LYS_82_U,MET_97_U"
LYS_82_U,"ASN_81_U,LEU_83_U"
LEU_83_U,"LYS_82_U,ALA_84_U,TRP_95_U"
ALA_84_U,"ALA_74_U,LEU_83_U,THR_85_U"
THR_85_U,"ALA_84_U,GLY_86_U,LYS_93_U"
GLY_86_U,"TYR_71_U,ALA_72_U,THR_85_U,SER_87_U"
SER_87_U,"GLY_86_U,ALA_88_U,GLY_90_U"
ALA_88_U,"SER_87_U,ASP_89_U"
ASP_89_U,"ASP_68_U,ALA_88_U,GLY_90_U"
GLY_90_U,"SER_87_U,ASP_89_U,VAL_91_U"
VAL_91_U,"GLY_90_U,ILE_92_U"
ILE_92_U,"VAL_91_U,LYS_93_U,PHE_106_U"
LYS_93_U,"THR_85_U,ILE_92_U,TYR_94_U"
TYR_94_U,"LYS_93_U,TRP_95_U,PHE_103_U,VAL_104_U"
TRP_95_U,"LEU_83_U,TYR_94_U,ASN_96_U"
ASN_96_U,"TRP_95_U,MET_97_U,ARG_100_U"
MET_97_U,"ASN_81_U,ASN_96_U,SER_98_U"
SER_98_U,"MET_97_U,THR_99_U"
THR_99_U,"SER_98_U,ARG_100_U"
ARG_100_U,"GLY_63_U,ASN_96_U,THR_99_U,GLU_101_U"
GLU_101_U,"ARG_100_U,GLU_102_U"
GLU_102_U,"GLU_101_U,PHE_103_U"
PHE_103_U,"TYR_94_U,GLU_102_U,VAL_104_U"
VAL_104_U,"TYR_94_U,PHE_103_U,SER_105_U"
SER_105_U,"VAL_104_U,PHE_106_U"
PHE_106_U,"ILE_92_U,SER_105_U,LYS_107_U"
LYS_107_U,"PHE_106_U,ALA_108_U"
ALA_108_U,"LYS_107_U,HIS_109_U"
HIS_109_U,"ALA_108_U,TYR_110_U"
TYR_110_U,"HIS_109_U,GLY_111_U"
GLY_111_U,"TYR_110_U,LEU_112_U"
LEU_112_U,"GLY_111_U,VAL_113_U,ASP_141_U"
VAL_113_U,"LEU_112_U,THR_114_U"
THR_114_U,"VAL_113_U,GLY_115_U"
GLY_115_U,"THR_114_U,LEU_116_U,CYS_139_U"
LEU_116_U,"ALA_74_U,GLY_115_U,CYS_117_U"
CYS_117_U,"LEU_116_U,VAL_118_U,LEU_137_U"
VAL_118_U,"CYS_117_U,THR_119_U"
THR_119_U,"VAL_118_U,GLN_120_U"
GLN_120_U,THR_119_U
ASN_134_U,"PHE_135_U,ILE_150_U"
PHE_135_U,"ASN_134_U,MET_136_U"
MET_136_U,"PHE_135_U,LEU_137_U,TRP_148_U"
LEU_137_U,"CYS_117_U,MET_136_U,SER_138_U"
SER_138_U,"LEU_137_U,CYS_139_U,LYS_146_U"
CYS_139_U,"GLY_115_U,SER_138_U,SER_140_U,ILE_185_U"
SER_140_U,"CYS_139_U,ASP_141_U,THR_144_U"
ASP_141_U,"LEU_112_U,SER_140_U,ASP_142_U"
ASP_142_U,"ASP_141_U,LYS_143_U"
LYS_143_U,"ASP_142_U,THR_144_U"
THR_144_U,"SER_140_U,LYS_143_U,VAL_145_U"
VAL_145_U,"THR_144_U,LYS_146_U,PHE_176_U"
LYS_146_U,"SER_138_U,VAL_145_U,LEU_147_U"
LEU_147_U,"LYS_146_U,TRP_148_U,ILE_173_U"
TRP_148_U,"MET_136_U,LEU_147_U,SER_149_U"
SER_149_U,"TRP_148_U,ILE_150_U"
ILE_150_U,"ASN_134_U,SER_149_U,ASN_151_U"
ASN_151_U,ILE_150_U
GLU_170_U,GLY_171_U
GLY_171_U,"GLU_170_U,LEU_172_U"
LEU_172_U,"GLY_171_U,ILE_173_U"
ILE_173_U,"LEU_147_U,LEU_172_U,ARG_174_U"
ARG_174_U,"ILE_173_U,THR_175_U"
THR_175_U,"ARG_174_U,PHE_176_U"
PHE_176_U,"VAL_145_U,THR_175_U,ASP_177_U"
ASP_177_U,"PHE_176_U,GLY_178_U"
GLY_178_U,"ASP_177_U,GLU_179_U"
GLU_179_U,"GLY_178_U,SER_180_U"
SER_180_U,"GLU_179_U,ALA_181_U"
ALA_181_U,"SER_180_U,PHE_182_U"
PHE_182_U,"ALA_181_U,GLN_183_U"
GLN_183_U,"PHE_182_U,GLY_184_U,GLY_197_U"
GLY_184_U,"GLN_183_U,ILE_185_U,GLY_197_U"
ILE_185_U,"CYS_139_U,GLY_184_U,ASP_186_U"
ASP_186_U,"ILE_185_U,SER_187_U"
SER_187_U,"ASP_186_U,HIS_188_U"
HIS_188_U,"SER_187_U,ARG_189_U,THR_193_U"
ARG_189_U,"HIS_188_U,GLU_190_U"
GLU_190_U,"ARG_189_U,ASN_191_U"
ASN_191_U,"GLU_190_U,SER_192_U"
SER_192_U,"ASN_191_U,THR_193_U"
THR_193_U,"HIS_188_U,SER_192_U,PHE_194_U"
PHE_194_U,"THR_193_U,ALA_195_U,TRP_204_U"
ALA_195_U,"PHE_194_U,THR_196_U"
THR_196_U,"ALA_195_U,GLY_197_U"
GLY_197_U,"GLN_183_U,GLY_184_U,THR_196_U,GLY_198_U"
GLY_198_U,"GLY_197_U,ALA_199_U,ILE_222_U"
ALA_199_U,"GLY_198_U,LYS_200_U"
LYS_200_U,"ALA_199_U,ILE_201_U"
ILE_201_U,"LYS_200_U,HIS_202_U,LEU_215_U"
HIS_202_U,"ILE_201_U,LEU_203_U,PRO_211_U,ASP_214_U"
LEU_203_U,"HIS_202_U,TRP_204_U,VAL_212_U,SER_213_U"
TRP_204_U,"PHE_194_U,LEU_203_U,ASP_205_U"
ASP_205_U,"TRP_204_U,VAL_206_U"
VAL_206_U,"ASP_205_U,ASN_207_U"
ASN_207_U,"VAL_206_U,ARG_208_U"
ARG_208_U,"ASN_207_U,LEU_209_U"
LEU_209_U,"ARG_208_U,LYS_210_U"
LYS_210_U,LEU_209_U
PRO_211_U,"HIS_202_U,VAL_212_U"
VAL_212_U,"LEU_203_U,PRO_211_U,SER_213_U"
SER_213_U,"LEU_203_U,VAL_212_U,ASP_214_U"
ASP_214_U,"HIS_202_U,SER_213_U,LEU_215_U"
LEU_215_U,"ILE_201_U,ASP_214_U,SER_216_U"
SER_216_U,"LEU_215_U,TRP_217_U"
TRP_217_U,"SER_216_U,GLY_218_U"
GLY_218_U,"TRP_217_U,ALA_219_U,ASP_220_U"
ALA_219_U,"GLY_218_U,ASP_220_U"
ASP_220_U,"GLY_218_U,ALA_219_U,ASN_221_U"
ASN_221_U,"ASP_220_U,ILE_222_U"
ILE_222_U,"GLY_198_U,ASN_221_U,THR_223_U"
THR_223_U,"ILE_222_U,SER_224_U"
SER_224_U,"THR_223_U,LEU_225_U"
LEU_225_U,"SER_224_U,LYS_226_U"
LYS_226_U,"LEU_225_U,PHE_227_U,ALA_236_U"
PHE_227_U,"LYS_226_U,ASN_228_U"
ASN_228_U,"PHE_227_U,GLN_229_U"
GLN_229_U,"ASN_228_U,ASN_230_U"
ASN_230_U,"GLN_229_U,GLU_231_U"
GLU_231_U,"ASN_230_U,THR_232_U,ASP_233_U"
THR_232_U,"GLU_231_U,ASP_233_U"
ASP_233_U,"GLU_231_U,THR_232_U,ILE_234_U"
ILE_234_U,"ASP_233_U,LEU_235_U"
LEU_235_U,"ILE_234_U,ALA_236_U,TYR_247_U"
ALA_236_U,"LYS_226_U,LEU_235_U,SER_237_U"
SER_237_U,"ALA_236_U,THR_238_U,VAL_245_U"
THR_238_U,"SER_237_U,GLY_239_U"
GLY_239_U,"THR_238_U,SER_240_U,SER_243_U"
SER_240_U,"GLY_239_U,ASP_241_U"
ASP_241_U,"SER_240_U,ASN_242_U"
ASN_242_U,"ASP_241_U,SER_243_U,GLN_260_U"
SER_243_U,"GLY_239_U,ASN_242_U,ILE_244_U"
ILE_244_U,"SER_243_U,VAL_245_U,ILE_258_U"
VAL_245_U,"SER_237_U,ILE_244_U,LEU_246_U"
LEU_246_U,"VAL_245_U,TYR_247_U,THR_255_U,GLN_256_U"
TYR_247_U,"LEU_235_U,LEU_246_U,ASP_248_U"
ASP_248_U,"TYR_247_U,LEU_249_U"
LEU_249_U,"ASP_248_U,ARG_250_U"
ARG_250_U,"LEU_249_U,THR_251_U"
THR_251_U,"ARG_250_U,ASN_252_U"
ASN_252_U,"THR_251_U,SER_253_U"
SER_253_U,ASN_252_U
PRO_254_U,THR_255_U
THR_255_U,"LEU_246_U,PRO_254_U,GLN_256_U"
GLN_256_U,"LEU_246_U,THR_255_U,LYS_257_U"
LYS_257_U,"GLN_256_U,ILE_258_U"
ILE_258_U,"ILE_244_U,LYS_257_U,VAL_259_U"
VAL_259_U,"ILE_258_U,GLN_260_U"
GLN_260_U,"ASN_242_U,VAL_259_U,THR_261_U"
THR_261_U,"GLN_260_U,MET_262_U"
MET_262_U,"THR_261_U,ARG_263_U"
ARG_263_U,"MET_262_U,THR_264_U,GLU_282_U"
THR_264_U,"ARG_263_U,ASN_265_U"
ASN_265_U,"THR_264_U,ALA_266_U,ALA_280_U"
ALA_266_U,"ASN_265_U,ILE_267_U,ALA_280_U"
ILE_267_U,"ALA_266_U,CYS_268_U"
CYS_268_U,"ILE_267_U,TRP_269_U,VAL_278_U"
TRP_269_U,"CYS_268_U,ASN_270_U"
ASN_270_U,TRP_269_U
PRO_271_U,MET_272_U
MET_272_U,"PRO_271_U,GLU_273_U"
GLU_273_U,"MET_272_U,ALA_274_U"
ALA_274_U,"GLU_273_U,PHE_275_U"
PHE_275_U,"ALA_274_U,ASN_276_U"
ASN_276_U,"PHE_275_U,PHE_277_U"
PHE_277_U,"ASN_276_U,VAL_278_U,TYR_289_U"
VAL_278_U,"CYS_268_U,PHE_277_U,THR_279_U"
THR_279_U,"VAL_278_U,ALA_280_U,TYR_287_U"
ALA_280_U,"ASN_265_U,ALA_266_U,THR_279_U,ASN_281_U"
ASN_281_U,"ALA_280_U,GLU_282_U"
GLU_282_U,"ARG_263_U,ASN_281_U,ASP_283_U"
ASP_283_U,"GLU_282_U,HIS_284_U,ASN_285_U"
HIS_284_U,"ASP_283_U,ASN_285_U"
ASN_285_U,"ASP_283_U,HIS_284_U,ALA_286_U"
ALA_286_U,"ASN_285_U,TYR_287_U,PHE_301_U"
TYR_287_U,"THR_279_U,ALA_286_U,TYR_288_U"
TYR_288_U,"TYR_287_U,TYR_289_U,LEU_298_U,ASN_299_U"
TYR_289_U,"PHE_277_U,TYR_288_U,ASP_290_U"
ASP_290_U,"TYR_289_U,MET_291_U"
MET_291_U,"ASP_290_U,ARG_292_U"
ARG_292_U,"MET_291_U,ASN_293_U"
ASN_293_U,"ARG_292_U,LEU_294_U"
LEU_294_U,"ASN_293_U,SER_295_U"
SER_295_U,"LEU_294_U,ARG_296_U"
ARG_296_U,"SER_295_U,SER_297_U"
SER_297_U,"ARG_296_U,LEU_298_U"
LEU_298_U,"TYR_288_U,SER_297_U,ASN_299_U"
ASN_299_U,"TYR_288_U,LEU_298_U,VAL_300_U"
VAL_300_U,"ASN_299_U,PHE_301_U"
PHE_301_U,"ALA_286_U,VAL_300_U,LYS_302_U"
LYS_302_U,"PHE_301_U,ASP_303_U"
ASP_303_U,"LYS_302_U,HIS_304_U"
HIS_304_U,"ASP_303_U,VAL_305_U"
VAL_305_U,"HIS_304_U,SER_306_U,ALA_426_U"
SER_306_U,"VAL_305_U,ALA_307_U,VAL_308_U"
ALA_307_U,"SER_306_U,VAL_308_U,TYR_325_U"
VAL_308_U,"SER_306_U,ALA_307_U,MET_309_U"
MET_309_U,"VAL_308_U,ASP_310_U,GLY_323_U"
ASP_310_U,"MET_309_U,VAL_311_U,GLY_323_U"
VAL_311_U,"ASP_310_U,ASP_312_U"
ASP_312_U,"VAL_311_U,PHE_313_U,VAL_321_U,TYR_356_U"
PHE_313_U,"ASP_312_U,SER_314_U"
SER_314_U,"PHE_313_U,GLY_317_U"
PRO_315_U,THR_316_U
THR_316_U,"PRO_315_U,GLY_317_U"
GLY_317_U,"SER_314_U,THR_316_U,ASP_318_U"
ASP_318_U,"GLY_317_U,GLU_319_U"
GLU_319_U,"ASP_318_U,ILE_320_U"
ILE_320_U,"GLU_319_U,VAL_321_U,TYR_332_U"
VAL_321_U,"ASP_312_U,ILE_320_U,THR_322_U"
THR_322_U,"VAL_321_U,GLY_323_U,ARG_330_U"
GLY_323_U,"MET_309_U,ASP_310_U,THR_322_U,SER_324_U"
SER_324_U,"GLY_323_U,TYR_325_U,SER_328_U"
TYR_325_U,"ALA_307_U,SER_324_U,ASP_326_U"
ASP_326_U,"TYR_325_U,LYS_327_U,SER_328_U"
LYS_327_U,"ASP_326_U,SER_328_U"
SER_328_U,"SER_324_U,ASP_326_U,LYS_327_U,ILE_329_U"
ILE_329_U,"SER_328_U,ARG_330_U,TYR_343_U"
ARG_330_U,"THR_322_U,ILE_329_U,ILE_331_U"
ILE_331_U,"ARG_330_U,TYR_332_U,GLU_341_U"
TYR_332_U,"ILE_320_U,ILE_331_U,LYS_333_U"
LYS_333_U,"TYR_332_U,THR_334_U"
THR_334_U,"LYS_333_U,ASN_335_U"
ASN_335_U,"THR_334_U,HIS_336_U"
HIS_336_U,"ASN_335_U,GLY_337_U"
GLY_337_U,"HIS_336_U,HIS_338_U"
HIS_338_U,"GLY_337_U,SER_339_U,ARG_340_U"
SER_339_U,"HIS_338_U,ARG_340_U"
ARG_340_U,"HIS_338_U,SER_339_U,GLU_341_U"
GLU_341_U,"ILE_331_U,ARG_340_U,ILE_342_U"
ILE_342_U,"GLU_341_U,TYR_343_U"
TYR_343_U,"ILE_329_U,ILE_342_U,HIS_344_U"
HIS_344_U,"TYR_343_U,THR_345_U"
THR_345_U,"HIS_344_U,LYS_346_U"
LYS_346_U,"THR_345_U,ARG_347_U"
ARG_347_U,"LYS_346_U,MET_348_U"
MET_348_U,"ARG_347_U,GLN_349_U"
GLN_349_U,"MET_348_U,HIS_350_U"
HIS_350_U,"GLN_349_U,VAL_351_U,PHE_352_U,ASP_368_U"
VAL_351_U,"HIS_350_U,PHE_352_U,GLN_353_U"
PHE_352_U,"HIS_350_U,VAL_351_U,GLN_353_U"
GLN_353_U,"VAL_351_U,PHE_352_U,VAL_354_U,GLY_366_U"
VAL_354_U,"GLN_353_U,LYS_355_U"
LYS_355_U,"VAL_354_U,TYR_356_U,ILE_364_U"
TYR_356_U,"ASP_312_U,LYS_355_U,SER_357_U"
SER_357_U,"TYR_356_U,MET_358_U"
MET_358_U,"SER_357_U,ASP_359_U"
ASP_359_U,"MET_358_U,SER_360_U"
SER_360_U,"ASP_359_U,LYS_361_U"
LYS_361_U,"SER_360_U,TYR_362_U,SER_377_U"
TYR_362_U,"LYS_361_U,ILE_363_U"
ILE_363_U,"TYR_362_U,ILE_364_U,TRP_375_U"
ILE_364_U,"LYS_355_U,ILE_363_U,SER_365_U"
SER_365_U,"ILE_364_U,GLY_366_U,ARG_373_U"
GLY_366_U,"GLN_353_U,SER_365_U,SER_367_U"
SER_367_U,"VAL_70_U,GLY_366_U,ASP_368_U"
ASP_368_U,"HIS_350_U,SER_367_U,ASP_369_U"
ASP_369_U,"ASP_368_U,GLY_370_U"
GLY_370_U,"HIS_66_U,ASP_369_U,ASN_371_U"
ASN_371_U,"GLY_370_U,VAL_372_U"
VAL_372_U,"LEU_62_U,ASN_371_U,ARG_373_U"
ARG_373_U,"SER_365_U,VAL_372_U,LEU_374_U"
LEU_374_U,"GLY_60_U,ARG_373_U,TRP_375_U"
TRP_375_U,"ILE_363_U,LEU_374_U,ARG_376_U"
ARG_376_U,"TRP_375_U,SER_377_U"
SER_377_U,"LYS_361_U,ARG_376_U,LYS_378_U"
LYS_378_U,"SER_377_U,ALA_379_U,GLU_381_U"
ALA_379_U,"LYS_378_U,TRP_380_U"
TRP_380_U,"ALA_379_U,GLU_381_U"
GLU_381_U,"LYS_378_U,TRP_380_U,ARG_382_U"
ARG_382_U,"GLU_381_U,SER_383_U"
SER_383_U,"ARG_382_U,ASN_384_U"
ASN_384_U,"SER_383_U,VAL_385_U"
VAL_385_U,"ASN_384_U,LYS_386_U"
LYS_386_U,"VAL_385_U,THR_387_U,LYS_391_U"
THR_387_U,"LYS_386_U,THR_388_U,LYS_391_U"
THR_388_U,"THR_387_U,ARG_389_U"
ARG_389_U,"THR_388_U,GLU_390_U,LYS_393_U"
GLU_390_U,"ARG_389_U,LYS_391_U,LEU_394_U"
LYS_391_U,"LYS_386_U,THR_387_U,GLU_390_U,ASN_392_U,GLU_395_U"
ASN_392_U,"LYS_391_U,LYS_393_U,TYR_396_U"
LYS_393_U,"ARG_389_U,ASN_392_U,LEU_394_U,ASP_397_U"
LEU_394_U,"GLU_390_U,LYS_393_U,GLU_395_U"
GLU_395_U,"LYS_391_U,LEU_394_U,TYR_396_U,LYS_399_U"
TYR_396_U,"ASN_392_U,GLU_395_U,ASP_397_U,LEU_400_U"
ASP_397_U,"LYS_393_U,TYR_396_U,GLU_398_U,LYS_401_U"
GLU_398_U,"ASP_397_U,LYS_399_U"
LYS_399_U,"GLU_395_U,GLU_398_U,LEU_400_U"
LEU_400_U,"TYR_396_U,LYS_399_U,LYS_401_U,PHE_404_U"
LYS_401_U,"ASP_397_U,LEU_400_U,GLU_402_U"
GLU_402_U,"LYS_401_U,ARG_403_U"
ARG_403_U,"GLU_402_U,PHE_404_U"
PHE_404_U,"LEU_400_U,ARG_403_U,ARG_405_U"
ARG_405_U,"PHE_404_U,HIS_406_U,MET_407_U"
HIS_406_U,"ARG_405_U,MET_407_U"
MET_407_U,"ARG_405_U,HIS_406_U,LYS_411_U"
PRO_408_U,"GLU_409_U,LYS_411_U,ARG_412_U"
GLU_409_U,"PRO_408_U,ILE_410_U"
ILE_410_U,"GLU_409_U,LYS_411_U,SER_414_U"
LYS_411_U,"MET_407_U,PRO_408_U,ILE_410_U,ARG_412_U,ARG_415_U"
ARG_412_U,"PRO_408_U,LYS_411_U,ILE_413_U"
ILE_413_U,"ARG_412_U,SER_414_U"
SER_414_U,"ILE_410_U,ILE_413_U,ARG_415_U"
ARG_415_U,"LYS_411_U,SER_414_U,HIS_416_U"
HIS_416_U,"ARG_415_U,ARG_417_U"
ARG_417_U,"HIS_416_U,HIS_418_U"
HIS_418_U,"ARG_417_U,VAL_419_U"
VAL_419_U,HIS_418_U
PRO_420_U,"GLN_421_U,LYS_424_U"
GLN_421_U,"PRO_420_U,VAL_422_U,LYS_425_U"
VAL_422_U,"GLN_421_U,ILE_423_U,ALA_426_U"
ILE_423_U,"VAL_422_U,LYS_424_U,GLN_427_U"
LYS_424_U,"PRO_420_U,ILE_423_U,LYS_425_U,GLU_428_U"
LYS_425_U,"GLN_421_U,LYS_424_U,ALA_426_U,ILE_429_U"
ALA_426_U,"VAL_305_U,VAL_422_U,LYS_425_U,GLN_427_U,LYS_430_U"
GLN_427_U,"ILE_423_U,ALA_426_U,GLU_428_U,ASN_431_U"
GLU_428_U,"LYS_424_U,GLN_427_U,ILE_429_U,ILE_432_U"
ILE_429_U,"LYS_425_U,GLU_428_U,LYS_430_U,GLU_433_U"
LYS_430_U,"ALA_426_U,ILE_429_U,ASN_431_U,LEU_434_U"
ASN_431_U,"GLN_427_U,LYS_430_U,ILE_432_U,SER_435_U"
ILE_432_U,"GLU_428_U,ASN_431_U,GLU_433_U,SER_436_U"
GLU_433_U,"ILE_429_U,ILE_432_U,LEU_434_U,ILE_437_U"
LEU_434_U,"LYS_430_U,GLU_433_U,SER_435_U"
SER_435_U,"ASN_431_U,LEU_434_U,SER_436_U"
SER_436_U,"ILE_432_U,SER_435_U,ILE_437_U"
ILE_437_U,"GLU_433_U,SER_436_U,LYS_438_U"
LYS_438_U,ILE_437_U
