residue_id,neighbors
PRO_140_A,SER_141_A
SER_141_A,"PRO_140_A,ILE_142_A"
ILE_142_A,"SER_141_A,TYR_143_A"
TYR_143_A,"ILE_142_A,ASN_144_A,HIS_461_A,ASP_464_A"
ASN_144_A,"TYR_143_A,SER_145_A,THR_231_A"
SER_145_A,"ASN_144_A,PHE_146_A,ASP_460_A"
PHE_146_A,"SER_145_A,TYR_147_A,GLY_160_A,LEU_162_A,PHE_210_A,PHE_463_A"
TYR_147_A,"PHE_146_A,VAL_148_A,ILE_229_A,PRO_247_A"
VAL_148_A,"TYR_147_A,TYR_149_A,GLN_158_A,PHE_210_A"
TYR_149_A,"VAL_148_A,CYS_150_A,VAL_157_A,VAL_224_A,ARG_305_A"
CYS_150_A,"TYR_149_A,LYS_151_A,GLN_155_A"
LYS_151_A,"CYS_150_A,GLY_152_A,ARG_305_A,GLU_309_A"
GLY_152_A,LYS_151_A
PRO_153_A,CYS_154_A
CYS_154_A,"PRO_153_A,GLN_155_A,GLN_158_A"
GLN_155_A,"CYS_150_A,CYS_154_A,ARG_156_A"
ARG_156_A,"GLN_155_A,VAL_157_A"
VAL_157_A,"TYR_149_A,ARG_156_A,GLN_158_A,ILE_306_A"
GLN_158_A,"VAL_148_A,CYS_154_A,VAL_157_A"
PRO_159_A,"GLY_160_A,GLY_213_A"
GLY_160_A,"PHE_146_A,PRO_159_A,LYS_161_A"
LYS_161_A,"GLY_160_A,LEU_162_A,ARG_163_A,LYS_211_A,ASP_460_A"
LEU_162_A,"PHE_146_A,LYS_161_A,ARG_163_A,VAL_186_A,PHE_208_A,PHE_210_A,GLY_459_A"
ARG_163_A,"LYS_161_A,LEU_162_A,VAL_164_A,PHE_209_A,LYS_211_A,ASP_219_A"
VAL_164_A,"ARG_163_A,GLN_165_A,PHE_208_A"
GLN_165_A,"VAL_164_A,CYS_166_A,GLU_207_A"
CYS_166_A,"GLN_165_A,SER_167_A,CYS_169_A,GLN_171_A"
SER_167_A,"CYS_166_A,THR_168_A,SER_205_A"
THR_168_A,"SER_167_A,CYS_169_A"
CYS_169_A,"CYS_166_A,THR_168_A,ARG_170_A,GLN_171_A,CYS_196_A"
ARG_170_A,"CYS_169_A,GLN_171_A,GLU_207_A"
GLN_171_A,"CYS_166_A,CYS_169_A,ARG_170_A,ALA_172_A"
ALA_172_A,"GLN_171_A,THR_173_A"
THR_173_A,"ALA_172_A,LEU_174_A"
LEU_174_A,"THR_173_A,THR_175_A,ALA_206_A"
THR_175_A,"LEU_174_A,LEU_176_A,GLU_195_A,GLN_197_A"
LEU_176_A,"THR_175_A,THR_177_A,MET_192_A,TRP_462_A"
THR_177_A,"LEU_176_A,GLN_178_A"
GLN_178_A,"THR_177_A,GLY_179_A"
GLY_179_A,GLN_178_A
PRO_180_A,SER_181_A
SER_181_A,"PRO_180_A,CYS_182_A"
CYS_182_A,"SER_181_A,TRP_183_A"
TRP_183_A,"CYS_182_A,ASP_184_A,VAL_186_A,LEU_187_A,PHE_210_A,HIS_227_A"
ASP_184_A,"TRP_183_A,ASP_185_A,ARG_191_A"
ASP_185_A,"ASP_184_A,VAL_186_A,ARG_191_A"
VAL_186_A,"LEU_162_A,TRP_183_A,ASP_185_A,LEU_187_A,PHE_208_A"
LEU_187_A,"TRP_183_A,VAL_186_A,ILE_188_A,HIS_227_A"
ILE_188_A,LEU_187_A
PRO_189_A,ASN_190_A
ASN_190_A,"PRO_189_A,ARG_191_A,SER_205_A"
ARG_191_A,"ASP_184_A,ASP_185_A,ASN_190_A,MET_192_A"
MET_192_A,"LEU_176_A,ARG_191_A,SER_193_A"
SER_193_A,"MET_192_A,GLY_194_A"
GLY_194_A,"SER_193_A,GLU_195_A"
GLU_195_A,"THR_175_A,GLY_194_A,CYS_196_A"
CYS_196_A,"CYS_169_A,GLU_195_A,GLN_197_A"
GLN_197_A,"THR_175_A,CYS_196_A,SER_198_A"
SER_198_A,"GLN_197_A,HIS_200_A"
PRO_199_A,HIS_200_A
HIS_200_A,"SER_198_A,PRO_199_A,CYS_201_A"
CYS_201_A,HIS_200_A
PRO_202_A,GLY_203_A
GLY_203_A,"PRO_202_A,THR_204_A"
THR_204_A,"GLY_203_A,SER_205_A"
SER_205_A,"SER_167_A,ASN_190_A,THR_204_A,ALA_206_A"
ALA_206_A,"LEU_174_A,SER_205_A,GLU_207_A"
GLU_207_A,"GLN_165_A,ARG_170_A,ALA_206_A,PHE_208_A"
PHE_208_A,"LEU_162_A,VAL_164_A,VAL_186_A,GLU_207_A,PHE_209_A"
PHE_209_A,"ARG_163_A,PHE_208_A,PHE_210_A"
PHE_210_A,"PHE_146_A,VAL_148_A,LEU_162_A,TRP_183_A,PHE_209_A,LYS_211_A,SER_223_A,ALA_225_A"
LYS_211_A,"LYS_161_A,ARG_163_A,PHE_210_A,CYS_212_A,ASP_219_A"
CYS_212_A,"LYS_211_A,GLY_213_A"
GLY_213_A,"PRO_159_A,CYS_212_A,ALA_214_A"
ALA_214_A,"GLY_213_A,HIS_215_A"
HIS_215_A,"ALA_214_A,PRO_216_A,GLU_221_A"
PRO_216_A,"HIS_215_A,THR_217_A"
THR_217_A,"PRO_216_A,SER_218_A"
SER_218_A,"THR_217_A,ASP_219_A,LYS_220_A"
ASP_219_A,"ARG_163_A,LYS_211_A,SER_218_A,LYS_220_A"
LYS_220_A,"SER_218_A,ASP_219_A,GLU_221_A"
GLU_221_A,"HIS_215_A,LYS_220_A,THR_222_A"
THR_222_A,"GLU_221_A,SER_223_A"
SER_223_A,"PHE_210_A,THR_222_A,VAL_224_A"
VAL_224_A,"TYR_149_A,SER_223_A,ALA_225_A"
ALA_225_A,"PHE_210_A,VAL_224_A,LEU_226_A"
LEU_226_A,"ALA_225_A,HIS_227_A,ILE_229_A"
HIS_227_A,"TRP_183_A,LEU_187_A,LEU_226_A,LEU_228_A,GLU_300_A,HIS_303_A"
LEU_228_A,"HIS_227_A,ILE_229_A,VAL_250_A,GLN_252_A,ILE_298_A"
ILE_229_A,"TYR_147_A,LEU_226_A,LEU_228_A,ALA_230_A,PRO_247_A"
ALA_230_A,"ILE_229_A,THR_231_A,VAL_248_A"
THR_231_A,"ASN_144_A,ALA_230_A,ASN_232_A,SER_233_A"
ASN_232_A,"THR_231_A,SER_233_A,ILE_236_A,ARG_245_A"
SER_233_A,"THR_231_A,ASN_232_A,ARG_234_A"
ARG_234_A,"SER_233_A,ASN_235_A,ILE_236_A"
ASN_235_A,"ARG_234_A,ILE_236_A"
ILE_236_A,"ASN_232_A,ARG_234_A,ASN_235_A,THR_237_A,VAL_258_A"
THR_237_A,"ILE_236_A,CYS_238_A,VAL_244_A,GLN_400_A"
CYS_238_A,"THR_237_A,ILE_239_A,ASP_243_A"
ILE_239_A,"CYS_238_A,THR_240_A,HIS_257_A,VAL_290_A"
THR_240_A,"ILE_239_A,CYS_241_A"
CYS_241_A,"THR_240_A,THR_242_A,ASP_243_A"
THR_242_A,"CYS_241_A,ASP_243_A"
ASP_243_A,"CYS_238_A,CYS_241_A,THR_242_A,VAL_244_A,ARG_245_A"
VAL_244_A,"THR_237_A,ASP_243_A,ARG_245_A"
ARG_245_A,"ASN_232_A,ASP_243_A,VAL_244_A,SER_246_A,CYS_260_A,ASP_262_A"
SER_246_A,ARG_245_A
PRO_247_A,"TYR_147_A,ILE_229_A,VAL_248_A,LEU_261_A"
VAL_248_A,"ALA_230_A,PRO_247_A,LEU_249_A,TRP_403_A"
LEU_249_A,"VAL_248_A,VAL_250_A,ILE_259_A,PHE_264_A"
VAL_250_A,"LEU_228_A,LEU_249_A,PHE_251_A"
PHE_251_A,"VAL_250_A,GLN_252_A,ILE_259_A"
GLN_252_A,"LEU_228_A,PHE_251_A,CYS_253_A"
CYS_253_A,"GLN_252_A,ASN_254_A,CYS_293_A"
ASN_254_A,"CYS_253_A,SER_255_A"
SER_255_A,"ASN_254_A,ARG_256_A"
ARG_256_A,"SER_255_A,HIS_257_A,ARG_402_A"
HIS_257_A,"ILE_239_A,ARG_256_A,VAL_258_A"
VAL_258_A,"ILE_236_A,HIS_257_A,ILE_259_A,TRP_403_A"
ILE_259_A,"LEU_249_A,PHE_251_A,VAL_258_A,CYS_260_A,CYS_263_A"
CYS_260_A,"ARG_245_A,ILE_259_A,LEU_261_A,PHE_264_A"
LEU_261_A,"PRO_247_A,CYS_260_A,ASP_262_A,HIS_265_A"
ASP_262_A,"ARG_245_A,LEU_261_A,CYS_263_A"
CYS_263_A,"ILE_259_A,ASP_262_A,PHE_264_A,TYR_267_A"
PHE_264_A,"LEU_249_A,CYS_260_A,CYS_263_A,HIS_265_A,CYS_268_A,ILE_298_A,ILE_306_A"
HIS_265_A,"LEU_261_A,PHE_264_A,LEU_266_A,VAL_269_A,ILE_306_A"
LEU_266_A,"HIS_265_A,TYR_267_A,THR_270_A"
TYR_267_A,"CYS_263_A,LEU_266_A,CYS_268_A,THR_270_A,ARG_271_A,LEU_287_A,VAL_290_A"
CYS_268_A,"PHE_264_A,TYR_267_A,VAL_269_A,LEU_307_A"
VAL_269_A,"HIS_265_A,CYS_268_A,THR_270_A,ASN_273_A"
THR_270_A,"LEU_266_A,TYR_267_A,VAL_269_A,ARG_271_A"
ARG_271_A,"TYR_267_A,THR_270_A,LEU_272_A,ASP_274_A,ARG_275_A,GLN_276_A"
LEU_272_A,"ARG_271_A,ASN_273_A,PHE_277_A,LEU_307_A"
ASN_273_A,"VAL_269_A,LEU_272_A,ASP_274_A,ARG_314_A"
ASP_274_A,"ARG_271_A,ASN_273_A,ARG_275_A,GLN_276_A"
ARG_275_A,"ARG_271_A,ASP_274_A,GLN_276_A,GLU_321_A"
GLN_276_A,"ARG_271_A,ASP_274_A,ARG_275_A,PHE_277_A"
PHE_277_A,"LEU_272_A,GLN_276_A,VAL_278_A,TYR_285_A,LEU_287_A,PHE_304_A"
VAL_278_A,"PHE_277_A,HIS_279_A,SER_286_A"
HIS_279_A,"VAL_278_A,ASP_280_A"
ASP_280_A,"HIS_279_A,GLY_284_A"
PRO_281_A,GLN_282_A
GLN_282_A,"PRO_281_A,LEU_283_A"
LEU_283_A,"GLN_282_A,GLY_284_A"
GLY_284_A,"ASP_280_A,LEU_283_A,TYR_285_A"
TYR_285_A,"PHE_277_A,GLY_284_A,SER_286_A,TYR_315_A"
SER_286_A,"VAL_278_A,TYR_285_A,LEU_287_A,ILE_298_A"
LEU_287_A,"TYR_267_A,PHE_277_A,SER_286_A"
PRO_288_A,CYS_289_A
CYS_289_A,"PRO_288_A,VAL_290_A,CYS_293_A,SER_296_A"
VAL_290_A,"ILE_239_A,TYR_267_A,CYS_289_A,ALA_291_A"
ALA_291_A,"VAL_290_A,GLY_292_A"
GLY_292_A,"ALA_291_A,CYS_293_A"
CYS_293_A,"CYS_253_A,CYS_289_A,GLY_292_A,SER_296_A"
PRO_294_A,ASN_295_A
ASN_295_A,"PRO_294_A,SER_296_A"
SER_296_A,"CYS_289_A,CYS_293_A,ASN_295_A,LEU_297_A"
LEU_297_A,"SER_296_A,ILE_298_A"
ILE_298_A,"LEU_228_A,PHE_264_A,SER_286_A,LEU_297_A,LYS_299_A,PHE_304_A"
LYS_299_A,"ILE_298_A,GLU_300_A"
GLU_300_A,"HIS_227_A,LYS_299_A,LEU_301_A,HIS_302_A,HIS_303_A"
LEU_301_A,"GLU_300_A,HIS_302_A"
HIS_302_A,"GLU_300_A,LEU_301_A,HIS_303_A"
HIS_303_A,"HIS_227_A,GLU_300_A,HIS_302_A,PHE_304_A,ARG_305_A"
PHE_304_A,"PHE_277_A,ILE_298_A,HIS_303_A,ARG_305_A"
ARG_305_A,"TYR_149_A,LYS_151_A,HIS_303_A,PHE_304_A,ILE_306_A,GLY_308_A,GLU_309_A,TYR_312_A"
ILE_306_A,"VAL_157_A,PHE_264_A,HIS_265_A,ARG_305_A,LEU_307_A"
LEU_307_A,"CYS_268_A,LEU_272_A,ILE_306_A,GLY_308_A,GLN_311_A,TYR_315_A"
GLY_308_A,"ARG_305_A,LEU_307_A,GLU_309_A,GLU_310_A,GLN_311_A,TYR_312_A"
GLU_309_A,"LYS_151_A,ARG_305_A,GLY_308_A,GLU_310_A,ASN_313_A"
GLU_310_A,"GLY_308_A,GLU_309_A,GLN_311_A,ASN_313_A,ARG_314_A"
GLN_311_A,"LEU_307_A,GLY_308_A,GLU_310_A,TYR_312_A,TYR_315_A"
TYR_312_A,"ARG_305_A,GLY_308_A,GLN_311_A,ASN_313_A"
ASN_313_A,"GLU_309_A,GLU_310_A,TYR_312_A,ARG_314_A,GLN_317_A"
ARG_314_A,"ASN_273_A,GLU_310_A,ASN_313_A,TYR_315_A,TYR_318_A"
TYR_315_A,"TYR_285_A,LEU_307_A,GLN_311_A,ARG_314_A,GLN_316_A,GLY_319_A"
GLN_316_A,"TYR_315_A,GLN_317_A"
GLN_317_A,"ASN_313_A,GLN_316_A,TYR_318_A"
TYR_318_A,"ARG_314_A,GLN_317_A,GLY_319_A"
GLY_319_A,"TYR_315_A,TYR_318_A,ALA_320_A"
ALA_320_A,"GLY_319_A,GLU_321_A"
GLU_321_A,"ARG_275_A,ALA_320_A,GLU_322_A,CYS_323_A"
GLU_322_A,"GLU_321_A,CYS_323_A"
CYS_323_A,"GLU_321_A,GLU_322_A,VAL_324_A"
VAL_324_A,"CYS_323_A,LEU_325_A"
LEU_325_A,VAL_324_A
VAL_393_A,ASP_394_A
ASP_394_A,"VAL_393_A,GLU_395_A"
GLU_395_A,"ASP_394_A,ARG_396_A,GLU_399_A"
ARG_396_A,"GLU_395_A,ALA_397_A,GLU_399_A"
ALA_397_A,"ARG_396_A,ALA_398_A"
ALA_398_A,"ALA_397_A,GLU_399_A"
GLU_399_A,"GLU_395_A,ARG_396_A,ALA_398_A,GLN_400_A"
GLN_400_A,"THR_237_A,GLU_399_A,ALA_401_A"
ALA_401_A,"GLN_400_A,ARG_402_A"
ARG_402_A,"ARG_256_A,ALA_401_A,TRP_403_A"
TRP_403_A,"VAL_248_A,VAL_258_A,ARG_402_A"
THR_414_A,THR_415_A
THR_415_A,"THR_414_A,LYS_416_A,VAL_425_A"
LYS_416_A,"THR_415_A,VAL_425_A,TRP_447_A"
PRO_417_A,CYS_418_A
CYS_418_A,"PRO_417_A,ARG_420_A,HIS_422_A"
PRO_419_A,ARG_420_A
ARG_420_A,"CYS_418_A,PRO_419_A,CYS_421_A"
CYS_421_A,"ARG_420_A,HIS_422_A"
HIS_422_A,"CYS_418_A,CYS_421_A,VAL_423_A"
VAL_423_A,HIS_422_A
PRO_424_A,VAL_425_A
VAL_425_A,"THR_415_A,LYS_416_A,PRO_424_A,GLU_426_A,TRP_445_A"
GLU_426_A,"VAL_425_A,LYS_427_A"
LYS_427_A,"GLU_426_A,ASN_428_A"
ASN_428_A,"LYS_427_A,GLY_429_A"
GLY_429_A,"ASN_428_A,GLY_430_A"
GLY_430_A,"GLY_429_A,CYS_431_A"
CYS_431_A,"GLY_430_A,MET_432_A"
MET_432_A,"CYS_431_A,HIS_433_A,TRP_447_A,TRP_462_A,ASP_464_A"
HIS_433_A,"MET_432_A,MET_434_A,GLU_444_A,TRP_453_A"
MET_434_A,"HIS_433_A,LYS_435_A,TRP_445_A,TRP_447_A"
LYS_435_A,"MET_434_A,CYS_436_A,ARG_442_A,GLU_444_A"
CYS_436_A,"LYS_435_A,LEU_443_A"
PRO_437_A,GLN_438_A
GLN_438_A,"PRO_437_A,CYS_441_A,ARG_442_A"
PRO_439_A,GLN_440_A
GLN_440_A,"PRO_439_A,CYS_441_A"
CYS_441_A,"GLN_438_A,GLN_440_A,ARG_442_A"
ARG_442_A,"LYS_435_A,GLN_438_A,CYS_441_A,LEU_443_A"
LEU_443_A,"CYS_436_A,ARG_442_A,GLU_444_A,TRP_445_A"
GLU_444_A,"HIS_433_A,LYS_435_A,LEU_443_A,TRP_445_A,TRP_453_A"
TRP_445_A,"VAL_425_A,MET_434_A,LEU_443_A,GLU_444_A,CYS_446_A"
CYS_446_A,"TRP_445_A,TRP_447_A,GLY_450_A,CYS_451_A,TRP_453_A"
TRP_447_A,"LYS_416_A,MET_432_A,MET_434_A,CYS_446_A,ASN_448_A"
ASN_448_A,"TRP_447_A,CYS_449_A"
CYS_449_A,"ASN_448_A,GLY_450_A"
GLY_450_A,"CYS_446_A,CYS_449_A,CYS_451_A"
CYS_451_A,"CYS_446_A,GLY_450_A,GLU_452_A"
GLU_452_A,"CYS_451_A,TRP_453_A"
TRP_453_A,"HIS_433_A,GLU_444_A,CYS_446_A,GLU_452_A,ASN_454_A,MET_458_A"
ASN_454_A,"TRP_453_A,ARG_455_A"
ARG_455_A,"ASN_454_A,VAL_456_A"
VAL_456_A,"ARG_455_A,CYS_457_A,ASP_460_A"
CYS_457_A,"VAL_456_A,MET_458_A"
MET_458_A,"TRP_453_A,CYS_457_A,GLY_459_A,TRP_462_A"
GLY_459_A,"LEU_162_A,MET_458_A,ASP_460_A"
ASP_460_A,"SER_145_A,LYS_161_A,VAL_456_A,GLY_459_A,HIS_461_A"
HIS_461_A,"TYR_143_A,ASP_460_A,TRP_462_A"
TRP_462_A,"LEU_176_A,MET_432_A,MET_458_A,HIS_461_A,PHE_463_A"
PHE_463_A,"PHE_146_A,TRP_462_A,ASP_464_A"
ASP_464_A,"TYR_143_A,MET_432_A,PHE_463_A,VAL_465_A"
VAL_465_A,ASP_464_A
