residue_id,neighbors
GLU_3_B,"GLY_4_B,HIS_257_B"
GLY_4_B,"GLU_3_B,LYS_5_B"
LYS_5_B,"GLY_4_B,HIS_6_B,HIS_32_B,LYS_33_B,TYR_99_B,HIS_264_B"
HIS_6_B,"LYS_5_B,PHE_7_B,LYS_33_B,THR_35_B,GLU_73_B"
PHE_7_B,"HIS_6_B,VAL_8_B,LYS_33_B,THR_35_B,ILE_76_B"
VAL_8_B,"PHE_7_B,LEU_9_B,ILE_76_B,LEU_77_B,VAL_78_B"
LEU_9_B,"VAL_8_B,VAL_10_B,TRP_20_B,VAL_34_B,THR_35_B"
VAL_10_B,"LEU_9_B,HIS_11_B,VAL_78_B,HIS_80_B,LEU_87_B"
HIS_11_B,"VAL_10_B,GLY_12_B,ASP_38_B"
GLY_12_B,"HIS_11_B,ALA_13_B"
ALA_13_B,"GLY_12_B,CYS_14_B,LEU_82_B"
CYS_14_B,"ALA_13_B,HIS_15_B,PHE_151_B"
HIS_15_B,"CYS_14_B,GLY_16_B,TRP_18_B,TYR_161_B"
GLY_16_B,"HIS_15_B,GLY_17_B,SER_19_B"
GLY_17_B,"GLY_16_B,TRP_18_B,SER_19_B,ASP_38_B"
TRP_18_B,"HIS_15_B,GLY_17_B,SER_19_B,LEU_175_B"
SER_19_B,"GLY_16_B,GLY_17_B,TRP_18_B,TRP_20_B"
TRP_20_B,"LEU_9_B,SER_19_B,TYR_21_B,LYS_22_B,LEU_23_B,LYS_24_B,HIS_80_B"
TYR_21_B,"TRP_20_B,LYS_22_B,LEU_171_B"
LYS_22_B,"TRP_20_B,TYR_21_B,LEU_23_B,ASP_168_B,LEU_242_B"
LEU_23_B,"TRP_20_B,LYS_22_B,LYS_24_B,LEU_26_B,LEU_27_B,LEU_248_B,CYS_249_B,LEU_252_B"
LYS_24_B,"TRP_20_B,LEU_23_B,GLU_28_B,VAL_34_B"
PRO_25_B,"LEU_26_B,ALA_29_B"
LEU_26_B,"LEU_23_B,PRO_25_B,LEU_27_B"
LEU_27_B,"LEU_23_B,LEU_26_B,GLU_28_B,VAL_34_B,LEU_253_B"
GLU_28_B,"LYS_24_B,LEU_27_B,ALA_29_B,GLY_31_B"
ALA_29_B,"PRO_25_B,GLU_28_B,ALA_30_B"
ALA_30_B,"ALA_29_B,GLY_31_B"
GLY_31_B,"GLU_28_B,ALA_30_B,HIS_32_B"
HIS_32_B,"LYS_5_B,GLY_31_B,LYS_33_B"
LYS_33_B,"LYS_5_B,HIS_6_B,PHE_7_B,HIS_32_B,VAL_34_B"
VAL_34_B,"LEU_9_B,LYS_24_B,LEU_27_B,LYS_33_B,THR_35_B"
THR_35_B,"HIS_6_B,PHE_7_B,LEU_9_B,VAL_34_B,ALA_36_B,LEU_65_B"
ALA_36_B,"THR_35_B,LEU_37_B"
LEU_37_B,"ALA_36_B,ASP_38_B,PRO_61_B,LEU_65_B"
ASP_38_B,"HIS_11_B,GLY_17_B,LEU_37_B,LEU_39_B"
LEU_39_B,"ASP_38_B,ALA_40_B,TYR_58_B"
ALA_40_B,"LEU_39_B,ALA_41_B,LEU_52_B"
ALA_41_B,"ALA_40_B,SER_42_B,ASP_45_B"
SER_42_B,"ALA_41_B,GLY_43_B,ASP_45_B"
GLY_43_B,"SER_42_B,THR_44_B"
THR_44_B,"GLY_43_B,ASP_45_B"
ASP_45_B,"ALA_41_B,SER_42_B,THR_44_B,LEU_46_B,ARG_47_B,ARG_177_B"
LEU_46_B,"ASP_45_B,ARG_47_B"
ARG_47_B,"ASP_45_B,LEU_46_B,LYS_48_B,GLU_51_B,GLU_64_B,ARG_177_B"
LYS_48_B,"ARG_47_B,ILE_49_B,GLU_51_B"
ILE_49_B,"LYS_48_B,GLU_50_B,GLU_51_B,LEU_52_B"
GLU_50_B,"ILE_49_B,GLU_51_B"
GLU_51_B,"ARG_47_B,LYS_48_B,ILE_49_B,GLU_50_B,LEU_52_B"
LEU_52_B,"ALA_40_B,ILE_49_B,GLU_51_B,ARG_53_B,ASP_57_B,TYR_139_B"
ARG_53_B,"LEU_52_B,THR_54_B,GLU_144_B"
THR_54_B,"ARG_53_B,LEU_55_B"
LEU_55_B,"THR_54_B,TYR_56_B,THR_59_B,LEU_186_B"
TYR_56_B,"LEU_55_B,ASP_57_B,LEU_60_B"
ASP_57_B,"LEU_52_B,TYR_56_B,TYR_58_B"
TYR_58_B,"LEU_39_B,ASP_57_B,THR_59_B,LEU_82_B,PHE_182_B"
THR_59_B,"LEU_55_B,TYR_58_B,LEU_60_B,LEU_62_B,ASN_86_B"
LEU_60_B,"TYR_56_B,THR_59_B,GLU_64_B"
PRO_61_B,"LEU_37_B,LEU_62_B"
LEU_62_B,"THR_59_B,PRO_61_B,ALA_90_B"
GLU_64_B,"ARG_47_B,LEU_60_B,LEU_65_B,SER_68_B"
LEU_65_B,"THR_35_B,LEU_37_B,GLU_64_B"
GLU_67_B,"SER_68_B,LYS_93_B,TYR_94_B"
SER_68_B,"GLU_64_B,GLU_67_B,LEU_69_B"
LEU_69_B,"SER_68_B,SER_70_B"
SER_70_B,"LEU_69_B,ALA_71_B,ASP_72_B,LYS_97_B"
ALA_71_B,"SER_70_B,ASP_72_B"
ASP_72_B,"SER_70_B,ALA_71_B,GLU_73_B"
GLU_73_B,"HIS_6_B,ASP_72_B,LYS_74_B"
LYS_74_B,"GLU_73_B,VAL_75_B,TYR_99_B"
VAL_75_B,"LYS_74_B,ILE_76_B,LYS_97_B,TYR_99_B"
ILE_76_B,"PHE_7_B,VAL_8_B,VAL_75_B,LEU_77_B"
LEU_77_B,"VAL_8_B,ILE_76_B,VAL_78_B,LEU_87_B,ILE_98_B,VAL_102_B"
VAL_78_B,"VAL_8_B,VAL_10_B,LEU_77_B,GLY_79_B"
GLY_79_B,"VAL_78_B,HIS_80_B,VAL_102_B,LEU_104_B"
HIS_80_B,"VAL_10_B,TRP_20_B,GLY_79_B,SER_81_B,GLY_83_B,ASP_210_B,HIS_238_B"
SER_81_B,"HIS_80_B,LEU_82_B,GLY_83_B,GLY_84_B,PHE_107_B"
LEU_82_B,"ALA_13_B,TYR_58_B,SER_81_B,GLY_83_B,GLY_84_B"
GLY_83_B,"HIS_80_B,SER_81_B,LEU_82_B,GLY_84_B,LEU_87_B"
GLY_84_B,"SER_81_B,LEU_82_B,GLY_83_B"
ASN_86_B,"THR_59_B,LEU_87_B"
LEU_87_B,"VAL_10_B,LEU_77_B,GLY_83_B,ASN_86_B,GLY_88_B,ALA_90_B"
GLY_88_B,"LEU_87_B,LEU_89_B,GLU_92_B"
LEU_89_B,"GLY_88_B,ALA_90_B,PHE_192_B"
ALA_90_B,"LEU_62_B,LEU_87_B,LEU_89_B,TYR_94_B"
GLU_92_B,"GLY_88_B,LYS_93_B,THR_193_B,ARG_196_B,PHE_197_B"
LYS_93_B,"GLU_67_B,GLU_92_B,TYR_94_B"
TYR_94_B,"GLU_67_B,ALA_90_B,LYS_93_B"
PRO_95_B,GLN_96_B
GLN_96_B,"PRO_95_B,LYS_97_B"
LYS_97_B,"SER_70_B,VAL_75_B,GLN_96_B,ILE_98_B"
ILE_98_B,"LEU_77_B,LYS_97_B,TYR_99_B,VAL_200_B"
TYR_99_B,"LYS_5_B,LYS_74_B,VAL_75_B,ILE_98_B,ALA_100_B,TYR_259_B"
ALA_100_B,"TYR_99_B,ALA_101_B"
ALA_101_B,"ALA_100_B,VAL_102_B,PHE_103_B,LYS_201_B,VAL_203_B"
VAL_102_B,"LEU_77_B,GLY_79_B,ALA_101_B,PHE_103_B,ILE_205_B"
PHE_103_B,"ALA_101_B,VAL_102_B,LEU_104_B,VAL_203_B,TYR_204_B,ILE_205_B"
LEU_104_B,"GLY_79_B,PHE_103_B,ALA_105_B,ALA_106_B,ILE_205_B"
ALA_105_B,"LEU_104_B,ALA_106_B"
ALA_106_B,"LEU_104_B,ALA_105_B,PHE_107_B,TYR_204_B"
PHE_107_B,"SER_81_B,ALA_106_B,LEU_119_B,TYR_122_B,ILE_213_B,PHE_217_B"
PRO_109_B,"ASP_110_B,PHE_192_B"
ASP_110_B,"PRO_109_B,SER_111_B,VAL_112_B,HIS_113_B,ILE_225_B"
SER_111_B,"ASP_110_B,VAL_112_B,ASP_194_B"
VAL_112_B,"ASP_110_B,SER_111_B,HIS_113_B"
HIS_113_B,"ASP_110_B,VAL_112_B,ASN_114_B,PHE_117_B"
ASN_114_B,"HIS_113_B,SER_115_B,SER_116_B,PHE_117_B"
SER_115_B,"ASN_114_B,SER_116_B,TYR_191_B"
SER_116_B,"ASN_114_B,SER_115_B,PHE_117_B,LEU_119_B,GLU_120_B"
PHE_117_B,"HIS_113_B,ASN_114_B,SER_116_B,VAL_118_B,GLU_120_B,GLN_121_B,TRP_220_B"
VAL_118_B,"PHE_117_B,LEU_119_B"
LEU_119_B,"PHE_107_B,SER_116_B,VAL_118_B,GLU_120_B"
GLU_120_B,"SER_116_B,PHE_117_B,LEU_119_B,GLN_121_B,GLU_124_B"
GLN_121_B,"PHE_117_B,GLU_120_B,TYR_122_B,ARG_125_B,TRP_220_B"
TYR_122_B,"PHE_107_B,GLN_121_B,ASN_123_B,THR_126_B,GLY_212_B,PHE_217_B"
ASN_123_B,"TYR_122_B,GLU_124_B"
GLU_124_B,"GLU_120_B,ASN_123_B,ARG_125_B"
ARG_125_B,"GLN_121_B,GLU_124_B,THR_126_B"
THR_126_B,"TYR_122_B,ARG_125_B"
PRO_127_B,ALA_128_B
ALA_128_B,"PRO_127_B,GLU_129_B"
GLU_129_B,"ALA_128_B,ASN_130_B"
ASN_130_B,"GLU_129_B,TRP_131_B"
TRP_131_B,"ASN_130_B,LEU_132_B,THR_134_B,PHE_136_B"
LEU_132_B,"TRP_131_B,ASP_133_B"
ASP_133_B,"LEU_132_B,THR_134_B,LYS_154_B"
THR_134_B,"TRP_131_B,ASP_133_B,GLN_135_B,PHE_136_B"
GLN_135_B,"THR_134_B,PHE_136_B,PHE_150_B"
PHE_136_B,"TRP_131_B,THR_134_B,GLN_135_B,LEU_137_B"
LEU_137_B,"PHE_136_B,SER_148_B"
PRO_138_B,TYR_139_B
TYR_139_B,"LEU_52_B,PRO_138_B,GLY_140_B,LEU_146_B"
GLY_140_B,"TYR_139_B,SER_141_B"
SER_141_B,"GLY_140_B,GLU_143_B,GLU_144_B"
PRO_142_B,GLU_143_B
GLU_143_B,"SER_141_B,PRO_142_B,GLU_144_B"
GLU_144_B,"ARG_53_B,SER_141_B,GLU_143_B"
PRO_145_B,LEU_146_B
LEU_146_B,"TYR_139_B,PRO_145_B,THR_147_B"
THR_147_B,"LEU_146_B,SER_148_B,SER_180_B"
SER_148_B,"LEU_137_B,THR_147_B"
PHE_150_B,"GLN_135_B,PHE_151_B"
PHE_151_B,"CYS_14_B,PHE_150_B,GLY_152_B,PHE_155_B"
GLY_152_B,PHE_151_B
PRO_153_B,"LYS_154_B,ALA_157_B"
LYS_154_B,"ASP_133_B,PRO_153_B,PHE_155_B,HIS_158_B"
PHE_155_B,"PHE_151_B,LYS_154_B,LEU_156_B,LYS_159_B,LEU_160_B"
LEU_156_B,"PHE_155_B,ALA_157_B,LEU_160_B,TYR_161_B"
ALA_157_B,"PRO_153_B,LEU_156_B,HIS_158_B"
HIS_158_B,"LYS_154_B,ALA_157_B,LYS_159_B"
LYS_159_B,"PHE_155_B,HIS_158_B,LEU_160_B,GLY_212_B"
LEU_160_B,"PHE_155_B,LEU_156_B,LYS_159_B,TYR_161_B"
TYR_161_B,"HIS_15_B,LEU_156_B,LEU_160_B,GLN_162_B,LEU_163_B,CYS_164_B,LEU_242_B"
GLN_162_B,"TYR_161_B,LEU_163_B,LYS_211_B"
LEU_163_B,"TYR_161_B,GLN_162_B,CYS_164_B,GLU_209_B,ASP_237_B"
CYS_164_B,"TYR_161_B,LEU_163_B,SER_165_B"
SER_165_B,"CYS_164_B,ASP_168_B,LEU_169_B"
PRO_166_B,"GLU_167_B,ALA_170_B"
GLU_167_B,"PRO_166_B,ASP_168_B,LEU_171_B"
ASP_168_B,"LYS_22_B,SER_165_B,GLU_167_B,LEU_169_B"
LEU_169_B,"SER_165_B,ASP_168_B,ALA_170_B"
ALA_170_B,"PRO_166_B,LEU_169_B,LEU_171_B"
LEU_171_B,"TYR_21_B,GLU_167_B,ALA_170_B,ALA_172_B,SER_174_B,LEU_175_B"
ALA_172_B,"LEU_171_B,SER_173_B,VAL_176_B"
SER_173_B,"ALA_172_B,SER_174_B"
SER_174_B,"LEU_171_B,SER_173_B,LEU_175_B"
LEU_175_B,"TRP_18_B,LEU_171_B,SER_174_B,VAL_176_B"
VAL_176_B,"ALA_172_B,LEU_175_B,ARG_177_B"
ARG_177_B,"ASP_45_B,ARG_47_B,VAL_176_B"
PRO_178_B,SER_179_B
SER_179_B,"PRO_178_B,SER_180_B"
SER_180_B,"THR_147_B,SER_179_B,LEU_181_B"
LEU_181_B,"SER_180_B,PHE_182_B"
PHE_182_B,"TYR_58_B,LEU_181_B"
GLU_184_B,ASP_185_B
ASP_185_B,"GLU_184_B,LEU_186_B,TYR_191_B"
LEU_186_B,"LEU_55_B,ASP_185_B,SER_187_B"
SER_187_B,"LEU_186_B,LYS_188_B"
LYS_188_B,"SER_187_B,ALA_189_B"
ALA_189_B,"LYS_188_B,LYS_190_B"
LYS_190_B,"ALA_189_B,TYR_191_B,PHE_192_B,ASP_194_B"
TYR_191_B,"SER_115_B,ASP_185_B,LYS_190_B,PHE_192_B"
PHE_192_B,"LEU_89_B,PRO_109_B,LYS_190_B,TYR_191_B,THR_193_B,PHE_197_B"
THR_193_B,"GLU_92_B,PHE_192_B,ASP_194_B,PHE_197_B"
ASP_194_B,"SER_111_B,LYS_190_B,THR_193_B,GLU_195_B"
GLU_195_B,"ASP_194_B,ARG_196_B"
ARG_196_B,"GLU_92_B,GLU_195_B,PHE_197_B,SER_199_B"
PHE_197_B,"GLU_92_B,PHE_192_B,THR_193_B,ARG_196_B,GLY_198_B"
GLY_198_B,"PHE_197_B,SER_199_B"
SER_199_B,"ARG_196_B,GLY_198_B,VAL_200_B"
VAL_200_B,"ILE_98_B,SER_199_B,LYS_201_B"
LYS_201_B,"ALA_101_B,VAL_200_B,ARG_202_B,GLU_229_B,GLU_262_B"
ARG_202_B,"LYS_201_B,VAL_203_B,GLY_226_B,VAL_227_B,THR_228_B"
VAL_203_B,"ALA_101_B,PHE_103_B,ARG_202_B,TYR_204_B,ILE_255_B"
TYR_204_B,"PHE_103_B,ALA_106_B,VAL_203_B,ILE_205_B,VAL_206_B,GLN_218_B,ILE_222_B,GLU_229_B,ILE_231_B"
ILE_205_B,"VAL_102_B,PHE_103_B,LEU_104_B,TYR_204_B,VAL_206_B,ILE_233_B"
VAL_206_B,"TYR_204_B,ILE_205_B,CYS_207_B,GLU_215_B,ILE_222_B,ILE_231_B,ILE_233_B"
CYS_207_B,"VAL_206_B,THR_208_B"
THR_208_B,"CYS_207_B,GLU_209_B,GLU_232_B,GLY_235_B"
GLU_209_B,"LEU_163_B,THR_208_B,ASP_210_B,GLU_215_B,ALA_236_B"
ASP_210_B,"HIS_80_B,GLU_209_B,LYS_211_B,GLY_212_B,ILE_213_B,HIS_238_B"
LYS_211_B,"GLN_162_B,ASP_210_B,GLY_212_B"
GLY_212_B,"TYR_122_B,LYS_159_B,ASP_210_B,LYS_211_B,ILE_213_B"
ILE_213_B,"PHE_107_B,ASP_210_B,GLY_212_B"
PRO_214_B,"GLU_215_B,GLU_216_B,PHE_217_B"
GLU_215_B,"VAL_206_B,GLU_209_B,PRO_214_B,GLU_216_B,ARG_219_B,GLU_232_B"
GLU_216_B,"PRO_214_B,GLU_215_B,PHE_217_B"
PHE_217_B,"PHE_107_B,TYR_122_B,PRO_214_B,GLU_216_B,GLN_218_B,TRP_220_B"
GLN_218_B,"TYR_204_B,PHE_217_B,ARG_219_B"
ARG_219_B,"GLU_215_B,GLN_218_B,TRP_220_B,ASP_223_B,GLU_232_B"
TRP_220_B,"PHE_117_B,GLN_121_B,PHE_217_B,ARG_219_B,GLN_221_B,ASN_224_B"
GLN_221_B,"TRP_220_B,ILE_222_B,ILE_225_B"
ILE_222_B,"TYR_204_B,VAL_206_B,GLN_221_B,ASP_223_B"
ASP_223_B,"ARG_219_B,ILE_222_B,ASN_224_B"
ASN_224_B,"TRP_220_B,ASP_223_B,ILE_225_B"
ILE_225_B,"ASP_110_B,GLN_221_B,ASN_224_B,GLY_226_B"
GLY_226_B,"ARG_202_B,ILE_225_B,VAL_227_B"
VAL_227_B,"ARG_202_B,GLY_226_B,THR_228_B"
THR_228_B,"ARG_202_B,VAL_227_B,GLU_229_B"
GLU_229_B,"LYS_201_B,TYR_204_B,THR_228_B,ALA_230_B,ILE_231_B,LYS_258_B"
ALA_230_B,"GLU_229_B,ILE_231_B"
ILE_231_B,"TYR_204_B,VAL_206_B,GLU_229_B,ALA_230_B,GLU_232_B"
GLU_232_B,"THR_208_B,GLU_215_B,ARG_219_B,ILE_231_B,ILE_233_B,LYS_234_B"
ILE_233_B,"ILE_205_B,VAL_206_B,GLU_232_B,LYS_234_B,ALA_236_B"
LYS_234_B,"GLU_232_B,ILE_233_B,GLY_235_B"
GLY_235_B,"THR_208_B,LYS_234_B,ALA_236_B"
ALA_236_B,"GLU_209_B,ILE_233_B,GLY_235_B,ASP_237_B,GLU_244_B"
ASP_237_B,"LEU_163_B,ALA_236_B,HIS_238_B"
HIS_238_B,"HIS_80_B,ASP_210_B,ASP_237_B"
ALA_240_B,GLU_244_B
LEU_242_B,"LYS_22_B,TYR_161_B,CYS_243_B"
CYS_243_B,"LEU_242_B,GLU_244_B"
GLU_244_B,"ALA_236_B,ALA_240_B,CYS_243_B,LYS_247_B,LEU_248_B"
PRO_245_B,"GLN_246_B,CYS_249_B"
GLN_246_B,"PRO_245_B,LYS_247_B,ALA_250_B"
LYS_247_B,"GLU_244_B,GLN_246_B,LEU_248_B"
LEU_248_B,"LEU_23_B,GLU_244_B,LYS_247_B,CYS_249_B"
CYS_249_B,"LEU_23_B,PRO_245_B,LEU_248_B,ALA_250_B,LEU_253_B"
ALA_250_B,"GLN_246_B,CYS_249_B,SER_251_B"
SER_251_B,"ALA_250_B,LEU_252_B,ILE_255_B"
LEU_252_B,"LEU_23_B,SER_251_B,LEU_253_B"
LEU_253_B,"LEU_27_B,CYS_249_B,LEU_252_B,GLU_254_B,HIS_257_B"
GLU_254_B,"LEU_253_B,ILE_255_B,LYS_258_B"
ILE_255_B,"VAL_203_B,SER_251_B,GLU_254_B,ALA_256_B"
ALA_256_B,"ILE_255_B,HIS_257_B"
HIS_257_B,"GLU_3_B,LEU_253_B,ALA_256_B,LYS_258_B,ASN_260_B"
LYS_258_B,"GLU_229_B,GLU_254_B,HIS_257_B,TYR_259_B"
TYR_259_B,"TYR_99_B,LYS_258_B,ASN_260_B,HIS_263_B"
ASN_260_B,"HIS_257_B,TYR_259_B,LEU_261_B,HIS_264_B"
LEU_261_B,"ASN_260_B,GLU_262_B"
GLU_262_B,"LYS_201_B,LEU_261_B,HIS_263_B"
HIS_263_B,"TYR_259_B,GLU_262_B,HIS_264_B"
HIS_264_B,"LYS_5_B,ASN_260_B,HIS_263_B"
