residue_id,neighbors
ALA_4_A,ILE_5_A
ILE_5_A,"ALA_4_A,ASP_6_A,ASP_197_A"
ASP_6_A,"ILE_5_A,ASN_7_A,LEU_10_A"
ASN_7_A,"ASP_6_A,GLY_8_A,ARG_11_A,ASP_192_A,LYS_200_A"
GLY_8_A,"ASN_7_A,ALA_9_A,GLU_12_A"
ALA_9_A,"GLY_8_A,LEU_10_A"
LEU_10_A,"ASP_6_A,ALA_9_A,ARG_11_A,LYS_200_A,LEU_203_A,MET_207_A"
ARG_11_A,"ASN_7_A,LEU_10_A,GLU_12_A,PHE_187_A,ASP_192_A"
GLU_12_A,"GLY_8_A,ARG_11_A,GLU_13_A"
GLU_13_A,"GLU_12_A,ALA_14_A"
ALA_14_A,"GLU_13_A,LYS_15_A,PHE_18_A"
LYS_15_A,"ALA_14_A,GLY_16_A,LEU_188_A"
GLY_16_A,"LYS_15_A,VAL_17_A"
VAL_17_A,"GLY_16_A,PHE_18_A,GLY_217_A"
PHE_18_A,"ALA_14_A,VAL_17_A,GLU_19_A,PHE_184_A,THR_212_A,PHE_220_A"
GLU_19_A,"PHE_18_A,ALA_20_A,VAL_218_A,ARG_265_A"
ALA_20_A,"GLU_19_A,ILE_21_A"
ILE_21_A,"ALA_20_A,ASP_185_A,VAL_218_A"
PRO_22_A,"GLU_23_A,PHE_102_A"
GLU_23_A,"PRO_22_A,LYS_24_A,GLU_316_A"
LYS_24_A,"GLU_23_A,MET_25_A"
MET_25_A,"LYS_24_A,THR_26_A,ILE_178_A"
THR_26_A,"MET_25_A,ALA_27_A,LEU_40_A"
ALA_27_A,"THR_26_A,ILE_28_A"
ILE_28_A,"ALA_27_A,LYS_29_A,VAL_38_A,ILE_101_A,GLU_171_A,ALA_175_A"
LYS_29_A,"ILE_28_A,GLN_30_A,ASP_114_A,GLU_171_A"
GLN_30_A,"LYS_29_A,THR_31_A"
THR_31_A,"GLN_30_A,GLU_32_A,ASN_34_A"
GLU_32_A,"THR_31_A,ASP_33_A"
ASP_33_A,"GLU_32_A,ASN_34_A"
ASN_34_A,"THR_31_A,ASP_33_A,GLY_37_A"
PRO_35_A,GLU_36_A
GLU_36_A,"PRO_35_A,GLY_37_A"
GLY_37_A,"ASN_34_A,GLU_36_A,VAL_38_A"
VAL_38_A,"ILE_28_A,GLY_37_A"
PRO_39_A,LEU_40_A
LEU_40_A,"THR_26_A,PRO_39_A,THR_41_A"
THR_41_A,"LEU_40_A,ALA_42_A,ILE_45_A,GLN_172_A"
ALA_42_A,"THR_41_A,GLU_43_A,GLU_46_A"
GLU_43_A,"ALA_42_A,LYS_44_A"
LYS_44_A,"GLU_43_A,ILE_45_A,GLY_48_A,GLN_172_A"
ILE_45_A,"THR_41_A,LYS_44_A,GLU_46_A,LYS_49_A,THR_176_A"
GLU_46_A,"ALA_42_A,ILE_45_A,LEU_47_A,LYS_49_A"
LEU_47_A,"GLU_46_A,GLY_48_A,PHE_150_A"
GLY_48_A,"LYS_44_A,LEU_47_A,LYS_49_A,PHE_52_A"
LYS_49_A,"ILE_45_A,GLU_46_A,GLY_48_A,VAL_50_A,PHE_173_A,ASP_321_A"
VAL_50_A,"LYS_49_A,LEU_51_A,TYR_146_A,LEU_325_A"
LEU_51_A,"VAL_50_A,PHE_52_A,TYR_146_A,PHE_166_A"
PHE_52_A,"GLY_48_A,LEU_51_A,PHE_53_A,CYS_65_A,MET_97_A,PHE_173_A"
PHE_53_A,"PHE_52_A,ASP_54_A,GLN_66_A,PRO_323_A"
ASP_54_A,"PHE_53_A,ARG_56_A,TYR_146_A"
PRO_55_A,"ARG_56_A,SER_58_A"
ARG_56_A,"ASP_54_A,PRO_55_A,MET_57_A,PRO_326_A,ARG_328_A"
MET_57_A,"ARG_56_A,SER_58_A,ASN_131_A"
SER_58_A,"PRO_55_A,MET_57_A,SER_59_A"
SER_59_A,"SER_58_A,SER_60_A,SER_130_A,THR_336_A"
SER_60_A,"SER_59_A,GLY_61_A"
GLY_61_A,"SER_60_A,LEU_62_A"
LEU_62_A,"GLY_61_A,ILE_63_A"
ILE_63_A,"LEU_62_A,SER_64_A"
SER_64_A,"ILE_63_A,CYS_65_A,THR_67_A"
CYS_65_A,"PHE_52_A,SER_64_A,GLN_66_A,HIS_69_A"
GLN_66_A,"PHE_53_A,CYS_65_A,THR_67_A,VAL_71_A"
THR_67_A,"SER_64_A,GLN_66_A,CYS_68_A"
CYS_68_A,"THR_67_A,HIS_69_A"
HIS_69_A,"CYS_65_A,CYS_68_A,ASN_70_A"
ASN_70_A,"HIS_69_A,VAL_71_A,GLY_72_A,LEU_73_A,GLY_75_A"
VAL_71_A,"GLN_66_A,ASN_70_A,GLY_72_A,MET_97_A,ILE_320_A"
GLY_72_A,"ASN_70_A,VAL_71_A,LEU_73_A"
LEU_73_A,"ASN_70_A,GLY_72_A,GLY_74_A"
GLY_74_A,"LEU_73_A,GLY_75_A,THR_96_A"
GLY_75_A,"ASN_70_A,GLY_74_A,VAL_76_A"
VAL_76_A,"GLY_75_A,ASP_77_A,THR_270_A"
ASP_77_A,"VAL_76_A,GLY_78_A,SER_82_A"
GLY_78_A,"ASP_77_A,LEU_79_A"
LEU_79_A,"GLY_78_A,ASN_93_A"
PRO_80_A,"THR_81_A,ASN_93_A"
THR_81_A,"PRO_80_A,SER_82_A,LYS_89_A,GLY_90_A"
SER_82_A,"ASP_77_A,THR_81_A,ILE_83_A,GLY_90_A"
ILE_83_A,"SER_82_A,GLY_84_A,TRP_87_A,LYS_89_A"
GLY_84_A,"ILE_83_A,HIS_85_A,TRP_87_A,GLN_88_A"
HIS_85_A,"GLY_84_A,GLY_86_A,GLN_88_A,GLU_128_A"
GLY_86_A,"HIS_85_A,TRP_87_A"
TRP_87_A,"ILE_83_A,GLY_84_A,GLY_86_A,GLN_88_A"
GLN_88_A,"GLY_84_A,HIS_85_A,TRP_87_A,LYS_89_A,GLY_126_A"
LYS_89_A,"THR_81_A,ILE_83_A,GLN_88_A,GLY_90_A"
GLY_90_A,"THR_81_A,SER_82_A,LYS_89_A"
PRO_91_A,ARG_92_A
ARG_92_A,"PRO_91_A,ASN_93_A,ASP_109_A,ARG_111_A,ASP_243_A,GLU_248_A,HIS_275_A"
ASN_93_A,"LEU_79_A,PRO_80_A,ARG_92_A,ALA_94_A,TRP_108_A,HIS_275_A"
ALA_94_A,ASN_93_A
PRO_95_A,THR_96_A
THR_96_A,"GLY_74_A,PRO_95_A,MET_97_A,LEU_98_A"
MET_97_A,"PHE_52_A,VAL_71_A,THR_96_A,LEU_98_A"
LEU_98_A,"THR_96_A,MET_97_A,ASN_99_A"
ASN_99_A,"LEU_98_A,ALA_100_A,LEU_177_A,THR_179_A,ASN_219_A"
ALA_100_A,"ASN_99_A,ILE_101_A,GLN_106_A"
ILE_101_A,"ILE_28_A,ALA_100_A,PHE_102_A"
PHE_102_A,"PRO_22_A,ILE_101_A,ASN_103_A,ILE_178_A,VAL_218_A"
ASN_103_A,"PHE_102_A,ALA_104_A,ASN_219_A"
ALA_104_A,"ASN_103_A,ALA_105_A,GLY_222_A"
ALA_105_A,"ALA_104_A,GLN_106_A,ARG_260_A"
GLN_106_A,"ALA_100_A,ALA_105_A,PHE_107_A,ALA_112_A"
PHE_107_A,"GLN_106_A,TRP_108_A,GLY_110_A,ARG_111_A,ALA_112_A,GLN_118_A"
TRP_108_A,"ASN_93_A,PHE_107_A,ASP_109_A,ARG_260_A,HIS_275_A"
ASP_109_A,"ARG_92_A,TRP_108_A,GLY_110_A,ARG_111_A,ASP_243_A,ARG_246_A,GLU_248_A"
GLY_110_A,"PHE_107_A,ASP_109_A,ARG_111_A"
ARG_111_A,"ARG_92_A,PHE_107_A,ASP_109_A,GLY_110_A,ALA_112_A"
ALA_112_A,"GLN_106_A,PHE_107_A,ARG_111_A,ALA_113_A"
ALA_113_A,"ALA_112_A,ASP_114_A,GLU_117_A"
ASP_114_A,"LYS_29_A,ALA_113_A,LEU_115_A,GLU_117_A,GLN_118_A,GLU_171_A"
LEU_115_A,"ASP_114_A,ALA_116_A"
ALA_116_A,"LEU_115_A,GLU_117_A"
GLU_117_A,"ALA_113_A,ASP_114_A,ALA_116_A,GLN_118_A"
GLN_118_A,"PHE_107_A,ASP_114_A,GLU_117_A,ALA_119_A,GLY_121_A"
ALA_119_A,"GLN_118_A,LYS_120_A"
LYS_120_A,"ALA_119_A,GLY_121_A,GLN_124_A,PHE_163_A,ASP_164_A"
GLY_121_A,"GLN_118_A,LYS_120_A,ALA_125_A"
PRO_122_A,"VAL_123_A,MET_129_A"
VAL_123_A,"PRO_122_A,GLN_124_A,ASN_131_A,VAL_136_A,PHE_166_A"
GLN_124_A,"LYS_120_A,VAL_123_A,ALA_125_A"
ALA_125_A,"GLY_121_A,GLN_124_A,GLY_126_A,GLU_128_A,SER_130_A"
GLY_126_A,"GLN_88_A,ALA_125_A,VAL_127_A"
VAL_127_A,"GLY_126_A,GLU_128_A"
GLU_128_A,"HIS_85_A,ALA_125_A,VAL_127_A,MET_129_A"
MET_129_A,"PRO_122_A,GLU_128_A,SER_130_A"
SER_130_A,"SER_59_A,ALA_125_A,MET_129_A,ASN_131_A"
ASN_131_A,"MET_57_A,VAL_123_A,SER_130_A,THR_132_A"
THR_132_A,ASN_131_A
PRO_133_A,"ASP_134_A,PHE_163_A"
ASP_134_A,"PRO_133_A,GLN_135_A,LYS_138_A"
GLN_135_A,"ASP_134_A,VAL_136_A,THR_139_A"
VAL_136_A,"VAL_123_A,GLN_135_A,VAL_137_A,ILE_140_A"
VAL_137_A,"VAL_136_A,LYS_138_A,ASN_141_A"
LYS_138_A,"ASP_134_A,VAL_137_A,THR_139_A"
THR_139_A,"GLN_135_A,LYS_138_A,ILE_140_A,SER_142_A"
ILE_140_A,"VAL_136_A,THR_139_A,ASN_141_A,TYR_146_A,PHE_150_A,VAL_161_A"
ASN_141_A,"VAL_137_A,ILE_140_A,SER_142_A"
SER_142_A,"THR_139_A,ASN_141_A,MET_143_A,THR_329_A,THR_332_A"
MET_143_A,"SER_142_A,TYR_146_A"
PRO_144_A,"GLU_145_A,GLU_148_A"
GLU_145_A,"PRO_144_A,TYR_146_A"
TYR_146_A,"VAL_50_A,LEU_51_A,ASP_54_A,ILE_140_A,MET_143_A,GLU_145_A,VAL_147_A,PHE_150_A,PRO_326_A"
VAL_147_A,"TYR_146_A,GLU_148_A,LYS_151_A"
GLU_148_A,"PRO_144_A,VAL_147_A,ALA_149_A"
ALA_149_A,"GLU_148_A,PHE_150_A,ALA_153_A"
PHE_150_A,"LEU_47_A,ILE_140_A,TYR_146_A,ALA_149_A,LYS_151_A,PHE_154_A,VAL_161_A"
LYS_151_A,"VAL_147_A,PHE_150_A,ALA_152_A"
ALA_152_A,"LYS_151_A,ALA_153_A"
ALA_153_A,"ALA_149_A,ALA_152_A,PHE_154_A"
PHE_154_A,"PHE_150_A,ALA_153_A,ASN_165_A"
PRO_155_A,GLU_156_A
GLU_156_A,"PRO_155_A,GLU_157_A"
GLU_157_A,"GLU_156_A,ALA_158_A,ASN_165_A"
ALA_158_A,"GLU_157_A,ASP_159_A"
ASP_159_A,ALA_158_A
PRO_160_A,"VAL_161_A,ASN_165_A"
VAL_161_A,"ILE_140_A,PHE_150_A,PRO_160_A,THR_162_A"
THR_162_A,"VAL_161_A,PHE_163_A,PHE_166_A"
PHE_163_A,"LYS_120_A,PRO_133_A,THR_162_A,ASP_164_A,PHE_166_A,ALA_167_A"
ASP_164_A,"LYS_120_A,PHE_163_A,ASN_165_A,ALA_168_A"
ASN_165_A,"PHE_154_A,GLU_157_A,PRO_160_A,ASP_164_A,PHE_166_A,ALA_169_A"
PHE_166_A,"LEU_51_A,VAL_123_A,THR_162_A,PHE_163_A,ASN_165_A,ALA_167_A,ILE_170_A"
ALA_167_A,"PHE_163_A,PHE_166_A,ALA_168_A,GLU_171_A"
ALA_168_A,"ASP_164_A,ALA_167_A,ALA_169_A,GLN_172_A"
ALA_169_A,"ASN_165_A,ALA_168_A,ILE_170_A"
ILE_170_A,"PHE_166_A,ALA_169_A,GLU_171_A,GLU_174_A"
GLU_171_A,"ILE_28_A,LYS_29_A,ASP_114_A,ALA_167_A,ILE_170_A,GLN_172_A,ALA_175_A"
GLN_172_A,"THR_41_A,LYS_44_A,ALA_168_A,GLU_171_A,PHE_173_A"
PHE_173_A,"LYS_49_A,PHE_52_A,GLN_172_A,GLU_174_A,THR_176_A,LEU_177_A"
GLU_174_A,"ILE_170_A,PHE_173_A,ALA_175_A,LEU_177_A"
ALA_175_A,"ILE_28_A,GLU_171_A,GLU_174_A,THR_176_A"
THR_176_A,"ILE_45_A,PHE_173_A,ALA_175_A,LEU_177_A,ILE_178_A"
LEU_177_A,"ASN_99_A,PHE_173_A,GLU_174_A,THR_176_A,ILE_178_A"
ILE_178_A,"MET_25_A,PHE_102_A,THR_176_A,LEU_177_A,THR_179_A"
THR_179_A,"ASN_99_A,ILE_178_A"
PRO_180_A,"ASN_181_A,GLU_316_A"
ASN_181_A,"PRO_180_A,SER_182_A"
SER_182_A,"ASN_181_A,ALA_183_A,ARG_186_A"
ALA_183_A,"SER_182_A,PHE_184_A,PHE_187_A"
PHE_184_A,"PHE_18_A,ALA_183_A,ASP_185_A,LEU_188_A,PHE_220_A,THR_312_A,LEU_313_A"
ASP_185_A,"ILE_21_A,PHE_184_A,ARG_186_A,ALA_189_A,ARG_265_A"
ARG_186_A,"SER_182_A,ASP_185_A,PHE_187_A,ASP_191_A"
PHE_187_A,"ARG_11_A,ALA_183_A,ARG_186_A,LEU_188_A,GLY_190_A"
LEU_188_A,"LYS_15_A,PHE_184_A,PHE_187_A,ALA_189_A"
ALA_189_A,"ASP_185_A,LEU_188_A,GLY_190_A"
GLY_190_A,"PHE_187_A,ALA_189_A,ASP_191_A"
ASP_191_A,"ARG_186_A,GLY_190_A,ASP_192_A"
ASP_192_A,"ASN_7_A,ARG_11_A,ASP_191_A,ALA_193_A,LYS_200_A"
ALA_193_A,"ASP_192_A,ALA_194_A"
ALA_194_A,"ALA_193_A,MET_195_A"
MET_195_A,"ALA_194_A,THR_196_A,PHE_309_A"
THR_196_A,"MET_195_A,ASP_197_A,GLU_199_A,LYS_200_A"
ASP_197_A,"ILE_5_A,THR_196_A,GLN_198_A,LYS_200_A,ARG_201_A"
GLN_198_A,"ASP_197_A,GLU_199_A,GLY_202_A,ASP_305_A,ALA_308_A"
GLU_199_A,"THR_196_A,GLN_198_A,LYS_200_A,LEU_203_A,THR_312_A"
LYS_200_A,"ASN_7_A,LEU_10_A,ASP_192_A,THR_196_A,ASP_197_A,GLU_199_A,ARG_201_A,GLN_204_A"
ARG_201_A,"ASP_197_A,LYS_200_A,GLY_202_A,ALA_205_A,ASP_305_A"
GLY_202_A,"GLN_198_A,ARG_201_A,LEU_203_A,PHE_206_A"
LEU_203_A,"LEU_10_A,GLU_199_A,GLY_202_A,GLN_204_A,PHE_309_A"
GLN_204_A,"LYS_200_A,LEU_203_A,ALA_205_A,GLU_208_A"
ALA_205_A,"ARG_201_A,GLN_204_A,PHE_206_A,THR_209_A,ILE_306_A"
PHE_206_A,"GLY_202_A,ALA_205_A,MET_207_A,CYS_211_A,HIS_215_A"
MET_207_A,"LEU_10_A,PHE_206_A,GLU_208_A"
GLU_208_A,"GLN_204_A,MET_207_A,THR_209_A"
THR_209_A,"ALA_205_A,GLU_208_A,GLY_210_A"
GLY_210_A,"THR_209_A,CYS_211_A"
CYS_211_A,"PHE_206_A,GLY_210_A,THR_212_A,HIS_215_A"
THR_212_A,"PHE_18_A,CYS_211_A,ALA_213_A"
ALA_213_A,"THR_212_A,CYS_214_A"
CYS_214_A,"ALA_213_A,HIS_215_A"
HIS_215_A,"PHE_206_A,CYS_211_A,CYS_214_A,TYR_216_A,ALA_262_A"
TYR_216_A,"HIS_215_A,GLY_217_A,ASP_224_A"
GLY_217_A,"VAL_17_A,TYR_216_A,VAL_218_A"
VAL_218_A,"GLU_19_A,ILE_21_A,PHE_102_A,GLY_217_A,ASN_219_A,ARG_265_A"
ASN_219_A,"ASN_99_A,ASN_103_A,VAL_218_A,PHE_220_A"
PHE_220_A,"PHE_18_A,PHE_184_A,ASN_219_A,GLY_221_A,PHE_309_A,LEU_313_A"
GLY_221_A,"PHE_220_A,GLY_222_A"
GLY_222_A,"ALA_104_A,GLY_221_A,GLN_223_A,ALA_261_A"
GLN_223_A,"GLY_222_A,ASP_224_A"
ASP_224_A,"TYR_216_A,GLN_223_A,TYR_225_A,HIS_226_A,ALA_261_A"
TYR_225_A,"ASP_224_A,HIS_226_A,VAL_258_A,ARG_260_A"
HIS_226_A,"ASP_224_A,TYR_225_A,PHE_259_A"
PRO_227_A,"PHE_228_A,GLN_293_A"
PHE_228_A,"PRO_227_A,GLY_229_A,PRO_234_A,VAL_238_A,TYR_257_A,PHE_274_A,MET_289_A"
GLY_229_A,"PHE_228_A,LEU_230_A,GLN_293_A"
LEU_230_A,"GLY_229_A,ILE_231_A"
ILE_231_A,"LEU_230_A,ALA_232_A,ALA_292_A"
ALA_232_A,"ILE_231_A,LYS_233_A"
LYS_233_A,ALA_232_A
PRO_234_A,"PHE_228_A,GLY_235_A"
GLY_235_A,"PRO_234_A,ALA_236_A,LEU_239_A"
ALA_236_A,"GLY_235_A,GLU_237_A"
GLU_237_A,"ALA_236_A,VAL_238_A"
VAL_238_A,"PHE_228_A,GLU_237_A,LEU_239_A,SER_276_A,VAL_279_A"
LEU_239_A,"GLY_235_A,VAL_238_A"
PRO_240_A,ALA_241_A
ALA_241_A,"PRO_240_A,GLY_242_A,TYR_257_A"
GLY_242_A,"ALA_241_A,ASP_243_A"
ASP_243_A,"ARG_92_A,ASP_109_A,GLY_242_A,THR_244_A,GLU_248_A,HIS_275_A"
THR_244_A,"ASP_243_A,GLY_245_A,TYR_257_A"
GLY_245_A,"THR_244_A,ARG_246_A,GLU_248_A"
ARG_246_A,"ASP_109_A,GLY_245_A,PHE_247_A,VAL_249_A,THR_250_A,ASP_255_A,VAL_258_A"
PHE_247_A,"ARG_246_A,GLU_248_A,ARG_251_A"
GLU_248_A,"ARG_92_A,ASP_109_A,ASP_243_A,GLY_245_A,PHE_247_A,VAL_249_A,ARG_251_A"
VAL_249_A,"ARG_246_A,GLU_248_A,THR_250_A"
THR_250_A,"ARG_246_A,VAL_249_A,ARG_251_A,ASP_255_A"
ARG_251_A,"PHE_247_A,GLU_248_A,THR_250_A,THR_252_A"
THR_252_A,"ARG_251_A,THR_253_A,ASP_255_A"
THR_253_A,"THR_252_A,ASP_254_A,ASP_255_A"
ASP_254_A,"THR_253_A,ASP_255_A"
ASP_255_A,"ARG_246_A,THR_250_A,THR_252_A,THR_253_A,ASP_254_A,GLU_256_A"
GLU_256_A,"ASP_255_A,TYR_257_A"
TYR_257_A,"PHE_228_A,ALA_241_A,THR_244_A,GLU_256_A,VAL_258_A"
VAL_258_A,"TYR_225_A,ARG_246_A,TYR_257_A,PHE_259_A"
PHE_259_A,"HIS_226_A,VAL_258_A,ARG_260_A,HIS_275_A"
ARG_260_A,"ALA_105_A,TRP_108_A,TYR_225_A,PHE_259_A,ALA_261_A"
ALA_261_A,"GLY_222_A,ASP_224_A,ARG_260_A,ALA_262_A"
ALA_262_A,"HIS_215_A,ALA_261_A"
PRO_263_A,LEU_264_A
LEU_264_A,"PRO_263_A,ARG_265_A"
ARG_265_A,"GLU_19_A,ASP_185_A,VAL_218_A,LEU_264_A,ASN_266_A"
ASN_266_A,"ARG_265_A,VAL_267_A,LEU_269_A"
VAL_267_A,"ASN_266_A,ALA_268_A,TYR_273_A,LEU_310_A"
ALA_268_A,"VAL_267_A,LEU_269_A"
LEU_269_A,"ASN_266_A,ALA_268_A,THR_270_A,THR_314_A"
THR_270_A,"VAL_76_A,LEU_269_A,ALA_271_A"
ALA_271_A,"THR_270_A,TYR_273_A"
PRO_272_A,"TYR_273_A,TRP_280_A"
TYR_273_A,"VAL_267_A,ALA_271_A,PRO_272_A,PHE_274_A,VAL_279_A,LEU_282_A"
PHE_274_A,"PHE_228_A,TYR_273_A,HIS_275_A,ALA_285_A"
HIS_275_A,"ARG_92_A,ASN_93_A,TRP_108_A,ASP_243_A,PHE_259_A,PHE_274_A,SER_276_A"
SER_276_A,"VAL_238_A,HIS_275_A,GLY_277_A"
GLY_277_A,"SER_276_A,VAL_278_A"
VAL_278_A,"GLY_277_A,VAL_279_A"
VAL_279_A,"VAL_238_A,TYR_273_A,VAL_278_A,TRP_280_A"
TRP_280_A,"PRO_272_A,VAL_279_A,GLU_281_A"
GLU_281_A,"TRP_280_A,LEU_282_A,GLU_284_A,LYS_287_A"
LEU_282_A,"TYR_273_A,GLU_281_A,ALA_283_A,VAL_286_A"
ALA_283_A,"LEU_282_A,GLU_284_A"
GLU_284_A,"GLU_281_A,ALA_283_A,ALA_285_A,LYS_287_A,ILE_288_A"
ALA_285_A,"PHE_274_A,GLU_284_A,VAL_286_A,MET_289_A"
VAL_286_A,"LEU_282_A,ALA_285_A,LYS_287_A,LEU_298_A,LEU_310_A"
LYS_287_A,"GLU_281_A,GLU_284_A,VAL_286_A,ILE_288_A,ASP_300_A,ALA_303_A"
ILE_288_A,"GLU_284_A,LYS_287_A,MET_289_A,ALA_292_A"
MET_289_A,"PHE_228_A,ALA_285_A,ILE_288_A,SER_290_A,GLN_293_A"
SER_290_A,"MET_289_A,SER_291_A,ILE_294_A,GLY_295_A,THR_296_A"
SER_291_A,"SER_290_A,ALA_292_A,GLU_297_A"
ALA_292_A,"ILE_231_A,ILE_288_A,SER_291_A,GLN_293_A"
GLN_293_A,"PRO_227_A,GLY_229_A,MET_289_A,ALA_292_A,ILE_294_A"
ILE_294_A,"SER_290_A,GLN_293_A,GLY_295_A,THR_296_A"
GLY_295_A,"SER_290_A,ILE_294_A,THR_296_A"
THR_296_A,"SER_290_A,ILE_294_A,GLY_295_A,GLU_297_A"
GLU_297_A,"SER_291_A,THR_296_A,LEU_298_A"
LEU_298_A,"VAL_286_A,GLU_297_A,THR_299_A"
THR_299_A,"LEU_298_A,ASP_300_A,GLN_302_A,ALA_303_A"
ASP_300_A,"LYS_287_A,THR_299_A,GLN_301_A,GLU_304_A"
GLN_301_A,"ASP_300_A,GLN_302_A,ASP_305_A"
GLN_302_A,"THR_299_A,GLN_301_A,ALA_303_A,ILE_306_A"
ALA_303_A,"LYS_287_A,THR_299_A,GLN_302_A,GLU_304_A,THR_307_A"
GLU_304_A,"ASP_300_A,ALA_303_A,ASP_305_A,ALA_308_A"
ASP_305_A,"GLN_198_A,ARG_201_A,GLN_301_A,GLU_304_A,ILE_306_A,PHE_309_A"
ILE_306_A,"ALA_205_A,GLN_302_A,ASP_305_A,THR_307_A,LEU_310_A"
THR_307_A,"ALA_303_A,ILE_306_A,ALA_308_A"
ALA_308_A,"GLN_198_A,GLU_304_A,THR_307_A,PHE_309_A"
PHE_309_A,"MET_195_A,LEU_203_A,PHE_220_A,ASP_305_A,ALA_308_A,LEU_310_A,THR_312_A"
LEU_310_A,"VAL_267_A,VAL_286_A,ILE_306_A,PHE_309_A,GLY_311_A"
GLY_311_A,"LEU_310_A,THR_312_A"
THR_312_A,"PHE_184_A,GLU_199_A,PHE_309_A,GLY_311_A,LEU_313_A"
LEU_313_A,"PHE_184_A,PHE_220_A,THR_312_A,THR_314_A"
THR_314_A,"LEU_269_A,LEU_313_A,GLY_315_A"
GLY_315_A,"THR_314_A,GLU_316_A,GLN_317_A"
GLU_316_A,"GLU_23_A,PRO_180_A,GLY_315_A,GLN_317_A"
GLN_317_A,"GLY_315_A,GLU_316_A"
PRO_318_A,VAL_319_A
VAL_319_A,"PRO_318_A,ILE_320_A"
ILE_320_A,"VAL_71_A,VAL_319_A,ASP_321_A"
ASP_321_A,"LYS_49_A,ILE_320_A,HIS_322_A"
HIS_322_A,"ASP_321_A,PRO_323_A"
PRO_323_A,"PHE_53_A,HIS_322_A,ILE_324_A"
ILE_324_A,"PRO_323_A,LEU_325_A"
LEU_325_A,"VAL_50_A,ILE_324_A"
PRO_326_A,"ARG_56_A,TYR_146_A,VAL_327_A"
VAL_327_A,"PRO_326_A,ARG_328_A"
ARG_328_A,"ARG_56_A,VAL_327_A,THR_329_A,THR_332_A"
THR_329_A,"SER_142_A,ARG_328_A,GLY_330_A,THR_332_A"
GLY_330_A,"THR_329_A,THR_331_A"
THR_331_A,"GLY_330_A,THR_332_A"
THR_332_A,"SER_142_A,ARG_328_A,THR_329_A,THR_331_A"
PRO_333_A,LEU_334_A
LEU_334_A,PRO_333_A
PRO_335_A,THR_336_A
THR_336_A,"SER_59_A,PRO_335_A"
PRO_337_A,MET_338_A
MET_338_A,PRO_337_A
