residue_id,neighbors
PRO_9_A,"TYR_10_A,VAL_31_A"
TYR_10_A,"PRO_9_A,PHE_11_A,LEU_32_A"
PHE_11_A,"TYR_10_A,HIS_12_A,LEU_32_A,TRP_208_A,LEU_211_A"
HIS_12_A,"PHE_11_A,SER_13_A,LYS_43_A"
SER_13_A,"HIS_12_A,PHE_14_A,CYS_30_A"
PHE_14_A,"SER_13_A,LEU_15_A,ARG_27_A,TRP_29_A"
LEU_15_A,"PHE_14_A,TYR_16_A,ARG_28_A"
TYR_16_A,"LEU_15_A,MET_17_A,ARG_27_A,ASN_198_A"
MET_17_A,"TYR_16_A,ASN_18_A,LYS_26_A,TRP_39_A,LEU_195_A"
ASN_18_A,"MET_17_A,GLY_19_A"
GLY_19_A,"ASN_18_A,GLY_20_A,ASN_23_A"
GLY_20_A,"GLY_19_A,LEU_21_A"
LEU_21_A,"GLY_20_A,MET_22_A"
MET_22_A,"LEU_21_A,ASN_23_A"
ASN_23_A,"GLY_19_A,MET_22_A,SER_24_A"
SER_24_A,"ASN_23_A,TRP_25_A"
TRP_25_A,"SER_24_A,LYS_26_A"
LYS_26_A,"MET_17_A,TRP_25_A,ARG_27_A"
ARG_27_A,"PHE_14_A,TYR_16_A,LYS_26_A,ARG_28_A,ASP_200_A"
ARG_28_A,"LEU_15_A,ARG_27_A,TRP_29_A,ARG_41_A"
TRP_29_A,"PHE_14_A,ARG_28_A,CYS_30_A,PHE_40_A"
CYS_30_A,"SER_13_A,TRP_29_A,VAL_31_A,PHE_37_A"
VAL_31_A,"PRO_9_A,CYS_30_A,LEU_32_A,LEU_38_A,PHE_40_A"
LEU_32_A,"TYR_10_A,PHE_11_A,VAL_31_A,LYS_33_A,VAL_168_A"
LYS_33_A,"LEU_32_A,ASP_34_A"
ASP_34_A,"LYS_33_A,GLU_35_A"
GLU_35_A,"ASP_34_A,THR_36_A,ASP_167_A"
THR_36_A,"GLU_35_A,PHE_37_A,LEU_38_A"
PHE_37_A,"CYS_30_A,THR_36_A,LEU_38_A,TRP_39_A,LEU_166_A"
LEU_38_A,"VAL_31_A,THR_36_A,PHE_37_A,TRP_39_A,PHE_40_A"
TRP_39_A,"MET_17_A,PHE_37_A,LEU_38_A,PHE_40_A,VAL_163_A"
PHE_40_A,"TRP_29_A,VAL_31_A,LEU_38_A,TRP_39_A,ARG_41_A,GLN_44_A,ALA_157_A,ALA_162_A"
ARG_41_A,"ARG_28_A,PHE_40_A,SER_42_A,ASP_85_A,VAL_163_A"
SER_42_A,"ARG_41_A,LYS_43_A,GLN_44_A,ASP_85_A"
LYS_43_A,"HIS_12_A,SER_42_A,GLN_44_A,GLU_45_A"
GLN_44_A,"PHE_40_A,SER_42_A,LYS_43_A,GLU_45_A"
GLU_45_A,"LYS_43_A,GLN_44_A,ALA_46_A,ARG_75_A,ASP_154_A"
ALA_46_A,"GLU_45_A,LEU_47_A,VAL_73_A"
LEU_47_A,"ALA_46_A,LYS_48_A"
LYS_48_A,"LEU_47_A,GLN_49_A,ASP_130_A,TRP_134_A,GLU_155_A"
GLN_49_A,"LYS_48_A,GLY_50_A,TRP_71_A"
GLY_50_A,"GLN_49_A,TRP_51_A,PHE_72_A"
TRP_51_A,"GLY_50_A,LEU_52_A,LYS_69_A,ASP_85_A"
LEU_52_A,"TRP_51_A,HIS_53_A,ARG_70_A,PHE_72_A,LEU_123_A,ALA_125_A"
HIS_53_A,"LEU_52_A,ASN_54_A,ILE_124_A"
ASN_54_A,"HIS_53_A,ASN_55_A,HIS_122_A"
ASN_55_A,"ASN_54_A,GLY_56_A,GLY_58_A,SER_59_A"
GLY_56_A,"ASN_55_A,GLY_57_A"
GLY_57_A,"GLY_56_A,GLY_58_A,ARG_119_A"
GLY_58_A,"ASN_55_A,GLY_57_A,SER_59_A"
SER_59_A,"ASN_55_A,GLY_58_A,SER_60_A,THR_61_A"
SER_60_A,"SER_59_A,THR_61_A"
THR_61_A,"SER_59_A,SER_60_A,LEU_62_A"
LEU_62_A,"THR_61_A,SER_63_A"
SER_63_A,"LEU_62_A,ARG_64_A,ARG_65_A,ASN_66_A"
ARG_64_A,"SER_63_A,ARG_65_A,GLU_109_A,HIS_122_A"
ARG_65_A,"SER_63_A,ARG_64_A,ASN_66_A"
ASN_66_A,"SER_63_A,ARG_65_A,TRP_67_A"
TRP_67_A,"ASN_66_A,LYS_68_A,HIS_122_A,ILE_124_A"
LYS_68_A,"TRP_67_A,LYS_69_A,ARG_70_A"
LYS_69_A,"TRP_51_A,LYS_68_A,ARG_70_A,GLU_126_A"
ARG_70_A,"LEU_52_A,LYS_68_A,LYS_69_A,TRP_71_A,PHE_72_A,TYR_81_A,GLU_83_A,LYS_91_A"
TRP_71_A,"GLN_49_A,ARG_70_A,PHE_72_A,PHE_82_A,ASP_85_A,GLU_87_A,ASN_161_A"
PHE_72_A,"GLY_50_A,LEU_52_A,ARG_70_A,TRP_71_A,VAL_73_A,LEU_79_A,TYR_81_A,LEU_123_A"
VAL_73_A,"ALA_46_A,PHE_72_A,LEU_74_A,MET_80_A,PHE_82_A"
LEU_74_A,"VAL_73_A,ARG_75_A,LEU_138_A"
ARG_75_A,"GLU_45_A,LEU_74_A,GLN_76_A,MET_80_A,GLU_87_A"
GLN_76_A,"ARG_75_A,SER_77_A,ILE_149_A"
SER_77_A,"GLN_76_A,LYS_78_A,GLU_95_A,VAL_96_A"
LYS_78_A,"SER_77_A,LEU_79_A,GLU_95_A"
LEU_79_A,"PHE_72_A,LYS_78_A,MET_80_A,VAL_94_A,VAL_96_A"
MET_80_A,"VAL_73_A,ARG_75_A,LEU_79_A,TYR_81_A"
TYR_81_A,"ARG_70_A,PHE_72_A,MET_80_A,PHE_82_A,LYS_91_A,GLY_92_A"
PHE_82_A,"TRP_71_A,VAL_73_A,TYR_81_A,GLU_83_A"
GLU_83_A,"ARG_70_A,PHE_82_A,ASN_84_A,LYS_89_A,LYS_91_A"
ASN_84_A,"GLU_83_A,ASP_85_A"
ASP_85_A,"ARG_41_A,SER_42_A,TRP_51_A,TRP_71_A,ASN_84_A,SER_86_A"
SER_86_A,"ASP_85_A,GLU_87_A"
GLU_87_A,"TRP_71_A,ARG_75_A,SER_86_A,GLU_88_A"
GLU_88_A,"GLU_87_A,LYS_89_A"
LYS_89_A,"GLU_83_A,GLU_88_A,LEU_90_A"
LEU_90_A,"LYS_89_A,LYS_91_A"
LYS_91_A,"ARG_70_A,TYR_81_A,GLU_83_A,LEU_90_A,GLY_92_A"
GLY_92_A,"TYR_81_A,LYS_91_A,THR_93_A"
THR_93_A,"GLY_92_A,VAL_94_A"
VAL_94_A,"LEU_79_A,THR_93_A,GLU_95_A,MET_116_A"
GLU_95_A,"SER_77_A,LYS_78_A,VAL_94_A,VAL_96_A,ARG_97_A"
VAL_96_A,"SER_77_A,LEU_79_A,GLU_95_A,ARG_97_A,SER_98_A,ALA_99_A,VAL_141_A"
ARG_97_A,"GLU_95_A,VAL_96_A,SER_98_A,SER_144_A,ASP_146_A"
SER_98_A,"VAL_96_A,ARG_97_A,ALA_99_A"
ALA_99_A,"VAL_96_A,SER_98_A,LYS_100_A,ILE_114_A,HIS_142_A"
LYS_100_A,"ALA_99_A,GLU_101_A,ILE_115_A"
GLU_101_A,"LYS_100_A,ILE_102_A"
ILE_102_A,"GLU_101_A,ILE_103_A,ILE_112_A,PHE_135_A,HIS_142_A"
ILE_103_A,"ILE_102_A,ASP_104_A"
ASP_104_A,"ILE_103_A,ASN_105_A,PHE_135_A"
ASN_105_A,"ASP_104_A,THR_106_A,ASN_107_A,LYS_108_A"
THR_106_A,"ASN_105_A,ASN_107_A,ASN_110_A,ALA_131_A"
ASN_107_A,"ASN_105_A,THR_106_A,LYS_108_A"
LYS_108_A,"ASN_105_A,ASN_107_A,GLU_109_A"
GLU_109_A,"ARG_64_A,LYS_108_A,ASN_110_A,ASP_113_A,HIS_122_A"
ASN_110_A,"THR_106_A,GLU_109_A,GLY_111_A"
GLY_111_A,"ASN_110_A,ILE_112_A"
ILE_112_A,"ILE_102_A,GLY_111_A,ASP_113_A,LEU_123_A,TRP_134_A"
ASP_113_A,"GLU_109_A,ILE_112_A,ILE_114_A,HIS_122_A"
ILE_114_A,"ALA_99_A,ASP_113_A,ILE_115_A,PHE_121_A"
ILE_115_A,"LYS_100_A,ILE_114_A,MET_116_A"
MET_116_A,"VAL_94_A,ILE_115_A,ALA_117_A,ARG_119_A"
ALA_117_A,"MET_116_A,ASP_118_A"
ASP_118_A,"ALA_117_A,ARG_119_A"
ARG_119_A,"GLY_57_A,MET_116_A,ASP_118_A,THR_120_A"
THR_120_A,"ARG_119_A,PHE_121_A"
PHE_121_A,"ILE_114_A,THR_120_A,HIS_122_A"
HIS_122_A,"ASN_54_A,ARG_64_A,TRP_67_A,GLU_109_A,ASP_113_A,PHE_121_A,LEU_123_A"
LEU_123_A,"LEU_52_A,PHE_72_A,ILE_112_A,HIS_122_A,ILE_124_A"
ILE_124_A,"HIS_53_A,TRP_67_A,LEU_123_A,ALA_125_A"
ALA_125_A,"LEU_52_A,ILE_124_A,GLU_126_A"
GLU_126_A,"LYS_69_A,ALA_125_A,SER_127_A"
SER_127_A,GLU_126_A
PRO_128_A,"GLU_129_A,SER_132_A"
GLU_129_A,"PRO_128_A,ASP_130_A,GLN_133_A"
ASP_130_A,"LYS_48_A,GLU_129_A,ALA_131_A"
ALA_131_A,"THR_106_A,ASP_130_A,SER_132_A,PHE_135_A"
SER_132_A,"PRO_128_A,ALA_131_A,GLN_133_A,SER_136_A"
GLN_133_A,"GLU_129_A,SER_132_A,TRP_134_A"
TRP_134_A,"LYS_48_A,ILE_112_A,GLN_133_A,PHE_135_A,LEU_138_A"
PHE_135_A,"ILE_102_A,ASP_104_A,ALA_131_A,TRP_134_A,SER_136_A,SER_139_A"
SER_136_A,"SER_132_A,PHE_135_A,VAL_137_A"
VAL_137_A,"SER_136_A,LEU_138_A"
LEU_138_A,"LEU_74_A,TRP_134_A,VAL_137_A,SER_139_A"
SER_139_A,"PHE_135_A,LEU_138_A,GLN_140_A"
GLN_140_A,"SER_139_A,VAL_141_A"
VAL_141_A,"VAL_96_A,GLN_140_A,HIS_142_A"
HIS_142_A,"ALA_99_A,ILE_102_A,VAL_141_A,SER_143_A"
SER_143_A,"HIS_142_A,SER_144_A"
SER_144_A,"ARG_97_A,SER_143_A,THR_145_A"
THR_145_A,"SER_144_A,ASP_146_A"
ASP_146_A,"ARG_97_A,THR_145_A,GLN_147_A,ARG_150_A"
GLN_147_A,"ASP_146_A,GLU_148_A"
GLU_148_A,"GLN_147_A,ILE_149_A"
ILE_149_A,"GLN_76_A,GLU_148_A,ARG_150_A,GLU_151_A,MET_152_A"
ARG_150_A,"ASP_146_A,ILE_149_A,GLU_151_A"
GLU_151_A,"ILE_149_A,ARG_150_A,MET_152_A"
MET_152_A,"ILE_149_A,GLU_151_A,HIS_153_A"
HIS_153_A,"MET_152_A,ASP_154_A"
ASP_154_A,"GLU_45_A,HIS_153_A,GLU_155_A"
GLU_155_A,"LYS_48_A,ASP_154_A,GLN_156_A"
GLN_156_A,"GLU_155_A,ALA_157_A"
ALA_157_A,"PHE_40_A,GLN_156_A,ASN_158_A"
ASN_158_A,"ALA_157_A,GLN_160_A,ASN_161_A"
PRO_159_A,GLN_160_A
GLN_160_A,"ASN_158_A,PRO_159_A,ASN_161_A"
ASN_161_A,"TRP_71_A,ASN_158_A,GLN_160_A,ALA_162_A"
ALA_162_A,"PHE_40_A,ASN_161_A,VAL_163_A"
VAL_163_A,"TRP_39_A,ARG_41_A,ALA_162_A,GLY_164_A"
GLY_164_A,"VAL_163_A,THR_165_A"
THR_165_A,"GLY_164_A,LEU_166_A"
LEU_166_A,"PHE_37_A,THR_165_A,ASP_167_A,ILE_171_A,THR_190_A"
ASP_167_A,"GLU_35_A,LEU_166_A,VAL_168_A,GLY_169_A,LEU_170_A"
VAL_168_A,"LEU_32_A,ASP_167_A,GLY_169_A,ILE_171_A"
GLY_169_A,"ASP_167_A,VAL_168_A,LEU_170_A"
LEU_170_A,"ASP_167_A,GLY_169_A,ILE_171_A"
ILE_171_A,"LEU_166_A,VAL_168_A,LEU_170_A,ASP_172_A,VAL_174_A"
ASP_172_A,"ILE_171_A,SER_173_A,ILE_189_A,LYS_216_A"
SER_173_A,"ASP_172_A,VAL_174_A,CYS_175_A,ILE_189_A"
VAL_174_A,"ILE_171_A,SER_173_A,CYS_175_A,LEU_212_A,GLN_213_A"
CYS_175_A,"SER_173_A,VAL_174_A,ALA_176_A,VAL_187_A"
ALA_176_A,"CYS_175_A,SER_177_A,MET_205_A"
SER_177_A,"ALA_176_A,ASP_178_A,SER_179_A,SER_185_A"
ASP_178_A,"SER_177_A,SER_179_A"
SER_179_A,"SER_177_A,ASP_178_A,ARG_182_A"
PRO_180_A,ASP_181_A
ASP_181_A,"PRO_180_A,ARG_182_A"
ARG_182_A,"SER_179_A,ASP_181_A,SER_185_A"
PRO_183_A,ASN_184_A
ASN_184_A,"PRO_183_A,SER_185_A"
SER_185_A,"SER_177_A,ARG_182_A,ASN_184_A,PHE_186_A"
PHE_186_A,"SER_185_A,VAL_187_A,CYS_197_A,MET_205_A,TRP_208_A"
VAL_187_A,"CYS_175_A,PHE_186_A,ILE_188_A"
ILE_188_A,"VAL_187_A,ILE_189_A,LEU_195_A,LEU_212_A"
ILE_189_A,"ASP_172_A,SER_173_A,ILE_188_A,THR_190_A"
THR_190_A,"LEU_166_A,ILE_189_A,ALA_191_A,ARG_193_A"
ALA_191_A,"THR_190_A,ASN_192_A"
ASN_192_A,"ALA_191_A,ARG_193_A"
ARG_193_A,"THR_190_A,ASN_192_A,VAL_194_A"
VAL_194_A,"ARG_193_A,LEU_195_A"
LEU_195_A,"MET_17_A,ILE_188_A,VAL_194_A,HIS_196_A"
HIS_196_A,"LEU_195_A,CYS_197_A"
CYS_197_A,"PHE_186_A,HIS_196_A,ASN_198_A"
ASN_198_A,"TYR_16_A,CYS_197_A,ALA_199_A"
ALA_199_A,"ASN_198_A,ASP_200_A,GLU_204_A"
ASP_200_A,"ARG_27_A,ALA_199_A,THR_201_A,GLU_204_A"
THR_201_A,ASP_200_A
PRO_202_A,"GLU_203_A,HIS_206_A"
GLU_203_A,"PRO_202_A,GLU_204_A,HIS_207_A"
GLU_204_A,"ALA_199_A,ASP_200_A,GLU_203_A,MET_205_A"
MET_205_A,"ALA_176_A,PHE_186_A,GLU_204_A,HIS_206_A,TRP_208_A,ILE_209_A"
HIS_206_A,"PRO_202_A,MET_205_A,HIS_207_A,THR_210_A"
HIS_207_A,"GLU_203_A,HIS_206_A,TRP_208_A,LEU_211_A"
TRP_208_A,"PHE_11_A,PHE_186_A,MET_205_A,HIS_207_A,ILE_209_A,LEU_212_A"
ILE_209_A,"MET_205_A,TRP_208_A,THR_210_A,GLN_213_A"
THR_210_A,"HIS_206_A,ILE_209_A,LEU_211_A"
LEU_211_A,"PHE_11_A,HIS_207_A,THR_210_A,LEU_212_A"
LEU_212_A,"VAL_174_A,ILE_188_A,TRP_208_A,LEU_211_A,GLN_213_A"
GLN_213_A,"VAL_174_A,ILE_209_A,LEU_212_A,ARG_214_A"
ARG_214_A,"GLN_213_A,SER_215_A"
SER_215_A,"ARG_214_A,LYS_216_A"
LYS_216_A,"ASP_172_A,SER_215_A"
