residue_id,neighbors
SER_2_T,"ALA_3_T,VAL_6_T"
ALA_3_T,"SER_2_T,GLN_4_T,ASP_5_T,GLU_7_T"
GLN_4_T,"ALA_3_T,ASP_5_T,ASN_8_T"
ASP_5_T,"ALA_3_T,GLN_4_T,VAL_6_T,ASN_8_T,ALA_9_T,PHE_29_T"
VAL_6_T,"SER_2_T,ASP_5_T,GLU_7_T,ASN_8_T,ALA_9_T,VAL_10_T,PHE_29_T"
GLU_7_T,"ALA_3_T,VAL_6_T,ASN_8_T,LYS_54_T"
ASN_8_T,"GLN_4_T,ASP_5_T,VAL_6_T,GLU_7_T,ALA_9_T,GLU_11_T,ALA_12_T"
ALA_9_T,"ASP_5_T,VAL_6_T,ASN_8_T,VAL_10_T,ALA_12_T,ALA_13_T,PHE_29_T,ILE_30_T"
VAL_10_T,"VAL_6_T,ALA_9_T,GLU_11_T,LEU_14_T,ILE_30_T"
GLU_11_T,"ASN_8_T,VAL_10_T,ALA_12_T"
ALA_12_T,"ASN_8_T,ALA_9_T,GLU_11_T,ALA_13_T,ALA_26_T"
ALA_13_T,"ALA_9_T,ALA_12_T,LEU_14_T"
LEU_14_T,"VAL_10_T,ALA_13_T,ASP_15_T"
ASP_15_T,"LEU_14_T,SER_17_T"
PRO_16_T,SER_17_T
SER_17_T,"ASP_15_T,PRO_16_T,VAL_18_T"
VAL_18_T,"SER_17_T,GLY_19_T,ILE_22_T"
GLY_19_T,VAL_18_T
PRO_20_T,"ILE_21_T,GLN_24_T"
ILE_21_T,"PRO_20_T,ILE_22_T"
ILE_22_T,"VAL_18_T,ILE_21_T,LYS_23_T"
LYS_23_T,"ILE_22_T,GLN_24_T,ALA_26_T,THR_27_T"
GLN_24_T,"PRO_20_T,LYS_23_T,GLN_25_T,ASP_28_T"
GLN_25_T,"GLN_24_T,ALA_26_T,PHE_29_T"
ALA_26_T,"ALA_12_T,LYS_23_T,GLN_25_T,THR_27_T,PHE_29_T"
THR_27_T,"LYS_23_T,ALA_26_T,ASP_28_T"
ASP_28_T,"GLN_24_T,THR_27_T,PHE_29_T,SER_32_T"
PHE_29_T,"ASP_5_T,VAL_6_T,ALA_9_T,GLN_25_T,ALA_26_T,ASP_28_T,ILE_30_T,SER_32_T"
ILE_30_T,"ALA_9_T,VAL_10_T,PHE_29_T,GLY_31_T"
GLY_31_T,"ILE_30_T,SER_32_T"
SER_32_T,"ASP_28_T,PHE_29_T,GLY_31_T,LEU_33_T,SER_35_T,SER_36_T"
LEU_33_T,"SER_32_T,ARG_34_T,SER_36_T"
ARG_34_T,"LEU_33_T,SER_35_T,LYS_68_T"
SER_35_T,"SER_32_T,ARG_34_T,SER_36_T"
SER_36_T,"SER_32_T,LEU_33_T,SER_35_T,SER_37_T,GLY_39_T"
SER_37_T,"SER_36_T,THR_38_T"
THR_38_T,"SER_37_T,GLY_39_T,TRP_40_T,LYS_41_T"
GLY_39_T,"SER_36_T,THR_38_T,TRP_40_T"
TRP_40_T,"THR_38_T,GLY_39_T,LYS_41_T,CYS_43_T,HIS_44_T,MET_83_T"
LYS_41_T,"THR_38_T,TRP_40_T,ILE_42_T"
ILE_42_T,"LYS_41_T,CYS_43_T"
CYS_43_T,"TRP_40_T,ILE_42_T,HIS_44_T,CYS_61_T"
HIS_44_T,"TRP_40_T,CYS_43_T,GLU_45_T"
GLU_45_T,"HIS_44_T,ILE_46_T"
ILE_46_T,"GLU_45_T,PHE_47_T,GLU_49_T,TYR_53_T"
PHE_47_T,"ILE_46_T,SER_48_T,VAL_88_T,TYR_91_T"
SER_48_T,"PHE_47_T,GLU_49_T"
GLU_49_T,"ILE_46_T,SER_48_T,LYS_50_T,TYR_53_T"
LYS_50_T,"GLU_49_T,THR_51_T"
THR_51_T,"LYS_50_T,LYS_52_T"
LYS_52_T,"THR_51_T,TYR_53_T"
TYR_53_T,"ILE_46_T,GLU_49_T,LYS_52_T,LYS_54_T,ARG_58_T"
LYS_54_T,"GLU_7_T,TYR_53_T,THR_57_T,ARG_58_T"
PRO_55_T,"SER_56_T,LEU_59_T,ILE_104_T"
SER_56_T,"PRO_55_T,THR_57_T"
THR_57_T,"LYS_54_T,SER_56_T,ARG_58_T,CYS_61_T"
ARG_58_T,"TYR_53_T,LYS_54_T,THR_57_T,LEU_59_T,LEU_62_T,GLU_100_T"
LEU_59_T,"PRO_55_T,ARG_58_T,ILE_60_T,CYS_61_T,LEU_62_T,GLN_63_T,TYR_103_T,ALA_107_T"
ILE_60_T,"LEU_59_T,CYS_61_T,THR_64_T"
CYS_61_T,"CYS_43_T,THR_57_T,LEU_59_T,ILE_60_T,LEU_62_T,LEU_65_T"
LEU_62_T,"ARG_58_T,LEU_59_T,CYS_61_T,GLN_63_T,SER_66_T,LEU_111_T"
GLN_63_T,"LEU_59_T,LEU_62_T,THR_64_T"
THR_64_T,"ILE_60_T,GLN_63_T,LEU_65_T,SER_66_T,GLU_67_T,LYS_68_T"
LEU_65_T,"CYS_61_T,THR_64_T,SER_66_T,VAL_69_T,ILE_84_T"
SER_66_T,"LEU_62_T,THR_64_T,LEU_65_T,GLU_67_T"
GLU_67_T,"THR_64_T,SER_66_T,LYS_68_T"
LYS_68_T,"ARG_34_T,THR_64_T,GLU_67_T,VAL_69_T,TRP_72_T"
VAL_69_T,"LEU_65_T,LYS_68_T,ARG_70_T,LEU_81_T,ILE_84_T,LEU_111_T,LEU_115_T,GLN_118_T"
ARG_70_T,"VAL_69_T,GLU_71_T,HIS_110_T"
GLU_71_T,"ARG_70_T,TRP_72_T"
TRP_72_T,"LYS_68_T,GLU_71_T,ASN_73_T,ASN_77_T,LEU_81_T"
ASN_73_T,"TRP_72_T,ASN_74_T,ASN_77_T"
ASN_74_T,"ASN_73_T,GLU_75_T,LEU_78_T"
GLU_75_T,"ASN_74_T,SER_76_T"
SER_76_T,"GLU_75_T,ASN_77_T"
ASN_77_T,"TRP_72_T,ASN_73_T,SER_76_T,LEU_78_T,LEU_79_T,GLU_80_T"
LEU_78_T,"ASN_74_T,ASN_77_T,LEU_79_T"
LEU_79_T,"ASN_77_T,LEU_78_T,GLU_80_T,MET_83_T"
GLU_80_T,"ASN_77_T,LEU_79_T,LEU_81_T,MET_83_T,ILE_84_T"
LEU_81_T,"VAL_69_T,TRP_72_T,GLU_80_T,GLN_82_T,ARG_85_T"
GLN_82_T,"LEU_81_T,MET_83_T"
MET_83_T,"TRP_40_T,LEU_79_T,GLU_80_T,GLN_82_T,ILE_84_T,SER_87_T"
ILE_84_T,"LEU_65_T,VAL_69_T,GLU_80_T,MET_83_T,ARG_85_T,LEU_115_T"
ARG_85_T,"LEU_81_T,ILE_84_T,ASP_86_T,SER_87_T,VAL_88_T,TRP_89_T,TRP_124_T"
ASP_86_T,"ARG_85_T,SER_87_T,SER_90_T"
SER_87_T,"MET_83_T,ARG_85_T,ASP_86_T,VAL_88_T"
VAL_88_T,"PHE_47_T,ARG_85_T,SER_87_T,TRP_89_T,ILE_92_T,LEU_111_T,LEU_115_T"
TRP_89_T,"ARG_85_T,VAL_88_T,SER_90_T,ILE_92_T,LYS_93_T,VAL_134_T"
SER_90_T,"ASP_86_T,TRP_89_T,TYR_91_T"
TYR_91_T,"PHE_47_T,SER_90_T,ILE_92_T,LEU_98_T"
ILE_92_T,"VAL_88_T,TRP_89_T,TYR_91_T,LYS_93_T,LEU_112_T,PHE_146_T"
LYS_93_T,"TRP_89_T,ILE_92_T,GLU_94_T"
GLU_94_T,"LYS_93_T,LEU_95_T"
LEU_95_T,"GLU_94_T,SER_96_T,PHE_143_T"
SER_96_T,"LEU_95_T,PHE_97_T"
PHE_97_T,"SER_96_T,LEU_98_T"
LEU_98_T,"TYR_91_T,PHE_97_T,ASP_99_T,VAL_108_T"
ASP_99_T,"LEU_98_T,GLU_100_T"
GLU_100_T,"ARG_58_T,ASP_99_T"
PRO_101_T,"ALA_102_T,TYR_103_T,ILE_104_T"
ALA_102_T,"PRO_101_T,TYR_103_T,ASN_106_T"
TYR_103_T,"LEU_59_T,PRO_101_T,ALA_102_T,ILE_104_T,ALA_107_T"
ILE_104_T,"PRO_55_T,PRO_101_T,TYR_103_T,SER_105_T"
SER_105_T,"ILE_104_T,ASN_106_T"
ASN_106_T,"ALA_102_T,SER_105_T,ALA_107_T"
ALA_107_T,"LEU_59_T,TYR_103_T,ASN_106_T,VAL_108_T"
VAL_108_T,"LEU_98_T,ALA_107_T,GLN_109_T"
GLN_109_T,"VAL_108_T,HIS_110_T,PHE_146_T"
HIS_110_T,"ARG_70_T,GLN_109_T,LEU_111_T,THR_113_T,GLU_157_T"
LEU_111_T,"LEU_62_T,VAL_69_T,VAL_88_T,HIS_110_T,LEU_112_T,LEU_114_T,LEU_115_T"
LEU_112_T,"ILE_92_T,LEU_111_T,THR_113_T,PHE_116_T,TRP_124_T,PHE_127_T"
THR_113_T,"HIS_110_T,LEU_112_T,LEU_114_T,LEU_117_T"
LEU_114_T,"LEU_111_T,THR_113_T,LEU_115_T,LEU_117_T"
LEU_115_T,"VAL_69_T,ILE_84_T,VAL_88_T,LEU_111_T,LEU_114_T,PHE_116_T,GLN_118_T"
PHE_116_T,"LEU_112_T,LEU_115_T,LEU_117_T,GLN_118_T,TYR_120_T,PHE_127_T,PHE_128_T,ILE_154_T"
LEU_117_T,"THR_113_T,LEU_114_T,PHE_116_T,GLN_118_T"
GLN_118_T,"VAL_69_T,LEU_115_T,PHE_116_T,LEU_117_T,LEU_119_T"
LEU_119_T,"GLN_118_T,TYR_120_T,ASN_123_T,TRP_124_T"
TYR_120_T,"PHE_116_T,LEU_119_T,SER_122_T,PHE_127_T,PHE_128_T,ALA_179_T,ILE_180_T,ASP_184_T"
PRO_121_T,SER_122_T
SER_122_T,"TYR_120_T,PRO_121_T,ASN_123_T"
ASN_123_T,"LEU_119_T,SER_122_T,TRP_124_T"
TRP_124_T,"ARG_85_T,LEU_112_T,LEU_119_T,ASN_123_T,ASN_125_T,PHE_127_T"
ASN_125_T,"TRP_124_T,ASP_126_T"
ASP_126_T,"ASN_125_T,PHE_127_T,PHE_128_T,SER_130_T"
PHE_127_T,"LEU_112_T,PHE_116_T,TYR_120_T,TRP_124_T,ASP_126_T,PHE_128_T"
PHE_128_T,"PHE_116_T,TYR_120_T,ASP_126_T,PHE_127_T,ALA_129_T,ASP_184_T,ILE_188_T"
ALA_129_T,"PHE_128_T,SER_130_T,GLY_133_T"
SER_130_T,"ASP_126_T,ALA_129_T,LEU_131_T"
LEU_131_T,"SER_130_T,GLN_132_T,ILE_135_T,TYR_147_T"
GLN_132_T,"LEU_131_T,GLY_133_T,ALA_136_T,TYR_147_T,PHE_191_T"
GLY_133_T,"ALA_129_T,GLN_132_T,VAL_134_T"
VAL_134_T,"TRP_89_T,GLY_133_T,ILE_135_T,SER_138_T"
ILE_135_T,"LEU_131_T,VAL_134_T,ALA_136_T,PHE_143_T,TYR_147_T"
ALA_136_T,"GLN_132_T,ILE_135_T,ALA_137_T,SER_139_T"
ALA_137_T,"ALA_136_T,SER_138_T"
SER_138_T,"VAL_134_T,ALA_137_T,SER_139_T"
SER_139_T,"ALA_136_T,SER_138_T,GLN_140_T"
GLN_140_T,"SER_139_T,SER_141_T,PHE_143_T"
SER_141_T,"GLN_140_T,GLU_142_T,PHE_143_T,SER_144_T,ASN_145_T"
GLU_142_T,"SER_141_T,PHE_143_T"
PHE_143_T,"LEU_95_T,ILE_135_T,GLN_140_T,SER_141_T,GLU_142_T,SER_144_T"
SER_144_T,"SER_141_T,PHE_143_T,ASN_145_T,TYR_147_T,LEU_148_T,TYR_199_T"
ASN_145_T,"SER_141_T,SER_144_T,PHE_146_T,LEU_148_T,LYS_149_T,THR_207_T,LEU_210_T"
PHE_146_T,"ILE_92_T,GLN_109_T,ASN_145_T,TYR_147_T,VAL_150_T"
TYR_147_T,"LEU_131_T,GLN_132_T,ILE_135_T,SER_144_T,PHE_146_T,LEU_148_T,VAL_150_T,LEU_151_T,PHE_191_T"
LEU_148_T,"SER_144_T,ASN_145_T,TYR_147_T,LYS_149_T,THR_207_T,LEU_210_T"
LYS_149_T,"ASN_145_T,LEU_148_T,VAL_150_T,SER_153_T"
VAL_150_T,"PHE_146_T,TYR_147_T,LYS_149_T,LEU_151_T,ILE_154_T"
LEU_151_T,"TYR_147_T,VAL_150_T,LEU_152_T,ILE_188_T,VAL_192_T,TRP_218_T"
LEU_152_T,"LEU_151_T,SER_153_T,ASP_156_T,VAL_214_T"
SER_153_T,"LYS_149_T,LEU_152_T,ILE_154_T"
ILE_154_T,"PHE_116_T,VAL_150_T,SER_153_T,GLY_155_T"
GLY_155_T,"ILE_154_T,ASP_156_T,ILE_158_T,ALA_159_T"
ASP_156_T,"LEU_152_T,GLY_155_T,GLU_157_T"
GLU_157_T,"HIS_110_T,ASP_156_T,ILE_158_T"
ILE_158_T,"GLY_155_T,GLU_157_T,ALA_159_T,VAL_176_T,LYS_177_T"
ALA_159_T,"GLY_155_T,ILE_158_T,ASP_160_T"
ASP_160_T,"ALA_159_T,SER_161_T"
SER_161_T,"ASP_160_T,LEU_162_T"
LEU_162_T,"SER_161_T,VAL_163_T"
VAL_163_T,"LEU_162_T,LEU_164_T"
LEU_164_T,"VAL_163_T,LYS_165_T"
LYS_165_T,"LEU_164_T,THR_166_T"
THR_166_T,"LYS_165_T,ASP_167_T"
ASP_167_T,"THR_166_T,VAL_168_T"
VAL_168_T,"ASP_167_T,GLN_169_T,ILE_170_T,GLN_171_T,LYS_172_T"
GLN_169_T,"VAL_168_T,ILE_170_T,ASP_173_T"
ILE_170_T,"VAL_168_T,GLN_169_T,GLN_171_T,ASN_174_T"
GLN_171_T,"VAL_168_T,ILE_170_T,LYS_172_T"
LYS_172_T,"VAL_168_T,GLN_171_T,ASP_173_T"
ASP_173_T,"GLN_169_T,LYS_172_T,ASN_174_T"
ASN_174_T,"ILE_170_T,ASP_173_T,LEU_175_T"
LEU_175_T,"ASN_174_T,VAL_176_T,ALA_179_T"
VAL_176_T,"ILE_158_T,LEU_175_T,LYS_177_T,ILE_180_T"
LYS_177_T,"ILE_158_T,VAL_176_T,ASP_178_T,ARG_181_T,TRP_221_T"
ASP_178_T,"LYS_177_T,ALA_179_T,ARG_181_T,ALA_182_T"
ALA_179_T,"TYR_120_T,LEU_175_T,ASP_178_T,ILE_180_T,ASN_183_T"
ILE_180_T,"TYR_120_T,VAL_176_T,ALA_179_T,ARG_181_T,ILE_188_T"
ARG_181_T,"LYS_177_T,ASP_178_T,ILE_180_T,ALA_182_T"
ALA_182_T,"ASP_178_T,ARG_181_T,ASN_183_T"
ASN_183_T,"ALA_179_T,ALA_182_T,ASP_184_T"
ASP_184_T,"TYR_120_T,PHE_128_T,ASN_183_T,MET_185_T,ASP_187_T"
MET_185_T,"ASP_184_T,SER_186_T,ILE_188_T,ASN_223_T,LEU_226_T"
SER_186_T,"MET_185_T,ASP_187_T"
ASP_187_T,"ASP_184_T,SER_186_T,ILE_188_T,PHE_191_T"
ILE_188_T,"PHE_128_T,LEU_151_T,ILE_180_T,MET_185_T,ASP_187_T,VAL_189_T"
VAL_189_T,"ILE_188_T,SER_190_T,TYR_193_T,LEU_226_T"
SER_190_T,"VAL_189_T,PHE_191_T"
PHE_191_T,"GLN_132_T,TYR_147_T,ASP_187_T,SER_190_T,VAL_192_T"
VAL_192_T,"LEU_151_T,PHE_191_T,TYR_193_T,MET_195_T,MET_196_T,TYR_215_T"
TYR_193_T,"VAL_189_T,VAL_192_T,GLU_194_T,MET_195_T,MET_196_T,LEU_197_T"
GLU_194_T,"TYR_193_T,MET_195_T,ALA_198_T"
MET_195_T,"VAL_192_T,TYR_193_T,GLU_194_T,MET_196_T,TYR_199_T"
MET_196_T,"VAL_192_T,TYR_193_T,MET_195_T,LEU_197_T,SER_200_T,CYS_211_T,LEU_212_T,PHE_239_T"
LEU_197_T,"TYR_193_T,MET_196_T,ALA_198_T"
ALA_198_T,"GLU_194_T,LEU_197_T,TYR_199_T,SER_200_T,ASN_201_T"
TYR_199_T,"SER_144_T,MET_195_T,ALA_198_T,SER_200_T,ASN_204_T,THR_207_T"
SER_200_T,"MET_196_T,ALA_198_T,TYR_199_T,ASN_201_T"
ASN_201_T,"ALA_198_T,SER_200_T,ALA_202_T"
ALA_202_T,"ASN_201_T,LYS_203_T"
LYS_203_T,"ALA_202_T,ASN_204_T"
ASN_204_T,"TYR_199_T,LYS_203_T,TYR_205_T"
TYR_205_T,"ASN_204_T,GLY_206_T,GLY_209_T,ILE_242_T,GLU_244_T,LEU_245_T"
GLY_206_T,"TYR_205_T,THR_207_T"
THR_207_T,"ASN_145_T,LEU_148_T,TYR_199_T,GLY_206_T,VAL_208_T,LEU_210_T,CYS_211_T"
VAL_208_T,"THR_207_T,GLY_209_T,LEU_212_T,PHE_239_T,LEU_245_T"
GLY_209_T,"TYR_205_T,VAL_208_T,LEU_210_T,CYS_211_T,LEU_212_T"
LEU_210_T,"ASN_145_T,LEU_148_T,THR_207_T,GLY_209_T,CYS_211_T"
CYS_211_T,"MET_196_T,THR_207_T,GLY_209_T,LEU_210_T,LEU_212_T,GLN_213_T"
LEU_212_T,"MET_196_T,VAL_208_T,GLY_209_T,CYS_211_T,GLN_213_T,LEU_236_T,PHE_239_T,ALA_248_T,THR_252_T"
GLN_213_T,"CYS_211_T,LEU_212_T,VAL_214_T,ALA_216_T,GLN_217_T"
VAL_214_T,"LEU_152_T,GLN_213_T,TYR_215_T,TRP_218_T"
TYR_215_T,"VAL_192_T,VAL_214_T,ALA_216_T,ILE_227_T"
ALA_216_T,"GLN_213_T,TYR_215_T,GLN_217_T"
GLN_217_T,"GLN_213_T,ALA_216_T,TRP_218_T,SER_220_T"
TRP_218_T,"LEU_151_T,VAL_214_T,GLN_217_T,VAL_219_T,TRP_221_T"
VAL_219_T,"TRP_218_T,SER_220_T,TRP_221_T,ILE_227_T,LYS_259_T"
SER_220_T,"GLN_217_T,VAL_219_T,TRP_221_T"
TRP_221_T,"LYS_177_T,TRP_218_T,VAL_219_T,SER_220_T,ILE_222_T"
ILE_222_T,"TRP_221_T,ASN_223_T,ILE_224_T,ILE_227_T,LYS_259_T"
ASN_223_T,"MET_185_T,ILE_222_T,ILE_224_T,ASN_225_T,LEU_226_T"
ILE_224_T,"ILE_222_T,ASN_223_T,ASN_225_T,ILE_227_T,VAL_228_T,MET_261_T,LEU_269_T"
ASN_225_T,"ASN_223_T,ILE_224_T,LEU_226_T"
LEU_226_T,"MET_185_T,VAL_189_T,ASN_223_T,ASN_225_T,ILE_227_T"
ILE_227_T,"TYR_215_T,VAL_219_T,ILE_222_T,ILE_224_T,LEU_226_T,VAL_228_T"
VAL_228_T,"ILE_224_T,ILE_227_T,ASN_229_T,MET_233_T,LEU_269_T"
ASN_229_T,"VAL_228_T,GLU_230_T,CYS_232_T"
GLU_230_T,"ASN_229_T,ASN_234_T"
PRO_231_T,CYS_232_T
CYS_232_T,"ASN_229_T,PRO_231_T,MET_233_T"
MET_233_T,"VAL_228_T,CYS_232_T,ASN_234_T,LEU_235_T,LEU_236_T,TYR_237_T,ILE_256_T"
ASN_234_T,"GLU_230_T,MET_233_T,LEU_235_T"
LEU_235_T,"MET_233_T,ASN_234_T,LEU_236_T,SER_238_T,PHE_239_T"
LEU_236_T,"LEU_212_T,MET_233_T,LEU_235_T,TYR_237_T,SER_238_T,PHE_239_T,ILE_256_T"
TYR_237_T,"MET_233_T,LEU_236_T,SER_238_T,LEU_273_T"
SER_238_T,"LEU_235_T,LEU_236_T,TYR_237_T,PHE_239_T,LEU_240_T,GLN_241_T"
PHE_239_T,"MET_196_T,VAL_208_T,LEU_212_T,LEU_235_T,LEU_236_T,SER_238_T,LEU_240_T,LEU_245_T,ALA_249_T"
LEU_240_T,"SER_238_T,PHE_239_T,GLN_241_T,PHE_278_T"
GLN_241_T,"SER_238_T,LEU_240_T,ILE_242_T"
ILE_242_T,"TYR_205_T,GLN_241_T,GLU_243_T,LEU_245_T,ARG_246_T"
GLU_243_T,"ILE_242_T,GLU_244_T"
GLU_244_T,"TYR_205_T,GLU_243_T,LEU_245_T"
LEU_245_T,"TYR_205_T,VAL_208_T,PHE_239_T,ILE_242_T,GLU_244_T,ARG_246_T"
ARG_246_T,"ILE_242_T,LEU_245_T,CYS_247_T,ASP_288_T"
CYS_247_T,"ARG_246_T,ALA_248_T,ALA_249_T,CYS_250_T,GLU_251_T"
ALA_248_T,"LEU_212_T,CYS_247_T,ALA_249_T,THR_252_T"
ALA_249_T,"PHE_239_T,CYS_247_T,ALA_248_T,CYS_250_T,MET_253_T"
CYS_250_T,"CYS_247_T,ALA_249_T,GLU_251_T,THR_254_T"
GLU_251_T,"CYS_247_T,CYS_250_T,THR_252_T,HIS_294_T"
THR_252_T,"LEU_212_T,ALA_248_T,GLU_251_T,MET_253_T"
MET_253_T,"ALA_249_T,THR_252_T,THR_254_T"
THR_254_T,"CYS_250_T,MET_253_T,GLU_255_T,ILE_256_T,VAL_257_T,ASN_258_T,ALA_301_T"
GLU_255_T,"THR_254_T,ILE_256_T,LYS_259_T"
ILE_256_T,"MET_233_T,LEU_236_T,THR_254_T,GLU_255_T,VAL_257_T"
VAL_257_T,"THR_254_T,ILE_256_T,ASN_258_T,LYS_266_T,LEU_270_T,LEU_273_T"
ASN_258_T,"THR_254_T,VAL_257_T,LYS_259_T,LYS_260_T"
LYS_259_T,"VAL_219_T,ILE_222_T,GLU_255_T,ASN_258_T,LYS_260_T,MET_261_T,LYS_266_T"
LYS_260_T,"ASN_258_T,LYS_259_T,MET_261_T"
MET_261_T,"ILE_224_T,LYS_259_T,LYS_260_T,LYS_262_T,LYS_266_T"
LYS_262_T,"MET_261_T,LEU_264_T,GLU_265_T"
PRO_263_T,LEU_264_T
LEU_264_T,"LYS_262_T,PRO_263_T,GLU_265_T,ASN_268_T"
GLU_265_T,"LYS_262_T,LEU_264_T,LYS_266_T"
LYS_266_T,"VAL_257_T,LYS_259_T,MET_261_T,GLU_265_T,LEU_267_T,ASN_268_T,LEU_269_T,LEU_270_T,GLU_305_T,ILE_309_T"
LEU_267_T,"LYS_266_T,ASN_268_T,ASN_271_T"
ASN_268_T,"LEU_264_T,LYS_266_T,LEU_267_T,LEU_269_T,ASN_271_T,ILE_272_T"
LEU_269_T,"ILE_224_T,VAL_228_T,LYS_266_T,ASN_268_T,LEU_270_T,LEU_273_T"
LEU_270_T,"VAL_257_T,LYS_266_T,LEU_269_T,ASN_271_T,GLN_302_T,LEU_306_T"
ASN_271_T,"LEU_267_T,ASN_268_T,LEU_270_T,ILE_272_T,LEU_273_T,ASN_274_T"
ILE_272_T,"ASN_268_T,ASN_271_T,LEU_273_T"
LEU_273_T,"TYR_237_T,VAL_257_T,LEU_269_T,ASN_271_T,ILE_272_T,ASN_274_T,LEU_275_T"
ASN_274_T,"ASN_271_T,LEU_273_T,LEU_275_T"
LEU_275_T,"LEU_273_T,ASN_274_T,ASN_276_T,PHE_279_T"
ASN_276_T,"LEU_275_T,LEU_277_T,SER_280_T"
LEU_277_T,"ASN_276_T,PHE_278_T"
PHE_278_T,"LEU_240_T,LEU_277_T,PHE_279_T,PHE_291_T"
PHE_279_T,"LEU_275_T,PHE_278_T,SER_280_T,ILE_299_T,TYR_334_T"
SER_280_T,"ASN_276_T,PHE_279_T,LYS_281_T"
LYS_281_T,"SER_280_T,SER_282_T"
SER_282_T,LYS_281_T
SER_286_T,THR_287_T
THR_287_T,"SER_286_T,ASP_288_T"
ASP_288_T,"ARG_246_T,THR_287_T"
PRO_289_T,"ASN_290_T,GLU_293_T"
ASN_290_T,"PRO_289_T,PHE_291_T"
PHE_291_T,"PHE_278_T,ASN_290_T,ASP_292_T,GLU_293_T,HIS_294_T,VAL_295_T"
ASP_292_T,"PHE_291_T,GLU_293_T,ALA_296_T,ARG_337_T,ASP_341_T"
GLU_293_T,"PRO_289_T,PHE_291_T,ASP_292_T,HIS_294_T,LYS_297_T"
HIS_294_T,"GLU_251_T,PHE_291_T,GLU_293_T,VAL_295_T,LEU_298_T"
VAL_295_T,"PHE_291_T,HIS_294_T,ALA_296_T,LEU_298_T,ILE_299_T"
ALA_296_T,"ASP_292_T,VAL_295_T,LYS_297_T,ILE_299_T,ASN_300_T"
LYS_297_T,"GLU_293_T,ALA_296_T,LEU_298_T,ALA_301_T,ALA_349_T"
LEU_298_T,"HIS_294_T,VAL_295_T,LYS_297_T,ILE_299_T,GLN_302_T"
ILE_299_T,"PHE_279_T,VAL_295_T,ALA_296_T,LEU_298_T,ASN_300_T,GLY_303_T,TYR_334_T,TYR_338_T"
ASN_300_T,"ALA_296_T,ILE_299_T,ALA_301_T,VAL_304_T,VAL_350_T"
ALA_301_T,"THR_254_T,LYS_297_T,ASN_300_T,GLN_302_T"
GLN_302_T,"LEU_270_T,LEU_298_T,ALA_301_T,GLY_303_T"
GLY_303_T,"ILE_299_T,GLN_302_T,VAL_304_T"
VAL_304_T,"ASN_300_T,GLY_303_T,GLU_305_T"
GLU_305_T,"LYS_266_T,VAL_304_T,LEU_306_T,VAL_307_T,ALA_308_T,ILE_309_T"
LEU_306_T,"LEU_270_T,GLU_305_T,VAL_307_T,LYS_310_T,LEU_328_T,LEU_331_T"
VAL_307_T,"GLU_305_T,LEU_306_T,ALA_308_T,LEU_328_T,PHE_353_T"
ALA_308_T,"GLU_305_T,VAL_307_T,ILE_309_T"
ILE_309_T,"LYS_266_T,GLU_305_T,ALA_308_T,LYS_310_T"
LYS_310_T,"LEU_306_T,ILE_309_T,SER_311_T,TYR_329_T"
SER_311_T,"LYS_310_T,ASP_312_T"
ASP_312_T,"SER_311_T,SER_314_T"
PRO_313_T,SER_314_T
SER_314_T,"ASP_312_T,PRO_313_T,GLU_315_T"
GLU_315_T,"SER_314_T,LEU_316_T"
LEU_316_T,"GLU_315_T,SER_317_T"
SER_317_T,LEU_316_T
PRO_318_T,"GLU_319_T,LYS_321_T,GLU_322_T"
GLU_319_T,"PRO_318_T,LEU_320_T"
LEU_320_T,"GLU_319_T,LYS_321_T,CYS_324_T"
LYS_321_T,"PRO_318_T,LEU_320_T,GLU_322_T,SER_325_T"
GLU_322_T,"PRO_318_T,LYS_321_T,ASN_323_T,PHE_326_T"
ASN_323_T,"GLU_322_T,CYS_324_T,GLN_327_T"
CYS_324_T,"LEU_320_T,ASN_323_T,SER_325_T"
SER_325_T,"LYS_321_T,CYS_324_T,PHE_326_T"
PHE_326_T,"GLU_322_T,SER_325_T,GLN_327_T"
GLN_327_T,"ASN_323_T,PHE_326_T,LEU_328_T"
LEU_328_T,"LEU_306_T,VAL_307_T,GLN_327_T,TYR_329_T,ASN_330_T,LEU_331_T,PHE_353_T"
TYR_329_T,"LYS_310_T,LEU_328_T,ASN_330_T,PHE_332_T,LEU_374_T"
ASN_330_T,"LEU_328_T,TYR_329_T,LEU_331_T"
LEU_331_T,"LEU_306_T,LEU_328_T,ASN_330_T,PHE_332_T"
PHE_332_T,"TYR_329_T,LEU_331_T,LEU_357_T,PHE_377_T"
PRO_333_T,"TYR_334_T,ARG_337_T"
TYR_334_T,"PHE_279_T,ILE_299_T,PRO_333_T,LEU_335_T,ILE_336_T,ARG_337_T"
LEU_335_T,"TYR_334_T,ILE_336_T,VAL_350_T,LEU_357_T"
ILE_336_T,"TYR_334_T,LEU_335_T,ARG_337_T,SER_340_T,LEU_381_T"
ARG_337_T,"ASP_292_T,PRO_333_T,TYR_334_T,ILE_336_T,TYR_338_T,ASP_341_T"
TYR_338_T,"ILE_299_T,ARG_337_T,LEU_339_T,THR_346_T"
LEU_339_T,"TYR_338_T,SER_340_T"
SER_340_T,"ILE_336_T,LEU_339_T,ASP_341_T"
ASP_341_T,"ASP_292_T,ARG_337_T,SER_340_T,ASP_342_T,TYR_343_T,LYS_388_T"
ASP_342_T,"ASP_341_T,TYR_343_T,LYS_387_T,LYS_388_T"
TYR_343_T,"ASP_341_T,ASP_342_T,ASP_344_T"
ASP_344_T,"TYR_343_T,GLU_345_T,THR_348_T,LYS_388_T"
GLU_345_T,"ASP_344_T,THR_346_T"
THR_346_T,"TYR_338_T,GLU_345_T,SER_347_T"
SER_347_T,"THR_346_T,THR_348_T"
THR_348_T,"ASP_344_T,SER_347_T,ALA_349_T,VAL_350_T,PHE_351_T"
ALA_349_T,"LYS_297_T,THR_348_T,VAL_350_T"
VAL_350_T,"ASN_300_T,LEU_335_T,THR_348_T,ALA_349_T,PHE_351_T,LEU_354_T"
PHE_351_T,"THR_348_T,VAL_350_T,LEU_354_T,SER_355_T,MET_412_T,LYS_415_T,PHE_419_T"
PRO_352_T,"PHE_353_T,ASP_356_T"
PHE_353_T,"VAL_307_T,LEU_328_T,PRO_352_T,LEU_354_T,LEU_357_T"
LEU_354_T,"VAL_350_T,PHE_351_T,PHE_353_T,SER_355_T,LEU_358_T,LEU_381_T,PHE_419_T"
SER_355_T,"PHE_351_T,LEU_354_T,ASP_356_T"
ASP_356_T,"PRO_352_T,SER_355_T,LEU_357_T,SER_360_T"
LEU_357_T,"PHE_332_T,LEU_335_T,PHE_353_T,ASP_356_T,LEU_358_T,LEU_361_T,PHE_377_T"
LEU_358_T,"LEU_354_T,LEU_357_T,VAL_359_T,LEU_361_T,ARG_362_T,THR_422_T,ILE_423_T"
VAL_359_T,"LEU_358_T,SER_360_T"
SER_360_T,"ASP_356_T,VAL_359_T,LEU_361_T"
LEU_361_T,"LEU_357_T,LEU_358_T,SER_360_T,ARG_362_T,ILE_426_T"
ARG_362_T,"LEU_358_T,LEU_361_T,LYS_363_T,ILE_426_T"
LYS_363_T,"ARG_362_T,GLU_364_T,SER_366_T"
GLU_364_T,"LYS_363_T,SER_365_T"
SER_365_T,"GLU_364_T,SER_366_T"
SER_366_T,"LYS_363_T,SER_365_T,SER_367_T"
SER_367_T,"SER_366_T,LYS_368_T"
LYS_368_T,"SER_367_T,GLU_369_T"
GLU_369_T,"LYS_368_T,LEU_370_T,LYS_375_T"
LEU_370_T,"GLU_369_T,SER_371_T"
SER_371_T,"LEU_370_T,ALA_372_T,SER_373_T,LEU_374_T,LYS_375_T"
ALA_372_T,"SER_371_T,SER_373_T"
SER_373_T,"SER_371_T,ALA_372_T,LEU_374_T"
LEU_374_T,"TYR_329_T,SER_371_T,SER_373_T,LYS_375_T,GLU_376_T,PHE_377_T,LEU_378_T"
LYS_375_T,"GLU_369_T,SER_371_T,LEU_374_T,GLU_376_T,ASP_427_T"
GLU_376_T,"LEU_374_T,LYS_375_T,PHE_377_T,LYS_379_T,SER_380_T"
PHE_377_T,"PHE_332_T,LEU_357_T,LEU_374_T,GLU_376_T,LEU_378_T,SER_380_T,LEU_381_T"
LEU_378_T,"LEU_374_T,PHE_377_T,LYS_379_T,LEU_381_T,LEU_382_T"
LYS_379_T,"GLU_376_T,LEU_378_T,SER_380_T,LEU_430_T"
SER_380_T,"GLU_376_T,PHE_377_T,LYS_379_T,LEU_381_T"
LEU_381_T,"ILE_336_T,LEU_354_T,PHE_377_T,LEU_378_T,SER_380_T,LEU_382_T,ILE_385_T"
LEU_382_T,"LEU_378_T,LEU_381_T,GLU_383_T,ILE_386_T,ILE_423_T,TYR_434_T"
GLU_383_T,"LEU_382_T,ALA_384_T"
ALA_384_T,"GLU_383_T,ILE_385_T,ILE_386_T,LYS_387_T"
ILE_385_T,"LEU_381_T,ALA_384_T,ILE_386_T,MET_389_T,PHE_419_T,GLN_420_T"
ILE_386_T,"LEU_382_T,ALA_384_T,ILE_385_T,LYS_387_T,TYR_434_T,ALA_438_T"
LYS_387_T,"ASP_342_T,ALA_384_T,ILE_386_T,LYS_388_T"
LYS_388_T,"ASP_341_T,ASP_342_T,ASP_344_T,LYS_387_T,MET_389_T,MET_412_T,LEU_416_T"
MET_389_T,"ILE_385_T,LYS_388_T,LYS_390_T,LEU_416_T"
LYS_390_T,"MET_389_T,TYR_391_T,PHE_460_T"
TYR_391_T,"LYS_390_T,ASP_392_T,GLU_406_T,PHE_409_T,TRP_455_T,GLN_456_T"
ASP_392_T,"TYR_391_T,GLU_393_T,SER_394_T,GLN_395_T"
GLU_393_T,"ASP_392_T,SER_394_T"
SER_394_T,"ASP_392_T,GLU_393_T,GLN_395_T"
GLN_395_T,"ASP_392_T,SER_394_T,GLU_396_T"
GLU_396_T,"GLN_395_T,TRP_397_T,GLU_452_T"
TRP_397_T,"GLU_396_T,ASP_398_T,TRP_455_T,HIS_506_T,LEU_508_T"
ASP_398_T,"TRP_397_T,ASP_399_T,ASP_400_T,SER_403_T,GLU_406_T"
ASP_399_T,"ASP_398_T,ASP_400_T"
ASP_400_T,"ASP_398_T,ASP_399_T,ASP_402_T"
PRO_401_T,ASP_402_T
ASP_402_T,"ASP_400_T,PRO_401_T,SER_403_T"
SER_403_T,"ASP_398_T,ASP_402_T,GLU_404_T,GLU_405_T,GLU_406_T"
GLU_404_T,"SER_403_T,GLU_405_T,GLU_408_T"
GLU_405_T,"SER_403_T,GLU_404_T,GLU_406_T,PHE_409_T"
GLU_406_T,"TYR_391_T,ASP_398_T,SER_403_T,GLU_405_T,ALA_407_T"
ALA_407_T,"GLU_406_T,GLU_408_T"
GLU_408_T,"GLU_404_T,ALA_407_T,PHE_409_T"
PHE_409_T,"TYR_391_T,GLU_405_T,GLU_408_T,GLN_410_T,GLU_411_T,MET_412_T"
GLN_410_T,"PHE_409_T,GLU_411_T"
GLU_411_T,"PHE_409_T,GLN_410_T,MET_412_T"
MET_412_T,"PHE_351_T,LYS_388_T,PHE_409_T,GLU_411_T,ARG_413_T,LEU_416_T"
ARG_413_T,"MET_412_T,LYS_414_T,GLU_459_T"
LYS_414_T,"ARG_413_T,LYS_415_T"
LYS_415_T,"PHE_351_T,LYS_414_T,LEU_416_T,LYS_417_T,ILE_418_T"
LEU_416_T,"LYS_388_T,MET_389_T,MET_412_T,LYS_415_T,LYS_417_T"
LYS_417_T,"LYS_415_T,LEU_416_T,ILE_418_T,ASP_421_T,ILE_467_T,GLU_470_T"
ILE_418_T,"LYS_415_T,LYS_417_T,PHE_419_T,THR_422_T"
PHE_419_T,"PHE_351_T,LEU_354_T,ILE_385_T,ILE_418_T,GLN_420_T"
GLN_420_T,"ILE_385_T,PHE_419_T,ASP_421_T,ASN_424_T,PHE_431_T"
ASP_421_T,"LYS_417_T,GLN_420_T,THR_422_T"
THR_422_T,"LEU_358_T,ILE_418_T,ASP_421_T,ILE_423_T,SER_425_T"
ILE_423_T,"LEU_358_T,LEU_382_T,THR_422_T,ASN_424_T,ILE_426_T"
ASN_424_T,"GLN_420_T,ILE_423_T,SER_425_T,ASP_427_T,SER_428_T"
SER_425_T,"THR_422_T,ASN_424_T,ILE_426_T"
ILE_426_T,"LEU_361_T,ARG_362_T,ILE_423_T,SER_425_T,ASP_427_T"
ASP_427_T,"LYS_375_T,ASN_424_T,ILE_426_T,SER_428_T,SER_429_T,LEU_430_T"
SER_428_T,"ASN_424_T,ASP_427_T,SER_429_T,SER_432_T"
SER_429_T,"ASP_427_T,SER_428_T,LEU_430_T,SER_433_T"
LEU_430_T,"LYS_379_T,ASP_427_T,SER_429_T,PHE_431_T,SER_433_T"
PHE_431_T,"GLN_420_T,LEU_430_T,SER_432_T,MET_435_T"
SER_432_T,"SER_428_T,PHE_431_T,SER_433_T,TYR_436_T"
SER_433_T,"SER_429_T,LEU_430_T,SER_432_T,TYR_434_T,TYR_436_T,SER_437_T"
TYR_434_T,"LEU_382_T,ILE_386_T,SER_433_T,MET_435_T"
MET_435_T,"PHE_431_T,TYR_434_T,TYR_436_T,ALA_438_T,ILE_439_T"
TYR_436_T,"SER_432_T,SER_433_T,MET_435_T,SER_437_T,THR_440_T"
SER_437_T,"SER_433_T,TYR_436_T,ALA_438_T,SER_441_T"
ALA_438_T,"ILE_386_T,MET_435_T,SER_437_T,ILE_439_T,SER_442_T"
ILE_439_T,"MET_435_T,ALA_438_T,THR_440_T,ILE_492_T"
THR_440_T,"TYR_436_T,ILE_439_T,SER_441_T,SER_444_T"
SER_441_T,"SER_437_T,THR_440_T,SER_442_T"
SER_442_T,"ALA_438_T,SER_441_T,LEU_443_T"
LEU_443_T,"SER_442_T,SER_444_T,ALA_461_T"
SER_444_T,"THR_440_T,LEU_443_T,THR_445_T,ALA_447_T"
THR_445_T,"SER_444_T,ALA_446_T,LEU_457_T"
ALA_446_T,"THR_445_T,ALA_447_T,LEU_449_T,ILE_458_T"
ALA_447_T,"SER_444_T,ALA_446_T,THR_448_T"
THR_448_T,"ALA_447_T,LEU_449_T"
LEU_449_T,"ALA_446_T,THR_448_T,SER_450_T"
SER_450_T,"LEU_449_T,GLU_452_T,ASN_453_T"
PRO_451_T,GLU_452_T
GLU_452_T,"GLU_396_T,SER_450_T,PRO_451_T,ASN_453_T"
ASN_453_T,"SER_450_T,GLU_452_T,SER_454_T"
SER_454_T,"ASN_453_T,TRP_455_T"
TRP_455_T,"TYR_391_T,TRP_397_T,SER_454_T,GLN_456_T,ILE_458_T,GLU_459_T,LEU_508_T"
GLN_456_T,"TYR_391_T,TRP_455_T,LEU_457_T"
LEU_457_T,"THR_445_T,GLN_456_T,ILE_458_T"
ILE_458_T,"ALA_446_T,TRP_455_T,LEU_457_T,GLU_459_T,ALA_461_T,LEU_462_T,VAL_509_T"
GLU_459_T,"ARG_413_T,TRP_455_T,ILE_458_T,PHE_460_T,TYR_463_T"
PHE_460_T,"LYS_390_T,GLU_459_T,ALA_461_T,GLU_464_T"
ALA_461_T,"LEU_443_T,ILE_458_T,PHE_460_T,LEU_462_T,THR_465_T"
LEU_462_T,"ILE_458_T,ALA_461_T,TYR_463_T,TYR_466_T,VAL_496_T,VAL_501_T,LEU_512_T,ILE_516_T"
TYR_463_T,"GLU_459_T,LEU_462_T,GLU_464_T,TYR_466_T,ILE_467_T"
GLU_464_T,"PHE_460_T,TYR_463_T,THR_465_T,PHE_468_T"
THR_465_T,"ALA_461_T,GLU_464_T,TYR_466_T,ILE_467_T,ILE_492_T"
TYR_466_T,"LEU_462_T,TYR_463_T,THR_465_T,ILE_467_T,ARG_519_T,TYR_520_T"
ILE_467_T,"LYS_417_T,TYR_463_T,THR_465_T,TYR_466_T,PHE_468_T,GLY_469_T,GLU_470_T"
PHE_468_T,"GLU_464_T,ILE_467_T,GLY_469_T,LEU_489_T,ILE_492_T"
GLY_469_T,"ILE_467_T,PHE_468_T,GLU_470_T"
GLU_470_T,"LYS_417_T,ILE_467_T,GLY_469_T,GLY_471_T,ARG_519_T"
GLY_471_T,"GLU_470_T,LEU_472_T,ARG_473_T"
LEU_472_T,"GLY_471_T,ARG_473_T"
ARG_473_T,"GLY_471_T,LEU_472_T,GLY_474_T"
GLY_474_T,"ARG_473_T,ASP_476_T,ALA_477_T"
PRO_475_T,ASP_476_T
ASP_476_T,"GLY_474_T,PRO_475_T,ALA_477_T"
ALA_477_T,"GLY_474_T,ASP_476_T,PHE_478_T,LEU_489_T"
PHE_478_T,"ALA_477_T,PHE_479_T,THR_487_T,SER_490_T,PHE_523_T"
PHE_479_T,"PHE_478_T,ASN_480_T,TYR_526_T"
ASN_480_T,"PHE_479_T,GLU_481_T,VAL_482_T,LYS_484_T,SER_485_T"
GLU_481_T,"ASN_480_T,VAL_482_T"
VAL_482_T,"ASN_480_T,GLU_481_T,ASP_483_T"
ASP_483_T,"VAL_482_T,LYS_484_T"
LYS_484_T,"ASN_480_T,ASP_483_T,SER_485_T"
SER_485_T,"ASN_480_T,LYS_484_T"
PRO_486_T,THR_487_T
THR_487_T,"PHE_478_T,PRO_486_T,VAL_488_T,LEU_489_T,SER_490_T,GLN_491_T"
VAL_488_T,"THR_487_T,LEU_489_T,ILE_492_T"
LEU_489_T,"PHE_468_T,ALA_477_T,THR_487_T,VAL_488_T,SER_490_T,ILE_492_T,LEU_493_T"
SER_490_T,"PHE_478_T,THR_487_T,LEU_489_T,GLN_491_T,ALA_494_T"
GLN_491_T,"THR_487_T,SER_490_T,ILE_492_T"
ILE_492_T,"ILE_439_T,THR_465_T,PHE_468_T,VAL_488_T,LEU_489_T,GLN_491_T,LEU_493_T"
LEU_493_T,"LEU_489_T,ILE_492_T,ALA_494_T,THR_497_T,ILE_516_T,TYR_520_T,PHE_523_T"
ALA_494_T,"SER_490_T,LEU_493_T,LEU_495_T"
LEU_495_T,"ALA_494_T,VAL_496_T,SER_499_T"
VAL_496_T,"LEU_462_T,LEU_495_T,THR_497_T,SER_499_T"
THR_497_T,"LEU_493_T,VAL_496_T,THR_498_T"
THR_498_T,"THR_497_T,SER_499_T"
SER_499_T,"LEU_495_T,VAL_496_T,THR_498_T,GLN_500_T"
GLN_500_T,"SER_499_T,VAL_501_T,CYS_502_T,ARG_503_T"
VAL_501_T,"LEU_462_T,GLN_500_T,CYS_502_T,ARG_503_T,HIS_504_T"
CYS_502_T,"GLN_500_T,VAL_501_T,ARG_503_T,TYR_513_T"
ARG_503_T,"GLN_500_T,VAL_501_T,CYS_502_T,HIS_504_T"
HIS_504_T,"VAL_501_T,ARG_503_T,HIS_506_T"
PRO_505_T,HIS_506_T
HIS_506_T,"TRP_397_T,HIS_504_T,PRO_505_T"
PRO_507_T,"LEU_508_T,VAL_509_T,GLN_510_T,LEU_511_T"
LEU_508_T,"TRP_397_T,TRP_455_T,PRO_507_T,VAL_509_T"
VAL_509_T,"ILE_458_T,PRO_507_T,LEU_508_T,GLN_510_T"
GLN_510_T,"PRO_507_T,VAL_509_T,LEU_511_T"
LEU_511_T,"PRO_507_T,GLN_510_T,LEU_512_T,TYR_513_T,MET_514_T,GLU_515_T,ARG_554_T"
LEU_512_T,"LEU_462_T,LEU_511_T,TYR_513_T,ILE_516_T"
TYR_513_T,"CYS_502_T,LEU_511_T,LEU_512_T,MET_514_T,LEU_517_T,TYR_537_T"
MET_514_T,"LEU_511_T,TYR_513_T,GLU_515_T,VAL_518_T,TYR_537_T,PHE_538_T,LEU_558_T"
GLU_515_T,"LEU_511_T,MET_514_T,ILE_516_T,ARG_519_T,ARG_554_T"
ILE_516_T,"LEU_462_T,LEU_493_T,LEU_512_T,GLU_515_T,LEU_517_T"
LEU_517_T,"TYR_513_T,ILE_516_T,VAL_518_T,PHE_524_T"
VAL_518_T,"MET_514_T,LEU_517_T,ARG_519_T,ALA_521_T,LEU_558_T,ARG_561_T"
ARG_519_T,"TYR_466_T,GLU_470_T,GLU_515_T,VAL_518_T,TYR_520_T"
TYR_520_T,"TYR_466_T,LEU_493_T,ARG_519_T,ALA_521_T"
ALA_521_T,"VAL_518_T,TYR_520_T,SER_522_T,PHE_524_T"
SER_522_T,"ALA_521_T,PHE_523_T,ASP_525_T"
PHE_523_T,"PHE_478_T,LEU_493_T,SER_522_T,PHE_524_T"
PHE_524_T,"LEU_517_T,ALA_521_T,PHE_523_T,ASP_525_T"
ASP_525_T,"SER_522_T,PHE_524_T,TYR_526_T"
TYR_526_T,"PHE_479_T,ASP_525_T,GLU_527_T,SER_528_T"
GLU_527_T,"TYR_526_T,SER_528_T,ALA_530_T"
SER_528_T,"TYR_526_T,GLU_527_T,ALA_529_T"
ALA_529_T,"SER_528_T,ALA_530_T"
ALA_530_T,"GLU_527_T,ALA_529_T,ILE_531_T"
ILE_531_T,"ALA_530_T,LEU_534_T,ILE_535_T,ILE_566_T"
PRO_532_T,"ALA_533_T,GLU_536_T"
ALA_533_T,"PRO_532_T,LEU_534_T,TYR_537_T"
LEU_534_T,"ILE_531_T,ALA_533_T,ILE_535_T,PHE_562_T"
ILE_535_T,"ILE_531_T,LEU_534_T,GLU_536_T,TYR_573_T"
GLU_536_T,"PRO_532_T,ILE_535_T,TYR_537_T,GLY_540_T"
TYR_537_T,"TYR_513_T,MET_514_T,ALA_533_T,GLU_536_T,PHE_538_T"
PHE_538_T,"MET_514_T,TYR_537_T,VAL_539_T,ILE_544_T,PHE_559_T,PHE_562_T"
VAL_539_T,"PHE_538_T,GLY_540_T,MET_580_T"
GLY_540_T,"GLU_536_T,VAL_539_T,ARG_542_T"
PRO_541_T,ARG_542_T
ARG_542_T,"GLY_540_T,PRO_541_T,GLY_543_T"
GLY_543_T,"ARG_542_T,ILE_544_T"
ILE_544_T,"PHE_538_T,GLY_543_T,HIS_545_T,TRP_556_T,PHE_559_T,LEU_584_T"
HIS_545_T,"ILE_544_T,ASN_546_T,ARG_552_T,ASP_583_T"
ASN_546_T,"HIS_545_T,THR_547_T,ASN_548_T,VAL_551_T"
THR_547_T,"ASN_546_T,ASN_548_T"
ASN_548_T,"ASN_546_T,THR_547_T,GLU_549_T"
GLU_549_T,"ASN_548_T,ARG_550_T"
ARG_550_T,"GLU_549_T,VAL_551_T"
VAL_551_T,"ASN_546_T,ARG_550_T,ARG_552_T,ALA_555_T"
ARG_552_T,"HIS_545_T,VAL_551_T,TRP_556_T,ASP_610_T"
PRO_553_T,"ARG_554_T,ALA_555_T,TRP_556_T"
ARG_554_T,"LEU_511_T,GLU_515_T,PRO_553_T,ALA_555_T"
ALA_555_T,"VAL_551_T,PRO_553_T,ARG_554_T,TRP_556_T,PHE_559_T"
TRP_556_T,"ILE_544_T,ARG_552_T,PRO_553_T,ALA_555_T,TYR_557_T,GLN_614_T,LEU_617_T"
TYR_557_T,"TRP_556_T,LEU_558_T,ARG_561_T,TYR_616_T"
LEU_558_T,"MET_514_T,VAL_518_T,TYR_557_T,PHE_559_T,PHE_562_T"
PHE_559_T,"PHE_538_T,ILE_544_T,ALA_555_T,LEU_558_T,TYR_560_T,VAL_563_T,THR_620_T"
TYR_560_T,"PHE_559_T,ARG_561_T,LYS_564_T,TYR_616_T,GLU_619_T"
ARG_561_T,"VAL_518_T,TYR_557_T,TYR_560_T,PHE_562_T,SER_565_T"
PHE_562_T,"LEU_534_T,PHE_538_T,LEU_558_T,ARG_561_T,VAL_563_T,SER_565_T,ILE_566_T"
VAL_563_T,"PHE_559_T,PHE_562_T,LYS_564_T"
LYS_564_T,"TYR_560_T,VAL_563_T,SER_565_T,GLU_619_T"
SER_565_T,"ARG_561_T,PHE_562_T,LYS_564_T,ILE_566_T"
ILE_566_T,"ILE_531_T,PHE_562_T,SER_565_T,LYS_567_T"
LYS_567_T,"ILE_566_T,LYS_568_T"
LYS_568_T,LYS_567_T
VAL_571_T,ASN_572_T
ASN_572_T,"VAL_571_T,TYR_573_T"
TYR_573_T,"ILE_535_T,ASN_572_T,THR_574_T"
THR_574_T,"TYR_573_T,GLU_575_T,SER_577_T,LEU_578_T,LEU_630_T"
GLU_575_T,"THR_574_T,SER_576_T,ALA_579_T,LEU_630_T,GLU_634_T"
SER_576_T,"GLU_575_T,SER_577_T,MET_580_T"
SER_577_T,"THR_574_T,SER_576_T,LEU_578_T"
LEU_578_T,"THR_574_T,SER_577_T,ALA_579_T,VAL_621_T,LEU_624_T"
ALA_579_T,"GLU_575_T,LEU_578_T,MET_580_T"
MET_580_T,"VAL_539_T,SER_576_T,ALA_579_T,LEU_581_T"
LEU_581_T,"MET_580_T,GLY_582_T,LEU_584_T,VAL_621_T,LEU_624_T"
GLY_582_T,"LEU_581_T,ASP_583_T,LEU_584_T,LEU_585_T"
ASP_583_T,"HIS_545_T,GLY_582_T,LEU_584_T"
LEU_584_T,"ILE_544_T,LEU_581_T,GLY_582_T,ASP_583_T,LEU_585_T,GLN_614_T,LEU_617_T"
LEU_585_T,"GLY_582_T,LEU_584_T,ASN_586_T,PHE_618_T"
ASN_586_T,"LEU_585_T,ILE_587_T"
ILE_587_T,"ASN_586_T,SER_588_T,VAL_589_T,PHE_611_T,CYS_669_T"
SER_588_T,"ILE_587_T,VAL_589_T"
VAL_589_T,"ILE_587_T,SER_588_T,SER_590_T,ILE_665_T"
SER_590_T,VAL_589_T
PRO_591_T,"VAL_592_T,LEU_661_T"
VAL_592_T,"PRO_591_T,THR_593_T"
THR_593_T,"VAL_592_T,ASP_594_T"
ASP_594_T,"THR_593_T,MET_595_T,ASP_596_T,ALA_597_T,ASN_608_T"
MET_595_T,"ASP_594_T,ASP_596_T"
ASP_596_T,"ASP_594_T,MET_595_T,ALA_597_T"
ALA_597_T,"ASP_594_T,ASP_596_T"
PRO_598_T,VAL_599_T
VAL_599_T,PRO_598_T
PRO_600_T,THR_601_T
THR_601_T,"PRO_600_T,LEU_602_T,ASN_603_T,SER_604_T,SER_605_T"
LEU_602_T,"THR_601_T,ASN_603_T,ILE_665_T,TYR_668_T,ASP_714_T"
ASN_603_T,"THR_601_T,LEU_602_T,SER_604_T,ARG_607_T"
SER_604_T,"THR_601_T,ASN_603_T,SER_605_T,ASN_608_T"
SER_605_T,"THR_601_T,SER_604_T,ILE_606_T,SER_609_T"
ILE_606_T,"SER_605_T,ARG_607_T,SER_609_T,TYR_668_T"
ARG_607_T,"ASN_603_T,ILE_606_T,ASN_608_T"
ASN_608_T,"ASP_594_T,SER_604_T,ARG_607_T,SER_609_T"
SER_609_T,"SER_605_T,ILE_606_T,ASN_608_T,ASP_610_T"
ASP_610_T,"ARG_552_T,SER_609_T,PHE_611_T,GLN_614_T"
PHE_611_T,"ILE_587_T,ASP_610_T,ASN_612_T,LEU_615_T,CYS_669_T,MET_672_T"
ASN_612_T,"PHE_611_T,SER_613_T"
SER_613_T,"ASN_612_T,GLN_614_T,TYR_616_T"
GLN_614_T,"TRP_556_T,LEU_584_T,ASP_610_T,SER_613_T,LEU_615_T,TYR_616_T,LEU_617_T,PHE_618_T"
LEU_615_T,"PHE_611_T,GLN_614_T,TYR_616_T"
TYR_616_T,"TYR_557_T,TYR_560_T,SER_613_T,GLN_614_T,LEU_615_T,LEU_617_T,THR_620_T"
LEU_617_T,"TRP_556_T,LEU_584_T,GLN_614_T,TYR_616_T,PHE_618_T,THR_620_T,VAL_621_T"
PHE_618_T,"LEU_585_T,GLN_614_T,LEU_617_T,GLU_619_T,ALA_673_T"
GLU_619_T,"TYR_560_T,LYS_564_T,PHE_618_T,THR_620_T,LYS_679_T"
THR_620_T,"PHE_559_T,TYR_616_T,LEU_617_T,GLU_619_T,VAL_621_T,GLY_622_T,VAL_623_T,LEU_624_T"
VAL_621_T,"LEU_578_T,LEU_581_T,LEU_617_T,THR_620_T,GLY_622_T"
GLY_622_T,"THR_620_T,VAL_621_T,VAL_623_T,SER_626_T"
VAL_623_T,"THR_620_T,GLY_622_T,LEU_624_T"
LEU_624_T,"LEU_578_T,LEU_581_T,THR_620_T,VAL_623_T,ILE_625_T"
ILE_625_T,"LEU_624_T,SER_626_T,TYR_638_T"
SER_626_T,"GLY_622_T,ILE_625_T,SER_627_T"
SER_627_T,"SER_626_T,GLY_628_T"
GLY_628_T,"SER_627_T,ASN_629_T,LEU_630_T"
ASN_629_T,"GLY_628_T,LEU_630_T"
LEU_630_T,"THR_574_T,GLU_575_T,GLY_628_T,ASN_629_T,THR_631_T"
THR_631_T,"LEU_630_T,GLU_634_T,GLN_635_T"
PRO_632_T,"GLU_633_T,ALA_636_T"
GLU_633_T,"PRO_632_T,GLU_634_T,LEU_637_T"
GLU_634_T,"GLU_575_T,THR_631_T,GLU_633_T,GLN_635_T"
GLN_635_T,"THR_631_T,GLU_634_T,ALA_636_T,CYS_639_T"
ALA_636_T,"PRO_632_T,GLN_635_T,LEU_637_T,ASP_640_T,ALA_690_T"
LEU_637_T,"GLU_633_T,ALA_636_T,TYR_638_T,SER_641_T"
TYR_638_T,"ILE_625_T,LEU_637_T,CYS_639_T"
CYS_639_T,"GLN_635_T,TYR_638_T,ASP_640_T"
ASP_640_T,"ALA_636_T,CYS_639_T,SER_641_T,ASN_644_T"
SER_641_T,"LEU_637_T,ASP_640_T,LEU_642_T"
LEU_642_T,"SER_641_T,ILE_643_T,PHE_677_T"
ILE_643_T,"LEU_642_T,ASN_644_T,ILE_647_T,PHE_695_T,ALA_698_T"
ASN_644_T,"ASP_640_T,ILE_643_T,ALA_645_T,GLY_648_T"
ALA_645_T,"ASN_644_T,LEU_646_T"
LEU_646_T,"ALA_645_T,ILE_647_T,LYS_649_T,ILE_674_T"
ILE_647_T,"ILE_643_T,LEU_646_T,GLY_648_T,ALA_650_T,ASN_651_T,GLU_701_T"
GLY_648_T,"ASN_644_T,ILE_647_T,LYS_649_T"
LYS_649_T,"LEU_646_T,GLY_648_T,ALA_650_T"
ALA_650_T,"ILE_647_T,LYS_649_T,ASN_651_T,LEU_654_T"
ASN_651_T,"ILE_647_T,ALA_650_T,ALA_652_T,SER_655_T"
ALA_652_T,"ASN_651_T,ALA_653_T"
ALA_653_T,"ALA_652_T,LEU_654_T,VAL_667_T"
LEU_654_T,"ALA_650_T,ALA_653_T,SER_655_T,ILE_705_T,MET_709_T"
SER_655_T,"ASN_651_T,LEU_654_T,SER_656_T"
SER_656_T,"SER_655_T,ASP_657_T,LEU_658_T,ASN_663_T"
ASP_657_T,"SER_656_T,LEU_658_T,SER_659_T,ALA_660_T,ASN_663_T"
LEU_658_T,"SER_656_T,ASP_657_T,SER_659_T"
SER_659_T,"ASP_657_T,LEU_658_T,ALA_660_T"
ALA_660_T,"ASP_657_T,SER_659_T,LEU_661_T,ASN_663_T,ILE_664_T"
LEU_661_T,"PRO_591_T,ALA_660_T,GLU_662_T,ILE_665_T"
GLU_662_T,"LEU_661_T,ASN_663_T"
ASN_663_T,"SER_656_T,ASP_657_T,ALA_660_T,GLU_662_T,ILE_664_T,VAL_667_T"
ILE_664_T,"ALA_660_T,ASN_663_T,ILE_665_T,VAL_667_T,TYR_668_T,MET_709_T"
ILE_665_T,"VAL_589_T,LEU_602_T,LEU_661_T,ILE_664_T,SER_666_T,TYR_668_T,CYS_669_T"
SER_666_T,"ILE_665_T,VAL_667_T,SER_670_T"
VAL_667_T,"ALA_653_T,ASN_663_T,ILE_664_T,SER_666_T,TYR_668_T,LEU_671_T,ILE_715_T"
TYR_668_T,"LEU_602_T,ILE_606_T,ILE_664_T,ILE_665_T,VAL_667_T,CYS_669_T,MET_672_T,ALA_718_T"
CYS_669_T,"ILE_587_T,PHE_611_T,ILE_665_T,TYR_668_T,SER_670_T,ALA_673_T"
SER_670_T,"SER_666_T,CYS_669_T,LEU_671_T"
LEU_671_T,"VAL_667_T,SER_670_T,MET_672_T,ILE_705_T,ALA_718_T,VAL_719_T,THR_722_T"
MET_672_T,"PHE_611_T,TYR_668_T,LEU_671_T,ALA_673_T,GLY_675_T,ASN_676_T,ALA_718_T,PHE_721_T"
ALA_673_T,"PHE_618_T,CYS_669_T,MET_672_T,ILE_674_T,PHE_677_T"
ILE_674_T,"LEU_646_T,ALA_673_T,GLY_675_T"
GLY_675_T,"MET_672_T,ILE_674_T,ASN_676_T"
ASN_676_T,"MET_672_T,GLY_675_T,PHE_677_T"
PHE_677_T,"LEU_642_T,ALA_673_T,ASN_676_T,ALA_678_T,PHE_681_T,PHE_695_T"
ALA_678_T,"PHE_677_T,LYS_679_T,PHE_695_T"
LYS_679_T,"GLU_619_T,ALA_678_T,GLY_680_T"
GLY_680_T,"LYS_679_T,PHE_681_T"
PHE_681_T,"PHE_677_T,GLY_680_T,TRP_691_T,PHE_695_T"
PRO_682_T,ALA_683_T
ALA_683_T,"PRO_682_T,ARG_684_T"
ARG_684_T,ALA_683_T
GLU_687_T,GLU_688_T
GLU_688_T,"GLU_687_T,VAL_689_T"
VAL_689_T,"GLU_688_T,ALA_690_T,TRP_691_T"
ALA_690_T,"ALA_636_T,VAL_689_T,TRP_691_T"
TRP_691_T,"PHE_681_T,VAL_689_T,ALA_690_T,LEU_692_T,SER_694_T,PHE_695_T,VAL_729_T"
LEU_692_T,"TRP_691_T,ALA_693_T,ASN_696_T"
ALA_693_T,"LEU_692_T,SER_694_T,ASN_696_T"
SER_694_T,"TRP_691_T,ALA_693_T,PHE_695_T"
PHE_695_T,"ILE_643_T,PHE_677_T,ALA_678_T,PHE_681_T,TRP_691_T,SER_694_T,ASN_696_T,VAL_729_T"
ASN_696_T,"LEU_692_T,ALA_693_T,PHE_695_T,LYS_697_T,SER_699_T"
LYS_697_T,"ASN_696_T,ALA_698_T"
ALA_698_T,"ILE_643_T,LYS_697_T,SER_699_T,GLU_701_T"
SER_699_T,"ASN_696_T,ALA_698_T,ASP_700_T"
ASP_700_T,"SER_699_T,GLU_701_T"
GLU_701_T,"ILE_647_T,ALA_698_T,ASP_700_T,ILE_702_T"
ILE_702_T,"GLU_701_T,PHE_703_T,ILE_705_T,LEU_706_T,LEU_741_T"
PHE_703_T,"ILE_702_T,LEU_704_T,LEU_706_T,ASP_707_T,GLN_740_T,LEU_741_T"
LEU_704_T,"PHE_703_T,ILE_705_T"
ILE_705_T,"LEU_654_T,LEU_671_T,ILE_702_T,LEU_704_T,LEU_706_T,MET_709_T"
LEU_706_T,"ILE_702_T,PHE_703_T,ILE_705_T,ASP_707_T,GLY_710_T,LEU_741_T,ILE_744_T"
ASP_707_T,"PHE_703_T,LEU_706_T,ARG_708_T"
ARG_708_T,"ASP_707_T,MET_709_T"
MET_709_T,"LEU_654_T,ILE_664_T,ILE_705_T,ARG_708_T,GLY_710_T,PHE_711_T"
GLY_710_T,"LEU_706_T,MET_709_T,PHE_711_T"
PHE_711_T,"MET_709_T,GLY_710_T,ASN_712_T"
ASN_712_T,"PHE_711_T,GLU_713_T"
GLU_713_T,"ASN_712_T,ASP_714_T,ARG_716_T,GLY_717_T,ARG_720_T,ASP_750_T,GLU_753_T"
ASP_714_T,"LEU_602_T,GLU_713_T,ILE_715_T"
ILE_715_T,"VAL_667_T,ASP_714_T,ARG_716_T,VAL_719_T"
ARG_716_T,"GLU_713_T,ILE_715_T,GLY_717_T,VAL_719_T,ARG_720_T,LEU_745_T,SER_748_T,ASP_750_T,GLU_753_T"
GLY_717_T,"GLU_713_T,ARG_716_T,ALA_718_T,VAL_719_T,PHE_721_T"
ALA_718_T,"TYR_668_T,LEU_671_T,MET_672_T,GLY_717_T,VAL_719_T,THR_722_T"
VAL_719_T,"LEU_671_T,ILE_715_T,ARG_716_T,GLY_717_T,ALA_718_T,ARG_720_T,SER_723_T"
ARG_720_T,"GLU_713_T,ARG_716_T,VAL_719_T,PHE_721_T,LEU_745_T,GLU_753_T"
PHE_721_T,"MET_672_T,GLY_717_T,ARG_720_T,THR_722_T,GLY_724_T,ARG_725_T"
THR_722_T,"LEU_671_T,ALA_718_T,PHE_721_T,SER_723_T,ARG_725_T,ILE_726_T"
SER_723_T,"VAL_719_T,THR_722_T,GLY_724_T,ILE_727_T"
GLY_724_T,"PHE_721_T,SER_723_T,ARG_725_T"
ARG_725_T,"PHE_721_T,THR_722_T,GLY_724_T,ILE_726_T,VAL_729_T"
ILE_726_T,"THR_722_T,ARG_725_T,ILE_727_T,VAL_729_T,VAL_730_T"
ILE_727_T,"SER_723_T,ILE_726_T,ASN_728_T,GLY_731_T,MET_734_T,LEU_764_T,ILE_767_T"
ASN_728_T,"ILE_727_T,VAL_729_T"
VAL_729_T,"TRP_691_T,PHE_695_T,ARG_725_T,ILE_726_T,ASN_728_T,VAL_730_T"
VAL_730_T,"ILE_726_T,VAL_729_T,GLY_731_T,ASP_733_T"
GLY_731_T,"ILE_727_T,VAL_730_T,TYR_768_T"
PRO_732_T,ASP_733_T
ASP_733_T,"VAL_730_T,PRO_732_T,MET_734_T"
MET_734_T,"ILE_727_T,ASP_733_T,LEU_735_T,LYS_737_T"
LEU_735_T,"MET_734_T,TYR_768_T,ASN_771_T"
PRO_736_T,LYS_737_T
LYS_737_T,"MET_734_T,PRO_736_T,VAL_738_T"
VAL_738_T,"LYS_737_T,TYR_768_T"
PRO_739_T,"GLN_740_T,SER_743_T"
GLN_740_T,"PHE_703_T,PRO_739_T,LEU_741_T"
LEU_741_T,"ILE_702_T,PHE_703_T,LEU_706_T,GLN_740_T,ILE_742_T"
ILE_742_T,"LEU_741_T,SER_743_T,LEU_764_T,ILE_775_T"
SER_743_T,"PRO_739_T,ILE_742_T,ILE_744_T"
ILE_744_T,"LEU_706_T,SER_743_T,LEU_745_T,LEU_746_T"
LEU_745_T,"ARG_716_T,ARG_720_T,ILE_744_T,LEU_746_T,PHE_760_T"
LEU_746_T,"ILE_744_T,LEU_745_T,ASN_747_T,MET_779_T"
ASN_747_T,"LEU_746_T,SER_748_T"
SER_748_T,"ARG_716_T,ASN_747_T,ILE_749_T"
ILE_749_T,"SER_748_T,ASP_750_T"
ASP_750_T,"GLU_713_T,ARG_716_T,ILE_749_T,MET_751_T,GLU_753_T"
MET_751_T,"ASP_750_T,ASN_752_T"
ASN_752_T,"MET_751_T,GLU_753_T"
GLU_753_T,"GLU_713_T,ARG_716_T,ARG_720_T,ASP_750_T,ASN_752_T,LEU_754_T"
LEU_754_T,"GLU_753_T,VAL_755_T,ARG_786_T"
VAL_755_T,"LEU_754_T,ASP_756_T"
ASP_756_T,"VAL_755_T,VAL_757_T"
VAL_757_T,"ASP_756_T,LEU_758_T,PHE_760_T,ILE_761_T,LEU_783_T"
LEU_758_T,"VAL_757_T,SER_759_T,ILE_787_T"
SER_759_T,"LEU_758_T,PHE_760_T,GLN_763_T"
PHE_760_T,"LEU_745_T,VAL_757_T,SER_759_T,ILE_761_T"
ILE_761_T,"VAL_757_T,PHE_760_T,SER_762_T,LEU_764_T,ILE_765_T,MET_779_T,PHE_814_T"
SER_762_T,"ILE_761_T,GLN_763_T,HIS_766_T"
GLN_763_T,"SER_759_T,SER_762_T,LEU_764_T"
LEU_764_T,"ILE_727_T,ILE_742_T,ILE_761_T,GLN_763_T,ILE_765_T,HIS_766_T,ILE_767_T,TYR_768_T,MET_772_T"
ILE_765_T,"ILE_761_T,LEU_764_T,HIS_766_T,MET_772_T,PHE_823_T"
HIS_766_T,"SER_762_T,LEU_764_T,ILE_765_T,ILE_767_T"
ILE_767_T,"ILE_727_T,LEU_764_T,HIS_766_T,TYR_768_T"
TYR_768_T,"GLY_731_T,LEU_735_T,VAL_738_T,LEU_764_T,ILE_767_T,LYS_769_T,ASN_771_T,MET_772_T"
LYS_769_T,"TYR_768_T,ASP_770_T"
ASP_770_T,"LYS_769_T,ASN_771_T"
ASN_771_T,"LEU_735_T,TYR_768_T,ASP_770_T,MET_772_T"
MET_772_T,"LEU_764_T,ILE_765_T,TYR_768_T,ASN_771_T,MET_773_T,THR_776_T"
MET_773_T,"MET_772_T,GLU_774_T"
GLU_774_T,"MET_773_T,ILE_775_T"
ILE_775_T,"ILE_742_T,GLU_774_T,THR_776_T"
THR_776_T,"MET_772_T,ILE_775_T,ASN_777_T,MET_779_T,LEU_780_T"
ASN_777_T,"THR_776_T,ARG_778_T,ILE_826_T,GLU_831_T"
ARG_778_T,"ASN_777_T,MET_779_T"
MET_779_T,"LEU_746_T,ILE_761_T,THR_776_T,ARG_778_T,LEU_780_T,THR_782_T"
LEU_780_T,"THR_776_T,MET_779_T,LEU_784_T"
PRO_781_T,THR_782_T
THR_782_T,"MET_779_T,PRO_781_T,LEU_783_T"
LEU_783_T,"VAL_757_T,THR_782_T,LEU_784_T"
LEU_784_T,"LEU_780_T,LEU_783_T,MET_785_T,PHE_788_T,LEU_839_T"
MET_785_T,"LEU_784_T,ARG_786_T"
ARG_786_T,"LEU_754_T,MET_785_T,ILE_787_T,SER_789_T,SER_790_T"
ILE_787_T,"LEU_758_T,ARG_786_T,PHE_788_T,LEU_791_T"
PHE_788_T,"LEU_784_T,ILE_787_T,SER_789_T,SER_792_T,LEU_839_T"
SER_789_T,"ARG_786_T,PHE_788_T,SER_790_T,SER_792_T"
SER_790_T,"ARG_786_T,SER_789_T,LEU_791_T"
LEU_791_T,"ILE_787_T,SER_790_T,SER_792_T,LEU_807_T,PHE_846_T"
SER_792_T,"PHE_788_T,SER_789_T,LEU_791_T,ALA_793_T"
ALA_793_T,"SER_792_T,ALA_794_T,GLN_804_T"
ALA_794_T,ALA_793_T
PRO_795_T,"GLN_796_T,ASP_800_T"
GLN_796_T,"PRO_795_T,GLY_797_T"
GLY_797_T,"GLN_796_T,THR_798_T"
THR_798_T,"GLY_797_T,ASP_799_T,ASP_800_T,ALA_801_T,VAL_802_T"
ASP_799_T,"THR_798_T,ASP_800_T,LYS_803_T"
ASP_800_T,"PRO_795_T,THR_798_T,ASP_799_T,ALA_801_T,GLN_804_T"
ALA_801_T,"THR_798_T,ASP_800_T,VAL_802_T"
VAL_802_T,"THR_798_T,ALA_801_T,LYS_803_T"
LYS_803_T,"ASP_799_T,VAL_802_T,GLN_804_T"
GLN_804_T,"ALA_793_T,ASP_800_T,LYS_803_T,ASN_805_T,ARG_808_T"
ASN_805_T,"GLN_804_T,ASP_806_T,LYS_809_T"
ASP_806_T,"ASN_805_T,LEU_807_T,LYS_809_T"
LEU_807_T,"LEU_791_T,ASP_806_T,ARG_808_T,TYR_811_T"
ARG_808_T,"GLN_804_T,LEU_807_T,LYS_809_T"
LYS_809_T,"ASN_805_T,ASP_806_T,ARG_808_T,SER_810_T"
SER_810_T,"LYS_809_T,TYR_811_T,PHE_814_T"
TYR_811_T,"LEU_807_T,SER_810_T,ILE_812_T,ILE_815_T,PHE_846_T"
ILE_812_T,"TYR_811_T,SER_813_T,PHE_814_T,ILE_815_T,LEU_816_T,LEU_862_T"
SER_813_T,"ILE_812_T,PHE_814_T,GLN_817_T"
PHE_814_T,"ILE_761_T,SER_810_T,ILE_812_T,SER_813_T,ILE_815_T,GLN_817_T,LEU_818_T"
ILE_815_T,"TYR_811_T,ILE_812_T,PHE_814_T,LEU_816_T,LEU_839_T,LEU_862_T"
LEU_816_T,"ILE_812_T,ILE_815_T,GLN_817_T,ASN_820_T,LEU_862_T"
GLN_817_T,"SER_813_T,PHE_814_T,LEU_816_T,LEU_818_T,LYS_821_T"
LEU_818_T,"PHE_814_T,GLN_817_T,LEU_819_T,PHE_823_T"
LEU_819_T,"LEU_818_T,ASN_820_T,TRP_870_T"
ASN_820_T,"LEU_816_T,LEU_819_T,LYS_821_T"
LYS_821_T,"GLN_817_T,ASN_820_T,GLY_822_T"
GLY_822_T,"LYS_821_T,PHE_823_T"
PHE_823_T,"ILE_765_T,LEU_818_T,GLY_822_T,GLY_824_T,SER_825_T,ILE_826_T"
GLY_824_T,"PHE_823_T,SER_825_T"
SER_825_T,"PHE_823_T,GLY_824_T,ILE_826_T"
ILE_826_T,"ASN_777_T,PHE_823_T,SER_825_T,LEU_827_T,PHE_828_T,THR_829_T"
LEU_827_T,"ILE_826_T,PHE_828_T"
PHE_828_T,"ILE_826_T,LEU_827_T,THR_829_T,GLU_830_T,PHE_836_T,TRP_870_T"
THR_829_T,"ILE_826_T,PHE_828_T,GLU_830_T,GLU_831_T,ASN_832_T"
GLU_830_T,"PHE_828_T,THR_829_T,GLU_831_T"
GLU_831_T,"ASN_777_T,THR_829_T,GLU_830_T,ASN_832_T"
ASN_832_T,"THR_829_T,GLU_831_T,GLN_833_T"
GLN_833_T,"ASN_832_T,VAL_834_T,TYR_835_T"
VAL_834_T,"GLN_833_T,TYR_835_T"
TYR_835_T,"GLN_833_T,VAL_834_T,PHE_836_T"
PHE_836_T,"PHE_828_T,TYR_835_T,ASP_837_T,ILE_840_T"
ASP_837_T,"PHE_836_T,ASN_841_T"
PRO_838_T,"LEU_839_T,SER_842_T"
LEU_839_T,"LEU_784_T,PHE_788_T,ILE_815_T,PRO_838_T,ILE_840_T"
ILE_840_T,"PHE_836_T,LEU_839_T,ASN_841_T,LEU_844_T,MET_866_T,PHE_882_T"
ASN_841_T,"ASP_837_T,ILE_840_T,SER_842_T,LEU_844_T,HIS_845_T"
SER_842_T,"PRO_838_T,ASN_841_T,ILE_843_T,HIS_845_T"
ILE_843_T,"SER_842_T,LEU_844_T,LEU_862_T,VAL_863_T"
LEU_844_T,"ILE_840_T,ASN_841_T,ILE_843_T,HIS_845_T,ASN_848_T,LEU_886_T,LEU_889_T"
HIS_845_T,"ASN_841_T,SER_842_T,LEU_844_T,PHE_846_T"
PHE_846_T,"LEU_791_T,TYR_811_T,HIS_845_T,ALA_847_T"
ALA_847_T,"PHE_846_T,ASN_848_T,ILE_860_T"
ASN_848_T,"LEU_844_T,ALA_847_T,LEU_849_T"
LEU_849_T,"ASN_848_T,VAL_850_T"
VAL_850_T,LEU_849_T
PRO_853_T,"ALA_854_T,GLN_856_T,LYS_857_T"
ALA_854_T,"PRO_853_T,THR_855_T,SER_858_T"
THR_855_T,"ALA_854_T,GLN_856_T"
GLN_856_T,"PRO_853_T,THR_855_T,LYS_857_T,ILE_860_T"
LYS_857_T,"PRO_853_T,GLN_856_T,SER_858_T,GLU_912_T"
SER_858_T,"ALA_854_T,LYS_857_T,SER_859_T"
SER_859_T,"SER_858_T,ILE_860_T"
ILE_860_T,"ALA_847_T,GLN_856_T,SER_859_T,ALA_861_T,SER_864_T,GLU_912_T"
ALA_861_T,"ILE_860_T,LEU_862_T,SER_864_T"
LEU_862_T,"ILE_812_T,ILE_815_T,LEU_816_T,ILE_843_T,ALA_861_T,VAL_863_T"
VAL_863_T,"ILE_843_T,LEU_862_T,SER_864_T,LEU_886_T,LEU_916_T"
SER_864_T,"ILE_860_T,ALA_861_T,VAL_863_T,LYS_865_T,VAL_867_T"
LYS_865_T,"SER_864_T,MET_866_T,SER_868_T,LEU_869_T"
MET_866_T,"ILE_840_T,LYS_865_T,VAL_867_T,TRP_870_T"
VAL_867_T,"SER_864_T,MET_866_T,SER_868_T,LEU_916_T,ILE_919_T"
SER_868_T,"LYS_865_T,VAL_867_T,LEU_869_T"
LEU_869_T,"LYS_865_T,SER_868_T,TRP_870_T"
TRP_870_T,"LEU_819_T,PHE_828_T,MET_866_T,LEU_869_T,GLY_871_T,PHE_879_T"
GLY_871_T,"TRP_870_T,GLY_872_T"
GLY_872_T,"GLY_871_T,LYS_873_T,ASP_874_T"
LYS_873_T,"GLY_872_T,ASP_874_T,GLY_875_T"
ASP_874_T,"GLY_872_T,LYS_873_T,GLY_875_T"
GLY_875_T,"LYS_873_T,ASP_874_T,ILE_876_T"
ILE_876_T,"GLY_875_T,ALA_877_T,PHE_879_T"
ALA_877_T,"ILE_876_T,GLY_878_T"
GLY_878_T,"ALA_877_T,PHE_879_T"
PHE_879_T,"TRP_870_T,ILE_876_T,GLY_878_T,GLU_880_T,THR_883_T"
GLU_880_T,"PHE_879_T,ASN_881_T,THR_883_T,LEU_884_T"
ASN_881_T,"GLU_880_T,PHE_882_T,SER_885_T"
PHE_882_T,"ILE_840_T,ASN_881_T,THR_883_T,LEU_886_T"
THR_883_T,"PHE_879_T,GLU_880_T,PHE_882_T,LEU_884_T,ILE_920_T"
LEU_884_T,"GLU_880_T,THR_883_T,SER_885_T"
SER_885_T,"ASN_881_T,LEU_884_T,LEU_886_T"
LEU_886_T,"LEU_844_T,VAL_863_T,PHE_882_T,SER_885_T,THR_887_T,LEU_916_T"
THR_887_T,"LEU_886_T,LEU_889_T,CYS_890_T,PHE_891_T"
PRO_888_T,"LEU_889_T,GLU_892_T"
LEU_889_T,"LEU_844_T,THR_887_T,PRO_888_T,CYS_890_T,LEU_913_T"
CYS_890_T,"THR_887_T,LEU_889_T,PHE_891_T"
PHE_891_T,"THR_887_T,CYS_890_T,GLU_892_T,TYR_950_T"
GLU_892_T,"PRO_888_T,PHE_891_T,MET_893_T"
MET_893_T,"GLU_892_T,VAL_895_T"
PRO_894_T,"VAL_895_T,ILE_970_T"
VAL_895_T,"MET_893_T,PRO_894_T,ASN_896_T"
ASN_896_T,VAL_895_T
GLN_905_T,SER_906_T
SER_906_T,"GLN_905_T,LEU_907_T,LEU_910_T"
LEU_907_T,"SER_906_T,VAL_908_T,GLY_911_T"
VAL_908_T,"LEU_907_T,VAL_909_T,GLU_912_T"
VAL_909_T,"VAL_908_T,LEU_910_T"
LEU_910_T,"SER_906_T,VAL_909_T,GLY_911_T,LEU_913_T,ALA_914_T"
GLY_911_T,"LEU_907_T,LEU_910_T,GLU_912_T"
GLU_912_T,"LYS_857_T,ILE_860_T,VAL_908_T,GLY_911_T,LEU_913_T"
LEU_913_T,"LEU_889_T,LEU_910_T,GLU_912_T,ALA_914_T"
ALA_914_T,"LEU_910_T,LEU_913_T,GLY_915_T,GLN_917_T,LYS_918_T,PHE_962_T,PHE_966_T"
GLY_915_T,"ALA_914_T,LEU_916_T,ILE_919_T"
LEU_916_T,"VAL_863_T,VAL_867_T,LEU_886_T,GLY_915_T,GLN_917_T"
GLN_917_T,"ALA_914_T,LEU_916_T,LYS_918_T,LEU_921_T"
LYS_918_T,"ALA_914_T,GLN_917_T,ILE_919_T,LEU_921_T"
ILE_919_T,"VAL_867_T,GLY_915_T,LYS_918_T,ILE_920_T"
ILE_920_T,"THR_883_T,ILE_919_T,LEU_921_T,GLU_922_T"
LEU_921_T,"GLN_917_T,LYS_918_T,ILE_920_T,GLU_922_T,LEU_954_T"
GLU_922_T,"ILE_920_T,LEU_921_T"
SER_930_T,"TYR_931_T,LEU_932_T,VAL_933_T"
TYR_931_T,"SER_930_T,LEU_932_T"
LEU_932_T,"SER_930_T,TYR_931_T,VAL_933_T,TYR_936_T"
VAL_933_T,"SER_930_T,LEU_932_T,THR_934_T,LEU_951_T"
THR_934_T,"VAL_933_T,VAL_935_T"
VAL_935_T,"THR_934_T,TYR_936_T"
TYR_936_T,"LEU_932_T,VAL_935_T,PHE_937_T,THR_939_T"
PHE_937_T,TYR_936_T
PRO_938_T,THR_939_T
THR_939_T,"TYR_936_T,PRO_938_T,VAL_940_T"
VAL_940_T,"THR_939_T,ASN_941_T,PHE_942_T"
ASN_941_T,"VAL_940_T,PHE_942_T"
PHE_942_T,"VAL_940_T,ASN_941_T"
PRO_943_T,"ASP_944_T,ALA_947_T"
ASP_944_T,"PRO_943_T,VAL_945_T"
VAL_945_T,"ASP_944_T,MET_946_T"
MET_946_T,"VAL_945_T,ALA_947_T,PHE_969_T"
ALA_947_T,"PRO_943_T,MET_946_T,SER_948_T"
SER_948_T,"ALA_947_T,GLU_949_T"
GLU_949_T,"SER_948_T,TYR_950_T,PHE_965_T"
TYR_950_T,"PHE_891_T,GLU_949_T,LEU_951_T,PHE_962_T,PHE_965_T"
LEU_951_T,"VAL_933_T,TYR_950_T,GLN_952_T,SER_955_T"
GLN_952_T,"LEU_951_T,ALA_953_T,ASN_956_T"
ALA_953_T,"GLN_952_T,LEU_954_T,LEU_957_T,PHE_962_T,PHE_965_T"
LEU_954_T,"LEU_921_T,ALA_953_T,SER_955_T,PHE_962_T"
SER_955_T,"LEU_951_T,LEU_954_T,ASN_956_T"
ASN_956_T,"GLN_952_T,SER_955_T,LEU_957_T"
LEU_957_T,"ALA_953_T,ASN_956_T"
SER_959_T,ARG_960_T
ARG_960_T,"SER_959_T,SER_961_T"
SER_961_T,"ARG_960_T,PHE_962_T"
PHE_962_T,"ALA_914_T,TYR_950_T,ALA_953_T,LEU_954_T,SER_961_T,LYS_963_T"
LYS_963_T,"PHE_962_T,GLN_964_T"
GLN_964_T,"LYS_963_T,PHE_965_T"
PHE_965_T,"GLU_949_T,TYR_950_T,ALA_953_T,GLN_964_T,PHE_966_T,PHE_969_T"
PHE_966_T,"ALA_914_T,PHE_965_T,GLN_967_T"
GLN_967_T,"PHE_966_T,LYS_968_T"
LYS_968_T,"GLN_967_T,PHE_969_T"
PHE_969_T,"MET_946_T,PHE_965_T,LYS_968_T,ILE_970_T,LEU_973_T"
ILE_970_T,"PRO_894_T,PHE_969_T,GLN_971_T,ALA_972_T,LEU_973_T,LYS_974_T"
GLN_971_T,"ILE_970_T,ALA_972_T,SER_975_T"
ALA_972_T,"ILE_970_T,GLN_971_T,LEU_973_T,SER_975_T"
LEU_973_T,"PHE_969_T,ILE_970_T,ALA_972_T,LYS_974_T"
LYS_974_T,"ILE_970_T,LEU_973_T,SER_975_T"
SER_975_T,"GLN_971_T,ALA_972_T,LYS_974_T"
