residue_id,neighbors
PRO_98_A,"GLN_99_A,THR_1110_A"
GLN_99_A,"PRO_98_A,HIS_100_A,ASN_103_A"
HIS_100_A,"GLN_99_A,HIS_101_A,THR_104_A,GLU_209_A"
HIS_101_A,"HIS_100_A,TYR_102_A,THR_104_A,LEU_105_A,TYR_1011_A"
TYR_102_A,"HIS_101_A,ASN_103_A,LEU_106_A,TRP_315_A"
ASN_103_A,"GLN_99_A,TYR_102_A,THR_104_A,ALA_107_A"
THR_104_A,"HIS_100_A,HIS_101_A,ASN_103_A,LEU_105_A,MET_108_A"
LEU_105_A,"HIS_101_A,THR_104_A,LEU_106_A,ALA_109_A,TRP_315_A"
LEU_106_A,"TYR_102_A,LEU_105_A,ALA_107_A,PHE_110_A"
ALA_107_A,"ASN_103_A,LEU_106_A,MET_108_A,THR_111_A"
MET_108_A,"THR_104_A,ALA_107_A,ALA_109_A,LYS_112_A,TYR_1011_A"
ALA_109_A,"LEU_105_A,MET_108_A,PHE_110_A,ALA_113_A"
PHE_110_A,"LEU_106_A,ALA_109_A,THR_111_A,HIS_114_A,LEU_196_A,ARG_200_A,ALA_299_A"
THR_111_A,"ALA_107_A,PHE_110_A,LYS_112_A,LYS_115_A"
LYS_112_A,"MET_108_A,THR_111_A,ALA_113_A,VAL_116_A,LEU_303_A,ASP_307_A,GLU_969_A"
ALA_113_A,"ALA_109_A,LYS_112_A,HIS_114_A,TYR_117_A"
HIS_114_A,"PHE_110_A,ALA_113_A,LYS_115_A,SER_118_A,TYR_193_A,ASP_197_A"
LYS_115_A,"THR_111_A,HIS_114_A,VAL_116_A,ASP_119_A,GLU_969_A"
VAL_116_A,"LYS_112_A,LYS_115_A,TYR_117_A"
TYR_117_A,"ALA_113_A,VAL_116_A,SER_118_A,LEU_156_A,TYR_185_A,TYR_193_A"
SER_118_A,"HIS_114_A,TYR_117_A,ASP_119_A,TYR_193_A"
ASP_119_A,"LYS_115_A,SER_118_A,ILE_120_A,GLU_969_A"
ILE_120_A,"ASP_119_A,ARG_121_A,LEU_156_A"
ARG_121_A,"ILE_120_A,GLY_122_A,ASP_127_A,GLU_189_A,LYS_190_A"
GLY_122_A,"ARG_121_A,LYS_123_A"
LYS_123_A,"GLY_122_A,VAL_124_A,GLU_125_A"
VAL_124_A,"LYS_123_A,GLU_125_A"
GLU_125_A,"LYS_123_A,VAL_124_A,ILE_126_A,ASP_127_A,LYS_160_A"
ILE_126_A,"GLU_125_A,ASP_127_A,TYR_131_A"
ASP_127_A,"ARG_121_A,GLU_125_A,ILE_126_A,ALA_128_A,GLU_189_A,LYS_190_A"
ALA_128_A,"ASP_127_A,ALA_129_A"
ALA_129_A,"ALA_128_A,GLN_130_A"
GLN_130_A,"ALA_129_A,TYR_131_A"
TYR_131_A,"ILE_126_A,GLN_130_A,GLU_132_A"
GLU_132_A,"TYR_131_A,THR_133_A"
THR_133_A,"GLU_132_A,LYS_134_A"
LYS_134_A,"THR_133_A,ALA_135_A,ASN_169_A,GLU_514_A"
ALA_135_A,"LYS_134_A,LYS_136_A"
LYS_136_A,"ALA_135_A,LEU_137_A,LYS_171_A"
LEU_137_A,"LYS_136_A,ILE_138_A"
ILE_138_A,"LEU_137_A,GLU_139_A,VAL_140_A,LYS_171_A"
GLU_139_A,"ILE_138_A,VAL_140_A,LYS_176_A"
VAL_140_A,"ILE_138_A,GLU_139_A,GLU_141_A"
GLU_141_A,"VAL_140_A,TYR_142_A"
TYR_142_A,"GLU_141_A,GLY_143_A,GLU_146_A,ARG_148_A"
GLY_143_A,"TYR_142_A,LYS_144_A"
LYS_144_A,"GLY_143_A,ASP_145_A"
ASP_145_A,"LYS_144_A,GLU_146_A"
GLU_146_A,"TYR_142_A,ASP_145_A,THR_147_A,LYS_175_A,LYS_341_A"
THR_147_A,"GLU_146_A,ARG_148_A"
ARG_148_A,"TYR_142_A,THR_147_A,GLY_149_A,HIS_251_A"
GLY_149_A,"ARG_148_A,LEU_150_A"
LEU_150_A,"GLY_149_A,SER_151_A,TYR_155_A,MET_158_A"
SER_151_A,"LEU_150_A,GLY_152_A,GLU_154_A,ALA_336_A,LEU_337_A"
GLY_152_A,"SER_151_A,LEU_153_A,LEU_156_A"
LEU_153_A,"GLY_152_A,GLU_154_A,MET_157_A"
GLU_154_A,"SER_151_A,LEU_153_A,TYR_155_A,MET_158_A,LEU_337_A,LYS_341_A"
TYR_155_A,"LEU_150_A,GLU_154_A,LEU_156_A,SER_159_A,ILE_181_A"
LEU_156_A,"TYR_117_A,ILE_120_A,GLY_152_A,TYR_155_A,MET_157_A,LYS_160_A"
MET_157_A,"LEU_153_A,LEU_156_A,MET_158_A,HIS_161_A"
MET_158_A,"LEU_150_A,GLU_154_A,MET_157_A,SER_159_A,LEU_162_A,LEU_182_A"
SER_159_A,"TYR_155_A,MET_158_A,LYS_160_A"
LYS_160_A,"GLU_125_A,LEU_156_A,SER_159_A,HIS_161_A"
HIS_161_A,"MET_157_A,LYS_160_A,LEU_162_A,ASN_167_A"
LEU_162_A,"MET_158_A,HIS_161_A,PHE_163_A,LEU_172_A,LEU_182_A"
PHE_163_A,"LEU_162_A,SER_164_A"
SER_164_A,"PHE_163_A,GLY_165_A"
GLY_165_A,"SER_164_A,LYS_166_A"
LYS_166_A,"GLY_165_A,ASN_167_A"
ASN_167_A,"HIS_161_A,LYS_166_A,SER_168_A"
SER_168_A,"ASN_167_A,ASN_169_A"
ASN_169_A,"LYS_134_A,SER_168_A,ILE_170_A"
ILE_170_A,"ASN_169_A,LYS_171_A,LEU_172_A,ALA_348_A"
LYS_171_A,"LYS_136_A,ILE_138_A,ILE_170_A,LEU_172_A"
LEU_172_A,"LEU_162_A,ILE_170_A,LYS_171_A,ALA_173_A,LEU_346_A"
ALA_173_A,"LEU_172_A,VAL_174_A"
VAL_174_A,"ALA_173_A,LYS_175_A"
LYS_175_A,"GLU_146_A,VAL_174_A,LYS_176_A,GLU_178_A"
LYS_176_A,"GLU_139_A,LYS_175_A,GLY_177_A"
GLY_177_A,"LYS_176_A,GLU_178_A"
GLU_178_A,"LYS_175_A,GLY_177_A,THR_179_A,LEU_182_A"
THR_179_A,"GLU_178_A,GLU_180_A,LYS_183_A"
GLU_180_A,"THR_179_A,ILE_181_A,GLU_184_A"
ILE_181_A,"TYR_155_A,GLU_180_A,LEU_182_A,TYR_185_A"
LEU_182_A,"MET_158_A,LEU_162_A,GLU_178_A,ILE_181_A,LYS_183_A,ALA_186_A"
LYS_183_A,"THR_179_A,LEU_182_A,GLU_184_A,LEU_187_A"
GLU_184_A,"GLU_180_A,LYS_183_A,TYR_185_A,ASN_188_A,ARG_244_A"
TYR_185_A,"TYR_117_A,ILE_181_A,GLU_184_A,ALA_186_A,GLU_189_A,TRP_240_A"
ALA_186_A,"LEU_182_A,TYR_185_A,LEU_187_A"
LEU_187_A,"LYS_183_A,ALA_186_A,ASN_188_A"
ASN_188_A,"GLU_184_A,LEU_187_A,GLU_189_A,ILE_192_A"
GLU_189_A,"ARG_121_A,ASP_127_A,TYR_185_A,ASN_188_A,LYS_190_A,TYR_193_A"
LYS_190_A,"ARG_121_A,ASP_127_A,GLU_189_A,LEU_191_A,THR_194_A"
LEU_191_A,"LYS_190_A,ILE_192_A,VAL_195_A,GLU_233_A"
ILE_192_A,"ASN_188_A,LEU_191_A,TYR_193_A,LEU_196_A,PHE_241_A,PHE_302_A"
TYR_193_A,"HIS_114_A,TYR_117_A,SER_118_A,GLU_189_A,ILE_192_A,THR_194_A,ASP_197_A"
THR_194_A,"LYS_190_A,TYR_193_A,VAL_195_A,GLU_198_A,LEU_229_A"
VAL_195_A,"LEU_191_A,THR_194_A,LEU_196_A,LEU_199_A,LEU_229_A,ALA_237_A,PHE_241_A"
LEU_196_A,"PHE_110_A,ILE_192_A,VAL_195_A,ASP_197_A,ARG_200_A,PHE_302_A"
ASP_197_A,"HIS_114_A,TYR_193_A,LEU_196_A,GLU_198_A,ASN_201_A"
GLU_198_A,"THR_194_A,ASP_197_A,LEU_199_A,ASN_201_A,PHE_202_A,TYR_219_A,LYS_228_A"
LEU_199_A,"VAL_195_A,GLU_198_A,ARG_200_A,HIS_203_A"
ARG_200_A,"PHE_110_A,LEU_196_A,LEU_199_A,ASN_201_A,SER_204_A"
ASN_201_A,"ASP_197_A,GLU_198_A,ARG_200_A,PHE_202_A"
PHE_202_A,"GLU_198_A,ASN_201_A,HIS_203_A,PRO_210_A,VAL_213_A"
HIS_203_A,"LEU_199_A,PHE_202_A,SER_204_A,HIS_205_A"
SER_204_A,"ARG_200_A,HIS_203_A,HIS_205_A"
HIS_205_A,"HIS_203_A,SER_204_A,ILE_206_A,PRO_210_A,LYS_224_A,LYS_1018_A"
ILE_206_A,"HIS_205_A,PHE_207_A,GLN_1022_A"
PHE_207_A,"ILE_206_A,HIS_208_A,VAL_1021_A,TYR_1028_A"
HIS_208_A,"PHE_207_A,GLU_209_A,PHE_1025_A"
GLU_209_A,"HIS_100_A,HIS_208_A,LYS_1018_A"
PRO_210_A,"PHE_202_A,HIS_205_A,GLY_211_A"
GLY_211_A,PRO_210_A
PRO_212_A,VAL_213_A
VAL_213_A,"PHE_202_A,PRO_212_A,SER_214_A,ILE_290_A,LEU_295_A"
SER_214_A,"VAL_213_A,PHE_215_A,ASN_217_A"
PHE_215_A,"SER_214_A,LYS_216_A,TRP_234_A,GLU_285_A"
LYS_216_A,"PHE_215_A,ASN_217_A,LYS_227_A"
ASN_217_A,"SER_214_A,LYS_216_A,LEU_218_A,TRP_234_A"
LEU_218_A,"ASN_217_A,TYR_219_A"
TYR_219_A,"GLU_198_A,LEU_218_A,GLY_220_A,LYS_224_A,GLU_226_A"
GLY_220_A,"TYR_219_A,ASP_221_A"
ASP_221_A,"GLY_220_A,GLU_222_A,TYR_223_A"
GLU_222_A,"ASP_221_A,TYR_223_A"
TYR_223_A,"ASP_221_A,GLU_222_A,LYS_224_A"
LYS_224_A,"HIS_205_A,TYR_219_A,TYR_223_A,GLU_226_A"
PRO_225_A,GLU_226_A
GLU_226_A,"TYR_219_A,LYS_224_A,PRO_225_A,LYS_227_A,LYS_228_A"
LYS_227_A,"LYS_216_A,GLU_226_A,LYS_228_A,GLU_231_A"
LYS_228_A,"GLU_198_A,GLU_226_A,LYS_227_A,LEU_229_A"
LEU_229_A,"THR_194_A,VAL_195_A,LYS_228_A,THR_230_A"
THR_230_A,"LEU_229_A,GLU_231_A"
GLU_231_A,"LYS_227_A,THR_230_A,GLU_232_A,ALA_235_A"
GLU_232_A,"GLU_231_A,GLU_233_A,ILE_236_A"
GLU_233_A,"LEU_191_A,GLU_232_A,TRP_234_A,ALA_237_A"
TRP_234_A,"PHE_215_A,ASN_217_A,GLU_233_A,ALA_235_A,ARG_238_A"
ALA_235_A,"GLU_231_A,TRP_234_A,ILE_236_A,ASP_239_A"
ILE_236_A,"GLU_232_A,ALA_235_A,ALA_237_A,TRP_240_A"
ALA_237_A,"VAL_195_A,GLU_233_A,ILE_236_A,ARG_238_A,PHE_241_A"
ARG_238_A,"TRP_234_A,ALA_237_A,ASP_239_A,VAL_242_A"
ASP_239_A,"ALA_235_A,ARG_238_A,TRP_240_A,ASN_243_A"
TRP_240_A,"TYR_185_A,ILE_236_A,ASP_239_A,PHE_241_A,ARG_244_A,MET_301_A"
PHE_241_A,"ILE_192_A,VAL_195_A,ALA_237_A,TRP_240_A,VAL_242_A,PHE_245_A,ILE_298_A,PHE_302_A"
VAL_242_A,"ARG_238_A,PHE_241_A,ASN_243_A,ASN_246_A"
ASN_243_A,"ASP_239_A,VAL_242_A,ARG_244_A,ASP_247_A"
ARG_244_A,"GLU_184_A,TRP_240_A,ASN_243_A,PHE_245_A,ASP_247_A,ALA_248_A"
PHE_245_A,"PHE_241_A,ARG_244_A,ASN_246_A,LYS_249_A"
ASN_246_A,"VAL_242_A,PHE_245_A,ASP_247_A,GLU_250_A"
ASP_247_A,"ASN_243_A,ARG_244_A,ASN_246_A,ALA_248_A,GLU_250_A,HIS_251_A"
ALA_248_A,"ARG_244_A,ASP_247_A,LYS_249_A,LYS_252_A,PHE_297_A"
LYS_249_A,"PHE_245_A,ALA_248_A,GLU_250_A,LEU_253_A"
GLU_250_A,"ASN_246_A,ASP_247_A,LYS_249_A,HIS_251_A,LYS_254_A"
HIS_251_A,"ARG_148_A,ASP_247_A,GLU_250_A,LYS_252_A,THR_255_A"
LYS_252_A,"ALA_248_A,HIS_251_A,LEU_253_A,LEU_256_A,SER_327_A,ASP_334_A"
LEU_253_A,"LYS_249_A,LYS_252_A,LYS_254_A,ALA_257_A,ILE_279_A"
LYS_254_A,"GLU_250_A,LEU_253_A,THR_255_A,LYS_258_A"
THR_255_A,"HIS_251_A,LYS_254_A,LEU_256_A"
LEU_256_A,"LYS_252_A,THR_255_A,ALA_257_A,VAL_275_A,ILE_276_A"
ALA_257_A,"LEU_253_A,LEU_256_A,LYS_258_A"
LYS_258_A,"LYS_254_A,ALA_257_A,VAL_259_A"
VAL_259_A,"LYS_258_A,LEU_260_A"
LEU_260_A,"VAL_259_A,GLU_261_A"
GLU_261_A,"LEU_260_A,ARG_262_A,GLU_263_A"
ARG_262_A,"GLU_261_A,GLU_263_A"
GLU_263_A,"GLU_261_A,ARG_262_A,GLY_264_A"
GLY_264_A,"GLU_263_A,THR_265_A"
THR_265_A,"GLY_264_A,THR_266_A"
THR_266_A,"THR_265_A,GLU_267_A"
GLU_267_A,"THR_266_A,GLU_268_A,ASP_271_A"
GLU_268_A,"GLU_267_A,LYS_269_A"
LYS_269_A,"GLU_268_A,GLU_270_A"
GLU_270_A,"LYS_269_A,ASP_271_A,LYS_274_A"
ASP_271_A,"GLU_267_A,GLU_270_A,ALA_272_A,LYS_274_A,PHE_325_A"
ALA_272_A,"ASP_271_A,GLU_273_A"
GLU_273_A,"ALA_272_A,LYS_274_A,LYS_277_A"
LYS_274_A,"GLU_270_A,ASP_271_A,GLU_273_A,VAL_275_A"
VAL_275_A,"LEU_256_A,LYS_274_A,ILE_276_A,ILE_279_A,VAL_324_A"
ILE_276_A,"LEU_256_A,VAL_275_A,LYS_277_A,SER_280_A"
LYS_277_A,"GLU_273_A,ILE_276_A,THR_278_A"
THR_278_A,"LYS_277_A,ILE_279_A"
ILE_279_A,"LEU_253_A,VAL_275_A,THR_278_A,SER_280_A"
SER_280_A,"ILE_276_A,ILE_279_A,GLY_281_A"
GLY_281_A,"SER_280_A,TYR_282_A"
TYR_282_A,"GLY_281_A,SER_283_A,GLU_293_A"
SER_283_A,"TYR_282_A,PHE_284_A,GLU_285_A"
PHE_284_A,"SER_283_A,GLU_285_A,ALA_294_A"
GLU_285_A,"PHE_215_A,SER_283_A,PHE_284_A,TYR_286_A"
TYR_286_A,"GLU_285_A,ASN_287_A,ASN_288_A"
ASN_287_A,"TYR_286_A,ASN_288_A"
ASN_288_A,"TYR_286_A,ASN_287_A,CYS_289_A"
CYS_289_A,"ASN_288_A,ILE_290_A"
ILE_290_A,"VAL_213_A,CYS_289_A,SER_291_A"
SER_291_A,"ILE_290_A,ARG_292_A"
ARG_292_A,"SER_291_A,GLU_293_A,LEU_296_A"
GLU_293_A,"TYR_282_A,ARG_292_A,ALA_294_A,PHE_297_A"
ALA_294_A,"PHE_284_A,GLU_293_A,LEU_295_A,ILE_298_A"
LEU_295_A,"VAL_213_A,ALA_294_A,LEU_296_A,ALA_299_A"
LEU_296_A,"ARG_292_A,LEU_295_A,PHE_297_A,CYS_300_A,TRP_315_A"
PHE_297_A,"ALA_248_A,GLU_293_A,LEU_296_A,ILE_298_A,MET_301_A"
ILE_298_A,"PHE_241_A,ALA_294_A,PHE_297_A,ALA_299_A"
ALA_299_A,"PHE_110_A,LEU_295_A,ILE_298_A,CYS_300_A"
CYS_300_A,"LEU_296_A,ALA_299_A,MET_301_A"
MET_301_A,"TRP_240_A,PHE_297_A,CYS_300_A,PHE_302_A,ASN_335_A"
PHE_302_A,"ILE_192_A,LEU_196_A,PHE_241_A,MET_301_A,LEU_303_A"
LEU_303_A,"LYS_112_A,PHE_302_A,ARG_304_A"
ARG_304_A,"LEU_303_A,LYS_305_A,ALA_308_A,GLU_339_A,GLU_964_A"
LYS_305_A,"ARG_304_A,SER_306_A,ALA_309_A"
SER_306_A,"LYS_305_A,ASP_307_A,TYR_310_A"
ASP_307_A,"LYS_112_A,SER_306_A,ALA_308_A,PHE_311_A,GLU_339_A"
ALA_308_A,"ARG_304_A,ASP_307_A,ALA_309_A,THR_312_A,ALA_336_A"
ALA_309_A,"LYS_305_A,ALA_308_A,TYR_310_A,LYS_313_A"
TYR_310_A,"SER_306_A,ALA_309_A,PHE_311_A,LYS_314_A,LEU_1007_A,ASP_1008_A"
PHE_311_A,"ASP_307_A,TYR_310_A,THR_312_A,TRP_315_A"
THR_312_A,"ALA_308_A,PHE_311_A,LYS_313_A"
LYS_313_A,"ALA_309_A,THR_312_A,LYS_314_A"
LYS_314_A,"TYR_310_A,LYS_313_A,TRP_315_A,ASP_1008_A"
TRP_315_A,"TYR_102_A,LEU_105_A,LEU_296_A,PHE_311_A,LYS_314_A,THR_316_A"
THR_316_A,"TRP_315_A,GLY_317_A"
GLY_317_A,"THR_316_A,MET_318_A"
MET_318_A,"GLY_317_A,LYS_319_A"
LYS_319_A,"MET_318_A,LYS_320_A"
LYS_320_A,"LYS_319_A,ALA_321_A,LYS_1109_A"
ALA_321_A,"LYS_320_A,GLU_322_A"
GLU_322_A,"ALA_321_A,GLY_323_A,LYS_326_A"
GLY_323_A,"GLU_322_A,VAL_324_A,LYS_326_A"
VAL_324_A,"VAL_275_A,GLY_323_A,PHE_325_A,SER_327_A"
PHE_325_A,"ASP_271_A,VAL_324_A,LYS_326_A"
LYS_326_A,"GLU_322_A,GLY_323_A,PHE_325_A,SER_327_A"
SER_327_A,"LYS_252_A,VAL_324_A,LYS_326_A,THR_328_A"
THR_328_A,"SER_327_A,GLN_329_A"
GLN_329_A,"THR_328_A,SER_330_A"
SER_330_A,"GLN_329_A,PHE_331_A"
PHE_331_A,"SER_330_A,PHE_332_A"
PHE_332_A,"PHE_331_A,THR_333_A"
THR_333_A,"PHE_332_A,ASP_334_A"
ASP_334_A,"LYS_252_A,THR_333_A,ASN_335_A"
ASN_335_A,"MET_301_A,ASP_334_A,ALA_336_A"
ALA_336_A,"SER_151_A,ALA_308_A,ASN_335_A,LEU_337_A"
LEU_337_A,"SER_151_A,GLU_154_A,ALA_336_A,LYS_338_A"
LYS_338_A,"LEU_337_A,GLU_339_A"
GLU_339_A,"ARG_304_A,ASP_307_A,LYS_338_A,SER_340_A,GLU_964_A,LYS_1000_A"
SER_340_A,"GLU_339_A,LYS_341_A"
LYS_341_A,"GLU_146_A,GLU_154_A,SER_340_A,SER_342_A"
SER_342_A,"LYS_341_A,ILE_343_A"
ILE_343_A,"SER_342_A,LEU_344_A"
LEU_344_A,"ILE_343_A,THR_345_A,ASP_962_A"
THR_345_A,"LEU_344_A,LEU_346_A"
LEU_346_A,"LEU_172_A,THR_345_A,ASN_347_A"
ASN_347_A,"LEU_346_A,ALA_348_A"
ALA_348_A,"ILE_170_A,ASN_347_A,ASP_349_A,LYS_352_A"
ASP_349_A,"ALA_348_A,LEU_350_A,LYS_352_A,ASP_424_A,GLU_893_A"
LEU_350_A,"ASP_349_A,TYR_351_A,ARG_354_A,ALA_894_A"
TYR_351_A,"LEU_350_A,LYS_352_A,GLN_355_A"
LYS_352_A,"ALA_348_A,ASP_349_A,TYR_351_A,TYR_353_A,ILE_356_A,LYS_420_A,ASP_424_A,TYR_890_A"
TYR_353_A,"LYS_352_A,ARG_354_A,LEU_357_A,TRP_891_A"
ARG_354_A,"LEU_350_A,TYR_353_A,GLN_355_A,GLY_358_A"
GLN_355_A,"TYR_351_A,ARG_354_A,ILE_356_A,VAL_359_A"
ILE_356_A,"LYS_352_A,GLN_355_A,LEU_357_A,LEU_360_A"
LEU_357_A,"TYR_353_A,ILE_356_A,GLY_358_A,SER_361_A,TYR_924_A,ILE_927_A"
GLY_358_A,"ARG_354_A,LEU_357_A,VAL_359_A"
VAL_359_A,"GLN_355_A,GLY_358_A,LEU_360_A,THR_362_A"
LEU_360_A,"ILE_356_A,VAL_359_A,SER_361_A"
SER_361_A,"LEU_357_A,LEU_360_A,THR_362_A"
THR_362_A,"VAL_359_A,SER_361_A,MET_363_A,ARG_409_A"
MET_363_A,"THR_362_A,ILE_406_A"
PRO_364_A,ALA_365_A
ALA_365_A,"PRO_364_A,MET_366_A"
MET_366_A,"ALA_365_A,LYS_367_A,LEU_371_A,TYR_375_A"
LYS_367_A,"MET_366_A,THR_368_A,LYS_410_A"
THR_368_A,"LYS_367_A,ASP_369_A"
ASP_369_A,"THR_368_A,SER_370_A"
SER_370_A,"ASP_369_A,LEU_371_A"
LEU_371_A,"MET_366_A,SER_370_A,LYS_372_A,PHE_374_A,MET_869_A"
LYS_372_A,"LEU_371_A,ASP_376_A"
PRO_373_A,"PHE_374_A,PHE_377_A"
PHE_374_A,"LEU_371_A,PRO_373_A,TYR_375_A,ILE_378_A,LEU_845_A,PHE_855_A"
TYR_375_A,"MET_366_A,PHE_374_A,ASP_376_A,LYS_379_A"
ASP_376_A,"LYS_372_A,TYR_375_A,PHE_377_A,ILE_380_A"
PHE_377_A,"PRO_373_A,ASP_376_A,ILE_378_A,ASN_381_A,ILE_914_A"
ILE_378_A,"PHE_374_A,PHE_377_A,LYS_379_A,ASN_382_A"
LYS_379_A,"TYR_375_A,ILE_378_A,ILE_380_A,ASP_383_A"
ILE_380_A,"ASP_376_A,LYS_379_A,ASN_381_A,SER_384_A"
ASN_381_A,"PHE_377_A,ILE_380_A,ASN_382_A,TYR_385_A"
ASN_382_A,"ILE_378_A,ASN_381_A,ASP_383_A,SER_386_A"
ASP_383_A,"LYS_379_A,ASN_382_A,SER_384_A,GLU_387_A"
SER_384_A,"ILE_380_A,ASP_383_A,TYR_385_A,LYS_388_A"
TYR_385_A,"ASN_381_A,SER_384_A,SER_386_A,ALA_389_A,PHE_404_A"
SER_386_A,"ASN_382_A,TYR_385_A,GLU_387_A,GLU_390_A"
GLU_387_A,"ASP_383_A,SER_386_A,LYS_388_A,GLU_390_A,LYS_391_A"
LYS_388_A,"SER_384_A,GLU_387_A,ALA_389_A"
ALA_389_A,"TYR_385_A,LYS_388_A,GLU_390_A,LYS_391_A,ILE_401_A,GLN_402_A"
GLU_390_A,"SER_386_A,GLU_387_A,ALA_389_A,LYS_391_A"
LYS_391_A,"GLU_387_A,ALA_389_A,GLU_390_A,ALA_392_A"
ALA_392_A,"LYS_391_A,ARG_393_A"
ARG_393_A,"ALA_392_A,SER_394_A,GLU_397_A"
SER_394_A,"ARG_393_A,LYS_395_A"
LYS_395_A,"SER_394_A,GLU_396_A,GLU_399_A"
GLU_396_A,"LYS_395_A,GLU_397_A,GLU_399_A,LYS_400_A"
GLU_397_A,"ARG_393_A,GLU_396_A,LYS_398_A,ILE_401_A"
LYS_398_A,"GLU_397_A,GLU_399_A,GLN_402_A"
GLU_399_A,"LYS_395_A,GLU_396_A,LYS_398_A,LYS_400_A"
LYS_400_A,"GLU_396_A,GLU_399_A,ILE_401_A"
ILE_401_A,"ALA_389_A,GLU_397_A,LYS_400_A,GLN_402_A"
GLN_402_A,"ALA_389_A,LYS_398_A,ILE_401_A,ALA_403_A"
ALA_403_A,"GLN_402_A,PHE_404_A,PHE_920_A"
PHE_404_A,"TYR_385_A,ALA_403_A,ILE_405_A"
ILE_405_A,"PHE_404_A,ILE_406_A"
ILE_406_A,"MET_363_A,ILE_405_A,TYR_918_A"
PRO_407_A,GLN_408_A
GLN_408_A,"PRO_407_A,ARG_409_A"
ARG_409_A,"THR_362_A,GLN_408_A,LYS_410_A,SER_412_A,TYR_414_A,GLU_880_A"
LYS_410_A,"LYS_367_A,ARG_409_A,SER_411_A"
SER_411_A,"LYS_410_A,SER_412_A"
SER_412_A,"ARG_409_A,SER_411_A,ASN_413_A"
ASN_413_A,"SER_412_A,TYR_414_A"
TYR_414_A,"ARG_409_A,ASN_413_A,THR_415_A,ASN_879_A"
THR_415_A,"TYR_414_A,TYR_416_A"
TYR_416_A,"THR_415_A,TRP_417_A,LYS_420_A"
TRP_417_A,"TYR_416_A,PHE_418_A,TYR_421_A,LEU_883_A"
PHE_418_A,"TRP_417_A,MET_419_A,LEU_422_A,MET_550_A,ILE_886_A"
MET_419_A,"PHE_418_A,LYS_420_A,ASN_423_A,ILE_433_A,PHE_527_A"
LYS_420_A,"LYS_352_A,TYR_416_A,MET_419_A,TYR_421_A,ASP_424_A,ASP_516_A"
TYR_421_A,"TRP_417_A,LYS_420_A,LEU_422_A,TYR_889_A"
LEU_422_A,"PHE_418_A,TYR_421_A,ASN_423_A,LEU_427_A"
ASN_423_A,"MET_419_A,LEU_422_A,ASP_424_A,THR_512_A"
ASP_424_A,"ASP_349_A,LYS_352_A,LYS_420_A,ASN_423_A,ASN_425_A,ASP_516_A,TYR_890_A"
ASN_425_A,"ASP_424_A,LYS_426_A,LEU_427_A,TYR_889_A"
LYS_426_A,"ASN_425_A,LEU_427_A,ASP_429_A,ILE_513_A"
LEU_427_A,"LEU_422_A,ASN_425_A,LYS_426_A,LEU_428_A,ASP_429_A,LEU_556_A"
LEU_428_A,"LEU_427_A,ASP_429_A,ILE_433_A"
ASP_429_A,"LYS_426_A,LEU_427_A,LEU_428_A,GLY_430_A"
GLY_430_A,"ASP_429_A,PHE_431_A"
PHE_431_A,"GLY_430_A,ARG_432_A,THR_529_A"
ARG_432_A,"PHE_431_A,ILE_433_A,ASP_530_A"
ILE_433_A,"MET_419_A,LEU_428_A,ARG_432_A,ALA_434_A,PHE_527_A"
ALA_434_A,"ILE_433_A,TYR_435_A,PHE_508_A,CYS_519_A"
TYR_435_A,"ALA_434_A,TYR_436_A,VAL_507_A"
TYR_436_A,"TYR_435_A,LYS_437_A"
LYS_437_A,"TYR_436_A,THR_438_A,ARG_442_A,GLU_501_A,ARG_504_A"
THR_438_A,"LYS_437_A,ASP_441_A"
PRO_439_A,"GLU_440_A,PHE_443_A"
GLU_440_A,"PRO_439_A,ASP_441_A,MET_444_A,PRO_466_A"
ASP_441_A,"THR_438_A,GLU_440_A,ARG_442_A,TYR_445_A,LYS_509_A"
ARG_442_A,"LYS_437_A,ASP_441_A,PHE_443_A,LEU_446_A"
PHE_443_A,"PRO_439_A,ARG_442_A,MET_444_A,ILE_447_A,LYS_469_A"
MET_444_A,"GLU_440_A,PHE_443_A,TYR_445_A,HIS_448_A"
TYR_445_A,"ASP_441_A,MET_444_A,LEU_446_A,ASN_449_A"
LEU_446_A,"ARG_442_A,TYR_445_A,ILE_447_A"
ILE_447_A,"PHE_443_A,LEU_446_A,HIS_448_A,ILE_452_A"
HIS_448_A,"MET_444_A,ILE_447_A,ASN_449_A"
ASN_449_A,"TYR_445_A,HIS_448_A,GLY_450_A"
GLY_450_A,"ASN_449_A,LEU_451_A"
LEU_451_A,"GLY_450_A,ILE_452_A,LEU_480_A,ILE_498_A"
ILE_452_A,"ILE_447_A,LEU_451_A,SER_453_A,PHE_478_A"
SER_453_A,"ILE_452_A,GLN_454_A"
GLN_454_A,"SER_453_A,ASP_455_A"
ASP_455_A,"GLN_454_A,ASP_456_A,GLU_458_A"
ASP_456_A,"ASP_455_A,LEU_457_A,GLU_458_A,LYS_476_A"
LEU_457_A,"ASP_456_A,GLU_458_A,ASN_459_A"
GLU_458_A,"ASP_455_A,ASP_456_A,LEU_457_A,ASN_459_A,ILE_460_A,LYS_476_A"
ASN_459_A,"LEU_457_A,GLU_458_A,ILE_460_A"
ILE_460_A,"GLU_458_A,ASN_459_A,GLU_461_A,PHE_463_A"
GLU_461_A,"ILE_460_A,ASP_462_A"
ASP_462_A,"GLU_461_A,PHE_463_A"
PHE_463_A,"ILE_460_A,ASP_462_A,LYS_464_A,THR_465_A,GLU_468_A"
LYS_464_A,"PHE_463_A,THR_465_A,LYS_469_A"
THR_465_A,"PHE_463_A,LYS_464_A,GLU_468_A"
PRO_466_A,"GLU_440_A,ASP_467_A"
ASP_467_A,"PRO_466_A,GLU_468_A"
GLU_468_A,"PHE_463_A,THR_465_A,ASP_467_A,LYS_469_A,TYR_472_A"
LYS_469_A,"PHE_443_A,LYS_464_A,GLU_468_A,LEU_470_A,TYR_472_A,LEU_473_A"
LEU_470_A,"LYS_469_A,LYS_471_A,ARG_474_A"
LYS_471_A,"LEU_470_A,TYR_472_A,GLU_475_A"
TYR_472_A,"GLU_468_A,LYS_469_A,LYS_471_A,LEU_473_A,LYS_476_A"
LEU_473_A,"LYS_469_A,TYR_472_A,ARG_474_A,PHE_478_A"
ARG_474_A,"LEU_470_A,LEU_473_A,GLU_475_A"
GLU_475_A,"LYS_471_A,ARG_474_A,LYS_476_A"
LYS_476_A,"ASP_456_A,GLU_458_A,TYR_472_A,GLU_475_A,GLY_477_A"
GLY_477_A,"LYS_476_A,PHE_478_A"
PHE_478_A,"ILE_452_A,LEU_473_A,GLY_477_A,ASN_479_A"
ASN_479_A,"PHE_478_A,LEU_480_A,LYS_481_A"
LEU_480_A,"LEU_451_A,ASN_479_A,LYS_481_A"
LYS_481_A,"ASN_479_A,LEU_480_A,LEU_482_A,ASP_692_A"
LEU_482_A,"LYS_481_A,LYS_483_A"
LYS_483_A,"LEU_482_A,MET_484_A"
MET_484_A,"LYS_483_A,LYS_485_A"
LYS_485_A,"MET_484_A,GLN_486_A"
GLN_486_A,"LYS_485_A,ALA_487_A,GLU_491_A"
ALA_487_A,"GLN_486_A,VAL_488_A,GLU_491_A"
VAL_488_A,"ALA_487_A,GLY_489_A,ASP_490_A,GLU_491_A"
GLY_489_A,"VAL_488_A,ASP_490_A"
ASP_490_A,"VAL_488_A,GLY_489_A,GLU_491_A"
GLU_491_A,"GLN_486_A,ALA_487_A,VAL_488_A,ASP_490_A,LYS_492_A,LEU_495_A"
LYS_492_A,"GLU_491_A,LYS_493_A,THR_496_A"
LYS_493_A,"LYS_492_A,SER_494_A,GLU_497_A"
SER_494_A,"LYS_493_A,LEU_495_A"
LEU_495_A,"GLU_491_A,SER_494_A,THR_496_A,TYR_499_A"
THR_496_A,"LYS_492_A,LEU_495_A,GLU_497_A,LYS_500_A"
GLU_497_A,"LYS_493_A,THR_496_A,ILE_498_A,LYS_500_A,GLU_501_A"
ILE_498_A,"LEU_451_A,GLU_497_A,TYR_499_A,THR_502_A"
TYR_499_A,"LEU_495_A,ILE_498_A,LYS_500_A,GLN_503_A"
LYS_500_A,"THR_496_A,GLU_497_A,TYR_499_A,GLU_501_A"
GLU_501_A,"LYS_437_A,GLU_497_A,LYS_500_A,THR_502_A,ARG_504_A"
THR_502_A,"ILE_498_A,GLU_501_A,GLN_503_A"
GLN_503_A,"TYR_499_A,THR_502_A,ARG_504_A"
ARG_504_A,"LYS_437_A,GLU_501_A,GLN_503_A,ASN_505_A"
ASN_505_A,"ARG_504_A,PHE_506_A,LYS_521_A"
PHE_506_A,"ASN_505_A,VAL_507_A"
VAL_507_A,"TYR_435_A,PHE_506_A,PHE_508_A"
PHE_508_A,"ALA_434_A,VAL_507_A,LYS_509_A"
LYS_509_A,"ASP_441_A,PHE_508_A,VAL_510_A"
VAL_510_A,LYS_509_A
PRO_511_A,THR_512_A
THR_512_A,"ASN_423_A,PRO_511_A,ILE_513_A"
ILE_513_A,"LYS_426_A,THR_512_A,GLU_514_A"
GLU_514_A,"LYS_134_A,ILE_513_A,ASN_515_A"
ASN_515_A,"GLU_514_A,ASP_516_A"
ASP_516_A,"LYS_420_A,ASP_424_A,ASN_515_A,ASN_517_A,PHE_518_A"
ASN_517_A,"ASP_516_A,PHE_518_A"
PHE_518_A,"ASP_516_A,ASN_517_A,CYS_519_A"
CYS_519_A,"ALA_434_A,PHE_518_A,VAL_520_A"
VAL_520_A,"CYS_519_A,LYS_521_A"
LYS_521_A,"ASN_505_A,VAL_520_A,LYS_522_A"
LYS_522_A,"LYS_521_A,LEU_523_A"
LEU_523_A,"LYS_522_A,ASN_524_A"
ASN_524_A,"LEU_523_A,VAL_525_A"
VAL_525_A,"ASN_524_A,PHE_526_A,VAL_544_A,LEU_549_A"
PHE_526_A,"VAL_525_A,PHE_527_A"
PHE_527_A,"MET_419_A,ILE_433_A,PHE_526_A,GLN_528_A,LEU_542_A,VAL_544_A"
GLN_528_A,"PHE_527_A,THR_529_A"
THR_529_A,"PHE_431_A,GLN_528_A,ASP_530_A,VAL_540_A,LEU_542_A"
ASP_530_A,"ARG_432_A,THR_529_A,ILE_531_A,LYS_537_A"
ILE_531_A,"ASP_530_A,GLU_532_A,ILE_538_A,TYR_587_A"
GLU_532_A,"ILE_531_A,PHE_533_A"
PHE_533_A,"GLU_532_A,ASN_534_A,ILE_591_A"
ASN_534_A,"PHE_533_A,GLY_535_A"
GLY_535_A,"ASN_534_A,GLN_536_A"
GLN_536_A,"GLY_535_A,LYS_537_A"
LYS_537_A,"ASP_530_A,GLN_536_A,ILE_538_A"
ILE_538_A,"ILE_531_A,LYS_537_A,SER_539_A"
SER_539_A,"ILE_538_A,VAL_540_A"
VAL_540_A,"THR_529_A,SER_539_A,GLN_541_A,LEU_542_A"
GLN_541_A,"VAL_540_A,LEU_542_A,VAL_793_A,HIS_795_A"
LEU_542_A,"PHE_527_A,THR_529_A,VAL_540_A,GLN_541_A,SER_543_A,VAL_797_A"
SER_543_A,"LEU_542_A,VAL_544_A,HIS_795_A,VAL_797_A"
VAL_544_A,"VAL_525_A,PHE_527_A,SER_543_A,SER_545_A,LEU_549_A"
SER_545_A,VAL_544_A
PRO_546_A,ASP_547_A
ASP_547_A,"PRO_546_A,PHE_548_A,GLN_799_A"
PHE_548_A,"ASP_547_A,LEU_549_A,TRP_552_A,LEU_801_A,ILE_802_A"
LEU_549_A,"VAL_525_A,VAL_544_A,PHE_548_A,MET_550_A,VAL_553_A"
MET_550_A,"PHE_418_A,LEU_549_A,LYS_551_A,PHE_554_A,PHE_826_A,THR_878_A"
LYS_551_A,"MET_550_A,TRP_552_A,VAL_555_A,ILE_802_A,ASP_825_A"
TRP_552_A,"PHE_548_A,LYS_551_A,VAL_553_A,LEU_556_A,ILE_575_A"
VAL_553_A,"LEU_549_A,TRP_552_A,PHE_554_A,LEU_557_A"
PHE_554_A,"MET_550_A,VAL_553_A,VAL_555_A,ILE_558_A"
VAL_555_A,"LYS_551_A,PHE_554_A,LEU_556_A,LEU_804_A"
LEU_556_A,"LEU_427_A,TRP_552_A,VAL_555_A,LEU_557_A"
LEU_557_A,"VAL_553_A,LEU_556_A,ILE_558_A"
ILE_558_A,"PHE_554_A,LEU_557_A,THR_559_A"
THR_559_A,"ILE_558_A,GLY_560_A,GLU_561_A"
GLY_560_A,"THR_559_A,GLU_561_A"
GLU_561_A,"THR_559_A,GLY_560_A,ASP_562_A,LYS_572_A"
ASP_562_A,"GLU_561_A,SER_563_A,LYS_574_A,ILE_575_A"
SER_563_A,"ASP_562_A,ILE_564_A"
ILE_564_A,"SER_563_A,LYS_565_A,GLU_573_A,ILE_575_A,ILE_802_A"
LYS_565_A,"ILE_564_A,ASN_566_A,ASP_806_A"
ASN_566_A,"LYS_565_A,ALA_567_A,GLU_573_A"
ALA_567_A,"ASN_566_A,ILE_568_A"
ILE_568_A,"ALA_567_A,THR_569_A"
THR_569_A,"ILE_568_A,GLU_570_A"
GLU_570_A,"THR_569_A,LYS_571_A"
LYS_571_A,"GLU_570_A,LYS_572_A"
LYS_572_A,"GLU_561_A,LYS_571_A,GLU_573_A"
GLU_573_A,"ILE_564_A,ASN_566_A,LYS_572_A,LYS_574_A,LYS_581_A"
LYS_574_A,"ASP_562_A,GLU_573_A,ILE_575_A"
ILE_575_A,"TRP_552_A,ASP_562_A,ILE_564_A,LYS_574_A,LYS_576_A,ILE_802_A"
LYS_576_A,"ILE_575_A,ASP_577_A,LYS_580_A"
ASP_577_A,"LYS_576_A,ILE_578_A,LEU_579_A"
ILE_578_A,"ASP_577_A,LEU_579_A,TYR_582_A"
LEU_579_A,"ASP_577_A,ILE_578_A,LYS_580_A,ALA_583_A,VAL_797_A"
LYS_580_A,"LYS_576_A,LEU_579_A,LYS_581_A,GLU_584_A"
LYS_581_A,"GLU_573_A,LYS_580_A,TYR_582_A,GLU_585_A"
TYR_582_A,"ILE_578_A,LYS_581_A,ALA_583_A,TYR_586_A,LEU_599_A,LEU_801_A"
ALA_583_A,"LEU_579_A,TYR_582_A,GLU_584_A,TYR_587_A"
GLU_584_A,"LYS_580_A,ALA_583_A,GLU_585_A,ASN_588_A"
GLU_585_A,"LYS_581_A,GLU_584_A,TYR_586_A,ARG_589_A"
TYR_586_A,"TYR_582_A,GLU_585_A,TYR_587_A,CYS_590_A,PHE_608_A"
TYR_587_A,"ILE_531_A,ALA_583_A,TYR_586_A,ASN_588_A,ILE_591_A"
ASN_588_A,"GLU_584_A,TYR_587_A,ARG_589_A,THR_592_A"
ARG_589_A,"GLU_585_A,ASN_588_A,CYS_590_A,SER_593_A,ASN_594_A,GLU_597_A,PHE_608_A"
CYS_590_A,"TYR_586_A,ARG_589_A,ILE_591_A"
ILE_591_A,"PHE_533_A,TYR_587_A,CYS_590_A,THR_592_A"
THR_592_A,"ASN_588_A,ILE_591_A,SER_593_A"
SER_593_A,"ARG_589_A,THR_592_A,ASN_594_A"
ASN_594_A,"ARG_589_A,SER_593_A,PHE_595_A,GLU_597_A"
PHE_595_A,"ASN_594_A,ASN_596_A,PHE_608_A,LEU_612_A"
ASN_596_A,"PHE_595_A,GLU_597_A"
GLU_597_A,"ARG_589_A,ASN_594_A,ASN_596_A"
PRO_598_A,LEU_599_A
LEU_599_A,"TYR_582_A,PRO_598_A,MET_600_A"
MET_600_A,"LEU_599_A,GLY_601_A"
GLY_601_A,"MET_600_A,LEU_602_A"
LEU_602_A,"GLY_601_A,GLU_603_A,GLU_800_A,LEU_801_A"
GLU_603_A,"LEU_602_A,ALA_604_A,SER_605_A"
ALA_604_A,"GLU_603_A,SER_605_A,VAL_607_A,PHE_608_A"
SER_605_A,"GLU_603_A,ALA_604_A,LYS_606_A"
LYS_606_A,"SER_605_A,VAL_607_A,GLU_800_A"
VAL_607_A,"ALA_604_A,LYS_606_A,PHE_608_A"
PHE_608_A,"TYR_586_A,ARG_589_A,PHE_595_A,ALA_604_A,VAL_607_A"
PRO_609_A,"SER_610_A,SER_611_A,LEU_612_A"
SER_610_A,"PRO_609_A,SER_611_A"
SER_611_A,"PRO_609_A,SER_610_A,LEU_612_A"
LEU_612_A,"PHE_595_A,PRO_609_A,SER_611_A,THR_613_A"
THR_613_A,"LEU_612_A,SER_614_A"
SER_614_A,"THR_613_A,THR_615_A"
THR_615_A,"SER_614_A,VAL_616_A"
VAL_616_A,"THR_615_A,GLU_617_A,THR_781_A"
GLU_617_A,"VAL_616_A,ILE_618_A"
ILE_618_A,"GLU_617_A,ASP_619_A"
ASP_619_A,"ILE_618_A,GLU_620_A"
GLU_620_A,"ASP_619_A,LYS_621_A,LYS_778_A"
LYS_621_A,"GLU_620_A,ILE_622_A"
ILE_622_A,"LYS_621_A,ASP_623_A,ILE_627_A,VAL_775_A"
ASP_623_A,"ILE_622_A,LYS_624_A,ASP_625_A,LYS_626_A"
LYS_624_A,"ASP_623_A,ASP_625_A,ASP_763_A"
ASP_625_A,"ASP_623_A,LYS_624_A,LYS_626_A,MET_629_A"
LYS_626_A,"ASP_623_A,ASP_625_A,ILE_627_A,ARG_630_A"
ILE_627_A,"ILE_622_A,LYS_626_A,LEU_628_A,ILE_631_A"
LEU_628_A,"ILE_627_A,MET_629_A,SER_632_A,VAL_761_A"
MET_629_A,"ASP_625_A,LEU_628_A,ARG_630_A,GLU_633_A"
ARG_630_A,"LYS_626_A,MET_629_A,ILE_631_A,GLU_633_A,LYS_634_A"
ILE_631_A,"ILE_627_A,ARG_630_A,SER_632_A,TYR_635_A,GLN_758_A,PHE_773_A"
SER_632_A,"LEU_628_A,ILE_631_A,GLU_633_A,ASN_636_A"
GLU_633_A,"MET_629_A,ARG_630_A,SER_632_A,LYS_634_A,GLU_637_A"
LYS_634_A,"ARG_630_A,GLU_633_A,TYR_635_A,LEU_638_A,ASP_665_A"
TYR_635_A,"ILE_631_A,LYS_634_A,ASN_636_A,THR_639_A,LEU_751_A,LYS_755_A"
ASN_636_A,"SER_632_A,TYR_635_A,GLU_637_A,LYS_640_A"
GLU_637_A,"GLU_633_A,ASN_636_A,LEU_638_A,PHE_641_A,ARG_658_A"
LEU_638_A,"LYS_634_A,GLU_637_A,THR_639_A,ASP_642_A,PHE_750_A,LEU_751_A"
THR_639_A,"TYR_635_A,LEU_638_A,LYS_640_A,GLU_643_A"
LYS_640_A,"ASN_636_A,THR_639_A,PHE_641_A,GLU_644_A"
PHE_641_A,"GLU_637_A,LYS_640_A,ASP_642_A,ASN_645_A,ILE_662_A,PHE_743_A"
ASP_642_A,"LEU_638_A,PHE_641_A,GLU_643_A,LYS_646_A"
GLU_643_A,"THR_639_A,ASP_642_A,GLU_644_A,LYS_646_A"
GLU_644_A,"LYS_640_A,GLU_643_A,ASN_645_A,ARG_648_A"
ASN_645_A,"PHE_641_A,GLU_644_A,LYS_646_A,SER_647_A"
LYS_646_A,"ASP_642_A,GLU_643_A,ASN_645_A,SER_647_A"
SER_647_A,"ASN_645_A,LYS_646_A,ARG_648_A"
ARG_648_A,"GLU_644_A,SER_647_A,LYS_649_A,ALA_650_A"
LYS_649_A,"ARG_648_A,ALA_650_A"
ALA_650_A,"ARG_648_A,LYS_649_A,TRP_652_A"
PRO_651_A,"TRP_652_A,ARG_653_A"
TRP_652_A,"ALA_650_A,PRO_651_A,ARG_653_A"
ARG_653_A,"PRO_651_A,TRP_652_A,PHE_654_A"
PHE_654_A,"ARG_653_A,ALA_655_A"
ALA_655_A,"PHE_654_A,SER_656_A"
SER_656_A,"ALA_655_A,LYS_657_A"
LYS_657_A,"SER_656_A,ARG_658_A,ASP_661_A,PHE_699_A"
ARG_658_A,"GLU_637_A,LYS_657_A,LYS_659_A,ILE_662_A"
LYS_659_A,"ARG_658_A,ILE_660_A,ILE_663_A,GLU_740_A,PHE_743_A"
ILE_660_A,"LYS_659_A,ASP_661_A,LEU_664_A,LEU_702_A"
ASP_661_A,"LYS_657_A,ILE_660_A,ILE_662_A,ASP_665_A"
ILE_662_A,"PHE_641_A,ARG_658_A,ASP_661_A,ILE_663_A,TYR_666_A,ILE_747_A"
ILE_663_A,"LYS_659_A,ILE_662_A,LEU_664_A,VAL_667_A,ILE_729_A,ALA_746_A"
LEU_664_A,"ILE_660_A,ILE_663_A,ASP_665_A,HIS_668_A,TYR_695_A"
ASP_665_A,"LYS_634_A,ASP_661_A,LEU_664_A,TYR_666_A,HIS_668_A,LEU_669_A"
TYR_666_A,"ILE_662_A,ASP_665_A,VAL_667_A,VAL_670_A,PHE_750_A"
VAL_667_A,"ILE_663_A,TYR_666_A,HIS_668_A,TYR_671_A,TYR_725_A"
HIS_668_A,"LEU_664_A,ASP_665_A,VAL_667_A,LEU_669_A,SER_672_A,LYS_774_A"
LEU_669_A,"ASP_665_A,HIS_668_A,VAL_670_A,ASP_673_A,TYR_753_A"
VAL_670_A,"TYR_666_A,LEU_669_A,TYR_671_A,ARG_674_A"
TYR_671_A,"VAL_667_A,VAL_670_A,SER_672_A,ALA_675_A,GLU_688_A,TYR_725_A"
SER_672_A,"HIS_668_A,TYR_671_A,ASP_673_A,PHE_676_A"
ASP_673_A,"LEU_669_A,SER_672_A,ARG_674_A,ASP_677_A,TYR_753_A,LYS_768_A"
ARG_674_A,"VAL_670_A,ASP_673_A,ALA_675_A,GLU_678_A"
ALA_675_A,"TYR_671_A,ARG_674_A,PHE_676_A"
PHE_676_A,"SER_672_A,ALA_675_A,ASP_677_A,LYS_768_A"
ASP_677_A,"ASP_673_A,PHE_676_A,GLU_678_A,LYS_768_A"
GLU_678_A,"ARG_674_A,ASP_677_A,LYS_679_A,LYS_680_A,GLU_688_A"
LYS_679_A,"GLU_678_A,LYS_680_A"
LYS_680_A,"GLU_678_A,LYS_679_A,SER_681_A,GLU_688_A"
SER_681_A,"LYS_680_A,VAL_682_A"
VAL_682_A,"SER_681_A,ASP_683_A,ARG_686_A"
ASP_683_A,"VAL_682_A,ALA_684_A,ARG_686_A,HIS_687_A"
ALA_684_A,"ASP_683_A,MET_685_A"
MET_685_A,"ALA_684_A,ARG_686_A"
ARG_686_A,"VAL_682_A,ASP_683_A,MET_685_A,HIS_687_A"
HIS_687_A,"ASP_683_A,ARG_686_A,GLU_688_A"
GLU_688_A,"TYR_671_A,GLU_678_A,LYS_680_A,HIS_687_A,ALA_689_A"
ALA_689_A,"GLU_688_A,LEU_690_A"
LEU_690_A,"ALA_689_A,ASN_691_A"
ASN_691_A,"LEU_690_A,ASP_692_A,TYR_695_A"
ASP_692_A,"LYS_481_A,ASN_691_A,MET_693_A,MET_696_A"
MET_693_A,"ASP_692_A,GLU_694_A,ASP_697_A"
GLU_694_A,"MET_693_A,TYR_695_A,ASP_697_A,THR_698_A,ASP_721_A,LYS_722_A"
TYR_695_A,"LEU_664_A,ASN_691_A,GLU_694_A,MET_696_A,PHE_699_A"
MET_696_A,"ASP_692_A,TYR_695_A,ASP_697_A,GLU_700_A"
ASP_697_A,"MET_693_A,GLU_694_A,MET_696_A,THR_698_A,TYR_701_A"
THR_698_A,"GLU_694_A,ASP_697_A,PHE_699_A,LEU_702_A,PHE_718_A"
PHE_699_A,"LYS_657_A,TYR_695_A,THR_698_A,GLU_700_A,ARG_703_A"
GLU_700_A,"MET_696_A,PHE_699_A,TYR_701_A,ARG_703_A,TYR_704_A"
TYR_701_A,"ASP_697_A,GLU_700_A,LEU_702_A,TYR_708_A,GLU_713_A,PHE_718_A"
LEU_702_A,"ILE_660_A,THR_698_A,TYR_701_A,ARG_703_A,PHE_718_A"
ARG_703_A,"PHE_699_A,GLU_700_A,LEU_702_A,TYR_704_A"
TYR_704_A,"GLU_700_A,ARG_703_A,TYR_705_A,ARG_707_A,TYR_708_A"
TYR_705_A,"TYR_704_A,GLY_706_A,PHE_714_A,LEU_739_A"
GLY_706_A,"TYR_705_A,ARG_707_A"
ARG_707_A,"TYR_704_A,GLY_706_A,TYR_708_A"
TYR_708_A,"TYR_701_A,TYR_704_A,ARG_707_A,ARG_709_A"
ARG_709_A,"TYR_708_A,GLU_710_A,ASP_737_A"
GLU_710_A,"ARG_709_A,THR_711_A"
THR_711_A,"GLU_710_A,GLU_712_A"
GLU_712_A,"THR_711_A,GLU_713_A,LYS_715_A,LYS_716_A"
GLU_713_A,"TYR_701_A,GLU_712_A,PHE_714_A,ILE_717_A"
PHE_714_A,"TYR_705_A,GLU_713_A,LYS_715_A,PHE_718_A"
LYS_715_A,"GLU_712_A,PHE_714_A,LYS_716_A,PHE_719_A,GLU_720_A"
LYS_716_A,"GLU_712_A,LYS_715_A,ILE_717_A,GLU_720_A,ASP_721_A"
ILE_717_A,"GLU_713_A,LYS_716_A,PHE_718_A"
PHE_718_A,"THR_698_A,TYR_701_A,LEU_702_A,PHE_714_A,ILE_717_A,PHE_719_A,MET_733_A"
PHE_719_A,"LYS_715_A,PHE_718_A,GLU_720_A,LYS_723_A"
GLU_720_A,"LYS_715_A,LYS_716_A,PHE_719_A,ASP_721_A,LYS_723_A"
ASP_721_A,"GLU_694_A,LYS_716_A,GLU_720_A,LYS_722_A,LYS_723_A"
LYS_722_A,"GLU_694_A,ASP_721_A,LYS_723_A,PHE_726_A"
LYS_723_A,"PHE_719_A,GLU_720_A,ASP_721_A,LYS_722_A,LEU_724_A,SER_727_A"
LEU_724_A,"LYS_723_A,TYR_725_A,SER_727_A"
TYR_725_A,"VAL_667_A,TYR_671_A,LEU_724_A,PHE_726_A"
PHE_726_A,"LYS_722_A,TYR_725_A,SER_727_A"
SER_727_A,"LYS_723_A,LEU_724_A,PHE_726_A,ILE_729_A"
PRO_728_A,ILE_729_A
ILE_729_A,"ILE_663_A,SER_727_A,PRO_728_A,LEU_730_A,MET_733_A"
LEU_730_A,"ILE_729_A,LYS_731_A"
LYS_731_A,"LEU_730_A,ALA_732_A,GLN_735_A"
ALA_732_A,"LYS_731_A,MET_733_A,PHE_745_A"
MET_733_A,"PHE_718_A,ILE_729_A,ALA_732_A,LYS_734_A"
LYS_734_A,"MET_733_A,GLN_735_A"
GLN_735_A,"LYS_731_A,LYS_734_A,LEU_736_A"
LEU_736_A,"GLN_735_A,ASP_737_A"
ASP_737_A,"ARG_709_A,LEU_736_A,SER_738_A"
SER_738_A,"ASP_737_A,LEU_739_A,GLU_740_A"
LEU_739_A,"TYR_705_A,SER_738_A,GLU_740_A"
GLU_740_A,"LYS_659_A,SER_738_A,LEU_739_A,GLY_741_A,ASN_744_A"
GLY_741_A,"GLU_740_A,VAL_742_A,PHE_745_A"
VAL_742_A,"GLY_741_A,PHE_743_A,ALA_746_A"
PHE_743_A,"PHE_641_A,LYS_659_A,VAL_742_A,ASN_744_A,ILE_747_A"
ASN_744_A,"GLU_740_A,PHE_743_A,PHE_745_A,THR_748_A"
PHE_745_A,"ALA_732_A,GLY_741_A,ASN_744_A,ALA_746_A,GLY_749_A"
ALA_746_A,"ILE_663_A,VAL_742_A,PHE_745_A,ILE_747_A,PHE_750_A"
ILE_747_A,"ILE_662_A,PHE_743_A,ALA_746_A,THR_748_A,LEU_751_A"
THR_748_A,"ASN_744_A,ILE_747_A,GLY_749_A,ASN_752_A"
GLY_749_A,"PHE_745_A,THR_748_A,PHE_750_A,TYR_753_A"
PHE_750_A,"LEU_638_A,TYR_666_A,ALA_746_A,GLY_749_A,LEU_751_A,LEU_754_A"
LEU_751_A,"TYR_635_A,LEU_638_A,ILE_747_A,PHE_750_A,ASN_752_A,LYS_755_A"
ASN_752_A,"THR_748_A,LEU_751_A,TYR_753_A,GLY_756_A"
TYR_753_A,"LEU_669_A,ASP_673_A,GLY_749_A,ASN_752_A,LEU_754_A"
LEU_754_A,"PHE_750_A,TYR_753_A,LYS_755_A,GLN_758_A"
LYS_755_A,"TYR_635_A,LEU_751_A,LEU_754_A,GLY_756_A"
GLY_756_A,"ASN_752_A,LYS_755_A,ILE_757_A"
ILE_757_A,"GLY_756_A,GLN_758_A,SER_759_A,LYS_760_A,TYR_769_A"
GLN_758_A,"ILE_631_A,LEU_754_A,ILE_757_A,SER_759_A"
SER_759_A,"ILE_757_A,GLN_758_A,LYS_760_A"
LYS_760_A,"ILE_757_A,SER_759_A,VAL_761_A"
VAL_761_A,"LEU_628_A,LYS_760_A,THR_762_A"
THR_762_A,"VAL_761_A,ASP_763_A,ASN_765_A"
ASP_763_A,"LYS_624_A,THR_762_A,GLU_764_A"
GLU_764_A,"ASP_763_A,ASN_765_A"
ASN_765_A,"THR_762_A,GLU_764_A,THR_766_A"
THR_766_A,"ASN_765_A,ASN_767_A,GLY_770_A"
ASN_767_A,"THR_766_A,LYS_768_A,LYS_771_A"
LYS_768_A,"ASP_673_A,PHE_676_A,ASP_677_A,ASN_767_A,TYR_769_A,VAL_772_A"
TYR_769_A,"ILE_757_A,LYS_768_A,GLY_770_A,PHE_773_A"
GLY_770_A,"THR_766_A,TYR_769_A,LYS_771_A,LYS_774_A"
LYS_771_A,"ASN_767_A,GLY_770_A,VAL_772_A"
VAL_772_A,"LYS_768_A,LYS_771_A,PHE_773_A"
PHE_773_A,"ILE_631_A,TYR_769_A,VAL_772_A,LYS_774_A"
LYS_774_A,"HIS_668_A,GLY_770_A,PHE_773_A,VAL_775_A"
VAL_775_A,"ILE_622_A,LYS_774_A,THR_776_A"
THR_776_A,"VAL_775_A,GLY_777_A"
GLY_777_A,"THR_776_A,LYS_778_A"
LYS_778_A,"GLU_620_A,GLY_777_A,SER_779_A"
SER_779_A,"LYS_778_A,LEU_780_A"
LEU_780_A,"SER_779_A,THR_781_A"
THR_781_A,"VAL_616_A,LEU_780_A,SER_782_A"
SER_782_A,"THR_781_A,LYS_783_A"
LYS_783_A,"SER_782_A,ILE_784_A,HIS_786_A,HIS_787_A"
ILE_784_A,"LYS_783_A,GLY_785_A,SER_788_A"
GLY_785_A,"ILE_784_A,HIS_786_A,SER_788_A,GLU_789_A"
HIS_786_A,"LYS_783_A,GLY_785_A,HIS_787_A,GLU_789_A,MET_790_A"
HIS_787_A,"LYS_783_A,HIS_786_A,SER_788_A,PHE_791_A"
SER_788_A,"ILE_784_A,GLY_785_A,HIS_787_A,GLU_789_A,SER_792_A"
GLU_789_A,"GLY_785_A,HIS_786_A,SER_788_A,MET_790_A"
MET_790_A,"HIS_786_A,GLU_789_A,PHE_791_A"
PHE_791_A,"HIS_787_A,MET_790_A,SER_792_A"
SER_792_A,"SER_788_A,PHE_791_A,VAL_793_A"
VAL_793_A,"GLN_541_A,SER_792_A,ASN_794_A"
ASN_794_A,"VAL_793_A,HIS_795_A"
HIS_795_A,"GLN_541_A,SER_543_A,ASN_794_A,CYS_796_A"
CYS_796_A,"HIS_795_A,VAL_797_A"
VAL_797_A,"LEU_542_A,SER_543_A,LEU_579_A,CYS_796_A"
PRO_798_A,GLN_799_A
GLN_799_A,"ASP_547_A,PRO_798_A,GLU_800_A"
GLU_800_A,"LEU_602_A,LYS_606_A,GLN_799_A,LEU_801_A"
LEU_801_A,"PHE_548_A,TYR_582_A,LEU_602_A,GLU_800_A,ILE_802_A"
ILE_802_A,"PHE_548_A,LYS_551_A,ILE_564_A,ILE_575_A,LEU_801_A,LYS_803_A"
LYS_803_A,"ILE_802_A,LEU_804_A"
LEU_804_A,"VAL_555_A,LYS_803_A,ASN_805_A,ILE_807_A"
ASN_805_A,"LEU_804_A,ASP_806_A"
ASP_806_A,"LYS_565_A,ASN_805_A,ILE_807_A"
ILE_807_A,"LEU_804_A,ASP_806_A,LYS_808_A"
LYS_808_A,"ILE_807_A,GLY_809_A"
GLY_809_A,"LYS_808_A,TYR_810_A"
TYR_810_A,"GLY_809_A,MET_811_A,TRP_813_A,LYS_814_A,PHE_828_A"
MET_811_A,"TYR_810_A,LYS_812_A,HIS_815_A"
LYS_812_A,"MET_811_A,TRP_813_A,GLU_816_A"
TRP_813_A,"TYR_810_A,LYS_812_A,LYS_814_A,ILE_823_A,ALA_827_A"
LYS_814_A,"TYR_810_A,TRP_813_A,HIS_815_A"
HIS_815_A,"MET_811_A,LYS_814_A,GLU_816_A"
GLU_816_A,"LYS_812_A,HIS_815_A,THR_817_A"
THR_817_A,"GLU_816_A,LYS_818_A,ASP_819_A"
LYS_818_A,"THR_817_A,ASP_819_A"
ASP_819_A,"THR_817_A,LYS_818_A,LYS_820_A,LEU_821_A"
LYS_820_A,"ASP_819_A,LEU_821_A"
LEU_821_A,"ASP_819_A,LYS_820_A,TRP_822_A"
TRP_822_A,"LEU_821_A,ILE_823_A"
ILE_823_A,"TRP_813_A,TRP_822_A,SER_824_A,ALA_827_A"
SER_824_A,"ILE_823_A,ASP_825_A"
ASP_825_A,"LYS_551_A,SER_824_A,PHE_826_A"
PHE_826_A,"MET_550_A,ASP_825_A,ALA_827_A,ARG_830_A"
ALA_827_A,"TRP_813_A,ILE_823_A,PHE_826_A,PHE_828_A,ASN_831_A"
PHE_828_A,"TYR_810_A,ALA_827_A,ILE_829_A,VAL_832_A"
ILE_829_A,"PHE_828_A,ARG_830_A,LEU_833_A"
ARG_830_A,"PHE_826_A,ILE_829_A,ASN_831_A,GLU_834_A,LYS_877_A,THR_878_A"
ASN_831_A,"ALA_827_A,ARG_830_A,VAL_832_A,SER_835_A"
VAL_832_A,"PHE_828_A,ASN_831_A,LEU_833_A"
LEU_833_A,"ILE_829_A,VAL_832_A,GLU_834_A,LEU_881_A,GLU_885_A"
GLU_834_A,"ARG_830_A,LEU_833_A,SER_835_A,ASP_843_A,LYS_877_A"
SER_835_A,"ASN_831_A,GLU_834_A,ARG_836_A"
ARG_836_A,"SER_835_A,GLY_837_A,GLU_885_A,LYS_888_A"
GLY_837_A,"ARG_836_A,GLY_838_A"
GLY_838_A,"GLY_837_A,PHE_839_A"
PHE_839_A,"GLY_838_A,SER_840_A,LEU_906_A,PRO_923_A,TYR_924_A"
SER_840_A,"PHE_839_A,ASN_841_A"
ASN_841_A,"SER_840_A,THR_842_A,LEU_845_A,GLU_880_A,TYR_918_A"
THR_842_A,"ASN_841_A,ASP_843_A,MET_846_A"
ASP_843_A,"GLU_834_A,THR_842_A,TYR_844_A,LYS_847_A,LYS_877_A"
TYR_844_A,"ASP_843_A,LEU_845_A,GLU_848_A"
LEU_845_A,"PHE_374_A,ASN_841_A,TYR_844_A,MET_846_A"
MET_846_A,"THR_842_A,LEU_845_A,LYS_847_A"
LYS_847_A,"ASP_843_A,MET_846_A,GLU_848_A"
GLU_848_A,"TYR_844_A,LYS_847_A,VAL_849_A,ASN_909_A"
VAL_849_A,"GLU_848_A,MET_850_A"
MET_850_A,"VAL_849_A,MET_869_A"
PRO_851_A,LEU_852_A
LEU_852_A,"PRO_851_A,ILE_853_A,ILE_914_A"
ILE_853_A,"LEU_852_A,THR_854_A,PHE_855_A"
THR_854_A,"ILE_853_A,PHE_855_A"
PHE_855_A,"PHE_374_A,ILE_853_A,THR_854_A,GLU_856_A,ILE_863_A"
GLU_856_A,"PHE_855_A,LYS_857_A,LYS_864_A"
LYS_857_A,"GLU_856_A,ASN_858_A"
ASN_858_A,"LYS_857_A,GLU_859_A,SER_862_A"
GLU_859_A,"ASN_858_A,LYS_860_A"
LYS_860_A,"GLU_859_A,GLY_861_A"
GLY_861_A,"LYS_860_A,SER_862_A"
SER_862_A,"ASN_858_A,GLY_861_A,ILE_863_A"
ILE_863_A,"PHE_855_A,SER_862_A,LYS_864_A"
LYS_864_A,"GLU_856_A,ILE_863_A,GLY_865_A"
GLY_865_A,"LYS_864_A,ASN_866_A"
ASN_866_A,"GLY_865_A,THR_867_A"
THR_867_A,"ASN_866_A,GLN_868_A,PHE_870_A"
GLN_868_A,"THR_867_A,MET_869_A,ALA_872_A"
MET_869_A,"LEU_371_A,MET_850_A,GLN_868_A,PHE_870_A,LEU_873_A"
PHE_870_A,"THR_867_A,MET_869_A,VAL_871_A,SER_874_A"
VAL_871_A,"PHE_870_A,ALA_872_A,ARG_875_A"
ALA_872_A,"GLN_868_A,VAL_871_A,LEU_873_A"
LEU_873_A,"MET_869_A,ALA_872_A,SER_874_A"
SER_874_A,"PHE_870_A,LEU_873_A,ARG_875_A"
ARG_875_A,"VAL_871_A,SER_874_A,ASN_876_A"
ASN_876_A,"ARG_875_A,LYS_877_A,GLU_880_A"
LYS_877_A,"ARG_830_A,GLU_834_A,ASP_843_A,ASN_876_A,THR_878_A,LEU_881_A"
THR_878_A,"MET_550_A,ARG_830_A,LYS_877_A,ASN_879_A,MET_882_A"
ASN_879_A,"TYR_414_A,THR_878_A,GLU_880_A,LEU_883_A"
GLU_880_A,"ARG_409_A,ASN_841_A,ASN_876_A,ASN_879_A,LEU_881_A,TRP_884_A"
LEU_881_A,"LEU_833_A,LYS_877_A,GLU_880_A,MET_882_A"
MET_882_A,"THR_878_A,LEU_881_A,LEU_883_A"
LEU_883_A,"TRP_417_A,ASN_879_A,MET_882_A,TRP_884_A,GLY_887_A"
TRP_884_A,"GLU_880_A,LEU_883_A,GLU_885_A,GLY_887_A,LYS_888_A"
GLU_885_A,"LEU_833_A,ARG_836_A,TRP_884_A,ILE_886_A,LYS_888_A,TYR_889_A"
ILE_886_A,"PHE_418_A,GLU_885_A,GLY_887_A,TYR_889_A,TYR_890_A"
GLY_887_A,"LEU_883_A,TRP_884_A,ILE_886_A,LYS_888_A"
LYS_888_A,"ARG_836_A,TRP_884_A,GLU_885_A,GLY_887_A,TYR_889_A,TRP_891_A"
TYR_889_A,"TYR_421_A,ASN_425_A,GLU_885_A,ILE_886_A,LYS_888_A,TYR_890_A,LYS_892_A"
TYR_890_A,"LYS_352_A,ASP_424_A,ILE_886_A,TYR_889_A,TRP_891_A,GLU_893_A"
TRP_891_A,"TYR_353_A,LYS_888_A,TYR_890_A,LYS_892_A,ALA_894_A,THR_895_A"
LYS_892_A,"TYR_889_A,TRP_891_A,GLU_893_A,GLU_898_A"
GLU_893_A,"ASP_349_A,TYR_890_A,LYS_892_A,ALA_894_A"
ALA_894_A,"LEU_350_A,TRP_891_A,GLU_893_A,THR_895_A"
THR_895_A,"TRP_891_A,ALA_894_A,GLY_896_A"
GLY_896_A,"THR_895_A,SER_897_A"
SER_897_A,"GLY_896_A,GLU_898_A"
GLU_898_A,"LYS_892_A,SER_897_A,PHE_899_A"
PHE_899_A,"GLU_898_A,SER_900_A"
SER_900_A,"PHE_899_A,ARG_901_A"
ARG_901_A,"SER_900_A,LEU_902_A,GLU_930_A"
LEU_902_A,"ARG_901_A,PHE_903_A"
PHE_903_A,"LEU_902_A,LYS_904_A,PRO_923_A"
LYS_904_A,"PHE_903_A,GLY_905_A"
GLY_905_A,"LYS_904_A,LEU_906_A"
LEU_906_A,"PHE_839_A,GLY_905_A,GLU_907_A,THR_921_A"
GLU_907_A,"LEU_906_A,LYS_908_A"
LYS_908_A,"GLU_907_A,ASN_909_A"
ASN_909_A,"GLU_848_A,LYS_908_A,THR_910_A"
THR_910_A,"ASN_909_A,GLY_911_A"
GLY_911_A,"THR_910_A,ASN_912_A"
ASN_912_A,"GLY_911_A,LYS_913_A"
LYS_913_A,"ASN_912_A,ILE_914_A,THR_915_A"
ILE_914_A,"PHE_377_A,LEU_852_A,LYS_913_A,THR_915_A,LYS_916_A"
THR_915_A,"LYS_913_A,ILE_914_A,LYS_916_A"
LYS_916_A,"ILE_914_A,THR_915_A,ALA_917_A"
ALA_917_A,"LYS_916_A,TYR_918_A,PHE_920_A,THR_921_A"
TYR_918_A,"ILE_406_A,ASN_841_A,ALA_917_A,ARG_919_A,ASN_922_A"
ARG_919_A,"TYR_918_A,PHE_920_A"
PHE_920_A,"ALA_403_A,ALA_917_A,ARG_919_A,THR_921_A"
THR_921_A,"LEU_906_A,ALA_917_A,PHE_920_A,ASN_922_A"
ASN_922_A,"TYR_918_A,THR_921_A"
PRO_923_A,"PHE_839_A,PHE_903_A,TYR_924_A"
TYR_924_A,"LEU_357_A,PHE_839_A,PRO_923_A,TYR_925_A"
TYR_925_A,"TYR_924_A,THR_926_A"
THR_926_A,"TYR_925_A,ILE_927_A"
ILE_927_A,"LEU_357_A,THR_926_A,TYR_928_A"
TYR_928_A,"ILE_927_A,GLN_929_A"
GLN_929_A,"TYR_928_A,GLU_930_A"
GLU_930_A,"ARG_901_A,GLN_929_A,ASP_931_A"
ASP_931_A,"GLU_930_A,LEU_932_A,LYS_955_A,LYS_957_A,HIS_991_A,GLU_993_A"
LEU_932_A,"ASP_931_A,ASP_933_A,ILE_956_A,PRO_958_A"
ASP_933_A,"LEU_932_A,ILE_934_A,LYS_955_A"
ILE_934_A,"ASP_933_A,LYS_935_A,ILE_954_A,PHE_961_A,TYR_965_A"
LYS_935_A,"ILE_934_A,ILE_936_A"
ILE_936_A,"LYS_935_A,GLN_937_A,TYR_952_A,VAL_974_A"
GLN_937_A,"ILE_936_A,ARG_938_A,ILE_946_A,SER_949_A,VAL_951_A"
ARG_938_A,"GLN_937_A,LYS_939_A,GLU_971_A,ASP_975_A,GLU_978_A"
LYS_939_A,"ARG_938_A,ASP_940_A"
ASP_940_A,"LYS_939_A,LYS_941_A,ILE_946_A,GLU_971_A"
LYS_941_A,"ASP_940_A,LYS_942_A"
LYS_942_A,"LYS_941_A,GLY_943_A,LYS_944_A"
GLY_943_A,"LYS_942_A,LYS_944_A"
LYS_944_A,"LYS_942_A,GLY_943_A,VAL_945_A"
VAL_945_A,"LYS_944_A,ILE_946_A"
ILE_946_A,"GLN_937_A,ASP_940_A,VAL_945_A,VAL_947_A,SER_949_A"
VAL_947_A,"ILE_946_A,ASN_948_A"
ASN_948_A,"VAL_947_A,SER_949_A"
SER_949_A,"GLN_937_A,ILE_946_A,ASN_948_A"
PRO_950_A,VAL_951_A
VAL_951_A,"GLN_937_A,PRO_950_A,TYR_952_A"
TYR_952_A,"ILE_936_A,VAL_951_A,THR_953_A,ILE_977_A,TRP_990_A"
THR_953_A,"TYR_952_A,ILE_954_A"
ILE_954_A,"ILE_934_A,THR_953_A,LYS_955_A"
LYS_955_A,"ASP_931_A,ASP_933_A,ILE_954_A,ILE_956_A,ASP_987_A,HIS_989_A"
ILE_956_A,"LEU_932_A,LYS_955_A,LYS_957_A,PHE_961_A"
LYS_957_A,"ASP_931_A,ILE_956_A"
PRO_958_A,"LEU_932_A,LYS_959_A"
LYS_959_A,"PRO_958_A,LYS_960_A"
LYS_960_A,"LYS_959_A,PHE_961_A,ASP_963_A,GLU_993_A"
PHE_961_A,"ILE_934_A,ILE_956_A,LYS_960_A,ASP_962_A,TYR_965_A,GLN_966_A"
ASP_962_A,"LEU_344_A,PHE_961_A,ASP_963_A"
ASP_963_A,"LYS_960_A,ASP_962_A,GLU_964_A"
GLU_964_A,"ARG_304_A,GLU_339_A,ASP_963_A,TYR_965_A,LYS_1000_A"
TYR_965_A,"ILE_934_A,PHE_961_A,GLU_964_A,GLN_966_A"
GLN_966_A,"PHE_961_A,TYR_965_A,TYR_967_A"
TYR_967_A,"GLN_966_A,TYR_968_A"
TYR_968_A,"TYR_967_A,GLU_969_A,ILE_973_A,PHE_992_A,ASN_996_A"
GLU_969_A,"LYS_112_A,LYS_115_A,ASP_119_A,TYR_968_A,GLN_970_A,GLU_971_A,HIS_972_A"
GLN_970_A,"GLU_969_A,GLU_971_A,ILE_973_A,VAL_974_A"
GLU_971_A,"ARG_938_A,ASP_940_A,GLU_969_A,GLN_970_A,HIS_972_A,ASP_975_A"
HIS_972_A,"GLU_969_A,GLU_971_A,ILE_973_A,TYR_976_A"
ILE_973_A,"TYR_968_A,GLN_970_A,HIS_972_A,VAL_974_A,ILE_977_A,ILE_999_A"
VAL_974_A,"ILE_936_A,GLN_970_A,ILE_973_A,ASP_975_A,GLU_978_A"
ASP_975_A,"ARG_938_A,GLU_971_A,VAL_974_A,TYR_976_A,GLU_978_A,ASN_979_A"
TYR_976_A,"HIS_972_A,ASP_975_A,ILE_977_A,TYR_980_A,PRO_982_A,LEU_995_A,LYS_998_A"
ILE_977_A,"TYR_952_A,ILE_973_A,TYR_976_A,GLU_978_A"
GLU_978_A,"ARG_938_A,VAL_974_A,ASP_975_A,ILE_977_A,ASN_979_A"
ASN_979_A,"ASP_975_A,GLU_978_A,TYR_980_A,LEU_1084_A"
TYR_980_A,"TYR_976_A,ASN_979_A,GLU_981_A,GLU_1002_A"
GLU_981_A,TYR_980_A
PRO_982_A,"TYR_976_A,LYS_983_A"
LYS_983_A,"PRO_982_A,LYS_984_A"
LYS_984_A,"LYS_983_A,GLY_985_A"
GLY_985_A,"LYS_984_A,ILE_986_A"
ILE_986_A,"GLY_985_A,ASP_987_A"
ASP_987_A,"LYS_955_A,ILE_986_A,GLY_988_A,HIS_989_A,HIS_991_A"
GLY_988_A,"ASP_987_A,HIS_989_A"
HIS_989_A,"LYS_955_A,ASP_987_A,GLY_988_A,TRP_990_A,HIS_991_A"
TRP_990_A,"TYR_952_A,HIS_989_A,HIS_991_A"
HIS_991_A,"ASP_931_A,ASP_987_A,HIS_989_A,TRP_990_A,PHE_992_A,GLU_993_A"
PHE_992_A,"TYR_968_A,HIS_991_A,GLU_993_A"
GLU_993_A,"ASP_931_A,LYS_960_A,HIS_991_A,PHE_992_A,GLU_994_A,LEU_995_A"
GLU_994_A,"GLU_993_A,LEU_995_A,LYS_997_A,LYS_998_A"
LEU_995_A,"TYR_976_A,GLU_993_A,GLU_994_A,ASN_996_A,ILE_999_A"
ASN_996_A,"TYR_968_A,LEU_995_A,LYS_997_A,LYS_1000_A"
LYS_997_A,"GLU_994_A,ASN_996_A,LYS_998_A,ASP_1001_A"
LYS_998_A,"TYR_976_A,GLU_994_A,LYS_997_A,ILE_999_A,GLU_1002_A"
ILE_999_A,"ILE_973_A,LEU_995_A,LYS_998_A,LYS_1000_A,LEU_1003_A"
LYS_1000_A,"GLU_339_A,GLU_964_A,ASN_996_A,ILE_999_A,ASP_1001_A,ALA_1004_A"
ASP_1001_A,"LYS_997_A,LYS_1000_A,GLU_1002_A"
GLU_1002_A,"TYR_980_A,LYS_998_A,ASP_1001_A,LEU_1003_A,ARG_1005_A,TYR_1006_A"
LEU_1003_A,"ILE_999_A,GLU_1002_A,ALA_1004_A,LEU_1007_A"
ALA_1004_A,"LYS_1000_A,LEU_1003_A,ARG_1005_A"
ARG_1005_A,"GLU_1002_A,ALA_1004_A,TYR_1006_A,ASP_1009_A,GLN_1085_A,LYS_1087_A"
TYR_1006_A,"GLU_1002_A,ARG_1005_A,LEU_1007_A,ILE_1010_A,ASN_1078_A,ILE_1083_A,LEU_1084_A"
LEU_1007_A,"TYR_310_A,LEU_1003_A,TYR_1006_A,ASP_1008_A"
ASP_1008_A,"TYR_310_A,LYS_314_A,LEU_1007_A,ASP_1009_A"
ASP_1009_A,"ARG_1005_A,ASP_1008_A,ILE_1010_A,LEU_1013_A,TYR_1091_A,ARG_1095_A"
ILE_1010_A,"TYR_1006_A,ASP_1009_A,TYR_1011_A,MET_1014_A,LEU_1080_A"
TYR_1011_A,"HIS_101_A,MET_108_A,ILE_1010_A,LEU_1012_A,THR_1015_A"
LEU_1012_A,"TYR_1011_A,LEU_1013_A,THR_1015_A"
LEU_1013_A,"ASP_1009_A,LEU_1012_A,MET_1014_A,GLU_1017_A,VAL_1079_A"
MET_1014_A,"ILE_1010_A,LEU_1013_A,THR_1015_A,LYS_1018_A"
THR_1015_A,"TYR_1011_A,LEU_1012_A,MET_1014_A,VAL_1016_A,HIS_1019_A"
VAL_1016_A,"THR_1015_A,GLU_1017_A,ILE_1020_A"
GLU_1017_A,"LEU_1013_A,VAL_1016_A,LYS_1018_A,VAL_1021_A,ILE_1057_A,ARG_1076_A"
LYS_1018_A,"HIS_205_A,GLU_209_A,MET_1014_A,GLU_1017_A,HIS_1019_A,GLN_1022_A"
HIS_1019_A,"THR_1015_A,LYS_1018_A,ILE_1020_A,LEU_1107_A"
ILE_1020_A,"VAL_1016_A,HIS_1019_A,VAL_1021_A,ALA_1060_A,TYR_1101_A"
VAL_1021_A,"PHE_207_A,GLU_1017_A,ILE_1020_A,GLN_1022_A"
GLN_1022_A,"ILE_206_A,LYS_1018_A,VAL_1021_A,LYS_1023_A"
LYS_1023_A,"GLN_1022_A,ASP_1024_A,LYS_1027_A"
ASP_1024_A,"LYS_1023_A,PHE_1025_A,LYS_1027_A,TYR_1028_A"
PHE_1025_A,"HIS_208_A,ASP_1024_A,ASP_1026_A,ALA_1029_A"
ASP_1026_A,"PHE_1025_A,LYS_1027_A"
LYS_1027_A,"LYS_1023_A,ASP_1024_A,ASP_1026_A,TYR_1028_A,SER_1030_A"
TYR_1028_A,"PHE_207_A,ASP_1024_A,LYS_1027_A,ALA_1029_A"
ALA_1029_A,"PHE_1025_A,TYR_1028_A,SER_1030_A"
SER_1030_A,"LYS_1027_A,ALA_1029_A"
ILE_1051_A,ALA_1052_A
ALA_1052_A,"ILE_1051_A,LEU_1053_A,VAL_1056_A"
LEU_1053_A,"ALA_1052_A,ASN_1054_A,ILE_1057_A"
ASN_1054_A,"LEU_1053_A,LYS_1055_A,PHE_1058_A,ASN_1073_A"
LYS_1055_A,"ASN_1054_A,VAL_1056_A,ASP_1059_A"
VAL_1056_A,"ALA_1052_A,LYS_1055_A,ILE_1057_A,ALA_1060_A"
ILE_1057_A,"GLU_1017_A,LEU_1053_A,VAL_1056_A,PHE_1058_A"
PHE_1058_A,"ASN_1054_A,ILE_1057_A,ASP_1059_A,HIS_1063_A,PHE_1067_A,LEU_1072_A"
ASP_1059_A,"LYS_1055_A,PHE_1058_A,ALA_1060_A,HIS_1063_A"
ALA_1060_A,"ILE_1020_A,VAL_1056_A,ASP_1059_A,LEU_1061_A"
LEU_1061_A,"ALA_1060_A,LYS_1062_A"
LYS_1062_A,"LEU_1061_A,HIS_1063_A,LYS_1064_A"
HIS_1063_A,"PHE_1058_A,ASP_1059_A,LYS_1062_A,LYS_1064_A"
LYS_1064_A,"LYS_1062_A,HIS_1063_A,GLY_1065_A"
GLY_1065_A,"LYS_1064_A,SER_1066_A"
SER_1066_A,"GLY_1065_A,PHE_1067_A"
PHE_1067_A,"PHE_1058_A,SER_1066_A,SER_1068_A,ASP_1071_A,LEU_1072_A"
SER_1068_A,"PHE_1067_A,ALA_1069_A,ASP_1071_A"
ALA_1069_A,"SER_1068_A,ASP_1070_A,ASN_1073_A"
ASP_1070_A,"ALA_1069_A,ASP_1071_A,ILE_1074_A"
ASP_1071_A,"PHE_1067_A,SER_1068_A,ASP_1070_A,LEU_1072_A,TYR_1075_A,LYS_1090_A"
LEU_1072_A,"PHE_1058_A,PHE_1067_A,ASP_1071_A,ASN_1073_A,ARG_1076_A,ILE_1094_A"
ASN_1073_A,"ASN_1054_A,ALA_1069_A,LEU_1072_A,ILE_1074_A,ILE_1077_A"
ILE_1074_A,"ASP_1070_A,ASN_1073_A,TYR_1075_A,ASN_1078_A"
TYR_1075_A,"ASP_1071_A,ILE_1074_A,ARG_1076_A,VAL_1079_A,TYR_1091_A"
ARG_1076_A,"GLU_1017_A,LEU_1072_A,TYR_1075_A,ILE_1077_A,LEU_1080_A"
ILE_1077_A,"ASN_1073_A,ARG_1076_A,ASN_1078_A"
ASN_1078_A,"TYR_1006_A,ILE_1074_A,ILE_1077_A,VAL_1079_A"
VAL_1079_A,"LEU_1013_A,TYR_1075_A,ASN_1078_A,LEU_1080_A"
LEU_1080_A,"ILE_1010_A,ARG_1076_A,VAL_1079_A,HIS_1081_A"
HIS_1081_A,"LEU_1080_A,GLN_1082_A"
GLN_1082_A,"HIS_1081_A,ILE_1083_A"
ILE_1083_A,"TYR_1006_A,GLN_1082_A,LEU_1084_A"
LEU_1084_A,"ASN_979_A,TYR_1006_A,ILE_1083_A,GLN_1085_A"
GLN_1085_A,"ARG_1005_A,LEU_1084_A,ARG_1088_A"
PRO_1086_A,LYS_1087_A
LYS_1087_A,"ARG_1005_A,PRO_1086_A,ARG_1088_A"
ARG_1088_A,"GLN_1085_A,LYS_1087_A,GLU_1089_A"
GLU_1089_A,"ARG_1088_A,LYS_1090_A"
LYS_1090_A,"ASP_1071_A,GLU_1089_A,TYR_1091_A"
TYR_1091_A,"ASP_1009_A,TYR_1075_A,LYS_1090_A,ILE_1092_A,ARG_1095_A"
ILE_1092_A,"TYR_1091_A,ILE_1093_A,LYS_1096_A"
ILE_1093_A,"ILE_1092_A,ILE_1094_A,SER_1097_A"
ILE_1094_A,"LEU_1072_A,ILE_1093_A,ARG_1095_A,LEU_1098_A"
ARG_1095_A,"ASP_1009_A,TYR_1091_A,ILE_1094_A,LYS_1096_A,ILE_1099_A"
LYS_1096_A,"ILE_1092_A,ARG_1095_A,SER_1097_A,GLU_1100_A"
SER_1097_A,"ILE_1093_A,LYS_1096_A,LEU_1098_A,TYR_1101_A"
LEU_1098_A,"ILE_1094_A,SER_1097_A,ILE_1099_A,CYS_1102_A"
ILE_1099_A,"ARG_1095_A,LEU_1098_A,GLU_1100_A,ALA_1103_A"
GLU_1100_A,"LYS_1096_A,ILE_1099_A,TYR_1101_A,GLU_1104_A"
TYR_1101_A,"ILE_1020_A,SER_1097_A,GLU_1100_A,CYS_1102_A"
CYS_1102_A,"LEU_1098_A,TYR_1101_A,ALA_1103_A"
ALA_1103_A,"ILE_1099_A,CYS_1102_A,GLU_1104_A"
GLU_1104_A,"GLU_1100_A,ALA_1103_A,ASN_1105_A"
ASN_1105_A,"GLU_1104_A,LYS_1106_A,LEU_1107_A"
LYS_1106_A,"ASN_1105_A,LEU_1107_A"
LEU_1107_A,"HIS_1019_A,ASN_1105_A,LYS_1106_A,LEU_1108_A"
LEU_1108_A,"LEU_1107_A,LYS_1109_A"
LYS_1109_A,"LYS_320_A,LEU_1108_A,THR_1110_A"
THR_1110_A,"PRO_98_A,LYS_1109_A,MET_1111_A"
MET_1111_A,THR_1110_A
