residue_id,neighbors
GLU_31_A,"ASP_32_A,VAL_33_A,VAL_404_A"
ASP_32_A,"GLU_31_A,VAL_33_A"
VAL_33_A,"GLU_31_A,ASP_32_A,THR_34_A,ILE_109_A,GLY_402_A,VAL_404_A"
THR_34_A,"VAL_33_A,ALA_35_A"
ALA_35_A,"THR_34_A,TRP_36_A,GLY_400_A"
TRP_36_A,"ALA_35_A,ARG_37_A,ALA_53_A,ALA_358_A"
ARG_37_A,"TRP_36_A,LEU_38_A,SER_94_A,ILE_96_A,ASP_110_A,VAL_398_A"
LEU_38_A,"ARG_37_A,PHE_39_A,ILE_40_A,ILE_51_A,TYR_363_A"
PHE_39_A,"LEU_38_A,ILE_40_A,VAL_50_A,VAL_396_A"
ILE_40_A,"LEU_38_A,PHE_39_A,ALA_41_A,ASN_49_A,ILE_51_A,ILE_372_A,PRO_392_A"
ALA_41_A,"ILE_40_A,ASP_42_A,PHE_393_A,ASN_394_A"
ASP_42_A,"ALA_41_A,HIS_43_A,ASP_44_A,LYS_45_A,VAL_47_A,GLN_391_A"
HIS_43_A,"ASP_42_A,ASP_44_A"
ASP_44_A,"ASP_42_A,HIS_43_A,LYS_45_A,GLN_391_A"
LYS_45_A,"ASP_42_A,ASP_44_A,VAL_47_A"
PRO_46_A,"VAL_47_A,VAL_64_A"
VAL_47_A,"ASP_42_A,LYS_45_A,PRO_46_A,VAL_48_A,THR_61_A"
VAL_48_A,"VAL_47_A,ASN_49_A,PHE_62_A"
ASN_49_A,"ILE_40_A,VAL_48_A,VAL_50_A,THR_61_A"
VAL_50_A,"PHE_39_A,ASN_49_A,ILE_51_A,LEU_59_A,ALA_60_A,PHE_62_A"
ILE_51_A,"LEU_38_A,ILE_40_A,VAL_50_A,ASP_52_A,VAL_388_A"
ASP_52_A,"ILE_51_A,ALA_53_A,LEU_54_A,ASP_55_A,GLY_56_A,ASP_57_A"
ALA_53_A,"TRP_36_A,ASP_52_A,LEU_54_A,TYR_363_A"
LEU_54_A,"ASP_52_A,ALA_53_A,ASP_55_A"
ASP_55_A,"ASP_52_A,LEU_54_A,GLY_56_A,ASP_57_A"
GLY_56_A,"ASP_52_A,ASP_55_A,ASP_57_A"
ASP_57_A,"ASP_52_A,ASP_55_A,GLY_56_A,LYS_58_A"
LYS_58_A,"ASP_57_A,LEU_59_A"
LEU_59_A,"VAL_50_A,LYS_58_A,ALA_60_A"
ALA_60_A,"VAL_50_A,LEU_59_A,THR_61_A"
THR_61_A,"VAL_47_A,ASN_49_A,ALA_60_A,PHE_62_A"
PHE_62_A,"VAL_48_A,VAL_50_A,THR_61_A,ASN_63_A,ILE_92_A"
ASN_63_A,"PHE_62_A,VAL_64_A"
VAL_64_A,"PRO_46_A,ASN_63_A,LYS_65_A"
LYS_65_A,"VAL_64_A,GLY_66_A,GLN_83_A,ALA_86_A"
GLY_66_A,"LYS_65_A,GLN_83_A"
PRO_67_A,ALA_68_A
ALA_68_A,"PRO_67_A,ASN_69_A,ALA_81_A"
ASN_69_A,"ALA_68_A,LEU_70_A,ILE_82_A,ASN_394_A"
LEU_70_A,"ASN_69_A,SER_71_A"
SER_71_A,"LEU_70_A,ARG_72_A,PHE_80_A"
ARG_72_A,"SER_71_A,SER_73_A,GLU_74_A,LYS_266_A"
SER_73_A,"ARG_72_A,GLU_74_A,GLU_149_A"
GLU_74_A,"ARG_72_A,SER_73_A,SER_75_A,GLU_129_A,ARG_130_A,GLN_131_A,LYS_266_A"
SER_75_A,"GLU_74_A,GLY_76_A,GLU_149_A"
GLY_76_A,"SER_75_A,ALA_77_A,SER_94_A"
ALA_77_A,"GLY_76_A,THR_78_A,SER_94_A"
THR_78_A,"ALA_77_A,ILE_79_A,GLU_149_A,LEU_153_A"
ILE_79_A,"THR_78_A,PHE_80_A,ILE_92_A"
PHE_80_A,"SER_71_A,ILE_79_A,ALA_81_A,THR_91_A,PHE_127_A,ILE_134_A"
ALA_81_A,"ALA_68_A,PHE_80_A,ILE_82_A,SER_90_A"
ILE_82_A,"ASN_69_A,ALA_81_A,GLN_83_A"
GLN_83_A,"LYS_65_A,GLY_66_A,ILE_82_A,GLY_84_A,VAL_88_A,SER_90_A"
GLY_84_A,"GLN_83_A,SER_85_A"
SER_85_A,"GLY_84_A,ALA_86_A"
ALA_86_A,"LYS_65_A,SER_85_A,GLY_87_A"
GLY_87_A,"ALA_86_A,VAL_88_A"
VAL_88_A,"GLN_83_A,GLY_87_A,VAL_89_A"
VAL_89_A,"VAL_88_A,SER_90_A,LEU_119_A,PRO_124_A"
SER_90_A,"ALA_81_A,GLN_83_A,VAL_89_A,THR_91_A"
THR_91_A,"PHE_80_A,SER_90_A,ILE_92_A,LEU_115_A,LEU_117_A"
ILE_92_A,"PHE_62_A,ILE_79_A,THR_91_A,ALA_93_A"
ALA_93_A,"ILE_92_A,SER_94_A,LYS_113_A"
SER_94_A,"ARG_37_A,GLY_76_A,ALA_77_A,ALA_93_A,GLY_95_A"
GLY_95_A,"SER_94_A,ILE_96_A,ASP_110_A"
ILE_96_A,"ARG_37_A,GLY_95_A,ALA_97_A"
ALA_97_A,"ILE_96_A,PHE_98_A,ASP_108_A"
PHE_98_A,"ALA_97_A,HIS_99_A,ILE_107_A"
HIS_99_A,"PHE_98_A,ASP_100_A,HIS_101_A,ASP_106_A,ASP_108_A"
ASP_100_A,"HIS_99_A,HIS_101_A"
HIS_101_A,"HIS_99_A,ASP_100_A,GLY_102_A,ASP_103_A,HIS_104_A,ASP_106_A,HIS_405_A"
GLY_102_A,"HIS_101_A,ASP_103_A"
ASP_103_A,"HIS_101_A,GLY_102_A,HIS_104_A,LYS_403_A"
HIS_104_A,"HIS_101_A,ASP_103_A,ALA_105_A,ASP_106_A,LYS_403_A,HIS_405_A"
ALA_105_A,"HIS_104_A,ASP_106_A,LYS_403_A"
ASP_106_A,"HIS_99_A,HIS_101_A,HIS_104_A,ALA_105_A,ILE_107_A,ASP_108_A,HIS_405_A"
ILE_107_A,"PHE_98_A,ASP_106_A,ASP_108_A,VAL_404_A"
ASP_108_A,"ALA_97_A,HIS_99_A,ASP_106_A,ILE_107_A,ILE_109_A"
ILE_109_A,"VAL_33_A,ASP_108_A,ASP_110_A"
ASP_110_A,"ARG_37_A,GLY_95_A,ILE_109_A,ALA_111_A,LYS_113_A"
ALA_111_A,ASP_110_A
PRO_112_A,LYS_113_A
LYS_113_A,"ALA_93_A,ASP_110_A,PRO_112_A,LEU_114_A"
LEU_114_A,"LYS_113_A,LEU_115_A"
LEU_115_A,"THR_91_A,LEU_114_A"
PRO_116_A,LEU_117_A
LEU_117_A,"THR_91_A,PRO_116_A,GLU_118_A,LEU_147_A,VAL_152_A,LYS_157_A"
GLU_118_A,"LEU_117_A,LEU_119_A,LYS_157_A"
LEU_119_A,"VAL_89_A,GLU_118_A,THR_120_A,GLN_136_A,ILE_159_A"
THR_120_A,"LEU_119_A,GLY_121_A"
GLY_121_A,"THR_120_A,LYS_122_A"
LYS_122_A,"GLY_121_A,LYS_123_A,GLY_140_A,GLU_141_A"
LYS_123_A,"LYS_122_A,ASP_139_A"
PRO_124_A,"VAL_89_A,GLY_125_A,PHE_138_A"
GLY_125_A,"PRO_124_A,HIS_126_A,TRP_137_A"
HIS_126_A,"GLY_125_A,PHE_127_A,TRP_137_A,HIS_169_A,HIS_216_A"
PHE_127_A,"PHE_80_A,HIS_126_A,VAL_128_A,GLU_129_A,ILE_134_A"
VAL_128_A,"PHE_127_A,GLU_129_A,ALA_135_A,PHE_225_A"
GLU_129_A,"GLU_74_A,PHE_127_A,VAL_128_A,ARG_130_A,GLY_132_A,ILE_134_A,GLU_149_A"
ARG_130_A,"GLU_74_A,GLU_129_A,GLN_131_A,LYS_133_A,ASP_176_A"
GLN_131_A,"GLU_74_A,ARG_130_A,GLY_132_A,LYS_133_A"
GLY_132_A,"GLU_129_A,GLN_131_A,LYS_133_A,GLU_149_A"
LYS_133_A,"ARG_130_A,GLN_131_A,GLY_132_A,ILE_134_A,PRO_174_A,ASP_176_A"
ILE_134_A,"PHE_80_A,PHE_127_A,GLU_129_A,LYS_133_A,ALA_135_A,LEU_147_A"
ALA_135_A,"VAL_128_A,ILE_134_A,GLN_136_A"
GLN_136_A,"LEU_119_A,ALA_135_A,TRP_137_A,PHE_138_A,GLN_145_A"
TRP_137_A,"GLY_125_A,HIS_126_A,GLN_136_A,PHE_138_A,VAL_164_A,HIS_168_A,ALA_172_A"
PHE_138_A,"PRO_124_A,GLN_136_A,TRP_137_A,ASP_139_A,GLU_141_A,GLN_145_A"
ASP_139_A,"LYS_123_A,PHE_138_A,GLY_140_A,HIS_169_A"
GLY_140_A,"LYS_122_A,ASP_139_A,GLU_141_A"
GLU_141_A,"LYS_122_A,PHE_138_A,GLY_140_A,ASP_142_A,LYS_161_A"
ASP_142_A,"GLU_141_A,SER_143_A,VAL_164_A"
SER_143_A,"ASP_142_A,ALA_144_A"
ALA_144_A,"SER_143_A,GLN_145_A,VAL_162_A"
GLN_145_A,"GLN_136_A,PHE_138_A,ALA_144_A,ILE_146_A"
ILE_146_A,"GLN_145_A,LEU_147_A,THR_160_A,VAL_162_A"
LEU_147_A,"LEU_117_A,ILE_134_A,ILE_146_A,GLY_148_A,VAL_152_A,ILE_159_A"
GLY_148_A,"LEU_147_A,GLU_149_A"
GLU_149_A,"SER_73_A,SER_75_A,THR_78_A,GLU_129_A,GLY_132_A,GLY_148_A,SER_150_A,LEU_153_A"
SER_150_A,"GLU_149_A,ALA_151_A"
ALA_151_A,"SER_150_A,VAL_152_A,GLN_156_A"
VAL_152_A,"LEU_117_A,LEU_147_A,ALA_151_A,LEU_153_A,GLY_155_A"
LEU_153_A,"THR_78_A,GLU_149_A,VAL_152_A,LYS_154_A"
LYS_154_A,"LEU_153_A,GLY_155_A"
GLY_155_A,"VAL_152_A,LYS_154_A,GLN_156_A"
GLN_156_A,"ALA_151_A,GLY_155_A,LYS_157_A,ASN_158_A"
LYS_157_A,"LEU_117_A,GLU_118_A,GLN_156_A,ASN_158_A,ILE_159_A"
ASN_158_A,"GLN_156_A,LYS_157_A,ILE_159_A"
ILE_159_A,"LEU_119_A,LEU_147_A,LYS_157_A,ASN_158_A,THR_160_A"
THR_160_A,"ILE_146_A,ILE_159_A,LYS_161_A"
LYS_161_A,"GLU_141_A,THR_160_A,VAL_162_A"
VAL_162_A,"ALA_144_A,ILE_146_A,LYS_161_A,ASN_163_A,VAL_199_A"
ASN_163_A,"VAL_162_A,VAL_164_A,VAL_165_A"
VAL_164_A,"TRP_137_A,ASP_142_A,ASN_163_A,VAL_165_A,ALA_166_A"
VAL_165_A,"ASN_163_A,VAL_164_A,ALA_166_A"
ALA_166_A,"VAL_164_A,VAL_165_A,HIS_168_A"
PRO_167_A,HIS_168_A
HIS_168_A,"TRP_137_A,ALA_166_A,PRO_167_A,HIS_169_A,SER_182_A"
HIS_169_A,"HIS_126_A,ASP_139_A,HIS_168_A,GLY_170_A,HIS_216_A"
GLY_170_A,"HIS_169_A,VAL_171_A"
VAL_171_A,"GLY_170_A,ALA_172_A"
ALA_172_A,"TRP_137_A,VAL_171_A,VAL_173_A"
VAL_173_A,"ALA_172_A,TYR_175_A,VAL_180_A,PHE_225_A"
PRO_174_A,"LYS_133_A,TYR_175_A"
TYR_175_A,"VAL_173_A,PRO_174_A,ASP_176_A,TYR_178_A,ILE_236_A,GLN_238_A"
ASP_176_A,"ARG_130_A,LYS_133_A,TYR_175_A,ASN_177_A,GLN_238_A"
ASN_177_A,"ASP_176_A,TYR_178_A"
TYR_178_A,"TYR_175_A,ASN_177_A,ALA_179_A,VAL_206_A"
ALA_179_A,"TYR_178_A,VAL_180_A,VAL_199_A"
VAL_180_A,"VAL_173_A,ALA_179_A,VAL_181_A"
VAL_181_A,"VAL_180_A,SER_182_A,ARG_197_A"
SER_182_A,"HIS_168_A,VAL_181_A,ILE_183_A"
ILE_183_A,"SER_182_A,VAL_194_A,GLY_195_A"
PRO_184_A,ASN_185_A
ASN_185_A,"PRO_184_A,ASP_187_A"
PRO_186_A,ASP_187_A
ASP_187_A,"ASN_185_A,PRO_186_A,ASP_188_A"
ASP_188_A,"ASP_187_A,ALA_189_A,SER_190_A,LYS_191_A"
ALA_189_A,"ASP_188_A,SER_190_A"
SER_190_A,"ASP_188_A,ALA_189_A,LYS_191_A"
LYS_191_A,"ASP_188_A,SER_190_A,ARG_192_A"
ARG_192_A,"LYS_191_A,HIS_216_A,GLU_230_A"
PRO_193_A,VAL_194_A
VAL_194_A,"ILE_183_A,PRO_193_A,GLY_195_A,CYS_212_A"
GLY_195_A,"ILE_183_A,VAL_194_A,ALA_196_A"
ALA_196_A,"GLY_195_A,ARG_197_A,ALA_210_A,LEU_234_A"
ARG_197_A,"VAL_181_A,ALA_196_A,VAL_198_A,LYS_205_A,ASP_209_A"
VAL_198_A,"ARG_197_A,VAL_199_A,VAL_206_A"
VAL_199_A,"VAL_162_A,ALA_179_A,VAL_198_A,ASP_200_A"
ASP_200_A,"VAL_199_A,LEU_201_A,GLN_202_A,GLY_203_A,LYS_204_A"
LEU_201_A,"ASP_200_A,GLN_202_A"
GLN_202_A,"ASP_200_A,LEU_201_A,GLY_203_A"
GLY_203_A,"ASP_200_A,GLN_202_A,LYS_204_A"
LYS_204_A,"ASP_200_A,GLY_203_A,LYS_205_A"
LYS_205_A,"ARG_197_A,LYS_204_A,VAL_206_A,ASP_208_A,ASP_209_A"
VAL_206_A,"TYR_178_A,VAL_198_A,LYS_205_A,GLY_207_A"
GLY_207_A,"VAL_206_A,ASP_208_A"
ASP_208_A,"LYS_205_A,GLY_207_A,ASP_209_A"
ASP_209_A,"ARG_197_A,LYS_205_A,ASP_208_A,ALA_210_A"
ALA_210_A,"ALA_196_A,ASP_209_A,LEU_211_A,ILE_245_A"
LEU_211_A,"ALA_210_A,CYS_212_A"
CYS_212_A,"VAL_194_A,LEU_211_A,CYS_229_A"
PRO_213_A,"GLY_214_A,GLU_230_A,THR_231_A"
GLY_214_A,"PRO_213_A,LEU_215_A"
LEU_215_A,"GLY_214_A,HIS_216_A"
HIS_216_A,"HIS_126_A,HIS_169_A,ARG_192_A,LEU_215_A,GLY_217_A,SER_228_A,SER_260_A"
GLY_217_A,"HIS_216_A,SER_218_A"
SER_218_A,"GLY_217_A,ALA_219_A"
ALA_219_A,"SER_218_A,GLY_220_A,ALA_226_A,LEU_262_A"
GLY_220_A,"ALA_219_A,SER_221_A"
SER_221_A,"GLY_220_A,GLY_222_A,THR_224_A,GLY_265_A,GLN_269_A"
GLY_222_A,"SER_221_A,ASP_223_A"
ASP_223_A,"GLY_222_A,THR_224_A,LYS_239_A,GLN_269_A"
THR_224_A,"SER_221_A,ASP_223_A,PHE_225_A"
PHE_225_A,"VAL_128_A,VAL_173_A,THR_224_A,ALA_226_A,LEU_227_A,ILE_236_A"
ALA_226_A,"ALA_219_A,PHE_225_A,LEU_227_A,PHE_271_A"
LEU_227_A,"PHE_225_A,ALA_226_A,SER_228_A,LEU_234_A"
SER_228_A,"HIS_216_A,LEU_227_A,CYS_229_A"
CYS_229_A,"CYS_212_A,SER_228_A,GLU_230_A,GLY_232_A,TYR_250_A"
GLU_230_A,"ARG_192_A,PRO_213_A,CYS_229_A,THR_231_A"
THR_231_A,"PRO_213_A,GLU_230_A,GLY_232_A,HIS_247_A"
GLY_232_A,"CYS_229_A,THR_231_A,LEU_233_A"
LEU_233_A,"GLY_232_A,LEU_234_A,LEU_248_A"
LEU_234_A,"ALA_196_A,LEU_227_A,LEU_233_A,LEU_235_A"
LEU_235_A,"LEU_234_A,ILE_236_A,ARG_246_A"
ILE_236_A,"TYR_175_A,PHE_225_A,LEU_235_A,THR_237_A"
THR_237_A,"ILE_236_A,GLN_238_A,VAL_244_A"
GLN_238_A,"TYR_175_A,ASP_176_A,THR_237_A,LYS_239_A,ALA_241_A"
LYS_239_A,"ASP_223_A,GLN_238_A,ASN_240_A"
ASN_240_A,"LYS_239_A,ALA_241_A"
ALA_241_A,"GLN_238_A,ASN_240_A,ALA_242_A"
ALA_242_A,ALA_241_A
PRO_243_A,VAL_244_A
VAL_244_A,"THR_237_A,PRO_243_A,ILE_245_A"
ILE_245_A,"ALA_210_A,VAL_244_A,ARG_246_A"
ARG_246_A,"LEU_235_A,ILE_245_A,HIS_247_A,PRO_285_A"
HIS_247_A,"THR_231_A,ARG_246_A,LEU_248_A"
LEU_248_A,"LEU_233_A,HIS_247_A,PHE_291_A"
PRO_249_A,TYR_250_A
TYR_250_A,"CYS_229_A,PRO_249_A,ALA_251_A,THR_259_A"
ALA_251_A,"TYR_250_A,LYS_252_A,PHE_291_A"
LYS_252_A,"ALA_251_A,THR_253_A"
THR_253_A,"LYS_252_A,LEU_254_A"
LEU_254_A,THR_253_A
PRO_255_A,"GLU_256_A,TYR_275_A"
GLU_256_A,"PRO_255_A,GLY_257_A"
GLY_257_A,"GLU_256_A,SER_258_A"
SER_258_A,"GLY_257_A,THR_259_A"
THR_259_A,"TYR_250_A,SER_258_A,SER_260_A,LEU_262_A,ASN_274_A"
SER_260_A,"HIS_216_A,THR_259_A,THR_261_A,ASN_274_A"
THR_261_A,"SER_260_A,LEU_262_A,ASN_274_A"
LEU_262_A,"ALA_219_A,THR_259_A,THR_261_A,ILE_263_A"
ILE_263_A,"LEU_262_A,GLY_264_A,ILE_272_A,PHE_303_A,VAL_305_A"
GLY_264_A,"ILE_263_A,GLY_265_A"
GLY_265_A,"SER_221_A,GLY_264_A,LYS_266_A,TYR_270_A"
LYS_266_A,"ARG_72_A,GLU_74_A,GLY_265_A,GLY_267_A"
GLY_267_A,"LYS_266_A,MET_268_A"
MET_268_A,"GLY_267_A,GLN_269_A,TYR_270_A,VAL_327_A"
GLN_269_A,"SER_221_A,ASP_223_A,MET_268_A,TYR_270_A"
TYR_270_A,"GLY_265_A,MET_268_A,GLN_269_A,PHE_271_A,ILE_272_A"
PHE_271_A,"ALA_226_A,TYR_270_A,ILE_272_A,VAL_283_A"
ILE_272_A,"ILE_263_A,TYR_270_A,PHE_271_A,GLY_273_A,PHE_303_A,ALA_313_A"
GLY_273_A,"ILE_272_A,ASN_274_A,ILE_281_A"
ASN_274_A,"THR_259_A,SER_260_A,THR_261_A,GLY_273_A,TYR_275_A"
TYR_275_A,"PRO_255_A,ASN_274_A,GLY_276_A,ILE_281_A"
GLY_276_A,TYR_275_A
PRO_277_A,"ASP_278_A,ARG_300_A"
ASP_278_A,"PRO_277_A,ARG_279_A,LEU_296_A"
ARG_279_A,"ASP_278_A,ILE_280_A,GLN_295_A"
ILE_280_A,"ARG_279_A,ILE_281_A,ILE_294_A"
ILE_281_A,"GLY_273_A,TYR_275_A,ILE_280_A,LEU_282_A"
LEU_282_A,"ILE_281_A,VAL_283_A,ARG_292_A,ILE_294_A"
VAL_283_A,"PHE_271_A,LEU_282_A,ASP_284_A,PHE_291_A"
ASP_284_A,"VAL_283_A,THR_286_A,GLU_287_A,SER_290_A"
PRO_285_A,"ARG_246_A,THR_286_A"
THR_286_A,"ASP_284_A,PRO_285_A,GLU_287_A"
GLU_287_A,"ASP_284_A,THR_286_A,SER_288_A,SER_290_A"
SER_288_A,"GLU_287_A,ASP_289_A,SER_290_A"
ASP_289_A,"SER_288_A,SER_290_A,ARG_292_A"
SER_290_A,"ASP_284_A,GLU_287_A,SER_288_A,ASP_289_A,PHE_291_A"
PHE_291_A,"LEU_248_A,ALA_251_A,VAL_283_A,SER_290_A,ARG_292_A"
ARG_292_A,"LEU_282_A,ASP_289_A,PHE_291_A,LEU_293_A"
LEU_293_A,"ARG_292_A,ILE_294_A"
ILE_294_A,"ILE_280_A,LEU_282_A,LEU_293_A,GLN_295_A"
GLN_295_A,"ARG_279_A,ILE_294_A,LEU_296_A"
LEU_296_A,"ASP_278_A,GLN_295_A,ARG_300_A"
PRO_297_A,THR_298_A
THR_298_A,"PRO_297_A,ARG_299_A"
ARG_299_A,"THR_298_A,ARG_300_A,GLU_318_A"
ARG_300_A,"PRO_277_A,LEU_296_A,ARG_299_A,VAL_301_A,VAL_315_A"
VAL_301_A,"ARG_300_A,HIS_302_A,PHE_316_A,ARG_352_A"
HIS_302_A,"VAL_301_A,PHE_303_A,PHE_316_A,ARG_354_A,ILE_355_A"
PHE_303_A,"ILE_263_A,ILE_272_A,HIS_302_A,VAL_304_A"
VAL_304_A,"PHE_303_A,VAL_305_A,TYR_314_A,ILE_355_A"
VAL_305_A,"ILE_263_A,VAL_304_A,ASP_306_A"
ASP_306_A,"VAL_305_A,VAL_308_A,ARG_309_A,TYR_314_A"
PRO_307_A,VAL_308_A
VAL_308_A,"ASP_306_A,PRO_307_A,ARG_309_A"
ARG_309_A,"ASP_306_A,VAL_308_A,ALA_310_A,ASP_359_A,ASN_360_A"
ALA_310_A,"ARG_309_A,LYS_311_A"
LYS_311_A,"ALA_310_A,PHE_312_A,ASP_326_A,VAL_327_A"
PHE_312_A,"LYS_311_A,ALA_313_A,GLN_324_A"
ALA_313_A,"ILE_272_A,PHE_312_A,TYR_314_A,ILE_325_A"
TYR_314_A,"VAL_304_A,ASP_306_A,ALA_313_A,VAL_315_A,ILE_362_A,PHE_380_A"
VAL_315_A,"ARG_300_A,TYR_314_A,PHE_316_A,ASN_323_A,ILE_325_A"
PHE_316_A,"VAL_301_A,HIS_302_A,VAL_315_A,THR_317_A,PRO_353_A"
THR_317_A,"PHE_316_A,GLU_318_A,ASP_319_A"
GLU_318_A,"ARG_299_A,THR_317_A,ASP_319_A,TYR_342_A"
ASP_319_A,"THR_317_A,GLU_318_A,GLY_320_A,LYS_321_A,ARG_337_A"
GLY_320_A,"ASP_319_A,LYS_321_A,VAL_338_A"
LYS_321_A,"ASP_319_A,GLY_320_A,LEU_322_A,ARG_337_A"
LEU_322_A,"LYS_321_A,ASN_323_A,VAL_336_A,ILE_355_A,PHE_380_A"
ASN_323_A,"VAL_315_A,LEU_322_A,GLN_324_A,SER_335_A"
GLN_324_A,"PHE_312_A,ASN_323_A,ILE_325_A,SER_333_A,GLN_334_A,PHE_380_A"
ILE_325_A,"ALA_313_A,VAL_315_A,GLN_324_A,ASP_326_A,ILE_332_A"
ASP_326_A,"LYS_311_A,ILE_325_A,VAL_327_A,LYS_329_A,GLY_330_A,GLU_331_A"
VAL_327_A,"MET_268_A,LYS_311_A,ASP_326_A,LEU_328_A"
LEU_328_A,"VAL_327_A,LYS_329_A"
LYS_329_A,"ASP_326_A,LEU_328_A,GLY_330_A,GLU_331_A"
GLY_330_A,"ASP_326_A,LYS_329_A,GLU_331_A"
GLU_331_A,"ASP_326_A,LYS_329_A,GLY_330_A,ILE_332_A"
ILE_332_A,"ILE_325_A,GLU_331_A,SER_333_A"
SER_333_A,"GLN_324_A,ILE_332_A,GLN_334_A"
GLN_334_A,"GLN_324_A,SER_333_A,SER_335_A,PHE_380_A"
SER_335_A,"ASN_323_A,GLN_334_A,VAL_336_A"
VAL_336_A,"LEU_322_A,SER_335_A,ARG_337_A,LEU_375_A,PHE_380_A"
ARG_337_A,"ASP_319_A,LYS_321_A,VAL_336_A,VAL_338_A,ASP_340_A"
VAL_338_A,"GLY_320_A,ARG_337_A,THR_339_A,ILE_373_A"
THR_339_A,"VAL_338_A,ASP_340_A"
ASP_340_A,"ARG_337_A,THR_339_A,LYS_369_A"
PRO_341_A,TYR_342_A
TYR_342_A,"GLU_318_A,PRO_341_A,SER_343_A,PRO_353_A,ASP_366_A,LEU_368_A"
SER_343_A,"TYR_342_A,MET_344_A,HIS_347_A"
MET_344_A,"SER_343_A,ASP_345_A,GLY_346_A"
ASP_345_A,"MET_344_A,GLY_346_A"
GLY_346_A,"MET_344_A,ASP_345_A,HIS_347_A"
HIS_347_A,"SER_343_A,GLY_346_A,TRP_348_A,ASN_349_A,ASP_350_A,ARG_352_A"
TRP_348_A,"HIS_347_A,ASN_349_A"
ASN_349_A,"HIS_347_A,TRP_348_A,ASP_350_A"
ASP_350_A,"HIS_347_A,ASN_349_A,ARG_352_A"
PRO_351_A,ARG_352_A
ARG_352_A,"VAL_301_A,HIS_347_A,ASP_350_A,PRO_351_A"
PRO_353_A,"PHE_316_A,TYR_342_A,ARG_354_A"
ARG_354_A,"HIS_302_A,PRO_353_A,ILE_355_A,THR_365_A"
ILE_355_A,"HIS_302_A,VAL_304_A,LEU_322_A,ARG_354_A,ALA_356_A,ILE_362_A"
ALA_356_A,"ILE_355_A,VAL_357_A,TYR_363_A,ILE_395_A"
VAL_357_A,"ALA_356_A,ALA_358_A"
ALA_358_A,"TRP_36_A,VAL_357_A,ASP_359_A,LYS_361_A,TYR_363_A"
ASP_359_A,"ARG_309_A,ALA_358_A,ASN_360_A"
ASN_360_A,"ARG_309_A,ASP_359_A,LYS_361_A,ALA_377_A"
LYS_361_A,"ALA_358_A,ASN_360_A,ILE_362_A,TYR_363_A,VAL_374_A"
ILE_362_A,"TYR_314_A,ILE_355_A,LYS_361_A,TYR_363_A,LEU_375_A"
TYR_363_A,"LEU_38_A,ALA_53_A,ALA_356_A,ALA_358_A,LYS_361_A,ILE_362_A,VAL_364_A"
VAL_364_A,"TYR_363_A,THR_365_A,ILE_373_A"
THR_365_A,"ARG_354_A,VAL_364_A,ASP_366_A"
ASP_366_A,"TYR_342_A,THR_365_A,LYS_369_A,LYS_371_A"
PRO_367_A,LEU_368_A
LEU_368_A,"TYR_342_A,PRO_367_A,LYS_369_A"
LYS_369_A,"ASP_340_A,ASP_366_A,LEU_368_A,SER_370_A"
SER_370_A,"LYS_369_A,LYS_371_A,GLY_390_A"
LYS_371_A,"ASP_366_A,SER_370_A,ILE_372_A,ILE_373_A,GLU_385_A"
ILE_372_A,"ILE_40_A,LYS_371_A,ILE_373_A,ILE_386_A,VAL_388_A"
ILE_373_A,"VAL_338_A,VAL_364_A,LYS_371_A,ILE_372_A,VAL_374_A"
VAL_374_A,"LYS_361_A,ILE_373_A,LEU_375_A,THR_383_A,SER_384_A"
LEU_375_A,"VAL_336_A,ILE_362_A,VAL_374_A,ASP_376_A"
ASP_376_A,"LEU_375_A,ALA_377_A,THR_378_A,SER_379_A,PHE_380_A,LYS_381_A"
ALA_377_A,"ASN_360_A,ASP_376_A,THR_378_A"
THR_378_A,"ASP_376_A,ALA_377_A,SER_379_A"
SER_379_A,"ASP_376_A,THR_378_A,PHE_380_A"
PHE_380_A,"TYR_314_A,LEU_322_A,GLN_324_A,GLN_334_A,VAL_336_A,ASP_376_A,SER_379_A,LYS_381_A"
LYS_381_A,"ASP_376_A,PHE_380_A,LYS_382_A"
LYS_382_A,"LYS_381_A,THR_383_A,GLU_385_A"
THR_383_A,"VAL_374_A,LYS_382_A,SER_384_A"
SER_384_A,"VAL_374_A,THR_383_A,GLU_385_A"
GLU_385_A,"LYS_371_A,LYS_382_A,SER_384_A,ILE_386_A"
ILE_386_A,"ILE_372_A,GLU_385_A,SER_387_A"
SER_387_A,"ILE_386_A,VAL_388_A"
VAL_388_A,"ILE_51_A,ILE_372_A,SER_387_A,GLU_389_A"
GLU_389_A,"VAL_388_A,GLY_390_A"
GLY_390_A,"SER_370_A,GLU_389_A,GLN_391_A"
GLN_391_A,"ASP_42_A,ASP_44_A,GLY_390_A"
PRO_392_A,"ILE_40_A,PHE_393_A"
PHE_393_A,"ALA_41_A,PRO_392_A,ASN_394_A"
ASN_394_A,"ALA_41_A,ASN_69_A,PHE_393_A,ILE_395_A"
ILE_395_A,"ALA_356_A,ASN_394_A,VAL_396_A"
VAL_396_A,"PHE_39_A,ILE_395_A,ALA_397_A"
ALA_397_A,"VAL_396_A,VAL_398_A"
VAL_398_A,"ARG_37_A,ALA_397_A,GLY_399_A"
GLY_399_A,"VAL_398_A,GLY_400_A"
GLY_400_A,"ALA_35_A,GLY_399_A,SER_401_A"
SER_401_A,"GLY_400_A,GLY_402_A"
GLY_402_A,"VAL_33_A,SER_401_A,LYS_403_A"
LYS_403_A,"ASP_103_A,HIS_104_A,ALA_105_A,GLY_402_A,VAL_404_A"
VAL_404_A,"GLU_31_A,VAL_33_A,ILE_107_A,LYS_403_A,HIS_405_A"
HIS_405_A,"HIS_101_A,HIS_104_A,ASP_106_A,VAL_404_A"
