residue_id,neighbors
GLN_38_A,SER_39_A
SER_39_A,"GLN_38_A,PHE_40_A"
PHE_40_A,"SER_39_A,ASP_41_A,LYS_64_A,ALA_66_A,LYS_153_A,PHE_155_A,SER_180_A"
ASP_41_A,"PHE_40_A,LEU_42_A,LYS_64_A"
LEU_42_A,"ASP_41_A,LEU_43_A,ALA_58_A,VAL_65_A,ALA_66_A"
LEU_43_A,"LEU_42_A,VAL_44_A,ILE_45_A,ALA_181_A,HIS_183_A,VAL_185_A"
VAL_44_A,"LEU_43_A,ILE_45_A,ALA_66_A,VAL_67_A,ALA_68_A"
ILE_45_A,"LEU_43_A,VAL_44_A,GLY_46_A,VAL_185_A,ALA_187_A,THR_188_A"
GLY_46_A,"ILE_45_A,GLY_47_A,GLY_48_A,ALA_68_A"
GLY_47_A,"GLY_46_A,GLY_48_A"
GLY_48_A,"GLY_46_A,GLY_47_A,SER_49_A,GLY_50_A,GLY_51_A,LEU_52_A"
SER_49_A,"GLY_48_A,GLY_50_A"
GLY_50_A,"GLY_48_A,SER_49_A,GLY_51_A"
GLY_51_A,"GLY_48_A,GLY_50_A,LEU_52_A,CYS_54_A,ALA_55_A"
LEU_52_A,"GLY_48_A,GLY_51_A,ALA_53_A,LYS_56_A"
ALA_53_A,"LEU_52_A,CYS_54_A,GLU_57_A"
CYS_54_A,"GLY_51_A,ALA_53_A,ALA_55_A,ALA_58_A"
ALA_55_A,"GLY_51_A,CYS_54_A,LYS_56_A,ALA_59_A"
LYS_56_A,"LEU_52_A,ALA_55_A,GLU_57_A,HIS_143_A,ARG_150_A"
GLU_57_A,"ALA_53_A,LYS_56_A,ALA_58_A,LYS_376_A"
ALA_58_A,"LEU_42_A,CYS_54_A,GLU_57_A,ALA_59_A,ALA_379_A,PHE_383_A"
ALA_59_A,"ALA_55_A,ALA_58_A,GLN_60_A,GLY_62_A,VAL_65_A,VAL_152_A"
GLN_60_A,"ALA_59_A,LEU_61_A"
LEU_61_A,"GLN_60_A,GLY_62_A"
GLY_62_A,"ALA_59_A,LEU_61_A,LYS_63_A"
LYS_63_A,"GLY_62_A,LYS_64_A,VAL_65_A,PHE_383_A"
LYS_64_A,"PHE_40_A,ASP_41_A,LYS_63_A,VAL_65_A"
VAL_65_A,"LEU_42_A,ALA_59_A,LYS_63_A,LYS_64_A,ALA_66_A,VAL_152_A"
ALA_66_A,"PHE_40_A,LEU_42_A,VAL_44_A,VAL_65_A,VAL_67_A"
VAL_67_A,"VAL_44_A,ALA_66_A,ALA_68_A,PHE_155_A"
ALA_68_A,"VAL_44_A,GLY_46_A,VAL_67_A,ASP_69_A,ILE_157_A"
ASP_69_A,"ALA_68_A,TYR_70_A"
TYR_70_A,"ASP_69_A,VAL_71_A,GLU_72_A,LYS_158_A"
VAL_71_A,"TYR_70_A,GLU_72_A,TRP_80_A"
GLU_72_A,"TYR_70_A,VAL_71_A,LYS_158_A,ARG_191_A,GLU_321_A"
PRO_73_A,SER_74_A
SER_74_A,"PRO_73_A,ARG_76_A,GLY_77_A,THR_78_A,ASP_210_A"
PRO_75_A,"ARG_76_A,TYR_194_A"
ARG_76_A,"SER_74_A,PRO_75_A,GLY_77_A,GLU_203_A,LYS_286_A"
GLY_77_A,"SER_74_A,ARG_76_A,THR_78_A"
THR_78_A,"SER_74_A,GLY_77_A,LYS_79_A"
LYS_79_A,"THR_78_A,TRP_80_A"
TRP_80_A,"VAL_71_A,LYS_79_A,GLY_81_A,ASN_88_A,VAL_89_A,ASP_209_A"
GLY_81_A,"TRP_80_A,LEU_82_A,ASN_88_A"
LEU_82_A,"GLY_81_A,GLY_83_A,LEU_147_A"
GLY_83_A,"LEU_82_A,GLY_84_A"
GLY_84_A,"GLY_83_A,THR_85_A"
THR_85_A,"GLY_84_A,CYS_86_A,VAL_89_A,ARG_318_A"
CYS_86_A,"THR_85_A,VAL_87_A"
VAL_87_A,"CYS_86_A,ASN_88_A,LEU_139_A"
ASN_88_A,"TRP_80_A,GLY_81_A,VAL_87_A,VAL_89_A"
VAL_89_A,"TRP_80_A,THR_85_A,ASN_88_A,GLY_90_A"
GLY_90_A,"VAL_89_A,CYS_91_A,ILE_92_A,LYS_94_A"
CYS_91_A,"GLY_90_A,ILE_92_A"
ILE_92_A,"GLY_90_A,CYS_91_A"
PRO_93_A,"LYS_94_A,LEU_96_A,MET_97_A,PHE_212_A"
LYS_94_A,"GLY_90_A,PRO_93_A,LYS_95_A,LEU_96_A,MET_97_A,HIS_98_A,GLU_232_A"
LYS_95_A,"LYS_94_A,LEU_96_A,HIS_98_A,GLN_99_A,GLU_404_A,GLU_472_A"
LEU_96_A,"PRO_93_A,LYS_94_A,LYS_95_A,MET_97_A"
MET_97_A,"PRO_93_A,LYS_94_A,LEU_96_A,HIS_98_A,ALA_101_A,MET_128_A,PHE_212_A"
HIS_98_A,"LYS_94_A,LYS_95_A,MET_97_A,GLN_99_A,GLU_404_A"
GLN_99_A,"LYS_95_A,HIS_98_A,ALA_100_A,ALA_101_A,LEU_102_A,LEU_103_A"
ALA_100_A,"GLN_99_A,ALA_101_A"
ALA_101_A,"MET_97_A,GLN_99_A,ALA_100_A,LEU_102_A,GLY_104_A,PHE_236_A"
LEU_102_A,"GLN_99_A,ALA_101_A,LEU_103_A,GLY_104_A,GLY_105_A,MET_106_A"
LEU_103_A,"GLN_99_A,LEU_102_A,GLY_104_A,MET_106_A"
GLY_104_A,"ALA_101_A,LEU_102_A,LEU_103_A,GLY_105_A"
GLY_105_A,"LEU_102_A,GLY_104_A,MET_106_A,ASP_109_A"
MET_106_A,"LEU_102_A,LEU_103_A,GLY_105_A,ILE_107_A,ALA_110_A"
ILE_107_A,"MET_106_A,ARG_108_A,VAL_117_A"
ARG_108_A,"ILE_107_A,ASP_109_A,ALA_110_A,HIS_111_A,ARG_441_A"
ASP_109_A,"GLY_105_A,ARG_108_A,ALA_110_A,HIS_111_A,HIS_112_A,ALA_439_A,ARG_441_A"
ALA_110_A,"MET_106_A,ARG_108_A,ASP_109_A,HIS_111_A"
HIS_111_A,"ARG_108_A,ASP_109_A,ALA_110_A,HIS_112_A"
HIS_112_A,"ASP_109_A,HIS_111_A,TYR_113_A"
TYR_113_A,"HIS_112_A,GLY_114_A,GLU_435_A"
GLY_114_A,"TYR_113_A,TRP_115_A"
TRP_115_A,"GLY_114_A,GLU_116_A,VAL_117_A"
GLU_116_A,"TRP_115_A,VAL_117_A"
VAL_117_A,"ILE_107_A,TRP_115_A,GLU_116_A,ALA_118_A,VAL_121_A"
ALA_118_A,"VAL_117_A,GLN_119_A"
GLN_119_A,ALA_118_A
PRO_120_A,VAL_121_A
VAL_121_A,"VAL_117_A,PRO_120_A,GLN_122_A"
GLN_122_A,"VAL_121_A,HIS_123_A"
HIS_123_A,"GLN_122_A,ASN_124_A"
ASN_124_A,"HIS_123_A,TRP_125_A,LYS_126_A,THR_127_A"
TRP_125_A,"ASN_124_A,LYS_126_A,MET_128_A,ILE_240_A"
LYS_126_A,"ASN_124_A,TRP_125_A,THR_127_A,GLU_216_A"
THR_127_A,"ASN_124_A,LYS_126_A,MET_128_A"
MET_128_A,"MET_97_A,TRP_125_A,THR_127_A,ALA_129_A,ALA_131_A,VAL_132_A"
ALA_129_A,"MET_128_A,GLU_130_A,GLN_133_A"
GLU_130_A,"ALA_129_A,ALA_131_A,ASN_134_A"
ALA_131_A,"MET_128_A,GLU_130_A,VAL_132_A"
VAL_132_A,"MET_128_A,ALA_131_A,GLN_133_A,HIS_135_A,VAL_136_A"
GLN_133_A,"ALA_129_A,VAL_132_A,ASN_134_A,HIS_135_A,VAL_136_A,LYS_137_A,TRP_213_A"
ASN_134_A,"GLU_130_A,GLN_133_A,HIS_135_A"
HIS_135_A,"VAL_132_A,GLN_133_A,ASN_134_A,VAL_136_A,SER_138_A"
VAL_136_A,"VAL_132_A,GLN_133_A,HIS_135_A,LYS_137_A,LEU_139_A,ASN_140_A,TRP_213_A"
LYS_137_A,"GLN_133_A,VAL_136_A,SER_138_A,ASN_140_A,TRP_141_A"
SER_138_A,"HIS_135_A,LYS_137_A,LEU_139_A"
LEU_139_A,"VAL_87_A,VAL_136_A,SER_138_A,ASN_140_A"
ASN_140_A,"VAL_136_A,LYS_137_A,LEU_139_A,TRP_141_A,GLY_142_A"
TRP_141_A,"LYS_137_A,ASN_140_A,GLY_142_A"
GLY_142_A,"ASN_140_A,TRP_141_A,HIS_143_A"
HIS_143_A,"LYS_56_A,GLY_142_A,ARG_144_A,LEU_147_A"
ARG_144_A,"HIS_143_A,VAL_145_A"
VAL_145_A,"ARG_144_A,GLN_146_A"
GLN_146_A,"VAL_145_A,LEU_147_A"
LEU_147_A,"LEU_82_A,HIS_143_A,GLN_146_A,GLN_148_A,VAL_152_A"
GLN_148_A,"LEU_147_A,ASP_149_A,ARG_150_A"
ASP_149_A,"GLN_148_A,ARG_150_A"
ARG_150_A,"LYS_56_A,GLN_148_A,ASP_149_A,LYS_151_A"
LYS_151_A,"ARG_150_A,VAL_152_A"
VAL_152_A,"ALA_59_A,VAL_65_A,LEU_147_A,LYS_151_A,LYS_153_A"
LYS_153_A,"PHE_40_A,VAL_152_A,TYR_154_A,PHE_155_A"
TYR_154_A,"LYS_153_A,PHE_155_A,ASN_156_A"
PHE_155_A,"PHE_40_A,VAL_67_A,LYS_153_A,TYR_154_A,ASN_156_A,ILE_157_A"
ASN_156_A,"TYR_154_A,PHE_155_A,ILE_157_A"
ILE_157_A,"ALA_68_A,PHE_155_A,ASN_156_A,LYS_158_A,ALA_159_A,LEU_179_A"
LYS_158_A,"TYR_70_A,GLU_72_A,ILE_157_A,ALA_159_A"
ALA_159_A,"ILE_157_A,LYS_158_A,SER_160_A,VAL_167_A"
SER_160_A,"ALA_159_A,PHE_161_A,ARG_168_A"
PHE_161_A,"SER_160_A,VAL_162_A,LEU_325_A,LEU_327_A,ALA_330_A,ILE_332_A"
VAL_162_A,"PHE_161_A,ASP_163_A"
ASP_163_A,"VAL_162_A,GLU_164_A,HIS_165_A,THR_166_A"
GLU_164_A,"ASP_163_A,HIS_165_A,HIS_353_A"
HIS_165_A,"ASP_163_A,GLU_164_A,THR_166_A,SER_180_A,ALA_181_A,HIS_353_A"
THR_166_A,"ASP_163_A,HIS_165_A,VAL_167_A"
VAL_167_A,"ALA_159_A,THR_166_A,ARG_168_A"
ARG_168_A,"SER_160_A,VAL_167_A,GLY_169_A"
GLY_169_A,"ARG_168_A,VAL_170_A"
VAL_170_A,"GLY_169_A,ASP_171_A"
ASP_171_A,"VAL_170_A,LYS_172_A,GLY_173_A"
LYS_172_A,"ASP_171_A,GLY_173_A"
GLY_173_A,"ASP_171_A,LYS_172_A,GLY_174_A"
GLY_174_A,"GLY_173_A,LYS_175_A"
LYS_175_A,"GLY_174_A,ALA_176_A"
ALA_176_A,"LYS_175_A,THR_177_A"
THR_177_A,"ALA_176_A,LEU_178_A,LEU_179_A"
LEU_178_A,"THR_177_A,LEU_179_A"
LEU_179_A,"ILE_157_A,THR_177_A,LEU_178_A,SER_180_A"
SER_180_A,"PHE_40_A,HIS_165_A,LEU_179_A,ALA_181_A"
ALA_181_A,"LEU_43_A,HIS_165_A,SER_180_A,GLU_182_A"
GLU_182_A,"ALA_181_A,HIS_183_A"
HIS_183_A,"LEU_43_A,GLU_182_A,ILE_184_A"
ILE_184_A,"HIS_183_A,VAL_185_A,TYR_355_A"
VAL_185_A,"LEU_43_A,ILE_45_A,ILE_184_A,ILE_186_A,LEU_378_A"
ILE_186_A,"VAL_185_A,ALA_187_A,ILE_354_A,TYR_355_A,ILE_357_A"
ALA_187_A,"ILE_45_A,ILE_186_A,THR_188_A"
THR_188_A,"ILE_45_A,ALA_187_A,GLY_189_A"
GLY_189_A,"THR_188_A,GLY_190_A"
GLY_190_A,"GLY_189_A,ARG_191_A"
ARG_191_A,"GLU_72_A,GLY_190_A,ASP_209_A,ARG_318_A,VAL_319_A,GLU_321_A"
PRO_192_A,ARG_193_A
ARG_193_A,"PRO_192_A,TYR_194_A,GLY_317_A,VAL_319_A"
TYR_194_A,"PRO_75_A,ARG_193_A,LEU_202_A,THR_207_A"
PRO_195_A,"THR_196_A,VAL_198_A,TRP_314_A"
THR_196_A,"PRO_195_A,GLN_197_A"
GLN_197_A,"THR_196_A,VAL_198_A,LYS_199_A"
VAL_198_A,"PRO_195_A,GLN_197_A,LYS_199_A,TRP_314_A"
LYS_199_A,"GLN_197_A,VAL_198_A,GLY_200_A,ILE_284_A"
GLY_200_A,"LYS_199_A,ALA_201_A,GLU_203_A"
ALA_201_A,"GLY_200_A,LEU_202_A,GLY_205_A"
LEU_202_A,"TYR_194_A,ALA_201_A,GLU_203_A"
GLU_203_A,"ARG_76_A,GLY_200_A,LEU_202_A,TYR_204_A"
TYR_204_A,"GLU_203_A,GLY_205_A,ILE_284_A,LYS_286_A,LEU_292_A"
GLY_205_A,"ALA_201_A,TYR_204_A,ILE_206_A"
ILE_206_A,"GLY_205_A,THR_207_A,THR_311_A,VAL_312_A"
THR_207_A,"TYR_194_A,ILE_206_A,SER_208_A,ASP_209_A,ASP_210_A"
SER_208_A,"THR_207_A,ASP_209_A"
ASP_209_A,"TRP_80_A,ARG_191_A,THR_207_A,SER_208_A,ASP_210_A,ARG_318_A"
ASP_210_A,"SER_74_A,THR_207_A,ASP_209_A,ILE_211_A,PHE_212_A,TRP_213_A"
ILE_211_A,"ASP_210_A,PHE_212_A,PHE_236_A"
PHE_212_A,"PRO_93_A,MET_97_A,ASP_210_A,ILE_211_A,TRP_213_A"
TRP_213_A,"GLN_133_A,VAL_136_A,ASP_210_A,PHE_212_A,LEU_214_A"
LEU_214_A,"TRP_213_A,LYS_215_A"
LYS_215_A,"LEU_214_A,GLU_216_A"
GLU_216_A,"LYS_126_A,LYS_215_A,SER_217_A"
SER_217_A,GLU_216_A
PRO_218_A,"GLY_219_A,LYS_220_A,THR_311_A"
GLY_219_A,"PRO_218_A,LYS_220_A"
LYS_220_A,"PRO_218_A,GLY_219_A,THR_221_A,ASP_243_A,PHE_309_A,ASP_310_A,THR_311_A"
THR_221_A,"LYS_220_A,LEU_222_A,LEU_237_A,THR_245_A"
LEU_222_A,"THR_221_A,VAL_223_A,MET_247_A,PHE_309_A,LEU_313_A"
VAL_223_A,"LEU_222_A,VAL_224_A,GLY_225_A,ALA_230_A,THR_245_A,MET_247_A"
VAL_224_A,"VAL_223_A,GLY_225_A,PRO_281_A,LEU_313_A,TRP_314_A"
GLY_225_A,"VAL_223_A,VAL_224_A,ALA_226_A"
ALA_226_A,"GLY_225_A,SER_227_A,MET_248_A,LEU_253_A"
SER_227_A,"ALA_226_A,TYR_228_A"
TYR_228_A,"SER_227_A,VAL_229_A,PHE_256_A,THR_397_A,VAL_399_A"
VAL_229_A,"TYR_228_A,ALA_230_A,CYS_233_A,ALA_315_A"
ALA_230_A,"VAL_223_A,VAL_229_A,LEU_231_A,ALA_234_A,ALA_315_A"
LEU_231_A,"ALA_230_A,GLU_232_A,GLY_235_A,LEU_253_A,MET_268_A"
GLU_232_A,"LYS_94_A,LEU_231_A,CYS_233_A,PHE_400_A"
CYS_233_A,"VAL_229_A,GLU_232_A,ALA_234_A"
ALA_234_A,"ALA_230_A,CYS_233_A,GLY_235_A,THR_238_A,VAL_246_A"
GLY_235_A,"LEU_231_A,ALA_234_A,PHE_236_A,THR_238_A,GLY_239_A"
PHE_236_A,"ALA_101_A,ILE_211_A,GLY_235_A,LEU_237_A,GLY_239_A,ILE_240_A"
LEU_237_A,"THR_221_A,PHE_236_A,THR_238_A,LEU_242_A"
THR_238_A,"ALA_234_A,GLY_235_A,LEU_237_A,GLY_239_A,THR_273_A"
GLY_239_A,"GLY_235_A,PHE_236_A,THR_238_A,ILE_240_A"
ILE_240_A,"TRP_125_A,PHE_236_A,GLY_239_A,GLY_241_A"
GLY_241_A,"ILE_240_A,LEU_242_A"
LEU_242_A,"LEU_237_A,GLY_241_A,ASP_243_A,THR_244_A"
ASP_243_A,"LYS_220_A,LEU_242_A,THR_244_A"
THR_244_A,"LEU_242_A,ASP_243_A,THR_245_A"
THR_245_A,"THR_221_A,VAL_223_A,THR_244_A,VAL_246_A,GLN_274_A,LEU_276_A"
VAL_246_A,"ALA_234_A,THR_245_A,MET_247_A,GLN_274_A,PHE_275_A,LEU_276_A"
MET_247_A,"LEU_222_A,VAL_223_A,VAL_246_A,MET_248_A,LEU_276_A,CYS_279_A,TRP_296_A"
MET_248_A,"ALA_226_A,MET_247_A,ARG_249_A,PRO_252_A,GLY_278_A,CYS_279_A"
ARG_249_A,"MET_248_A,SER_250_A,ARG_254_A"
SER_250_A,"ARG_249_A,ILE_251_A,ARG_254_A"
ILE_251_A,SER_250_A
PRO_252_A,"MET_248_A,LEU_253_A,ARG_254_A,GLN_258_A,THR_265_A"
LEU_253_A,"ALA_226_A,LEU_231_A,PRO_252_A,ARG_254_A,PHE_256_A"
ARG_254_A,"ARG_249_A,SER_250_A,PRO_252_A,LEU_253_A,GLY_255_A"
GLY_255_A,"ARG_254_A,PHE_256_A"
PHE_256_A,"TYR_228_A,LEU_253_A,GLY_255_A,ASP_257_A,GLN_258_A,TYR_405_A"
ASP_257_A,"PHE_256_A,GLN_258_A,GLN_259_A,MET_260_A,GLU_412_A,GLU_413_A,LYS_449_A,HIS_464_A"
GLN_258_A,"PRO_252_A,PHE_256_A,ASP_257_A,GLN_259_A,SER_262_A,GLU_413_A"
GLN_259_A,"ASP_257_A,GLN_258_A,MET_260_A,LEU_263_A,LYS_449_A,LYS_511_A"
MET_260_A,"ASP_257_A,GLN_259_A,SER_261_A,LEU_263_A,VAL_264_A,TYR_405_A,LEU_466_A"
SER_261_A,"MET_260_A,SER_262_A"
SER_262_A,"GLN_258_A,SER_261_A,LEU_263_A,THR_265_A,GLU_266_A"
LEU_263_A,"GLN_259_A,MET_260_A,SER_262_A,VAL_264_A,GLN_445_A,TYR_447_A,LEU_466_A"
VAL_264_A,"MET_260_A,LEU_263_A,THR_265_A,HIS_267_A,TYR_405_A"
THR_265_A,"PRO_252_A,SER_262_A,VAL_264_A,GLU_266_A,HIS_267_A,MET_268_A,GLU_269_A"
GLU_266_A,"SER_262_A,THR_265_A,HIS_267_A,SER_270_A"
HIS_267_A,"VAL_264_A,THR_265_A,GLU_266_A,MET_268_A,HIS_271_A,ARG_441_A,ASP_442_A,GLN_445_A"
MET_268_A,"LEU_231_A,THR_265_A,HIS_267_A,GLU_269_A,HIS_271_A,PHE_275_A,PRO_402_A"
GLU_269_A,"THR_265_A,MET_268_A,SER_270_A,PHE_275_A,LYS_277_A"
SER_270_A,"GLU_266_A,GLU_269_A,HIS_271_A"
HIS_271_A,"HIS_267_A,MET_268_A,SER_270_A,GLY_272_A,ARG_441_A,ASP_442_A"
GLY_272_A,"HIS_271_A,THR_273_A"
THR_273_A,"THR_238_A,GLY_272_A,GLN_274_A,PHE_275_A"
GLN_274_A,"THR_245_A,VAL_246_A,THR_273_A,PHE_275_A"
PHE_275_A,"VAL_246_A,MET_268_A,GLU_269_A,THR_273_A,GLN_274_A,LEU_276_A"
LEU_276_A,"THR_245_A,VAL_246_A,MET_247_A,PHE_275_A,LYS_277_A,TRP_296_A"
LYS_277_A,"GLU_269_A,LEU_276_A,GLY_278_A"
GLY_278_A,"MET_248_A,LYS_277_A,CYS_279_A"
CYS_279_A,"MET_247_A,MET_248_A,GLY_278_A,VAL_280_A"
VAL_280_A,CYS_279_A
PRO_281_A,"VAL_224_A,SER_282_A"
SER_282_A,"PRO_281_A,HIS_283_A,THR_295_A"
HIS_283_A,"SER_282_A,ILE_284_A,LYS_285_A,THR_295_A"
ILE_284_A,"LYS_199_A,TYR_204_A,HIS_283_A,LYS_285_A,LEU_292_A,VAL_294_A,TRP_314_A"
LYS_285_A,"HIS_283_A,ILE_284_A,LYS_286_A,GLN_293_A"
LYS_286_A,"ARG_76_A,TYR_204_A,LYS_285_A,LEU_287_A"
LEU_287_A,"LYS_286_A,PRO_288_A,ASN_290_A"
PRO_288_A,"LEU_287_A,THR_289_A,ASN_290_A"
THR_289_A,"PRO_288_A,ASN_290_A"
ASN_290_A,"LEU_287_A,PRO_288_A,THR_289_A,GLN_291_A"
GLN_291_A,"ASN_290_A,LEU_292_A"
LEU_292_A,"TYR_204_A,ILE_284_A,GLN_291_A,GLN_293_A"
GLN_293_A,"LYS_285_A,LEU_292_A,VAL_294_A,THR_306_A,THR_308_A"
VAL_294_A,"ILE_284_A,GLN_293_A,THR_295_A,VAL_312_A"
THR_295_A,"SER_282_A,HIS_283_A,VAL_294_A,TRP_296_A"
TRP_296_A,"MET_247_A,LEU_276_A,THR_295_A,GLU_297_A,ASP_305_A"
GLU_297_A,"TRP_296_A,ASP_298_A,HIS_299_A,GLU_304_A"
ASP_298_A,"GLU_297_A,HIS_299_A,ALA_300_A,SER_301_A,ASP_305_A"
HIS_299_A,"GLU_297_A,ASP_298_A,ALA_300_A,LYS_303_A"
ALA_300_A,"ASP_298_A,HIS_299_A,SER_301_A"
SER_301_A,"ASP_298_A,ALA_300_A,GLY_302_A"
GLY_302_A,"SER_301_A,LYS_303_A"
LYS_303_A,"HIS_299_A,GLY_302_A,GLU_304_A"
GLU_304_A,"GLU_297_A,LYS_303_A,ASP_305_A"
ASP_305_A,"TRP_296_A,ASP_298_A,GLU_304_A,THR_306_A"
THR_306_A,"GLN_293_A,ASP_305_A,GLY_307_A"
GLY_307_A,"THR_306_A,THR_308_A"
THR_308_A,"GLN_293_A,GLY_307_A,PHE_309_A"
PHE_309_A,"LYS_220_A,LEU_222_A,THR_308_A,ASP_310_A"
ASP_310_A,"LYS_220_A,PHE_309_A,THR_311_A"
THR_311_A,"ILE_206_A,PRO_218_A,LYS_220_A,ASP_310_A,VAL_312_A"
VAL_312_A,"ILE_206_A,VAL_294_A,THR_311_A,LEU_313_A"
LEU_313_A,"LEU_222_A,VAL_224_A,VAL_312_A,TRP_314_A"
TRP_314_A,"PRO_195_A,VAL_198_A,VAL_224_A,ILE_284_A,LEU_313_A,ALA_315_A"
ALA_315_A,"VAL_229_A,ALA_230_A,TRP_314_A,ILE_316_A"
ILE_316_A,"ALA_315_A,GLY_317_A"
GLY_317_A,"ARG_193_A,ILE_316_A,ARG_318_A"
ARG_318_A,"THR_85_A,ARG_191_A,ASP_209_A,GLY_317_A,VAL_319_A,ASP_359_A"
VAL_319_A,"ARG_191_A,ARG_193_A,ARG_318_A"
PRO_320_A,"GLU_321_A,LYS_340_A"
GLU_321_A,"GLU_72_A,ARG_191_A,PRO_320_A,THR_322_A"
THR_322_A,"GLU_321_A,ARG_323_A,LEU_325_A,LEU_327_A"
ARG_323_A,"THR_322_A,THR_324_A,LEU_325_A"
THR_324_A,"ARG_323_A,LEU_325_A"
LEU_325_A,"PHE_161_A,THR_322_A,ARG_323_A,THR_324_A,ASN_326_A,LEU_327_A"
ASN_326_A,"LEU_325_A,LEU_327_A,LYS_329_A"
LEU_327_A,"PHE_161_A,THR_322_A,LEU_325_A,ASN_326_A,GLU_328_A,ALA_330_A,ILE_341_A"
GLU_328_A,"LEU_327_A,LYS_329_A"
LYS_329_A,"ASN_326_A,GLU_328_A,ALA_330_A"
ALA_330_A,"PHE_161_A,LEU_327_A,LYS_329_A,GLY_331_A,ILE_332_A"
GLY_331_A,"ALA_330_A,ILE_332_A,SER_350_A"
ILE_332_A,"PHE_161_A,ALA_330_A,GLY_331_A,SER_333_A,ILE_341_A"
SER_333_A,"ILE_332_A,THR_334_A,SER_350_A"
THR_334_A,"SER_333_A,ASN_335_A"
ASN_335_A,"THR_334_A,LYS_337_A"
PRO_336_A,LYS_337_A
LYS_337_A,"ASN_335_A,PRO_336_A,ASN_338_A"
ASN_338_A,"LYS_337_A,GLN_339_A,LYS_340_A"
GLN_339_A,"ASN_338_A,LYS_340_A"
LYS_340_A,"PRO_320_A,ASN_338_A,GLN_339_A,ILE_341_A,ASP_359_A,GLU_362_A,GLU_366_A"
ILE_341_A,"LEU_327_A,ILE_332_A,LYS_340_A,ILE_342_A,THR_349_A,ALA_356_A,VAL_360_A"
ILE_342_A,"ILE_341_A,VAL_343_A"
VAL_343_A,"ILE_342_A,ASP_344_A"
ASP_344_A,"VAL_343_A,ALA_345_A,ALA_348_A"
ALA_345_A,"ASP_344_A,GLN_346_A"
GLN_346_A,"ALA_345_A,GLU_347_A"
GLU_347_A,"GLN_346_A,ALA_348_A,ALA_356_A,ARG_364_A,ARG_381_A"
ALA_348_A,"ASP_344_A,GLU_347_A,THR_349_A,TYR_355_A"
THR_349_A,"ILE_341_A,ALA_348_A,SER_350_A"
SER_350_A,"GLY_331_A,SER_333_A,THR_349_A,VAL_351_A"
VAL_351_A,"SER_350_A,HIS_353_A,ILE_354_A"
PRO_352_A,HIS_353_A
HIS_353_A,"GLU_164_A,HIS_165_A,VAL_351_A,PRO_352_A,ILE_354_A"
ILE_354_A,"ILE_186_A,VAL_351_A,HIS_353_A,TYR_355_A"
TYR_355_A,"ILE_184_A,ILE_186_A,ALA_348_A,ILE_354_A,ALA_356_A,LEU_378_A"
ALA_356_A,"ILE_341_A,GLU_347_A,TYR_355_A,ILE_357_A"
ILE_357_A,"ILE_186_A,ALA_356_A,GLY_358_A,LEU_378_A"
GLY_358_A,"ILE_357_A,ASP_359_A,VAL_360_A"
ASP_359_A,"ARG_318_A,LYS_340_A,GLY_358_A,VAL_360_A,GLU_366_A"
VAL_360_A,"ILE_341_A,GLY_358_A,ASP_359_A,ALA_361_A"
ALA_361_A,"VAL_360_A,GLU_362_A"
GLU_362_A,"LYS_340_A,ALA_361_A,GLY_363_A"
GLY_363_A,"GLU_362_A,ARG_364_A"
ARG_364_A,"GLU_347_A,GLY_363_A"
PRO_365_A,"GLU_366_A,LEU_367_A"
GLU_366_A,"LYS_340_A,ASP_359_A,PRO_365_A,LEU_367_A"
LEU_367_A,"PRO_365_A,GLU_366_A,THR_368_A"
THR_368_A,"LEU_367_A,ALA_371_A,ILE_372_A"
PRO_369_A,"THR_370_A,ILE_372_A,LYS_373_A"
THR_370_A,"PRO_369_A,ALA_371_A,ALA_374_A,MET_390_A,TYR_392_A"
ALA_371_A,"THR_368_A,THR_370_A,ILE_372_A"
ILE_372_A,"THR_368_A,PRO_369_A,ALA_371_A,LYS_373_A,GLY_375_A"
LYS_373_A,"PRO_369_A,ILE_372_A,ALA_374_A,GLY_375_A"
ALA_374_A,"THR_370_A,LYS_373_A,GLY_375_A"
GLY_375_A,"ILE_372_A,LYS_373_A,ALA_374_A,LYS_376_A,ALA_379_A"
LYS_376_A,"GLU_57_A,GLY_375_A,LEU_377_A,ALA_379_A,GLN_380_A"
LEU_377_A,"LYS_376_A,LEU_378_A,GLN_380_A,ARG_381_A"
LEU_378_A,"VAL_185_A,TYR_355_A,ILE_357_A,LEU_377_A,ALA_379_A"
ALA_379_A,"ALA_58_A,GLY_375_A,LYS_376_A,LEU_378_A,GLN_380_A"
GLN_380_A,"LYS_376_A,LEU_377_A,ALA_379_A,ARG_381_A,GLY_384_A"
ARG_381_A,"GLU_347_A,LEU_377_A,GLN_380_A,LEU_382_A"
LEU_382_A,"ARG_381_A,PHE_383_A"
PHE_383_A,"ALA_58_A,LYS_63_A,LEU_382_A,GLY_384_A"
GLY_384_A,"GLN_380_A,PHE_383_A,LYS_385_A"
LYS_385_A,"GLY_384_A,SER_386_A"
SER_386_A,"LYS_385_A,SER_387_A"
SER_387_A,"SER_386_A,THR_388_A"
THR_388_A,"SER_387_A,LEU_389_A"
LEU_389_A,"THR_388_A,MET_390_A"
MET_390_A,"THR_370_A,LEU_389_A,ASP_391_A,TYR_392_A"
ASP_391_A,"MET_390_A,TYR_392_A,SER_393_A,LYS_482_A"
TYR_392_A,"THR_370_A,MET_390_A,ASP_391_A,SER_393_A"
SER_393_A,"ASP_391_A,TYR_392_A,ASN_394_A,VAL_395_A"
ASN_394_A,"SER_393_A,VAL_395_A,ILE_481_A"
VAL_395_A,"SER_393_A,ASN_394_A"
PRO_396_A,"THR_397_A,VAL_408_A"
THR_397_A,"TYR_228_A,PRO_396_A,THR_398_A"
THR_398_A,"THR_397_A,VAL_399_A,ALA_470_A"
VAL_399_A,"TYR_228_A,THR_398_A,PHE_400_A,THR_401_A,TYR_405_A"
PHE_400_A,"GLU_232_A,VAL_399_A,THR_401_A"
THR_401_A,"VAL_399_A,PHE_400_A,LEU_403_A"
PRO_402_A,"MET_268_A,LEU_403_A"
LEU_403_A,"THR_401_A,PRO_402_A,GLU_404_A,GLN_445_A,LEU_466_A"
GLU_404_A,"LYS_95_A,HIS_98_A,LEU_403_A,TYR_405_A,ALA_470_A"
TYR_405_A,"PHE_256_A,MET_260_A,VAL_264_A,VAL_399_A,GLU_404_A,GLY_406_A,CYS_407_A"
GLY_406_A,"TYR_405_A,CYS_407_A,PHE_465_A"
CYS_407_A,"TYR_405_A,GLY_406_A,VAL_408_A"
VAL_408_A,"PRO_396_A,CYS_407_A,GLY_409_A,LEU_463_A,THR_474_A,ALA_478_A"
GLY_409_A,"VAL_408_A,LEU_410_A"
LEU_410_A,"GLY_409_A,SER_411_A,LEU_461_A,HIS_464_A"
SER_411_A,"LEU_410_A,GLU_412_A,GLU_413_A,GLU_414_A,ALA_415_A"
GLU_412_A,"ASP_257_A,SER_411_A,GLU_413_A,ALA_415_A,LYS_449_A,LYS_511_A"
GLU_413_A,"ASP_257_A,GLN_258_A,SER_411_A,GLU_412_A,GLU_414_A,ALA_415_A,ALA_417_A,LYS_449_A"
GLU_414_A,"SER_411_A,GLU_413_A,ALA_415_A"
ALA_415_A,"SER_411_A,GLU_412_A,GLU_413_A,GLU_414_A,VAL_416_A,HIS_419_A,VAL_451_A"
VAL_416_A,"ALA_415_A,ALA_417_A,LEU_418_A,GLY_420_A"
ALA_417_A,"GLU_413_A,VAL_416_A,LEU_418_A"
LEU_418_A,"VAL_416_A,ALA_417_A,HIS_419_A"
HIS_419_A,"ALA_415_A,LEU_418_A,GLY_420_A"
GLY_420_A,"VAL_416_A,HIS_419_A,GLN_421_A,GLU_422_A,HIS_423_A"
GLN_421_A,"GLY_420_A,GLU_422_A,ARG_512_A"
GLU_422_A,"GLY_420_A,GLN_421_A,HIS_423_A,ARG_512_A"
HIS_423_A,"GLY_420_A,GLU_422_A,VAL_424_A,GLU_455_A"
VAL_424_A,"HIS_423_A,GLU_425_A"
GLU_425_A,"VAL_424_A,VAL_426_A,CYS_452_A,ARG_454_A,SER_510_A,ARG_512_A"
VAL_426_A,"GLU_425_A,TYR_427_A,LYS_449_A"
TYR_427_A,"VAL_426_A,HIS_428_A,MET_450_A,GLN_458_A,TYR_487_A"
HIS_428_A,"TYR_427_A,ALA_429_A,TYR_447_A,LYS_511_A"
ALA_429_A,"HIS_428_A,TYR_430_A,ILE_448_A,LEU_507_A"
TYR_430_A,"ALA_429_A,TYR_431_A,TYR_447_A,PRO_517_A"
TYR_431_A,"TYR_430_A,LYS_432_A,PRO_433_A,CYS_446_A,ILE_448_A,LEU_466_A,GLU_503_A"
LYS_432_A,"TYR_431_A,ASP_440_A"
PRO_433_A,"TYR_431_A,LEU_434_A,PHE_436_A"
LEU_434_A,"PRO_433_A,GLU_435_A,THR_437_A"
GLU_435_A,"TYR_113_A,LEU_434_A,PHE_436_A"
PHE_436_A,"PRO_433_A,GLU_435_A,THR_437_A,ALA_443_A,PRO_468_A"
THR_437_A,"LEU_434_A,PHE_436_A,VAL_438_A"
VAL_438_A,"THR_437_A,ALA_439_A"
ALA_439_A,"ASP_109_A,VAL_438_A,ASP_440_A,ARG_441_A"
ASP_440_A,"LYS_432_A,ALA_439_A,ARG_441_A"
ARG_441_A,"ARG_108_A,ASP_109_A,HIS_267_A,HIS_271_A,ALA_439_A,ASP_440_A,ASP_442_A"
ASP_442_A,"HIS_267_A,HIS_271_A,ARG_441_A,ALA_443_A,SER_444_A"
ALA_443_A,"PHE_436_A,ASP_442_A,SER_444_A,GLN_445_A"
SER_444_A,"ASP_442_A,ALA_443_A,GLN_445_A"
GLN_445_A,"LEU_263_A,HIS_267_A,LEU_403_A,ALA_443_A,SER_444_A,CYS_446_A,TYR_447_A"
CYS_446_A,"TYR_431_A,GLN_445_A,TYR_447_A"
TYR_447_A,"LEU_263_A,HIS_428_A,TYR_430_A,GLN_445_A,CYS_446_A,ILE_448_A"
ILE_448_A,"ALA_429_A,TYR_431_A,TYR_447_A,LYS_449_A,GLU_503_A"
LYS_449_A,"ASP_257_A,GLN_259_A,GLU_412_A,GLU_413_A,VAL_426_A,ILE_448_A,MET_450_A,HIS_464_A,LYS_511_A"
MET_450_A,"TYR_427_A,LYS_449_A,VAL_451_A,LEU_463_A,VAL_504_A,LEU_507_A"
VAL_451_A,"ALA_415_A,MET_450_A,CYS_452_A,LEU_461_A,GLY_462_A"
CYS_452_A,"GLU_425_A,VAL_451_A,MET_453_A"
MET_453_A,"CYS_452_A,ARG_454_A,LEU_461_A"
ARG_454_A,"GLU_425_A,MET_453_A,GLU_455_A,ARG_512_A"
GLU_455_A,"HIS_423_A,ARG_454_A"
PRO_457_A,GLN_458_A
GLN_458_A,"TYR_427_A,PRO_457_A,LEU_459_A,TYR_487_A"
LEU_459_A,"GLN_458_A,VAL_460_A"
VAL_460_A,"LEU_459_A,LEU_461_A"
LEU_461_A,"LEU_410_A,VAL_451_A,MET_453_A,VAL_460_A,GLY_462_A"
GLY_462_A,"VAL_451_A,LEU_461_A,LEU_463_A"
LEU_463_A,"VAL_408_A,MET_450_A,GLY_462_A,HIS_464_A,PHE_477_A"
HIS_464_A,"ASP_257_A,LEU_410_A,LYS_449_A,LEU_463_A,PHE_465_A"
PHE_465_A,"GLY_406_A,HIS_464_A,LEU_466_A,VAL_473_A"
LEU_466_A,"MET_260_A,LEU_263_A,LEU_403_A,TYR_431_A,PHE_465_A,GLY_467_A"
GLY_467_A,LEU_466_A
PRO_468_A,"PHE_436_A,ASN_469_A"
ASN_469_A,"PRO_468_A,ALA_470_A,GLU_472_A"
ALA_470_A,"THR_398_A,GLU_404_A,ASN_469_A,GLY_471_A,VAL_473_A,THR_474_A"
GLY_471_A,"ALA_470_A,GLU_472_A,GLN_475_A"
GLU_472_A,"LYS_95_A,ASN_469_A,GLY_471_A,VAL_473_A"
VAL_473_A,"PHE_465_A,ALA_470_A,GLU_472_A,THR_474_A"
THR_474_A,"VAL_408_A,ALA_470_A,VAL_473_A,GLN_475_A,ALA_478_A"
GLN_475_A,"GLY_471_A,THR_474_A,GLY_476_A,ALA_478_A"
GLY_476_A,"GLN_475_A,PHE_477_A,LEU_479_A"
PHE_477_A,"LEU_463_A,GLY_476_A,ALA_478_A,LEU_479_A,GLY_480_A,VAL_504_A"
ALA_478_A,"VAL_408_A,THR_474_A,GLN_475_A,PHE_477_A,LEU_479_A"
LEU_479_A,"GLY_476_A,PHE_477_A,ALA_478_A,GLY_480_A"
GLY_480_A,"PHE_477_A,LEU_479_A,ILE_481_A,GLY_484_A,ALA_485_A"
ILE_481_A,"ASN_394_A,GLY_480_A,LYS_482_A,CYS_483_A,GLY_484_A"
LYS_482_A,"ASP_391_A,ILE_481_A,CYS_483_A"
CYS_483_A,"ILE_481_A,LYS_482_A,GLY_484_A"
GLY_484_A,"GLY_480_A,ILE_481_A,CYS_483_A,ALA_485_A"
ALA_485_A,"GLY_480_A,GLY_484_A,SER_486_A"
SER_486_A,"ALA_485_A,TYR_487_A,ALA_488_A,GLN_489_A"
TYR_487_A,"TYR_427_A,GLN_458_A,SER_486_A,ALA_488_A,MET_491_A,LEU_507_A"
ALA_488_A,"SER_486_A,TYR_487_A,GLN_489_A,VAL_490_A,MET_491_A,GLN_492_A"
GLN_489_A,"SER_486_A,ALA_488_A,VAL_490_A,THR_493_A"
VAL_490_A,"ALA_488_A,GLN_489_A,MET_491_A"
MET_491_A,"TYR_487_A,ALA_488_A,VAL_490_A,GLN_492_A"
GLN_492_A,"ALA_488_A,MET_491_A,THR_493_A"
THR_493_A,"GLN_489_A,GLN_492_A,VAL_494_A,VAL_505_A"
VAL_494_A,"THR_493_A,GLY_495_A"
GLY_495_A,"VAL_494_A,ILE_496_A"
ILE_496_A,"GLY_495_A,HIS_497_A,THR_499_A"
HIS_497_A,"ILE_496_A,GLU_502_A"
PRO_498_A,THR_499_A
THR_499_A,"ILE_496_A,PRO_498_A,CYS_500_A"
CYS_500_A,"THR_499_A,SER_501_A"
SER_501_A,"CYS_500_A,GLU_502_A,GLU_503_A,VAL_504_A"
GLU_502_A,"HIS_497_A,SER_501_A,GLU_503_A,VAL_504_A,VAL_505_A,LYS_506_A"
GLU_503_A,"TYR_431_A,ILE_448_A,SER_501_A,GLU_502_A,VAL_504_A,LYS_506_A"
VAL_504_A,"MET_450_A,PHE_477_A,SER_501_A,GLU_502_A,GLU_503_A,VAL_505_A,LYS_506_A"
VAL_505_A,"THR_493_A,GLU_502_A,VAL_504_A,LYS_506_A"
LYS_506_A,"GLU_502_A,GLU_503_A,VAL_504_A,VAL_505_A,LEU_507_A"
LEU_507_A,"ALA_429_A,MET_450_A,TYR_487_A,LYS_506_A,HIS_508_A"
HIS_508_A,"LEU_507_A,ILE_509_A"
ILE_509_A,"HIS_508_A,SER_510_A,LEU_515_A"
SER_510_A,"GLU_425_A,ILE_509_A,LYS_511_A,SER_513_A"
LYS_511_A,"GLN_259_A,GLU_412_A,HIS_428_A,LYS_449_A,SER_510_A,ARG_512_A,GLY_514_A"
ARG_512_A,"GLN_421_A,GLU_422_A,GLU_425_A,ARG_454_A,LYS_511_A,SER_513_A"
SER_513_A,"SER_510_A,ARG_512_A,GLY_514_A"
GLY_514_A,"LYS_511_A,SER_513_A,LEU_515_A"
LEU_515_A,"ILE_509_A,GLY_514_A,GLU_516_A"
GLU_516_A,LEU_515_A
PRO_517_A,"TYR_430_A,THR_518_A"
THR_518_A,"PRO_517_A,VAL_519_A"
VAL_519_A,"THR_518_A,THR_520_A"
THR_520_A,"VAL_519_A,GLY_521_A"
GLY_521_A,THR_520_A
