residue_id,neighbors
ASP_46_A,"ALA_47_A,ARG_722_A"
ALA_47_A,"ASP_46_A,TYR_48_A,SER_772_A"
TYR_48_A,"ALA_47_A,THR_49_A,ARG_722_A,ILE_733_A,GLY_755_A,ILE_771_A"
THR_49_A,"TYR_48_A,TRP_50_A,ASP_770_A,SER_772_A"
TRP_50_A,"THR_49_A,LYS_51_A,TRP_740_A,VAL_757_A"
LYS_51_A,"TRP_50_A,ASN_52_A,ASP_499_A,ARG_768_A"
ASN_52_A,"LYS_51_A,VAL_53_A,ARG_764_A"
VAL_53_A,"ASN_52_A,ARG_54_A,ILE_766_A"
ARG_54_A,"VAL_53_A,VAL_55_A,ASP_56_A,ARG_464_A,GLU_467_A,VAL_501_A"
VAL_55_A,"ARG_54_A,ASP_56_A,TRP_401_A,GLU_467_A"
ASP_56_A,"ARG_54_A,VAL_55_A,GLY_57_A,ARG_464_A,GLU_467_A"
GLY_57_A,"ASP_56_A,GLY_58_A,LEU_466_A"
GLY_58_A,"GLY_57_A,GLY_59_A,ALA_440_A"
GLY_59_A,"GLY_58_A,PHE_60_A"
PHE_60_A,"GLY_59_A,VAL_61_A,PRO_62_A,PRO_306_A"
VAL_61_A,PHE_60_A
PRO_62_A,"PHE_60_A,GLY_63_A"
GLY_63_A,"PRO_62_A,ILE_64_A"
ILE_64_A,"GLY_63_A,VAL_65_A"
VAL_65_A,"ILE_64_A,PHE_66_A,TYR_75_A"
PHE_66_A,"VAL_65_A,ASN_67_A,ALA_74_A,PRO_428_A"
ASN_67_A,"PHE_66_A,ARG_68_A,LYS_69_A,GLU_70_A,LEU_73_A,SER_115_A"
ARG_68_A,"ASN_67_A,LYS_69_A,GLU_239_A,ARG_346_A"
LYS_69_A,"ASN_67_A,ARG_68_A,GLU_70_A,PRO_120_A"
GLU_70_A,"ASN_67_A,LYS_69_A,LYS_71_A,ARG_147_A"
LYS_71_A,"GLU_70_A,ASN_72_A,ASP_427_A,PHE_429_A,ASP_430_A"
ASN_72_A,"LYS_71_A,LEU_73_A,ARG_433_A"
LEU_73_A,"ASN_67_A,ASN_72_A,ALA_74_A,PRO_120_A"
ALA_74_A,"PHE_66_A,LEU_73_A,TYR_75_A,TRP_86_A"
TYR_75_A,"VAL_65_A,ALA_74_A,ALA_76_A,LEU_113_A"
ALA_76_A,"TYR_75_A,ARG_77_A,TYR_84_A"
ARG_77_A,"ALA_76_A,THR_78_A,VAL_110_A,ARG_167_A,GLU_171_A,ARG_172_A"
THR_78_A,"ARG_77_A,ASP_79_A,GLY_81_A,GLY_82_A"
ASP_79_A,"THR_78_A,ILE_80_A,ARG_167_A,GLU_468_A"
ILE_80_A,"ASP_79_A,GLY_81_A"
GLY_81_A,"THR_78_A,ILE_80_A,GLY_82_A"
GLY_82_A,"THR_78_A,GLY_81_A,ALA_83_A,THR_108_A"
ALA_83_A,"GLY_82_A,TYR_84_A,LEU_96_A"
TYR_84_A,"ALA_76_A,ALA_83_A,ARG_85_A,TRP_93_A,PRO_95_A,LEU_466_A,GLU_467_A"
ARG_85_A,"TYR_84_A,TRP_86_A,VAL_94_A,ARG_147_A"
TRP_86_A,"ALA_74_A,ARG_85_A,ASP_87_A,TRP_93_A"
ASP_87_A,"TRP_86_A,GLN_88_A,LYS_91_A,ARG_92_A"
GLN_88_A,"ASP_87_A,SER_89_A,ARG_433_A"
SER_89_A,"GLN_88_A,GLY_90_A"
GLY_90_A,"SER_89_A,LYS_91_A"
LYS_91_A,"ASP_87_A,GLY_90_A,ARG_92_A,GLU_446_A"
ARG_92_A,"ASP_87_A,LYS_91_A,TRP_93_A,ARG_464_A"
TRP_93_A,"TYR_84_A,TRP_86_A,ARG_92_A,VAL_94_A,MET_462_A,ARG_464_A"
VAL_94_A,"ARG_85_A,TRP_93_A"
PRO_95_A,"TYR_84_A,LEU_96_A"
LEU_96_A,"ALA_83_A,PRO_95_A,LEU_97_A,TRP_151_A"
LEU_97_A,"LEU_96_A,ASP_98_A,LEU_142_A"
ASP_98_A,"LEU_97_A,SER_99_A,HIS_738_A,GLN_739_A,ARG_764_A"
SER_99_A,"ASP_98_A,LEU_100_A"
LEU_100_A,"SER_99_A,ASP_101_A,TRP_107_A"
ASP_101_A,"LEU_100_A,TRP_102_A,ASP_103_A,HIS_104_A"
TRP_102_A,"ASP_101_A,ASP_103_A,ASP_692_A"
ASP_103_A,"ASP_101_A,TRP_102_A,HIS_104_A,ARG_718_A"
HIS_104_A,"ASP_101_A,ASP_103_A,TRP_105_A,TRP_107_A"
TRP_105_A,"HIS_104_A,GLY_106_A,THR_108_A"
GLY_106_A,"TRP_105_A,TRP_107_A,THR_129_A"
TRP_107_A,"LEU_100_A,HIS_104_A,GLY_106_A,THR_108_A,ALA_140_A"
THR_108_A,"GLY_82_A,TRP_105_A,TRP_107_A,GLY_109_A"
GLY_109_A,"THR_108_A,VAL_110_A,GLY_128_A"
VAL_110_A,"ARG_77_A,GLY_109_A,VAL_111_A"
VAL_111_A,"VAL_110_A,SER_112_A"
SER_112_A,"VAL_111_A,LEU_113_A,ALA_126_A,GLU_171_A,LEU_173_A"
LEU_113_A,"TYR_75_A,SER_112_A,ALA_114_A,VAL_125_A,GLU_171_A"
ALA_114_A,"LEU_113_A,SER_115_A,TYR_124_A"
SER_115_A,"ASN_67_A,ALA_114_A,ASP_116_A"
ASP_116_A,"SER_115_A,SER_117_A,VAL_118_A,ASP_119_A,LYS_122_A,ASN_180_A"
SER_117_A,"ASP_116_A,VAL_118_A"
VAL_118_A,"ASP_116_A,SER_117_A,ASP_119_A"
ASP_119_A,"ASP_116_A,VAL_118_A,ASN_121_A,LYS_122_A"
PRO_120_A,"LYS_69_A,LEU_73_A,ASN_121_A"
ASN_121_A,"ASP_119_A,PRO_120_A,LYS_122_A,ARG_147_A"
LYS_122_A,"ASP_116_A,ASP_119_A,ASN_121_A,VAL_123_A"
VAL_123_A,"LYS_122_A,TYR_124_A,SER_144_A"
TYR_124_A,"ALA_114_A,VAL_123_A,VAL_125_A,ARG_143_A,LEU_173_A,LEU_183_A"
VAL_125_A,"LEU_113_A,TYR_124_A,ALA_126_A,LEU_142_A"
ALA_126_A,"SER_112_A,VAL_125_A,ALA_127_A,ILE_141_A"
ALA_127_A,"ALA_126_A,GLY_128_A,ALA_140_A"
GLY_128_A,"GLY_109_A,ALA_127_A,THR_129_A,GLY_162_A"
THR_129_A,"GLY_106_A,GLY_128_A,TYR_130_A,ASP_135_A,ASN_163_A"
TYR_130_A,"THR_129_A,THR_131_A,TRP_134_A,ASP_135_A,ASN_163_A"
THR_131_A,"TYR_130_A,ASN_132_A,ASP_228_A"
ASN_132_A,"THR_131_A,SER_133_A,SER_223_A"
SER_133_A,"ASN_132_A,TRP_134_A"
TRP_134_A,"TYR_130_A,SER_133_A,ASP_135_A,TYR_225_A"
ASP_135_A,"THR_129_A,TYR_130_A,TRP_134_A,GLY_137_A,LYS_159_A"
PRO_136_A,GLY_137_A
GLY_137_A,"ASP_135_A,PRO_136_A,ASN_138_A"
ASN_138_A,"GLY_137_A,GLY_139_A"
GLY_139_A,"ASN_138_A,ALA_140_A,LEU_156_A,PHE_158_A"
ALA_140_A,"TRP_107_A,ALA_127_A,GLY_139_A,ILE_141_A"
ILE_141_A,"ALA_126_A,ALA_140_A,LEU_142_A,THR_154_A,TRP_203_A"
LEU_142_A,"LEU_97_A,VAL_125_A,ILE_141_A,ARG_143_A,TRP_151_A"
ARG_143_A,"TYR_124_A,LEU_142_A,SER_144_A,GLN_152_A"
SER_144_A,"VAL_123_A,ARG_143_A,SER_145_A,GLY_148_A"
SER_145_A,"SER_144_A,ASN_146_A"
ASN_146_A,"SER_145_A,ARG_147_A,SER_150_A"
ARG_147_A,"GLU_70_A,ARG_85_A,ASN_121_A,ASN_146_A,GLY_148_A"
GLY_148_A,"SER_144_A,ARG_147_A,ALA_149_A"
ALA_149_A,"GLY_148_A,SER_150_A"
SER_150_A,"ASN_146_A,ALA_149_A,TRP_151_A"
TRP_151_A,"LEU_96_A,LEU_142_A,SER_150_A,GLN_152_A"
GLN_152_A,"ARG_143_A,TRP_151_A,SER_153_A"
SER_153_A,"GLN_152_A,THR_154_A"
THR_154_A,"ILE_141_A,SER_153_A,THR_155_A,MET_201_A"
THR_155_A,"THR_154_A,LEU_156_A"
LEU_156_A,"GLY_139_A,THR_155_A,LEU_160_A,LEU_185_A"
PRO_157_A,"PHE_158_A,TRP_194_A"
PHE_158_A,"GLY_139_A,PRO_157_A,LYS_159_A,ALA_187_A,TRP_194_A"
LYS_159_A,"ASP_135_A,PHE_158_A,LEU_160_A"
LEU_160_A,"LEU_156_A,LYS_159_A,GLY_161_A"
GLY_161_A,"LEU_160_A,GLY_162_A,MET_164_A"
GLY_162_A,"GLY_128_A,GLY_161_A,ASN_163_A"
ASN_163_A,"THR_129_A,TYR_130_A,GLY_162_A,MET_164_A,TYR_225_A"
MET_164_A,"GLY_161_A,ASN_163_A,ARG_167_A"
PRO_165_A,GLY_166_A
GLY_166_A,"PRO_165_A,ARG_167_A,ARG_172_A,GLY_305_A"
ARG_167_A,"ARG_77_A,ASP_79_A,MET_164_A,GLY_166_A,GLY_168_A"
GLY_168_A,"ARG_167_A,MET_169_A"
MET_169_A,"GLY_168_A,GLY_170_A,ARG_172_A"
GLY_170_A,"MET_169_A,GLU_171_A"
GLU_171_A,"ARG_77_A,SER_112_A,LEU_113_A,GLY_170_A,ARG_172_A,LYS_286_A"
ARG_172_A,"ARG_77_A,GLY_166_A,MET_169_A,GLU_171_A,LEU_173_A,GLY_186_A"
LEU_173_A,"SER_112_A,TYR_124_A,ARG_172_A,ALA_174_A"
ALA_174_A,"LEU_173_A,VAL_175_A,TYR_184_A"
VAL_175_A,"ALA_174_A,ASP_176_A"
ASP_176_A,"VAL_175_A,ASN_178_A,ARG_179_A,VAL_182_A,THR_248_A"
PRO_177_A,"ASN_178_A,GLU_239_A"
ASN_178_A,"ASP_176_A,PRO_177_A,ARG_179_A,GLU_239_A,THR_248_A"
ARG_179_A,"ASP_176_A,ASN_178_A,ASN_180_A"
ASN_180_A,"ASP_116_A,ARG_179_A,SER_181_A"
SER_181_A,"ASN_180_A,VAL_182_A,SER_199_A"
VAL_182_A,"ASP_176_A,SER_181_A,LEU_183_A,TYR_184_A"
LEU_183_A,"TYR_124_A,VAL_182_A,TYR_184_A,SER_196_A,TRP_203_A"
TYR_184_A,"ALA_174_A,VAL_182_A,LEU_183_A,LEU_185_A,ARG_195_A,PHE_237_A,ILE_251_A"
LEU_185_A,"LEU_156_A,TYR_184_A,GLY_186_A,TRP_194_A,TRP_203_A"
GLY_186_A,"ARG_172_A,LEU_185_A,ALA_187_A"
ALA_187_A,"PHE_158_A,GLY_186_A,ASN_191_A,GLY_192_A"
PRO_188_A,"SER_189_A,ASN_191_A"
SER_189_A,"PRO_188_A,GLY_190_A,ASP_228_A,ASN_229_A"
GLY_190_A,"SER_189_A,ASN_191_A"
ASN_191_A,"ALA_187_A,PRO_188_A,GLY_190_A,GLY_192_A,TRP_194_A,LYS_205_A"
GLY_192_A,"ALA_187_A,ASN_191_A,LEU_193_A"
LEU_193_A,"GLY_192_A,TRP_194_A,VAL_206_A,PHE_209_A,TRP_272_A"
TRP_194_A,"PRO_157_A,PHE_158_A,LEU_185_A,ASN_191_A,LEU_193_A,ARG_195_A,LYS_205_A"
ARG_195_A,"TYR_184_A,TRP_194_A,SER_196_A,SER_204_A,VAL_206_A"
SER_196_A,"LEU_183_A,ARG_195_A,THR_197_A,ASP_198_A,GLY_200_A,THR_202_A"
THR_197_A,"SER_196_A,ASP_198_A"
ASP_198_A,"SER_196_A,THR_197_A,SER_199_A,THR_202_A"
SER_199_A,"SER_181_A,ASP_198_A,GLY_200_A"
GLY_200_A,"SER_196_A,SER_199_A,MET_201_A,TRP_203_A"
MET_201_A,"THR_154_A,GLY_200_A,THR_202_A"
THR_202_A,"SER_196_A,ASP_198_A,MET_201_A,TRP_203_A"
TRP_203_A,"ILE_141_A,LEU_183_A,LEU_185_A,GLY_200_A,THR_202_A,SER_204_A"
SER_204_A,"ARG_195_A,TRP_203_A,LYS_205_A"
LYS_205_A,"ASN_191_A,TRP_194_A,SER_204_A,VAL_206_A"
VAL_206_A,"LEU_193_A,ARG_195_A,LYS_205_A,THR_207_A"
THR_207_A,"VAL_206_A,SER_208_A"
SER_208_A,"THR_207_A,PHE_209_A,VAL_270_A"
PHE_209_A,"LEU_193_A,SER_208_A,VAL_253_A,VAL_255_A,TRP_272_A"
PRO_210_A,"ASN_211_A,TYR_263_A"
ASN_211_A,"PRO_210_A,GLY_213_A,ASP_257_A,TYR_263_A"
PRO_212_A,GLY_213_A
GLY_213_A,"ASN_211_A,PRO_212_A,THR_214_A,ASN_229_A"
THR_214_A,"GLY_213_A,TYR_215_A,ALA_256_A"
TYR_215_A,"THR_214_A,VAL_216_A,ALA_256_A,LEU_283_A"
VAL_216_A,"TYR_215_A,GLN_217_A"
GLN_217_A,"VAL_216_A,ASP_218_A"
ASP_218_A,"GLN_217_A,ALA_219_A,SER_220_A,ASP_221_A,LEU_226_A"
ALA_219_A,"ASP_218_A,SER_220_A"
SER_220_A,"ASP_218_A,ALA_219_A,ASP_221_A"
ASP_221_A,"ASP_218_A,SER_220_A,THR_222_A,SER_223_A,LEU_226_A"
THR_222_A,"ASP_221_A,SER_223_A"
SER_223_A,"ASN_132_A,ASP_221_A,THR_222_A,GLY_224_A"
GLY_224_A,"SER_223_A,TYR_225_A"
TYR_225_A,"TRP_134_A,ASN_163_A,GLY_224_A,LEU_226_A"
LEU_226_A,"ASP_218_A,ASP_221_A,TYR_225_A,SER_227_A"
SER_227_A,"LEU_226_A,ASP_228_A"
ASP_228_A,"THR_131_A,SER_189_A,SER_227_A,ASN_229_A"
ASN_229_A,"SER_189_A,GLY_213_A,ASP_228_A,GLN_230_A,GLY_231_A"
GLN_230_A,"ASN_229_A,GLY_231_A"
GLY_231_A,"ASN_229_A,GLN_230_A,VAL_232_A,ALA_256_A"
VAL_232_A,"GLY_231_A,VAL_233_A,VAL_253_A"
VAL_233_A,"VAL_232_A,TRP_234_A,GLY_254_A"
TRP_234_A,"VAL_233_A,VAL_235_A,TYR_252_A,GLY_254_A"
VAL_235_A,"TRP_234_A,THR_236_A"
THR_236_A,"VAL_235_A,PHE_237_A,TYR_252_A,GLY_287_A"
PHE_237_A,"TYR_184_A,THR_236_A,ASP_238_A"
ASP_238_A,"PHE_237_A,GLU_239_A,ARG_240_A,THR_241_A,LEU_289_A"
GLU_239_A,"ARG_68_A,PRO_177_A,ASN_178_A,ASP_238_A,ARG_240_A,ARG_346_A"
ARG_240_A,"ASP_238_A,GLU_239_A,THR_241_A,THR_319_A"
THR_241_A,"ASP_238_A,ARG_240_A,GLY_242_A,THR_250_A"
GLY_242_A,"THR_241_A,SER_243_A"
SER_243_A,"GLY_242_A,SER_244_A,SER_246_A"
SER_244_A,"SER_243_A,GLY_245_A"
GLY_245_A,"SER_244_A,SER_246_A"
SER_246_A,"SER_243_A,GLY_245_A,ALA_247_A"
ALA_247_A,"SER_246_A,THR_248_A"
THR_248_A,"ASP_176_A,ASN_178_A,ALA_247_A,LYS_249_A"
LYS_249_A,"THR_248_A,THR_250_A,ALA_268_A"
THR_250_A,"THR_241_A,LYS_249_A,ILE_251_A,TYR_252_A"
ILE_251_A,"TYR_184_A,THR_250_A,TYR_252_A,SER_265_A"
TYR_252_A,"TRP_234_A,THR_236_A,THR_250_A,ILE_251_A,VAL_253_A,LEU_296_A"
VAL_253_A,"PHE_209_A,VAL_232_A,TYR_252_A,GLY_254_A,TYR_263_A,TRP_272_A"
GLY_254_A,"VAL_233_A,TRP_234_A,VAL_253_A,VAL_255_A"
VAL_255_A,"PHE_209_A,GLY_254_A,ALA_256_A,ASP_257_A,THR_261_A,TYR_263_A"
ALA_256_A,"THR_214_A,TYR_215_A,GLY_231_A,VAL_255_A,ASP_257_A"
ASP_257_A,"ASN_211_A,VAL_255_A,ALA_256_A,LYS_258_A,ASP_259_A,ASN_260_A"
LYS_258_A,"ASP_257_A,ASP_259_A,GLY_281_A,LEU_283_A,ASP_302_A"
ASP_259_A,"ASP_257_A,LYS_258_A,ASN_260_A,ARG_274_A"
ASN_260_A,"ASP_257_A,ASP_259_A,THR_261_A,TYR_263_A,ARG_274_A"
THR_261_A,"VAL_255_A,ASN_260_A,VAL_262_A,GLN_278_A,SER_284_A"
VAL_262_A,"THR_261_A,TYR_263_A,GLN_278_A"
TYR_263_A,"PRO_210_A,ASN_211_A,VAL_253_A,VAL_255_A,ASN_260_A,VAL_262_A,ARG_264_A,ARG_274_A"
ARG_264_A,"TYR_263_A,SER_265_A,SER_273_A"
SER_265_A,"ILE_251_A,ARG_264_A,THR_266_A,ASP_267_A,GLY_269_A,THR_271_A"
THR_266_A,"SER_265_A,ASP_267_A"
ASP_267_A,"SER_265_A,THR_266_A,ALA_268_A,THR_271_A"
ALA_268_A,"LYS_249_A,ASP_267_A,GLY_269_A"
GLY_269_A,"SER_265_A,ALA_268_A,VAL_270_A"
VAL_270_A,"SER_208_A,GLY_269_A,THR_271_A"
THR_271_A,"SER_265_A,ASP_267_A,VAL_270_A,TRP_272_A"
TRP_272_A,"LEU_193_A,PHE_209_A,VAL_253_A,THR_271_A,SER_273_A"
SER_273_A,"ARG_264_A,TRP_272_A,ARG_274_A"
ARG_274_A,"ASP_259_A,ASN_260_A,TYR_263_A,SER_273_A,VAL_275_A"
VAL_275_A,"ARG_274_A,ALA_276_A,GLN_278_A,TYR_317_A"
ALA_276_A,"VAL_275_A,GLY_277_A,TRP_324_A"
GLY_277_A,"ALA_276_A,GLN_278_A"
GLN_278_A,"THR_261_A,VAL_262_A,VAL_275_A,GLY_277_A,TRP_324_A"
PRO_279_A,"THR_280_A,TRP_315_A"
THR_280_A,"PRO_279_A,GLY_281_A"
GLY_281_A,"LYS_258_A,THR_280_A,TYR_282_A"
TYR_282_A,"GLY_281_A,LEU_283_A"
LEU_283_A,"TYR_215_A,LYS_258_A,TYR_282_A,SER_284_A,SER_301_A"
SER_284_A,"THR_261_A,LEU_283_A,HIS_285_A"
HIS_285_A,"SER_284_A,LYS_286_A,THR_299_A,LYS_303_A,TYR_357_A,GLU_422_A"
LYS_286_A,"GLU_171_A,HIS_285_A,GLY_287_A,GLU_422_A,GLU_425_A"
GLY_287_A,"THR_236_A,LYS_286_A,VAL_288_A"
VAL_288_A,"GLY_287_A,LEU_289_A,TYR_297_A,LEU_342_A"
LEU_289_A,"ASP_238_A,VAL_288_A,ASP_290_A,ARG_346_A"
ASP_290_A,"LEU_289_A,ALA_291_A,ASP_293_A,GLY_294_A,TYR_295_A"
ALA_291_A,"ASP_290_A,LYS_292_A"
LYS_292_A,"ALA_291_A,ASP_293_A,PRO_349_A"
ASP_293_A,"ASP_290_A,LYS_292_A,GLY_294_A,TYR_295_A"
GLY_294_A,"ASP_290_A,ASP_293_A,TYR_295_A,THR_319_A"
TYR_295_A,"ASP_290_A,ASP_293_A,GLY_294_A,LEU_296_A,ARG_316_A"
LEU_296_A,"TYR_252_A,TYR_295_A,TYR_297_A,TYR_317_A"
TYR_297_A,"VAL_288_A,LEU_296_A,LEU_298_A,ARG_316_A,ILE_327_A,LEU_342_A,VAL_344_A"
LEU_298_A,"TYR_297_A,THR_299_A,TRP_315_A"
THR_299_A,"HIS_285_A,LEU_298_A,THR_300_A,LEU_342_A,VAL_354_A"
THR_300_A,"THR_299_A,SER_301_A,GLN_313_A"
SER_301_A,"LEU_283_A,THR_300_A,ASP_302_A,TYR_357_A"
ASP_302_A,"LYS_258_A,SER_301_A,LYS_303_A,GLU_310_A,LYS_311_A"
LYS_303_A,"HIS_285_A,ASP_302_A,GLY_304_A,ASP_308_A,GLU_310_A"
GLY_304_A,"LYS_303_A,GLY_305_A"
GLY_305_A,"GLY_166_A,GLY_304_A,ASP_308_A"
PRO_306_A,"PHE_60_A,TYR_307_A"
TYR_307_A,"PRO_306_A,ASP_308_A,MET_420_A"
ASP_308_A,"LYS_303_A,GLY_305_A,TYR_307_A,GLY_309_A,GLU_310_A,TYR_357_A"
GLY_309_A,"ASP_308_A,GLU_310_A,SER_358_A"
GLU_310_A,"ASP_302_A,LYS_303_A,ASP_308_A,GLY_309_A,LYS_311_A"
LYS_311_A,"ASP_302_A,GLU_310_A,GLY_312_A,ASP_332_A,THR_335_A"
GLY_312_A,"LYS_311_A,GLN_313_A"
GLN_313_A,"THR_300_A,GLY_312_A,VAL_314_A,TRP_315_A"
VAL_314_A,"GLN_313_A,TRP_315_A,ILE_327_A,SER_328_A,TYR_339_A"
TRP_315_A,"PRO_279_A,LEU_298_A,GLN_313_A,VAL_314_A,ARG_316_A,ASN_326_A"
ARG_316_A,"TYR_295_A,TYR_297_A,TRP_315_A,TYR_317_A,LYS_325_A"
TYR_317_A,"VAL_275_A,LEU_296_A,ARG_316_A,THR_318_A,TRP_324_A"
THR_318_A,"TYR_317_A,THR_319_A,GLY_322_A,GLU_323_A"
THR_319_A,"ARG_240_A,GLY_294_A,THR_318_A,ALA_320_A"
ALA_320_A,"THR_319_A,THR_321_A"
THR_321_A,"ALA_320_A,GLY_322_A,GLU_323_A"
GLY_322_A,"THR_318_A,THR_321_A,GLU_323_A"
GLU_323_A,"THR_318_A,THR_321_A,GLY_322_A,TRP_324_A"
TRP_324_A,"ALA_276_A,GLN_278_A,TYR_317_A,GLU_323_A,LYS_325_A"
LYS_325_A,"ARG_316_A,TRP_324_A,ASN_326_A"
ASN_326_A,"TRP_315_A,LYS_325_A,ILE_327_A,SER_328_A"
ILE_327_A,"TYR_297_A,VAL_314_A,ASN_326_A,SER_328_A,TRP_376_A"
SER_328_A,"VAL_314_A,ASN_326_A,ILE_327_A"
PRO_329_A,"MET_330_A,PHE_367_A"
MET_330_A,"PRO_329_A,ALA_331_A,PHE_337_A"
ALA_331_A,"MET_330_A,ASP_332_A,ASP_334_A,THR_335_A"
ASP_332_A,"LYS_311_A,ALA_331_A,ALA_333_A,THR_335_A"
ALA_333_A,"ASP_332_A,ASP_334_A"
ASP_334_A,"ALA_331_A,ALA_333_A,THR_335_A"
THR_335_A,"LYS_311_A,ALA_331_A,ASP_332_A,ASP_334_A,TYR_336_A"
TYR_336_A,"THR_335_A,PHE_337_A,TRP_361_A"
PHE_337_A,"MET_330_A,TYR_336_A,GLY_338_A,TYR_339_A"
GLY_338_A,"PHE_337_A,TYR_339_A"
TYR_339_A,"VAL_314_A,PHE_337_A,GLY_338_A,SER_340_A"
SER_340_A,"TYR_339_A,GLY_341_A,THR_355_A,GLU_422_A"
GLY_341_A,"SER_340_A,LEU_342_A"
LEU_342_A,"VAL_288_A,TYR_297_A,THR_299_A,GLY_341_A,THR_343_A,VAL_354_A"
THR_343_A,"LEU_342_A,VAL_344_A,MET_353_A,ILE_426_A"
VAL_344_A,"TYR_297_A,THR_343_A,ASP_345_A"
ASP_345_A,"VAL_344_A,ARG_346_A,GLN_347_A,ARG_368_A,SER_431_A"
ARG_346_A,"ARG_68_A,GLU_239_A,LEU_289_A,ASP_345_A,GLN_347_A"
GLN_347_A,"ASP_345_A,ARG_346_A,LYS_348_A"
LYS_348_A,"GLN_347_A,THR_351_A,THR_370_A"
PRO_349_A,"LYS_292_A,GLY_350_A"
GLY_350_A,"PRO_349_A,THR_351_A,SER_372_A"
THR_351_A,"LYS_348_A,GLY_350_A,LEU_352_A"
LEU_352_A,"THR_351_A,MET_353_A,SER_369_A,TRP_376_A"
MET_353_A,"THR_343_A,LEU_352_A,VAL_354_A,ILE_366_A,ARG_368_A,LEU_424_A"
VAL_354_A,"THR_299_A,LEU_342_A,MET_353_A,THR_355_A,PHE_367_A"
THR_355_A,"SER_340_A,VAL_354_A,GLY_356_A,THR_421_A,LEU_424_A"
GLY_356_A,"THR_355_A,TYR_357_A,GLN_365_A"
TYR_357_A,"HIS_285_A,SER_301_A,ASP_308_A,GLY_356_A,SER_358_A"
SER_358_A,"GLY_309_A,TYR_357_A,SER_359_A"
SER_359_A,"SER_358_A,TRP_360_A,ASP_363_A"
TRP_360_A,"SER_359_A,TRP_361_A,LYS_416_A,TRP_419_A"
TRP_361_A,"TYR_336_A,TRP_360_A"
PRO_362_A,"ASP_363_A,TRP_380_A"
ASP_363_A,"SER_359_A,PRO_362_A,THR_364_A,ARG_388_A,LYS_416_A,LEU_417_A,GLY_418_A"
THR_364_A,"ASP_363_A,GLN_365_A,TRP_380_A"
GLN_365_A,"GLY_356_A,THR_364_A,ILE_366_A,PHE_367_A"
ILE_366_A,"MET_353_A,GLN_365_A,PHE_367_A,ALA_379_A"
PHE_367_A,"PRO_329_A,VAL_354_A,GLN_365_A,ILE_366_A,ARG_368_A,TRP_376_A"
ARG_368_A,"ASP_345_A,MET_353_A,PHE_367_A,SER_369_A,THR_377_A,TRP_451_A,ASP_452_A"
SER_369_A,"LEU_352_A,ARG_368_A,THR_370_A,ASP_371_A,GLY_373_A,THR_375_A"
THR_370_A,"LYS_348_A,SER_369_A,ASP_371_A"
ASP_371_A,"SER_369_A,THR_370_A,SER_372_A,THR_375_A"
SER_372_A,"GLY_350_A,ASP_371_A,GLY_373_A"
GLY_373_A,"SER_369_A,SER_372_A,ALA_374_A"
ALA_374_A,"GLY_373_A,THR_375_A"
THR_375_A,"SER_369_A,ASP_371_A,ALA_374_A,TRP_376_A"
TRP_376_A,"ILE_327_A,LEU_352_A,PHE_367_A,THR_375_A,THR_377_A"
THR_377_A,"ARG_368_A,TRP_376_A,ARG_378_A,TRP_451_A"
ARG_378_A,"THR_377_A,ALA_379_A,ASP_381_A,ARG_391_A"
ALA_379_A,"ILE_366_A,ARG_378_A,TRP_380_A,ARG_391_A"
TRP_380_A,"PRO_362_A,THR_364_A,ALA_379_A,ASP_381_A,PHE_382_A,LEU_390_A"
ASP_381_A,"ARG_378_A,TRP_380_A,PHE_382_A,SER_389_A,ARG_391_A"
PHE_382_A,"TRP_380_A,ASP_381_A,THR_383_A,TYR_385_A,ARG_388_A"
THR_383_A,"PHE_382_A,SER_384_A,ASN_387_A"
SER_384_A,"THR_383_A,TYR_385_A,ASN_387_A"
TYR_385_A,"PHE_382_A,SER_384_A,PRO_386_A"
PRO_386_A,"TYR_385_A,ASN_387_A"
ASN_387_A,"THR_383_A,SER_384_A,PRO_386_A,ARG_388_A"
ARG_388_A,"ASP_363_A,PHE_382_A,ASN_387_A,SER_389_A,PRO_411_A"
SER_389_A,"ASP_381_A,ARG_388_A,LEU_390_A"
LEU_390_A,"TRP_380_A,SER_389_A,ARG_391_A,LYS_456_A"
ARG_391_A,"ARG_378_A,ALA_379_A,ASP_381_A,LEU_390_A,TYR_392_A"
TYR_392_A,"ARG_391_A,THR_393_A,ILE_457_A"
THR_393_A,"TYR_392_A,GLN_394_A,ILE_457_A,ILE_459_A"
GLN_394_A,"THR_393_A,ASP_395_A"
ASP_395_A,"GLN_394_A,VAL_396_A,SER_397_A,ILE_459_A"
VAL_396_A,"ASP_395_A,SER_397_A"
SER_397_A,"ASP_395_A,VAL_396_A,SER_398_A"
SER_398_A,"SER_397_A,VAL_399_A"
VAL_399_A,"SER_398_A,PRO_461_A"
PRO_400_A,TRP_401_A
TRP_401_A,"VAL_55_A,PRO_400_A,LEU_402_A,THR_403_A,PHE_404_A,ILE_490_A,PHE_493_A"
LEU_402_A,"TRP_401_A,THR_403_A"
THR_403_A,"TRP_401_A,LEU_402_A,PHE_404_A,GLY_405_A,THR_414_A"
PHE_404_A,"TRP_401_A,THR_403_A,GLY_405_A,TRP_419_A,MET_505_A"
GLY_405_A,"THR_403_A,PHE_404_A,THR_406_A"
THR_406_A,"GLY_405_A,ASN_407_A"
ASN_407_A,THR_406_A
PRO_408_A,"THR_409_A,GLU_412_A"
THR_409_A,PRO_408_A
PRO_411_A,"ARG_388_A,GLU_412_A"
GLU_412_A,"PRO_408_A,PRO_411_A,VAL_413_A,LYS_416_A"
VAL_413_A,"GLU_412_A,THR_414_A"
THR_414_A,"THR_403_A,VAL_413_A"
PRO_415_A,LYS_416_A
LYS_416_A,"TRP_360_A,ASP_363_A,GLU_412_A,PRO_415_A,LEU_417_A"
LEU_417_A,"ASP_363_A,LYS_416_A,GLY_418_A,TYR_436_A,ILE_459_A"
GLY_418_A,"ASP_363_A,LEU_417_A,TRP_419_A"
TRP_419_A,"TRP_360_A,PHE_404_A,GLY_418_A,MET_420_A,ALA_440_A"
MET_420_A,"TYR_307_A,TRP_419_A,THR_421_A,GLU_422_A"
THR_421_A,"THR_355_A,MET_420_A,GLU_422_A"
GLU_422_A,"HIS_285_A,LYS_286_A,SER_340_A,MET_420_A,THR_421_A,ALA_423_A"
ALA_423_A,"GLU_422_A,LEU_424_A,GLY_437_A"
LEU_424_A,"MET_353_A,THR_355_A,ALA_423_A,GLU_425_A,MET_434_A,TYR_436_A"
GLU_425_A,"LYS_286_A,LEU_424_A,ILE_426_A,MET_435_A"
ILE_426_A,"THR_343_A,GLU_425_A,ASP_427_A"
ASP_427_A,"LYS_71_A,ILE_426_A,PHE_429_A,ASP_430_A,ARG_433_A"
PRO_428_A,"PHE_66_A,PHE_429_A"
PHE_429_A,"LYS_71_A,ASP_427_A,PRO_428_A,ASP_430_A"
ASP_430_A,"LYS_71_A,ASP_427_A,PHE_429_A,SER_431_A,ASN_432_A,ARG_433_A"
SER_431_A,"ASP_345_A,ASP_430_A,ASN_432_A"
ASN_432_A,"ASP_430_A,SER_431_A,ARG_433_A,LEU_448_A,GLY_449_A"
ARG_433_A,"ASN_72_A,GLN_88_A,ASP_427_A,ASP_430_A,ASN_432_A,MET_434_A,GLU_446_A"
MET_434_A,"LEU_424_A,ARG_433_A,MET_435_A,TYR_436_A,THR_445_A,LEU_448_A"
MET_435_A,"GLU_425_A,MET_434_A,TYR_436_A"
TYR_436_A,"LEU_417_A,LEU_424_A,MET_434_A,MET_435_A,GLY_437_A,TYR_443_A"
GLY_437_A,"ALA_423_A,TYR_436_A,THR_438_A"
THR_438_A,"GLY_437_A,GLY_439_A,ALA_440_A,THR_441_A"
GLY_439_A,"THR_438_A,ALA_440_A"
ALA_440_A,"GLY_58_A,TRP_419_A,THR_438_A,GLY_439_A,THR_441_A"
THR_441_A,"THR_438_A,ALA_440_A,VAL_442_A,TYR_443_A"
VAL_442_A,"THR_441_A,TYR_443_A,MET_462_A"
TYR_443_A,"TYR_436_A,THR_441_A,VAL_442_A,GLY_444_A,ILE_459_A"
GLY_444_A,"TYR_443_A,THR_445_A,THR_460_A"
THR_445_A,"MET_434_A,GLY_444_A,GLU_446_A,ASN_447_A"
GLU_446_A,"LYS_91_A,ARG_433_A,THR_445_A,ASN_447_A"
ASN_447_A,"THR_445_A,GLU_446_A,LEU_448_A,ALA_458_A"
LEU_448_A,"ASN_432_A,MET_434_A,ASN_447_A,GLY_449_A"
GLY_449_A,"ASN_432_A,LEU_448_A,ASN_450_A,ASP_452_A"
ASN_450_A,"GLY_449_A,TRP_451_A,GLY_455_A"
TRP_451_A,"ARG_368_A,THR_377_A,ASN_450_A,ASP_452_A"
ASP_452_A,"ARG_368_A,GLY_449_A,TRP_451_A,THR_453_A"
THR_453_A,"ASP_452_A,GLY_454_A"
GLY_454_A,"THR_453_A,GLY_455_A"
GLY_455_A,"ASN_450_A,GLY_454_A,LYS_456_A"
LYS_456_A,"LEU_390_A,GLY_455_A,ILE_457_A"
ILE_457_A,"TYR_392_A,THR_393_A,LYS_456_A,ALA_458_A"
ALA_458_A,"ASN_447_A,ILE_457_A,ILE_459_A"
ILE_459_A,"THR_393_A,ASP_395_A,LEU_417_A,TYR_443_A,ALA_458_A,THR_460_A"
THR_460_A,"GLY_444_A,ILE_459_A"
PRO_461_A,"VAL_399_A,MET_462_A,ILE_463_A"
MET_462_A,"TRP_93_A,VAL_442_A,PRO_461_A,ILE_463_A"
ILE_463_A,"PRO_461_A,MET_462_A,ARG_464_A,LEU_466_A"
ARG_464_A,"ARG_54_A,ASP_56_A,ARG_92_A,TRP_93_A,ILE_463_A,GLY_465_A"
GLY_465_A,"ARG_464_A,LEU_466_A"
LEU_466_A,"GLY_57_A,TYR_84_A,ILE_463_A,GLY_465_A,GLU_467_A,GLU_468_A"
GLU_467_A,"ARG_54_A,VAL_55_A,ASP_56_A,TYR_84_A,LEU_466_A,GLU_468_A"
GLU_468_A,"ASP_79_A,LEU_466_A,GLU_467_A,THR_469_A"
THR_469_A,"GLU_468_A,ALA_470_A,ILE_490_A,GLY_763_A"
ALA_470_A,"THR_469_A,VAL_471_A,GLY_488_A"
VAL_471_A,"ALA_470_A,ASN_472_A,LEU_474_A,LEU_487_A,ALA_760_A,THR_761_A,ILE_766_A"
ASN_472_A,"VAL_471_A,ASP_473_A,ALA_486_A,THR_514_A"
ASP_473_A,"ASN_472_A,LEU_474_A,ALA_486_A,LYS_650_A"
LEU_474_A,"VAL_471_A,ASP_473_A,ALA_475_A"
ALA_475_A,"LEU_474_A,SER_476_A,LEU_484_A,LEU_517_A"
SER_476_A,"ALA_475_A,PRO_482_A"
PRO_477_A,PRO_524_A
PRO_478_A,THR_479_A
THR_479_A,"PRO_478_A,GLY_480_A"
GLY_480_A,"THR_479_A,ALA_481_A,ARG_752_A"
ALA_481_A,"GLY_480_A,ARG_494_A,ASN_545_A"
PRO_482_A,"SER_476_A,LEU_483_A"
LEU_483_A,"PRO_482_A,LEU_484_A,HIS_495_A"
LEU_484_A,"ALA_475_A,LEU_483_A,SER_485_A"
SER_485_A,"LEU_484_A,ALA_486_A,PHE_493_A,TYR_506_A"
ALA_486_A,"ASN_472_A,ASP_473_A,SER_485_A,LEU_487_A,THR_514_A,LEU_517_A"
LEU_487_A,"VAL_471_A,ALA_486_A,GLY_488_A,GLY_491_A,PHE_493_A"
GLY_488_A,"ALA_470_A,LEU_487_A,ASP_489_A,ILE_490_A"
ASP_489_A,"GLY_488_A,ILE_490_A,THR_513_A"
ILE_490_A,"TRP_401_A,THR_469_A,GLY_488_A,ASP_489_A,GLY_491_A,GLY_492_A"
GLY_491_A,"LEU_487_A,ILE_490_A,GLY_492_A,THR_514_A"
GLY_492_A,"ILE_490_A,GLY_491_A,PHE_493_A"
PHE_493_A,"TRP_401_A,SER_485_A,LEU_487_A,GLY_492_A,ARG_494_A,PRO_502_A"
ARG_494_A,"ALA_481_A,PHE_493_A,HIS_495_A,ASN_545_A"
HIS_495_A,"LEU_483_A,ARG_494_A,THR_496_A"
THR_496_A,"HIS_495_A,ASP_497_A"
ASP_497_A,"THR_496_A,LEU_498_A,ASP_499_A"
LEU_498_A,"ASP_497_A,ASP_499_A"
ASP_499_A,"LYS_51_A,ASP_497_A,LEU_498_A,ALA_500_A,ARG_768_A"
ALA_500_A,"ASP_499_A,VAL_501_A"
VAL_501_A,"ARG_54_A,ALA_500_A"
PRO_502_A,"PHE_493_A,ALA_503_A"
ALA_503_A,"PRO_502_A,ARG_504_A"
ARG_504_A,"ALA_503_A,MET_505_A"
MET_505_A,"PHE_404_A,ARG_504_A,TYR_506_A"
TYR_506_A,"SER_485_A,MET_505_A,THR_507_A,TRP_549_A"
THR_507_A,"TYR_506_A,SER_508_A"
SER_508_A,THR_507_A
PRO_509_A,"THR_510_A,ARG_529_A,PRO_537_A"
THR_510_A,"PRO_509_A,PHE_511_A,ASN_533_A"
PHE_511_A,"THR_510_A,THR_512_A,ARG_529_A"
THR_512_A,"PHE_511_A,THR_513_A"
THR_513_A,"ASP_489_A,THR_512_A,THR_514_A,ASN_532_A"
THR_514_A,"ASN_472_A,ALA_486_A,GLY_491_A,THR_513_A,THR_515_A"
THR_515_A,"THR_514_A,SER_516_A,VAL_530_A,GLY_562_A"
SER_516_A,"THR_515_A,LEU_517_A"
LEU_517_A,"ALA_475_A,ALA_486_A,SER_516_A,ASP_518_A"
ASP_518_A,"LEU_517_A,TYR_519_A,VAL_528_A,ALA_566_A,GLU_606_A,SER_607_A,ARG_609_A"
TYR_519_A,"ASP_518_A,ALA_520_A,GLU_521_A"
ALA_520_A,"TYR_519_A,GLU_521_A,ASN_523_A"
GLU_521_A,"TYR_519_A,ALA_520_A,THR_522_A,ARG_609_A"
THR_522_A,"GLU_521_A,ASN_523_A,ALA_568_A"
ASN_523_A,"ALA_520_A,THR_522_A"
PRO_524_A,"PRO_477_A,ASN_525_A,ASN_545_A"
ASN_525_A,"PRO_524_A,THR_526_A,ASN_545_A"
THR_526_A,"ASN_525_A,VAL_527_A"
VAL_527_A,"THR_526_A,VAL_528_A,SER_542_A,TRP_549_A"
VAL_528_A,"ASP_518_A,VAL_527_A,ARG_529_A,PHE_541_A,PHE_573_A"
ARG_529_A,"PRO_509_A,PHE_511_A,VAL_528_A,VAL_530_A,ALA_540_A,TRP_549_A"
VAL_530_A,"THR_515_A,ARG_529_A,GLY_531_A,ILE_539_A,VAL_564_A"
GLY_531_A,"VAL_530_A,ASN_532_A"
ASN_532_A,"THR_513_A,GLY_531_A,ASN_533_A,GLY_561_A"
ASN_533_A,"THR_510_A,ASN_532_A,ASP_534_A"
ASP_534_A,"ASN_533_A,SER_535_A"
SER_535_A,"ASP_534_A,ALA_536_A"
ALA_536_A,SER_535_A
PRO_537_A,"PRO_509_A,ARG_538_A,GLN_551_A"
ARG_538_A,"PRO_537_A,ILE_539_A,GLU_554_A"
ILE_539_A,"VAL_530_A,ARG_538_A,ALA_540_A,PHE_541_A,TRP_575_A,TRP_593_A"
ALA_540_A,"ARG_529_A,ILE_539_A,PHE_541_A"
PHE_541_A,"VAL_528_A,ILE_539_A,ALA_540_A,SER_542_A,PHE_550_A,PHE_573_A,PHE_589_A"
SER_542_A,"VAL_527_A,PHE_541_A,THR_543_A,ASP_544_A,GLY_546_A,ASN_548_A"
THR_543_A,"SER_542_A,ASP_544_A,PHE_589_A"
ASP_544_A,"SER_542_A,THR_543_A,ASN_545_A,ASN_548_A"
ASN_545_A,"ALA_481_A,ARG_494_A,PRO_524_A,ASN_525_A,ASP_544_A,GLY_546_A"
GLY_546_A,"SER_542_A,ASN_545_A,ALA_547_A"
ALA_547_A,"GLY_546_A,ASN_548_A"
ASN_548_A,"SER_542_A,ASP_544_A,ALA_547_A,TRP_549_A"
TRP_549_A,"TYR_506_A,VAL_527_A,ARG_529_A,ASN_548_A,PHE_550_A"
PHE_550_A,"PHE_541_A,TRP_549_A,GLN_551_A,PHE_589_A"
GLN_551_A,"PRO_537_A,PHE_550_A,GLY_552_A"
GLY_552_A,"GLN_551_A,SER_553_A"
SER_553_A,"GLY_552_A,GLU_554_A,GLY_590_A,TRP_593_A"
GLU_554_A,"ARG_538_A,SER_553_A"
PRO_555_A,"SER_556_A,TYR_584_A"
SER_556_A,"PRO_555_A,GLY_557_A,SER_580_A"
GLY_557_A,"SER_556_A,VAL_558_A"
VAL_558_A,"GLY_557_A,THR_559_A,PRO_577_A"
THR_559_A,"VAL_558_A,GLY_560_A,GLU_578_A"
GLY_560_A,"THR_559_A,GLY_561_A"
GLY_561_A,"ASN_532_A,GLY_560_A,GLY_562_A,TRP_575_A"
GLY_562_A,"THR_515_A,GLY_561_A,THR_563_A"
THR_563_A,"GLY_562_A,VAL_564_A"
VAL_564_A,"VAL_530_A,THR_563_A,ALA_565_A"
ALA_565_A,"VAL_564_A,ALA_566_A,VAL_574_A"
ALA_566_A,"ASP_518_A,ALA_565_A,ALA_567_A,PHE_573_A,SER_607_A"
ALA_567_A,"ALA_566_A,ALA_568_A,GLY_570_A,GLY_572_A"
ALA_568_A,"THR_522_A,ALA_567_A,ASP_569_A"
ASP_569_A,"ALA_568_A,GLY_570_A,SER_571_A"
GLY_570_A,"ALA_567_A,ASP_569_A,SER_571_A"
SER_571_A,"ASP_569_A,GLY_570_A,GLY_572_A,GLY_588_A"
GLY_572_A,"ALA_567_A,SER_571_A,PHE_573_A"
PHE_573_A,"VAL_528_A,PHE_541_A,ALA_566_A,GLY_572_A,VAL_574_A,THR_586_A"
VAL_574_A,"ALA_565_A,PHE_573_A,TRP_575_A,VAL_583_A,PHE_615_A"
TRP_575_A,"ILE_539_A,GLY_561_A,VAL_574_A,ALA_576_A,TYR_584_A,TRP_593_A"
ALA_576_A,TRP_575_A
PRO_577_A,"VAL_558_A,GLU_578_A"
GLU_578_A,"THR_559_A,PRO_577_A,GLY_579_A"
GLY_579_A,"GLU_578_A,SER_580_A"
SER_580_A,"SER_556_A,GLY_579_A,SER_581_A"
SER_581_A,"SER_580_A,ALA_582_A"
ALA_582_A,"SER_581_A,VAL_583_A"
VAL_583_A,"VAL_574_A,ALA_582_A,TYR_584_A,SER_596_A,ILE_599_A"
TYR_584_A,"PRO_555_A,TRP_575_A,VAL_583_A,HIS_585_A,TRP_593_A,VAL_595_A"
HIS_585_A,"TYR_584_A,THR_586_A,SER_594_A"
THR_586_A,"PHE_573_A,HIS_585_A,THR_587_A,SER_592_A,TRP_593_A"
THR_587_A,"THR_586_A,GLY_588_A"
GLY_588_A,"SER_571_A,THR_587_A,PHE_589_A,GLY_590_A"
PHE_589_A,"PHE_541_A,THR_543_A,PHE_550_A,GLY_588_A,GLY_590_A"
GLY_590_A,"SER_553_A,GLY_588_A,PHE_589_A,ASN_591_A"
ASN_591_A,"GLY_590_A,SER_592_A"
SER_592_A,"THR_586_A,ASN_591_A,TRP_593_A"
TRP_593_A,"ILE_539_A,SER_553_A,TRP_575_A,TYR_584_A,THR_586_A,SER_592_A,SER_594_A"
SER_594_A,"HIS_585_A,TRP_593_A,VAL_595_A"
VAL_595_A,"TYR_584_A,SER_594_A,SER_596_A"
SER_596_A,"VAL_583_A,VAL_595_A,SER_597_A,GLY_630_A"
SER_597_A,"SER_596_A,GLY_598_A,PHE_633_A"
GLY_598_A,"SER_597_A,ILE_599_A"
ILE_599_A,"VAL_583_A,GLY_598_A,PHE_633_A"
PRO_600_A,"ALA_601_A,LYS_619_A"
ALA_601_A,"PRO_600_A,GLY_602_A"
GLY_602_A,"ALA_601_A,ALA_603_A"
ALA_603_A,"GLY_602_A,VAL_604_A"
VAL_604_A,"ALA_603_A,VAL_605_A,PHE_618_A,PHE_649_A"
VAL_605_A,"VAL_604_A,GLU_606_A"
GLU_606_A,"ASP_518_A,VAL_605_A,SER_607_A,ARG_609_A,TYR_616_A,PHE_649_A"
SER_607_A,"ASP_518_A,ALA_566_A,GLU_606_A,ASP_608_A,ARG_609_A"
ASP_608_A,"SER_607_A,ARG_609_A,LYS_610_A,ASN_611_A,LYS_614_A,TYR_616_A,GLU_656_A,GLY_657_A"
ARG_609_A,"ASP_518_A,GLU_521_A,GLU_606_A,SER_607_A,ASP_608_A,LYS_610_A"
LYS_610_A,"ASP_608_A,ARG_609_A,ASN_611_A"
ASN_611_A,"ASP_608_A,LYS_610_A,LYS_613_A,LYS_614_A,GLU_656_A"
PRO_612_A,LYS_613_A
LYS_613_A,"ASN_611_A,PRO_612_A,LYS_614_A,GLY_629_A"
LYS_614_A,"ASP_608_A,ASN_611_A,LYS_613_A,PHE_615_A,ARG_636_A,GLU_656_A"
PHE_615_A,"VAL_574_A,LYS_614_A,TYR_616_A,SER_626_A"
TYR_616_A,"GLU_606_A,ASP_608_A,PHE_615_A,GLY_617_A,PHE_623_A,PHE_649_A,ILE_659_A"
GLY_617_A,"TYR_616_A,PHE_618_A,TYR_624_A"
PHE_618_A,"VAL_604_A,GLY_617_A,LYS_619_A,ALA_647_A,PHE_649_A"
LYS_619_A,"PRO_600_A,PHE_618_A,ALA_620_A,THR_622_A"
ALA_620_A,"LYS_619_A,GLY_621_A"
GLY_621_A,"ALA_620_A,THR_622_A"
THR_622_A,"LYS_619_A,GLY_621_A,PHE_623_A,TYR_624_A,ALA_635_A"
PHE_623_A,"TYR_616_A,THR_622_A,TYR_624_A,ARG_636_A,ALA_637_A,PHE_649_A,PHE_682_A"
TYR_624_A,"GLY_617_A,THR_622_A,PHE_623_A,VAL_625_A"
VAL_625_A,"TYR_624_A,SER_626_A,THR_634_A,ARG_636_A"
SER_626_A,"PHE_615_A,VAL_625_A,THR_627_A,ASP_628_A,THR_632_A"
THR_627_A,"SER_626_A,ASP_628_A"
ASP_628_A,"SER_626_A,THR_627_A,GLY_629_A,THR_632_A"
GLY_629_A,"LYS_613_A,ASP_628_A,GLY_630_A"
GLY_630_A,"SER_596_A,GLY_629_A,ALA_631_A"
ALA_631_A,"GLY_630_A,THR_632_A"
THR_632_A,"SER_626_A,ASP_628_A,ALA_631_A,PHE_633_A"
PHE_633_A,"SER_597_A,ILE_599_A,THR_632_A,THR_634_A"
THR_634_A,"VAL_625_A,PHE_633_A,ALA_635_A"
ALA_635_A,"THR_622_A,THR_634_A,ARG_636_A"
ARG_636_A,"LYS_614_A,PHE_623_A,VAL_625_A,ALA_635_A,ALA_637_A,SER_678_A"
ALA_637_A,"PHE_623_A,ARG_636_A,SER_638_A,PHE_682_A"
SER_638_A,"ALA_637_A,SER_639_A,LEU_641_A"
SER_639_A,"SER_638_A,GLY_640_A"
GLY_640_A,"SER_639_A,LEU_641_A"
LEU_641_A,"SER_638_A,GLY_640_A,TRP_673_A"
PRO_642_A,"ALA_643_A,TRP_673_A"
ALA_643_A,"PRO_642_A,ASP_644_A"
ASP_644_A,"ALA_643_A,GLY_645_A,SER_665_A"
GLY_645_A,ASP_644_A
PRO_646_A,"ALA_647_A,GLY_664_A"
ALA_647_A,"PHE_618_A,PRO_646_A,ARG_648_A"
ARG_648_A,"ALA_647_A,PHE_649_A,ALA_662_A,ALA_745_A"
PHE_649_A,"VAL_604_A,GLU_606_A,TYR_616_A,PHE_618_A,PHE_623_A,ARG_648_A,LYS_650_A,LEU_661_A"
LYS_650_A,"ASP_473_A,PHE_649_A,ALA_651_A,TRP_660_A,PHE_696_A,ILE_747_A"
ALA_651_A,"LYS_650_A,LEU_652_A"
LEU_652_A,"ALA_651_A,ASP_658_A,PHE_696_A,TYR_705_A"
PRO_653_A,"GLY_654_A,GLN_706_A"
GLY_654_A,"PRO_653_A,ALA_655_A"
ALA_655_A,"GLY_654_A,GLU_656_A"
GLU_656_A,"ASP_608_A,ASN_611_A,LYS_614_A,ALA_655_A,GLY_657_A"
GLY_657_A,"ASP_608_A,GLU_656_A,ASP_658_A,SER_678_A"
ASP_658_A,"LEU_652_A,GLY_657_A,ILE_659_A,HIS_674_A,TYR_705_A"
ILE_659_A,"TYR_616_A,ASP_658_A,TRP_660_A,SER_675_A"
TRP_660_A,"LYS_650_A,ILE_659_A,LEU_661_A,HIS_674_A,ILE_694_A,TYR_705_A,LEU_708_A"
LEU_661_A,"PHE_649_A,TRP_660_A,ALA_662_A,TRP_673_A"
ALA_662_A,"ARG_648_A,LEU_661_A,GLY_663_A"
GLY_663_A,"ALA_662_A,GLY_664_A,GLY_671_A"
GLY_664_A,"PRO_646_A,GLY_663_A,SER_665_A"
SER_665_A,"ASP_644_A,GLY_664_A,THR_666_A"
THR_666_A,"SER_665_A,GLY_667_A"
GLY_667_A,"THR_666_A,GLY_668_A"
GLY_668_A,"GLY_667_A,ALA_669_A"
ALA_669_A,"GLY_668_A,TYR_670_A"
TYR_670_A,"ALA_669_A,GLY_671_A,GLN_690_A,ASP_692_A"
GLY_671_A,"GLY_663_A,TYR_670_A,LEU_672_A"
LEU_672_A,"GLY_671_A,TRP_673_A,LEU_685_A,TRP_730_A"
TRP_673_A,"LEU_641_A,PRO_642_A,LEU_661_A,LEU_672_A,HIS_674_A,LYS_684_A"
HIS_674_A,"ASP_658_A,TRP_660_A,TRP_673_A,SER_675_A,THR_683_A"
SER_675_A,"ILE_659_A,HIS_674_A,THR_676_A,ASP_677_A,THR_681_A"
THR_676_A,"SER_675_A,ASP_677_A"
ASP_677_A,"SER_675_A,THR_676_A,SER_678_A,THR_681_A"
SER_678_A,"ARG_636_A,GLY_657_A,ASP_677_A,GLY_679_A"
GLY_679_A,"SER_678_A,ALA_680_A"
ALA_680_A,"GLY_679_A,THR_681_A"
THR_681_A,"SER_675_A,ASP_677_A,ALA_680_A,PHE_682_A"
PHE_682_A,"PHE_623_A,ALA_637_A,THR_681_A,THR_683_A"
THR_683_A,"HIS_674_A,PHE_682_A,LYS_684_A"
LYS_684_A,"TRP_673_A,THR_683_A,LEU_685_A"
LEU_685_A,"LEU_672_A,LYS_684_A,SER_686_A"
SER_686_A,"LEU_685_A,GLY_687_A"
GLY_687_A,"SER_686_A,VAL_688_A"
VAL_688_A,"GLY_687_A,GLN_689_A,ALA_691_A,ILE_714_A"
GLN_689_A,"VAL_688_A,GLN_690_A,LYS_713_A,GLY_716_A"
GLN_690_A,"TYR_670_A,GLN_689_A,ALA_691_A,LYS_713_A,ARG_718_A"
ALA_691_A,"VAL_688_A,GLN_690_A,ASP_692_A"
ASP_692_A,"TRP_102_A,TYR_670_A,ALA_691_A,THR_693_A,ARG_718_A"
THR_693_A,"ASP_692_A,ILE_694_A,THR_710_A"
ILE_694_A,"TRP_660_A,THR_693_A,GLY_695_A"
GLY_695_A,"ILE_694_A,PHE_696_A,TYR_709_A"
PHE_696_A,"LYS_650_A,LEU_652_A,GLY_695_A,GLY_697_A,LEU_708_A,GLY_749_A"
GLY_697_A,"PHE_696_A,LYS_698_A,THR_707_A"
LYS_698_A,"GLY_697_A,ALA_699_A,THR_707_A,ASP_750_A"
ALA_699_A,"LYS_698_A,ALA_700_A"
ALA_700_A,"ALA_699_A,ALA_703_A,TYR_754_A"
PRO_701_A,GLY_702_A
GLY_702_A,"PRO_701_A,ALA_703_A"
ALA_703_A,"ALA_700_A,GLY_702_A,SER_704_A"
SER_704_A,"ALA_703_A,TYR_705_A"
TYR_705_A,"LEU_652_A,ASP_658_A,TRP_660_A,SER_704_A,GLN_706_A,ALA_726_A"
GLN_706_A,"PRO_653_A,TYR_705_A,THR_707_A"
THR_707_A,"GLY_697_A,LYS_698_A,GLN_706_A,LEU_708_A,TYR_709_A,ARG_722_A"
LEU_708_A,"TRP_660_A,PHE_696_A,THR_707_A,TYR_709_A,SER_723_A"
TYR_709_A,"GLY_695_A,THR_707_A,LEU_708_A,THR_710_A,ARG_722_A,VAL_757_A"
THR_710_A,"THR_693_A,TYR_709_A,SER_711_A,PHE_721_A,TRP_730_A"
SER_711_A,"THR_710_A,ALA_712_A,THR_743_A"
ALA_712_A,"SER_711_A,LYS_713_A,GLY_719_A"
LYS_713_A,"GLN_689_A,GLN_690_A,ALA_712_A,ILE_714_A"
ILE_714_A,"VAL_688_A,LYS_713_A,GLY_715_A,VAL_717_A,PHE_721_A,TRP_730_A"
GLY_715_A,"ILE_714_A,GLY_716_A"
GLY_716_A,"GLN_689_A,GLY_715_A,VAL_717_A"
VAL_717_A,"ILE_714_A,GLY_716_A,ARG_718_A"
ARG_718_A,"ASP_103_A,GLN_690_A,ASP_692_A,VAL_717_A,GLY_719_A"
GLY_719_A,"ALA_712_A,ARG_718_A,VAL_720_A"
VAL_720_A,"GLY_719_A,PHE_721_A,ILE_733_A,ASN_734_A"
PHE_721_A,"THR_710_A,ILE_714_A,VAL_720_A,ARG_722_A,TRP_730_A,ARG_732_A"
ARG_722_A,"ASP_46_A,TYR_48_A,THR_707_A,TYR_709_A,PHE_721_A,SER_723_A,THR_731_A,ILE_733_A"
SER_723_A,"LEU_708_A,ARG_722_A,THR_724_A,ASP_725_A,GLY_727_A"
THR_724_A,"SER_723_A,ASP_725_A"
ASP_725_A,"SER_723_A,THR_724_A,ALA_726_A,SER_729_A"
ALA_726_A,"TYR_705_A,ASP_725_A,GLY_727_A"
GLY_727_A,"SER_723_A,ALA_726_A,ALA_728_A"
ALA_728_A,"GLY_727_A,SER_729_A"
SER_729_A,"ASP_725_A,ALA_728_A,TRP_730_A"
TRP_730_A,"LEU_672_A,THR_710_A,ILE_714_A,PHE_721_A,SER_729_A,THR_731_A"
THR_731_A,"ARG_722_A,TRP_730_A,ARG_732_A"
ARG_732_A,"PHE_721_A,THR_731_A,ILE_733_A,ASP_736_A"
ILE_733_A,"TYR_48_A,VAL_720_A,ARG_722_A,ARG_732_A,ASN_734_A,VAL_757_A"
ASN_734_A,"VAL_720_A,ILE_733_A,ASP_735_A,HIS_738_A"
ASP_735_A,"ASN_734_A,ASP_736_A,HIS_738_A"
ASP_736_A,"ARG_732_A,ASP_735_A,ALA_737_A,GLN_739_A"
ALA_737_A,"ASP_736_A,HIS_738_A"
HIS_738_A,"ASP_98_A,ASN_734_A,ASP_735_A,ALA_737_A,GLN_739_A,TRP_740_A"
GLN_739_A,"ASP_98_A,ASP_736_A,HIS_738_A,TRP_740_A"
TRP_740_A,"TRP_50_A,HIS_738_A,GLN_739_A,GLY_741_A"
GLY_741_A,"TRP_740_A,TRP_742_A"
TRP_742_A,"GLY_741_A,THR_743_A"
THR_743_A,"SER_711_A,TRP_742_A,GLY_744_A"
GLY_744_A,"THR_743_A,ALA_745_A"
ALA_745_A,"ARG_648_A,GLY_744_A,SER_746_A"
SER_746_A,"ALA_745_A,ILE_747_A"
ILE_747_A,"LYS_650_A,SER_746_A,THR_748_A,VAL_757_A"
THR_748_A,"ILE_747_A,GLY_749_A,TYR_758_A"
GLY_749_A,"PHE_696_A,THR_748_A,ASP_750_A"
ASP_750_A,"LYS_698_A,GLY_749_A,ARG_752_A,ARG_756_A,TYR_758_A"
PRO_751_A,ARG_752_A
ARG_752_A,"GLY_480_A,ASP_750_A,PRO_751_A,VAL_753_A"
VAL_753_A,"ARG_752_A,TYR_754_A"
TYR_754_A,"ALA_700_A,VAL_753_A,GLY_755_A,ILE_771_A"
GLY_755_A,"TYR_48_A,TYR_754_A,ARG_756_A"
ARG_756_A,"ASP_750_A,GLY_755_A,VAL_757_A,ARG_768_A,ASP_770_A"
VAL_757_A,"TRP_50_A,TYR_709_A,ILE_733_A,ILE_747_A,ARG_756_A,TYR_758_A,GLY_769_A"
TYR_758_A,"THR_748_A,ASP_750_A,VAL_757_A,VAL_759_A"
VAL_759_A,"TYR_758_A,ALA_760_A,LEU_767_A"
ALA_760_A,"VAL_471_A,VAL_759_A,THR_761_A"
THR_761_A,"VAL_471_A,ALA_760_A,ASN_762_A,ARG_764_A,GLY_765_A"
ASN_762_A,"THR_761_A,GLY_763_A"
GLY_763_A,"THR_469_A,ASN_762_A,ARG_764_A"
ARG_764_A,"ASN_52_A,ASP_98_A,THR_761_A,GLY_763_A,GLY_765_A"
GLY_765_A,"THR_761_A,ARG_764_A,ILE_766_A"
ILE_766_A,"VAL_53_A,VAL_471_A,GLY_765_A,LEU_767_A"
LEU_767_A,"VAL_759_A,ILE_766_A,ARG_768_A"
ARG_768_A,"LYS_51_A,ASP_499_A,ARG_756_A,LEU_767_A,GLY_769_A,ASP_770_A"
GLY_769_A,"VAL_757_A,ARG_768_A,ASP_770_A"
ASP_770_A,"THR_49_A,ARG_756_A,ARG_768_A,GLY_769_A,ILE_771_A"
ILE_771_A,"TYR_48_A,TYR_754_A,ASP_770_A,SER_772_A"
SER_772_A,"ALA_47_A,THR_49_A,ILE_771_A"
