residue_id,neighbors
SER_2_A,"LEU_3_A,THR_5_A"
LEU_3_A,"SER_2_A,ASN_4_A"
ASN_4_A,"LEU_3_A,THR_5_A"
THR_5_A,"SER_2_A,ASN_4_A,GLU_6_A"
GLU_6_A,"THR_5_A,ILE_7_A,ASN_10_A"
ILE_7_A,"GLU_6_A,GLU_8_A,GLU_11_A"
GLU_8_A,"ILE_7_A,LEU_12_A"
ASN_10_A,"GLU_6_A,GLU_11_A,GLU_14_A"
GLU_11_A,"ILE_7_A,ASN_10_A,LEU_12_A"
LEU_12_A,"GLU_8_A,GLU_11_A,LEU_13_A,LEU_131_A"
LEU_13_A,"LEU_12_A,GLU_14_A,LYS_17_A"
GLU_14_A,"ASN_10_A,LEU_13_A,LYS_15_A,LYS_17_A"
LYS_15_A,"GLU_14_A,ALA_16_A,ASP_147_A"
ALA_16_A,"LYS_15_A,LYS_17_A,ALA_169_A,GLN_170_A"
LYS_17_A,"LEU_13_A,GLU_14_A,ALA_16_A,LYS_18_A"
LYS_18_A,"LYS_17_A,ILE_19_A,ASP_111_A"
ILE_19_A,"LYS_18_A,LYS_20_A,GLN_170_A"
LYS_20_A,"ILE_19_A,CYS_21_A,GLU_112_A"
CYS_21_A,"LYS_20_A,LEU_22_A,LEU_108_A,PHE_113_A,ALA_114_A"
LEU_22_A,"CYS_21_A,ILE_23_A,LEU_58_A,GLN_64_A,ALA_66_A,ALA_114_A,LEU_162_A"
ILE_23_A,"LEU_22_A,CYS_24_A,ILE_68_A,TYR_99_A,LEU_102_A,PHE_113_A,ALA_114_A,TYR_115_A"
CYS_24_A,"ILE_23_A,ASP_25_A,ALA_66_A"
ASP_25_A,"CYS_24_A,VAL_26_A,ASP_27_A,LYS_95_A,ASP_118_A,ASP_122_A"
VAL_26_A,"ASP_25_A,ASP_27_A,LEU_30_A,ILE_67_A"
ASP_27_A,"ASP_25_A,VAL_26_A,GLY_28_A,LYS_45_A"
GLY_28_A,"ASP_27_A,VAL_29_A,SER_31_A"
VAL_29_A,"GLY_28_A,LEU_30_A,ILE_116_A,ASP_118_A,VAL_159_A"
LEU_30_A,"VAL_26_A,VAL_29_A,SER_31_A"
SER_31_A,"GLY_28_A,LEU_30_A,ASP_32_A,GLY_33_A"
ASP_32_A,"SER_31_A,GLY_33_A,LEU_34_A,HIS_36_A,ARG_156_A"
GLY_33_A,"SER_31_A,ASP_32_A,LEU_34_A"
LEU_34_A,"ASP_32_A,GLY_33_A,LEU_35_A"
LEU_35_A,"LEU_34_A,HIS_36_A"
HIS_36_A,"ASP_32_A,LEU_35_A,ILE_37_A,LEU_44_A,SER_46_A"
ILE_37_A,"HIS_36_A,ASP_38_A"
ASP_38_A,"ILE_37_A,ASN_39_A,HIS_40_A,GLY_41_A,ASN_42_A"
ASN_39_A,"ASP_38_A,HIS_40_A"
HIS_40_A,"ASP_38_A,ASN_39_A,GLY_41_A"
GLY_41_A,"ASP_38_A,HIS_40_A,ASN_42_A"
ASN_42_A,"ASP_38_A,GLY_41_A,GLU_43_A"
GLU_43_A,"ASN_42_A,LEU_44_A,LYS_45_A"
LEU_44_A,"HIS_36_A,GLU_43_A,LYS_45_A"
LYS_45_A,"ASP_27_A,GLU_43_A,LEU_44_A,SER_46_A,VAL_75_A"
SER_46_A,"HIS_36_A,LYS_45_A,PHE_47_A"
PHE_47_A,"SER_46_A,HIS_48_A,VAL_75_A,ARG_79_A"
HIS_48_A,"PHE_47_A,VAL_49_A,GLN_50_A,ASP_51_A"
VAL_49_A,"HIS_48_A,GLN_50_A"
GLN_50_A,"HIS_48_A,VAL_49_A,ASP_51_A,ARG_160_A"
ASP_51_A,"HIS_48_A,GLN_50_A,GLY_52_A,ARG_160_A"
GLY_52_A,ASP_51_A
GLY_54_A,"LEU_55_A,LEU_58_A"
LEU_55_A,"GLY_54_A,LYS_56_A,VAL_159_A"
LYS_56_A,"LEU_55_A,LEU_57_A,ALA_60_A"
LEU_57_A,"LYS_56_A,LEU_58_A"
LEU_58_A,"LEU_22_A,GLY_54_A,LEU_57_A,ILE_63_A"
ALA_60_A,"LYS_56_A,ALA_61_A"
ALA_61_A,"ALA_60_A,GLY_62_A,LEU_167_A"
GLY_62_A,"ALA_61_A,ILE_63_A"
ILE_63_A,"LEU_58_A,GLY_62_A,GLN_64_A,ILE_166_A"
GLN_64_A,"LEU_22_A,ILE_63_A,VAL_65_A"
VAL_65_A,"GLN_64_A,ALA_66_A"
ALA_66_A,"LEU_22_A,CYS_24_A,VAL_65_A,ILE_67_A,LEU_102_A"
ILE_67_A,"VAL_26_A,ALA_66_A,ILE_68_A,TYR_88_A,TYR_89_A"
ILE_68_A,"ILE_23_A,ILE_67_A,THR_69_A"
THR_69_A,"ILE_68_A,THR_70_A,ALA_71_A,TYR_89_A,GLN_92_A"
THR_70_A,"THR_69_A,ALA_71_A,GLN_92_A"
ALA_71_A,"THR_69_A,THR_70_A,GLN_72_A,VAL_76_A,GLY_91_A"
GLN_72_A,"ALA_71_A,ASN_73_A,LYS_90_A"
ASN_73_A,"GLN_72_A,ALA_74_A"
ALA_74_A,"ASN_73_A,VAL_75_A"
VAL_75_A,"LYS_45_A,PHE_47_A,ALA_74_A,VAL_76_A,ARG_79_A"
VAL_76_A,"ALA_71_A,VAL_75_A,ASP_77_A"
ASP_77_A,"VAL_76_A,HIS_78_A,GLU_81_A,TYR_88_A,LYS_90_A"
HIS_78_A,"ASP_77_A,ARG_79_A,GLU_81_A"
ARG_79_A,"PHE_47_A,VAL_75_A,HIS_78_A,GLN_82_A"
GLU_81_A,"ASP_77_A,HIS_78_A,GLN_82_A"
GLN_82_A,"ARG_79_A,GLU_81_A,LEU_83_A"
LEU_83_A,"GLN_82_A,GLY_84_A,ILE_85_A"
GLY_84_A,"LEU_83_A,ILE_85_A"
ILE_85_A,"LEU_83_A,GLY_84_A,THR_86_A"
THR_86_A,"ILE_85_A,HIS_87_A"
HIS_87_A,"THR_86_A,TYR_88_A"
TYR_88_A,"ILE_67_A,ASP_77_A,HIS_87_A,TYR_89_A"
TYR_89_A,"ILE_67_A,THR_69_A,TYR_88_A,LYS_90_A,ALA_98_A,HIS_101_A"
LYS_90_A,"GLN_72_A,ASP_77_A,TYR_89_A,GLY_91_A,GLN_92_A"
GLY_91_A,"ALA_71_A,LYS_90_A,GLN_92_A"
GLN_92_A,"THR_69_A,THR_70_A,LYS_90_A,GLY_91_A,VAL_93_A"
VAL_93_A,"GLN_92_A,ASP_94_A"
ASP_94_A,"VAL_93_A,LYS_95_A,ARG_96_A"
LYS_95_A,"ASP_25_A,ASP_94_A,ARG_96_A,ASP_122_A"
ARG_96_A,"ASP_94_A,LYS_95_A,SER_97_A"
SER_97_A,"ARG_96_A,ALA_98_A"
ALA_98_A,"TYR_89_A,SER_97_A,TYR_99_A,LEU_102_A"
TYR_99_A,"ILE_23_A,ALA_98_A,GLN_100_A,LYS_103_A,ASP_110_A,PHE_113_A,LEU_125_A,VAL_129_A"
GLN_100_A,"TYR_99_A,HIS_101_A"
HIS_101_A,"TYR_89_A,GLN_100_A,LEU_102_A,THR_105_A"
LEU_102_A,"ILE_23_A,ALA_66_A,ALA_98_A,HIS_101_A,LYS_103_A,LEU_106_A,PHE_113_A"
LYS_103_A,"TYR_99_A,LEU_102_A,LYS_104_A,GLY_107_A,ASP_110_A"
LYS_104_A,"LYS_103_A,THR_105_A"
THR_105_A,"HIS_101_A,LYS_104_A,LEU_106_A"
LEU_106_A,"LEU_102_A,THR_105_A,GLY_107_A"
GLY_107_A,"LYS_103_A,LEU_106_A,LEU_108_A"
LEU_108_A,"CYS_21_A,GLY_107_A,ASN_109_A,PHE_113_A"
ASN_109_A,"LEU_108_A,ASP_110_A,GLU_112_A"
ASP_110_A,"TYR_99_A,LYS_103_A,ASN_109_A,ASP_111_A"
ASP_111_A,"LYS_18_A,ASP_110_A,GLU_112_A"
GLU_112_A,"LYS_20_A,ASN_109_A,ASP_111_A,PHE_113_A"
PHE_113_A,"CYS_21_A,ILE_23_A,TYR_99_A,LEU_102_A,LEU_108_A,GLU_112_A,ALA_114_A,VAL_129_A,GLY_130_A"
ALA_114_A,"CYS_21_A,LEU_22_A,ILE_23_A,PHE_113_A,TYR_115_A"
TYR_115_A,"ILE_23_A,ALA_114_A,ILE_116_A,ASP_122_A,LEU_125_A,ILE_126_A,VAL_129_A,LEU_131_A,VAL_133_A"
ILE_116_A,"VAL_29_A,TYR_115_A,GLY_117_A,LEU_162_A"
GLY_117_A,"ILE_116_A,ASP_118_A,VAL_133_A"
ASP_118_A,"ASP_25_A,VAL_29_A,GLY_117_A,ASP_119_A,ASP_122_A,VAL_135_A,VAL_139_A"
ASP_119_A,"ASP_118_A,LEU_120_A,ASP_122_A"
LEU_120_A,ASP_119_A
PRO_121_A,ASP_122_A
ASP_122_A,"ASP_25_A,LYS_95_A,TYR_115_A,ASP_118_A,ASP_119_A,PRO_121_A,LEU_123_A,ILE_126_A"
LEU_123_A,"ASP_122_A,GLN_127_A"
PRO_124_A,LEU_125_A
LEU_125_A,"TYR_99_A,TYR_115_A,PRO_124_A,ILE_126_A"
ILE_126_A,"TYR_115_A,ASP_122_A,LEU_125_A,GLN_127_A,VAL_142_A"
GLN_127_A,"LEU_123_A,ILE_126_A,GLN_128_A"
GLN_128_A,"GLN_127_A,VAL_129_A"
VAL_129_A,"TYR_99_A,PHE_113_A,TYR_115_A,GLN_128_A,GLY_130_A"
GLY_130_A,"PHE_113_A,VAL_129_A,LEU_131_A"
LEU_131_A,"LEU_12_A,TYR_115_A,GLY_130_A,GLY_132_A,VAL_133_A"
GLY_132_A,"LEU_131_A,VAL_133_A,ASP_147_A"
VAL_133_A,"TYR_115_A,GLY_117_A,LEU_131_A,GLY_132_A,ALA_134_A,TRP_148_A,LEU_162_A"
ALA_134_A,"VAL_133_A,VAL_135_A,VAL_142_A,ALA_146_A,TRP_148_A,THR_150_A"
VAL_135_A,"ASP_118_A,ALA_134_A,SER_136_A"
SER_136_A,"VAL_135_A,ASN_137_A"
ASN_137_A,"SER_136_A,ALA_138_A,GLY_154_A"
ALA_138_A,"ASN_137_A,VAL_139_A,VAL_142_A"
VAL_139_A,"ASP_118_A,ALA_138_A,VAL_142_A"
PRO_140_A,"GLN_141_A,GLU_144_A"
GLN_141_A,"PRO_140_A,VAL_142_A"
VAL_142_A,"ILE_126_A,ALA_134_A,ALA_138_A,VAL_139_A,GLN_141_A,LEU_143_A"
LEU_143_A,"VAL_142_A,GLU_144_A"
GLU_144_A,"PRO_140_A,LEU_143_A,PHE_145_A"
PHE_145_A,"GLU_144_A,ALA_146_A"
ALA_146_A,"ALA_134_A,PHE_145_A,ASP_147_A"
ASP_147_A,"LYS_15_A,GLY_132_A,ALA_146_A,TRP_148_A"
TRP_148_A,"VAL_133_A,ALA_134_A,ASP_147_A,ARG_149_A,THR_150_A"
ARG_149_A,"TRP_148_A,THR_150_A"
THR_150_A,"ALA_134_A,TRP_148_A,ARG_149_A,GLU_151_A,ARG_152_A"
GLU_151_A,"THR_150_A,ARG_152_A,GLU_161_A"
ARG_152_A,"THR_150_A,GLU_151_A,THR_153_A,GLU_161_A"
THR_153_A,"ARG_152_A,GLY_154_A"
GLY_154_A,"ASN_137_A,THR_153_A,GLY_155_A"
GLY_155_A,"GLY_154_A,ARG_156_A"
ARG_156_A,"ASP_32_A,GLY_155_A,GLY_157_A"
GLY_157_A,"ARG_156_A,ALA_158_A"
ALA_158_A,"GLY_157_A,VAL_159_A"
VAL_159_A,"VAL_29_A,LEU_55_A,ALA_158_A,ARG_160_A,CYS_163_A"
ARG_160_A,"GLN_50_A,ASP_51_A,VAL_159_A,GLU_161_A,ASP_164_A"
GLU_161_A,"GLU_151_A,ARG_152_A,ARG_160_A,LEU_162_A"
LEU_162_A,"LEU_22_A,ILE_116_A,VAL_133_A,GLU_161_A,CYS_163_A"
CYS_163_A,"VAL_159_A,LEU_162_A,ASP_164_A,LEU_167_A"
ASP_164_A,"ARG_160_A,CYS_163_A,LEU_165_A,ASN_168_A"
LEU_165_A,"ASP_164_A,ILE_166_A,ALA_169_A"
ILE_166_A,"ILE_63_A,LEU_165_A,LEU_167_A"
LEU_167_A,"ALA_61_A,CYS_163_A,ILE_166_A,ASN_168_A,LYS_172_A"
ASN_168_A,"ASP_164_A,LEU_167_A,ALA_169_A"
ALA_169_A,"ALA_16_A,LEU_165_A,ASN_168_A,GLN_170_A"
GLN_170_A,"ALA_16_A,ILE_19_A,ALA_169_A,ASN_171_A,LYS_172_A"
ASN_171_A,"GLN_170_A,LYS_172_A"
LYS_172_A,"LEU_167_A,GLN_170_A,ASN_171_A,ALA_173_A,ALA_176_A"
ALA_173_A,"LYS_172_A,GLU_174_A"
GLU_174_A,"ALA_173_A,LEU_175_A,THR_178_A"
LEU_175_A,"GLU_174_A,ALA_176_A,GLY_179_A"
ALA_176_A,"LYS_172_A,LEU_175_A,ILE_177_A,TYR_180_A"
ILE_177_A,"ALA_176_A,THR_178_A,LEU_181_A"
THR_178_A,"GLU_174_A,ILE_177_A,GLY_179_A"
GLY_179_A,"LEU_175_A,THR_178_A,TYR_180_A"
TYR_180_A,"ALA_176_A,GLY_179_A,LEU_181_A"
LEU_181_A,"ILE_177_A,TYR_180_A,LYS_182_A"
LYS_182_A,"LEU_181_A,GLN_183_A"
GLN_183_A,LYS_182_A
