residue_id,neighbors
MET_1_B,"ASN_2_B,LEU_19_B"
ASN_2_B,"MET_1_B,LEU_3_B"
LEU_3_B,"ASN_2_B,PHE_4_B"
PHE_4_B,"LEU_3_B,THR_5_B,LEU_18_B,LEU_19_B"
THR_5_B,PHE_4_B
PRO_6_B,"LEU_7_B,ILE_10_B,THR_15_B"
LEU_7_B,"PRO_6_B,SER_8_B"
SER_8_B,"LEU_7_B,GLU_9_B,ILE_10_B"
GLU_9_B,"SER_8_B,ILE_10_B"
ILE_10_B,"PRO_6_B,SER_8_B,GLU_9_B,ASN_11_B"
ASN_11_B,"ILE_10_B,THR_14_B"
PRO_12_B,"THR_13_B,THR_15_B,GLN_16_B"
THR_13_B,"PRO_12_B,THR_14_B,HIS_476_B"
THR_14_B,"ASN_11_B,THR_13_B,THR_15_B"
THR_15_B,"PRO_6_B,PRO_12_B,THR_14_B,GLN_16_B,LEU_18_B"
GLN_16_B,"PRO_12_B,THR_15_B,GLU_17_B"
GLU_17_B,"GLN_16_B,LEU_18_B"
LEU_18_B,"PHE_4_B,THR_15_B,GLU_17_B,LEU_19_B,TYR_20_B"
LEU_19_B,"MET_1_B,PHE_4_B,LEU_18_B,TYR_20_B"
TYR_20_B,"LEU_18_B,LEU_19_B,ALA_21_B,TYR_22_B,VAL_483_B"
ALA_21_B,"TYR_20_B,TYR_22_B,ARG_235_B"
TYR_22_B,"TYR_20_B,ALA_21_B,THR_23_B,GLY_24_B,ALA_484_B,LEU_487_B"
THR_23_B,"TYR_22_B,GLY_24_B"
GLY_24_B,"TYR_22_B,THR_23_B,ARG_235_B"
PRO_25_B,ALA_26_B
ALA_26_B,PRO_25_B
PRO_27_B,VAL_28_B
VAL_28_B,"PRO_27_B,ALA_29_B,TYR_30_B"
ALA_29_B,"VAL_28_B,TYR_30_B,TRP_230_B,ARG_240_B"
TYR_30_B,"VAL_28_B,ALA_29_B,GLY_31_B"
GLY_31_B,"TYR_30_B,THR_32_B"
THR_32_B,"GLY_31_B,ARG_33_B,GLU_351_B"
ARG_33_B,"THR_32_B,THR_34_B,VAL_37_B,THR_228_B,TRP_230_B,ASP_348_B,GLU_351_B"
THR_34_B,"ARG_33_B,ARG_35_B,LEU_38_B,MET_349_B,GLY_352_B"
ARG_35_B,"THR_34_B,ALA_36_B,GLU_39_B,LEU_353_B"
ALA_36_B,"ARG_35_B,VAL_37_B,ASN_40_B,TRP_230_B"
VAL_37_B,"ARG_33_B,ALA_36_B,LEU_38_B,ILE_41_B"
LEU_38_B,"THR_34_B,VAL_37_B,GLU_39_B,ILE_42_B,PHE_373_B"
GLU_39_B,"ARG_35_B,LEU_38_B,ASN_40_B,ARG_43_B,GLU_307_B"
ASN_40_B,"ALA_36_B,GLU_39_B,ILE_41_B"
ILE_41_B,"VAL_37_B,ASN_40_B,ILE_42_B,ILE_385_B"
ILE_42_B,"LEU_38_B,ILE_41_B,ARG_43_B,PHE_373_B,LEU_376_B"
ARG_43_B,"GLU_39_B,ILE_42_B,LYS_304_B,GLU_307_B"
PRO_44_B,TYR_45_B
TYR_45_B,"PRO_44_B,GLN_46_B,ALA_57_B,LEU_58_B,LEU_389_B"
GLN_46_B,"TYR_45_B,TYR_47_B"
TYR_47_B,"GLN_46_B,PHE_48_B,PRO_75_B"
PHE_48_B,"TYR_47_B,TYR_49_B,LYS_65_B"
TYR_49_B,"PHE_48_B,LYS_50_B,ARG_56_B"
LYS_50_B,"TYR_49_B,GLU_51_B"
GLU_51_B,LYS_50_B
PRO_52_B,ASN_53_B
ASN_53_B,"PRO_52_B,VAL_54_B"
VAL_54_B,"ASN_53_B,GLN_55_B,LEU_58_B,ASP_375_B"
GLN_55_B,"VAL_54_B,ARG_56_B"
ARG_56_B,"TYR_49_B,GLN_55_B,ALA_57_B,ASP_69_B"
ALA_57_B,"TYR_45_B,ARG_56_B,LEU_58_B"
LEU_58_B,"TYR_45_B,VAL_54_B,ALA_57_B,ASP_59_B,ARG_378_B"
ASP_59_B,"LEU_58_B,ILE_60_B,ARG_378_B"
ILE_60_B,"ASP_59_B,LYS_61_B"
LYS_61_B,"ILE_60_B,THR_62_B,LYS_343_B,ARG_388_B"
THR_62_B,"LYS_61_B,GLY_63_B,CYS_64_B,ASP_312_B"
GLY_63_B,"THR_62_B,CYS_64_B,PHE_79_B"
CYS_64_B,"THR_62_B,GLY_63_B,LYS_65_B"
LYS_65_B,"PHE_48_B,CYS_64_B,GLU_66_B,ASP_69_B,ILE_70_B,PHE_79_B"
GLU_66_B,"LYS_65_B,GLU_68_B,ASP_69_B,HIS_80_B"
PRO_67_B,GLU_68_B
GLU_68_B,"GLU_66_B,PRO_67_B,ASP_69_B"
ASP_69_B,"ARG_56_B,LYS_65_B,GLU_66_B,GLU_68_B,ILE_70_B"
ILE_70_B,"LYS_65_B,ASP_69_B,ASN_71_B,LEU_449_B"
ASN_71_B,"ILE_70_B,VAL_72_B"
VAL_72_B,"ASN_71_B,GLU_73_B,ARG_444_B,LEU_445_B"
GLU_73_B,"VAL_72_B,GLY_74_B"
GLY_74_B,"GLU_73_B,LYS_448_B"
PRO_75_B,"TYR_47_B,SER_76_B"
SER_76_B,"PRO_75_B,SER_77_B,ASN_453_B"
SER_77_B,"SER_76_B,GLY_78_B"
GLY_78_B,"SER_77_B,PHE_79_B"
PHE_79_B,"GLY_63_B,LYS_65_B,GLY_78_B,HIS_80_B,VAL_84_B,ALA_313_B"
HIS_80_B,"GLU_66_B,PHE_79_B,THR_81_B,SER_83_B,VAL_84_B,LEU_449_B"
THR_81_B,"HIS_80_B,ALA_82_B,LEU_85_B,LEU_316_B"
ALA_82_B,"THR_81_B,SER_83_B,LYS_86_B"
SER_83_B,"HIS_80_B,ALA_82_B,VAL_84_B,LEU_87_B"
VAL_84_B,"PHE_79_B,HIS_80_B,SER_83_B,LEU_85_B,ALA_88_B,LEU_316_B,VAL_450_B"
LEU_85_B,"THR_81_B,VAL_84_B,LYS_86_B,ASP_89_B,LEU_316_B,VAL_320_B"
LYS_86_B,"ALA_82_B,LEU_85_B,LEU_87_B,ASP_89_B,ASN_90_B"
LEU_87_B,"SER_83_B,LYS_86_B,ALA_88_B,PHE_91_B"
ALA_88_B,"VAL_84_B,LEU_87_B,ASP_89_B,PHE_92_B"
ASP_89_B,"LEU_85_B,LYS_86_B,ALA_88_B,ASN_90_B,ARG_93_B,LYS_324_B"
ASN_90_B,"LYS_86_B,ASP_89_B,PHE_91_B"
PHE_91_B,"LEU_87_B,ASN_90_B,PHE_92_B,TYR_95_B,PHE_321_B,ILE_406_B,GLU_409_B"
PHE_92_B,"ALA_88_B,PHE_91_B,ARG_93_B,MET_99_B,LYS_324_B,LEU_325_B"
ARG_93_B,"ASP_89_B,PHE_92_B,LYS_94_B"
LYS_94_B,"ARG_93_B,TYR_95_B,GLU_409_B"
TYR_95_B,"PHE_91_B,LYS_94_B,ARG_96_B,VAL_268_B,PRO_269_B"
ARG_96_B,"TYR_95_B,GLU_100_B,LYS_103_B"
PRO_97_B,"ALA_98_B,LYS_101_B"
ALA_98_B,"PRO_97_B,MET_99_B,LEU_102_B,ASN_267_B,VAL_268_B"
MET_99_B,"PHE_92_B,ALA_98_B,GLU_100_B,LYS_103_B,PHE_321_B"
GLU_100_B,"ARG_96_B,MET_99_B,LYS_101_B,LYS_103_B,TYR_104_B"
LYS_101_B,"PRO_97_B,GLU_100_B,LEU_102_B,TRP_105_B"
LEU_102_B,"ALA_98_B,LYS_101_B,LYS_103_B,ILE_106_B,ALA_260_B,ILE_264_B,LEU_325_B"
LYS_103_B,"ARG_96_B,MET_99_B,GLU_100_B,LEU_102_B,TYR_104_B,LEU_107_B"
TYR_104_B,"GLU_100_B,LYS_103_B,TRP_105_B,VAL_108_B"
TRP_105_B,"LYS_101_B,TYR_104_B,ILE_106_B,LEU_110_B,LEU_113_B,ASP_259_B,ALA_260_B"
ILE_106_B,"LEU_102_B,TRP_105_B,LEU_107_B,LEU_322_B,ILE_331_B"
LEU_107_B,"LYS_103_B,ILE_106_B,VAL_108_B"
VAL_108_B,"TYR_104_B,LEU_107_B,LYS_109_B"
LYS_109_B,"VAL_108_B,LEU_110_B,GLU_263_B"
LEU_110_B,"TRP_105_B,LYS_109_B"
PRO_111_B,LYS_112_B
LYS_112_B,"PRO_111_B,LEU_113_B"
LEU_113_B,"TRP_105_B,LYS_112_B,LYS_114_B,LEU_158_B"
LYS_114_B,"LEU_113_B,TYR_115_B"
TYR_115_B,"LYS_114_B,ALA_116_B,LEU_118_B,LEU_139_B,VAL_143_B,LEU_158_B"
ALA_116_B,"TYR_115_B,GLU_117_B,SER_119_B"
GLU_117_B,"ALA_116_B,LEU_118_B,LYS_120_B,GLU_673_B"
LEU_118_B,"TYR_115_B,GLU_117_B,SER_119_B,LEU_139_B,TYR_161_B,LYS_255_B"
SER_119_B,"ALA_116_B,LEU_118_B,LYS_120_B"
LYS_120_B,"GLU_117_B,SER_119_B,GLY_121_B"
GLY_121_B,"LYS_120_B,ARG_122_B"
ARG_122_B,"GLY_121_B,GLN_123_B,ARG_251_B"
GLN_123_B,"ARG_122_B,THR_124_B"
THR_124_B,"GLN_123_B,TYR_125_B,LEU_133_B,MET_248_B"
TYR_125_B,"THR_124_B,SER_126_B"
SER_126_B,"TYR_125_B,PHE_127_B,LYS_130_B,ARG_131_B,GLU_141_B"
PHE_127_B,"SER_126_B,ILE_128_B,LYS_130_B,PHE_214_B,GLN_222_B"
ILE_128_B,"PHE_127_B,HIS_129_B,TYR_176_B"
HIS_129_B,"ILE_128_B,LYS_130_B,ARG_131_B,GLU_141_B"
LYS_130_B,"SER_126_B,PHE_127_B,HIS_129_B,ARG_131_B"
ARG_131_B,"SER_126_B,HIS_129_B,LYS_130_B,ASN_132_B,LYS_646_B"
ASN_132_B,"ARG_131_B,LEU_133_B"
LEU_133_B,"THR_124_B,ASN_132_B,ILE_137_B"
PRO_134_B,ALA_135_B
ALA_135_B,"PRO_134_B,LEU_139_B"
PRO_136_B,"ILE_137_B,GLU_140_B"
ILE_137_B,"LEU_133_B,PRO_136_B,ALA_138_B,GLU_141_B"
ALA_138_B,"ILE_137_B,LEU_139_B,THR_142_B,MET_248_B"
LEU_139_B,"TYR_115_B,LEU_118_B,ALA_135_B,ALA_138_B,GLU_140_B,VAL_143_B"
GLU_140_B,"PRO_136_B,LEU_139_B,GLU_141_B,GLU_144_B,LYS_651_B,TYR_655_B"
GLU_141_B,"SER_126_B,HIS_129_B,ILE_137_B,GLU_140_B,THR_142_B,PHE_145_B"
THR_142_B,"ALA_138_B,GLU_141_B,VAL_143_B,LEU_146_B"
VAL_143_B,"TYR_115_B,LEU_139_B,THR_142_B,GLU_144_B,GLU_147_B"
GLU_144_B,"GLU_140_B,VAL_143_B,PHE_145_B,GLN_148_B,GLU_177_B"
PHE_145_B,"GLU_141_B,GLU_144_B,LEU_146_B,ASN_149_B"
LEU_146_B,"THR_142_B,PHE_145_B,GLU_147_B,LEU_150_B,TYR_161_B,ALA_164_B,VAL_168_B"
GLU_147_B,"VAL_143_B,LEU_146_B,GLN_148_B,LYS_153_B,ILE_154_B"
GLN_148_B,"GLU_144_B,GLU_147_B,ASN_149_B,GLU_177_B"
ASN_149_B,"PHE_145_B,GLN_148_B,LEU_150_B,THR_175_B"
LEU_150_B,"LEU_146_B,ASN_149_B,ARG_151_B,ARG_152_B,ILE_154_B,ALA_164_B"
ARG_151_B,"LEU_150_B,ARG_152_B"
ARG_152_B,"LEU_150_B,ARG_151_B,LYS_153_B,ASP_167_B"
LYS_153_B,"GLU_147_B,ARG_152_B,ILE_154_B"
ILE_154_B,"GLU_147_B,LEU_150_B,LYS_153_B,GLY_155_B,ALA_164_B"
GLY_155_B,"ILE_154_B,SER_160_B"
PRO_156_B,THR_157_B
THR_157_B,"PRO_156_B,LEU_158_B"
LEU_158_B,"LEU_113_B,TYR_115_B,THR_157_B,LEU_159_B,CYS_162_B,ILE_256_B"
LEU_159_B,"LEU_158_B,SER_160_B,GLN_163_B,ILE_256_B"
SER_160_B,"GLY_155_B,LEU_159_B,TYR_161_B,ALA_164_B"
TYR_161_B,"LEU_118_B,LEU_146_B,SER_160_B,CYS_162_B,ILE_165_B"
CYS_162_B,"LEU_158_B,TYR_161_B,GLN_163_B,ALA_166_B,PHE_253_B"
GLN_163_B,"LEU_159_B,CYS_162_B,ALA_164_B,ASP_167_B"
ALA_164_B,"LEU_146_B,LEU_150_B,ILE_154_B,SER_160_B,GLN_163_B,ILE_165_B,VAL_168_B"
ILE_165_B,"TYR_161_B,ALA_164_B,ALA_166_B,MET_169_B,MET_223_B,LEU_249_B"
ALA_166_B,"CYS_162_B,ILE_165_B,ASP_167_B"
ASP_167_B,"ARG_152_B,GLN_163_B,ALA_166_B,VAL_168_B,GLU_170_B"
VAL_168_B,"LEU_146_B,ALA_164_B,ASP_167_B,MET_169_B"
MET_169_B,"ILE_165_B,VAL_168_B,GLU_170_B,MET_223_B"
GLU_170_B,"ASP_167_B,MET_169_B,LEU_171_B"
LEU_171_B,"GLU_170_B,ASP_172_B"
ASP_172_B,"LEU_171_B,GLU_173_B,ARG_216_B"
GLU_173_B,"ASP_172_B,THR_174_B,LYS_213_B"
THR_174_B,"GLU_173_B,THR_175_B"
THR_175_B,"ASN_149_B,THR_174_B,TYR_176_B"
TYR_176_B,"ILE_128_B,THR_175_B,GLU_177_B"
GLU_177_B,"GLU_144_B,GLN_148_B,TYR_176_B"
THR_209_B,TYR_210_B
TYR_210_B,"THR_209_B,THR_211_B"
THR_211_B,"TYR_210_B,ILE_212_B"
ILE_212_B,"THR_211_B,LYS_213_B,PHE_214_B"
LYS_213_B,"GLU_173_B,ILE_212_B,PHE_214_B"
PHE_214_B,"PHE_127_B,ILE_212_B,LYS_213_B,SER_215_B"
SER_215_B,"PHE_214_B,ARG_216_B,LEU_219_B"
ARG_216_B,"ASP_172_B,SER_215_B,GLU_217_B,TRP_220_B"
GLU_217_B,"ARG_216_B,GLU_218_B,ASP_221_B,ARG_224_B"
GLU_218_B,"GLU_217_B,LEU_219_B,GLN_222_B"
LEU_219_B,"SER_215_B,GLU_218_B,TRP_220_B,MET_223_B,LEU_249_B"
TRP_220_B,"ARG_216_B,LEU_219_B,ASP_221_B,ARG_224_B"
ASP_221_B,"GLU_217_B,TRP_220_B,GLN_222_B,ARG_224_B,THR_225_B"
GLN_222_B,"PHE_127_B,GLU_218_B,ASP_221_B,MET_223_B"
MET_223_B,"ILE_165_B,MET_169_B,LEU_219_B,GLN_222_B,ARG_224_B,VAL_341_B"
ARG_224_B,"GLU_217_B,TRP_220_B,ASP_221_B,MET_223_B,THR_225_B"
THR_225_B,"ASP_221_B,ARG_224_B,LEU_226_B"
LEU_226_B,"THR_225_B,ASN_227_B,PHE_342_B,LYS_345_B,ASP_348_B"
ASN_227_B,"LEU_226_B,THR_228_B,THR_245_B"
THR_228_B,"ARG_33_B,ASN_227_B,MET_229_B,ASP_348_B"
MET_229_B,"THR_228_B,TRP_230_B,ILE_243_B"
TRP_230_B,"ALA_29_B,ARG_33_B,ALA_36_B,MET_229_B,LYS_231_B,ARG_240_B"
LYS_231_B,"TRP_230_B,HIS_232_B,GLU_234_B,ARG_241_B"
HIS_232_B,"LYS_231_B,LEU_233_B"
LEU_233_B,"HIS_232_B,GLU_234_B"
GLU_234_B,"LYS_231_B,LEU_233_B,ARG_235_B,ARG_237_B,ARG_240_B,ARG_241_B"
ARG_235_B,"ALA_21_B,GLY_24_B,GLU_234_B,GLY_236_B,GLU_486_B"
GLY_236_B,"ARG_235_B,ARG_237_B"
ARG_237_B,"GLU_234_B,GLY_236_B,LEU_238_B,ASN_239_B,ARG_240_B,ARG_241_B,LYS_458_B"
LEU_238_B,"ARG_237_B,ASN_239_B"
ASN_239_B,"ARG_237_B,LEU_238_B,ARG_240_B"
ARG_240_B,"ALA_29_B,TRP_230_B,GLU_234_B,ARG_237_B,ASN_239_B,ARG_241_B"
ARG_241_B,"LYS_231_B,GLU_234_B,ARG_237_B,ARG_240_B,THR_242_B,ASP_422_B"
THR_242_B,"ARG_241_B,ILE_243_B"
ILE_243_B,"MET_229_B,THR_242_B,ALA_244_B"
ALA_244_B,"ILE_243_B,THR_245_B,PHE_392_B"
THR_245_B,"ASN_227_B,ALA_244_B"
PRO_246_B,"SER_247_B,ILE_250_B,ARG_251_B"
SER_247_B,"PRO_246_B,MET_248_B"
MET_248_B,"THR_124_B,ALA_138_B,SER_247_B,LEU_249_B"
LEU_249_B,"ILE_165_B,LEU_219_B,MET_248_B,ILE_250_B"
ILE_250_B,"PRO_246_B,LEU_249_B,ARG_251_B,PHE_253_B,VAL_254_B,VAL_341_B"
ARG_251_B,"ARG_122_B,PRO_246_B,ILE_250_B,GLY_252_B,LYS_255_B"
GLY_252_B,"ARG_251_B,PHE_253_B,ILE_256_B"
PHE_253_B,"CYS_162_B,ILE_250_B,GLY_252_B,VAL_254_B,VAL_257_B,LEU_334_B,PRO_338_B"
VAL_254_B,"ILE_250_B,PHE_253_B,LYS_255_B,GLU_258_B"
LYS_255_B,"LEU_118_B,ARG_251_B,VAL_254_B,ILE_256_B,ASP_259_B,LYS_262_B"
ILE_256_B,"LEU_158_B,LEU_159_B,GLY_252_B,LYS_255_B,VAL_257_B"
VAL_257_B,"PHE_253_B,ILE_256_B,GLU_258_B,ALA_261_B,PRO_338_B,TYR_396_B"
GLU_258_B,"VAL_254_B,VAL_257_B,ASP_259_B,LYS_262_B"
ASP_259_B,"TRP_105_B,LYS_255_B,GLU_258_B,ALA_260_B,LYS_262_B,GLU_263_B"
ALA_260_B,"LEU_102_B,TRP_105_B,ASP_259_B,ALA_261_B,ILE_264_B,TRP_318_B,PHE_335_B"
ALA_261_B,"VAL_257_B,ALA_260_B,LYS_262_B,LEU_265_B,LEU_398_B"
LYS_262_B,"LYS_255_B,GLU_258_B,ASP_259_B,ALA_261_B,GLU_263_B,GLU_266_B,LEU_398_B"
GLU_263_B,"LYS_109_B,ASP_259_B,LYS_262_B,ILE_264_B,GLU_266_B,ASN_267_B"
ILE_264_B,"LEU_102_B,ALA_260_B,GLU_263_B,LEU_265_B,TRP_318_B,LEU_402_B"
LEU_265_B,"ALA_261_B,ILE_264_B,GLU_266_B,SER_271_B,LEU_398_B,LEU_405_B"
GLU_266_B,"LYS_262_B,GLU_263_B,LEU_265_B,ASN_267_B"
ASN_267_B,"ALA_98_B,GLU_263_B,GLU_266_B,VAL_268_B"
VAL_268_B,"TYR_95_B,ALA_98_B,ASN_267_B,SER_271_B"
PRO_269_B,"TYR_95_B,THR_270_B"
THR_270_B,"PRO_269_B,SER_271_B"
SER_271_B,"LEU_265_B,VAL_268_B,THR_270_B,GLY_272_B,LYS_280_B"
GLY_272_B,"SER_271_B,VAL_273_B"
VAL_273_B,"GLY_272_B,LYS_280_B"
PRO_274_B,GLU_279_B
GLU_279_B,"PRO_274_B,LYS_280_B,LYS_283_B"
LYS_280_B,"SER_271_B,VAL_273_B,GLU_279_B,LEU_281_B,LEU_284_B"
LEU_281_B,"LYS_280_B,ALA_282_B,ALA_285_B,PHE_470_B,LYS_473_B"
ALA_282_B,"LEU_281_B,LYS_283_B,SER_286_B"
LYS_283_B,"GLU_279_B,ALA_282_B,LEU_284_B,LYS_287_B"
LEU_284_B,"LYS_280_B,LYS_283_B,ALA_285_B,VAL_418_B,PHE_427_B"
ALA_285_B,"LEU_281_B,LEU_284_B,SER_286_B,VAL_480_B"
SER_286_B,"ALA_282_B,ALA_285_B,LYS_287_B"
LYS_287_B,"LYS_283_B,SER_286_B,GLN_288_B"
GLN_288_B,"LYS_287_B,THR_289_B"
THR_289_B,"GLN_288_B,PHE_290_B,ALA_293_B"
PHE_290_B,"THR_289_B,HIS_291_B,THR_292_B,ALA_293_B"
HIS_291_B,"PHE_290_B,THR_292_B,ALA_293_B"
THR_292_B,"PHE_290_B,HIS_291_B,ALA_293_B"
ALA_293_B,"THR_289_B,PHE_290_B,HIS_291_B,THR_292_B,VAL_294_B"
VAL_294_B,"ALA_293_B,THR_295_B,CYS_430_B,MET_436_B"
THR_295_B,"VAL_294_B,GLY_296_B"
GLY_296_B,"THR_295_B,GLU_297_B,PHE_428_B"
GLU_297_B,"GLY_296_B,LEU_298_B,ILE_462_B,HIS_475_B"
LEU_298_B,"GLU_297_B,SER_299_B,HIS_426_B,PHE_428_B"
SER_299_B,"LEU_298_B,GLY_300_B,ILE_460_B,GLU_469_B"
GLY_300_B,"SER_299_B,ASP_301_B,PHE_424_B"
ASP_301_B,"GLY_300_B,GLN_302_B,ASP_422_B,ASP_423_B,LYS_458_B,GLU_469_B"
GLN_302_B,"ASP_301_B,GLU_303_B,PHE_305_B,ASP_422_B,MET_454_B"
GLU_303_B,"GLN_302_B,LYS_304_B,LYS_448_B"
LYS_304_B,"ARG_43_B,GLU_303_B,PHE_305_B,GLU_307_B"
PHE_305_B,"GLN_302_B,LYS_304_B,ASN_306_B,ASP_422_B"
ASN_306_B,"PHE_305_B,GLU_307_B,MET_391_B"
GLU_307_B,"GLU_39_B,ARG_43_B,LYS_304_B,ASN_306_B,CYS_308_B"
CYS_308_B,"GLU_307_B,LEU_309_B"
LEU_309_B,"CYS_308_B,ASP_310_B,MET_391_B,LEU_403_B,ILE_452_B"
ASP_310_B,"LEU_309_B,ASP_312_B,LYS_343_B"
PRO_311_B,"ASP_312_B,ARG_315_B,PHE_342_B,LYS_343_B"
ASP_312_B,"THR_62_B,ASP_310_B,PRO_311_B,ALA_313_B,ARG_315_B,LEU_316_B,LYS_343_B"
ALA_313_B,"PHE_79_B,ASP_312_B,MET_314_B,MET_317_B"
MET_314_B,"ALA_313_B,ARG_315_B,TRP_318_B,PHE_339_B,MET_391_B,THR_399_B"
ARG_315_B,"PRO_311_B,ASP_312_B,MET_314_B,LEU_316_B,THR_319_B,PHE_339_B"
LEU_316_B,"THR_81_B,VAL_84_B,LEU_85_B,ASP_312_B,ARG_315_B,MET_317_B,VAL_320_B"
MET_317_B,"ALA_313_B,LEU_316_B,TRP_318_B,PHE_321_B,LEU_402_B,ILE_406_B"
TRP_318_B,"ALA_260_B,ILE_264_B,MET_314_B,MET_317_B,THR_319_B,LEU_322_B,PHE_335_B,PHE_339_B"
THR_319_B,"ARG_315_B,TRP_318_B,VAL_320_B,ARG_323_B,ASN_336_B"
VAL_320_B,"LEU_85_B,LEU_316_B,THR_319_B,PHE_321_B,LYS_324_B"
PHE_321_B,"PHE_91_B,MET_99_B,MET_317_B,VAL_320_B,LEU_322_B,LEU_325_B,ILE_406_B"
LEU_322_B,"ILE_106_B,TRP_318_B,PHE_321_B,ARG_323_B,ILE_331_B,PHE_335_B"
ARG_323_B,"THR_319_B,LEU_322_B,LYS_324_B"
LYS_324_B,"ASP_89_B,PHE_92_B,VAL_320_B,ARG_323_B,LEU_325_B"
LEU_325_B,"PHE_92_B,LEU_102_B,PHE_321_B,LYS_324_B,GLY_326_B"
GLY_326_B,"LEU_325_B,CYS_327_B"
CYS_327_B,"GLY_326_B,ILE_331_B"
PRO_328_B,ASP_329_B
ASP_329_B,"PRO_328_B,TRP_330_B,GLU_333_B"
TRP_330_B,"ASP_329_B,ILE_331_B,LEU_334_B"
ILE_331_B,"ILE_106_B,LEU_322_B,CYS_327_B,TRP_330_B,MET_332_B,PHE_335_B"
MET_332_B,"ILE_331_B,GLU_333_B,ASN_336_B"
GLU_333_B,"ASP_329_B,MET_332_B,LEU_334_B,ILE_337_B"
LEU_334_B,"PHE_253_B,TRP_330_B,GLU_333_B,PHE_335_B"
PHE_335_B,"ALA_260_B,TRP_318_B,LEU_322_B,ILE_331_B,LEU_334_B,ASN_336_B"
ASN_336_B,"THR_319_B,MET_332_B,PHE_335_B,ILE_337_B"
ILE_337_B,"GLU_333_B,ASN_336_B,VAL_341_B"
PRO_338_B,"PHE_253_B,VAL_257_B,PHE_339_B,PHE_342_B"
PHE_339_B,"MET_314_B,ARG_315_B,TRP_318_B,PRO_338_B,MET_340_B,LYS_343_B"
MET_340_B,"PHE_339_B,VAL_341_B"
VAL_341_B,"MET_223_B,ILE_250_B,ILE_337_B,MET_340_B,PHE_342_B"
PHE_342_B,"LEU_226_B,PRO_311_B,PRO_338_B,VAL_341_B,LYS_343_B,MET_391_B,MET_395_B,TYR_396_B"
LYS_343_B,"LYS_61_B,ASP_310_B,PRO_311_B,ASP_312_B,PHE_339_B,PHE_342_B,SER_344_B"
SER_344_B,"LYS_343_B,LYS_345_B"
LYS_345_B,"LEU_226_B,SER_344_B,LEU_346_B,CYS_387_B,GLY_390_B"
LEU_346_B,"LYS_345_B,ALA_347_B"
ALA_347_B,"LEU_346_B,ASP_348_B"
ASP_348_B,"ARG_33_B,LEU_226_B,THR_228_B,ALA_347_B,MET_349_B"
MET_349_B,"THR_34_B,ASP_348_B,GLY_350_B"
GLY_350_B,"MET_349_B,GLU_351_B"
GLU_351_B,"THR_32_B,ARG_33_B,GLY_350_B,GLY_352_B,ARG_363_B"
GLY_352_B,"THR_34_B,GLU_351_B,LEU_353_B"
LEU_353_B,"ARG_35_B,GLY_352_B,VAL_354_B,TYR_355_B,LYS_364_B"
VAL_354_B,"LEU_353_B,TYR_355_B,THR_361_B"
TYR_355_B,"LEU_353_B,VAL_354_B,THR_356_B,ASP_362_B,MET_369_B"
THR_356_B,"TYR_355_B,LYS_357_B,GLY_358_B,LEU_360_B"
LYS_357_B,"THR_356_B,GLY_358_B"
GLY_358_B,"THR_356_B,LYS_357_B,LYS_359_B"
LYS_359_B,"GLY_358_B,LEU_360_B"
LEU_360_B,"THR_356_B,LYS_359_B,THR_361_B"
THR_361_B,"VAL_354_B,LEU_360_B,ASP_362_B"
ASP_362_B,"TYR_355_B,THR_361_B,ARG_363_B,LYS_364_B"
ARG_363_B,"GLU_351_B,ASP_362_B,LYS_364_B"
LYS_364_B,"LEU_353_B,ASP_362_B,ARG_363_B,GLU_368_B"
PRO_365_B,LEU_366_B
LEU_366_B,"PRO_365_B,GLY_367_B,PHE_373_B"
GLY_367_B,"LEU_366_B,GLU_368_B"
GLU_368_B,"LYS_364_B,GLY_367_B,MET_369_B"
MET_369_B,"TYR_355_B,GLU_368_B"
PRO_370_B,SER_371_B
SER_371_B,"PRO_370_B,GLU_372_B"
GLU_372_B,"SER_371_B,PHE_373_B"
PHE_373_B,"LEU_38_B,ILE_42_B,LEU_366_B,GLU_372_B,ASP_374_B"
ASP_374_B,"PHE_373_B,ASP_375_B,VAL_377_B"
ASP_375_B,"VAL_54_B,ASP_374_B,LEU_376_B"
LEU_376_B,"ILE_42_B,ASP_375_B,VAL_377_B,ASN_379_B,ILE_385_B"
VAL_377_B,"ASP_374_B,LEU_376_B,ARG_378_B"
ARG_378_B,"LEU_58_B,ASP_59_B,VAL_377_B,ASN_379_B,ARG_388_B"
ASN_379_B,"LEU_376_B,ARG_378_B,VAL_380_B,ILE_385_B,SER_386_B"
VAL_380_B,"ASN_379_B,VAL_381_B"
VAL_381_B,"VAL_380_B,GLY_382_B,SER_384_B"
GLY_382_B,"VAL_381_B,ASN_383_B"
ASN_383_B,"GLY_382_B,SER_384_B"
SER_384_B,"VAL_381_B,ASN_383_B,ILE_385_B"
ILE_385_B,"ILE_41_B,LEU_376_B,ASN_379_B,SER_384_B,SER_386_B"
SER_386_B,"ASN_379_B,ILE_385_B,CYS_387_B"
CYS_387_B,"LYS_345_B,SER_386_B,ARG_388_B"
ARG_388_B,"LYS_61_B,ARG_378_B,CYS_387_B,LEU_389_B"
LEU_389_B,"TYR_45_B,ARG_388_B,GLY_390_B"
GLY_390_B,"LYS_345_B,LEU_389_B,MET_391_B"
MET_391_B,"ASN_306_B,LEU_309_B,MET_314_B,PHE_342_B,GLY_390_B,PHE_392_B,TYR_396_B"
PHE_392_B,"ALA_244_B,MET_391_B,MET_393_B"
MET_393_B,"PHE_392_B,GLY_394_B"
GLY_394_B,"MET_393_B,MET_395_B"
MET_395_B,"PHE_342_B,GLY_394_B,TYR_396_B"
TYR_396_B,"VAL_257_B,PHE_342_B,MET_391_B,MET_395_B,ASN_397_B,SER_400_B"
ASN_397_B,"TYR_396_B,LEU_398_B"
LEU_398_B,"ALA_261_B,LYS_262_B,LEU_265_B,ASN_397_B,THR_399_B,LEU_402_B"
THR_399_B,"MET_314_B,LEU_398_B,SER_400_B,LEU_403_B"
SER_400_B,"TYR_396_B,THR_399_B,THR_401_B,ALA_404_B"
THR_401_B,"SER_400_B,LEU_402_B,LEU_405_B"
LEU_402_B,"ILE_264_B,MET_317_B,LEU_398_B,THR_401_B,LEU_403_B,ILE_406_B"
LEU_403_B,"LEU_309_B,THR_399_B,LEU_402_B,ALA_404_B,ILE_406_B,SER_407_B"
ALA_404_B,"SER_400_B,LEU_403_B,LEU_405_B,ILE_408_B"
LEU_405_B,"LEU_265_B,THR_401_B,ALA_404_B,ILE_406_B"
ILE_406_B,"PHE_91_B,MET_317_B,PHE_321_B,LEU_402_B,LEU_403_B,LEU_405_B,SER_407_B"
SER_407_B,"LEU_403_B,ILE_406_B,ILE_408_B,THR_446_B"
ILE_408_B,"ALA_404_B,SER_407_B,GLU_409_B,ARG_410_B,HIS_417_B,LEU_443_B,LEU_447_B"
GLU_409_B,"PHE_91_B,LYS_94_B,ILE_408_B,ARG_410_B"
ARG_410_B,"ILE_408_B,GLU_409_B,GLU_411_B,GLU_412_B,THR_446_B"
GLU_411_B,"ARG_410_B,GLU_412_B"
GLU_412_B,"ARG_410_B,GLU_411_B,LEU_413_B"
LEU_413_B,"GLU_412_B,THR_414_B,THR_442_B,THR_446_B"
THR_414_B,"LEU_413_B,GLY_415_B"
GLY_415_B,"THR_414_B,SER_416_B"
SER_416_B,"GLY_415_B,HIS_417_B,PHE_427_B"
HIS_417_B,"ILE_408_B,SER_416_B,VAL_418_B,GLU_419_B,HIS_426_B"
VAL_418_B,"LEU_284_B,HIS_417_B,GLU_419_B,ILE_425_B,PHE_470_B"
GLU_419_B,"HIS_417_B,VAL_418_B,SER_420_B,PHE_424_B"
SER_420_B,"GLU_419_B,SER_421_B,ASP_423_B"
SER_421_B,"SER_420_B,ASP_422_B"
ASP_422_B,"ARG_241_B,ASP_301_B,GLN_302_B,PHE_305_B,SER_421_B,ASP_423_B"
ASP_423_B,"ASP_301_B,SER_420_B,ASP_422_B,PHE_424_B,GLU_469_B,ASN_471_B"
PHE_424_B,"GLY_300_B,GLU_419_B,ASP_423_B,ILE_425_B,MET_454_B"
ILE_425_B,"VAL_418_B,PHE_424_B,HIS_426_B,PHE_427_B"
HIS_426_B,"LEU_298_B,HIS_417_B,ILE_425_B,PHE_427_B,PHE_428_B"
PHE_427_B,"LEU_284_B,SER_416_B,ILE_425_B,HIS_426_B,PHE_428_B"
PHE_428_B,"GLY_296_B,LEU_298_B,HIS_426_B,PHE_427_B,ASN_429_B,MET_436_B"
ASN_429_B,"PHE_428_B,CYS_430_B"
CYS_430_B,"VAL_294_B,ASN_429_B,LYS_431_B"
LYS_431_B,"CYS_430_B,THR_432_B,GLU_435_B"
THR_432_B,"LYS_431_B,HIS_433_B,MET_436_B"
HIS_433_B,"THR_432_B,GLU_434_B,PHE_437_B"
GLU_434_B,"HIS_433_B,GLU_435_B,LYS_438_B"
GLU_435_B,"LYS_431_B,GLU_434_B,MET_436_B,GLN_439_B"
MET_436_B,"VAL_294_B,PHE_428_B,THR_432_B,GLU_435_B,PHE_437_B,ALA_440_B"
PHE_437_B,"HIS_433_B,MET_436_B,LYS_438_B,GLU_441_B"
LYS_438_B,"GLU_434_B,PHE_437_B,GLN_439_B,THR_442_B"
GLN_439_B,"GLU_435_B,LYS_438_B,ALA_440_B,LEU_443_B"
ALA_440_B,"MET_436_B,GLN_439_B,GLU_441_B,ARG_444_B"
GLU_441_B,"PHE_437_B,ALA_440_B,THR_442_B,ARG_444_B,LEU_445_B"
THR_442_B,"LEU_413_B,LYS_438_B,GLU_441_B,LEU_443_B,THR_446_B"
LEU_443_B,"ILE_408_B,GLN_439_B,THR_442_B,ARG_444_B,LEU_447_B"
ARG_444_B,"VAL_72_B,ALA_440_B,GLU_441_B,LEU_443_B,LEU_445_B,LYS_448_B,MET_454_B"
LEU_445_B,"VAL_72_B,GLU_441_B,ARG_444_B,THR_446_B,LYS_448_B,LEU_449_B"
THR_446_B,"SER_407_B,ARG_410_B,LEU_413_B,THR_442_B,LEU_445_B,LEU_447_B"
LEU_447_B,"ILE_408_B,LEU_443_B,THR_446_B,LYS_448_B,ILE_452_B,MET_454_B"
LYS_448_B,"GLY_74_B,GLU_303_B,ARG_444_B,LEU_445_B,LEU_447_B,LEU_449_B,ASN_453_B"
LEU_449_B,"ILE_70_B,HIS_80_B,LEU_445_B,LYS_448_B,VAL_450_B"
VAL_450_B,"VAL_84_B,LEU_449_B,GLY_451_B,ILE_452_B"
GLY_451_B,"VAL_450_B,ILE_452_B"
ILE_452_B,"LEU_309_B,LEU_447_B,VAL_450_B,GLY_451_B,ASN_453_B"
ASN_453_B,"SER_76_B,LYS_448_B,ILE_452_B,MET_454_B"
MET_454_B,"GLN_302_B,PHE_424_B,ARG_444_B,LEU_447_B,ASN_453_B,SER_455_B"
SER_455_B,MET_454_B
PRO_456_B,SER_457_B
SER_457_B,"PRO_456_B,LYS_458_B"
LYS_458_B,"ARG_237_B,ASP_301_B,SER_457_B,CYS_459_B"
CYS_459_B,"LYS_458_B,ILE_460_B"
ILE_460_B,"SER_299_B,CYS_459_B,LEU_461_B"
LEU_461_B,"ILE_460_B,ILE_462_B"
ILE_462_B,"GLU_297_B,LEU_461_B,SER_463_B"
SER_463_B,ILE_462_B
PRO_464_B,ALA_465_B
ALA_465_B,"PRO_464_B,GLY_466_B"
GLY_466_B,"ALA_465_B,ILE_467_B,ARG_477_B"
ILE_467_B,"GLY_466_B,GLY_468_B"
GLY_468_B,"ILE_467_B,GLU_469_B,HIS_475_B"
GLU_469_B,"SER_299_B,ASP_301_B,ASP_423_B,GLY_468_B,PHE_470_B,PHE_474_B"
PHE_470_B,"LEU_281_B,VAL_418_B,GLU_469_B,ASN_471_B,LYS_473_B"
ASN_471_B,"ASP_423_B,PHE_470_B,SER_472_B"
SER_472_B,"ASN_471_B,LYS_473_B"
LYS_473_B,"LEU_281_B,PHE_470_B,SER_472_B,PHE_474_B"
PHE_474_B,"GLU_469_B,LYS_473_B,HIS_475_B,GLY_481_B,VAL_483_B"
HIS_475_B,"GLU_297_B,GLY_468_B,PHE_474_B,HIS_476_B"
HIS_476_B,"THR_13_B,HIS_475_B,ARG_477_B,PHE_479_B"
ARG_477_B,"GLY_466_B,HIS_476_B,ASP_478_B,PHE_479_B"
ASP_478_B,"ARG_477_B,PHE_479_B"
PHE_479_B,"HIS_476_B,ARG_477_B,ASP_478_B,VAL_480_B"
VAL_480_B,"ALA_285_B,PHE_479_B,GLY_481_B"
GLY_481_B,"PHE_474_B,VAL_480_B,ASN_482_B"
ASN_482_B,"GLY_481_B,VAL_483_B"
VAL_483_B,"TYR_20_B,PHE_474_B,ASN_482_B,ALA_484_B"
ALA_484_B,"TYR_22_B,VAL_483_B,THR_485_B"
THR_485_B,"ALA_484_B,GLU_486_B"
GLU_486_B,"ARG_235_B,THR_485_B,LEU_487_B"
LEU_487_B,"TYR_22_B,GLU_486_B"
PRO_488_B,"ALA_489_B,VAL_507_B,MET_517_B"
ALA_489_B,"PRO_488_B,LEU_490_B,VAL_491_B"
LEU_490_B,"ALA_489_B,VAL_491_B,ALA_525_B"
VAL_491_B,"ALA_489_B,LEU_490_B"
PRO_492_B,"ASN_493_B,ASP_500_B,ALA_536_B"
ASN_493_B,"PRO_492_B,GLY_494_B"
GLY_494_B,"ASN_493_B,THR_495_B,ASP_500_B"
THR_495_B,"GLY_494_B,ASN_496_B"
ASN_496_B,"THR_495_B,ASP_500_B"
PRO_497_B,"MET_498_B,LEU_501_B,TYR_533_B,TYR_537_B,ASN_560_B"
MET_498_B,"PRO_497_B,THR_499_B,ALA_502_B,GLU_576_B,LYS_631_B"
THR_499_B,"MET_498_B,ASP_500_B,MET_503_B,ASP_623_B"
ASP_500_B,"PRO_492_B,GLY_494_B,ASN_496_B,THR_499_B,LEU_501_B,GLY_504_B,TYR_537_B"
LEU_501_B,"PRO_497_B,ASP_500_B,ALA_502_B,LEU_505_B,PHE_529_B,GLU_576_B"
ALA_502_B,"MET_498_B,LEU_501_B,MET_503_B,ASN_506_B"
MET_503_B,"THR_499_B,ALA_502_B,GLY_504_B,VAL_507_B"
GLY_504_B,"ASP_500_B,MET_503_B,LEU_505_B,ILE_508_B"
LEU_505_B,"LEU_501_B,GLY_504_B,ASN_506_B,LYS_509_B,MET_526_B,MET_572_B"
ASN_506_B,"ALA_502_B,LEU_505_B,VAL_507_B,HIS_510_B"
VAL_507_B,"PRO_488_B,MET_503_B,ASN_506_B,ILE_508_B,SER_511_B"
ILE_508_B,"GLY_504_B,VAL_507_B,LYS_509_B,VAL_512_B"
LYS_509_B,"LEU_505_B,ILE_508_B,HIS_510_B,ASN_513_B"
HIS_510_B,"ASN_506_B,LYS_509_B,SER_511_B,THR_514_B"
SER_511_B,"VAL_507_B,HIS_510_B,VAL_512_B,THR_514_B"
VAL_512_B,"ILE_508_B,SER_511_B,ASN_513_B"
ASN_513_B,"LYS_509_B,VAL_512_B,THR_514_B"
THR_514_B,"HIS_510_B,SER_511_B,ASN_513_B,GLY_515_B"
GLY_515_B,"THR_514_B,GLN_516_B"
GLN_516_B,"GLY_515_B,MET_517_B"
MET_517_B,"PRO_488_B,GLN_516_B,ASN_518_B"
ASN_518_B,"MET_517_B,LEU_519_B,THR_521_B,GLY_522_B"
LEU_519_B,"ASN_518_B,CYS_520_B,ALA_523_B,PHE_569_B"
CYS_520_B,"LEU_519_B,THR_521_B,LEU_524_B"
THR_521_B,"ASN_518_B,CYS_520_B,GLY_522_B,ALA_525_B"
GLY_522_B,"ASN_518_B,THR_521_B,ALA_523_B,MET_526_B"
ALA_523_B,"LEU_519_B,GLY_522_B,LEU_524_B,ARG_527_B"
LEU_524_B,"CYS_520_B,ALA_523_B,ALA_525_B,ILE_528_B"
ALA_525_B,"LEU_490_B,THR_521_B,LEU_524_B,MET_526_B,PHE_529_B"
MET_526_B,"LEU_505_B,GLY_522_B,ALA_525_B,ARG_527_B,ASN_530_B"
ARG_527_B,"ALA_523_B,MET_526_B,ILE_528_B,HIS_531_B"
ILE_528_B,"LEU_524_B,ARG_527_B,PHE_529_B,ALA_532_B"
PHE_529_B,"LEU_501_B,ALA_525_B,ILE_528_B,ASN_530_B,TYR_533_B"
ASN_530_B,"MET_526_B,PHE_529_B,HIS_531_B,LYS_534_B"
HIS_531_B,"ARG_527_B,ASN_530_B,ALA_532_B,TYR_535_B"
ALA_532_B,"ILE_528_B,HIS_531_B,TYR_533_B,ALA_536_B"
TYR_533_B,"PRO_497_B,PHE_529_B,ALA_532_B,LYS_534_B,TYR_537_B"
LYS_534_B,"ASN_530_B,TYR_533_B,TYR_535_B,ALA_539_B,LEU_540_B,ALA_563_B"
TYR_535_B,"HIS_531_B,LYS_534_B,ALA_536_B"
ALA_536_B,"PRO_492_B,ALA_532_B,TYR_535_B,TYR_537_B"
TYR_537_B,"PRO_497_B,ASP_500_B,TYR_533_B,ALA_536_B,MET_538_B"
MET_538_B,"TYR_537_B,ALA_539_B,THR_543_B"
ALA_539_B,"LYS_534_B,MET_538_B,LEU_540_B"
LEU_540_B,"LYS_534_B,ALA_539_B,GLY_541_B"
GLY_541_B,"LEU_540_B,VAL_542_B"
VAL_542_B,"GLY_541_B,THR_543_B"
THR_543_B,"MET_538_B,VAL_542_B,ARG_544_B,THR_546_B,ARG_547_B"
ARG_544_B,"THR_543_B,ARG_545_B,PHE_548_B"
ARG_545_B,"ARG_544_B,THR_546_B,MET_549_B,ASN_560_B"
THR_546_B,"THR_543_B,ARG_545_B,ARG_547_B,GLU_550_B"
ARG_547_B,"THR_543_B,THR_546_B,PHE_548_B,GLU_551_B"
PHE_548_B,"ARG_544_B,ARG_547_B,MET_549_B,ASN_552_B"
MET_549_B,"ARG_545_B,PHE_548_B,GLU_550_B,ILE_554_B,GLN_561_B"
GLU_550_B,"THR_546_B,MET_549_B,GLU_551_B"
GLU_551_B,"ARG_547_B,GLU_550_B,ASN_552_B"
ASN_552_B,"PHE_548_B,GLU_551_B,ALA_553_B"
ALA_553_B,"ASN_552_B,ILE_554_B"
ILE_554_B,"MET_549_B,ALA_553_B,THR_555_B"
THR_555_B,ILE_554_B
PRO_556_B,LEU_557_B
LEU_557_B,"PRO_556_B,LEU_558_B,LEU_586_B"
LEU_558_B,"LEU_557_B,THR_559_B,GLN_561_B,PHE_630_B"
THR_559_B,"LEU_558_B,ASN_560_B,GLU_576_B"
ASN_560_B,"PRO_497_B,ARG_545_B,THR_559_B,GLN_561_B"
GLN_561_B,"MET_549_B,LEU_558_B,ASN_560_B,GLY_562_B"
GLY_562_B,"GLN_561_B,ALA_563_B"
ALA_563_B,"LYS_534_B,GLY_562_B,SER_564_B"
SER_564_B,ALA_563_B
PRO_565_B,VAL_566_B
VAL_566_B,"PRO_565_B,HIS_567_B"
HIS_567_B,"VAL_566_B,SER_568_B,LEU_574_B,GLU_576_B"
SER_568_B,"HIS_567_B,PHE_569_B,THR_571_B"
PHE_569_B,"LEU_519_B,SER_568_B,SER_570_B,MET_572_B"
SER_570_B,"PHE_569_B,THR_571_B"
THR_571_B,"SER_568_B,SER_570_B,MET_572_B,LEU_574_B"
MET_572_B,"LEU_505_B,PHE_569_B,THR_571_B,HIS_573_B"
HIS_573_B,"MET_572_B,LEU_574_B"
LEU_574_B,"HIS_567_B,THR_571_B,HIS_573_B,ASP_575_B"
ASP_575_B,"LEU_574_B,GLU_576_B"
GLU_576_B,"MET_498_B,LEU_501_B,THR_559_B,HIS_567_B,ASP_575_B,VAL_577_B,ARG_580_B"
VAL_577_B,"GLU_576_B,ALA_578_B"
ALA_578_B,"VAL_577_B,LEU_579_B,ARG_580_B"
LEU_579_B,"ALA_578_B,ARG_580_B"
ARG_580_B,"GLU_576_B,ALA_578_B,LEU_579_B,ARG_581_B,LEU_585_B,LEU_586_B"
ARG_581_B,"ARG_580_B,HIS_582_B,GLU_588_B,LEU_591_B"
HIS_582_B,"ARG_581_B,LEU_583_B"
LEU_583_B,"HIS_582_B,GLY_584_B,LEU_585_B"
GLY_584_B,"LEU_583_B,LEU_585_B"
LEU_585_B,"ARG_580_B,LEU_583_B,GLY_584_B,LEU_586_B"
LEU_586_B,"LEU_557_B,ARG_580_B,LEU_585_B,ASP_587_B,THR_590_B,LEU_591_B"
ASP_587_B,"LEU_586_B,GLU_588_B,GLU_589_B"
GLU_588_B,"ARG_581_B,ASP_587_B,GLU_589_B,ARG_592_B"
GLU_589_B,"ASP_587_B,GLU_588_B,THR_590_B,ARG_593_B"
THR_590_B,"LEU_586_B,GLU_589_B,LEU_591_B,ILE_594_B"
LEU_591_B,"ARG_581_B,LEU_586_B,THR_590_B,ARG_592_B,LEU_595_B"
ARG_592_B,"GLU_588_B,LEU_591_B,ARG_593_B"
ARG_593_B,"GLU_589_B,ARG_592_B,ILE_594_B"
ILE_594_B,"THR_590_B,ARG_593_B,LEU_595_B"
LEU_595_B,"LEU_591_B,ILE_594_B,ASN_596_B"
ASN_596_B,LEU_595_B
PRO_597_B,ASN_598_B
ASN_598_B,"PRO_597_B,ASN_599_B"
ASN_599_B,ASN_598_B
PRO_600_B,VAL_601_B
VAL_601_B,"PRO_600_B,THR_602_B"
THR_602_B,VAL_601_B
GLU_622_B,"ASP_623_B,TYR_624_B"
ASP_623_B,"THR_499_B,GLU_622_B,TYR_624_B,SER_625_B,LYS_631_B"
TYR_624_B,"GLU_622_B,ASP_623_B,SER_625_B"
SER_625_B,"ASP_623_B,TYR_624_B,VAL_626_B,LYS_631_B"
VAL_626_B,SER_625_B
PRO_627_B,SER_628_B
SER_628_B,"PRO_627_B,CYS_629_B"
CYS_629_B,"SER_628_B,PHE_630_B"
PHE_630_B,"LEU_558_B,CYS_629_B,LYS_631_B"
LYS_631_B,"MET_498_B,ASP_623_B,SER_625_B,PHE_630_B,TYR_632_B"
TYR_632_B,"LYS_631_B,THR_633_B,LEU_634_B"
THR_633_B,"TYR_632_B,LEU_634_B"
LEU_634_B,"TYR_632_B,THR_633_B,SER_635_B"
SER_635_B,LEU_634_B
HIS_645_B,"LYS_646_B,LEU_649_B"
LYS_646_B,"ARG_131_B,HIS_645_B,ALA_647_B"
ALA_647_B,"LYS_646_B,LEU_648_B"
LEU_648_B,"ALA_647_B,LEU_649_B,GLU_652_B"
LEU_649_B,"HIS_645_B,LEU_648_B,ASN_650_B,GLU_653_B"
ASN_650_B,"LEU_649_B,LYS_651_B,ARG_654_B"
LYS_651_B,"GLU_140_B,ASN_650_B,GLU_652_B,ARG_654_B,TYR_655_B"
GLU_652_B,"LEU_648_B,LYS_651_B,GLU_653_B,GLN_656_B"
GLU_653_B,"LEU_649_B,GLU_652_B,ARG_654_B,ARG_657_B"
ARG_654_B,"ASN_650_B,LYS_651_B,GLU_653_B,TYR_655_B,VAL_658_B"
TYR_655_B,"GLU_140_B,LYS_651_B,ARG_654_B,GLN_656_B,THR_659_B"
GLN_656_B,"GLU_652_B,TYR_655_B,ARG_657_B,SER_660_B"
ARG_657_B,"GLU_653_B,GLN_656_B,VAL_658_B,SER_660_B,ILE_661_B"
VAL_658_B,"ARG_654_B,ARG_657_B,THR_659_B"
THR_659_B,"TYR_655_B,VAL_658_B,SER_660_B"
SER_660_B,"GLN_656_B,ARG_657_B,THR_659_B,ILE_661_B"
ILE_661_B,"ARG_657_B,SER_660_B,ILE_662_B,LEU_684_B"
ILE_662_B,"ILE_661_B,ASN_663_B,PHE_666_B"
ASN_663_B,"ILE_662_B,LYS_664_B"
LYS_664_B,"ASN_663_B,LEU_665_B"
LEU_665_B,"LYS_664_B,PHE_666_B,ARG_687_B"
PHE_666_B,"ILE_662_B,LEU_665_B,LEU_684_B,ARG_687_B"
PRO_667_B,"GLU_668_B,LEU_670_B"
GLU_668_B,"PRO_667_B,VAL_669_B,GLN_672_B,ARG_687_B"
VAL_669_B,"GLU_668_B,LEU_670_B"
LEU_670_B,"PRO_667_B,VAL_669_B,ILE_671_B"
ILE_671_B,"LEU_670_B,GLN_672_B"
GLN_672_B,"GLU_668_B,ILE_671_B,GLU_673_B"
GLU_673_B,"GLU_117_B,GLN_672_B,ALA_674_B"
ALA_674_B,"GLU_673_B,SER_675_B"
SER_675_B,"ALA_674_B,ALA_676_B"
ALA_676_B,SER_675_B
PRO_677_B,GLY_678_B
GLY_678_B,"PRO_677_B,THR_679_B"
THR_679_B,"GLY_678_B,VAL_680_B,SER_683_B"
VAL_680_B,"THR_679_B,ARG_681_B,LEU_684_B"
ARG_681_B,"VAL_680_B,GLU_682_B,LYS_685_B"
GLU_682_B,"ARG_681_B,SER_683_B,ARG_686_B"
SER_683_B,"THR_679_B,GLU_682_B,LEU_684_B,ARG_687_B"
LEU_684_B,"ILE_661_B,PHE_666_B,VAL_680_B,SER_683_B,LYS_685_B,LEU_688_B"
LYS_685_B,"ARG_681_B,LEU_684_B,ARG_686_B,GLU_689_B"
ARG_686_B,"GLU_682_B,LYS_685_B,ARG_687_B,GLU_689_B,LEU_690_B,GLU_693_B"
ARG_687_B,"LEU_665_B,PHE_666_B,GLU_668_B,SER_683_B,ARG_686_B,LEU_688_B,VAL_691_B"
LEU_688_B,"LEU_684_B,ARG_687_B,GLU_689_B,VAL_692_B,ILE_709_B"
GLU_689_B,"LYS_685_B,ARG_686_B,LEU_688_B,LEU_690_B,VAL_691_B,VAL_692_B,GLU_693_B"
LEU_690_B,"ARG_686_B,GLU_689_B,VAL_691_B,ARG_694_B"
VAL_691_B,"ARG_687_B,GLU_689_B,LEU_690_B,VAL_692_B"
VAL_692_B,"LEU_688_B,GLU_689_B,VAL_691_B,GLU_693_B,SER_695_B,ILE_705_B,LEU_706_B"
GLU_693_B,"ARG_686_B,GLU_689_B,VAL_692_B,ARG_694_B"
ARG_694_B,"LEU_690_B,GLU_693_B,SER_695_B"
SER_695_B,"VAL_692_B,ARG_694_B,ASP_696_B,LEU_697_B"
ASP_696_B,"SER_695_B,LEU_697_B"
LEU_697_B,"SER_695_B,ASP_696_B,ASP_698_B"
ASP_698_B,"LEU_697_B,GLU_699_B,ARG_701_B"
GLU_699_B,"ASP_698_B,GLU_700_B,LYS_703_B"
GLU_700_B,"GLU_699_B,ARG_701_B,ARG_704_B"
ARG_701_B,"ASP_698_B,GLU_700_B,LYS_702_B,ARG_704_B,ILE_705_B"
LYS_702_B,"ARG_701_B,LYS_703_B,LEU_706_B"
LYS_703_B,"GLU_699_B,LYS_702_B,ARG_704_B,SER_707_B"
ARG_704_B,"GLU_700_B,ARG_701_B,LYS_703_B,ILE_705_B,SER_707_B,ARG_708_B"
ILE_705_B,"VAL_692_B,ARG_701_B,ARG_704_B,LEU_706_B"
LEU_706_B,"VAL_692_B,LYS_702_B,ILE_705_B,SER_707_B"
SER_707_B,"LYS_703_B,ARG_704_B,LEU_706_B,ARG_708_B"
ARG_708_B,"ARG_704_B,SER_707_B,ILE_709_B"
ILE_709_B,"LEU_688_B,ARG_708_B,PHE_710_B"
PHE_710_B,ILE_709_B
