residue_id,neighbors
GLY_1_A,MET_5_A
PRO_2_A,"LEU_3_A,SER_6_A"
LEU_3_A,"PRO_2_A,SER_4_A,CYS_7_A"
SER_4_A,"LEU_3_A,MET_5_A"
MET_5_A,"GLY_1_A,SER_4_A,SER_6_A,LEU_9_A,VAL_135_A"
SER_6_A,"PRO_2_A,MET_5_A,CYS_7_A,ARG_10_A,GLY_127_A"
CYS_7_A,"LEU_3_A,SER_6_A,TRP_8_A"
TRP_8_A,"CYS_7_A,LEU_9_A,GLN_12_A"
LEU_9_A,"MET_5_A,TRP_8_A,ARG_10_A,THR_13_A,VAL_135_A"
ARG_10_A,"SER_6_A,LEU_9_A,GLU_11_A,LEU_14_A,GLU_120_A,ASP_124_A"
GLU_11_A,"ARG_10_A,GLN_12_A,GLU_18_A"
GLN_12_A,"TRP_8_A,GLU_11_A,THR_13_A"
THR_13_A,"LEU_9_A,GLN_12_A,LEU_14_A,ALA_17_A,TRP_140_A"
LEU_14_A,"ARG_10_A,THR_13_A,LEU_15_A,GLU_18_A"
LEU_15_A,"LEU_14_A,LEU_16_A,ASP_19_A"
LEU_16_A,"LEU_15_A,ALA_17_A,TRP_140_A"
ALA_17_A,"THR_13_A,LEU_16_A,GLU_18_A,ILE_21_A"
GLU_18_A,"GLU_11_A,LEU_14_A,ALA_17_A,ASP_19_A,SER_22_A,ARG_116_A"
ASP_19_A,"LEU_15_A,GLU_18_A,TYR_20_A,PHE_23_A,ARG_40_A"
TYR_20_A,"ASP_19_A,ILE_21_A,CYS_24_A,ALA_43_A"
ILE_21_A,"ALA_17_A,TYR_20_A,SER_22_A,SER_25_A"
SER_22_A,"GLU_18_A,ILE_21_A,PHE_23_A,SER_25_A"
PHE_23_A,"ASP_19_A,SER_22_A,CYS_24_A,LYS_44_A"
CYS_24_A,"TYR_20_A,PHE_23_A,SER_25_A,SER_103_A"
SER_25_A,"ILE_21_A,SER_22_A,CYS_24_A,GLY_26_A"
GLY_26_A,"SER_25_A,ILE_27_A"
ILE_27_A,"GLY_26_A,GLN_28_A"
GLN_28_A,"ILE_27_A,GLN_29_A"
GLN_29_A,"GLN_28_A,THR_30_A,ARG_40_A"
THR_30_A,GLN_29_A
PRO_32_A,SER_33_A
SER_33_A,"PRO_32_A,GLU_34_A,SER_35_A,GLU_37_A"
GLU_34_A,"SER_33_A,SER_35_A"
SER_35_A,"SER_33_A,GLU_34_A,ALA_36_A,MET_39_A"
ALA_36_A,"SER_35_A,GLU_37_A,ARG_40_A"
GLU_37_A,"SER_33_A,ALA_36_A,ALA_38_A"
ALA_38_A,"GLU_37_A,MET_39_A,LEU_42_A"
MET_39_A,"SER_35_A,ALA_38_A,ARG_40_A,ALA_43_A,PHE_95_A,TRP_140_A,PHE_143_A"
ARG_40_A,"ASP_19_A,GLN_29_A,ALA_36_A,MET_39_A,TYR_41_A"
TYR_41_A,"ARG_40_A,LEU_42_A,GLU_45_A"
LEU_42_A,"ALA_38_A,TYR_41_A,ALA_43_A,MET_46_A,PHE_143_A,PHE_147_A"
ALA_43_A,"TYR_20_A,MET_39_A,LEU_42_A,LYS_44_A,THR_96_A"
LYS_44_A,"PHE_23_A,ALA_43_A,GLU_45_A,GLU_47_A,GLN_48_A,ARG_51_A"
GLU_45_A,"TYR_41_A,LYS_44_A,MET_46_A"
MET_46_A,"LEU_42_A,GLU_45_A,GLU_47_A,VAL_92_A"
GLU_47_A,"LYS_44_A,MET_46_A,GLN_48_A,HIS_50_A,ARG_51_A,THR_96_A"
GLN_48_A,"LYS_44_A,GLU_47_A,GLN_49_A"
GLN_49_A,"GLN_48_A,HIS_50_A"
HIS_50_A,"GLU_47_A,GLN_49_A,ARG_51_A,PHE_54_A"
ARG_51_A,"LYS_44_A,GLU_47_A,HIS_50_A,THR_52_A,ARG_55_A"
THR_52_A,"ARG_51_A,LYS_53_A,SER_56_A"
LYS_53_A,"THR_52_A,PHE_54_A,LEU_57_A"
PHE_54_A,"HIS_50_A,LYS_53_A,ARG_55_A,SER_58_A,THR_96_A"
ARG_55_A,"ARG_51_A,PHE_54_A,SER_56_A,SER_58_A,GLU_104_A"
SER_56_A,"THR_52_A,ARG_55_A,LEU_57_A,GLU_60_A"
LEU_57_A,"LYS_53_A,SER_56_A,SER_58_A,PHE_61_A"
SER_58_A,"PHE_54_A,ARG_55_A,LEU_57_A,GLN_59_A,LEU_62_A"
GLN_59_A,"SER_58_A,GLU_60_A"
GLU_60_A,"SER_56_A,GLN_59_A,PHE_61_A,THR_64_A"
PHE_61_A,"LEU_57_A,GLU_60_A,LEU_62_A,CYS_65_A,CYS_72_A,PHE_97_A,LEU_101_A"
LEU_62_A,"SER_58_A,PHE_61_A,ASP_63_A,LEU_101_A,GLU_104_A,LEU_105_A"
ASP_63_A,"LEU_62_A,THR_64_A,ARG_108_A"
THR_64_A,"GLU_60_A,ASP_63_A,CYS_65_A"
CYS_65_A,"PHE_61_A,THR_64_A,GLY_66_A,CYS_72_A"
GLY_66_A,"CYS_65_A,ALA_67_A"
ALA_67_A,"GLY_66_A,ASP_68_A"
ASP_68_A,"ALA_67_A,ARG_117_A"
PRO_69_A,"SER_70_A,LEU_73_A"
SER_70_A,"PRO_69_A,LYS_71_A"
LYS_71_A,"SER_70_A,CYS_72_A,ARG_78_A"
CYS_72_A,"PHE_61_A,CYS_65_A,LYS_71_A,LEU_73_A,SER_75_A"
LEU_73_A,"PRO_69_A,CYS_72_A,GLN_74_A,MET_77_A"
GLN_74_A,"LEU_73_A,SER_75_A,ARG_78_A,THR_121_A"
SER_75_A,"CYS_72_A,GLN_74_A,VAL_76_A"
VAL_76_A,"SER_75_A,MET_77_A,LEU_80_A"
MET_77_A,"LEU_73_A,VAL_76_A,ARG_78_A,THR_121_A,TYR_125_A"
ARG_78_A,"LYS_71_A,GLN_74_A,MET_77_A,GLU_79_A,GLY_82_A,GLU_129_A"
GLU_79_A,"ARG_78_A,LEU_80_A"
LEU_80_A,"VAL_76_A,GLU_79_A,VAL_81_A,ILE_94_A"
VAL_81_A,"LEU_80_A,GLY_82_A,ASP_83_A,GLY_84_A"
GLY_82_A,"ARG_78_A,VAL_81_A,ASP_83_A"
ASP_83_A,"VAL_81_A,GLY_82_A,GLY_84_A,LYS_85_A,ARG_90_A"
GLY_84_A,"VAL_81_A,ASP_83_A,LYS_85_A"
LYS_85_A,"ASP_83_A,GLY_84_A,MET_86_A,ARG_90_A"
MET_86_A,"LYS_85_A,ASN_87_A,LEU_126_A,LYS_130_A,TRP_133_A"
ASN_87_A,"MET_86_A,TRP_88_A,GLY_89_A,ARG_90_A"
TRP_88_A,"ASN_87_A,GLY_89_A,VAL_92_A,TRP_133_A,LEU_134_A,TRP_140_A,PHE_143_A,PHE_147_A"
GLY_89_A,"ASN_87_A,TRP_88_A,ARG_90_A"
ARG_90_A,"ASP_83_A,LYS_85_A,ASN_87_A,GLY_89_A,VAL_91_A,SER_93_A"
VAL_91_A,"ARG_90_A,VAL_92_A,TRP_140_A"
VAL_92_A,"MET_46_A,TRP_88_A,VAL_91_A,SER_93_A,THR_96_A,PHE_143_A"
SER_93_A,"ARG_90_A,VAL_92_A,ILE_94_A,PHE_97_A"
ILE_94_A,"LEU_80_A,SER_93_A,PHE_95_A,THR_98_A"
PHE_95_A,"MET_39_A,ILE_94_A,THR_96_A,GLY_99_A,TRP_140_A"
THR_96_A,"ALA_43_A,GLU_47_A,PHE_54_A,VAL_92_A,PHE_95_A,PHE_97_A"
PHE_97_A,"PHE_61_A,SER_93_A,THR_96_A,THR_98_A,LEU_101_A"
THR_98_A,"ILE_94_A,PHE_97_A,GLY_99_A,ALA_102_A,LEU_118_A,ILE_122_A"
GLY_99_A,"PHE_95_A,THR_98_A,VAL_100_A,SER_103_A"
VAL_100_A,"GLY_99_A,LEU_101_A,GLU_104_A"
LEU_101_A,"PHE_61_A,LEU_62_A,PHE_97_A,VAL_100_A,ALA_102_A,LEU_105_A"
ALA_102_A,"THR_98_A,LEU_101_A,SER_103_A"
SER_103_A,"CYS_24_A,GLY_99_A,ALA_102_A,GLU_104_A,SER_107_A"
GLU_104_A,"ARG_55_A,LEU_62_A,VAL_100_A,SER_103_A,LEU_105_A,ARG_108_A"
LEU_105_A,"LEU_62_A,LEU_101_A,GLU_104_A,LEU_106_A"
LEU_106_A,"LEU_105_A,SER_107_A,GLY_109_A"
SER_107_A,"SER_103_A,LEU_106_A,ARG_108_A"
ARG_108_A,"ASP_63_A,GLU_104_A,SER_107_A,GLY_109_A"
GLY_109_A,"LEU_106_A,ARG_108_A,GLU_110_A"
GLU_110_A,"GLY_109_A,ASN_111_A"
ASN_111_A,"GLU_110_A,SER_112_A"
SER_112_A,"ASN_111_A,GLU_113_A"
GLU_113_A,"SER_112_A,GLY_114_A,ARG_117_A"
GLY_114_A,"GLU_113_A,SER_115_A"
SER_115_A,"GLY_114_A,ARG_116_A"
ARG_116_A,"GLU_18_A,SER_115_A,ARG_117_A,GLU_120_A"
ARG_117_A,"ASP_68_A,GLU_113_A,ARG_116_A,LEU_118_A,THR_121_A"
LEU_118_A,"THR_98_A,ARG_117_A,ALA_119_A"
ALA_119_A,"LEU_118_A,GLU_120_A,ALA_123_A"
GLU_120_A,"ARG_10_A,ARG_116_A,ALA_119_A,THR_121_A,ASP_124_A"
THR_121_A,"GLN_74_A,MET_77_A,ARG_117_A,GLU_120_A,ILE_122_A"
ILE_122_A,"THR_98_A,THR_121_A,ALA_123_A,LEU_126_A"
ALA_123_A,"ALA_119_A,ILE_122_A,ASP_124_A,GLY_127_A"
ASP_124_A,"ARG_10_A,GLU_120_A,ALA_123_A,TYR_125_A,GLY_128_A"
TYR_125_A,"MET_77_A,ASP_124_A,LEU_126_A,GLU_129_A,LYS_130_A"
LEU_126_A,"MET_86_A,ILE_122_A,TYR_125_A,GLY_127_A"
GLY_127_A,"SER_6_A,ALA_123_A,LEU_126_A,GLY_128_A"
GLY_128_A,"ASP_124_A,GLY_127_A,GLU_129_A,GLN_131_A"
GLU_129_A,"ARG_78_A,TYR_125_A,GLY_128_A,LYS_130_A"
LYS_130_A,"MET_86_A,TYR_125_A,GLU_129_A,GLN_131_A"
GLN_131_A,"GLY_128_A,LYS_130_A,ASP_132_A,VAL_135_A"
ASP_132_A,"GLN_131_A,TRP_133_A"
TRP_133_A,"MET_86_A,TRP_88_A,ASP_132_A,LEU_134_A,ASN_137_A"
LEU_134_A,"TRP_88_A,TRP_133_A,VAL_135_A,GLY_139_A"
VAL_135_A,"MET_5_A,LEU_9_A,GLN_131_A,LEU_134_A,GLU_136_A,ASN_137_A,GLY_138_A"
GLU_136_A,"VAL_135_A,ASN_137_A"
ASN_137_A,"TRP_133_A,VAL_135_A,GLU_136_A,GLY_138_A"
GLY_138_A,"VAL_135_A,ASN_137_A,GLY_139_A"
GLY_139_A,"LEU_134_A,GLY_138_A,TRP_140_A"
TRP_140_A,"THR_13_A,LEU_16_A,MET_39_A,TRP_88_A,VAL_91_A,PHE_95_A,GLY_139_A,GLU_141_A,PHE_143_A"
GLU_141_A,"TRP_140_A,GLY_142_A"
GLY_142_A,"GLU_141_A,PHE_143_A,PHE_146_A"
PHE_143_A,"MET_39_A,LEU_42_A,TRP_88_A,VAL_92_A,TRP_140_A,GLY_142_A,CYS_144_A,PHE_147_A"
CYS_144_A,"PHE_143_A,ARG_145_A"
ARG_145_A,"CYS_144_A,PHE_146_A"
PHE_146_A,"GLY_142_A,ARG_145_A,PHE_147_A"
PHE_147_A,"LEU_42_A,TRP_88_A,PHE_143_A,PHE_146_A,HIS_148_A"
HIS_148_A,PHE_147_A
