residue_id,neighbors
GLU_1_L,ILE_2_L
ILE_2_L,"GLU_1_L,VAL_3_L,GLN_27_L"
VAL_3_L,"ILE_2_L,LEU_4_L,SER_26_L"
LEU_4_L,"VAL_3_L,THR_5_L,ALA_25_L,GLN_91_L"
THR_5_L,"LEU_4_L,GLN_6_L,ARG_24_L"
GLN_6_L,"THR_5_L,SER_7_L,TYR_87_L"
SER_7_L,"GLN_6_L,SER_22_L"
PRO_8_L,"ALA_9_L,THR_103_L"
ALA_9_L,"PRO_8_L,THR_10_L"
THR_10_L,"ALA_9_L,LEU_11_L"
LEU_11_L,"THR_10_L,SER_12_L,LEU_13_L,LYS_104_L,GLU_106_L"
SER_12_L,"LEU_11_L,LEU_13_L,GLU_106_L"
LEU_13_L,"LEU_11_L,SER_12_L,SER_14_L,GLU_17_L,LEU_79_L,LYS_108_L"
SER_14_L,LEU_13_L
PRO_15_L,GLY_16_L
GLY_16_L,"PRO_15_L,GLU_17_L,LEU_79_L"
GLU_17_L,"LEU_13_L,GLY_16_L,ARG_18_L,LEU_79_L"
ARG_18_L,"GLU_17_L,ALA_19_L"
ALA_19_L,"ARG_18_L,THR_20_L,ILE_76_L"
THR_20_L,"ALA_19_L,LEU_21_L,THR_73_L"
LEU_21_L,"THR_20_L,SER_22_L,LEU_74_L,TYR_87_L,THR_103_L"
SER_22_L,"SER_7_L,LEU_21_L,CYS_23_L"
CYS_23_L,"SER_22_L,ARG_24_L,TRP_36_L,PHE_72_L,CYS_89_L"
ARG_24_L,"THR_5_L,CYS_23_L,ALA_25_L,ASP_71_L"
ALA_25_L,"LEU_4_L,ARG_24_L,SER_26_L,LEU_29_L"
SER_26_L,"VAL_3_L,ALA_25_L,GLN_27_L"
GLN_27_L,"ILE_2_L,SER_26_L,SER_28_L"
SER_28_L,"GLN_27_L,LEU_29_L"
LEU_29_L,"ALA_25_L,SER_28_L,SER_30_L,GLY_69_L,GLN_91_L"
SER_30_L,"LEU_29_L,ARG_31_L,ASN_32_L,HIS_33_L"
ARG_31_L,"SER_30_L,ASN_32_L,SER_53_L"
ASN_32_L,"SER_30_L,ARG_31_L,HIS_33_L"
HIS_33_L,"SER_30_L,ASN_32_L,LEU_34_L,HIS_92_L"
LEU_34_L,"HIS_33_L,ALA_35_L,ALA_52_L,PHE_72_L"
ALA_35_L,"LEU_34_L,TRP_36_L,GLN_90_L"
TRP_36_L,"CYS_23_L,ALA_35_L,TYR_37_L,LEU_48_L,ILE_49_L,LEU_74_L"
TYR_37_L,"TRP_36_L,GLN_38_L,LEU_47_L,TYR_88_L,GLN_90_L"
GLN_38_L,"TYR_37_L,GLN_39_L,ARG_46_L,LEU_48_L,ALA_85_L,TYR_87_L"
GLN_39_L,"GLN_38_L,LYS_40_L,VAL_86_L"
LYS_40_L,"GLN_39_L,ARG_46_L,GLU_82_L"
PRO_41_L,GLY_42_L
GLY_42_L,"PRO_41_L,GLN_43_L"
GLN_43_L,GLY_42_L
PRO_45_L,ARG_46_L
ARG_46_L,"GLN_38_L,LYS_40_L,PRO_45_L,LEU_47_L"
LEU_47_L,"TYR_37_L,ARG_46_L,LEU_48_L,GLU_56_L"
LEU_48_L,"TRP_36_L,GLN_38_L,LEU_47_L,ILE_49_L,GLU_56_L,TYR_87_L"
ILE_49_L,"TRP_36_L,LEU_48_L,HIS_50_L,ARG_55_L,LEU_74_L"
HIS_50_L,"ILE_49_L,TRP_51_L,THR_54_L,GLU_56_L"
TRP_51_L,"HIS_50_L,ALA_52_L,SER_53_L"
ALA_52_L,"LEU_34_L,TRP_51_L,SER_53_L"
SER_53_L,"ARG_31_L,TRP_51_L,ALA_52_L,THR_54_L,GLY_65_L"
THR_54_L,"HIS_50_L,SER_53_L,ARG_55_L"
ARG_55_L,"ILE_49_L,THR_54_L,GLU_56_L,VAL_59_L,ASP_61_L,PHE_63_L"
GLU_56_L,"LEU_47_L,LEU_48_L,HIS_50_L,ARG_55_L,SER_57_L"
SER_57_L,"GLU_56_L,GLY_58_L"
GLY_58_L,"SER_57_L,VAL_59_L"
VAL_59_L,"ARG_55_L,GLY_58_L"
PRO_60_L,ASP_61_L
ASP_61_L,"ARG_55_L,PRO_60_L,ARG_62_L"
ARG_62_L,"ASP_61_L,PHE_63_L,GLU_82_L,ASP_83_L"
PHE_63_L,"ARG_55_L,ARG_62_L,SER_64_L,ILE_76_L"
SER_64_L,"PHE_63_L,GLY_65_L,THR_75_L"
GLY_65_L,"SER_53_L,SER_64_L,SER_66_L"
SER_66_L,"GLY_65_L,GLY_67_L,THR_73_L"
GLY_67_L,"SER_66_L,SER_68_L"
SER_68_L,"GLY_67_L,GLY_69_L"
GLY_69_L,"LEU_29_L,SER_68_L,THR_70_L"
THR_70_L,"GLY_69_L,ASP_71_L"
ASP_71_L,"ARG_24_L,THR_70_L,PHE_72_L"
PHE_72_L,"CYS_23_L,LEU_34_L,ASP_71_L,THR_73_L"
THR_73_L,"THR_20_L,SER_66_L,PHE_72_L,LEU_74_L"
LEU_74_L,"LEU_21_L,TRP_36_L,ILE_49_L,THR_73_L,THR_75_L"
THR_75_L,"SER_64_L,LEU_74_L,ILE_76_L"
ILE_76_L,"ALA_19_L,PHE_63_L,THR_75_L,SER_77_L,LEU_79_L"
SER_77_L,"ILE_76_L,SER_78_L"
SER_78_L,"SER_77_L,LEU_79_L"
LEU_79_L,"LEU_13_L,GLY_16_L,GLU_17_L,ILE_76_L,SER_78_L,GLN_80_L,ASP_83_L"
GLN_80_L,"LEU_79_L,ALA_81_L"
ALA_81_L,"GLN_80_L,GLU_82_L"
GLU_82_L,"LYS_40_L,ARG_62_L,ALA_81_L,ASP_83_L"
ASP_83_L,"ARG_62_L,LEU_79_L,GLU_82_L,VAL_84_L,TYR_87_L"
VAL_84_L,"ASP_83_L,ALA_85_L,ILE_107_L"
ALA_85_L,"GLN_38_L,VAL_84_L,VAL_86_L,VAL_105_L"
VAL_86_L,"GLN_39_L,ALA_85_L,TYR_87_L,TYR_88_L"
TYR_87_L,"GLN_6_L,LEU_21_L,GLN_38_L,LEU_48_L,ASP_83_L,VAL_86_L,TYR_88_L,THR_103_L,VAL_105_L"
TYR_88_L,"TYR_37_L,VAL_86_L,TYR_87_L,CYS_89_L"
CYS_89_L,"CYS_23_L,TYR_88_L,GLN_90_L,GLY_100_L"
GLN_90_L,"ALA_35_L,TYR_37_L,CYS_89_L,GLN_91_L,PHE_99_L"
GLN_91_L,"LEU_4_L,LEU_29_L,GLN_90_L,HIS_92_L,THR_98_L"
HIS_92_L,"HIS_33_L,GLN_91_L,THR_93_L,TRP_97_L"
THR_93_L,"HIS_92_L,GLN_94_L,THR_96_L"
GLN_94_L,"THR_93_L,ASN_95_L"
ASN_95_L,"GLN_94_L,THR_96_L"
THR_96_L,"THR_93_L,ASN_95_L,TRP_97_L"
TRP_97_L,"HIS_92_L,THR_96_L,THR_98_L"
THR_98_L,"GLN_91_L,TRP_97_L,PHE_99_L"
PHE_99_L,"GLN_90_L,THR_98_L,GLY_100_L"
GLY_100_L,"CYS_89_L,PHE_99_L,GLN_101_L"
GLN_101_L,"GLY_100_L,GLY_102_L"
GLY_102_L,"GLN_101_L,THR_103_L"
THR_103_L,"PRO_8_L,LEU_21_L,TYR_87_L,GLY_102_L,LYS_104_L"
LYS_104_L,"LEU_11_L,THR_103_L,VAL_105_L,GLU_166_L"
VAL_105_L,"ALA_85_L,TYR_87_L,LYS_104_L,GLU_106_L"
GLU_106_L,"LEU_11_L,SER_12_L,VAL_105_L,ILE_107_L,TYR_141_L,TYR_174_L"
ILE_107_L,"VAL_84_L,GLU_106_L,LYS_108_L,GLN_167_L"
LYS_108_L,"LEU_13_L,ILE_107_L,ARG_109_L"
ARG_109_L,"LYS_108_L,THR_110_L,TYR_141_L,ASP_171_L"
THR_110_L,"ARG_109_L,VAL_111_L"
VAL_111_L,"THR_110_L,ALA_112_L"
ALA_112_L,"VAL_111_L,ALA_113_L,TYR_141_L"
ALA_113_L,"ALA_112_L,LEU_202_L"
PRO_114_L,"SER_115_L,PHE_140_L"
SER_115_L,"PRO_114_L,VAL_116_L"
VAL_116_L,"SER_115_L,PHE_117_L,VAL_197_L,LYS_208_L"
PHE_117_L,"VAL_116_L,ILE_118_L,LEU_136_L"
ILE_118_L,"PHE_117_L,PHE_119_L,PHE_210_L"
PHE_119_L,"ILE_118_L,VAL_134_L"
PRO_120_L,PHE_210_L
PRO_121_L,"SER_122_L,LEU_126_L,ALA_131_L,TYR_187_L"
SER_122_L,"PRO_121_L,ASP_123_L,GLU_124_L"
ASP_123_L,"SER_122_L,GLU_124_L"
GLU_124_L,"SER_122_L,ASP_123_L,GLN_125_L"
GLN_125_L,"GLU_124_L,LEU_126_L,SER_128_L,SER_132_L"
LEU_126_L,"PRO_121_L,GLN_125_L,LYS_127_L,ALA_131_L"
LYS_127_L,"LEU_126_L,SER_128_L"
SER_128_L,"GLN_125_L,LYS_127_L,GLY_129_L"
GLY_129_L,"SER_128_L,THR_130_L,LYS_184_L"
THR_130_L,"GLY_129_L,ALA_131_L"
ALA_131_L,"PRO_121_L,LEU_126_L,THR_130_L,SER_132_L,LEU_182_L,TYR_187_L"
SER_132_L,"GLN_125_L,ALA_131_L,VAL_133_L"
VAL_133_L,"SER_132_L,VAL_134_L,TRP_149_L,LEU_180_L,PHE_210_L"
VAL_134_L,"PHE_119_L,VAL_133_L,CYS_135_L"
CYS_135_L,"VAL_134_L,LEU_136_L,TRP_149_L,SER_178_L,CYS_195_L"
LEU_136_L,"PHE_117_L,CYS_135_L,LEU_137_L"
LEU_137_L,"LEU_136_L,ASN_138_L,PHE_140_L,VAL_147_L,LEU_176_L,VAL_197_L"
ASN_138_L,"LEU_137_L,ASN_139_L,SER_175_L"
ASN_139_L,"ASN_138_L,PHE_140_L,TYR_174_L"
PHE_140_L,"PRO_114_L,LEU_137_L,ASN_139_L,TYR_141_L,TYR_174_L,LEU_176_L"
TYR_141_L,"GLU_106_L,ARG_109_L,ALA_112_L,PHE_140_L,TYR_174_L"
PRO_142_L,"ARG_143_L,HIS_199_L"
ARG_143_L,"PRO_142_L,GLU_144_L,GLU_162_L"
GLU_144_L,"ARG_143_L,ALA_145_L"
ALA_145_L,"GLU_144_L,LYS_146_L"
LYS_146_L,"ALA_145_L,VAL_147_L,THR_198_L"
VAL_147_L,"LEU_137_L,LYS_146_L,GLN_148_L"
GLN_148_L,"VAL_147_L,TRP_149_L,GLU_196_L"
TRP_149_L,"VAL_133_L,CYS_135_L,GLN_148_L,LYS_150_L,GLN_156_L,SER_178_L,LEU_180_L"
LYS_150_L,"TRP_149_L,VAL_151_L,ALA_194_L,GLU_196_L"
VAL_151_L,"LYS_150_L,ASP_152_L,HIS_190_L,TYR_193_L"
ASP_152_L,"VAL_151_L,ASN_153_L,HIS_190_L,VAL_192_L"
ASN_153_L,"ASP_152_L,ALA_154_L"
ALA_154_L,"ASN_153_L,LEU_155_L"
LEU_155_L,"ALA_154_L,GLN_156_L"
GLN_156_L,"TRP_149_L,LEU_155_L,SER_157_L"
SER_157_L,"GLN_156_L,GLY_158_L"
GLY_158_L,"SER_157_L,ASN_159_L"
ASN_159_L,"GLY_158_L,SER_160_L"
SER_160_L,"ASN_159_L,GLN_161_L"
GLN_161_L,"SER_160_L,GLU_162_L"
GLU_162_L,"ARG_143_L,GLN_161_L,SER_163_L"
SER_163_L,"GLU_162_L,VAL_164_L,SER_177_L"
VAL_164_L,"SER_163_L,THR_165_L,LEU_176_L"
THR_165_L,"VAL_164_L,GLU_166_L"
GLU_166_L,"LYS_104_L,THR_165_L,GLN_167_L"
GLN_167_L,"ILE_107_L,GLU_166_L,ASP_168_L,TYR_174_L"
ASP_168_L,"GLN_167_L,SER_169_L,ASP_171_L,THR_173_L"
SER_169_L,"ASP_168_L,LYS_170_L"
LYS_170_L,"SER_169_L,ASP_171_L"
ASP_171_L,"ARG_109_L,ASP_168_L,LYS_170_L,SER_172_L,THR_173_L"
SER_172_L,"ASP_171_L,THR_173_L"
THR_173_L,"ASP_168_L,ASP_171_L,SER_172_L,TYR_174_L"
TYR_174_L,"GLU_106_L,ASN_139_L,PHE_140_L,TYR_141_L,GLN_167_L,THR_173_L,SER_175_L"
SER_175_L,"ASN_138_L,TYR_174_L,LEU_176_L"
LEU_176_L,"LEU_137_L,PHE_140_L,VAL_164_L,SER_175_L,SER_177_L"
SER_177_L,"SER_163_L,LEU_176_L,SER_178_L"
SER_178_L,"CYS_135_L,TRP_149_L,SER_177_L,THR_179_L"
THR_179_L,"SER_178_L,LEU_180_L"
LEU_180_L,"VAL_133_L,TRP_149_L,THR_179_L,THR_181_L"
THR_181_L,"LEU_180_L,LEU_182_L"
LEU_182_L,"ALA_131_L,THR_181_L,SER_183_L,TYR_193_L"
SER_183_L,"LEU_182_L,LYS_184_L,TYR_187_L"
LYS_184_L,"GLY_129_L,SER_183_L,ALA_185_L,GLU_188_L"
ALA_185_L,"LYS_184_L,ASP_186_L"
ASP_186_L,"ALA_185_L,TYR_187_L,LYS_189_L,HIS_190_L"
TYR_187_L,"PRO_121_L,ALA_131_L,SER_183_L,ASP_186_L,GLU_188_L,TYR_193_L"
GLU_188_L,"LYS_184_L,TYR_187_L,LYS_189_L,ARG_212_L"
LYS_189_L,"ASP_186_L,GLU_188_L,HIS_190_L"
HIS_190_L,"VAL_151_L,ASP_152_L,ASP_186_L,LYS_189_L,LYS_191_L,ARG_212_L"
LYS_191_L,"HIS_190_L,VAL_192_L,ARG_212_L"
VAL_192_L,"ASP_152_L,LYS_191_L,TYR_193_L"
TYR_193_L,"VAL_151_L,LEU_182_L,TYR_187_L,VAL_192_L,ALA_194_L,PHE_210_L"
ALA_194_L,"LYS_150_L,TYR_193_L,CYS_195_L,THR_207_L"
CYS_195_L,"CYS_135_L,ALA_194_L,GLU_196_L,LYS_208_L"
GLU_196_L,"GLN_148_L,LYS_150_L,CYS_195_L,VAL_197_L"
VAL_197_L,"VAL_116_L,LEU_137_L,GLU_196_L,THR_198_L,VAL_206_L"
THR_198_L,"LYS_146_L,VAL_197_L,HIS_199_L"
HIS_199_L,"PRO_142_L,THR_198_L,GLN_200_L"
GLN_200_L,"HIS_199_L,GLY_201_L"
GLY_201_L,"GLN_200_L,LEU_202_L"
LEU_202_L,"ALA_113_L,GLY_201_L,SER_203_L,VAL_206_L"
SER_203_L,"LEU_202_L,SER_204_L"
SER_204_L,SER_203_L
PRO_205_L,VAL_206_L
VAL_206_L,"VAL_197_L,LEU_202_L,PRO_205_L,THR_207_L"
THR_207_L,"ALA_194_L,VAL_206_L,LYS_208_L"
LYS_208_L,"VAL_116_L,CYS_195_L,THR_207_L,SER_209_L"
SER_209_L,"LYS_208_L,PHE_210_L"
PHE_210_L,"ILE_118_L,PRO_120_L,VAL_133_L,TYR_193_L,SER_209_L,ASN_211_L"
ASN_211_L,"PHE_210_L,ARG_212_L,GLY_213_L"
ARG_212_L,"GLU_188_L,HIS_190_L,LYS_191_L,ASN_211_L,GLY_213_L"
GLY_213_L,"ASN_211_L,ARG_212_L,GLU_214_L"
GLU_214_L,GLY_213_L
