residue_id,neighbors
ARG_7_C,CYS_8_C
CYS_8_C,"ARG_7_C,GLU_9_C"
GLU_9_C,"CYS_8_C,LEU_10_C"
LEU_10_C,"GLU_9_C,LYS_11_C,PHE_48_C,CYS_84_C,GLN_108_C"
LYS_11_C,"LEU_10_C,LEU_12_C,ILE_13_C,GLU_172_C,ARG_175_C,GLU_176_C"
LEU_12_C,"LYS_11_C,ILE_13_C"
ILE_13_C,"LYS_11_C,LEU_12_C,ALA_14_C"
ALA_14_C,"ILE_13_C,SER_15_C,VAL_87_C"
SER_15_C,ALA_14_C
PRO_16_C,GLY_17_C
GLY_17_C,"PRO_16_C,SER_18_C"
SER_18_C,"GLY_17_C,TRP_19_C,TYR_22_C"
TRP_19_C,"SER_18_C,ARG_20_C,LEU_21_C,TYR_22_C,SER_23_C"
ARG_20_C,"TRP_19_C,LEU_21_C"
LEU_21_C,"TRP_19_C,ARG_20_C,TYR_22_C,ARG_25_C"
TYR_22_C,"SER_18_C,TRP_19_C,LEU_21_C,SER_23_C,LYS_26_C,ASP_58_C,PHE_86_C"
SER_23_C,"TRP_19_C,TYR_22_C,ALA_24_C,LYS_26_C"
ALA_24_C,"SER_23_C,ARG_25_C"
ARG_25_C,"LEU_21_C,ALA_24_C,LYS_26_C,ILE_27_C,ASP_28_C,PHE_31_C"
LYS_26_C,"TYR_22_C,SER_23_C,ARG_25_C,ILE_27_C,ASP_58_C"
ILE_27_C,"ARG_25_C,LYS_26_C,ASP_28_C"
ASP_28_C,"ARG_25_C,ILE_27_C,GLU_29_C"
GLU_29_C,"ASP_28_C,ARG_30_C,LYS_32_C,SER_33_C"
ARG_30_C,"GLU_29_C,PHE_31_C"
PHE_31_C,"ARG_25_C,ARG_30_C,LYS_32_C,ILE_59_C"
LYS_32_C,"GLU_29_C,PHE_31_C,SER_33_C,GLU_35_C"
SER_33_C,"GLU_29_C,LYS_32_C,TYR_34_C"
TYR_34_C,"SER_33_C,GLU_35_C,GLN_36_C,LYS_37_C,ILE_38_C"
GLU_35_C,"LYS_32_C,TYR_34_C,GLN_36_C,PHE_39_C"
GLN_36_C,"TYR_34_C,GLU_35_C,LYS_37_C"
LYS_37_C,"TYR_34_C,GLN_36_C,ILE_38_C,LEU_71_C"
ILE_38_C,"TYR_34_C,LYS_37_C,PHE_39_C,ILE_59_C,LEU_74_C"
PHE_39_C,"GLU_35_C,ILE_38_C,GLN_40_C,ASP_42_C,ARG_43_C,ILE_59_C"
GLN_40_C,"PHE_39_C,ARG_41_C"
ARG_41_C,"GLN_40_C,ASP_42_C"
ASP_42_C,"PHE_39_C,ARG_41_C,ARG_43_C,THR_45_C,THR_76_C"
ARG_43_C,"PHE_39_C,ASP_42_C,TYR_44_C,THR_45_C"
TYR_44_C,"ARG_43_C,THR_45_C"
THR_45_C,"ASP_42_C,ARG_43_C,TYR_44_C,CYS_46_C"
CYS_46_C,"THR_45_C,GLN_47_C,GLY_50_C,PHE_51_C,CYS_78_C"
GLN_47_C,"CYS_46_C,PHE_48_C,VAL_75_C,THR_76_C"
PHE_48_C,"LEU_10_C,GLN_47_C,CYS_49_C,VAL_60_C,LEU_62_C,VAL_75_C,ALA_77_C,PHE_85_C"
CYS_49_C,"PHE_48_C,GLY_50_C"
GLY_50_C,"CYS_46_C,CYS_49_C,PHE_51_C"
PHE_51_C,"CYS_46_C,GLY_50_C,GLN_52_C,ALA_53_C,CYS_78_C,HIS_116_C"
GLN_52_C,"PHE_51_C,ALA_53_C"
ALA_53_C,"PHE_51_C,GLN_52_C,ARG_54_C"
ARG_54_C,"ALA_53_C,LEU_55_C,GLU_205_C"
LEU_55_C,"ARG_54_C,TYR_56_C,TRP_198_C"
TYR_56_C,"LEU_55_C,GLN_57_C,GLN_194_C"
GLN_57_C,"TYR_56_C,ASP_58_C"
ASP_58_C,"TYR_22_C,LYS_26_C,GLN_57_C,ILE_59_C"
ILE_59_C,"PHE_31_C,ILE_38_C,PHE_39_C,ASP_58_C,VAL_60_C"
VAL_60_C,"PHE_48_C,ILE_59_C,ASN_61_C,VAL_75_C,PHE_85_C"
ASN_61_C,"VAL_60_C,LEU_62_C,TYR_66_C"
LEU_62_C,"PHE_48_C,ASN_61_C,ASP_63_C"
ASP_63_C,"LEU_62_C,GLY_64_C,ASP_65_C,ASN_68_C,ARG_70_C"
GLY_64_C,"ASP_63_C,ASP_65_C"
ASP_65_C,"ASP_63_C,GLY_64_C,TYR_66_C,THR_67_C"
TYR_66_C,"ASN_61_C,ASP_65_C,THR_67_C"
THR_67_C,"ASP_65_C,TYR_66_C,ASN_68_C,ASN_69_C"
ASN_68_C,"ASP_63_C,THR_67_C,ASN_69_C,ASN_73_C"
ASN_69_C,"THR_67_C,ASN_68_C,ARG_70_C"
ARG_70_C,"ASP_63_C,ASN_69_C,LEU_71_C"
LEU_71_C,"LYS_37_C,ARG_70_C,SER_72_C"
SER_72_C,"LEU_71_C,ASN_73_C"
ASN_73_C,"ASN_68_C,SER_72_C,LEU_74_C"
LEU_74_C,"ILE_38_C,ASN_73_C,VAL_75_C"
VAL_75_C,"GLN_47_C,PHE_48_C,VAL_60_C,LEU_74_C,THR_76_C"
THR_76_C,"ASP_42_C,GLN_47_C,VAL_75_C,ALA_77_C"
ALA_77_C,"PHE_48_C,THR_76_C,CYS_78_C"
CYS_78_C,"CYS_46_C,PHE_51_C,ALA_77_C,CYS_79_C,PHE_80_C"
CYS_79_C,"CYS_78_C,PHE_80_C"
PHE_80_C,"CYS_78_C,CYS_79_C,CYS_81_C,GLN_83_C,HIS_116_C,PHE_119_C,PHE_191_C"
CYS_81_C,"PHE_80_C,ALA_82_C,CYS_84_C"
ALA_82_C,"CYS_81_C,GLN_83_C,PHE_85_C"
GLN_83_C,"PHE_80_C,ALA_82_C,CYS_84_C,VAL_90_C"
CYS_84_C,"LEU_10_C,CYS_81_C,GLN_83_C,PHE_85_C"
PHE_85_C,"PHE_48_C,VAL_60_C,ALA_82_C,CYS_84_C,PHE_86_C"
PHE_86_C,"TYR_22_C,PHE_85_C,VAL_87_C"
VAL_87_C,"ALA_14_C,PHE_86_C,GLU_88_C,PRO_157_C"
GLU_88_C,"VAL_87_C,SER_89_C"
SER_89_C,"GLU_88_C,VAL_90_C"
VAL_90_C,"GLN_83_C,SER_89_C,GLY_91_C,PRO_157_C"
GLY_91_C,"VAL_90_C,VAL_92_C"
VAL_92_C,"GLY_91_C,GLY_93_C,GLY_94_C"
GLY_93_C,"VAL_92_C,GLY_94_C"
GLY_94_C,"VAL_92_C,GLY_93_C,TYR_95_C"
TYR_95_C,"GLY_94_C,GLY_96_C"
GLY_96_C,"TYR_95_C,GLY_97_C"
GLY_97_C,"GLY_96_C,GLY_98_C"
GLY_98_C,"GLY_97_C,THR_99_C"
THR_99_C,"GLY_98_C,LEU_100_C"
LEU_100_C,"THR_99_C,ILE_101_C,PHE_160_C,LEU_184_C"
ILE_101_C,"LEU_100_C,TYR_102_C,LEU_103_C,ARG_183_C,LEU_185_C"
TYR_102_C,"ILE_101_C,LEU_103_C,ARG_142_C"
LEU_103_C,"ILE_101_C,TYR_102_C,LEU_106_C,ARG_183_C"
PRO_104_C,GLU_105_C
GLU_105_C,"PRO_104_C,LEU_106_C,ARG_142_C"
LEU_106_C,"LEU_103_C,GLU_105_C,THR_107_C"
THR_107_C,"LEU_106_C,GLN_108_C,GLU_110_C"
GLN_108_C,"LEU_10_C,THR_107_C,ALA_109_C,ASN_112_C"
ALA_109_C,"GLN_108_C,GLU_110_C,LEU_111_C"
GLU_110_C,"THR_107_C,ALA_109_C,LEU_111_C"
LEU_111_C,"ALA_109_C,GLU_110_C,ASN_112_C,PHE_139_C,ARG_183_C"
ASN_112_C,"GLN_108_C,LEU_111_C,SER_113_C,CYS_115_C"
SER_113_C,"ASN_112_C,LEU_114_C"
LEU_114_C,"SER_113_C,CYS_115_C"
CYS_115_C,"ASN_112_C,LEU_114_C,HIS_116_C"
HIS_116_C,"PHE_51_C,PHE_80_C,CYS_115_C,VAL_117_C,PHE_119_C,CYS_120_C"
VAL_117_C,"HIS_116_C,LEU_118_C"
LEU_118_C,"VAL_117_C,PHE_119_C,ALA_132_C,ILE_135_C"
PHE_119_C,"PHE_80_C,HIS_116_C,LEU_118_C,CYS_120_C,TYR_136_C,ILE_195_C"
CYS_120_C,"HIS_116_C,PHE_119_C,ALA_121_C"
ALA_121_C,"CYS_120_C,ILE_122_C"
ILE_122_C,"ALA_121_C,THR_123_C,ALA_132_C,GLN_133_C"
THR_123_C,"ILE_122_C,ASN_124_C,GLU_196_C,ALA_199_C"
ASN_124_C,"THR_123_C,ASP_125_C"
ASP_125_C,"ASN_124_C,THR_126_C,GLY_127_C,LYS_129_C"
THR_126_C,"ASP_125_C,GLY_127_C"
GLY_127_C,"ASP_125_C,THR_126_C,TYR_128_C"
TYR_128_C,"GLY_127_C,LYS_129_C,ALA_132_C"
LYS_129_C,"ASP_125_C,TYR_128_C,SER_130_C"
SER_130_C,"LYS_129_C,SER_131_C"
SER_131_C,"SER_130_C,ALA_132_C,ASN_134_C,ILE_135_C"
ALA_132_C,"LEU_118_C,ILE_122_C,TYR_128_C,SER_131_C,GLN_133_C,TYR_136_C"
GLN_133_C,"ILE_122_C,ALA_132_C,ASN_134_C,ARG_137_C"
ASN_134_C,"SER_131_C,GLN_133_C,ILE_135_C"
ILE_135_C,"LEU_118_C,SER_131_C,ASN_134_C,TYR_136_C,ARG_137_C,SER_138_C"
TYR_136_C,"PHE_119_C,ALA_132_C,ILE_135_C,ARG_137_C,LYS_140_C"
ARG_137_C,"GLN_133_C,ILE_135_C,TYR_136_C,SER_138_C"
SER_138_C,"ILE_135_C,ARG_137_C,PHE_139_C"
PHE_139_C,"LEU_111_C,SER_138_C,LYS_140_C,LEU_185_C"
LYS_140_C,"TYR_136_C,PHE_139_C,PHE_141_C,SER_143_C,LEU_185_C"
PHE_141_C,"LYS_140_C,ARG_142_C"
ARG_142_C,"TYR_102_C,GLU_105_C,PHE_141_C,SER_143_C,GLN_144_C,ILE_145_C"
SER_143_C,"LYS_140_C,ARG_142_C,GLN_144_C,SER_155_C"
GLN_144_C,"ARG_142_C,SER_143_C,ILE_145_C"
ILE_145_C,"ARG_142_C,GLN_144_C,VAL_146_C,GLU_147_C,GLU_148_C"
VAL_146_C,"ILE_145_C,GLU_147_C"
GLU_147_C,"ILE_145_C,VAL_146_C,GLU_148_C,GLU_152_C,GLY_153_C"
GLU_148_C,"ILE_145_C,GLU_147_C,LYS_149_C"
LYS_149_C,"GLU_148_C,PHE_150_C"
PHE_150_C,"LYS_149_C,GLY_151_C,PHE_160_C,LEU_178_C"
GLY_151_C,"PHE_150_C,GLU_152_C"
GLU_152_C,"GLU_147_C,GLY_151_C,GLY_153_C"
GLY_153_C,"GLU_147_C,GLU_152_C,THR_154_C"
THR_154_C,"GLY_153_C,SER_155_C"
SER_155_C,"SER_143_C,THR_154_C,ASP_156_C"
ASP_156_C,"SER_155_C,ALA_158_C,ILE_159_C,LYS_190_C"
PRO_157_C,"VAL_87_C,VAL_90_C,ALA_158_C,GLY_161_C,LEU_184_C"
ALA_158_C,"ASP_156_C,PRO_157_C,ILE_159_C"
ILE_159_C,"ASP_156_C,ALA_158_C,PHE_160_C,GLY_161_C,GLN_162_C,LEU_163_C"
PHE_160_C,"LEU_100_C,PHE_150_C,ILE_159_C,GLY_161_C,MET_164_C,PHE_179_C"
GLY_161_C,"PRO_157_C,ILE_159_C,PHE_160_C,GLN_162_C"
GLN_162_C,"ILE_159_C,GLY_161_C,LEU_163_C"
LEU_163_C,"ILE_159_C,GLN_162_C,MET_164_C"
MET_164_C,"PHE_160_C,LEU_163_C,ILE_165_C,SER_167_C,GLY_168_C,LEU_178_C,PHE_179_C"
ILE_165_C,"MET_164_C,ASP_166_C"
ASP_166_C,"ILE_165_C,SER_167_C"
SER_167_C,"MET_164_C,ASP_166_C,GLY_168_C"
GLY_168_C,"MET_164_C,SER_167_C,VAL_169_C"
VAL_169_C,"GLY_168_C,ASN_170_C"
ASN_170_C,"VAL_169_C,SER_171_C"
SER_171_C,"ASN_170_C,GLU_172_C"
GLU_172_C,"LYS_11_C,SER_171_C,GLU_173_C,ARG_175_C"
GLU_173_C,"GLU_172_C,ILE_174_C,GLU_176_C,LYS_177_C"
ILE_174_C,"GLU_173_C,ARG_175_C"
ARG_175_C,"LYS_11_C,GLU_172_C,ILE_174_C,GLU_176_C"
GLU_176_C,"LYS_11_C,GLU_173_C,ARG_175_C,LYS_177_C,LEU_178_C"
LYS_177_C,"GLU_173_C,GLU_176_C,LEU_178_C"
LEU_178_C,"PHE_150_C,MET_164_C,GLU_176_C,LYS_177_C,PHE_179_C"
PHE_179_C,"PHE_160_C,MET_164_C,LEU_178_C,LYS_180_C"
LYS_180_C,"PHE_179_C,ASN_181_C"
ASN_181_C,"LYS_180_C,ILE_182_C"
ILE_182_C,"ASN_181_C,ARG_183_C"
ARG_183_C,"ILE_101_C,LEU_103_C,LEU_111_C,ILE_182_C,LEU_184_C"
LEU_184_C,"LEU_100_C,PRO_157_C,ARG_183_C,LEU_185_C"
LEU_185_C,"ILE_101_C,PHE_139_C,LYS_140_C,LEU_184_C"
PRO_186_C,SER_187_C
SER_187_C,"PRO_186_C,ARG_188_C"
ARG_188_C,"SER_187_C,ALA_189_C,LYS_190_C,PHE_191_C,ARG_192_C,ILE_195_C,GLU_196_C"
ALA_189_C,"ARG_188_C,LYS_190_C"
LYS_190_C,"ASP_156_C,ARG_188_C,ALA_189_C,PHE_191_C"
PHE_191_C,"PHE_80_C,ARG_188_C,LYS_190_C,ARG_192_C,ILE_195_C"
ARG_192_C,"ARG_188_C,PHE_191_C,LYS_193_C,GLU_196_C"
LYS_193_C,"ARG_192_C,GLN_194_C"
GLN_194_C,"TYR_56_C,LYS_193_C,ILE_195_C,GLU_196_C,LYS_197_C,TRP_198_C"
ILE_195_C,"PHE_119_C,ARG_188_C,PHE_191_C,GLN_194_C,GLU_196_C"
GLU_196_C,"THR_123_C,ARG_188_C,ARG_192_C,GLN_194_C,ILE_195_C,LYS_197_C,ALA_200_C"
LYS_197_C,"GLN_194_C,GLU_196_C,TRP_198_C"
TRP_198_C,"LEU_55_C,GLN_194_C,LYS_197_C,ALA_199_C,ALA_202_C"
ALA_199_C,"THR_123_C,TRP_198_C,ALA_200_C,ALA_202_C,LEU_203_C"
ALA_200_C,"GLU_196_C,ALA_199_C,SER_201_C"
SER_201_C,"ALA_200_C,ALA_202_C"
ALA_202_C,"TRP_198_C,ALA_199_C,SER_201_C,LEU_203_C"
LEU_203_C,"ALA_199_C,ALA_202_C,GLU_204_C"
GLU_204_C,"LEU_203_C,GLU_205_C"
GLU_205_C,"ARG_54_C,GLU_204_C,ILE_206_C"
ILE_206_C,"GLU_205_C,ALA_207_C"
ALA_207_C,"ILE_206_C,ASP_208_C"
ASP_208_C,ALA_207_C
