residue_id,neighbors
ASP_169_D,ARG_170_D
ARG_170_D,"ASP_169_D,SER_171_D,GLN_173_D,GLU_174_D"
SER_171_D,"ARG_170_D,ILE_172_D,GLU_174_D,ILE_175_D"
ILE_172_D,"SER_171_D,GLN_173_D,ALA_176_D,VAL_186_D,VAL_188_D"
GLN_173_D,"ARG_170_D,ILE_172_D,GLU_174_D,ARG_177_D"
GLU_174_D,"ARG_170_D,SER_171_D,GLN_173_D,ILE_175_D,SER_178_D"
ILE_175_D,"SER_171_D,GLU_174_D,ALA_176_D,TYR_203_D"
ALA_176_D,"ILE_172_D,ILE_175_D,ARG_177_D,VAL_181_D,VAL_186_D"
ARG_177_D,"GLN_173_D,ALA_176_D,SER_178_D,VAL_181_D,ASP_183_D"
SER_178_D,"GLU_174_D,ARG_177_D,ALA_179_D"
ALA_179_D,"SER_178_D,ASN_180_D,VAL_201_D"
ASN_180_D,"ALA_179_D,VAL_181_D"
VAL_181_D,"ALA_176_D,ARG_177_D,ASN_180_D,LYS_182_D"
LYS_182_D,"VAL_181_D,ASP_183_D,GLU_185_D"
ASP_183_D,"ARG_177_D,LYS_182_D,SER_184_D"
SER_184_D,"ASP_183_D,GLU_185_D,LYS_199_D"
GLU_185_D,"LYS_182_D,SER_184_D,VAL_186_D,LYS_200_D"
VAL_186_D,"ILE_172_D,ALA_176_D,GLU_185_D,ILE_187_D,LYS_199_D"
ILE_187_D,"VAL_186_D,VAL_188_D,VAL_201_D,TYR_203_D,ILE_222_D"
VAL_188_D,"ILE_172_D,ILE_187_D,SER_189_D"
SER_189_D,"VAL_188_D,THR_190_D,TYR_203_D"
THR_190_D,"SER_189_D,ASP_191_D"
ASP_191_D,"THR_190_D,THR_192_D,SER_194_D,LYS_199_D"
THR_192_D,"ASP_191_D,ILE_193_D"
ILE_193_D,"THR_192_D,SER_194_D"
SER_194_D,"ASP_191_D,ILE_193_D,LEU_195_D"
LEU_195_D,"SER_194_D,LEU_196_D,ASP_197_D"
LEU_196_D,"LEU_195_D,ASP_197_D,ILE_216_D,SER_220_D"
ASP_197_D,"LEU_195_D,LEU_196_D,GLY_198_D,ASP_218_D,GLY_219_D"
GLY_198_D,"ASP_197_D,LYS_199_D"
LYS_199_D,"SER_184_D,VAL_186_D,ASP_191_D,GLY_198_D,LYS_200_D,LEU_213_D"
LYS_200_D,"GLU_185_D,LYS_199_D,VAL_201_D,LEU_213_D"
VAL_201_D,"ALA_179_D,ILE_187_D,LYS_200_D,VAL_202_D"
VAL_202_D,"VAL_201_D,TYR_203_D,TYR_211_D,LEU_241_D"
TYR_203_D,"ILE_175_D,ILE_187_D,SER_189_D,VAL_202_D,ASP_204_D,ILE_205_D"
ASP_204_D,"TYR_203_D,ILE_205_D,GLN_208_D"
ILE_205_D,"TYR_203_D,ASP_204_D,ALA_206_D"
ALA_206_D,"ILE_205_D,THR_207_D"
THR_207_D,"ALA_206_D,GLN_208_D,THR_209_D"
GLN_208_D,"ASP_204_D,THR_207_D,THR_209_D"
THR_209_D,"THR_207_D,GLN_208_D,SER_210_D"
SER_210_D,"THR_209_D,TYR_211_D"
TYR_211_D,"VAL_202_D,SER_210_D,GLY_212_D"
GLY_212_D,"TYR_211_D,LEU_213_D,LEU_242_D"
LEU_213_D,"LYS_199_D,LYS_200_D,GLY_212_D,LEU_230_D"
PRO_214_D,"THR_215_D,VAL_239_D"
THR_215_D,"PRO_214_D,ILE_216_D"
ILE_216_D,"LEU_196_D,THR_215_D,TYR_232_D"
PRO_217_D,"ASP_218_D,SER_220_D,TYR_232_D"
ASP_218_D,"ASP_197_D,PRO_217_D,GLY_219_D"
GLY_219_D,"ASP_197_D,ASP_218_D,SER_220_D"
SER_220_D,"LEU_196_D,PRO_217_D,GLY_219_D,VAL_221_D"
VAL_221_D,"SER_220_D,ILE_222_D,ASN_233_D"
ILE_222_D,"ILE_187_D,VAL_221_D,SER_223_D"
SER_223_D,"ILE_222_D,SER_224_D,ASN_231_D"
SER_224_D,"SER_223_D,VAL_225_D,ASN_231_D"
VAL_225_D,"SER_224_D,SER_226_D,LEU_230_D,LEU_241_D"
SER_226_D,"VAL_225_D,ALA_227_D,LYS_229_D"
ALA_227_D,"SER_226_D,GLY_228_D"
GLY_228_D,"ALA_227_D,LYS_229_D"
LYS_229_D,"SER_226_D,GLY_228_D,LEU_230_D,ASP_240_D"
LEU_230_D,"LEU_213_D,VAL_225_D,LYS_229_D,ASN_231_D,VAL_239_D,LEU_241_D"
ASN_231_D,"SER_223_D,SER_224_D,LEU_230_D,TYR_232_D"
TYR_232_D,"ILE_216_D,PRO_217_D,ASN_231_D,ASN_233_D,VAL_237_D"
ASN_233_D,"VAL_221_D,TYR_232_D"
PRO_234_D,GLY_235_D
GLY_235_D,"PRO_234_D,ASP_236_D"
ASP_236_D,"GLY_235_D,VAL_237_D"
VAL_237_D,"TYR_232_D,ASP_236_D,GLN_238_D"
GLN_238_D,"VAL_237_D,VAL_239_D"
VAL_239_D,"PRO_214_D,LEU_230_D,GLN_238_D,ASP_240_D"
ASP_240_D,"LYS_229_D,VAL_239_D,LEU_241_D"
LEU_241_D,"VAL_202_D,VAL_225_D,LEU_230_D,ASP_240_D,LEU_242_D"
LEU_242_D,"GLY_212_D,LEU_241_D"
PRO_243_D,LEU_244_D
LEU_244_D,"PRO_243_D,GLU_245_D,SER_247_D"
GLU_245_D,"LEU_244_D,ASP_246_D,ASN_250_D"
ASP_246_D,"GLU_245_D,SER_247_D"
SER_247_D,"LEU_244_D,ASP_246_D,PHE_248_D"
PHE_248_D,"SER_247_D,ILE_249_D"
ILE_249_D,"PHE_248_D,ASN_250_D,ASN_253_D"
ASN_250_D,"GLU_245_D,ILE_249_D,VAL_251_D,THR_254_D"
VAL_251_D,"ASN_250_D,ILE_252_D,LEU_255_D"
ILE_252_D,"VAL_251_D,ASN_253_D,GLY_256_D"
ASN_253_D,"ILE_249_D,ILE_252_D,THR_254_D"
THR_254_D,"ASN_250_D,ASN_253_D,LEU_255_D,TYR_263_D"
LEU_255_D,"VAL_251_D,THR_254_D,GLY_256_D,TYR_263_D"
GLY_256_D,"ILE_252_D,LEU_255_D,ARG_257_D"
ARG_257_D,"GLY_256_D,ASN_258_D,ASP_259_D,GLY_260_D,LYS_262_D"
ASN_258_D,"ARG_257_D,ASP_259_D"
ASP_259_D,"ARG_257_D,ASN_258_D,GLY_260_D,ALA_261_D,LYS_262_D"
GLY_260_D,"ARG_257_D,ASP_259_D,ALA_261_D,LYS_262_D"
ALA_261_D,"ASP_259_D,GLY_260_D,LYS_262_D"
LYS_262_D,"ARG_257_D,ASP_259_D,GLY_260_D,ALA_261_D,TYR_263_D"
TYR_263_D,"THR_254_D,LEU_255_D,LYS_262_D,ILE_264_D"
ILE_264_D,"TYR_263_D,GLY_265_D"
GLY_265_D,"ILE_264_D,GLU_266_D"
GLU_266_D,"GLY_265_D,CYS_267_D,HIS_268_D,ILE_286_D,LYS_288_D"
CYS_267_D,"GLU_266_D,HIS_268_D,ILE_286_D,LYS_288_D"
HIS_268_D,"GLU_266_D,CYS_267_D,SER_269_D,ASP_272_D,LYS_288_D,GLN_289_D"
SER_269_D,"HIS_268_D,VAL_270_D"
VAL_270_D,"SER_269_D,ALA_271_D,HIS_290_D"
ALA_271_D,"VAL_270_D,ASP_272_D"
ASP_272_D,"HIS_268_D,ALA_271_D,LEU_273_D,ASN_275_D"
LEU_273_D,"ASP_272_D,ARG_274_D,THR_276_D,TRP_326_D"
ARG_274_D,"LEU_273_D,ASN_275_D,HIS_290_D,ASP_312_D,ASN_314_D,ILE_318_D"
ASN_275_D,"ASP_272_D,ARG_274_D,THR_276_D"
THR_276_D,"LEU_273_D,ASN_275_D,GLU_277_D,ILE_285_D,TRP_326_D"
GLU_277_D,"THR_276_D,THR_320_D,GLY_322_D"
PRO_278_D,"THR_279_D,ALA_303_D,ALA_324_D,TRP_326_D"
THR_279_D,"PRO_278_D,MET_280_D,GLN_283_D"
MET_280_D,"THR_279_D,ASP_281_D,GLN_283_D"
ASP_281_D,"MET_280_D,GLY_282_D,ILE_305_D"
GLY_282_D,"ASP_281_D,GLN_283_D,ARG_302_D,ALA_303_D"
GLN_283_D,"THR_279_D,MET_280_D,GLY_282_D,ARG_284_D,ALA_303_D"
ARG_284_D,"GLN_283_D,ILE_285_D,VAL_300_D,ARG_302_D"
ILE_285_D,"THR_276_D,ARG_284_D,ILE_286_D,PHE_301_D,TRP_326_D"
ILE_286_D,"GLU_266_D,CYS_267_D,ILE_285_D,LEU_287_D"
LEU_287_D,"ILE_286_D,LYS_288_D,GLY_299_D,PHE_301_D"
LYS_288_D,"GLU_266_D,CYS_267_D,HIS_268_D,LEU_287_D,GLN_289_D"
GLN_289_D,"HIS_268_D,LYS_288_D,HIS_290_D,LEU_295_D"
HIS_290_D,"VAL_270_D,ARG_274_D,GLN_289_D,THR_291_D,LEU_296_D,ASN_314_D"
THR_291_D,"HIS_290_D,ALA_292_D"
ALA_292_D,"THR_291_D,GLY_293_D"
GLY_293_D,"ALA_292_D,THR_294_D"
THR_294_D,"GLY_293_D,LEU_295_D,LEU_342_D"
LEU_295_D,"GLN_289_D,THR_294_D,LEU_296_D"
LEU_296_D,"HIS_290_D,LEU_295_D,GLY_297_D"
GLY_297_D,"LEU_296_D,GLY_298_D,ARG_328_D"
GLY_298_D,"GLY_297_D,GLY_299_D"
GLY_299_D,"LEU_287_D,GLY_298_D,VAL_300_D"
VAL_300_D,"ARG_284_D,GLY_299_D,PHE_301_D,VAL_329_D"
PHE_301_D,"ILE_285_D,LEU_287_D,VAL_300_D,ARG_302_D,ARG_328_D"
ARG_302_D,"GLY_282_D,ARG_284_D,PHE_301_D,ALA_303_D,LEU_327_D"
ALA_303_D,"PRO_278_D,GLY_282_D,GLN_283_D,ARG_302_D,LEU_304_D,TRP_326_D"
LEU_304_D,"ALA_303_D,ILE_305_D,ALA_325_D,LEU_327_D"
ILE_305_D,"ASP_281_D,LEU_304_D,ASP_306_D"
ASP_306_D,"ILE_305_D,GLY_307_D"
GLY_307_D,"ASP_306_D,THR_308_D,LYS_310_D,GLY_323_D"
THR_308_D,"GLY_307_D,GLY_309_D"
GLY_309_D,"THR_308_D,LYS_310_D"
LYS_310_D,"GLY_307_D,GLY_309_D,THR_311_D,LYS_319_D"
THR_311_D,"LYS_310_D,ASP_312_D"
ASP_312_D,"ARG_274_D,THR_311_D,ASN_313_D,ASN_314_D,LYS_319_D"
ASN_313_D,"ASP_312_D,ASN_314_D,GLY_315_D,THR_316_D,VAL_317_D"
ASN_314_D,"ARG_274_D,HIS_290_D,ASP_312_D,ASN_313_D,GLY_315_D"
GLY_315_D,"ASN_313_D,ASN_314_D,THR_316_D,ARG_328_D"
THR_316_D,"ASN_313_D,GLY_315_D,VAL_317_D,ARG_328_D"
VAL_317_D,"ASN_313_D,THR_316_D,ILE_318_D"
ILE_318_D,"ARG_274_D,VAL_317_D,LYS_319_D,TRP_326_D"
LYS_319_D,"LYS_310_D,ASP_312_D,ILE_318_D,THR_320_D"
THR_320_D,"GLU_277_D,LYS_319_D,VAL_321_D,ALA_324_D"
VAL_321_D,"THR_320_D,GLY_322_D"
GLY_322_D,"GLU_277_D,VAL_321_D,GLY_323_D"
GLY_323_D,"GLY_307_D,GLY_322_D,ALA_324_D"
ALA_324_D,"PRO_278_D,THR_320_D,GLY_323_D,ALA_325_D"
ALA_325_D,"LEU_304_D,ALA_324_D,TRP_326_D"
TRP_326_D,"LEU_273_D,THR_276_D,PRO_278_D,ILE_285_D,ALA_303_D,ILE_318_D,ALA_325_D,LEU_327_D"
LEU_327_D,"ARG_302_D,LEU_304_D,TRP_326_D,ARG_328_D"
ARG_328_D,"GLY_297_D,PHE_301_D,GLY_315_D,THR_316_D,LEU_327_D,VAL_329_D"
VAL_329_D,"VAL_300_D,ARG_328_D,ASN_330_D"
ASN_330_D,"VAL_329_D,ALA_331_D"
ALA_331_D,"ASN_330_D,ASP_332_D,LYS_360_D"
ASP_332_D,"ALA_331_D,ARG_333_D,LYS_360_D"
ARG_333_D,"ASP_332_D,VAL_334_D,GLN_363_D"
VAL_334_D,"ARG_333_D,ASN_335_D,ALA_361_D,GLN_363_D"
ASN_335_D,"VAL_334_D,PHE_337_D"
PRO_336_D,"PHE_337_D,PHE_339_D,ALA_341_D,VAL_352_D"
PHE_337_D,"ASN_335_D,PRO_336_D,MET_338_D"
MET_338_D,"PHE_337_D,PHE_339_D"
PHE_339_D,"PRO_336_D,MET_338_D,GLY_340_D"
GLY_340_D,"PHE_339_D,ALA_341_D"
ALA_341_D,"PRO_336_D,GLY_340_D,LEU_342_D"
LEU_342_D,"THR_294_D,ALA_341_D,GLY_343_D,ASN_346_D,ASP_348_D"
GLY_343_D,"LEU_342_D,GLY_344_D,ASP_348_D"
GLY_344_D,"GLY_343_D,SER_345_D"
SER_345_D,"GLY_344_D,ASN_346_D"
ASN_346_D,"LEU_342_D,SER_345_D,ASP_347_D"
ASP_347_D,"ASN_346_D,ASP_348_D,THR_349_D,LEU_395_D"
ASP_348_D,"LEU_342_D,GLY_343_D,ASP_347_D,THR_349_D,HIS_368_D,TYR_369_D"
THR_349_D,"ASP_347_D,ASP_348_D,ILE_350_D,GLN_353_D,SER_371_D"
ILE_350_D,"THR_349_D,SER_354_D"
PRO_351_D,VAL_352_D
VAL_352_D,"PRO_336_D,PRO_351_D,GLN_353_D"
GLN_353_D,"THR_349_D,VAL_352_D,SER_354_D,GLN_374_D"
SER_354_D,"ILE_350_D,GLN_353_D,CYS_355_D"
CYS_355_D,"SER_354_D,VAL_356_D,SER_358_D"
VAL_356_D,"CYS_355_D,ASP_357_D,SER_380_D"
ASP_357_D,"VAL_356_D,SER_358_D,LYS_376_D"
SER_358_D,"CYS_355_D,ASP_357_D,GLY_359_D"
GLY_359_D,"SER_358_D,LYS_360_D"
LYS_360_D,"ALA_331_D,ASP_332_D,GLY_359_D,ALA_361_D"
ALA_361_D,"VAL_334_D,LYS_360_D,THR_362_D"
THR_362_D,"ALA_361_D,GLN_363_D,TYR_383_D"
GLN_363_D,"ARG_333_D,VAL_334_D,THR_362_D,LEU_364_D"
LEU_364_D,"GLN_363_D,THR_365_D,TYR_383_D"
THR_365_D,"LEU_364_D,ASP_366_D"
ASP_366_D,"THR_365_D,ALA_367_D,HIS_368_D,ARG_391_D"
ALA_367_D,"ASP_366_D,HIS_368_D,ARG_391_D"
HIS_368_D,"ASP_348_D,ASP_366_D,ALA_367_D,TYR_369_D,HIS_393_D"
TYR_369_D,"ASP_348_D,HIS_368_D,VAL_370_D,LEU_395_D"
VAL_370_D,"TYR_369_D,SER_371_D,HIS_393_D,LEU_395_D"
SER_371_D,"THR_349_D,VAL_370_D,ASN_372_D"
ASN_372_D,"SER_371_D,ILE_373_D,THR_399_D,ASN_401_D"
ILE_373_D,"ASN_372_D,GLN_374_D,CYS_402_D,THR_404_D"
GLN_374_D,"GLN_353_D,ILE_373_D,LEU_375_D"
LEU_375_D,"GLN_374_D,LYS_376_D,THR_404_D,LYS_406_D,LEU_414_D"
LYS_376_D,"ASP_357_D,LEU_375_D,TYR_377_D,THR_408_D"
TYR_377_D,"LYS_376_D,ASN_378_D,SER_380_D"
ASN_378_D,"TYR_377_D,THR_379_D"
THR_379_D,"ASN_378_D,SER_380_D,SER_381_D"
SER_380_D,"VAL_356_D,TYR_377_D,THR_379_D,SER_381_D"
SER_381_D,"THR_379_D,SER_380_D,ILE_382_D,VAL_413_D"
ILE_382_D,"SER_381_D,TYR_383_D,ASP_415_D,PHE_417_D"
TYR_383_D,"THR_362_D,LEU_364_D,ILE_382_D,GLY_384_D,ASP_415_D"
GLY_384_D,"TYR_383_D,SER_385_D,ASP_415_D"
SER_385_D,"GLY_384_D,GLY_386_D,SER_390_D"
GLY_386_D,"SER_385_D,LEU_387_D"
LEU_387_D,"GLY_386_D,HIS_388_D,HIS_467_D"
HIS_388_D,"LEU_387_D,TYR_389_D,ARG_391_D,TYR_420_D,HIS_467_D"
TYR_389_D,"HIS_388_D,SER_390_D"
SER_390_D,"SER_385_D,TYR_389_D,ARG_391_D,GLY_418_D"
ARG_391_D,"ASP_366_D,ALA_367_D,HIS_388_D,SER_390_D,LEU_392_D,HIS_393_D"
LEU_392_D,"ARG_391_D,HIS_393_D,GLY_418_D,TYR_420_D"
HIS_393_D,"HIS_368_D,VAL_370_D,ARG_391_D,LEU_392_D,GLN_394_D"
GLN_394_D,"HIS_393_D,LEU_395_D,TYR_420_D"
LEU_395_D,"ASP_347_D,TYR_369_D,VAL_370_D,GLN_394_D,ALA_398_D"
PRO_396_D,SER_397_D
SER_397_D,"PRO_396_D,ALA_398_D"
ALA_398_D,"LEU_395_D,SER_397_D,THR_399_D"
THR_399_D,"ASN_372_D,ALA_398_D,GLY_400_D"
GLY_400_D,"THR_399_D,ASN_401_D,GLY_433_D"
ASN_401_D,"ASN_372_D,GLY_400_D,CYS_402_D"
CYS_402_D,"ILE_373_D,ASN_401_D,ILE_403_D,THR_435_D,PHE_471_D"
ILE_403_D,"CYS_402_D,THR_404_D,GLY_436_D,TYR_438_D"
THR_404_D,"ILE_373_D,LEU_375_D,ILE_403_D,ILE_405_D"
ILE_405_D,"THR_404_D,LYS_406_D,TYR_438_D"
LYS_406_D,"LEU_375_D,ILE_405_D,ASP_407_D,CYS_409_D,GLU_440_D"
ASP_407_D,"LYS_406_D,THR_408_D,GLU_440_D,SER_443_D,ASP_456_D,ARG_459_D"
THR_408_D,"LYS_376_D,ASP_407_D,CYS_409_D"
CYS_409_D,"LYS_406_D,THR_408_D,SER_410_D,ARG_459_D"
SER_410_D,"CYS_409_D,LEU_411_D,ARG_458_D"
LEU_411_D,"SER_410_D,ILE_412_D,PRO_450_D,ARG_459_D"
ILE_412_D,"LEU_411_D,VAL_413_D"
VAL_413_D,"SER_381_D,ILE_412_D,LEU_414_D,ASP_415_D"
LEU_414_D,"LEU_375_D,VAL_413_D,ASP_415_D,CYS_462_D,SER_464_D"
ASP_415_D,"ILE_382_D,TYR_383_D,GLY_384_D,VAL_413_D,LEU_414_D,ALA_416_D,LYS_465_D"
ALA_416_D,"ASP_415_D,PHE_417_D"
PHE_417_D,"ILE_382_D,ALA_416_D,GLY_418_D,VAL_419_D"
GLY_418_D,"SER_390_D,LEU_392_D,PHE_417_D,VAL_419_D"
VAL_419_D,"PHE_417_D,GLY_418_D,TYR_420_D,HIS_467_D,ALA_469_D,PHE_471_D"
TYR_420_D,"HIS_388_D,LEU_392_D,GLN_394_D,VAL_419_D,GLY_421_D,ALA_424_D,HIS_467_D"
GLY_421_D,"TYR_420_D,THR_422_D,ALA_469_D"
THR_422_D,"GLY_421_D,GLY_423_D,THR_431_D"
GLY_423_D,"THR_422_D,ALA_424_D,GLY_470_D"
ALA_424_D,"TYR_420_D,GLY_423_D,GLN_425_D,HIS_494_D"
GLN_425_D,"ALA_424_D,GLN_426_D,THR_428_D"
GLN_426_D,"GLN_425_D,GLY_427_D"
GLY_427_D,"GLN_426_D,THR_428_D"
THR_428_D,"GLN_425_D,GLY_427_D,SER_429_D"
SER_429_D,"THR_428_D,PHE_430_D"
PHE_430_D,"SER_429_D,THR_431_D,ASN_496_D,TYR_545_D"
THR_431_D,"THR_422_D,PHE_430_D,ALA_432_D,THR_434_D"
ALA_432_D,"THR_431_D,GLY_433_D"
GLY_433_D,"GLY_400_D,ALA_432_D,THR_434_D,ASP_472_D"
THR_434_D,"THR_431_D,GLY_433_D,THR_435_D,GLU_473_D"
THR_435_D,"CYS_402_D,THR_434_D,GLY_436_D"
GLY_436_D,"ILE_403_D,THR_435_D,ILE_437_D"
ILE_437_D,"GLY_436_D,TYR_438_D,GLY_475_D,ASN_477_D"
TYR_438_D,"ILE_403_D,ILE_405_D,ILE_437_D,VAL_439_D,GLU_440_D,ASP_479_D"
VAL_439_D,"TYR_438_D,GLU_440_D,ASN_477_D,ASP_479_D"
GLU_440_D,"LYS_406_D,ASP_407_D,TYR_438_D,VAL_439_D,THR_441_D,ASN_482_D"
THR_441_D,GLU_440_D
PRO_442_D,SER_443_D
SER_443_D,"ASP_407_D,PRO_442_D,GLY_444_D"
GLY_444_D,"SER_443_D,LEU_445_D"
LEU_445_D,"GLY_444_D,SER_446_D"
SER_446_D,"LEU_445_D,ALA_447_D,THR_454_D,ASP_456_D"
ALA_447_D,"SER_446_D,ASP_448_D"
ASP_448_D,"ALA_447_D,TYR_449_D,PHE_451_D,HIS_452_D"
TYR_449_D,"ASP_448_D,ARG_458_D,ASP_460_D"
PRO_450_D,"LEU_411_D,PHE_451_D"
PHE_451_D,"ASP_448_D,PRO_450_D,HIS_452_D"
HIS_452_D,"ASP_448_D,PHE_451_D,THR_453_D,ASP_456_D,ARG_459_D"
THR_453_D,"HIS_452_D,THR_454_D"
THR_454_D,"SER_446_D,THR_453_D,ALA_455_D"
ALA_455_D,"THR_454_D,ASP_456_D"
ASP_456_D,"ASP_407_D,SER_446_D,HIS_452_D,ALA_455_D,ARG_458_D,ARG_459_D"
PRO_457_D,"ARG_458_D,PHE_483_D"
ARG_458_D,"SER_410_D,TYR_449_D,ASP_456_D,PRO_457_D,ARG_459_D"
ARG_459_D,"ASP_407_D,CYS_409_D,LEU_411_D,HIS_452_D,ASP_456_D,ARG_458_D,ASP_460_D,ASN_482_D,VAL_485_D"
ASP_460_D,"TYR_449_D,ARG_459_D,LEU_461_D"
LEU_461_D,"ASP_460_D,CYS_462_D,ILE_463_D,THR_486_D"
CYS_462_D,"LEU_414_D,LEU_461_D,ILE_463_D"
ILE_463_D,"LEU_461_D,CYS_462_D,SER_464_D,VAL_466_D,THR_486_D,ASP_488_D"
SER_464_D,"LEU_414_D,ILE_463_D,LYS_465_D"
LYS_465_D,"ASP_415_D,SER_464_D,VAL_466_D,ASP_488_D"
VAL_466_D,"ILE_463_D,LYS_465_D,HIS_467_D,LEU_491_D"
HIS_467_D,"LEU_387_D,HIS_388_D,VAL_419_D,TYR_420_D,VAL_466_D,ILE_468_D"
ILE_468_D,"HIS_467_D,ALA_469_D,PHE_471_D,LEU_491_D,ASN_493_D"
ALA_469_D,"VAL_419_D,GLY_421_D,ILE_468_D,GLY_470_D"
GLY_470_D,"GLY_423_D,ALA_469_D,PHE_471_D,HIS_494_D"
PHE_471_D,"CYS_402_D,VAL_419_D,ILE_468_D,GLY_470_D,ASP_472_D"
ASP_472_D,"GLY_433_D,PHE_471_D,GLU_473_D,GLN_497_D"
GLU_473_D,"THR_434_D,ASP_472_D,TYR_474_D"
TYR_474_D,"GLU_473_D,GLY_475_D,VAL_498_D,ARG_501_D"
GLY_475_D,"ILE_437_D,TYR_474_D,LEU_476_D,GLY_499_D"
LEU_476_D,"GLY_475_D,ASN_477_D,LEU_490_D,ARG_501_D"
ASN_477_D,"ILE_437_D,VAL_439_D,LEU_476_D,ILE_478_D,ARG_501_D"
ILE_478_D,"ASN_477_D,ASP_479_D,ARG_501_D,ALA_503_D,THR_504_D"
ASP_479_D,"TYR_438_D,VAL_439_D,ILE_478_D,SER_480_D,ASN_482_D,ARG_501_D"
SER_480_D,"ASP_479_D,GLY_481_D,ALA_503_D"
GLY_481_D,"SER_480_D,ASN_482_D"
ASN_482_D,"GLU_440_D,ARG_459_D,ASP_479_D,GLY_481_D,PHE_483_D,THR_504_D"
PHE_483_D,"PRO_457_D,ASN_482_D,SER_484_D"
SER_484_D,"PHE_483_D,VAL_485_D,ASP_506_D"
VAL_485_D,"ARG_459_D,SER_484_D,THR_486_D"
THR_486_D,"LEU_461_D,ILE_463_D,VAL_485_D,THR_487_D"
THR_487_D,"THR_486_D,ASP_488_D"
ASP_488_D,"ILE_463_D,LYS_465_D,THR_487_D,SER_489_D"
SER_489_D,"ASP_488_D,LEU_490_D"
LEU_490_D,"LEU_476_D,SER_489_D,LEU_491_D,GLN_513_D"
LEU_491_D,"VAL_466_D,ILE_468_D,LEU_490_D,VAL_492_D"
VAL_492_D,"LEU_491_D,ASN_493_D,ILE_495_D,GLN_513_D,ASN_515_D"
ASN_493_D,"ILE_468_D,VAL_492_D,HIS_494_D,ASN_515_D"
HIS_494_D,"ALA_424_D,GLY_470_D,ASN_493_D,ILE_495_D"
ILE_495_D,"VAL_492_D,HIS_494_D,ASN_496_D,GLY_518_D"
ASN_496_D,"PHE_430_D,ILE_495_D,GLN_497_D"
GLN_497_D,"ASP_472_D,ASN_496_D,VAL_498_D,LYS_519_D"
VAL_498_D,"TYR_474_D,GLN_497_D,GLY_499_D,VAL_523_D"
GLY_499_D,"GLY_475_D,VAL_498_D,VAL_500_D"
VAL_500_D,"GLY_499_D,ARG_501_D,TRP_509_D,CYS_521_D,LEU_522_D,VAL_523_D"
ARG_501_D,"TYR_474_D,LEU_476_D,ASN_477_D,ILE_478_D,ASP_479_D,VAL_500_D,CYS_502_D,ASP_525_D"
CYS_502_D,"ARG_501_D,ALA_503_D,TRP_509_D,VAL_523_D"
ALA_503_D,"ILE_478_D,SER_480_D,CYS_502_D,THR_504_D"
THR_504_D,"ILE_478_D,ASN_482_D,ALA_503_D,THR_505_D,TRP_507_D"
THR_505_D,"THR_504_D,ASP_506_D"
ASP_506_D,"SER_484_D,THR_505_D,TRP_507_D,ARG_531_D"
TRP_507_D,"THR_504_D,ASP_506_D,THR_508_D,TRP_509_D,ILE_532_D,MET_562_D"
THR_508_D,"TRP_507_D,TRP_509_D,ARG_531_D"
TRP_509_D,"VAL_500_D,CYS_502_D,TRP_507_D,THR_508_D,THR_510_D,ILE_512_D,LEU_522_D,ARG_531_D,ILE_533_D"
THR_510_D,"TRP_509_D,ASN_511_D"
ASN_511_D,"THR_510_D,ILE_512_D,ILE_533_D"
ILE_512_D,"TRP_509_D,ASN_511_D,GLN_513_D,LYS_536_D,PHE_537_D"
GLN_513_D,"LEU_490_D,VAL_492_D,ILE_512_D,VAL_514_D"
VAL_514_D,"GLN_513_D,ASN_515_D,CYS_521_D,LYS_536_D,ILE_538_D"
ASN_515_D,"VAL_492_D,ASN_493_D,VAL_514_D,THR_516_D,ILE_538_D"
THR_516_D,"ASN_515_D,CYS_517_D,ILE_538_D,TRP_542_D"
CYS_517_D,"THR_516_D,GLY_518_D,ASN_541_D,TRP_542_D"
GLY_518_D,"ILE_495_D,CYS_517_D,LYS_519_D"
LYS_519_D,"GLN_497_D,GLY_518_D,GLN_520_D,ASN_541_D,PHE_551_D"
GLN_520_D,"LYS_519_D,CYS_521_D,VAL_523_D,THR_555_D"
CYS_521_D,"VAL_500_D,VAL_514_D,GLN_520_D,LEU_522_D,PHE_537_D,GLY_553_D"
LEU_522_D,"VAL_500_D,TRP_509_D,CYS_521_D,VAL_523_D,THR_555_D"
VAL_523_D,"VAL_498_D,VAL_500_D,CYS_502_D,GLN_520_D,LEU_522_D,LEU_524_D"
LEU_524_D,"VAL_523_D,ASP_525_D,THR_555_D,ASN_557_D"
ASP_525_D,"ARG_501_D,LEU_524_D,GLY_526_D,ASN_557_D"
GLY_526_D,"ASP_525_D,CYS_527_D,ASN_557_D"
CYS_527_D,"GLY_526_D,GLY_528_D"
GLY_528_D,"CYS_527_D,ASN_529_D"
ASN_529_D,"GLY_528_D,GLY_530_D,ARG_531_D"
GLY_530_D,"ASN_529_D,ARG_531_D,VAL_563_D"
ARG_531_D,"ASP_506_D,THR_508_D,TRP_509_D,ASN_529_D,GLY_530_D,ILE_532_D"
ILE_532_D,"TRP_507_D,ARG_531_D,ILE_533_D,ASN_565_D"
ILE_533_D,"TRP_509_D,ASN_511_D,ILE_532_D,GLY_534_D"
GLY_534_D,"ILE_533_D,GLY_535_D,ASN_565_D"
GLY_535_D,"GLY_534_D,LYS_536_D"
LYS_536_D,"ILE_512_D,VAL_514_D,GLY_535_D,PHE_537_D,ILE_538_D"
PHE_537_D,"ILE_512_D,CYS_521_D,LYS_536_D,ILE_538_D,ILE_554_D,GLU_568_D"
ILE_538_D,"VAL_514_D,ASN_515_D,THR_516_D,LYS_536_D,PHE_537_D,TRP_539_D"
TRP_539_D,"ILE_538_D,ALA_540_D,TRP_542_D,ASP_571_D,ILE_597_D"
ALA_540_D,"TRP_539_D,ASN_541_D,GLY_573_D"
ASN_541_D,"CYS_517_D,LYS_519_D,ALA_540_D,TRP_542_D"
TRP_542_D,"THR_516_D,CYS_517_D,TRP_539_D,ASN_541_D,GLN_543_D,TYR_545_D"
GLN_543_D,"TRP_542_D,TYR_545_D,GLY_546_D"
PRO_544_D,TYR_545_D
TYR_545_D,"PHE_430_D,TRP_542_D,GLN_543_D,PRO_544_D,GLY_546_D"
GLY_546_D,"GLN_543_D,TYR_545_D,THR_547_D"
THR_547_D,"GLY_546_D,VAL_548_D,PHE_551_D"
VAL_548_D,"THR_547_D,GLY_549_D"
GLY_549_D,"VAL_548_D,GLN_550_D"
GLN_550_D,"GLY_549_D,PHE_551_D,ASN_575_D,PHE_603_D"
PHE_551_D,"LYS_519_D,THR_547_D,GLN_550_D"
PRO_552_D,"GLY_553_D,GLU_578_D"
GLY_553_D,"CYS_521_D,PRO_552_D,ILE_554_D,GLY_576_D"
ILE_554_D,"PHE_537_D,GLY_553_D,THR_555_D,ILE_567_D,VAL_569_D,GLY_576_D,GLU_578_D"
THR_555_D,"GLN_520_D,LEU_522_D,LEU_524_D,ILE_554_D,ILE_556_D"
ILE_556_D,"THR_555_D,ASN_557_D,GLU_578_D,SER_580_D"
ASN_557_D,"LEU_524_D,ASP_525_D,GLY_526_D,ILE_556_D,ASN_558_D"
ASN_558_D,"ASN_557_D,SER_559_D,SER_580_D"
SER_559_D,"ASN_558_D,GLN_560_D"
GLN_560_D,"SER_559_D,ASN_561_D"
ASN_561_D,"GLN_560_D,MET_562_D,SER_584_D"
MET_562_D,"TRP_507_D,ASN_561_D,VAL_563_D,ILE_585_D,SER_586_D"
VAL_563_D,"GLY_530_D,MET_562_D,ILE_564_D"
ILE_564_D,"VAL_563_D,ASN_565_D,ILE_567_D,SER_586_D"
ASN_565_D,"ILE_532_D,GLY_534_D,ILE_564_D,GLY_566_D,ASN_588_D"
GLY_566_D,"ASN_565_D,ILE_567_D,GLY_589_D"
ILE_567_D,"ILE_554_D,ILE_564_D,GLY_566_D,GLU_568_D,LEU_590_D,ASN_591_D"
GLU_568_D,"PHE_537_D,ILE_567_D,VAL_569_D"
VAL_569_D,"ILE_554_D,GLU_568_D,GLN_570_D,ASN_591_D"
GLN_570_D,"VAL_569_D,ASP_571_D"
ASP_571_D,"TRP_539_D,GLN_570_D,CYS_572_D,ARG_594_D,TYR_623_D"
CYS_572_D,"ASP_571_D,GLY_573_D,ASN_595_D,GLY_596_D,ILE_597_D"
GLY_573_D,"ALA_540_D,CYS_572_D,GLY_574_D,ASN_598_D"
GLY_574_D,"GLY_573_D,ASN_575_D,GLY_596_D"
ASN_575_D,"GLN_550_D,GLY_574_D,GLY_576_D,GLU_578_D,TYR_604_D"
GLY_576_D,"GLY_553_D,ILE_554_D,ASN_575_D,ILE_577_D,TYR_604_D"
ILE_577_D,"GLY_576_D,GLU_578_D,ILE_579_D,ASN_605_D,VAL_607_D"
GLU_578_D,"PRO_552_D,ILE_554_D,ILE_556_D,ASN_575_D,ILE_577_D,ILE_579_D"
ILE_579_D,"ILE_577_D,GLU_578_D,SER_580_D,ASN_609_D"
SER_580_D,"ILE_556_D,ASN_558_D,ILE_579_D,GLU_581_D,SER_582_D"
GLU_581_D,"SER_580_D,SER_582_D,ASN_609_D,LYS_610_D,SER_611_D"
SER_582_D,"SER_580_D,GLU_581_D,TYR_583_D,ASP_612_D"
TYR_583_D,"SER_582_D,SER_584_D"
SER_584_D,"ASN_561_D,TYR_583_D,ILE_585_D"
ILE_585_D,"MET_562_D,SER_584_D,SER_586_D,VAL_614_D"
SER_586_D,"MET_562_D,ILE_564_D,ILE_585_D,MET_587_D"
MET_587_D,"SER_586_D,ASN_588_D,VAL_614_D,ASN_616_D"
ASN_588_D,"ASN_565_D,MET_587_D,GLY_589_D"
GLY_589_D,"GLY_566_D,ASN_588_D,LEU_590_D,ASN_616_D"
LEU_590_D,"ILE_567_D,GLY_589_D,ASN_591_D,THR_592_D,ILE_606_D,VAL_619_D"
ASN_591_D,"ILE_567_D,VAL_569_D,LEU_590_D,THR_592_D,ASN_593_D,VAL_619_D"
THR_592_D,"LEU_590_D,ASN_591_D,ASN_593_D"
ASN_593_D,"ASN_591_D,THR_592_D,ARG_594_D"
ARG_594_D,"ASP_571_D,ASN_593_D,ASN_595_D,TYR_623_D,ALA_624_D,ASN_632_D"
ASN_595_D,"CYS_572_D,ARG_594_D,GLY_596_D,ASN_605_D,SER_634_D"
GLY_596_D,"CYS_572_D,GLY_574_D,ASN_595_D,ILE_597_D"
ILE_597_D,"TRP_539_D,CYS_572_D,GLY_596_D,ASN_598_D,ASN_632_D"
ASN_598_D,"GLY_573_D,ILE_597_D,ALA_599_D"
ALA_599_D,"ASN_598_D,ASN_600_D"
ASN_600_D,"ALA_599_D,ASN_601_D,THR_602_D"
ASN_601_D,"ASN_600_D,THR_602_D"
THR_602_D,"ASN_600_D,ASN_601_D,PHE_603_D"
PHE_603_D,"GLN_550_D,THR_602_D,TYR_604_D,ALA_635_D"
TYR_604_D,"ASN_575_D,GLY_576_D,PHE_603_D,ASN_605_D,ALA_635_D,GLN_639_D"
ASN_605_D,"ILE_577_D,ASN_595_D,TYR_604_D,ILE_606_D,SER_634_D,ASN_637_D"
ILE_606_D,"LEU_590_D,ASN_605_D,VAL_607_D,PHE_608_D,ASN_637_D,GLN_639_D"
VAL_607_D,"ILE_577_D,ILE_606_D,PHE_608_D,LEU_641_D"
PHE_608_D,"ILE_606_D,VAL_607_D,ASN_609_D,ILE_615_D,GLN_639_D,PHE_640_D,LEU_641_D"
ASN_609_D,"ILE_579_D,GLU_581_D,PHE_608_D,LYS_610_D,SER_611_D"
LYS_610_D,"GLU_581_D,ASN_609_D,SER_611_D,SER_642_D"
SER_611_D,"GLU_581_D,ASN_609_D,LYS_610_D,ASP_612_D"
ASP_612_D,"SER_582_D,SER_611_D,ALA_613_D"
ALA_613_D,"ASP_612_D,VAL_614_D"
VAL_614_D,"ILE_585_D,MET_587_D,ALA_613_D,ILE_615_D"
ILE_615_D,"PHE_608_D,VAL_614_D,ASN_616_D,THR_648_D,ASN_650_D"
ASN_616_D,"MET_587_D,GLY_589_D,ILE_615_D,GLY_617_D"
GLY_617_D,"ASN_616_D,PHE_618_D"
PHE_618_D,"GLY_617_D,VAL_619_D,VAL_652_D"
VAL_619_D,"LEU_590_D,ASN_591_D,PHE_618_D,GLY_620_D"
GLY_620_D,"VAL_619_D,LEU_621_D,ASN_622_D"
LEU_621_D,"GLY_620_D,ASN_622_D,ASN_626_D,THR_655_D,TYR_657_D"
ASN_622_D,"GLY_620_D,LEU_621_D,TYR_623_D,ALA_624_D,SER_633_D"
TYR_623_D,"ASP_571_D,ARG_594_D,ASN_622_D,ALA_624_D,SER_627_D"
ALA_624_D,"ARG_594_D,ASN_622_D,TYR_623_D,ALA_625_D,GLY_628_D"
ALA_625_D,"ALA_624_D,ASN_626_D"
ASN_626_D,"LEU_621_D,ALA_625_D,SER_627_D"
SER_627_D,"TYR_623_D,ASN_626_D,GLY_628_D"
GLY_628_D,"ALA_624_D,SER_627_D,SER_629_D"
SER_629_D,"GLY_628_D,GLY_630_D"
GLY_630_D,"SER_629_D,ALA_631_D"
ALA_631_D,"GLY_630_D,ASN_632_D"
ASN_632_D,"ARG_594_D,ILE_597_D,ALA_631_D,SER_633_D"
SER_633_D,"ASN_622_D,ASN_632_D,SER_634_D"
SER_634_D,"ASN_595_D,ASN_605_D,SER_633_D,ALA_635_D"
ALA_635_D,"PHE_603_D,TYR_604_D,SER_634_D,GLY_636_D,ASN_667_D,ILE_668_D"
GLY_636_D,"ALA_635_D,ASN_637_D"
ASN_637_D,"ASN_605_D,ILE_606_D,GLY_636_D,PHE_638_D,VAL_653_D"
PHE_638_D,"ASN_637_D,GLN_639_D,ILE_649_D,VAL_653_D,TYR_899_D"
GLN_639_D,"TYR_604_D,ILE_606_D,PHE_608_D,PHE_638_D,PHE_640_D"
PHE_640_D,"PHE_608_D,GLN_639_D,LEU_641_D,LEU_676_D"
LEU_641_D,"VAL_607_D,PHE_608_D,PHE_640_D,SER_642_D"
SER_642_D,"LYS_610_D,LEU_641_D,ASN_643_D,ASP_644_D"
ASN_643_D,"SER_642_D,ASP_644_D"
ASP_644_D,"SER_642_D,ASN_643_D,CYS_645_D"
CYS_645_D,"ASP_644_D,SER_646_D"
SER_646_D,"CYS_645_D,VAL_647_D,ASP_675_D"
VAL_647_D,"SER_646_D,THR_648_D,ILE_649_D,ASP_675_D,SER_677_D"
THR_648_D,"ILE_615_D,VAL_647_D,ILE_649_D"
ILE_649_D,"PHE_638_D,VAL_647_D,THR_648_D,ASN_650_D,SER_677_D,ASN_679_D"
ASN_650_D,"ILE_615_D,ILE_649_D,GLY_651_D"
GLY_651_D,"ASN_650_D,VAL_652_D"
VAL_652_D,"PHE_618_D,GLY_651_D,VAL_653_D"
VAL_653_D,"ASN_637_D,PHE_638_D,VAL_652_D,GLU_654_D,ASN_666_D,ASN_892_D"
GLU_654_D,"VAL_653_D,THR_655_D,ASP_665_D,ASN_666_D,ARG_839_D,ARG_841_D,GLU_891_D"
THR_655_D,"LEU_621_D,GLU_654_D,GLY_656_D,TYR_657_D,ASP_665_D"
GLY_656_D,"THR_655_D,TYR_657_D,ARG_845_D"
TYR_657_D,"LEU_621_D,THR_655_D,GLY_656_D,MET_658_D,ASP_665_D,ARG_841_D"
MET_658_D,"TYR_657_D,GLY_659_D,TYR_848_D"
GLY_659_D,"MET_658_D,ILE_660_D,PHE_662_D,ARG_842_D"
ILE_660_D,"GLY_659_D,ASN_661_D,ARG_842_D"
ASN_661_D,"ILE_660_D,PHE_662_D"
PHE_662_D,"GLY_659_D,ASN_661_D,ILE_663_D,ARG_841_D"
ILE_663_D,"PHE_662_D,GLY_664_D"
GLY_664_D,"ILE_663_D,ASP_665_D,ASN_667_D"
ASP_665_D,"GLU_654_D,THR_655_D,TYR_657_D,GLY_664_D,ASN_666_D"
ASN_666_D,"VAL_653_D,GLU_654_D,ASP_665_D,ASN_667_D,ARG_839_D,VAL_895_D,TYR_899_D"
ASN_667_D,"ALA_635_D,GLY_664_D,ASN_666_D,ILE_668_D,ARG_839_D"
ILE_668_D,"ALA_635_D,ASN_667_D,ILE_669_D"
ILE_669_D,"ILE_668_D,ASN_670_D"
ASN_670_D,ILE_669_D
PRO_671_D,THR_672_D
THR_672_D,"PRO_671_D,ASN_673_D,SER_674_D,TYR_899_D"
ASN_673_D,"THR_672_D,SER_674_D"
SER_674_D,"THR_672_D,ASN_673_D,ASP_675_D,LEU_676_D"
ASP_675_D,"SER_646_D,VAL_647_D,SER_674_D,LEU_676_D,LYS_686_D"
LEU_676_D,"PHE_640_D,SER_674_D,ASP_675_D,SER_677_D"
SER_677_D,"VAL_647_D,ILE_649_D,LEU_676_D,ILE_678_D"
ILE_678_D,"SER_677_D,ASN_679_D,GLY_680_D,LEU_681_D,ALA_896_D,TYR_900_D"
ASN_679_D,"ILE_649_D,ILE_678_D,GLY_680_D"
GLY_680_D,"ILE_678_D,ASN_679_D,LEU_681_D"
LEU_681_D,"ILE_678_D,GLY_680_D,VAL_682_D,ALA_896_D,TYR_900_D"
VAL_682_D,"LEU_681_D,ASN_683_D"
ASN_683_D,"VAL_682_D,TYR_684_D,LYS_686_D,TYR_900_D"
TYR_684_D,"ASN_683_D,SER_685_D,PRO_905_D"
SER_685_D,"TYR_684_D,LYS_686_D"
LYS_686_D,"ASP_675_D,ASN_683_D,SER_685_D,THR_687_D"
THR_687_D,"LYS_686_D,GLY_688_D"
GLY_688_D,"THR_687_D,LEU_689_D"
LEU_689_D,"GLY_688_D,GLN_690_D"
GLN_690_D,"LEU_689_D,THR_691_D"
THR_691_D,"GLN_690_D,MET_692_D"
MET_692_D,"THR_691_D,ASN_693_D,GLU_694_D"
ASN_693_D,"MET_692_D,GLU_694_D,TYR_914_D,ARG_915_D"
GLU_694_D,"MET_692_D,ASN_693_D,THR_695_D,ARG_734_D,ILE_912_D,SER_913_D"
THR_695_D,GLU_694_D
PRO_696_D,"THR_697_D,TYR_732_D"
THR_697_D,"PRO_696_D,PHE_698_D,LEU_731_D"
PHE_698_D,"THR_697_D,ASP_699_D"
ASP_699_D,"PHE_698_D,GLY_700_D,LYS_729_D,LEU_731_D"
GLY_700_D,"ASP_699_D,VAL_701_D"
VAL_701_D,"GLY_700_D,SER_702_D,ASN_726_D"
SER_702_D,"VAL_701_D,THR_703_D,ASN_726_D"
THR_703_D,"SER_702_D,THR_704_D"
THR_704_D,THR_703_D
PRO_705_D,VAL_706_D
VAL_706_D,"PRO_705_D,TYR_707_D,ARG_721_D"
TYR_707_D,"VAL_706_D,VAL_708_D"
VAL_708_D,"TYR_707_D,SER_709_D,GLY_719_D,ARG_721_D,VAL_879_D"
SER_709_D,"VAL_708_D,VAL_710_D"
VAL_710_D,"SER_709_D,VAL_879_D"
PRO_711_D,SER_712_D
SER_712_D,"PRO_711_D,SER_713_D,GLY_715_D"
SER_713_D,"SER_712_D,VAL_714_D,GLN_835_D"
VAL_714_D,"SER_713_D,GLY_715_D,PRO_815_D,LYS_882_D"
GLY_715_D,"SER_712_D,VAL_714_D,GLN_716_D"
GLN_716_D,"GLY_715_D,VAL_717_D,ASN_718_D,LYS_882_D,ILE_916_D"
VAL_717_D,"GLN_716_D,ASN_718_D"
ASN_718_D,"GLN_716_D,VAL_717_D,GLY_719_D,ASP_918_D"
GLY_719_D,"VAL_708_D,ASN_718_D,LEU_720_D"
LEU_720_D,"GLY_719_D,ARG_721_D,GLY_880_D"
ARG_721_D,"VAL_706_D,VAL_708_D,LEU_720_D,LEU_722_D,ASP_728_D"
LEU_722_D,"ARG_721_D,SER_723_D,PHE_866_D,CYS_876_D,GLY_878_D"
SER_723_D,"LEU_722_D,GLN_724_D,ASN_726_D,ASP_728_D"
GLN_724_D,"SER_723_D,ALA_725_D,GLU_755_D,VAL_756_D,ALA_875_D"
ALA_725_D,"GLN_724_D,ASN_726_D"
ASN_726_D,"VAL_701_D,SER_702_D,SER_723_D,ALA_725_D,LYS_727_D"
LYS_727_D,"ASN_726_D,ASP_728_D,GLY_873_D,ASP_874_D"
ASP_728_D,"ARG_721_D,SER_723_D,LYS_727_D,LYS_729_D"
LYS_729_D,"ASP_699_D,ASP_728_D,LEU_730_D,ASP_868_D,ASN_870_D"
LEU_730_D,"LYS_729_D,LEU_731_D,PHE_865_D"
LEU_731_D,"THR_697_D,ASP_699_D,LEU_730_D,TYR_732_D"
TYR_732_D,"PRO_696_D,LEU_731_D,SER_733_D,LEU_863_D,PHE_865_D,SER_913_D"
SER_733_D,"TYR_732_D,ARG_734_D"
ARG_734_D,"GLU_694_D,SER_733_D,THR_735_D,GLU_739_D"
THR_735_D,"ARG_734_D,ALA_736_D"
ALA_736_D,"THR_735_D,GLY_737_D,PHE_857_D"
GLY_737_D,"ALA_736_D,GLU_739_D,GLY_740_D"
PRO_738_D,GLU_739_D
GLU_739_D,"ARG_734_D,GLY_737_D,PRO_738_D,GLY_740_D,MET_887_D"
GLY_740_D,"GLY_737_D,GLU_739_D,ILE_741_D"
ILE_741_D,"GLY_740_D,THR_742_D,ALA_822_D"
THR_742_D,"ILE_741_D,MET_743_D,GLY_886_D,SER_889_D"
MET_743_D,"THR_742_D,ALA_744_D,MET_760_D,ILE_820_D,PHE_865_D"
ALA_744_D,"MET_743_D,ALA_745_D,TYR_884_D"
ALA_745_D,"ALA_744_D,VAL_746_D,ILE_818_D"
VAL_746_D,"ALA_745_D,ILE_747_D,ALA_881_D"
ILE_747_D,"VAL_746_D,VAL_748_D,PHE_759_D,TYR_816_D,PHE_866_D"
VAL_748_D,"ILE_747_D,VAL_879_D"
PRO_749_D,"THR_750_D,GLY_813_D"
THR_750_D,"PRO_749_D,ILE_751_D,SER_877_D"
ILE_751_D,"THR_750_D,SER_752_D,ILE_779_D,SER_812_D"
SER_752_D,"ILE_751_D,GLY_753_D"
GLY_753_D,"SER_752_D,ALA_754_D"
ALA_754_D,"GLY_753_D,GLU_755_D"
GLU_755_D,"GLN_724_D,ALA_754_D,VAL_756_D,PHE_757_D,ILE_779_D,SER_877_D"
VAL_756_D,"GLN_724_D,GLU_755_D,PHE_757_D"
PHE_757_D,"GLU_755_D,VAL_756_D,ASN_758_D,LEU_777_D"
ASN_758_D,"PHE_757_D,PHE_759_D,GLN_776_D,ASP_874_D"
PHE_759_D,"ILE_747_D,ASN_758_D,MET_760_D,LEU_775_D,LEU_777_D,ILE_818_D,PHE_866_D"
MET_760_D,"MET_743_D,PHE_759_D,ALA_761_D"
ALA_761_D,"MET_760_D,ILE_762_D,THR_864_D,ASP_868_D"
ILE_762_D,"ALA_761_D,GLY_763_D,LEU_773_D,ILE_856_D"
GLY_763_D,"ILE_762_D,SER_764_D,SER_862_D"
SER_764_D,"GLY_763_D,GLY_765_D"
GLY_765_D,"SER_764_D,PHE_766_D,SER_772_D"
PHE_766_D,"GLY_765_D,SER_767_D,ILE_799_D"
SER_767_D,"PHE_766_D,ASP_768_D,THR_769_D"
ASP_768_D,"SER_767_D,THR_769_D"
THR_769_D,"SER_767_D,ASP_768_D,SER_770_D"
SER_770_D,"THR_769_D,ASN_771_D,SER_772_D"
ASN_771_D,"SER_770_D,SER_772_D,GLY_792_D,SER_855_D,SER_861_D"
SER_772_D,"GLY_765_D,SER_770_D,ASN_771_D,LEU_773_D,GLY_792_D"
LEU_773_D,"ILE_762_D,SER_772_D,HIS_774_D,ALA_822_D,PHE_827_D"
HIS_774_D,"LEU_773_D,LEU_775_D,LEU_790_D,ASP_868_D"
LEU_775_D,"PHE_759_D,HIS_774_D,GLN_776_D,ILE_818_D,ILE_820_D,TRP_829_D"
GLN_776_D,"ASN_758_D,LEU_775_D,LEU_777_D,ALA_788_D"
LEU_777_D,"PHE_757_D,PHE_759_D,GLN_776_D,VAL_778_D,ILE_787_D"
VAL_778_D,"LEU_777_D,ILE_779_D,THR_786_D"
ILE_779_D,"ILE_751_D,GLU_755_D,VAL_778_D,ASP_780_D"
ASP_780_D,"ILE_779_D,ALA_781_D,SER_782_D,GLY_783_D,LYS_784_D"
ALA_781_D,"ASP_780_D,SER_782_D"
SER_782_D,"ASP_780_D,ALA_781_D,GLY_783_D"
GLY_783_D,"ASP_780_D,SER_782_D,LYS_784_D"
LYS_784_D,"ASP_780_D,GLY_783_D,GLN_785_D,ASP_803_D"
GLN_785_D,"LYS_784_D,THR_786_D,LEU_804_D,LEU_810_D"
THR_786_D,"VAL_778_D,GLN_785_D,ILE_787_D,ASP_803_D"
ILE_787_D,"LEU_777_D,THR_786_D,ALA_788_D,TRP_829_D,ILE_831_D"
ALA_788_D,"GLN_776_D,ILE_787_D,LEU_789_D"
LEU_789_D,"ALA_788_D,LEU_790_D,LEU_800_D,PHE_827_D"
LEU_790_D,"HIS_774_D,LEU_789_D,LEU_791_D,ILE_799_D"
LEU_791_D,"LEU_790_D,GLY_792_D,GLN_798_D,LEU_800_D,PHE_853_D"
GLY_792_D,"ASN_771_D,SER_772_D,LEU_791_D,GLY_793_D"
GLY_793_D,"GLY_792_D,ASP_794_D,THR_796_D"
ASP_794_D,"GLY_793_D,GLY_795_D,ASN_854_D,SER_855_D"
GLY_795_D,"ASP_794_D,THR_796_D"
THR_796_D,"GLY_793_D,GLY_795_D,THR_797_D,VAL_851_D"
THR_797_D,"THR_796_D,GLN_798_D"
GLN_798_D,"LEU_791_D,THR_797_D,ILE_799_D,LEU_800_D,TYR_848_D,ALA_850_D,PHE_853_D"
ILE_799_D,"PHE_766_D,LEU_790_D,GLN_798_D,LEU_800_D"
LEU_800_D,"LEU_789_D,LEU_791_D,GLN_798_D,ILE_799_D,SER_801_D,PHE_844_D"
SER_801_D,"LEU_800_D,GLY_802_D"
GLY_802_D,"SER_801_D,ASP_803_D"
ASP_803_D,"LYS_784_D,THR_786_D,GLY_802_D,LEU_804_D"
LEU_804_D,"GLN_785_D,ASP_803_D,LEU_810_D"
PRO_805_D,"ASN_806_D,LEU_808_D"
ASN_806_D,"PRO_805_D,ASP_807_D"
ASP_807_D,"ASN_806_D,LEU_808_D"
LEU_808_D,"PRO_805_D,ASP_807_D,LYS_809_D"
LYS_809_D,"LEU_808_D,LEU_810_D"
LEU_810_D,"GLN_785_D,LEU_804_D,LYS_809_D,GLN_811_D"
GLN_811_D,"LEU_810_D,SER_812_D,VAL_814_D,TYR_816_D"
SER_812_D,"ILE_751_D,GLN_811_D,GLY_813_D"
GLY_813_D,"PRO_749_D,SER_812_D,VAL_814_D"
VAL_814_D,"GLN_811_D,GLY_813_D"
PRO_815_D,"VAL_714_D,TYR_816_D,ILE_834_D"
TYR_816_D,"ILE_747_D,GLN_811_D,PRO_815_D,HIS_817_D,ILE_831_D,ASN_833_D"
HIS_817_D,"TYR_816_D,ILE_818_D,LEU_832_D,TYR_894_D,ARG_898_D"
ILE_818_D,"ALA_745_D,PHE_759_D,LEU_775_D,HIS_817_D,ALA_819_D"
ALA_819_D,"ILE_818_D,ILE_820_D,SER_830_D,TYR_894_D"
ILE_820_D,"MET_743_D,LEU_775_D,ALA_819_D,GLY_821_D"
GLY_821_D,"ILE_820_D,ALA_822_D,TRP_828_D"
ALA_822_D,"ILE_741_D,LEU_773_D,GLY_821_D,LYS_823_D,PHE_827_D"
LYS_823_D,"ALA_822_D,PRO_824_D,TYR_826_D"
PRO_824_D,"LYS_823_D,GLY_825_D"
GLY_825_D,"PRO_824_D,TYR_826_D,PRO_852_D"
TYR_826_D,"LYS_823_D,GLY_825_D,PHE_827_D,ARG_845_D"
PHE_827_D,"LEU_773_D,LEU_789_D,ALA_822_D,TYR_826_D,TRP_828_D,PHE_844_D"
TRP_828_D,"GLY_821_D,PHE_827_D,TRP_829_D,SER_889_D,GLU_891_D,TYR_894_D"
TRP_829_D,"LEU_775_D,ILE_787_D,TRP_828_D,SER_830_D,ILE_831_D,ARG_842_D"
SER_830_D,"ALA_819_D,TRP_829_D,ILE_831_D"
ILE_831_D,"ILE_787_D,TYR_816_D,TRP_829_D,SER_830_D,LEU_832_D,ILE_840_D"
LEU_832_D,"HIS_817_D,ILE_831_D,ASN_833_D"
ASN_833_D,"TYR_816_D,LEU_832_D,ILE_834_D,GLN_835_D,GLY_837_D,LYS_838_D"
ILE_834_D,"PRO_815_D,ASN_833_D,GLN_835_D,ILE_903_D"
GLN_835_D,"SER_713_D,ASN_833_D,ILE_834_D,THR_836_D"
THR_836_D,"GLN_835_D,GLY_837_D"
GLY_837_D,"ASN_833_D,THR_836_D,LYS_838_D"
LYS_838_D,"ASN_833_D,GLY_837_D,ARG_839_D"
ARG_839_D,"GLU_654_D,ASN_666_D,ASN_667_D,LYS_838_D,ILE_840_D,ARG_841_D,GLU_891_D"
ILE_840_D,"ILE_831_D,ARG_839_D,ARG_841_D"
ARG_841_D,"GLU_654_D,TYR_657_D,PHE_662_D,ARG_839_D,ILE_840_D,ARG_842_D,GLU_891_D"
ARG_842_D,"GLY_659_D,ILE_660_D,TRP_829_D,ARG_841_D,SER_843_D,PHE_844_D"
SER_843_D,"ARG_842_D,PHE_844_D"
PHE_844_D,"LEU_800_D,PHE_827_D,ARG_842_D,SER_843_D,ARG_845_D"
ARG_845_D,"GLY_656_D,TYR_826_D,PHE_844_D,GLY_846_D"
GLY_846_D,"ARG_845_D,ALA_847_D,LEU_849_D"
ALA_847_D,"GLY_846_D,TYR_848_D"
TYR_848_D,"MET_658_D,GLN_798_D,ALA_847_D,LEU_849_D"
LEU_849_D,"GLY_846_D,TYR_848_D,ALA_850_D"
ALA_850_D,"GLN_798_D,LEU_849_D,VAL_851_D"
VAL_851_D,"THR_796_D,ALA_850_D,PHE_853_D"
PRO_852_D,"GLY_825_D,PHE_853_D"
PHE_853_D,"LEU_791_D,GLN_798_D,VAL_851_D,PRO_852_D,ASN_854_D,ILE_856_D"
ASN_854_D,"ASP_794_D,PHE_853_D,SER_855_D,PHE_857_D"
SER_855_D,"ASN_771_D,ASP_794_D,ASN_854_D,ILE_856_D"
ILE_856_D,"ILE_762_D,PHE_853_D,SER_855_D,PHE_857_D"
PHE_857_D,"ALA_736_D,ASN_854_D,ILE_856_D,GLY_858_D"
GLY_858_D,"PHE_857_D,LEU_859_D"
LEU_859_D,"GLY_858_D,THR_860_D"
THR_860_D,"LEU_859_D,SER_861_D"
SER_861_D,"ASN_771_D,THR_860_D,SER_862_D"
SER_862_D,"GLY_763_D,SER_861_D,LEU_863_D"
LEU_863_D,"TYR_732_D,SER_862_D,THR_864_D,VAL_885_D"
THR_864_D,"ALA_761_D,LEU_863_D,PHE_865_D"
PHE_865_D,"LEU_730_D,TYR_732_D,MET_743_D,THR_864_D,PHE_866_D,VAL_883_D,VAL_885_D"
PHE_866_D,"LEU_722_D,ILE_747_D,PHE_759_D,PHE_865_D,SER_867_D,VAL_883_D"
SER_867_D,"PHE_866_D,ASP_868_D,ASP_874_D"
ASP_868_D,"LYS_729_D,ALA_761_D,HIS_774_D,SER_867_D,SER_869_D"
SER_869_D,"ASP_868_D,ASN_870_D"
ASN_870_D,"LYS_729_D,SER_869_D,ALA_871_D,GLY_872_D"
ALA_871_D,"ASN_870_D,GLY_872_D"
GLY_872_D,"ASN_870_D,ALA_871_D,GLY_873_D"
GLY_873_D,"LYS_727_D,GLY_872_D,ASP_874_D"
ASP_874_D,"LYS_727_D,ASN_758_D,SER_867_D,GLY_873_D,ALA_875_D"
ALA_875_D,"GLN_724_D,ASP_874_D,CYS_876_D"
CYS_876_D,"LEU_722_D,ALA_875_D,SER_877_D"
SER_877_D,"THR_750_D,GLU_755_D,CYS_876_D,GLY_878_D"
GLY_878_D,"LEU_722_D,SER_877_D,VAL_879_D"
VAL_879_D,"VAL_708_D,VAL_710_D,VAL_748_D,GLY_878_D,GLY_880_D"
GLY_880_D,"LEU_720_D,VAL_879_D,ALA_881_D"
ALA_881_D,"VAL_746_D,GLY_880_D,LYS_882_D"
LYS_882_D,"VAL_714_D,GLN_716_D,ALA_881_D,VAL_883_D,ILE_903_D,ILE_916_D"
VAL_883_D,"PHE_865_D,PHE_866_D,LYS_882_D,TYR_884_D,ARG_915_D"
TYR_884_D,"ALA_744_D,VAL_883_D,VAL_885_D,PRO_905_D,VAL_906_D"
VAL_885_D,"LEU_863_D,PHE_865_D,TYR_884_D,GLY_886_D,ILE_912_D,SER_913_D"
GLY_886_D,"THR_742_D,VAL_885_D,MET_887_D"
MET_887_D,"GLU_739_D,GLY_886_D,PHE_888_D,LYS_910_D"
PHE_888_D,"MET_887_D,SER_889_D,LYS_910_D"
SER_889_D,"THR_742_D,TRP_828_D,PHE_888_D,SER_890_D"
SER_890_D,"SER_889_D,GLU_891_D,TYR_894_D"
GLU_891_D,"GLU_654_D,TRP_828_D,ARG_839_D,ARG_841_D,SER_890_D,ASN_892_D,VAL_895_D"
ASN_892_D,"VAL_653_D,GLU_891_D,ASP_893_D,ALA_896_D"
ASP_893_D,"ASN_892_D,TYR_894_D,SER_897_D,ASP_907_D,LYS_910_D"
TYR_894_D,"HIS_817_D,ALA_819_D,TRP_828_D,SER_890_D,ASP_893_D,VAL_895_D,SER_897_D,VAL_906_D"
VAL_895_D,"ASN_666_D,GLU_891_D,TYR_894_D,ALA_896_D,ARG_898_D"
ALA_896_D,"ILE_678_D,LEU_681_D,ASN_892_D,VAL_895_D,SER_897_D"
SER_897_D,"ASP_893_D,TYR_894_D,ALA_896_D,ARG_898_D"
ARG_898_D,"HIS_817_D,VAL_895_D,SER_897_D,TYR_899_D,LEU_902_D,ASN_904_D"
TYR_899_D,"PHE_638_D,ASN_666_D,THR_672_D,ARG_898_D,TYR_900_D"
TYR_900_D,"ILE_678_D,LEU_681_D,ASN_683_D,TYR_899_D,ASN_901_D"
ASN_901_D,"TYR_900_D,LEU_902_D,ILE_903_D,ASN_904_D"
LEU_902_D,"ARG_898_D,ASN_901_D,ILE_903_D"
ILE_903_D,"ILE_834_D,LYS_882_D,ASN_901_D,LEU_902_D,ASN_904_D"
ASN_904_D,"ARG_898_D,ASN_901_D,ILE_903_D"
PRO_905_D,"TYR_684_D,TYR_884_D,VAL_906_D,TYR_914_D"
VAL_906_D,"TYR_884_D,TYR_894_D,PRO_905_D,ASP_907_D"
ASP_907_D,"ASP_893_D,VAL_906_D,THR_909_D,LYS_910_D"
PRO_908_D,THR_909_D
THR_909_D,"ASP_907_D,PRO_908_D,LYS_910_D"
LYS_910_D,"MET_887_D,PHE_888_D,ASP_893_D,ASP_907_D,THR_909_D,LEU_911_D"
LEU_911_D,"LYS_910_D,ILE_912_D"
ILE_912_D,"GLU_694_D,VAL_885_D,LEU_911_D,SER_913_D"
SER_913_D,"GLU_694_D,TYR_732_D,VAL_885_D,ILE_912_D,TYR_914_D"
TYR_914_D,"ASN_693_D,PRO_905_D,SER_913_D,ARG_915_D,ILE_916_D"
ARG_915_D,"ASN_693_D,VAL_883_D,TYR_914_D,ILE_916_D,HIS_922_D,HIS_923_D"
ILE_916_D,"GLN_716_D,LYS_882_D,TYR_914_D,ARG_915_D,LEU_917_D"
LEU_917_D,"ILE_916_D,ASP_918_D"
ASP_918_D,"ASN_718_D,LEU_917_D,SER_919_D"
SER_919_D,"ASP_918_D,SER_920_D"
SER_920_D,"SER_919_D,ILE_921_D,HIS_922_D"
ILE_921_D,"SER_920_D,HIS_922_D"
HIS_922_D,"ARG_915_D,SER_920_D,ILE_921_D,HIS_923_D"
HIS_923_D,"ARG_915_D,HIS_922_D"
