residue_id,neighbors
GLY_31_B,TYR_32_B
TYR_32_B,"GLY_31_B,GLN_33_B,ASN_36_B"
GLN_33_B,"TYR_32_B,PHE_34_B"
PHE_34_B,"GLN_33_B,LEU_35_B"
LEU_35_B,"PHE_34_B,ASN_36_B,ILE_39_B"
ASN_36_B,"TYR_32_B,LEU_35_B,ARG_37_B,PHE_40_B"
ARG_37_B,"ASN_36_B,ASP_38_B,GLU_111_B"
ASP_38_B,"ARG_37_B,ILE_39_B,LYS_41_B,SER_42_B,LYS_467_B"
ILE_39_B,"LEU_35_B,ASP_38_B,PHE_40_B,TYR_691_B"
PHE_40_B,"ASN_36_B,ILE_39_B,LYS_41_B,ILE_101_B,PHE_112_B"
LYS_41_B,"ASP_38_B,PHE_40_B,SER_42_B,LYS_467_B"
SER_42_B,"ASP_38_B,LYS_41_B,CYS_43_B,LYS_467_B"
CYS_43_B,"SER_42_B,ARG_45_B,PHE_96_B"
PRO_44_B,"ARG_45_B,TYR_689_B"
ARG_45_B,"CYS_43_B,PRO_44_B,ILE_46_B,GLU_94_B,ALA_462_B"
ILE_46_B,"ARG_45_B,MET_47_B,TYR_95_B,TYR_419_B,ILE_461_B"
MET_47_B,"ILE_46_B,GLU_48_B,ARG_460_B"
GLU_48_B,"MET_47_B,ARG_49_B,GLY_52_B,GLU_53_B,CYS_54_B,HIS_80_B,TYR_95_B"
ARG_49_B,"GLU_48_B,GLN_50_B,GLU_53_B,ARG_460_B"
GLN_50_B,"ARG_49_B,PHE_51_B"
PHE_51_B,"GLN_50_B,GLY_52_B,GLU_91_B"
GLY_52_B,"GLU_48_B,PHE_51_B,GLU_53_B"
GLU_53_B,"GLU_48_B,ARG_49_B,GLY_52_B,CYS_54_B,ASN_57_B,ARG_460_B"
CYS_54_B,"GLU_48_B,GLU_53_B,LEU_55_B"
LEU_55_B,"CYS_54_B,HIS_56_B,THR_59_B"
HIS_56_B,"LEU_55_B,ASN_57_B"
ASN_57_B,"GLU_53_B,HIS_56_B,ARG_58_B,LEU_61_B"
ARG_58_B,"ASN_57_B,THR_59_B,ILE_76_B,ASP_144_B,ARG_146_B"
THR_59_B,"LEU_55_B,ARG_58_B,HIS_60_B,ARG_146_B"
HIS_60_B,"THR_59_B,LEU_61_B,LYS_63_B,ASP_64_B"
LEU_61_B,"ASN_57_B,HIS_60_B,ILE_62_B,LEU_65_B"
ILE_62_B,"LEU_61_B,LYS_63_B,ILE_66_B,PHE_137_B,CYS_162_B"
LYS_63_B,"HIS_60_B,ILE_62_B,ASP_64_B,SER_67_B,CYS_162_B,GLU_165_B"
ASP_64_B,"HIS_60_B,LYS_63_B,LEU_65_B"
LEU_65_B,"LEU_61_B,ASP_64_B,ILE_66_B"
ILE_66_B,"ILE_62_B,LEU_65_B,SER_67_B,VAL_71_B,ASN_142_B"
SER_67_B,"LYS_63_B,ILE_66_B,SER_68_B"
SER_68_B,"SER_67_B,GLY_69_B"
GLY_69_B,"SER_68_B,ASN_70_B"
ASN_70_B,"GLY_69_B,VAL_71_B"
VAL_71_B,"ILE_66_B,ASN_70_B,GLY_72_B,PHE_137_B"
GLY_72_B,"VAL_71_B,LEU_73_B"
LEU_73_B,"GLY_72_B,GLY_74_B,PHE_139_B,ILE_185_B,ARG_186_B,ILE_189_B,TYR_249_B"
GLY_74_B,LEU_73_B
PRO_75_B,ILE_76_B
ILE_76_B,"ARG_58_B,PRO_75_B,GLU_77_B,THR_99_B"
GLU_77_B,"ILE_76_B,ILE_78_B,VAL_98_B,CYS_136_B,ARG_186_B"
ILE_78_B,"GLU_77_B,VAL_79_B,TYR_97_B,CYS_135_B"
VAL_79_B,"ILE_78_B,HIS_80_B,PHE_96_B,PHE_112_B,LEU_116_B"
HIS_80_B,"GLU_48_B,VAL_79_B,MET_81_B,THR_133_B"
MET_81_B,"HIS_80_B,SER_82_B,TYR_83_B,GLU_94_B,LEU_132_B"
SER_82_B,"MET_81_B,TYR_83_B,ILE_131_B"
TYR_83_B,"MET_81_B,SER_82_B,LEU_84_B,PHE_92_B,ILE_126_B,ILE_130_B,THR_444_B"
LEU_84_B,"TYR_83_B,ASN_85_B"
ASN_85_B,"LEU_84_B,LYS_86_B,GLU_90_B,ASN_125_B"
LYS_86_B,"ASN_85_B,HIS_87_B,ASN_125_B"
HIS_87_B,"LYS_86_B,GLU_88_B,ASN_125_B"
GLU_88_B,"HIS_87_B,LYS_89_B"
LYS_89_B,"GLU_88_B,GLU_90_B"
GLU_90_B,"ASN_85_B,LYS_89_B,GLU_91_B"
GLU_91_B,"PHE_51_B,GLU_90_B,PHE_92_B"
PHE_92_B,"TYR_83_B,GLU_91_B,GLY_93_B,ASN_440_B,THR_444_B"
GLY_93_B,"PHE_92_B,GLU_94_B"
GLU_94_B,"ARG_45_B,MET_81_B,GLY_93_B,TYR_95_B,THR_444_B"
TYR_95_B,"ILE_46_B,GLU_48_B,GLU_94_B,PHE_96_B,TYR_97_B"
PHE_96_B,"CYS_43_B,VAL_79_B,TYR_95_B,TYR_97_B"
TYR_97_B,"ILE_78_B,TYR_95_B,PHE_96_B,VAL_98_B"
VAL_98_B,"GLU_77_B,TYR_97_B,THR_99_B"
THR_99_B,"ILE_76_B,VAL_98_B,GLY_100_B,VAL_202_B,CYS_204_B"
GLY_100_B,"THR_99_B,ILE_101_B"
ILE_101_B,"PHE_40_B,GLY_100_B,GLU_102_B"
GLU_102_B,"ILE_101_B,VAL_103_B,PHE_180_B,LYS_218_B"
VAL_103_B,"GLU_102_B,SER_104_B,TRP_176_B"
SER_104_B,"VAL_103_B,GLY_105_B"
GLY_105_B,SER_104_B
PRO_106_B,ALA_107_B
ALA_107_B,"PRO_106_B,MET_108_B,GLU_111_B"
MET_108_B,ALA_107_B
PRO_109_B,"VAL_110_B,LEU_113_B,TYR_134_B,ILE_147_B"
VAL_110_B,"PRO_109_B,GLU_111_B,GLU_114_B"
GLU_111_B,"ARG_37_B,ALA_107_B,VAL_110_B,PHE_112_B"
PHE_112_B,"PHE_40_B,VAL_79_B,GLU_111_B,LEU_113_B"
LEU_113_B,"PRO_109_B,PHE_112_B,GLU_114_B,TYR_149_B"
GLU_114_B,"VAL_110_B,LEU_113_B,VAL_115_B,SER_118_B"
VAL_115_B,"GLU_114_B,LEU_116_B,SER_119_B"
LEU_116_B,"VAL_79_B,VAL_115_B,LYS_117_B"
LYS_117_B,"LEU_116_B,SER_118_B,LYS_120_B,LEU_132_B,TYR_149_B,ASP_153_B"
SER_118_B,"GLU_114_B,LYS_117_B,SER_119_B"
SER_119_B,"VAL_115_B,SER_118_B,LYS_120_B"
LYS_120_B,"LYS_117_B,SER_119_B,ARG_121_B,ILE_130_B"
ARG_121_B,"LYS_120_B,ILE_122_B,ARG_446_B"
ILE_122_B,"ARG_121_B,SER_123_B"
SER_123_B,"ILE_122_B,LYS_124_B,GLY_443_B"
LYS_124_B,"SER_123_B,ASN_125_B,ARG_446_B"
ASN_125_B,"ASN_85_B,LYS_86_B,HIS_87_B,LYS_124_B,ILE_126_B"
ILE_126_B,"TYR_83_B,ASN_125_B,SER_127_B"
SER_127_B,"ILE_126_B,ASN_128_B,ASN_129_B"
ASN_128_B,"SER_127_B,ASN_129_B"
ASN_129_B,"SER_127_B,ASN_128_B,ILE_130_B"
ILE_130_B,"TYR_83_B,LYS_120_B,ASN_129_B,ILE_131_B"
ILE_131_B,"SER_82_B,ILE_130_B,LEU_132_B"
LEU_132_B,"MET_81_B,LYS_117_B,ILE_131_B,THR_133_B,TYR_149_B"
THR_133_B,"HIS_80_B,LEU_132_B,TYR_134_B"
TYR_134_B,"PRO_109_B,THR_133_B,CYS_135_B,CYS_136_B,ILE_147_B"
CYS_135_B,"ILE_78_B,TYR_134_B,CYS_136_B"
CYS_136_B,"GLU_77_B,TYR_134_B,CYS_135_B,PHE_137_B,ILE_145_B"
PHE_137_B,"ILE_62_B,VAL_71_B,CYS_136_B,ASN_138_B,PHE_139_B,ARG_186_B"
ASN_138_B,"PHE_137_B,PHE_139_B,ASN_142_B,LEU_143_B,ILE_145_B,THR_179_B"
PHE_139_B,"LEU_73_B,PHE_137_B,ASN_138_B,PHE_140_B"
PHE_140_B,"PHE_139_B,SER_141_B,GLU_178_B"
SER_141_B,"PHE_140_B,ASN_142_B,GLU_178_B"
ASN_142_B,"ILE_66_B,ASN_138_B,SER_141_B,LEU_143_B"
LEU_143_B,"ASN_138_B,ASN_142_B,ASP_144_B,ILE_145_B"
ASP_144_B,"ARG_58_B,LEU_143_B,ILE_145_B,ARG_146_B,ILE_160_B"
ILE_145_B,"CYS_136_B,ASN_138_B,LEU_143_B,ASP_144_B,ARG_146_B,THR_179_B"
ARG_146_B,"ARG_58_B,THR_59_B,ASP_144_B,ILE_145_B,ILE_147_B,THR_158_B"
ILE_147_B,"PRO_109_B,TYR_134_B,ARG_146_B,ARG_148_B"
ARG_148_B,"ILE_147_B,TYR_149_B,ASP_150_B,GLN_156_B"
TYR_149_B,"LEU_113_B,LYS_117_B,LEU_132_B,ARG_148_B,ASP_150_B"
ASP_150_B,"ARG_148_B,TYR_149_B,ALA_151_B,ASP_152_B"
ALA_151_B,"ASP_150_B,ASP_152_B"
ASP_152_B,"ASP_150_B,ALA_151_B,ASP_153_B,THR_154_B"
ASP_153_B,"LYS_117_B,ASP_152_B,THR_154_B"
THR_154_B,"ASP_152_B,ASP_153_B,PHE_155_B"
PHE_155_B,"THR_154_B,GLN_156_B"
GLN_156_B,"ARG_148_B,PHE_155_B,THR_157_B"
THR_157_B,"GLN_156_B,THR_158_B,MET_171_B,TRP_176_B"
THR_158_B,"ARG_146_B,THR_157_B,ALA_159_B,ILE_160_B"
ALA_159_B,"THR_158_B,ILE_160_B,LEU_169_B,MET_171_B"
ILE_160_B,"ASP_144_B,THR_158_B,ALA_159_B,ASP_161_B"
ASP_161_B,"ILE_160_B,CYS_162_B,ASN_163_B,LYS_164_B"
CYS_162_B,"ILE_62_B,LYS_63_B,ASP_161_B,ASN_163_B"
ASN_163_B,"ASP_161_B,CYS_162_B,LYS_164_B"
LYS_164_B,"ASP_161_B,ASN_163_B,GLU_165_B,THR_166_B,THR_167_B"
GLU_165_B,"LYS_63_B,LYS_164_B,THR_166_B,THR_167_B"
THR_166_B,"LYS_164_B,GLU_165_B,THR_167_B"
THR_167_B,"LYS_164_B,GLU_165_B,THR_166_B,ASP_168_B"
ASP_168_B,"THR_167_B,LEU_169_B"
LEU_169_B,"ALA_159_B,ASP_168_B,THR_170_B"
THR_170_B,"LEU_169_B,MET_171_B"
MET_171_B,"THR_157_B,ALA_159_B,THR_170_B,THR_172_B,MET_175_B"
THR_172_B,"MET_171_B,GLU_173_B,TRP_176_B"
GLU_173_B,"THR_172_B,LYS_174_B"
LYS_174_B,"GLU_173_B,MET_175_B,GLU_178_B,ARG_229_B"
MET_175_B,"MET_171_B,LYS_174_B,TRP_176_B"
TRP_176_B,"VAL_103_B,THR_157_B,THR_172_B,MET_175_B,GLU_177_B,THR_179_B"
GLU_177_B,"TRP_176_B,GLU_178_B,ARG_225_B"
GLU_178_B,"PHE_140_B,SER_141_B,LYS_174_B,GLU_177_B,THR_179_B,SER_182_B,ARG_229_B"
THR_179_B,"ASN_138_B,ILE_145_B,TRP_176_B,GLU_178_B,PHE_180_B,SER_183_B"
PHE_180_B,"GLU_102_B,THR_179_B,ALA_181_B,SER_183_B,VAL_184_B,LEU_222_B"
ALA_181_B,"PHE_180_B,SER_182_B,ILE_185_B"
SER_182_B,"GLU_178_B,ALA_181_B,SER_183_B"
SER_183_B,"THR_179_B,PHE_180_B,SER_182_B,VAL_184_B,ALA_187_B"
VAL_184_B,"PHE_180_B,SER_183_B,ILE_185_B"
ILE_185_B,"LEU_73_B,ALA_181_B,VAL_184_B,ARG_186_B,ILE_189_B,LEU_223_B,LEU_250_B"
ARG_186_B,"LEU_73_B,GLU_77_B,PHE_137_B,ILE_185_B,ALA_187_B,THR_190_B"
ALA_187_B,"SER_183_B,ARG_186_B,ILE_188_B"
ILE_188_B,"ALA_187_B,ILE_189_B,THR_192_B,PHE_206_B"
ILE_189_B,"LEU_73_B,ILE_185_B,ILE_188_B,THR_190_B,ASN_193_B,TYR_249_B"
THR_190_B,"ARG_186_B,ILE_189_B,ASN_191_B"
ASN_191_B,"THR_190_B,THR_192_B,GLU_203_B"
THR_192_B,"ILE_188_B,ASN_191_B,ASN_193_B"
ASN_193_B,"ILE_189_B,THR_192_B,LEU_196_B"
PRO_194_B,"GLU_195_B,GLY_488_B"
GLU_195_B,"PRO_194_B,LEU_196_B"
LEU_196_B,"ASN_193_B,GLU_195_B,LYS_197_B"
LYS_197_B,"LEU_196_B,GLU_203_B"
PRO_199_B,"GLY_200_B,TYR_420_B"
GLY_200_B,"PRO_199_B,LEU_201_B"
LEU_201_B,"GLY_200_B,VAL_202_B,GLU_203_B"
VAL_202_B,"THR_99_B,LEU_201_B,GLU_203_B"
GLU_203_B,"ASN_191_B,LYS_197_B,LEU_201_B,VAL_202_B,CYS_204_B,TYR_689_B,TYR_691_B"
CYS_204_B,"THR_99_B,GLU_203_B,PHE_206_B"
PRO_205_B,PHE_206_B
PHE_206_B,"ILE_188_B,CYS_204_B,PRO_205_B,TYR_207_B,ILE_219_B,PHE_257_B"
TYR_207_B,"PHE_206_B,VAL_208_B,CYS_692_B,TRP_736_B"
VAL_208_B,"TYR_207_B,GLY_209_B"
GLY_209_B,"VAL_208_B,LYS_210_B"
LYS_210_B,"GLY_209_B,ASP_211_B"
ASP_211_B,"LYS_210_B,THR_212_B,SER_215_B"
THR_212_B,"ASP_211_B,ILE_213_B,CYS_216_B,ASP_739_B"
ILE_213_B,"THR_212_B,SER_214_B,LYS_217_B"
SER_214_B,"ILE_213_B,SER_215_B,LYS_218_B"
SER_215_B,"ASP_211_B,SER_214_B,CYS_216_B"
CYS_216_B,"THR_212_B,SER_215_B,LYS_217_B,LEU_264_B"
LYS_217_B,"ILE_213_B,CYS_216_B,LYS_218_B,GLU_221_B,PHE_267_B"
LYS_218_B,"GLU_102_B,SER_214_B,LYS_217_B,ILE_219_B"
ILE_219_B,"PHE_206_B,LYS_218_B,ILE_220_B"
ILE_220_B,"ILE_219_B,GLU_221_B,CYS_224_B,PHE_257_B,ILE_258_B,THR_268_B"
GLU_221_B,"LYS_217_B,ILE_220_B,LEU_222_B,ARG_225_B,TYR_271_B"
LEU_222_B,"PHE_180_B,GLU_221_B,LEU_223_B,PHE_226_B"
LEU_223_B,"ILE_185_B,LEU_222_B,CYS_224_B,LEU_250_B"
CYS_224_B,"ILE_220_B,LEU_223_B,ARG_225_B"
ARG_225_B,"GLU_177_B,GLU_221_B,CYS_224_B,PHE_226_B"
PHE_226_B,"LEU_222_B,ARG_225_B,LEU_227_B,ARG_229_B"
LEU_227_B,"PHE_226_B,MET_251_B,LEU_272_B,ALA_289_B"
PRO_228_B,ARG_229_B
ARG_229_B,"LYS_174_B,GLU_178_B,PHE_226_B,PRO_228_B,SER_230_B,ASN_232_B"
SER_230_B,"ARG_229_B,LEU_231_B"
LEU_231_B,"SER_230_B,ASN_232_B"
ASN_232_B,"ARG_229_B,LEU_231_B,CYS_233_B"
CYS_233_B,"ASN_232_B,GLY_234_B"
GLY_234_B,"CYS_233_B,TRP_235_B,TYR_249_B"
TRP_235_B,"GLY_234_B,ASP_236_B,ALA_243_B"
ASP_236_B,"TRP_235_B,SER_237_B,LYS_239_B"
SER_237_B,"ASP_236_B,THR_238_B"
THR_238_B,"SER_237_B,LYS_239_B"
LYS_239_B,"ASP_236_B,THR_238_B,SER_240_B,TRP_523_B"
SER_240_B,"LYS_239_B,MET_241_B,GLN_242_B"
MET_241_B,"SER_240_B,GLN_242_B"
GLN_242_B,"SER_240_B,MET_241_B,ALA_243_B"
ALA_243_B,"TRP_235_B,GLN_242_B,THR_244_B"
THR_244_B,"ALA_243_B,ILE_245_B,ASN_247_B,ASN_248_B,ASP_338_B"
ILE_245_B,"THR_244_B,VAL_246_B,ASN_248_B,TYR_285_B,THR_288_B"
VAL_246_B,"ILE_245_B,ASN_247_B,THR_288_B,ASP_338_B"
ASN_247_B,"THR_244_B,VAL_246_B,ASN_248_B,TYR_252_B"
ASN_248_B,"THR_244_B,ILE_245_B,ASN_247_B,TYR_249_B,MET_251_B"
TYR_249_B,"LEU_73_B,ILE_189_B,GLY_234_B,ASN_248_B,LEU_250_B,SER_253_B"
LEU_250_B,"ILE_185_B,LEU_223_B,TYR_249_B,MET_251_B,SER_253_B"
MET_251_B,"LEU_227_B,ASN_248_B,LEU_250_B,TYR_252_B"
TYR_252_B,"ASN_247_B,MET_251_B,SER_253_B,SER_256_B"
SER_253_B,"TYR_249_B,LEU_250_B,TYR_252_B,LEU_254_B"
LEU_254_B,"SER_253_B,LYS_255_B"
LYS_255_B,"LEU_254_B,SER_256_B,HIS_296_B"
SER_256_B,"TYR_252_B,LYS_255_B,PHE_257_B"
PHE_257_B,"PHE_206_B,ILE_220_B,SER_256_B,ILE_258_B"
ILE_258_B,"ILE_220_B,PHE_257_B,ALA_259_B,THR_261_B,VAL_265_B,ILE_293_B"
ALA_259_B,"ILE_258_B,ILE_260_B"
ILE_260_B,"ALA_259_B,THR_261_B,GLN_698_B,TRP_736_B"
THR_261_B,"ILE_258_B,ILE_260_B,LEU_264_B"
PRO_262_B,SER_263_B
SER_263_B,"PRO_262_B,LEU_264_B,LEU_740_B"
LEU_264_B,"CYS_216_B,THR_261_B,SER_263_B,VAL_265_B,THR_268_B"
VAL_265_B,"ILE_258_B,LEU_264_B,ASP_266_B,ILE_269_B,LEU_294_B"
ASP_266_B,"VAL_265_B,PHE_267_B,LYS_300_B"
PHE_267_B,"LYS_217_B,ASP_266_B,THR_268_B,TYR_271_B"
THR_268_B,"ILE_220_B,LEU_264_B,PHE_267_B,ILE_269_B,LEU_272_B"
ILE_269_B,"VAL_265_B,THR_268_B,ASP_270_B,LYS_273_B"
ASP_270_B,"ILE_269_B,TYR_271_B,LYS_273_B"
TYR_271_B,"GLU_221_B,PHE_267_B,ASP_270_B,LEU_272_B"
LEU_272_B,"LEU_227_B,THR_268_B,TYR_271_B,LYS_273_B,MET_290_B"
LYS_273_B,"ILE_269_B,ASP_270_B,LEU_272_B,GLY_274_B,THR_276_B"
GLY_274_B,"LYS_273_B,LEU_275_B"
LEU_275_B,"GLY_274_B,THR_276_B,ASP_279_B,TYR_286_B"
THR_276_B,"LYS_273_B,LEU_275_B,LYS_277_B,TYR_286_B"
LYS_277_B,"THR_276_B,LYS_278_B"
LYS_278_B,"LYS_277_B,ASP_279_B"
ASP_279_B,"LEU_275_B,LYS_278_B,HIS_282_B,TYR_286_B"
PRO_280_B,ILE_281_B
ILE_281_B,"PRO_280_B,HIS_282_B"
HIS_282_B,"ASP_279_B,ILE_281_B,ASP_283_B"
ASP_283_B,"HIS_282_B,ILE_284_B,LYS_287_B"
ILE_284_B,"ASP_283_B,TYR_285_B,THR_288_B"
TYR_285_B,"ILE_245_B,ILE_284_B,TYR_286_B,ALA_289_B"
TYR_286_B,"LEU_275_B,THR_276_B,ASP_279_B,TYR_285_B,LYS_287_B"
LYS_287_B,"ASP_283_B,TYR_286_B,THR_288_B,GLU_310_B"
THR_288_B,"ILE_245_B,VAL_246_B,ILE_284_B,LYS_287_B,ALA_289_B,THR_292_B"
ALA_289_B,"LEU_227_B,TYR_285_B,THR_288_B,MET_290_B,ILE_293_B"
MET_290_B,"LEU_272_B,ALA_289_B,ILE_291_B,ILE_307_B"
ILE_291_B,"MET_290_B,THR_292_B,LEU_308_B"
THR_292_B,"THR_288_B,ILE_291_B,ILE_293_B"
ILE_293_B,"ILE_258_B,ALA_289_B,THR_292_B,LEU_294_B"
LEU_294_B,"VAL_265_B,ILE_293_B,ASP_295_B,LYS_300_B"
ASP_295_B,"LEU_294_B,HIS_296_B"
HIS_296_B,"LYS_255_B,ASP_295_B,ILE_297_B"
ILE_297_B,"HIS_296_B,GLU_298_B"
GLU_298_B,"ILE_297_B,THR_299_B"
THR_299_B,"GLU_298_B,LYS_300_B"
LYS_300_B,"ASP_266_B,LEU_294_B,THR_299_B,GLU_301_B,MET_304_B"
GLU_301_B,"LYS_300_B,LEU_302_B,ARG_350_B"
LEU_302_B,"GLU_301_B,ASP_303_B,THR_306_B"
ASP_303_B,"LEU_302_B,MET_304_B"
MET_304_B,"LYS_300_B,ASP_303_B,ILE_305_B,LEU_308_B"
ILE_305_B,"MET_304_B,THR_306_B,ASN_309_B,PHE_346_B"
THR_306_B,"LEU_302_B,ILE_305_B,ILE_307_B"
ILE_307_B,"MET_290_B,THR_306_B,LEU_308_B,THR_311_B"
LEU_308_B,"ILE_291_B,MET_304_B,ILE_307_B,ASN_309_B,LEU_312_B"
ASN_309_B,"ILE_305_B,LEU_308_B,GLU_310_B"
GLU_310_B,"LYS_287_B,ASN_309_B,THR_311_B"
THR_311_B,"ILE_307_B,GLU_310_B,LEU_312_B"
LEU_312_B,"LEU_308_B,THR_311_B,ASP_313_B"
ASP_313_B,"LEU_312_B,LEU_316_B"
PRO_314_B,"LEU_315_B,LEU_316_B,SER_317_B"
LEU_315_B,"PRO_314_B,LEU_316_B,SER_317_B"
LEU_316_B,"ASP_313_B,PRO_314_B,LEU_315_B,SER_317_B"
SER_317_B,"PRO_314_B,LEU_315_B,LEU_316_B,LEU_318_B"
LEU_318_B,"SER_317_B,LEU_319_B,LEU_332_B"
LEU_319_B,"LEU_318_B,ASN_320_B"
ASN_320_B,"LEU_319_B,ASP_321_B"
ASP_321_B,"ASN_320_B,LEU_322_B"
LEU_322_B,ASP_321_B
PRO_323_B,ARG_325_B
PRO_324_B,ARG_325_B
ARG_325_B,"PRO_323_B,PRO_324_B,ASP_326_B"
ASP_326_B,"ARG_325_B,ALA_327_B,ASP_328_B,SER_329_B"
ALA_327_B,"ASP_326_B,ASP_328_B"
ASP_328_B,"ASP_326_B,ALA_327_B,SER_329_B,ARG_331_B"
SER_329_B,"ASP_326_B,ASP_328_B,ALA_330_B,MET_333_B"
ALA_330_B,"SER_329_B,ARG_331_B,ASN_334_B"
ARG_331_B,"ASP_328_B,ALA_330_B,LEU_332_B"
LEU_332_B,"LEU_318_B,ARG_331_B,MET_333_B,MET_336_B"
MET_333_B,"SER_329_B,LEU_332_B,ASN_334_B,SER_337_B"
ASN_334_B,"ALA_330_B,MET_333_B,CYS_335_B,ASP_338_B"
CYS_335_B,"ASN_334_B,MET_336_B,LEU_339_B"
MET_336_B,"LEU_332_B,CYS_335_B,SER_337_B,LEU_366_B"
SER_337_B,"MET_333_B,MET_336_B,ASP_338_B,SER_373_B"
ASP_338_B,"THR_244_B,VAL_246_B,ASN_334_B,SER_337_B,LEU_339_B"
LEU_339_B,"CYS_335_B,ASP_338_B,LEU_340_B"
LEU_340_B,"LEU_339_B,ASN_341_B,THR_344_B,VAL_359_B,LEU_366_B"
ASN_341_B,"LEU_340_B,ILE_342_B,ASN_345_B,SER_363_B"
ILE_342_B,"ASN_341_B,GLN_343_B"
GLN_343_B,"ILE_342_B,THR_344_B,LEU_347_B"
THR_344_B,"LEU_340_B,GLN_343_B,ASN_345_B,LEU_348_B"
ASN_345_B,"ASN_341_B,THR_344_B,PHE_346_B,ARG_379_B"
PHE_346_B,"ILE_305_B,ASN_345_B,LEU_347_B"
LEU_347_B,"GLN_343_B,PHE_346_B,LEU_348_B,ASP_352_B,ALA_356_B"
LEU_348_B,"THR_344_B,LEU_347_B,ASN_349_B,ALA_356_B"
ASN_349_B,"LEU_348_B,ARG_350_B"
ARG_350_B,"GLU_301_B,ASN_349_B,GLY_351_B"
GLY_351_B,"ARG_350_B,ASP_352_B,TYR_353_B"
ASP_352_B,"LEU_347_B,GLY_351_B,TYR_353_B"
TYR_353_B,"GLY_351_B,ASP_352_B,GLU_354_B"
GLU_354_B,"TYR_353_B,LEU_355_B,LYS_384_B"
LEU_355_B,"GLU_354_B,ALA_356_B"
ALA_356_B,"LEU_347_B,LEU_348_B,LEU_355_B,LEU_357_B,SER_360_B"
LEU_357_B,"ALA_356_B,GLY_358_B,ASN_361_B,LEU_377_B"
GLY_358_B,"LEU_357_B,VAL_359_B,THR_362_B"
VAL_359_B,"LEU_340_B,GLY_358_B,SER_360_B,SER_363_B"
SER_360_B,"ALA_356_B,VAL_359_B,ASN_361_B,THR_364_B"
ASN_361_B,"LEU_357_B,SER_360_B,THR_362_B"
THR_362_B,"GLY_358_B,ASN_361_B,SER_363_B"
SER_363_B,"ASN_341_B,VAL_359_B,THR_362_B,THR_364_B,SER_373_B"
THR_364_B,"SER_360_B,SER_363_B,GLU_365_B,TRP_374_B"
GLU_365_B,"THR_364_B,LEU_366_B"
LEU_366_B,"MET_336_B,LEU_340_B,GLU_365_B,ALA_367_B"
ALA_367_B,"LEU_366_B,LEU_368_B"
LEU_368_B,"ALA_367_B,ASP_369_B,TRP_374_B"
ASP_369_B,"LEU_368_B,SER_370_B"
SER_370_B,"ASP_369_B,PHE_371_B"
PHE_371_B,"SER_370_B,GLU_372_B,TYR_375_B,TRP_523_B,PHE_524_B,LYS_527_B"
GLU_372_B,"PHE_371_B,SER_373_B,ARG_379_B"
SER_373_B,"SER_337_B,SER_363_B,GLU_372_B,TRP_374_B"
TRP_374_B,"THR_364_B,LEU_368_B,SER_373_B,TYR_375_B,ALA_378_B"
TYR_375_B,"PHE_371_B,TRP_374_B,ASN_376_B,LYS_527_B,LEU_531_B"
ASN_376_B,"TYR_375_B,LEU_377_B,CYS_380_B"
LEU_377_B,"LEU_357_B,ASN_376_B,ALA_378_B"
ALA_378_B,"TRP_374_B,LEU_377_B,ARG_379_B,ILE_382_B,LEU_531_B"
ARG_379_B,"ASN_345_B,GLU_372_B,ALA_378_B,CYS_380_B,LEU_531_B,GLU_534_B"
CYS_380_B,"ASN_376_B,ARG_379_B,HIS_381_B"
HIS_381_B,"CYS_380_B,ILE_382_B,GLU_385_B,GLU_386_B,LYS_389_B,ALA_390_B"
ILE_382_B,"ALA_378_B,HIS_381_B,LYS_383_B,GLU_385_B,ALA_390_B"
LYS_383_B,"ILE_382_B,LYS_384_B,GLU_534_B"
LYS_384_B,"GLU_354_B,LYS_383_B,GLU_385_B,GLU_386_B"
GLU_385_B,"HIS_381_B,ILE_382_B,LYS_384_B,GLU_386_B"
GLU_386_B,"HIS_381_B,LYS_384_B,GLU_385_B,TYR_387_B,LYS_389_B"
TYR_387_B,"GLU_386_B,GLU_388_B,LEU_391_B,ILE_539_B,ILE_547_B"
GLU_388_B,"TYR_387_B,LYS_389_B,PHE_392_B"
LYS_389_B,"HIS_381_B,GLU_386_B,GLU_388_B,ALA_390_B"
ALA_390_B,"HIS_381_B,ILE_382_B,LYS_389_B,LEU_391_B"
LEU_391_B,"TYR_387_B,ALA_390_B,PHE_392_B,ILE_547_B"
PHE_392_B,"GLU_388_B,LEU_391_B,ALA_393_B,SER_396_B"
ALA_393_B,"PHE_392_B,ILE_394_B"
ILE_394_B,"ALA_393_B,ASN_395_B,ILE_528_B"
ASN_395_B,"ILE_394_B,SER_396_B,MET_397_B"
SER_396_B,"PHE_392_B,ASN_395_B,MET_397_B"
MET_397_B,"ASN_395_B,SER_396_B"
PRO_398_B,ARG_399_B
ARG_399_B,PRO_398_B
ARG_413_B,"PHE_414_B,LEU_415_B"
PHE_414_B,"ARG_413_B,LEU_415_B,THR_416_B"
LEU_415_B,"ARG_413_B,PHE_414_B,THR_416_B"
THR_416_B,"PHE_414_B,LEU_415_B,SER_417_B"
SER_417_B,"THR_416_B,ASN_418_B,TYR_419_B"
ASN_418_B,"SER_417_B,TYR_419_B"
TYR_419_B,"ILE_46_B,SER_417_B,ASN_418_B,TYR_420_B,ARG_460_B"
TYR_420_B,"PRO_199_B,TYR_419_B,LYS_421_B,LYS_422_B,PHE_458_B"
LYS_421_B,"TYR_420_B,LYS_422_B,ARG_428_B,GLU_429_B,ASP_432_B"
LYS_422_B,"TYR_420_B,LYS_421_B,ARG_428_B,GLN_490_B"
PRO_423_B,"LEU_424_B,PHE_458_B"
LEU_424_B,"PRO_423_B,ASN_425_B,THR_427_B"
ASN_425_B,"LEU_424_B,GLY_426_B"
GLY_426_B,"ASN_425_B,THR_427_B"
THR_427_B,"LEU_424_B,GLY_426_B,ARG_428_B"
ARG_428_B,"LYS_421_B,LYS_422_B,THR_427_B,GLU_429_B"
GLU_429_B,"LYS_421_B,ARG_428_B,HIS_430_B"
HIS_430_B,"GLU_429_B,TYR_431_B,ILE_457_B,GLY_459_B"
TYR_431_B,"HIS_430_B,ASP_432_B"
ASP_432_B,"LYS_421_B,TYR_431_B,LEU_433_B,GLY_459_B"
LEU_433_B,"ASP_432_B,THR_434_B,ILE_457_B"
THR_434_B,"LEU_433_B,ALA_435_B,PHE_438_B"
ALA_435_B,"THR_434_B,MET_436_B,THR_439_B"
MET_436_B,"ALA_435_B,GLU_437_B"
GLU_437_B,"MET_436_B,PHE_438_B,ARG_460_B"
PHE_438_B,"THR_434_B,GLU_437_B,THR_439_B,SER_442_B"
THR_439_B,"ALA_435_B,PHE_438_B,ASN_440_B,GLY_443_B"
ASN_440_B,"PHE_92_B,THR_439_B,LEU_441_B"
LEU_441_B,"ASN_440_B,SER_442_B,THR_444_B,LEU_445_B,ILE_457_B"
SER_442_B,"PHE_438_B,LEU_441_B,GLY_443_B,LEU_445_B"
GLY_443_B,"SER_123_B,THR_439_B,SER_442_B,THR_444_B"
THR_444_B,"TYR_83_B,PHE_92_B,GLU_94_B,LEU_441_B,GLY_443_B,LEU_445_B"
LEU_445_B,"LEU_441_B,SER_442_B,THR_444_B,ARG_446_B,LEU_453_B,ILE_464_B"
ARG_446_B,"ARG_121_B,LYS_124_B,LEU_445_B,ASN_447_B"
ASN_447_B,"ARG_446_B,TRP_448_B,GLU_466_B"
TRP_448_B,"ASN_447_B,LYS_449_B,ILE_464_B"
LYS_449_B,"TRP_448_B,GLU_450_B,ASP_451_B,GLU_452_B,ARG_455_B"
GLU_450_B,"LYS_449_B,ASP_451_B,LYS_454_B"
ASP_451_B,"LYS_449_B,GLU_450_B,GLU_452_B,ARG_455_B"
GLU_452_B,"LYS_449_B,ASP_451_B,LEU_453_B,ARG_455_B"
LEU_453_B,"LEU_445_B,GLU_452_B,LYS_454_B"
LYS_454_B,"GLU_450_B,LEU_453_B,ARG_455_B"
ARG_455_B,"LYS_449_B,ASP_451_B,GLU_452_B,LYS_454_B,GLN_456_B"
GLN_456_B,"ARG_455_B,ILE_457_B,MET_463_B"
ILE_457_B,"HIS_430_B,LEU_433_B,LEU_441_B,GLN_456_B,PHE_458_B"
PHE_458_B,"TYR_420_B,PRO_423_B,ILE_457_B,GLY_459_B,ILE_461_B,MET_463_B"
GLY_459_B,"HIS_430_B,ASP_432_B,PHE_458_B,ARG_460_B"
ARG_460_B,"MET_47_B,ARG_49_B,GLU_53_B,TYR_419_B,GLU_437_B,GLY_459_B,ILE_461_B"
ILE_461_B,"ILE_46_B,PHE_458_B,ARG_460_B,ALA_462_B"
ALA_462_B,"ARG_45_B,ILE_461_B,MET_463_B,ILE_464_B"
MET_463_B,"GLN_456_B,PHE_458_B,ALA_462_B,ILE_464_B,PRO_485_B,ARG_687_B"
ILE_464_B,"LEU_445_B,TRP_448_B,ALA_462_B,MET_463_B,ASN_465_B,TYR_689_B"
ASN_465_B,"ILE_464_B,GLU_466_B"
GLU_466_B,"ASN_447_B,ASN_465_B,LYS_467_B"
LYS_467_B,"ASP_38_B,LYS_41_B,SER_42_B,GLU_466_B,LYS_468_B"
LYS_468_B,"LYS_467_B,ILE_469_B,ASP_477_B,GLU_725_B"
ILE_469_B,"LYS_468_B,GLY_470_B,TYR_691_B"
GLY_470_B,"ILE_469_B,TYR_471_B,SER_683_B,GLU_725_B"
TYR_471_B,"GLY_470_B,THR_472_B,TRP_476_B,ASP_477_B,GLU_725_B"
THR_472_B,"TYR_471_B,LYS_473_B,TRP_476_B,SER_683_B"
LYS_473_B,"THR_472_B,GLU_474_B"
GLU_474_B,"LYS_473_B,ILE_475_B,LYS_680_B"
ILE_475_B,"GLU_474_B,TRP_476_B,ILE_479_B,ALA_480_B,TYR_684_B"
TRP_476_B,"TYR_471_B,THR_472_B,ILE_475_B,ASP_477_B,SER_683_B"
ASP_477_B,"LYS_468_B,TYR_471_B,TRP_476_B,ASP_478_B"
ASP_478_B,"ASP_477_B,ILE_479_B,ILE_481_B,LYS_482_B"
ILE_479_B,"ILE_475_B,ASP_478_B,ALA_480_B"
ALA_480_B,"ILE_475_B,ILE_479_B,ILE_481_B,TYR_688_B"
ILE_481_B,"ASP_478_B,ALA_480_B,LYS_482_B"
LYS_482_B,"ASP_478_B,ILE_481_B,LEU_483_B,GLY_484_B"
LEU_483_B,"LYS_482_B,GLY_484_B"
GLY_484_B,"LYS_482_B,LEU_483_B,TYR_684_B"
PRO_485_B,"MET_463_B,ILE_486_B,TYR_688_B"
ILE_486_B,"PRO_485_B,CYS_487_B,TYR_497_B"
CYS_487_B,"ILE_486_B,GLY_488_B,TYR_497_B"
GLY_488_B,"PRO_194_B,CYS_487_B,SER_491_B"
PRO_489_B,GLN_490_B
GLN_490_B,"LYS_422_B,PRO_489_B,SER_491_B"
SER_491_B,"GLY_488_B,GLN_490_B,VAL_492_B"
VAL_492_B,"SER_491_B,ASN_493_B,ILE_517_B"
ASN_493_B,"VAL_492_B,LEU_494_B,ASN_515_B"
LEU_494_B,"ASN_493_B,ILE_495_B,GLU_617_B,VAL_647_B"
ILE_495_B,"LEU_494_B,ASN_496_B"
ASN_496_B,"ILE_495_B,TYR_497_B"
TYR_497_B,"ILE_486_B,CYS_487_B,ASN_496_B,VAL_498_B"
VAL_498_B,"TYR_497_B,SER_499_B,LEU_614_B"
SER_499_B,VAL_498_B
PRO_500_B,"GLN_501_B,LYS_504_B"
GLN_501_B,"PRO_500_B,GLU_502_B,ASN_505_B"
GLU_502_B,"GLN_501_B,VAL_503_B,ARG_643_B"
VAL_503_B,"GLU_502_B,LYS_504_B"
LYS_504_B,"PRO_500_B,VAL_503_B,ASN_505_B"
ASN_505_B,"GLN_501_B,LYS_504_B,ILE_506_B"
ILE_506_B,"ASN_505_B,LYS_507_B"
LYS_507_B,"ILE_506_B,ASN_508_B"
ASN_508_B,"LYS_507_B,ILE_509_B"
ILE_509_B,"ASN_508_B,ASN_510_B,ILE_512_B,ALA_513_B"
ASN_510_B,"ILE_509_B,LEU_511_B,ARG_514_B"
LEU_511_B,"ASN_510_B,ILE_512_B,ASN_515_B,GLU_615_B,ILE_622_B"
ILE_512_B,"ILE_509_B,LEU_511_B,ALA_513_B,ASN_515_B,THR_516_B"
ALA_513_B,"ILE_509_B,ILE_512_B,ARG_514_B"
ARG_514_B,"ASN_510_B,ALA_513_B,ASN_515_B,LYS_519_B,ASP_592_B,ASP_596_B,LEU_599_B,ARG_625_B"
ASN_515_B,"ASN_493_B,LEU_511_B,ILE_512_B,ARG_514_B,THR_516_B,LEU_618_B"
THR_516_B,"ILE_512_B,ASN_515_B,ILE_517_B"
ILE_517_B,"VAL_492_B,THR_516_B,GLY_518_B"
GLY_518_B,"ILE_517_B,LYS_519_B,GLN_520_B"
LYS_519_B,"ARG_514_B,GLY_518_B,GLN_520_B,ARG_625_B"
GLN_520_B,"GLY_518_B,LYS_519_B,LEU_521_B,GLY_522_B"
LEU_521_B,"GLN_520_B,GLY_522_B,SER_525_B"
GLY_522_B,"GLN_520_B,LEU_521_B,TRP_523_B,GLY_526_B"
TRP_523_B,"LYS_239_B,PHE_371_B,GLY_522_B,PHE_524_B"
PHE_524_B,"PHE_371_B,TRP_523_B,SER_525_B,ILE_528_B"
SER_525_B,"LEU_521_B,PHE_524_B,GLY_526_B,TYR_529_B"
GLY_526_B,"GLY_522_B,SER_525_B,LYS_527_B"
LYS_527_B,"PHE_371_B,TYR_375_B,GLY_526_B,ILE_528_B"
ILE_528_B,"ILE_394_B,PHE_524_B,LYS_527_B,TYR_529_B,LEU_532_B,TRP_585_B,LEU_589_B"
TYR_529_B,"SER_525_B,ILE_528_B,GLY_530_B,MET_533_B,LEU_593_B,ASP_596_B,ARG_625_B"
GLY_530_B,"TYR_529_B,LEU_531_B,GLU_534_B"
LEU_531_B,"TYR_375_B,ALA_378_B,ARG_379_B,GLY_530_B,LEU_532_B"
LEU_532_B,"ILE_528_B,LEU_531_B,MET_533_B,VAL_536_B,LEU_593_B"
MET_533_B,"TYR_529_B,LEU_532_B,GLU_534_B,ASN_537_B,LEU_593_B,LEU_597_B,THR_626_B,TRP_627_B"
GLU_534_B,"ARG_379_B,LYS_383_B,GLY_530_B,MET_533_B,ILE_535_B,TRP_627_B"
ILE_535_B,"GLU_534_B,VAL_536_B,LYS_538_B,ILE_539_B"
VAL_536_B,"LEU_532_B,ILE_535_B,ASN_537_B,GLY_540_B,LEU_544_B"
ASN_537_B,"MET_533_B,VAL_536_B,LYS_538_B"
LYS_538_B,"ILE_535_B,ASN_537_B,ILE_539_B"
ILE_539_B,"TYR_387_B,ILE_535_B,LYS_538_B,GLY_540_B"
GLY_540_B,"VAL_536_B,ILE_539_B,TRP_541_B"
TRP_541_B,"GLY_540_B,ASN_542_B,LEU_545_B,TYR_594_B"
ASN_542_B,"TRP_541_B,GLY_543_B"
GLY_543_B,"ASN_542_B,LEU_544_B"
LEU_544_B,"VAL_536_B,GLY_543_B,LEU_545_B,PHE_590_B"
LEU_545_B,"TRP_541_B,LEU_544_B,ASN_546_B,PHE_590_B"
ASN_546_B,"LEU_545_B,ILE_547_B"
ILE_547_B,"TYR_387_B,LEU_391_B,ASN_546_B,ARG_548_B,ALA_551_B"
ARG_548_B,"ILE_547_B,THR_549_B,GLU_583_B,ASP_587_B"
THR_549_B,"ARG_548_B,GLU_550_B,MET_553_B"
GLU_550_B,"THR_549_B,ALA_551_B"
ALA_551_B,"ILE_547_B,GLU_550_B,PHE_552_B"
PHE_552_B,"ALA_551_B,MET_553_B"
MET_553_B,"THR_549_B,PHE_552_B,MET_554_B"
MET_554_B,MET_553_B
CYS_582_B,GLU_583_B
GLU_583_B,"ARG_548_B,CYS_582_B,GLY_584_B,TRP_585_B,LEU_586_B,ASP_587_B"
GLY_584_B,"GLU_583_B,TRP_585_B"
TRP_585_B,"ILE_528_B,GLU_583_B,GLY_584_B,LEU_586_B"
LEU_586_B,"GLU_583_B,TRP_585_B,ASP_587_B,PHE_590_B"
ASP_587_B,"ARG_548_B,GLU_583_B,LEU_586_B,ASP_588_B"
ASP_588_B,"ASP_587_B,LEU_589_B,ASP_592_B"
LEU_589_B,"ILE_528_B,ASP_588_B,PHE_590_B,LEU_593_B"
PHE_590_B,"LEU_544_B,LEU_545_B,LEU_586_B,LEU_589_B,LEU_591_B,TYR_594_B"
LEU_591_B,"PHE_590_B,ASP_592_B,GLN_595_B"
ASP_592_B,"ARG_514_B,ASP_588_B,LEU_591_B,LEU_593_B,ASP_596_B"
LEU_593_B,"TYR_529_B,LEU_532_B,MET_533_B,LEU_589_B,ASP_592_B,TYR_594_B,LEU_597_B"
TYR_594_B,"TRP_541_B,PHE_590_B,LEU_593_B,GLN_595_B,LYS_598_B"
GLN_595_B,"LEU_591_B,TYR_594_B,ASP_596_B,LEU_599_B"
ASP_596_B,"ARG_514_B,TYR_529_B,ASP_592_B,GLN_595_B,LEU_597_B,SER_600_B,ARG_625_B,THR_626_B"
LEU_597_B,"MET_533_B,LEU_593_B,ASP_596_B,LYS_598_B,THR_626_B"
LYS_598_B,"TYR_594_B,LEU_597_B,LEU_599_B,LYS_601_B"
LEU_599_B,"ARG_514_B,GLN_595_B,LYS_598_B,SER_600_B,ILE_622_B"
SER_600_B,"ASP_596_B,LEU_599_B,LYS_601_B,THR_626_B"
LYS_601_B,"LYS_598_B,SER_600_B,ILE_602_B"
ILE_602_B,"LYS_601_B,SER_603_B,LEU_604_B"
SER_603_B,"ILE_602_B,LEU_604_B"
LEU_604_B,"ILE_602_B,SER_603_B,SER_605_B,HIS_611_B,TRP_616_B,LEU_619_B"
SER_605_B,"LEU_604_B,ASN_606_B"
ASN_606_B,"SER_605_B,LYS_607_B"
LYS_607_B,"ASN_606_B,ASP_608_B"
ASP_608_B,"LYS_607_B,GLU_609_B,LYS_610_B"
GLU_609_B,"ASP_608_B,LYS_610_B,HIS_611_B"
LYS_610_B,"ASP_608_B,GLU_609_B,HIS_611_B"
HIS_611_B,"LEU_604_B,GLU_609_B,LYS_610_B,SER_612_B,GLU_615_B"
SER_612_B,"HIS_611_B,GLY_613_B"
GLY_613_B,"SER_612_B,LEU_614_B,GLU_617_B"
LEU_614_B,"VAL_498_B,GLY_613_B,GLU_615_B,LEU_618_B"
GLU_615_B,"LEU_511_B,HIS_611_B,LEU_614_B,TRP_616_B"
TRP_616_B,"LEU_604_B,GLU_615_B,GLU_617_B,GLY_620_B"
GLU_617_B,"LEU_494_B,GLY_613_B,TRP_616_B,LEU_618_B,GLY_620_B,LEU_621_B,ARG_643_B,ASP_645_B"
LEU_618_B,"ASN_515_B,LEU_614_B,GLU_617_B,LEU_619_B"
LEU_619_B,"LEU_604_B,LEU_618_B,GLY_620_B"
GLY_620_B,"TRP_616_B,GLU_617_B,LEU_619_B,LEU_621_B,LEU_624_B"
LEU_621_B,"GLU_617_B,GLY_620_B,ILE_622_B"
ILE_622_B,"LEU_511_B,LEU_599_B,LEU_621_B,MET_623_B"
MET_623_B,"ILE_622_B,LEU_624_B,HIS_628_B,ALA_632_B"
LEU_624_B,"GLY_620_B,MET_623_B,ARG_625_B,TRP_629_B,ALA_632_B,ILE_655_B"
ARG_625_B,"ARG_514_B,LYS_519_B,TYR_529_B,ASP_596_B,LEU_624_B,THR_626_B"
THR_626_B,"MET_533_B,ASP_596_B,LEU_597_B,SER_600_B,ARG_625_B,TRP_627_B,HIS_628_B"
TRP_627_B,"MET_533_B,GLU_534_B,THR_626_B,HIS_628_B,TRP_629_B"
HIS_628_B,"MET_623_B,THR_626_B,TRP_627_B,TRP_629_B,ASP_631_B,ALA_632_B"
TRP_629_B,"LEU_624_B,TRP_627_B,HIS_628_B,GLU_630_B,VAL_633_B,PRO_660_B"
GLU_630_B,"TRP_629_B,ASP_631_B"
ASP_631_B,"HIS_628_B,GLU_630_B,ALA_632_B,CYS_635_B"
ALA_632_B,"MET_623_B,LEU_624_B,HIS_628_B,ASP_631_B,VAL_633_B,LEU_636_B"
VAL_633_B,"TRP_629_B,ALA_632_B,ALA_634_B,ARG_637_B,ILE_655_B"
ALA_634_B,"VAL_633_B,CYS_635_B"
CYS_635_B,"ASP_631_B,ALA_634_B,LEU_636_B,THR_638_B"
LEU_636_B,"ALA_632_B,CYS_635_B,ARG_637_B,SER_639_B"
ARG_637_B,"VAL_633_B,LEU_636_B,THR_638_B,ASP_670_B"
THR_638_B,"CYS_635_B,ARG_637_B,SER_639_B"
SER_639_B,"LEU_636_B,THR_638_B,ILE_640_B,SER_648_B"
ILE_640_B,"SER_639_B,VAL_641_B,LEU_677_B"
VAL_641_B,"ILE_640_B,ALA_642_B"
ALA_642_B,"VAL_641_B,ARG_643_B"
ARG_643_B,"GLU_502_B,GLU_617_B,ALA_642_B,PHE_644_B,ASP_645_B"
PHE_644_B,"ARG_643_B,ASP_645_B,LYS_680_B"
ASP_645_B,"GLU_617_B,ARG_643_B,PHE_644_B,CYS_649_B"
PRO_646_B,"VAL_647_B,GLN_650_B,TYR_684_B"
VAL_647_B,"LEU_494_B,PRO_646_B,SER_648_B"
SER_648_B,"SER_639_B,VAL_647_B,CYS_649_B"
CYS_649_B,"ASP_645_B,SER_648_B,GLN_650_B,LEU_653_B"
GLN_650_B,"PRO_646_B,CYS_649_B,GLN_651_B,LYS_654_B"
GLN_651_B,"GLN_650_B,LEU_652_B"
LEU_652_B,"GLN_651_B,LEU_653_B,LEU_677_B"
LEU_653_B,"CYS_649_B,LEU_652_B,LYS_654_B,LEU_657_B,PHE_695_B,LEU_699_B"
LYS_654_B,"GLN_650_B,LEU_653_B,ILE_655_B,GLN_658_B"
ILE_655_B,"LEU_624_B,VAL_633_B,LYS_654_B,TYR_656_B,LEU_669_B"
TYR_656_B,"ILE_655_B,LEU_657_B,ILE_674_B,LEU_699_B,GLU_706_B"
LEU_657_B,"LEU_653_B,TYR_656_B,GLN_658_B,PHE_695_B"
GLN_658_B,"LYS_654_B,LEU_657_B"
PRO_660_B,"TRP_629_B,LYS_661_B"
LYS_661_B,"PRO_660_B,ASN_662_B"
ASN_662_B,"LYS_661_B,ILE_663_B"
ILE_663_B,"ASN_662_B,GLN_664_B,GLU_665_B"
GLN_664_B,"ILE_663_B,GLU_665_B,VAL_666_B"
GLU_665_B,"ILE_663_B,GLN_664_B,VAL_666_B"
VAL_666_B,"GLN_664_B,GLU_665_B,THR_667_B"
THR_667_B,"VAL_666_B,LEU_668_B"
LEU_668_B,"THR_667_B,LEU_669_B"
LEU_669_B,"ILE_655_B,LEU_668_B,ASP_670_B"
ASP_670_B,"ARG_637_B,LEU_669_B,THR_671_B,ASP_672_B,THR_673_B"
THR_671_B,"ASP_670_B,ASP_672_B,ILE_675_B,LYS_715_B"
ASP_672_B,"ASP_670_B,THR_671_B,THR_673_B,LYS_715_B"
THR_673_B,"ASP_670_B,ASP_672_B,ILE_674_B"
ILE_674_B,"TYR_656_B,THR_673_B,ILE_675_B,LEU_678_B,LEU_699_B"
ILE_675_B,"THR_671_B,ILE_674_B,SER_676_B,LEU_712_B,LYS_715_B"
SER_676_B,"ILE_675_B,LEU_677_B"
LEU_677_B,"ILE_640_B,LEU_652_B,SER_676_B,LEU_678_B,LYS_681_B"
LEU_678_B,"ILE_674_B,LEU_677_B,ILE_679_B,ILE_682_B,LEU_700_B,LEU_703_B"
ILE_679_B,"LEU_678_B,LYS_680_B,SER_683_B,ILE_730_B"
LYS_680_B,"GLU_474_B,PHE_644_B,ILE_679_B,LYS_681_B,TYR_684_B"
LYS_681_B,"LEU_677_B,LYS_680_B,ILE_682_B,ASP_685_B"
ILE_682_B,"LEU_678_B,LYS_681_B,SER_683_B"
SER_683_B,"GLY_470_B,THR_472_B,TRP_476_B,ILE_679_B,ILE_682_B,TYR_684_B"
TYR_684_B,"ILE_475_B,GLY_484_B,PRO_646_B,LYS_680_B,SER_683_B,ASP_685_B"
ASP_685_B,"LYS_681_B,TYR_684_B,CYS_686_B,ASN_690_B"
CYS_686_B,"ASP_685_B,ARG_687_B"
ARG_687_B,"MET_463_B,CYS_686_B,TYR_688_B"
TYR_688_B,"ALA_480_B,PRO_485_B,ARG_687_B,TYR_689_B"
TYR_689_B,"PRO_44_B,GLU_203_B,ILE_464_B,TYR_688_B,ASN_690_B"
ASN_690_B,"ASP_685_B,TYR_689_B,TYR_691_B,GLN_693_B"
TYR_691_B,"ILE_39_B,GLU_203_B,ILE_469_B,ASN_690_B,CYS_692_B"
CYS_692_B,"TYR_207_B,TYR_691_B,GLN_693_B"
GLN_693_B,"ASN_690_B,CYS_692_B,ILE_694_B,ASN_696_B"
ILE_694_B,"GLN_693_B,PHE_695_B,GLN_698_B"
PHE_695_B,"LEU_653_B,LEU_657_B,ILE_694_B,ASN_696_B"
ASN_696_B,"GLN_693_B,PHE_695_B,LEU_697_B,LEU_700_B"
LEU_697_B,"ASN_696_B,GLN_698_B,GLU_701_B,MET_733_B"
GLN_698_B,"ILE_260_B,ILE_694_B,LEU_697_B,LEU_699_B"
LEU_699_B,"LEU_653_B,TYR_656_B,ILE_674_B,GLN_698_B,LEU_700_B,LEU_703_B"
LEU_700_B,"LEU_678_B,ASN_696_B,LEU_699_B,GLU_701_B,CYS_704_B,MET_733_B"
GLU_701_B,"LEU_697_B,LEU_700_B,LYS_702_B,ASN_705_B,ILE_737_B"
LYS_702_B,"GLU_701_B,LEU_703_B,GLU_706_B"
LEU_703_B,"LEU_678_B,LEU_699_B,LYS_702_B,CYS_704_B,LEU_707_B"
CYS_704_B,"LEU_700_B,LEU_703_B,ASN_705_B,GLY_708_B"
ASN_705_B,"GLU_701_B,CYS_704_B,GLU_706_B"
GLU_706_B,"TYR_656_B,LYS_702_B,ASN_705_B,LEU_707_B"
LEU_707_B,"LEU_703_B,GLU_706_B,GLY_708_B"
GLY_708_B,"CYS_704_B,LEU_707_B,THR_709_B"
THR_709_B,"GLY_708_B,HIS_710_B"
HIS_710_B,"THR_709_B,ILE_711_B,ASN_714_B"
ILE_711_B,"HIS_710_B,LEU_712_B"
LEU_712_B,"ILE_675_B,ILE_711_B,ARG_713_B"
ARG_713_B,"LEU_712_B,ASN_714_B,ASP_731_B"
ASN_714_B,"HIS_710_B,ARG_713_B,LYS_715_B"
LYS_715_B,"THR_671_B,ASP_672_B,ILE_675_B,ASN_714_B,ILE_716_B,GLN_719_B"
ILE_716_B,"LYS_715_B,LEU_717_B,ILE_730_B"
LEU_717_B,"ILE_716_B,LEU_718_B"
LEU_718_B,"LEU_717_B,GLN_719_B"
GLN_719_B,"LYS_715_B,LEU_718_B"
PRO_720_B,SER_721_B
SER_721_B,"PRO_720_B,ILE_722_B"
ILE_722_B,"SER_721_B,GLY_723_B,ILE_726_B"
GLY_723_B,"ILE_722_B,ASP_724_B"
ASP_724_B,"GLY_723_B,GLU_725_B,VAL_728_B"
GLU_725_B,"LYS_468_B,GLY_470_B,TYR_471_B,ASP_724_B,ILE_726_B"
ILE_726_B,"ILE_722_B,GLU_725_B,MET_727_B"
MET_727_B,"ILE_726_B,VAL_728_B,ASP_731_B"
VAL_728_B,"ASP_724_B,MET_727_B,MET_729_B"
MET_729_B,"VAL_728_B,ILE_730_B"
ILE_730_B,"ILE_679_B,ILE_716_B,MET_729_B,ASP_731_B,LEU_734_B"
ASP_731_B,"ARG_713_B,MET_727_B,ILE_730_B,ALA_732_B,ALA_735_B"
ALA_732_B,"ASP_731_B,MET_733_B"
MET_733_B,"LEU_697_B,LEU_700_B,ALA_732_B,LEU_734_B"
LEU_734_B,"ILE_730_B,MET_733_B,ALA_735_B,ALA_738_B"
ALA_735_B,"ASP_731_B,LEU_734_B,TRP_736_B,ASP_739_B"
TRP_736_B,"TYR_207_B,ILE_260_B,ALA_735_B,ILE_737_B,LEU_740_B"
ILE_737_B,"GLU_701_B,TRP_736_B,ALA_738_B"
ALA_738_B,"LEU_734_B,ILE_737_B,ASP_739_B"
ASP_739_B,"THR_212_B,ALA_735_B,ALA_738_B,LEU_740_B,HIS_742_B"
LEU_740_B,"SER_263_B,TRP_736_B,ASP_739_B,ASP_741_B"
ASP_741_B,"LEU_740_B,HIS_742_B"
HIS_742_B,"ASP_739_B,ASP_741_B,THR_743_B"
THR_743_B,HIS_742_B
