residue_id,neighbors
ARG_1_A,ASP_2_A
ASP_2_A,"ARG_1_A,ALA_3_A,LEU_5_A,ARG_6_A"
ALA_3_A,"ASP_2_A,GLN_4_A"
GLN_4_A,"ALA_3_A,LEU_5_A,ARG_6_A"
LEU_5_A,"ASP_2_A,GLN_4_A,ARG_6_A,ILE_46_A"
ARG_6_A,"ASP_2_A,GLN_4_A,LEU_5_A,ALA_7_A,LYS_45_A"
ALA_7_A,"ARG_6_A,GLN_44_A,ILE_46_A"
PRO_8_A,ILE_9_A
ILE_9_A,"PRO_8_A,VAL_10_A,SER_42_A,GLN_44_A"
VAL_10_A,"ILE_9_A,GLU_11_A"
GLU_11_A,"VAL_10_A,ILE_12_A,PHE_13_A,LYS_40_A"
ILE_12_A,"GLU_11_A,PHE_13_A"
PHE_13_A,"GLU_11_A,ILE_12_A,ASP_14_A,CYS_38_A"
ASP_14_A,"PHE_13_A,ALA_15_A,ARG_16_A"
ALA_15_A,"ASP_14_A,ARG_16_A,CYS_18_A,ASP_36_A"
ARG_16_A,"ASP_14_A,ALA_15_A,GLY_17_A"
GLY_17_A,"ARG_16_A,CYS_18_A"
CYS_18_A,"ALA_15_A,GLY_17_A,ASP_19_A"
ASP_19_A,"CYS_18_A,ALA_20_A"
ALA_20_A,"ASP_19_A,LYS_21_A"
LYS_21_A,"ALA_20_A,ASN_22_A"
ASN_22_A,"LYS_21_A,ALA_23_A"
ALA_23_A,"ASN_22_A,GLN_24_A"
GLN_24_A,"ALA_23_A,TYR_25_A"
TYR_25_A,"GLN_24_A,THR_26_A,PRO_28_A"
THR_26_A,"TYR_25_A,GLY_27_A"
GLY_27_A,THR_26_A
PRO_28_A,"TYR_25_A,LYS_29_A"
LYS_29_A,"PRO_28_A,SER_30_A,ASP_35_A"
SER_30_A,"LYS_29_A,ASN_31_A,ASP_32_A,ASP_35_A"
ASN_31_A,"SER_30_A,ASP_32_A,ASP_35_A"
ASP_32_A,"SER_30_A,ASN_31_A,MET_33_A,ASN_34_A,ASP_35_A"
MET_33_A,"ASP_32_A,ASN_34_A,ASP_36_A"
ASN_34_A,"ASP_32_A,MET_33_A,ASP_35_A"
ASP_35_A,"LYS_29_A,SER_30_A,ASN_31_A,ASP_32_A,ASN_34_A,ASP_36_A"
ASP_36_A,"ALA_15_A,MET_33_A,ASP_35_A,GLN_37_A"
GLN_37_A,"ASP_36_A,CYS_38_A"
CYS_38_A,"PHE_13_A,GLN_37_A,VAL_39_A"
VAL_39_A,"CYS_38_A,LYS_40_A"
LYS_40_A,"GLU_11_A,VAL_39_A,VAL_41_A"
VAL_41_A,"LYS_40_A,SER_42_A"
SER_42_A,"ILE_9_A,VAL_41_A,MET_43_A"
MET_43_A,"SER_42_A,GLN_44_A"
GLN_44_A,"ALA_7_A,ILE_9_A,MET_43_A,LYS_45_A"
LYS_45_A,"ARG_6_A,GLN_44_A,ILE_46_A"
ILE_46_A,"LEU_5_A,ALA_7_A,LYS_45_A,THR_47_A"
THR_47_A,"ILE_46_A,VAL_48_A"
VAL_48_A,"THR_47_A,SER_49_A"
SER_49_A,"VAL_48_A,GLU_50_A,ALA_53_A"
GLU_50_A,"SER_49_A,ALA_51_A,ALA_54_A"
ALA_51_A,"GLU_50_A,THR_52_A"
THR_52_A,"ALA_51_A,ALA_53_A,LYS_56_A"
ALA_53_A,"SER_49_A,THR_52_A,ALA_54_A,LEU_57_A"
ALA_54_A,"GLU_50_A,ALA_53_A,LYS_55_A"
LYS_55_A,"ALA_54_A,LYS_56_A"
LYS_56_A,"THR_52_A,LYS_55_A,LEU_57_A,GLU_59_A,PHE_60_A"
LEU_57_A,"ALA_53_A,LYS_56_A,GLN_58_A,PHE_60_A,ILE_61_A"
GLN_58_A,"LEU_57_A,GLU_59_A"
GLU_59_A,"LYS_56_A,GLN_58_A,PHE_60_A"
PHE_60_A,"LYS_56_A,LEU_57_A,GLU_59_A,ILE_61_A"
ILE_61_A,"LEU_57_A,PHE_60_A,GLY_62_A"
GLY_62_A,"ILE_61_A,GLY_63_A"
GLY_63_A,"GLY_62_A,LYS_64_A"
LYS_64_A,"GLY_63_A,ALA_65_A"
ALA_65_A,"LYS_64_A,THR_66_A"
THR_66_A,"ALA_65_A,ALA_67_A,ILE_72_A"
ALA_67_A,"THR_66_A,ILE_68_A"
ILE_68_A,"ALA_67_A,ASN_69_A"
ASN_69_A,"ILE_68_A,VAL_70_A"
VAL_70_A,ASN_69_A
PRO_71_A,ILE_72_A
ILE_72_A,"THR_66_A,PRO_71_A,ILE_73_A"
ILE_73_A,"ILE_72_A,SER_74_A"
SER_74_A,"ILE_73_A,SER_75_A"
SER_75_A,"SER_74_A,MET_76_A"
MET_76_A,"SER_75_A,THR_77_A"
THR_77_A,"MET_76_A,LYS_78_A"
LYS_78_A,"THR_77_A,LYS_79_A"
LYS_79_A,"LYS_78_A,TYR_80_A"
TYR_80_A,LYS_79_A
