residue_id,neighbors
THR_6_P,ARG_7_P
ARG_7_P,"THR_6_P,VAL_8_P,PRO_20_P,ARG_80_P,GLU_82_P"
VAL_8_P,"ARG_7_P,THR_21_P"
PRO_9_P,VAL_10_P
VAL_10_P,"PRO_9_P,VAL_11_P,LEU_18_P,THR_21_P,MET_49_P"
VAL_11_P,"VAL_10_P,GLY_12_P,TYR_46_P,ILE_47_P,MET_49_P"
GLY_12_P,"VAL_11_P,VAL_13_P,GLY_15_P,ARG_16_P"
VAL_13_P,"GLY_12_P,ASP_14_P"
ASP_14_P,"VAL_13_P,GLY_15_P,ARG_16_P"
GLY_15_P,"GLY_12_P,ASP_14_P,ARG_16_P"
ARG_16_P,"GLY_12_P,ASP_14_P,GLY_15_P"
PRO_17_P,LEU_18_P
LEU_18_P,"VAL_10_P,PRO_17_P,MET_19_P"
MET_19_P,"LEU_18_P,VAL_60_P"
PRO_20_P,"ARG_7_P,THR_21_P"
THR_21_P,"VAL_8_P,VAL_10_P,PRO_20_P,THR_22_P"
THR_22_P,THR_21_P
PRO_23_P,"ARG_24_P,ARG_27_P"
ARG_24_P,"PRO_23_P,LYS_25_P,ARG_27_P,LEU_28_P"
LYS_25_P,"ARG_24_P,ALA_26_P,LEU_29_P"
ALA_26_P,"LYS_25_P,ARG_27_P,ILE_47_P"
ARG_27_P,"PRO_23_P,ARG_24_P,ALA_26_P,LEU_28_P,ARG_31_P"
LEU_28_P,"ARG_24_P,ARG_27_P,LEU_29_P,ASP_32_P"
LEU_29_P,"LYS_25_P,LEU_28_P,ILE_30_P,LEU_34_P,MET_49_P"
ILE_30_P,"LEU_29_P,ARG_31_P,PRO_37_P,ILE_47_P"
ARG_31_P,"ARG_27_P,ILE_30_P,ASP_32_P"
ASP_32_P,"LEU_28_P,ARG_31_P,GLY_33_P,LEU_34_P"
GLY_33_P,"ASP_32_P,LEU_34_P"
LEU_34_P,"LEU_29_P,ASP_32_P,GLY_33_P,ALA_35_P,LEU_50_P"
ALA_35_P,"LEU_34_P,VAL_36_P,ILE_47_P"
VAL_36_P,"ALA_35_P,GLN_48_P,LEU_50_P"
PRO_37_P,"ILE_30_P,ARG_38_P,PHE_45_P"
ARG_38_P,"PRO_37_P,ARG_39_P,TYR_46_P"
ARG_39_P,"ARG_38_P,ASN_40_P,GLY_43_P,ARG_300_P"
ASN_40_P,"ARG_39_P,LYS_41_P,GLY_43_P,LEU_44_P,GLU_146_P"
LYS_41_P,"ASN_40_P,LEU_42_P,LYS_142_P,ARG_149_P,THR_339_P"
LEU_42_P,"LYS_41_P,GLY_43_P,LEU_147_P,TRP_251_P"
GLY_43_P,"ARG_39_P,ASN_40_P,LEU_42_P,LEU_44_P"
LEU_44_P,"ASN_40_P,GLY_43_P,PHE_45_P,PHE_249_P"
PHE_45_P,"PRO_37_P,LEU_44_P,TYR_46_P"
TYR_46_P,"VAL_11_P,ARG_38_P,PHE_45_P,ILE_47_P"
ILE_47_P,"VAL_11_P,ALA_26_P,ILE_30_P,ALA_35_P,TYR_46_P,GLN_48_P"
GLN_48_P,"VAL_36_P,ILE_47_P,MET_49_P"
MET_49_P,"VAL_10_P,VAL_11_P,LEU_29_P,GLN_48_P,LEU_50_P"
LEU_50_P,"LEU_34_P,VAL_36_P,MET_49_P,ARG_51_P"
ARG_51_P,LEU_50_P
PRO_52_P,VAL_53_P
VAL_53_P,"PRO_52_P,GLY_54_P"
GLY_54_P,"VAL_53_P,THR_55_P"
THR_55_P,"GLY_54_P,ARG_56_P"
ARG_56_P,"THR_55_P,THR_57_P"
THR_57_P,"ARG_56_P,GLN_58_P"
GLN_58_P,THR_57_P
PRO_59_P,VAL_60_P
VAL_60_P,"MET_19_P,PRO_59_P,ALA_61_P,VAL_75_P,PRO_152_P,GLN_154_P"
ALA_61_P,"VAL_60_P,LEU_62_P,ALA_76_P"
LEU_62_P,"ALA_61_P,ALA_63_P,VAL_73_P,VAL_144_P,LEU_147_P,VAL_153_P,LEU_155_P,VAL_157_P"
ALA_63_P,"LEU_62_P,VAL_64_P,ALA_74_P,LEU_234_P"
VAL_64_P,"ALA_63_P,ASP_65_P,VAL_144_P,VAL_157_P,THR_158_P"
ASP_65_P,"VAL_64_P,GLU_159_P,HIS_226_P,ASP_229_P"
PRO_66_P,GLY_67_P
GLY_67_P,"PRO_66_P,ALA_68_P,ASP_71_P"
ALA_68_P,"GLY_67_P,LYS_69_P,LYS_136_P"
LYS_69_P,"ALA_68_P,TYR_70_P,ASP_91_P"
TYR_70_P,"LYS_69_P,ASP_71_P,PHE_88_P"
ASP_71_P,"GLY_67_P,TYR_70_P,GLY_72_P,VAL_87_P,ARG_140_P"
GLY_72_P,"ASP_71_P,VAL_73_P"
VAL_73_P,"LEU_62_P,GLY_72_P,ALA_74_P,ALA_85_P,LEU_147_P"
ALA_74_P,"ALA_63_P,VAL_73_P,VAL_75_P,LEU_234_P"
VAL_75_P,"VAL_60_P,ALA_74_P,ALA_76_P,GLU_82_P"
ALA_76_P,"ALA_61_P,VAL_75_P,SER_77_P,LEU_234_P"
SER_77_P,"ALA_76_P,HIS_78_P,ARG_80_P,GLU_82_P"
HIS_78_P,"SER_77_P,ARG_79_P"
ARG_79_P,"HIS_78_P,ARG_80_P,ALA_241_P"
ARG_80_P,"ARG_7_P,SER_77_P,ARG_79_P,VAL_81_P,GLU_82_P"
VAL_81_P,"ARG_80_P,GLU_82_P,ASN_243_P"
GLU_82_P,"ARG_7_P,VAL_75_P,SER_77_P,ARG_80_P,VAL_81_P,LEU_83_P"
LEU_83_P,"GLU_82_P,ARG_84_P,PHE_249_P"
ARG_84_P,"LEU_83_P,ALA_85_P,HIS_242_P,ASN_243_P"
ALA_85_P,"VAL_73_P,ARG_84_P,MET_86_P,TRP_251_P"
MET_86_P,"ALA_85_P,VAL_87_P,PHE_248_P,PHE_249_P,TRP_251_P"
VAL_87_P,"ASP_71_P,MET_86_P,PHE_88_P"
PHE_88_P,"TYR_70_P,VAL_87_P,LEU_89_P,VAL_250_P,TRP_251_P,ARG_252_P"
LEU_89_P,"PHE_88_P,ASP_91_P,ALA_139_P"
PRO_90_P,"ASP_91_P,ARG_255_P"
ASP_91_P,"LYS_69_P,LEU_89_P,PRO_90_P,ASP_92_P,LYS_136_P"
ASP_92_P,"ASP_91_P,VAL_93_P,LYS_96_P,ARG_255_P"
VAL_93_P,"ASP_92_P,MET_97_P"
PRO_94_P,"ARG_95_P,GLU_98_P"
ARG_95_P,"PRO_94_P,LYS_96_P,GLU_98_P,THR_99_P"
LYS_96_P,"ASP_92_P,ARG_95_P,MET_97_P,THR_99_P,ARG_100_P,ARG_255_P,TYR_256_P,ARG_258_P"
MET_97_P,"VAL_93_P,LYS_96_P,GLU_98_P,ARG_101_P"
GLU_98_P,"PRO_94_P,ARG_95_P,MET_97_P,THR_99_P,ARG_101_P,ASN_102_P"
THR_99_P,"ARG_95_P,LYS_96_P,GLU_98_P,ARG_100_P,LEU_103_P"
ARG_100_P,"LYS_96_P,THR_99_P,ARG_101_P,ARG_104_P"
ARG_101_P,"MET_97_P,GLU_98_P,ARG_100_P,ASN_102_P,ARG_104_P,ARG_105_P"
ASN_102_P,"GLU_98_P,ARG_101_P,LEU_103_P,ALA_106_P"
LEU_103_P,"THR_99_P,ASN_102_P,ARG_104_P,ARG_107_P"
ARG_104_P,"ARG_100_P,ARG_101_P,LEU_103_P,ARG_105_P,ARG_107_P,ARG_108_P"
ARG_105_P,"ARG_101_P,ARG_104_P,ALA_106_P,ARG_108_P,TYR_109_P,ARG_115_P"
ALA_106_P,"ASN_102_P,ARG_105_P,ARG_107_P,ARG_110_P"
ARG_107_P,"LEU_103_P,ARG_104_P,ALA_106_P,ARG_108_P,ARG_110_P,LYS_111_P"
ARG_108_P,"ARG_104_P,ARG_105_P,ARG_107_P,TYR_109_P,THR_112_P,ARG_115_P"
TYR_109_P,"ARG_105_P,ARG_108_P,ARG_110_P"
ARG_110_P,"ALA_106_P,ARG_107_P,TYR_109_P,LYS_111_P"
LYS_111_P,"ARG_107_P,ARG_110_P,THR_112_P"
THR_112_P,"ARG_108_P,LYS_111_P"
PRO_113_P,ARG_114_P
ARG_114_P,"PRO_113_P,ARG_115_P"
ARG_115_P,"ARG_105_P,ARG_108_P,ARG_114_P"
PRO_116_P,ALA_117_P
ALA_117_P,"PRO_116_P,ARG_118_P"
ARG_118_P,"ALA_117_P,PHE_119_P,ARG_122_P"
PHE_119_P,"ARG_118_P,ASP_120_P"
ASP_120_P,"PHE_119_P,ASN_121_P"
ASN_121_P,"ASP_120_P,ARG_122_P,ARG_123_P"
ARG_122_P,"ARG_118_P,ASN_121_P,ARG_123_P"
ARG_123_P,"ASN_121_P,ARG_122_P,ARG_124_P,LYS_125_P"
ARG_124_P,"ARG_123_P,LYS_125_P"
LYS_125_P,"ARG_123_P,ARG_124_P,GLY_126_P"
GLY_126_P,"LYS_125_P,TYR_127_P"
TYR_127_P,"GLY_126_P,TRP_128_P,LEU_129_P,LEU_183_P"
TRP_128_P,"TYR_127_P,LEU_129_P,ALA_130_P"
LEU_129_P,"TYR_127_P,TRP_128_P,ALA_130_P"
ALA_130_P,"TRP_128_P,LEU_129_P,GLN_133_P,ARG_134_P"
PRO_131_P,"THR_132_P,PHE_135_P"
THR_132_P,"PRO_131_P,GLN_133_P"
GLN_133_P,"ALA_130_P,THR_132_P,ARG_134_P,VAL_137_P,THR_176_P"
ARG_134_P,"ALA_130_P,GLN_133_P,PHE_135_P,GLU_138_P"
PHE_135_P,"PRO_131_P,ARG_134_P,LYS_136_P,ALA_139_P,ARG_253_P"
LYS_136_P,"ALA_68_P,ASP_91_P,PHE_135_P,VAL_137_P"
VAL_137_P,"GLN_133_P,LYS_136_P,GLU_138_P,LEU_141_P"
GLU_138_P,"ARG_134_P,VAL_137_P,ALA_139_P,LYS_142_P,ARG_253_P"
ALA_139_P,"LEU_89_P,PHE_135_P,GLU_138_P,ARG_140_P"
ARG_140_P,"ASP_71_P,ALA_139_P,LEU_141_P"
LEU_141_P,"VAL_137_P,ARG_140_P,LYS_142_P,ARG_145_P,GLU_187_P"
LYS_142_P,"LYS_41_P,GLU_138_P,LEU_141_P,VAL_143_P,GLU_146_P,ARG_253_P,THR_339_P"
VAL_143_P,"LYS_142_P,VAL_144_P,PHE_341_P"
VAL_144_P,"LEU_62_P,VAL_64_P,VAL_143_P,ARG_145_P,CYS_148_P,LEU_191_P"
ARG_145_P,"LEU_141_P,VAL_144_P,GLU_146_P,GLU_187_P"
GLU_146_P,"ASN_40_P,LYS_142_P,ARG_145_P,LEU_147_P,ARG_149_P"
LEU_147_P,"LEU_42_P,LEU_62_P,VAL_73_P,GLU_146_P,CYS_148_P,TRP_251_P"
CYS_148_P,"VAL_144_P,LEU_147_P,ARG_149_P"
ARG_149_P,"LYS_41_P,GLU_146_P,CYS_148_P,ILE_150_P"
ILE_150_P,"ARG_149_P,TYR_151_P"
TYR_151_P,"ILE_150_P,VAL_153_P"
PRO_152_P,"VAL_60_P,VAL_153_P"
VAL_153_P,"LEU_62_P,TYR_151_P,PRO_152_P,GLN_154_P"
GLN_154_P,"VAL_60_P,VAL_153_P,LEU_155_P"
LEU_155_P,"LEU_62_P,GLN_154_P,ILE_156_P,VAL_237_P"
ILE_156_P,"LEU_155_P,VAL_157_P,GLU_193_P,LEU_194_P,ARG_195_P"
VAL_157_P,"LEU_62_P,VAL_64_P,ILE_156_P,THR_158_P,VAL_197_P,VAL_237_P"
THR_158_P,"VAL_64_P,VAL_157_P,GLU_159_P,LEU_196_P,VAL_197_P"
GLU_159_P,"ASP_65_P,THR_158_P,ASP_160_P,HIS_226_P"
ASP_160_P,"GLU_159_P,VAL_161_P,ARG_162_P,LYS_181_P,TYR_185_P,VAL_197_P,GLU_198_P"
VAL_161_P,"ASP_160_P,ARG_162_P,VAL_177_P"
ARG_162_P,"ASP_160_P,VAL_161_P,PHE_163_P,GLU_178_P,LYS_181_P,GLU_198_P"
PHE_163_P,"ARG_162_P,ASN_164_P,PHE_174_P"
ASN_164_P,"PHE_163_P,HIS_165_P"
HIS_165_P,"ASN_164_P,ALA_166_P,GLU_178_P"
ALA_166_P,"HIS_165_P,ARG_167_P"
ARG_167_P,"ALA_166_P,ASP_168_P"
ASP_168_P,"ARG_167_P,ARG_169_P,ASN_170_P"
ARG_169_P,"ASP_168_P,ASN_170_P"
ASN_170_P,"ASP_168_P,ARG_169_P,GLY_171_P,LYS_172_P"
GLY_171_P,"ASN_170_P,LYS_172_P"
LYS_172_P,"ASN_170_P,GLY_171_P,TYR_173_P,PHE_174_P"
TYR_173_P,"LYS_172_P,PHE_174_P"
PHE_174_P,"PHE_163_P,LYS_172_P,TYR_173_P,SER_175_P,GLU_178_P"
SER_175_P,"PHE_174_P,THR_176_P"
THR_176_P,"GLN_133_P,SER_175_P,VAL_177_P"
VAL_177_P,"VAL_161_P,THR_176_P,GLU_178_P"
GLU_178_P,"ARG_162_P,HIS_165_P,PHE_174_P,VAL_177_P,ILE_179_P,LYS_181_P"
ILE_179_P,"GLU_178_P,GLY_180_P"
GLY_180_P,"ILE_179_P,LYS_181_P"
LYS_181_P,"ASP_160_P,ARG_162_P,GLU_178_P,GLY_180_P,THR_182_P,TYR_185_P"
THR_182_P,"LYS_181_P,LEU_183_P,ARG_186_P"
LEU_183_P,"TYR_127_P,THR_182_P,THR_184_P,GLU_187_P"
THR_184_P,"LEU_183_P,TYR_185_P,TYR_188_P"
TYR_185_P,"ASP_160_P,LYS_181_P,THR_184_P,ARG_186_P"
ARG_186_P,"THR_182_P,TYR_185_P,GLU_187_P,LYS_190_P"
GLU_187_P,"LEU_141_P,ARG_145_P,LEU_183_P,ARG_186_P,TYR_188_P,LYS_190_P"
TYR_188_P,"THR_184_P,GLU_187_P,ARG_189_P,LEU_191_P"
ARG_189_P,"TYR_188_P,LYS_190_P"
LYS_190_P,"ARG_186_P,GLU_187_P,ARG_189_P,LEU_191_P"
LEU_191_P,"VAL_144_P,TYR_188_P,LYS_190_P,ALA_192_P"
ALA_192_P,"LEU_191_P,GLU_193_P"
GLU_193_P,"ILE_156_P,ALA_192_P,LEU_194_P"
LEU_194_P,"ILE_156_P,GLU_193_P,ARG_195_P,LEU_196_P"
ARG_195_P,"ILE_156_P,LEU_194_P,LEU_196_P"
LEU_196_P,"THR_158_P,LEU_194_P,ARG_195_P,VAL_197_P"
VAL_197_P,"VAL_157_P,THR_158_P,ASP_160_P,LEU_196_P,GLU_198_P,GLU_201_P,TRP_205_P"
GLU_198_P,"ASP_160_P,ARG_162_P,VAL_197_P,VAL_199_P,GLU_201_P"
VAL_199_P,"GLU_198_P,SER_200_P,ASP_203_P"
SER_200_P,"VAL_199_P,GLU_201_P,ALA_204_P"
GLU_201_P,"VAL_197_P,GLU_198_P,SER_200_P,THR_202_P,TRP_205_P"
THR_202_P,"GLU_201_P,ASP_203_P,ARG_206_P"
ASP_203_P,"VAL_199_P,THR_202_P,ALA_204_P,GLU_207_P"
ALA_204_P,"SER_200_P,ASP_203_P,TRP_205_P,ARG_208_P"
TRP_205_P,"VAL_197_P,GLU_201_P,ALA_204_P,ARG_206_P,PHE_209_P,VAL_237_P"
ARG_206_P,"THR_202_P,TRP_205_P,GLU_207_P,GLY_210_P"
GLU_207_P,"ASP_203_P,ARG_206_P,ARG_208_P"
ARG_208_P,"ALA_204_P,GLU_207_P,PHE_209_P"
PHE_209_P,"TRP_205_P,ARG_208_P,GLY_210_P,MET_235_P"
GLY_210_P,"ARG_206_P,PHE_209_P"
THR_225_P,"HIS_226_P,ALA_227_P,ASN_228_P"
HIS_226_P,"ASP_65_P,GLU_159_P,THR_225_P,ALA_227_P,ASP_229_P"
ALA_227_P,"THR_225_P,HIS_226_P,ASN_228_P,ALA_231_P"
ASN_228_P,"THR_225_P,ALA_227_P,ASP_229_P,ALA_232_P"
ASP_229_P,"ASP_65_P,HIS_226_P,ASN_228_P,ALA_230_P,MET_233_P"
ALA_230_P,"ASP_229_P,ALA_231_P"
ALA_231_P,"ALA_227_P,ALA_230_P,ALA_232_P,MET_235_P"
ALA_232_P,"ASN_228_P,ALA_231_P,MET_233_P,GLY_236_P"
MET_233_P,"ASP_229_P,ALA_232_P,LEU_234_P,VAL_237_P"
LEU_234_P,"ALA_63_P,ALA_74_P,ALA_76_P,MET_233_P,MET_235_P,THR_238_P"
MET_235_P,"PHE_209_P,ALA_231_P,LEU_234_P,GLY_236_P,HIS_242_P"
GLY_236_P,"ALA_232_P,MET_235_P,VAL_237_P"
VAL_237_P,"LEU_155_P,VAL_157_P,TRP_205_P,MET_233_P,GLY_236_P,THR_238_P"
THR_238_P,"LEU_234_P,VAL_237_P,GLY_239_P"
GLY_239_P,"THR_238_P,CYS_240_P"
CYS_240_P,"GLY_239_P,ALA_241_P"
ALA_241_P,"ARG_79_P,CYS_240_P,HIS_242_P"
HIS_242_P,"ARG_84_P,MET_235_P,ALA_241_P,ASN_243_P"
ASN_243_P,"VAL_81_P,ARG_84_P,HIS_242_P"
PRO_244_P,ALA_245_P
ALA_245_P,"PRO_244_P,ALA_246_P"
ALA_246_P,ALA_245_P
PRO_247_P,"PHE_248_P,PHE_249_P"
PHE_248_P,"MET_86_P,PRO_247_P,PHE_249_P,VAL_346_P"
PHE_249_P,"LEU_44_P,LEU_83_P,MET_86_P,PRO_247_P,PHE_248_P,VAL_250_P"
VAL_250_P,"PHE_88_P,PHE_249_P,TRP_251_P,LYS_344_P,VAL_346_P"
TRP_251_P,"LEU_42_P,ALA_85_P,MET_86_P,PHE_88_P,LEU_147_P,VAL_250_P,ARG_252_P"
ARG_252_P,"PHE_88_P,TRP_251_P,ARG_253_P,ASP_320_P"
ARG_253_P,"PHE_135_P,GLU_138_P,LYS_142_P,ARG_252_P,LEU_254_P"
LEU_254_P,"ARG_253_P,ARG_255_P,TYR_256_P,GLY_340_P"
ARG_255_P,"PRO_90_P,ASP_92_P,LYS_96_P,LEU_254_P,TYR_256_P,ARG_258_P"
TYR_256_P,"LYS_96_P,LEU_254_P,ARG_255_P,ALA_257_P,LYS_286_P"
ALA_257_P,"TYR_256_P,ARG_258_P,PHE_275_P,GLY_277_P"
ARG_258_P,"LYS_96_P,ARG_255_P,ALA_257_P,ARG_259_P"
ARG_259_P,"ARG_258_P,SER_260_P,LEU_261_P"
SER_260_P,"ARG_259_P,LEU_261_P,GLY_276_P"
LEU_261_P,"ARG_259_P,SER_260_P,PHE_262_P,PHE_275_P"
PHE_262_P,"LEU_261_P,ARG_263_P"
ARG_263_P,"PHE_262_P,GLN_264_P,PRO_273_P"
GLN_264_P,"ARG_263_P,ASN_265_P"
ASN_265_P,GLN_264_P
PRO_266_P,GLN_267_P
GLN_267_P,"PRO_266_P,LYS_268_P,GLY_270_P,VAL_271_P"
LYS_268_P,"GLN_267_P,ASP_269_P"
ASP_269_P,"LYS_268_P,GLY_270_P"
GLY_270_P,"GLN_267_P,ASP_269_P,VAL_271_P"
VAL_271_P,"GLN_267_P,GLY_270_P,ARG_272_P"
ARG_272_P,VAL_271_P
PRO_273_P,"ARG_263_P,ARG_274_P"
ARG_274_P,"PRO_273_P,PHE_275_P"
PHE_275_P,"ALA_257_P,LEU_261_P,ARG_274_P,GLY_276_P"
GLY_276_P,"SER_260_P,PHE_275_P,GLY_277_P"
GLY_277_P,"ALA_257_P,GLY_276_P,THR_278_P"
THR_278_P,"GLY_277_P,ALA_279_P"
ALA_279_P,"THR_278_P,ASN_280_P"
ASN_280_P,"ALA_279_P,GLY_281_P,PRO_307_P"
GLY_281_P,"ASN_280_P,GLY_282_P"
GLY_282_P,"GLY_281_P,PHE_283_P"
PHE_283_P,"GLY_282_P,PHE_284_P,LEU_334_P,ARG_337_P"
PHE_284_P,"PHE_283_P,ARG_285_P,VAL_332_P"
ARG_285_P,"PHE_284_P,LYS_286_P,ASP_288_P,ARG_337_P"
LYS_286_P,"TYR_256_P,ARG_285_P,GLY_287_P,CYS_304_P"
GLY_287_P,"LYS_286_P,ASP_288_P"
ASP_288_P,"ARG_285_P,GLY_287_P,TRP_289_P,LEU_334_P,ARG_337_P,SER_338_P"
TRP_289_P,"ASP_288_P,VAL_290_P,LEU_335_P,ALA_336_P,TRP_343_P"
VAL_290_P,"TRP_289_P,GLU_291_P,GLY_301_P,VAL_303_P,VAL_332_P"
GLU_291_P,"VAL_290_P,ALA_292_P,VAL_298_P,ARG_300_P,ARG_333_P"
ALA_292_P,"GLU_291_P,GLU_293_P,TYR_299_P,PHE_327_P"
GLU_293_P,"ALA_292_P,LYS_294_P,LYS_331_P"
LYS_294_P,"GLU_293_P,ALA_295_P,LYS_297_P,PHE_327_P"
ALA_295_P,"LYS_294_P,GLY_296_P"
GLY_296_P,"ALA_295_P,LYS_297_P"
LYS_297_P,"LYS_294_P,GLY_296_P,VAL_298_P"
VAL_298_P,"GLU_291_P,LYS_297_P,TYR_299_P"
TYR_299_P,"ALA_292_P,VAL_298_P,ARG_300_P"
ARG_300_P,"ARG_39_P,GLU_291_P,TYR_299_P,GLY_301_P,ARG_333_P"
GLY_301_P,"VAL_290_P,ARG_300_P,TRP_302_P"
TRP_302_P,"GLY_301_P,VAL_303_P,CYS_304_P,ALA_317_P"
VAL_303_P,"VAL_290_P,TRP_302_P,CYS_304_P,VAL_314_P"
CYS_304_P,"LYS_286_P,TRP_302_P,VAL_303_P,GLY_305_P,GLY_315_P"
GLY_305_P,"CYS_304_P,LEU_306_P,GLY_315_P"
LEU_306_P,GLY_305_P
PRO_307_P,"ASN_280_P,THR_308_P,VAL_314_P"
THR_308_P,"PRO_307_P,GLU_309_P,THR_311_P"
GLU_309_P,"THR_308_P,THR_310_P"
THR_310_P,"GLU_309_P,THR_311_P"
THR_311_P,"THR_308_P,THR_310_P,LYS_312_P,LEU_313_P"
LYS_312_P,"THR_311_P,LEU_313_P"
LEU_313_P,"THR_311_P,LYS_312_P,VAL_314_P,GLN_326_P"
VAL_314_P,"VAL_303_P,PRO_307_P,LEU_313_P,GLY_315_P,PHE_327_P"
GLY_315_P,"CYS_304_P,GLY_305_P,VAL_314_P,VAL_316_P"
VAL_316_P,"GLY_315_P,ALA_317_P,ILE_324_P,PHE_327_P"
ALA_317_P,"TRP_302_P,VAL_316_P,ASP_318_P"
ASP_318_P,"ALA_317_P,ALA_319_P,ASP_320_P,GLY_321_P,LYS_322_P"
ALA_319_P,"ASP_318_P,ASP_320_P,SER_342_P"
ASP_320_P,"ARG_252_P,ASP_318_P,ALA_319_P,GLY_321_P,LYS_344_P"
GLY_321_P,"ASP_318_P,ASP_320_P,LYS_322_P"
LYS_322_P,"ASP_318_P,GLY_321_P,ARG_323_P"
ARG_323_P,"LYS_322_P,ILE_324_P"
ILE_324_P,"VAL_316_P,ARG_323_P,GLY_325_P"
GLY_325_P,"ILE_324_P,GLN_326_P"
GLN_326_P,"LEU_313_P,GLY_325_P,PHE_327_P"
PHE_327_P,"ALA_292_P,LYS_294_P,VAL_314_P,VAL_316_P,GLN_326_P,SER_328_P,VAL_332_P"
SER_328_P,"PHE_327_P,LYS_330_P,LYS_331_P"
PRO_329_P,LYS_330_P
LYS_330_P,"SER_328_P,PRO_329_P,LYS_331_P"
LYS_331_P,"GLU_293_P,SER_328_P,LYS_330_P,VAL_332_P"
VAL_332_P,"PHE_284_P,VAL_290_P,PHE_327_P,LYS_331_P,ARG_333_P"
ARG_333_P,"GLU_291_P,ARG_300_P,VAL_332_P,LEU_334_P"
LEU_334_P,"PHE_283_P,ASP_288_P,ARG_333_P,LEU_335_P"
LEU_335_P,"TRP_289_P,LEU_334_P,ALA_336_P"
ALA_336_P,"TRP_289_P,LEU_335_P,ARG_337_P"
ARG_337_P,"PHE_283_P,ARG_285_P,ASP_288_P,ALA_336_P,SER_338_P"
SER_338_P,"ASP_288_P,ARG_337_P,THR_339_P"
THR_339_P,"LYS_41_P,LYS_142_P,SER_338_P,GLY_340_P"
GLY_340_P,"LEU_254_P,THR_339_P,PHE_341_P"
PHE_341_P,"VAL_143_P,GLY_340_P,SER_342_P"
SER_342_P,"ALA_319_P,PHE_341_P,TRP_343_P"
TRP_343_P,"TRP_289_P,SER_342_P,LYS_344_P"
LYS_344_P,"VAL_250_P,ASP_320_P,TRP_343_P,GLU_345_P"
GLU_345_P,"LYS_344_P,VAL_346_P"
VAL_346_P,"PHE_248_P,VAL_250_P,GLU_345_P,ALA_347_P"
ALA_347_P,VAL_346_P
