residue_id,neighbors
MET_1_A,"ASN_2_A,THR_5_A,ARG_9_A,ALA_194_A"
ASN_2_A,"MET_1_A,THR_5_A,THR_6_A,VAL_186_A"
PRO_3_A,"SER_4_A,GLN_7_A,ALA_139_A"
SER_4_A,"PRO_3_A,THR_5_A,ALA_8_A,ARG_182_A"
THR_5_A,"MET_1_A,ASN_2_A,SER_4_A,THR_6_A,ARG_9_A"
THR_6_A,"ASN_2_A,THR_5_A,GLN_7_A,VAL_10_A"
GLN_7_A,"PRO_3_A,THR_6_A,ALA_8_A,VAL_11_A,GLY_137_A"
ALA_8_A,"SER_4_A,GLN_7_A,ARG_9_A,VAL_12_A,PRO_33_A"
ARG_9_A,"MET_1_A,THR_5_A,ALA_8_A,VAL_10_A,ASP_13_A,ASP_40_A,THR_196_A"
VAL_10_A,"THR_6_A,ARG_9_A,VAL_11_A,GLU_14_A,ARG_154_A"
VAL_11_A,"GLN_7_A,VAL_10_A,VAL_12_A,LEU_15_A,LEU_136_A"
VAL_12_A,"ALA_8_A,VAL_11_A,ASP_13_A,ALA_37_A,LEU_38_A"
ASP_13_A,"ARG_9_A,VAL_12_A,GLU_14_A,ARG_17_A,ARG_46_A,ARG_154_A"
GLU_14_A,"VAL_10_A,ASP_13_A,LEU_15_A,ARG_17_A,GLY_18_A,ARG_154_A,TRP_206_A"
LEU_15_A,"VAL_11_A,GLU_14_A,ILE_16_A,THR_157_A"
ILE_16_A,"LEU_15_A,ARG_17_A,ALA_41_A,ARG_46_A,ILE_47_A"
ARG_17_A,"ASP_13_A,GLU_14_A,ILE_16_A,GLY_18_A,ARG_46_A,ARG_154_A,ARG_200_A,LYS_204_A"
GLY_18_A,"GLU_14_A,ARG_17_A,GLY_19_A"
GLY_19_A,"GLY_18_A,VAL_20_A"
VAL_20_A,"GLY_19_A,ARG_21_A,LEU_161_A"
ARG_21_A,"VAL_20_A,ASP_22_A,ARG_48_A,ARG_424_A"
ASP_22_A,"ARG_21_A,VAL_23_A,ARG_48_A,HIS_50_A,ARG_424_A"
VAL_23_A,"ASP_22_A,VAL_24_A,LEU_38_A,HIS_50_A"
VAL_24_A,"VAL_23_A,LEU_25_A,ALA_58_A,LEU_65_A,CYS_74_A,ALA_76_A"
LEU_25_A,"VAL_24_A,CYS_26_A,ALA_35_A,LEU_49_A,HIS_50_A,ARG_52_A"
CYS_26_A,"LEU_25_A,ASN_31_A,ALA_76_A"
PRO_27_A,GLY_28_A
GLY_28_A,"PRO_27_A,SER_29_A"
SER_29_A,"GLY_28_A,ARG_30_A,ALA_32_A"
ARG_30_A,"SER_29_A,ASN_31_A,ALA_105_A,ARG_107_A,LEU_181_A,GLU_183_A"
ASN_31_A,"CYS_26_A,ARG_30_A,ALA_32_A,LEU_34_A,ALA_35_A,ALA_105_A"
ALA_32_A,"SER_29_A,ASN_31_A,PHE_36_A"
PRO_33_A,"ALA_8_A,LEU_34_A"
LEU_34_A,"ASN_31_A,PRO_33_A,ALA_35_A,LEU_38_A"
ALA_35_A,"LEU_25_A,ASN_31_A,LEU_34_A,PHE_36_A,GLN_39_A"
PHE_36_A,"ALA_32_A,ALA_35_A,ALA_37_A"
ALA_37_A,"VAL_12_A,PHE_36_A,LEU_38_A"
LEU_38_A,"VAL_12_A,VAL_23_A,LEU_34_A,ALA_37_A,GLN_39_A,ASP_42_A"
GLN_39_A,"ALA_35_A,LEU_38_A,ASP_40_A,ARG_43_A"
ASP_40_A,"ARG_9_A,GLN_39_A,ALA_41_A,ARG_43_A"
ALA_41_A,"ILE_16_A,ASP_40_A,ASP_42_A,ARG_46_A,ILE_47_A"
ASP_42_A,"LEU_38_A,ALA_41_A,ARG_43_A,GLY_45_A,ILE_47_A,LEU_49_A"
ARG_43_A,"GLN_39_A,ASP_40_A,ASP_42_A,SER_44_A"
SER_44_A,"ARG_43_A,GLY_45_A"
GLY_45_A,"ASP_42_A,SER_44_A,ARG_46_A"
ARG_46_A,"ASP_13_A,ILE_16_A,ARG_17_A,ALA_41_A,GLY_45_A,ILE_47_A"
ILE_47_A,"ILE_16_A,ALA_41_A,ASP_42_A,ARG_46_A,ARG_48_A"
ARG_48_A,"ARG_21_A,ASP_22_A,ILE_47_A,LEU_49_A,HIS_50_A,LEU_416_A,GLU_419_A,GLU_423_A"
LEU_49_A,"LEU_25_A,ASP_42_A,ARG_48_A,HIS_50_A"
HIS_50_A,"ASP_22_A,VAL_23_A,LEU_25_A,ARG_48_A,LEU_49_A,VAL_51_A,ARG_52_A,GLU_456_A"
VAL_51_A,"HIS_50_A,ARG_52_A,GLU_456_A"
ARG_52_A,"LEU_25_A,HIS_50_A,VAL_51_A,ILE_53_A,LEU_61_A,GLU_456_A"
ILE_53_A,"ARG_52_A,ASP_54_A"
ASP_54_A,"ILE_53_A,GLU_55_A,ARG_56_A,ALA_58_A"
GLU_55_A,"ASP_54_A,ARG_56_A,ALA_82_A,ASN_85_A,LEU_86_A"
ARG_56_A,"ASP_54_A,GLU_55_A,THR_57_A,ASP_405_A,HIS_445_A"
THR_57_A,"ARG_56_A,ALA_58_A,LEU_61_A,SER_409_A,ASP_446_A"
ALA_58_A,"VAL_24_A,ASP_54_A,THR_57_A,GLY_59_A"
GLY_59_A,"ALA_58_A,TYR_60_A,ILE_63_A"
TYR_60_A,"GLY_59_A,LEU_61_A,GLY_64_A,ASP_405_A"
LEU_61_A,"ARG_52_A,THR_57_A,TYR_60_A,ALA_62_A,LEU_65_A"
ALA_62_A,"LEU_61_A,ILE_63_A,ALA_66_A,VAL_73_A,LEU_100_A"
ILE_63_A,"GLY_59_A,ALA_62_A,GLY_64_A,ALA_66_A,ILE_67_A"
GLY_64_A,"TYR_60_A,ILE_63_A,LEU_65_A,GLY_68_A"
LEU_65_A,"VAL_24_A,LEU_61_A,GLY_64_A,ALA_66_A"
ALA_66_A,"ALA_62_A,ILE_63_A,LEU_65_A,ILE_67_A,GLY_70_A,VAL_73_A,VAL_98_A"
ILE_67_A,"ILE_63_A,ALA_66_A,GLY_68_A,ARG_396_A"
GLY_68_A,"GLY_64_A,ILE_67_A,ALA_69_A"
ALA_69_A,"GLY_68_A,GLY_70_A"
GLY_70_A,"ALA_66_A,ALA_69_A,ALA_71_A"
ALA_71_A,GLY_70_A
PRO_72_A,VAL_73_A
VAL_73_A,"ALA_62_A,ALA_66_A,PRO_72_A,CYS_74_A,ILE_101_A"
CYS_74_A,"VAL_24_A,VAL_73_A,VAL_75_A"
VAL_75_A,"CYS_74_A,ALA_76_A,ILE_101_A,LEU_103_A"
ALA_76_A,"VAL_24_A,CYS_26_A,VAL_75_A,MET_77_A"
MET_77_A,"ALA_76_A,THR_78_A,LEU_86_A"
THR_78_A,"MET_77_A,SER_79_A,ALA_82_A"
SER_79_A,"THR_78_A,GLY_80_A"
GLY_80_A,"SER_79_A,THR_81_A,VAL_83_A,GLN_122_A"
THR_81_A,"GLY_80_A,ALA_82_A,ALA_84_A,ASN_85_A"
ALA_82_A,"GLU_55_A,THR_78_A,THR_81_A,VAL_83_A"
VAL_83_A,"GLY_80_A,ALA_82_A,ALA_84_A,LEU_86_A"
ALA_84_A,"THR_81_A,VAL_83_A,ASN_85_A"
ASN_85_A,"GLU_55_A,THR_81_A,ALA_84_A,LEU_86_A"
LEU_86_A,"GLU_55_A,MET_77_A,VAL_83_A,ASN_85_A,GLY_87_A,VAL_90_A"
GLY_87_A,"LEU_86_A,VAL_91_A"
PRO_88_A,ALA_89_A
ALA_89_A,"PRO_88_A,VAL_90_A,ALA_93_A"
VAL_90_A,"LEU_86_A,ALA_89_A,VAL_91_A,ASN_94_A,VAL_102_A,PHE_126_A"
VAL_91_A,"GLY_87_A,VAL_90_A,GLU_92_A,VAL_401_A"
GLU_92_A,"VAL_91_A,ALA_93_A,ALA_96_A,HIS_232_A,GLY_400_A,VAL_401_A"
ALA_93_A,"ALA_89_A,GLU_92_A,ASN_94_A,ARG_97_A,VAL_98_A,LEU_100_A"
ASN_94_A,"VAL_90_A,ALA_93_A,TYR_95_A,GLN_129_A,ARG_131_A,ARG_303_A"
TYR_95_A,"ASN_94_A,ALA_96_A,VAL_401_A"
ALA_96_A,"GLU_92_A,TYR_95_A,ARG_97_A,VAL_98_A"
ARG_97_A,"ALA_93_A,ALA_96_A,VAL_98_A,ARG_131_A,THR_300_A"
VAL_98_A,"ALA_66_A,ALA_93_A,ALA_96_A,ARG_97_A,LEU_100_A"
PRO_99_A,LEU_100_A
LEU_100_A,"ALA_62_A,ALA_93_A,VAL_98_A,PRO_99_A,ILE_101_A,VAL_175_A"
ILE_101_A,"VAL_73_A,VAL_75_A,LEU_100_A,VAL_102_A,VAL_160_A"
VAL_102_A,"VAL_90_A,ILE_101_A,LEU_103_A,VAL_175_A,PHE_177_A"
LEU_103_A,"VAL_75_A,VAL_102_A,SER_104_A,PHE_177_A,ILE_179_A"
SER_104_A,"LEU_103_A,ALA_105_A,HIS_176_A,PHE_177_A,ASP_178_A,ILE_179_A"
ALA_105_A,"ARG_30_A,ASN_31_A,SER_104_A,ASN_106_A"
ASN_106_A,"ALA_105_A,ARG_107_A,ASP_178_A,ILE_179_A,LEU_181_A"
ARG_107_A,"ARG_30_A,ASN_106_A"
PRO_108_A,"TYR_109_A,LEU_111_A"
TYR_109_A,"PRO_108_A,GLU_110_A,SER_135_A,ASP_178_A,PRO_180_A"
GLU_110_A,"TYR_109_A,LEU_111_A,ARG_182_A"
LEU_111_A,"PRO_108_A,GLU_110_A,LEU_112_A,THR_114_A"
LEU_112_A,"LEU_111_A,GLY_113_A"
GLY_113_A,"LEU_112_A,THR_114_A"
THR_114_A,"LEU_111_A,GLY_113_A,GLY_115_A"
GLY_115_A,"THR_114_A,ALA_116_A"
ALA_116_A,"GLY_115_A,ASN_117_A"
ASN_117_A,"ALA_116_A,GLN_118_A"
GLN_118_A,"ASN_117_A,THR_119_A"
THR_119_A,"GLN_118_A,MET_120_A"
MET_120_A,"THR_119_A,GLU_121_A,GLN_122_A"
GLU_121_A,"MET_120_A,GLN_122_A"
GLN_122_A,"GLY_80_A,MET_120_A,GLU_121_A,LEU_123_A,TYR_125_A,ASP_178_A"
LEU_123_A,"GLN_122_A,GLY_124_A"
GLY_124_A,"LEU_123_A,TYR_125_A"
TYR_125_A,"GLN_122_A,GLY_124_A,PHE_126_A"
PHE_126_A,"VAL_90_A,TYR_125_A,GLY_127_A"
GLY_127_A,"PHE_126_A,THR_128_A"
THR_128_A,"GLY_127_A,GLN_129_A"
GLN_129_A,"ASN_94_A,THR_128_A,VAL_130_A"
VAL_130_A,"GLN_129_A,ARG_131_A"
ARG_131_A,"ASN_94_A,ARG_97_A,VAL_130_A,ALA_132_A,ASN_171_A,ALA_172_A,PRO_174_A,ARG_303_A"
ALA_132_A,"ARG_131_A,SER_133_A"
SER_133_A,"ALA_132_A,ILE_134_A"
ILE_134_A,"SER_133_A,SER_135_A,VAL_160_A,HIS_176_A,ASP_178_A"
SER_135_A,"TYR_109_A,ILE_134_A,LEU_136_A"
LEU_136_A,"VAL_11_A,SER_135_A,GLY_137_A,ALA_156_A"
GLY_137_A,"GLN_7_A,LEU_136_A,LEU_138_A"
LEU_138_A,"GLY_137_A,ALA_139_A"
ALA_139_A,"PRO_3_A,LEU_138_A,GLU_140_A"
GLU_140_A,"ALA_139_A,ASP_141_A,ARG_145_A"
ASP_141_A,"GLU_140_A,ALA_142_A"
ALA_142_A,ASP_141_A
PRO_143_A,GLU_144_A
GLU_144_A,"PRO_143_A,ARG_145_A"
ARG_145_A,"GLU_140_A,GLU_144_A,THR_146_A,LEU_149_A"
THR_146_A,"ARG_145_A,SER_147_A,ASN_150_A,PRO_197_A"
SER_147_A,"THR_146_A,ALA_148_A"
ALA_148_A,"SER_147_A,LEU_149_A"
LEU_149_A,"ARG_145_A,ALA_148_A,ASN_150_A,THR_152_A,TRP_153_A"
ASN_150_A,"THR_146_A,LEU_149_A,ALA_151_A,ARG_154_A"
ALA_151_A,"ASN_150_A,THR_152_A"
THR_152_A,"LEU_149_A,ALA_151_A,TRP_153_A"
TRP_153_A,"LEU_149_A,THR_152_A,ARG_154_A,THR_157_A"
ARG_154_A,"VAL_10_A,ASP_13_A,GLU_14_A,ARG_17_A,ASN_150_A,TRP_153_A,SER_155_A,CYS_158_A,PRO_197_A,TRP_206_A"
SER_155_A,"ARG_154_A,ALA_156_A,CYS_158_A,ARG_159_A"
ALA_156_A,"LEU_136_A,SER_155_A,THR_157_A,ARG_159_A,VAL_160_A"
THR_157_A,"LEU_15_A,TRP_153_A,ALA_156_A,CYS_158_A"
CYS_158_A,"ARG_154_A,SER_155_A,THR_157_A,ARG_159_A"
ARG_159_A,"SER_155_A,ALA_156_A,CYS_158_A,VAL_160_A,ALA_163_A"
VAL_160_A,"ILE_101_A,ILE_134_A,ALA_156_A,ARG_159_A,LEU_161_A,ALA_164_A,VAL_175_A,PHE_177_A"
LEU_161_A,"VAL_20_A,VAL_160_A,ALA_162_A,THR_165_A"
ALA_162_A,"LEU_161_A,ALA_163_A,GLY_166_A,ALA_167_A"
ALA_163_A,"ARG_159_A,ALA_162_A,ALA_164_A,VAL_175_A"
ALA_164_A,"VAL_160_A,ALA_163_A,THR_165_A,GLY_173_A,VAL_175_A"
THR_165_A,"LEU_161_A,ALA_164_A,GLY_166_A"
GLY_166_A,"ALA_162_A,THR_165_A,ALA_167_A,ALA_170_A"
ALA_167_A,"ALA_162_A,GLY_166_A,ARG_168_A,VAL_212_A"
ARG_168_A,"ALA_167_A,THR_169_A,THR_209_A"
THR_169_A,"ARG_168_A,ALA_170_A"
ALA_170_A,"GLY_166_A,THR_169_A,ASN_171_A,PHE_214_A"
ASN_171_A,"ARG_131_A,ALA_170_A,ALA_172_A"
ALA_172_A,"ARG_131_A,ASN_171_A,GLY_173_A"
GLY_173_A,"ALA_164_A,ALA_172_A"
PRO_174_A,"ARG_131_A,VAL_175_A"
VAL_175_A,"LEU_100_A,VAL_102_A,VAL_160_A,ALA_163_A,ALA_164_A,PRO_174_A,HIS_176_A"
HIS_176_A,"SER_104_A,ILE_134_A,VAL_175_A,PHE_177_A,ASP_178_A"
PHE_177_A,"VAL_102_A,LEU_103_A,SER_104_A,VAL_160_A,HIS_176_A,ASP_178_A"
ASP_178_A,"SER_104_A,ASN_106_A,TYR_109_A,GLN_122_A,ILE_134_A,HIS_176_A,PHE_177_A,ILE_179_A"
ILE_179_A,"LEU_103_A,SER_104_A,ASN_106_A,ASP_178_A"
PRO_180_A,"TYR_109_A,LEU_181_A"
LEU_181_A,"ARG_30_A,ASN_106_A,PRO_180_A,ARG_182_A"
ARG_182_A,"SER_4_A,GLU_110_A,LEU_181_A,GLU_183_A"
GLU_183_A,"ARG_30_A,ARG_182_A"
PRO_184_A,LEU_185_A
LEU_185_A,"PRO_184_A,VAL_186_A"
VAL_186_A,"ASN_2_A,LEU_185_A"
PRO_187_A,ASP_188_A
ASP_188_A,PRO_187_A
PRO_189_A,GLU_190_A
GLU_190_A,PRO_189_A
PRO_191_A,LEU_192_A
LEU_192_A,"PRO_191_A,GLY_193_A"
GLY_193_A,"LEU_192_A,ALA_194_A"
ALA_194_A,"MET_1_A,GLY_193_A,VAL_195_A"
VAL_195_A,"ALA_194_A,THR_196_A"
THR_196_A,"ARG_9_A,VAL_195_A"
PRO_197_A,"THR_146_A,ARG_154_A"
PRO_198_A,GLY_199_A
GLY_199_A,"PRO_198_A,ARG_200_A"
ARG_200_A,"ARG_17_A,GLY_199_A,TRP_206_A"
PRO_201_A,ALA_202_A
ALA_202_A,"PRO_201_A,GLY_203_A"
GLY_203_A,"ALA_202_A,LYS_204_A"
LYS_204_A,"ARG_17_A,GLY_203_A"
PRO_205_A,TRP_206_A
TRP_206_A,"GLU_14_A,ARG_154_A,ARG_200_A,PRO_205_A,THR_207_A"
THR_207_A,"TRP_206_A,TYR_208_A"
TYR_208_A,"THR_207_A,THR_209_A"
THR_209_A,"ARG_168_A,TYR_208_A"
PRO_211_A,VAL_212_A
VAL_212_A,"ALA_167_A,PRO_211_A,THR_213_A"
THR_213_A,"VAL_212_A,PHE_214_A"
PHE_214_A,"ALA_170_A,THR_213_A,ASP_215_A,THR_316_A"
ASP_215_A,"PHE_214_A,GLN_216_A,ARG_317_A"
GLN_216_A,"ASP_215_A,THR_316_A"
PRO_217_A,LEU_218_A
LEU_218_A,"PRO_217_A,ASP_219_A,ALA_313_A,VAL_319_A"
ASP_219_A,"LEU_218_A,ILE_220_A"
ILE_220_A,"ASP_219_A,ASP_221_A,ILE_273_A,ALA_318_A,THR_321_A"
ASP_221_A,"ILE_220_A,LEU_222_A,SER_223_A,GLN_271_A,THR_321_A"
LEU_222_A,"ASP_221_A,SER_223_A"
SER_223_A,"ASP_221_A,LEU_222_A,VAL_224_A"
VAL_224_A,"SER_223_A,ASP_225_A,THR_226_A,GLN_270_A"
ASP_225_A,"VAL_224_A,THR_226_A,GLN_270_A,GLN_271_A,ARG_325_A,TRP_328_A"
THR_226_A,"VAL_224_A,ASP_225_A,VAL_227_A,GLN_271_A,TRP_328_A"
VAL_227_A,"THR_226_A,VAL_228_A,PRO_269_A,VAL_272_A"
VAL_228_A,"VAL_227_A,ILE_229_A,LEU_243_A,PRO_244_A,VAL_246_A,LEU_275_A"
ILE_229_A,"VAL_228_A,SER_230_A,VAL_272_A,ILE_273_A,LEU_275_A,VAL_284_A"
SER_230_A,"ILE_229_A,GLY_231_A,GLU_248_A"
GLY_231_A,"SER_230_A,HIS_232_A,LEU_275_A"
HIS_232_A,"GLU_92_A,GLY_231_A,GLY_233_A,GLU_248_A,THR_250_A,ARG_277_A,ARG_399_A"
GLY_233_A,"HIS_232_A,ALA_234_A"
ALA_234_A,"GLY_233_A,GLY_235_A,LEU_275_A"
GLY_235_A,"ALA_234_A,VAL_236_A"
VAL_236_A,"GLY_235_A,HIS_237_A,PRO_252_A"
HIS_237_A,"VAL_236_A,LEU_240_A,SER_254_A"
PRO_238_A,ASN_239_A
ASN_239_A,"PRO_238_A,LEU_240_A,ALA_318_A"
LEU_240_A,"HIS_237_A,ASN_239_A,ALA_241_A,LEU_243_A"
ALA_241_A,"LEU_240_A,ALA_242_A"
ALA_242_A,"ALA_241_A,LEU_243_A,ASN_257_A"
LEU_243_A,"VAL_228_A,LEU_240_A,ALA_242_A,THR_245_A,PRO_324_A"
PRO_244_A,"VAL_228_A,THR_245_A,CYS_332_A"
THR_245_A,"LEU_243_A,PRO_244_A,VAL_246_A,LEU_259_A"
VAL_246_A,"VAL_228_A,THR_245_A,ALA_247_A"
ALA_247_A,"VAL_246_A,GLU_248_A"
GLU_248_A,"SER_230_A,HIS_232_A,ALA_247_A,ALA_251_A,THR_279_A,LEU_280_A,HIS_281_A,ARG_399_A"
PRO_249_A,"THR_250_A,VAL_380_A,ALA_384_A"
THR_250_A,"HIS_232_A,PRO_249_A,ALA_251_A"
ALA_251_A,"GLU_248_A,THR_250_A"
PRO_252_A,"VAL_236_A,ARG_253_A"
ARG_253_A,"PRO_252_A,SER_254_A,ASP_389_A,ARG_391_A"
SER_254_A,"HIS_237_A,ARG_253_A,GLY_255_A"
GLY_255_A,"SER_254_A,ASP_256_A"
ASP_256_A,"GLY_255_A,ASN_257_A,ASP_389_A,ARG_391_A"
ASN_257_A,"ALA_242_A,ASP_256_A"
PRO_258_A,LEU_259_A
LEU_259_A,"THR_245_A,PRO_258_A,HIS_260_A,ALA_263_A,LEU_267_A"
HIS_260_A,"LEU_259_A,LEU_262_A,ALA_263_A,ASN_336_A,ALA_339_A,LEU_385_A"
PRO_261_A,LEU_262_A
LEU_262_A,"HIS_260_A,PRO_261_A,ALA_263_A,LEU_385_A"
ALA_263_A,"LEU_259_A,HIS_260_A,LEU_262_A,LEU_264_A,LEU_266_A,MET_335_A"
LEU_264_A,ALA_263_A
PRO_265_A,LEU_266_A
LEU_266_A,"ALA_263_A,PRO_265_A,LEU_267_A"
LEU_267_A,"LEU_259_A,LEU_266_A,ARG_268_A,ARG_331_A"
ARG_268_A,LEU_267_A
PRO_269_A,"VAL_227_A,GLN_270_A"
GLN_270_A,"VAL_224_A,ASP_225_A,PRO_269_A,GLN_271_A"
GLN_271_A,"ASP_221_A,ASP_225_A,THR_226_A,GLN_270_A,VAL_272_A"
VAL_272_A,"VAL_227_A,ILE_229_A,GLN_271_A,ILE_273_A,LEU_287_A,PRO_294_A,PHE_296_A"
ILE_273_A,"ILE_220_A,ILE_229_A,VAL_272_A,MET_274_A,LEU_275_A,LEU_298_A"
MET_274_A,"ILE_273_A,LEU_275_A,PRO_278_A,VAL_295_A,PHE_296_A,LEU_298_A"
LEU_275_A,"VAL_228_A,ILE_229_A,GLY_231_A,ALA_234_A,ILE_273_A,MET_274_A,GLY_276_A"
GLY_276_A,"LEU_275_A,ARG_277_A"
ARG_277_A,"HIS_232_A,GLY_276_A"
PRO_278_A,"MET_274_A,THR_279_A"
THR_279_A,"GLU_248_A,PRO_278_A,LEU_280_A"
LEU_280_A,"GLU_248_A,THR_279_A,HIS_281_A,VAL_380_A,ARG_381_A"
HIS_281_A,"GLU_248_A,LEU_280_A,ARG_282_A,VAL_284_A,SER_285_A"
ARG_282_A,"HIS_281_A,VAL_286_A"
PRO_283_A,VAL_284_A
VAL_284_A,"ILE_229_A,HIS_281_A,PRO_283_A,SER_285_A,LEU_288_A"
SER_285_A,"HIS_281_A,VAL_284_A,VAL_286_A,ALA_289_A"
VAL_286_A,"ARG_282_A,SER_285_A,LEU_287_A"
LEU_287_A,"VAL_272_A,VAL_286_A,LEU_288_A"
LEU_288_A,"VAL_284_A,LEU_287_A,ALA_289_A,VAL_307_A"
ALA_289_A,"SER_285_A,LEU_288_A,ASP_290_A"
ASP_290_A,"ALA_289_A,ALA_291_A,GLU_292_A"
ALA_291_A,"ASP_290_A,GLU_292_A,ASN_310_A"
GLU_292_A,"ASP_290_A,ALA_291_A,VAL_293_A"
VAL_293_A,GLU_292_A
PRO_294_A,"VAL_272_A,VAL_295_A"
VAL_295_A,"MET_274_A,PRO_294_A,PHE_296_A,GLN_312_A"
PHE_296_A,"VAL_272_A,MET_274_A,VAL_295_A,ALA_297_A"
ALA_297_A,"PHE_296_A,LEU_298_A,GLY_315_A"
LEU_298_A,"ILE_273_A,MET_274_A,ALA_297_A,THR_299_A"
THR_299_A,"LEU_298_A,THR_300_A,GLY_301_A,GLY_315_A"
THR_300_A,"ARG_97_A,THR_299_A,GLY_301_A"
GLY_301_A,"THR_299_A,THR_300_A"
PRO_302_A,ARG_303_A
ARG_303_A,"ASN_94_A,ARG_131_A,PRO_302_A,TRP_304_A"
TRP_304_A,"ARG_303_A,THR_314_A"
PRO_305_A,ASP_306_A
ASP_306_A,"PRO_305_A,VAL_307_A"
VAL_307_A,"LEU_288_A,ASP_306_A,SER_308_A"
SER_308_A,"VAL_307_A,GLY_309_A"
GLY_309_A,"SER_308_A,ASN_310_A"
ASN_310_A,"ALA_291_A,GLY_309_A,SER_311_A"
SER_311_A,"ASN_310_A,GLN_312_A"
GLN_312_A,"VAL_295_A,SER_311_A,ALA_313_A"
ALA_313_A,"LEU_218_A,GLN_312_A,THR_314_A"
THR_314_A,"TRP_304_A,ALA_313_A,GLY_315_A"
GLY_315_A,"ALA_297_A,THR_299_A,THR_314_A,THR_316_A"
THR_316_A,"PHE_214_A,GLN_216_A,GLY_315_A,ARG_317_A"
ARG_317_A,"ASP_215_A,THR_316_A,ALA_318_A"
ALA_318_A,"ILE_220_A,ASN_239_A,ARG_317_A,VAL_319_A"
VAL_319_A,"LEU_218_A,ALA_318_A,THR_320_A"
THR_320_A,"VAL_319_A,THR_321_A"
THR_321_A,"ILE_220_A,ASP_221_A,THR_320_A,GLY_322_A"
GLY_322_A,"THR_321_A,ALA_323_A"
ALA_323_A,GLY_322_A
PRO_324_A,"LEU_243_A,ARG_325_A"
ARG_325_A,"ASP_225_A,PRO_324_A,TRP_328_A,ARG_331_A"
PRO_326_A,"ALA_327_A,ASP_330_A"
ALA_327_A,"PRO_326_A,TRP_328_A,ARG_331_A"
TRP_328_A,"ASP_225_A,THR_226_A,ARG_325_A,ALA_327_A,LEU_329_A,CYS_332_A"
LEU_329_A,"TRP_328_A,ASP_330_A,ALA_333_A"
ASP_330_A,"PRO_326_A,LEU_329_A,ARG_331_A"
ARG_331_A,"LEU_267_A,ARG_325_A,ALA_327_A,ASP_330_A,CYS_332_A"
CYS_332_A,"PRO_244_A,TRP_328_A,ARG_331_A,ALA_333_A,ASN_336_A"
ALA_333_A,"LEU_329_A,CYS_332_A,ALA_334_A"
ALA_334_A,"ALA_333_A,MET_335_A,HIS_338_A"
MET_335_A,"ALA_263_A,ALA_334_A,ASN_336_A,ALA_339_A"
ASN_336_A,"HIS_260_A,CYS_332_A,MET_335_A,ARG_337_A"
ARG_337_A,"ASN_336_A,HIS_338_A,ALA_341_A"
HIS_338_A,"ALA_334_A,ARG_337_A,ALA_339_A,ALA_342_A"
ALA_339_A,"HIS_260_A,MET_335_A,HIS_338_A,ILE_340_A"
ILE_340_A,"ALA_339_A,ALA_341_A,ARG_344_A"
ALA_341_A,"ARG_337_A,ILE_340_A,ALA_342_A,GLU_345_A"
ALA_342_A,"HIS_338_A,ALA_341_A,VAL_343_A,ALA_553_A"
VAL_343_A,"ALA_342_A,ARG_344_A,LEU_347_A,ILE_550_A"
ARG_344_A,"ILE_340_A,VAL_343_A,GLU_345_A"
GLU_345_A,"ALA_341_A,ARG_344_A,GLN_346_A,ALA_349_A"
GLN_346_A,"GLU_345_A,LEU_347_A,ILE_550_A"
LEU_347_A,"VAL_343_A,GLN_346_A,ALA_348_A,LEU_356_A,HIS_357_A,LEU_546_A"
ALA_348_A,"LEU_347_A,ALA_349_A"
ALA_349_A,"GLU_345_A,ALA_348_A,HIS_350_A"
HIS_350_A,"ALA_349_A,HIS_357_A,ASP_539_A,SER_542_A"
PRO_351_A,LEU_352_A
LEU_352_A,"PRO_351_A,THR_353_A"
THR_353_A,"LEU_352_A,THR_354_A,VAL_517_A,ASP_539_A"
THR_354_A,"THR_353_A,GLY_355_A,HIS_357_A"
GLY_355_A,"THR_354_A,LEU_356_A,ALA_359_A"
LEU_356_A,"LEU_347_A,GLY_355_A,HIS_357_A,ALA_360_A,LEU_385_A"
HIS_357_A,"LEU_347_A,HIS_350_A,THR_354_A,LEU_356_A,VAL_358_A,ALA_361_A"
VAL_358_A,"HIS_357_A,ALA_359_A,VAL_362_A"
ALA_359_A,"GLY_355_A,VAL_358_A,ALA_360_A,SER_363_A,ASP_382_A"
ALA_360_A,"LEU_356_A,ALA_359_A,ALA_361_A,HIS_364_A"
ALA_361_A,"HIS_357_A,ALA_360_A,VAL_362_A,VAL_517_A"
VAL_362_A,"VAL_358_A,ALA_361_A,SER_363_A,LEU_520_A"
SER_363_A,"ALA_359_A,VAL_362_A,HIS_364_A"
HIS_364_A,"ALA_360_A,SER_363_A,ALA_365_A"
ALA_365_A,"HIS_364_A,LEU_366_A"
LEU_366_A,"ALA_365_A,ARG_367_A,ILE_435_A"
ARG_367_A,"LEU_366_A,ASP_370_A,ARG_433_A,ASP_525_A"
PRO_368_A,GLY_369_A
GLY_369_A,"PRO_368_A,ASP_370_A,GLY_392_A,TYR_418_A"
ASP_370_A,"ARG_367_A,GLY_369_A,GLN_371_A,ARG_433_A"
GLN_371_A,"ASP_370_A,LEU_372_A,ARG_396_A,TYR_418_A,ARG_433_A,THR_434_A,ILE_435_A"
LEU_372_A,"GLN_371_A,VAL_373_A,LEU_374_A,LEU_388_A,ARG_394_A,ARG_396_A"
VAL_373_A,"LEU_372_A,LEU_374_A,ILE_435_A,LEU_437_A"
LEU_374_A,"LEU_372_A,VAL_373_A,GLY_375_A,VAL_395_A,ARG_396_A,SER_397_A"
GLY_375_A,"LEU_374_A,ALA_376_A,LEU_437_A"
ALA_376_A,"GLY_375_A,SER_377_A,ARG_399_A"
SER_377_A,"ALA_376_A,ASN_378_A"
ASN_378_A,"SER_377_A,ASP_382_A"
PRO_379_A,VAL_380_A
VAL_380_A,"PRO_249_A,LEU_280_A,PRO_379_A,ARG_381_A"
ARG_381_A,"LEU_280_A,VAL_380_A,ASP_382_A,LEU_385_A,ARG_399_A"
ASP_382_A,"ALA_359_A,ASN_378_A,ARG_381_A,VAL_383_A,LEU_385_A,ALA_386_A,HIS_547_A"
VAL_383_A,"ASP_382_A,ALA_384_A,LEU_388_A"
ALA_384_A,"PRO_249_A,VAL_383_A,LEU_385_A"
LEU_385_A,"HIS_260_A,LEU_262_A,LEU_356_A,ARG_381_A,ASP_382_A,ALA_384_A,ALA_386_A"
ALA_386_A,"ASP_382_A,LEU_385_A,GLY_387_A"
GLY_387_A,"ALA_386_A,LEU_388_A"
LEU_388_A,"LEU_372_A,VAL_383_A,GLY_387_A,ASP_389_A"
ASP_389_A,"ARG_253_A,ASP_256_A,LEU_388_A,THR_390_A,ARG_391_A"
THR_390_A,"ASP_389_A,ARG_391_A"
ARG_391_A,"ARG_253_A,ASP_256_A,ASP_389_A,THR_390_A,GLY_392_A"
GLY_392_A,"GLY_369_A,ARG_391_A,ILE_393_A"
ILE_393_A,"GLY_392_A,ARG_394_A"
ARG_394_A,"LEU_372_A,ILE_393_A,VAL_395_A,ARG_396_A"
VAL_395_A,"LEU_374_A,ARG_394_A,ARG_396_A"
ARG_396_A,"ILE_67_A,GLN_371_A,LEU_372_A,LEU_374_A,ARG_394_A,VAL_395_A,SER_397_A"
SER_397_A,"LEU_374_A,ARG_396_A,ASN_398_A,ARG_399_A"
ASN_398_A,"SER_397_A,ARG_399_A,ALA_402_A,THR_410_A"
ARG_399_A,"HIS_232_A,GLU_248_A,ALA_376_A,ARG_381_A,SER_397_A,ASN_398_A,GLY_400_A"
GLY_400_A,"GLU_92_A,ARG_399_A,VAL_401_A"
VAL_401_A,"VAL_91_A,GLU_92_A,TYR_95_A,GLY_400_A,ALA_402_A"
ALA_402_A,"ASN_398_A,VAL_401_A,GLY_403_A"
GLY_403_A,"ALA_402_A,ILE_404_A"
ILE_404_A,"GLY_403_A,ASP_405_A,HIS_445_A"
ASP_405_A,"ARG_56_A,TYR_60_A,ILE_404_A,GLY_406_A,HIS_445_A"
GLY_406_A,"ASP_405_A,THR_407_A,THR_410_A"
THR_407_A,"GLY_406_A,VAL_408_A"
VAL_408_A,"THR_407_A,SER_409_A,ALA_411_A,ILE_412_A,ASP_446_A,LEU_450_A"
SER_409_A,"THR_57_A,VAL_408_A,THR_410_A,GLY_413_A"
THR_410_A,"ASN_398_A,GLY_406_A,SER_409_A,ALA_411_A,ALA_414_A"
ALA_411_A,"VAL_408_A,THR_410_A,ILE_412_A,ALA_415_A,ALA_436_A"
ILE_412_A,"VAL_408_A,ALA_411_A,GLY_413_A,LEU_416_A,LEU_462_A"
GLY_413_A,"SER_409_A,ILE_412_A,ALA_414_A"
ALA_414_A,"THR_410_A,GLY_413_A,ALA_415_A,TYR_418_A"
ALA_415_A,"ALA_411_A,ALA_414_A,LEU_416_A,GLU_419_A"
LEU_416_A,"ARG_48_A,ILE_412_A,ALA_415_A,ALA_417_A,GLY_420_A"
ALA_417_A,"LEU_416_A,TYR_418_A,ALA_421_A"
TYR_418_A,"GLY_369_A,GLN_371_A,ALA_414_A,ALA_417_A,GLU_419_A,PRO_432_A"
GLU_419_A,"ARG_48_A,ALA_415_A,TYR_418_A,GLY_420_A,GLU_423_A,ARG_460_A,SER_461_A"
GLY_420_A,"LEU_416_A,GLU_419_A,ALA_421_A,GLU_423_A"
ALA_421_A,"ALA_417_A,GLY_420_A,HIS_422_A"
HIS_422_A,"ALA_421_A,GLU_423_A"
GLU_423_A,"ARG_48_A,GLU_419_A,GLY_420_A,HIS_422_A,ARG_424_A,ARG_460_A"
ARG_424_A,"ARG_21_A,ASP_22_A,GLU_423_A,THR_425_A,GLY_426_A"
THR_425_A,"ARG_424_A,GLY_426_A"
GLY_426_A,"ARG_424_A,THR_425_A,SER_427_A"
SER_427_A,GLY_426_A
PRO_428_A,ASP_429_A
ASP_429_A,"PRO_428_A,SER_430_A"
SER_430_A,ASP_429_A
PRO_432_A,"TYR_418_A,ARG_433_A"
ARG_433_A,"ARG_367_A,ASP_370_A,GLN_371_A,PRO_432_A,THR_434_A,ASP_525_A"
THR_434_A,"GLN_371_A,ARG_433_A,ILE_435_A,SER_461_A,THR_463_A"
ILE_435_A,"LEU_366_A,GLN_371_A,VAL_373_A,THR_434_A,ALA_436_A"
ALA_436_A,"ALA_411_A,ILE_435_A,LEU_437_A,THR_463_A,VAL_465_A"
LEU_437_A,"VAL_373_A,GLY_375_A,ALA_436_A,ILE_438_A,VAL_465_A"
ILE_438_A,"LEU_437_A,GLY_439_A,THR_442_A,ILE_464_A"
GLY_439_A,"ILE_438_A,ASP_440_A,PHE_443_A"
ASP_440_A,"GLY_439_A,LEU_441_A,VAL_444_A,ASP_469_A,HIS_497_A"
LEU_441_A,"ASP_440_A,THR_442_A,HIS_445_A"
THR_442_A,"ILE_438_A,LEU_441_A,PHE_443_A"
PHE_443_A,"GLY_439_A,THR_442_A,VAL_444_A,SER_447_A,LEU_450_A,VAL_466_A,VAL_501_A"
VAL_444_A,"ASP_440_A,PHE_443_A,HIS_445_A,SER_447_A"
HIS_445_A,"ARG_56_A,ILE_404_A,ASP_405_A,LEU_441_A,VAL_444_A,ASP_446_A"
ASP_446_A,"THR_57_A,VAL_408_A,HIS_445_A,SER_447_A,GLY_449_A"
SER_447_A,"PHE_443_A,VAL_444_A,ASP_446_A,SER_448_A,LEU_450_A"
SER_448_A,"SER_447_A,GLY_449_A"
GLY_449_A,"ASP_446_A,SER_448_A,LEU_450_A"
LEU_450_A,"VAL_408_A,PHE_443_A,SER_447_A,GLY_449_A,LEU_451_A,VAL_510_A"
LEU_451_A,"LEU_450_A,ILE_452_A,TYR_508_A"
ILE_452_A,"LEU_451_A,GLY_453_A,GLU_456_A,MET_531_A"
GLY_453_A,"ILE_452_A,GLU_456_A"
PRO_454_A,THR_455_A
THR_455_A,"PRO_454_A,GLU_456_A"
GLU_456_A,"HIS_50_A,VAL_51_A,ARG_52_A,ILE_452_A,GLY_453_A,THR_455_A"
PRO_457_A,ILE_458_A
ILE_458_A,PRO_457_A
PRO_459_A,"ARG_460_A,LEU_462_A"
ARG_460_A,"GLU_419_A,GLU_423_A,PRO_459_A,SER_461_A"
SER_461_A,"GLU_419_A,THR_434_A,ARG_460_A,LEU_462_A"
LEU_462_A,"ILE_412_A,PRO_459_A,SER_461_A,THR_463_A"
THR_463_A,"THR_434_A,ALA_436_A,LEU_462_A,ILE_464_A,LEU_524_A,LEU_534_A"
ILE_464_A,"ILE_438_A,THR_463_A,VAL_465_A,ARG_532_A,LEU_534_A"
VAL_465_A,"ALA_436_A,LEU_437_A,ILE_464_A,VAL_466_A"
VAL_466_A,"PHE_443_A,VAL_465_A,SER_467_A,LEU_534_A,VAL_536_A"
SER_467_A,"VAL_466_A,ASN_468_A"
ASN_468_A,"SER_467_A,ASP_469_A,ASN_470_A,GLU_535_A,ALA_538_A"
ASP_469_A,"ASP_440_A,ASN_468_A,ASN_470_A,GLU_476_A"
ASN_470_A,"ASN_468_A,ASP_469_A,GLY_471_A,ASP_498_A"
GLY_471_A,"ASN_470_A,GLY_472_A"
GLY_472_A,"GLY_471_A,GLY_473_A"
GLY_473_A,"GLY_472_A,ILE_474_A"
ILE_474_A,"GLY_473_A,PHE_475_A,PHE_493_A"
PHE_475_A,"ILE_474_A,GLU_476_A,PHE_485_A,PHE_493_A,ARG_544_A"
GLU_476_A,"ASP_469_A,PHE_475_A,LEU_477_A,ARG_540_A"
LEU_477_A,"GLU_476_A,LEU_478_A"
LEU_478_A,"LEU_477_A,PHE_485_A"
GLY_481_A,ASP_482_A
ASP_482_A,GLY_481_A
PRO_483_A,ARG_484_A
ARG_484_A,"PRO_483_A,PHE_485_A,SER_490_A"
PHE_485_A,"PHE_475_A,LEU_478_A,ARG_484_A,SER_486_A"
SER_486_A,"PHE_485_A,ASP_487_A"
ASP_487_A,"SER_486_A,VAL_488_A,SER_489_A"
VAL_488_A,"ASP_487_A,SER_489_A"
SER_489_A,"ASP_487_A,VAL_488_A,SER_490_A"
SER_490_A,"ARG_484_A,SER_489_A,ARG_491_A,PHE_493_A"
ARG_491_A,"SER_490_A,ILE_492_A"
ILE_492_A,"ARG_491_A,PHE_493_A"
PHE_493_A,"ILE_474_A,PHE_475_A,SER_490_A,ILE_492_A,GLY_494_A"
GLY_494_A,"PHE_493_A,THR_495_A"
THR_495_A,GLY_494_A
PRO_496_A,HIS_497_A
HIS_497_A,"ASP_440_A,PRO_496_A,ASP_498_A"
ASP_498_A,"ASN_470_A,HIS_497_A,VAL_499_A"
VAL_499_A,"ASP_498_A,ASP_500_A"
ASP_500_A,"VAL_499_A,VAL_501_A,GLY_502_A,ALA_503_A,GLU_535_A"
VAL_501_A,"PHE_443_A,ASP_500_A,GLY_502_A,CYS_505_A"
GLY_502_A,"ASP_500_A,VAL_501_A,ALA_503_A,ARG_506_A"
ALA_503_A,"ASP_500_A,GLY_502_A,LEU_504_A,ALA_507_A"
LEU_504_A,"ALA_503_A,CYS_505_A"
CYS_505_A,"VAL_501_A,LEU_504_A,ARG_506_A,VAL_510_A"
ARG_506_A,"GLY_502_A,CYS_505_A,ALA_507_A"
ALA_507_A,"ALA_503_A,ARG_506_A,TYR_508_A"
TYR_508_A,"LEU_451_A,ALA_507_A,HIS_509_A"
HIS_509_A,"TYR_508_A,VAL_510_A"
VAL_510_A,"LEU_450_A,CYS_505_A,HIS_509_A,GLU_511_A,MET_531_A"
GLU_511_A,"VAL_510_A,SER_512_A,ARG_532_A,VAL_533_A"
SER_512_A,"GLU_511_A,ARG_513_A"
ARG_513_A,"SER_512_A,GLN_514_A,GLU_519_A,VAL_533_A,GLU_535_A"
GLN_514_A,"ARG_513_A,ILE_515_A,LYS_537_A"
ILE_515_A,"GLN_514_A,GLU_516_A,GLU_535_A"
GLU_516_A,"ILE_515_A,VAL_517_A,ASP_518_A,GLU_519_A"
VAL_517_A,"THR_353_A,ALA_361_A,GLU_516_A,ASP_518_A"
ASP_518_A,"GLU_516_A,VAL_517_A,GLU_519_A"
GLU_519_A,"ARG_513_A,GLU_516_A,ASP_518_A,LEU_520_A,THR_523_A"
LEU_520_A,"VAL_362_A,GLU_519_A,GLY_521_A,LEU_524_A"
GLY_521_A,LEU_520_A
PRO_522_A,THR_523_A
THR_523_A,"GLU_519_A,PRO_522_A,LEU_524_A,ARG_532_A,LEU_534_A"
LEU_524_A,"THR_463_A,LEU_520_A,THR_523_A,ASP_525_A"
ASP_525_A,"ARG_367_A,ARG_433_A,LEU_524_A,GLN_526_A"
GLN_526_A,ASP_525_A
ALA_529_A,GLY_530_A
GLY_530_A,"ALA_529_A,MET_531_A"
MET_531_A,"ILE_452_A,VAL_510_A,GLY_530_A,ARG_532_A"
ARG_532_A,"ILE_464_A,GLU_511_A,THR_523_A,MET_531_A,VAL_533_A"
VAL_533_A,"GLU_511_A,ARG_513_A,ARG_532_A,LEU_534_A"
LEU_534_A,"THR_463_A,ILE_464_A,VAL_466_A,THR_523_A,VAL_533_A,GLU_535_A"
GLU_535_A,"ASN_468_A,ASP_500_A,ARG_513_A,ILE_515_A,LEU_534_A,VAL_536_A,LYS_537_A"
VAL_536_A,"VAL_466_A,GLU_535_A,LYS_537_A"
LYS_537_A,"GLN_514_A,GLU_535_A,VAL_536_A,ALA_538_A"
ALA_538_A,"ASN_468_A,LYS_537_A,ASP_539_A"
ASP_539_A,"HIS_350_A,THR_353_A,ALA_538_A,ARG_540_A,SER_541_A,SER_542_A"
ARG_540_A,"GLU_476_A,ASP_539_A,SER_541_A"
SER_541_A,"ASP_539_A,ARG_540_A,SER_542_A"
SER_542_A,"HIS_350_A,ASP_539_A,SER_541_A,LEU_543_A,GLN_545_A,LEU_546_A"
LEU_543_A,"SER_542_A,ARG_544_A"
ARG_544_A,"PHE_475_A,LEU_543_A,GLN_545_A"
GLN_545_A,"SER_542_A,ARG_544_A,LEU_546_A"
LEU_546_A,"LEU_347_A,SER_542_A,GLN_545_A,HIS_547_A"
HIS_547_A,"ASP_382_A,LEU_546_A,ALA_548_A,LYS_551_A"
ALA_548_A,"HIS_547_A,ALA_549_A,ALA_552_A"
ALA_549_A,"ALA_548_A,ILE_550_A"
ILE_550_A,"VAL_343_A,GLN_346_A,ALA_549_A,LYS_551_A"
LYS_551_A,"HIS_547_A,ILE_550_A,ALA_552_A"
ALA_552_A,"ALA_548_A,LYS_551_A,ALA_553_A"
ALA_553_A,"ALA_342_A,ALA_552_A,LEU_554_A"
LEU_554_A,ALA_553_A
