residue_id,neighbors
MET_1_G,ALA_2_G
ALA_2_G,"MET_1_G,THR_3_G"
THR_3_G,"ALA_2_G,PHE_4_G"
PHE_4_G,"THR_3_G,LYS_5_G,ILE_21_G,THR_26_G"
LYS_5_G,"PHE_4_G,LEU_6_G,GLU_20_G"
LEU_6_G,"LYS_5_G,VAL_7_G,VAL_19_G,VAL_121_G"
VAL_7_G,"LEU_6_G,ILE_8_G"
ILE_8_G,"VAL_7_G,SER_9_G,LYS_17_G,VAL_19_G,LEU_61_G,VAL_121_G"
SER_9_G,"ILE_8_G,ASP_10_G,LEU_123_G"
ASP_10_G,"SER_9_G,LYS_12_G,ILE_15_G,GLU_49_G,LEU_123_G"
PRO_11_G,LYS_12_G
LYS_12_G,"ASP_10_G,PRO_11_G,SER_13_G"
SER_13_G,"LYS_12_G,GLY_14_G"
GLY_14_G,"SER_13_G,ILE_15_G"
ILE_15_G,"ASP_10_G,GLY_14_G,ALA_16_G,PHE_51_G"
ALA_16_G,"ILE_15_G,LYS_17_G"
LYS_17_G,"ILE_8_G,ALA_16_G,GLN_18_G,PHE_51_G"
GLN_18_G,"LYS_17_G,VAL_19_G"
VAL_19_G,"LEU_6_G,ILE_8_G,GLN_18_G,GLU_20_G"
GLU_20_G,"LYS_5_G,VAL_19_G,ILE_21_G"
ILE_21_G,"PHE_4_G,GLU_20_G,THR_22_G,GLU_25_G"
THR_22_G,"ILE_21_G,GLY_23_G"
GLY_23_G,"THR_22_G,ALA_24_G"
ALA_24_G,"GLY_23_G,GLU_25_G"
GLU_25_G,"ILE_21_G,ALA_24_G,THR_26_G,LEU_43_G"
THR_26_G,"PHE_4_G,GLU_25_G,GLU_27_G,LYS_28_G,LEU_29_G"
GLU_27_G,"THR_26_G,LYS_28_G"
LYS_28_G,"THR_26_G,GLU_27_G,LEU_29_G"
LEU_29_G,"THR_26_G,LYS_28_G,ILE_30_G,LYS_32_G,ILE_38_G,ILE_63_G,VAL_119_G"
ILE_30_G,"LEU_29_G,GLY_31_G"
GLY_31_G,"ILE_30_G,LYS_32_G,ILE_112_G"
LYS_32_G,"LEU_29_G,GLY_31_G,ARG_33_G,ASP_36_G,GLU_42_G"
ARG_33_G,"LYS_32_G,ILE_34_G,ASP_36_G,HIS_79_G"
ILE_34_G,"ARG_33_G,GLY_35_G,ILE_63_G"
GLY_35_G,"ILE_34_G,ASP_36_G"
ASP_36_G,"LYS_32_G,ARG_33_G,GLY_35_G,GLN_37_G"
GLN_37_G,"ASP_36_G,ILE_38_G"
ILE_38_G,"LEU_29_G,GLN_37_G,LEU_61_G,ILE_63_G,VAL_121_G"
PRO_39_G,ALA_40_G
ALA_40_G,"PRO_39_G,LYS_41_G,VAL_59_G,LEU_61_G"
LYS_41_G,"ALA_40_G,GLU_42_G"
GLU_42_G,"LYS_32_G,LYS_41_G,LEU_43_G"
LEU_43_G,"GLU_25_G,GLU_42_G,ASN_44_G"
ASN_44_G,"LEU_43_G,ILE_45_G"
ILE_45_G,"ASN_44_G,ASN_46_G"
ASN_46_G,"ILE_45_G,LEU_47_G,ASN_48_G"
LEU_47_G,"ASN_46_G,ASN_48_G,GLU_54_G"
ASN_48_G,"ASN_46_G,LEU_47_G,GLU_49_G"
GLU_49_G,"ASP_10_G,ASN_48_G,LEU_50_G,PHE_51_G"
LEU_50_G,"GLU_49_G,PHE_51_G"
PHE_51_G,"ILE_15_G,LYS_17_G,GLU_49_G,LEU_50_G,GLY_52_G"
GLY_52_G,"PHE_51_G,LYS_53_G"
LYS_53_G,"GLY_52_G,GLU_54_G"
GLU_54_G,"LEU_47_G,LYS_53_G,PHE_55_G"
PHE_55_G,GLU_54_G
PRO_56_G,GLU_57_G
GLU_57_G,"PRO_56_G,ASP_58_G"
ASP_58_G,"GLU_57_G,VAL_59_G"
VAL_59_G,"ALA_40_G,ASP_58_G,LYS_60_G"
LYS_60_G,"VAL_59_G,LEU_61_G"
LEU_61_G,"ILE_8_G,ILE_38_G,ALA_40_G,LYS_60_G,GLU_62_G,VAL_121_G"
GLU_62_G,"LEU_61_G,ILE_63_G,LYS_122_G,VAL_124_G"
ILE_63_G,"LEU_29_G,ILE_34_G,ILE_38_G,GLU_62_G,ARG_64_G,VAL_119_G"
ARG_64_G,"ILE_63_G,GLY_65_G,ASN_120_G,LYS_122_G"
GLY_65_G,"ARG_64_G,GLY_66_G,ASN_120_G"
GLY_66_G,"GLY_65_G,THR_67_G"
THR_67_G,"GLY_66_G,ASP_68_G,GLN_118_G"
ASP_68_G,"THR_67_G,LYS_69_G,ASP_70_G,PHE_72_G,ARG_83_G,ARG_108_G,GLU_115_G"
LYS_69_G,"ASP_68_G,ASP_70_G"
ASP_70_G,"ASP_68_G,LYS_69_G,GLY_71_G,PHE_72_G,ARG_83_G"
GLY_71_G,"ASP_70_G,PHE_72_G"
PHE_72_G,"ASP_68_G,ASP_70_G,GLY_71_G,PHE_94_G,THR_106_G,ARG_108_G"
PRO_73_G,"MET_74_G,ARG_108_G"
MET_74_G,"PRO_73_G,ARG_75_G"
ARG_75_G,"MET_74_G,ASP_77_G,ILE_78_G"
PRO_76_G,ASP_77_G
ASP_77_G,"ARG_75_G,PRO_76_G,ILE_78_G"
ILE_78_G,"ARG_75_G,ASP_77_G,HIS_79_G,GLY_80_G,VAL_107_G,ASN_110_G"
HIS_79_G,"ARG_33_G,ILE_78_G,GLY_80_G"
GLY_80_G,"ILE_78_G,HIS_79_G,ARG_82_G"
PRO_81_G,ARG_82_G
ARG_82_G,"GLY_80_G,PRO_81_G,ARG_83_G,GLU_115_G"
ARG_83_G,"ASP_68_G,ASP_70_G,ARG_82_G,VAL_84_G,ARG_108_G,GLU_115_G"
VAL_84_G,"ARG_83_G,ARG_85_G,THR_106_G"
ARG_85_G,"VAL_84_G,VAL_86_G"
VAL_86_G,"ARG_85_G,LEU_87_G,LYS_105_G"
LEU_87_G,"VAL_86_G,LEU_88_G,ARG_102_G"
LEU_88_G,"LEU_87_G,SER_89_G,PRO_92_G,ARG_103_G,LYS_105_G"
SER_89_G,"LEU_88_G,LYS_90_G"
LYS_90_G,"SER_89_G,GLY_91_G,GLU_101_G"
GLY_91_G,LYS_90_G
PRO_92_G,"LEU_88_G,GLY_93_G"
GLY_93_G,"PRO_92_G,PHE_94_G"
PHE_94_G,"PHE_72_G,GLY_93_G,ARG_95_G,LYS_105_G,VAL_107_G"
ARG_95_G,"PHE_94_G,PRO_96_G"
PRO_96_G,"ARG_95_G,LYS_97_G"
LYS_97_G,"PRO_96_G,GLU_98_G"
GLU_98_G,"LYS_97_G,LYS_99_G,GLY_100_G,GLU_101_G"
LYS_99_G,"GLU_98_G,GLY_100_G,GLU_101_G"
GLY_100_G,"GLU_98_G,LYS_99_G,GLU_101_G"
GLU_101_G,"LYS_90_G,GLU_98_G,LYS_99_G,GLY_100_G,ARG_102_G"
ARG_102_G,"LEU_87_G,GLU_101_G,ARG_103_G"
ARG_103_G,"LEU_88_G,ARG_102_G,LYS_104_G,LYS_105_G"
LYS_104_G,"ARG_103_G,LYS_105_G"
LYS_105_G,"VAL_86_G,LEU_88_G,PHE_94_G,ARG_103_G,LYS_104_G,THR_106_G"
THR_106_G,"PHE_72_G,VAL_84_G,LYS_105_G,VAL_107_G"
VAL_107_G,"ILE_78_G,PHE_94_G,THR_106_G,ARG_108_G"
ARG_108_G,"ASP_68_G,PHE_72_G,PRO_73_G,ARG_83_G,VAL_107_G,GLY_109_G,GLU_115_G"
GLY_109_G,"ARG_108_G,ASN_110_G"
ASN_110_G,"ILE_78_G,GLY_109_G,THR_111_G"
THR_111_G,"ASN_110_G,ILE_112_G"
ILE_112_G,"GLY_31_G,THR_111_G,SER_113_G,VAL_119_G"
SER_113_G,ILE_112_G
PRO_114_G,GLU_115_G
GLU_115_G,"ASP_68_G,ARG_82_G,ARG_83_G,ARG_108_G,PRO_114_G,ILE_116_G"
ILE_116_G,"GLU_115_G,VAL_117_G"
VAL_117_G,"ILE_116_G,GLN_118_G"
GLN_118_G,"THR_67_G,VAL_117_G,VAL_119_G,ASN_120_G"
VAL_119_G,"LEU_29_G,ILE_63_G,ILE_112_G,GLN_118_G,ASN_120_G"
ASN_120_G,"ARG_64_G,GLY_65_G,GLN_118_G,VAL_119_G,VAL_121_G"
VAL_121_G,"LEU_6_G,ILE_8_G,ILE_38_G,LEU_61_G,ASN_120_G,LYS_122_G"
LYS_122_G,"GLU_62_G,ARG_64_G,VAL_121_G,LEU_123_G"
LEU_123_G,"SER_9_G,ASP_10_G,LYS_122_G,VAL_124_G"
VAL_124_G,"GLU_62_G,LEU_123_G,TYR_125_G"
TYR_125_G,VAL_124_G
