residue_id,neighbors
LYS_7_D,ALA_8_D
ALA_8_D,"LYS_7_D,GLN_9_D"
GLN_9_D,"ALA_8_D,ASP_10_D"
ASP_10_D,"GLN_9_D,GLU_11_D"
GLU_11_D,"ASP_10_D,TYR_12_D"
TYR_12_D,"GLU_11_D,GLY_13_D"
GLY_13_D,"TYR_12_D,ALA_14_D"
ALA_14_D,"GLY_13_D,ALA_15_D"
ALA_15_D,"ALA_14_D,SER_16_D"
SER_16_D,"ALA_15_D,ILE_17_D"
ILE_17_D,"SER_16_D,THR_18_D"
THR_18_D,"ILE_17_D,ILE_19_D"
ILE_19_D,"THR_18_D,LEU_20_D"
LEU_20_D,"ILE_19_D,GLU_21_D"
GLU_21_D,"LEU_20_D,GLY_22_D,GLU_24_D"
GLY_22_D,"GLU_21_D,LEU_23_D"
LEU_23_D,"GLY_22_D,GLU_24_D,ALA_130_D"
GLU_24_D,"GLU_21_D,LEU_23_D,ALA_25_D,ARG_27_D,LYS_28_D"
ALA_25_D,"GLU_24_D,VAL_26_D,ARG_29_D"
VAL_26_D,"ALA_25_D,ARG_27_D,TYR_33_D,LEU_103_D,VAL_127_D"
ARG_27_D,"GLU_24_D,VAL_26_D,LYS_28_D,GLU_154_D"
LYS_28_D,"GLU_24_D,ARG_27_D,ARG_29_D"
ARG_29_D,"ALA_25_D,LYS_28_D"
PRO_30_D,"GLY_31_D,ILE_34_D"
GLY_31_D,"PRO_30_D,MET_32_D"
MET_32_D,"GLY_31_D,TYR_33_D"
TYR_33_D,"VAL_26_D,MET_32_D,ILE_34_D,VAL_123_D,VAL_127_D"
ILE_34_D,"PRO_30_D,TYR_33_D,GLY_35_D,LEU_131_D,PHE_180_D"
GLY_35_D,"ILE_34_D,SER_36_D"
SER_36_D,"GLY_35_D,THR_37_D"
THR_37_D,"SER_36_D,GLY_38_D,GLU_181_D"
GLY_38_D,"THR_37_D,GLU_39_D,LEU_42_D"
GLU_39_D,"GLY_38_D,ARG_40_D,HIS_43_D,ASP_186_D"
ARG_40_D,"GLU_39_D,GLY_41_D,HIS_311_D"
GLY_41_D,"ARG_40_D,LEU_42_D,HIS_44_D"
LEU_42_D,"GLY_38_D,GLY_41_D,HIS_43_D,TYR_185_D"
HIS_43_D,"GLU_39_D,LEU_42_D,HIS_44_D,ILE_46_D,ASP_186_D"
HIS_44_D,"GLY_41_D,HIS_43_D,LEU_45_D,GLU_48_D"
LEU_45_D,"HIS_44_D,ILE_46_D,VAL_128_D,PHE_173_D,PHE_180_D"
ILE_46_D,"HIS_43_D,LEU_45_D,TRP_47_D,VAL_50_D,TYR_185_D,VAL_190_D"
TRP_47_D,"ILE_46_D,GLU_48_D,ASP_51_D,ARG_193_D"
GLU_48_D,"HIS_44_D,TRP_47_D,VAL_49_D,ASP_51_D,VAL_128_D,GLN_370_D,LYS_372_D"
VAL_49_D,"GLU_48_D,VAL_50_D,VAL_77_D,VAL_171_D,PHE_173_D"
VAL_50_D,"ILE_46_D,VAL_49_D,ASP_51_D,VAL_54_D,VAL_67_D,VAL_77_D,LEU_194_D"
ASP_51_D,"TRP_47_D,GLU_48_D,VAL_50_D,ASN_52_D,ASP_55_D,ARG_193_D,LYS_372_D"
ASN_52_D,"ASP_51_D,ALA_53_D"
ALA_53_D,"ASN_52_D,VAL_54_D,ASP_79_D"
VAL_54_D,"VAL_50_D,ALA_53_D,ASP_55_D,ALA_57_D,MET_58_D"
ASP_55_D,"ASP_51_D,VAL_54_D,GLU_56_D,LYS_108_D,GLY_118_D,GLY_119_D"
GLU_56_D,"ASP_55_D,ALA_57_D,TYR_61_D,ALA_62_D,ARG_82_D,TYR_114_D"
ALA_57_D,"VAL_54_D,GLU_56_D,MET_58_D,GLY_60_D"
MET_58_D,"VAL_54_D,ALA_57_D,ALA_59_D"
ALA_59_D,"MET_58_D,GLY_60_D,TYR_61_D"
GLY_60_D,"ALA_57_D,ALA_59_D,TYR_61_D"
TYR_61_D,"GLU_56_D,ALA_59_D,GLY_60_D,ALA_62_D,ARG_82_D"
ALA_62_D,"GLU_56_D,TYR_61_D,THR_63_D"
THR_63_D,"ALA_62_D,THR_64_D,ASP_80_D"
THR_64_D,"THR_63_D,VAL_65_D,ASP_80_D"
VAL_65_D,"THR_64_D,ASN_66_D,LEU_204_D,THR_205_D,ASN_207_D"
ASN_66_D,"VAL_65_D,VAL_67_D,ALA_78_D,ASN_207_D"
VAL_67_D,"VAL_50_D,ASN_66_D,VAL_68_D,LEU_194_D,ASN_207_D,LEU_208_D,THR_209_D"
VAL_68_D,"VAL_67_D,LEU_69_D,GLU_76_D"
LEU_69_D,"VAL_68_D,LEU_70_D,THR_209_D,GLU_211_D"
LEU_70_D,"LEU_69_D,GLU_71_D,GLY_74_D,ARG_172_D"
GLU_71_D,"LEU_70_D,ASP_72_D,GLY_73_D,VAL_213_D"
ASP_72_D,"GLU_71_D,GLY_73_D,GLY_74_D,TRP_174_D"
GLY_73_D,"GLU_71_D,ASP_72_D,GLY_74_D"
GLY_74_D,"LEU_70_D,ASP_72_D,GLY_73_D,VAL_75_D"
VAL_75_D,"GLY_74_D,GLU_76_D,PHE_173_D,TYR_185_D"
GLU_76_D,"VAL_68_D,VAL_75_D,VAL_77_D,GLU_138_D,ARG_172_D"
VAL_77_D,"VAL_49_D,VAL_50_D,GLU_76_D,ALA_78_D,VAL_171_D"
ALA_78_D,"ASN_66_D,VAL_77_D,ASP_79_D"
ASP_79_D,"ALA_53_D,ALA_78_D,ASP_80_D,SER_169_D"
ASP_80_D,"THR_63_D,THR_64_D,ASP_79_D,GLY_81_D"
GLY_81_D,"ASP_80_D,ARG_82_D"
ARG_82_D,"GLU_56_D,TYR_61_D,GLY_81_D,GLY_83_D,ALA_113_D"
GLY_83_D,"ARG_82_D,ILE_84_D"
ILE_84_D,"GLY_83_D,VAL_137_D"
PRO_85_D,"VAL_86_D,THR_95_D"
VAL_86_D,"PRO_85_D,ALA_87_D,TRP_146_D,LEU_158_D"
ALA_87_D,"VAL_86_D,THR_88_D,THR_95_D"
THR_88_D,"ALA_87_D,HIS_89_D"
HIS_89_D,"THR_88_D,ALA_90_D,GLY_92_D,ILE_93_D"
ALA_90_D,"HIS_89_D,SER_91_D"
SER_91_D,"ALA_90_D,GLY_92_D"
GLY_92_D,"HIS_89_D,SER_91_D,ILE_93_D"
ILE_93_D,"HIS_89_D,GLY_92_D,VAL_98_D"
PRO_94_D,THR_95_D
THR_95_D,"PRO_85_D,ALA_87_D,PRO_94_D,VAL_96_D,VAL_98_D,VAL_99_D"
VAL_96_D,"THR_95_D,ASP_97_D,MET_100_D,ILE_139_D"
ASP_97_D,"VAL_96_D,VAL_98_D,THR_101_D,GLN_148_D,TYR_150_D"
VAL_98_D,"ILE_93_D,THR_95_D,ASP_97_D,VAL_99_D"
VAL_99_D,"THR_95_D,VAL_98_D,MET_100_D"
MET_100_D,"VAL_96_D,VAL_99_D,THR_101_D,ASN_129_D,TYR_150_D"
THR_101_D,"ASP_97_D,MET_100_D,GLN_102_D,TYR_150_D"
GLN_102_D,"THR_101_D,LEU_103_D"
LEU_103_D,"VAL_26_D,GLN_102_D,HIS_104_D"
HIS_104_D,"LEU_103_D,ALA_105_D,GLY_122_D"
ALA_105_D,"HIS_104_D,GLY_106_D"
GLY_106_D,"ALA_105_D,GLY_107_D"
GLY_107_D,"GLY_106_D,LYS_108_D"
LYS_108_D,"ASP_55_D,GLY_107_D,PHE_109_D,TYR_114_D"
PHE_109_D,"LYS_108_D,ASP_110_D"
ASP_110_D,"PHE_109_D,SER_111_D,ASP_112_D"
SER_111_D,"ASP_110_D,ASP_112_D"
ASP_112_D,"ASP_110_D,SER_111_D,ALA_113_D"
ALA_113_D,"ARG_82_D,ASP_112_D,TYR_114_D"
TYR_114_D,"GLU_56_D,LYS_108_D,ALA_113_D,ALA_115_D"
ALA_115_D,"TYR_114_D,ILE_116_D"
ILE_116_D,"ALA_115_D,SER_117_D"
SER_117_D,"ILE_116_D,GLY_118_D"
GLY_118_D,"ASP_55_D,SER_117_D,GLY_119_D,LYS_372_D"
GLY_119_D,"ASP_55_D,GLY_118_D,LEU_120_D"
LEU_120_D,"GLY_119_D,HIS_121_D,PHE_367_D"
HIS_121_D,"LEU_120_D,GLY_122_D,GLN_370_D,LYS_372_D"
GLY_122_D,"HIS_104_D,HIS_121_D,VAL_123_D"
VAL_123_D,"TYR_33_D,GLY_122_D,GLY_124_D,VAL_127_D"
GLY_124_D,"VAL_123_D,VAL_125_D"
VAL_125_D,"GLY_124_D,SER_126_D,ASN_129_D"
SER_126_D,"VAL_125_D,VAL_127_D,ALA_130_D"
VAL_127_D,"VAL_26_D,TYR_33_D,VAL_123_D,SER_126_D,VAL_128_D,LEU_131_D"
VAL_128_D,"LEU_45_D,GLU_48_D,VAL_127_D,ASN_129_D,SER_132_D,PHE_173_D"
ASN_129_D,"MET_100_D,VAL_125_D,VAL_128_D,ALA_130_D"
ALA_130_D,"LEU_23_D,SER_126_D,ASN_129_D,LEU_131_D"
LEU_131_D,"ILE_34_D,VAL_127_D,ALA_130_D,SER_132_D,ASP_176_D,VAL_179_D"
SER_132_D,"VAL_128_D,LEU_131_D,THR_133_D"
THR_133_D,"SER_132_D,ARG_134_D,TRP_174_D"
ARG_134_D,"THR_133_D,LEU_135_D,GLU_136_D,GLU_151_D"
LEU_135_D,"ARG_134_D,GLU_136_D,VAL_137_D,TYR_150_D"
GLU_136_D,"ARG_134_D,LEU_135_D,VAL_137_D,GLU_138_D,ARG_172_D,TRP_174_D"
VAL_137_D,"ILE_84_D,LEU_135_D,GLU_136_D,GLU_138_D,GLN_148_D,TYR_150_D"
GLU_138_D,"GLU_76_D,GLU_136_D,VAL_137_D,ILE_139_D,THR_170_D,ARG_172_D"
ILE_139_D,"VAL_96_D,GLU_138_D,LYS_140_D,ARG_141_D,TRP_146_D"
LYS_140_D,"ILE_139_D,ARG_141_D,GLU_145_D,LYS_166_D,GLY_168_D"
ARG_141_D,"ILE_139_D,LYS_140_D,ASP_142_D,TRP_146_D"
ASP_142_D,"ARG_141_D,GLY_143_D"
GLY_143_D,"ASP_142_D,TYR_144_D"
TYR_144_D,"GLY_143_D,GLU_145_D"
GLU_145_D,"LYS_140_D,TYR_144_D,TRP_146_D,GLY_161_D"
TRP_146_D,"VAL_86_D,ILE_139_D,ARG_141_D,GLU_145_D,SER_147_D,GLN_160_D"
SER_147_D,"TRP_146_D,GLN_148_D,LYS_159_D"
GLN_148_D,"ASP_97_D,VAL_137_D,SER_147_D,VAL_149_D,TYR_150_D,GLY_157_D,LEU_158_D"
VAL_149_D,"GLN_148_D,TYR_150_D,LEU_156_D"
TYR_150_D,"ASP_97_D,MET_100_D,THR_101_D,LEU_135_D,VAL_137_D,GLN_148_D,VAL_149_D,GLU_151_D,PRO_155_D"
GLU_151_D,"ARG_134_D,TYR_150_D,LYS_152_D,GLU_154_D"
LYS_152_D,"GLU_151_D,SER_153_D"
SER_153_D,"LYS_152_D,GLU_154_D"
GLU_154_D,"ARG_27_D,GLU_151_D,SER_153_D"
PRO_155_D,"TYR_150_D,LEU_156_D"
LEU_156_D,"VAL_149_D,PRO_155_D,GLY_157_D"
GLY_157_D,"GLN_148_D,LEU_156_D,LEU_158_D"
LEU_158_D,"VAL_86_D,GLN_148_D,GLY_157_D,LYS_159_D"
LYS_159_D,"SER_147_D,LEU_158_D,GLN_160_D"
GLN_160_D,"TRP_146_D,LYS_159_D,GLY_161_D"
GLY_161_D,"GLU_145_D,GLN_160_D,ALA_162_D"
ALA_162_D,GLY_161_D
PRO_163_D,THR_164_D
THR_164_D,"PRO_163_D,LYS_165_D,LYS_166_D"
LYS_165_D,"THR_164_D,LYS_166_D"
LYS_166_D,"LYS_140_D,THR_164_D,LYS_165_D,THR_167_D"
THR_167_D,"LYS_166_D,GLY_168_D"
GLY_168_D,"LYS_140_D,THR_167_D,SER_169_D"
SER_169_D,"ASP_79_D,GLY_168_D,THR_170_D"
THR_170_D,"GLU_138_D,SER_169_D,VAL_171_D"
VAL_171_D,"VAL_49_D,VAL_77_D,THR_170_D,ARG_172_D"
ARG_172_D,"LEU_70_D,GLU_76_D,GLU_136_D,GLU_138_D,VAL_171_D,PHE_173_D,TRP_174_D"
PHE_173_D,"LEU_45_D,VAL_49_D,VAL_75_D,VAL_128_D,ARG_172_D,TRP_174_D"
TRP_174_D,"ASP_72_D,THR_133_D,GLU_136_D,ARG_172_D,PHE_173_D,ALA_175_D"
ALA_175_D,"TRP_174_D,ASP_176_D"
ASP_176_D,"LEU_131_D,ALA_175_D,VAL_179_D"
PRO_177_D,ALA_178_D
ALA_178_D,"PRO_177_D,VAL_179_D"
VAL_179_D,"LEU_131_D,ASP_176_D,ALA_178_D,PHE_180_D"
PHE_180_D,"ILE_34_D,LEU_45_D,VAL_179_D,GLU_181_D"
GLU_181_D,"THR_37_D,PHE_180_D,THR_182_D"
THR_182_D,"GLU_181_D,THR_183_D"
THR_183_D,"THR_182_D,GLU_184_D"
GLU_184_D,"THR_183_D,TYR_185_D,ARG_212_D"
TYR_185_D,"LEU_42_D,ILE_46_D,VAL_75_D,GLU_184_D,ASP_186_D,ARG_212_D"
ASP_186_D,"GLU_39_D,HIS_43_D,TYR_185_D,PHE_187_D,THR_189_D"
PHE_187_D,"ASP_186_D,GLU_188_D,ALA_191_D,LEU_208_D,ASP_210_D,LYS_247_D"
GLU_188_D,"PHE_187_D,THR_189_D,ARG_192_D,ARG_249_D"
THR_189_D,"ASP_186_D,GLU_188_D,VAL_190_D"
VAL_190_D,"ILE_46_D,THR_189_D,ALA_191_D,LEU_194_D"
ALA_191_D,"PHE_187_D,VAL_190_D,ARG_192_D,GLN_195_D"
ARG_192_D,"GLU_188_D,ALA_191_D,ARG_193_D"
ARG_193_D,"TRP_47_D,ASP_51_D,ARG_192_D,LEU_194_D,GLU_196_D,MET_197_D,THR_307_D"
LEU_194_D,"VAL_50_D,VAL_67_D,VAL_190_D,ARG_193_D,GLN_195_D"
GLN_195_D,"ALA_191_D,LEU_194_D,GLU_196_D,PHE_199_D,PHE_251_D"
GLU_196_D,"ARG_193_D,GLN_195_D,MET_197_D,HIS_302_D"
MET_197_D,"ARG_193_D,GLU_196_D,ALA_198_D,ILE_206_D"
ALA_198_D,"MET_197_D,PHE_199_D,PHE_251_D,TYR_253_D"
PHE_199_D,"GLN_195_D,ALA_198_D,LEU_200_D,TYR_253_D,PHE_260_D,HIS_263_D"
LEU_200_D,"PHE_199_D,ASN_201_D,LEU_257_D,PHE_304_D"
ASN_201_D,"LEU_200_D,LYS_202_D,LEU_204_D"
LYS_202_D,"ASN_201_D,GLY_203_D"
GLY_203_D,"LYS_202_D,LEU_204_D"
LEU_204_D,"VAL_65_D,ASN_201_D,GLY_203_D,THR_205_D,ILE_206_D"
THR_205_D,"VAL_65_D,LEU_204_D,ILE_206_D,HIS_252_D"
ILE_206_D,"MET_197_D,LEU_204_D,THR_205_D,ASN_207_D,PHE_251_D"
ASN_207_D,"VAL_65_D,ASN_66_D,VAL_67_D,ILE_206_D,LEU_208_D"
LEU_208_D,"VAL_67_D,PHE_187_D,ASN_207_D,THR_209_D,ARG_249_D"
THR_209_D,"VAL_67_D,LEU_69_D,LEU_208_D,ASP_210_D"
ASP_210_D,"PHE_187_D,THR_209_D,GLU_211_D,ARG_212_D,LYS_247_D"
GLU_211_D,"LEU_69_D,ASP_210_D,ARG_212_D"
ARG_212_D,"GLU_184_D,TYR_185_D,ASP_210_D,GLU_211_D,VAL_213_D,LYS_247_D"
VAL_213_D,"GLU_71_D,ARG_212_D,THR_214_D"
THR_214_D,"VAL_213_D,GLN_215_D"
GLN_215_D,THR_214_D
SER_240_D,THR_241_D
THR_241_D,"SER_240_D,ALA_242_D"
ALA_242_D,"THR_241_D,LYS_245_D"
PRO_243_D,HIS_244_D
HIS_244_D,"PRO_243_D,LYS_245_D"
LYS_245_D,"ALA_242_D,HIS_244_D,VAL_246_D"
VAL_246_D,"LYS_245_D,LYS_247_D"
LYS_247_D,"PHE_187_D,ASP_210_D,ARG_212_D,VAL_246_D,SER_248_D"
SER_248_D,"LYS_247_D,ARG_249_D"
ARG_249_D,"GLU_188_D,LEU_208_D,SER_248_D,THR_250_D,PHE_251_D"
THR_250_D,"ARG_249_D,PHE_251_D"
PHE_251_D,"GLN_195_D,ALA_198_D,ILE_206_D,ARG_249_D,THR_250_D,HIS_252_D,TYR_253_D"
HIS_252_D,"THR_205_D,PHE_251_D,TYR_253_D"
TYR_253_D,"ALA_198_D,PHE_199_D,PHE_251_D,HIS_252_D"
PRO_254_D,GLY_255_D
GLY_255_D,"PRO_254_D,GLY_256_D,VAL_258_D"
GLY_256_D,"GLY_255_D,LEU_257_D"
LEU_257_D,"LEU_200_D,GLY_256_D,VAL_258_D,VAL_261_D,GLU_288_D,ALA_290_D,VAL_357_D"
VAL_258_D,"GLY_255_D,LEU_257_D,ASP_259_D,LYS_262_D,ILE_275_D"
ASP_259_D,"VAL_258_D,PHE_260_D,HIS_263_D"
PHE_260_D,"PHE_199_D,ASP_259_D,VAL_261_D,PHE_304_D,VAL_357_D"
VAL_261_D,"LEU_257_D,PHE_260_D,LYS_262_D,ALA_290_D,GLN_292_D"
LYS_262_D,"VAL_258_D,VAL_261_D,HIS_263_D"
HIS_263_D,"PHE_199_D,ASP_259_D,LYS_262_D,ILE_264_D"
ILE_264_D,"HIS_263_D,ASN_265_D,ALA_355_D,VAL_357_D"
ASN_265_D,"ILE_264_D,ARG_266_D,GLN_292_D,ASN_294_D"
ARG_266_D,"ASN_265_D,THR_267_D"
THR_267_D,"ARG_266_D,LYS_268_D"
LYS_268_D,"THR_267_D,ASN_269_D"
ASN_269_D,"LYS_268_D,ALA_270_D,ALA_295_D"
ALA_270_D,"ASN_269_D,ILE_271_D"
ILE_271_D,"ALA_270_D,HIS_272_D,TRP_293_D,VAL_405_D"
HIS_272_D,"ILE_271_D,SER_273_D,TRP_293_D,ASP_402_D"
SER_273_D,"HIS_272_D,SER_274_D"
SER_274_D,"SER_273_D,ILE_275_D"
ILE_275_D,"VAL_258_D,SER_274_D,VAL_276_D"
VAL_276_D,"ILE_275_D,ASP_277_D,PHE_278_D,MET_291_D,TRP_395_D"
ASP_277_D,"VAL_276_D,PHE_278_D,GLU_288_D"
PHE_278_D,"VAL_276_D,ASP_277_D,SER_279_D,ILE_289_D,GLN_391_D"
SER_279_D,"PHE_278_D,GLY_280_D"
GLY_280_D,"SER_279_D,LYS_281_D,VAL_287_D"
LYS_281_D,"GLY_280_D,GLY_282_D"
GLY_282_D,"LYS_281_D,THR_283_D,HIS_285_D"
THR_283_D,"GLY_282_D,GLY_284_D"
GLY_284_D,"THR_283_D,HIS_285_D"
HIS_285_D,"GLY_282_D,GLY_284_D,GLU_286_D,GLU_379_D,PHE_383_D"
GLU_286_D,"HIS_285_D,VAL_287_D,GLU_288_D,LYS_361_D"
VAL_287_D,"GLY_280_D,GLU_286_D,GLU_288_D,VAL_360_D,VAL_387_D"
GLU_288_D,"LEU_257_D,ASP_277_D,GLU_286_D,VAL_287_D,ILE_289_D,SER_359_D,LYS_361_D"
ILE_289_D,"PHE_278_D,GLU_288_D,ALA_290_D,ILE_358_D"
ALA_290_D,"LEU_257_D,VAL_261_D,ILE_289_D,MET_291_D,VAL_357_D"
MET_291_D,"VAL_276_D,ALA_290_D,GLN_292_D,TRP_293_D,PHE_320_D,LEU_324_D,LEU_354_D,ALA_356_D"
GLN_292_D,"VAL_261_D,ASN_265_D,MET_291_D,TRP_293_D,ALA_355_D"
TRP_293_D,"ILE_271_D,HIS_272_D,MET_291_D,GLN_292_D,ASN_294_D,ILE_350_D,LEU_354_D,VAL_406_D"
ASN_294_D,"ASN_265_D,TRP_293_D,ALA_295_D,GLY_353_D"
ALA_295_D,"ASN_269_D,ASN_294_D,GLY_296_D"
GLY_296_D,"ALA_295_D,TYR_297_D,LYS_409_D"
TYR_297_D,"GLY_296_D,SER_298_D"
SER_298_D,"TYR_297_D,GLU_299_D"
GLU_299_D,"SER_298_D,SER_300_D,GLU_317_D,ARG_321_D,ASP_348_D,ARG_351_D"
SER_300_D,"GLU_299_D,VAL_301_D,LEU_354_D"
VAL_301_D,"SER_300_D,HIS_302_D,ALA_356_D"
HIS_302_D,"GLU_196_D,VAL_301_D,THR_303_D,PHE_304_D,ALA_356_D,ILE_358_D"
THR_303_D,"HIS_302_D,PHE_304_D,THR_310_D,GLU_317_D"
PHE_304_D,"LEU_200_D,PHE_260_D,HIS_302_D,THR_303_D,ALA_305_D,ASN_309_D,ILE_358_D,VAL_360_D"
ALA_305_D,"PHE_304_D,ASN_306_D,VAL_360_D,PHE_367_D"
ASN_306_D,"ALA_305_D,THR_307_D,VAL_360_D,VAL_362_D"
THR_307_D,"ARG_193_D,ASN_306_D,ILE_308_D"
ILE_308_D,"THR_307_D,ASN_309_D,PHE_367_D,LYS_372_D"
ASN_309_D,"PHE_304_D,ILE_308_D,THR_310_D"
THR_310_D,"THR_303_D,ASN_309_D,HIS_311_D,GLY_313_D,HIS_316_D"
HIS_311_D,"ARG_40_D,THR_310_D,GLU_312_D"
GLU_312_D,"HIS_311_D,GLY_313_D,THR_373_D,LYS_374_D"
GLY_313_D,"THR_310_D,GLU_312_D,GLY_314_D"
GLY_314_D,"GLY_313_D,THR_315_D"
THR_315_D,"GLY_314_D,HIS_316_D,GLY_319_D,LEU_375_D,ASN_377_D"
HIS_316_D,"THR_310_D,THR_315_D,GLU_317_D,VAL_360_D,VAL_380_D"
GLU_317_D,"GLU_299_D,THR_303_D,HIS_316_D,GLU_318_D,PHE_320_D,ARG_321_D"
GLU_318_D,"GLU_317_D,GLY_319_D,ARG_321_D"
GLY_319_D,"THR_315_D,GLU_318_D,PHE_320_D"
PHE_320_D,"MET_291_D,GLU_317_D,GLY_319_D,ARG_321_D,LEU_324_D,ILE_358_D"
ARG_321_D,"GLU_299_D,GLU_317_D,GLU_318_D,PHE_320_D,SER_322_D,ARG_351_D"
SER_322_D,"ARG_321_D,ALA_323_D,SER_326_D"
ALA_323_D,"SER_322_D,LEU_324_D,VAL_327_D,GLN_385_D,CYS_388_D"
LEU_324_D,"MET_291_D,PHE_320_D,ALA_323_D,THR_325_D,ARG_351_D,LEU_354_D"
THR_325_D,"LEU_324_D,SER_326_D,ASN_329_D"
SER_326_D,"SER_322_D,THR_325_D,VAL_327_D"
VAL_327_D,"ALA_323_D,SER_326_D,VAL_328_D,PHE_396_D"
VAL_328_D,"VAL_327_D,ASN_329_D,ALA_332_D,ILE_350_D,PHE_396_D"
ASN_329_D,"THR_325_D,VAL_328_D,LYS_330_D,LEU_345_D"
LYS_330_D,"ASN_329_D,TYR_331_D"
TYR_331_D,"LYS_330_D,ALA_332_D,ARG_335_D,ALA_403_D,VAL_407_D"
ALA_332_D,"VAL_328_D,TYR_331_D,LYS_333_D,LEU_337_D,LEU_338_D"
LYS_333_D,"ALA_332_D,ASP_334_D"
ASP_334_D,"LYS_333_D,ARG_335_D,GLU_397_D"
ARG_335_D,"TYR_331_D,ASP_334_D,LYS_336_D,GLU_397_D"
LYS_336_D,"ARG_335_D,LEU_337_D"
LEU_337_D,"ALA_332_D,LYS_336_D,LEU_338_D,VAL_407_D"
LEU_338_D,"ALA_332_D,LEU_337_D,LYS_339_D"
LYS_339_D,"LEU_338_D,ASP_340_D"
ASP_340_D,"LYS_339_D,LYS_341_D"
LYS_341_D,"ASP_340_D,ASP_342_D"
ASP_342_D,LYS_341_D
PRO_343_D,ASN_344_D
ASN_344_D,"PRO_343_D,LEU_345_D"
LEU_345_D,"ASN_329_D,ASN_344_D,THR_346_D,ALA_414_D"
THR_346_D,"LEU_345_D,GLY_347_D,ASP_349_D"
GLY_347_D,"THR_346_D,ASP_348_D,ILE_350_D,ARG_351_D"
ASP_348_D,"GLU_299_D,GLY_347_D,ASP_349_D,ARG_351_D,GLU_352_D"
ASP_349_D,"THR_346_D,ASP_348_D,ILE_350_D,ARG_417_D"
ILE_350_D,"TRP_293_D,VAL_328_D,GLY_347_D,ASP_349_D,ARG_351_D"
ARG_351_D,"GLU_299_D,ARG_321_D,LEU_324_D,GLY_347_D,ASP_348_D,ILE_350_D,GLU_352_D"
GLU_352_D,"ASP_348_D,ARG_351_D,GLY_353_D,LYS_409_D"
GLY_353_D,"ASN_294_D,GLU_352_D,LEU_354_D"
LEU_354_D,"MET_291_D,TRP_293_D,SER_300_D,LEU_324_D,GLY_353_D,ALA_355_D"
ALA_355_D,"ILE_264_D,GLN_292_D,LEU_354_D,ALA_356_D"
ALA_356_D,"MET_291_D,VAL_301_D,HIS_302_D,ALA_355_D,VAL_357_D"
VAL_357_D,"LEU_257_D,PHE_260_D,ILE_264_D,ALA_290_D,ALA_356_D,ILE_358_D"
ILE_358_D,"ILE_289_D,HIS_302_D,PHE_304_D,PHE_320_D,VAL_357_D,SER_359_D"
SER_359_D,"GLU_288_D,ILE_358_D,VAL_360_D"
VAL_360_D,"VAL_287_D,PHE_304_D,ALA_305_D,ASN_306_D,HIS_316_D,SER_359_D,LYS_361_D,LEU_375_D"
LYS_361_D,"GLU_286_D,GLU_288_D,VAL_360_D,VAL_362_D"
VAL_362_D,"ASN_306_D,LYS_361_D,SER_363_D"
SER_363_D,"VAL_362_D,GLU_364_D"
GLU_364_D,SER_363_D
PRO_365_D,GLN_366_D
GLN_366_D,"PRO_365_D,PHE_367_D,GLY_376_D,ASN_377_D"
PHE_367_D,"LEU_120_D,ALA_305_D,ILE_308_D,GLN_366_D,GLU_368_D,LYS_372_D"
GLU_368_D,"PHE_367_D,GLY_369_D,LYS_374_D"
GLY_369_D,"GLU_368_D,GLN_370_D"
GLN_370_D,"GLU_48_D,HIS_121_D,GLY_369_D,THR_371_D"
THR_371_D,"GLN_370_D,LYS_372_D"
LYS_372_D,"GLU_48_D,ASP_51_D,GLY_118_D,HIS_121_D,ILE_308_D,PHE_367_D,THR_371_D,THR_373_D"
THR_373_D,"GLU_312_D,LYS_372_D,LYS_374_D"
LYS_374_D,"GLU_312_D,GLU_368_D,THR_373_D,LEU_375_D"
LEU_375_D,"THR_315_D,VAL_360_D,LYS_374_D,GLY_376_D"
GLY_376_D,"GLN_366_D,LEU_375_D,ASN_377_D"
ASN_377_D,"THR_315_D,GLN_366_D,GLY_376_D,THR_378_D,VAL_380_D"
THR_378_D,"ASN_377_D,GLU_379_D"
GLU_379_D,"HIS_285_D,THR_378_D,VAL_380_D"
VAL_380_D,"HIS_316_D,ASN_377_D,GLU_379_D,LYS_381_D,VAL_384_D"
LYS_381_D,"VAL_380_D,SER_382_D"
SER_382_D,"LYS_381_D,PHE_383_D,LYS_386_D"
PHE_383_D,"HIS_285_D,SER_382_D,VAL_384_D,VAL_387_D"
VAL_384_D,"VAL_380_D,PHE_383_D,GLN_385_D,CYS_388_D"
GLN_385_D,"ALA_323_D,VAL_384_D,LYS_386_D,ASN_389_D"
LYS_386_D,"SER_382_D,GLN_385_D,VAL_387_D"
VAL_387_D,"VAL_287_D,PHE_383_D,LYS_386_D,CYS_388_D,GLN_391_D"
CYS_388_D,"ALA_323_D,VAL_384_D,VAL_387_D,ASN_389_D,LEU_392_D"
ASN_389_D,"GLN_385_D,CYS_388_D,GLU_390_D,THR_393_D"
GLU_390_D,"ASN_389_D,GLN_391_D"
GLN_391_D,"PHE_278_D,VAL_387_D,GLU_390_D,LEU_392_D"
LEU_392_D,"CYS_388_D,GLN_391_D,THR_393_D,TRP_395_D,PHE_396_D"
THR_393_D,"ASN_389_D,LEU_392_D,HIS_394_D,GLU_397_D"
HIS_394_D,"THR_393_D,TRP_395_D"
TRP_395_D,"VAL_276_D,LEU_392_D,HIS_394_D,PHE_396_D"
PHE_396_D,"VAL_327_D,VAL_328_D,LEU_392_D,TRP_395_D,GLU_397_D,ALA_403_D"
GLU_397_D,"ASP_334_D,ARG_335_D,THR_393_D,PHE_396_D,ALA_398_D"
ALA_398_D,"GLU_397_D,ASN_399_D"
ASN_399_D,ALA_398_D
PRO_400_D,"THR_401_D,LYS_404_D"
THR_401_D,"PRO_400_D,ASP_402_D"
ASP_402_D,"HIS_272_D,THR_401_D,ALA_403_D"
ALA_403_D,"TYR_331_D,PHE_396_D,ASP_402_D,LYS_404_D,VAL_407_D"
LYS_404_D,"PRO_400_D,ALA_403_D,VAL_405_D,ASN_408_D"
VAL_405_D,"ILE_271_D,LYS_404_D,VAL_406_D,LYS_409_D"
VAL_406_D,"TRP_293_D,VAL_405_D,VAL_407_D"
VAL_407_D,"TYR_331_D,LEU_337_D,ALA_403_D,VAL_406_D,ASN_408_D,VAL_411_D"
ASN_408_D,"LYS_404_D,VAL_407_D,LYS_409_D"
LYS_409_D,"GLY_296_D,GLU_352_D,VAL_405_D,ASN_408_D,ALA_410_D,SER_412_D"
ALA_410_D,"LYS_409_D,VAL_411_D,ALA_414_D"
VAL_411_D,"VAL_407_D,ALA_410_D,SER_412_D"
SER_412_D,"LYS_409_D,VAL_411_D,SER_413_D,ALA_416_D"
SER_413_D,"SER_412_D,ALA_414_D"
ALA_414_D,"LEU_345_D,ALA_410_D,SER_413_D,GLN_415_D"
GLN_415_D,"ALA_414_D,ALA_416_D"
ALA_416_D,"SER_412_D,GLN_415_D,ARG_417_D,ALA_420_D"
ARG_417_D,"ASP_349_D,ALA_416_D,ILE_418_D,ARG_421_D"
ILE_418_D,"ARG_417_D,ALA_419_D"
ALA_419_D,"ILE_418_D,ALA_420_D"
ALA_420_D,"ALA_416_D,ALA_419_D,ARG_421_D"
ARG_421_D,"ARG_417_D,ALA_420_D,LYS_422_D"
LYS_422_D,ARG_421_D
