residue_id,neighbors
LYS_3_E,LYS_4_E
LYS_4_E,"LYS_3_E,GLN_5_E"
GLN_5_E,"LYS_4_E,VAL_6_E,ARG_10_E"
VAL_6_E,"GLN_5_E,THR_7_E"
THR_7_E,"VAL_6_E,ASP_8_E"
ASP_8_E,"THR_7_E,LEU_9_E"
LEU_9_E,"ASP_8_E,ARG_10_E"
ARG_10_E,"GLN_5_E,LEU_9_E,SER_11_E"
SER_11_E,"ARG_10_E,GLU_12_E"
GLU_12_E,"SER_11_E,LEU_13_E"
LEU_13_E,"GLU_12_E,LEU_14_E,SER_22_E"
LEU_14_E,"LEU_13_E,ASP_15_E"
ASP_15_E,"LEU_14_E,SER_16_E,ARG_17_E,ALA_20_E"
SER_16_E,"ASP_15_E,ARG_17_E"
ARG_17_E,"ASP_15_E,SER_16_E,PHE_18_E,ASP_48_E"
PHE_18_E,"ARG_17_E,GLY_19_E,ALA_20_E"
GLY_19_E,"PHE_18_E,ALA_20_E"
ALA_20_E,"ASP_15_E,PHE_18_E,GLY_19_E,LYS_21_E"
LYS_21_E,"ALA_20_E,SER_22_E"
SER_22_E,"LEU_13_E,LYS_21_E,ILE_23_E"
ILE_23_E,"SER_22_E,SER_24_E"
SER_24_E,"ILE_23_E,THR_25_E"
THR_25_E,"SER_24_E,ILE_26_E,ILE_45_E,GLU_49_E"
ILE_26_E,"THR_25_E,ALA_27_E,SER_29_E"
ALA_27_E,"ILE_26_E,GLU_28_E"
GLU_28_E,"ALA_27_E,SER_29_E,ARG_31_E"
SER_29_E,"ILE_26_E,GLU_28_E,LYS_30_E"
LYS_30_E,"SER_29_E,ARG_31_E"
ARG_31_E,"GLU_28_E,LYS_30_E,PHE_32_E"
PHE_32_E,ARG_31_E
PRO_33_E,LEU_34_E
LEU_34_E,"PRO_33_E,HIS_35_E"
HIS_35_E,"LEU_34_E,GLU_36_E"
GLU_36_E,"HIS_35_E,MET_37_E"
MET_37_E,"GLU_36_E,ARG_38_E"
ARG_38_E,"MET_37_E,ASP_39_E,ASP_40_E"
ASP_39_E,"ARG_38_E,ASP_40_E,PHE_43_E"
ASP_40_E,"ARG_38_E,ASP_39_E,VAL_41_E,GLN_44_E"
VAL_41_E,"ASP_40_E,ALA_42_E,ILE_45_E"
ALA_42_E,"VAL_41_E,PHE_43_E"
PHE_43_E,"ASP_39_E,ALA_42_E,GLN_44_E,ASN_47_E"
GLN_44_E,"ASP_40_E,PHE_43_E,ILE_45_E,ASP_48_E"
ILE_45_E,"THR_25_E,VAL_41_E,GLN_44_E,ILE_46_E"
ILE_46_E,"ILE_45_E,ASN_47_E,GLU_49_E,LEU_50_E"
ASN_47_E,"PHE_43_E,ILE_46_E,ASP_48_E"
ASP_48_E,"ARG_17_E,GLN_44_E,ASN_47_E,GLU_49_E"
GLU_49_E,"THR_25_E,ILE_46_E,ASP_48_E,LEU_50_E,TYR_51_E"
LEU_50_E,"ILE_46_E,GLU_49_E,TYR_51_E"
TYR_51_E,"GLU_49_E,LEU_50_E,LEU_52_E"
LEU_52_E,"TYR_51_E,ASP_53_E"
ASP_53_E,"LEU_52_E,GLY_54_E"
GLY_54_E,"ASP_53_E,ASN_55_E"
ASN_55_E,"GLY_54_E,ALA_56_E"
ALA_56_E,"ASN_55_E,ARG_57_E,THR_66_E,ARG_426_E"
ARG_57_E,"ALA_56_E,GLN_58_E,ASP_68_E"
GLN_58_E,"ARG_57_E,ASN_59_E,TRP_404_E"
ASN_59_E,"GLN_58_E,LEU_60_E,ALA_61_E,ARG_426_E"
LEU_60_E,"ASN_59_E,ALA_61_E,TRP_404_E,GLN_405_E,VAL_406_E,MET_424_E,PHE_429_E"
ALA_61_E,"ASN_59_E,LEU_60_E,THR_62_E,PRO_407_E,ARG_422_E"
THR_62_E,"ALA_61_E,PHE_63_E"
PHE_63_E,"THR_62_E,CYS_64_E,THR_212_E,LYS_276_E,MET_424_E"
CYS_64_E,"PHE_63_E,GLN_65_E"
GLN_65_E,"CYS_64_E,THR_66_E,HIS_275_E,LYS_276_E"
THR_66_E,"ALA_56_E,GLN_65_E,TRP_67_E,ARG_426_E"
TRP_67_E,"THR_66_E,ASP_68_E"
ASP_68_E,"ARG_57_E,TRP_67_E,ASP_69_E,HIS_73_E"
ASP_69_E,"ASP_68_E,GLU_70_E,ASN_71_E,TYR_329_E,GLU_330_E,ARG_333_E,ARG_427_E"
GLU_70_E,"ASP_69_E,ASN_71_E,LYS_74_E"
ASN_71_E,"ASP_69_E,GLU_70_E,VAL_72_E,LEU_75_E"
VAL_72_E,"ASN_71_E,HIS_73_E,MET_76_E,TYR_329_E"
HIS_73_E,"ASP_68_E,VAL_72_E,LYS_74_E"
LYS_74_E,"GLU_70_E,HIS_73_E,LEU_75_E"
LEU_75_E,"ASN_71_E,LYS_74_E,MET_76_E,SER_79_E,TYR_329_E"
MET_76_E,"VAL_72_E,LEU_75_E,ASP_77_E,GLN_323_E"
ASP_77_E,"MET_76_E,LEU_78_E"
LEU_78_E,"ASP_77_E,SER_79_E"
SER_79_E,"LEU_75_E,LEU_78_E,ILE_80_E,LYS_82_E"
ILE_80_E,"SER_79_E,ASN_81_E"
ASN_81_E,"ILE_80_E,LYS_82_E"
LYS_82_E,"SER_79_E,ASN_81_E,ASN_83_E,ALA_321_E"
ASN_83_E,"LYS_82_E,TRP_84_E,ILE_85_E,ASP_86_E"
TRP_84_E,"ASN_83_E,ILE_85_E,ARG_319_E"
ILE_85_E,"ASN_83_E,TRP_84_E,ASP_86_E,PHE_317_E"
ASP_86_E,"ASN_83_E,ILE_85_E,LYS_87_E,GLU_88_E,GLU_89_E"
LYS_87_E,"ASP_86_E,GLU_88_E,ASP_97_E,ILE_310_E"
GLU_88_E,"ASP_86_E,LYS_87_E,GLU_89_E,LEU_306_E"
GLU_89_E,"ASP_86_E,GLU_88_E,TYR_90_E"
TYR_90_E,GLU_89_E
PRO_91_E,"GLN_92_E,ALA_95_E"
GLN_92_E,"PRO_91_E,SER_93_E,ILE_96_E"
SER_93_E,"GLN_92_E,ALA_94_E"
ALA_94_E,"SER_93_E,ALA_95_E"
ALA_95_E,"PRO_91_E,ALA_94_E,ILE_96_E"
ILE_96_E,"GLN_92_E,ALA_95_E,ASP_97_E,TYR_328_E"
ASP_97_E,"LYS_87_E,ILE_96_E,LEU_98_E,CYS_100_E"
LEU_98_E,"ASP_97_E,ARG_99_E"
ARG_99_E,"LEU_98_E,CYS_100_E,MET_103_E,TYR_328_E"
CYS_100_E,"ASP_97_E,ARG_99_E,VAL_101_E,VAL_104_E,TRP_286_E"
VAL_101_E,"CYS_100_E,ASN_102_E"
ASN_102_E,"VAL_101_E,MET_103_E,ASP_106_E,GLN_117_E,ALA_118_E"
MET_103_E,"ARG_99_E,ASN_102_E,VAL_104_E"
VAL_104_E,"CYS_100_E,MET_103_E,ALA_105_E,LEU_107_E,TRP_108_E,ILE_288_E,PHE_331_E"
ALA_105_E,"VAL_104_E,ASP_106_E,ALA_110_E,ALA_118_E"
ASP_106_E,"ASN_102_E,ALA_105_E,LEU_107_E,ARG_336_E"
LEU_107_E,"VAL_104_E,ASP_106_E,TRP_108_E,PHE_253_E"
TRP_108_E,"VAL_104_E,LEU_107_E,HIS_109_E,GLY_248_E,TRP_260_E,ILE_270_E,ALA_272_E,ILE_288_E"
HIS_109_E,"TRP_108_E,ALA_110_E,ASP_261_E,ARG_263_E"
ALA_110_E,"ALA_105_E,HIS_109_E"
PRO_111_E,ALA_112_E
ALA_112_E,PRO_111_E
PRO_113_E,LYS_114_E
LYS_114_E,"PRO_113_E,ASN_115_E"
ASN_115_E,"LYS_114_E,GLY_116_E"
GLY_116_E,"ASN_115_E,GLN_117_E"
GLN_117_E,"ASN_102_E,GLY_116_E,ALA_118_E"
ALA_118_E,"ASN_102_E,ALA_105_E,GLN_117_E,VAL_119_E"
VAL_119_E,"ALA_118_E,GLY_120_E,TRP_289_E"
GLY_120_E,"VAL_119_E,THR_121_E"
THR_121_E,"GLY_120_E,ASN_122_E,VAL_287_E"
ASN_122_E,"THR_121_E,THR_123_E,TRP_286_E,ARG_319_E"
THR_123_E,"ASN_122_E,ILE_124_E,GLY_125_E,GLY_285_E"
ILE_124_E,"THR_123_E,GLY_125_E,CYS_284_E"
GLY_125_E,"THR_123_E,ILE_124_E,SER_126_E"
SER_126_E,"GLY_125_E,SER_127_E,CYS_130_E,SER_273_E"
SER_127_E,"SER_126_E,GLU_128_E"
GLU_128_E,"SER_127_E,ALA_129_E,LEU_132_E,ILE_315_E,ASN_316_E,ARG_319_E"
ALA_129_E,"GLU_128_E,CYS_130_E,GLY_133_E"
CYS_130_E,"SER_126_E,ALA_129_E,MET_131_E,GLY_134_E,TRP_166_E"
MET_131_E,"CYS_130_E,LEU_132_E,MET_135_E"
LEU_132_E,"GLU_128_E,MET_131_E,GLY_133_E,PHE_313_E"
GLY_133_E,"ALA_129_E,LEU_132_E,GLY_134_E,MET_137_E"
GLY_134_E,"CYS_130_E,GLY_133_E,MET_135_E,LYS_138_E"
MET_135_E,"MET_131_E,GLY_134_E,ALA_136_E,TRP_139_E,TRP_173_E"
ALA_136_E,"MET_135_E,MET_137_E,ARG_140_E"
MET_137_E,"GLY_133_E,ALA_136_E,LYS_138_E,HIS_241_E"
LYS_138_E,"GLY_134_E,MET_137_E,TRP_139_E,ARG_142_E,TRP_173_E,ASP_174_E"
TRP_139_E,"MET_135_E,LYS_138_E,ARG_140_E,LYS_143_E,PRO_296_E,LEU_299_E"
ARG_140_E,"ALA_136_E,TRP_139_E,TRP_141_E,ASP_239_E,LYS_268_E,ALA_294_E"
TRP_141_E,"ARG_140_E,ARG_142_E,PRO_155_E,ILE_203_E"
ARG_142_E,"LYS_138_E,TRP_141_E,LYS_143_E,GLU_146_E"
LYS_143_E,"TRP_139_E,ARG_142_E,ARG_144_E,GLU_298_E"
ARG_144_E,"LYS_143_E,MET_145_E,ASP_237_E,ASP_239_E"
MET_145_E,"ARG_144_E,GLU_146_E,LYS_150_E,THR_152_E"
GLU_146_E,"ARG_142_E,MET_145_E,ALA_147_E"
ALA_147_E,"GLU_146_E,ALA_148_E"
ALA_148_E,"ALA_147_E,GLY_149_E"
GLY_149_E,"ALA_148_E,LYS_150_E"
LYS_150_E,"MET_145_E,GLY_149_E"
PRO_151_E,THR_152_E
THR_152_E,"MET_145_E,PRO_151_E,ASP_153_E"
ASP_153_E,"THR_152_E,LYS_154_E"
LYS_154_E,ASP_153_E
PRO_155_E,"TRP_141_E,ASN_156_E,GLU_176_E,ILE_203_E"
ASN_156_E,"PRO_155_E,LEU_157_E,ASN_201_E,THR_202_E,ILE_203_E"
LEU_157_E,"ASN_156_E,VAL_158_E,VAL_175_E,GLU_176_E,LEU_177_E,ARG_178_E,VAL_206_E"
VAL_158_E,"LEU_157_E,CYS_159_E,ILE_180_E"
CYS_159_E,"VAL_158_E,GLY_160_E,VAL_162_E,ILE_180_E"
GLY_160_E,"CYS_159_E,VAL_162_E"
PRO_161_E,VAL_162_E
VAL_162_E,"CYS_159_E,GLY_160_E,PRO_161_E,GLN_163_E"
GLN_163_E,"VAL_162_E,ILE_164_E,CYS_165_E"
ILE_164_E,"GLN_163_E,CYS_165_E,HIS_167_E"
CYS_165_E,"GLN_163_E,ILE_164_E,TRP_166_E,PHE_169_E"
TRP_166_E,"CYS_130_E,CYS_165_E,HIS_167_E,ALA_170_E,VAL_206_E,ASP_243_E"
HIS_167_E,"ILE_164_E,TRP_166_E,LYS_168_E,GLU_179_E"
LYS_168_E,"HIS_167_E,PHE_169_E,TYR_172_E"
PHE_169_E,"CYS_165_E,LYS_168_E,ALA_170_E,TRP_173_E"
ALA_170_E,"TRP_166_E,PHE_169_E,ARG_171_E"
ARG_171_E,"ALA_170_E,TYR_172_E"
TYR_172_E,"LYS_168_E,ARG_171_E,TRP_173_E"
TRP_173_E,"MET_135_E,LYS_138_E,PHE_169_E,TYR_172_E,ASP_174_E"
ASP_174_E,"LYS_138_E,TRP_173_E,VAL_175_E"
VAL_175_E,"LEU_157_E,ASP_174_E,GLU_176_E"
GLU_176_E,"PRO_155_E,LEU_157_E,VAL_175_E,LEU_177_E,ARG_178_E"
LEU_177_E,"LEU_157_E,GLU_176_E,ARG_178_E,GLU_179_E"
ARG_178_E,"LEU_157_E,GLU_176_E,LEU_177_E,GLU_179_E,ALA_197_E,ASP_199_E"
GLU_179_E,"HIS_167_E,LEU_177_E,ARG_178_E,ILE_180_E"
ILE_180_E,"VAL_158_E,CYS_159_E,GLU_179_E"
PRO_181_E,"MET_182_E,ARG_193_E"
MET_182_E,"PRO_181_E,ARG_183_E,GLU_414_E"
ARG_183_E,"MET_182_E,GLN_186_E,ARG_193_E,GLU_414_E"
PRO_184_E,"GLY_185_E,GLN_186_E"
GLY_185_E,"PRO_184_E,GLN_186_E"
GLN_186_E,"ARG_183_E,PRO_184_E,GLY_185_E,LEU_187_E"
LEU_187_E,"GLN_186_E,PHE_188_E,LEU_411_E"
PHE_188_E,"LEU_187_E,MET_189_E,ASP_190_E,ASN_216_E"
MET_189_E,"PHE_188_E,ASP_190_E,GLU_218_E,LEU_223_E"
ASP_190_E,"PHE_188_E,MET_189_E,ARG_193_E,MET_194_E"
PRO_191_E,"LYS_192_E,ILE_195_E"
LYS_192_E,"PRO_191_E,ARG_193_E,GLU_196_E"
ARG_193_E,"PRO_181_E,ARG_183_E,ASP_190_E,LYS_192_E,MET_194_E,GLU_414_E"
MET_194_E,"ASP_190_E,ARG_193_E,ILE_195_E,LEU_227_E"
ILE_195_E,"PRO_191_E,MET_194_E,GLU_196_E,ALA_197_E,PHE_230_E"
GLU_196_E,"LYS_192_E,ILE_195_E,ALA_197_E"
ALA_197_E,"ARG_178_E,ILE_195_E,GLU_196_E,CYS_198_E"
CYS_198_E,"ALA_197_E,ASP_199_E,ILE_238_E"
ASP_199_E,"ARG_178_E,CYS_198_E,GLU_200_E,ASN_201_E,THR_202_E"
GLU_200_E,"ASP_199_E,ASN_201_E"
ASN_201_E,"ASN_156_E,ASP_199_E,GLU_200_E,THR_202_E"
THR_202_E,"ASN_156_E,ASP_199_E,ASN_201_E,ILE_203_E"
ILE_203_E,"TRP_141_E,PRO_155_E,ASN_156_E,THR_202_E,GLY_204_E"
GLY_204_E,"ILE_203_E,VAL_205_E"
VAL_205_E,"GLY_204_E,VAL_206_E,ILE_238_E"
VAL_206_E,"LEU_157_E,TRP_166_E,VAL_205_E"
PRO_207_E,"THR_208_E,MET_240_E,ILE_242_E"
THR_208_E,"PRO_207_E,PHE_209_E,GLY_210_E,GLU_218_E"
PHE_209_E,"THR_208_E,GLY_210_E,TYR_217_E,ILE_242_E,ASP_243_E,ALA_251_E,TRP_260_E"
GLY_210_E,"THR_208_E,PHE_209_E,VAL_211_E"
VAL_211_E,"GLY_210_E,THR_212_E,GLY_215_E,ASN_216_E"
THR_212_E,"PHE_63_E,VAL_211_E,TYR_213_E,ARG_422_E"
TYR_213_E,"THR_212_E,THR_214_E,LEU_411_E"
THR_214_E,"TYR_213_E,GLY_215_E,ASN_216_E"
GLY_215_E,"VAL_211_E,THR_214_E,ASN_216_E,ILE_375_E"
ASN_216_E,"PHE_188_E,VAL_211_E,THR_214_E,GLY_215_E,TYR_217_E"
TYR_217_E,"PHE_209_E,ASN_216_E,GLU_218_E"
GLU_218_E,"MET_189_E,THR_208_E,TYR_217_E,PHE_219_E"
PHE_219_E,GLU_218_E
PRO_220_E,"GLN_221_E,HIS_224_E,ILE_242_E,TRP_260_E,LEU_264_E"
GLN_221_E,"PRO_220_E,LEU_223_E,HIS_224_E,ASP_225_E"
PRO_222_E,"LEU_223_E,ALA_226_E"
LEU_223_E,"MET_189_E,GLN_221_E,PRO_222_E,HIS_224_E,LEU_227_E,MET_240_E"
HIS_224_E,"PRO_220_E,GLN_221_E,LEU_223_E,ASP_225_E,ASP_228_E,ARG_266_E"
ASP_225_E,"GLN_221_E,HIS_224_E,ALA_226_E,ASP_228_E"
ALA_226_E,"PRO_222_E,ASP_225_E,LEU_227_E"
LEU_227_E,"MET_194_E,LEU_223_E,ALA_226_E,ASP_228_E,MET_240_E"
ASP_228_E,"HIS_224_E,ASP_225_E,LEU_227_E,LYS_229_E,ARG_266_E"
LYS_229_E,"ASP_228_E,PHE_230_E,ASP_233_E"
PHE_230_E,"ILE_195_E,LYS_229_E,GLN_231_E,THR_234_E"
GLN_231_E,"PHE_230_E,ALA_232_E,GLY_235_E,ARG_266_E"
ALA_232_E,"GLN_231_E,ASP_233_E"
ASP_233_E,"LYS_229_E,ALA_232_E,THR_234_E"
THR_234_E,"PHE_230_E,ASP_233_E,GLY_235_E"
GLY_235_E,"GLN_231_E,THR_234_E,ILE_236_E"
ILE_236_E,"GLY_235_E,ASP_237_E,ILE_238_E"
ASP_237_E,"ARG_144_E,ILE_236_E,ILE_238_E,ASP_239_E,ARG_266_E"
ILE_238_E,"CYS_198_E,VAL_205_E,ILE_236_E,ASP_237_E,ASP_239_E"
ASP_239_E,"ARG_140_E,ARG_144_E,ASP_237_E,ILE_238_E,MET_240_E,ARG_266_E,LYS_268_E"
MET_240_E,"PRO_207_E,LEU_223_E,LEU_227_E,ASP_239_E,HIS_241_E,ARG_266_E,LYS_268_E"
HIS_241_E,"MET_137_E,MET_240_E,ILE_242_E,SER_269_E"
ILE_242_E,"PRO_207_E,PHE_209_E,PRO_220_E,HIS_241_E,ASP_243_E"
ASP_243_E,"TRP_166_E,PHE_209_E,ILE_242_E,ALA_244_E"
ALA_244_E,"ASP_243_E,ALA_245_E,SER_246_E,GLY_248_E,TRP_260_E,SER_271_E"
ALA_245_E,"ALA_244_E,SER_246_E,SER_273_E"
SER_246_E,"ALA_244_E,ALA_245_E,GLY_247_E"
GLY_247_E,"SER_246_E,GLY_248_E"
GLY_248_E,"TRP_108_E,ALA_244_E,GLY_247_E,PHE_249_E"
PHE_249_E,"GLY_248_E,LEU_250_E,ALA_272_E"
LEU_250_E,"PHE_249_E,ALA_251_E,PHE_253_E,PHE_277_E,ILE_375_E"
ALA_251_E,"PHE_209_E,LEU_250_E,PHE_253_E,ALA_255_E"
PRO_252_E,PHE_253_E
PHE_253_E,"LEU_107_E,LEU_250_E,ALA_251_E,PRO_252_E,VAL_254_E,TYR_339_E"
VAL_254_E,"PHE_253_E,ALA_255_E,TYR_347_E,PRO_371_E"
ALA_255_E,"ALA_251_E,VAL_254_E,ASP_257_E,ILE_258_E"
PRO_256_E,ASP_257_E
ASP_257_E,"ALA_255_E,PRO_256_E,ILE_258_E"
ILE_258_E,"ALA_255_E,ASP_257_E,VAL_259_E,ARG_263_E"
VAL_259_E,"ILE_258_E,TRP_260_E"
TRP_260_E,"TRP_108_E,PHE_209_E,PRO_220_E,ALA_244_E,VAL_259_E,ASP_261_E,ILE_270_E"
ASP_261_E,"HIS_109_E,TRP_260_E,PHE_262_E,ARG_263_E"
PHE_262_E,"ASP_261_E,ARG_263_E,ILE_270_E,ILE_288_E,ARG_290_E"
ARG_263_E,"HIS_109_E,ILE_258_E,ASP_261_E,PHE_262_E,LEU_264_E"
LEU_264_E,"PRO_220_E,ARG_263_E,ARG_290_E"
PRO_265_E,ARG_266_E
ARG_266_E,"HIS_224_E,ASP_228_E,GLN_231_E,ASP_237_E,ASP_239_E,MET_240_E,PRO_265_E,VAL_267_E"
VAL_267_E,"ARG_266_E,LYS_268_E,ILE_270_E"
LYS_268_E,"ARG_140_E,ASP_239_E,MET_240_E,VAL_267_E,SER_269_E,ARG_290_E"
SER_269_E,"HIS_241_E,LYS_268_E,ILE_270_E"
ILE_270_E,"TRP_108_E,TRP_260_E,PHE_262_E,VAL_267_E,SER_269_E,SER_271_E,ILE_288_E"
SER_271_E,"ALA_244_E,ILE_270_E,ALA_272_E"
ALA_272_E,"TRP_108_E,PHE_249_E,SER_271_E,SER_273_E,TRP_286_E"
SER_273_E,"SER_126_E,ALA_245_E,ALA_272_E,GLY_274_E,LYS_276_E"
GLY_274_E,"SER_273_E,HIS_275_E,LEU_279_E,ALA_280_E,CYS_284_E"
HIS_275_E,"GLN_65_E,GLY_274_E,LYS_276_E,GLY_283_E,CYS_284_E"
LYS_276_E,"PHE_63_E,GLN_65_E,SER_273_E,HIS_275_E,PHE_277_E"
PHE_277_E,"LEU_250_E,LYS_276_E,GLY_278_E,GLN_343_E,MET_424_E"
GLY_278_E,"PHE_277_E,LEU_279_E,GLN_327_E,TYR_339_E"
LEU_279_E,"GLY_274_E,GLY_278_E,ALA_280_E,LEU_334_E,TYR_339_E"
ALA_280_E,"GLY_274_E,LEU_279_E"
PRO_281_E,LEU_282_E
LEU_282_E,"PRO_281_E,GLY_283_E,GLN_323_E"
GLY_283_E,"HIS_275_E,LEU_282_E,CYS_284_E"
CYS_284_E,"ILE_124_E,GLY_274_E,HIS_275_E,GLY_283_E,GLY_285_E"
GLY_285_E,"THR_123_E,CYS_284_E,TRP_286_E"
TRP_286_E,"CYS_100_E,ASN_122_E,ALA_272_E,GLY_285_E,VAL_287_E,GLN_327_E"
VAL_287_E,"THR_121_E,TRP_286_E,ILE_288_E,TRP_289_E"
ILE_288_E,"VAL_104_E,TRP_108_E,PHE_262_E,ILE_270_E,VAL_287_E,TRP_289_E"
TRP_289_E,"VAL_119_E,VAL_287_E,ILE_288_E,ARG_290_E,PHE_313_E"
ARG_290_E,"PHE_262_E,LEU_264_E,LYS_268_E,TRP_289_E,ASP_291_E"
ASP_291_E,"ARG_290_E,GLU_292_E,GLU_293_E,ALA_294_E"
GLU_292_E,"ASP_291_E,GLU_293_E"
GLU_293_E,"ASP_291_E,GLU_292_E,ALA_294_E"
ALA_294_E,"ARG_140_E,ASP_291_E,GLU_293_E,LEU_295_E"
LEU_295_E,"ALA_294_E,PHE_313_E"
PRO_296_E,"TRP_139_E,GLN_297_E"
GLN_297_E,"PRO_296_E,GLU_298_E"
GLU_298_E,"LYS_143_E,GLN_297_E,LEU_299_E"
LEU_299_E,"TRP_139_E,GLU_298_E,VAL_300_E,PHE_313_E"
VAL_300_E,"LEU_299_E,PHE_301_E"
PHE_301_E,"VAL_300_E,ASN_302_E,THR_312_E"
ASN_302_E,"PHE_301_E,VAL_303_E"
VAL_303_E,"ASN_302_E,ASP_304_E"
ASP_304_E,"VAL_303_E,TYR_305_E"
TYR_305_E,"ASP_304_E,LEU_306_E,ILE_310_E"
LEU_306_E,"GLU_88_E,TYR_305_E,GLY_307_E"
GLY_307_E,"LEU_306_E,GLY_308_E"
GLY_308_E,"GLY_307_E,GLN_309_E"
GLN_309_E,"GLY_308_E,ILE_310_E"
ILE_310_E,"LYS_87_E,TYR_305_E,GLN_309_E,GLY_311_E"
GLY_311_E,"ILE_310_E,THR_312_E"
THR_312_E,"PHE_301_E,GLY_311_E,PHE_313_E"
PHE_313_E,"LEU_132_E,TRP_289_E,LEU_295_E,LEU_299_E,THR_312_E,ALA_314_E"
ALA_314_E,"PHE_313_E,ILE_315_E"
ILE_315_E,"GLU_128_E,ALA_314_E,ASN_316_E"
ASN_316_E,"GLU_128_E,ILE_315_E,PHE_317_E"
PHE_317_E,"ILE_85_E,ASN_316_E,SER_318_E"
SER_318_E,"PHE_317_E,ARG_319_E"
ARG_319_E,"TRP_84_E,ASN_122_E,GLU_128_E,SER_318_E"
PRO_320_E,ALA_321_E
ALA_321_E,"LYS_82_E,PRO_320_E,GLY_322_E"
GLY_322_E,"ALA_321_E,GLN_323_E,ALA_326_E"
GLN_323_E,"MET_76_E,LEU_282_E,GLY_322_E,VAL_324_E,GLN_327_E"
VAL_324_E,"GLN_323_E,ILE_325_E,TYR_328_E"
ILE_325_E,"VAL_324_E,ALA_326_E"
ALA_326_E,"GLY_322_E,ILE_325_E,GLN_327_E,GLU_330_E"
GLN_327_E,"GLY_278_E,TRP_286_E,GLN_323_E,ALA_326_E,TYR_328_E,PHE_331_E"
TYR_328_E,"ILE_96_E,ARG_99_E,VAL_324_E,GLN_327_E,TYR_329_E,LEU_332_E"
TYR_329_E,"ASP_69_E,VAL_72_E,LEU_75_E,TYR_328_E,GLU_330_E,ARG_333_E"
GLU_330_E,"ASP_69_E,ALA_326_E,TYR_329_E,PHE_331_E,ARG_333_E,ARG_427_E"
PHE_331_E,"VAL_104_E,GLN_327_E,GLU_330_E,LEU_332_E,GLY_335_E"
LEU_332_E,"TYR_328_E,PHE_331_E,ARG_333_E"
ARG_333_E,"ASP_69_E,TYR_329_E,GLU_330_E,LEU_332_E,LEU_334_E,ARG_427_E"
LEU_334_E,"LEU_279_E,ARG_333_E,GLY_335_E,GLY_338_E,TYR_339_E"
GLY_335_E,"PHE_331_E,LEU_334_E,ARG_336_E,TYR_339_E"
ARG_336_E,"ASP_106_E,GLY_335_E,GLU_337_E,THR_340_E"
GLU_337_E,"ARG_336_E,GLY_338_E,LYS_341_E"
GLY_338_E,"LEU_334_E,GLU_337_E,TYR_339_E,VAL_342_E"
TYR_339_E,"PHE_253_E,GLY_278_E,LEU_279_E,LEU_334_E,GLY_335_E,GLY_338_E,THR_340_E,GLN_343_E"
THR_340_E,"ARG_336_E,TYR_339_E,LYS_341_E"
LYS_341_E,"GLU_337_E,THR_340_E,VAL_342_E"
VAL_342_E,"GLY_338_E,LYS_341_E,GLN_343_E"
GLN_343_E,"PHE_277_E,TYR_339_E,VAL_342_E,ASN_344_E,SER_346_E"
ASN_344_E,"GLN_343_E,ALA_345_E,GLN_348_E"
ALA_345_E,"ASN_344_E,SER_346_E"
SER_346_E,"GLN_343_E,ALA_345_E,TYR_347_E"
TYR_347_E,"VAL_254_E,SER_346_E,GLN_348_E,ALA_351_E,GLY_374_E"
GLN_348_E,"ASN_344_E,TYR_347_E,VAL_349_E,TYR_352_E"
VAL_349_E,"GLN_348_E,ALA_350_E,LEU_353_E"
ALA_350_E,"VAL_349_E,ALA_351_E"
ALA_351_E,"TYR_347_E,ALA_350_E,TYR_352_E"
TYR_352_E,"GLN_348_E,ALA_351_E,LEU_353_E,GLU_356_E,GLU_435_E"
LEU_353_E,"VAL_349_E,TYR_352_E,ALA_354_E,ILE_357_E,PHE_429_E"
ALA_354_E,"LEU_353_E,ASP_355_E"
ASP_355_E,"ALA_354_E,GLU_356_E,ARG_370_E"
GLU_356_E,"TYR_352_E,ASP_355_E,ILE_357_E,LYS_359_E,LEU_438_E,LYS_442_E"
ILE_357_E,"LEU_353_E,GLU_356_E,ALA_358_E,LEU_360_E,TYR_363_E,PHE_380_E,ILE_423_E"
ALA_358_E,"ILE_357_E,LYS_359_E,PHE_365_E"
LYS_359_E,"GLU_356_E,ALA_358_E,LEU_360_E"
LEU_360_E,"ILE_357_E,LYS_359_E,GLY_361_E,TYR_441_E"
GLY_361_E,LEU_360_E
PRO_362_E,"TYR_363_E,LYS_383_E,GLU_386_E"
TYR_363_E,"ILE_357_E,PRO_362_E,GLU_364_E,PHE_380_E,LEU_382_E,TYR_390_E"
GLU_364_E,"TYR_363_E,PHE_365_E,LYS_381_E,ASP_384_E"
PHE_365_E,"ALA_358_E,GLU_364_E,ILE_366_E,THR_368_E,PHE_380_E"
ILE_366_E,"PHE_365_E,CYS_367_E,CYS_379_E,VAL_420_E"
CYS_367_E,"ILE_366_E,THR_368_E,CYS_379_E"
THR_368_E,"PHE_365_E,CYS_367_E,GLY_369_E"
GLY_369_E,"THR_368_E,ARG_370_E"
ARG_370_E,"ASP_355_E,GLY_369_E"
PRO_371_E,"VAL_254_E,ASP_372_E"
ASP_372_E,"PRO_371_E,GLU_373_E"
GLU_373_E,"ASP_372_E,GLY_374_E"
GLY_374_E,"TYR_347_E,GLU_373_E,ILE_375_E"
ILE_375_E,"GLY_215_E,LEU_250_E,GLY_374_E,ALA_377_E"
PRO_376_E,"ALA_377_E,CYS_425_E"
ALA_377_E,"ILE_375_E,PRO_376_E,VAL_378_E"
VAL_378_E,"ALA_377_E,CYS_379_E,ILE_423_E"
CYS_379_E,"ILE_366_E,CYS_367_E,VAL_378_E,PHE_380_E"
PHE_380_E,"ILE_357_E,TYR_363_E,PHE_365_E,CYS_379_E,LYS_381_E,MET_421_E"
LYS_381_E,"GLU_364_E,PHE_380_E,LEU_382_E,ASP_384_E,ILE_418_E"
LEU_382_E,"TYR_363_E,LYS_381_E,LYS_383_E,PRO_388_E"
LYS_383_E,"PRO_362_E,LEU_382_E,ASP_384_E"
ASP_384_E,"GLU_364_E,LYS_381_E,LYS_383_E,GLY_385_E"
GLY_385_E,"ASP_384_E,GLU_386_E"
GLU_386_E,"PRO_362_E,GLY_385_E,ASP_387_E"
ASP_387_E,"GLU_386_E,GLY_389_E,GLN_455_E"
PRO_388_E,"LEU_382_E,GLY_389_E,TYR_390_E"
GLY_389_E,"ASP_387_E,PRO_388_E,TYR_390_E"
TYR_390_E,"TYR_363_E,PRO_388_E,GLY_389_E,THR_391_E,LEU_448_E"
THR_391_E,"TYR_390_E,LEU_392_E,ASP_394_E"
LEU_392_E,"THR_391_E,TYR_393_E"
TYR_393_E,"LEU_392_E,ASP_394_E,VAL_419_E,ASN_461_E"
ASP_394_E,"THR_391_E,TYR_393_E,LEU_395_E,GLY_456_E"
LEU_395_E,"ASP_394_E,SER_396_E,LEU_399_E,LEU_445_E"
SER_396_E,"LEU_395_E,GLU_397_E,VAL_406_E"
GLU_397_E,"SER_396_E,ARG_398_E,ARG_400_E"
ARG_398_E,"GLU_397_E,LEU_399_E"
LEU_399_E,"LEU_395_E,ARG_398_E,ARG_400_E,ARG_402_E"
ARG_400_E,"GLU_397_E,LEU_399_E,LEU_401_E,ARG_402_E,GLY_403_E"
LEU_401_E,"ARG_400_E,ARG_402_E"
ARG_402_E,"LEU_399_E,ARG_400_E,LEU_401_E,GLY_403_E,ASP_440_E"
GLY_403_E,"ARG_400_E,ARG_402_E,TRP_404_E"
TRP_404_E,"GLN_58_E,LEU_60_E,GLY_403_E,GLN_405_E,LEU_437_E,ASP_440_E"
GLN_405_E,"LEU_60_E,TRP_404_E,VAL_406_E"
VAL_406_E,"LEU_60_E,SER_396_E,GLN_405_E,MET_421_E,ILE_423_E"
PRO_407_E,"ALA_61_E,ALA_408_E"
ALA_408_E,"PRO_407_E,PHE_409_E"
PHE_409_E,"ALA_408_E,THR_410_E,VAL_420_E"
THR_410_E,"PHE_409_E,LEU_411_E,VAL_419_E"
LEU_411_E,"LEU_187_E,TYR_213_E,THR_410_E,GLY_412_E,VAL_420_E"
GLY_412_E,"LEU_411_E,GLY_413_E"
GLY_413_E,"GLY_412_E,GLU_414_E"
GLU_414_E,"MET_182_E,ARG_183_E,ARG_193_E,GLY_413_E,ALA_415_E"
ALA_415_E,"GLU_414_E,THR_416_E,ILE_418_E"
THR_416_E,"ALA_415_E,ASP_417_E"
ASP_417_E,"THR_416_E,ILE_418_E"
ILE_418_E,"LYS_381_E,ALA_415_E,ASP_417_E,VAL_419_E"
VAL_419_E,"TYR_393_E,THR_410_E,ILE_418_E,VAL_420_E"
VAL_420_E,"ILE_366_E,PHE_409_E,LEU_411_E,VAL_419_E,MET_421_E"
MET_421_E,"PHE_380_E,VAL_406_E,VAL_420_E,ARG_422_E"
ARG_422_E,"ALA_61_E,THR_212_E,MET_421_E,ILE_423_E"
ILE_423_E,"ILE_357_E,VAL_378_E,VAL_406_E,ARG_422_E,MET_424_E"
MET_424_E,"LEU_60_E,PHE_63_E,PHE_277_E,ILE_423_E,CYS_425_E"
CYS_425_E,"PRO_376_E,MET_424_E,ARG_426_E"
ARG_426_E,"ALA_56_E,ASN_59_E,THR_66_E,CYS_425_E,ARG_427_E"
ARG_427_E,"ASP_69_E,GLU_330_E,ARG_333_E,ARG_426_E,GLY_428_E"
GLY_428_E,"ARG_427_E,PHE_429_E"
PHE_429_E,"LEU_60_E,LEU_353_E,GLY_428_E,GLU_430_E,PHE_433_E"
GLU_430_E,"PHE_429_E,MET_431_E,PHE_433_E,ALA_434_E"
MET_431_E,"GLU_430_E,ASP_432_E,ALA_434_E,GLU_435_E"
ASP_432_E,"MET_431_E,PHE_433_E"
PHE_433_E,"PHE_429_E,GLU_430_E,ASP_432_E,ALA_434_E"
ALA_434_E,"GLU_430_E,MET_431_E,PHE_433_E,GLU_435_E,LEU_437_E,LEU_438_E"
GLU_435_E,"TYR_352_E,MET_431_E,ALA_434_E,LEU_436_E,GLU_439_E"
LEU_436_E,"GLU_435_E,LEU_437_E"
LEU_437_E,"TRP_404_E,ALA_434_E,LEU_436_E,LEU_438_E,TYR_441_E"
LEU_438_E,"GLU_356_E,ALA_434_E,LEU_437_E,GLU_439_E"
GLU_439_E,"GLU_435_E,LEU_438_E,ASP_440_E,ALA_443_E"
ASP_440_E,"ARG_402_E,TRP_404_E,GLU_439_E,TYR_441_E,SER_444_E"
TYR_441_E,"LEU_360_E,LEU_437_E,ASP_440_E,LYS_442_E,SER_444_E,LEU_445_E"
LYS_442_E,"GLU_356_E,TYR_441_E,ALA_443_E"
ALA_443_E,"GLU_439_E,LYS_442_E,SER_444_E"
SER_444_E,"ASP_440_E,TYR_441_E,ALA_443_E,LEU_445_E"
LEU_445_E,"LEU_395_E,TYR_441_E,SER_444_E,LYS_446_E,SER_449_E"
LYS_446_E,"LEU_445_E,TYR_447_E,ASP_450_E"
TYR_447_E,"LYS_446_E,LEU_448_E,HIS_451_E,LEU_454_E"
LEU_448_E,"TYR_390_E,TYR_447_E,SER_449_E"
SER_449_E,"LEU_445_E,LEU_448_E,ASP_450_E"
ASP_450_E,"LYS_446_E,SER_449_E,HIS_451_E"
HIS_451_E,"TYR_447_E,ASP_450_E,LYS_453_E,LEU_454_E"
PRO_452_E,LYS_453_E
LYS_453_E,"HIS_451_E,PRO_452_E,LEU_454_E"
LEU_454_E,"TYR_447_E,HIS_451_E,LYS_453_E,GLN_455_E"
GLN_455_E,"ASP_387_E,LEU_454_E,GLY_456_E"
GLY_456_E,"ASP_394_E,GLN_455_E,ILE_457_E"
ILE_457_E,"GLY_456_E,ALA_458_E"
ALA_458_E,"ILE_457_E,GLN_459_E"
GLN_459_E,"ALA_458_E,GLN_460_E"
GLN_460_E,"GLN_459_E,ASN_461_E"
ASN_461_E,"TYR_393_E,GLN_460_E,SER_462_E"
SER_462_E,"ASN_461_E,PHE_463_E"
PHE_463_E,"SER_462_E,LYS_464_E"
LYS_464_E,"PHE_463_E,HIS_465_E"
HIS_465_E,"LYS_464_E,THR_466_E"
THR_466_E,HIS_465_E
