residue_id,neighbors
GLY_2_A,"ARG_3_A,LYS_4_A"
ARG_3_A,"GLY_2_A,LYS_4_A"
LYS_4_A,"GLY_2_A,ARG_3_A,LYS_5_A"
LYS_5_A,"LYS_4_A,ILE_6_A"
ILE_6_A,"LYS_5_A,GLN_7_A"
GLN_7_A,"ILE_6_A,ILE_8_A"
ILE_8_A,"GLN_7_A,SER_9_A"
SER_9_A,"ILE_8_A,ARG_10_A"
ARG_10_A,"SER_9_A,ILE_11_A,ARG_17_A"
ILE_11_A,"ARG_10_A,LEU_12_A"
LEU_12_A,"ILE_11_A,ASP_13_A"
ASP_13_A,"LEU_12_A,GLN_14_A,ARG_15_A,ASN_16_A,ARG_17_A"
GLN_14_A,"ASP_13_A,ARG_15_A"
ARG_15_A,"ASP_13_A,GLN_14_A,ASN_16_A"
ASN_16_A,"ASP_13_A,ARG_15_A,ARG_17_A,THR_20_A"
ARG_17_A,"ARG_10_A,ASP_13_A,ASN_16_A,GLN_18_A,PHE_21_A"
GLN_18_A,"ARG_17_A,VAL_19_A"
VAL_19_A,"GLN_18_A,THR_20_A"
THR_20_A,"ASN_16_A,VAL_19_A,PHE_21_A,ARG_24_A"
PHE_21_A,"ARG_17_A,THR_20_A,THR_22_A,LYS_25_A"
THR_22_A,"PHE_21_A,LYS_23_A"
LYS_23_A,"THR_22_A,ARG_24_A"
ARG_24_A,"THR_20_A,LYS_23_A,LYS_25_A,LEU_28_A"
LYS_25_A,"PHE_21_A,ARG_24_A,PHE_26_A"
PHE_26_A,"LYS_25_A,GLY_27_A,LYS_30_A"
GLY_27_A,"PHE_26_A,LEU_28_A"
LEU_28_A,"ARG_24_A,GLY_27_A,MET_29_A,ALA_32_A,LEU_45_A"
MET_29_A,"LEU_28_A,LYS_30_A,ALA_32_A,TYR_33_A"
LYS_30_A,"PHE_26_A,MET_29_A,LYS_31_A,GLU_34_A"
LYS_31_A,"LYS_30_A,ALA_32_A,GLU_34_A,LEU_35_A"
ALA_32_A,"LEU_28_A,MET_29_A,LYS_31_A,TYR_33_A,SER_36_A,TYR_57_A"
TYR_33_A,"MET_29_A,ALA_32_A,GLU_34_A,SER_36_A"
GLU_34_A,"LYS_30_A,LYS_31_A,TYR_33_A,LEU_35_A,LEU_38_A"
LEU_35_A,"LYS_31_A,GLU_34_A,SER_36_A"
SER_36_A,"ALA_32_A,TYR_33_A,LEU_35_A,VAL_37_A"
VAL_37_A,"SER_36_A,LEU_38_A"
LEU_38_A,"GLU_34_A,VAL_37_A,CYS_39_A"
CYS_39_A,"LEU_38_A,ASP_40_A"
ASP_40_A,"CYS_39_A,CYS_41_A"
CYS_41_A,"ASP_40_A,GLU_42_A"
GLU_42_A,"CYS_41_A,ILE_43_A,THR_60_A,ARG_64_A,LYS_68_A"
ILE_43_A,"GLU_42_A,ALA_44_A,SER_59_A"
ALA_44_A,"ILE_43_A,LEU_45_A,VAL_65_A"
LEU_45_A,"LEU_28_A,ALA_44_A,ILE_46_A,TYR_57_A"
ILE_46_A,"LEU_45_A,ILE_47_A,LEU_54_A"
ILE_47_A,"ILE_46_A,PHE_48_A,PHE_55_A"
PHE_48_A,"ILE_47_A,ASN_49_A,LEU_54_A"
ASN_49_A,"PHE_48_A,SER_50_A,ALA_51_A,ASN_52_A,ARG_53_A"
SER_50_A,"ASN_49_A,ALA_51_A"
ALA_51_A,"ASN_49_A,SER_50_A,ASN_52_A"
ASN_52_A,"ASN_49_A,ALA_51_A,ARG_53_A"
ARG_53_A,"ASN_49_A,ASN_52_A,LEU_54_A,PHE_55_A"
LEU_54_A,"ILE_46_A,PHE_48_A,ARG_53_A,PHE_55_A"
PHE_55_A,"ILE_47_A,ARG_53_A,LEU_54_A,GLN_56_A"
GLN_56_A,"PHE_55_A,TYR_57_A,MET_62_A"
TYR_57_A,"ALA_32_A,LEU_45_A,GLN_56_A,ALA_58_A"
ALA_58_A,"TYR_57_A,SER_59_A"
SER_59_A,"ILE_43_A,ALA_58_A,THR_60_A"
THR_60_A,"GLU_42_A,SER_59_A,ASP_61_A"
ASP_61_A,"THR_60_A,MET_62_A,ASP_63_A"
MET_62_A,"GLN_56_A,ASP_61_A,ASP_63_A,LEU_66_A"
ASP_63_A,"ASP_61_A,MET_62_A,ARG_64_A,LEU_67_A"
ARG_64_A,"GLU_42_A,ASP_63_A,VAL_65_A"
VAL_65_A,"ALA_44_A,ARG_64_A,LEU_66_A"
LEU_66_A,"MET_62_A,VAL_65_A,LEU_67_A"
LEU_67_A,"ASP_63_A,LEU_66_A,LYS_68_A,THR_70_A"
LYS_68_A,"GLU_42_A,LEU_67_A,TYR_69_A,GLU_71_A"
TYR_69_A,"LYS_68_A,THR_70_A,GLU_71_A"
THR_70_A,"LEU_67_A,TYR_69_A,GLU_71_A"
GLU_71_A,"LYS_68_A,TYR_69_A,THR_70_A,TYR_72_A"
TYR_72_A,"GLU_71_A,SER_73_A"
SER_73_A,"TYR_72_A,GLU_74_A"
GLU_74_A,SER_73_A
PRO_75_A,HIS_76_A
HIS_76_A,"PRO_75_A,GLU_77_A"
GLU_77_A,"HIS_76_A,SER_78_A,ARG_79_A"
SER_78_A,"GLU_77_A,ARG_79_A"
ARG_79_A,"GLU_77_A,SER_78_A,THR_80_A,ASP_83_A"
THR_80_A,"ARG_79_A,ASN_81_A,ASP_83_A"
ASN_81_A,"THR_80_A,THR_82_A,LEU_85_A"
THR_82_A,"ASN_81_A,ASP_83_A"
ASP_83_A,"ARG_79_A,THR_80_A,THR_82_A,ILE_84_A,GLU_86_A"
ILE_84_A,"ASP_83_A,LEU_85_A,LEU_88_A"
LEU_85_A,"ASN_81_A,ILE_84_A,GLU_86_A,LYS_89_A"
GLU_86_A,"ASP_83_A,LEU_85_A,THR_87_A,ARG_90_A"
THR_87_A,"GLU_86_A,LEU_88_A"
LEU_88_A,"ILE_84_A,THR_87_A,LYS_89_A"
LYS_89_A,"LEU_85_A,LEU_88_A,ARG_90_A"
ARG_90_A,"GLU_86_A,LYS_89_A,ARG_91_A,GLY_92_A"
ARG_91_A,"ARG_90_A,GLY_92_A"
GLY_92_A,"ARG_90_A,ARG_91_A,ILE_93_A"
ILE_93_A,"GLY_92_A,GLY_94_A"
GLY_94_A,ILE_93_A
