residue_id,neighbors
MET_1_G,"SER_2_G,VAL_31_G"
SER_2_G,"MET_1_G,TRP_3_G,ARG_7_G"
TRP_3_G,"SER_2_G,THR_4_G,LYS_39_G"
THR_4_G,"TRP_3_G,ASP_5_G"
ASP_5_G,"THR_4_G,GLU_6_G"
GLU_6_G,"ASP_5_G,ARG_7_G,LYS_13_G"
ARG_7_G,"SER_2_G,GLU_6_G,VAL_8_G"
VAL_8_G,"ARG_7_G,SER_9_G,LYS_12_G,LEU_43_G"
SER_9_G,"VAL_8_G,THR_10_G,LYS_13_G"
THR_10_G,"SER_9_G,LEU_11_G,LEU_14_G"
LEU_11_G,"THR_10_G,LYS_12_G,TRP_15_G,ILE_24_G,LYS_39_G"
LYS_12_G,"VAL_8_G,LEU_11_G,LYS_13_G,LEU_16_G,LEU_43_G"
LYS_13_G,"GLU_6_G,SER_9_G,LYS_12_G,LEU_14_G,ASP_17_G"
LEU_14_G,"THR_10_G,LYS_13_G,TRP_15_G,LEU_19_G,ILE_24_G"
TRP_15_G,"LEU_11_G,LEU_14_G,LEU_16_G,ALA_21_G,ILE_24_G,VAL_40_G"
LEU_16_G,"LYS_12_G,TRP_15_G,ASP_17_G"
ASP_17_G,"LYS_13_G,LEU_16_G,GLY_18_G"
GLY_18_G,"ASP_17_G,LEU_19_G"
LEU_19_G,"LEU_14_G,GLY_18_G,SER_20_G,ILE_24_G"
SER_20_G,"LEU_19_G,ALA_21_G"
ALA_21_G,"TRP_15_G,SER_20_G,SER_22_G"
SER_22_G,"ALA_21_G,GLN_23_G"
GLN_23_G,"SER_22_G,ILE_24_G"
ILE_24_G,"LEU_11_G,LEU_14_G,TRP_15_G,LEU_19_G,GLN_23_G,ALA_25_G"
ALA_25_G,"ILE_24_G,LYS_26_G,GLY_29_G,VAL_36_G"
LYS_26_G,"ALA_25_G,GLN_27_G"
GLN_27_G,"LYS_26_G,LEU_28_G"
LEU_28_G,"GLN_27_G,GLY_29_G,VAL_31_G"
GLY_29_G,"ALA_25_G,LEU_28_G,GLY_30_G,VAL_31_G"
GLY_30_G,"GLY_29_G,VAL_31_G"
VAL_31_G,"MET_1_G,LEU_28_G,GLY_29_G,GLY_30_G,THR_32_G,ALA_35_G,VAL_36_G"
THR_32_G,"VAL_31_G,ARG_33_G,ALA_35_G"
ARG_33_G,"THR_32_G,ASN_34_G"
ASN_34_G,"ARG_33_G,ALA_35_G"
ALA_35_G,"VAL_31_G,THR_32_G,ASN_34_G,VAL_36_G,LYS_39_G"
VAL_36_G,"ALA_25_G,VAL_31_G,ALA_35_G,ILE_37_G,VAL_40_G"
ILE_37_G,"VAL_36_G,GLY_38_G,HIS_41_G"
GLY_38_G,"ILE_37_G,LYS_39_G,ARG_42_G"
LYS_39_G,"TRP_3_G,LEU_11_G,ALA_35_G,GLY_38_G,VAL_40_G,ARG_42_G,LEU_43_G"
VAL_40_G,"TRP_15_G,VAL_36_G,LYS_39_G,HIS_41_G"
HIS_41_G,"ILE_37_G,VAL_40_G,ARG_42_G"
ARG_42_G,"GLY_38_G,LYS_39_G,HIS_41_G,LEU_43_G"
LEU_43_G,"VAL_8_G,LYS_12_G,LYS_39_G,ARG_42_G,GLY_44_G"
GLY_44_G,"LEU_43_G,LEU_45_G"
LEU_45_G,"GLY_44_G,SER_46_G"
SER_46_G,LEU_45_G
PRO_105_G,GLY_106_G
GLY_106_G,"PRO_105_G,SER_107_G"
SER_107_G,"GLY_106_G,ALA_108_G"
ALA_108_G,"SER_107_G,THR_109_G,PHE_132_G"
THR_109_G,"ALA_108_G,VAL_110_G,THR_112_G"
VAL_110_G,"THR_109_G,LEU_111_G,PHE_132_G"
LEU_111_G,"VAL_110_G,THR_112_G"
THR_112_G,"THR_109_G,LEU_111_G,LEU_113_G"
LEU_113_G,"THR_112_G,GLY_114_G"
GLY_114_G,"LEU_113_G,ALA_115_G"
ALA_115_G,"GLY_114_G,HIS_116_G"
HIS_116_G,"ALA_115_G,MET_117_G"
MET_117_G,"HIS_116_G,CYS_118_G"
CYS_118_G,"MET_117_G,LYS_119_G,CYS_133_G"
LYS_119_G,"CYS_118_G,TRP_120_G"
TRP_120_G,"LYS_119_G,ILE_122_G,TYR_142_G"
PRO_121_G,"ILE_122_G,PHE_130_G,PHE_132_G"
ILE_122_G,"TRP_120_G,PRO_121_G,GLY_123_G"
GLY_123_G,"ILE_122_G,ASP_124_G"
ASP_124_G,"GLY_123_G,SER_126_G,SER_127_G"
PRO_125_G,"SER_126_G,PHE_130_G"
SER_126_G,"ASP_124_G,PRO_125_G,SER_127_G"
SER_127_G,"ASP_124_G,SER_126_G,GLU_128_G"
GLU_128_G,"SER_127_G,GLY_129_G"
GLY_129_G,"GLU_128_G,PHE_130_G"
PHE_130_G,"PRO_121_G,PRO_125_G,GLY_129_G,THR_131_G"
THR_131_G,"PHE_130_G,PHE_132_G"
PHE_132_G,"ALA_108_G,VAL_110_G,PRO_121_G,THR_131_G,CYS_133_G"
CYS_133_G,"CYS_118_G,PHE_132_G,GLY_134_G"
GLY_134_G,"CYS_133_G,ARG_135_G"
ARG_135_G,"GLY_134_G,ARG_136_G,SER_137_G,GLU_145_G,HIS_146_G"
ARG_136_G,"ARG_135_G,SER_137_G"
SER_137_G,"ARG_135_G,ARG_136_G,SER_138_G,TYR_142_G"
SER_138_G,"SER_137_G,GLU_139_G"
GLU_139_G,"SER_138_G,GLY_140_G"
GLY_140_G,GLU_139_G
PRO_141_G,TYR_142_G
TYR_142_G,"TRP_120_G,SER_137_G,PRO_141_G,CYS_143_G"
CYS_143_G,"TYR_142_G,VAL_144_G,HIS_146_G,ALA_147_G"
VAL_144_G,"CYS_143_G,GLU_145_G"
GLU_145_G,"ARG_135_G,VAL_144_G,HIS_146_G"
HIS_146_G,"ARG_135_G,CYS_143_G,GLU_145_G,ALA_147_G,ALA_150_G"
ALA_147_G,"CYS_143_G,HIS_146_G,ARG_148_G"
ARG_148_G,"ALA_147_G,VAL_149_G"
VAL_149_G,"ARG_148_G,ALA_150_G"
ALA_150_G,"HIS_146_G,VAL_149_G,TYR_151_G"
TYR_151_G,"ALA_150_G,GLN_152_G"
GLN_152_G,TYR_151_G
PRO_153_G,GLN_154_G
GLN_154_G,"PRO_153_G,GLN_155_G"
GLN_155_G,"GLN_154_G,THR_156_G"
THR_156_G,"GLN_155_G,LYS_157_G"
LYS_157_G,"THR_156_G,LYS_158_G"
LYS_158_G,"LYS_157_G,LYS_159_G"
LYS_159_G,"LYS_158_G,SER_160_G"
SER_160_G,"LYS_159_G,GLY_161_G"
GLY_161_G,SER_160_G
