residue_id,neighbors
MET_1_A,"TYR_2_A,ALA_24_A,ILE_41_A"
TYR_2_A,"MET_1_A,ALA_3_A,ILE_23_A,GLY_376_A"
ALA_3_A,"TYR_2_A,LEU_4_A,GLU_42_A,ARG_44_A"
LEU_4_A,"ALA_3_A,THR_5_A,VAL_21_A,LEU_51_A,ILE_373_A"
THR_5_A,"LEU_4_A,GLN_6_A,ALA_20_A,GLN_43_A,ARG_44_A,LEU_46_A"
GLN_6_A,"THR_5_A,GLY_7_A,SER_45_A,GLY_48_A"
GLY_7_A,"GLN_6_A,ARG_8_A"
ARG_8_A,"GLY_7_A,ILE_9_A,ASP_17_A,LEU_51_A"
ILE_9_A,"ARG_8_A,PHE_10_A,LEU_16_A,VAL_21_A"
PHE_10_A,"ILE_9_A,THR_11_A,LEU_51_A,ASP_329_A,LEU_332_A"
THR_11_A,"PHE_10_A,GLY_12_A,LEU_352_A"
GLY_12_A,"THR_11_A,HIS_13_A"
HIS_13_A,"GLY_12_A,GLU_14_A,ARG_341_A"
GLU_14_A,"HIS_13_A,PHE_15_A"
PHE_15_A,"GLU_14_A,LEU_16_A,ASP_329_A"
LEU_16_A,"ILE_9_A,PHE_15_A,ASP_17_A,VAL_31_A"
ASP_17_A,"ARG_8_A,LEU_16_A,ASP_18_A"
ASP_18_A,"ASP_17_A,HIS_19_A"
HIS_19_A,"ASP_18_A,ALA_20_A"
ALA_20_A,"THR_5_A,HIS_19_A,VAL_21_A,CYS_32_A,LEU_37_A"
VAL_21_A,"LEU_4_A,ILE_9_A,ALA_20_A,VAL_22_A,LEU_51_A"
VAL_22_A,"VAL_21_A,ILE_23_A,LYS_29_A,SER_30_A"
ILE_23_A,"TYR_2_A,VAL_22_A,ALA_24_A,ALA_358_A,LEU_360_A"
ALA_24_A,"MET_1_A,ILE_23_A,ASP_25_A"
ASP_25_A,"ALA_24_A,GLY_26_A"
GLY_26_A,"ASP_25_A,LEU_27_A,ALA_358_A"
LEU_27_A,"GLY_26_A,ILE_28_A"
ILE_28_A,"LEU_27_A,LYS_29_A,GLY_355_A,LYS_356_A"
LYS_29_A,"VAL_22_A,ILE_28_A,SER_30_A"
SER_30_A,"VAL_22_A,LYS_29_A,VAL_31_A"
VAL_31_A,"LEU_16_A,SER_30_A,CYS_32_A"
CYS_32_A,"ALA_20_A,VAL_31_A"
PRO_33_A,"VAL_34_A,ALA_35_A,GLU_36_A"
VAL_34_A,"PRO_33_A,ALA_35_A"
ALA_35_A,"PRO_33_A,VAL_34_A,GLU_36_A"
GLU_36_A,"PRO_33_A,ALA_35_A,LEU_37_A"
LEU_37_A,"ALA_20_A,GLU_36_A,ILE_41_A"
PRO_38_A,"GLU_40_A,ILE_41_A"
PRO_39_A,GLU_40_A
GLU_40_A,"PRO_38_A,PRO_39_A,ILE_41_A"
ILE_41_A,"MET_1_A,LEU_37_A,PRO_38_A,GLU_40_A,GLU_42_A,GLN_43_A"
GLU_42_A,"ALA_3_A,ILE_41_A,GLN_43_A,ARG_44_A"
GLN_43_A,"THR_5_A,ILE_41_A,GLU_42_A,ARG_44_A"
ARG_44_A,"ALA_3_A,THR_5_A,GLU_42_A,GLN_43_A,SER_45_A,GLU_378_A"
SER_45_A,"GLN_6_A,ARG_44_A,LEU_46_A,ASN_47_A"
LEU_46_A,"THR_5_A,SER_45_A,ASN_47_A"
ASN_47_A,"SER_45_A,LEU_46_A,GLY_48_A"
GLY_48_A,"GLN_6_A,ASN_47_A,ALA_49_A"
ALA_49_A,"GLY_48_A,ILE_50_A"
ILE_50_A,"ALA_49_A,LEU_51_A,LEU_328_A,PHE_363_A"
LEU_51_A,"LEU_4_A,ARG_8_A,PHE_10_A,VAL_21_A,ILE_50_A,SER_52_A,LEU_360_A"
SER_52_A,"LEU_51_A,PRO_53_A,THR_361_A"
PRO_53_A,"SER_52_A,GLY_54_A,LEU_352_A"
GLY_54_A,"PRO_53_A,PHE_55_A,ASN_359_A"
PHE_55_A,"GLY_54_A,ILE_56_A,GLY_91_A,MET_313_A"
ILE_56_A,"PHE_55_A,ASP_57_A,ALA_335_A,ALA_340_A"
ASP_57_A,"ILE_56_A,VAL_58_A,THR_272_A"
VAL_58_A,"ASP_57_A,GLN_59_A,VAL_271_A"
GLN_59_A,"VAL_58_A,LEU_60_A,GLU_131_A,ASP_273_A"
LEU_60_A,"GLN_59_A,ASN_61_A,TYR_95_A,THR_98_A,ALA_274_A"
ASN_61_A,"LEU_60_A,GLY_62_A,ASP_273_A"
GLY_62_A,"ASN_61_A,CYS_63_A"
CYS_63_A,"GLY_62_A,GLY_64_A"
GLY_64_A,"CYS_63_A,GLY_65_A,ALA_278_A"
GLY_65_A,"GLY_64_A,VAL_66_A,ALA_276_A"
VAL_66_A,"GLY_65_A,GLN_67_A,THR_79_A"
GLN_67_A,"VAL_66_A,PHE_68_A,ALA_276_A"
PHE_68_A,"GLN_67_A,ASN_69_A,VAL_75_A,LEU_80_A,MET_83_A,LEU_128_A"
ASN_69_A,"PHE_68_A,ASP_70_A,THR_71_A,PHE_287_A"
ASP_70_A,"ASN_69_A,THR_71_A,ALA_288_A"
THR_71_A,"ASN_69_A,ASP_70_A,ALA_72_A,ALA_74_A"
ALA_72_A,"THR_71_A,GLU_73_A,GLN_109_A"
GLU_73_A,"ALA_72_A,ALA_74_A"
ALA_74_A,"THR_71_A,GLU_73_A,VAL_75_A,SER_76_A,THR_79_A"
VAL_75_A,"PHE_68_A,ALA_74_A,SER_76_A,LEU_106_A,GLN_109_A"
SER_76_A,"ALA_74_A,VAL_75_A,VAL_77_A"
VAL_77_A,"SER_76_A,GLU_78_A,GLU_81_A,VAL_113_A,GLU_116_A"
GLU_78_A,"VAL_77_A,THR_79_A,GLU_81_A,ILE_82_A"
THR_79_A,"VAL_66_A,ALA_74_A,GLU_78_A,LEU_80_A,MET_83_A"
LEU_80_A,"PHE_68_A,THR_79_A,GLU_81_A,GLN_84_A,PRO_97_A,TYR_117_A"
GLU_81_A,"VAL_77_A,GLU_78_A,LEU_80_A,ILE_82_A,LYS_120_A,HIS_121_A"
ILE_82_A,"GLU_78_A,GLU_81_A,MET_83_A"
MET_83_A,"PHE_68_A,THR_79_A,ILE_82_A,GLN_84_A,ASN_87_A"
GLN_84_A,"LEU_80_A,MET_83_A,LYS_85_A"
LYS_85_A,"GLN_84_A,ALA_86_A,GLU_88_A"
ALA_86_A,"LYS_85_A,ASN_87_A,LYS_89_A"
ASN_87_A,"MET_83_A,ALA_86_A,GLU_88_A,SER_90_A,CYS_92_A"
GLU_88_A,"LYS_85_A,ASN_87_A,LYS_89_A,THR_372_A"
LYS_89_A,"ALA_86_A,GLU_88_A,SER_90_A"
SER_90_A,"ASN_87_A,LYS_89_A,GLY_91_A"
GLY_91_A,"PHE_55_A,SER_90_A,CYS_92_A"
CYS_92_A,"ASN_87_A,GLY_91_A,THR_93_A"
THR_93_A,"CYS_92_A,ASN_94_A,THR_372_A"
ASN_94_A,"THR_93_A,TYR_95_A,ASN_123_A"
TYR_95_A,"LEU_60_A,ASN_94_A,LEU_96_A,PRO_97_A,ALA_125_A,LEU_126_A"
LEU_96_A,"TYR_95_A,THR_98_A"
PRO_97_A,"LEU_80_A,TYR_95_A,THR_98_A"
THR_98_A,"LEU_60_A,LEU_96_A,PRO_97_A,LEU_99_A"
LEU_99_A,"THR_98_A,ILE_100_A,LEU_106_A,HIS_129_A"
ILE_100_A,"LEU_99_A,THR_101_A,PHE_287_A"
THR_101_A,"ILE_100_A,THR_102_A,GLU_131_A,LEU_135_A"
THR_102_A,"THR_101_A,SER_103_A,LEU_106_A"
SER_103_A,"THR_102_A,ASP_104_A,MET_107_A"
ASP_104_A,"SER_103_A,GLU_105_A,LYS_108_A,ARG_149_A,ASP_152_A"
GLU_105_A,"ASP_104_A,LEU_106_A,GLN_109_A"
LEU_106_A,"VAL_75_A,LEU_99_A,THR_102_A,GLU_105_A,MET_107_A,GLY_110_A"
MET_107_A,"SER_103_A,LEU_106_A,LYS_108_A"
LYS_108_A,"ASP_104_A,MET_107_A,GLN_109_A,PHE_158_A"
GLN_109_A,"ALA_72_A,VAL_75_A,GLU_105_A,LYS_108_A,GLY_110_A,VAL_113_A"
GLY_110_A,"LEU_106_A,GLN_109_A,VAL_111_A,MET_114_A"
VAL_111_A,"GLY_110_A,ARG_112_A,ARG_115_A,VAL_165_A"
ARG_112_A,"VAL_111_A,VAL_113_A,GLU_116_A"
VAL_113_A,"VAL_77_A,GLN_109_A,ARG_112_A,MET_114_A,TYR_117_A"
MET_114_A,"GLY_110_A,VAL_113_A,ARG_115_A,TYR_117_A,LEU_118_A,LEU_128_A"
ARG_115_A,"VAL_111_A,MET_114_A,GLU_116_A,ASN_162_A,ASP_164_A"
GLU_116_A,"VAL_77_A,ARG_112_A,ARG_115_A,TYR_117_A"
TYR_117_A,"LEU_80_A,VAL_113_A,MET_114_A,GLU_116_A,LEU_118_A,LYS_120_A,HIS_121_A,ALA_125_A"
LEU_118_A,"MET_114_A,TYR_117_A,ALA_119_A"
ALA_119_A,"LEU_118_A,LYS_120_A"
LYS_120_A,"GLU_81_A,TYR_117_A,ALA_119_A,HIS_121_A"
HIS_121_A,"GLU_81_A,TYR_117_A,LYS_120_A"
PRO_122_A,"ASN_123_A,ASN_375_A"
ASN_123_A,"ASN_94_A,PRO_122_A,GLN_124_A,ARG_348_A,ASN_359_A,ASN_375_A"
GLN_124_A,"ASN_123_A,ALA_125_A,LEU_126_A,VAL_374_A"
ALA_125_A,"TYR_95_A,TYR_117_A,GLN_124_A,LEU_126_A"
LEU_126_A,"TYR_95_A,GLN_124_A,ALA_125_A,GLY_127_A,LEU_349_A"
GLY_127_A,"LEU_126_A,LEU_128_A"
LEU_128_A,"PHE_68_A,MET_114_A,GLY_127_A,HIS_129_A,LEU_130_A,VAL_165_A,THR_167_A"
HIS_129_A,"LEU_99_A,LEU_128_A,LEU_130_A,GLU_131_A,LYS_168_A"
LEU_130_A,"LEU_128_A,HIS_129_A,GLU_131_A,LEU_159_A,ILE_166_A,LYS_168_A,THR_170_A"
GLU_131_A,"GLN_59_A,THR_101_A,HIS_129_A,LEU_130_A,GLY_132_A,HIS_143_A,HIS_195_A,HIS_216_A,ASP_273_A"
GLY_132_A,GLU_131_A
PRO_133_A,"TRP_134_A,LEU_135_A"
TRP_134_A,"PRO_133_A,LEU_135_A,PRO_151_A,LEU_155_A,LEU_159_A,ALA_172_A,VAL_176_A"
LEU_135_A,"THR_101_A,PRO_133_A,TRP_134_A,ASN_136_A,HIS_195_A"
ASN_136_A,"LEU_135_A,LEU_137_A,VAL_138_A,LYS_139_A,GLU_174_A"
LEU_137_A,"ASN_136_A,VAL_138_A"
VAL_138_A,"ASN_136_A,LEU_137_A,LYS_139_A"
LYS_139_A,"ASN_136_A,VAL_138_A,LYS_140_A,HIS_195_A"
LYS_140_A,"LYS_139_A,GLY_141_A,HIS_143_A,LYS_290_A"
GLY_141_A,"LYS_140_A,THR_142_A"
THR_142_A,"GLY_141_A,HIS_143_A,PHE_287_A"
HIS_143_A,"GLU_131_A,LYS_140_A,THR_142_A,ASN_144_A,HIS_195_A"
ASN_144_A,"HIS_143_A,ASN_146_A,PHE_147_A"
PRO_145_A,ASN_146_A
ASN_146_A,"ASN_144_A,PRO_145_A,PHE_147_A"
PHE_147_A,"ASN_144_A,ASN_146_A,VAL_148_A,ARG_149_A"
VAL_148_A,"PHE_147_A,ARG_149_A"
ARG_149_A,"ASP_104_A,PHE_147_A,VAL_148_A,LYS_150_A,ASP_152_A"
LYS_150_A,ARG_149_A
PRO_151_A,"TRP_134_A,ASP_152_A"
ASP_152_A,"ASP_104_A,ARG_149_A,PRO_151_A,ALA_153_A,LEU_155_A,VAL_156_A"
ALA_153_A,"ASP_152_A,ALA_154_A,ASP_157_A"
ALA_154_A,"ALA_153_A,LEU_155_A,PHE_158_A"
LEU_155_A,"TRP_134_A,ASP_152_A,ALA_154_A,VAL_156_A,LEU_159_A"
VAL_156_A,"ASP_152_A,LEU_155_A,ASP_157_A,LEU_159_A,LYS_183_A,LEU_184_A"
ASP_157_A,"ALA_153_A,VAL_156_A,PHE_158_A,GLU_161_A,LYS_183_A"
PHE_158_A,"LYS_108_A,ALA_154_A,ASP_157_A,LEU_159_A,ASN_162_A"
LEU_159_A,"LEU_130_A,TRP_134_A,LEU_155_A,VAL_156_A,PHE_158_A,CYS_160_A,ASN_162_A,ILE_166_A,LEU_184_A"
CYS_160_A,"LEU_159_A,GLU_161_A,ALA_187_A"
GLU_161_A,"ASP_157_A,CYS_160_A,ASN_162_A"
ASN_162_A,"ARG_115_A,PHE_158_A,LEU_159_A,GLU_161_A,ALA_163_A"
ALA_163_A,"ASN_162_A,ASP_164_A,ILE_189_A"
ASP_164_A,"ARG_115_A,ALA_163_A,VAL_165_A"
VAL_165_A,"VAL_111_A,LEU_128_A,ASP_164_A,ILE_166_A"
ILE_166_A,"LEU_130_A,LEU_159_A,VAL_165_A,THR_167_A"
THR_167_A,"LEU_128_A,ILE_166_A,LYS_168_A"
LYS_168_A,"HIS_129_A,LEU_130_A,THR_167_A,VAL_169_A"
VAL_169_A,"LYS_168_A,THR_170_A,VAL_190_A,SER_192_A"
THR_170_A,"LEU_130_A,VAL_169_A,LEU_171_A,THR_215_A"
LEU_171_A,"THR_170_A,ALA_172_A,VAL_191_A,SER_192_A"
ALA_172_A,"TRP_134_A,LEU_171_A,MET_175_A"
PRO_173_A,GLU_174_A
GLU_174_A,"ASN_136_A,PRO_173_A,MET_175_A,SER_196_A,ASN_197_A,GLU_202_A"
MET_175_A,"ALA_172_A,GLU_174_A,VAL_176_A"
VAL_176_A,"TRP_134_A,MET_175_A,VAL_180_A"
PRO_177_A,ALA_178_A
ALA_178_A,"PRO_177_A,GLU_179_A,SER_182_A"
GLU_179_A,"ALA_178_A,VAL_180_A,LYS_183_A"
VAL_180_A,"VAL_176_A,GLU_179_A,ILE_181_A,LEU_184_A"
ILE_181_A,"VAL_180_A,SER_182_A,ALA_185_A,ILE_211_A"
SER_182_A,"ALA_178_A,ILE_181_A,LYS_183_A,ASN_186_A,ALA_209_A"
LYS_183_A,"VAL_156_A,ASP_157_A,GLU_179_A,SER_182_A,LEU_184_A"
LEU_184_A,"VAL_156_A,LEU_159_A,VAL_180_A,LYS_183_A,ALA_185_A,ILE_189_A"
ALA_185_A,"ILE_181_A,LEU_184_A,ASN_186_A,GLY_188_A"
ASN_186_A,"SER_182_A,ALA_185_A,ALA_187_A"
ALA_187_A,"CYS_160_A,ASN_186_A,GLY_188_A"
GLY_188_A,"ALA_185_A,ALA_187_A,ILE_189_A"
ILE_189_A,"ALA_163_A,LEU_184_A,GLY_188_A,VAL_190_A"
VAL_190_A,"VAL_169_A,ILE_189_A,VAL_191_A"
VAL_191_A,"LEU_171_A,VAL_190_A,SER_192_A,ILE_211_A"
SER_192_A,"VAL_169_A,LEU_171_A,VAL_191_A,ALA_193_A,PHE_213_A,THR_215_A"
ALA_193_A,"SER_192_A,GLY_194_A,PHE_213_A,THR_215_A"
GLY_194_A,"ALA_193_A,HIS_195_A,SER_196_A"
HIS_195_A,"GLU_131_A,LEU_135_A,LYS_139_A,HIS_143_A,GLY_194_A,SER_196_A,HIS_216_A"
SER_196_A,"GLU_174_A,GLY_194_A,HIS_195_A,ASN_197_A,ALA_198_A"
ASN_197_A,"GLU_174_A,SER_196_A,ALA_198_A"
ALA_198_A,"SER_196_A,ASN_197_A,THR_199_A"
THR_199_A,"ALA_198_A,LEU_200_A,GLU_202_A,ALA_203_A"
LEU_200_A,"THR_199_A,LYS_201_A,LYS_204_A,GLU_228_A,ALA_234_A"
LYS_201_A,"LEU_200_A,GLU_202_A,ALA_205_A"
GLU_202_A,"GLU_174_A,THR_199_A,LYS_201_A,ALA_203_A,GLY_206_A"
ALA_203_A,"THR_199_A,GLU_202_A,LYS_204_A,GLY_206_A,PHE_207_A,LEU_231_A,ALA_234_A"
LYS_204_A,"LEU_200_A,ALA_203_A,ALA_205_A,ARG_208_A,GLU_238_A"
ALA_205_A,"LYS_201_A,LYS_204_A,GLY_206_A"
GLY_206_A,"GLU_202_A,ALA_203_A,ALA_205_A,PHE_207_A"
PHE_207_A,"ALA_203_A,GLY_206_A,ARG_208_A,GLY_210_A,ILE_241_A"
ARG_208_A,"LYS_204_A,PHE_207_A,ALA_209_A"
ALA_209_A,"SER_182_A,ARG_208_A,GLY_210_A"
GLY_210_A,"PHE_207_A,ALA_209_A,ILE_211_A"
ILE_211_A,"ILE_181_A,VAL_191_A,GLY_210_A,THR_212_A"
THR_212_A,"ILE_211_A,PHE_213_A"
PHE_213_A,"SER_192_A,ALA_193_A,THR_212_A,ALA_214_A,TYR_242_A,ALA_342_A"
ALA_214_A,"PHE_213_A,THR_215_A,ILE_235_A,TYR_242_A,CYS_243_A"
THR_215_A,"THR_170_A,SER_192_A,ALA_193_A,ALA_214_A,HIS_216_A"
HIS_216_A,"GLU_131_A,HIS_195_A,THR_215_A,LEU_217_A,ASN_219_A,ASP_273_A"
LEU_217_A,"HIS_216_A,TYR_218_A,GLY_244_A,ALA_260_A"
TYR_218_A,"LEU_217_A,ASN_219_A,VAL_252_A,ASN_256_A"
ASN_219_A,"HIS_216_A,TYR_218_A,ALA_220_A"
ALA_220_A,"ASN_219_A,MET_221_A"
MET_221_A,"ALA_220_A,ILE_235_A"
PRO_222_A,TYR_223_A
TYR_223_A,"PRO_222_A,ILE_224_A,THR_225_A"
ILE_224_A,"TYR_223_A,THR_225_A"
THR_225_A,"TYR_223_A,ILE_224_A,GLY_226_A,GLU_228_A"
GLY_226_A,"THR_225_A,ARG_227_A"
ARG_227_A,"GLY_226_A,GLU_228_A"
GLU_228_A,"LEU_200_A,THR_225_A,ARG_227_A,GLY_230_A"
PRO_229_A,GLY_230_A
GLY_230_A,"GLU_228_A,PRO_229_A,LEU_231_A,ALA_234_A"
LEU_231_A,"ALA_203_A,GLY_230_A,ALA_232_A,ILE_235_A"
ALA_232_A,"LEU_231_A,GLY_233_A"
GLY_233_A,"ALA_232_A,ALA_234_A"
ALA_234_A,"LEU_200_A,ALA_203_A,GLY_230_A,GLY_233_A,ILE_235_A"
ILE_235_A,"ALA_214_A,MET_221_A,LEU_231_A,ALA_234_A,LEU_236_A,LYS_264_A"
LEU_236_A,"ILE_235_A,ASP_237_A"
ASP_237_A,"LEU_236_A,GLU_238_A"
GLU_238_A,"LYS_204_A,ASP_237_A,ALA_239_A,ILE_241_A,LYS_264_A"
ALA_239_A,"GLU_238_A,ASP_240_A"
ASP_240_A,"ALA_239_A,ILE_241_A,LYS_267_A"
ILE_241_A,"PHE_207_A,GLU_238_A,ASP_240_A,TYR_242_A,LYS_264_A"
TYR_242_A,"PHE_213_A,ALA_214_A,ILE_241_A,CYS_243_A,LYS_267_A,ALA_342_A"
CYS_243_A,"ALA_214_A,TYR_242_A,GLY_244_A,CYS_269_A"
GLY_244_A,"LEU_217_A,CYS_243_A,ILE_245_A"
ILE_245_A,"GLY_244_A,ILE_246_A"
ILE_246_A,"ILE_245_A,ALA_247_A,ASP_273_A"
ALA_247_A,"ILE_246_A,ASP_248_A,LEU_320_A"
ASP_248_A,"ALA_247_A,GLY_249_A,LEU_250_A,HIS_251_A,LEU_311_A"
GLY_249_A,"ASP_248_A,LEU_250_A"
LEU_250_A,"ASP_248_A,GLY_249_A,HIS_251_A,LEU_298_A"
HIS_251_A,"ASP_248_A,LEU_250_A,VAL_252_A,ASP_273_A"
VAL_252_A,"TYR_218_A,HIS_251_A,ASP_253_A,ASN_256_A,ILE_257_A"
ASP_253_A,"VAL_252_A,TYR_254_A,ALA_255_A,ASN_256_A,ARG_258_A"
TYR_254_A,"ASP_253_A,ALA_255_A,ARG_258_A,HIS_323_A"
ALA_255_A,"ASP_253_A,TYR_254_A,ASN_256_A,ASN_259_A"
ASN_256_A,"TYR_218_A,VAL_252_A,ASP_253_A,ALA_255_A,ILE_257_A,ALA_260_A"
ILE_257_A,"VAL_252_A,ASN_256_A,ARG_258_A,LYS_261_A"
ARG_258_A,"ASP_253_A,TYR_254_A,ILE_257_A,ASN_259_A,ARG_262_A,HIS_323_A"
ASN_259_A,"ALA_255_A,ARG_258_A,ALA_260_A,ARG_262_A"
ALA_260_A,"LEU_217_A,ASN_256_A,ASN_259_A,LYS_261_A,LYS_264_A"
LYS_261_A,"ILE_257_A,ALA_260_A,ARG_262_A,GLY_265_A,ILE_326_A,GLU_330_A"
ARG_262_A,"ARG_258_A,ASN_259_A,LYS_261_A,LEU_263_A"
LEU_263_A,"ARG_262_A,LYS_264_A"
LYS_264_A,"ILE_235_A,GLU_238_A,ILE_241_A,ALA_260_A,LEU_263_A,GLY_265_A,LYS_267_A"
GLY_265_A,"LYS_261_A,LYS_264_A,ASP_266_A"
ASP_266_A,"GLY_265_A,LYS_267_A,TYR_338_A,ARG_341_A"
LYS_267_A,"ASP_240_A,TYR_242_A,LYS_264_A,ASP_266_A,LEU_268_A"
LEU_268_A,"LYS_267_A,CYS_269_A"
CYS_269_A,"CYS_243_A,LEU_268_A,LEU_270_A"
LEU_270_A,"CYS_269_A,VAL_271_A,MET_313_A,LEU_320_A,MET_334_A"
VAL_271_A,"VAL_58_A,LEU_270_A,THR_272_A"
THR_272_A,"ASP_57_A,VAL_271_A,ASP_273_A,ALA_274_A,SER_309_A"
ASP_273_A,"GLN_59_A,ASN_61_A,GLU_131_A,HIS_216_A,ILE_246_A,HIS_251_A,THR_272_A,ALA_274_A"
ALA_274_A,"LEU_60_A,THR_272_A,ASP_273_A,THR_275_A,ALA_278_A"
THR_275_A,"ALA_274_A,ALA_276_A,ALA_278_A,SER_309_A"
ALA_276_A,"GLY_65_A,GLN_67_A,THR_275_A,ILE_282_A"
PRO_277_A,"ALA_278_A,ILE_282_A,TYR_294_A"
ALA_278_A,"GLY_64_A,ALA_274_A,THR_275_A,PRO_277_A,GLY_279_A"
GLY_279_A,"ALA_278_A,ALA_280_A"
ALA_280_A,"GLY_279_A,ASN_281_A"
ASN_281_A,"ALA_280_A,ILE_282_A"
ILE_282_A,"ALA_276_A,PRO_277_A,ASN_281_A,GLU_283_A"
GLU_283_A,"ILE_282_A,GLN_284_A,TYR_294_A,ARG_295_A"
GLN_284_A,"GLU_283_A,PHE_285_A"
PHE_285_A,"GLN_284_A,ILE_286_A,ILE_292_A"
ILE_286_A,"PHE_285_A,PHE_287_A"
PHE_287_A,"ASN_69_A,ILE_100_A,THR_142_A,ILE_286_A,ALA_288_A,GLY_289_A,LYS_290_A,ILE_292_A"
ALA_288_A,"ASP_70_A,PHE_287_A,GLY_289_A"
GLY_289_A,"PHE_287_A,ALA_288_A,LYS_290_A"
LYS_290_A,"LYS_140_A,PHE_287_A,GLY_289_A,THR_291_A,ASP_301_A"
THR_291_A,"LYS_290_A,ILE_292_A,TYR_293_A"
ILE_292_A,"PHE_285_A,PHE_287_A,THR_291_A,TYR_293_A,CYS_299_A"
TYR_293_A,"THR_291_A,ILE_292_A,TYR_294_A,VAL_300_A"
TYR_294_A,"PRO_277_A,GLU_283_A,TYR_293_A,ARG_295_A"
ARG_295_A,"GLU_283_A,TYR_294_A,ASN_296_A,LEU_298_A"
ASN_296_A,"ARG_295_A,GLY_297_A,LEU_298_A"
GLY_297_A,"ASN_296_A,LEU_298_A"
LEU_298_A,"LEU_250_A,ARG_295_A,ASN_296_A,GLY_297_A,CYS_299_A"
CYS_299_A,"ILE_292_A,LEU_298_A,VAL_300_A,SER_307_A"
VAL_300_A,"TYR_293_A,CYS_299_A,ASP_301_A"
ASP_301_A,"LYS_290_A,VAL_300_A,GLU_302_A,ASN_303_A,THR_305_A"
GLU_302_A,"ASP_301_A,ASN_303_A"
ASN_303_A,"ASP_301_A,GLU_302_A,GLY_304_A"
GLY_304_A,"ASN_303_A,THR_305_A"
THR_305_A,"ASP_301_A,GLY_304_A,LEU_306_A,SER_307_A"
LEU_306_A,"THR_305_A,SER_307_A"
SER_307_A,"CYS_299_A,THR_305_A,LEU_306_A,GLY_308_A"
GLY_308_A,"SER_307_A,SER_309_A"
SER_309_A,"THR_272_A,THR_275_A,GLY_308_A,SER_310_A"
SER_310_A,"SER_309_A,LEU_311_A"
LEU_311_A,"ASP_248_A,SER_310_A,THR_312_A,GLU_315_A"
THR_312_A,"LEU_311_A,MET_313_A,GLU_315_A,GLY_316_A"
MET_313_A,"PHE_55_A,LEU_270_A,THR_312_A,ILE_314_A,VAL_317_A,ALA_335_A"
ILE_314_A,"MET_313_A,GLU_315_A,ARG_318_A,ILE_369_A"
GLU_315_A,"LEU_311_A,THR_312_A,ILE_314_A,GLY_316_A,ARG_318_A,ASN_319_A"
GLY_316_A,"THR_312_A,GLU_315_A,VAL_317_A,LEU_320_A"
VAL_317_A,"MET_313_A,GLY_316_A,ARG_318_A"
ARG_318_A,"ILE_314_A,GLU_315_A,VAL_317_A,ASN_319_A,GLU_322_A,HIS_323_A,PHE_367_A"
ASN_319_A,"GLU_315_A,ARG_318_A,LEU_320_A,HIS_323_A"
LEU_320_A,"ALA_247_A,LEU_270_A,GLY_316_A,ASN_319_A,VAL_321_A,VAL_331_A"
VAL_321_A,"LEU_320_A,GLU_322_A,VAL_331_A"
GLU_322_A,"ARG_318_A,VAL_321_A,HIS_323_A"
HIS_323_A,"TYR_254_A,ARG_258_A,ARG_318_A,ASN_319_A,GLU_322_A,CYS_324_A"
CYS_324_A,"HIS_323_A,GLY_325_A"
GLY_325_A,"CYS_324_A,ILE_326_A"
ILE_326_A,"LYS_261_A,GLY_325_A,ALA_327_A,VAL_331_A,MET_334_A"
ALA_327_A,"ILE_326_A,LEU_328_A,VAL_331_A"
LEU_328_A,"ILE_50_A,ALA_327_A,ASP_329_A,LEU_332_A"
ASP_329_A,"PHE_10_A,PHE_15_A,LEU_328_A,GLU_330_A,ARG_333_A"
GLU_330_A,"LYS_261_A,ASP_329_A,VAL_331_A,ARG_333_A,TYR_338_A"
VAL_331_A,"LEU_320_A,VAL_321_A,ILE_326_A,ALA_327_A,GLU_330_A,LEU_332_A,MET_334_A"
LEU_332_A,"PHE_10_A,LEU_328_A,VAL_331_A,ARG_333_A,ALA_335_A,THR_336_A"
ARG_333_A,"ASP_329_A,GLU_330_A,LEU_332_A,MET_334_A,TYR_338_A"
MET_334_A,"LEU_270_A,ILE_326_A,VAL_331_A,ARG_333_A,ALA_335_A"
ALA_335_A,"ILE_56_A,MET_313_A,LEU_332_A,MET_334_A,THR_336_A"
THR_336_A,"LEU_332_A,ALA_335_A,LEU_337_A,ALA_340_A"
LEU_337_A,"THR_336_A,TYR_338_A,ARG_341_A,THR_351_A"
TYR_338_A,"ASP_266_A,GLU_330_A,ARG_333_A,LEU_337_A,ALA_342_A"
PRO_339_A,ALA_340_A
ALA_340_A,"ILE_56_A,THR_336_A,PRO_339_A,ARG_341_A,VAL_345_A"
ARG_341_A,"HIS_13_A,ASP_266_A,LEU_337_A,ALA_340_A,ALA_342_A,GLU_346_A"
ALA_342_A,"PHE_213_A,TYR_242_A,TYR_338_A,ARG_341_A,ILE_343_A"
ILE_343_A,"ALA_342_A,GLY_344_A,VAL_345_A"
GLY_344_A,"ILE_343_A,VAL_345_A"
VAL_345_A,"ALA_340_A,ILE_343_A,GLY_344_A,GLU_346_A,LEU_349_A"
GLU_346_A,"ARG_341_A,VAL_345_A,LYS_347_A"
LYS_347_A,"GLU_346_A,ARG_348_A"
ARG_348_A,"ASN_123_A,LYS_347_A,LEU_349_A"
LEU_349_A,"LEU_126_A,VAL_345_A,ARG_348_A,GLY_350_A,VAL_357_A"
GLY_350_A,"LEU_349_A,THR_351_A"
THR_351_A,"LEU_337_A,GLY_350_A,LEU_352_A,LYS_356_A"
LEU_352_A,"THR_11_A,PRO_53_A,THR_351_A,ALA_353_A"
ALA_353_A,"LEU_352_A,ALA_354_A,LYS_356_A"
ALA_354_A,"ALA_353_A,GLY_355_A"
GLY_355_A,"ILE_28_A,ALA_354_A,LYS_356_A"
LYS_356_A,"ILE_28_A,THR_351_A,ALA_353_A,GLY_355_A,VAL_357_A"
VAL_357_A,"LEU_349_A,LYS_356_A,ALA_358_A,ASN_359_A"
ALA_358_A,"ILE_23_A,GLY_26_A,VAL_357_A,ASN_359_A"
ASN_359_A,"GLY_54_A,ASN_123_A,VAL_357_A,ALA_358_A,LEU_360_A,ASN_375_A"
LEU_360_A,"ILE_23_A,LEU_51_A,ASN_359_A,THR_361_A,ILE_373_A"
THR_361_A,"SER_52_A,LEU_360_A,ALA_362_A,LYS_371_A"
ALA_362_A,"THR_361_A,PHE_363_A,THR_370_A,LYS_371_A"
PHE_363_A,"ILE_50_A,ALA_362_A,THR_364_A"
THR_364_A,"PHE_363_A,ASP_366_A,PHE_367_A,THR_370_A"
PRO_365_A,ASP_366_A
ASP_366_A,"THR_364_A,PRO_365_A,PHE_367_A,LYS_368_A"
PHE_367_A,"ARG_318_A,THR_364_A,ASP_366_A,LYS_368_A"
LYS_368_A,"ASP_366_A,PHE_367_A,ILE_369_A"
ILE_369_A,"ILE_314_A,LYS_368_A,THR_370_A"
THR_370_A,"ALA_362_A,THR_364_A,ILE_369_A,LYS_371_A"
LYS_371_A,"THR_361_A,ALA_362_A,THR_370_A,THR_372_A,GLU_378_A"
THR_372_A,"GLU_88_A,THR_93_A,LYS_371_A,ILE_373_A,VAL_379_A"
ILE_373_A,"LEU_4_A,LEU_360_A,THR_372_A,VAL_374_A"
VAL_374_A,"GLN_124_A,ILE_373_A,ASN_375_A,ASN_377_A"
ASN_375_A,"PRO_122_A,ASN_123_A,ASN_359_A,VAL_374_A,GLY_376_A"
GLY_376_A,"TYR_2_A,ASN_375_A,ASN_377_A"
ASN_377_A,"VAL_374_A,GLY_376_A,GLU_378_A"
GLU_378_A,"ARG_44_A,LYS_371_A,ASN_377_A,VAL_379_A,THR_381_A"
VAL_379_A,"THR_372_A,GLU_378_A,VAL_380_A"
VAL_380_A,"VAL_379_A,THR_381_A"
THR_381_A,"GLU_378_A,VAL_380_A,GLN_382_A"
GLN_382_A,THR_381_A
