residue_id,neighbors
GLN_1_E,VAL_2_E
VAL_2_E,"GLN_1_E,HIS_3_E,TYR_27_E,TYR_113_E"
HIS_3_E,"VAL_2_E,LEU_4_E,SER_25_E"
LEU_4_E,"HIS_3_E,VAL_5_E"
VAL_5_E,"LEU_4_E,GLN_6_E,LYS_23_E"
GLN_6_E,"VAL_5_E,SER_7_E,TYR_94_E,CYS_96_E,GLN_116_E,GLY_117_E,THR_118_E"
SER_7_E,"GLN_6_E,GLY_8_E,SER_21_E,THR_118_E"
GLY_8_E,"SER_7_E,VAL_9_E"
VAL_9_E,"GLY_8_E,GLU_10_E"
GLU_10_E,"VAL_9_E,VAL_11_E,LYS_12_E,VAL_18_E,LEU_119_E,SER_121_E"
VAL_11_E,"GLU_10_E,LYS_12_E,PHE_157_E"
LYS_12_E,"GLU_10_E,VAL_11_E,LYS_13_E,LEU_86_E,SER_121_E,SER_123_E"
LYS_13_E,LYS_12_E
PRO_14_E,GLY_15_E
GLY_15_E,"PRO_14_E,ALA_16_E,LEU_86_E"
ALA_16_E,"GLY_15_E,SER_17_E,LEU_86_E"
SER_17_E,"ALA_16_E,VAL_18_E"
VAL_18_E,"GLU_10_E,SER_17_E,ARG_19_E,LEU_83_E"
ARG_19_E,"VAL_18_E,VAL_20_E,GLU_82_E"
VAL_20_E,"ARG_19_E,SER_21_E,TRP_36_E,MET_81_E"
SER_21_E,"SER_7_E,VAL_20_E,CYS_22_E"
CYS_22_E,"SER_21_E,LYS_23_E,TRP_36_E,ALA_79_E,CYS_96_E"
LYS_23_E,"VAL_5_E,CYS_22_E,ALA_24_E"
ALA_24_E,"LYS_23_E,SER_25_E,TYR_27_E,PHE_29_E"
SER_25_E,"HIS_3_E,ALA_24_E,GLY_26_E"
GLY_26_E,"SER_25_E,TYR_27_E"
TYR_27_E,"VAL_2_E,ALA_24_E,GLY_26_E,THR_28_E,TYR_32_E"
THR_28_E,"TYR_27_E,PHE_29_E,THR_31_E"
PHE_29_E,"ALA_24_E,THR_28_E,ALA_30_E"
ALA_30_E,"PHE_29_E,THR_31_E"
THR_31_E,"THR_28_E,ALA_30_E,TYR_32_E"
TYR_32_E,"TYR_27_E,THR_31_E,GLY_33_E,ARG_98_E,HIS_100_E"
GLY_33_E,"TYR_32_E,ILE_34_E,ASN_99_E"
ILE_34_E,"GLY_33_E,THR_35_E,ILE_51_E"
THR_35_E,"ILE_34_E,TRP_36_E,ALA_97_E,ASN_99_E"
TRP_36_E,"VAL_20_E,CYS_22_E,THR_35_E,VAL_37_E,VAL_48_E,GLY_49_E,MET_70_E,MET_81_E,CYS_96_E"
VAL_37_E,"TRP_36_E,ARG_38_E,TYR_95_E"
ARG_38_E,"VAL_37_E,GLN_39_E,GLU_46_E,VAL_48_E,ARG_67_E,ASP_90_E,ALA_92_E"
GLN_39_E,"ARG_38_E,ALA_40_E,MET_93_E"
ALA_40_E,"GLN_39_E,ARG_43_E"
PRO_41_E,GLY_42_E
GLY_42_E,"PRO_41_E,ARG_43_E"
ARG_43_E,"ALA_40_E,GLY_42_E,GLY_44_E"
GLY_44_E,"ARG_43_E,LEU_45_E"
LEU_45_E,"GLY_44_E,GLU_46_E"
GLU_46_E,"ARG_38_E,LEU_45_E,TRP_47_E"
TRP_47_E,"GLU_46_E,VAL_48_E"
VAL_48_E,"TRP_36_E,ARG_38_E,TRP_47_E,GLY_49_E,ALA_61_E,MET_70_E"
GLY_49_E,"TRP_36_E,VAL_48_E,TRP_50_E"
TRP_50_E,"GLY_49_E,ILE_51_E,SER_59_E,TRP_108_E"
ILE_51_E,"ILE_34_E,TRP_50_E,THR_52_E,THR_58_E,THR_72_E"
THR_52_E,"ILE_51_E,ASN_55_E,ASP_56_E,ARG_57_E"
PRO_53_E,TYR_54_E
TYR_54_E,"PRO_53_E,ASN_55_E"
ASN_55_E,"THR_52_E,TYR_54_E,ASP_56_E,ARG_57_E"
ASP_56_E,"THR_52_E,ASN_55_E,ARG_57_E"
ARG_57_E,"THR_52_E,ASN_55_E,ASP_56_E,THR_58_E"
THR_58_E,"ILE_51_E,ARG_57_E,SER_59_E"
SER_59_E,"TRP_50_E,THR_58_E,TYR_60_E"
TYR_60_E,"SER_59_E,ALA_61_E,VAL_68_E,MET_70_E"
ALA_61_E,"VAL_48_E,TYR_60_E,GLN_62_E,ILE_63_E,PHE_64_E"
GLN_62_E,"ALA_61_E,ILE_63_E,PHE_64_E"
ILE_63_E,"ALA_61_E,GLN_62_E,PHE_64_E"
PHE_64_E,"ALA_61_E,GLN_62_E,ILE_63_E,HIS_65_E,ARG_67_E,VAL_68_E"
HIS_65_E,"PHE_64_E,GLY_66_E"
GLY_66_E,"HIS_65_E,ARG_67_E"
ARG_67_E,"ARG_38_E,PHE_64_E,GLY_66_E,VAL_68_E,ARG_84_E,ARG_87_E,ASP_89_E,ASP_90_E"
VAL_68_E,"TYR_60_E,PHE_64_E,ARG_67_E,THR_69_E,MET_81_E"
THR_69_E,"VAL_68_E,MET_70_E,GLU_82_E,ARG_84_E"
MET_70_E,"TRP_36_E,VAL_48_E,TYR_60_E,THR_69_E,THR_71_E"
THR_71_E,"MET_70_E,THR_72_E,TYR_80_E"
THR_72_E,"ILE_51_E,THR_71_E,ASP_73_E"
ASP_73_E,"THR_72_E,THR_74_E,SER_75_E,ASN_77_E,THR_78_E"
THR_74_E,"ASP_73_E,SER_75_E"
SER_75_E,"ASP_73_E,THR_74_E,THR_76_E"
THR_76_E,"SER_75_E,ASN_77_E,THR_78_E"
ASN_77_E,"ASP_73_E,THR_76_E,THR_78_E"
THR_78_E,"ASP_73_E,THR_76_E,ASN_77_E,ALA_79_E"
ALA_79_E,"CYS_22_E,THR_78_E,TYR_80_E"
TYR_80_E,"THR_71_E,ALA_79_E,MET_81_E"
MET_81_E,"VAL_20_E,TRP_36_E,VAL_68_E,TYR_80_E,GLU_82_E,TYR_94_E"
GLU_82_E,"ARG_19_E,THR_69_E,MET_81_E,LEU_83_E,ARG_84_E"
LEU_83_E,"VAL_18_E,GLU_82_E,ARG_84_E,LEU_86_E"
ARG_84_E,"ARG_67_E,THR_69_E,GLU_82_E,LEU_83_E,SER_85_E"
SER_85_E,"ARG_84_E,LEU_86_E"
LEU_86_E,"LYS_12_E,GLY_15_E,ALA_16_E,LEU_83_E,SER_85_E,ARG_87_E"
ARG_87_E,"ARG_67_E,LEU_86_E,SER_88_E,ASP_89_E,ASP_90_E"
SER_88_E,"ARG_87_E,ASP_89_E,THR_91_E"
ASP_89_E,"ARG_67_E,ARG_87_E,SER_88_E,ASP_90_E"
ASP_90_E,"ARG_38_E,ARG_67_E,ARG_87_E,ASP_89_E,THR_91_E,TYR_94_E"
THR_91_E,"SER_88_E,ASP_90_E,ALA_92_E,VAL_122_E"
ALA_92_E,"ARG_38_E,THR_91_E,MET_93_E,TYR_94_E,VAL_120_E"
MET_93_E,"GLN_39_E,ALA_92_E,TYR_94_E,TYR_95_E"
TYR_94_E,"GLN_6_E,MET_81_E,ASP_90_E,ALA_92_E,MET_93_E,TYR_95_E,THR_118_E,VAL_120_E"
TYR_95_E,"VAL_37_E,MET_93_E,TYR_94_E,CYS_96_E,TRP_114_E"
CYS_96_E,"GLN_6_E,CYS_22_E,TRP_36_E,TYR_95_E,ALA_97_E,GLY_115_E"
ALA_97_E,"THR_35_E,CYS_96_E,ARG_98_E"
ARG_98_E,"TYR_32_E,ALA_97_E,ASN_99_E,HIS_100_E,ASP_112_E,TYR_113_E"
ASN_99_E,"GLY_33_E,THR_35_E,ARG_98_E,HIS_100_E,LEU_111_E"
HIS_100_E,"TYR_32_E,ARG_98_E,ASN_99_E,CYS_101_E,SER_109_E,ASP_112_E"
CYS_101_E,"HIS_100_E,ASN_102_E"
ASN_102_E,"CYS_101_E,PHE_103_E,HIS_105_E,ASP_106_E,PHE_107_E"
PHE_103_E,"ASN_102_E,TYR_104_E"
TYR_104_E,"PHE_103_E,HIS_105_E"
HIS_105_E,"ASN_102_E,TYR_104_E,ASP_106_E,PHE_107_E"
ASP_106_E,"ASN_102_E,HIS_105_E,PHE_107_E"
PHE_107_E,"ASN_102_E,HIS_105_E,ASP_106_E,TRP_108_E"
TRP_108_E,"TRP_50_E,PHE_107_E,SER_109_E"
SER_109_E,"HIS_100_E,TRP_108_E,GLY_110_E"
GLY_110_E,"SER_109_E,LEU_111_E"
LEU_111_E,"ASN_99_E,GLY_110_E,ASP_112_E,TRP_114_E"
ASP_112_E,"ARG_98_E,HIS_100_E,LEU_111_E,TYR_113_E"
TYR_113_E,"VAL_2_E,ARG_98_E,ASP_112_E,TRP_114_E"
TRP_114_E,"TYR_95_E,LEU_111_E,TYR_113_E,GLY_115_E"
GLY_115_E,"CYS_96_E,TRP_114_E,GLN_116_E"
GLN_116_E,"GLN_6_E,GLY_115_E,GLY_117_E"
GLY_117_E,"GLN_6_E,GLN_116_E,THR_118_E"
THR_118_E,"GLN_6_E,SER_7_E,TYR_94_E,GLY_117_E,LEU_119_E"
LEU_119_E,"GLU_10_E,THR_118_E,VAL_120_E"
VAL_120_E,"ALA_92_E,TYR_94_E,LEU_119_E,SER_121_E"
SER_121_E,"GLU_10_E,LYS_12_E,VAL_120_E,VAL_122_E"
VAL_122_E,"THR_91_E,SER_121_E,SER_123_E"
SER_123_E,"LYS_12_E,VAL_122_E,SER_124_E"
SER_124_E,"SER_123_E,ALA_125_E"
ALA_125_E,"SER_124_E,SER_126_E"
SER_126_E,"ALA_125_E,THR_127_E"
THR_127_E,"SER_126_E,LYS_128_E"
LYS_128_E,"THR_127_E,GLY_129_E,ASP_155_E,PHE_157_E"
GLY_129_E,LYS_128_E
PRO_130_E,"SER_131_E,VAL_153_E,TYR_156_E"
SER_131_E,"PRO_130_E,VAL_132_E,LYS_154_E"
VAL_132_E,"SER_131_E,PHE_133_E"
PHE_133_E,"VAL_132_E,LEU_152_E"
PRO_134_E,LEU_135_E
LEU_135_E,"PRO_134_E,ALA_136_E,GLY_150_E"
ALA_136_E,LEU_135_E
GLY_145_E,THR_146_E
THR_146_E,"GLY_145_E,ALA_147_E"
ALA_147_E,"THR_146_E,ALA_148_E,VAL_195_E,LEU_200_E"
ALA_148_E,"ALA_147_E,LEU_149_E"
LEU_149_E,"ALA_148_E,GLY_150_E,TRP_165_E,VAL_193_E,TYR_205_E"
GLY_150_E,"LEU_135_E,LEU_149_E,CYS_151_E"
CYS_151_E,"GLY_150_E,LEU_152_E,SER_191_E,CYS_207_E"
LEU_152_E,"PHE_133_E,CYS_151_E,VAL_153_E"
VAL_153_E,"PRO_130_E,LEU_152_E,LYS_154_E,LEU_189_E"
LYS_154_E,"SER_131_E,VAL_153_E,ASP_155_E"
ASP_155_E,"LYS_128_E,LYS_154_E,TYR_156_E,GLN_182_E,TYR_187_E"
TYR_156_E,"PRO_130_E,ASP_155_E,PHE_157_E,GLU_159_E,VAL_161_E,TYR_187_E"
PHE_157_E,"VAL_11_E,LYS_128_E,TYR_156_E,PRO_158_E,LEU_186_E,TYR_187_E"
PRO_158_E,"PHE_157_E,GLU_159_E,HIS_211_E"
GLU_159_E,"TYR_156_E,PRO_158_E"
PRO_160_E,VAL_161_E
VAL_161_E,"TYR_156_E,PRO_160_E,THR_162_E,VAL_163_E,VAL_209_E"
THR_162_E,"VAL_161_E,VAL_163_E,ASN_210_E"
VAL_163_E,"VAL_161_E,THR_162_E,SER_164_E"
SER_164_E,"VAL_163_E,TRP_165_E,ASN_208_E"
TRP_165_E,"LEU_149_E,SER_164_E,ASN_166_E,GLY_168_E,SER_191_E,CYS_207_E"
ASN_166_E,"TRP_165_E,SER_167_E,ILE_206_E"
SER_167_E,"ASN_166_E,GLY_168_E,ASN_208_E"
GLY_168_E,"TRP_165_E,SER_167_E,ALA_169_E"
ALA_169_E,"GLY_168_E,LEU_170_E"
LEU_170_E,"ALA_169_E,THR_171_E,TYR_205_E"
THR_171_E,"LEU_170_E,SER_172_E"
SER_172_E,"THR_171_E,GLY_173_E"
GLY_173_E,"SER_172_E,VAL_174_E"
VAL_174_E,"GLY_173_E,HIS_175_E"
HIS_175_E,"VAL_174_E,THR_176_E,VAL_192_E"
THR_176_E,"HIS_175_E,PHE_177_E,SER_191_E"
PHE_177_E,THR_176_E
PRO_178_E,ALA_179_E
ALA_179_E,"PRO_178_E,VAL_180_E"
VAL_180_E,"ALA_179_E,LEU_181_E,SER_188_E"
LEU_181_E,"VAL_180_E,GLN_182_E"
GLN_182_E,"ASP_155_E,LEU_181_E,SER_183_E,GLY_185_E,LEU_186_E,SER_188_E"
SER_183_E,"GLN_182_E,SER_184_E"
SER_184_E,"SER_183_E,GLY_185_E"
GLY_185_E,"GLN_182_E,SER_184_E,LEU_186_E"
LEU_186_E,"PHE_157_E,GLN_182_E,GLY_185_E,TYR_187_E"
TYR_187_E,"ASP_155_E,TYR_156_E,PHE_157_E,LEU_186_E,SER_188_E"
SER_188_E,"VAL_180_E,GLN_182_E,TYR_187_E,LEU_189_E"
LEU_189_E,"VAL_153_E,SER_188_E,SER_190_E"
SER_190_E,"LEU_189_E,SER_191_E"
SER_191_E,"CYS_151_E,TRP_165_E,THR_176_E,SER_190_E,VAL_192_E"
VAL_192_E,"HIS_175_E,SER_191_E,VAL_193_E"
VAL_193_E,"LEU_149_E,VAL_192_E,THR_194_E,VAL_195_E"
THR_194_E,"VAL_193_E,VAL_195_E"
VAL_195_E,"ALA_147_E,VAL_193_E,THR_194_E,TYR_205_E"
PRO_196_E,"SER_197_E,SER_199_E"
SER_197_E,"PRO_196_E,SER_198_E"
SER_198_E,"SER_197_E,SER_199_E"
SER_199_E,"PRO_196_E,SER_198_E,LEU_200_E,GLN_203_E,TYR_205_E"
LEU_200_E,"ALA_147_E,SER_199_E,GLY_201_E"
GLY_201_E,"LEU_200_E,THR_202_E"
THR_202_E,"GLY_201_E,GLN_203_E"
GLN_203_E,"SER_199_E,THR_202_E,THR_204_E,TYR_205_E"
THR_204_E,"GLN_203_E,TYR_205_E"
TYR_205_E,"LEU_149_E,LEU_170_E,VAL_195_E,SER_199_E,GLN_203_E,THR_204_E,ILE_206_E,VAL_222_E"
ILE_206_E,"ASN_166_E,TYR_205_E,CYS_207_E,ASP_219_E"
CYS_207_E,"CYS_151_E,TRP_165_E,ILE_206_E,ASN_208_E,LYS_220_E"
ASN_208_E,"SER_164_E,SER_167_E,CYS_207_E,VAL_209_E,ASP_219_E"
VAL_209_E,"VAL_161_E,ASN_208_E,ASN_210_E,VAL_218_E"
ASN_210_E,"THR_162_E,VAL_209_E,HIS_211_E"
HIS_211_E,"PRO_158_E,ASN_210_E,LYS_212_E,SER_214_E,THR_216_E"
LYS_212_E,HIS_211_E
PRO_213_E,SER_214_E
SER_214_E,"HIS_211_E,PRO_213_E,ASN_215_E,THR_216_E"
ASN_215_E,"SER_214_E,THR_216_E"
THR_216_E,"HIS_211_E,SER_214_E,ASN_215_E,LYS_217_E,VAL_218_E"
LYS_217_E,"THR_216_E,VAL_218_E"
VAL_218_E,"VAL_209_E,THR_216_E,LYS_217_E,ASP_219_E"
ASP_219_E,"ILE_206_E,ASN_208_E,VAL_218_E,LYS_220_E"
LYS_220_E,"CYS_207_E,ASP_219_E,LYS_221_E"
LYS_221_E,"LYS_220_E,VAL_222_E,GLU_223_E"
VAL_222_E,"TYR_205_E,LYS_221_E,GLU_223_E"
GLU_223_E,"LYS_221_E,VAL_222_E"
