residue_id,neighbors
CYS_28_A,"ALA_29_A,CYS_35_A"
ALA_29_A,"CYS_28_A,ALA_30_A"
ALA_30_A,"ALA_29_A,ASP_32_A"
PRO_31_A,"ASP_32_A,GLY_57_A,PHE_60_A,TRP_87_A"
ASP_32_A,"ALA_30_A,PRO_31_A,GLU_33_A,HIS_34_A"
GLU_33_A,"ASP_32_A,HIS_34_A"
HIS_34_A,"ASP_32_A,GLU_33_A,CYS_35_A"
CYS_35_A,"CYS_28_A,HIS_34_A,ALA_39_A"
PRO_36_A,"PHE_37_A,SER_40_A"
PHE_37_A,"PRO_36_A,VAL_38_A,PHE_60_A,ARG_113_A"
VAL_38_A,"PHE_37_A,ALA_39_A"
ALA_39_A,"CYS_35_A,VAL_38_A,SER_40_A"
SER_40_A,"PRO_36_A,ALA_39_A,LEU_41_A"
LEU_41_A,"SER_40_A,LEU_42_A,GLN_44_A,TRP_87_A,TRP_160_A"
LEU_42_A,"LEU_41_A,ALA_43_A,ARG_45_A"
ALA_43_A,"LEU_42_A,GLN_44_A"
GLN_44_A,"LEU_41_A,ALA_43_A,ARG_45_A"
ARG_45_A,"LEU_42_A,GLN_44_A,GLU_46_A,TRP_160_A"
GLU_46_A,"ARG_45_A,GLY_47_A,THR_184_A,HIS_222_A,HIS_223_A,GLY_366_A,ARG_395_A"
GLY_47_A,"GLU_46_A,TYR_48_A"
TYR_48_A,"GLY_47_A,GLY_49_A,ARG_218_A,THR_220_A,TYR_363_A"
GLY_49_A,"TYR_48_A,ALA_50_A,THR_184_A"
ALA_50_A,"GLY_49_A,LYS_51_A"
LYS_51_A,"ALA_50_A,ALA_52_A,ASP_158_A,ASP_182_A"
ALA_52_A,"LYS_51_A,THR_53_A"
THR_53_A,"ALA_52_A,GLY_54_A,ASN_131_A"
GLY_54_A,"THR_53_A,GLY_55_A,ASN_131_A"
GLY_55_A,"GLY_54_A,LEU_56_A,GLY_58_A,THR_109_A"
LEU_56_A,"GLY_55_A,GLY_57_A"
GLY_57_A,"PRO_31_A,LEU_56_A,GLY_58_A"
GLY_58_A,"GLY_55_A,GLY_57_A,LYS_59_A"
LYS_59_A,"GLY_58_A,PHE_60_A,TRP_87_A"
PHE_60_A,"PRO_31_A,PHE_37_A,LYS_59_A,ILE_61_A"
ILE_61_A,"PHE_60_A,GLU_62_A,ALA_77_A,ALA_86_A,ARG_89_A"
GLU_62_A,"ILE_61_A,VAL_63_A"
VAL_63_A,"GLU_62_A,THR_64_A,ILE_88_A,ARG_89_A,PHE_90_A,ALA_91_A"
THR_64_A,"VAL_63_A,SER_65_A,GLY_72_A"
SER_65_A,"THR_64_A,ASP_66_A"
ASP_66_A,"SER_65_A,GLN_67_A,MET_94_A"
GLN_67_A,"ASP_66_A,ASP_68_A"
ASP_68_A,"GLN_67_A,ALA_69_A,ARG_75_A,LYS_99_A"
ALA_69_A,"ASP_68_A,GLY_70_A"
GLY_70_A,"ALA_69_A,THR_73_A"
PRO_71_A,GLY_72_A
GLY_72_A,"THR_64_A,PRO_71_A,THR_73_A"
THR_73_A,"GLY_70_A,GLY_72_A,LEU_74_A,ALA_77_A"
LEU_74_A,"THR_73_A,ARG_75_A,LEU_78_A,LEU_102_A"
ARG_75_A,"ASP_68_A,LEU_74_A,ALA_76_A,THR_100_A,LEU_102_A,ARG_103_A"
ALA_76_A,"ARG_75_A,ALA_77_A,GLN_80_A"
ALA_77_A,"ILE_61_A,THR_73_A,ALA_76_A,LEU_78_A,ALA_81_A"
LEU_78_A,"LEU_74_A,ALA_77_A,ALA_79_A,ILE_88_A"
ALA_79_A,"LEU_78_A,GLN_80_A"
GLN_80_A,"ALA_76_A,ALA_79_A,ALA_81_A"
ALA_81_A,"ALA_77_A,GLN_80_A,ARG_82_A,ALA_86_A,PRO_105_A"
ARG_82_A,"ALA_81_A,LYS_83_A,ARG_103_A"
LYS_83_A,"ARG_82_A,GLY_84_A"
GLY_84_A,LYS_83_A
PRO_85_A,ALA_86_A
ALA_86_A,"ILE_61_A,ALA_81_A,PRO_85_A,TRP_87_A,THR_109_A"
TRP_87_A,"PRO_31_A,LEU_41_A,LYS_59_A,ALA_86_A,ILE_88_A,ASP_111_A"
ILE_88_A,"VAL_63_A,LEU_78_A,TRP_87_A,ARG_89_A,THR_109_A,ASP_111_A"
ARG_89_A,"ILE_61_A,VAL_63_A,ILE_88_A,PHE_90_A,ASP_111_A,ARG_113_A,LYS_115_A"
PHE_90_A,"VAL_63_A,ARG_89_A,ALA_91_A,VAL_117_A"
ALA_91_A,"VAL_63_A,PHE_90_A,SER_92_A"
SER_92_A,"ALA_91_A,ASP_93_A"
ASP_93_A,"SER_92_A,MET_94_A,ARG_116_A"
MET_94_A,"ASP_66_A,ASP_93_A,THR_95_A,ARG_116_A,ALA_118_A"
THR_95_A,"MET_94_A,ILE_96_A,ILE_120_A"
ILE_96_A,"THR_95_A,VAL_97_A,LEU_98_A,ALA_118_A,LEU_119_A,ILE_120_A"
VAL_97_A,"ILE_96_A,LEU_98_A"
LEU_98_A,"ILE_96_A,VAL_97_A,LYS_99_A,LEU_102_A,ILE_120_A,ASP_122_A,ARG_145_A"
LYS_99_A,"ASP_68_A,LEU_98_A,THR_100_A"
THR_100_A,"ARG_75_A,LYS_99_A,GLN_101_A"
GLN_101_A,"THR_100_A,LEU_102_A,TYR_127_A,GLN_148_A"
LEU_102_A,"LEU_74_A,ARG_75_A,LEU_98_A,GLN_101_A,ARG_103_A,GLY_123_A,LEU_124_A,GLY_125_A"
ARG_103_A,"ARG_75_A,ARG_82_A,LEU_102_A,VAL_104_A"
VAL_104_A,"ARG_103_A,GLY_125_A"
PRO_105_A,"ALA_81_A,SER_106_A"
SER_106_A,"PRO_105_A,ASN_107_A,LYS_130_A"
ASN_107_A,"SER_106_A,THR_108_A,LYS_130_A,ASN_131_A"
THR_108_A,"ASN_107_A,THR_109_A,ILE_133_A"
THR_109_A,"GLY_55_A,ALA_86_A,ILE_88_A,THR_108_A,ILE_110_A"
ILE_110_A,"THR_109_A,ASP_111_A,ILE_133_A,THR_135_A,LEU_137_A"
ASP_111_A,"TRP_87_A,ILE_88_A,ARG_89_A,ILE_110_A,GLY_112_A,ARG_113_A,HIS_136_A"
GLY_112_A,"ASP_111_A,ARG_113_A,THR_135_A"
ARG_113_A,"PHE_37_A,ARG_89_A,ASP_111_A,GLY_112_A,GLY_114_A,HIS_136_A"
GLY_114_A,"ARG_113_A,LYS_115_A"
LYS_115_A,"ARG_89_A,GLY_114_A,ARG_116_A"
ARG_116_A,"ASP_93_A,MET_94_A,LYS_115_A,VAL_117_A,ASN_384_A"
VAL_117_A,"PHE_90_A,ARG_116_A,ALA_118_A"
ALA_118_A,"MET_94_A,ILE_96_A,VAL_117_A,LEU_119_A"
LEU_119_A,"ILE_96_A,ALA_118_A,ILE_120_A,THR_138_A,ASP_140_A"
ILE_120_A,"THR_95_A,ILE_96_A,LEU_98_A,LEU_119_A,ASP_121_A"
ASP_121_A,"ILE_120_A,ASP_122_A,ASP_140_A,ARG_142_A,THR_144_A,ARG_145_A"
ASP_122_A,"LEU_98_A,ASP_121_A,GLY_123_A,ARG_145_A,THR_147_A"
GLY_123_A,"LEU_102_A,ASP_122_A,LEU_124_A"
LEU_124_A,"LEU_102_A,GLY_123_A,GLY_125_A,ALA_149_A,ASN_151_A"
GLY_125_A,"LEU_102_A,VAL_104_A,LEU_124_A,VAL_126_A"
VAL_126_A,"GLY_125_A,TYR_127_A,ASN_151_A,SER_156_A"
TYR_127_A,"GLN_101_A,VAL_126_A,GLY_128_A,ASN_151_A"
GLY_128_A,"TYR_127_A,ALA_129_A,SER_156_A"
ALA_129_A,"GLY_128_A,LYS_130_A,ARG_157_A"
LYS_130_A,"SER_106_A,ASN_107_A,ALA_129_A,ASN_131_A"
ASN_131_A,"THR_53_A,GLY_54_A,ASN_107_A,LYS_130_A,VAL_132_A,ARG_157_A"
VAL_132_A,"ASN_131_A,ILE_133_A,ASP_158_A,TRP_160_A"
ILE_133_A,"THR_108_A,ILE_110_A,VAL_132_A,LEU_134_A,TRP_160_A"
LEU_134_A,"ILE_133_A,THR_135_A,TRP_160_A,ASP_162_A"
THR_135_A,"ILE_110_A,GLY_112_A,LEU_134_A,HIS_136_A,ASP_162_A"
HIS_136_A,"ASP_111_A,ARG_113_A,THR_135_A,LEU_137_A,ASP_162_A,HIS_163_A"
LEU_137_A,"ILE_110_A,HIS_136_A,THR_138_A,MET_164_A,ASP_165_A"
THR_138_A,"LEU_119_A,LEU_137_A,ILE_139_A"
ILE_139_A,"THR_138_A,ASP_140_A,ALA_149_A,ASP_165_A"
ASP_140_A,"LEU_119_A,ASP_121_A,ILE_139_A,GLY_141_A,ARG_142_A,ARG_168_A"
GLY_141_A,"ASP_140_A,ARG_142_A,LEU_143_A,THR_144_A,SER_167_A"
ARG_142_A,"ASP_121_A,ASP_140_A,GLY_141_A,LEU_143_A,ARG_168_A"
LEU_143_A,"GLY_141_A,ARG_142_A,THR_144_A,ARG_168_A"
THR_144_A,"ASP_121_A,GLY_141_A,LEU_143_A,ARG_145_A"
ARG_145_A,"LEU_98_A,ASP_121_A,ASP_122_A,THR_144_A,LEU_146_A"
LEU_146_A,"ARG_145_A,THR_147_A"
THR_147_A,"ASP_122_A,LEU_146_A,GLN_148_A"
GLN_148_A,"GLN_101_A,THR_147_A,ALA_149_A,ASP_171_A"
ALA_149_A,"LEU_124_A,ILE_139_A,GLN_148_A,VAL_150_A"
VAL_150_A,"ALA_149_A,ASN_151_A,LEU_173_A"
ASN_151_A,"LEU_124_A,VAL_126_A,TYR_127_A,VAL_150_A,VAL_152_A,ASN_175_A"
VAL_152_A,"ASN_151_A,ALA_153_A,ASN_175_A,LYS_177_A"
ALA_153_A,"VAL_152_A,ASN_154_A"
ASN_154_A,"ALA_153_A,ASP_155_A"
ASP_155_A,"ASN_154_A,SER_156_A,ASN_178_A"
SER_156_A,"VAL_126_A,GLY_128_A,ASP_155_A,ARG_157_A,THR_181_A"
ARG_157_A,"ALA_129_A,ASN_131_A,SER_156_A,ASP_158_A,ASP_182_A,ARG_218_A"
ASP_158_A,"LYS_51_A,VAL_132_A,ARG_157_A,VAL_159_A,ASP_182_A"
VAL_159_A,"ASP_158_A,TRP_160_A,THR_184_A"
TRP_160_A,"LEU_41_A,ARG_45_A,VAL_132_A,ILE_133_A,LEU_134_A,VAL_159_A,VAL_161_A,SER_186_A"
VAL_161_A,"TRP_160_A,ASP_162_A,MET_164_A,THR_184_A,SER_186_A"
ASP_162_A,"LEU_134_A,THR_135_A,HIS_136_A,VAL_161_A,HIS_163_A,SER_186_A"
HIS_163_A,"HIS_136_A,ASP_162_A,MET_164_A,SER_186_A,GLY_383_A,THR_389_A"
MET_164_A,"LEU_137_A,VAL_161_A,HIS_163_A,ASP_165_A,THR_188_A,LYS_189_A"
ASP_165_A,"LEU_137_A,ILE_139_A,MET_164_A,LEU_166_A,LYS_189_A,HIS_191_A"
LEU_166_A,"ASP_165_A,SER_167_A,LYS_189_A,PHE_190_A,HIS_191_A"
SER_167_A,"GLY_141_A,LEU_166_A,ARG_168_A"
ARG_168_A,"ASP_140_A,ARG_142_A,LEU_143_A,SER_167_A,MET_169_A,ASN_192_A"
MET_169_A,"ARG_168_A,SER_170_A,LEU_173_A"
SER_170_A,"MET_169_A,ASP_171_A"
ASP_171_A,"GLN_148_A,SER_170_A,ARG_172_A,LYS_195_A"
ARG_172_A,"ASP_171_A,LEU_173_A,ASN_175_A,LYS_195_A,ARG_232_A"
LEU_173_A,"VAL_150_A,MET_169_A,ARG_172_A,LEU_174_A"
LEU_174_A,"LEU_173_A,ASN_175_A,ILE_185_A,VAL_196_A"
ASN_175_A,"ASN_151_A,VAL_152_A,ARG_172_A,LEU_174_A,VAL_176_A"
VAL_176_A,"ASN_175_A,LYS_177_A,LEU_198_A,ASN_200_A"
LYS_177_A,"VAL_152_A,VAL_176_A,ASN_178_A,SER_180_A"
ASN_178_A,"ASP_155_A,LYS_177_A,GLY_179_A"
GLY_179_A,"ASN_178_A,SER_180_A,ASP_214_A"
SER_180_A,"LYS_177_A,GLY_179_A,THR_181_A"
THR_181_A,"SER_156_A,SER_180_A,ASP_182_A,ILE_216_A,ARG_218_A"
ASP_182_A,"LYS_51_A,ARG_157_A,ASP_158_A,THR_181_A,VAL_183_A,ARG_218_A"
VAL_183_A,"ASP_182_A,THR_184_A,THR_220_A"
THR_184_A,"GLU_46_A,GLY_49_A,VAL_159_A,VAL_161_A,VAL_183_A,ILE_185_A"
ILE_185_A,"LEU_174_A,THR_184_A,SER_186_A,THR_220_A,HIS_222_A,ASN_224_A"
SER_186_A,"TRP_160_A,VAL_161_A,ASP_162_A,HIS_163_A,ILE_185_A,TRP_187_A,THR_188_A"
TRP_187_A,"SER_186_A,THR_188_A,HIS_223_A,PHE_381_A,GLY_383_A"
THR_188_A,"MET_164_A,SER_186_A,TRP_187_A,LYS_189_A,PHE_190_A,ASN_224_A,TYR_225_A"
LYS_189_A,"MET_164_A,ASP_165_A,LEU_166_A,THR_188_A,PHE_190_A,HIS_191_A"
PHE_190_A,"LEU_166_A,THR_188_A,LYS_189_A,HIS_191_A,VAL_196_A,MET_197_A,TYR_225_A,PHE_226_A,PHE_227_A"
HIS_191_A,"ASP_165_A,LEU_166_A,LYS_189_A,PHE_190_A,ASN_192_A"
ASN_192_A,"ARG_168_A,HIS_191_A,SER_193_A,ASN_228_A"
SER_193_A,"ASN_192_A,ASN_194_A"
ASN_194_A,"SER_193_A,LYS_195_A,GLN_231_A"
LYS_195_A,"ASP_171_A,ARG_172_A,ASN_194_A,VAL_196_A,ARG_232_A"
VAL_196_A,"LEU_174_A,PHE_190_A,LYS_195_A,MET_197_A,THR_229_A"
MET_197_A,"PHE_190_A,VAL_196_A,LEU_198_A,ARG_232_A,ARG_235_A"
LEU_198_A,"VAL_176_A,MET_197_A,LEU_199_A"
LEU_199_A,"LEU_198_A,ASN_200_A,ARG_235_A,PHE_241_A"
ASN_200_A,"VAL_176_A,LEU_199_A,ASN_201_A,GLN_237_A"
ASN_201_A,"ASN_200_A,ILE_202_A"
ILE_202_A,"ASN_201_A,THR_203_A,LEU_260_A"
THR_203_A,"ILE_202_A,SER_204_A"
SER_204_A,"THR_203_A,LYS_205_A,ASN_206_A"
LYS_205_A,"SER_204_A,ASN_206_A,LYS_320_A,ARG_321_A,ASP_324_A,HIS_325_A"
ASN_206_A,"SER_204_A,LYS_205_A,LEU_207_A"
LEU_207_A,"ASN_206_A,PHE_208_A"
PHE_208_A,"LEU_207_A,GLN_209_A,TYR_211_A,LEU_260_A,TYR_327_A,ARG_329_A"
GLN_209_A,"PHE_208_A,ASN_210_A"
ASN_210_A,"GLN_209_A,TYR_211_A,ASP_214_A"
TYR_211_A,"PHE_208_A,ASN_210_A,GLU_212_A,SER_215_A"
GLU_212_A,"TYR_211_A,ARG_213_A"
ARG_213_A,"GLU_212_A,ASP_214_A"
ASP_214_A,"GLY_179_A,ASN_210_A,ARG_213_A,SER_215_A"
SER_215_A,"TYR_211_A,ASP_214_A,ILE_216_A"
ILE_216_A,"THR_181_A,SER_215_A,ALA_217_A"
ALA_217_A,"ILE_216_A,ARG_218_A,THR_240_A"
ARG_218_A,"TYR_48_A,ARG_157_A,THR_181_A,ASP_182_A,ALA_217_A,VAL_219_A"
VAL_219_A,"ARG_218_A,THR_220_A,LEU_221_A,HIS_242_A"
THR_220_A,"TYR_48_A,VAL_183_A,ILE_185_A,VAL_219_A,LEU_221_A,TYR_363_A"
LEU_221_A,"VAL_219_A,THR_220_A,HIS_222_A,HIS_242_A"
HIS_222_A,"GLU_46_A,ILE_185_A,LEU_221_A,HIS_223_A,PHE_244_A"
HIS_223_A,"GLU_46_A,TRP_187_A,HIS_222_A,ASN_224_A,ASN_245_A,GLU_368_A"
ASN_224_A,"ILE_185_A,THR_188_A,HIS_223_A,TYR_225_A,ASN_246_A,LEU_247_A"
TYR_225_A,"THR_188_A,PHE_190_A,ASN_224_A,PHE_226_A,PHE_227_A,LEU_247_A,GLU_249_A"
PHE_226_A,"PHE_190_A,TYR_225_A,PHE_227_A,ASN_233_A,LEU_247_A,GLU_249_A"
PHE_227_A,"PHE_190_A,TYR_225_A,PHE_226_A,ASN_228_A"
ASN_228_A,"ASN_192_A,PHE_227_A,THR_229_A"
THR_229_A,"VAL_196_A,ASN_228_A,VAL_230_A,ASN_233_A,ASP_252_A"
VAL_230_A,"THR_229_A,GLN_231_A,PHE_253_A,TYR_295_A"
GLN_231_A,"ASN_194_A,VAL_230_A,ARG_232_A,TYR_254_A"
ARG_232_A,"ARG_172_A,LYS_195_A,MET_197_A,GLN_231_A,ASN_233_A,ARG_235_A"
ASN_233_A,"PHE_226_A,THR_229_A,ARG_232_A,LEU_248_A,GLY_255_A"
PRO_234_A,"ARG_235_A,SER_257_A"
ARG_235_A,"MET_197_A,LEU_199_A,ARG_232_A,PRO_234_A,ALA_236_A,GLN_237_A,ASP_314_A"
ALA_236_A,"ARG_235_A,GLN_237_A,PHE_241_A,SER_257_A"
GLN_237_A,"ASN_200_A,ARG_235_A,ALA_236_A,PHE_238_A,GLY_239_A"
PHE_238_A,"GLN_237_A,GLY_239_A,LEU_260_A,LYS_263_A"
GLY_239_A,"GLN_237_A,PHE_238_A,THR_240_A,LYS_263_A"
THR_240_A,"ALA_217_A,GLY_239_A,PHE_241_A,PRO_359_A"
PHE_241_A,"LEU_199_A,ALA_236_A,THR_240_A,HIS_242_A,ALA_262_A,LYS_263_A"
HIS_242_A,"VAL_219_A,LEU_221_A,PHE_241_A,LEU_243_A,PHE_244_A,GLU_267_A,TYR_363_A,TYR_365_A"
LEU_243_A,"HIS_242_A,PHE_244_A,MET_256_A,LEU_265_A,GLU_267_A"
PHE_244_A,"HIS_222_A,HIS_242_A,LEU_243_A,ASN_245_A,TYR_365_A"
ASN_245_A,"HIS_223_A,PHE_244_A,ASN_246_A,GLY_268_A,GLU_368_A"
ASN_246_A,"ASN_224_A,ASN_245_A,LEU_247_A,ASN_269_A,ILE_270_A"
LEU_247_A,"ASN_224_A,TYR_225_A,PHE_226_A,ASN_246_A,LEU_248_A,ILE_270_A,ARG_379_A"
LEU_248_A,"ASN_233_A,LEU_247_A,GLU_249_A,ILE_270_A,ASN_272_A"
GLU_249_A,"TYR_225_A,PHE_226_A,LEU_248_A,ASN_250_A,ASN_272_A,ARG_379_A"
ASN_250_A,"GLU_249_A,TRP_251_A"
TRP_251_A,"ASN_250_A,ASP_252_A,ASN_273_A,ARG_277_A,ALA_302_A"
ASP_252_A,"THR_229_A,TRP_251_A,PHE_253_A,ARG_277_A,GLU_281_A"
PHE_253_A,"VAL_230_A,ASP_252_A,TYR_254_A,TYR_298_A,ARG_305_A"
TYR_254_A,"GLN_231_A,PHE_253_A,GLY_255_A,LEU_308_A"
GLY_255_A,"ASN_233_A,TYR_254_A,MET_256_A"
MET_256_A,"LEU_243_A,GLY_255_A,SER_257_A,PHE_271_A,SER_306_A,LEU_308_A"
SER_257_A,"PRO_234_A,ALA_236_A,MET_256_A,PHE_258_A"
PHE_258_A,"SER_257_A,SER_259_A,GLY_311_A,ALA_333_A,LEU_350_A"
SER_259_A,"PHE_258_A,LEU_260_A,ASP_314_A"
LEU_260_A,"ILE_202_A,PHE_208_A,PHE_238_A,SER_259_A,GLU_261_A,PHE_331_A"
GLU_261_A,"LEU_260_A,ALA_262_A,LYS_263_A,ARG_329_A,ASP_330_A,LYS_332_A,PHE_334_A,ARG_354_A"
ALA_262_A,"PHE_241_A,GLU_261_A,LYS_263_A,PHE_334_A"
LYS_263_A,"PHE_238_A,GLY_239_A,PHE_241_A,GLU_261_A,ALA_262_A,ALA_264_A,ARG_329_A"
ALA_264_A,"LYS_263_A,LEU_265_A,PHE_334_A,LEU_335_A"
LEU_265_A,"LEU_243_A,ALA_264_A,VAL_266_A"
VAL_266_A,"LEU_265_A,GLU_267_A,ARG_336_A,LEU_337_A,ASN_340_A"
GLU_267_A,"HIS_242_A,LEU_243_A,VAL_266_A,GLY_268_A,LYS_338_A,TYR_365_A,TYR_367_A"
GLY_268_A,"ASN_245_A,GLU_267_A,ASN_269_A,LYS_338_A"
ASN_269_A,"ASN_246_A,GLY_268_A,ILE_270_A,ASN_340_A,LEU_341_A"
ILE_270_A,"ASN_246_A,LEU_247_A,LEU_248_A,ASN_269_A,PHE_271_A,ALA_375_A"
PHE_271_A,"MET_256_A,ILE_270_A,ASN_272_A,LEU_341_A,TYR_342_A,LEU_343_A"
ASN_272_A,"LEU_248_A,GLU_249_A,PHE_271_A,ASN_273_A"
ASN_273_A,"TRP_251_A,ASN_272_A,ASP_274_A,ASP_345_A"
ASP_274_A,"ASN_273_A,ALA_275_A,GLN_276_A,ASP_345_A"
ALA_275_A,"ASP_274_A,GLN_276_A,ASP_345_A"
GLN_276_A,"ASP_274_A,ALA_275_A,ARG_277_A"
ARG_277_A,"TRP_251_A,ASP_252_A,GLN_276_A,LYS_278_A"
LYS_278_A,"ARG_277_A,CYS_279_A"
CYS_279_A,"LYS_278_A,VAL_280_A,CYS_296_A,ILE_299_A"
VAL_280_A,"CYS_279_A,GLU_281_A"
GLU_281_A,"ASP_252_A,VAL_280_A,TYR_285_A,TYR_295_A"
PRO_282_A,"GLU_283_A,TYR_285_A,ASN_294_A"
GLU_283_A,"PRO_282_A,PHE_284_A"
PHE_284_A,"GLU_283_A,TYR_285_A,ILE_291_A"
TYR_285_A,"GLU_281_A,PRO_282_A,PHE_284_A,ASN_292_A"
PRO_286_A,THR_287_A
THR_287_A,"PRO_286_A,VAL_288_A,GLY_290_A"
VAL_288_A,"THR_287_A,GLU_289_A"
GLU_289_A,"VAL_288_A,GLY_290_A"
GLY_290_A,"THR_287_A,GLU_289_A,ILE_291_A"
ILE_291_A,"PHE_284_A,GLY_290_A,ASN_292_A"
ASN_292_A,"TYR_285_A,ILE_291_A,VAL_293_A"
VAL_293_A,"ASN_292_A,ASN_294_A"
ASN_294_A,"PRO_282_A,VAL_293_A,TYR_295_A,ARG_297_A"
TYR_295_A,"VAL_230_A,GLU_281_A,ASN_294_A,CYS_296_A,TYR_298_A"
CYS_296_A,"CYS_279_A,TYR_295_A,ARG_297_A"
ARG_297_A,"ASN_294_A,CYS_296_A,TYR_298_A"
TYR_298_A,"PHE_253_A,TYR_295_A,ARG_297_A,ILE_299_A,ILE_301_A,ALA_302_A"
ILE_299_A,"CYS_279_A,TYR_298_A"
PRO_300_A,ILE_301_A
ILE_301_A,"TYR_298_A,PRO_300_A,ALA_302_A"
ALA_302_A,"TRP_251_A,TYR_298_A,ILE_301_A,ARG_305_A"
PRO_303_A,"ALA_304_A,ASP_345_A"
ALA_304_A,"PRO_303_A,ARG_305_A"
ARG_305_A,"PHE_253_A,ALA_302_A,ALA_304_A,SER_306_A"
SER_306_A,"MET_256_A,ARG_305_A,ALA_307_A,LYS_347_A"
ALA_307_A,"SER_306_A,LEU_308_A,LEU_350_A"
LEU_308_A,"TYR_254_A,MET_256_A,ALA_307_A,ASP_309_A"
ASP_309_A,"LEU_308_A,ASN_310_A,ASP_312_A"
ASN_310_A,"ASP_309_A,GLY_311_A,ALA_333_A"
GLY_311_A,"PHE_258_A,ASN_310_A,ASP_312_A"
ASP_312_A,"ASP_309_A,GLY_311_A,SER_313_A,ARG_315_A"
SER_313_A,"ASP_312_A,ASP_314_A"
ASP_314_A,"ARG_235_A,SER_259_A,SER_313_A,ARG_315_A,TYR_318_A"
ARG_315_A,"ASP_312_A,ASP_314_A,GLY_316_A,GLU_319_A"
GLY_316_A,"ARG_315_A,ALA_317_A,LYS_320_A"
ALA_317_A,"GLY_316_A,TYR_318_A,ARG_321_A"
TYR_318_A,"ASP_314_A,ALA_317_A,GLU_319_A,LYS_322_A,TYR_327_A,ARG_329_A,PHE_331_A"
GLU_319_A,"ARG_315_A,TYR_318_A,LYS_320_A,LYS_322_A"
LYS_320_A,"LYS_205_A,GLY_316_A,GLU_319_A,ARG_321_A,ASP_324_A"
ARG_321_A,"LYS_205_A,ALA_317_A,LYS_320_A,LYS_322_A,HIS_325_A"
LYS_322_A,"TYR_318_A,GLU_319_A,ARG_321_A,ALA_323_A,GLY_326_A"
ALA_323_A,"LYS_322_A,ASP_324_A"
ASP_324_A,"LYS_205_A,LYS_320_A,ALA_323_A,HIS_325_A"
HIS_325_A,"LYS_205_A,ARG_321_A,ASP_324_A,GLY_326_A,TYR_327_A"
GLY_326_A,"LYS_322_A,HIS_325_A,TYR_327_A"
TYR_327_A,"PHE_208_A,TYR_318_A,HIS_325_A,GLY_326_A,THR_328_A"
THR_328_A,"TYR_327_A,ARG_329_A"
ARG_329_A,"PHE_208_A,GLU_261_A,LYS_263_A,TYR_318_A,THR_328_A,ASP_330_A"
ASP_330_A,"GLU_261_A,ARG_329_A,PHE_331_A,LYS_332_A,TYR_353_A,ARG_354_A"
PHE_331_A,"LEU_260_A,TYR_318_A,ASP_330_A,LYS_332_A"
LYS_332_A,"GLU_261_A,ASP_330_A,PHE_331_A,ALA_333_A,TYR_353_A"
ALA_333_A,"PHE_258_A,ASN_310_A,LYS_332_A,PHE_334_A,LEU_335_A"
PHE_334_A,"GLU_261_A,ALA_262_A,ALA_264_A,ALA_333_A,LEU_335_A"
LEU_335_A,"ALA_264_A,ALA_333_A,PHE_334_A,ARG_336_A,TYR_353_A"
ARG_336_A,"VAL_266_A,LEU_335_A,LEU_337_A,LYS_338_A,ALA_358_A,PRO_359_A"
LEU_337_A,"VAL_266_A,ARG_336_A,LYS_338_A,LEU_350_A,ASP_352_A"
LYS_338_A,"GLU_267_A,GLY_268_A,ARG_336_A,LEU_337_A,ASP_339_A"
ASP_339_A,"LYS_338_A,ASN_340_A,TYR_367_A,LYS_369_A"
ASN_340_A,"VAL_266_A,ASN_269_A,ASP_339_A,LEU_341_A"
LEU_341_A,"ASN_269_A,PHE_271_A,ASN_340_A,TYR_342_A,ALA_370_A"
TYR_342_A,"PHE_271_A,LEU_341_A,LEU_343_A,PRO_348_A"
LEU_343_A,"PHE_271_A,TYR_342_A,GLY_344_A"
GLY_344_A,"LEU_343_A,ASP_345_A"
ASP_345_A,"ASN_273_A,ASP_274_A,ALA_275_A,PRO_303_A,GLY_344_A,ALA_346_A"
ALA_346_A,"ASP_345_A,LYS_347_A"
LYS_347_A,"SER_306_A,ALA_346_A"
PRO_348_A,"TYR_342_A,VAL_349_A"
VAL_349_A,"PRO_348_A,LEU_350_A"
LEU_350_A,"PHE_258_A,ALA_307_A,LEU_337_A,VAL_349_A,LYS_351_A"
LYS_351_A,"LEU_350_A,ASP_352_A"
ASP_352_A,"LEU_337_A,LYS_351_A,TYR_353_A"
TYR_353_A,"ASP_330_A,LYS_332_A,LEU_335_A,ASP_352_A,ARG_354_A"
ARG_354_A,"GLU_261_A,ASP_330_A,TYR_353_A,GLU_356_A,SER_357_A"
PRO_355_A,GLU_356_A
GLU_356_A,"ARG_354_A,PRO_355_A,SER_357_A"
SER_357_A,"ARG_354_A,GLU_356_A,ALA_358_A"
ALA_358_A,"ARG_336_A,SER_357_A"
PRO_359_A,"THR_240_A,ARG_336_A,THR_360_A"
THR_360_A,PRO_359_A
PRO_361_A,"SER_362_A,TYR_363_A"
SER_362_A,"PRO_361_A,TYR_363_A"
TYR_363_A,"TYR_48_A,THR_220_A,HIS_242_A,PRO_361_A,SER_362_A,CYS_364_A,TYR_365_A"
CYS_364_A,"TYR_363_A,TYR_365_A,ARG_395_A,CYS_400_A"
TYR_365_A,"HIS_242_A,PHE_244_A,GLU_267_A,TYR_363_A,CYS_364_A,GLY_366_A,TYR_367_A"
GLY_366_A,"GLU_46_A,TYR_365_A,TYR_367_A"
TYR_367_A,"GLU_267_A,ASP_339_A,TYR_365_A,GLY_366_A,GLU_368_A"
GLU_368_A,"HIS_223_A,ASN_245_A,TYR_367_A,LYS_369_A,LYS_377_A"
LYS_369_A,"ASP_339_A,GLU_368_A,ALA_370_A"
ALA_370_A,"LEU_341_A,LYS_369_A,THR_371_A"
THR_371_A,ALA_370_A
PRO_372_A,GLU_373_A
GLU_373_A,"PRO_372_A,LEU_374_A,GLU_376_A,LYS_377_A"
LEU_374_A,"GLU_373_A,ALA_375_A,ILE_378_A"
ALA_375_A,"ILE_270_A,LEU_374_A,GLU_376_A,ARG_379_A"
GLU_376_A,"GLU_373_A,ALA_375_A,LYS_377_A,ARG_379_A"
LYS_377_A,"GLU_368_A,GLU_373_A,GLU_376_A,ILE_378_A,PHE_381_A"
ILE_378_A,"LEU_374_A,LYS_377_A,ARG_379_A,ALA_382_A"
ARG_379_A,"LEU_247_A,GLU_249_A,ALA_375_A,GLU_376_A,ILE_378_A,LYS_380_A"
LYS_380_A,"ARG_379_A,PHE_381_A"
PHE_381_A,"TRP_187_A,LYS_377_A,LYS_380_A,ALA_382_A,THR_385_A,THR_389_A"
ALA_382_A,"ILE_378_A,PHE_381_A,GLY_383_A"
GLY_383_A,"HIS_163_A,TRP_187_A,ALA_382_A,ASN_384_A"
ASN_384_A,"ARG_116_A,GLY_383_A,THR_385_A"
THR_385_A,"PHE_381_A,ASN_384_A,SER_386_A"
SER_386_A,"THR_385_A,GLY_387_A"
GLY_387_A,"SER_386_A,ASP_388_A"
ASP_388_A,"GLY_387_A,THR_389_A"
THR_389_A,"HIS_163_A,PHE_381_A,ASP_388_A"
PRO_390_A,LEU_391_A
LEU_391_A,PRO_390_A
ARG_395_A,"GLU_46_A,CYS_364_A,THR_396_A"
THR_396_A,"ARG_395_A,GLY_397_A"
GLY_397_A,"THR_396_A,ALA_398_A,CYS_400_A,HIS_403_A"
ALA_398_A,"GLY_397_A,GLY_399_A"
GLY_399_A,"ALA_398_A,CYS_400_A"
CYS_400_A,"CYS_364_A,GLY_397_A,GLY_399_A,HIS_403_A"
PRO_401_A,GLY_402_A
GLY_402_A,"PRO_401_A,HIS_403_A"
HIS_403_A,"GLY_397_A,CYS_400_A,GLY_402_A,HIS_404_A"
HIS_404_A,HIS_403_A
