residue_id,neighbors
GLY_260_c,THR_261_c
THR_261_c,"GLY_260_c,PHE_262_c"
PHE_262_c,"THR_261_c,THR_263_c,TRP_264_c,THR_265_c,GLU_270_c,TYR_278_c,VAL_298_c"
THR_263_c,"PHE_262_c,TRP_264_c,ASN_302_c"
TRP_264_c,"PHE_262_c,THR_263_c,THR_265_c,VAL_298_c,LEU_313_c,ARG_314_c"
THR_265_c,"PHE_262_c,TRP_264_c,LEU_266_c"
LEU_266_c,"THR_265_c,SER_267_c,ASP_317_c"
SER_267_c,"LEU_266_c,ASP_268_c,SER_269_c"
ASP_268_c,"SER_267_c,SER_269_c,ARG_325_c"
SER_269_c,"SER_267_c,ASP_268_c,GLU_270_c"
GLU_270_c,"PHE_262_c,SER_269_c,GLY_271_c,ASP_273_c,ASP_317_c"
GLY_271_c,"GLU_270_c,LYS_272_c,ASP_273_c"
LYS_272_c,"GLY_271_c,ASP_273_c"
ASP_273_c,"GLU_270_c,GLY_271_c,LYS_272_c,THR_274_c"
THR_274_c,ASP_273_c
PRO_275_c,"GLY_276_c,ASN_295_c"
GLY_276_c,"PRO_275_c,GLY_277_c,ASN_295_c"
GLY_277_c,"GLY_276_c,TYR_278_c"
TYR_278_c,"PHE_262_c,GLY_277_c,CYS_279_c,LEU_280_c,PHE_293_c"
CYS_279_c,"TYR_278_c,LEU_280_c,CYS_292_c"
LEU_280_c,"TYR_278_c,CYS_279_c,THR_281_c,LYS_291_c,LEU_313_c"
THR_281_c,"LEU_280_c,ARG_282_c"
ARG_282_c,"THR_281_c,TRP_283_c"
TRP_283_c,"ARG_282_c,MET_284_c"
MET_284_c,"TRP_283_c,LEU_285_c,PHE_316_c"
LEU_285_c,"MET_284_c,ILE_286_c,ALA_288_c,LYS_291_c"
ILE_286_c,"LEU_285_c,GLU_287_c"
GLU_287_c,"ILE_286_c,ALA_288_c"
ALA_288_c,"LEU_285_c,GLU_287_c,GLU_289_c,LEU_290_c"
GLU_289_c,"ALA_288_c,LEU_290_c"
LEU_290_c,"ALA_288_c,GLU_289_c,LYS_291_c"
LYS_291_c,"LEU_280_c,LEU_285_c,LEU_290_c,CYS_292_c"
CYS_292_c,"CYS_279_c,LYS_291_c,PHE_293_c"
PHE_293_c,"TYR_278_c,CYS_292_c,GLY_294_c,VAL_298_c,PRO_383_c"
GLY_294_c,"PHE_293_c,ASN_295_c,ALA_297_c,VAL_298_c"
ASN_295_c,"PRO_275_c,GLY_276_c,GLY_294_c,THR_296_c,ALA_299_c"
THR_296_c,"ASN_295_c,ALA_297_c"
ALA_297_c,"GLY_294_c,THR_296_c,VAL_298_c"
VAL_298_c,"PHE_262_c,TRP_264_c,PHE_293_c,GLY_294_c,ALA_297_c,ALA_299_c"
ALA_299_c,"ASN_295_c,VAL_298_c,LYS_300_c"
LYS_300_c,"ALA_299_c,CYS_301_c,ARG_379_c,GLU_413_c"
CYS_301_c,"LYS_300_c,ASN_302_c,CYS_310_c"
ASN_302_c,"THR_263_c,CYS_301_c,GLU_303_c"
GLU_303_c,"ASN_302_c,LYS_304_c"
LYS_304_c,"GLU_303_c,HIS_305_c"
HIS_305_c,"LYS_304_c,ASP_306_c,GLU_307_c"
ASP_306_c,"HIS_305_c,GLU_307_c,ASN_346_c,LYS_352_c"
GLU_307_c,"HIS_305_c,ASP_306_c,GLU_308_c,PHE_309_c,CYS_310_c,ASP_311_c,ARG_314_c"
GLU_308_c,"GLU_307_c,PHE_309_c,LEU_349_c,ARG_356_c"
PHE_309_c,"GLU_307_c,GLU_308_c,CYS_310_c,MET_312_c,LEU_313_c,TYR_369_c"
CYS_310_c,"CYS_301_c,GLU_307_c,PHE_309_c,ASP_311_c,ARG_314_c"
ASP_311_c,"GLU_307_c,CYS_310_c,MET_312_c,ARG_314_c,ASN_346_c"
MET_312_c,"PHE_309_c,ASP_311_c,LEU_313_c,PHE_316_c"
LEU_313_c,"TRP_264_c,LEU_280_c,PHE_309_c,MET_312_c,ARG_314_c,ASP_317_c"
ARG_314_c,"TRP_264_c,GLU_307_c,CYS_310_c,ASP_311_c,LEU_313_c,LEU_315_c,PHE_318_c,LEU_344_c"
LEU_315_c,"ARG_314_c,PHE_316_c,ASN_319_c"
PHE_316_c,"MET_284_c,MET_312_c,LEU_315_c,ASP_317_c,LYS_320_c"
ASP_317_c,"LEU_266_c,GLU_270_c,LEU_313_c,PHE_316_c,PHE_318_c,GLN_321_c"
PHE_318_c,"ARG_314_c,ASP_317_c,ASN_319_c,ALA_322_c,ILE_337_c,ALA_340_c,LEU_344_c"
ASN_319_c,"LEU_315_c,PHE_318_c,LYS_320_c"
LYS_320_c,"PHE_316_c,ASN_319_c,GLN_321_c,GLN_324_c"
GLN_321_c,"ASP_317_c,LYS_320_c,ALA_322_c"
ALA_322_c,"PHE_318_c,GLN_321_c,ILE_323_c"
ILE_323_c,"ALA_322_c,GLN_324_c"
GLN_324_c,"LYS_320_c,ILE_323_c,ARG_325_c"
ARG_325_c,"ASP_268_c,GLN_324_c,LEU_326_c"
LEU_326_c,"ARG_325_c,LYS_327_c"
LYS_327_c,"LEU_326_c,ALA_328_c"
ALA_328_c,LYS_327_c
PRO_329_c,ALA_330_c
ALA_330_c,"PRO_329_c,GLN_331_c"
GLN_331_c,"ALA_330_c,MET_332_c,SER_333_c"
MET_332_c,"GLN_331_c,SER_333_c"
SER_333_c,"GLN_331_c,MET_332_c,ILE_334_c,LEU_336_c"
ILE_334_c,"SER_333_c,GLN_335_c,ASN_338_c"
GLN_335_c,"ILE_334_c,LEU_336_c,LYS_339_c"
LEU_336_c,"SER_333_c,GLN_335_c,ILE_337_c,LYS_339_c"
ILE_337_c,"PHE_318_c,LEU_336_c,ASN_338_c,ALA_340_c,VAL_341_c"
ASN_338_c,"ILE_334_c,ILE_337_c,LYS_339_c,ASN_342_c"
LYS_339_c,"GLN_335_c,LEU_336_c,ASN_338_c,ALA_340_c,ALA_343_c"
ALA_340_c,"PHE_318_c,ILE_337_c,LYS_339_c,VAL_341_c,LEU_344_c"
VAL_341_c,"ILE_337_c,ALA_340_c,ASN_342_c,ILE_345_c"
ASN_342_c,"ASN_338_c,VAL_341_c,ALA_343_c"
ALA_343_c,"LYS_339_c,ASN_342_c,LEU_344_c"
LEU_344_c,"ARG_314_c,PHE_318_c,ALA_340_c,ALA_343_c,ILE_345_c"
ILE_345_c,"VAL_341_c,LEU_344_c,ASN_346_c,ILE_350_c"
ASN_346_c,"ASP_306_c,ASP_311_c,ILE_345_c,ASP_347_c,LEU_349_c"
ASP_347_c,"ASN_346_c,GLN_348_c,MET_351_c"
GLN_348_c,"ASP_347_c,LEU_349_c,LYS_352_c"
LEU_349_c,"GLU_308_c,ASN_346_c,GLN_348_c,ILE_350_c,ASN_353_c"
ILE_350_c,"ILE_345_c,LEU_349_c,MET_351_c,HIS_354_c"
MET_351_c,"ASP_347_c,ILE_350_c,LYS_352_c,LEU_355_c"
LYS_352_c,"ASP_306_c,GLN_348_c,MET_351_c,ASN_353_c,ARG_356_c"
ASN_353_c,"LEU_349_c,LYS_352_c,HIS_354_c,ASP_357_c,CYS_364_c"
HIS_354_c,"ILE_350_c,ASN_353_c,LEU_355_c,ASP_357_c,ILE_358_c"
LEU_355_c,"MET_351_c,HIS_354_c,ARG_356_c,MET_359_c"
ARG_356_c,"GLU_308_c,LYS_352_c,LEU_355_c,ASP_357_c,ILE_361_c,TYR_363_c"
ASP_357_c,"ASN_353_c,HIS_354_c,ARG_356_c,ILE_358_c,TYR_363_c"
ILE_358_c,"HIS_354_c,ASP_357_c,MET_359_c"
MET_359_c,"LEU_355_c,ILE_358_c,CYS_360_c"
CYS_360_c,"MET_359_c,ILE_361_c"
ILE_361_c,"ARG_356_c,CYS_360_c"
PRO_362_c,TYR_363_c
TYR_363_c,"ARG_356_c,ASP_357_c,PRO_362_c,CYS_364_c,VAL_388_c"
CYS_364_c,"ASN_353_c,TYR_363_c,ASN_365_c,CYS_385_c"
ASN_365_c,"CYS_364_c,TYR_366_c"
TYR_366_c,"ASN_365_c,SER_367_c"
SER_367_c,"TYR_366_c,LYS_368_c"
LYS_368_c,"SER_367_c,TYR_369_c,TRP_386_c"
TYR_369_c,"PHE_309_c,LYS_368_c,TRP_370_c,CYS_385_c"
TRP_370_c,"TYR_369_c,TYR_371_c,LYS_384_c,TRP_386_c,ILE_403_c"
TYR_371_c,"TRP_370_c,LEU_372_c"
LEU_372_c,"TYR_371_c,ASN_373_c,ILE_403_c,ALA_407_c"
ASN_373_c,"LEU_372_c,HIS_374_c"
HIS_374_c,"ASN_373_c,THR_375_c,THR_376_c,ARG_379_c"
THR_375_c,"HIS_374_c,THR_376_c"
THR_376_c,"HIS_374_c,THR_375_c,THR_377_c"
THR_377_c,"THR_376_c,GLY_378_c"
GLY_378_c,"THR_377_c,ARG_379_c"
ARG_379_c,"LYS_300_c,HIS_374_c,GLY_378_c,THR_380_c,GLU_413_c"
THR_380_c,"ARG_379_c,SER_381_c"
SER_381_c,"THR_380_c,LEU_382_c"
LEU_382_c,SER_381_c
PRO_383_c,"PHE_293_c,LYS_384_c"
LYS_384_c,"TRP_370_c,PRO_383_c,CYS_385_c"
CYS_385_c,"CYS_364_c,TYR_369_c,LYS_384_c,TRP_386_c"
TRP_386_c,"LYS_368_c,TRP_370_c,CYS_385_c,LEU_387_c,TYR_393_c,LEU_394_c,PHE_399_c"
LEU_387_c,"TRP_386_c,VAL_388_c"
VAL_388_c,"TYR_363_c,LEU_387_c,SER_389_c,TYR_393_c"
SER_389_c,"VAL_388_c,ASN_390_c,SER_392_c"
ASN_390_c,"SER_389_c,GLY_391_c"
GLY_391_c,"ASN_390_c,SER_392_c"
SER_392_c,"SER_389_c,GLY_391_c,TYR_393_c"
TYR_393_c,"TRP_386_c,VAL_388_c,SER_392_c,LEU_394_c"
LEU_394_c,"TRP_386_c,TYR_393_c,ASN_395_c,PHE_399_c"
ASN_395_c,"LEU_394_c,GLU_396_c"
GLU_396_c,"ASN_395_c,THR_397_c"
THR_397_c,"GLU_396_c,HIS_398_c"
HIS_398_c,"THR_397_c,PHE_399_c"
PHE_399_c,"TRP_386_c,LEU_394_c,HIS_398_c,SER_400_c,ASP_402_c,ILE_403_c"
SER_400_c,"PHE_399_c,ASP_401_c,GLU_404_c"
ASP_401_c,"SER_400_c,ASP_402_c"
ASP_402_c,"PHE_399_c,ASP_401_c,ILE_403_c,GLN_406_c"
ILE_403_c,"TRP_370_c,LEU_372_c,PHE_399_c,ASP_402_c,GLU_404_c,ALA_407_c"
GLU_404_c,"SER_400_c,ILE_403_c,GLN_405_c,ASP_408_c"
GLN_405_c,"GLU_404_c,GLN_406_c,ASN_409_c"
GLN_406_c,"ASP_402_c,GLN_405_c,ALA_407_c,MET_410_c"
ALA_407_c,"LEU_372_c,ILE_403_c,GLN_406_c,ASP_408_c,ILE_411_c"
ASP_408_c,"GLU_404_c,ALA_407_c,ASN_409_c,THR_412_c"
ASN_409_c,"GLN_405_c,ASP_408_c,MET_410_c,GLU_413_c"
MET_410_c,"GLN_406_c,ASN_409_c,ILE_411_c,MET_414_c"
ILE_411_c,"ALA_407_c,MET_410_c,THR_412_c,LEU_415_c"
THR_412_c,"ASP_408_c,ILE_411_c,GLU_413_c,GLN_416_c"
GLU_413_c,"LYS_300_c,ARG_379_c,ASN_409_c,THR_412_c,MET_414_c,LYS_417_c"
MET_414_c,"MET_410_c,GLU_413_c,LEU_415_c"
LEU_415_c,"ILE_411_c,MET_414_c,GLN_416_c,TYR_419_c"
GLN_416_c,"THR_412_c,LEU_415_c,LYS_417_c,MET_420_c"
LYS_417_c,"GLU_413_c,GLN_416_c,GLU_418_c,GLU_421_c"
GLU_418_c,"LYS_417_c,TYR_419_c,ARG_422_c"
TYR_419_c,"LEU_415_c,GLU_418_c,MET_420_c,GLN_423_c"
MET_420_c,"GLN_416_c,TYR_419_c,GLU_421_c,GLY_424_c"
GLU_421_c,"LYS_417_c,MET_420_c,ARG_422_c"
ARG_422_c,"GLU_418_c,GLU_421_c,GLN_423_c"
GLN_423_c,"TYR_419_c,ARG_422_c,GLY_424_c"
GLY_424_c,"MET_420_c,GLN_423_c"
