residue_id,neighbors
ASP_598_A,"GLY_599_A,ARG_678_A,LYS_680_A"
GLY_599_A,ASP_598_A
PRO_601_A,"ARG_602_A,VAL_690_A"
ARG_602_A,"PRO_601_A,VAL_603_A"
VAL_603_A,"ARG_602_A,ASP_604_A"
ASP_604_A,"VAL_603_A,PHE_605_A,ARG_607_A,GLN_693_A,ASP_694_A"
PHE_605_A,"ASP_604_A,ARG_607_A,LEU_635_A,VAL_690_A,ILE_700_A"
PRO_606_A,"ARG_607_A,ARG_609_A"
ARG_607_A,"ASP_604_A,PHE_605_A,PRO_606_A,SER_608_A,ASP_694_A,PRO_696_A"
SER_608_A,"ARG_607_A,ARG_609_A"
ARG_609_A,"PRO_606_A,SER_608_A,LEU_610_A,ASP_630_A,ASP_634_A"
LEU_610_A,"ARG_609_A,ARG_611_A"
ARG_611_A,"LEU_610_A,PHE_612_A,LYS_613_A,GLU_628_A,ASP_630_A"
PHE_612_A,"ARG_611_A,LYS_613_A"
LYS_613_A,"ARG_611_A,PHE_612_A,GLU_614_A,LEU_626_A,GLU_628_A"
GLU_614_A,"LYS_613_A,LYS_615_A,LEU_626_A"
LYS_615_A,"GLU_614_A,LEU_616_A,GLU_618_A"
LEU_616_A,"LYS_615_A,GLY_617_A,VAL_624_A,ALA_653_A"
GLY_617_A,"LEU_616_A,GLU_618_A"
GLU_618_A,"LYS_615_A,GLY_617_A,GLY_619_A,GLU_623_A"
GLY_619_A,"GLU_618_A,GLN_620_A"
GLN_620_A,"GLY_619_A,PHE_621_A"
PHE_621_A,"GLN_620_A,GLY_622_A,LYS_655_A,ARG_658_A"
GLY_622_A,"PHE_621_A,GLU_623_A"
GLU_623_A,"GLU_618_A,GLY_622_A,VAL_624_A,HIS_625_A,ILE_656_A"
VAL_624_A,"LEU_616_A,GLU_623_A,HIS_625_A"
HIS_625_A,"GLU_623_A,VAL_624_A,LEU_626_A,VAL_654_A"
LEU_626_A,"LYS_613_A,GLU_614_A,HIS_625_A,CYS_627_A,TYR_703_A"
CYS_627_A,"LEU_626_A,GLU_628_A,VAL_652_A"
GLU_628_A,"ARG_611_A,LYS_613_A,CYS_627_A,VAL_629_A,ASP_630_A"
VAL_629_A,"GLU_628_A,ASP_630_A,LEU_635_A,LEU_650_A"
ASP_630_A,"ARG_609_A,ARG_611_A,GLU_628_A,VAL_629_A,SER_631_A"
SER_631_A,ASP_630_A
PRO_632_A,"GLN_633_A,VAL_644_A,LEU_650_A"
GLN_633_A,"PRO_632_A,ASP_634_A"
ASP_634_A,"ARG_609_A,GLN_633_A,LEU_635_A"
LEU_635_A,"PHE_605_A,VAL_629_A,ASP_634_A,VAL_636_A,LEU_638_A"
VAL_636_A,"LEU_635_A,SER_637_A,VAL_644_A"
SER_637_A,"VAL_636_A,LEU_638_A"
LEU_638_A,"LEU_635_A,SER_637_A,ASP_639_A"
ASP_639_A,"LEU_638_A,PHE_640_A"
PHE_640_A,"ASP_639_A,LEU_642_A"
PRO_641_A,LEU_642_A
LEU_642_A,"PHE_640_A,PRO_641_A,ASN_643_A,LEU_650_A"
ASN_643_A,"LEU_642_A,VAL_644_A,ARG_645_A"
VAL_644_A,"PRO_632_A,VAL_636_A,ASN_643_A,ARG_645_A"
ARG_645_A,"ASN_643_A,VAL_644_A,LYS_646_A,HIS_648_A"
LYS_646_A,"ARG_645_A,GLY_647_A"
GLY_647_A,"LYS_646_A,HIS_648_A"
HIS_648_A,"ARG_645_A,GLY_647_A"
PRO_649_A,LEU_650_A
LEU_650_A,"VAL_629_A,PRO_632_A,LEU_642_A,PRO_649_A,LEU_651_A"
LEU_651_A,"LEU_650_A,VAL_652_A"
VAL_652_A,"CYS_627_A,LEU_651_A,ALA_653_A,VAL_654_A,LEU_688_A,ILE_700_A"
ALA_653_A,"LEU_616_A,VAL_652_A,VAL_654_A,THR_701_A"
VAL_654_A,"HIS_625_A,VAL_652_A,ALA_653_A,LYS_655_A,ILE_656_A"
LYS_655_A,"PHE_621_A,VAL_654_A,ILE_656_A,GLU_672_A,MET_699_A"
ILE_656_A,"GLU_623_A,VAL_654_A,LYS_655_A,LEU_657_A,PRO_696_A"
LEU_657_A,"ILE_656_A,ARG_658_A,ALA_661_A,LEU_697_A"
ARG_658_A,"PHE_621_A,LEU_657_A,ASP_660_A"
PRO_659_A,ASP_660_A
ASP_660_A,"ARG_658_A,PRO_659_A,ALA_661_A"
ALA_661_A,"LEU_657_A,ASP_660_A,THR_662_A"
THR_662_A,"ALA_661_A,LYS_663_A,ARG_666_A"
LYS_663_A,"THR_662_A,ASN_664_A,ARG_666_A,ASN_667_A"
ASN_664_A,"LYS_663_A,ALA_665_A,ASP_668_A"
ALA_665_A,"ASN_664_A,ARG_666_A,PHE_669_A"
ARG_666_A,"THR_662_A,LYS_663_A,ALA_665_A,ASN_667_A,ASP_695_A"
ASN_667_A,"LYS_663_A,ARG_666_A,ASP_668_A"
ASP_668_A,"ASN_664_A,ASN_667_A,PHE_669_A,LYS_671_A"
PHE_669_A,"ALA_665_A,ASP_668_A,LEU_670_A,LEU_697_A,MET_699_A"
LEU_670_A,"PHE_669_A,LYS_671_A"
LYS_671_A,"ASP_668_A,LEU_670_A,GLU_672_A"
GLU_672_A,"LYS_655_A,LYS_671_A,VAL_673_A,MET_676_A"
VAL_673_A,"GLU_672_A,LYS_674_A,SER_677_A,MET_699_A"
LYS_674_A,"VAL_673_A,ILE_675_A"
ILE_675_A,"LYS_674_A,MET_676_A,PHE_756_A"
MET_676_A,"GLU_672_A,ILE_675_A,SER_677_A"
SER_677_A,"VAL_673_A,MET_676_A,ARG_678_A"
ARG_678_A,"ASP_598_A,SER_677_A,LEU_679_A"
LEU_679_A,"ARG_678_A,LYS_680_A,LEU_754_A"
LYS_680_A,"ASP_598_A,LEU_679_A,ASP_681_A,TYR_750_A"
ASP_681_A,"LYS_680_A,ASN_683_A,TYR_750_A"
PRO_682_A,ASN_683_A
ASN_683_A,"ASP_681_A,PRO_682_A,ILE_684_A,ILE_776_A"
ILE_684_A,"ASN_683_A,ILE_685_A,ILE_776_A"
ILE_685_A,"ILE_684_A,ARG_686_A"
ARG_686_A,"ILE_685_A,LEU_687_A,THR_701_A,ASP_702_A,LYS_775_A"
LEU_687_A,"ARG_686_A,LEU_688_A,VAL_690_A,MET_699_A"
LEU_688_A,"VAL_652_A,LEU_687_A,GLY_689_A,ILE_700_A"
GLY_689_A,"LEU_688_A,VAL_690_A,ILE_700_A"
VAL_690_A,"PRO_601_A,PHE_605_A,LEU_687_A,GLY_689_A,CYS_691_A"
CYS_691_A,"VAL_690_A,VAL_692_A,CYS_698_A"
VAL_692_A,"CYS_691_A,GLN_693_A"
GLN_693_A,"ASP_604_A,VAL_692_A,ASP_694_A"
ASP_694_A,"ASP_604_A,ARG_607_A,GLN_693_A,ASP_695_A"
ASP_695_A,"ARG_666_A,ASP_694_A"
PRO_696_A,"ARG_607_A,ILE_656_A,LEU_697_A"
LEU_697_A,"LEU_657_A,PHE_669_A,PRO_696_A,CYS_698_A"
CYS_698_A,"CYS_691_A,LEU_697_A,MET_699_A"
MET_699_A,"LYS_655_A,PHE_669_A,VAL_673_A,LEU_687_A,CYS_698_A,ILE_700_A"
ILE_700_A,"PHE_605_A,VAL_652_A,LEU_688_A,GLY_689_A,MET_699_A,THR_701_A"
THR_701_A,"ALA_653_A,ARG_686_A,ILE_700_A,ASP_702_A"
ASP_702_A,"ARG_686_A,THR_701_A,TYR_703_A,LYS_775_A"
TYR_703_A,"LEU_626_A,ASP_702_A,MET_704_A"
MET_704_A,"TYR_703_A,GLU_705_A,ASN_706_A,LEU_767_A,LYS_775_A"
GLU_705_A,"MET_704_A,ASN_706_A,GLU_770_A"
ASN_706_A,"MET_704_A,GLU_705_A,GLY_707_A,VAL_768_A,GLY_769_A"
GLY_707_A,"ASN_706_A,ASP_708_A,VAL_768_A"
ASP_708_A,"GLY_707_A,LEU_709_A,ASN_710_A,GLN_711_A,ARG_783_A,TYR_786_A"
LEU_709_A,"ASP_708_A,ASN_710_A,CYS_766_A"
ASN_710_A,"ASP_708_A,LEU_709_A,GLN_711_A,SER_714_A"
GLN_711_A,"ASP_708_A,ASN_710_A,PHE_712_A"
PHE_712_A,"GLN_711_A,LEU_713_A,HIS_716_A"
LEU_713_A,"PHE_712_A,SER_714_A,HIS_716_A"
SER_714_A,"ASN_710_A,LEU_713_A,ALA_715_A"
ALA_715_A,"SER_714_A,HIS_716_A"
HIS_716_A,"PHE_712_A,LEU_713_A,ALA_715_A,GLN_717_A,ARG_835_A"
GLN_717_A,"HIS_716_A,LEU_718_A,PRO_730_A"
LEU_718_A,"GLN_717_A,GLU_719_A"
GLU_719_A,"LEU_718_A,ASP_720_A"
ASP_720_A,"GLU_719_A,LYS_721_A"
LYS_721_A,"ASP_720_A,ALA_722_A,ALA_723_A"
ALA_722_A,"LYS_721_A,ALA_723_A"
ALA_723_A,"LYS_721_A,ALA_722_A,GLU_724_A"
GLU_724_A,"ALA_723_A,GLY_725_A"
GLY_725_A,"GLU_724_A,ALA_726_A"
ALA_726_A,"GLY_725_A,ASP_729_A"
ASP_729_A,ALA_726_A
PRO_730_A,"GLN_717_A,THR_731_A"
THR_731_A,"PRO_730_A,ILE_732_A"
ILE_732_A,"THR_731_A,SER_733_A"
SER_733_A,"ILE_732_A,TYR_734_A,LEU_737_A"
TYR_734_A,"SER_733_A,LEU_738_A"
PRO_735_A,"MET_736_A,HIS_739_A"
MET_736_A,"PRO_735_A,LEU_737_A,VAL_740_A,PHE_772_A"
LEU_737_A,"SER_733_A,MET_736_A,LEU_738_A,VAL_830_A"
LEU_738_A,"TYR_734_A,LEU_737_A,HIS_739_A,ALA_741_A,ALA_742_A,LEU_904_A"
HIS_739_A,"PRO_735_A,LEU_738_A,VAL_740_A"
VAL_740_A,"MET_736_A,HIS_739_A,ALA_741_A"
ALA_741_A,"LEU_738_A,VAL_740_A,ALA_742_A,ALA_745_A,LEU_827_A"
ALA_742_A,"LEU_738_A,ALA_741_A,GLN_743_A,SER_746_A"
GLN_743_A,"ALA_742_A,ILE_744_A,PHE_772_A"
ILE_744_A,"GLN_743_A,ALA_745_A,PHE_823_A"
ALA_745_A,"ALA_741_A,ILE_744_A,SER_746_A,ARG_749_A,HIS_896_A"
SER_746_A,"ALA_742_A,ALA_745_A,GLY_747_A,ARG_749_A"
GLY_747_A,"SER_746_A,MET_748_A"
MET_748_A,"GLY_747_A,ARG_749_A,ALA_752_A,ASP_819_A,PHE_892_A"
ARG_749_A,"ALA_745_A,SER_746_A,MET_748_A,TYR_750_A,PHE_892_A,HIS_896_A"
TYR_750_A,"LYS_680_A,ASP_681_A,ARG_749_A,LEU_751_A,THR_753_A,LEU_754_A"
LEU_751_A,"TYR_750_A,ALA_752_A,PHE_756_A"
ALA_752_A,"MET_748_A,LEU_751_A,THR_753_A"
THR_753_A,"TYR_750_A,ALA_752_A,LEU_754_A"
LEU_754_A,"LEU_679_A,TYR_750_A,THR_753_A,ASN_755_A"
ASN_755_A,"LEU_754_A,PHE_756_A"
PHE_756_A,"ILE_675_A,LEU_751_A,ASN_755_A,VAL_757_A"
VAL_757_A,"PHE_756_A,HIS_758_A"
HIS_758_A,"VAL_757_A,ARG_759_A,ASP_760_A,ALA_777_A,ASP_778_A,ASP_819_A"
ARG_759_A,"HIS_758_A,ASP_760_A,PHE_814_A"
ASP_760_A,"HIS_758_A,ARG_759_A,LEU_761_A,ARG_764_A,ASN_765_A,ASP_778_A,TYR_790_A"
LEU_761_A,"ASP_760_A,ALA_762_A"
ALA_762_A,"LEU_761_A,THR_763_A"
THR_763_A,"ALA_762_A,ARG_764_A,GLU_829_A"
ARG_764_A,"ASP_760_A,THR_763_A,ASN_765_A,ARG_783_A,ASP_789_A,TYR_790_A,GLU_829_A"
ASN_765_A,"ASP_760_A,ARG_764_A,CYS_766_A,ALA_777_A"
CYS_766_A,"LEU_709_A,ASN_765_A,LEU_767_A"
LEU_767_A,"MET_704_A,CYS_766_A,VAL_768_A,LYS_775_A,PHE_779_A"
VAL_768_A,"ASN_706_A,GLY_707_A,LEU_767_A,GLY_769_A,ILE_774_A"
GLY_769_A,"ASN_706_A,VAL_768_A,GLU_770_A,THR_773_A"
GLU_770_A,"GLU_705_A,GLY_769_A,ASN_771_A,THR_773_A"
ASN_771_A,"GLU_770_A,PHE_772_A"
PHE_772_A,"MET_736_A,GLN_743_A,ASN_771_A,THR_773_A"
THR_773_A,"GLY_769_A,GLU_770_A,PHE_772_A,ILE_774_A"
ILE_774_A,"VAL_768_A,THR_773_A,LYS_775_A"
LYS_775_A,"ARG_686_A,ASP_702_A,MET_704_A,LEU_767_A,ILE_774_A,ILE_776_A"
ILE_776_A,"ASN_683_A,ILE_684_A,LYS_775_A,ALA_777_A"
ALA_777_A,"HIS_758_A,ASN_765_A,ILE_776_A,ASP_778_A"
ASP_778_A,"HIS_758_A,ASP_760_A,ALA_777_A,PHE_779_A"
PHE_779_A,"LEU_767_A,ASP_778_A,GLY_780_A"
GLY_780_A,"PHE_779_A,MET_781_A"
MET_781_A,"GLY_780_A,SER_782_A,TYR_790_A"
SER_782_A,"MET_781_A,ARG_783_A"
ARG_783_A,"ASP_708_A,ARG_764_A,SER_782_A,ASN_784_A"
ASN_784_A,"ARG_783_A,LEU_785_A"
LEU_785_A,"ASN_784_A,TYR_786_A"
TYR_786_A,"ASP_708_A,LEU_785_A,ALA_787_A,ASP_789_A"
ALA_787_A,"TYR_786_A,GLY_788_A"
GLY_788_A,"ALA_787_A,ASP_789_A"
ASP_789_A,"ARG_764_A,TYR_786_A,GLY_788_A,TYR_790_A,ARG_802_A,TRP_803_A,GLU_829_A,GLN_837_A"
TYR_790_A,"ASP_760_A,ARG_764_A,MET_781_A,ASP_789_A,TYR_791_A,VAL_798_A,PRO_800_A"
TYR_791_A,"TYR_790_A,ARG_792_A,LEU_799_A,ILE_801_A,ASP_844_A,ILE_848_A"
ARG_792_A,"TYR_791_A,VAL_793_A,ARG_796_A,VAL_798_A"
VAL_793_A,"ARG_792_A,GLN_794_A,ALA_797_A,ILE_801_A"
GLN_794_A,"VAL_793_A,GLY_795_A"
GLY_795_A,"GLN_794_A,ARG_796_A"
ARG_796_A,"ARG_792_A,GLY_795_A,ALA_797_A,CYS_808_A"
ALA_797_A,"VAL_793_A,ARG_796_A,VAL_798_A"
VAL_798_A,"TYR_790_A,ARG_792_A,ALA_797_A,LEU_799_A"
LEU_799_A,"TYR_791_A,VAL_798_A,ILE_801_A"
PRO_800_A,"TYR_790_A,ILE_801_A"
ILE_801_A,"TYR_791_A,VAL_793_A,LEU_799_A,PRO_800_A,ARG_802_A"
ARG_802_A,"ASP_789_A,ILE_801_A,TRP_803_A,PHE_839_A,ASP_844_A"
TRP_803_A,"ASP_789_A,ARG_802_A,MET_804_A,GLU_829_A,PRO_838_A"
MET_804_A,"TRP_803_A,ALA_805_A,CYS_808_A,PHE_814_A"
ALA_805_A,"MET_804_A,TRP_806_A,CYS_808_A,TRP_821_A"
TRP_806_A,"ALA_805_A,GLU_807_A,LEU_810_A,PHE_855_A"
GLU_807_A,"TRP_806_A,CYS_808_A,ARG_889_A"
CYS_808_A,"ARG_796_A,MET_804_A,ALA_805_A,GLU_807_A,ILE_809_A,GLY_812_A"
ILE_809_A,"CYS_808_A,LEU_810_A,ALA_851_A"
LEU_810_A,"TRP_806_A,ILE_809_A,MET_811_A,PHE_855_A"
MET_811_A,"LEU_810_A,GLY_812_A"
GLY_812_A,"CYS_808_A,MET_811_A,LYS_813_A"
LYS_813_A,"GLY_812_A,PHE_814_A"
PHE_814_A,"ARG_759_A,MET_804_A,LYS_813_A,THR_815_A"
THR_815_A,"PHE_814_A,THR_816_A,SER_818_A,ASP_819_A"
THR_816_A,"THR_815_A,ALA_817_A,ASP_819_A,VAL_820_A"
ALA_817_A,"THR_816_A,SER_818_A"
SER_818_A,"THR_815_A,ALA_817_A,ASP_819_A,ALA_822_A"
ASP_819_A,"MET_748_A,HIS_758_A,THR_815_A,THR_816_A,SER_818_A,VAL_820_A,PHE_823_A"
VAL_820_A,"THR_816_A,ASP_819_A,TRP_821_A,GLY_824_A,PHE_892_A"
TRP_821_A,"ALA_805_A,VAL_820_A,ALA_822_A"
ALA_822_A,"SER_818_A,TRP_821_A,PHE_823_A,THR_826_A"
PHE_823_A,"ILE_744_A,ASP_819_A,ALA_822_A,GLY_824_A,LEU_827_A,PHE_892_A,LEU_895_A"
GLY_824_A,"VAL_820_A,PHE_823_A,VAL_825_A"
VAL_825_A,"GLY_824_A,THR_826_A,PRO_838_A"
THR_826_A,"ALA_822_A,VAL_825_A,LEU_827_A"
LEU_827_A,"ALA_741_A,PHE_823_A,THR_826_A,TRP_828_A"
TRP_828_A,"LEU_827_A,GLU_829_A,MET_832_A,SER_865_A"
GLU_829_A,"THR_763_A,ARG_764_A,ASP_789_A,TRP_803_A,TRP_828_A,VAL_830_A"
VAL_830_A,"LEU_737_A,GLU_829_A,LEU_831_A"
LEU_831_A,"VAL_830_A,MET_832_A,CYS_870_A,MET_878_A"
MET_832_A,"TRP_828_A,LEU_831_A,LEU_833_A"
LEU_833_A,"MET_832_A,CYS_834_A,ARG_835_A"
CYS_834_A,"LEU_833_A,ARG_835_A"
ARG_835_A,"HIS_716_A,LEU_833_A,CYS_834_A,ALA_836_A"
ALA_836_A,"ARG_835_A,GLN_837_A"
GLN_837_A,"ASP_789_A,ALA_836_A"
PRO_838_A,"TRP_803_A,VAL_825_A,PHE_839_A"
PHE_839_A,"ARG_802_A,PRO_838_A,GLY_840_A,LEU_842_A,LEU_864_A"
GLY_840_A,"PHE_839_A,GLN_841_A"
GLN_841_A,"GLY_840_A,LEU_842_A"
LEU_842_A,"PHE_839_A,GLN_841_A,THR_843_A"
THR_843_A,"LEU_842_A,ASP_844_A,GLN_846_A,VAL_847_A"
ASP_844_A,"TYR_791_A,ARG_802_A,THR_843_A,GLU_845_A"
GLU_845_A,"ASP_844_A,GLN_846_A,GLU_849_A"
GLN_846_A,"THR_843_A,GLU_845_A,VAL_847_A,ASN_850_A"
VAL_847_A,"THR_843_A,GLN_846_A,ILE_848_A"
ILE_848_A,"TYR_791_A,VAL_847_A,GLU_849_A"
GLU_849_A,"GLU_845_A,ILE_848_A,ASN_850_A,GLY_852_A,GLU_853_A,ARG_856_A"
ASN_850_A,"GLN_846_A,GLU_849_A,ALA_851_A,GLU_853_A"
ALA_851_A,"ILE_809_A,ASN_850_A,GLY_852_A"
GLY_852_A,"GLU_849_A,ALA_851_A,GLU_853_A,ARG_856_A"
GLU_853_A,"GLU_849_A,ASN_850_A,GLY_852_A,PHE_854_A,ARG_856_A,ASP_857_A,ARG_860_A,GLN_861_A"
PHE_854_A,"GLU_853_A,PHE_855_A,TYR_863_A"
PHE_855_A,"TRP_806_A,LEU_810_A,PHE_854_A,ARG_856_A"
ARG_856_A,"GLU_849_A,GLY_852_A,GLU_853_A,PHE_855_A,ASP_857_A"
ASP_857_A,"GLU_853_A,ARG_856_A,GLN_858_A,ARG_884_A,GLU_885_A"
GLN_858_A,"ASP_857_A,GLY_859_A"
GLY_859_A,"GLN_858_A,ARG_860_A"
ARG_860_A,"GLU_853_A,GLY_859_A,GLN_861_A"
GLN_861_A,"GLU_853_A,ARG_860_A,VAL_862_A,TYR_863_A"
VAL_862_A,"GLN_861_A,TYR_863_A"
TYR_863_A,"PHE_854_A,GLN_861_A,VAL_862_A,LEU_864_A"
LEU_864_A,"PHE_839_A,TYR_863_A,SER_865_A,TYR_875_A,TRP_882_A"
SER_865_A,"TRP_828_A,LEU_864_A,ARG_866_A"
ARG_866_A,"SER_865_A,CYS_870_A,TYR_875_A"
PRO_867_A,CYS_870_A
PRO_868_A,ALA_869_A
ALA_869_A,"PRO_868_A,CYS_870_A"
CYS_870_A,"LEU_831_A,ARG_866_A,PRO_867_A,ALA_869_A"
PRO_871_A,GLN_872_A
GLN_872_A,"PRO_871_A,GLY_873_A,TYR_875_A,GLU_876_A"
GLY_873_A,"GLN_872_A,LEU_874_A"
LEU_874_A,"GLY_873_A,TYR_875_A,MET_878_A,PHE_898_A"
TYR_875_A,"LEU_864_A,ARG_866_A,GLN_872_A,LEU_874_A,GLU_876_A,LEU_879_A"
GLU_876_A,"GLN_872_A,TYR_875_A,LEU_877_A"
LEU_877_A,"GLU_876_A,MET_878_A,PHE_898_A"
MET_878_A,"LEU_831_A,LEU_874_A,LEU_877_A,LEU_879_A,CYS_881_A,TRP_882_A"
LEU_879_A,"TYR_875_A,MET_878_A,ARG_880_A,TRP_882_A"
ARG_880_A,"LEU_879_A,CYS_881_A,SER_883_A"
CYS_881_A,"MET_878_A,ARG_880_A,TRP_882_A"
TRP_882_A,"LEU_864_A,MET_878_A,LEU_879_A,CYS_881_A,SER_883_A"
SER_883_A,"ARG_880_A,TRP_882_A,ARG_884_A,ARG_889_A"
ARG_884_A,"ASP_857_A,SER_883_A,GLU_885_A"
GLU_885_A,"ASP_857_A,ARG_884_A,SER_886_A,GLU_887_A"
SER_886_A,"GLU_885_A,GLU_887_A"
GLU_887_A,"GLU_885_A,SER_886_A,GLN_888_A"
GLN_888_A,"GLU_887_A,ARG_889_A"
ARG_889_A,"GLU_807_A,SER_883_A,GLN_888_A"
PRO_891_A,"PHE_892_A,GLN_894_A"
PHE_892_A,"MET_748_A,ARG_749_A,VAL_820_A,PHE_823_A,PRO_891_A,SER_893_A,HIS_896_A"
SER_893_A,"PHE_892_A,GLN_894_A"
GLN_894_A,"PRO_891_A,SER_893_A,LEU_895_A"
LEU_895_A,"PHE_823_A,GLN_894_A,HIS_896_A"
HIS_896_A,"ALA_745_A,ARG_749_A,PHE_892_A,LEU_895_A,ARG_897_A,ALA_900_A"
ARG_897_A,"HIS_896_A,PHE_898_A,GLU_901_A,ASP_902_A"
PHE_898_A,"LEU_874_A,LEU_877_A,ARG_897_A,LEU_899_A,ASP_902_A,ALA_903_A"
LEU_899_A,"PHE_898_A,ALA_900_A"
ALA_900_A,"HIS_896_A,LEU_899_A,GLU_901_A"
GLU_901_A,"ARG_897_A,ALA_900_A,ASP_902_A"
ASP_902_A,"ARG_897_A,PHE_898_A,GLU_901_A,ALA_903_A"
ALA_903_A,"PHE_898_A,ASP_902_A,LEU_904_A"
LEU_904_A,"LEU_738_A,ALA_903_A,ASN_905_A"
ASN_905_A,"LEU_904_A,THR_906_A"
THR_906_A,ASN_905_A
