residue_id,neighbors
TYR_116_A,"ASN_117_A,VAL_289_A"
ASN_117_A,"TYR_116_A,GLY_118_A"
GLY_118_A,"ASN_117_A,ASN_119_A"
ASN_119_A,"GLY_118_A,PHE_121_A,SER_122_A"
PRO_120_A,"PHE_121_A,ARG_244_A,ALA_290_A"
PHE_121_A,"ASN_119_A,PRO_120_A,SER_122_A,LEU_126_A,ILE_246_A,ILE_378_A,ALA_420_A,VAL_422_A"
SER_122_A,"ASN_119_A,PHE_121_A,GLY_123_A,ARG_244_A"
GLY_123_A,"SER_122_A,VAL_124_A"
VAL_124_A,"GLY_123_A,GLN_125_A"
GLN_125_A,"VAL_124_A,LEU_126_A,PRO_192_A,TYR_193_A,ALA_194_A"
LEU_126_A,"PHE_121_A,GLN_125_A,TRP_127_A,PRO_159_A"
TRP_127_A,"LEU_126_A,ALA_128_A,GLU_180_A,ILE_181_A,ALA_184_A,TYR_193_A,ALA_194_A"
ALA_128_A,"TRP_127_A,ASN_129_A"
ASN_129_A,"ALA_128_A,THR_130_A,TYR_132_A"
THR_130_A,"ASN_129_A,TYR_131_A,SER_133_A,SER_134_A,GLU_180_A"
TYR_131_A,"THR_130_A,TYR_132_A,LEU_173_A"
TYR_132_A,"ASN_129_A,TYR_131_A,SER_133_A,VAL_136_A,PRO_426_A,GLY_427_A"
SER_133_A,"THR_130_A,TYR_132_A,SER_134_A,HIS_137_A"
SER_134_A,"THR_130_A,SER_133_A,GLU_135_A,THR_138_A"
GLU_135_A,"SER_134_A,VAL_136_A,LEU_139_A,GLU_429_A"
VAL_136_A,"TYR_132_A,GLU_135_A,HIS_137_A,ILE_141_A,TRP_460_A"
HIS_137_A,"SER_133_A,VAL_136_A,THR_138_A"
THR_138_A,"SER_134_A,HIS_137_A,LEU_139_A"
LEU_139_A,"GLU_135_A,THR_138_A,ALA_140_A,TRP_460_A"
ALA_140_A,"LEU_139_A,ILE_141_A,PHE_465_A"
ILE_141_A,"VAL_136_A,ALA_140_A,ALA_152_A"
PRO_142_A,SER_143_A
SER_143_A,"PRO_142_A,LEU_144_A"
LEU_144_A,"SER_143_A,SER_145_A,ALA_152_A"
SER_145_A,"LEU_144_A,ALA_149_A"
PRO_146_A,GLU_147_A
GLU_147_A,"PRO_146_A,LEU_148_A"
LEU_148_A,"GLU_147_A,ALA_149_A"
ALA_149_A,"SER_145_A,LEU_148_A,ALA_150_A,ALA_153_A"
ALA_150_A,"ALA_149_A,LYS_151_A"
LYS_151_A,"ALA_150_A,ALA_152_A"
ALA_152_A,"ILE_141_A,LEU_144_A,LYS_151_A,ALA_153_A,PHE_465_A"
ALA_153_A,"ALA_149_A,ALA_152_A,LYS_154_A"
LYS_154_A,"ALA_153_A,VAL_155_A,ARG_408_A"
VAL_155_A,"LYS_154_A,ALA_156_A,PHE_405_A,LEU_469_A"
ALA_156_A,"VAL_155_A,GLU_157_A"
GLU_157_A,"ALA_156_A,VAL_158_A"
VAL_158_A,"GLU_157_A,TRP_423_A"
PRO_159_A,"LEU_126_A,SER_160_A"
SER_160_A,"PRO_159_A,PHE_161_A"
PHE_161_A,"SER_160_A,GLN_162_A,ILE_196_A,VAL_198_A,VAL_248_A,VAL_422_A,TRP_423_A"
GLN_162_A,"PHE_161_A,TRP_163_A,THR_177_A,ILE_196_A,PHE_197_A,VAL_198_A"
TRP_163_A,"GLN_162_A,LEU_164_A,VAL_198_A,TYR_200_A,PRO_251_A,VAL_424_A"
LEU_164_A,"TRP_163_A,ASP_165_A,PHE_174_A,VAL_198_A,TYR_229_A"
ASP_165_A,"LEU_164_A,ARG_166_A,ARG_205_A"
ARG_166_A,"ASP_165_A,ASN_167_A,THR_169_A"
ASN_167_A,"ARG_166_A,VAL_168_A,GLU_215_A,TRP_216_A"
VAL_168_A,"ASN_167_A,THR_169_A,THR_172_A"
THR_169_A,"ARG_166_A,VAL_168_A,VAL_170_A,PHE_174_A"
VAL_170_A,"THR_169_A,ASP_171_A,TYR_229_A,ARG_232_A,LEU_236_A"
ASP_171_A,"VAL_170_A,THR_172_A,ARG_232_A"
THR_172_A,"VAL_168_A,ASP_171_A,LEU_173_A,GLY_176_A"
LEU_173_A,"TYR_131_A,THR_172_A,PHE_174_A,THR_177_A"
PHE_174_A,"LEU_164_A,THR_169_A,LEU_173_A,SER_175_A,LEU_178_A,PHE_197_A"
SER_175_A,"PHE_174_A,GLY_176_A,ALA_179_A"
GLY_176_A,"THR_172_A,SER_175_A,THR_177_A,GLU_180_A"
THR_177_A,"GLN_162_A,LEU_173_A,GLY_176_A,LEU_178_A,ILE_181_A,PHE_197_A"
LEU_178_A,"PHE_174_A,THR_177_A,ALA_179_A,ARG_182_A,TYR_240_A"
ALA_179_A,"SER_175_A,LEU_178_A,GLU_180_A"
GLU_180_A,"TRP_127_A,THR_130_A,GLY_176_A,ALA_179_A,ILE_181_A"
ILE_181_A,"TRP_127_A,THR_177_A,GLU_180_A,ARG_182_A,ASN_185_A,ILE_243_A"
ARG_182_A,"LEU_178_A,ILE_181_A,ALA_183_A,GLN_186_A,GLN_239_A,ASP_242_A"
ALA_183_A,"ARG_182_A,ALA_184_A,ARG_187_A"
ALA_184_A,"TRP_127_A,ALA_183_A,ASN_185_A,TYR_193_A"
ASN_185_A,"ILE_181_A,ALA_184_A,GLN_186_A,TYR_193_A"
GLN_186_A,"ARG_182_A,ASN_185_A,ARG_187_A"
ARG_187_A,"ALA_183_A,GLN_186_A,GLY_188_A"
GLY_188_A,"ARG_187_A,ALA_189_A"
ALA_189_A,"GLY_188_A,ASN_190_A,TYR_193_A"
ASN_190_A,ALA_189_A
PRO_192_A,"GLN_125_A,TYR_193_A"
TYR_193_A,"GLN_125_A,TRP_127_A,ALA_184_A,ASN_185_A,ALA_189_A,PRO_192_A,ALA_194_A"
ALA_194_A,"GLN_125_A,TRP_127_A,TYR_193_A,GLY_195_A"
GLY_195_A,"ALA_194_A,ILE_196_A,ARG_244_A,ILE_246_A"
ILE_196_A,"PHE_161_A,GLN_162_A,GLY_195_A,PHE_197_A"
PHE_197_A,"GLN_162_A,PHE_174_A,THR_177_A,ILE_196_A,VAL_198_A,THR_245_A,ILE_246_A,LEU_247_A"
VAL_198_A,"PHE_161_A,GLN_162_A,TRP_163_A,LEU_164_A,PHE_197_A,VAL_199_A,PRO_251_A,VAL_424_A"
VAL_199_A,"VAL_198_A,TYR_200_A,TYR_229_A,VAL_248_A,ILE_249_A,GLU_250_A"
TYR_200_A,"TRP_163_A,VAL_199_A,ASP_201_A,ARG_205_A"
ASP_201_A,"TYR_200_A,LEU_202_A,ARG_205_A,GLU_215_A,GLU_250_A"
LEU_202_A,"ASP_201_A,GLU_250_A"
PRO_203_A,"ASP_204_A,LEU_276_A"
ASP_204_A,"PRO_203_A,ARG_205_A,ILE_218_A,LYS_265_A,TYR_273_A"
ARG_205_A,"ASP_165_A,TYR_200_A,ASP_201_A,ASP_204_A,ASP_206_A,SER_212_A,ARG_440_A"
ASP_206_A,"ARG_205_A,CYS_207_A,SER_212_A,ASP_252_A,ASP_442_A"
CYS_207_A,"ASP_206_A,ALA_208_A,CYS_266_A"
ALA_208_A,"CYS_207_A,ALA_209_A"
ALA_209_A,"ALA_208_A,ALA_210_A"
ALA_210_A,"ALA_209_A,ALA_211_A,ASP_442_A"
ALA_211_A,"ALA_210_A,SER_212_A"
SER_212_A,"ARG_205_A,ASP_206_A,ALA_211_A,ASN_213_A"
ASN_213_A,"SER_212_A,GLY_214_A,LYS_265_A,ARG_440_A"
GLY_214_A,"ASN_213_A,GLU_215_A"
GLU_215_A,"ASN_167_A,ASP_201_A,GLY_214_A,TRP_216_A"
TRP_216_A,"ASN_167_A,GLU_215_A,SER_217_A,ASN_225_A,TYR_229_A"
SER_217_A,"TRP_216_A,ILE_218_A,GLY_222_A"
ILE_218_A,"ASP_204_A,SER_217_A,ALA_219_A,ALA_269_A"
ALA_219_A,"ILE_218_A,ASN_220_A"
ASN_220_A,"ALA_219_A,ASN_221_A"
ASN_221_A,"ASN_220_A,GLY_222_A"
GLY_222_A,"SER_217_A,ASN_221_A,ALA_223_A,TYR_226_A"
ALA_223_A,"GLY_222_A,ASN_224_A,LYS_227_A"
ASN_224_A,"ALA_223_A,ASN_225_A"
ASN_225_A,"TRP_216_A,ASN_224_A,TYR_226_A"
TYR_226_A,"GLY_222_A,ASN_225_A,LYS_227_A,TYR_229_A,ILE_230_A,GLU_250_A,LEU_276_A"
LYS_227_A,"ALA_223_A,TYR_226_A,ARG_228_A,ASP_231_A,GLU_275_A"
ARG_228_A,"LYS_227_A,TYR_229_A,ASP_231_A,ARG_232_A"
TYR_229_A,"LEU_164_A,VAL_170_A,VAL_199_A,TRP_216_A,TYR_226_A,ARG_228_A,ILE_230_A,ILE_233_A"
ILE_230_A,"TYR_226_A,TYR_229_A,ASP_231_A,ARG_234_A,TYR_279_A,ALA_280_A,GLN_283_A"
ASP_231_A,"LYS_227_A,ARG_228_A,ILE_230_A,ARG_232_A,TYR_279_A"
ARG_232_A,"VAL_170_A,ASP_171_A,ARG_228_A,ASP_231_A,ILE_233_A,GLU_235_A"
ILE_233_A,"TYR_229_A,ARG_232_A,ARG_234_A,LEU_237_A"
ARG_234_A,"ILE_230_A,ILE_233_A,GLU_235_A,ILE_238_A,GLN_283_A"
GLU_235_A,"ARG_232_A,ARG_234_A,LEU_236_A,GLN_239_A"
LEU_236_A,"VAL_170_A,GLU_235_A,LEU_237_A,TYR_240_A"
LEU_237_A,"ILE_233_A,LEU_236_A,ILE_238_A,SER_241_A,THR_245_A,LEU_286_A,HIS_288_A"
ILE_238_A,"ARG_234_A,LEU_237_A,GLN_239_A,LEU_286_A"
GLN_239_A,"ARG_182_A,GLU_235_A,ILE_238_A,TYR_240_A"
TYR_240_A,"LEU_178_A,LEU_236_A,GLN_239_A,SER_241_A"
SER_241_A,"LEU_237_A,TYR_240_A,ASP_242_A"
ASP_242_A,"ARG_182_A,SER_241_A,ILE_243_A"
ILE_243_A,"ILE_181_A,ASP_242_A,ARG_244_A,THR_245_A"
ARG_244_A,"PRO_120_A,SER_122_A,GLY_195_A,ILE_243_A,THR_245_A"
THR_245_A,"PHE_197_A,LEU_237_A,ILE_243_A,ARG_244_A,ILE_246_A,LEU_247_A,HIS_288_A,ALA_290_A"
ILE_246_A,"PHE_121_A,GLY_195_A,PHE_197_A,THR_245_A,LEU_247_A"
LEU_247_A,"PHE_197_A,THR_245_A,ILE_246_A,VAL_248_A,ALA_290_A,TYR_292_A"
VAL_248_A,"PHE_161_A,VAL_199_A,LEU_247_A,ILE_249_A"
ILE_249_A,"VAL_199_A,VAL_248_A,GLU_250_A,TYR_292_A"
GLU_250_A,"VAL_199_A,ASP_201_A,LEU_202_A,TYR_226_A,ILE_249_A,SER_253_A"
PRO_251_A,"TRP_163_A,VAL_198_A,ASP_252_A"
ASP_252_A,"ASP_206_A,PRO_251_A,SER_253_A,ASN_256_A,ASP_294_A"
SER_253_A,"GLU_250_A,ASP_252_A,LEU_254_A"
LEU_254_A,"SER_253_A,ALA_255_A,MET_293_A,PHE_314_A"
ALA_255_A,"LEU_254_A,ASN_256_A,TRP_300_A,LEU_301_A"
ASN_256_A,"ASP_252_A,ALA_255_A,MET_257_A,ASN_260_A"
MET_257_A,"ASN_256_A,VAL_258_A,TYR_273_A,LEU_313_A"
VAL_258_A,"MET_257_A,THR_259_A,LEU_301_A,LEU_313_A"
THR_259_A,"VAL_258_A,ASN_260_A,TRP_300_A"
ASN_260_A,"ASN_256_A,THR_259_A,MET_261_A,VAL_263_A"
MET_261_A,"ASN_260_A,ASN_262_A,ALA_270_A"
ASN_262_A,"MET_261_A,VAL_263_A"
VAL_263_A,"ASN_260_A,ASN_262_A,GLN_264_A,CYS_266_A,SER_267_A"
GLN_264_A,"VAL_263_A,LYS_265_A,ASN_268_A"
LYS_265_A,"ASP_204_A,ASN_213_A,GLN_264_A,CYS_266_A"
CYS_266_A,"CYS_207_A,VAL_263_A,LYS_265_A,SER_267_A,ALA_270_A"
SER_267_A,"VAL_263_A,CYS_266_A,ASN_268_A"
ASN_268_A,"GLN_264_A,SER_267_A,ALA_269_A"
ALA_269_A,"ILE_218_A,ASN_268_A,ALA_270_A,TYR_273_A"
ALA_270_A,"MET_261_A,CYS_266_A,ALA_269_A,SER_271_A"
SER_271_A,"ALA_270_A,THR_272_A"
THR_272_A,"SER_271_A,TYR_273_A,LEU_276_A"
TYR_273_A,"ASP_204_A,MET_257_A,ALA_269_A,THR_272_A,LYS_274_A,THR_277_A"
LYS_274_A,"TYR_273_A,GLU_275_A"
GLU_275_A,"LYS_227_A,LYS_274_A,LEU_276_A"
LEU_276_A,"PRO_203_A,TYR_226_A,THR_272_A,GLU_275_A,THR_277_A,ALA_280_A"
THR_277_A,"TYR_273_A,LEU_276_A,VAL_278_A,LEU_281_A"
VAL_278_A,"THR_277_A,TYR_279_A,LYS_282_A"
TYR_279_A,"ILE_230_A,ASP_231_A,VAL_278_A,ALA_280_A,GLN_283_A"
ALA_280_A,"ILE_230_A,LEU_276_A,TYR_279_A,LEU_281_A,LEU_284_A"
LEU_281_A,"THR_277_A,ALA_280_A,LYS_282_A,ILE_317_A"
LYS_282_A,"VAL_278_A,LEU_281_A,GLN_283_A"
GLN_283_A,"ILE_230_A,ARG_234_A,TYR_279_A,LYS_282_A,LEU_284_A"
LEU_284_A,"ALA_280_A,GLN_283_A,ASN_285_A,LEU_286_A"
ASN_285_A,"LEU_284_A,LEU_286_A,ALA_326_A"
LEU_286_A,"LEU_237_A,ILE_238_A,LEU_284_A,ASN_285_A,VAL_289_A"
PRO_287_A,HIS_288_A
HIS_288_A,"LEU_237_A,THR_245_A,PRO_287_A,VAL_289_A"
VAL_289_A,"TYR_116_A,LEU_286_A,HIS_288_A,ALA_290_A"
ALA_290_A,"PRO_120_A,THR_245_A,LEU_247_A,VAL_289_A,MET_291_A"
MET_291_A,"ALA_290_A,TYR_292_A,ALA_326_A,ARG_328_A"
TYR_292_A,"LEU_247_A,ILE_249_A,MET_291_A,MET_293_A,ARG_328_A,ILE_378_A,ASP_419_A"
MET_293_A,"LEU_254_A,TYR_292_A,ASP_294_A,ILE_317_A,GLY_329_A,LEU_330_A,ALA_331_A"
ASP_294_A,"ASP_252_A,MET_293_A,ALA_295_A"
ALA_295_A,"ASP_294_A,GLY_296_A,PHE_314_A,LEU_330_A,ALA_331_A,TYR_360_A"
GLY_296_A,"ALA_295_A,HIS_297_A,ASN_333_A"
HIS_297_A,"GLY_296_A,ALA_298_A,TRP_300_A,LEU_301_A,GLU_357_A"
ALA_298_A,"HIS_297_A,GLY_299_A,GLU_357_A,TYR_360_A"
GLY_299_A,"ALA_298_A,TRP_300_A"
TRP_300_A,"ALA_255_A,THR_259_A,HIS_297_A,GLY_299_A,LEU_301_A,ASN_306_A"
LEU_301_A,"ALA_255_A,VAL_258_A,HIS_297_A,TRP_300_A,GLY_302_A"
GLY_302_A,"LEU_301_A,TRP_303_A,ASN_354_A"
TRP_303_A,"GLY_302_A,ASN_306_A,ASN_352_A,TRP_394_A"
PRO_304_A,"ALA_305_A,PRO_353_A"
ALA_305_A,"PRO_304_A,ASN_306_A"
ASN_306_A,"TRP_300_A,TRP_303_A,ALA_305_A,ILE_307_A"
ILE_307_A,"ASN_306_A,GLN_308_A,ALA_311_A,PHE_364_A"
GLN_308_A,ILE_307_A
PRO_309_A,ALA_310_A
ALA_310_A,"PRO_309_A,ALA_311_A,PHE_314_A"
ALA_311_A,"ILE_307_A,ALA_310_A,GLU_312_A,ALA_315_A,LEU_367_A"
GLU_312_A,"ALA_311_A,LEU_313_A,GLN_316_A"
LEU_313_A,"MET_257_A,VAL_258_A,GLU_312_A,PHE_314_A,ILE_317_A"
PHE_314_A,"LEU_254_A,ALA_295_A,ALA_310_A,LEU_313_A,ALA_315_A,TYR_318_A,LEU_330_A,LEU_368_A"
ALA_315_A,"ALA_311_A,PHE_314_A,GLN_316_A,ARG_319_A,GLN_371_A"
GLN_316_A,"GLU_312_A,ALA_315_A,ILE_317_A,ASP_320_A"
ILE_317_A,"LEU_281_A,MET_293_A,LEU_313_A,GLN_316_A,TYR_318_A,ALA_321_A"
TYR_318_A,"PHE_314_A,ILE_317_A,ARG_319_A,ARG_323_A,PHE_373_A"
ARG_319_A,"ALA_315_A,TYR_318_A,ASP_320_A,GLY_322_A"
ASP_320_A,"GLN_316_A,ARG_319_A,ALA_321_A"
ALA_321_A,"ILE_317_A,ASP_320_A,GLY_322_A"
GLY_322_A,"ARG_319_A,ALA_321_A,ARG_323_A"
ARG_323_A,"TYR_318_A,GLY_322_A,GLY_372_A"
PRO_324_A,"ALA_325_A,VAL_327_A"
ALA_325_A,"PRO_324_A,ALA_326_A"
ALA_326_A,"ASN_285_A,MET_291_A,ALA_325_A,VAL_327_A"
VAL_327_A,"PRO_324_A,ALA_326_A,ARG_328_A,PHE_373_A"
ARG_328_A,"MET_291_A,TYR_292_A,VAL_327_A,GLY_329_A,LYS_376_A,ASP_419_A"
GLY_329_A,"MET_293_A,ARG_328_A,LEU_330_A"
LEU_330_A,"MET_293_A,ALA_295_A,PHE_314_A,GLY_329_A,ALA_331_A,PHE_364_A,LEU_368_A,PHE_373_A,LYS_376_A"
ALA_331_A,"MET_293_A,ALA_295_A,LEU_330_A,THR_332_A,ILE_378_A"
THR_332_A,"ALA_331_A,ASN_333_A,GLU_357_A,TYR_360_A,ILE_378_A"
ASN_333_A,"GLY_296_A,THR_332_A,VAL_334_A,ASN_336_A,ASP_380_A"
VAL_334_A,"ASN_333_A,ALA_335_A,ASN_336_A,VAL_424_A"
ALA_335_A,"VAL_334_A,ASN_336_A,ARG_383_A,LYS_425_A"
ASN_336_A,"ASN_333_A,VAL_334_A,ALA_335_A,TYR_337_A"
TYR_337_A,"ASN_336_A,ASN_338_A,TRP_397_A,VAL_400_A,THR_403_A"
ASN_338_A,"TYR_337_A,ALA_339_A,GLU_357_A,ASN_384_A,TRP_394_A"
ALA_339_A,"ASN_338_A,TRP_340_A,ILE_342_A,GLU_357_A"
TRP_340_A,"ALA_339_A,SER_341_A,LYS_358_A,VAL_418_A,PHE_421_A"
SER_341_A,"TRP_340_A,ILE_342_A"
ILE_342_A,"ALA_339_A,SER_341_A,ALA_343_A,TYR_355_A,ASP_356_A"
ALA_343_A,"ILE_342_A,SER_344_A"
SER_344_A,ALA_343_A
PRO_345_A,TYR_355_A
PRO_346_A,"SER_347_A,TYR_348_A,THR_349_A"
SER_347_A,"PRO_346_A,TYR_348_A"
TYR_348_A,"PRO_346_A,SER_347_A,THR_349_A"
THR_349_A,"PRO_346_A,TYR_348_A,SER_350_A,ASN_352_A,TRP_394_A"
SER_350_A,THR_349_A
PRO_351_A,ASN_352_A
ASN_352_A,"TRP_303_A,THR_349_A,PRO_351_A,ASN_354_A,TRP_394_A"
PRO_353_A,"PRO_304_A,ASN_354_A"
ASN_354_A,"GLY_302_A,ASN_352_A,PRO_353_A,TYR_355_A"
TYR_355_A,"ILE_342_A,PRO_345_A,ASN_354_A,ASP_356_A"
ASP_356_A,"ILE_342_A,TYR_355_A,GLU_357_A,HIS_359_A"
GLU_357_A,"HIS_297_A,ALA_298_A,THR_332_A,ASN_338_A,ALA_339_A,ASP_356_A,LYS_358_A,ILE_361_A"
LYS_358_A,"TRP_340_A,GLU_357_A,HIS_359_A,GLU_362_A,HIS_415_A"
HIS_359_A,"ASP_356_A,LYS_358_A,TYR_360_A"
TYR_360_A,"ALA_295_A,ALA_298_A,THR_332_A,HIS_359_A,ILE_361_A,PHE_364_A"
ILE_361_A,"GLU_357_A,TYR_360_A,GLU_362_A,ALA_365_A,PHE_377_A,VAL_379_A,LEU_417_A"
GLU_362_A,"LYS_358_A,ILE_361_A,ALA_363_A,HIS_415_A"
ALA_363_A,"GLU_362_A,PHE_364_A"
PHE_364_A,"ILE_307_A,LEU_330_A,TYR_360_A,ALA_363_A,ALA_365_A,LEU_368_A"
ALA_365_A,"ILE_361_A,PHE_364_A,ARG_369_A,LEU_417_A"
PRO_366_A,"LEU_367_A,ASN_370_A"
LEU_367_A,"ALA_311_A,PRO_366_A,LEU_368_A"
LEU_368_A,"PHE_314_A,LEU_330_A,PHE_364_A,LEU_367_A,ARG_369_A,GLN_371_A"
ARG_369_A,"ALA_365_A,LEU_368_A,ASN_370_A,ASP_374_A"
ASN_370_A,"PRO_366_A,ARG_369_A,GLN_371_A"
GLN_371_A,"ALA_315_A,LEU_368_A,ASN_370_A,GLY_372_A"
GLY_372_A,"ARG_323_A,GLN_371_A,PHE_373_A"
PHE_373_A,"TYR_318_A,VAL_327_A,LEU_330_A,GLY_372_A,ASP_374_A"
ASP_374_A,"ARG_369_A,PHE_373_A,ALA_375_A"
ALA_375_A,"ASP_374_A,LYS_376_A"
LYS_376_A,"ARG_328_A,LEU_330_A,ALA_375_A,PHE_377_A,GLU_416_A,ASP_419_A"
PHE_377_A,"ILE_361_A,LYS_376_A,ILE_378_A,LEU_417_A,ASP_419_A"
ILE_378_A,"PHE_121_A,TYR_292_A,ALA_331_A,THR_332_A,PHE_377_A,VAL_379_A"
VAL_379_A,"ILE_361_A,ILE_378_A,ASP_380_A,VAL_422_A"
ASP_380_A,"ASN_333_A,VAL_379_A,THR_381_A,VAL_424_A,LYS_425_A"
THR_381_A,"ASP_380_A,GLY_382_A,GLY_406_A,VAL_407_A,VAL_422_A"
GLY_382_A,"THR_381_A,ARG_383_A"
ARG_383_A,"ALA_335_A,GLY_382_A,ASN_384_A,LYS_425_A,ASP_431_A"
ASN_384_A,"ASN_338_A,ARG_383_A,GLY_385_A"
GLY_385_A,"ASN_384_A,LYS_386_A,GLY_404_A,ASN_473_A"
LYS_386_A,"GLY_385_A,GLN_387_A"
GLN_387_A,LYS_386_A
PRO_388_A,THR_389_A
THR_389_A,"PRO_388_A,GLY_390_A,GLN_391_A"
GLY_390_A,"THR_389_A,GLN_391_A"
GLN_391_A,"THR_389_A,GLY_390_A,LEU_392_A,HIS_396_A,VAL_400_A"
LEU_392_A,"GLN_391_A,GLU_393_A,ASP_449_A"
GLU_393_A,"LEU_392_A,TRP_394_A,HIS_396_A"
TRP_394_A,"TRP_303_A,ASN_338_A,THR_349_A,ASN_352_A,GLU_393_A,GLY_395_A"
GLY_395_A,"TRP_394_A,HIS_396_A"
HIS_396_A,"GLN_391_A,GLU_393_A,GLY_395_A,TRP_397_A,HIS_444_A,ASP_449_A"
TRP_397_A,"TYR_337_A,HIS_396_A,CYS_398_A"
CYS_398_A,"TRP_397_A,ASN_399_A,CYS_445_A"
ASN_399_A,"CYS_398_A,VAL_400_A,ASP_431_A,LEU_451_A"
VAL_400_A,"TYR_337_A,GLN_391_A,ASN_399_A,LYS_401_A,TYR_464_A"
LYS_401_A,"VAL_400_A,GLY_402_A,ASP_449_A"
GLY_402_A,"LYS_401_A,THR_403_A"
THR_403_A,"TYR_337_A,GLY_402_A,GLY_404_A,TYR_464_A,GLN_467_A"
GLY_404_A,"GLY_385_A,THR_403_A,PHE_405_A"
PHE_405_A,"VAL_155_A,GLY_404_A,GLY_406_A,TRP_423_A,LEU_468_A,ASN_473_A"
GLY_406_A,"THR_381_A,PHE_405_A,VAL_407_A,ARG_408_A"
VAL_407_A,"THR_381_A,GLY_406_A,ARG_408_A,TRP_423_A"
ARG_408_A,"LYS_154_A,GLY_406_A,VAL_407_A,PRO_474_A"
PRO_409_A,THR_410_A
THR_410_A,"PRO_409_A,ALA_411_A,ASN_412_A,PHE_421_A"
ALA_411_A,"THR_410_A,ASN_412_A"
ASN_412_A,"THR_410_A,ALA_411_A,THR_413_A"
THR_413_A,"ASN_412_A,GLY_414_A,VAL_418_A"
GLY_414_A,"THR_413_A,HIS_415_A"
HIS_415_A,"LYS_358_A,GLU_362_A,GLY_414_A,GLU_416_A"
GLU_416_A,"LYS_376_A,HIS_415_A,LEU_417_A"
LEU_417_A,"ILE_361_A,ALA_365_A,PHE_377_A,GLU_416_A,VAL_418_A"
VAL_418_A,"TRP_340_A,THR_413_A,LEU_417_A,ASP_419_A"
ASP_419_A,"TYR_292_A,ARG_328_A,LYS_376_A,PHE_377_A,VAL_418_A,ALA_420_A"
ALA_420_A,"PHE_121_A,ASP_419_A,PHE_421_A"
PHE_421_A,"TRP_340_A,THR_410_A,ALA_420_A,VAL_422_A"
VAL_422_A,"PHE_121_A,PHE_161_A,VAL_379_A,THR_381_A,PHE_421_A,TRP_423_A,VAL_424_A"
TRP_423_A,"VAL_158_A,PHE_161_A,PHE_405_A,VAL_407_A,VAL_422_A,VAL_424_A"
VAL_424_A,"TRP_163_A,VAL_198_A,VAL_334_A,ASP_380_A,VAL_422_A,TRP_423_A,LYS_425_A"
LYS_425_A,"ALA_335_A,ASP_380_A,ARG_383_A,VAL_424_A,GLU_429_A,SER_430_A,ASP_431_A"
PRO_426_A,"TYR_132_A,GLY_427_A"
GLY_427_A,"TYR_132_A,PRO_426_A,GLY_428_A"
GLY_428_A,"GLY_427_A,GLU_429_A,PHE_461_A"
GLU_429_A,"GLU_135_A,LYS_425_A,GLY_428_A,SER_430_A"
SER_430_A,"LYS_425_A,GLU_429_A,ASP_431_A,GLY_432_A,PRO_455_A,GLY_458_A,GLN_459_A"
ASP_431_A,"ARG_383_A,ASN_399_A,LYS_425_A,SER_430_A,GLY_432_A"
GLY_432_A,"SER_430_A,ASP_431_A,THR_433_A"
THR_433_A,"GLY_432_A,SER_434_A,ASP_435_A"
SER_434_A,"THR_433_A,ASP_435_A,ALA_454_A"
ASP_435_A,"THR_433_A,SER_434_A,THR_436_A,SER_437_A,ALA_438_A"
THR_436_A,"ASP_435_A,SER_437_A"
SER_437_A,"ASP_435_A,THR_436_A,ALA_438_A"
ALA_438_A,"ASP_435_A,SER_437_A,ALA_439_A"
ALA_439_A,"ALA_438_A,ARG_440_A"
ARG_440_A,"ARG_205_A,ASN_213_A,ALA_439_A,TYR_441_A,GLU_456_A"
TYR_441_A,"ARG_440_A,ASP_442_A"
ASP_442_A,"ASP_206_A,ALA_210_A,TYR_441_A,TYR_443_A,HIS_444_A,CYS_445_A"
TYR_443_A,"ASP_442_A,HIS_444_A,GLY_446_A"
HIS_444_A,"HIS_396_A,ASP_442_A,TYR_443_A,CYS_445_A"
CYS_445_A,"CYS_398_A,ASP_442_A,HIS_444_A,GLY_446_A"
GLY_446_A,"TYR_443_A,CYS_445_A,LEU_447_A"
LEU_447_A,"GLY_446_A,SER_448_A,ALA_450_A"
SER_448_A,"LEU_447_A,ASP_449_A"
ASP_449_A,"LEU_392_A,HIS_396_A,LYS_401_A,SER_448_A,ALA_450_A"
ALA_450_A,"LEU_447_A,ASP_449_A,LEU_451_A"
LEU_451_A,"ASN_399_A,ALA_450_A,THR_452_A,PHE_461_A"
THR_452_A,LEU_451_A
PRO_453_A,ALA_454_A
ALA_454_A,"SER_434_A,PRO_453_A,PHE_461_A"
PRO_455_A,"SER_430_A,GLU_456_A"
GLU_456_A,"ARG_440_A,PRO_455_A,ALA_457_A,GLN_459_A"
ALA_457_A,"GLU_456_A,GLY_458_A"
GLY_458_A,"SER_430_A,ALA_457_A,GLN_459_A"
GLN_459_A,"SER_430_A,GLU_456_A,GLY_458_A,TRP_460_A"
TRP_460_A,"VAL_136_A,LEU_139_A,GLN_459_A,PHE_461_A,PHE_465_A"
PHE_461_A,"GLY_428_A,LEU_451_A,ALA_454_A,TRP_460_A,GLN_462_A,TYR_464_A"
GLN_462_A,"PHE_461_A,ALA_463_A,GLU_466_A"
ALA_463_A,"GLN_462_A,TYR_464_A"
TYR_464_A,"VAL_400_A,THR_403_A,PHE_461_A,ALA_463_A,PHE_465_A,LEU_468_A"
PHE_465_A,"ALA_140_A,ALA_152_A,TRP_460_A,TYR_464_A,GLU_466_A,LEU_469_A"
GLU_466_A,"GLN_462_A,PHE_465_A,GLN_467_A,ILE_470_A"
GLN_467_A,"THR_403_A,GLU_466_A,LEU_468_A,ASN_471_A"
LEU_468_A,"PHE_405_A,TYR_464_A,GLN_467_A,LEU_469_A,ALA_472_A"
LEU_469_A,"VAL_155_A,PHE_465_A,LEU_468_A,ILE_470_A"
ILE_470_A,"GLU_466_A,LEU_469_A,ASN_471_A"
ASN_471_A,"GLN_467_A,ILE_470_A,ALA_472_A"
ALA_472_A,"LEU_468_A,ASN_471_A,ASN_473_A"
ASN_473_A,"GLY_385_A,PHE_405_A,ALA_472_A"
PRO_474_A,ARG_408_A
