residue_id,neighbors
ARG_27_8,"LEU_40_8,ASP_47_8"
PRO_28_8,"LEU_29_8,PHE_48_8"
LEU_29_8,"PRO_28_8,TRP_30_8,VAL_36_8"
TRP_30_8,"LEU_29_8,MET_31_8,PHE_50_8"
MET_31_8,"TRP_30_8,ALA_34_8"
PRO_32_8,GLY_33_8
GLY_33_8,"PRO_32_8,ALA_34_8"
ALA_34_8,"MET_31_8,GLY_33_8,THR_35_8"
THR_35_8,"ALA_34_8,VAL_36_8"
VAL_36_8,"LEU_29_8,THR_35_8"
PRO_37_8,"ALA_38_8,LEU_40_8"
ALA_38_8,"PRO_37_8,HIS_39_8"
HIS_39_8,"ALA_38_8,LEU_40_8,ASP_51_8,LYS_57_8"
LEU_40_8,"ARG_27_8,PRO_37_8,HIS_39_8,LYS_41_8,ASP_51_8"
LYS_41_8,"LEU_40_8,GLY_42_8,GLU_43_8"
GLY_42_8,"LYS_41_8,GLU_43_8"
GLU_43_8,"LYS_41_8,GLY_42_8,LEU_44_8"
LEU_44_8,"GLU_43_8,ALA_45_8"
ALA_45_8,"LEU_44_8,GLY_46_8"
GLY_46_8,"ALA_45_8,ASP_47_8,PHE_48_8,ARG_193_8"
ASP_47_8,"ARG_27_8,GLY_46_8,PHE_48_8"
PHE_48_8,"PRO_28_8,GLY_46_8,ASP_47_8,GLY_49_8"
GLY_49_8,"PHE_48_8,PHE_50_8"
PHE_50_8,"TRP_30_8,GLY_49_8,ASP_51_8,PRO_52_8"
ASP_51_8,"HIS_39_8,LEU_40_8,PHE_50_8,LEU_55_8,GLY_56_8"
PRO_52_8,"PHE_50_8,LEU_53_8"
LEU_53_8,"PRO_52_8,ASN_54_8"
ASN_54_8,"LEU_53_8,LEU_55_8,LYS_57_8"
LEU_55_8,"ASP_51_8,ASN_54_8,GLY_56_8"
GLY_56_8,"ASP_51_8,LEU_55_8,LYS_57_8"
LYS_57_8,"HIS_39_8,ASN_54_8,GLY_56_8,ASP_58_8"
ASP_58_8,"LYS_57_8,ALA_61_8,LEU_62_8"
PRO_59_8,"GLN_60_8,ARG_63_8"
GLN_60_8,"PRO_59_8,ALA_61_8,TRP_64_8"
ALA_61_8,"ASP_58_8,GLN_60_8,LEU_62_8,TYR_65_8"
LEU_62_8,"ASP_58_8,ALA_61_8,ARG_63_8,GLN_66_8"
ARG_63_8,"PRO_59_8,LEU_62_8,TRP_64_8,PHE_137_8,ASN_161_8"
TRP_64_8,"GLN_60_8,ARG_63_8,TYR_65_8,ALA_68_8,PHE_137_8"
TYR_65_8,"ALA_61_8,TRP_64_8,GLN_66_8,GLU_69_8"
GLN_66_8,"LEU_62_8,TYR_65_8,GLN_67_8,ASN_161_8"
GLN_67_8,"GLN_66_8,ALA_68_8,VAL_71_8"
ALA_68_8,"TRP_64_8,GLN_67_8,GLU_69_8,HIS_72_8"
GLU_69_8,"TYR_65_8,ALA_68_8,LEU_70_8,HIS_72_8,GLY_73_8,ARG_193_8"
LEU_70_8,"GLU_69_8,VAL_71_8,ARG_74_8,ILE_189_8"
VAL_71_8,"GLN_67_8,LEU_70_8,HIS_72_8,THR_75_8"
HIS_72_8,"ALA_68_8,GLU_69_8,VAL_71_8,GLY_73_8,ALA_76_8"
GLY_73_8,"GLU_69_8,HIS_72_8,ARG_74_8,MET_77_8"
ARG_74_8,"LEU_70_8,GLY_73_8,THR_75_8,THR_78_8,GLU_188_8"
THR_75_8,"VAL_71_8,ARG_74_8,ALA_76_8,THR_78_8"
ALA_76_8,"HIS_72_8,THR_75_8,MET_77_8,ALA_79_8,VAL_80_8,MET_196_8"
MET_77_8,"GLY_73_8,ALA_76_8,THR_78_8,ALA_195_8"
THR_78_8,"ARG_74_8,THR_75_8,MET_77_8,ALA_79_8"
ALA_79_8,"ALA_76_8,THR_78_8,VAL_80_8,GLY_82_8,ILE_83_8"
VAL_80_8,"ALA_76_8,ALA_79_8,ALA_81_8,LEU_84_8,PHE_202_8"
ALA_81_8,"VAL_80_8,GLY_82_8"
GLY_82_8,"ALA_79_8,ALA_81_8,ILE_83_8"
ILE_83_8,"ALA_79_8,GLY_82_8,LEU_84_8,TRP_100_8"
LEU_84_8,"VAL_80_8,ILE_83_8,ILE_85_8,GLY_87_8,LEU_88_8,LEU_214_8"
ILE_85_8,LEU_84_8
PRO_86_8,"GLY_87_8,THR_90_8"
GLY_87_8,"LEU_84_8,PRO_86_8,LEU_88_8,THR_90_8,LYS_91_8"
LEU_88_8,"LEU_84_8,GLY_87_8,LEU_89_8"
LEU_89_8,"LEU_88_8,THR_90_8,VAL_94_8"
THR_90_8,"PRO_86_8,GLY_87_8,LEU_89_8,LYS_91_8"
LYS_91_8,"GLY_87_8,THR_90_8,ALA_92_8,LEU_214_8"
ALA_92_8,"LYS_91_8,GLY_93_8"
GLY_93_8,"ALA_92_8,VAL_94_8"
VAL_94_8,"LEU_89_8,GLY_93_8,LEU_95_8"
LEU_95_8,"VAL_94_8,ASN_96_8"
ASN_96_8,"LEU_95_8,VAL_97_8"
VAL_97_8,ASN_96_8
PRO_98_8,"GLU_99_8,VAL_106_8"
GLU_99_8,"PRO_98_8,TRP_100_8,TYR_101_8,GLU_102_8,ALA_103_8,ASP_215_8"
TRP_100_8,"ILE_83_8,GLU_99_8,TYR_101_8"
TYR_101_8,"GLU_99_8,TRP_100_8,GLU_102_8,TYR_206_8"
GLU_102_8,"GLU_99_8,TYR_101_8,ALA_103_8"
ALA_103_8,"GLU_99_8,GLU_102_8,GLY_104_8,VAL_106_8,SER_107_8"
GLY_104_8,"ALA_103_8,LYS_105_8,SER_107_8,ALA_108_8"
LYS_105_8,"GLY_104_8,VAL_106_8,GLU_109_8"
VAL_106_8,"PRO_98_8,ALA_103_8,LYS_105_8,SER_107_8,GLN_110_8"
SER_107_8,"ALA_103_8,GLY_104_8,VAL_106_8,ALA_108_8,THR_111_8"
ALA_108_8,"GLY_104_8,SER_107_8,GLU_109_8,GLY_112_8"
GLU_109_8,"LYS_105_8,ALA_108_8,GLN_110_8"
GLN_110_8,"VAL_106_8,GLU_109_8,THR_111_8"
THR_111_8,"SER_107_8,GLN_110_8,GLY_112_8"
GLY_112_8,"ALA_108_8,THR_111_8,ILE_113_8"
ILE_113_8,"GLY_112_8,ALA_114_8,LEU_118_8"
ALA_114_8,"ILE_113_8,LEU_115_8,PRO_117_8"
LEU_115_8,"ALA_114_8,GLY_116_8,LEU_119_8"
GLY_116_8,"LEU_115_8,ALA_120_8"
PRO_117_8,"ALA_114_8,LEU_118_8"
LEU_118_8,"ILE_113_8,PRO_117_8,LEU_119_8"
LEU_119_8,"LEU_115_8,LEU_118_8,ALA_120_8,GLN_122_8,LEU_123_8"
ALA_120_8,"GLY_116_8,LEU_119_8,VAL_121_8,PHE_124_8"
VAL_121_8,"ALA_120_8,GLN_122_8"
GLN_122_8,"LEU_119_8,VAL_121_8,LEU_123_8,CYS_126_8"
LEU_123_8,"LEU_119_8,GLN_122_8,PHE_124_8,GLY_127_8"
PHE_124_8,"ALA_120_8,LEU_123_8,MET_125_8,PHE_128_8"
MET_125_8,"PHE_124_8,CYS_126_8"
CYS_126_8,"GLN_122_8,MET_125_8,GLY_127_8,GLU_130_8"
GLY_127_8,"LEU_123_8,CYS_126_8,PHE_128_8,GLY_131_8"
PHE_128_8,"PHE_124_8,GLY_127_8,VAL_129_8,LYS_132_8,PHE_149_8"
VAL_129_8,"PHE_128_8,GLU_130_8"
GLU_130_8,"CYS_126_8,VAL_129_8,GLY_131_8,ARG_133_8,TRP_134_8"
GLY_131_8,"GLY_127_8,GLU_130_8,LYS_132_8,MET_135_8"
LYS_132_8,"PHE_128_8,GLY_131_8,ARG_133_8,ASP_136_8,GLN_143_8,PHE_149_8"
ARG_133_8,"GLU_130_8,LYS_132_8,TRP_134_8"
TRP_134_8,"GLU_130_8,ARG_133_8,MET_135_8"
MET_135_8,"GLY_131_8,TRP_134_8,ASP_136_8,LYS_139_8"
ASP_136_8,"LYS_132_8,MET_135_8,PHE_137_8,GLY_141_8,GLN_143_8"
PHE_137_8,"ARG_63_8,TRP_64_8,ASP_136_8,LEU_138_8"
LEU_138_8,"PHE_137_8,LYS_139_8"
LYS_139_8,"MET_135_8,LEU_138_8,SER_142_8"
PRO_140_8,GLY_141_8
GLY_141_8,"ASP_136_8,PRO_140_8,SER_142_8"
SER_142_8,"LYS_139_8,GLY_141_8,GLN_143_8,GLU_145_8"
GLN_143_8,"LYS_132_8,ASP_136_8,SER_142_8,SER_144_8,GLU_145_8,PHE_156_8"
SER_144_8,"GLN_143_8,GLU_145_8,PHE_156_8"
GLU_145_8,"SER_142_8,GLN_143_8,SER_144_8,ALA_146_8,SER_148_8"
ALA_146_8,"GLU_145_8,GLY_147_8"
GLY_147_8,"ALA_146_8,SER_148_8"
SER_148_8,"GLU_145_8,GLY_147_8,PHE_149_8,LEU_150_8,GLU_153_8"
PHE_149_8,"PHE_128_8,LYS_132_8,SER_148_8,LEU_150_8,GLY_151_8,GLU_153_8,PHE_156_8"
LEU_150_8,"SER_148_8,PHE_149_8,GLY_151_8"
GLY_151_8,"PHE_149_8,LEU_150_8,PHE_152_8"
PHE_152_8,"GLY_151_8,GLU_153_8,ALA_154_8,SER_155_8,PHE_156_8"
GLU_153_8,"SER_148_8,PHE_149_8,PHE_152_8,ALA_154_8,PHE_156_8"
ALA_154_8,"PHE_152_8,GLU_153_8,SER_155_8,PHE_156_8,LYS_157_8"
SER_155_8,"PHE_152_8,ALA_154_8,PHE_156_8,LYS_157_8"
PHE_156_8,"GLN_143_8,SER_144_8,PHE_149_8,PHE_152_8,GLU_153_8,ALA_154_8,SER_155_8,LYS_157_8"
LYS_157_8,"ALA_154_8,SER_155_8,PHE_156_8,GLY_158_8"
GLY_158_8,"LYS_157_8,THR_159_8"
THR_159_8,"GLY_158_8,ASP_160_8,TYR_163_8"
ASP_160_8,"THR_159_8,ASN_161_8,LYS_185_8"
ASN_161_8,"ARG_63_8,GLN_66_8,ASP_160_8,GLY_162_8,TYR_163_8"
GLY_162_8,"ASN_161_8,TYR_163_8"
TYR_163_8,"THR_159_8,ASN_161_8,GLY_162_8,GLY_165_8,LYS_185_8"
PRO_164_8,"GLY_165_8,PHE_168_8"
GLY_165_8,"TYR_163_8,PRO_164_8,GLY_166_8"
GLY_166_8,"GLY_165_8,PHE_168_8"
PRO_167_8,PHE_168_8
PHE_168_8,"PRO_164_8,GLY_166_8,PRO_167_8,ASP_169_8"
ASP_169_8,"PHE_168_8,MET_173_8"
PRO_170_8,"MET_171_8,GLY_172_8"
MET_171_8,"PRO_170_8,GLY_172_8"
GLY_172_8,"PRO_170_8,MET_171_8,MET_173_8"
MET_173_8,"ASP_169_8,GLY_172_8,CYS_174_8"
CYS_174_8,"MET_173_8,ASN_175_8"
ASN_175_8,"CYS_174_8,GLU_176_8"
GLU_176_8,"ASN_175_8,SER_177_8,LYS_180_8"
SER_177_8,"GLU_176_8,GLU_178_8,LYS_180_8"
GLU_178_8,"SER_177_8,ALA_179_8"
ALA_179_8,"GLU_178_8,LYS_180_8"
LYS_180_8,"GLU_176_8,SER_177_8,ALA_179_8,THR_181_8,ASP_183_8,LEU_184_8,LYS_187_8"
THR_181_8,"LYS_180_8,LYS_182_8,LYS_185_8"
LYS_182_8,"THR_181_8,ASP_183_8"
ASP_183_8,"LYS_180_8,LYS_182_8,LEU_184_8,LYS_185_8,LYS_187_8"
LEU_184_8,"LYS_180_8,ASP_183_8,LYS_185_8"
LYS_185_8,"ASP_160_8,TYR_163_8,THR_181_8,ASP_183_8,LEU_184_8,LEU_186_8"
LEU_186_8,"LYS_185_8,LYS_187_8"
LYS_187_8,"LYS_180_8,ASP_183_8,LEU_186_8,GLU_188_8,ASN_191_8"
GLU_188_8,"ARG_74_8,LYS_187_8,ILE_189_8,GLY_192_8"
ILE_189_8,"LEU_70_8,GLU_188_8,LYS_190_8,ARG_193_8"
LYS_190_8,"ILE_189_8,ASN_191_8"
ASN_191_8,"LYS_187_8,LYS_190_8,GLY_192_8,ALA_195_8"
GLY_192_8,"GLU_188_8,ASN_191_8,ARG_193_8,LEU_194_8,ALA_195_8,MET_196_8"
ARG_193_8,"GLY_46_8,GLU_69_8,ILE_189_8,GLY_192_8,LEU_194_8"
LEU_194_8,"GLY_192_8,ARG_193_8,ALA_195_8,ALA_198_8"
ALA_195_8,"MET_77_8,ASN_191_8,GLY_192_8,LEU_194_8,MET_196_8,CYS_199_8"
MET_196_8,"ALA_76_8,GLY_192_8,ALA_195_8,LEU_197_8"
LEU_197_8,"MET_196_8,ALA_198_8,GLY_201_8"
ALA_198_8,"LEU_194_8,LEU_197_8,CYS_199_8,PHE_202_8"
CYS_199_8,"ALA_195_8,ALA_198_8,LEU_200_8"
LEU_200_8,"CYS_199_8,GLY_201_8,ALA_204_8"
GLY_201_8,"LEU_197_8,LEU_200_8,PHE_202_8,GLN_205_8"
PHE_202_8,"VAL_80_8,ALA_198_8,GLY_201_8,ALA_203_8,TYR_206_8,PRO_213_8"
ALA_203_8,"PHE_202_8,ALA_204_8,GLY_207_8"
ALA_204_8,"LEU_200_8,ALA_203_8,GLN_205_8,ALA_208_8"
GLN_205_8,"GLY_201_8,ALA_204_8,TYR_206_8,THR_209_8"
TYR_206_8,"TYR_101_8,PHE_202_8,GLN_205_8,GLY_207_8,GLY_210_8"
GLY_207_8,"ALA_203_8,TYR_206_8,ALA_208_8"
ALA_208_8,"ALA_204_8,GLY_207_8,THR_209_8,ILE_234_8"
THR_209_8,"GLN_205_8,ALA_208_8,GLY_210_8,LYS_211_8"
GLY_210_8,"TYR_206_8,THR_209_8,LYS_211_8"
LYS_211_8,"THR_209_8,GLY_210_8,GLY_212_8,ASP_215_8,ASP_219_8"
GLY_212_8,"LYS_211_8,ASP_215_8"
PRO_213_8,"PHE_202_8,LEU_214_8,LEU_217_8"
LEU_214_8,"LEU_84_8,LYS_91_8,PRO_213_8,ASP_215_8,ALA_218_8"
ASP_215_8,"GLU_99_8,LYS_211_8,GLY_212_8,LEU_214_8,ASN_216_8,ASP_219_8"
ASN_216_8,"ASP_215_8,LEU_217_8,HIS_220_8"
LEU_217_8,"PRO_213_8,ASN_216_8,ALA_218_8,LEU_221_8"
ALA_218_8,"LEU_214_8,LEU_217_8,ASP_219_8"
ASP_219_8,"LYS_211_8,ASP_215_8,ALA_218_8,HIS_220_8"
HIS_220_8,"ASN_216_8,ASP_219_8,LEU_221_8"
LEU_221_8,"LEU_217_8,HIS_220_8,ALA_222_8"
ALA_222_8,"LEU_221_8,ALA_223_8"
ALA_223_8,"ALA_222_8,THR_227_8"
PRO_224_8,LEU_225_8
LEU_225_8,"PRO_224_8,LYS_226_8"
LYS_226_8,"LEU_225_8,THR_227_8"
THR_227_8,"ALA_223_8,LYS_226_8,THR_228_8"
THR_228_8,"THR_227_8,PHE_229_8,ASP_231_8"
PHE_229_8,"THR_228_8,VAL_230_8,ILE_236_8"
VAL_230_8,"PHE_229_8,ASP_231_8"
ASP_231_8,"THR_228_8,VAL_230_8,ASN_232_8"
ASN_232_8,"ASP_231_8,GLY_233_8,ILE_234_8,SER_235_8"
GLY_233_8,"ASN_232_8,ILE_234_8"
ILE_234_8,"ALA_208_8,ASN_232_8,GLY_233_8,SER_235_8"
SER_235_8,"ASN_232_8,ILE_234_8,ILE_236_8"
ILE_236_8,"PHE_229_8,SER_235_8,ILE_238_8"
PRO_237_8,ILE_238_8
ILE_238_8,"ILE_236_8,PRO_237_8,HIS_239_8"
HIS_239_8,"ILE_238_8,LEU_240_8"
LEU_240_8,HIS_239_8
