residue_id,neighbors
VAL_176_A,GLY_177_A
GLY_177_A,"VAL_176_A,ASP_178_A"
ASP_178_A,"GLY_177_A,LYS_179_A"
LYS_179_A,"ASP_178_A,GLU_180_A"
GLU_180_A,"LYS_179_A,LEU_181_A"
LEU_181_A,"GLU_180_A,SER_182_A"
SER_182_A,"LEU_181_A,ASP_183_A"
ASP_183_A,"SER_182_A,ARG_184_A"
ARG_184_A,"ASP_183_A,SER_185_A,ASP_187_A"
SER_185_A,"ARG_184_A,VAL_186_A"
VAL_186_A,"SER_185_A,ASP_187_A"
ASP_187_A,"ARG_184_A,VAL_186_A,ILE_188_A"
ILE_188_A,ASP_187_A
PRO_189_A,LEU_190_A
LEU_190_A,PRO_189_A
PRO_191_A,PHE_192_A
PHE_192_A,"PRO_191_A,ARG_193_A"
ARG_193_A,"PHE_192_A,THR_194_A"
THR_194_A,"ARG_193_A,ILE_195_A"
ILE_195_A,THR_194_A
PRO_197_A,LEU_198_A
LEU_198_A,"PRO_197_A,ASN_199_A"
ASN_199_A,"LEU_198_A,HIS_200_A"
HIS_200_A,"ASN_199_A,ASN_201_A,PHE_202_A"
ASN_201_A,"HIS_200_A,PHE_202_A"
PHE_202_A,"HIS_200_A,ASN_201_A,LEU_203_A,TYR_207_A"
LEU_203_A,"PHE_202_A,ASP_206_A,TYR_207_A"
PRO_204_A,"SER_205_A,GLU_208_A"
SER_205_A,"PRO_204_A,ASP_206_A"
ASP_206_A,"LEU_203_A,SER_205_A,TYR_207_A"
TYR_207_A,"PHE_202_A,LEU_203_A,ASP_206_A,GLU_208_A"
GLU_208_A,"PRO_204_A,TYR_207_A,SER_209_A,LYS_211_A"
SER_209_A,"GLU_208_A,LEU_210_A"
LEU_210_A,"SER_209_A,LYS_211_A"
LYS_211_A,"GLU_208_A,LEU_210_A,ASP_212_A"
ASP_212_A,"LYS_211_A,LYS_213_A"
LYS_213_A,"ASP_212_A,ASN_214_A,SER_215_A"
ASN_214_A,"LYS_213_A,SER_215_A"
SER_215_A,"LYS_213_A,ASN_214_A,ALA_216_A"
ALA_216_A,"SER_215_A,SER_217_A"
SER_217_A,"ALA_216_A,CYS_218_A"
CYS_218_A,"SER_217_A,ILE_219_A"
ILE_219_A,"CYS_218_A,ASN_523_A"
PRO_220_A,VAL_221_A
VAL_221_A,"PRO_220_A,ARG_222_A"
ARG_222_A,"VAL_221_A,TYR_223_A,ASP_517_A"
TYR_223_A,"ARG_222_A,GLN_224_A"
GLN_224_A,"TYR_223_A,ALA_225_A"
ALA_225_A,GLN_224_A
PRO_226_A,VAL_227_A
VAL_227_A,"PRO_226_A,LEU_228_A"
LEU_228_A,"VAL_227_A,LEU_229_A,ILE_482_A"
LEU_229_A,"LEU_228_A,GLY_230_A,ARG_235_A"
GLY_230_A,"LEU_229_A,THR_231_A,ARG_235_A"
THR_231_A,"GLY_230_A,ASN_232_A"
ASN_232_A,"THR_231_A,ILE_233_A,GLU_481_A"
ILE_233_A,"ASN_232_A,LYS_234_A"
LYS_234_A,"ILE_233_A,ARG_235_A,LEU_480_A"
ARG_235_A,"LEU_229_A,GLY_230_A,LYS_234_A,ASN_236_A,LEU_480_A,ASP_513_A"
ASN_236_A,"ARG_235_A,THR_237_A"
THR_237_A,"ASN_236_A,THR_238_A"
THR_238_A,"THR_237_A,LEU_239_A"
LEU_239_A,"THR_238_A,THR_240_A"
THR_240_A,"LEU_239_A,TRP_241_A,GLN_243_A,LEU_244_A"
TRP_241_A,"THR_240_A,PHE_245_A,LEU_480_A,GLN_508_A"
PRO_242_A,GLN_243_A
GLN_243_A,"THR_240_A,PRO_242_A,LEU_244_A"
LEU_244_A,"THR_240_A,GLN_243_A,PHE_245_A"
PHE_245_A,"TRP_241_A,LEU_244_A,LYS_246_A,TYR_476_A,LEU_504_A"
LYS_246_A,"PHE_245_A,GLN_348_A,ARG_352_A"
PRO_247_A,"VAL_248_A,GLN_252_A,VAL_253_A"
VAL_248_A,"PRO_247_A,THR_249_A,GLN_252_A"
THR_249_A,"VAL_248_A,LEU_250_A,GLN_252_A"
LEU_250_A,"THR_249_A,LYS_251_A,LYS_260_A,ILE_350_A"
LYS_251_A,"LEU_250_A,GLN_252_A"
GLN_252_A,"PRO_247_A,VAL_248_A,THR_249_A,LYS_251_A,VAL_253_A,LEU_254_A"
VAL_253_A,"PRO_247_A,GLN_252_A,LEU_254_A,ILE_255_A,LYS_260_A,THR_349_A"
LEU_254_A,"GLN_252_A,VAL_253_A,ILE_255_A,ILE_500_A"
ILE_255_A,"VAL_253_A,LEU_254_A,GLU_256_A,LEU_346_A"
GLU_256_A,"ILE_255_A,LYS_258_A"
PRO_257_A,"LYS_258_A,LEU_261_A"
LYS_258_A,"GLU_256_A,PRO_257_A,LEU_259_A,ARG_262_A"
LEU_259_A,"LYS_258_A,LYS_260_A,ILE_263_A,PHE_459_A"
LYS_260_A,"LEU_250_A,VAL_253_A,LEU_259_A,LEU_261_A,LYS_264_A"
LEU_261_A,"PRO_257_A,LYS_260_A,ARG_262_A,ASN_265_A"
ARG_262_A,"LYS_258_A,LEU_261_A,ILE_263_A,TRP_266_A,PHE_459_A"
ILE_263_A,"LEU_259_A,ARG_262_A,LYS_264_A,ILE_267_A,MET_334_A,LEU_346_A,ILE_350_A"
LYS_264_A,"LYS_260_A,ILE_263_A,ASN_265_A,GLU_268_A,GLU_353_A"
ASN_265_A,"LEU_261_A,LYS_264_A,TRP_266_A,THR_269_A"
TRP_266_A,"ARG_262_A,ASN_265_A,ILE_267_A,SER_270_A,MET_334_A"
ILE_267_A,"ILE_263_A,TRP_266_A,GLU_268_A,SER_270_A,PHE_271_A"
GLU_268_A,"LYS_264_A,ILE_267_A,THR_269_A,HIS_272_A"
THR_269_A,"ASN_265_A,GLU_268_A,SER_270_A,THR_273_A"
SER_270_A,"TRP_266_A,ILE_267_A,THR_269_A,PHE_271_A,LEU_274_A"
PHE_271_A,"ILE_267_A,SER_270_A,HIS_272_A,MET_351_A,TYR_400_A,PRO_433_A"
HIS_272_A,"GLU_268_A,PHE_271_A,THR_273_A"
THR_273_A,"THR_269_A,HIS_272_A,LEU_274_A,PHE_330_A"
LEU_274_A,"SER_270_A,THR_273_A,GLU_275_A"
GLU_275_A,"LEU_274_A,LYS_276_A"
LYS_276_A,GLU_275_A
PRO_277_A,THR_278_A
THR_278_A,PRO_277_A
GLU_329_A,PHE_330_A
PHE_330_A,"THR_273_A,GLU_329_A,VAL_331_A"
VAL_331_A,"PHE_330_A,GLN_455_A"
PRO_332_A,LEU_333_A
LEU_333_A,"PRO_332_A,MET_334_A,ILE_335_A,LEU_448_A,LEU_451_A,ALA_452_A,SER_457_A"
MET_334_A,"ILE_263_A,TRP_266_A,LEU_333_A,ILE_335_A"
ILE_335_A,"LEU_333_A,MET_334_A,LEU_336_A,HIS_337_A,LEU_441_A,ALA_452_A"
LEU_336_A,"ILE_335_A,HIS_337_A,LEU_436_A,CYS_438_A"
HIS_337_A,"ILE_335_A,LEU_336_A,GLY_338_A,HIS_460_A"
GLY_338_A,"HIS_337_A,ASN_339_A"
ASN_339_A,"GLY_338_A,SER_340_A,LYS_463_A"
SER_340_A,"ASN_339_A,ILE_341_A"
ILE_341_A,"SER_340_A,GLY_342_A,LYS_343_A,ILE_500_A"
GLY_342_A,"ILE_341_A,LYS_343_A"
LYS_343_A,"ILE_341_A,GLY_342_A,LYS_344_A,LYS_439_A"
LYS_344_A,"LYS_343_A,THR_345_A,GLU_365_A"
THR_345_A,"LYS_344_A,LEU_346_A,THR_349_A"
LEU_346_A,"ILE_255_A,ILE_263_A,THR_345_A,ILE_347_A,THR_349_A,ILE_350_A"
ILE_347_A,"LEU_346_A,GLN_348_A,MET_351_A,LEU_404_A,VAL_435_A"
GLN_348_A,"LYS_246_A,ILE_347_A,THR_349_A,ARG_352_A"
THR_349_A,"VAL_253_A,THR_345_A,LEU_346_A,GLN_348_A,ILE_350_A,GLU_353_A"
ILE_350_A,"LEU_250_A,ILE_263_A,LEU_346_A,THR_349_A,MET_351_A,ILE_354_A"
MET_351_A,"PHE_271_A,ILE_347_A,ILE_350_A,ARG_352_A,ALA_355_A,TYR_361_A,ILE_363_A,LEU_402_A"
ARG_352_A,"LYS_246_A,GLN_348_A,MET_351_A,GLU_353_A,GLY_356_A,ASP_358_A"
GLU_353_A,"LYS_264_A,THR_349_A,ARG_352_A,ILE_354_A"
ILE_354_A,"ILE_350_A,GLU_353_A,ALA_355_A"
ALA_355_A,"MET_351_A,ILE_354_A,GLY_356_A"
GLY_356_A,"ARG_352_A,ALA_355_A,ASP_357_A"
ASP_357_A,"GLY_356_A,ASP_358_A"
ASP_358_A,"ARG_352_A,ASP_357_A,ASN_359_A,TYR_361_A"
ASN_359_A,"ASP_358_A,SER_360_A"
SER_360_A,"ASN_359_A,TYR_361_A"
TYR_361_A,"MET_351_A,ASP_358_A,SER_360_A,GLN_362_A,ILE_363_A"
GLN_362_A,"TYR_361_A,ILE_363_A"
ILE_363_A,"MET_351_A,TYR_361_A,GLN_362_A,TYR_364_A"
TYR_364_A,"ILE_363_A,GLU_365_A,VAL_366_A,PHE_384_A"
GLU_365_A,"LYS_344_A,TYR_364_A,VAL_366_A"
VAL_366_A,"TYR_364_A,GLU_365_A,ASN_367_A,LEU_404_A,PHE_405_A,ASN_406_A"
ASN_367_A,"VAL_366_A,SER_368_A"
SER_368_A,"ASN_367_A,ASN_369_A"
ASN_369_A,"SER_368_A,MET_370_A"
MET_370_A,"ASN_369_A,ASN_371_A"
ASN_371_A,"MET_370_A,ARG_372_A"
ARG_372_A,"ASN_371_A,SER_373_A,ASP_407_A,VAL_410_A,ASP_416_A"
SER_373_A,"ARG_372_A,LYS_374_A"
LYS_374_A,"SER_373_A,LYS_375_A,LEU_378_A,LYS_425_A"
LYS_375_A,"LYS_374_A,ASP_376_A,ARG_417_A"
ASP_376_A,"LYS_375_A,LEU_377_A"
LEU_377_A,"ASP_376_A,LEU_378_A,ILE_380_A,LEU_381_A,MET_422_A"
LEU_378_A,"LYS_374_A,LEU_377_A,ASP_379_A,LEU_382_A"
ASP_379_A,"LEU_378_A,ILE_380_A,ASP_383_A"
ILE_380_A,"LEU_377_A,ASP_379_A,LEU_381_A,PHE_384_A"
LEU_381_A,"LEU_377_A,ILE_380_A,LEU_382_A,THR_385_A,VAL_403_A,LEU_426_A"
LEU_382_A,"LEU_378_A,LEU_381_A,ASP_383_A,THR_386_A,LEU_426_A"
ASP_383_A,"ASP_379_A,LEU_382_A,PHE_384_A,THR_387_A"
PHE_384_A,"TYR_364_A,ILE_380_A,ASP_383_A,THR_385_A,VAL_403_A,ARG_432_A"
THR_385_A,"LEU_381_A,PHE_384_A,THR_386_A,VAL_403_A"
THR_386_A,"LEU_382_A,THR_385_A,THR_387_A"
THR_387_A,"ASP_383_A,THR_386_A,HIS_388_A,ARG_432_A"
HIS_388_A,"THR_387_A,TYR_389_A,ASP_399_A,ARG_432_A"
TYR_389_A,"HIS_388_A,VAL_390_A"
VAL_390_A,"TYR_389_A,LYS_391_A"
LYS_391_A,"VAL_390_A,ASP_399_A"
SER_398_A,ASP_399_A
ASP_399_A,"HIS_388_A,LYS_391_A,SER_398_A,TYR_400_A,GLY_401_A,ARG_432_A"
TYR_400_A,"PHE_271_A,ASP_399_A,GLY_401_A"
GLY_401_A,"ASP_399_A,TYR_400_A,LEU_402_A"
LEU_402_A,"MET_351_A,GLY_401_A,VAL_403_A,PRO_433_A,VAL_435_A"
VAL_403_A,"LEU_381_A,PHE_384_A,THR_385_A,LEU_402_A,LEU_404_A,PHE_405_A,PRO_433_A,VAL_435_A"
LEU_404_A,"ILE_347_A,VAL_366_A,VAL_403_A,PHE_405_A"
PHE_405_A,"VAL_366_A,VAL_403_A,LEU_404_A,ASN_406_A,VAL_435_A,LEU_436_A"
ASN_406_A,"VAL_366_A,PHE_405_A,ASP_407_A"
ASP_407_A,"ARG_372_A,ASN_406_A,VAL_408_A,ASP_409_A"
VAL_408_A,"ASP_407_A,ASP_409_A,TRP_420_A,LEU_436_A,CYS_438_A"
ASP_409_A,"ASP_407_A,VAL_408_A,VAL_410_A,ASP_440_A"
VAL_410_A,"ARG_372_A,ASP_409_A,LEU_411_A,VAL_595_A"
LEU_411_A,"VAL_410_A,PHE_412_A,TYR_419_A,ILE_596_A"
PHE_412_A,"LEU_411_A,LYS_413_A,HIS_415_A,ASP_593_A"
LYS_413_A,"PHE_412_A,GLU_414_A,TYR_594_A"
GLU_414_A,"LYS_413_A,HIS_415_A,ARG_417_A,PHE_579_A,ASP_586_A,LYS_589_A,ASP_593_A"
HIS_415_A,"PHE_412_A,GLU_414_A,ASP_416_A,ASP_593_A"
ASP_416_A,"ARG_372_A,HIS_415_A,ARG_417_A"
ARG_417_A,"LYS_375_A,GLU_414_A,ASP_416_A,GLY_418_A"
GLY_418_A,"ARG_417_A,TYR_419_A"
TYR_419_A,"LEU_411_A,GLY_418_A,TRP_420_A,MET_422_A,ILE_423_A"
TRP_420_A,"VAL_408_A,TYR_419_A,ALA_421_A,ILE_423_A,SER_424_A,VAL_444_A"
ALA_421_A,"TRP_420_A,MET_422_A,LYS_425_A"
MET_422_A,"LEU_377_A,TYR_419_A,ALA_421_A,ILE_423_A,LEU_426_A"
ILE_423_A,"TYR_419_A,TRP_420_A,MET_422_A,SER_424_A,CYS_427_A"
SER_424_A,"TRP_420_A,ILE_423_A,LYS_425_A,GLU_428_A"
LYS_425_A,"LYS_374_A,ALA_421_A,SER_424_A,LEU_426_A,PHE_429_A"
LEU_426_A,"LEU_381_A,LEU_382_A,MET_422_A,LYS_425_A,CYS_427_A,LEU_434_A"
CYS_427_A,"ILE_423_A,LEU_426_A,GLU_428_A"
GLU_428_A,"SER_424_A,CYS_427_A,PHE_429_A"
PHE_429_A,"LYS_425_A,GLU_428_A,SER_430_A"
SER_430_A,"PHE_429_A,ARG_431_A,ARG_432_A"
ARG_431_A,"SER_430_A,ARG_432_A"
ARG_432_A,"PHE_384_A,THR_387_A,HIS_388_A,ASP_399_A,SER_430_A,ARG_431_A"
PRO_433_A,"PHE_271_A,LEU_402_A,VAL_403_A,LEU_434_A"
LEU_434_A,"LEU_426_A,PRO_433_A,VAL_435_A"
VAL_435_A,"ILE_347_A,LEU_402_A,VAL_403_A,PHE_405_A,LEU_434_A,LEU_436_A"
LEU_436_A,"LEU_336_A,PHE_405_A,VAL_408_A,VAL_435_A,THR_437_A"
THR_437_A,"LEU_436_A,CYS_438_A"
CYS_438_A,"LEU_336_A,VAL_408_A,THR_437_A,LYS_439_A"
LYS_439_A,"LYS_343_A,CYS_438_A,ASP_440_A"
ASP_440_A,"ASP_409_A,LYS_439_A,LEU_441_A,LYS_599_A"
LEU_441_A,"ILE_335_A,ASP_440_A,SER_442_A,ILE_449_A"
SER_442_A,"LEU_441_A,LEU_443_A"
LEU_443_A,"SER_442_A,VAL_444_A,TYR_598_A"
VAL_444_A,"TRP_420_A,LEU_443_A,LEU_448_A,ILE_449_A"
PRO_445_A,SER_446_A
SER_446_A,"PRO_445_A,GLU_447_A,ALA_450_A"
GLU_447_A,"SER_446_A,LEU_448_A,LEU_451_A"
LEU_448_A,"LEU_333_A,VAL_444_A,GLU_447_A,ILE_449_A,ALA_452_A"
ILE_449_A,"LEU_441_A,VAL_444_A,LEU_448_A,ALA_450_A,SER_453_A,LEU_458_A"
ALA_450_A,"SER_446_A,ILE_449_A,LEU_451_A,SER_453_A,GLU_454_A"
LEU_451_A,"LEU_333_A,GLU_447_A,ALA_450_A,ALA_452_A"
ALA_452_A,"LEU_333_A,ILE_335_A,LEU_448_A,LEU_451_A,SER_453_A,SER_457_A"
SER_453_A,"ILE_449_A,ALA_450_A,ALA_452_A,GLU_454_A"
GLU_454_A,"ALA_450_A,SER_453_A,GLN_455_A"
GLN_455_A,"VAL_331_A,GLU_454_A,ASN_456_A"
ASN_456_A,"GLN_455_A,SER_457_A"
SER_457_A,"LEU_333_A,ALA_452_A,ASN_456_A,LEU_458_A"
LEU_458_A,"ILE_449_A,SER_457_A,PHE_459_A"
PHE_459_A,"LEU_259_A,ARG_262_A,LEU_458_A,HIS_460_A"
HIS_460_A,"HIS_337_A,PHE_459_A,THR_461_A,LYS_462_A"
THR_461_A,"HIS_460_A,LYS_462_A"
LYS_462_A,"HIS_460_A,THR_461_A,LYS_463_A"
LYS_463_A,"ASN_339_A,LYS_462_A,ILE_464_A"
ILE_464_A,"LYS_463_A,SER_465_A"
SER_465_A,"ILE_464_A,THR_466_A"
THR_466_A,"SER_465_A,SER_467_A,TYR_470_A"
SER_467_A,"THR_466_A,THR_468_A,ALA_471_A"
THR_468_A,"SER_467_A,VAL_469_A,PHE_472_A"
VAL_469_A,"THR_468_A,TYR_470_A,LEU_473_A"
TYR_470_A,"THR_466_A,VAL_469_A,ALA_471_A,THR_474_A,ASP_486_A,LEU_489_A"
ALA_471_A,"SER_467_A,TYR_470_A,PHE_472_A,THR_474_A,LYS_475_A"
PHE_472_A,"THR_468_A,ALA_471_A,LEU_473_A,TYR_476_A"
LEU_473_A,"VAL_469_A,PHE_472_A,THR_474_A,LEU_477_A,ILE_500_A,LEU_504_A,LEU_507_A"
THR_474_A,"TYR_470_A,ALA_471_A,LEU_473_A,LYS_475_A,LYS_478_A"
LYS_475_A,"ALA_471_A,THR_474_A,TYR_476_A,SER_479_A"
TYR_476_A,"PHE_245_A,PHE_472_A,LYS_475_A,LEU_477_A,SER_479_A"
LEU_477_A,"LEU_473_A,TYR_476_A,LYS_478_A,LEU_480_A,GLU_481_A,LEU_507_A"
LYS_478_A,"THR_474_A,LEU_477_A,SER_479_A"
SER_479_A,"LYS_475_A,TYR_476_A,LYS_478_A,LEU_480_A"
LEU_480_A,"LYS_234_A,ARG_235_A,TRP_241_A,LEU_477_A,SER_479_A,GLU_481_A"
GLU_481_A,"ASN_232_A,LEU_477_A,LEU_480_A,ILE_482_A"
ILE_482_A,"LEU_228_A,GLU_481_A,GLU_483_A"
GLU_483_A,"ILE_482_A,VAL_484_A"
VAL_484_A,"GLU_483_A,CYS_485_A,LEU_489_A"
CYS_485_A,"VAL_484_A,ASP_486_A"
ASP_486_A,"TYR_470_A,CYS_485_A,ASP_487_A,ARG_490_A"
ASP_487_A,"ASP_486_A,TRP_488_A,ARG_490_A,ASP_491_A"
TRP_488_A,"ASP_487_A,LEU_489_A,VAL_492_A,LEU_507_A,TRP_510_A,LEU_518_A"
LEU_489_A,"TYR_470_A,VAL_484_A,TRP_488_A,ARG_490_A,VAL_493_A,LEU_507_A"
ARG_490_A,"ASP_486_A,ASP_487_A,LEU_489_A,ASP_491_A,LYS_494_A"
ASP_491_A,"ASP_487_A,ARG_490_A,VAL_492_A,GLN_495_A"
VAL_492_A,"TRP_488_A,ASP_491_A,VAL_493_A"
VAL_493_A,"LEU_489_A,VAL_492_A,LYS_494_A"
LYS_494_A,"ARG_490_A,VAL_493_A,GLN_495_A,LYS_522_A"
GLN_495_A,"ASP_491_A,LYS_494_A,ASN_496_A"
ASN_496_A,"GLN_495_A,ASN_497_A,LYS_502_A"
ASN_497_A,"ASN_496_A,ALA_498_A"
ALA_498_A,"ASN_497_A,ASP_499_A"
ASP_499_A,"ALA_498_A,ILE_500_A,LYS_502_A,CYS_503_A"
ILE_500_A,"LEU_254_A,ILE_341_A,LEU_473_A,ASP_499_A,ARG_501_A,LEU_504_A"
ARG_501_A,"ILE_500_A,LYS_502_A,MET_505_A"
LYS_502_A,"ASN_496_A,ASP_499_A,ARG_501_A,CYS_503_A,HIS_506_A"
CYS_503_A,"ASP_499_A,LYS_502_A,LEU_504_A,LEU_507_A"
LEU_504_A,"PHE_245_A,LEU_473_A,ILE_500_A,CYS_503_A,MET_505_A,GLN_508_A"
MET_505_A,"ARG_501_A,LEU_504_A,HIS_506_A,PHE_509_A"
HIS_506_A,"LYS_502_A,MET_505_A,LEU_507_A,TRP_510_A"
LEU_507_A,"LEU_473_A,LEU_477_A,TRP_488_A,LEU_489_A,CYS_503_A,HIS_506_A,GLN_508_A"
GLN_508_A,"TRP_241_A,LEU_504_A,LEU_507_A,PHE_509_A"
PHE_509_A,"MET_505_A,GLN_508_A,TRP_510_A"
TRP_510_A,"TRP_488_A,HIS_506_A,PHE_509_A,CYS_511_A,ILE_519_A"
CYS_511_A,"TRP_510_A,VAL_512_A"
VAL_512_A,"CYS_511_A,ASP_513_A,THR_514_A"
ASP_513_A,"ARG_235_A,VAL_512_A,THR_514_A"
THR_514_A,"VAL_512_A,ASP_513_A,GLU_515_A"
GLU_515_A,"THR_514_A,ALA_516_A"
ALA_516_A,"GLU_515_A,ASP_517_A"
ASP_517_A,"ARG_222_A,ALA_516_A,LEU_518_A"
LEU_518_A,"TRP_488_A,ASP_517_A,ILE_519_A"
ILE_519_A,"TRP_510_A,LEU_518_A,SER_520_A"
SER_520_A,"ILE_519_A,SER_521_A"
SER_521_A,"SER_520_A,LYS_522_A"
LYS_522_A,"LYS_494_A,SER_521_A,ASN_523_A,ARG_633_A"
ASN_523_A,"ILE_219_A,LYS_522_A,ARG_524_A"
ARG_524_A,"ASN_523_A,LEU_525_A"
LEU_525_A,"ARG_524_A,LEU_528_A"
PRO_526_A,"VAL_527_A,ALA_627_A"
VAL_527_A,"PRO_526_A,LEU_528_A"
LEU_528_A,"LEU_525_A,VAL_527_A,THR_529_A"
THR_529_A,"LEU_528_A,SER_530_A,THR_531_A"
SER_530_A,"THR_529_A,THR_531_A"
THR_531_A,"THR_529_A,SER_530_A,LEU_532_A"
LEU_532_A,"THR_531_A,GLY_533_A"
GLY_533_A,"LEU_532_A,SER_534_A,SER_535_A"
SER_534_A,"GLY_533_A,SER_535_A"
SER_535_A,"GLY_533_A,SER_534_A,VAL_536_A"
VAL_536_A,"SER_535_A,LYS_537_A,SER_540_A"
LYS_537_A,"VAL_536_A,ASP_538_A,GLN_541_A"
ASP_538_A,"LYS_537_A,ILE_539_A,LEU_542_A"
ILE_539_A,"ASP_538_A,SER_540_A,LEU_542_A,THR_543_A"
SER_540_A,"VAL_536_A,ILE_539_A,GLN_541_A,THR_543_A,ASP_544_A"
GLN_541_A,"LYS_537_A,SER_540_A,LEU_542_A,LEU_545_A"
LEU_542_A,"ASP_538_A,ILE_539_A,GLN_541_A,THR_543_A,LEU_546_A,LEU_625_A,TYR_629_A"
THR_543_A,"ILE_539_A,SER_540_A,LEU_542_A,ASP_544_A,SER_547_A"
ASP_544_A,"SER_540_A,THR_543_A,LEU_545_A,ILE_548_A"
LEU_545_A,"GLN_541_A,ASP_544_A,LEU_546_A,ASN_549_A,LEU_625_A"
LEU_546_A,"LEU_542_A,LEU_545_A,SER_547_A,ASP_550_A,LEU_625_A,VAL_632_A"
SER_547_A,"THR_543_A,LEU_546_A,ILE_548_A,VAL_551_A"
ILE_548_A,"ASP_544_A,SER_547_A,ASN_549_A,ILE_552_A"
ASN_549_A,"LEU_545_A,ILE_548_A,ASP_550_A,GLY_553_A,GLN_622_A"
ASP_550_A,"LEU_546_A,ASN_549_A,VAL_551_A,GLN_554_A"
VAL_551_A,"SER_547_A,ASP_550_A,ILE_552_A,ALA_555_A"
ILE_552_A,"ILE_548_A,VAL_551_A,GLY_553_A,THR_556_A"
GLY_553_A,"ASN_549_A,ILE_552_A,GLN_554_A,LEU_557_A"
GLN_554_A,"ASP_550_A,GLY_553_A,ALA_555_A"
ALA_555_A,"VAL_551_A,GLN_554_A,THR_556_A"
THR_556_A,"ILE_552_A,ALA_555_A,LEU_557_A"
LEU_557_A,"GLY_553_A,THR_556_A,ASN_558_A,TYR_618_A"
ASN_558_A,"LEU_557_A,ARG_559_A,ARG_607_A"
ARG_559_A,"ASN_558_A,SER_560_A,ARG_607_A"
SER_560_A,"ARG_559_A,MET_561_A,VAL_562_A"
MET_561_A,"SER_560_A,VAL_562_A"
VAL_562_A,"SER_560_A,MET_561_A,ARG_563_A,LEU_611_A"
ARG_563_A,"VAL_562_A,GLN_564_A"
GLN_564_A,"ARG_563_A,GLU_565_A"
GLU_565_A,"GLN_564_A,ILE_566_A"
ILE_566_A,"GLU_565_A,ASP_567_A"
ASP_567_A,"ILE_566_A,SER_568_A"
SER_568_A,"ASP_567_A,THR_569_A,THR_570_A"
THR_569_A,"SER_568_A,THR_570_A"
THR_570_A,"SER_568_A,THR_569_A,MET_571_A,THR_572_A,HIS_601_A"
MET_571_A,"THR_570_A,THR_572_A,VAL_576_A"
THR_572_A,"THR_570_A,MET_571_A,LYS_575_A,VAL_576_A"
PRO_573_A,"GLU_574_A,ASN_577_A,LEU_600_A"
GLU_574_A,"PRO_573_A,LYS_575_A,THR_578_A"
LYS_575_A,"THR_572_A,GLU_574_A,VAL_576_A,TYR_594_A"
VAL_576_A,"MET_571_A,THR_572_A,LYS_575_A,ASN_577_A"
ASN_577_A,"PRO_573_A,VAL_576_A,THR_578_A"
THR_578_A,"GLU_574_A,ASN_577_A,PHE_579_A"
PHE_579_A,"GLU_414_A,THR_578_A,GLN_580_A,PHE_592_A"
GLN_580_A,"PHE_579_A,ASP_581_A"
ASP_581_A,"GLN_580_A,GLN_582_A"
GLN_582_A,"ASP_581_A,ASN_583_A"
ASN_583_A,"GLN_582_A,LEU_584_A"
LEU_584_A,"ASN_583_A,ASP_585_A,MET_588_A,LYS_589_A"
ASP_585_A,"LEU_584_A,ASP_586_A,GLU_587_A"
ASP_586_A,"GLU_414_A,ASP_585_A,GLU_587_A,LYS_589_A,LEU_590_A"
GLU_587_A,"ASP_585_A,ASP_586_A,MET_588_A,LYS_591_A"
MET_588_A,"LEU_584_A,GLU_587_A,LYS_589_A"
LYS_589_A,"GLU_414_A,LEU_584_A,ASP_586_A,MET_588_A,LEU_590_A"
LEU_590_A,"ASP_586_A,LYS_589_A,LYS_591_A"
LYS_591_A,"GLU_587_A,LEU_590_A,PHE_592_A"
PHE_592_A,"PHE_579_A,LYS_591_A,ASP_593_A"
ASP_593_A,"PHE_412_A,GLU_414_A,HIS_415_A,PHE_592_A,TYR_594_A"
TYR_594_A,"LYS_413_A,LYS_575_A,ASP_593_A,VAL_595_A,ILE_596_A"
VAL_595_A,"VAL_410_A,TYR_594_A,ILE_596_A"
ILE_596_A,"LEU_411_A,TYR_594_A,VAL_595_A,ASP_597_A"
ASP_597_A,"ILE_596_A,TYR_598_A,HIS_601_A"
TYR_598_A,"LEU_443_A,ASP_597_A,LYS_599_A"
LYS_599_A,"ASP_440_A,TYR_598_A,LEU_600_A"
LEU_600_A,"PRO_573_A,LYS_599_A,HIS_601_A,LEU_602_A"
HIS_601_A,"THR_570_A,ASP_597_A,LEU_600_A,LEU_602_A"
LEU_602_A,"LEU_600_A,HIS_601_A,ASN_603_A"
ASN_603_A,"LEU_602_A,ASP_604_A"
ASP_604_A,ASN_603_A
PRO_605_A,ASN_606_A
ASN_606_A,"PRO_605_A,ARG_607_A"
ARG_607_A,"ASN_558_A,ARG_559_A,ASN_606_A,GLN_608_A"
GLN_608_A,ARG_607_A
PRO_609_A,LEU_610_A
LEU_610_A,"PRO_609_A,LEU_611_A"
LEU_611_A,"VAL_562_A,LEU_610_A,PHE_613_A"
PRO_612_A,PHE_613_A
PHE_613_A,"LEU_611_A,PRO_612_A,GLU_614_A"
GLU_614_A,"PHE_613_A,LEU_615_A"
LEU_615_A,"GLU_614_A,ASN_616_A,ILE_617_A"
ASN_616_A,"LEU_615_A,ILE_617_A"
ILE_617_A,"LEU_615_A,ASN_616_A,TYR_618_A,ILE_621_A"
TYR_618_A,"LEU_557_A,ILE_617_A,GLN_619_A,GLN_622_A"
GLN_619_A,"TYR_618_A,HIS_620_A,GLU_623_A"
HIS_620_A,"GLN_619_A,ILE_621_A,GLN_624_A"
ILE_621_A,"ILE_617_A,HIS_620_A,GLN_622_A,LEU_625_A"
GLN_622_A,"ASN_549_A,TYR_618_A,ILE_621_A,GLU_623_A,GLU_626_A"
GLU_623_A,"GLN_619_A,GLN_622_A,GLN_624_A,GLU_626_A"
GLN_624_A,"HIS_620_A,GLU_623_A,LEU_625_A"
LEU_625_A,"LEU_542_A,LEU_545_A,LEU_546_A,ILE_621_A,GLN_624_A,GLU_626_A"
GLU_626_A,"GLN_622_A,GLU_623_A,LEU_625_A,ALA_627_A,VAL_632_A,ARG_633_A"
ALA_627_A,"PRO_526_A,GLU_626_A,ARG_628_A"
ARG_628_A,"ALA_627_A,TYR_629_A"
TYR_629_A,"LEU_542_A,ARG_628_A,SER_630_A"
SER_630_A,"TYR_629_A,TYR_631_A,GLU_634_A"
TYR_631_A,"SER_630_A,VAL_632_A,ALA_635_A"
VAL_632_A,"LEU_546_A,GLU_626_A,TYR_631_A,ARG_633_A,ASN_636_A"
ARG_633_A,"LYS_522_A,GLU_626_A,VAL_632_A,GLU_634_A,HIS_637_A"
GLU_634_A,"SER_630_A,ARG_633_A,ALA_635_A,ARG_638_A"
ALA_635_A,"TYR_631_A,GLU_634_A,ASN_636_A"
ASN_636_A,"VAL_632_A,ALA_635_A,HIS_637_A"
HIS_637_A,"ARG_633_A,ASN_636_A,ARG_638_A"
ARG_638_A,"GLU_634_A,HIS_637_A,LEU_639_A"
LEU_639_A,"ARG_638_A,ASP_640_A"
ASP_640_A,"LEU_639_A,ASN_641_A,GLU_642_A"
ASN_641_A,"ASP_640_A,GLU_642_A"
GLU_642_A,"ASP_640_A,ASN_641_A,TYR_643_A"
TYR_643_A,"GLU_642_A,LEU_644_A"
LEU_644_A,"TYR_643_A,VAL_645_A"
VAL_645_A,"LEU_644_A,ASN_646_A,LYS_649_A"
ASN_646_A,"VAL_645_A,ARG_647_A,LYS_650_A"
ARG_647_A,"ASN_646_A,PHE_648_A,LYS_650_A,MET_651_A"
PHE_648_A,"ARG_647_A,LYS_649_A,THR_652_A,ILE_713_A,LYS_714_A"
LYS_649_A,"VAL_645_A,PHE_648_A,LYS_650_A,THR_652_A,GLU_653_A"
LYS_650_A,"ASN_646_A,ARG_647_A,LYS_649_A,MET_651_A,SER_654_A,LYS_779_A"
MET_651_A,"ARG_647_A,LYS_650_A,THR_652_A,THR_655_A"
THR_652_A,"PHE_648_A,LYS_649_A,MET_651_A,GLU_653_A,LEU_656_A"
GLU_653_A,"LYS_649_A,THR_652_A,SER_654_A,ASN_657_A,LYS_779_A"
SER_654_A,"LYS_650_A,GLU_653_A,THR_655_A,PHE_658_A"
THR_655_A,"MET_651_A,SER_654_A,LEU_656_A,LEU_659_A,VAL_721_A"
LEU_656_A,"THR_652_A,THR_655_A,ASN_657_A,ALA_660_A"
ASN_657_A,"GLU_653_A,LEU_656_A,PHE_658_A,SER_661_A"
PHE_658_A,"SER_654_A,ASN_657_A,LEU_659_A,ILE_724_A,ASN_770_A,VAL_776_A"
LEU_659_A,"THR_655_A,PHE_658_A,ALA_660_A,ARG_662_A,ALA_701_A"
ALA_660_A,"LEU_656_A,LEU_659_A,SER_661_A"
SER_661_A,"ASN_657_A,ALA_660_A,ARG_662_A,ALA_771_A"
ARG_662_A,"LEU_659_A,SER_661_A"
GLU_699_A,ASN_700_A
ASN_700_A,"GLU_699_A,ALA_701_A,ASP_704_A"
ALA_701_A,"LEU_659_A,ASN_700_A,GLU_702_A,LEU_705_A"
GLU_702_A,"ALA_701_A,ILE_703_A"
ILE_703_A,"GLU_702_A,ASP_704_A,SER_707_A"
ASP_704_A,"ASN_700_A,ILE_703_A,LEU_705_A,SER_707_A,ALA_708_A"
LEU_705_A,"ALA_701_A,ASP_704_A,LEU_706_A"
LEU_706_A,"LEU_705_A,SER_707_A"
SER_707_A,"ILE_703_A,ASP_704_A,LEU_706_A,ALA_708_A"
ALA_708_A,"ASP_704_A,SER_707_A,THR_709_A"
THR_709_A,"ALA_708_A,THR_710_A"
THR_710_A,"THR_709_A,GLN_711_A,LYS_714_A"
GLN_711_A,"THR_710_A,GLN_712_A,ALA_715_A"
GLN_712_A,"GLN_711_A,ILE_713_A,GLU_716_A"
ILE_713_A,"PHE_648_A,GLN_712_A,LYS_714_A,ILE_717_A"
LYS_714_A,"PHE_648_A,THR_710_A,ILE_713_A,ALA_715_A"
ALA_715_A,"GLN_711_A,LYS_714_A,GLU_716_A"
GLU_716_A,"GLN_712_A,ALA_715_A,ILE_717_A"
ILE_717_A,"ILE_713_A,GLU_716_A,ASN_718_A,VAL_721_A"
ASN_718_A,"ILE_717_A,PHE_722_A"
PRO_719_A,"PHE_720_A,GLU_723_A"
PHE_720_A,"PRO_719_A,VAL_721_A,ILE_724_A"
VAL_721_A,"THR_655_A,ILE_717_A,PHE_720_A,PHE_722_A,ALA_725_A"
PHE_722_A,"ASN_718_A,VAL_721_A,GLU_723_A,LYS_726_A,TRP_780_A"
GLU_723_A,"PRO_719_A,PHE_722_A,ILE_724_A,LYS_726_A,SER_727_A"
ILE_724_A,"PHE_658_A,PHE_720_A,GLU_723_A,ALA_725_A,ASP_728_A"
ALA_725_A,"VAL_721_A,ILE_724_A,LYS_726_A,ALA_729_A,VAL_776_A"
LYS_726_A,"PHE_722_A,GLU_723_A,ALA_725_A,SER_727_A,ASN_730_A"
SER_727_A,"GLU_723_A,LYS_726_A,ASP_728_A"
ASP_728_A,"ILE_724_A,SER_727_A,ALA_729_A,LYS_732_A,ASN_770_A"
ALA_729_A,"ALA_725_A,ASP_728_A,ASN_730_A"
ASN_730_A,"LYS_726_A,ALA_729_A,VAL_731_A"
VAL_731_A,"ASN_730_A,LYS_732_A"
LYS_732_A,"ASP_728_A,VAL_731_A,ASN_733_A,ASN_770_A"
ASN_733_A,LYS_732_A
PHE_769_A,ASN_770_A
ASN_770_A,"PHE_658_A,ASP_728_A,LYS_732_A,PHE_769_A,ALA_771_A"
ALA_771_A,"SER_661_A,ASN_770_A,ASP_772_A"
ASP_772_A,ALA_771_A
PRO_773_A,SER_774_A
SER_774_A,"PRO_773_A,ILE_775_A,ARG_778_A"
ILE_775_A,"SER_774_A,VAL_776_A,LYS_779_A"
VAL_776_A,"PHE_658_A,ALA_725_A,ILE_775_A,VAL_777_A"
VAL_777_A,"VAL_776_A,ARG_778_A"
ARG_778_A,"SER_774_A,VAL_777_A,LYS_779_A"
LYS_779_A,"LYS_650_A,GLU_653_A,ILE_775_A,ARG_778_A,TRP_780_A"
TRP_780_A,"PHE_722_A,LYS_779_A,GLU_781_A"
GLU_781_A,TRP_780_A
