residue_id,neighbors
SER_185_A,ASN_186_A
ASN_186_A,"SER_185_A,LEU_187_A"
LEU_187_A,"ASN_186_A,THR_188_A,ILE_384_A"
THR_188_A,"LEU_187_A,GLN_191_A,GLN_192_A"
PRO_189_A,"GLU_190_A,ARG_193_A"
GLU_190_A,"PRO_189_A,GLN_191_A,ARG_193_A"
GLN_191_A,"THR_188_A,GLU_190_A,GLN_192_A,LEU_195_A"
GLN_192_A,"THR_188_A,GLN_191_A,ARG_193_A,ASN_196_A"
ARG_193_A,"PRO_189_A,GLU_190_A,GLN_192_A,TYR_194_A"
TYR_194_A,"ARG_193_A,LEU_195_A,LYS_199_A,MET_387_A,PRO_388_A,LEU_392_A"
LEU_195_A,"GLN_191_A,TYR_194_A,ASN_196_A"
ASN_196_A,"GLN_192_A,LEU_195_A,ALA_197_A"
ALA_197_A,"ASN_196_A,LYS_198_A,LYS_199_A,LEU_392_A"
LYS_198_A,"ALA_197_A,LYS_199_A,HIS_243_A,LYS_394_A,GLU_445_A"
LYS_199_A,"TYR_194_A,ALA_197_A,LYS_198_A,TYR_200_A,HIS_243_A"
TYR_200_A,"LYS_199_A,VAL_201_A,ILE_391_A,LYS_394_A"
VAL_201_A,"TYR_200_A,LYS_202_A,LEU_203_A,ILE_242_A"
LYS_202_A,"VAL_201_A,LEU_203_A,VAL_247_A,ASP_286_A,CYS_390_A,LYS_393_A,PRO_395_A"
LEU_203_A,"VAL_201_A,LYS_202_A,PHE_204_A,ALA_245_A,VAL_247_A"
PHE_204_A,"LEU_203_A,LEU_205_A,GLU_250_A,LEU_279_A,ASN_287_A"
LEU_205_A,"PHE_204_A,VAL_206_A,MET_226_A,LEU_246_A,GLY_248_A,GLU_250_A,GLN_289_A,MET_333_A"
VAL_206_A,"LEU_205_A,ALA_207_A,TRP_252_A,LEU_291_A"
ALA_207_A,"VAL_206_A,ASP_208_A,GLU_250_A,TRP_252_A"
ASP_208_A,"ALA_207_A,TYR_209_A,MET_211_A,ASP_256_A,THR_292_A"
TYR_209_A,"ASP_208_A,ILE_210_A,TYR_212_A,LEU_213_A,ASP_256_A"
ILE_210_A,"TYR_209_A,MET_211_A,LYS_214_A"
MET_211_A,"ASP_208_A,ILE_210_A,TYR_212_A,TYR_215_A,LEU_291_A"
TYR_212_A,"TYR_209_A,MET_211_A,LEU_213_A,ARG_217_A,LEU_219_A"
LEU_213_A,"TYR_209_A,TYR_212_A,LYS_214_A,GLY_216_A"
LYS_214_A,"ILE_210_A,LEU_213_A,TYR_215_A,ARG_225_A,ASP_321_A"
TYR_215_A,"MET_211_A,LYS_214_A,GLY_216_A,ARG_225_A,ASP_321_A"
GLY_216_A,"LEU_213_A,TYR_215_A,ARG_217_A"
ARG_217_A,"TYR_212_A,GLY_216_A,ASN_218_A"
ASN_218_A,"ARG_217_A,LEU_219_A,THR_220_A,ALA_221_A"
LEU_219_A,"TYR_212_A,ASN_218_A,THR_220_A,ARG_223_A"
THR_220_A,"ASN_218_A,LEU_219_A,ALA_221_A,THR_224_A"
ALA_221_A,"ASN_218_A,THR_220_A,VAL_222_A,ARG_225_A"
VAL_222_A,"ALA_221_A,ARG_223_A,ILE_251_A"
ARG_223_A,"LEU_219_A,VAL_222_A,THR_224_A,TYR_227_A,ILE_251_A"
THR_224_A,"THR_220_A,ARG_223_A,ARG_225_A,ASP_228_A"
ARG_225_A,"LYS_214_A,TYR_215_A,ALA_221_A,THR_224_A,MET_226_A,ASP_321_A,SER_323_A,HIS_326_A"
MET_226_A,"LEU_205_A,ARG_225_A,TYR_227_A,VAL_230_A,LEU_249_A"
TYR_227_A,"ARG_223_A,MET_226_A,ASP_228_A,ASN_231_A,LEU_249_A,PRO_403_A"
ASP_228_A,"THR_224_A,TYR_227_A,ILE_229_A,HIS_326_A"
ILE_229_A,"ASP_228_A,VAL_230_A,LEU_291_A"
VAL_230_A,"MET_226_A,ILE_229_A,ASN_231_A,THR_234_A"
ASN_231_A,"TYR_227_A,VAL_230_A,VAL_232_A"
VAL_232_A,"ASN_231_A,ILE_233_A,ALA_330_A,PHE_369_A"
ILE_233_A,"VAL_232_A,THR_234_A,TYR_237_A,MET_333_A"
THR_234_A,"VAL_230_A,ILE_233_A,HIS_238_A"
PRO_235_A,ILE_236_A
ILE_236_A,"PRO_235_A,TYR_237_A,PHE_369_A,PHE_371_A"
TYR_237_A,"ILE_233_A,ILE_236_A,HIS_238_A,MET_240_A,ALA_334_A,LEU_341_A,PHE_371_A"
HIS_238_A,"THR_234_A,TYR_237_A,ARG_239_A,ASN_241_A,HIS_243_A,TYR_409_A,GLU_445_A"
ARG_239_A,"HIS_238_A,MET_240_A"
MET_240_A,"TYR_237_A,ARG_239_A,ASN_241_A,PHE_371_A"
ASN_241_A,"HIS_238_A,MET_240_A,ILE_242_A"
ILE_242_A,"VAL_201_A,ASN_241_A,HIS_243_A,LEU_341_A"
HIS_243_A,"LYS_198_A,LYS_199_A,HIS_238_A,ILE_242_A,VAL_244_A,GLU_445_A"
VAL_244_A,"HIS_243_A,ALA_245_A"
ALA_245_A,"LEU_203_A,VAL_244_A,LEU_246_A"
LEU_246_A,"LEU_205_A,ALA_245_A,VAL_247_A,VAL_401_A"
VAL_247_A,"LYS_202_A,LEU_203_A,LEU_246_A,GLY_248_A"
GLY_248_A,"LEU_205_A,VAL_247_A,LEU_249_A"
LEU_249_A,"MET_226_A,TYR_227_A,GLY_248_A,GLU_250_A"
GLU_250_A,"PHE_204_A,LEU_205_A,ALA_207_A,LEU_249_A,ILE_251_A,TRP_252_A,LYS_257_A,ASP_278_A,ARG_282_A"
ILE_251_A,"VAL_222_A,ARG_223_A,GLU_250_A,TRP_252_A,SER_253_A"
TRP_252_A,"VAL_206_A,ALA_207_A,GLU_250_A,ILE_251_A,SER_253_A,LYS_257_A,TRP_274_A"
SER_253_A,"ILE_251_A,TRP_252_A,ASN_254_A"
ASN_254_A,"SER_253_A,THR_255_A"
THR_255_A,"ASN_254_A,ASP_256_A"
ASP_256_A,"ASP_208_A,TYR_209_A,THR_255_A,LYS_257_A"
LYS_257_A,"GLU_250_A,TRP_252_A,ASP_256_A,ILE_258_A,ASP_278_A,ARG_282_A"
ILE_258_A,"LYS_257_A,ILE_259_A,TRP_274_A"
ILE_259_A,"ILE_258_A,VAL_260_A,GLN_261_A"
VAL_260_A,"ILE_259_A,GLN_261_A"
GLN_261_A,"ILE_259_A,VAL_260_A,SER_262_A,SER_263_A,THR_267_A"
SER_262_A,"GLN_261_A,SER_263_A,ASN_297_A"
SER_263_A,"GLN_261_A,SER_262_A,ALA_264_A"
ALA_264_A,"SER_263_A,ASP_265_A,LEU_268_A"
ASP_265_A,"ALA_264_A,VAL_266_A"
VAL_266_A,"ASP_265_A,THR_267_A"
THR_267_A,"GLN_261_A,VAL_266_A,LEU_268_A,PHE_271_A"
LEU_268_A,"ALA_264_A,THR_267_A,ASP_269_A,ALA_272_A,LEU_303_A,TYR_305_A"
ASP_269_A,"LEU_268_A,LEU_270_A,LYS_273_A"
LEU_270_A,"ASP_269_A,PHE_271_A,TRP_274_A"
PHE_271_A,"THR_267_A,LEU_270_A,ALA_272_A,ARG_275_A,LEU_290_A"
ALA_272_A,"LEU_268_A,PHE_271_A,LYS_273_A,ALA_276_A,TYR_305_A"
LYS_273_A,"ASP_269_A,ALA_272_A,TRP_274_A"
TRP_274_A,"TRP_252_A,ILE_258_A,LEU_270_A,LYS_273_A,ARG_275_A,ASP_278_A,LEU_279_A"
ARG_275_A,"PHE_271_A,TRP_274_A,ALA_276_A,LEU_280_A,HIS_285_A"
ALA_276_A,"ALA_272_A,ARG_275_A,THR_277_A"
THR_277_A,"ALA_276_A,ASP_278_A"
ASP_278_A,"GLU_250_A,LYS_257_A,TRP_274_A,THR_277_A,LEU_279_A,ARG_282_A"
LEU_279_A,"PHE_204_A,TRP_274_A,ASP_278_A,LEU_280_A,LYS_283_A"
LEU_280_A,"ARG_275_A,LEU_279_A,SER_281_A"
SER_281_A,"LEU_280_A,ARG_282_A"
ARG_282_A,"GLU_250_A,LYS_257_A,ASP_278_A,SER_281_A,LYS_283_A"
LYS_283_A,"LEU_279_A,ARG_282_A,SER_284_A,ASP_399_A"
SER_284_A,"LYS_283_A,HIS_285_A"
HIS_285_A,"ARG_275_A,SER_284_A,ASP_286_A"
ASP_286_A,"LYS_202_A,HIS_285_A,ASN_287_A,SER_315_A,CYS_390_A"
ASN_287_A,"PHE_204_A,ASP_286_A,ALA_288_A,ASN_340_A"
ALA_288_A,"ASN_287_A,GLN_289_A"
GLN_289_A,"LEU_205_A,ALA_288_A,LEU_290_A,ASN_340_A"
LEU_290_A,"PHE_271_A,GLN_289_A,LEU_291_A,GLY_317_A,ILE_318_A,VAL_319_A"
LEU_291_A,"VAL_206_A,MET_211_A,ILE_229_A,LEU_290_A,THR_292_A"
THR_292_A,"ASP_208_A,LEU_291_A,GLY_293_A,ILE_294_A,PHE_296_A,VAL_319_A,ASP_321_A"
GLY_293_A,"THR_292_A,ILE_294_A"
ILE_294_A,"THR_292_A,GLY_293_A,ASN_295_A"
ASN_295_A,"ILE_294_A,PHE_296_A"
PHE_296_A,"THR_292_A,ASN_295_A,ASN_297_A,ILE_318_A"
ASN_297_A,"SER_262_A,PHE_296_A,GLY_298_A"
GLY_298_A,ASN_297_A
PRO_299_A,THR_300_A
THR_300_A,"PRO_299_A,ALA_301_A"
ALA_301_A,"THR_300_A,GLY_302_A,GLN_320_A"
GLY_302_A,"ALA_301_A,LEU_303_A"
LEU_303_A,"LEU_268_A,GLY_302_A,GLY_304_A,ILE_318_A"
GLY_304_A,"LEU_303_A,TYR_305_A"
TYR_305_A,"LEU_268_A,ALA_272_A,GLY_304_A,LEU_306_A,TYR_314_A,ASN_340_A"
LEU_306_A,"TYR_305_A,GLY_307_A"
GLY_307_A,"LEU_306_A,GLY_308_A,HIS_339_A"
GLY_308_A,"GLY_307_A,ILE_309_A"
ILE_309_A,"GLY_308_A,CYS_310_A,ASN_340_A,PHE_382_A"
CYS_310_A,"ILE_309_A,ASN_311_A,SER_315_A,CYS_390_A"
ASN_311_A,"CYS_310_A,THR_312_A,MET_313_A"
THR_312_A,"ASN_311_A,MET_313_A"
MET_313_A,"ASN_311_A,THR_312_A,TYR_314_A"
TYR_314_A,"TYR_305_A,MET_313_A,SER_315_A,ALA_316_A"
SER_315_A,"ASP_286_A,CYS_310_A,TYR_314_A,ALA_316_A"
ALA_316_A,"TYR_314_A,SER_315_A,GLY_317_A"
GLY_317_A,"LEU_290_A,ALA_316_A,ILE_318_A"
ILE_318_A,"LEU_290_A,PHE_296_A,LEU_303_A,GLY_317_A,VAL_319_A"
VAL_319_A,"LEU_290_A,THR_292_A,ILE_318_A,GLN_320_A,MET_333_A"
GLN_320_A,"ALA_301_A,VAL_319_A,ASP_321_A,HIS_322_A"
ASP_321_A,"LYS_214_A,TYR_215_A,ARG_225_A,THR_292_A,GLN_320_A,HIS_322_A"
HIS_322_A,"GLN_320_A,ASP_321_A,SER_323_A"
SER_323_A,"ARG_225_A,HIS_322_A,LYS_324_A,ILE_325_A"
LYS_324_A,"SER_323_A,ILE_325_A"
ILE_325_A,"SER_323_A,LYS_324_A,HIS_326_A,LEU_328_A"
HIS_326_A,"ARG_225_A,ASP_228_A,ILE_325_A,HIS_327_A"
HIS_327_A,"HIS_326_A,LEU_328_A"
LEU_328_A,"ILE_325_A,HIS_327_A,VAL_329_A"
VAL_329_A,"LEU_328_A,ALA_330_A,MET_333_A"
ALA_330_A,"VAL_232_A,VAL_329_A,ILE_331_A,ALA_334_A"
ILE_331_A,"ALA_330_A,ALA_332_A,HIS_335_A,ALA_367_A,PHE_369_A"
ALA_332_A,"ILE_331_A,MET_333_A"
MET_333_A,"LEU_205_A,ILE_233_A,VAL_319_A,VAL_329_A,ALA_332_A,ALA_334_A,MET_337_A"
ALA_334_A,"TYR_237_A,ALA_330_A,MET_333_A,HIS_335_A,GLY_338_A"
HIS_335_A,"ILE_331_A,ALA_334_A,GLU_336_A,HIS_339_A,HIS_345_A,VAL_358_A"
GLU_336_A,"HIS_335_A,MET_337_A,HIS_339_A,ASN_340_A"
MET_337_A,"MET_333_A,GLU_336_A,GLY_338_A,LEU_341_A"
GLY_338_A,"ALA_334_A,MET_337_A,HIS_339_A,LEU_341_A"
HIS_339_A,"GLY_307_A,HIS_335_A,GLU_336_A,GLY_338_A,ASN_340_A,LEU_341_A,GLY_342_A,MET_343_A,ASP_344_A,HIS_345_A"
ASN_340_A,"ASN_287_A,GLN_289_A,TYR_305_A,ILE_309_A,GLU_336_A,HIS_339_A,LEU_341_A"
LEU_341_A,"TYR_237_A,ILE_242_A,MET_337_A,GLY_338_A,HIS_339_A,ASN_340_A,GLY_342_A"
GLY_342_A,"HIS_339_A,LEU_341_A,MET_343_A"
MET_343_A,"HIS_339_A,GLY_342_A,ASP_344_A,PHE_371_A"
ASP_344_A,"HIS_339_A,MET_343_A,HIS_345_A,ASP_378_A"
HIS_345_A,"HIS_335_A,HIS_339_A,ASP_344_A,ASP_346_A"
ASP_346_A,"HIS_345_A,LYS_347_A,MET_359_A,SER_372_A"
LYS_347_A,"ASP_346_A,ASP_348_A"
ASP_348_A,"LYS_347_A,THR_349_A"
THR_349_A,"ASP_348_A,CYS_350_A"
CYS_350_A,"THR_349_A,THR_351_A,CYS_374_A"
THR_351_A,"CYS_350_A,CYS_352_A"
CYS_352_A,"THR_351_A,GLY_353_A,CYS_357_A"
GLY_353_A,"CYS_352_A,THR_354_A"
THR_354_A,"GLY_353_A,ARG_355_A"
ARG_355_A,THR_354_A
PRO_356_A,"CYS_357_A,SER_368_A"
CYS_357_A,"CYS_352_A,PRO_356_A,VAL_358_A"
VAL_358_A,"HIS_335_A,CYS_357_A,MET_359_A,LEU_370_A,PHE_371_A"
MET_359_A,"ASP_346_A,VAL_358_A,ALA_360_A"
ALA_360_A,"MET_359_A,GLY_361_A"
GLY_361_A,"ALA_360_A,ALA_362_A"
ALA_362_A,"GLY_361_A,LEU_363_A"
LEU_363_A,"ALA_362_A,SER_364_A"
SER_364_A,"LEU_363_A,CYS_365_A"
CYS_365_A,"SER_364_A,GLU_366_A"
GLU_366_A,"CYS_365_A,ALA_367_A"
ALA_367_A,"ILE_331_A,GLU_366_A,SER_368_A"
SER_368_A,"PRO_356_A,ALA_367_A,PHE_369_A"
PHE_369_A,"VAL_232_A,ILE_236_A,ILE_331_A,SER_368_A,LEU_370_A"
LEU_370_A,"VAL_358_A,PHE_369_A,PHE_371_A"
PHE_371_A,"ILE_236_A,TYR_237_A,MET_240_A,MET_343_A,VAL_358_A,LEU_370_A,SER_372_A"
SER_372_A,"ASP_346_A,PHE_371_A,ASP_373_A"
ASP_373_A,"SER_372_A,CYS_374_A,LYS_377_A"
CYS_374_A,"CYS_350_A,ASP_373_A,SER_375_A,ASP_378_A"
SER_375_A,"CYS_374_A,GLN_376_A,HIS_379_A"
GLN_376_A,"SER_375_A,LYS_377_A"
LYS_377_A,"ASP_373_A,GLN_376_A,ASP_378_A,ARG_380_A,GLU_381_A"
ASP_378_A,"ASP_344_A,CYS_374_A,LYS_377_A,HIS_379_A,PHE_382_A"
HIS_379_A,"SER_375_A,ASP_378_A,ARG_380_A"
ARG_380_A,"LYS_377_A,HIS_379_A,GLU_381_A"
GLU_381_A,"LYS_377_A,ARG_380_A,PHE_382_A,LYS_385_A"
PHE_382_A,"ILE_309_A,ASP_378_A,GLU_381_A,LEU_383_A"
LEU_383_A,"PHE_382_A,ILE_384_A,MET_387_A"
ILE_384_A,"LEU_187_A,LEU_383_A,LYS_385_A"
LYS_385_A,"GLU_381_A,ILE_384_A,ASN_386_A"
ASN_386_A,"LYS_385_A,MET_387_A"
MET_387_A,"TYR_194_A,LEU_383_A,ASN_386_A,GLN_389_A"
PRO_388_A,"TYR_194_A,GLN_389_A,ILE_391_A"
GLN_389_A,"MET_387_A,PRO_388_A,CYS_390_A"
CYS_390_A,"LYS_202_A,ASP_286_A,CYS_310_A,GLN_389_A,ILE_391_A"
ILE_391_A,"TYR_200_A,PRO_388_A,CYS_390_A,LEU_392_A"
LEU_392_A,"TYR_194_A,ALA_197_A,ILE_391_A,LYS_393_A"
LYS_393_A,"LYS_202_A,LEU_392_A,LYS_394_A,ASP_399_A"
LYS_394_A,"LYS_198_A,TYR_200_A,LYS_393_A"
PRO_395_A,"LYS_202_A,LEU_396_A,PHE_410_A"
LEU_396_A,"PRO_395_A,LYS_397_A,THR_398_A,ASP_399_A"
LYS_397_A,"LEU_396_A,THR_398_A"
THR_398_A,"LEU_396_A,LYS_397_A,ASP_399_A"
ASP_399_A,"LYS_283_A,LYS_393_A,LEU_396_A,THR_398_A,VAL_400_A"
VAL_400_A,"ASP_399_A,VAL_401_A,PHE_410_A"
VAL_401_A,"LEU_246_A,VAL_400_A,SER_402_A"
SER_402_A,VAL_401_A
PRO_403_A,"TYR_227_A,ALA_404_A"
ALA_404_A,"PRO_403_A,VAL_405_A"
VAL_405_A,"ALA_404_A,CYS_406_A,GLU_412_A"
CYS_406_A,"VAL_405_A,GLY_407_A,CYS_435_A"
GLY_407_A,"CYS_406_A,ASN_408_A,ASP_418_A"
ASN_408_A,"GLY_407_A,TYR_409_A,PHE_410_A,ASP_418_A"
TYR_409_A,"HIS_238_A,ASN_408_A,PHE_410_A,ASP_418_A"
PHE_410_A,"PRO_395_A,VAL_400_A,ASN_408_A,TYR_409_A,VAL_411_A,GLU_412_A"
VAL_411_A,"PHE_410_A,GLU_412_A"
GLU_412_A,"VAL_405_A,PHE_410_A,VAL_411_A,VAL_413_A,GLU_415_A,ASP_418_A"
VAL_413_A,"GLU_412_A,GLY_414_A"
GLY_414_A,"VAL_413_A,GLU_415_A"
GLU_415_A,"GLU_412_A,GLY_414_A,GLU_416_A,ASP_418_A"
GLU_416_A,"GLU_415_A,CYS_417_A,CYS_435_A,LYS_436_A,LEU_437_A"
CYS_417_A,"GLU_416_A,ASP_418_A,CYS_430_A"
ASP_418_A,"GLY_407_A,ASN_408_A,TYR_409_A,GLU_412_A,GLU_415_A,CYS_417_A,CYS_419_A,GLY_420_A"
CYS_419_A,"ASP_418_A,GLY_420_A,CYS_425_A,ASP_427_A"
GLY_420_A,"ASP_418_A,CYS_419_A,SER_421_A"
SER_421_A,"GLY_420_A,ARG_423_A,THR_424_A,CYS_425_A"
PRO_422_A,ARG_423_A
ARG_423_A,"SER_421_A,PRO_422_A,THR_424_A"
THR_424_A,"SER_421_A,ARG_423_A,CYS_425_A"
CYS_425_A,"CYS_419_A,SER_421_A,THR_424_A,ARG_426_A,ALA_432_A"
ARG_426_A,"CYS_425_A,ASP_427_A"
ASP_427_A,"CYS_419_A,ARG_426_A,CYS_429_A,GLU_445_A"
PRO_428_A,CYS_429_A
CYS_429_A,"ASP_427_A,PRO_428_A,CYS_430_A,ARG_438_A,CYS_452_A"
CYS_430_A,"CYS_417_A,CYS_429_A,ASP_431_A"
ASP_431_A,"CYS_430_A,ALA_432_A,THR_433_A,THR_434_A,CYS_435_A,LYS_436_A,ARG_438_A"
ALA_432_A,"CYS_425_A,ASP_431_A,THR_433_A"
THR_433_A,"ASP_431_A,ALA_432_A,THR_434_A"
THR_434_A,"ASP_431_A,THR_433_A,CYS_435_A"
CYS_435_A,"CYS_406_A,GLU_416_A,ASP_431_A,THR_434_A,LYS_436_A"
LYS_436_A,"GLU_416_A,ASP_431_A,CYS_435_A,LEU_437_A"
LEU_437_A,"GLU_416_A,LYS_436_A,ARG_438_A"
ARG_438_A,"CYS_429_A,ASP_431_A,LEU_437_A,GLN_439_A"
GLN_439_A,"ARG_438_A,GLY_440_A"
GLY_440_A,"GLN_439_A,ALA_441_A,ARG_453_A"
ALA_441_A,"GLY_440_A,GLN_442_A"
GLN_442_A,"ALA_441_A,CYS_443_A,CYS_452_A,PHE_454_A"
CYS_443_A,"GLN_442_A,ALA_444_A,CYS_449_A,PHE_454_A,ALA_479_A"
ALA_444_A,"CYS_443_A,GLU_445_A"
GLU_445_A,"LYS_198_A,HIS_238_A,HIS_243_A,ASP_427_A,ALA_444_A,GLY_446_A"
GLY_446_A,"GLU_445_A,LEU_447_A"
LEU_447_A,"GLY_446_A,CYS_448_A,LYS_455_A"
CYS_448_A,"LEU_447_A,CYS_449_A,LYS_455_A,CYS_474_A,ALA_479_A"
CYS_449_A,"CYS_443_A,CYS_448_A,ASP_450_A"
ASP_450_A,"CYS_449_A,GLN_451_A,ARG_453_A,LYS_455_A"
GLN_451_A,"ASP_450_A,CYS_452_A"
CYS_452_A,"CYS_429_A,GLN_442_A,GLN_451_A,ARG_453_A"
ARG_453_A,"GLY_440_A,ASP_450_A,CYS_452_A,PHE_454_A"
PHE_454_A,"GLN_442_A,CYS_443_A,ARG_453_A,LYS_455_A"
LYS_455_A,"LEU_447_A,CYS_448_A,ASP_450_A,PHE_454_A,GLY_456_A"
GLY_456_A,"LYS_455_A,ALA_457_A,THR_459_A"
ALA_457_A,"GLY_456_A,GLY_458_A"
GLY_458_A,"ALA_457_A,THR_459_A,CYS_474_A"
THR_459_A,"GLY_456_A,GLY_458_A,GLU_460_A,CYS_474_A"
GLU_460_A,"THR_459_A,CYS_461_A"
CYS_461_A,"GLU_460_A,ARG_462_A,CYS_481_A"
ARG_462_A,"CYS_461_A,ALA_463_A,ASP_472_A,ASP_483_A"
ALA_463_A,"ARG_462_A,ALA_464_A"
ALA_464_A,"ALA_463_A,LYS_465_A"
LYS_465_A,"ALA_464_A,ASP_466_A,ASP_469_A,ASP_483_A"
ASP_466_A,"LYS_465_A,GLU_467_A,CYS_468_A,ASP_469_A"
GLU_467_A,"ASP_466_A,CYS_468_A,LYS_493_A"
CYS_468_A,"ASP_466_A,GLU_467_A,ASP_469_A,CYS_499_A"
ASP_469_A,"LYS_465_A,ASP_466_A,CYS_468_A,MET_470_A,ASP_472_A,ASP_483_A"
MET_470_A,"ASP_469_A,ALA_471_A"
ALA_471_A,"MET_470_A,ASP_472_A,ARG_484_A"
ASP_472_A,"ARG_462_A,ASP_469_A,ALA_471_A,VAL_473_A,ASP_483_A,ARG_484_A"
VAL_473_A,"ASP_472_A,CYS_474_A"
CYS_474_A,"CYS_448_A,GLY_458_A,THR_459_A,VAL_473_A,THR_475_A"
THR_475_A,"CYS_474_A,GLY_476_A"
GLY_476_A,"THR_475_A,ARG_477_A"
ARG_477_A,"GLY_476_A,SER_478_A"
SER_478_A,"ARG_477_A,ALA_479_A"
ALA_479_A,"CYS_443_A,CYS_448_A,SER_478_A,GLU_480_A"
GLU_480_A,"ALA_479_A,CYS_481_A"
CYS_481_A,"CYS_461_A,GLU_480_A,THR_482_A"
THR_482_A,"CYS_481_A,ASP_483_A"
ASP_483_A,"ARG_462_A,LYS_465_A,ASP_469_A,ASP_472_A,THR_482_A,ARG_484_A"
ARG_484_A,"ALA_471_A,ASP_472_A,ASP_483_A,PHE_485_A"
PHE_485_A,"ARG_484_A,GLN_486_A"
GLN_486_A,"PHE_485_A,ARG_487_A"
ARG_487_A,"GLN_486_A,ASN_488_A"
ASN_488_A,"ARG_487_A,GLY_489_A"
GLY_489_A,"ASN_488_A,GLN_490_A"
GLN_490_A,"GLY_489_A,CYS_499_A"
PRO_491_A,CYS_492_A
CYS_492_A,"PRO_491_A,LYS_493_A,GLY_497_A,CYS_504_A"
LYS_493_A,"GLU_467_A,CYS_492_A,ASN_494_A,ASN_496_A,CYS_504_A,ILE_506_A,ASP_509_A"
ASN_494_A,"LYS_493_A,ASN_495_A"
ASN_495_A,"ASN_494_A,ASN_496_A,LYS_591_A"
ASN_496_A,"LYS_493_A,ASN_495_A,GLY_497_A"
GLY_497_A,"CYS_492_A,ASN_496_A,TYR_498_A"
TYR_498_A,"GLY_497_A,CYS_499_A,ASP_594_A"
CYS_499_A,"CYS_468_A,GLN_490_A,TYR_498_A,TYR_500_A"
TYR_500_A,"CYS_499_A,ASN_501_A,LYS_503_A"
ASN_501_A,"TYR_500_A,GLY_502_A"
GLY_502_A,"ASN_501_A,LYS_503_A"
LYS_503_A,"TYR_500_A,GLY_502_A,CYS_504_A"
CYS_504_A,"CYS_492_A,LYS_493_A,LYS_503_A"
PRO_505_A,ILE_506_A
ILE_506_A,"LYS_493_A,PRO_505_A,MET_507_A"
MET_507_A,"ILE_506_A,ALA_508_A,CYS_511_A,VAL_521_A"
ALA_508_A,"MET_507_A,ASP_509_A"
ASP_509_A,"LYS_493_A,ALA_508_A,GLN_510_A,ALA_513_A"
GLN_510_A,"ASP_509_A,CYS_511_A,LEU_559_A,LEU_587_A"
CYS_511_A,"MET_507_A,GLN_510_A,ILE_512_A,PHE_515_A,CYS_561_A"
ILE_512_A,"CYS_511_A,ALA_513_A,GLY_516_A"
ALA_513_A,"ASP_509_A,ILE_512_A,LEU_514_A"
LEU_514_A,"ALA_513_A,PHE_515_A,LEU_559_A"
PHE_515_A,"CYS_511_A,LEU_514_A,GLY_516_A,ALA_519_A,CYS_561_A,TYR_575_A"
GLY_516_A,"ILE_512_A,PHE_515_A"
PRO_517_A,GLY_518_A
GLY_518_A,"PRO_517_A,ALA_519_A"
ALA_519_A,"PHE_515_A,GLY_518_A,THR_520_A"
THR_520_A,"ALA_519_A,VAL_521_A"
VAL_521_A,"MET_507_A,THR_520_A,SER_522_A,PHE_527_A"
SER_522_A,"VAL_521_A,GLN_523_A,TYR_560_A,PRO_571_A"
GLN_523_A,"SER_522_A,ASP_524_A"
ASP_524_A,"GLN_523_A,ALA_525_A,CYS_526_A,LYS_555_A"
ALA_525_A,"ASP_524_A,CYS_526_A"
CYS_526_A,"ASP_524_A,ALA_525_A,PHE_527_A,GLN_528_A,PHE_529_A,CYS_572_A"
PHE_527_A,"VAL_521_A,CYS_526_A,GLN_528_A"
GLN_528_A,"CYS_526_A,PHE_527_A,PHE_529_A"
PHE_529_A,"CYS_526_A,GLN_528_A,ASN_530_A"
ASN_530_A,"PHE_529_A,ARG_531_A,TYR_560_A"
ARG_531_A,"ASN_530_A,GLU_532_A"
GLU_532_A,"ARG_531_A,GLY_533_A,ASN_534_A"
GLY_533_A,"GLU_532_A,ASN_534_A,GLY_537_A"
ASN_534_A,"GLU_532_A,GLY_533_A,HIS_535_A"
HIS_535_A,"ASN_534_A,TYR_536_A,LYS_546_A,TYR_576_A,GLU_581_A"
TYR_536_A,"HIS_535_A,GLY_537_A,ARG_558_A"
GLY_537_A,"GLY_533_A,TYR_536_A,TYR_538_A"
TYR_538_A,"GLY_537_A,CYS_539_A,LYS_546_A,MET_585_A"
CYS_539_A,"TYR_538_A,ARG_540_A,ILE_547_A,CYS_549_A"
ARG_540_A,"CYS_539_A,LYS_541_A,GLU_542_A,ILE_547_A,ASP_553_A"
LYS_541_A,"ARG_540_A,GLU_542_A,LYS_546_A,GLU_581_A"
GLU_542_A,"ARG_540_A,LYS_541_A,GLN_543_A,THR_545_A"
GLN_543_A,"GLU_542_A,ASN_544_A"
ASN_544_A,"GLN_543_A,THR_545_A"
THR_545_A,"GLU_542_A,ASN_544_A,LYS_546_A"
LYS_546_A,"HIS_535_A,TYR_538_A,LYS_541_A,THR_545_A,ILE_547_A,ARG_558_A,GLU_581_A"
ILE_547_A,"CYS_539_A,ARG_540_A,LYS_546_A,ALA_548_A"
ALA_548_A,"ILE_547_A,CYS_549_A"
CYS_549_A,"CYS_539_A,ALA_548_A,GLU_550_A"
GLU_550_A,"CYS_549_A,GLN_552_A,ASP_553_A"
PRO_551_A,GLN_552_A
GLN_552_A,"GLU_550_A,PRO_551_A,ASP_553_A"
ASP_553_A,"ARG_540_A,GLU_550_A,GLN_552_A,VAL_554_A,LYS_596_A,CYS_603_A"
VAL_554_A,"ASP_553_A,LYS_555_A"
LYS_555_A,"ASP_524_A,VAL_554_A,CYS_556_A"
CYS_556_A,"LYS_555_A,GLY_557_A,CYS_598_A"
GLY_557_A,"CYS_556_A,ARG_558_A,VAL_586_A"
ARG_558_A,"TYR_536_A,LYS_546_A,GLY_557_A,LEU_559_A,ILE_574_A,GLU_581_A"
LEU_559_A,"GLN_510_A,LEU_514_A,ARG_558_A,TYR_560_A"
TYR_560_A,"SER_522_A,ASN_530_A,LEU_559_A,CYS_561_A,ILE_574_A"
CYS_561_A,"CYS_511_A,PHE_515_A,TYR_560_A,PHE_562_A,ASN_573_A"
PHE_562_A,CYS_561_A
PRO_563_A,ASN_564_A
ASN_564_A,"PRO_563_A,SER_565_A"
SER_565_A,"ASN_564_A,GLU_567_A,ASN_568_A"
PRO_566_A,GLU_567_A
GLU_567_A,"SER_565_A,PRO_566_A,ASN_568_A"
ASN_568_A,"SER_565_A,GLU_567_A,LYS_569_A,ASN_570_A"
LYS_569_A,"ASN_568_A,ASN_570_A"
ASN_570_A,"ASN_568_A,LYS_569_A"
PRO_571_A,"SER_522_A,CYS_572_A"
CYS_572_A,"CYS_526_A,PRO_571_A,ASN_573_A"
ASN_573_A,"CYS_561_A,CYS_572_A,ILE_574_A"
ILE_574_A,"ARG_558_A,TYR_560_A,ASN_573_A,TYR_575_A,TYR_576_A"
TYR_575_A,"PHE_515_A,ILE_574_A,TYR_576_A,LYS_583_A"
TYR_576_A,"HIS_535_A,ILE_574_A,TYR_575_A,SER_577_A,GLU_581_A"
SER_577_A,"TYR_576_A,ASN_579_A"
PRO_578_A,ASN_579_A
ASN_579_A,"SER_577_A,PRO_578_A,ASP_580_A"
ASP_580_A,"ASN_579_A,GLU_581_A,ASP_582_A,LYS_583_A"
GLU_581_A,"HIS_535_A,LYS_541_A,LYS_546_A,ARG_558_A,TYR_576_A,ASP_580_A,ASP_582_A"
ASP_582_A,"ASP_580_A,GLU_581_A,LYS_583_A"
LYS_583_A,"TYR_575_A,ASP_580_A,ASP_582_A,GLY_584_A"
GLY_584_A,"LYS_583_A,MET_585_A"
MET_585_A,"TYR_538_A,GLY_584_A,VAL_586_A"
VAL_586_A,"GLY_557_A,MET_585_A,LEU_587_A"
LEU_587_A,"GLN_510_A,VAL_586_A,THR_590_A"
PRO_588_A,GLY_589_A
GLY_589_A,"PRO_588_A,THR_590_A,CYS_598_A"
THR_590_A,"LEU_587_A,GLY_589_A,LYS_591_A,CYS_598_A"
LYS_591_A,"ASN_495_A,THR_590_A,CYS_592_A,ASP_594_A"
CYS_592_A,"LYS_591_A,ALA_593_A,CYS_603_A"
ALA_593_A,"CYS_592_A,ASP_594_A,ARG_595_A"
ASP_594_A,"TYR_498_A,LYS_591_A,ALA_593_A,ARG_595_A"
ARG_595_A,"ALA_593_A,ASP_594_A,LYS_596_A,VAL_606_A"
LYS_596_A,"ASP_553_A,ARG_595_A,ALA_597_A,ASP_605_A"
ALA_597_A,"LYS_596_A,CYS_598_A,VAL_604_A"
CYS_598_A,"CYS_556_A,GLY_589_A,THR_590_A,ALA_597_A,SER_599_A"
SER_599_A,"CYS_598_A,ASN_600_A,GLN_602_A"
ASN_600_A,"SER_599_A,GLY_601_A"
GLY_601_A,"ASN_600_A,GLN_602_A"
GLN_602_A,"SER_599_A,GLY_601_A,CYS_603_A"
CYS_603_A,"ASP_553_A,CYS_592_A,GLN_602_A,VAL_604_A"
VAL_604_A,"ALA_597_A,CYS_603_A,ASP_605_A"
ASP_605_A,"LYS_596_A,VAL_604_A,VAL_606_A"
VAL_606_A,"ARG_595_A,ASP_605_A,THR_607_A,TYR_610_A"
THR_607_A,"VAL_606_A,THR_608_A"
THR_608_A,THR_607_A
PRO_609_A,TYR_610_A
TYR_610_A,"VAL_606_A,PRO_609_A"
