residue_id,neighbors
SER_1_A,"ASP_2_A,TRP_4_A,VAL_5_A"
ASP_2_A,"SER_1_A,LEU_3_A,GLN_6_A"
LEU_3_A,"ASP_2_A,TRP_4_A,LYS_7_A,ASP_163_A"
TRP_4_A,"SER_1_A,LEU_3_A,VAL_5_A,MET_8_A,PHE_158_A"
VAL_5_A,"SER_1_A,TRP_4_A,GLN_6_A,LYS_9_A"
GLN_6_A,"ASP_2_A,VAL_5_A,LYS_7_A,THR_10_A"
LYS_7_A,"LEU_3_A,GLN_6_A,MET_8_A,TYR_11_A,ASP_156_A,PHE_157_A,ASN_160_A"
MET_8_A,"TRP_4_A,LYS_7_A,LYS_9_A,PHE_12_A,ILE_76_A"
LYS_9_A,"VAL_5_A,MET_8_A,THR_10_A,GLU_72_A,ILE_76_A,VAL_174_A"
THR_10_A,"GLN_6_A,LYS_9_A,TYR_11_A"
TYR_11_A,"LYS_7_A,THR_10_A,PHE_12_A,ILE_15_A,PHE_75_A,PHE_158_A,TRP_170_A"
PHE_12_A,"MET_8_A,TYR_11_A,ASN_13_A,ASP_16_A,ILE_23_A"
ASN_13_A,"PHE_12_A,ARG_14_A,LYS_19_A"
ARG_14_A,"ASN_13_A,ILE_15_A,LYS_19_A,TRP_170_A,PRO_172_A"
ILE_15_A,"TYR_11_A,ARG_14_A,ASP_16_A,PHE_17_A,ILE_23_A,TRP_170_A"
ASP_16_A,"PHE_12_A,ILE_15_A,PHE_17_A,ASP_18_A,LYS_19_A,ASP_20_A,GLY_21_A,ILE_23_A,ASP_27_A"
PHE_17_A,"ILE_15_A,ASP_16_A,ASP_18_A,MET_31_A"
ASP_18_A,"ASP_16_A,PHE_17_A,LYS_19_A,ASP_20_A,ASP_27_A"
LYS_19_A,"ASN_13_A,ARG_14_A,ASP_16_A,ASP_18_A,ASP_20_A"
ASP_20_A,"ASP_16_A,ASP_18_A,LYS_19_A,GLY_21_A,ASP_27_A"
GLY_21_A,"ASP_16_A,ASP_20_A,ALA_22_A"
ALA_22_A,"GLY_21_A,ILE_23_A"
ILE_23_A,"PHE_12_A,ILE_15_A,ASP_16_A,ALA_22_A,THR_24_A,PHE_28_A,LEU_61_A,ILE_70_A"
THR_24_A,"ILE_23_A,ARG_25_A,ASP_27_A"
ARG_25_A,"THR_24_A,MET_26_A,GLU_29_A,TRP_57_A,ASP_58_A"
MET_26_A,"ARG_25_A,ASP_27_A,SER_30_A"
ASP_27_A,"ASP_16_A,ASP_18_A,ASP_20_A,THR_24_A,MET_26_A,PHE_28_A,MET_31_A"
PHE_28_A,"ILE_23_A,ASP_27_A,GLU_29_A,VAL_56_A,LEU_61_A"
GLU_29_A,"ARG_25_A,PHE_28_A,SER_30_A"
SER_30_A,"MET_26_A,GLU_29_A,MET_31_A,ARG_34_A"
MET_31_A,"PHE_17_A,ASP_27_A,SER_30_A,ALA_32_A,PHE_35_A,LEU_123_A"
ALA_32_A,"MET_31_A,GLU_33_A,ALA_36_A,MET_50_A"
GLU_33_A,"ALA_32_A,ARG_34_A"
ARG_34_A,"SER_30_A,GLU_33_A,PHE_35_A,GLU_38_A,GLY_121_A"
PHE_35_A,"MET_31_A,ARG_34_A,ALA_36_A,LEU_49_A,ILE_118_A,MET_122_A"
ALA_36_A,"ALA_32_A,PHE_35_A,LYS_37_A"
LYS_37_A,"ALA_36_A,GLU_38_A"
GLU_38_A,"ARG_34_A,LYS_37_A,SER_39_A,MET_122_A"
SER_39_A,"GLU_38_A,GLU_40_A"
GLU_40_A,"SER_39_A,MET_41_A"
MET_41_A,"GLU_40_A,LYS_42_A,LEU_49_A"
LYS_42_A,"MET_41_A,ALA_43_A,HIS_45_A,ASN_106_A"
ALA_43_A,"LYS_42_A,GLU_44_A"
GLU_44_A,"ALA_43_A,HIS_45_A"
HIS_45_A,"LYS_42_A,GLU_44_A,ALA_46_A,LEU_49_A,ARG_101_A,ALA_102_A,GLU_107_A"
ALA_46_A,"HIS_45_A,LYS_47_A"
LYS_47_A,"ALA_46_A,VAL_48_A,ASP_51_A"
VAL_48_A,"LYS_47_A,LEU_49_A,SER_52_A,ARG_101_A"
LEU_49_A,"PHE_35_A,MET_41_A,HIS_45_A,VAL_48_A,MET_50_A,LEU_53_A,ALA_102_A"
MET_50_A,"ALA_32_A,LEU_49_A,ASP_51_A,THR_54_A"
ASP_51_A,"LYS_47_A,MET_50_A,SER_52_A,GLY_55_A"
SER_52_A,"VAL_48_A,ASP_51_A,LEU_53_A"
LEU_53_A,"LEU_49_A,SER_52_A,THR_54_A,PHE_99_A,ALA_102_A"
THR_54_A,"MET_50_A,LEU_53_A,GLY_55_A,ASP_58_A"
GLY_55_A,"ASP_51_A,THR_54_A,VAL_56_A,ASN_59_A"
VAL_56_A,"PHE_28_A,GLY_55_A,TRP_57_A"
TRP_57_A,"ARG_25_A,VAL_56_A,ASP_58_A,LEU_61_A,THR_62_A"
ASP_58_A,"ARG_25_A,THR_54_A,TRP_57_A,ASN_59_A"
ASN_59_A,"GLY_55_A,ASP_58_A,PHE_60_A"
PHE_60_A,"ASN_59_A,LEU_61_A,PRO_95_A"
LEU_61_A,"ILE_23_A,PHE_28_A,TRP_57_A,PHE_60_A,THR_62_A,VAL_64_A"
THR_62_A,"TRP_57_A,LEU_61_A,ALA_63_A,GLY_67_A"
ALA_63_A,"THR_62_A,VAL_64_A"
VAL_64_A,"LEU_61_A,ALA_63_A,ALA_65_A,ILE_70_A"
ALA_65_A,"VAL_64_A,GLY_66_A,LYS_68_A"
GLY_66_A,"ALA_65_A,GLY_67_A"
GLY_67_A,"THR_62_A,GLY_66_A,LYS_68_A"
LYS_68_A,"ALA_65_A,GLY_67_A,GLY_69_A"
GLY_69_A,"LYS_68_A,ILE_70_A"
ILE_70_A,"ILE_23_A,VAL_64_A,GLY_69_A,ASP_71_A,PHE_75_A"
ASP_71_A,"ILE_70_A,GLU_72_A,THR_73_A,THR_74_A,PHE_75_A"
GLU_72_A,"LYS_9_A,ASP_71_A,THR_73_A"
THR_73_A,"ASP_71_A,GLU_72_A,THR_74_A,ASN_77_A"
THR_74_A,"ASP_71_A,THR_73_A,PHE_75_A,SER_78_A"
PHE_75_A,"TYR_11_A,ILE_70_A,ASP_71_A,THR_74_A,ILE_76_A,MET_79_A"
ILE_76_A,"MET_8_A,LYS_9_A,PHE_75_A,ASN_77_A,LYS_80_A"
ASN_77_A,"THR_73_A,ILE_76_A,SER_78_A"
SER_78_A,"THR_74_A,ASN_77_A,MET_79_A,GLU_81_A"
MET_79_A,"PHE_75_A,SER_78_A,LYS_80_A,VAL_92_A"
LYS_80_A,"ILE_76_A,MET_79_A,GLU_81_A"
GLU_81_A,"SER_78_A,LYS_80_A,MET_82_A"
MET_82_A,"GLU_81_A,VAL_83_A,VAL_92_A"
VAL_83_A,"MET_82_A,LYS_84_A"
LYS_84_A,"VAL_83_A,ASN_85_A"
ASN_85_A,"LYS_84_A,GLU_87_A"
PRO_86_A,"GLU_87_A,LYS_89_A"
GLU_87_A,"ASN_85_A,PRO_86_A,ALA_88_A"
ALA_88_A,"GLU_87_A,LYS_89_A"
LYS_89_A,"PRO_86_A,ALA_88_A,SER_90_A,VAL_92_A,GLU_93_A"
SER_90_A,"LYS_89_A,VAL_91_A,GLY_94_A"
VAL_91_A,"SER_90_A,VAL_92_A"
VAL_92_A,"MET_79_A,MET_82_A,LYS_89_A,VAL_91_A,GLU_93_A,MET_159_A"
GLU_93_A,"LYS_89_A,VAL_92_A,GLY_94_A,LEU_96_A,SER_155_A"
GLY_94_A,"SER_90_A,GLU_93_A"
PRO_95_A,"PHE_60_A,LEU_96_A,PHE_99_A"
LEU_96_A,"GLU_93_A,PRO_95_A,PHE_100_A"
PRO_97_A,"LEU_98_A,ARG_101_A"
LEU_98_A,"PRO_97_A,PHE_99_A"
PHE_99_A,"LEU_53_A,PRO_95_A,LEU_98_A,PHE_100_A,VAL_103_A,TRP_170_A"
PHE_100_A,"LEU_96_A,PHE_99_A,ARG_101_A,ILE_111_A,LEU_147_A,PHE_150_A"
ARG_101_A,"HIS_45_A,VAL_48_A,PRO_97_A,PHE_100_A,ALA_102_A,ASP_104_A,GLU_107_A"
ALA_102_A,"HIS_45_A,LEU_49_A,LEU_53_A,ARG_101_A,VAL_103_A"
VAL_103_A,"PHE_99_A,ALA_102_A,ASP_104_A,THR_105_A,ILE_111_A,PHE_119_A"
ASP_104_A,"ARG_101_A,VAL_103_A,THR_105_A,GLU_107_A,ASP_108_A,ASN_109_A,GLU_115_A"
THR_105_A,"VAL_103_A,ASP_104_A,ASN_106_A"
ASN_106_A,"LYS_42_A,THR_105_A,GLU_107_A"
GLU_107_A,"HIS_45_A,ARG_101_A,ASP_104_A,ASN_106_A,ASP_108_A"
ASP_108_A,"ASP_104_A,GLU_107_A,ASN_109_A,GLU_115_A"
ASN_109_A,"ASP_104_A,ASP_108_A,ASN_110_A"
ASN_110_A,"ASN_109_A,ILE_111_A"
ILE_111_A,"PHE_100_A,VAL_103_A,ASN_110_A,SER_112_A,LEU_145_A"
SER_112_A,"ILE_111_A,ARG_113_A,GLU_115_A,TYR_116_A"
ARG_113_A,"SER_112_A,ASP_114_A,GLY_117_A,PHE_134_A,ASP_135_A,ASP_138_A"
ASP_114_A,"ARG_113_A,GLU_115_A"
GLU_115_A,"ASP_104_A,ASP_108_A,SER_112_A,ASP_114_A,TYR_116_A"
TYR_116_A,"SER_112_A,GLU_115_A,GLY_117_A,PHE_120_A,PHE_134_A,LEU_145_A"
GLY_117_A,"ARG_113_A,TYR_116_A,ILE_118_A,GLY_121_A"
ILE_118_A,"PHE_35_A,GLY_117_A,PHE_119_A,MET_122_A"
PHE_119_A,"VAL_103_A,ILE_118_A,PHE_120_A,TRP_170_A"
PHE_120_A,"TYR_116_A,PHE_119_A,GLY_121_A,LEU_125_A"
GLY_121_A,"ARG_34_A,GLY_117_A,PHE_120_A,MET_122_A"
MET_122_A,"PHE_35_A,GLU_38_A,ILE_118_A,GLY_121_A,LEU_123_A"
LEU_123_A,"MET_31_A,MET_122_A,GLY_124_A"
GLY_124_A,"LEU_123_A,LEU_125_A"
LEU_125_A,"PHE_120_A,GLY_124_A,ASP_126_A,MET_129_A"
ASP_126_A,"LEU_125_A,LYS_127_A,THR_128_A,MET_129_A"
LYS_127_A,"ASP_126_A,THR_128_A"
THR_128_A,"ASP_126_A,LYS_127_A,MET_129_A"
MET_129_A,"LEU_125_A,ASP_126_A,THR_128_A,ALA_130_A,PRO_172_A"
ALA_130_A,"MET_129_A,PHE_134_A"
PRO_131_A,"ALA_132_A,ASP_135_A"
ALA_132_A,"PRO_131_A,SER_133_A"
SER_133_A,"ALA_132_A,PHE_134_A,VAL_168_A"
PHE_134_A,"ARG_113_A,TYR_116_A,ALA_130_A,SER_133_A,ASP_135_A,ILE_137_A,ASP_138_A,LEU_145_A"
ASP_135_A,"ARG_113_A,PRO_131_A,PHE_134_A,ALA_136_A,ASP_138_A"
ALA_136_A,"ASP_135_A,ILE_137_A"
ILE_137_A,"PHE_134_A,ALA_136_A,ASP_138_A,THR_139_A,LEU_145_A,PHE_169_A"
ASP_138_A,"ARG_113_A,PHE_134_A,ASP_135_A,ILE_137_A,THR_139_A,ASP_142_A,GLY_143_A,GLU_149_A"
THR_139_A,"ILE_137_A,ASP_138_A,ASN_140_A"
ASN_140_A,"THR_139_A,ASN_141_A"
ASN_141_A,"ASN_140_A,ASP_142_A"
ASP_142_A,"ASP_138_A,ASN_141_A,GLY_143_A,GLU_149_A"
GLY_143_A,"ASP_138_A,ASP_142_A,LEU_144_A"
LEU_144_A,"GLY_143_A,LEU_145_A"
LEU_145_A,"ILE_111_A,TYR_116_A,PHE_134_A,ILE_137_A,LEU_144_A,SER_146_A"
SER_146_A,"LEU_145_A,LEU_147_A"
LEU_147_A,"PHE_100_A,SER_146_A,GLU_148_A,VAL_151_A"
GLU_148_A,"LEU_147_A,GLU_149_A,ILE_152_A"
GLU_149_A,"ASP_138_A,ASP_142_A,GLU_148_A,PHE_150_A,ALA_153_A"
PHE_150_A,"PHE_100_A,GLU_149_A,VAL_151_A,GLY_154_A,PHE_169_A"
VAL_151_A,"LEU_147_A,PHE_150_A,ILE_152_A,SER_155_A"
ILE_152_A,"GLU_148_A,VAL_151_A,ALA_153_A"
ALA_153_A,"GLU_149_A,ILE_152_A,GLY_154_A,PHE_157_A,PHE_169_A"
GLY_154_A,"PHE_150_A,ALA_153_A,SER_155_A"
SER_155_A,"GLU_93_A,VAL_151_A,GLY_154_A,ASP_156_A,MET_159_A"
ASP_156_A,"LYS_7_A,SER_155_A,PHE_157_A,ASN_160_A,SER_164_A"
PHE_157_A,"LYS_7_A,ALA_153_A,ASP_156_A,PHE_158_A,PHE_169_A,TRP_170_A"
PHE_158_A,"TRP_4_A,TYR_11_A,PHE_157_A,MET_159_A"
MET_159_A,"VAL_92_A,SER_155_A,PHE_158_A,ASN_160_A"
ASN_160_A,"LYS_7_A,ASP_156_A,MET_159_A,ASP_161_A,GLY_162_A"
ASP_161_A,"ASN_160_A,GLY_162_A"
GLY_162_A,"ASN_160_A,ASP_161_A,ASP_163_A"
ASP_163_A,"LEU_3_A,GLY_162_A,SER_164_A,LYS_167_A"
SER_164_A,"ASP_156_A,ASP_163_A,THR_165_A"
THR_165_A,"SER_164_A,ASN_166_A"
ASN_166_A,"THR_165_A,LYS_167_A,PHE_169_A"
LYS_167_A,"ASP_163_A,ASN_166_A,VAL_168_A"
VAL_168_A,"SER_133_A,LYS_167_A,PHE_169_A,GLY_171_A"
PHE_169_A,"ILE_137_A,PHE_150_A,ALA_153_A,PHE_157_A,ASN_166_A,VAL_168_A,TRP_170_A"
TRP_170_A,"TYR_11_A,ARG_14_A,ILE_15_A,PHE_99_A,PHE_119_A,PHE_157_A,PHE_169_A,GLY_171_A"
GLY_171_A,"VAL_168_A,TRP_170_A"
PRO_172_A,"ARG_14_A,MET_129_A,LEU_173_A"
LEU_173_A,"PRO_172_A,VAL_174_A"
VAL_174_A,"LYS_9_A,LEU_173_A"
