residue_id,neighbors
SER_1_A,GLY_2_A
GLY_2_A,"SER_1_A,PHE_3_A"
PHE_3_A,"GLY_2_A,LYS_4_A"
LYS_4_A,"PHE_3_A,HIS_5_A"
HIS_5_A,"LYS_4_A,VAL_6_A"
VAL_6_A,"HIS_5_A,SER_7_A"
SER_7_A,"VAL_6_A,HIS_8_A"
HIS_8_A,"SER_7_A,VAL_9_A"
VAL_9_A,"HIS_8_A,GLY_10_A"
GLY_10_A,"VAL_9_A,TRP_11_A"
TRP_11_A,"GLY_10_A,ASP_12_A,PRO_13_A,LYS_47_A,TYR_50_A"
ASP_12_A,"TRP_11_A,GLN_14_A"
PRO_13_A,"TRP_11_A,GLN_14_A"
GLN_14_A,"ASP_12_A,PRO_13_A,ASN_15_A"
ASN_15_A,"GLN_14_A,GLY_16_A"
GLY_16_A,"ASN_15_A,PHE_17_A"
PHE_17_A,"GLY_16_A,ASP_18_A,PHE_30_A,LEU_40_A,ILE_53_A"
ASP_18_A,"PHE_17_A,VAL_19_A,ASN_21_A,LEU_22_A"
VAL_19_A,"ASP_18_A,ASN_20_A,GLU_37_A"
ASN_20_A,"VAL_19_A,ASN_21_A"
ASN_21_A,"ASP_18_A,ASN_20_A,LEU_22_A"
LEU_22_A,"ASP_18_A,ASN_21_A,ASP_23_A"
ASP_23_A,"LEU_22_A,ARG_27_A,ARG_63_A"
PRO_24_A,"ASP_25_A,ARG_27_A"
ASP_25_A,"PRO_24_A,LEU_26_A,SER_28_A,ARG_63_A"
LEU_26_A,"ASP_25_A,ARG_27_A,LEU_29_A,PHE_30_A,LEU_59_A"
ARG_27_A,"ASP_23_A,PRO_24_A,LEU_26_A,SER_28_A"
SER_28_A,"ASP_25_A,ARG_27_A,LEU_29_A,PHE_30_A,ARG_32_A"
LEU_29_A,"LEU_26_A,SER_28_A,PHE_30_A,MET_66_A,LEU_81_A,VAL_82_A"
PHE_30_A,"PHE_17_A,LEU_26_A,SER_28_A,LEU_29_A,SER_31_A,ARG_32_A,ALA_33_A,GLY_34_A,ILE_35_A,ILE_53_A,LEU_85_A"
SER_31_A,"PHE_30_A,ARG_32_A"
ARG_32_A,"SER_28_A,PHE_30_A,SER_31_A,ALA_33_A,VAL_82_A"
ALA_33_A,"PHE_30_A,ARG_32_A,GLY_34_A,VAL_82_A,LEU_85_A"
GLY_34_A,"PHE_30_A,ALA_33_A,ILE_35_A"
ILE_35_A,"PHE_30_A,GLY_34_A,SER_36_A,GLN_39_A,LEU_40_A,LEU_85_A,MET_89_A"
SER_36_A,"ILE_35_A,GLU_37_A"
GLU_37_A,"VAL_19_A,SER_36_A,ALA_38_A,THR_41_A"
ALA_38_A,"GLU_37_A,GLN_39_A"
GLN_39_A,"ILE_35_A,ALA_38_A,LEU_40_A"
LEU_40_A,"PHE_17_A,ILE_35_A,GLN_39_A,THR_41_A"
THR_41_A,"GLU_37_A,LEU_40_A,ASP_42_A"
ASP_42_A,"THR_41_A,ALA_43_A,GLU_44_A,SER_46_A"
ALA_43_A,"ASP_42_A,GLU_44_A,SER_46_A"
GLU_44_A,"ASP_42_A,ALA_43_A,THR_45_A"
THR_45_A,"GLU_44_A,SER_46_A,LYS_47_A,LEU_48_A,ILE_49_A"
SER_46_A,"ASP_42_A,ALA_43_A,THR_45_A,LYS_47_A"
LYS_47_A,"TRP_11_A,THR_45_A,SER_46_A,LEU_48_A,TYR_50_A,ARG_92_A"
LEU_48_A,"THR_45_A,LYS_47_A,ILE_49_A,ARG_92_A"
ILE_49_A,"THR_45_A,LEU_48_A,TYR_50_A,ASP_51_A,PHE_52_A,MET_89_A"
TYR_50_A,"TRP_11_A,LYS_47_A,ILE_49_A,ASP_51_A,PHE_52_A,GLU_54_A"
ASP_51_A,"ILE_49_A,TYR_50_A,PHE_52_A,GLU_54_A,ASP_55_A"
PHE_52_A,"ILE_49_A,TYR_50_A,ASP_51_A,ILE_53_A,GLN_56_A,LEU_85_A"
ILE_53_A,"PHE_17_A,PHE_30_A,PHE_52_A,GLU_54_A,LEU_59_A"
GLU_54_A,"TYR_50_A,ASP_51_A,ILE_53_A,ASP_55_A"
ASP_55_A,"ASP_51_A,GLU_54_A,GLN_56_A,GLY_57_A"
GLN_56_A,"PHE_52_A,ASP_55_A,GLY_57_A,VAL_62_A"
GLY_57_A,"ASP_55_A,GLN_56_A,GLY_58_A"
GLY_58_A,"GLY_57_A,LEU_59_A,VAL_62_A"
LEU_59_A,"LEU_26_A,ILE_53_A,GLY_58_A,GLU_60_A"
GLU_60_A,"LEU_59_A,ALA_61_A"
ALA_61_A,"GLU_60_A,VAL_62_A"
VAL_62_A,"GLN_56_A,GLY_58_A,ALA_61_A,ARG_63_A,GLU_65_A,MET_66_A,LEU_81_A"
ARG_63_A,"ASP_23_A,ASP_25_A,VAL_62_A,GLN_64_A,ARG_67_A"
GLN_64_A,"ARG_63_A,GLU_65_A"
GLU_65_A,"VAL_62_A,GLN_64_A,MET_66_A,ARG_68_A,GLN_69_A"
MET_66_A,"LEU_29_A,VAL_62_A,GLU_65_A,ARG_67_A"
ARG_67_A,"ARG_63_A,MET_66_A,ARG_68_A"
ARG_68_A,"GLU_65_A,ARG_67_A,GLN_69_A"
GLN_69_A,"GLU_65_A,ARG_68_A,GLY_70_A"
GLY_70_A,"GLN_69_A,GLY_71_A"
GLY_71_A,"GLY_70_A,SER_72_A"
SER_72_A,"GLY_71_A,GLY_73_A"
GLY_73_A,"SER_72_A,GLY_74_A"
GLY_74_A,"GLY_73_A,SER_75_A"
SER_75_A,"GLY_74_A,GLN_76_A"
GLN_76_A,"SER_75_A,SER_77_A"
SER_77_A,"GLN_76_A,SER_78_A"
SER_78_A,"SER_77_A,GLU_79_A"
GLU_79_A,"SER_78_A,GLY_80_A"
GLY_80_A,"GLU_79_A,LEU_81_A,VAL_82_A"
LEU_81_A,"LEU_29_A,VAL_62_A,GLY_80_A,VAL_82_A"
VAL_82_A,"LEU_29_A,ARG_32_A,ALA_33_A,GLY_80_A,LEU_81_A,GLY_83_A"
GLY_83_A,"VAL_82_A,ALA_84_A"
ALA_84_A,"GLY_83_A,LEU_85_A,HIS_87_A"
LEU_85_A,"PHE_30_A,ALA_33_A,ILE_35_A,PHE_52_A,ALA_84_A,MET_86_A"
MET_86_A,"LEU_85_A,HIS_87_A"
HIS_87_A,"ALA_84_A,MET_86_A,VAL_88_A"
VAL_88_A,"HIS_87_A,MET_89_A"
MET_89_A,"ILE_35_A,ILE_49_A,VAL_88_A,GLN_90_A,SER_93_A"
GLN_90_A,"MET_89_A,LYS_91_A,ARG_94_A"
LYS_91_A,"GLN_90_A,ARG_92_A"
ARG_92_A,"LYS_47_A,LEU_48_A,LYS_91_A,SER_93_A"
SER_93_A,"MET_89_A,ARG_92_A,ARG_94_A"
ARG_94_A,"GLN_90_A,SER_93_A,ALA_95_A"
ALA_95_A,"ARG_94_A,ILE_96_A"
ILE_96_A,"ALA_95_A,HIS_97_A"
HIS_97_A,"ILE_96_A,SER_98_A,ASP_100_A"
SER_98_A,"HIS_97_A,SER_99_A"
SER_99_A,"SER_98_A,ASP_100_A"
ASP_100_A,"HIS_97_A,SER_99_A,GLU_101_A"
GLU_101_A,"ASP_100_A,GLY_102_A"
GLY_102_A,"GLU_101_A,GLU_103_A"
GLU_103_A,"GLY_102_A,ASP_104_A"
ASP_104_A,"GLU_103_A,GLN_105_A"
GLN_105_A,"ASP_104_A,ALA_106_A"
ALA_106_A,"GLN_105_A,GLY_107_A"
GLY_107_A,ALA_106_A
