residue_id,neighbors
PHE_1106_D,GLY_1107_D
GLY_1107_D,"PHE_1106_D,LYS_1108_D"
LYS_1108_D,"GLY_1107_D,CYS_1109_D"
CYS_1109_D,"LYS_1108_D,GLY_1110_D,TYR_1128_D,CYS_1152_D"
GLY_1110_D,"CYS_1109_D,TRP_1157_D"
PRO_1112_D,ILE_1120_D
PRO_1113_D,"TYR_1136_D,PRO_1160_D"
PRO_1114_D,ILE_1115_D
ILE_1115_D,"PRO_1114_D,ASP_1116_D,TYR_1136_D"
ASP_1116_D,"ILE_1115_D,ASN_1117_D"
ASN_1117_D,"ASP_1116_D,GLY_1118_D,GLN_1139_D,TYR_1142_D"
GLY_1118_D,"ASN_1117_D,ASP_1119_D"
ASP_1119_D,"GLY_1118_D,ILE_1120_D,GLN_1137_D"
ILE_1120_D,"PRO_1112_D,ASP_1119_D,THR_1121_D,TYR_1136_D"
THR_1121_D,"ILE_1120_D,SER_1122_D,GLU_1135_D"
SER_1122_D,"THR_1121_D,PHE_1123_D"
PHE_1123_D,SER_1122_D
PRO_1124_D,LEU_1125_D
LEU_1125_D,"PRO_1124_D,SER_1126_D,TYR_1128_D"
SER_1126_D,"LEU_1125_D,VAL_1127_D"
VAL_1127_D,"SER_1126_D,TYR_1128_D"
TYR_1128_D,"CYS_1109_D,LEU_1125_D,VAL_1127_D,ALA_1129_D,VAL_1134_D,TRP_1157_D"
ALA_1129_D,"TYR_1128_D,SER_1132_D"
PRO_1130_D,"ALA_1131_D,SER_1132_D"
ALA_1131_D,"PRO_1130_D,SER_1132_D,CYS_1152_D"
SER_1132_D,"ALA_1129_D,PRO_1130_D,ALA_1131_D,SER_1133_D,CYS_1152_D"
SER_1133_D,"SER_1132_D,VAL_1134_D"
VAL_1134_D,"TYR_1128_D,SER_1133_D,GLU_1135_D,ILE_1150_D"
GLU_1135_D,"THR_1121_D,VAL_1134_D,TYR_1136_D,LYS_1148_D,ARG_1149_D"
TYR_1136_D,"PRO_1113_D,ILE_1115_D,ILE_1120_D,GLU_1135_D,GLN_1137_D,LYS_1148_D,ILE_1150_D,PRO_1161_D"
GLN_1137_D,"ASP_1119_D,TYR_1136_D,CYS_1138_D"
CYS_1138_D,"GLN_1137_D,GLN_1139_D,CYS_1163_D"
GLN_1139_D,"ASN_1117_D,CYS_1138_D,ASN_1140_D,TYR_1142_D"
ASN_1140_D,"GLN_1139_D,LEU_1141_D"
LEU_1141_D,"ASN_1140_D,TYR_1142_D"
TYR_1142_D,"ASN_1117_D,GLN_1139_D,LEU_1141_D,GLN_1143_D"
GLN_1143_D,"TYR_1142_D,LEU_1144_D,LEU_1164_D,ARG_1192_D"
LEU_1144_D,"GLN_1143_D,GLU_1145_D,LYS_1148_D,PRO_1161_D"
GLU_1145_D,"LEU_1144_D,GLY_1146_D,LYS_1162_D,LEU_1164_D"
GLY_1146_D,"GLU_1145_D,ASN_1147_D"
ASN_1147_D,"GLY_1146_D,LYS_1148_D"
LYS_1148_D,"GLU_1135_D,TYR_1136_D,LEU_1144_D,ASN_1147_D,ARG_1149_D"
ARG_1149_D,"GLU_1135_D,LYS_1148_D,ILE_1150_D"
ILE_1150_D,"VAL_1134_D,TYR_1136_D,ARG_1149_D,THR_1151_D,TRP_1157_D"
THR_1151_D,"ILE_1150_D,CYS_1152_D"
CYS_1152_D,"CYS_1109_D,ALA_1131_D,SER_1132_D,THR_1151_D,ARG_1153_D"
ARG_1153_D,"CYS_1152_D,ASN_1154_D,GLN_1156_D"
ASN_1154_D,"ARG_1153_D,GLY_1155_D"
GLY_1155_D,"ASN_1154_D,GLN_1156_D"
GLN_1156_D,"ARG_1153_D,GLY_1155_D,TRP_1157_D"
TRP_1157_D,"GLY_1110_D,TYR_1128_D,ILE_1150_D,GLN_1156_D,SER_1158_D"
SER_1158_D,"TRP_1157_D,GLU_1159_D"
GLU_1159_D,SER_1158_D
PRO_1160_D,PRO_1113_D
PRO_1161_D,"TYR_1136_D,LEU_1144_D,LYS_1162_D"
LYS_1162_D,"GLU_1145_D,PRO_1161_D,CYS_1163_D,ASP_1220_D"
CYS_1163_D,"CYS_1138_D,LYS_1162_D,LEU_1164_D"
LEU_1164_D,"GLN_1143_D,GLU_1145_D,CYS_1163_D,HIS_1165_D,TRP_1219_D"
HIS_1165_D,"LEU_1164_D,THR_1193_D,ASP_1220_D"
PRO_1166_D,CYS_1167_D
CYS_1167_D,"PRO_1166_D,VAL_1168_D,SER_1191_D,CYS_1218_D"
VAL_1168_D,"CYS_1167_D,ILE_1169_D,TYR_1190_D"
ILE_1169_D,"VAL_1168_D,SER_1170_D,LEU_1189_D,VAL_1197_D,LEU_1223_D"
SER_1170_D,"ILE_1169_D,ARG_1171_D,GLU_1172_D,TYR_1225_D"
ARG_1171_D,"SER_1170_D,GLU_1172_D,GLU_1175_D"
GLU_1172_D,"SER_1170_D,ARG_1171_D,ILE_1173_D,ASN_1176_D"
ILE_1173_D,"GLU_1172_D,MET_1174_D,ASN_1176_D,TYR_1177_D,TYR_1225_D"
MET_1174_D,"ILE_1173_D,GLU_1175_D,ILE_1179_D,PHE_1199_D"
GLU_1175_D,"ARG_1171_D,MET_1174_D,ASN_1176_D,LYS_1202_D"
ASN_1176_D,"GLU_1172_D,ILE_1173_D,GLU_1175_D,TYR_1177_D"
TYR_1177_D,"ILE_1173_D,ASN_1176_D,ASN_1178_D,TYR_1225_D,THR_1227_D"
ASN_1178_D,"TYR_1177_D,ILE_1179_D,TYR_1205_D,CYS_1228_D"
ILE_1179_D,"MET_1174_D,ASN_1178_D,ALA_1180_D"
ALA_1180_D,"ILE_1179_D,LEU_1181_D,VAL_1200_D"
LEU_1181_D,"ALA_1180_D,ARG_1182_D,GLN_1187_D"
ARG_1182_D,"LEU_1181_D,TRP_1183_D,GLU_1198_D,VAL_1200_D"
TRP_1183_D,"ARG_1182_D,THR_1184_D,GLU_1198_D"
THR_1184_D,"TRP_1183_D,ALA_1185_D,GLN_1187_D"
ALA_1185_D,"THR_1184_D,LYS_1186_D"
LYS_1186_D,"ALA_1185_D,GLN_1187_D"
GLN_1187_D,"LEU_1181_D,THR_1184_D,LYS_1186_D,LYS_1188_D"
LYS_1188_D,"GLN_1187_D,LEU_1189_D"
LEU_1189_D,"ILE_1169_D,LYS_1188_D,TYR_1190_D"
TYR_1190_D,"VAL_1168_D,LEU_1189_D,SER_1191_D"
SER_1191_D,"CYS_1167_D,TYR_1190_D,ARG_1192_D"
ARG_1192_D,"GLN_1143_D,SER_1191_D,THR_1193_D,GLU_1195_D"
THR_1193_D,"HIS_1165_D,ARG_1192_D,GLY_1194_D,TRP_1219_D,ASP_1220_D"
GLY_1194_D,"THR_1193_D,GLU_1195_D,CYS_1218_D"
GLU_1195_D,"ARG_1192_D,GLY_1194_D,SER_1196_D,CYS_1218_D"
SER_1196_D,"GLU_1195_D,VAL_1197_D,ARG_1215_D"
VAL_1197_D,"ILE_1169_D,SER_1196_D,GLU_1198_D,PHE_1199_D,THR_1216_D"
GLU_1198_D,"ARG_1182_D,TRP_1183_D,VAL_1197_D,PHE_1199_D,ARG_1215_D"
PHE_1199_D,"MET_1174_D,VAL_1197_D,GLU_1198_D,VAL_1200_D,LEU_1214_D,THR_1216_D,TYR_1225_D"
VAL_1200_D,"ALA_1180_D,ARG_1182_D,PHE_1199_D,CYS_1201_D"
CYS_1201_D,"VAL_1200_D,LYS_1202_D,CYS_1228_D"
LYS_1202_D,"GLU_1175_D,CYS_1201_D,ARG_1203_D"
ARG_1203_D,"LYS_1202_D,GLY_1204_D"
GLY_1204_D,"ARG_1203_D,TYR_1205_D"
TYR_1205_D,"ASN_1178_D,GLY_1204_D,ARG_1206_D,CYS_1228_D"
ARG_1206_D,"TYR_1205_D,LEU_1207_D,ALA_1229_D,ARG_1231_D"
LEU_1207_D,"ARG_1206_D,SER_1208_D,LEU_1214_D"
SER_1208_D,"LEU_1207_D,SER_1209_D,THR_1227_D"
SER_1209_D,"SER_1208_D,ARG_1210_D"
ARG_1210_D,"SER_1209_D,SER_1211_D"
SER_1211_D,"ARG_1210_D,HIS_1212_D,THR_1227_D"
HIS_1212_D,"SER_1211_D,THR_1213_D,GLU_1224_D"
THR_1213_D,"HIS_1212_D,LEU_1214_D,ARG_1215_D"
LEU_1214_D,"PHE_1199_D,LEU_1207_D,THR_1213_D,ARG_1215_D"
ARG_1215_D,"SER_1196_D,GLU_1198_D,THR_1213_D,LEU_1214_D,THR_1216_D"
THR_1216_D,"VAL_1197_D,PHE_1199_D,ARG_1215_D,THR_1217_D,LEU_1223_D"
THR_1217_D,"THR_1216_D,CYS_1218_D"
CYS_1218_D,"CYS_1167_D,GLY_1194_D,GLU_1195_D,THR_1217_D,TRP_1219_D"
TRP_1219_D,"LEU_1164_D,THR_1193_D,CYS_1218_D,ASP_1220_D,LYS_1222_D"
ASP_1220_D,"LYS_1162_D,HIS_1165_D,THR_1193_D,TRP_1219_D,GLY_1221_D"
GLY_1221_D,"ASP_1220_D,LYS_1222_D"
LYS_1222_D,"TRP_1219_D,GLY_1221_D,LEU_1223_D,GLU_1224_D"
LEU_1223_D,"ILE_1169_D,THR_1216_D,LYS_1222_D,GLU_1224_D"
GLU_1224_D,"HIS_1212_D,LYS_1222_D,LEU_1223_D,TYR_1225_D"
TYR_1225_D,"SER_1170_D,ILE_1173_D,TYR_1177_D,PHE_1199_D,GLU_1224_D"
PRO_1226_D,THR_1227_D
THR_1227_D,"TYR_1177_D,SER_1208_D,SER_1211_D,PRO_1226_D,CYS_1228_D"
CYS_1228_D,"ASN_1178_D,CYS_1201_D,TYR_1205_D,THR_1227_D,ALA_1229_D"
ALA_1229_D,"ARG_1206_D,CYS_1228_D,LYS_1230_D"
LYS_1230_D,"ALA_1229_D,ARG_1231_D"
ARG_1231_D,"ARG_1206_D,LYS_1230_D"
