residue_id,neighbors
LEU_13_D,VAL_14_D
VAL_14_D,"LEU_13_D,ALA_15_D"
ALA_15_D,"VAL_14_D,GLY_16_D"
GLY_16_D,"ALA_15_D,VAL_17_D"
VAL_17_D,"GLY_16_D,VAL_18_D,ALA_20_D,VAL_97_D"
VAL_18_D,"VAL_17_D,LYS_19_D"
LYS_19_D,"VAL_18_D,ALA_20_D,ARG_24_D"
ALA_20_D,"VAL_17_D,LYS_19_D,ILE_21_D"
ILE_21_D,"ALA_20_D,ARG_22_D,LEU_71_D"
ARG_22_D,"ILE_21_D,ASP_74_D,ARG_90_D"
PRO_23_D,ARG_24_D
ARG_24_D,"LYS_19_D,PRO_23_D,GLN_25_D"
GLN_25_D,"ARG_24_D,TRP_26_D"
TRP_26_D,"GLN_25_D,VAL_27_D"
VAL_27_D,"TRP_26_D,LYS_28_D"
LYS_28_D,"VAL_27_D,ASN_29_D,TYR_157_D,ARG_160_D"
ASN_29_D,"LYS_28_D,VAL_30_D"
VAL_30_D,"ASN_29_D,LEU_31_D"
LEU_31_D,"VAL_30_D,VAL_32_D"
VAL_32_D,"LEU_31_D,LEU_33_D,VAL_55_D"
LEU_33_D,"VAL_32_D,ALA_34_D,VAL_55_D"
ALA_34_D,"LEU_33_D,ALA_35_D"
ALA_35_D,"ALA_34_D,ALA_39_D"
PRO_36_D,LEU_37_D
LEU_37_D,"PRO_36_D,ALA_38_D"
ALA_38_D,"LEU_37_D,ALA_39_D"
ALA_39_D,"ALA_35_D,ALA_38_D,LEU_40_D"
LEU_40_D,"ALA_39_D,GLY_41_D"
GLY_41_D,"LEU_40_D,GLY_42_D,ARG_240_D"
GLY_42_D,"GLY_41_D,GLY_43_D"
GLY_43_D,"GLY_42_D,VAL_44_D"
VAL_44_D,"GLY_43_D,ARG_45_D"
ARG_45_D,"VAL_44_D,TYR_46_D"
TYR_46_D,"ARG_45_D,ASP_47_D"
ASP_47_D,"TYR_46_D,TYR_48_D,GLU_50_D"
TYR_48_D,"ASP_47_D,VAL_49_D"
VAL_49_D,"TYR_48_D,GLU_50_D,SER_53_D"
GLU_50_D,"ASP_47_D,VAL_49_D,VAL_51_D,LYS_54_D"
VAL_51_D,"GLU_50_D,LEU_52_D,VAL_55_D,THR_168_D"
LEU_52_D,"VAL_51_D,SER_53_D"
SER_53_D,"VAL_49_D,LEU_52_D,LYS_54_D"
LYS_54_D,"GLU_50_D,SER_53_D,VAL_55_D,ALA_58_D,LYS_169_D"
VAL_55_D,"VAL_32_D,LEU_33_D,VAL_51_D,LYS_54_D,SER_56_D,PHE_59_D,THR_168_D"
SER_56_D,"VAL_55_D,MET_57_D"
MET_57_D,"SER_56_D,ALA_58_D,VAL_61_D"
ALA_58_D,"LYS_54_D,MET_57_D,PHE_59_D,PHE_62_D"
PHE_59_D,"VAL_55_D,ALA_58_D,VAL_60_D,SER_63_D"
VAL_60_D,"PHE_59_D,VAL_61_D"
VAL_61_D,"MET_57_D,VAL_60_D,PHE_62_D,SER_113_D"
PHE_62_D,"ALA_58_D,VAL_61_D,SER_63_D,ALA_66_D,ARG_160_D"
SER_63_D,"PHE_59_D,PHE_62_D,LEU_64_D,SER_67_D"
LEU_64_D,"SER_63_D,ALA_65_D,LEU_109_D"
ALA_65_D,"LEU_64_D,ALA_66_D,VAL_69_D"
ALA_66_D,"PHE_62_D,ALA_65_D,SER_67_D,TYR_70_D"
SER_67_D,"SER_63_D,ALA_66_D,ALA_68_D,LEU_71_D"
ALA_68_D,"SER_67_D,VAL_69_D"
VAL_69_D,"ALA_65_D,ALA_68_D,TYR_70_D,ASN_73_D"
TYR_70_D,"ALA_66_D,VAL_69_D,LEU_71_D,ASP_74_D"
LEU_71_D,"ILE_21_D,SER_67_D,TYR_70_D,VAL_72_D,VAL_105_D"
VAL_72_D,"LEU_71_D,ASN_73_D,ALA_106_D"
ASN_73_D,"VAL_69_D,VAL_72_D,ASP_74_D,CYS_139_D"
ASP_74_D,"ARG_22_D,TYR_70_D,ASN_73_D,VAL_75_D"
VAL_75_D,"ASP_74_D,ARG_76_D,ILE_92_D"
ARG_76_D,"VAL_75_D,ASP_77_D"
ASP_77_D,"ARG_76_D,VAL_78_D,ASP_81_D,LYS_143_D"
VAL_78_D,"ASP_77_D,GLU_79_D"
GLU_79_D,"VAL_78_D,ALA_80_D,ARG_82_D,GLU_83_D"
ALA_80_D,"GLU_79_D,ASP_81_D"
ASP_81_D,"ASP_77_D,ALA_80_D,ARG_82_D,LYS_87_D,ARG_90_D"
ARG_82_D,"GLU_79_D,ASP_81_D,GLU_83_D,ARG_88_D,ALA_93_D,GLU_99_D"
GLU_83_D,"GLU_79_D,ARG_82_D,HIS_84_D"
HIS_84_D,"GLU_83_D,LYS_87_D"
PRO_85_D,THR_86_D
THR_86_D,"PRO_85_D,LYS_87_D"
LYS_87_D,"ASP_81_D,HIS_84_D,THR_86_D,ARG_88_D,ARG_90_D"
ARG_88_D,"ARG_82_D,LYS_87_D,PHE_89_D"
PHE_89_D,"ARG_88_D,ARG_90_D"
ARG_90_D,"ARG_22_D,ASP_81_D,LYS_87_D,PHE_89_D,ALA_93_D,ALA_94_D"
PRO_91_D,"ILE_92_D,VAL_97_D"
ILE_92_D,"VAL_75_D,PRO_91_D,ALA_93_D,ALA_102_D"
ALA_93_D,"ARG_82_D,ARG_90_D,ILE_92_D,ALA_94_D"
ALA_94_D,"ARG_90_D,ALA_93_D,GLY_95_D"
GLY_95_D,"ALA_94_D,VAL_96_D"
VAL_96_D,"GLY_95_D,VAL_97_D"
VAL_97_D,"VAL_17_D,PRO_91_D,VAL_96_D"
PRO_98_D,GLU_99_D
GLU_99_D,"ARG_82_D,PRO_98_D,TRP_100_D"
TRP_100_D,"GLU_99_D,LEU_101_D"
LEU_101_D,"TRP_100_D,ALA_102_D,THR_104_D"
ALA_102_D,"ILE_92_D,LEU_101_D,TYR_103_D"
TYR_103_D,"ALA_102_D,THR_104_D"
THR_104_D,"LEU_101_D,TYR_103_D,VAL_105_D,VAL_108_D"
VAL_105_D,"LEU_71_D,THR_104_D,ALA_106_D,LEU_109_D"
ALA_106_D,"VAL_72_D,VAL_105_D,VAL_107_D,GLY_110_D"
VAL_107_D,"ALA_106_D,VAL_108_D,VAL_111_D"
VAL_108_D,"THR_104_D,VAL_107_D,LEU_109_D,THR_112_D"
LEU_109_D,"LEU_64_D,VAL_105_D,VAL_108_D,GLY_110_D,SER_113_D"
GLY_110_D,"ALA_106_D,LEU_109_D,VAL_111_D,LEU_114_D"
VAL_111_D,"VAL_107_D,GLY_110_D,THR_112_D,ALA_115_D"
THR_112_D,"VAL_108_D,VAL_111_D,SER_113_D,GLY_116_D"
SER_113_D,"VAL_61_D,LEU_109_D,THR_112_D,LEU_114_D,ALA_117_D"
LEU_114_D,"GLY_110_D,SER_113_D,ALA_115_D,TRP_118_D"
ALA_115_D,"VAL_111_D,LEU_114_D,GLY_116_D,MET_119_D"
GLY_116_D,"THR_112_D,ALA_115_D,ALA_117_D,LEU_120_D"
ALA_117_D,"SER_113_D,GLY_116_D,TRP_118_D"
TRP_118_D,"LEU_114_D,ALA_117_D,MET_119_D"
MET_119_D,"ALA_115_D,TRP_118_D,LEU_120_D"
LEU_120_D,"GLY_116_D,MET_119_D,THR_121_D,LEU_124_D"
THR_121_D,LEU_120_D
PRO_122_D,ASN_123_D
ASN_123_D,"PRO_122_D,LEU_124_D"
LEU_124_D,"LEU_120_D,ASN_123_D,ALA_125_D,MET_128_D"
ALA_125_D,"LEU_124_D,LEU_126_D,VAL_129_D"
LEU_126_D,"ALA_125_D,VAL_127_D,VAL_130_D"
VAL_127_D,"LEU_126_D,MET_128_D,TYR_131_D,ILE_159_D"
MET_128_D,"LEU_124_D,VAL_127_D,VAL_129_D,LEU_132_D"
VAL_129_D,"ALA_125_D,MET_128_D,VAL_130_D,ALA_133_D"
VAL_130_D,"LEU_126_D,VAL_129_D,TYR_131_D,MET_134_D"
TYR_131_D,"VAL_127_D,VAL_130_D,LEU_132_D,GLN_135_D"
LEU_132_D,"MET_128_D,TYR_131_D,ALA_133_D,LEU_136_D"
ALA_133_D,"VAL_129_D,LEU_132_D,MET_134_D,ALA_137_D"
MET_134_D,"VAL_130_D,ALA_133_D,GLN_135_D,TYR_138_D,SER_155_D"
GLN_135_D,"TYR_131_D,MET_134_D,LEU_136_D,CYS_139_D"
LEU_136_D,"LEU_132_D,GLN_135_D,ALA_137_D"
ALA_137_D,"ALA_133_D,LEU_136_D,TYR_138_D"
TYR_138_D,"MET_134_D,ALA_137_D,CYS_139_D"
CYS_139_D,"ASN_73_D,GLN_135_D,TYR_138_D,PHE_140_D"
PHE_140_D,"CYS_139_D,GLY_141_D"
GLY_141_D,"PHE_140_D,LEU_142_D"
LEU_142_D,"GLY_141_D,LYS_143_D,HIS_144_D,GLN_145_D"
LYS_143_D,"ASP_77_D,LEU_142_D,HIS_144_D,LYS_208_D"
HIS_144_D,"LEU_142_D,LYS_143_D,GLN_145_D"
GLN_145_D,"LEU_142_D,HIS_144_D,ALA_146_D"
ALA_146_D,"GLN_145_D,VAL_147_D,TYR_213_D"
VAL_147_D,"ALA_146_D,VAL_148_D"
VAL_148_D,"VAL_147_D,GLU_149_D"
GLU_149_D,"VAL_148_D,ILE_150_D,ARG_192_D,LYS_208_D,TYR_213_D"
ILE_150_D,"GLU_149_D,CYS_151_D,LEU_185_D"
CYS_151_D,"ILE_150_D,VAL_152_D,SER_155_D"
VAL_152_D,"CYS_151_D,VAL_153_D,SER_155_D"
VAL_153_D,"VAL_152_D,SER_154_D"
SER_154_D,"VAL_153_D,SER_155_D,TYR_157_D"
SER_155_D,"MET_134_D,CYS_151_D,VAL_152_D,SER_154_D,ALA_156_D,ILE_159_D"
ALA_156_D,"SER_155_D,TYR_157_D"
TYR_157_D,"LYS_28_D,SER_154_D,ALA_156_D,LEU_158_D"
LEU_158_D,"TYR_157_D,ILE_159_D,MET_180_D"
ILE_159_D,"VAL_127_D,SER_155_D,LEU_158_D,ARG_160_D,ALA_163_D"
ARG_160_D,"LYS_28_D,PHE_62_D,ILE_159_D,ALA_161_D,GLY_164_D"
ALA_161_D,"ARG_160_D,ILE_162_D"
ILE_162_D,"ALA_161_D,ALA_163_D,VAL_166_D"
ALA_163_D,"ILE_159_D,ILE_162_D,GLY_164_D,ALA_167_D"
GLY_164_D,"ARG_160_D,ALA_163_D,GLY_165_D"
GLY_165_D,"GLY_164_D,VAL_166_D"
VAL_166_D,"ILE_162_D,GLY_165_D,ALA_167_D"
ALA_167_D,"ALA_163_D,VAL_166_D,THR_168_D"
THR_168_D,"VAL_51_D,VAL_55_D,ALA_167_D,LYS_169_D"
LYS_169_D,"LYS_54_D,THR_168_D,ILE_170_D"
ILE_170_D,LYS_169_D
PRO_171_D,LEU_172_D
LEU_172_D,"PRO_171_D,SER_173_D,PHE_176_D"
SER_173_D,"LEU_172_D,LYS_174_D"
LYS_174_D,"SER_173_D,TRP_175_D,GLU_239_D"
TRP_175_D,"LYS_174_D,PHE_176_D,ILE_179_D,LEU_235_D"
PHE_176_D,"LEU_172_D,TRP_175_D,LEU_177_D,MET_180_D"
LEU_177_D,"PHE_176_D,LEU_178_D,ALA_181_D"
LEU_178_D,"LEU_177_D,ILE_179_D"
ILE_179_D,"TRP_175_D,LEU_178_D,MET_180_D,GLY_183_D,CYS_232_D"
MET_180_D,"LEU_158_D,PHE_176_D,ILE_179_D,ALA_181_D,SER_184_D"
ALA_181_D,"LEU_177_D,MET_180_D,PHE_182_D"
PHE_182_D,"ALA_181_D,GLY_183_D,PHE_186_D,VAL_229_D"
GLY_183_D,"ILE_179_D,PHE_182_D,SER_184_D"
SER_184_D,"MET_180_D,GLY_183_D,LEU_185_D"
LEU_185_D,"ILE_150_D,SER_184_D,PHE_186_D,ALA_189_D"
PHE_186_D,"PHE_182_D,LEU_185_D,MET_187_D,TRP_222_D,TYR_262_D"
MET_187_D,"PHE_186_D,VAL_188_D"
VAL_188_D,"MET_187_D,ALA_189_D"
ALA_189_D,"LEU_185_D,VAL_188_D,GLY_190_D,TYR_193_D"
GLY_190_D,"ALA_189_D,LYS_191_D"
LYS_191_D,"GLY_190_D,ARG_192_D,GLU_195_D"
ARG_192_D,"GLU_149_D,LYS_191_D,TYR_193_D,GLU_195_D,LEU_196_D,LYS_208_D"
TYR_193_D,"ALA_189_D,ARG_192_D,ALA_194_D,HIS_197_D,ARG_219_D"
ALA_194_D,"TYR_193_D,GLU_195_D,LEU_198_D"
GLU_195_D,"LYS_191_D,ARG_192_D,ALA_194_D,LEU_196_D,ALA_199_D,LYS_208_D"
LEU_196_D,"ARG_192_D,GLU_195_D,HIS_197_D,TYR_213_D"
HIS_197_D,"TYR_193_D,LEU_196_D,LEU_198_D,GLU_200_D,ARG_201_D"
LEU_198_D,"ALA_194_D,HIS_197_D,ALA_199_D"
ALA_199_D,"GLU_195_D,LEU_198_D,GLU_200_D"
GLU_200_D,"HIS_197_D,ALA_199_D,ARG_201_D,ARG_207_D"
ARG_201_D,"HIS_197_D,GLU_200_D,THR_202_D"
THR_202_D,"ARG_201_D,GLY_203_D"
GLY_203_D,"THR_202_D,ALA_204_D"
ALA_204_D,"GLY_203_D,ALA_205_D"
ALA_205_D,"ALA_204_D,ILE_206_D,ARG_207_D"
ILE_206_D,"ALA_205_D,ARG_207_D"
ARG_207_D,"GLU_200_D,ALA_205_D,ILE_206_D,LYS_208_D"
LYS_208_D,"LYS_143_D,GLU_149_D,ARG_192_D,GLU_195_D,ARG_207_D,SER_209_D"
SER_209_D,"LYS_208_D,LEU_210_D,GLU_211_D"
LEU_210_D,"SER_209_D,GLU_211_D"
GLU_211_D,"SER_209_D,LEU_210_D,SER_212_D"
SER_212_D,"GLU_211_D,TYR_213_D"
TYR_213_D,"ALA_146_D,GLU_149_D,LEU_196_D,SER_212_D,THR_214_D,LEU_218_D"
THR_214_D,"TYR_213_D,SER_215_D"
SER_215_D,"THR_214_D,THR_216_D,ARG_219_D"
THR_216_D,"SER_215_D,TYR_217_D,PHE_220_D"
TYR_217_D,"THR_216_D,LEU_218_D,VAL_221_D"
LEU_218_D,"TYR_213_D,TYR_217_D,ARG_219_D"
ARG_219_D,"TYR_193_D,SER_215_D,LEU_218_D,PHE_220_D,THR_223_D,ASP_267_D"
PHE_220_D,"THR_216_D,ARG_219_D,VAL_221_D"
VAL_221_D,"TYR_217_D,PHE_220_D,TRP_222_D"
TRP_222_D,"PHE_186_D,VAL_221_D,THR_223_D,ALA_226_D"
THR_223_D,"ARG_219_D,TRP_222_D,LEU_224_D,THR_227_D"
LEU_224_D,"THR_223_D,SER_225_D"
SER_225_D,"LEU_224_D,ALA_226_D"
ALA_226_D,"TRP_222_D,SER_225_D,THR_227_D"
THR_227_D,"THR_223_D,ALA_226_D,ALA_228_D"
ALA_228_D,"THR_227_D,VAL_229_D,CYS_232_D"
VAL_229_D,"PHE_182_D,ALA_228_D,VAL_230_D"
VAL_230_D,"VAL_229_D,LEU_231_D"
LEU_231_D,"VAL_230_D,CYS_232_D,LEU_235_D"
CYS_232_D,"ILE_179_D,ALA_228_D,LEU_231_D,TYR_233_D,TRP_236_D"
TYR_233_D,"CYS_232_D,GLY_234_D,ALA_237_D,PHE_255_D"
GLY_234_D,"TYR_233_D,LEU_235_D"
LEU_235_D,"TRP_175_D,LEU_231_D,GLY_234_D,TRP_236_D"
TRP_236_D,"CYS_232_D,LEU_235_D,ALA_237_D"
ALA_237_D,"TYR_233_D,TRP_236_D,PHE_238_D"
PHE_238_D,"ALA_237_D,GLU_239_D"
GLU_239_D,"LYS_174_D,PHE_238_D,ARG_240_D"
ARG_240_D,"GLY_41_D,GLU_239_D,ASP_241_D,PHE_248_D"
ASP_241_D,"ARG_240_D,GLY_242_D"
GLY_242_D,"ASP_241_D,TYR_243_D"
TYR_243_D,"GLY_242_D,SER_244_D"
SER_244_D,"TYR_243_D,GLY_245_D"
GLY_245_D,"SER_244_D,SER_246_D"
SER_246_D,"GLY_245_D,TRP_247_D"
TRP_247_D,"SER_246_D,PHE_248_D,ALA_298_D"
PHE_248_D,"ARG_240_D,TRP_247_D,ALA_249_D,SER_251_D,ALA_298_D"
ALA_249_D,"PHE_248_D,VAL_250_D"
VAL_250_D,"ALA_249_D,SER_251_D"
SER_251_D,"PHE_248_D,VAL_250_D,MET_252_D"
MET_252_D,"SER_251_D,ILE_253_D,THR_256_D"
ILE_253_D,MET_252_D
PRO_254_D,"PHE_255_D,ALA_258_D"
PHE_255_D,"TYR_233_D,PRO_254_D,THR_256_D"
THR_256_D,"MET_252_D,PHE_255_D,ILE_257_D,LEU_260_D"
ILE_257_D,"THR_256_D,ALA_258_D,ARG_261_D,LEU_287_D"
ALA_258_D,"PRO_254_D,ILE_257_D,ILE_259_D,TYR_262_D"
ILE_259_D,"ALA_258_D,LEU_260_D"
LEU_260_D,"THR_256_D,ILE_259_D,ARG_261_D"
ARG_261_D,"ILE_257_D,LEU_260_D,TYR_262_D,ASP_265_D,ASP_281_D"
TYR_262_D,"PHE_186_D,ALA_258_D,ARG_261_D,ALA_263_D,VAL_266_D,ILE_277_D"
ALA_263_D,"TYR_262_D,VAL_264_D,ASP_267_D"
VAL_264_D,"ALA_263_D,ASP_265_D"
ASP_265_D,"ARG_261_D,VAL_264_D,VAL_266_D,ARG_280_D,ASP_281_D"
VAL_266_D,"TYR_262_D,ASP_265_D,ASP_267_D"
ASP_267_D,"ARG_219_D,ALA_263_D,VAL_266_D,GLY_268_D"
GLY_268_D,"ASP_267_D,GLY_269_D"
GLY_269_D,"GLY_268_D,LEU_270_D"
LEU_270_D,"GLY_269_D,ALA_271_D"
ALA_271_D,"LEU_270_D,GLY_272_D"
GLY_272_D,"ALA_271_D,GLU_273_D"
GLU_273_D,"GLY_272_D,ASP_276_D"
PRO_274_D,"GLU_275_D,ILE_277_D"
GLU_275_D,"PRO_274_D,ASP_276_D"
ASP_276_D,"GLU_273_D,GLU_275_D,ILE_277_D,LEU_279_D,ARG_280_D"
ILE_277_D,"TYR_262_D,PRO_274_D,ASP_276_D,ALA_278_D"
ALA_278_D,"ILE_277_D,LEU_279_D,GLN_285_D"
LEU_279_D,"ASP_276_D,ALA_278_D,ARG_280_D"
ARG_280_D,"ASP_265_D,ASP_276_D,LEU_279_D,ASP_281_D"
ASP_281_D,"ARG_261_D,ASP_265_D,ARG_280_D,ARG_282_D"
ARG_282_D,"ASP_281_D,VAL_283_D,LEU_286_D"
VAL_283_D,"ARG_282_D,LEU_284_D,LEU_287_D"
LEU_284_D,"VAL_283_D,GLN_285_D,ALA_288_D"
GLN_285_D,"ALA_278_D,LEU_284_D,LEU_286_D,LEU_289_D"
LEU_286_D,"ARG_282_D,GLN_285_D,LEU_287_D,ALA_290_D"
LEU_287_D,"ILE_257_D,VAL_283_D,LEU_286_D,ALA_288_D,TRP_291_D"
ALA_288_D,"LEU_284_D,LEU_287_D,LEU_289_D,ILE_292_D"
LEU_289_D,"GLN_285_D,ALA_288_D,ALA_290_D,ALA_293_D"
ALA_290_D,"LEU_286_D,LEU_289_D,TRP_291_D,THR_294_D"
TRP_291_D,"LEU_287_D,ALA_290_D,ILE_292_D,THR_294_D,VAL_295_D"
ILE_292_D,"ALA_288_D,TRP_291_D,ALA_293_D,GLY_296_D"
ALA_293_D,"LEU_289_D,ILE_292_D,THR_294_D,ALA_297_D"
THR_294_D,"ALA_290_D,TRP_291_D,ALA_293_D,VAL_295_D,ALA_298_D"
VAL_295_D,"TRP_291_D,THR_294_D,GLY_296_D,VAL_299_D"
GLY_296_D,"ILE_292_D,VAL_295_D,ALA_297_D,ALA_300_D"
ALA_297_D,"ALA_293_D,GLY_296_D,ALA_298_D,PHE_301_D"
ALA_298_D,"TRP_247_D,PHE_248_D,THR_294_D,ALA_297_D,VAL_299_D,GLY_302_D"
VAL_299_D,"VAL_295_D,ALA_298_D,ALA_300_D"
ALA_300_D,"GLY_296_D,VAL_299_D,PHE_301_D"
PHE_301_D,"ALA_297_D,ALA_300_D,GLY_302_D"
GLY_302_D,"ALA_298_D,PHE_301_D"
