residue_id,neighbors
PRO_2_B,"ARG_3_B,GLU_391_B"
ARG_3_B,PRO_2_B
PRO_4_B,"GLY_5_B,HIS_33_B"
GLY_5_B,"PRO_4_B,HIS_6_B,ARG_34_B"
HIS_6_B,"GLY_5_B,ILE_7_B,ARG_34_B,THR_36_B,ASP_99_B,ASP_102_B"
ILE_7_B,"HIS_6_B,ALA_8_B,ARG_34_B,THR_36_B,LEU_105_B"
ALA_8_B,"ILE_7_B,MET_9_B,TYR_96_B,PRO_101_B,LEU_105_B"
MET_9_B,"ALA_8_B,VAL_10_B,ILE_25_B,THR_36_B,ALA_38_B"
VAL_10_B,"MET_9_B,SER_11_B,LEU_105_B,ASP_107_B,ALA_110_B,ALA_113_B"
SER_11_B,"VAL_10_B,VAL_12_B,HIS_17_B,TYR_57_B"
VAL_12_B,"SER_11_B,LEU_109_B"
PRO_13_B,SER_14_B
SER_14_B,"PRO_13_B,ARG_15_B"
ARG_15_B,"SER_14_B,GLY_16_B,HIS_19_B"
GLY_16_B,"ARG_15_B,HIS_17_B"
HIS_17_B,"SER_11_B,GLY_16_B,LEU_18_B,ASP_107_B"
LEU_18_B,"HIS_17_B,HIS_19_B,VAL_43_B,ALA_46_B"
HIS_19_B,"ARG_15_B,LEU_18_B,GLU_310_B"
PRO_20_B,"SER_21_B,PRO_129_B"
SER_21_B,"PRO_20_B,LEU_22_B,ILE_25_B"
LEU_22_B,"SER_21_B,GLU_23_B"
GLU_23_B,"LEU_22_B,LEU_24_B,ARG_26_B,GLU_27_B,GLU_49_B"
LEU_24_B,"GLU_23_B,ILE_25_B,ALA_386_B"
ILE_25_B,"MET_9_B,SER_21_B,LEU_24_B,ARG_26_B,VAL_29_B,VAL_35_B,THR_50_B"
ARG_26_B,"GLU_23_B,ILE_25_B,GLU_27_B,ALA_30_B,GLU_49_B"
GLU_27_B,"GLU_23_B,ARG_26_B,LEU_28_B,ARG_31_B,THR_383_B"
LEU_28_B,"GLU_27_B,VAL_29_B"
VAL_29_B,"ILE_25_B,LEU_28_B,ALA_30_B,GLY_32_B,VAL_35_B"
ALA_30_B,"ARG_26_B,VAL_29_B,ARG_31_B"
ARG_31_B,"GLU_27_B,ALA_30_B,GLY_32_B,ASP_388_B,GLU_391_B"
GLY_32_B,"VAL_29_B,ARG_31_B,HIS_33_B"
HIS_33_B,"PRO_4_B,GLY_32_B,ARG_34_B,GLU_391_B"
ARG_34_B,"GLY_5_B,HIS_6_B,ILE_7_B,HIS_33_B,VAL_35_B,GLU_53_B,ASP_99_B"
VAL_35_B,"ILE_25_B,VAL_29_B,ARG_34_B,THR_36_B,GLU_53_B"
THR_36_B,"HIS_6_B,ILE_7_B,MET_9_B,VAL_35_B,TYR_37_B,GLU_53_B,TYR_96_B"
TYR_37_B,"THR_36_B,ALA_38_B,VAL_47_B,GLU_53_B,VAL_55_B"
ALA_38_B,"MET_9_B,TYR_37_B,ASN_39_B,LEU_92_B"
ASN_39_B,"ALA_38_B,ASP_40_B"
ASP_40_B,"ASN_39_B,SER_42_B,SER_59_B"
PRO_41_B,SER_42_B
SER_42_B,"ASP_40_B,PRO_41_B,VAL_43_B"
VAL_43_B,"LEU_18_B,SER_42_B,ALA_44_B"
ALA_44_B,"VAL_43_B,ALA_45_B,THR_48_B,LEU_54_B"
ALA_45_B,"ALA_44_B,ALA_46_B"
ALA_46_B,"LEU_18_B,ALA_45_B,VAL_47_B"
VAL_47_B,"TYR_37_B,ALA_46_B,THR_48_B,LEU_54_B"
THR_48_B,"ALA_44_B,VAL_47_B,GLU_49_B,GLY_51_B"
GLU_49_B,"GLU_23_B,ARG_26_B,THR_48_B,THR_50_B"
THR_50_B,"ILE_25_B,GLU_49_B,GLY_51_B,ALA_52_B"
GLY_51_B,"THR_48_B,THR_50_B,ALA_52_B"
ALA_52_B,"THR_50_B,GLY_51_B,GLU_53_B"
GLU_53_B,"ARG_34_B,VAL_35_B,THR_36_B,TYR_37_B,ALA_52_B,LEU_54_B,ASP_99_B"
LEU_54_B,"ALA_44_B,VAL_47_B,GLU_53_B,VAL_55_B"
VAL_55_B,"TYR_37_B,LEU_54_B,ALA_95_B"
PRO_56_B,TYR_57_B
TYR_57_B,"SER_11_B,PRO_56_B,THR_58_B"
THR_58_B,"TYR_57_B,SER_59_B,GLN_91_B"
SER_59_B,"ASP_40_B,THR_58_B,ALA_60_B"
ALA_60_B,"SER_59_B,LEU_61_B,ASP_84_B"
LEU_61_B,"ALA_60_B,PHE_81_B"
VAL_71_B,"THR_72_B,GLN_77_B"
THR_72_B,"VAL_71_B,ASP_73_B"
ASP_73_B,"THR_72_B,GLN_74_B,ARG_153_B"
GLN_74_B,"ASP_73_B,ILE_75_B,GLN_77_B,MET_78_B"
ILE_75_B,"GLN_74_B,ALA_76_B,ASP_79_B,ARG_153_B"
ALA_76_B,"ILE_75_B,GLN_77_B,VAL_80_B"
GLN_77_B,"VAL_71_B,GLN_74_B,ALA_76_B,MET_78_B"
MET_78_B,"GLN_74_B,GLN_77_B,ASP_79_B,TYR_158_B"
ASP_79_B,"ILE_75_B,MET_78_B,VAL_80_B,ASP_83_B,ARG_153_B,HIS_157_B,ARG_160_B"
VAL_80_B,"ALA_76_B,ASP_79_B,PHE_81_B"
PHE_81_B,"LEU_61_B,VAL_80_B,LEU_82_B,ALA_85_B"
LEU_82_B,"PHE_81_B,ASP_83_B,VAL_86_B,ARG_160_B,PHE_161_B"
ASP_83_B,"ASP_79_B,LEU_82_B,ASP_84_B,ARG_160_B"
ASP_84_B,"ALA_60_B,ASP_83_B,ALA_85_B,MET_88_B"
ALA_85_B,"PHE_81_B,ASP_84_B,VAL_86_B,TYR_111_B"
VAL_86_B,"LEU_82_B,ALA_85_B,GLY_87_B"
GLY_87_B,"VAL_86_B,MET_88_B"
MET_88_B,"ASP_84_B,GLY_87_B,LEU_89_B,LEU_92_B"
LEU_89_B,"MET_88_B,ARG_93_B"
PRO_90_B,"GLN_91_B,ALA_94_B"
GLN_91_B,"THR_58_B,PRO_90_B,LEU_92_B"
LEU_92_B,"ALA_38_B,MET_88_B,GLN_91_B,ARG_93_B,LEU_116_B"
ARG_93_B,"LEU_89_B,LEU_92_B,ALA_94_B,GLU_97_B"
ALA_94_B,"PRO_90_B,ARG_93_B,ALA_95_B"
ALA_95_B,"VAL_55_B,ALA_94_B,TYR_96_B"
TYR_96_B,"ALA_8_B,THR_36_B,ALA_95_B,GLU_97_B,TRP_120_B"
GLU_97_B,"ARG_93_B,TYR_96_B,GLU_98_B,ARG_100_B"
GLU_98_B,"GLU_97_B,ASP_99_B"
ASP_99_B,"HIS_6_B,ARG_34_B,GLU_53_B,GLU_98_B,ARG_100_B"
ARG_100_B,"GLU_97_B,ASP_99_B,TRP_120_B"
PRO_101_B,"ALA_8_B,ASP_102_B,PHE_104_B"
ASP_102_B,"HIS_6_B,PRO_101_B,VAL_103_B,LEU_394_B"
VAL_103_B,"ASP_102_B,PHE_104_B"
PHE_104_B,"PRO_101_B,VAL_103_B,LEU_105_B,ALA_117_B,PRO_123_B,ILE_125_B"
LEU_105_B,"ILE_7_B,ALA_8_B,VAL_10_B,PHE_104_B,TYR_106_B,ILE_125_B,ILE_390_B"
TYR_106_B,"LEU_105_B,ASP_107_B,ILE_127_B"
ASP_107_B,"VAL_10_B,HIS_17_B,TYR_106_B,VAL_108_B,LEU_109_B,ALA_110_B"
VAL_108_B,"ASP_107_B,LEU_109_B"
LEU_109_B,"VAL_12_B,ASP_107_B,VAL_108_B,ALA_110_B"
ALA_110_B,"VAL_10_B,ASP_107_B,LEU_109_B,TYR_111_B,ALA_113_B"
TYR_111_B,"ALA_85_B,ALA_110_B,ARG_114_B,VAL_179_B"
PRO_112_B,ALA_113_B
ALA_113_B,"VAL_10_B,ALA_110_B,PRO_112_B,ARG_114_B,ALA_117_B"
ARG_114_B,"TYR_111_B,ALA_113_B,VAL_115_B,MET_118_B,GLU_183_B,ARG_204_B"
VAL_115_B,"ARG_114_B,LEU_116_B,LEU_178_B"
LEU_116_B,"LEU_92_B,VAL_115_B,ALA_117_B,TRP_120_B"
ALA_117_B,"PHE_104_B,ALA_113_B,LEU_116_B,MET_118_B,GLY_121_B,ILE_122_B"
MET_118_B,"ARG_114_B,ALA_117_B,ASN_119_B,VAL_170_B"
ASN_119_B,"MET_118_B,TRP_120_B"
TRP_120_B,"TYR_96_B,ARG_100_B,LEU_116_B,ASN_119_B,GLY_121_B,ILE_122_B"
GLY_121_B,"ALA_117_B,TRP_120_B,ILE_122_B"
ILE_122_B,"ALA_117_B,TRP_120_B,GLY_121_B"
PRO_123_B,"PHE_104_B,SER_124_B"
SER_124_B,"PRO_123_B,ILE_125_B"
ILE_125_B,"PHE_104_B,LEU_105_B,SER_124_B,GLN_126_B,LEU_186_B"
GLN_126_B,"ILE_125_B,ILE_127_B,PRO_182_B,ARG_184_B,SER_185_B,LEU_186_B"
ILE_127_B,"TYR_106_B,GLN_126_B,SER_128_B"
SER_128_B,"ILE_127_B,THR_130_B,LEU_186_B,LEU_188_B"
PRO_129_B,"PRO_20_B,THR_130_B"
THR_130_B,"SER_128_B,PRO_129_B,TRP_131_B,ASP_326_B"
TRP_131_B,"THR_130_B,VAL_132_B,ASP_326_B,ALA_329_B,ASN_330_B"
VAL_132_B,"TRP_131_B,MET_133_B,GLN_194_B,PHE_205_B"
MET_133_B,"VAL_132_B,TYR_137_B"
PRO_134_B,"GLU_135_B,TYR_137_B,ASP_199_B,VAL_200_B"
GLU_135_B,"PRO_134_B,LYS_136_B,ASP_201_B,ARG_204_B"
LYS_136_B,"GLU_135_B,TYR_137_B,ARG_140_B,ASP_196_B,ASP_199_B"
TYR_137_B,"MET_133_B,PRO_134_B,LYS_136_B,ARG_138_B"
ARG_138_B,"TYR_137_B,GLU_139_B,ASP_174_B,ASP_177_B"
GLU_139_B,"ARG_138_B,ARG_140_B"
ARG_140_B,"LYS_136_B,GLU_139_B,MET_141_B,ASP_196_B"
MET_141_B,"ARG_140_B,ALA_142_B,VAL_145_B"
ALA_142_B,"MET_141_B,GLU_146_B"
PRO_143_B,VAL_144_B
VAL_144_B,"PRO_143_B,VAL_145_B"
VAL_145_B,"MET_141_B,VAL_144_B,GLU_146_B"
GLU_146_B,"ALA_142_B,VAL_145_B,GLN_147_B,LYS_149_B,GLN_150_B"
GLN_147_B,"GLU_146_B,LEU_148_B"
LEU_148_B,"GLN_147_B,LYS_149_B"
LYS_149_B,"GLU_146_B,LEU_148_B,GLN_150_B"
GLN_150_B,"GLU_146_B,LYS_149_B,ASP_151_B"
ASP_151_B,"GLN_150_B,ARG_153_B,ALA_155_B"
PRO_152_B,"ARG_153_B,ALA_156_B"
ARG_153_B,"ASP_73_B,ILE_75_B,ASP_79_B,ASP_151_B,PRO_152_B,GLY_154_B"
GLY_154_B,"ARG_153_B,ALA_155_B"
ALA_155_B,"ASP_151_B,GLY_154_B,ALA_156_B"
ALA_156_B,"PRO_152_B,ALA_155_B,HIS_157_B,ARG_160_B"
HIS_157_B,"ASP_79_B,ALA_156_B,TYR_158_B,ARG_160_B"
TYR_158_B,"MET_78_B,HIS_157_B,ARG_159_B"
ARG_159_B,"TYR_158_B,ARG_160_B"
ARG_160_B,"ASP_79_B,LEU_82_B,ASP_83_B,ALA_156_B,HIS_157_B,ARG_159_B,PHE_161_B"
PHE_161_B,"LEU_82_B,ARG_160_B,ASP_162_B,TRP_164_B,LEU_165_B"
ASP_162_B,"PHE_161_B,ALA_163_B,ASP_174_B"
ALA_163_B,"ASP_162_B,TRP_164_B"
TRP_164_B,"PHE_161_B,ALA_163_B,LEU_165_B,SER_168_B"
LEU_165_B,"PHE_161_B,TRP_164_B,GLU_166_B"
GLU_166_B,"LEU_165_B,ASP_167_B"
ASP_167_B,"GLU_166_B,SER_168_B"
SER_168_B,"TRP_164_B,ASP_167_B,GLY_169_B"
GLY_169_B,"SER_168_B,VAL_170_B"
VAL_170_B,"MET_118_B,GLY_169_B"
PRO_171_B,GLY_172_B
GLY_172_B,"PRO_171_B,ILE_173_B"
ILE_173_B,"GLY_172_B,ASP_174_B,LEU_178_B"
ASP_174_B,"ARG_138_B,ASP_162_B,ILE_173_B,ALA_175_B,GLY_176_B,ASP_177_B"
ALA_175_B,"ASP_174_B,GLY_176_B"
GLY_176_B,"ASP_174_B,ALA_175_B,ASP_177_B"
ASP_177_B,"ARG_138_B,ASP_174_B,GLY_176_B,LEU_178_B,LEU_181_B"
LEU_178_B,"VAL_115_B,ILE_173_B,ASP_177_B,VAL_179_B"
VAL_179_B,"TYR_111_B,LEU_178_B,ASN_180_B"
ASN_180_B,"VAL_179_B,LEU_181_B"
LEU_181_B,"ASP_177_B,ASN_180_B"
PRO_182_B,"GLN_126_B,GLU_183_B,ARG_204_B"
GLU_183_B,"ARG_114_B,PRO_182_B,ARG_184_B,ARG_204_B"
ARG_184_B,"GLN_126_B,GLU_183_B,SER_185_B,ARG_392_B"
SER_185_B,"GLN_126_B,ARG_184_B,LEU_186_B,THR_206_B"
LEU_186_B,"ILE_125_B,GLN_126_B,SER_128_B,SER_185_B,VAL_187_B,LEU_389_B"
VAL_187_B,"LEU_186_B,LEU_188_B,VAL_189_B,THR_206_B,ILE_208_B"
LEU_188_B,"SER_128_B,VAL_187_B,VAL_189_B"
VAL_189_B,"VAL_187_B,LEU_188_B"
PRO_190_B,"ARG_191_B,PHE_192_B,LEU_193_B,LEU_377_B"
ARG_191_B,"PRO_190_B,PHE_192_B,ALA_197_B,GLU_202_B,HIS_380_B"
PHE_192_B,"PRO_190_B,ARG_191_B,LEU_193_B,LEU_312_B,LEU_337_B,LEU_377_B"
LEU_193_B,"PRO_190_B,PHE_192_B,GLN_194_B,LEU_312_B"
GLN_194_B,"VAL_132_B,LEU_193_B,PHE_207_B"
PRO_195_B,ASP_196_B
ASP_196_B,"LYS_136_B,ARG_140_B,PRO_195_B,ALA_197_B,ASP_199_B"
ALA_197_B,"ARG_191_B,ASP_196_B,ASP_198_B"
ASP_198_B,"ALA_197_B,ASP_199_B"
ASP_199_B,"PRO_134_B,LYS_136_B,ASP_196_B,ASP_198_B,VAL_200_B"
VAL_200_B,"PRO_134_B,ASP_199_B,ASP_201_B,PHE_205_B"
ASP_201_B,"GLU_135_B,VAL_200_B,GLU_202_B,LYS_203_B,ARG_204_B,PHE_205_B"
GLU_202_B,"ARG_191_B,ASP_201_B,LYS_203_B"
LYS_203_B,"ASP_201_B,GLU_202_B,ARG_204_B"
ARG_204_B,"ARG_114_B,GLU_135_B,PRO_182_B,GLU_183_B,ASP_201_B,LYS_203_B,PHE_205_B"
PHE_205_B,"VAL_132_B,VAL_200_B,ASP_201_B,ARG_204_B,THR_206_B"
THR_206_B,"SER_185_B,VAL_187_B,PHE_205_B,PHE_207_B"
PHE_207_B,"GLN_194_B,THR_206_B,ILE_208_B"
ILE_208_B,"VAL_187_B,PHE_207_B,GLY_209_B"
GLY_209_B,ILE_208_B
PRO_210_B,CYS_211_B
CYS_211_B,"PRO_210_B,LEU_212_B"
LEU_212_B,"CYS_211_B,GLY_213_B,PHE_313_B,THR_383_B"
GLY_213_B,"LEU_212_B,ARG_214_B"
ARG_214_B,"GLY_213_B,ARG_215_B,HIS_217_B"
ARG_215_B,"ARG_214_B,ALA_216_B,HIS_217_B,ASP_220_B,GLU_294_B"
ALA_216_B,"ARG_215_B,HIS_217_B"
HIS_217_B,"ARG_214_B,ARG_215_B,ALA_216_B,GLN_218_B,GLY_219_B"
GLN_218_B,"HIS_217_B,GLY_219_B"
GLY_219_B,"HIS_217_B,GLN_218_B,ASP_220_B"
ASP_220_B,"ARG_215_B,GLY_219_B,TRP_221_B,GLU_294_B"
TRP_221_B,"ASP_220_B,LYS_222_B,VAL_262_B,GLU_282_B"
LYS_222_B,"TRP_221_B,ARG_223_B"
ARG_223_B,"LYS_222_B,ALA_227_B,GLU_228_B,VAL_230_B,ASP_297_B"
PRO_224_B,ALA_225_B
ALA_225_B,"PRO_224_B,GLY_226_B"
GLY_226_B,"ALA_225_B,ALA_227_B"
ALA_227_B,"ARG_223_B,GLY_226_B,GLU_228_B,HIS_260_B"
GLU_228_B,"ARG_223_B,ALA_227_B,LYS_229_B,ASP_258_B"
LYS_229_B,"GLU_228_B,VAL_230_B,TRP_259_B,HIS_260_B,ASP_297_B"
VAL_230_B,"ARG_223_B,LYS_229_B,ALA_231_B,ASP_297_B"
ALA_231_B,"VAL_230_B,LEU_232_B,PHE_253_B,TRP_259_B,HIS_260_B,VAL_262_B,VAL_298_B"
LEU_232_B,"ALA_231_B,VAL_233_B,VAL_262_B,LEU_293_B,VAL_300_B"
VAL_233_B,"LEU_232_B,SER_234_B,LEU_261_B,VAL_262_B,LEU_263_B,GLN_264_B"
SER_234_B,"VAL_233_B,LEU_235_B,VAL_300_B"
LEU_235_B,"SER_234_B,GLY_236_B,SER_237_B,HIS_302_B"
GLY_236_B,"LEU_235_B,SER_237_B"
SER_237_B,"LEU_235_B,GLY_236_B,HIS_238_B"
HIS_238_B,"SER_237_B,LEU_239_B,THR_240_B,ARG_267_B,HIS_268_B"
LEU_239_B,"HIS_238_B,THR_240_B"
THR_240_B,"HIS_238_B,LEU_239_B,ASN_241_B,ARG_267_B"
ASN_241_B,"THR_240_B,GLN_242_B"
GLN_242_B,"ASN_241_B,LEU_243_B"
LEU_243_B,GLN_242_B
PRO_244_B,"PHE_245_B,THR_248_B"
PHE_245_B,"PRO_244_B,TYR_246_B,CYS_249_B,ILE_345_B"
TYR_246_B,"PHE_245_B,GLU_247_B,LEU_263_B,ILE_265_B"
GLU_247_B,"TYR_246_B,THR_248_B,VAL_250_B,GLU_251_B"
THR_248_B,"PRO_244_B,GLU_247_B,CYS_249_B,PRO_350_B"
CYS_249_B,"PHE_245_B,THR_248_B,VAL_250_B,PHE_253_B"
VAL_250_B,"GLU_247_B,CYS_249_B,GLU_251_B,ALA_254_B,LEU_277_B"
GLU_251_B,"GLU_247_B,VAL_250_B,VAL_252_B"
VAL_252_B,"GLU_251_B,PHE_253_B,PRO_350_B,ARG_354_B"
PHE_253_B,"ALA_231_B,CYS_249_B,VAL_252_B,ALA_254_B,TRP_259_B,LEU_261_B,ASN_280_B"
ALA_254_B,"VAL_250_B,PHE_253_B,ALA_255_B,PRO_278_B"
ALA_255_B,"ALA_254_B,LEU_256_B"
LEU_256_B,"ALA_255_B,ASP_258_B,TRP_259_B,ASN_280_B,ARG_354_B"
PRO_257_B,ASP_258_B
ASP_258_B,"GLU_228_B,LEU_256_B,PRO_257_B,TRP_259_B"
TRP_259_B,"LYS_229_B,ALA_231_B,PHE_253_B,LEU_256_B,ASP_258_B,HIS_260_B,ASN_280_B,ASP_297_B,VAL_357_B,ALA_361_B"
HIS_260_B,"ALA_227_B,LYS_229_B,ALA_231_B,TRP_259_B,LEU_261_B,ASN_280_B,GLU_282_B"
LEU_261_B,"VAL_233_B,PHE_253_B,HIS_260_B,VAL_262_B,VAL_281_B"
VAL_262_B,"TRP_221_B,ALA_231_B,LEU_232_B,VAL_233_B,LEU_261_B,LEU_263_B"
LEU_263_B,"VAL_233_B,TYR_246_B,VAL_262_B,GLN_264_B,GLU_282_B,HIS_284_B"
GLN_264_B,"VAL_233_B,LEU_263_B,ILE_265_B,VAL_287_B"
ILE_265_B,"TYR_246_B,GLN_264_B,GLY_266_B,VAL_283_B,HIS_284_B"
GLY_266_B,"ILE_265_B,ARG_267_B"
ARG_267_B,"HIS_238_B,THR_240_B,GLY_266_B,HIS_268_B"
HIS_268_B,"HIS_238_B,ARG_267_B,VAL_269_B"
VAL_269_B,"HIS_268_B,ASP_270_B,ASN_285_B"
ASP_270_B,"VAL_269_B,ALA_271_B,GLU_273_B"
ALA_271_B,"ASP_270_B,GLY_272_B"
GLY_272_B,"ALA_271_B,GLU_273_B"
GLU_273_B,"ASP_270_B,GLY_272_B,LEU_274_B"
LEU_274_B,"GLU_273_B,GLY_275_B,LEU_277_B"
GLY_275_B,"LEU_274_B,GLU_276_B"
GLU_276_B,"GLY_275_B,LEU_277_B"
LEU_277_B,"VAL_250_B,LEU_274_B,GLU_276_B,VAL_281_B,VAL_283_B"
PRO_278_B,"ALA_254_B,ASN_280_B"
PRO_279_B,ASN_280_B
ASN_280_B,"PHE_253_B,LEU_256_B,TRP_259_B,HIS_260_B,PRO_278_B,PRO_279_B,VAL_281_B"
VAL_281_B,"LEU_261_B,LEU_277_B,ASN_280_B,GLU_282_B"
GLU_282_B,"TRP_221_B,HIS_260_B,LEU_263_B,VAL_281_B,VAL_283_B,HIS_284_B"
VAL_283_B,"ILE_265_B,LEU_277_B,GLU_282_B,HIS_284_B"
HIS_284_B,"LEU_263_B,ILE_265_B,GLU_282_B,VAL_283_B,ASN_285_B,VAL_287_B"
ASN_285_B,"VAL_269_B,HIS_284_B,TRP_286_B"
TRP_286_B,"ASN_285_B,VAL_287_B"
VAL_287_B,"GLN_264_B,HIS_284_B,TRP_286_B,GLN_289_B"
PRO_288_B,"GLN_289_B,ALA_291_B,VAL_292_B"
GLN_289_B,"VAL_287_B,PRO_288_B,LEU_290_B,LEU_293_B,GLU_310_B"
LEU_290_B,"GLN_289_B,ALA_291_B,GLU_310_B"
ALA_291_B,"PRO_288_B,LEU_290_B,VAL_292_B"
VAL_292_B,"PRO_288_B,ALA_291_B,LEU_293_B,GLN_295_B"
LEU_293_B,"LEU_232_B,GLN_289_B,VAL_292_B,GLU_294_B"
GLU_294_B,"ARG_215_B,ASP_220_B,LEU_293_B,GLN_295_B"
GLN_295_B,"VAL_292_B,GLU_294_B,ALA_296_B"
ALA_296_B,"GLN_295_B,ASP_297_B"
ASP_297_B,"ARG_223_B,LYS_229_B,VAL_230_B,TRP_259_B,ALA_296_B,VAL_298_B"
VAL_298_B,"ALA_231_B,ASP_297_B,PHE_299_B,VAL_357_B"
PHE_299_B,"VAL_298_B,VAL_300_B,VAL_316_B,PRO_317_B,VAL_319_B"
VAL_300_B,"LEU_232_B,SER_234_B,PHE_299_B,THR_301_B"
THR_301_B,"VAL_300_B,HIS_302_B,VAL_319_B,ALA_321_B"
HIS_302_B,"LEU_235_B,THR_301_B,GLY_303_B"
GLY_303_B,"HIS_302_B,GLY_304_B,ASN_330_B"
GLY_304_B,"GLY_303_B,MET_305_B"
MET_305_B,"GLY_304_B,GLY_306_B"
GLY_306_B,"MET_305_B,GLY_307_B"
GLY_307_B,"GLY_306_B,ILE_308_B,GLY_311_B"
ILE_308_B,"GLY_307_B,GLN_309_B,LEU_312_B,ASN_330_B"
GLN_309_B,"ILE_308_B,GLU_310_B,PHE_313_B"
GLU_310_B,"HIS_19_B,GLN_289_B,LEU_290_B,GLN_309_B,GLY_311_B"
GLY_311_B,"GLY_307_B,GLU_310_B,LEU_312_B,GLY_315_B,VAL_316_B"
LEU_312_B,"PHE_192_B,LEU_193_B,ILE_308_B,GLY_311_B,PHE_313_B,ILE_339_B,LEU_373_B,LEU_377_B"
PHE_313_B,"LEU_212_B,GLN_309_B,LEU_312_B,SER_314_B"
SER_314_B,"PHE_313_B,GLY_315_B"
GLY_315_B,"GLY_311_B,SER_314_B,VAL_316_B"
VAL_316_B,"PHE_299_B,GLY_311_B,GLY_315_B"
PRO_317_B,"PHE_299_B,MET_318_B,LEU_360_B,VAL_366_B"
MET_318_B,"PRO_317_B,VAL_319_B,ILE_339_B"
VAL_319_B,"PHE_299_B,THR_301_B,MET_318_B,VAL_320_B,ILE_343_B"
VAL_320_B,"VAL_319_B,ALA_321_B,ALA_331_B,VAL_334_B,ARG_341_B,ILE_343_B"
ALA_321_B,"THR_301_B,VAL_320_B,ILE_345_B"
PRO_322_B,"GLN_323_B,GLN_327_B"
GLN_323_B,"PRO_322_B,ALA_324_B,GLN_327_B"
ALA_324_B,"GLN_323_B,ASN_325_B,GLN_327_B"
ASN_325_B,"ALA_324_B,ASP_326_B"
ASP_326_B,"THR_130_B,TRP_131_B,ASN_325_B,GLN_327_B"
GLN_327_B,"PRO_322_B,GLN_323_B,ALA_324_B,ASP_326_B,ALA_331_B"
PRO_328_B,ALA_329_B
ALA_329_B,"TRP_131_B,PRO_328_B,ASN_330_B"
ASN_330_B,"TRP_131_B,GLY_303_B,ILE_308_B,ALA_329_B,ALA_331_B"
ALA_331_B,"VAL_320_B,GLN_327_B,ASN_330_B,GLU_332_B"
GLU_332_B,"ALA_331_B,SER_333_B,GLY_336_B,ARG_342_B"
SER_333_B,"GLU_332_B,VAL_334_B,LEU_337_B"
VAL_334_B,"VAL_320_B,SER_333_B,VAL_335_B,ALA_340_B"
VAL_335_B,"VAL_334_B,GLY_336_B,GLY_338_B"
GLY_336_B,"GLU_332_B,VAL_335_B,LEU_337_B"
LEU_337_B,"PHE_192_B,SER_333_B,GLY_336_B,GLY_338_B"
GLY_338_B,"VAL_335_B,LEU_337_B,ILE_339_B,ARG_369_B"
ILE_339_B,"LEU_312_B,MET_318_B,GLY_338_B,ALA_340_B,LEU_370_B"
ALA_340_B,"VAL_334_B,ILE_339_B,ARG_341_B"
ARG_341_B,"VAL_320_B,ALA_340_B,ARG_342_B,GLU_359_B"
ARG_342_B,"GLU_332_B,ARG_341_B,ILE_343_B"
ILE_343_B,"VAL_319_B,VAL_320_B,ARG_342_B,ASP_344_B"
ASP_344_B,"ILE_343_B,ILE_345_B,VAL_348_B"
ILE_345_B,"PHE_245_B,ALA_321_B,ASP_344_B,ALA_346_B"
ALA_346_B,"ILE_345_B,THR_347_B"
THR_347_B,"ALA_346_B,VAL_348_B"
VAL_348_B,"ASP_344_B,THR_347_B,THR_349_B,LEU_353_B"
THR_349_B,VAL_348_B
PRO_350_B,"THR_248_B,VAL_252_B,ASP_351_B,ARG_354_B"
ASP_351_B,"PRO_350_B,ARG_352_B,ARG_354_B"
ARG_352_B,"ASP_351_B,LEU_353_B,ALA_356_B"
LEU_353_B,"VAL_348_B,ARG_352_B,ARG_354_B,VAL_357_B"
ARG_354_B,"VAL_252_B,LEU_256_B,PRO_350_B,ASP_351_B,LEU_353_B,ALA_355_B,VAL_358_B"
ALA_355_B,"ARG_354_B,ALA_356_B,GLU_359_B"
ALA_356_B,"ARG_352_B,ALA_355_B,VAL_357_B"
VAL_357_B,"TRP_259_B,VAL_298_B,LEU_353_B,ALA_356_B,VAL_358_B"
VAL_358_B,"ARG_354_B,VAL_357_B,GLU_359_B,SER_362_B"
GLU_359_B,"ARG_341_B,ALA_355_B,VAL_358_B,LEU_360_B,ASP_363_B"
LEU_360_B,"PRO_317_B,GLU_359_B,ALA_361_B"
ALA_361_B,"TRP_259_B,LEU_360_B,SER_362_B"
SER_362_B,"VAL_358_B,ALA_361_B,ASP_363_B"
ASP_363_B,"GLU_359_B,SER_362_B,ALA_365_B,ARG_369_B"
PRO_364_B,ALA_365_B
ALA_365_B,"ASP_363_B,PRO_364_B,VAL_366_B"
VAL_366_B,"PRO_317_B,ALA_365_B,ALA_367_B"
ALA_367_B,"VAL_366_B,GLU_368_B"
GLU_368_B,"ALA_367_B,ARG_369_B,GLY_372_B,ARG_375_B"
ARG_369_B,"GLY_338_B,ASP_363_B,GLU_368_B,LEU_370_B,LEU_373_B"
LEU_370_B,"ILE_339_B,ARG_369_B,SER_371_B,ARG_374_B"
SER_371_B,"LEU_370_B,GLY_372_B"
GLY_372_B,"GLU_368_B,SER_371_B,LEU_373_B,GLU_376_B"
LEU_373_B,"LEU_312_B,ARG_369_B,GLY_372_B,ARG_374_B,LEU_377_B"
ARG_374_B,"LEU_370_B,LEU_373_B,ARG_375_B,ARG_378_B"
ARG_375_B,"GLU_368_B,ARG_374_B,GLU_376_B,ARG_378_B"
GLU_376_B,"GLY_372_B,ARG_375_B,LEU_377_B"
LEU_377_B,"PRO_190_B,PHE_192_B,LEU_312_B,LEU_373_B,GLU_376_B,ARG_378_B"
ARG_378_B,"ARG_374_B,ARG_375_B,LEU_377_B,ALA_379_B"
ALA_379_B,"ARG_378_B,HIS_380_B"
HIS_380_B,"ARG_191_B,ALA_379_B,GLY_381_B"
GLY_381_B,"HIS_380_B,GLY_382_B"
GLY_382_B,"GLY_381_B,THR_383_B"
THR_383_B,"GLU_27_B,LEU_212_B,GLY_382_B,MET_384_B,ALA_387_B"
MET_384_B,"THR_383_B,ARG_385_B,ASP_388_B"
ARG_385_B,"MET_384_B,ALA_386_B,LEU_389_B"
ALA_386_B,"LEU_24_B,ARG_385_B,ALA_387_B,ILE_390_B"
ALA_387_B,"THR_383_B,ALA_386_B,ASP_388_B,GLU_391_B"
ASP_388_B,"ARG_31_B,MET_384_B,ALA_387_B,LEU_389_B,GLU_391_B"
LEU_389_B,"LEU_186_B,ARG_385_B,ASP_388_B,ILE_390_B"
ILE_390_B,"LEU_105_B,ALA_386_B,LEU_389_B,GLU_391_B"
GLU_391_B,"PRO_2_B,ARG_31_B,HIS_33_B,ALA_387_B,ASP_388_B,ILE_390_B,ARG_392_B,LEU_394_B"
ARG_392_B,"ARG_184_B,GLU_391_B,GLN_393_B"
GLN_393_B,"ARG_392_B,LEU_394_B"
LEU_394_B,"ASP_102_B,GLU_391_B,GLN_393_B"
