residue_id,neighbors
GLN_20_A,THR_21_A
THR_21_A,"GLN_20_A,LYS_35_A,ASP_38_A"
PRO_22_A,ASP_23_A
ASP_23_A,"PRO_22_A,LYS_24_A,SER_25_A,LYS_35_A"
LYS_24_A,"ASP_23_A,SER_25_A,TYR_41_A"
SER_25_A,"ASP_23_A,LYS_24_A,PHE_26_A,LYS_35_A"
PHE_26_A,"SER_25_A,LYS_27_A,VAL_33_A,TRP_86_A"
LYS_27_A,"PHE_26_A,THR_28_A"
THR_28_A,"LYS_27_A,ASP_29_A,LEU_31_A"
ASP_29_A,"THR_28_A,ASP_30_A"
ASP_30_A,"ASP_29_A,LEU_31_A,LYS_54_A"
LEU_31_A,"THR_28_A,ASP_30_A,ILE_32_A,THR_45_A,LYS_82_A,VAL_83_A"
ILE_32_A,"LEU_31_A,VAL_33_A,LEU_44_A"
VAL_33_A,"PHE_26_A,ILE_32_A,GLN_34_A,TYR_41_A,TRP_86_A"
GLN_34_A,"VAL_33_A,LYS_35_A,GLN_42_A"
LYS_35_A,"THR_21_A,ASP_23_A,SER_25_A,GLN_34_A,LEU_36_A,ASP_38_A,TYR_41_A"
LEU_36_A,"LYS_35_A,THR_37_A,THR_40_A,ILE_222_A,ILE_228_A"
THR_37_A,"LEU_36_A,ASP_38_A,THR_40_A,GLU_177_A,VAL_179_A"
ASP_38_A,"THR_21_A,LYS_35_A,THR_37_A,HIS_39_A,GLU_177_A"
HIS_39_A,"ASP_38_A,THR_40_A,ASP_64_A,GLU_177_A"
THR_40_A,"LEU_36_A,THR_37_A,HIS_39_A,TYR_41_A,VAL_62_A,PHE_174_A"
TYR_41_A,"LYS_24_A,VAL_33_A,LYS_35_A,THR_40_A,GLN_42_A,ILE_61_A,PHE_63_A,TRP_86_A"
GLN_42_A,"GLN_34_A,TYR_41_A,HIS_43_A,ASN_58_A,ILE_228_A"
HIS_43_A,"GLN_42_A,LEU_44_A,GLY_59_A,ASP_72_A"
LEU_44_A,"ILE_32_A,HIS_43_A,THR_45_A,TYR_46_A"
THR_45_A,"LEU_31_A,LEU_44_A,TYR_46_A,CYS_57_A,PRO_74_A,ALA_75_A"
TYR_46_A,"LEU_44_A,THR_45_A,LEU_47_A"
LEU_47_A,"TYR_46_A,GLN_48_A,VAL_55_A"
GLN_48_A,"LEU_47_A,THR_49_A"
THR_49_A,"GLN_48_A,GLN_50_A,GLY_53_A"
GLN_50_A,"THR_49_A,THR_51_A"
THR_51_A,"GLN_50_A,PHE_52_A"
PHE_52_A,"THR_51_A,GLY_53_A,ASN_195_A"
GLY_53_A,"THR_49_A,PHE_52_A,LYS_54_A"
LYS_54_A,"ASP_30_A,GLY_53_A,VAL_55_A"
VAL_55_A,"LEU_47_A,LYS_54_A"
PRO_56_A,"CYS_57_A,HIS_225_A"
CYS_57_A,"THR_45_A,PRO_56_A,ASN_58_A"
ASN_58_A,"GLN_42_A,CYS_57_A,GLY_59_A,PRO_223_A,GLY_224_A"
GLY_59_A,"HIS_43_A,ASN_58_A,LEU_60_A"
LEU_60_A,"GLY_59_A,ILE_61_A,VAL_62_A,PHE_71_A,ILE_222_A"
ILE_61_A,"TYR_41_A,LEU_60_A,VAL_62_A,TRP_86_A"
VAL_62_A,"THR_40_A,LEU_60_A,ILE_61_A,PHE_63_A,VAL_69_A,PHE_174_A"
PHE_63_A,"TYR_41_A,VAL_62_A,ASP_64_A,ALA_68_A"
ASP_64_A,"HIS_39_A,PHE_63_A,GLY_65_A,GLU_67_A,VAL_151_A,LYS_154_A"
GLY_65_A,"ASP_64_A,GLY_66_A"
GLY_66_A,"GLY_65_A,GLU_67_A,LYS_94_A"
GLU_67_A,"ASP_64_A,GLY_66_A,ALA_68_A,LYS_96_A"
ALA_68_A,"PHE_63_A,GLU_67_A,VAL_69_A,VAL_87_A,LYS_94_A,LYS_96_A"
VAL_69_A,"VAL_62_A,ALA_68_A,ILE_70_A,VAL_151_A"
ILE_70_A,"VAL_69_A,PHE_71_A,VAL_83_A,ILE_99_A"
PHE_71_A,"LEU_60_A,ILE_70_A,ASP_72_A,ILE_99_A,VAL_156_A"
ASP_72_A,"HIS_43_A,PHE_71_A,THR_73_A,ILE_99_A,THR_101_A,HIS_102_A,ASP_106_A"
THR_73_A,"ASP_72_A,CYS_107_A,GLY_110_A,LEU_111_A,PHE_114_A"
PRO_74_A,"THR_45_A,ALA_75_A,ASP_76_A,VAL_83_A"
ALA_75_A,"THR_45_A,PRO_74_A,ASP_76_A"
ASP_76_A,"PRO_74_A,ALA_75_A,ASP_77_A,THR_79_A,SER_80_A"
ASP_77_A,"ASP_76_A,ALA_78_A,GLU_81_A,LYS_112_A"
ALA_78_A,"ASP_77_A,THR_79_A"
THR_79_A,"ASP_76_A,ALA_78_A,SER_80_A"
SER_80_A,"ASP_76_A,THR_79_A,GLU_81_A,ILE_84_A"
GLU_81_A,"ASP_77_A,SER_80_A,LYS_82_A,ARG_85_A,HIS_117_A"
LYS_82_A,"LEU_31_A,GLU_81_A,VAL_83_A,TRP_86_A"
VAL_83_A,"LEU_31_A,ILE_70_A,PRO_74_A,LYS_82_A,ILE_84_A,VAL_87_A"
ILE_84_A,"SER_80_A,VAL_83_A,ARG_85_A,ILE_119_A"
ARG_85_A,"GLU_81_A,ILE_84_A,TRP_86_A,GLU_88_A,ASP_89_A,HIS_117_A"
TRP_86_A,"PHE_26_A,VAL_33_A,TYR_41_A,ILE_61_A,LYS_82_A,ARG_85_A,VAL_87_A,SER_90_A,LEU_91_A"
VAL_87_A,"ALA_68_A,VAL_83_A,TRP_86_A,GLU_88_A,VAL_95_A"
GLU_88_A,"ARG_85_A,VAL_87_A,ASP_89_A,HIS_117_A"
ASP_89_A,"ARG_85_A,GLU_88_A,SER_90_A"
SER_90_A,"TRP_86_A,ASP_89_A,LEU_91_A"
LEU_91_A,"TRP_86_A,SER_90_A,LYS_92_A"
LYS_92_A,"LEU_91_A,CYS_93_A"
CYS_93_A,"LYS_92_A,LYS_94_A"
LYS_94_A,"GLY_66_A,ALA_68_A,CYS_93_A,VAL_95_A"
VAL_95_A,"VAL_87_A,LYS_94_A,LYS_96_A,ILE_119_A"
LYS_96_A,"GLU_67_A,ALA_68_A,VAL_95_A,ALA_97_A,ASN_150_A"
ALA_97_A,"LYS_96_A,VAL_98_A,TYR_122_A,LEU_149_A"
VAL_98_A,"ALA_97_A,ILE_99_A,PHE_114_A,TYR_122_A"
ILE_99_A,"ILE_70_A,PHE_71_A,ASP_72_A,VAL_98_A,ALA_100_A"
ALA_100_A,"ILE_99_A,THR_101_A,VAL_108_A,TYR_122_A"
THR_101_A,"ASP_72_A,ALA_100_A,HIS_102_A,ILE_170_A,PHE_181_A"
HIS_102_A,"ASP_72_A,THR_101_A,PHE_103_A,HIS_104_A,ASP_106_A,HIS_165_A,ASP_168_A"
PHE_103_A,"HIS_102_A,HIS_104_A,PHE_130_A"
HIS_104_A,"HIS_102_A,PHE_103_A,GLU_105_A,ASP_106_A,CYS_107_A,HIS_165_A,ASP_198_A"
GLU_105_A,"HIS_104_A,ASP_106_A,GLY_109_A"
ASP_106_A,"ASP_72_A,HIS_102_A,HIS_104_A,GLU_105_A,CYS_107_A,HIS_165_A,HIS_225_A"
CYS_107_A,"THR_73_A,HIS_104_A,ASP_106_A,VAL_108_A"
VAL_108_A,"ALA_100_A,CYS_107_A,GLY_109_A"
GLY_109_A,"GLU_105_A,VAL_108_A,GLY_110_A"
GLY_110_A,"THR_73_A,GLY_109_A,LEU_111_A"
LEU_111_A,"THR_73_A,GLY_110_A,LYS_112_A,HIS_115_A,PRO_137_A"
LYS_112_A,"ASP_77_A,LEU_111_A,ALA_113_A,GLU_116_A"
ALA_113_A,"LYS_112_A,PHE_114_A"
PHE_114_A,"THR_73_A,VAL_98_A,ALA_113_A,HIS_115_A"
HIS_115_A,"LEU_111_A,PHE_114_A,GLU_116_A,GLY_118_A,SER_121_A"
GLU_116_A,"LYS_112_A,HIS_115_A,HIS_117_A"
HIS_117_A,"GLU_81_A,ARG_85_A,GLU_88_A,GLU_116_A,GLY_118_A,ILE_119_A"
GLY_118_A,"HIS_115_A,HIS_117_A,ILE_119_A"
ILE_119_A,"ILE_84_A,VAL_95_A,HIS_117_A,GLY_118_A"
PRO_120_A,SER_121_A
SER_121_A,"HIS_115_A,PRO_120_A,TYR_122_A,GLN_140_A,LYS_141_A"
TYR_122_A,"ALA_97_A,VAL_98_A,ALA_100_A,SER_121_A,ALA_123_A,LYS_141_A,LEU_147_A"
ALA_123_A,"TYR_122_A,THR_124_A,THR_127_A,PRO_139_A"
THR_124_A,"ALA_123_A,ASN_125_A,ILE_128_A,PHE_143_A,ILE_170_A"
ASN_125_A,"THR_124_A,LYS_126_A,ALA_129_A,PHE_143_A,ASP_144_A"
LYS_126_A,"ASN_125_A,THR_127_A,GLU_163_A,ARG_167_A,ASP_168_A"
THR_127_A,"ALA_123_A,LYS_126_A,ILE_128_A,ASP_131_A,ASP_168_A"
ILE_128_A,"THR_124_A,THR_127_A,ALA_129_A,VAL_138_A"
ALA_129_A,"ASN_125_A,ILE_128_A,PHE_130_A"
PHE_130_A,"PHE_103_A,ALA_129_A,ASP_131_A,HIS_134_A"
ASP_131_A,"THR_127_A,PHE_130_A,LYS_132_A,LYS_135_A,PHE_136_A"
LYS_132_A,"ASP_131_A,GLU_133_A"
GLU_133_A,"LYS_132_A,HIS_134_A"
HIS_134_A,"PHE_130_A,GLU_133_A,LYS_135_A,ASP_198_A"
LYS_135_A,"ASP_131_A,HIS_134_A,PHE_136_A"
PHE_136_A,"ASP_131_A,LYS_135_A"
PRO_137_A,"LEU_111_A,VAL_138_A"
VAL_138_A,"ILE_128_A,PRO_137_A"
PRO_139_A,"ALA_123_A,GLN_140_A"
GLN_140_A,"SER_121_A,PRO_139_A,LYS_141_A"
LYS_141_A,"SER_121_A,TYR_122_A,GLN_140_A,GLY_142_A"
GLY_142_A,"LYS_141_A,PHE_143_A"
PHE_143_A,"THR_124_A,ASN_125_A,GLY_142_A,ASP_144_A,LEU_147_A,ILE_170_A"
ASP_144_A,"ASN_125_A,PHE_143_A,ASN_145_A,LYS_146_A"
ASN_145_A,"ASP_144_A,LYS_146_A,PHE_160_A"
LYS_146_A,"ASP_144_A,ASN_145_A,LEU_147_A,GLU_148_A"
LEU_147_A,"TYR_122_A,PHE_143_A,LYS_146_A,GLU_148_A,ALA_158_A"
GLU_148_A,"LYS_146_A,LEU_147_A,LEU_149_A"
LEU_149_A,"ALA_97_A,GLU_148_A,ASN_150_A,VAL_156_A"
ASN_150_A,"LYS_96_A,LEU_149_A,VAL_151_A"
VAL_151_A,"ASP_64_A,VAL_69_A,ASN_150_A,GLY_152_A,LYS_154_A,PHE_174_A"
GLY_152_A,"VAL_151_A,THR_153_A"
THR_153_A,"GLY_152_A,LYS_154_A"
LYS_154_A,"ASP_64_A,VAL_151_A,THR_153_A"
PRO_155_A,VAL_156_A
VAL_156_A,"PHE_71_A,LEU_149_A,PRO_155_A,VAL_157_A"
VAL_157_A,"VAL_156_A,ALA_158_A,TYR_173_A"
ALA_158_A,"LEU_147_A,VAL_157_A,ALA_159_A"
ALA_159_A,"ALA_158_A,PHE_160_A,TYR_161_A,ILE_171_A"
PHE_160_A,"ASN_145_A,ALA_159_A,TYR_161_A"
TYR_161_A,"ALA_159_A,PHE_160_A,GLY_162_A,ILE_171_A,ILE_211_A,TYR_215_A"
GLY_162_A,"TYR_161_A,GLU_163_A"
GLU_163_A,"LYS_126_A,GLY_162_A,GLY_164_A,ARG_167_A,ASN_200_A,THR_207_A"
GLY_164_A,"GLU_163_A,HIS_165_A,ASN_200_A"
HIS_165_A,"HIS_102_A,HIS_104_A,ASP_106_A,GLY_164_A,THR_166_A,ASN_169_A,LYS_187_A,TRP_204_A,HIS_225_A"
THR_166_A,"HIS_165_A,ARG_167_A,ASP_168_A,ASN_169_A"
ARG_167_A,"LYS_126_A,GLU_163_A,THR_166_A,ASP_168_A"
ASP_168_A,"HIS_102_A,LYS_126_A,THR_127_A,THR_166_A,ARG_167_A,ASN_169_A"
ASN_169_A,"HIS_165_A,THR_166_A,ASP_168_A,ILE_170_A"
ILE_170_A,"THR_101_A,THR_124_A,PHE_143_A,ASN_169_A,ILE_171_A"
ILE_171_A,"ALA_159_A,TYR_161_A,ILE_170_A,GLY_172_A,MET_180_A"
GLY_172_A,"ILE_171_A,TYR_173_A,PHE_181_A"
TYR_173_A,"VAL_157_A,GLY_172_A,PHE_174_A,PRO_175_A,MET_180_A,TYR_215_A,VAL_218_A"
PHE_174_A,"THR_40_A,VAL_62_A,VAL_151_A,TYR_173_A,LYS_178_A,VAL_179_A"
PRO_175_A,"TYR_173_A,SER_176_A"
SER_176_A,"PRO_175_A,GLU_177_A"
GLU_177_A,"THR_37_A,ASP_38_A,HIS_39_A,SER_176_A,LYS_178_A"
LYS_178_A,"PHE_174_A,GLU_177_A,VAL_179_A,ASP_217_A,LYS_219_A"
VAL_179_A,"THR_37_A,PHE_174_A,LYS_178_A,MET_180_A"
MET_180_A,"ILE_171_A,TYR_173_A,VAL_179_A,PHE_181_A,ILE_211_A,TYR_215_A,VAL_218_A,VAL_220_A,ILE_222_A"
PHE_181_A,"THR_101_A,GLY_172_A,MET_180_A,GLY_182_A,ILE_222_A"
GLY_182_A,"PHE_181_A,GLY_183_A,ILE_222_A"
GLY_183_A,"GLY_182_A,CYS_184_A,GLY_224_A"
CYS_184_A,"GLY_183_A,LEU_185_A"
LEU_185_A,"CYS_184_A,ILE_186_A,TRP_204_A,THR_207_A,ILE_211_A"
ILE_186_A,"LEU_185_A,LYS_187_A,VAL_208_A,VAL_221_A"
LYS_187_A,"HIS_165_A,ILE_186_A,GLU_188_A,HIS_225_A,THR_237_A"
GLU_188_A,"LYS_187_A,VAL_189_A,ALA_191_A,LYS_227_A"
VAL_189_A,"GLU_188_A,ASP_190_A"
ASP_190_A,"VAL_189_A,ALA_191_A,LYS_239_A"
ALA_191_A,"GLU_188_A,ASP_190_A,THR_192_A,TYR_236_A"
THR_192_A,"ALA_191_A,LYS_193_A"
LYS_193_A,"THR_192_A,GLY_194_A,PHE_241_A"
GLY_194_A,"LYS_193_A,ASN_195_A"
ASN_195_A,"PHE_52_A,GLY_194_A,LEU_196_A"
LEU_196_A,"ASN_195_A,ALA_197_A"
ALA_197_A,"LEU_196_A,ASP_198_A"
ASP_198_A,"HIS_104_A,HIS_134_A,ALA_197_A,ALA_199_A"
ALA_199_A,"ASP_198_A,ASN_200_A"
ASN_200_A,"GLU_163_A,GLY_164_A,ALA_199_A,VAL_201_A"
VAL_201_A,"ASN_200_A,ASP_202_A"
ASP_202_A,"VAL_201_A,VAL_203_A"
VAL_203_A,"ASP_202_A,TRP_204_A,THR_207_A"
TRP_204_A,"HIS_165_A,LEU_185_A,VAL_203_A,PHE_241_A"
PRO_205_A,"ALA_206_A,ALA_209_A"
ALA_206_A,"PRO_205_A,THR_207_A,ASN_210_A"
THR_207_A,"GLU_163_A,LEU_185_A,VAL_203_A,ALA_206_A,VAL_208_A"
VAL_208_A,"ILE_186_A,THR_207_A,ALA_209_A,ARG_212_A,ILE_238_A"
ALA_209_A,"PRO_205_A,VAL_208_A,ASN_210_A,LYS_213_A"
ASN_210_A,"ALA_206_A,ALA_209_A,ILE_211_A,GLN_214_A"
ILE_211_A,"TYR_161_A,MET_180_A,LEU_185_A,ASN_210_A,ARG_212_A,TYR_215_A"
ARG_212_A,"VAL_208_A,ILE_211_A,LYS_213_A,ASP_235_A"
LYS_213_A,"ALA_209_A,ARG_212_A,GLN_214_A"
GLN_214_A,"ASN_210_A,LYS_213_A,TYR_215_A"
TYR_215_A,"TYR_161_A,TYR_173_A,MET_180_A,ILE_211_A,GLN_214_A,SER_216_A"
SER_216_A,"TYR_215_A,ASP_217_A"
ASP_217_A,"LYS_178_A,SER_216_A,VAL_218_A"
VAL_218_A,"TYR_173_A,MET_180_A,ASP_217_A,LYS_219_A"
LYS_219_A,"LYS_178_A,VAL_218_A,VAL_220_A"
VAL_220_A,"MET_180_A,LYS_219_A,VAL_221_A,ILE_228_A"
VAL_221_A,"ILE_186_A,VAL_220_A,ILE_222_A,GLY_229_A"
ILE_222_A,"LEU_36_A,LEU_60_A,MET_180_A,PHE_181_A,GLY_182_A,VAL_221_A"
PRO_223_A,"ASN_58_A,GLY_224_A"
GLY_224_A,"ASN_58_A,GLY_183_A,PRO_223_A,HIS_225_A"
HIS_225_A,"PRO_56_A,ASP_106_A,HIS_165_A,LYS_187_A,GLY_224_A,GLY_226_A"
GLY_226_A,"HIS_225_A,LYS_227_A"
LYS_227_A,"GLU_188_A,GLY_226_A,ILE_228_A"
ILE_228_A,"LEU_36_A,GLN_42_A,VAL_220_A,LYS_227_A,GLY_229_A"
GLY_229_A,"VAL_221_A,ILE_228_A,GLY_230_A"
GLY_230_A,"GLY_229_A,SER_231_A,GLU_232_A"
SER_231_A,"GLY_230_A,GLU_232_A,LEU_234_A"
GLU_232_A,"GLY_230_A,SER_231_A,LEU_233_A,TYR_236_A"
LEU_233_A,"GLU_232_A,LEU_234_A,THR_237_A"
LEU_234_A,"SER_231_A,LEU_233_A,ASP_235_A,ILE_238_A"
ASP_235_A,"ARG_212_A,LEU_234_A,TYR_236_A"
TYR_236_A,"ALA_191_A,GLU_232_A,ASP_235_A,THR_237_A,LEU_240_A"
THR_237_A,"LYS_187_A,LEU_233_A,TYR_236_A,ILE_238_A"
ILE_238_A,"VAL_208_A,LEU_234_A,THR_237_A,LYS_239_A,SER_242_A"
LYS_239_A,"ASP_190_A,ILE_238_A,LEU_240_A,GLN_243_A"
LEU_240_A,"TYR_236_A,LYS_239_A,PHE_241_A"
PHE_241_A,"LYS_193_A,TRP_204_A,LEU_240_A,SER_242_A"
SER_242_A,"ILE_238_A,PHE_241_A,GLN_243_A"
GLN_243_A,"LYS_239_A,SER_242_A"
