residue_id,aromatic,acceptor,donor,hydrophobic,positive,negative,aromatic_bond,disulfide_bridge,hydrogen_bond,hydrophobic_bond,repulsive_bond,salt_bridge,acc_all,acc_side,acc_main,acc_polar,acc_apolar,hse_up,hse_down
MET_1_A,0,2,1,3,0,0,0,0,1,0,0,0,114.7,99.5,178.4,181.4,99.4,0,6
LEU_2_A,0,1,1,4,0,0,0,0,3,0,0,0,25.9,28.3,16.9,14.6,28.8,14,2
GLY_3_A,0,1,1,0,0,0,0,0,2,0,0,0,66.0,105.7,39.2,44.0,91.0,1,10
LEU_4_A,0,1,1,4,0,0,0,0,2,0,0,0,24.5,13.9,64.5,66.2,13.9,18,4
LYS_5_A,0,1,2,3,1,0,0,0,2,0,0,0,92.9,93.0,92.4,90.7,94.5,1,17
THR_6_A,0,2,2,1,0,0,0,0,3,1,0,0,22.7,11.6,52.5,32.7,14.2,23,3
SER_7_A,0,2,2,0,0,0,0,0,3,0,0,0,62.6,73.6,40.1,78.1,40.9,8,13
ILE_8_A,0,1,1,4,0,0,0,0,3,0,0,0,18.7,23.7,0.0,0.0,23.5,16,14
ILE_9_A,0,1,1,4,0,0,0,0,4,1,0,0,1.0,1.3,0.0,0.0,1.2,21,15
GLY_10_A,0,1,1,0,0,0,0,0,3,0,0,0,8.1,0.0,13.5,15.2,0.0,17,19
ARG_11_A,0,1,4,2,4,0,0,0,2,0,0,4,68.3,67.2,74.4,82.6,38.9,11,14
ARG_12_A,0,1,4,2,4,0,0,0,3,0,0,8,58.6,69.5,0.0,59.0,57.6,9,17
VAL_13_A,0,1,1,3,0,0,0,0,2,0,0,0,27.6,9.2,84.2,86.6,9.3,15,16
ILE_14_A,0,1,1,4,0,0,0,0,4,4,0,0,33.4,42.4,0.0,0.0,42.1,15,13
TYR_15_A,6,2,2,6,0,0,0,0,3,0,0,0,58.7,57.1,67.0,49.7,63.8,7,18
PHE_16_A,6,1,1,7,0,0,0,0,4,5,0,0,22.1,26.8,0.0,0.0,26.6,16,6
GLN_17_A,0,2,2,2,0,0,0,0,2,0,0,0,76.9,92.3,18.6,79.5,70.5,0,19
GLU_18_A,0,3,1,2,0,2,0,0,2,1,0,2,52.2,53.0,49.6,63.1,32.0,3,20
ILE_19_A,0,1,1,4,0,0,0,0,3,2,0,0,9.1,10.7,3.2,0.0,11.5,19,8
THR_20_A,0,2,2,1,0,0,0,0,4,0,0,0,50.3,67.1,5.0,27.4,69.6,4,23
SER_21_A,0,2,2,0,0,0,0,0,4,0,0,0,2.2,3.3,0.0,3.5,0.5,16,20
THR_22_A,0,2,2,1,0,0,0,0,5,0,0,0,3.4,4.7,0.0,7.5,0.0,29,16
ASN_23_A,0,2,2,1,0,0,0,0,5,0,0,0,6.5,8.3,1.3,1.3,17.4,19,21
GLU_24_A,0,3,1,2,0,2,0,0,5,0,4,2,39.8,50.1,2.8,31.6,54.9,10,22
PHE_25_A,6,1,1,7,0,0,0,0,5,3,0,0,31.4,38.0,1.2,1.3,37.7,20,12
ALA_26_A,0,1,1,1,0,0,0,0,4,1,0,0,0.0,0.0,0.0,0.0,0.0,26,9
LYS_27_A,0,1,2,3,1,0,0,0,3,1,0,2,34.2,30.2,51.4,33.6,34.6,11,19
THR_28_A,0,2,2,1,0,0,0,0,4,0,0,0,79.7,90.9,49.6,63.4,93.4,5,13
SER_29_A,0,2,2,0,0,0,0,0,5,0,0,0,22.2,32.0,2.2,14.0,33.6,12,5
TYR_30_A,6,2,2,6,0,0,0,0,2,0,0,0,104.7,110.8,73.7,87.9,114.0,0,13
LEU_31_A,0,1,1,4,0,0,0,0,2,2,0,0,21.9,12.8,56.0,49.0,15.0,22,3
GLU_32_A,0,3,1,2,0,2,0,0,2,0,0,12,47.4,59.4,4.0,33.4,73.3,9,16
GLU_33_A,0,3,1,2,0,2,0,0,3,0,0,0,33.3,33.6,32.4,36.7,27.0,11,20
GLY_34_A,0,1,1,0,0,0,0,0,4,0,0,0,0.0,0.0,0.0,0.0,0.0,11,21
THR_35_A,0,2,2,1,0,0,0,0,2,0,0,0,1.8,2.4,0.1,2.5,1.2,16,21
VAL_36_A,0,1,1,3,0,0,0,0,4,0,0,0,0.0,0.0,0.0,0.0,0.0,21,20
ILE_37_A,0,1,1,4,0,0,0,0,4,4,0,0,0.0,0.0,0.0,0.0,0.0,26,20
VAL_38_A,0,1,1,3,0,0,0,0,4,0,0,0,10.9,14.4,0.0,0.0,14.2,15,27
ALA_39_A,0,1,1,1,0,0,0,0,2,1,0,0,2.6,0.0,7.2,4.0,1.8,18,18
ASP_40_A,0,3,1,1,0,2,0,0,4,0,1,0,32.1,43.8,0.2,34.7,27.3,4,29
LYS_41_A,0,1,2,3,1,0,0,0,2,0,0,4,33.7,41.4,0.0,42.5,27.3,7,23
GLN_42_A,0,2,2,2,0,0,0,0,4,0,0,0,13.3,8.1,32.8,18.7,0.2,21,12
THR_43_A,0,2,2,1,0,0,0,0,3,1,0,0,47.4,51.6,36.0,28.8,63.1,5,17
MET_44_A,0,2,1,3,0,0,0,0,3,0,0,0,64.8,77.4,12.3,10.5,77.3,7,16
GLY_45_A,0,1,1,0,0,0,0,0,3,0,0,0,2.0,0.4,3.1,3.5,0.4,20,16
HIS_46_A,5,3,3,1,2,0,0,0,4,0,0,6,18.2,12.7,41.0,18.9,17.7,10,19
GLY_47_A,0,1,1,0,0,0,0,0,4,0,0,0,21.2,47.7,3.3,3.7,41.0,11,18
ARG_48_A,0,1,4,2,4,0,0,0,5,0,0,5,24.3,26.2,14.3,15.9,41.6,10,12
LEU_49_A,0,1,1,4,0,0,0,0,2,0,0,0,83.7,84.6,80.2,76.6,85.5,4,11
ASN_50_A,0,2,2,1,0,0,0,0,3,0,0,0,84.9,98.6,46.1,91.7,70.4,1,13
ALA_51_A,0,1,1,1,0,0,0,0,4,0,0,0,50.6,78.6,0.0,0.0,76.5,6,6
LYS_52_A,0,1,2,3,1,0,0,0,2,0,0,2,63.7,60.2,79.2,55.8,69.5,3,15
TRP_53_A,9,1,2,7,0,0,1,0,4,0,0,0,19.0,22.2,1.5,1.0,24.7,26,8
GLU_54_A,0,3,1,2,0,2,0,0,2,0,0,2,47.7,56.3,16.7,48.3,46.5,11,20
SER_55_A,0,2,2,0,0,0,0,0,3,0,0,0,6.0,0.0,18.3,7.9,3.4,23,14
PRO_56_A,0,1,0,2,0,0,0,0,2,1,0,0,36.5,41.2,1.6,1.7,40.9,8,20
GLU_57_A,0,3,1,2,0,2,0,0,2,0,1,2,63.1,68.9,42.2,69.1,51.9,3,23
GLY_58_A,0,1,1,0,0,0,0,0,3,0,0,0,24.0,42.5,11.4,12.8,36.6,12,18
GLY_59_A,0,1,1,0,0,0,0,0,2,0,0,0,1.4,0.0,2.4,2.7,0.0,21,16
LEU_60_A,0,1,1,4,0,0,0,0,4,0,0,0,2.7,3.3,0.3,0.3,3.3,25,21
TRP_61_A,9,1,2,7,0,0,1,0,3,0,0,0,0.8,0.9,0.1,0.1,1.0,26,24
LEU_62_A,0,1,1,4,0,0,0,0,3,0,0,0,1.2,0.0,5.6,5.8,0.0,19,30
SER_63_A,0,2,2,0,0,0,0,0,6,0,0,0,0.1,0.1,0.0,0.2,0.0,21,28
ILE_64_A,0,1,1,4,0,0,0,0,4,2,0,0,0.0,0.0,0.0,0.0,0.0,21,28
VAL_65_A,0,1,1,3,0,0,0,0,3,1,0,0,2.7,3.5,0.0,0.0,3.5,21,23
LEU_66_A,0,1,1,4,0,0,0,0,4,1,0,0,0.3,0.2,0.3,0.3,0.2,24,18
SER_67_A,0,2,2,0,0,0,0,0,2,0,0,0,37.7,38.0,37.2,34.6,42.1,9,21
PRO_68_A,0,1,0,2,0,0,0,0,1,2,0,0,15.1,3.4,101.5,108.4,3.4,23,11
LYS_69_A,0,1,2,3,1,0,0,0,2,1,0,0,75.6,81.2,51.2,58.2,88.2,5,17
VAL_70_A,0,1,1,3,0,0,0,0,1,2,0,0,15.1,3.4,51.0,40.4,7.2,17,5
PRO_71_A,0,1,0,2,0,0,0,0,2,0,0,0,59.8,67.5,2.6,2.8,66.9,6,11
GLN_72_A,0,2,2,2,0,0,0,0,2,0,0,0,85.4,100.5,28.9,84.9,86.7,3,14
LYS_73_A,0,1,2,3,1,0,0,0,2,0,1,2,47.3,53.9,18.6,12.1,72.9,4,11
ASP_74_A,0,3,1,1,0,2,0,0,4,0,0,4,2.4,3.2,0.0,3.4,0.5,14,11
LEU_75_A,0,1,1,4,0,0,0,0,2,0,0,0,28.6,32.4,14.4,12.2,32.8,16,17
PRO_76_A,0,1,0,2,0,0,0,0,1,0,0,0,66.5,66.5,66.5,65.0,66.7,11,22
LYS_77_A,0,1,2,3,1,0,0,0,4,0,1,2,0.3,0.3,0.0,0.1,0.4,24,20
ILE_78_A,0,1,1,4,0,0,0,0,2,2,0,0,0.4,0.5,0.0,0.0,0.5,21,27
VAL_79_A,0,1,1,3,0,0,0,0,2,2,0,0,7.7,9.4,2.4,2.5,9.3,16,26
PHE_80_A,6,1,1,7,0,0,0,0,3,4,0,0,3.2,3.9,0.0,0.0,3.8,23,25
LEU_81_A,0,1,1,4,0,0,0,0,3,1,0,0,1.6,2.0,0.0,0.0,2.0,24,24
GLY_82_A,0,1,1,0,0,0,0,0,2,0,0,0,0.0,0.0,0.0,0.0,0.0,23,23
ALA_83_A,0,1,1,1,0,0,0,0,2,0,0,0,0.0,0.0,0.0,0.0,0.0,25,21
VAL_84_A,0,1,1,3,0,0,0,0,4,2,0,0,0.2,0.3,0.0,0.0,0.3,20,26
GLY_85_A,0,1,1,0,0,0,0,0,3,0,0,0,0.0,0.0,0.0,0.0,0.0,26,19
VAL_86_A,0,1,1,3,0,0,0,0,3,1,0,0,0.0,0.0,0.0,0.0,0.0,24,25
VAL_87_A,0,1,1,3,0,0,0,0,3,1,0,0,0.0,0.0,0.0,0.0,0.0,19,23
GLU_88_A,0,3,1,2,0,2,0,0,4,0,1,6,22.3,27.4,4.2,16.2,33.7,16,17
THR_89_A,0,2,2,1,0,0,0,0,2,0,0,0,0.0,0.0,0.0,0.0,0.0,20,11
LEU_90_A,0,1,1,4,0,0,0,0,5,2,0,0,0.0,0.0,0.0,0.0,0.0,24,13
LYS_91_A,0,1,2,3,1,0,0,0,4,0,0,0,61.5,66.1,41.4,70.5,54.9,9,14
GLU_92_A,0,3,1,2,0,2,0,0,4,0,1,1,61.2,56.6,77.5,49.5,82.8,13,8
PHE_93_A,6,1,1,7,0,0,0,0,3,5,0,0,23.7,25.6,14.8,10.2,26.5,20,5
SER_94_A,0,2,2,0,0,0,0,0,3,0,0,0,83.8,94.2,62.7,80.1,89.0,2,14
ILE_95_A,0,1,1,4,0,0,0,0,3,4,0,0,3.8,3.6,4.4,0.4,4.7,23,4
ASP_96_A,0,3,1,1,0,2,0,0,2,0,0,6,68.4,88.4,13.9,62.3,79.8,5,23
GLY_97_A,0,1,1,0,0,0,0,0,2,0,0,0,2.5,0.0,4.1,4.6,0.0,24,14
ARG_98_A,0,1,4,2,4,0,0,0,4,1,0,6,36.3,43.0,0.0,41.1,26.2,10,26
ILE_99_A,0,1,1,4,0,0,0,0,4,1,0,0,0.1,0.1,0.0,0.0,0.1,22,19
LYS_100_A,0,1,2,3,1,0,0,0,4,3,0,2,16.4,20.2,0.0,17.9,15.3,17,22
TRP_101_A,9,1,2,7,0,0,0,0,2,4,0,0,3.1,2.2,8.2,5.4,2.4,26,17
PRO_102_A,0,1,0,2,0,0,0,0,1,7,0,0,3.3,3.8,0.0,0.0,3.8,23,24
ASN_103_A,0,2,2,1,0,0,0,0,3,1,0,0,14.0,19.0,0.0,20.5,0.4,18,26
ASP_104_A,0,3,1,1,0,2,0,0,4,1,0,3,6.7,9.2,0.0,10.3,0.2,15,26
VAL_105_A,0,1,1,3,0,0,0,0,3,1,0,0,0.0,0.0,0.0,0.0,0.0,28,16
LEU_106_A,0,1,1,4,0,0,0,0,4,0,0,0,3.9,4.7,0.9,0.0,4.9,11,26
VAL_107_A,0,1,1,3,0,0,0,0,3,2,0,0,3.7,4.9,0.0,0.0,4.8,19,14
ASN_108_A,0,2,2,1,0,0,0,0,2,0,0,0,79.0,89.6,49.2,88.2,59.7,7,13
TYR_109_A,6,2,2,6,0,0,0,0,2,3,0,0,55.7,53.5,66.4,42.2,63.2,3,22
LYS_110_A,0,1,2,3,1,0,0,0,3,0,0,2,40.7,50.0,0.0,42.8,39.1,15,12
LYS_111_A,0,1,2,3,1,0,0,0,4,0,0,1,30.3,36.8,1.8,34.2,27.5,13,20
ILE_112_A,0,1,1,4,0,0,0,0,4,1,0,0,0.0,0.0,0.0,0.0,0.0,22,22
ALA_113_A,0,1,1,1,0,0,0,0,2,1,0,0,0.0,0.0,0.0,0.0,0.0,26,20
GLY_114_A,0,1,1,0,0,0,0,0,4,0,0,0,11.4,7.9,13.7,6.1,17.3,17,31
VAL_115_A,0,1,1,3,0,0,0,0,3,2,0,0,2.9,0.0,11.7,10.1,0.6,23,21
LEU_116_A,0,1,1,4,0,0,0,0,4,0,0,0,15.3,19.1,0.9,0.9,19.0,21,21
VAL_117_A,0,1,1,3,0,0,0,0,2,2,0,0,31.5,19.8,67.6,69.8,19.6,17,23
GLU_118_A,0,3,1,2,0,2,0,0,5,0,4,6,23.2,29.6,0.3,21.3,26.8,18,17
GLY_119_A,0,1,1,0,0,0,0,0,2,0,0,0,50.8,25.1,68.1,65.0,34.7,12,14
LYS_120_A,0,1,2,3,1,0,0,0,2,0,0,0,83.8,93.8,40.4,69.5,94.2,6,10
GLY_121_A,0,1,1,0,0,0,0,0,2,0,0,0,89.3,116.9,70.7,69.5,111.9,1,12
ASP_122_A,0,3,1,1,0,2,0,0,3,0,0,0,90.1,112.7,28.3,90.3,89.5,4,17
LYS_123_A,0,1,2,3,1,0,0,0,4,0,0,0,23.5,27.9,4.5,6.0,36.1,15,12
ILE_124_A,0,1,1,4,0,0,0,0,4,2,0,0,8.8,11.2,0.0,0.0,11.1,14,20
VAL_125_A,0,1,1,3,0,0,0,0,4,2,0,0,0.7,0.9,0.0,0.0,0.9,18,23
LEU_126_A,0,1,1,4,0,0,0,0,4,2,0,0,0.6,0.8,0.0,0.0,0.8,23,25
GLY_127_A,0,1,1,0,0,0,0,0,4,0,0,0,7.9,10.7,6.1,0.0,16.9,20,28
ILE_128_A,0,1,1,4,0,0,0,0,3,2,0,0,3.2,0.4,13.5,6.6,2.3,26,23
GLY_129_A,0,1,1,0,0,0,0,0,4,0,0,0,9.4,14.5,6.0,6.7,12.5,26,25
LEU_130_A,0,1,1,4,0,0,0,0,4,2,0,0,0.0,0.0,0.0,0.0,0.0,23,28
ASN_131_A,0,2,2,1,0,0,0,0,4,1,0,0,4.4,6.0,0.0,6.5,0.0,21,23
VAL_132_A,0,1,1,3,0,0,0,0,4,1,0,0,0.0,0.0,0.0,0.0,0.0,20,21
ASN_133_A,0,2,2,1,0,0,0,0,5,0,0,0,24.9,20.3,37.9,26.0,22.6,10,19
ASN_134_A,0,2,2,1,0,0,0,0,4,1,0,0,6.3,4.1,12.5,4.7,9.7,19,11
LYS_135_A,0,1,2,3,1,0,0,0,2,0,0,0,91.4,108.4,17.5,64.9,110.5,2,21
VAL_136_A,0,1,1,3,0,0,0,0,1,1,0,0,25.3,8.4,77.1,69.0,11.6,18,9
PRO_137_A,0,1,0,2,0,0,0,0,1,0,0,0,50.4,56.3,6.6,3.8,56.3,7,11
ASN_138_A,0,2,2,1,0,0,0,0,2,0,0,0,114.1,124.2,85.8,122.9,95.5,0,12
GLY_139_A,0,1,1,0,0,0,0,0,3,0,0,0,62.9,109.3,31.5,27.9,102.5,1,14
ALA_140_A,0,1,1,1,0,0,0,0,2,0,0,0,16.3,10.6,26.7,28.1,10.3,17,11
THR_141_A,0,2,2,1,0,0,0,0,4,1,0,0,1.9,2.6,0.0,2.2,1.5,15,16
SER_142_A,0,2,2,0,0,0,0,0,3,0,0,0,0.5,0.7,0.0,0.9,0.0,18,22
MET_143_A,0,2,1,3,0,0,0,0,3,6,0,0,0.0,0.0,0.0,0.0,0.0,21,21
LYS_144_A,0,1,2,3,1,0,0,0,4,0,0,1,42.2,51.1,3.7,47.9,38.2,13,14
LEU_145_A,0,1,1,4,0,0,0,0,2,0,0,0,64.1,65.1,60.2,61.2,64.8,13,10
GLU_146_A,0,3,1,2,0,2,0,0,3,1,0,2,30.3,16.5,80.0,39.9,12.5,20,7
LEU_147_A,0,1,1,4,0,0,0,0,3,2,0,0,39.4,29.6,76.1,74.0,30.5,13,6
GLY_148_A,0,1,1,0,0,0,0,0,3,0,0,0,85.6,97.4,77.5,76.5,95.8,0,13
SER_149_A,0,2,2,0,0,0,0,0,2,0,0,0,53.9,80.4,0.0,26.3,92.5,3,11
GLU_150_A,0,3,1,2,0,2,0,0,2,0,0,1,74.0,81.2,48.2,81.5,60.1,8,14
VAL_151_A,0,1,1,3,0,0,0,0,4,4,0,0,4.6,5.3,2.2,1.2,5.6,23,4
PRO_152_A,0,1,0,2,0,0,0,0,2,0,0,0,64.0,72.6,0.8,0.9,71.9,5,14
LEU_153_A,0,1,1,4,0,0,0,0,4,1,0,0,28.7,32.5,14.6,15.1,32.2,14,13
LEU_154_A,0,1,1,4,0,0,0,0,3,0,0,0,49.6,60.0,10.5,10.9,59.5,3,20
SER_155_A,0,2,2,0,0,0,0,0,3,0,0,0,40.4,56.0,8.6,44.1,35.2,7,13
VAL_156_A,0,1,1,3,0,0,0,0,3,2,0,0,0.0,0.0,0.0,0.0,0.0,19,14
PHE_157_A,6,1,1,7,0,0,0,0,4,1,0,0,5.9,7.2,0.0,0.0,7.2,19,20
ARG_158_A,0,1,4,2,4,0,0,0,4,0,0,0,38.1,44.1,5.7,27.3,60.4,9,18
SER_159_A,0,2,2,0,0,0,0,0,4,0,0,0,13.1,18.4,2.3,1.3,29.6,15,13
LEU_160_A,0,1,1,4,0,0,0,0,4,1,0,0,0.0,0.0,0.0,0.0,0.0,20,21
ILE_161_A,0,1,1,4,0,0,0,0,4,1,0,0,0.7,0.9,0.0,0.0,0.9,25,17
THR_162_A,0,2,2,1,0,0,0,0,2,0,0,0,53.3,71.1,5.0,39.7,64.7,11,19
ASN_163_A,0,2,2,1,0,0,0,0,6,0,0,0,3.2,4.4,0.0,4.6,0.3,17,15
LEU_164_A,0,1,1,4,0,0,0,0,4,3,0,0,1.0,0.6,2.6,2.7,0.6,23,17
ASP_165_A,0,3,1,1,0,2,0,0,7,1,0,0,8.0,10.9,0.0,11.2,2.0,17,16
ARG_166_A,0,1,4,2,4,0,0,0,4,0,0,7,51.1,59.8,4.1,27.8,99.2,9,19
LEU_167_A,0,1,1,4,0,0,0,0,4,1,0,0,7.3,7.8,5.7,5.9,7.7,20,16
TYR_168_A,6,2,2,6,0,0,0,0,4,1,0,0,0.5,0.7,0.0,0.5,0.6,23,19
LEU_169_A,0,1,1,4,0,0,0,0,3,0,0,0,29.9,37.4,1.6,1.7,37.1,8,19
ASN_170_A,0,2,2,1,0,0,0,0,3,0,0,0,28.7,38.5,1.2,26.1,34.3,10,14
PHE_171_A,6,1,1,7,0,0,0,0,3,1,0,0,1.1,1.3,0.5,0.5,1.3,23,9
LEU_172_A,0,1,1,4,0,0,0,0,2,1,0,0,10.9,4.6,34.9,35.8,4.6,9,16
LYS_173_A,0,1,2,3,1,0,0,0,2,0,0,0,68.9,71.1,59.1,73.7,65.4,6,11
ASN_174_A,0,2,2,1,0,0,0,0,2,0,0,0,45.0,61.0,0.1,52.4,29.4,8,12
PRO_175_A,0,1,0,2,0,0,0,0,1,0,0,0,18.8,21.4,0.0,0.0,21.2,14,16
MET_176_A,0,2,1,3,0,0,0,0,2,1,0,0,41.6,50.7,4.0,4.0,50.3,3,27
ASP_177_A,0,3,1,1,0,2,0,0,2,0,0,0,37.0,49.5,2.8,41.8,28.1,11,16
ILE_178_A,0,1,1,4,0,0,0,0,3,3,0,0,3.1,2.9,3.9,4.0,2.9,25,12
LEU_179_A,0,1,1,4,0,0,0,0,3,1,0,0,1.5,1.9,0.0,0.0,1.8,14,20
ASN_180_A,0,2,2,1,0,0,0,0,2,0,0,0,54.3,73.6,0.0,56.2,50.5,5,18
LEU_181_A,0,1,1,4,0,0,0,0,3,1,0,0,33.7,42.7,0.0,0.0,42.3,17,11
VAL_182_A,0,1,1,3,0,0,0,0,4,3,0,0,0.1,0.2,0.0,0.0,0.2,24,18
ARG_183_A,0,1,4,2,4,0,0,0,3,2,0,8,28.4,28.6,27.7,21.8,42.2,13,18
ASP_184_A,0,3,1,1,0,2,0,0,2,0,0,0,78.7,82.3,68.7,80.6,75.2,8,11
ASN_185_A,0,2,2,1,0,0,0,0,4,0,0,0,21.2,28.8,0.0,30.7,1.1,23,9
MET_186_A,0,2,1,3,0,0,0,0,3,3,0,0,2.5,0.2,12.5,12.9,0.2,21,13
ILE_187_A,0,1,1,4,0,0,0,0,3,2,0,0,8.8,7.5,13.7,14.1,7.4,21,12
LEU_188_A,0,1,1,4,0,0,0,0,2,2,0,0,27.2,19.5,56.3,53.1,20.6,13,13
GLY_189_A,0,1,1,0,0,0,0,0,3,0,0,0,69.4,86.9,57.5,63.3,76.3,3,15
VAL_190_A,0,1,1,3,0,0,0,0,3,2,0,0,32.2,42.7,0.0,0.0,42.3,10,12
ARG_191_A,0,1,4,2,4,0,0,0,4,1,0,12,33.5,36.1,19.6,25.5,50.1,6,17
VAL_192_A,0,1,1,3,0,0,0,0,3,3,0,0,0.0,0.0,0.1,0.1,0.0,19,10
LYS_193_A,0,1,2,3,1,0,0,0,4,1,0,2,29.6,36.4,0.0,52.9,12.8,6,20
ILE_194_A,0,1,1,4,0,0,0,0,3,3,0,0,3.0,3.5,0.9,1.0,3.5,23,10
LEU_195_A,0,1,1,4,0,0,0,0,4,2,0,0,28.5,34.5,6.0,2.8,35.0,4,15
GLY_196_A,0,1,1,0,0,0,0,0,3,0,0,0,49.9,40.1,56.5,52.1,47.3,11,6
ASP_197_A,0,3,1,1,0,2,0,0,2,0,0,0,118.9,121.8,111.2,129.2,99.9,2,9
GLY_198_A,0,1,1,0,0,0,0,0,3,0,0,0,67.7,120.8,31.7,29.9,110.5,3,8
SER_199_A,0,2,2,0,0,0,0,0,2,0,0,0,59.5,44.0,91.0,95.0,9.8,8,10
PHE_200_A,6,1,1,7,0,0,0,0,3,5,0,0,24.4,29.6,0.1,0.1,29.4,14,14
GLU_201_A,0,3,1,2,0,2,0,0,2,0,0,8,32.4,34.3,25.6,32.8,31.7,8,21
GLY_202_A,0,1,1,0,0,0,0,0,3,0,0,0,0.0,0.0,0.0,0.0,0.0,19,12
ILE_203_A,0,1,1,4,0,0,0,0,4,0,0,0,29.8,37.8,0.0,0.0,37.5,10,21
ALA_204_A,0,1,1,1,0,0,0,0,4,0,0,0,1.3,2.0,0.0,0.0,1.9,21,15
GLU_205_A,0,3,1,2,0,2,0,0,3,0,0,1,44.0,45.1,40.2,44.4,43.4,12,14
ASP_206_A,0,3,1,1,0,2,0,0,4,0,0,8,32.4,44.3,0.0,25.0,46.2,7,27
ILE_207_A,0,1,1,4,0,0,0,0,3,3,0,0,0.1,0.0,0.4,0.4,0.0,23,14
ASP_208_A,0,3,1,1,0,2,0,0,7,0,3,7,17.3,23.7,0.0,0.9,47.8,9,13
ASP_209_A,0,3,1,1,0,2,0,0,2,0,3,1,51.1,67.0,7.7,45.3,61.7,0,22
PHE_210_A,6,1,1,7,0,0,0,0,3,0,0,0,48.9,52.3,33.2,34.3,51.9,9,19
GLY_211_A,0,1,1,0,0,0,0,0,4,0,0,0,6.4,1.0,10.0,4.4,8.7,21,13
ARG_212_A,0,1,4,2,4,0,0,0,5,0,4,7,28.6,33.9,0.0,35.0,15.4,10,17
LEU_213_A,0,1,1,4,0,0,0,0,3,4,0,0,0.5,0.7,0.0,0.0,0.7,23,15
ILE_214_A,0,1,1,4,0,0,0,0,4,2,0,0,16.1,20.5,0.0,0.0,20.3,12,21
ILE_215_A,0,1,1,4,0,0,0,0,4,3,0,0,0.0,0.0,0.0,0.0,0.0,16,16
ARG_216_A,0,1,4,2,4,0,0,0,4,0,0,2,46.4,54.6,2.0,51.0,36.7,10,17
LEU_217_A,0,1,1,4,0,0,0,0,4,0,0,0,12.9,16.3,0.0,0.0,16.2,9,13
ASP_218_A,0,3,1,1,0,2,0,0,4,0,0,7,70.8,75.2,58.9,61.3,88.4,4,11
SER_219_A,0,2,2,0,0,0,0,0,2,0,0,0,85.3,83.0,89.9,53.7,129.6,5,7
GLY_220_A,0,1,1,0,0,0,0,0,3,0,0,0,38.8,33.8,42.2,36.7,41.3,0,13
GLU_221_A,0,3,1,2,0,2,0,0,4,0,0,1,47.1,59.0,4.2,37.1,65.7,7,7
VAL_222_A,0,1,1,3,0,0,0,0,2,1,0,0,56.3,52.5,67.7,70.0,52.0,6,14
LYS_223_A,0,1,2,3,1,0,0,0,5,2,0,1,35.3,43.4,0.0,15.2,49.8,14,12
LYS_224_A,0,1,2,3,1,0,0,0,2,1,4,1,57.1,53.7,71.8,79.4,40.9,6,19
VAL_225_A,0,1,1,3,0,0,0,0,3,2,0,0,6.3,8.4,0.0,0.0,8.3,26,8
ILE_226_A,0,1,1,4,0,0,0,0,2,0,0,0,67.3,79.3,22.8,23.6,78.6,2,23
TYR_227_A,6,2,2,6,0,0,0,0,2,4,0,0,33.3,26.2,68.8,33.9,32.9,17,11
GLY_228_A,0,1,1,0,0,0,0,0,3,0,0,0,62.0,106.3,32.1,27.1,101.6,7,15
ASP_229_A,0,3,1,1,0,2,0,0,2,0,0,5,61.4,71.7,33.3,58.5,66.6,4,13
VAL_230_A,0,1,1,3,0,0,0,0,2,1,0,0,19.1,23.2,6.6,6.4,23.1,16,8
SER_231_A,0,2,2,0,0,0,0,0,4,0,0,0,39.5,57.8,2.4,17.2,70.8,5,22
LEU_232_A,0,1,1,4,0,0,0,0,3,1,0,0,5.1,2.4,15.4,15.9,2.4,20,12
ARG_233_A,0,1,4,2,4,0,0,0,4,1,0,0,59.0,70.0,0.0,66.1,44.2,8,16
PHE_234_A,6,1,1,7,0,0,0,0,2,10,0,0,23.9,12.2,77.9,80.1,12.2,9,13
LEU_235_A,0,1,1,4,0,0,0,0,1,1,0,0,71.4,33.7,213.4,193.5,40.3,10,4
