residue_id,neighbors
ILE_252_A,ILE_253_A
ILE_253_A,"ILE_252_A,THR_254_A,VAL_255_A,VAL_338_A"
THR_254_A,"ILE_253_A,VAL_255_A"
VAL_255_A,"ILE_253_A,THR_254_A,THR_256_A,ILE_298_A,LEU_336_A"
THR_256_A,"VAL_255_A,LEU_257_A"
LEU_257_A,"THR_256_A,ASN_258_A,LEU_265_A,ILE_334_A"
ASN_258_A,"LEU_257_A,GLU_260_A,LYS_261_A"
GLU_260_A,"ASN_258_A,LYS_261_A"
LYS_261_A,"ASN_258_A,GLU_260_A,TYR_262_A"
TYR_262_A,"LYS_261_A,ASN_263_A,ALA_291_A"
ASN_263_A,"TYR_262_A,PHE_264_A"
PHE_264_A,"ASN_263_A,LEU_265_A"
LEU_265_A,"LEU_257_A,PHE_264_A,GLY_266_A,ILE_267_A"
GLY_266_A,"LEU_265_A,ILE_267_A"
ILE_267_A,"LEU_265_A,GLY_266_A,SER_268_A,ILE_269_A,VAL_292_A"
SER_268_A,"ILE_267_A,ILE_269_A,GLY_284_A,SER_285_A"
ILE_269_A,"ILE_267_A,SER_268_A,VAL_270_A,LEU_324_A"
VAL_270_A,"ILE_269_A,GLY_271_A,TYR_282_A"
GLY_271_A,"VAL_270_A,GLN_272_A"
GLN_272_A,"GLY_271_A,SER_273_A,TYR_282_A,ASN_317_A"
SER_273_A,"GLN_272_A,ASN_274_A"
ASN_274_A,"SER_273_A,GLU_275_A,ARG_276_A,GLY_277_A"
GLU_275_A,"ASN_274_A,ARG_276_A"
ARG_276_A,"ASN_274_A,GLU_275_A,GLY_277_A,ASP_278_A"
GLY_277_A,"ASN_274_A,ARG_276_A,ASP_278_A"
ASP_278_A,"ARG_276_A,GLY_277_A,GLY_279_A"
GLY_279_A,"ASP_278_A,GLY_280_A"
GLY_280_A,"GLY_279_A,ILE_281_A"
ILE_281_A,"GLY_280_A,TYR_282_A,LEU_304_A"
TYR_282_A,"VAL_270_A,GLN_272_A,ILE_281_A,ILE_283_A"
ILE_283_A,"TYR_282_A,GLY_284_A,ILE_286_A,GLY_301_A,ASP_302_A"
GLY_284_A,"SER_268_A,ILE_283_A,SER_285_A"
SER_285_A,"SER_268_A,GLY_284_A,ILE_286_A"
ILE_286_A,"ILE_283_A,SER_285_A"
LYS_288_A,GLY_289_A
GLY_289_A,"LYS_288_A,GLY_290_A"
GLY_290_A,"GLY_289_A,ALA_291_A"
ALA_291_A,"TYR_262_A,GLY_290_A,VAL_292_A"
VAL_292_A,"ILE_267_A,ALA_291_A,ALA_293_A,ILE_298_A"
ALA_293_A,"VAL_292_A,ALA_294_A"
ALA_294_A,"ALA_293_A,ASP_295_A"
ASP_295_A,"ALA_294_A,GLY_296_A,ARG_297_A"
GLY_296_A,"ASP_295_A,ARG_297_A"
ARG_297_A,"ASP_295_A,GLY_296_A,ILE_298_A,LYS_340_A"
ILE_298_A,"VAL_255_A,VAL_292_A,ARG_297_A,GLU_299_A"
GLU_299_A,"ILE_298_A,ASP_302_A,LYS_340_A"
PRO_300_A,GLY_301_A
GLY_301_A,"ILE_283_A,PRO_300_A,ASP_302_A"
ASP_302_A,"ILE_283_A,GLU_299_A,GLY_301_A,LYS_340_A,LEU_341_A"
LEU_304_A,"ILE_281_A,LEU_305_A,LEU_324_A"
LEU_305_A,"LEU_304_A,GLN_306_A,PHE_312_A,THR_337_A"
GLN_306_A,"LEU_305_A,VAL_307_A,THR_337_A"
VAL_307_A,"GLN_306_A,ASN_308_A,ILE_310_A,PHE_312_A,LEU_336_A"
ASN_308_A,"VAL_307_A,ASP_309_A,VAL_335_A"
ASP_309_A,"ASN_308_A,ILE_310_A"
ILE_310_A,"VAL_307_A,ASP_309_A,ASN_311_A"
ASN_311_A,"ILE_310_A,PHE_312_A"
PHE_312_A,"LEU_305_A,VAL_307_A,ASN_311_A,GLU_313_A,ALA_320_A,VAL_323_A"
GLU_313_A,"PHE_312_A,ASN_314_A"
ASN_314_A,GLU_313_A
SER_316_A,ASN_317_A
ASN_317_A,"GLN_272_A,SER_316_A,ASP_318_A"
ASP_318_A,"ASN_317_A,ASP_319_A,ARG_322_A"
ASP_319_A,"ASP_318_A,ALA_320_A,ARG_322_A"
ALA_320_A,"PHE_312_A,ASP_319_A,VAL_321_A,LEU_324_A"
VAL_321_A,"ALA_320_A,ARG_322_A,ARG_325_A"
ARG_322_A,"ASP_318_A,ASP_319_A,VAL_321_A,VAL_323_A"
VAL_323_A,"PHE_312_A,ARG_322_A,LEU_324_A"
LEU_324_A,"ILE_269_A,LEU_304_A,ALA_320_A,VAL_323_A,ARG_325_A,ASP_326_A,ILE_327_A"
ARG_325_A,"VAL_321_A,LEU_324_A,ASP_326_A,HIS_329_A"
ASP_326_A,"LEU_324_A,ARG_325_A,ILE_327_A"
ILE_327_A,"LEU_324_A,ASP_326_A,VAL_328_A"
VAL_328_A,"ILE_327_A,HIS_329_A"
HIS_329_A,"ARG_325_A,VAL_328_A,LYS_330_A"
LYS_330_A,HIS_329_A
PRO_331_A,GLY_332_A
GLY_332_A,PRO_331_A
PRO_333_A,ILE_334_A
ILE_334_A,"LEU_257_A,PRO_333_A,VAL_335_A"
VAL_335_A,"ASN_308_A,ILE_334_A,LEU_336_A"
LEU_336_A,"VAL_255_A,VAL_307_A,VAL_335_A,THR_337_A"
THR_337_A,"LEU_305_A,GLN_306_A,LEU_336_A,VAL_338_A"
VAL_338_A,"ILE_253_A,THR_337_A,ALA_339_A"
ALA_339_A,"VAL_338_A,LYS_340_A"
LYS_340_A,"ARG_297_A,GLU_299_A,ASP_302_A,ALA_339_A,LEU_341_A"
LEU_341_A,"ASP_302_A,LYS_340_A,GLU_342_A"
GLU_342_A,"LEU_341_A,HIS_343_A"
HIS_343_A,"GLU_342_A,HIS_344_A"
HIS_344_A,"HIS_343_A,HIS_345_A"
HIS_345_A,HIS_344_A
