residue_id,neighbors
PRO_35_A,ARG_36_A
ARG_36_A,"PRO_35_A,ARG_37_A"
ARG_37_A,"ARG_36_A,ASP_38_A,GLU_61_A"
ASP_38_A,"ARG_37_A,ASP_41_A"
PRO_39_A,"PHE_40_A,ALA_43_A"
PHE_40_A,"PRO_39_A,ASP_41_A,PHE_146_A"
ASP_41_A,"ASP_38_A,PHE_40_A,ALA_42_A"
ALA_42_A,"ASP_41_A,ALA_43_A,ARG_44_A"
ALA_43_A,"PRO_39_A,ALA_42_A,ARG_44_A"
ARG_44_A,"ALA_42_A,ALA_43_A,GLY_45_A,ALA_46_A"
GLY_45_A,"ARG_44_A,ALA_46_A"
ALA_46_A,"ARG_44_A,GLY_45_A,ASP_47_A,PHE_66_A"
ASP_47_A,"ALA_46_A,PHE_48_A,TYR_52_A"
PHE_48_A,"ASP_47_A,ASP_49_A,VAL_163_A"
ASP_49_A,"PHE_48_A,HIS_50_A,VAL_163_A,LYS_167_A"
HIS_50_A,"ASP_49_A,VAL_51_A"
VAL_51_A,"HIS_50_A,TYR_52_A"
TYR_52_A,"ASP_47_A,VAL_51_A,SER_53_A,LEU_161_A"
SER_53_A,"TYR_52_A,GLY_54_A"
GLY_54_A,"SER_53_A,VAL_55_A,TYR_159_A"
VAL_55_A,"GLY_54_A,VAL_56_A,GLN_158_A"
VAL_56_A,"VAL_55_A,ASN_57_A,ALA_157_A"
ASN_57_A,"VAL_56_A,LEU_58_A"
LEU_58_A,"ASN_57_A,SER_59_A"
SER_59_A,"LEU_58_A,THR_60_A"
THR_60_A,"SER_59_A,GLU_61_A"
GLU_61_A,"ARG_37_A,THR_60_A,ASN_62_A,ASP_148_A"
ASN_62_A,"GLU_61_A,ILE_63_A,VAL_149_A,TYR_159_A"
ILE_63_A,"ASN_62_A,TYR_64_A"
TYR_64_A,"ILE_63_A,SER_65_A,PHE_66_A,VAL_147_A,TYR_159_A"
SER_65_A,"TYR_64_A,PHE_66_A"
PHE_66_A,"ALA_46_A,TYR_64_A,SER_65_A,ASN_67_A,ILE_145_A,VAL_163_A"
ASN_67_A,"PHE_66_A,TYR_68_A,GLN_142_A"
TYR_68_A,"ASN_67_A,THR_69_A,GLN_143_A,ILE_145_A"
THR_69_A,"TYR_68_A,SER_70_A"
SER_70_A,"THR_69_A,GLN_71_A,LEU_141_A"
GLN_71_A,SER_70_A
PRO_72_A,"ASP_73_A,GLN_74_A"
ASP_73_A,"PRO_72_A,GLN_74_A"
GLN_74_A,"PRO_72_A,ASP_73_A,VAL_75_A"
VAL_75_A,"GLN_74_A,THR_76_A"
THR_76_A,"VAL_75_A,ALA_77_A"
ALA_77_A,"THR_76_A,VAL_78_A,LEU_166_A"
VAL_78_A,"ALA_77_A,ARG_79_A,LEU_129_A,VAL_163_A"
ARG_79_A,"VAL_78_A,VAL_80_A,TYR_81_A,SER_126_A,THR_128_A,THR_164_A,PRO_186_A"
VAL_80_A,"ARG_79_A,TYR_81_A,ARG_127_A"
TYR_81_A,"ARG_79_A,VAL_80_A,VAL_82_A,LEU_162_A"
VAL_82_A,"TYR_81_A,ASN_83_A,VAL_108_A,VAL_125_A"
ASN_83_A,"VAL_82_A,SER_84_A,LYS_160_A"
SER_84_A,"ASN_83_A,SER_85_A,ASN_88_A"
SER_85_A,"SER_84_A,SER_86_A,GLU_87_A"
SER_86_A,"SER_85_A,GLU_87_A,GLN_123_A"
GLU_87_A,"SER_85_A,SER_86_A,ASN_88_A,LEU_89_A"
ASN_88_A,"SER_84_A,GLU_87_A,LEU_89_A"
LEU_89_A,"GLU_87_A,ASN_88_A,ASN_90_A"
ASN_90_A,"LEU_89_A,TYR_91_A"
TYR_91_A,ASN_90_A
PRO_92_A,VAL_93_A
VAL_93_A,"PRO_92_A,LEU_94_A,VAL_108_A,VAL_149_A"
LEU_94_A,"VAL_93_A,VAL_95_A,ALA_150_A"
VAL_95_A,"LEU_94_A,VAL_96_A,TRP_106_A"
VAL_96_A,"VAL_95_A,VAL_97_A,ASP_148_A"
VAL_97_A,"VAL_96_A,ARG_98_A,LEU_104_A"
ARG_98_A,"VAL_97_A,GLN_99_A,PHE_146_A,ASP_148_A"
GLN_99_A,"ARG_98_A,GLN_100_A,GLU_102_A"
GLN_100_A,"GLN_99_A,LYS_101_A"
LYS_101_A,"GLN_100_A,GLU_102_A"
GLU_102_A,"GLN_99_A,LYS_101_A,VAL_103_A"
VAL_103_A,"GLU_102_A,LEU_104_A"
LEU_104_A,"VAL_97_A,VAL_103_A,SER_105_A,TRP_106_A"
SER_105_A,"LEU_104_A,TRP_106_A"
TRP_106_A,"VAL_95_A,LEU_104_A,SER_105_A,GLN_107_A,ARG_127_A"
GLN_107_A,"TRP_106_A,VAL_108_A"
VAL_108_A,"VAL_82_A,VAL_93_A,GLN_107_A"
PRO_109_A,LEU_110_A
LEU_110_A,"PRO_109_A,LEU_111_A,PHE_112_A,TYR_122_A"
LEU_111_A,"LEU_110_A,PHE_112_A,ASN_121_A"
PHE_112_A,"LEU_110_A,LEU_111_A,GLN_113_A,TYR_120_A,TYR_122_A,PRO_266_A"
GLN_113_A,"PHE_112_A,GLY_114_A"
GLY_114_A,"GLN_113_A,LEU_115_A,ARG_118_A"
LEU_115_A,"GLY_114_A,TYR_116_A"
TYR_116_A,"LEU_115_A,GLN_117_A"
GLN_117_A,"TYR_116_A,ARG_118_A"
ARG_118_A,"GLY_114_A,GLN_117_A,SER_119_A,TYR_120_A,GLU_267_A"
SER_119_A,"ARG_118_A,TYR_120_A"
TYR_120_A,"PHE_112_A,ARG_118_A,SER_119_A,ASN_121_A,GLU_267_A"
ASN_121_A,"LEU_111_A,TYR_120_A,TYR_122_A"
TYR_122_A,"LEU_110_A,PHE_112_A,ASN_121_A,GLN_123_A"
GLN_123_A,"SER_86_A,TYR_122_A,GLU_124_A"
GLU_124_A,"GLN_123_A,VAL_125_A,SER_184_A,LYS_290_A"
VAL_125_A,"VAL_82_A,GLU_124_A,SER_126_A"
SER_126_A,"ARG_79_A,VAL_125_A,ARG_127_A"
ARG_127_A,"VAL_80_A,TRP_106_A,SER_126_A,THR_128_A,ASP_226_A"
THR_128_A,"ARG_79_A,ARG_127_A,LEU_129_A"
LEU_129_A,"VAL_78_A,THR_128_A,CYS_130_A"
CYS_130_A,"LEU_129_A,CYS_222_A"
PRO_131_A,SER_132_A
SER_132_A,"PRO_131_A,GLU_133_A"
GLU_133_A,"SER_132_A,ALA_134_A,LYS_192_A"
ALA_134_A,"GLU_133_A,THR_135_A,LEU_141_A"
THR_135_A,"ALA_134_A,ASN_136_A,GLU_137_A,THR_138_A,GLY_139_A"
ASN_136_A,"THR_135_A,GLU_137_A"
GLU_137_A,"THR_135_A,ASN_136_A,THR_138_A"
THR_138_A,"THR_135_A,GLU_137_A,GLY_139_A"
GLY_139_A,"THR_135_A,THR_138_A"
PRO_140_A,LEU_141_A
LEU_141_A,"SER_70_A,ALA_134_A,PRO_140_A,GLN_142_A"
GLN_142_A,"ASN_67_A,LEU_141_A,GLN_143_A"
GLN_143_A,"TYR_68_A,GLN_142_A,LEU_144_A"
LEU_144_A,"GLN_143_A,ILE_145_A,PHE_146_A"
ILE_145_A,"PHE_66_A,TYR_68_A,LEU_144_A,PHE_146_A"
PHE_146_A,"PHE_40_A,ARG_98_A,LEU_144_A,ILE_145_A,VAL_147_A"
VAL_147_A,"TYR_64_A,PHE_146_A,ASP_148_A,LEU_161_A"
ASP_148_A,"GLU_61_A,VAL_96_A,ARG_98_A,VAL_147_A,VAL_149_A"
VAL_149_A,"ASN_62_A,VAL_93_A,ASP_148_A,ALA_150_A"
ALA_150_A,"LEU_94_A,VAL_149_A,SER_151_A"
SER_151_A,"ALA_150_A,MET_152_A,ALA_153_A"
MET_152_A,"SER_151_A,ALA_153_A"
ALA_153_A,"SER_151_A,MET_152_A"
PRO_154_A,LEU_155_A
LEU_155_A,"PRO_154_A,GLY_156_A"
GLY_156_A,"LEU_155_A,ALA_157_A"
ALA_157_A,"VAL_56_A,GLY_156_A,GLN_158_A"
GLN_158_A,"VAL_55_A,ALA_157_A,TYR_159_A"
TYR_159_A,"GLY_54_A,ASN_62_A,TYR_64_A,GLN_158_A,LYS_160_A"
LYS_160_A,"ASN_83_A,TYR_159_A,LEU_161_A"
LEU_161_A,"TYR_52_A,VAL_147_A,LYS_160_A,LEU_162_A"
LEU_162_A,"TYR_81_A,LEU_161_A,VAL_163_A,THR_164_A"
VAL_163_A,"PHE_48_A,ASP_49_A,PHE_66_A,VAL_78_A,LEU_162_A,THR_164_A"
THR_164_A,"ARG_79_A,LEU_162_A,VAL_163_A,LYS_165_A"
LYS_165_A,"THR_164_A,LEU_166_A"
LEU_166_A,"ALA_77_A,LYS_165_A,LYS_167_A"
LYS_167_A,"ASP_49_A,LEU_166_A,HIS_168_A"
HIS_168_A,"LYS_167_A,PHE_169_A"
PHE_169_A,"HIS_168_A,GLN_170_A"
GLN_170_A,"PHE_169_A,LEU_171_A"
LEU_171_A,"GLN_170_A,ARG_172_A,LEU_190_A"
ARG_172_A,"LEU_171_A,THR_173_A"
THR_173_A,"ARG_172_A,ASN_174_A"
ASN_174_A,"THR_173_A,VAL_175_A,ILE_297_A"
VAL_175_A,"ASN_174_A,ALA_176_A"
ALA_176_A,"VAL_175_A,PHE_177_A"
PHE_177_A,"ALA_176_A,HIS_178_A,PHE_189_A,VAL_295_A"
HIS_178_A,"PHE_177_A,PHE_179_A,GLU_294_A"
PHE_179_A,"HIS_178_A,THR_180_A,PHE_189_A,PHE_262_A,LEU_293_A,VAL_295_A"
THR_180_A,"PHE_179_A,ALA_181_A"
ALA_181_A,"THR_180_A,SER_182_A,ILE_264_A,LYS_291_A"
SER_182_A,ALA_181_A
PRO_183_A,SER_184_A
SER_184_A,"GLU_124_A,PRO_183_A,GLN_185_A"
GLN_185_A,SER_184_A
PRO_186_A,"ARG_79_A,GLN_187_A"
GLN_187_A,"PRO_186_A,TYR_188_A,PHE_262_A"
TYR_188_A,"GLN_187_A,PHE_189_A,VAL_261_A"
PHE_189_A,"PHE_177_A,PHE_179_A,TYR_188_A,LEU_190_A,VAL_260_A,PHE_262_A"
LEU_190_A,"LEU_171_A,PHE_189_A,TYR_191_A,ILE_220_A,PHE_259_A"
TYR_191_A,"LEU_190_A,LYS_192_A,PHE_258_A,ILE_297_A"
LYS_192_A,"GLU_133_A,TYR_191_A,PHE_193_A"
PHE_193_A,"LYS_192_A,VAL_200_A,GLU_256_A,PHE_258_A"
PRO_194_A,LYS_195_A
LYS_195_A,"PRO_194_A,ASP_196_A"
ASP_196_A,"LYS_195_A,VAL_197_A,LYS_302_A"
VAL_197_A,"ASP_196_A,ASP_198_A,VAL_200_A"
ASP_198_A,"VAL_197_A,SER_199_A,LYS_250_A"
SER_199_A,"ASP_198_A,VAL_200_A,LEU_248_A"
VAL_200_A,"PHE_193_A,VAL_197_A,SER_199_A,ILE_201_A,LEU_248_A"
ILE_201_A,"VAL_200_A,ILE_202_A,VAL_298_A"
ILE_202_A,"ILE_201_A,LYS_203_A,ILE_246_A,LEU_248_A,PHE_258_A"
LYS_203_A,"ILE_202_A,VAL_204_A,THR_296_A,GLU_786_A"
VAL_204_A,"LYS_203_A,VAL_205_A,ALA_244_A"
VAL_205_A,"VAL_204_A,SER_206_A,GLU_294_A"
SER_206_A,"VAL_205_A,GLU_207_A,LYS_242_A"
GLU_207_A,"SER_206_A,MET_208_A"
MET_208_A,"GLU_207_A,ALA_209_A"
ALA_209_A,"MET_208_A,TYR_210_A"
TYR_210_A,"ALA_209_A,GLY_272_A,ILE_277_A"
PRO_211_A,"CYS_212_A,ILE_264_A,ARG_289_A,LYS_291_A"
CYS_212_A,"PRO_211_A,SER_213_A,THR_241_A,CYS_271_A"
SER_213_A,"CYS_212_A,VAL_214_A,MET_240_A"
VAL_214_A,"SER_213_A,VAL_215_A,VAL_263_A"
VAL_215_A,"VAL_214_A,SER_216_A,GLN_238_A,PHE_262_A"
SER_216_A,"VAL_215_A,VAL_217_A,VAL_261_A"
VAL_217_A,"SER_216_A,GLN_218_A,VAL_236_A,PHE_258_A"
GLN_218_A,"VAL_217_A,ASN_219_A,PHE_259_A"
ASN_219_A,"GLN_218_A,ILE_220_A"
ILE_220_A,"LEU_190_A,ASN_219_A,MET_221_A,GLN_257_A,PHE_259_A"
MET_221_A,"ILE_220_A,CYS_222_A"
CYS_222_A,"CYS_130_A,MET_221_A"
PRO_223_A,VAL_224_A
VAL_224_A,"PRO_223_A,TYR_225_A,PHE_259_A"
TYR_225_A,"VAL_224_A,ASP_226_A,PHE_233_A"
ASP_226_A,"ARG_127_A,TYR_225_A,LEU_227_A,VAL_261_A"
LEU_227_A,"ASP_226_A,ASP_228_A"
ASP_228_A,"LEU_227_A,HIS_229_A,GLU_232_A"
HIS_229_A,"ASP_228_A,ASN_230_A"
ASN_230_A,"HIS_229_A,VAL_231_A"
VAL_231_A,"ASN_230_A,GLU_232_A"
GLU_232_A,"ASP_228_A,VAL_231_A,PHE_233_A,TYR_237_A,LYS_265_A"
PHE_233_A,"TYR_225_A,GLU_232_A,ASN_234_A"
ASN_234_A,"PHE_233_A,GLY_235_A"
GLY_235_A,"ASN_234_A,VAL_236_A"
VAL_236_A,"VAL_217_A,GLY_235_A,TYR_237_A"
TYR_237_A,"GLU_232_A,VAL_236_A,GLN_238_A"
GLN_238_A,"VAL_215_A,TYR_237_A,SER_239_A,ALA_245_A,GLN_476_A"
SER_239_A,"GLN_238_A,MET_240_A,ARG_781_A"
MET_240_A,"SER_213_A,SER_239_A,THR_241_A,ALA_244_A"
THR_241_A,"CYS_212_A,MET_240_A,LYS_242_A,LYS_291_A,ALA_778_A,GLU_782_A"
LYS_242_A,"SER_206_A,THR_241_A,LYS_243_A,GLU_782_A"
LYS_243_A,"LYS_242_A,ALA_244_A"
ALA_244_A,"VAL_204_A,MET_240_A,LYS_243_A,ALA_245_A"
ALA_245_A,"GLN_238_A,ALA_244_A,ILE_246_A"
ILE_246_A,"ILE_202_A,ALA_245_A,THR_247_A"
THR_247_A,"ILE_246_A,LEU_248_A"
LEU_248_A,"SER_199_A,VAL_200_A,ILE_202_A,THR_247_A,GLN_249_A"
GLN_249_A,"LEU_248_A,LYS_250_A"
LYS_250_A,"ASP_198_A,GLN_249_A,LYS_251_A,ASP_252_A,GLU_256_A"
LYS_251_A,"LYS_250_A,ASP_252_A"
ASP_252_A,"LYS_250_A,LYS_251_A,PHE_253_A"
PHE_253_A,ASP_252_A
PRO_254_A,GLY_255_A
GLY_255_A,"PRO_254_A,GLU_256_A"
GLU_256_A,"PHE_193_A,LYS_250_A,GLY_255_A,GLN_257_A"
GLN_257_A,"ILE_220_A,GLU_256_A,PHE_258_A"
PHE_258_A,"TYR_191_A,PHE_193_A,ILE_202_A,VAL_217_A,GLN_257_A,PHE_259_A,VAL_260_A"
PHE_259_A,"LEU_190_A,GLN_218_A,ILE_220_A,VAL_224_A,PHE_258_A,VAL_260_A"
VAL_260_A,"PHE_189_A,PHE_258_A,PHE_259_A,VAL_261_A"
VAL_261_A,"TYR_188_A,SER_216_A,ASP_226_A,VAL_260_A,PHE_262_A"
PHE_262_A,"PHE_179_A,GLN_187_A,PHE_189_A,VAL_215_A,VAL_261_A,VAL_263_A"
VAL_263_A,"VAL_214_A,PHE_262_A,ILE_264_A"
ILE_264_A,"ALA_181_A,PRO_211_A,VAL_263_A,LYS_265_A"
LYS_265_A,"GLU_232_A,ILE_264_A,ARG_289_A"
PRO_266_A,"PHE_112_A,GLU_267_A"
GLU_267_A,"ARG_118_A,TYR_120_A,PRO_266_A,ASP_268_A"
ASP_268_A,"GLU_267_A,TYR_269_A,GLY_273_A,ARG_289_A"
TYR_269_A,"ASP_268_A,ALA_270_A"
ALA_270_A,"TYR_269_A,CYS_271_A"
CYS_271_A,"CYS_212_A,ALA_270_A,GLY_272_A"
GLY_272_A,"TYR_210_A,CYS_271_A,GLY_273_A"
GLY_273_A,"ASP_268_A,GLY_272_A,SER_274_A"
SER_274_A,"GLY_273_A,PHE_275_A"
PHE_275_A,"SER_274_A,PHE_276_A"
PHE_276_A,"PHE_275_A,ILE_277_A,LEU_287_A"
ILE_277_A,"TYR_210_A,PHE_276_A,GLN_278_A"
GLN_278_A,"ILE_277_A,GLU_279_A,ASN_282_A"
GLU_279_A,"GLN_278_A,LYS_280_A,GLU_281_A"
LYS_280_A,"GLU_279_A,GLU_281_A"
GLU_281_A,"GLU_279_A,LYS_280_A,ASN_282_A"
ASN_282_A,"GLN_278_A,GLU_281_A,GLN_288_A"
ASN_286_A,LEU_287_A
LEU_287_A,"PHE_276_A,ASN_286_A,GLN_288_A"
GLN_288_A,"ASN_282_A,LEU_287_A,ARG_289_A"
ARG_289_A,"PRO_211_A,LYS_265_A,ASP_268_A,GLN_288_A,LYS_290_A"
LYS_290_A,"GLU_124_A,ARG_289_A,LYS_291_A"
LYS_291_A,"ALA_181_A,PRO_211_A,THR_241_A,LYS_290_A,ASN_292_A,LEU_293_A"
ASN_292_A,"LYS_291_A,LEU_293_A"
LEU_293_A,"PHE_179_A,LYS_291_A,ASN_292_A,GLU_294_A"
GLU_294_A,"HIS_178_A,VAL_205_A,LEU_293_A,VAL_295_A"
VAL_295_A,"PHE_177_A,PHE_179_A,GLU_294_A,THR_296_A"
THR_296_A,"LYS_203_A,VAL_295_A,ILE_297_A"
ILE_297_A,"ASN_174_A,TYR_191_A,THR_296_A,VAL_298_A"
VAL_298_A,"ILE_201_A,ILE_297_A"
PRO_299_A,SER_300_A
SER_300_A,"PRO_299_A,ILE_301_A"
ILE_301_A,"SER_300_A,LYS_302_A"
LYS_302_A,"ASP_196_A,ILE_301_A,GLU_303_A"
GLU_303_A,"LYS_302_A,SER_304_A,TYR_306_A,VAL_307_A"
SER_304_A,"GLU_303_A,VAL_305_A,LYS_308_A"
VAL_305_A,"SER_304_A,TYR_306_A,SER_309_A"
TYR_306_A,"GLU_303_A,VAL_305_A,VAL_307_A,SER_310_A,PRO_488_A,PHE_495_A"
VAL_307_A,"GLU_303_A,TYR_306_A,LYS_308_A,LEU_311_A"
LYS_308_A,"SER_304_A,VAL_307_A,SER_309_A,PHE_312_A"
SER_309_A,"VAL_305_A,LYS_308_A,SER_310_A,SER_313_A"
SER_310_A,"TYR_306_A,SER_309_A,LEU_311_A,VAL_314_A"
LEU_311_A,"VAL_307_A,SER_310_A,PHE_312_A,PHE_315_A"
PHE_312_A,"LYS_308_A,LEU_311_A,SER_313_A,ILE_316_A"
SER_313_A,"SER_309_A,PHE_312_A,VAL_314_A"
VAL_314_A,"SER_310_A,SER_313_A,PHE_315_A,LEU_318_A,LEU_502_A"
PHE_315_A,"LEU_311_A,VAL_314_A,ILE_316_A,SER_319_A"
ILE_316_A,"PHE_312_A,PHE_315_A,PHE_317_A"
PHE_317_A,"ILE_316_A,LEU_318_A,PHE_801_A"
LEU_318_A,"VAL_314_A,PHE_317_A,SER_319_A,LEU_322_A"
SER_319_A,"PHE_315_A,LEU_318_A,PHE_320_A,GLY_323_A"
PHE_320_A,"SER_319_A,TYR_321_A,CYS_324_A"
TYR_321_A,"PHE_320_A,LEU_322_A,LEU_325_A,LEU_506_A,LEU_510_A"
LEU_322_A,"LEU_318_A,TYR_321_A,GLY_323_A,LEU_326_A"
GLY_323_A,"SER_319_A,LEU_322_A,CYS_324_A,VAL_327_A"
CYS_324_A,"PHE_320_A,GLY_323_A,LEU_325_A,GLY_328_A"
LEU_325_A,"TYR_321_A,CYS_324_A,LEU_326_A,PHE_329_A"
LEU_326_A,"LEU_322_A,LEU_325_A,VAL_327_A,VAL_330_A"
VAL_327_A,"GLY_323_A,LEU_326_A,GLY_328_A,HIS_331_A"
GLY_328_A,"CYS_324_A,VAL_327_A,PHE_329_A,TYR_332_A"
PHE_329_A,"LEU_325_A,GLY_328_A,VAL_330_A,LEU_333_A"
VAL_330_A,"LEU_326_A,PHE_329_A,HIS_331_A,ARG_334_A"
HIS_331_A,"VAL_327_A,VAL_330_A,TYR_332_A,PHE_335_A"
TYR_332_A,"GLY_328_A,HIS_331_A,LEU_333_A"
LEU_333_A,"PHE_329_A,TYR_332_A,ARG_334_A"
ARG_334_A,"VAL_330_A,LEU_333_A,PHE_335_A,ARG_337_A,LYS_338_A"
PHE_335_A,"HIS_331_A,ARG_334_A,GLN_336_A"
GLN_336_A,"PHE_335_A,ARG_337_A"
ARG_337_A,"ARG_334_A,GLN_336_A,LYS_338_A"
LYS_338_A,"ARG_334_A,ARG_337_A"
LYS_440_A,TYR_441_A
TYR_441_A,"LYS_440_A,LYS_442_A,LYS_540_A"
LYS_442_A,"TYR_441_A,ILE_443_A,TRP_446_A"
ILE_443_A,"LYS_442_A,TYR_444_A,ASN_447_A"
TYR_444_A,"ILE_443_A,PHE_445_A,ILE_448_A,LYS_588_A"
PHE_445_A,"TYR_444_A,TRP_446_A,ILE_449_A,ILE_550_A"
TRP_446_A,"LYS_442_A,PHE_445_A,ASN_447_A,THR_450_A"
ASN_447_A,"ILE_443_A,TRP_446_A,ILE_448_A,ILE_451_A"
ILE_448_A,"TYR_444_A,ASN_447_A,ILE_449_A,ALA_452_A,ILE_550_A"
ILE_449_A,"PHE_445_A,ILE_448_A,THR_450_A,VAL_453_A"
THR_450_A,"TRP_446_A,ILE_449_A,ILE_451_A,PHE_454_A"
ILE_451_A,"ASN_447_A,THR_450_A,ALA_452_A,TYR_455_A"
ALA_452_A,"ILE_448_A,ILE_451_A,VAL_453_A,ALA_456_A,MET_554_A"
VAL_453_A,"ILE_449_A,ALA_452_A,PHE_454_A"
PHE_454_A,"THR_450_A,VAL_453_A,TYR_455_A"
TYR_455_A,"ILE_451_A,PHE_454_A,ALA_456_A,PHE_573_A"
ALA_456_A,"ALA_452_A,TYR_455_A,LEU_457_A,MET_554_A"
LEU_457_A,"ALA_456_A,ILE_460_A"
PRO_458_A,"VAL_459_A,LEU_462_A"
VAL_459_A,"PRO_458_A,ILE_460_A,VAL_463_A"
ILE_460_A,"LEU_457_A,VAL_459_A,GLN_461_A,ILE_464_A"
GLN_461_A,"ILE_460_A,LEU_462_A,THR_465_A"
LEU_462_A,"PRO_458_A,GLN_461_A,VAL_463_A,TYR_466_A"
VAL_463_A,"VAL_459_A,LEU_462_A,ILE_464_A,GLN_467_A"
ILE_464_A,"ILE_460_A,VAL_463_A,THR_465_A,THR_468_A"
THR_465_A,"GLN_461_A,ILE_464_A,TYR_466_A,VAL_469_A"
TYR_466_A,"LEU_462_A,THR_465_A,GLN_467_A,VAL_470_A"
GLN_467_A,"VAL_463_A,TYR_466_A,THR_468_A,ASN_471_A"
THR_468_A,"ILE_464_A,GLN_467_A,VAL_469_A,VAL_472_A"
VAL_469_A,"THR_465_A,THR_468_A,VAL_470_A,THR_473_A"
VAL_470_A,"TYR_466_A,VAL_469_A,ASN_471_A"
ASN_471_A,"GLN_467_A,VAL_470_A,VAL_472_A"
VAL_472_A,"THR_468_A,ASN_471_A,THR_473_A"
THR_473_A,"VAL_469_A,VAL_472_A,GLY_474_A,ASN_475_A"
GLY_474_A,"THR_473_A,ASN_475_A"
ASN_475_A,"THR_473_A,GLY_474_A,GLN_476_A"
GLN_476_A,"GLN_238_A,ASN_475_A,ASP_477_A"
ASP_477_A,"GLN_476_A,ILE_478_A,ARG_781_A"
ILE_478_A,"ASP_477_A,CYS_479_A"
CYS_479_A,"ILE_478_A,TYR_480_A,TYR_481_A,CYS_565_A"
TYR_480_A,"CYS_479_A,TYR_481_A,PRO_566_A"
TYR_481_A,"CYS_479_A,TYR_480_A,ASN_482_A,VAL_564_A"
ASN_482_A,"TYR_481_A,PHE_483_A,LEU_484_A,ARG_785_A"
PHE_483_A,"ASN_482_A,LEU_484_A,ASN_784_A"
LEU_484_A,"ASN_482_A,PHE_483_A,CYS_485_A"
CYS_485_A,"LEU_484_A,ALA_486_A,ASN_496_A,CYS_787_A"
ALA_486_A,"CYS_485_A,HIS_487_A"
HIS_487_A,"ALA_486_A,PHE_495_A"
PRO_488_A,"TYR_306_A,LEU_489_A"
LEU_489_A,"PRO_488_A,GLY_490_A,LEU_492_A,PHE_495_A"
GLY_490_A,"LEU_489_A,VAL_491_A"
VAL_491_A,"GLY_490_A,LEU_492_A"
LEU_492_A,"LEU_489_A,VAL_491_A,SER_493_A,ILE_498_A"
SER_493_A,"LEU_492_A,ALA_494_A"
ALA_494_A,"SER_493_A,PHE_495_A"
PHE_495_A,"TYR_306_A,HIS_487_A,LEU_489_A,ALA_494_A,ASN_496_A,LEU_499_A"
ASN_496_A,"CYS_485_A,PHE_495_A,ASN_497_A,SER_500_A,PHE_792_A"
ASN_497_A,"ASN_496_A,ILE_498_A"
ILE_498_A,"LEU_492_A,ASN_497_A,LEU_499_A,VAL_564_A"
LEU_499_A,"PHE_495_A,ILE_498_A,SER_500_A"
SER_500_A,"ASN_496_A,LEU_499_A,ASN_501_A,HIS_800_A"
ASN_501_A,"SER_500_A,LEU_502_A,SER_559_A"
LEU_502_A,"VAL_314_A,ASN_501_A,GLY_503_A,LEU_506_A"
GLY_503_A,"LEU_502_A,HIS_504_A,LEU_507_A"
HIS_504_A,"GLY_503_A,VAL_505_A,GLY_508_A,GLU_555_A,HIS_800_A"
VAL_505_A,"HIS_504_A,LEU_506_A,PHE_509_A"
LEU_506_A,"TYR_321_A,LEU_502_A,VAL_505_A,LEU_507_A,LEU_510_A"
LEU_507_A,"GLY_503_A,LEU_506_A,GLY_508_A,PHE_511_A,PHE_808_A"
GLY_508_A,"HIS_504_A,LEU_507_A,PHE_509_A,LEU_512_A"
PHE_509_A,"VAL_505_A,GLY_508_A,LEU_510_A,LEU_513_A"
LEU_510_A,"TYR_321_A,LEU_506_A,PHE_509_A,PHE_511_A,ILE_514_A,PHE_808_A"
PHE_511_A,"LEU_507_A,LEU_510_A,LEU_512_A,VAL_515_A,PHE_811_A"
LEU_512_A,"GLY_508_A,PHE_511_A,LEU_513_A,LEU_516_A,TYR_546_A"
LEU_513_A,"PHE_509_A,LEU_512_A,ILE_514_A,ARG_517_A"
ILE_514_A,"LEU_510_A,LEU_513_A,VAL_515_A,ARG_518_A"
VAL_515_A,"PHE_511_A,ILE_514_A,LEU_516_A,ASP_519_A,PHE_545_A,TYR_546_A"
LEU_516_A,"LEU_512_A,VAL_515_A,ARG_517_A,ILE_520_A"
ARG_517_A,"LEU_513_A,LEU_516_A,ARG_518_A,LEU_521_A"
ARG_518_A,"ILE_514_A,ARG_517_A,ASP_519_A,HIS_522_A,ASP_819_A"
ASP_519_A,"VAL_515_A,ARG_518_A,ILE_520_A,HIS_522_A,ARG_523_A,PHE_542_A"
ILE_520_A,"LEU_516_A,ASP_519_A,LEU_521_A,ARG_524_A"
LEU_521_A,"ARG_517_A,ILE_520_A,HIS_522_A,ALA_525_A"
HIS_522_A,"ARG_518_A,ASP_519_A,LEU_521_A,ARG_523_A,LEU_526_A"
ARG_523_A,"ASP_519_A,HIS_522_A,ARG_524_A"
ARG_524_A,"ILE_520_A,ARG_523_A,ALA_525_A"
ALA_525_A,"LEU_521_A,ARG_524_A,LEU_526_A"
LEU_526_A,"HIS_522_A,ALA_525_A,GLU_527_A"
GLU_527_A,LEU_526_A
PRO_539_A,"LYS_540_A,PHE_542_A"
LYS_540_A,"TYR_441_A,PRO_539_A,HIS_541_A,LYS_588_A,PRO_830_A"
HIS_541_A,"LYS_540_A,PHE_542_A,LEU_544_A,ARG_593_A"
PHE_542_A,"ASP_519_A,PRO_539_A,HIS_541_A,GLY_543_A,PHE_545_A,TYR_546_A"
GLY_543_A,"PHE_542_A,LEU_544_A,ALA_547_A"
LEU_544_A,"HIS_541_A,GLY_543_A,PHE_545_A,MET_548_A"
PHE_545_A,"VAL_515_A,PHE_542_A,LEU_544_A,TYR_546_A,GLY_549_A,LEU_815_A"
TYR_546_A,"LEU_512_A,VAL_515_A,PHE_542_A,PHE_545_A,ALA_547_A,ILE_550_A"
ALA_547_A,"GLY_543_A,TYR_546_A,MET_548_A,ALA_551_A"
MET_548_A,"LEU_544_A,ALA_547_A,GLY_549_A,LEU_552_A"
GLY_549_A,"PHE_545_A,MET_548_A,ILE_550_A"
ILE_550_A,"PHE_445_A,ILE_448_A,TYR_546_A,GLY_549_A,ALA_551_A,MET_554_A"
ALA_551_A,"ALA_547_A,ILE_550_A,LEU_552_A,GLU_555_A"
LEU_552_A,"MET_548_A,ALA_551_A,MET_553_A"
MET_553_A,"LEU_552_A,MET_554_A,VAL_557_A"
MET_554_A,"ALA_452_A,ALA_456_A,ILE_550_A,MET_553_A,GLU_555_A,LEU_558_A,PHE_577_A"
GLU_555_A,"HIS_504_A,ALA_551_A,MET_554_A,GLY_556_A,SER_559_A,ASP_574_A,MET_578_A"
GLY_556_A,"GLU_555_A,VAL_557_A,ALA_560_A"
VAL_557_A,"MET_553_A,GLY_556_A,LEU_558_A,CYS_561_A"
LEU_558_A,"MET_554_A,VAL_557_A,SER_559_A,TYR_562_A"
SER_559_A,"ASN_501_A,GLU_555_A,LEU_558_A,ALA_560_A,HIS_563_A"
ALA_560_A,"GLY_556_A,SER_559_A,CYS_561_A"
CYS_561_A,"VAL_557_A,ALA_560_A,TYR_562_A"
TYR_562_A,"LEU_558_A,CYS_561_A,HIS_563_A,PRO_566_A,ASN_570_A"
HIS_563_A,"SER_559_A,TYR_562_A,VAL_564_A,HIS_796_A,HIS_800_A"
VAL_564_A,"TYR_481_A,ILE_498_A,HIS_563_A,CYS_565_A"
CYS_565_A,"CYS_479_A,VAL_564_A,ASN_570_A"
PRO_566_A,"TYR_480_A,TYR_562_A,ASN_567_A"
ASN_567_A,"PRO_566_A,TYR_568_A,SER_569_A"
TYR_568_A,"ASN_567_A,SER_569_A,PHE_571_A"
SER_569_A,"ASN_567_A,TYR_568_A,ASN_570_A"
ASN_570_A,"TYR_562_A,CYS_565_A,SER_569_A,PHE_571_A"
PHE_571_A,"TYR_568_A,ASN_570_A,GLN_572_A,THR_575_A,TRP_773_A"
GLN_572_A,"PHE_571_A,PHE_573_A,SER_576_A"
PHE_573_A,"TYR_455_A,GLN_572_A,ASP_574_A"
ASP_574_A,"GLU_555_A,PHE_573_A,THR_575_A"
THR_575_A,"PHE_571_A,ASP_574_A,SER_576_A,TYR_579_A,ALA_715_A"
SER_576_A,"GLN_572_A,THR_575_A,PHE_577_A,MET_580_A"
PHE_577_A,"MET_554_A,SER_576_A,MET_578_A,ILE_581_A"
MET_578_A,"GLU_555_A,PHE_577_A,TYR_579_A,ALA_582_A"
TYR_579_A,"THR_575_A,MET_578_A,MET_580_A,GLY_583_A,VAL_611_A,ALA_715_A"
MET_580_A,"SER_576_A,TYR_579_A,ILE_581_A,LEU_584_A"
ILE_581_A,"PHE_577_A,MET_580_A,ALA_582_A,CYS_585_A"
ALA_582_A,"MET_578_A,ILE_581_A,GLY_583_A,MET_586_A"
GLY_583_A,"TYR_579_A,ALA_582_A,LEU_584_A,LEU_587_A"
LEU_584_A,"MET_580_A,GLY_583_A,CYS_585_A,LYS_588_A"
CYS_585_A,"ILE_581_A,LEU_584_A,MET_586_A,LEU_589_A"
MET_586_A,"ALA_582_A,CYS_585_A,LEU_587_A,TYR_590_A"
LEU_587_A,"GLY_583_A,MET_586_A,LYS_588_A,GLN_591_A"
LYS_588_A,"TYR_444_A,LYS_540_A,LEU_584_A,LEU_587_A,LEU_589_A,THR_592_A"
LEU_589_A,"CYS_585_A,LYS_588_A,TYR_590_A,ARG_593_A"
TYR_590_A,"MET_586_A,LEU_589_A,GLN_591_A,ALA_599_A"
GLN_591_A,"LEU_587_A,TYR_590_A,THR_592_A"
THR_592_A,"LYS_588_A,GLN_591_A,ARG_593_A"
ARG_593_A,"HIS_541_A,LEU_589_A,THR_592_A,HIS_594_A"
HIS_594_A,"ARG_593_A,ASP_596_A"
PRO_595_A,"ASP_596_A,ILE_597_A,ASN_598_A"
ASP_596_A,"HIS_594_A,PRO_595_A,ILE_597_A"
ILE_597_A,"PRO_595_A,ASP_596_A,ASN_598_A"
ASN_598_A,"PRO_595_A,ILE_597_A,ALA_599_A,TYR_602_A"
ALA_599_A,"TYR_590_A,ASN_598_A,SER_600_A"
SER_600_A,"ALA_599_A,ALA_601_A"
ALA_601_A,"SER_600_A,TYR_602_A,TYR_649_A"
TYR_602_A,"ASN_598_A,ALA_601_A,SER_603_A,TYR_605_A"
SER_603_A,"TYR_602_A,ALA_604_A,SER_607_A"
ALA_604_A,"SER_603_A,TYR_605_A,PHE_608_A"
TYR_605_A,"TYR_602_A,ALA_604_A,ALA_606_A,ALA_609_A"
ALA_606_A,"TYR_605_A,SER_607_A,VAL_610_A"
SER_607_A,"SER_603_A,ALA_606_A,PHE_608_A,VAL_611_A"
PHE_608_A,"ALA_604_A,SER_607_A,ALA_609_A,ILE_612_A"
ALA_609_A,"TYR_605_A,PHE_608_A,VAL_610_A,ILE_612_A"
VAL_610_A,"ALA_606_A,ALA_609_A,VAL_611_A,VAL_614_A,LEU_638_A"
VAL_611_A,"TYR_579_A,SER_607_A,VAL_610_A,ILE_612_A,THR_615_A,MET_718_A,PHE_722_A"
ILE_612_A,"PHE_608_A,ALA_609_A,VAL_611_A,MET_613_A,VAL_616_A"
MET_613_A,"ILE_612_A,VAL_614_A,LEU_617_A"
VAL_614_A,"VAL_610_A,MET_613_A,THR_615_A,GLY_618_A,ILE_635_A,MET_718_A"
THR_615_A,"VAL_611_A,VAL_614_A,VAL_616_A,VAL_619_A"
VAL_616_A,"ILE_612_A,THR_615_A,LEU_617_A,VAL_620_A"
LEU_617_A,"MET_613_A,VAL_616_A,GLY_618_A,VAL_620_A,PHE_621_A,TRP_627_A"
GLY_618_A,"VAL_614_A,LEU_617_A,VAL_619_A"
VAL_619_A,"THR_615_A,GLY_618_A,VAL_620_A"
VAL_620_A,"VAL_616_A,LEU_617_A,VAL_619_A,PHE_621_A"
PHE_621_A,"LEU_617_A,VAL_620_A,GLY_622_A,TRP_627_A"
GLY_622_A,"PHE_621_A,LYS_623_A,ASN_624_A"
LYS_623_A,"GLY_622_A,ASN_624_A,PHE_628_A,PRO_711_A,ARG_712_A"
ASN_624_A,"GLY_622_A,LYS_623_A,ASP_625_A,TRP_627_A"
ASP_625_A,"ASN_624_A,VAL_626_A"
VAL_626_A,"ASP_625_A,TRP_627_A,VAL_630_A"
TRP_627_A,"LEU_617_A,PHE_621_A,ASN_624_A,VAL_626_A,PHE_628_A,ILE_631_A"
PHE_628_A,"LYS_623_A,TRP_627_A,TRP_629_A,PHE_632_A,PHE_714_A"
TRP_629_A,"PHE_628_A,VAL_630_A,SER_633_A,LEU_707_A"
VAL_630_A,"VAL_626_A,TRP_629_A,ILE_631_A,ALA_634_A"
ILE_631_A,"TRP_627_A,VAL_630_A,PHE_632_A,ILE_635_A"
PHE_632_A,"PHE_628_A,ILE_631_A,SER_633_A,HIS_636_A,LEU_707_A"
SER_633_A,"TRP_629_A,PHE_632_A,ALA_634_A,VAL_637_A"
ALA_634_A,"VAL_630_A,SER_633_A,ILE_635_A,LEU_638_A"
ILE_635_A,"VAL_614_A,ILE_631_A,ALA_634_A,HIS_636_A,ALA_639_A"
HIS_636_A,"PHE_632_A,ILE_635_A,VAL_637_A,SER_640_A,TYR_717_A"
VAL_637_A,"SER_633_A,HIS_636_A,LEU_638_A,LEU_641_A"
LEU_638_A,"VAL_610_A,ALA_634_A,VAL_637_A,ALA_639_A,ALA_642_A"
ALA_639_A,"ILE_635_A,LEU_638_A,SER_640_A,LEU_643_A"
SER_640_A,"HIS_636_A,ALA_639_A,LEU_641_A,SER_644_A,ASN_696_A"
LEU_641_A,"VAL_637_A,SER_640_A,ALA_642_A,THR_645_A"
ALA_642_A,"LEU_638_A,LEU_641_A,LEU_643_A,THR_645_A,GLN_646_A"
LEU_643_A,"ALA_639_A,ALA_642_A,SER_644_A,ILE_647_A"
SER_644_A,"SER_640_A,LEU_643_A,THR_645_A,TYR_648_A"
THR_645_A,"LEU_641_A,ALA_642_A,SER_644_A,GLN_646_A,TYR_649_A"
GLN_646_A,"ALA_642_A,THR_645_A,ILE_647_A"
ILE_647_A,"LEU_643_A,GLN_646_A,TYR_648_A,LEU_691_A,LEU_692_A"
TYR_648_A,"SER_644_A,ILE_647_A,TYR_649_A"
TYR_649_A,"ALA_601_A,THR_645_A,TYR_648_A,MET_650_A"
MET_650_A,"TYR_649_A,ARG_688_A"
TYR_685_A,MET_686_A
MET_686_A,"TYR_685_A,ASP_687_A,VAL_690_A"
ASP_687_A,"MET_686_A,ARG_688_A,LEU_691_A,ARG_739_A"
ARG_688_A,"MET_650_A,ASP_687_A,MET_689_A,LEU_692_A"
MET_689_A,"ARG_688_A,VAL_690_A,VAL_693_A"
VAL_690_A,"MET_686_A,MET_689_A,LEU_691_A,VAL_694_A"
LEU_691_A,"ILE_647_A,ASP_687_A,VAL_690_A,LEU_692_A,GLY_695_A,PHE_732_A"
LEU_692_A,"ILE_647_A,ARG_688_A,LEU_691_A,VAL_693_A,ASN_696_A"
VAL_693_A,"MET_689_A,LEU_692_A,VAL_694_A,LEU_697_A"
VAL_694_A,"VAL_690_A,VAL_693_A,GLY_695_A,VAL_698_A"
GLY_695_A,"LEU_691_A,VAL_694_A,ASN_696_A,ASN_699_A"
ASN_696_A,"SER_640_A,LEU_692_A,GLY_695_A,LEU_697_A,TRP_700_A"
LEU_697_A,"VAL_693_A,ASN_696_A,VAL_698_A,SER_701_A"
VAL_698_A,"VAL_694_A,LEU_697_A,ASN_699_A,PHE_702_A"
ASN_699_A,"GLY_695_A,VAL_698_A,TRP_700_A,ALA_703_A"
TRP_700_A,"ASN_696_A,ASN_699_A,SER_701_A,LEU_704_A"
SER_701_A,"LEU_697_A,TRP_700_A,PHE_702_A,PHE_705_A"
PHE_702_A,"VAL_698_A,SER_701_A,ALA_703_A,GLY_706_A"
ALA_703_A,"ASN_699_A,PHE_702_A,LEU_704_A,LEU_707_A"
LEU_704_A,"TRP_700_A,ALA_703_A,PHE_705_A,ILE_708_A"
PHE_705_A,"SER_701_A,LEU_704_A,GLY_706_A,PHE_767_A"
GLY_706_A,"PHE_702_A,PHE_705_A,LEU_707_A"
LEU_707_A,"TRP_629_A,PHE_632_A,ALA_703_A,GLY_706_A,ILE_708_A"
ILE_708_A,"LEU_704_A,LEU_707_A,TYR_709_A"
TYR_709_A,"ILE_708_A,ARG_710_A"
ARG_710_A,TYR_709_A
PRO_711_A,"LYS_623_A,ARG_712_A"
ARG_712_A,"LYS_623_A,PRO_711_A,ASP_713_A,GLU_774_A"
ASP_713_A,"ARG_712_A,PHE_714_A,SER_716_A"
PHE_714_A,"PHE_628_A,ASP_713_A,ALA_715_A,MET_718_A"
ALA_715_A,"THR_575_A,TYR_579_A,PHE_714_A,SER_716_A,LEU_719_A"
SER_716_A,"ASP_713_A,ALA_715_A,TYR_717_A,GLY_720_A"
TYR_717_A,"HIS_636_A,SER_716_A,MET_718_A,ILE_721_A"
MET_718_A,"VAL_611_A,VAL_614_A,PHE_714_A,TYR_717_A,LEU_719_A,PHE_722_A"
LEU_719_A,"ALA_715_A,MET_718_A,GLY_720_A,ILE_723_A"
GLY_720_A,"SER_716_A,LEU_719_A,ILE_721_A,CYS_724_A"
ILE_721_A,"TYR_717_A,GLY_720_A,PHE_722_A,ASN_725_A"
PHE_722_A,"VAL_611_A,MET_718_A,ILE_721_A,ILE_723_A,LEU_726_A"
ILE_723_A,"LEU_719_A,PHE_722_A,CYS_724_A"
CYS_724_A,"GLY_720_A,ILE_723_A,ASN_725_A,LEU_728_A"
ASN_725_A,"ILE_721_A,CYS_724_A,LEU_726_A,TYR_729_A"
LEU_726_A,"PHE_722_A,ASN_725_A,LEU_727_A,LEU_730_A"
LEU_727_A,"LEU_726_A,LEU_728_A,ALA_731_A"
LEU_728_A,"CYS_724_A,LEU_727_A,TYR_729_A,PHE_732_A"
TYR_729_A,"ASN_725_A,LEU_728_A,LEU_730_A,TYR_733_A"
LEU_730_A,"LEU_726_A,TYR_729_A,ALA_731_A,ILE_734_A"
ALA_731_A,"LEU_727_A,LEU_730_A,PHE_732_A,ILE_735_A"
PHE_732_A,"LEU_691_A,LEU_728_A,ALA_731_A,TYR_733_A,MET_736_A"
TYR_733_A,"TYR_729_A,PHE_732_A,ILE_734_A,LYS_737_A,LEU_817_A"
ILE_734_A,"LEU_730_A,TYR_733_A,ILE_735_A,LYS_737_A,LEU_738_A"
ILE_735_A,"ALA_731_A,ILE_734_A,MET_736_A,LEU_738_A"
MET_736_A,"PHE_732_A,ILE_735_A,LYS_737_A"
LYS_737_A,"TYR_733_A,ILE_734_A,MET_736_A,LEU_738_A,GLU_742_A"
LEU_738_A,"ILE_734_A,ILE_735_A,LYS_737_A,ARG_739_A"
ARG_739_A,"ASP_687_A,LEU_738_A,SER_740_A"
SER_740_A,"ARG_739_A,SER_741_A"
SER_741_A,"SER_740_A,GLU_742_A"
GLU_742_A,"LYS_737_A,SER_741_A,LYS_743_A,ASP_820_A,LEU_821_A"
LYS_743_A,"GLU_742_A,VAL_744_A"
VAL_744_A,"LYS_743_A,LEU_745_A"
LEU_745_A,"VAL_744_A,ASP_820_A"
PRO_746_A,"VAL_747_A,PHE_750_A"
VAL_747_A,"PRO_746_A,CYS_751_A"
PRO_748_A,"LEU_749_A,ILE_752_A"
LEU_749_A,"PRO_748_A,PHE_750_A,VAL_753_A"
PHE_750_A,"PRO_746_A,LEU_749_A,CYS_751_A,ALA_754_A"
CYS_751_A,"VAL_747_A,PHE_750_A,ILE_752_A,THR_755_A,VAL_813_A"
ILE_752_A,"PRO_748_A,CYS_751_A,VAL_753_A,ALA_756_A"
VAL_753_A,"LEU_749_A,ILE_752_A,ALA_754_A"
ALA_754_A,"PHE_750_A,VAL_753_A,THR_755_A,MET_758_A,PHE_809_A"
THR_755_A,"CYS_751_A,ALA_754_A,ALA_756_A,TRP_759_A,SER_810_A"
ALA_756_A,"ILE_752_A,THR_755_A,VAL_757_A,ALA_760_A"
VAL_757_A,"ALA_756_A,MET_758_A"
MET_758_A,"ALA_754_A,VAL_757_A,TRP_759_A,ALA_762_A"
TRP_759_A,"THR_755_A,MET_758_A,ALA_760_A,LEU_763_A,ALA_806_A,LEU_807_A"
ALA_760_A,"ALA_756_A,TRP_759_A,ALA_761_A,TYR_764_A"
ALA_761_A,"ALA_760_A,ALA_762_A,LEU_802_A"
ALA_762_A,"MET_758_A,ALA_761_A,LEU_763_A,PHE_766_A,LEU_802_A"
LEU_763_A,"TRP_759_A,ALA_762_A,TYR_764_A"
TYR_764_A,"ALA_760_A,LEU_763_A,PHE_765_A,GLN_768_A"
PHE_765_A,"TYR_764_A,PHE_766_A,ILE_798_A,LEU_802_A"
PHE_766_A,"ALA_762_A,PHE_765_A,PHE_767_A,TRP_799_A"
PHE_767_A,"PHE_705_A,PHE_766_A,GLN_768_A"
GLN_768_A,"TYR_764_A,PHE_767_A,ASN_769_A"
ASN_769_A,"GLN_768_A,LEU_770_A"
LEU_770_A,"ASN_769_A,SER_771_A"
SER_771_A,"LEU_770_A,SER_772_A"
SER_772_A,"SER_771_A,TRP_773_A"
TRP_773_A,"PHE_571_A,SER_772_A,GLU_774_A"
GLU_774_A,"ARG_712_A,TRP_773_A,GLY_775_A"
GLY_775_A,"GLU_774_A,THR_776_A"
THR_776_A,"GLY_775_A,GLU_779_A"
PRO_777_A,"ALA_778_A,ARG_781_A"
ALA_778_A,"THR_241_A,PRO_777_A,GLU_779_A,GLU_782_A"
GLU_779_A,"THR_776_A,ALA_778_A,SER_780_A"
SER_780_A,"GLU_779_A,ARG_781_A"
ARG_781_A,"SER_239_A,ASP_477_A,PRO_777_A,SER_780_A,GLU_782_A"
GLU_782_A,"THR_241_A,LYS_242_A,ALA_778_A,ARG_781_A,LYS_783_A"
LYS_783_A,"GLU_782_A,ASN_784_A"
ASN_784_A,"PHE_483_A,LYS_783_A,ARG_785_A"
ARG_785_A,"ASN_482_A,ASN_784_A,GLU_786_A,ASP_795_A"
GLU_786_A,"LYS_203_A,ARG_785_A,CYS_787_A"
CYS_787_A,"CYS_485_A,GLU_786_A,ILE_788_A"
ILE_788_A,"CYS_787_A,LEU_789_A"
LEU_789_A,"ILE_788_A,LEU_790_A,ILE_798_A"
LEU_790_A,"LEU_789_A,ASP_791_A"
ASP_791_A,"LEU_790_A,PHE_792_A"
PHE_792_A,"ASN_496_A,ASP_791_A,PHE_793_A"
PHE_793_A,"PHE_792_A,ASP_794_A,ASP_797_A"
ASP_794_A,"PHE_793_A,ASP_795_A,ASP_797_A"
ASP_795_A,"ARG_785_A,ASP_794_A,HIS_796_A,TRP_799_A"
HIS_796_A,"HIS_563_A,ASP_795_A,ASP_797_A,HIS_800_A"
ASP_797_A,"PHE_793_A,ASP_794_A,HIS_796_A,ILE_798_A,HIS_800_A,PHE_801_A"
ILE_798_A,"PHE_765_A,LEU_789_A,ASP_797_A,TRP_799_A,LEU_802_A"
TRP_799_A,"PHE_766_A,ASP_795_A,ILE_798_A,HIS_800_A,SER_803_A"
HIS_800_A,"SER_500_A,HIS_504_A,HIS_563_A,HIS_796_A,ASP_797_A,TRP_799_A,PHE_801_A,SER_803_A,ALA_804_A"
PHE_801_A,"PHE_317_A,ASP_797_A,HIS_800_A,LEU_802_A"
LEU_802_A,"ALA_761_A,ALA_762_A,PHE_765_A,ILE_798_A,PHE_801_A,SER_803_A,ALA_806_A"
SER_803_A,"TRP_799_A,HIS_800_A,LEU_802_A,ALA_804_A,LEU_807_A"
ALA_804_A,"HIS_800_A,SER_803_A,THR_805_A,PHE_808_A"
THR_805_A,"ALA_804_A,ALA_806_A,PHE_809_A"
ALA_806_A,"TRP_759_A,LEU_802_A,THR_805_A,LEU_807_A,SER_810_A"
LEU_807_A,"TRP_759_A,SER_803_A,ALA_806_A,PHE_808_A,PHE_811_A"
PHE_808_A,"LEU_507_A,LEU_510_A,ALA_804_A,LEU_807_A,PHE_809_A,LEU_812_A"
PHE_809_A,"ALA_754_A,THR_805_A,PHE_808_A,SER_810_A,VAL_813_A"
SER_810_A,"THR_755_A,ALA_806_A,PHE_809_A,PHE_811_A,LEU_814_A"
PHE_811_A,"PHE_511_A,LEU_807_A,SER_810_A,LEU_812_A,LEU_815_A"
LEU_812_A,"PHE_808_A,PHE_811_A,VAL_813_A"
VAL_813_A,"CYS_751_A,PHE_809_A,LEU_812_A,LEU_814_A"
LEU_814_A,"SER_810_A,VAL_813_A,LEU_815_A"
LEU_815_A,"PHE_545_A,PHE_811_A,LEU_814_A,THR_816_A"
THR_816_A,"LEU_815_A,LEU_817_A"
LEU_817_A,"TYR_733_A,THR_816_A,ASP_818_A"
ASP_818_A,"LEU_817_A,ASP_819_A"
ASP_819_A,"ARG_518_A,ASP_818_A,ASP_820_A"
ASP_820_A,"GLU_742_A,LEU_745_A,ASP_819_A,LEU_821_A,VAL_823_A"
LEU_821_A,"GLU_742_A,ASP_820_A,ASP_822_A,VAL_824_A,GLN_828_A,ILE_829_A"
ASP_822_A,"LEU_821_A,VAL_823_A,ARG_825_A,GLN_828_A"
VAL_823_A,"ASP_820_A,ASP_822_A,VAL_824_A"
VAL_824_A,"LEU_821_A,VAL_823_A,ARG_825_A"
ARG_825_A,"ASP_822_A,VAL_824_A,ARG_826_A,ASP_827_A"
ARG_826_A,"ARG_825_A,ASP_827_A"
ASP_827_A,"ARG_825_A,ARG_826_A,GLN_828_A"
GLN_828_A,"LEU_821_A,ASP_822_A,ASP_827_A,ILE_829_A"
ILE_829_A,"LEU_821_A,GLN_828_A"
PRO_830_A,LYS_540_A
