residue_id,neighbors
ARG_3_B,"GLU_4_B,ASP_22_B,ARG_24_B"
GLU_4_B,"ARG_3_B,LEU_5_B,VAL_6_B,ARG_23_B"
LEU_5_B,"GLU_4_B,VAL_6_B,ASP_22_B,VAL_309_B"
VAL_6_B,"GLU_4_B,LEU_5_B,LEU_7_B,VAL_21_B,ARG_23_B,ASN_310_B,VAL_312_B"
LEU_7_B,"VAL_6_B,GLY_8_B,ILE_9_B,THR_308_B,ASN_310_B,VAL_312_B"
GLY_8_B,"LEU_7_B,ILE_9_B,ALA_19_B"
ILE_9_B,"LEU_7_B,GLY_8_B,ASP_10_B,LEU_18_B,ILE_299_B,VAL_312_B,VAL_313_B,MET_314_B"
ASP_10_B,"ILE_9_B,TYR_11_B,GLY_17_B,HIS_496_B,HIS_497_B,ASP_500_B"
TYR_11_B,"ASP_10_B,GLY_12_B,MET_36_B,GLU_315_B,SER_316_B"
GLY_12_B,"TYR_11_B,GLY_13_B,TYR_15_B"
GLY_13_B,"GLY_12_B,LYS_14_B,ASN_317_B"
LYS_14_B,"GLY_13_B,TYR_15_B,ASP_38_B"
TYR_15_B,"GLY_12_B,LYS_14_B,THR_16_B,LYS_35_B,THR_494_B"
THR_16_B,"TYR_15_B,GLY_17_B,LEU_18_B,LEU_34_B,MET_36_B,VAL_295_B"
GLY_17_B,"ASP_10_B,THR_16_B,LEU_18_B"
LEU_18_B,"ILE_9_B,THR_16_B,GLY_17_B,ALA_19_B,ASN_32_B,VAL_295_B,VAL_298_B"
ALA_19_B,"GLY_8_B,LEU_18_B,VAL_20_B,ALA_501_B,VAL_502_B"
VAL_20_B,"ALA_19_B,VAL_21_B,LEU_29_B,TYR_30_B,LYS_306_B"
VAL_21_B,"VAL_6_B,VAL_20_B,ASP_22_B,VAL_28_B,ALA_505_B"
ASP_22_B,"ARG_3_B,LEU_5_B,VAL_21_B,ARG_23_B,ARG_24_B,GLN_27_B"
ARG_23_B,"GLU_4_B,VAL_6_B,ASP_22_B,ARG_24_B,ARG_507_B,LYS_508_B"
ARG_24_B,"ARG_3_B,ASP_22_B,ARG_23_B,HIS_25_B,ASN_26_B"
HIS_25_B,"ARG_24_B,ASN_26_B,ARG_507_B"
ASN_26_B,"ARG_24_B,HIS_25_B,GLN_27_B,ARG_507_B"
GLN_27_B,"ASP_22_B,ASN_26_B,VAL_28_B"
VAL_28_B,"VAL_21_B,GLN_27_B,LEU_29_B,VAL_502_B"
LEU_29_B,"VAL_20_B,VAL_28_B,TYR_30_B"
TYR_30_B,"VAL_20_B,LEU_29_B,ALA_31_B,ASN_32_B"
ALA_31_B,"TYR_30_B,ASN_32_B"
ASN_32_B,"LEU_18_B,TYR_30_B,ALA_31_B,ARG_33_B"
ARG_33_B,"ASN_32_B,LEU_34_B,ALA_498_B"
LEU_34_B,"THR_16_B,ARG_33_B,LYS_35_B,VAL_295_B,VAL_298_B"
LYS_35_B,"TYR_15_B,LEU_34_B,MET_36_B"
MET_36_B,"TYR_11_B,THR_16_B,LYS_35_B,ARG_37_B,LYS_291_B"
ARG_37_B,"MET_36_B,ASP_38_B,ASP_39_B"
ASP_38_B,"LYS_14_B,ARG_37_B,ASP_39_B,LYS_291_B"
ASP_39_B,"ARG_37_B,ASP_38_B,VAL_40_B"
VAL_40_B,"ASP_39_B,ALA_41_B,LEU_44_B,THR_290_B"
ALA_41_B,"VAL_40_B,GLY_42_B,LYS_45_B"
GLY_42_B,"ALA_41_B,ILE_43_B,ASP_46_B"
ILE_43_B,"GLY_42_B,LEU_44_B,ARG_47_B"
LEU_44_B,"VAL_40_B,ILE_43_B,LYS_45_B,ARG_48_B,PRO_286_B"
LYS_45_B,"ALA_41_B,LEU_44_B,ASP_46_B,LYS_49_B,LYS_122_B"
ASP_46_B,"GLY_42_B,LYS_45_B,ARG_47_B,GLN_50_B"
ARG_47_B,"ILE_43_B,ASP_46_B,ARG_48_B,ARG_51_B"
ARG_48_B,"LEU_44_B,ARG_47_B,LYS_49_B,ARG_51_B,GLY_52_B"
LYS_49_B,"LYS_45_B,ARG_48_B,GLN_50_B,ILE_53_B,LYS_122_B,GLU_126_B"
GLN_50_B,"ASP_46_B,LYS_49_B,ARG_51_B,ARG_54_B"
ARG_51_B,"ARG_47_B,ARG_48_B,GLN_50_B,GLY_52_B,ARG_54_B,ARG_55_B"
GLY_52_B,"ARG_48_B,ARG_51_B,ILE_53_B,THR_56_B"
ILE_53_B,"LYS_49_B,GLY_52_B,ARG_54_B,ALA_57_B"
ARG_54_B,"GLN_50_B,ARG_51_B,ILE_53_B,ARG_55_B,GLN_58_B"
ARG_55_B,"ARG_51_B,ARG_54_B,THR_56_B,THR_59_B,ARG_170_B"
THR_56_B,"GLY_52_B,ARG_55_B,ALA_57_B,LYS_60_B"
ALA_57_B,"ILE_53_B,THR_56_B,GLN_58_B,LYS_61_B"
GLN_58_B,"ARG_54_B,ALA_57_B,THR_59_B,LYS_62_B"
THR_59_B,"ARG_55_B,GLN_58_B,LYS_60_B,ARG_63_B,TYR_169_B"
LYS_60_B,"THR_56_B,THR_59_B,LYS_61_B,ARG_63_B,LEU_64_B,HIS_91_B,ARG_93_B"
LYS_61_B,"ALA_57_B,LYS_60_B,LYS_62_B,ARG_65_B"
LYS_62_B,"GLN_58_B,LYS_61_B,ARG_63_B,GLU_66_B,TYR_169_B,ARG_170_B"
ARG_63_B,"THR_59_B,LYS_60_B,LYS_62_B,LEU_64_B,LEU_67_B,ARG_93_B,ILE_164_B,LYS_167_B"
LEU_64_B,"LYS_60_B,ARG_63_B,ARG_65_B,LYS_68_B,TYR_87_B,ALA_90_B"
ARG_65_B,"LYS_61_B,LEU_64_B,GLU_66_B,ASN_69_B"
GLU_66_B,"LYS_62_B,ARG_65_B,LEU_67_B,TYR_70_B,ARG_160_B,ILE_164_B,LYS_167_B"
LEU_67_B,"ARG_63_B,GLU_66_B,LYS_68_B,LEU_71_B,VAL_86_B,ALA_90_B"
LYS_68_B,"LEU_64_B,LEU_67_B,ASN_69_B,LYS_72_B"
ASN_69_B,"ARG_65_B,LYS_68_B,TYR_70_B,SER_73_B"
TYR_70_B,"GLU_66_B,ASN_69_B,LEU_71_B,SER_73_B,ILE_74_B,ARG_160_B,VAL_161_B"
LEU_71_B,"LEU_67_B,TYR_70_B,LYS_72_B,ILE_74_B,TYR_76_B,PHE_83_B,VAL_86_B,MET_148_B"
LYS_72_B,"LYS_68_B,LEU_71_B,SER_73_B"
SER_73_B,"ASN_69_B,TYR_70_B,LYS_72_B,ILE_74_B"
ILE_74_B,"TYR_70_B,LEU_71_B,SER_73_B,GLY_75_B,TYR_76_B"
GLY_75_B,"ILE_74_B,TYR_76_B"
TYR_76_B,"LEU_71_B,ILE_74_B,GLY_75_B,ASN_77_B,THR_80_B,MET_148_B,GLY_151_B,ARG_152_B"
ASN_77_B,"TYR_76_B,GLU_78_B,THR_80_B"
GLU_78_B,"ASN_77_B,SER_79_B,GLU_84_B"
SER_79_B,"GLU_78_B,THR_80_B"
THR_80_B,"TYR_76_B,ASN_77_B,SER_79_B,ALA_81_B,PHE_83_B"
ALA_81_B,"THR_80_B,THR_82_B,THR_85_B"
THR_82_B,"ALA_81_B,PHE_83_B"
PHE_83_B,"LEU_71_B,THR_80_B,THR_82_B,GLU_84_B,TYR_87_B"
GLU_84_B,"GLU_78_B,PHE_83_B,THR_85_B,SER_88_B"
THR_85_B,"ALA_81_B,GLU_84_B,VAL_86_B"
VAL_86_B,"LEU_67_B,LEU_71_B,THR_85_B,TYR_87_B,MET_148_B"
TYR_87_B,"LEU_64_B,PHE_83_B,VAL_86_B,SER_88_B,HIS_91_B"
SER_88_B,"GLU_84_B,TYR_87_B,LEU_89_B"
LEU_89_B,"SER_88_B,ALA_90_B,VAL_140_B,VAL_144_B"
ALA_90_B,"LEU_64_B,LEU_67_B,LEU_89_B,HIS_91_B"
HIS_91_B,"LYS_60_B,TYR_87_B,ALA_90_B,LYS_92_B"
LYS_92_B,"HIS_91_B,ARG_93_B"
ARG_93_B,"LYS_60_B,ARG_63_B,LYS_92_B,GLY_94_B,ASP_96_B,ASP_99_B,ARG_137_B,PHE_165_B"
GLY_94_B,"ARG_93_B,TYR_95_B,ARG_137_B"
TYR_95_B,"GLY_94_B,ASP_96_B,TRP_127_B,HIS_136_B,ARG_137_B"
ASP_96_B,"ARG_93_B,TYR_95_B,TYR_97_B,ALA_98_B,ASP_99_B,ARG_137_B"
TYR_97_B,"ASP_96_B,ALA_98_B"
ALA_98_B,"ASP_96_B,TYR_97_B,ASP_99_B"
ASP_99_B,"ARG_93_B,ASP_96_B,ALA_98_B,ARG_137_B"
GLU_116_B,ARG_117_B
ARG_117_B,"GLU_116_B,LYS_118_B,GLU_121_B"
LYS_118_B,"ARG_117_B,GLN_119_B,LYS_122_B"
GLN_119_B,"LYS_118_B,TRP_120_B,GLU_123_B"
TRP_120_B,"GLN_119_B,GLU_121_B,LYS_124_B"
GLU_121_B,"ARG_117_B,TRP_120_B,LYS_122_B,LYS_124_B"
LYS_122_B,"LYS_45_B,LYS_49_B,LYS_118_B,GLU_121_B,GLU_123_B,GLU_126_B"
GLU_123_B,"GLN_119_B,LYS_122_B,LYS_124_B,TRP_127_B"
LYS_124_B,"TRP_120_B,GLU_121_B,GLU_123_B,GLN_125_B,GLU_128_B"
GLN_125_B,"LYS_124_B,GLU_126_B,GLU_129_B"
GLU_126_B,"LYS_49_B,LYS_122_B,GLN_125_B,TRP_127_B,GLU_129_B,THR_130_B"
TRP_127_B,"TYR_95_B,GLU_123_B,GLU_126_B,GLU_128_B,LYS_131_B"
GLU_128_B,"LYS_124_B,TRP_127_B,GLU_129_B,LYS_131_B,ARG_132_B"
GLU_129_B,"GLN_125_B,GLU_126_B,GLU_128_B,THR_130_B"
THR_130_B,"GLU_126_B,GLU_129_B,LYS_131_B,SER_134_B"
LYS_131_B,"TRP_127_B,GLU_128_B,THR_130_B,ARG_132_B"
ARG_132_B,"GLU_128_B,LYS_131_B,ASN_133_B"
ASN_133_B,"ARG_132_B,SER_134_B"
SER_134_B,"THR_130_B,ASN_133_B,ARG_135_B"
ARG_135_B,"SER_134_B,HIS_136_B,GLU_139_B,LYS_142_B,ASP_143_B"
HIS_136_B,"TYR_95_B,ARG_135_B,ARG_137_B,LYS_138_B,GLU_139_B"
ARG_137_B,"ARG_93_B,GLY_94_B,TYR_95_B,ASP_96_B,ASP_99_B,HIS_136_B,LYS_138_B,VAL_141_B"
LYS_138_B,"HIS_136_B,ARG_137_B,GLU_139_B,LYS_142_B"
GLU_139_B,"ARG_135_B,HIS_136_B,LYS_138_B,VAL_140_B,LYS_142_B,ASP_143_B"
VAL_140_B,"LEU_89_B,GLU_139_B,VAL_141_B,VAL_144_B,PHE_165_B"
VAL_141_B,"ARG_137_B,VAL_140_B,LYS_142_B,HIS_145_B"
LYS_142_B,"ARG_135_B,LYS_138_B,GLU_139_B,VAL_141_B,ASP_143_B,LYS_146_B"
ASP_143_B,"ARG_135_B,GLU_139_B,LYS_142_B,VAL_144_B,ALA_147_B"
VAL_144_B,"LEU_89_B,VAL_140_B,ASP_143_B,HIS_145_B,MET_148_B,PHE_165_B"
HIS_145_B,"VAL_141_B,VAL_144_B,LYS_146_B,ALA_147_B,MET_148_B,ILE_149_B,GLU_162_B"
LYS_146_B,"LYS_142_B,HIS_145_B,ALA_147_B"
ALA_147_B,"ASP_143_B,HIS_145_B,LYS_146_B,MET_148_B"
MET_148_B,"LEU_71_B,TYR_76_B,VAL_86_B,VAL_144_B,HIS_145_B,ALA_147_B,ILE_149_B,ALA_153_B,ILE_158_B"
ILE_149_B,"HIS_145_B,MET_148_B,GLU_150_B"
GLU_150_B,"ILE_149_B,GLY_151_B,ARG_152_B"
GLY_151_B,"TYR_76_B,GLU_150_B,ARG_152_B"
ARG_152_B,"TYR_76_B,GLU_150_B,GLY_151_B,ALA_153_B"
ALA_153_B,"MET_148_B,ARG_152_B,THR_154_B,ILE_158_B"
THR_154_B,"ALA_153_B,GLU_155_B"
GLU_155_B,"THR_154_B,GLU_156_B,LYS_159_B"
GLU_156_B,"GLU_155_B,GLN_157_B,LYS_159_B,ARG_160_B,ARG_163_B"
GLN_157_B,"GLU_156_B,ILE_158_B"
ILE_158_B,"MET_148_B,ALA_153_B,GLN_157_B,LYS_159_B"
LYS_159_B,"GLU_155_B,GLU_156_B,ILE_158_B,ARG_160_B,ARG_163_B"
ARG_160_B,"GLU_66_B,TYR_70_B,GLU_156_B,LYS_159_B,VAL_161_B,ARG_163_B"
VAL_161_B,"TYR_70_B,ARG_160_B,GLU_162_B"
GLU_162_B,"HIS_145_B,VAL_161_B,ARG_163_B"
ARG_163_B,"GLU_156_B,LYS_159_B,ARG_160_B,GLU_162_B,ILE_164_B"
ILE_164_B,"ARG_63_B,GLU_66_B,ARG_163_B,PHE_165_B"
PHE_165_B,"ARG_93_B,VAL_140_B,VAL_144_B,ILE_164_B,ASN_166_B"
ASN_166_B,"PHE_165_B,LYS_167_B"
LYS_167_B,"ARG_63_B,GLU_66_B,ASN_166_B,GLN_168_B,TYR_169_B"
GLN_168_B,"LYS_167_B,TYR_169_B,ARG_170_B"
TYR_169_B,"THR_59_B,LYS_62_B,LYS_167_B,GLN_168_B,ARG_170_B"
ARG_170_B,"ARG_55_B,LYS_62_B,GLN_168_B,TYR_169_B"
PRO_171_B,LYS_172_B
LYS_172_B,"PRO_171_B,ARG_173_B"
ARG_173_B,"LYS_172_B,PHE_174_B,ARG_177_B"
PHE_174_B,"ARG_173_B,ASN_175_B"
ASN_175_B,"PHE_174_B,ASN_176_B"
ASN_176_B,"ASN_175_B,ARG_177_B"
ARG_177_B,"ARG_173_B,ASN_176_B,ILE_178_B"
ILE_178_B,"ARG_177_B,LEU_179_B,ARG_260_B"
LEU_179_B,"ILE_178_B,THR_180_B"
THR_180_B,"LEU_179_B,LYS_181_B,THR_191_B"
LYS_181_B,"THR_180_B,CYS_182_B,ASN_190_B,ARG_283_B"
CYS_182_B,"LYS_181_B,LYS_183_B"
LYS_183_B,"CYS_182_B,VAL_184_B,PHE_263_B,HIS_271_B,HIS_447_B"
VAL_184_B,"LYS_183_B,GLU_185_B,ASP_186_B"
GLU_185_B,"VAL_184_B,ASP_186_B,ARG_453_B,ARG_456_B,ASP_457_B"
ASP_186_B,"VAL_184_B,GLU_185_B,CYS_187_B,HIS_267_B"
CYS_187_B,"ASP_186_B,GLY_188_B,HIS_267_B"
GLY_188_B,"CYS_187_B,VAL_189_B"
VAL_189_B,"GLY_188_B,ASN_190_B,CYS_264_B"
ASN_190_B,"LYS_181_B,VAL_189_B,THR_191_B"
THR_191_B,"THR_180_B,ASN_190_B"
PRO_192_B,"LEU_193_B,VAL_197_B,THR_261_B,LYS_265_B"
LEU_193_B,"PRO_192_B,ARG_194_B,LYS_195_B,ARG_260_B"
ARG_194_B,"LEU_193_B,LYS_195_B,LEU_201_B,LEU_257_B,SER_258_B"
LYS_195_B,"LEU_193_B,ARG_194_B,ASN_196_B"
ASN_196_B,"LYS_195_B,VAL_197_B"
VAL_197_B,"PRO_192_B,ASN_196_B,ARG_198_B,LEU_200_B,LEU_201_B"
ARG_198_B,"VAL_197_B,ASP_199_B,LEU_201_B,ILE_202_B,LEU_224_B,ASP_225_B"
ASP_199_B,"ARG_198_B,LEU_200_B,LEU_224_B"
LEU_200_B,"VAL_197_B,ASP_199_B,LEU_201_B,LYS_265_B"
LEU_201_B,"ARG_194_B,VAL_197_B,ARG_198_B,LEU_200_B,ILE_202_B,ASN_204_B"
ILE_202_B,"ARG_198_B,LEU_201_B,GLU_203_B,ILE_205_B,LYS_220_B,VAL_223_B,LEU_224_B,VAL_249_B"
GLU_203_B,"ILE_202_B,ASN_204_B,VAL_206_B,ARG_207_B,LYS_220_B"
ASN_204_B,"LEU_201_B,GLU_203_B,ILE_205_B,ARG_207_B"
ILE_205_B,"ILE_202_B,ASN_204_B,VAL_206_B,PHE_209_B,ILE_245_B,GLN_248_B,VAL_249_B"
VAL_206_B,"GLU_203_B,ILE_205_B,ARG_207_B,PHE_209_B,LYS_216_B,LEU_219_B"
ARG_207_B,"GLU_203_B,ASN_204_B,VAL_206_B,PHE_208_B,HIS_271_B"
PHE_208_B,"ARG_207_B,PHE_209_B"
PHE_209_B,"ILE_205_B,VAL_206_B,PHE_208_B,ILE_211_B,LEU_219_B,PHE_235_B,THR_241_B,ILE_245_B"
PRO_210_B,ILE_211_B
ILE_211_B,"PHE_209_B,PRO_210_B,GLU_212_B,LYS_216_B"
GLU_212_B,"ILE_211_B,GLN_213_B,SER_214_B,GLU_215_B,LYS_216_B"
GLN_213_B,"GLU_212_B,SER_214_B,ASP_217_B"
SER_214_B,"GLU_212_B,GLN_213_B,GLU_215_B,ASN_218_B"
GLU_215_B,"GLU_212_B,SER_214_B,LYS_216_B,LEU_219_B,HIS_239_B"
LYS_216_B,"VAL_206_B,ILE_211_B,GLU_212_B,GLU_215_B,ASP_217_B,LYS_220_B"
ASP_217_B,"GLN_213_B,LYS_216_B,ASN_218_B,LYS_220_B,ASP_221_B"
ASN_218_B,"SER_214_B,ASP_217_B,LEU_219_B,ALA_222_B"
LEU_219_B,"VAL_206_B,PHE_209_B,GLU_215_B,ASN_218_B,LYS_220_B,VAL_223_B,PHE_235_B"
LYS_220_B,"ILE_202_B,GLU_203_B,LYS_216_B,ASP_217_B,LEU_219_B,ASP_221_B,LEU_224_B"
ASP_221_B,"ASP_217_B,LYS_220_B,ALA_222_B,ARG_228_B,GLU_231_B"
ALA_222_B,"ASN_218_B,ASP_221_B,VAL_223_B,VAL_232_B"
VAL_223_B,"ILE_202_B,LEU_219_B,ALA_222_B,LEU_224_B,ASP_225_B,VAL_232_B,ILE_252_B,ALA_253_B"
LEU_224_B,"ARG_198_B,ASP_199_B,ILE_202_B,LYS_220_B,VAL_223_B,ASP_225_B"
ASP_225_B,"ARG_198_B,VAL_223_B,LEU_224_B,LYS_226_B"
LYS_226_B,"ASP_225_B,ASN_227_B"
ASN_227_B,"LYS_226_B,ARG_228_B"
ARG_228_B,"ASP_221_B,ASN_227_B,ARG_229_B,GLU_230_B,GLU_231_B"
ARG_229_B,"ARG_228_B,GLU_230_B,LYS_233_B,ASP_254_B"
GLU_230_B,"ARG_228_B,ARG_229_B,GLU_231_B,SER_234_B"
GLU_231_B,"ASP_221_B,ARG_228_B,GLU_230_B,VAL_232_B,SER_234_B,PHE_235_B"
VAL_232_B,"ALA_222_B,VAL_223_B,GLU_231_B,LYS_233_B,PHE_236_B,TYR_250_B"
LYS_233_B,"ARG_229_B,VAL_232_B,SER_234_B,ARG_237_B"
SER_234_B,"GLU_230_B,GLU_231_B,LYS_233_B,PHE_235_B,LYS_238_B"
PHE_235_B,"PHE_209_B,LEU_219_B,GLU_231_B,SER_234_B,PHE_236_B,HIS_239_B"
PHE_236_B,"VAL_232_B,PHE_235_B,ARG_237_B,THR_241_B,VAL_249_B"
ARG_237_B,"LYS_233_B,PHE_236_B,LYS_238_B"
LYS_238_B,"SER_234_B,ARG_237_B,HIS_239_B"
HIS_239_B,"GLU_215_B,PHE_235_B,LYS_238_B,LYS_240_B"
LYS_240_B,"HIS_239_B,THR_241_B"
THR_241_B,"PHE_209_B,PHE_236_B,LYS_240_B,ASP_242_B,ILE_245_B,ARG_246_B"
ASP_242_B,"THR_241_B,GLU_243_B,ARG_246_B"
GLU_243_B,"ASP_242_B,HIS_244_B,ARG_246_B,LYS_247_B"
HIS_244_B,"GLU_243_B,ILE_245_B,GLN_248_B"
ILE_245_B,"ILE_205_B,PHE_209_B,THR_241_B,HIS_244_B,ARG_246_B,VAL_249_B"
ARG_246_B,"THR_241_B,ASP_242_B,GLU_243_B,ILE_245_B,LYS_247_B,TYR_250_B"
LYS_247_B,"GLU_243_B,ARG_246_B,GLN_248_B,ASP_251_B"
GLN_248_B,"ILE_205_B,HIS_244_B,LYS_247_B,VAL_249_B,ILE_252_B"
VAL_249_B,"ILE_202_B,ILE_205_B,PHE_236_B,ILE_245_B,GLN_248_B,TYR_250_B,ALA_253_B"
TYR_250_B,"VAL_232_B,ARG_246_B,VAL_249_B,ASP_251_B"
ASP_251_B,"LYS_247_B,TYR_250_B,ILE_252_B"
ILE_252_B,"VAL_223_B,GLN_248_B,ASP_251_B,ALA_253_B,LEU_257_B"
ALA_253_B,"VAL_223_B,VAL_249_B,ILE_252_B,ASP_254_B"
ASP_254_B,"ARG_229_B,ALA_253_B,ASN_255_B"
ASN_255_B,"ASP_254_B,LYS_256_B"
LYS_256_B,"ASN_255_B,LEU_257_B"
LEU_257_B,"ARG_194_B,ILE_252_B,LYS_256_B,SER_258_B"
SER_258_B,"ARG_194_B,LEU_257_B,GLY_259_B"
GLY_259_B,"SER_258_B,ARG_260_B"
ARG_260_B,"ILE_178_B,LEU_193_B,GLY_259_B,THR_261_B"
THR_261_B,"PRO_192_B,ARG_260_B,VAL_262_B,PHE_263_B"
VAL_262_B,"THR_261_B,PHE_263_B"
PHE_263_B,"LYS_183_B,THR_261_B,VAL_262_B,CYS_264_B"
CYS_264_B,"VAL_189_B,PHE_263_B,LYS_265_B,HIS_267_B,ILE_268_B"
LYS_265_B,"PRO_192_B,LEU_200_B,CYS_264_B,GLU_266_B"
GLU_266_B,"LYS_265_B,HIS_267_B,GLU_270_B"
HIS_267_B,"ASP_186_B,CYS_187_B,CYS_264_B,GLU_266_B,ILE_268_B,GLU_270_B,GLU_273_B"
ILE_268_B,"CYS_264_B,HIS_267_B,LEU_269_B"
LEU_269_B,"ILE_268_B,GLU_270_B"
GLU_270_B,"GLU_266_B,HIS_267_B,LEU_269_B,HIS_271_B,GLU_273_B"
HIS_271_B,"LYS_183_B,ARG_207_B,GLU_270_B,THR_272_B,HIS_447_B"
THR_272_B,"HIS_271_B,GLU_273_B"
GLU_273_B,"HIS_267_B,GLU_270_B,THR_272_B,HIS_274_B"
HIS_274_B,"GLU_273_B,SER_275_B,HIS_447_B,ARG_472_B"
SER_275_B,HIS_274_B
VAL_281_B,"PHE_282_B,ARG_453_B"
PHE_282_B,"VAL_281_B,ARG_283_B"
ARG_283_B,"LYS_181_B,PHE_282_B,LEU_284_B,ARG_453_B"
LEU_284_B,"ARG_283_B,ALA_285_B,LYS_289_B,ILE_450_B"
ALA_285_B,"LEU_284_B,LEU_288_B,LYS_289_B"
PRO_286_B,"LEU_44_B,SER_287_B,THR_290_B"
SER_287_B,"PRO_286_B,LEU_288_B,LYS_291_B"
LEU_288_B,"ALA_285_B,SER_287_B,LYS_289_B,ILE_292_B"
LYS_289_B,"LEU_284_B,ALA_285_B,LEU_288_B,THR_290_B,GLU_293_B,TYR_454_B,ARG_458_B"
THR_290_B,"VAL_40_B,PRO_286_B,LYS_289_B,LYS_291_B,ASN_294_B"
LYS_291_B,"MET_36_B,ASP_38_B,SER_287_B,THR_290_B,ILE_292_B,VAL_295_B"
ILE_292_B,"LEU_288_B,LYS_291_B,GLU_293_B,LEU_296_B,TYR_454_B"
GLU_293_B,"LYS_289_B,ILE_292_B,ASN_294_B,ALA_297_B"
ASN_294_B,"THR_290_B,GLU_293_B,VAL_295_B"
VAL_295_B,"THR_16_B,LEU_18_B,LEU_34_B,LYS_291_B,ASN_294_B,LEU_296_B,ILE_299_B,MET_455_B"
LEU_296_B,"ILE_292_B,VAL_295_B,ALA_297_B,LYS_300_B,ARG_458_B"
ALA_297_B,"GLU_293_B,LEU_296_B,VAL_298_B"
VAL_298_B,"LEU_18_B,LEU_34_B,ALA_297_B,ILE_299_B,ASP_301_B,GLU_302_B"
ILE_299_B,"ILE_9_B,VAL_295_B,VAL_298_B,LYS_300_B,GLU_302_B,ILE_303_B,LEU_459_B"
LYS_300_B,"LEU_296_B,ILE_299_B,ASP_301_B,ARG_458_B"
ASP_301_B,"VAL_298_B,LYS_300_B,GLU_302_B"
GLU_302_B,"VAL_298_B,ILE_299_B,ASP_301_B,ILE_303_B,LYS_306_B"
ILE_303_B,"ILE_299_B,GLU_302_B,LEU_304_B"
LEU_304_B,ILE_303_B
PRO_305_B,LYS_306_B
LYS_306_B,"VAL_20_B,GLU_302_B,PRO_305_B,PHE_307_B"
PHE_307_B,"LYS_306_B,THR_308_B"
THR_308_B,"LEU_7_B,PHE_307_B,VAL_309_B"
VAL_309_B,"LEU_5_B,THR_308_B,ASN_310_B"
ASN_310_B,"VAL_6_B,LEU_7_B,VAL_309_B,LYS_311_B"
LYS_311_B,"ASN_310_B,VAL_312_B,LEU_459_B,LEU_468_B,GLU_471_B"
VAL_312_B,"VAL_6_B,LEU_7_B,ILE_9_B,LYS_311_B,VAL_313_B,GLN_473_B,LEU_504_B"
VAL_313_B,"ILE_9_B,VAL_312_B,MET_314_B,GLU_315_B,TRP_452_B,GLU_471_B"
MET_314_B,"ILE_9_B,VAL_313_B,GLU_315_B,LEU_504_B"
GLU_315_B,"TYR_11_B,VAL_313_B,MET_314_B,SER_316_B"
SER_316_B,"TYR_11_B,GLU_315_B,ASN_317_B"
ASN_317_B,"GLY_13_B,SER_316_B,ASN_318_B"
ASN_318_B,"ASN_317_B,ARG_491_B"
LYS_443_B,"TYR_444_B,TYR_477_B"
TYR_444_B,"LYS_443_B,MET_445_B"
MET_445_B,"TYR_444_B,SER_446_B"
SER_446_B,"MET_445_B,HIS_447_B,ARG_472_B"
HIS_447_B,"LYS_183_B,HIS_271_B,HIS_274_B,SER_446_B,ALA_448_B"
ALA_448_B,"HIS_447_B,SER_449_B,ARG_453_B"
SER_449_B,"ALA_448_B,ILE_450_B,ARG_453_B"
ILE_450_B,"LEU_284_B,SER_449_B,GLY_451_B,TYR_454_B"
GLY_451_B,"ILE_450_B,TRP_452_B,MET_455_B"
TRP_452_B,"VAL_313_B,GLY_451_B,ARG_453_B,ARG_456_B,ILE_470_B,ARG_472_B"
ARG_453_B,"GLU_185_B,VAL_281_B,ARG_283_B,ALA_448_B,SER_449_B,TRP_452_B,TYR_454_B,ARG_456_B,ASP_457_B"
TYR_454_B,"LYS_289_B,ILE_292_B,ILE_450_B,ARG_453_B,MET_455_B,ARG_458_B"
MET_455_B,"VAL_295_B,GLY_451_B,TYR_454_B,ARG_456_B,LEU_459_B"
ARG_456_B,"GLU_185_B,TRP_452_B,ARG_453_B,MET_455_B,ASP_457_B,ARG_460_B"
ASP_457_B,"GLU_185_B,ARG_453_B,ARG_456_B,ARG_458_B,ARG_460_B,GLU_461_B"
ARG_458_B,"LYS_289_B,LEU_296_B,LYS_300_B,TYR_454_B,ASP_457_B,LEU_459_B,GLU_461_B,SER_462_B"
LEU_459_B,"ILE_299_B,LYS_311_B,MET_455_B,ARG_458_B,ARG_460_B,ILE_470_B"
ARG_460_B,"ARG_456_B,ASP_457_B,LEU_459_B,GLU_461_B,ILE_470_B"
GLU_461_B,"ASP_457_B,ARG_458_B,ARG_460_B,SER_462_B"
SER_462_B,"ARG_458_B,GLU_461_B"
LEU_468_B,LYS_311_B
PRO_469_B,ILE_470_B
ILE_470_B,"TRP_452_B,LEU_459_B,ARG_460_B,PRO_469_B,GLU_471_B"
GLU_471_B,"LYS_311_B,VAL_313_B,ILE_470_B,ARG_472_B"
ARG_472_B,"HIS_274_B,SER_446_B,TRP_452_B,GLU_471_B,GLN_473_B"
GLN_473_B,"VAL_312_B,ARG_472_B,SER_474_B,THR_478_B,LEU_504_B"
SER_474_B,"GLN_473_B,GLY_475_B,THR_478_B"
GLY_475_B,"SER_474_B,ILE_476_B,ALA_479_B"
ILE_476_B,"GLY_475_B,TYR_477_B,TYR_480_B"
TYR_477_B,"LYS_443_B,ILE_476_B,THR_478_B,PHE_481_B"
THR_478_B,"GLN_473_B,SER_474_B,TYR_477_B,ALA_479_B,LEU_504_B"
ALA_479_B,"GLY_475_B,THR_478_B,TYR_480_B"
TYR_480_B,"ILE_476_B,ALA_479_B,PHE_481_B,TRP_484_B"
PHE_481_B,"TYR_477_B,TYR_480_B,ARG_482_B,LYS_508_B,TYR_510_B"
ARG_482_B,"PHE_481_B,ARG_483_B,TRP_485_B,PHE_487_B,LYS_489_B,HIS_496_B,ASP_500_B"
ARG_483_B,"ARG_482_B,TRP_484_B,GLY_486_B"
TRP_484_B,"TYR_480_B,ARG_483_B,TRP_485_B"
TRP_485_B,"ARG_482_B,TRP_484_B,GLY_486_B,LEU_515_B,MET_518_B"
GLY_486_B,"ARG_483_B,TRP_485_B,PHE_487_B"
PHE_487_B,"ARG_482_B,GLY_486_B,LYS_488_B,LEU_499_B"
LYS_488_B,"PHE_487_B,LYS_489_B"
LYS_489_B,"ARG_482_B,LYS_488_B,GLU_490_B"
GLU_490_B,"LYS_489_B,ARG_491_B,ASN_493_B,HIS_496_B"
ARG_491_B,"ASN_318_B,GLU_490_B,GLY_492_B"
GLY_492_B,"ARG_491_B,ASN_493_B"
ASN_493_B,"GLU_490_B,GLY_492_B,THR_494_B,HIS_496_B,HIS_497_B"
THR_494_B,"TYR_15_B,ASN_493_B,LEU_495_B,ALA_498_B"
LEU_495_B,"THR_494_B,HIS_496_B,LEU_499_B"
HIS_496_B,"ASP_10_B,ARG_482_B,GLU_490_B,ASN_493_B,LEU_495_B,HIS_497_B,ASP_500_B"
HIS_497_B,"ASP_10_B,ASN_493_B,HIS_496_B,ALA_498_B,ALA_501_B"
ALA_498_B,"ARG_33_B,THR_494_B,HIS_497_B,LEU_499_B,VAL_502_B"
LEU_499_B,"PHE_487_B,LEU_495_B,ALA_498_B,ASP_500_B,ILE_503_B"
ASP_500_B,"ASP_10_B,ARG_482_B,HIS_496_B,LEU_499_B,ALA_501_B,LEU_504_B"
ALA_501_B,"ALA_19_B,HIS_497_B,ASP_500_B,VAL_502_B"
VAL_502_B,"ALA_19_B,VAL_28_B,ALA_498_B,ALA_501_B,ILE_503_B"
ILE_503_B,"LEU_499_B,VAL_502_B,LEU_504_B,SER_506_B"
LEU_504_B,"VAL_312_B,MET_314_B,GLN_473_B,THR_478_B,ASP_500_B,ILE_503_B,ALA_505_B"
ALA_505_B,"VAL_21_B,LEU_504_B,SER_506_B"
SER_506_B,"ILE_503_B,ALA_505_B,ARG_507_B,LYS_508_B"
ARG_507_B,"ARG_23_B,HIS_25_B,ASN_26_B,SER_506_B,LYS_508_B"
LYS_508_B,"ARG_23_B,PHE_481_B,SER_506_B,ARG_507_B,GLY_509_B"
GLY_509_B,"LYS_508_B,TYR_510_B"
TYR_510_B,"PHE_481_B,GLY_509_B,SER_511_B"
SER_511_B,TYR_510_B
LEU_515_B,"TRP_485_B,VAL_516_B"
VAL_516_B,"LEU_515_B,ASP_517_B"
ASP_517_B,"VAL_516_B,MET_518_B"
MET_518_B,"TRP_485_B,ASP_517_B,THR_519_B"
THR_519_B,"MET_518_B,LEU_520_B"
LEU_520_B,THR_519_B
PRO_558_B,LEU_559_B
LEU_559_B,"PRO_558_B,SER_560_B,ILE_566_B,ARG_568_B,ILE_632_B"
SER_560_B,"LEU_559_B,TYR_561_B"
TYR_561_B,"SER_560_B,LYS_562_B,ILE_566_B"
LYS_562_B,"TYR_561_B,LYS_563_B"
LYS_563_B,"LYS_562_B,GLY_564_B"
GLY_564_B,"LYS_563_B,ILE_565_B"
ILE_565_B,"GLY_564_B,ILE_566_B"
ILE_566_B,"LEU_559_B,TYR_561_B,ILE_565_B,THR_567_B,ILE_632_B"
THR_567_B,"ILE_566_B,ARG_568_B"
ARG_568_B,"LEU_559_B,THR_567_B,ARG_569_B,GLU_574_B,CYS_630_B"
ARG_569_B,"ARG_568_B,PHE_570_B,LYS_620_B,LYS_629_B"
PHE_570_B,"ARG_569_B,MET_571_B,LEU_628_B,ILE_632_B"
MET_571_B,"PHE_570_B,VAL_572_B,GLU_574_B"
VAL_572_B,"MET_571_B,THR_573_B,VAL_625_B"
THR_573_B,"VAL_572_B,GLU_574_B"
GLU_574_B,"ARG_568_B,MET_571_B,THR_573_B,ILE_575_B"
ILE_575_B,"GLU_574_B,GLU_576_B,LEU_592_B"
GLU_576_B,"ILE_575_B,CYS_577_B,LYS_579_B"
CYS_577_B,"GLU_576_B,GLY_578_B"
GLY_578_B,"CYS_577_B,LYS_579_B,GLU_580_B"
LYS_579_B,"GLU_576_B,GLY_578_B,GLU_580_B"
GLU_580_B,"GLY_578_B,LYS_579_B,ASP_581_B"
ASP_581_B,"GLU_580_B,ASP_582_B,ARG_589_B,LYS_593_B"
ASP_582_B,"ASP_581_B,VAL_583_B,SER_631_B,LYS_633_B"
VAL_583_B,"ASP_582_B,ILE_584_B,ARG_589_B"
ILE_584_B,"VAL_583_B,SER_585_B,GLU_586_B,LYS_629_B"
SER_585_B,"ILE_584_B,GLU_586_B"
GLU_586_B,"ILE_584_B,SER_585_B,THR_587_B,ARG_589_B"
THR_587_B,"GLU_586_B,TYR_588_B"
TYR_588_B,"THR_587_B,ARG_589_B,LEU_592_B,MET_626_B"
ARG_589_B,"ASP_581_B,VAL_583_B,GLU_586_B,TYR_588_B,GLU_590_B,LYS_593_B"
GLU_590_B,"ARG_589_B,LYS_591_B,GLU_594_B"
LYS_591_B,"GLU_590_B,LEU_592_B"
LEU_592_B,"ILE_575_B,TYR_588_B,LYS_591_B,LYS_593_B,PHE_596_B"
LYS_593_B,"ASP_581_B,ARG_589_B,LEU_592_B,GLU_594_B"
GLU_594_B,"GLU_590_B,LYS_593_B,ALA_595_B,LYS_597_B,ARG_598_B"
ALA_595_B,"GLU_594_B,PHE_596_B"
PHE_596_B,"LEU_592_B,ALA_595_B,LYS_597_B"
LYS_597_B,"GLU_594_B,PHE_596_B,ARG_598_B"
ARG_598_B,"GLU_594_B,LYS_597_B,PHE_599_B"
PHE_599_B,"ARG_598_B,ASP_600_B"
ASP_600_B,PHE_599_B
LYS_610_B,"GLU_611_B,GLU_614_B"
GLU_611_B,"LYS_610_B,ALA_612_B,GLU_614_B,ALA_615_B"
ALA_612_B,"GLU_611_B,LYS_613_B,GLY_616_B,PHE_617_B"
LYS_613_B,"ALA_612_B,GLU_614_B"
GLU_614_B,"LYS_610_B,GLU_611_B,LYS_613_B,ALA_615_B"
ALA_615_B,"GLU_611_B,GLU_614_B,GLY_616_B"
GLY_616_B,"ALA_612_B,ALA_615_B,PHE_617_B"
PHE_617_B,"ALA_612_B,GLY_616_B,CYS_618_B"
CYS_618_B,"PHE_617_B,ILE_619_B"
ILE_619_B,"CYS_618_B,LYS_620_B"
LYS_620_B,"ARG_569_B,ILE_619_B,LYS_621_B,LEU_624_B"
LYS_621_B,"LYS_620_B,ASN_622_B"
ASN_622_B,"LYS_621_B,GLU_623_B,LEU_624_B"
GLU_623_B,"ASN_622_B,LEU_624_B"
LEU_624_B,"LYS_620_B,ASN_622_B,GLU_623_B,VAL_625_B"
VAL_625_B,"VAL_572_B,LEU_624_B,MET_626_B"
MET_626_B,"TYR_588_B,VAL_625_B,SER_627_B"
SER_627_B,"MET_626_B,LEU_628_B"
LEU_628_B,"PHE_570_B,SER_627_B,LYS_629_B"
LYS_629_B,"ARG_569_B,ILE_584_B,LEU_628_B,CYS_630_B"
CYS_630_B,"ARG_568_B,LYS_629_B,SER_631_B"
SER_631_B,"ASP_582_B,CYS_630_B,ILE_632_B"
ILE_632_B,"LEU_559_B,ILE_566_B,PHE_570_B,SER_631_B,LYS_633_B"
LYS_633_B,"ASP_582_B,ILE_632_B"
