residue_id,neighbors
ILE_2_A,LEU_3_A
LEU_3_A,"ILE_2_A,LYS_4_A,PHE_318_A,ILE_343_A"
LYS_4_A,"LEU_3_A,GLU_8_A,ASP_316_A"
PRO_5_A,"GLU_6_A,GLU_8_A,LYS_9_A"
GLU_6_A,"PRO_5_A,ASN_7_A,LYS_10_A"
ASN_7_A,"GLU_6_A,GLU_8_A,LEU_11_A"
GLU_8_A,"LYS_4_A,PRO_5_A,ASN_7_A,LYS_9_A,ILE_12_A,ASP_37_A,ILE_46_A"
LYS_9_A,"PRO_5_A,GLU_8_A,LYS_10_A,ILE_13_A,LYS_27_A,ASP_31_A"
LYS_10_A,"GLU_6_A,LYS_9_A,LEU_11_A,ASP_341_A,GLU_344_A"
LEU_11_A,"ASN_7_A,LYS_10_A,ILE_12_A,TYR_342_A"
ILE_12_A,"GLU_8_A,LEU_11_A,ILE_13_A,LEU_16_A,PHE_33_A,ILE_46_A"
ILE_13_A,"LYS_9_A,ILE_12_A,ASP_14_A,LYS_27_A"
ASP_14_A,"ILE_13_A,VAL_15_A,LYS_17_A,TYR_342_A"
VAL_15_A,"ASP_14_A,LEU_16_A,PHE_49_A,ILE_53_A,LEU_335_A"
LEU_16_A,"ILE_12_A,VAL_15_A,LYS_17_A,PHE_19_A,LEU_56_A"
LYS_17_A,"ASP_14_A,LEU_16_A,LYS_18_A,GLU_23_A"
LYS_18_A,"LYS_17_A,PHE_19_A"
PHE_19_A,"LEU_16_A,LYS_18_A,GLY_20_A,ILE_53_A,LYS_57_A"
GLY_20_A,"PHE_19_A,VAL_21_A,LYS_64_A"
VAL_21_A,"GLY_20_A,ASP_25_A"
PRO_22_A,GLU_23_A
GLU_23_A,"LYS_17_A,PRO_22_A,GLU_24_A,ALA_26_A,LYS_27_A"
GLU_24_A,"GLU_23_A,ASP_25_A,LYS_27_A"
ASP_25_A,"VAL_21_A,GLU_24_A,ALA_26_A,VAL_88_A"
ALA_26_A,"GLU_23_A,ASP_25_A,LYS_27_A,ALA_30_A"
LYS_27_A,"LYS_9_A,ILE_13_A,GLU_23_A,GLU_24_A,ALA_26_A,ILE_28_A"
ILE_28_A,"LYS_27_A,THR_29_A"
THR_29_A,"ILE_28_A,ALA_30_A,PHE_33_A"
ALA_30_A,"ALA_26_A,THR_29_A,ASP_31_A,VAL_34_A"
ASP_31_A,"LYS_9_A,ALA_30_A,VAL_32_A,ASP_35_A"
VAL_32_A,"ASP_31_A,PHE_33_A,GLN_87_A"
PHE_33_A,"ILE_12_A,THR_29_A,VAL_32_A,VAL_34_A,TYR_52_A"
VAL_34_A,"ALA_30_A,PHE_33_A,ASP_35_A,LEU_38_A"
ASP_35_A,"ASP_31_A,VAL_34_A,ALA_36_A,LYS_39_A,GLU_125_A,LYS_311_A"
ALA_36_A,"ASP_35_A,ASP_37_A,PHE_41_A,ILE_119_A"
ASP_37_A,"GLU_8_A,ALA_36_A,LEU_38_A,ILE_46_A,ARG_314_A,PHE_318_A"
LEU_38_A,"VAL_34_A,ASP_37_A,LYS_39_A"
LYS_39_A,"ASP_35_A,LEU_38_A,GLY_40_A,GLU_125_A,ASP_173_A,GLU_307_A,LYS_311_A"
GLY_40_A,"LYS_39_A,PHE_41_A,THR_42_A"
PHE_41_A,"ALA_36_A,GLY_40_A,THR_42_A,HIS_44_A,ILE_119_A,GLU_307_A"
THR_42_A,"GLY_40_A,PHE_41_A,SER_43_A"
SER_43_A,"THR_42_A,HIS_44_A"
HIS_44_A,"PHE_41_A,SER_43_A,GLY_45_A,ARG_48_A,HIS_116_A,ILE_119_A"
GLY_45_A,"HIS_44_A,ILE_46_A"
ILE_46_A,"GLU_8_A,ILE_12_A,ASP_37_A,GLY_45_A,GLY_47_A,PHE_49_A,LEU_324_A"
GLY_47_A,"ILE_46_A,ARG_48_A"
ARG_48_A,"HIS_44_A,GLY_47_A,PHE_49_A,HIS_116_A,THR_251_A"
PHE_49_A,"VAL_15_A,ILE_46_A,ARG_48_A,TYR_52_A"
PRO_50_A,GLN_51_A
GLN_51_A,"PRO_50_A,TYR_52_A"
TYR_52_A,"PHE_33_A,PHE_49_A,GLN_51_A,ILE_53_A,LEU_56_A,GLN_87_A,HIS_116_A"
ILE_53_A,"VAL_15_A,PHE_19_A,TYR_52_A,THR_54_A,LEU_56_A,LYS_57_A,ILE_331_A"
THR_54_A,"ILE_53_A,ALA_55_A,LEU_58_A,PRO_254_A"
ALA_55_A,"THR_54_A,LEU_56_A,GLY_59_A,ASN_60_A"
LEU_56_A,"LEU_16_A,TYR_52_A,ILE_53_A,ALA_55_A,LYS_57_A"
LYS_57_A,"PHE_19_A,ILE_53_A,LEU_56_A,LEU_58_A,GLU_334_A"
LEU_58_A,"THR_54_A,LYS_57_A,GLY_59_A"
GLY_59_A,"ALA_55_A,LEU_58_A,ASN_60_A"
ASN_60_A,"ALA_55_A,GLY_59_A,ILE_61_A,PRO_254_A"
ILE_61_A,"ASN_60_A,ASN_62_A"
ASN_62_A,"ILE_61_A,LEU_83_A"
PRO_63_A,LYS_64_A
LYS_64_A,"GLY_20_A,PRO_63_A"
PRO_65_A,"ASP_66_A,ILE_67_A"
ASP_66_A,"PRO_65_A,ILE_67_A,LYS_68_A,ASP_82_A"
ILE_67_A,"PRO_65_A,ASP_66_A,LYS_68_A,ILE_79_A"
LYS_68_A,"ASP_66_A,ILE_67_A,ILE_69_A,ASP_80_A"
ILE_69_A,"LYS_68_A,VAL_70_A,LEU_96_A"
VAL_70_A,"ILE_69_A,LYS_71_A,VAL_78_A"
LYS_71_A,"VAL_70_A,GLU_72_A"
GLU_72_A,"LYS_71_A,SER_73_A,LYS_99_A,LYS_100_A"
SER_73_A,"GLU_72_A,THR_76_A,LYS_100_A"
PRO_74_A,ALA_75_A
ALA_75_A,"PRO_74_A,THR_76_A,VAL_108_A"
THR_76_A,"SER_73_A,ALA_75_A,ALA_77_A"
ALA_77_A,"THR_76_A,VAL_78_A,LEU_96_A,VAL_108_A,ALA_110_A"
VAL_78_A,"VAL_70_A,ALA_77_A,ILE_79_A"
ILE_79_A,"ILE_67_A,VAL_78_A,ASP_80_A,ALA_93_A,VAL_109_A,ALA_110_A"
ASP_80_A,"LYS_68_A,ILE_79_A,GLY_81_A,ASP_82_A,ARG_112_A"
GLY_81_A,"ASP_80_A,ASP_82_A,GLY_84_A"
ASP_82_A,"ASP_66_A,ASP_80_A,GLY_81_A,LEU_83_A"
LEU_83_A,"ASN_62_A,ASP_82_A,GLY_84_A,ASN_113_A,ASN_115_A"
GLY_84_A,"GLY_81_A,LEU_83_A,LEU_85_A,ASN_115_A"
LEU_85_A,"GLY_84_A,GLY_86_A"
GLY_86_A,"LEU_85_A,GLN_87_A,GLY_90_A"
GLN_87_A,"VAL_32_A,TYR_52_A,GLY_86_A,VAL_88_A,LYS_91_A"
VAL_88_A,"ASP_25_A,GLN_87_A,VAL_89_A"
VAL_89_A,"VAL_88_A,GLY_90_A,ALA_93_A"
GLY_90_A,"GLY_86_A,VAL_89_A,LYS_91_A"
LYS_91_A,"GLN_87_A,GLY_90_A,LYS_92_A,GLU_95_A"
LYS_92_A,"LYS_91_A,ALA_93_A,LEU_96_A"
ALA_93_A,"ILE_79_A,VAL_89_A,LYS_92_A,ALA_97_A,VAL_109_A,THR_111_A,PHE_264_A"
GLU_95_A,"LYS_91_A,LEU_96_A,LYS_99_A"
LEU_96_A,"ILE_69_A,ALA_77_A,LYS_92_A,GLU_95_A,ALA_97_A"
ALA_97_A,"ALA_93_A,LEU_96_A,ILE_98_A"
ILE_98_A,"ALA_97_A,LYS_99_A,LYS_102_A"
LYS_99_A,"GLU_72_A,GLU_95_A,ILE_98_A,LYS_100_A"
LYS_100_A,"GLU_72_A,SER_73_A,LYS_99_A,ALA_101_A,ASN_103_A,VAL_104_A"
ALA_101_A,"LYS_100_A,LYS_102_A,GLY_105_A"
LYS_102_A,"ILE_98_A,ALA_101_A,ASN_103_A"
ASN_103_A,"LYS_100_A,LYS_102_A,VAL_104_A"
VAL_104_A,"LYS_100_A,ASN_103_A,GLY_105_A"
GLY_105_A,"ALA_101_A,VAL_104_A,VAL_106_A,ASN_268_A"
VAL_106_A,"GLY_105_A,GLY_107_A"
GLY_107_A,"VAL_106_A,VAL_108_A,ALA_266_A"
VAL_108_A,"ALA_75_A,ALA_77_A,GLY_107_A,VAL_109_A,LEU_263_A"
VAL_109_A,"ILE_79_A,ALA_93_A,VAL_108_A,ALA_110_A,PHE_264_A"
ALA_110_A,"ALA_77_A,ILE_79_A,VAL_109_A,THR_111_A"
THR_111_A,"ALA_93_A,ALA_110_A,ARG_112_A,ASP_262_A"
ARG_112_A,"ASP_80_A,THR_111_A,ASN_113_A,GLY_240_A"
ASN_113_A,"LEU_83_A,ARG_112_A,ALA_114_A"
ALA_114_A,"ASN_113_A,ASN_115_A"
ASN_115_A,"LEU_83_A,GLY_84_A,ALA_114_A,HIS_116_A"
HIS_116_A,"HIS_44_A,ARG_48_A,TYR_52_A,ASN_115_A,PHE_117_A"
PHE_117_A,"HIS_116_A,GLY_118_A,TYR_123_A,THR_136_A"
GLY_118_A,"PHE_117_A,ILE_119_A"
ILE_119_A,"ALA_36_A,PHE_41_A,HIS_44_A,GLY_118_A,ALA_120_A,TYR_122_A"
ALA_120_A,"ILE_119_A,GLY_121_A,TYR_123_A"
GLY_121_A,"ALA_120_A,TYR_122_A,GLU_125_A,ASP_173_A"
TYR_122_A,"ILE_119_A,GLY_121_A,TYR_123_A"
TYR_123_A,"PHE_117_A,ALA_120_A,TYR_122_A,SER_124_A,PHE_264_A"
SER_124_A,"TYR_123_A,GLU_125_A,THR_136_A,ALA_160_A"
GLU_125_A,"ASP_35_A,LYS_39_A,GLY_121_A,SER_124_A,LEU_126_A,ASN_129_A,LYS_169_A,SER_171_A,LYS_311_A"
LEU_126_A,"GLU_125_A,ALA_127_A"
ALA_127_A,"LEU_126_A,GLN_130_A"
ASN_129_A,"GLU_125_A,GLN_130_A"
GLN_130_A,"ALA_127_A,ASN_129_A,ASP_131_A"
ASP_131_A,"GLN_130_A,LYS_164_A,LYS_275_A,LYS_279_A"
ILE_133_A,"GLY_134_A,ILE_267_A"
GLY_134_A,"ILE_133_A,ILE_135_A,ALA_162_A"
ILE_135_A,"GLY_134_A,THR_136_A,ILE_265_A"
THR_136_A,"PHE_117_A,SER_124_A,ILE_135_A,ILE_137_A,ALA_160_A,PHE_264_A"
ILE_137_A,"THR_136_A,THR_138_A,ILE_159_A,LEU_236_A,LEU_263_A"
THR_138_A,"ILE_137_A,ASN_139_A,PRO_158_A,SER_237_A,ASP_262_A"
ASN_139_A,"THR_138_A,THR_140_A,LYS_260_A"
THR_140_A,"ASN_139_A,GLU_141_A"
GLU_141_A,"THR_140_A,GLY_250_A,THR_251_A,GLU_256_A"
PRO_142_A,ALA_143_A
ALA_143_A,"PRO_142_A,LEU_154_A"
PRO_146_A,"PHE_147_A,GLY_149_A,TYR_227_A"
PHE_147_A,"PRO_146_A,GLY_148_A,TYR_227_A"
GLY_148_A,"PHE_147_A,GLY_149_A"
GLY_149_A,"PRO_146_A,GLY_148_A,LYS_150_A"
LYS_150_A,"GLY_149_A,GLU_151_A,ASP_203_A"
GLU_151_A,"LYS_150_A,LYS_152_A"
LYS_152_A,"GLU_151_A,ILE_153_A,ARG_181_A"
ILE_153_A,"LYS_152_A,LEU_154_A,THR_246_A"
LEU_154_A,"ALA_143_A,ILE_153_A,GLY_155_A"
GLY_155_A,"LEU_154_A,THR_156_A,GLU_234_A"
THR_156_A,"GLY_155_A,ASN_157_A,ALA_177_A"
ASN_157_A,"THR_156_A,THR_176_A,ILE_233_A,GLU_234_A"
PRO_158_A,"THR_138_A,ILE_159_A"
ILE_159_A,"ILE_137_A,PRO_158_A,ALA_160_A"
ALA_160_A,"SER_124_A,THR_136_A,ILE_159_A,ILE_161_A"
ILE_161_A,"ALA_160_A,ALA_162_A,LEU_172_A"
ALA_162_A,"GLY_134_A,ILE_161_A,PHE_163_A"
PHE_163_A,"ALA_162_A,LYS_164_A,PHE_170_A,VAL_282_A"
LYS_164_A,"ASP_131_A,PHE_163_A,GLY_165_A,LYS_279_A"
GLY_165_A,"LYS_164_A,ASN_166_A,TYR_168_A"
ASN_166_A,"GLY_165_A,LYS_167_A,ASP_283_A"
LYS_167_A,"ASN_166_A,TYR_168_A,ASP_283_A,ASP_287_A"
TYR_168_A,"GLY_165_A,LYS_167_A,LYS_169_A,ASP_283_A,LEU_286_A,ASP_287_A"
LYS_169_A,"GLU_125_A,TYR_168_A,PHE_170_A,GLY_304_A,GLU_308_A"
PHE_170_A,"PHE_163_A,LYS_169_A,SER_171_A,LEU_172_A"
SER_171_A,"GLU_125_A,PHE_170_A,LEU_172_A"
LEU_172_A,"ILE_161_A,PHE_170_A,SER_171_A,ASP_173_A,PRO_303_A"
ASP_173_A,"LYS_39_A,GLY_121_A,LEU_172_A"
ALA_175_A,THR_176_A
THR_176_A,"ASN_157_A,ALA_175_A,ALA_177_A,PHE_221_A,ILE_233_A"
ALA_177_A,"THR_156_A,THR_176_A,SER_178_A"
SER_178_A,"ALA_177_A,ILE_179_A,LEU_219_A"
ILE_179_A,"SER_178_A,ALA_180_A,ILE_184_A,ILE_194_A,ILE_218_A"
ALA_180_A,"ILE_179_A,ARG_181_A"
ARG_181_A,"LYS_152_A,ALA_180_A,GLY_182_A,LEU_185_A,LEU_214_A"
GLY_182_A,"ARG_181_A,LYS_183_A,ILE_184_A"
LYS_183_A,"GLY_182_A,ILE_184_A,GLU_186_A"
ILE_184_A,"ILE_179_A,GLY_182_A,LYS_183_A,LEU_185_A,GLU_186_A,ALA_187_A"
LEU_185_A,"ARG_181_A,ILE_184_A,GLU_186_A"
GLU_186_A,"LYS_183_A,ILE_184_A,LEU_185_A,ALA_187_A,ARG_189_A,LYS_190_A"
ALA_187_A,"ILE_184_A,GLU_186_A,LEU_188_A,ILE_192_A,PRO_210_A"
LEU_188_A,"ALA_187_A,ARG_189_A,LEU_214_A"
ARG_189_A,"GLU_186_A,LEU_188_A,LYS_190_A,LYS_191_A"
LYS_190_A,"GLU_186_A,ARG_189_A,LYS_191_A,ILE_192_A"
LYS_191_A,"ARG_189_A,LYS_190_A,ILE_192_A"
ILE_192_A,"ALA_187_A,LYS_190_A,LYS_191_A,LYS_193_A"
LYS_193_A,"ILE_192_A,ILE_194_A,ASP_209_A"
ILE_194_A,"ILE_179_A,LYS_193_A"
PRO_195_A,GLU_196_A
GLU_196_A,"PRO_195_A,GLY_197_A"
GLY_197_A,"GLU_196_A,CYS_198_A"
CYS_198_A,"GLY_197_A,ALA_199_A"
ALA_199_A,"CYS_198_A,VAL_200_A,ALA_213_A"
VAL_200_A,"ALA_199_A,ASP_201_A"
ASP_201_A,"VAL_200_A,LYS_202_A,ASP_203_A,THR_207_A,LYS_212_A"
LYS_202_A,"ASP_201_A,ASP_203_A"
ASP_203_A,"LYS_150_A,ASP_201_A,LYS_202_A,GLY_204_A"
GLY_204_A,"ASP_203_A,LYS_205_A"
LYS_205_A,GLY_204_A
PRO_206_A,THR_207_A
THR_207_A,"ASP_201_A,PRO_206_A,THR_208_A,ASP_209_A"
THR_208_A,"THR_207_A,ASP_209_A"
ASP_209_A,"LYS_193_A,THR_207_A,THR_208_A,LYS_212_A"
PRO_210_A,"ALA_187_A,ALA_211_A"
ALA_211_A,"PRO_210_A,LYS_212_A"
LYS_212_A,"ASP_201_A,ASP_209_A,ALA_211_A,ALA_213_A,GLY_216_A"
ALA_213_A,"ALA_199_A,LYS_212_A,LEU_214_A"
LEU_214_A,"ARG_181_A,LEU_188_A,ALA_213_A,GLU_215_A"
GLU_215_A,"LEU_214_A,GLY_216_A"
GLY_216_A,"LYS_212_A,GLU_215_A,CYS_217_A"
CYS_217_A,"GLY_216_A,ILE_218_A"
ILE_218_A,"ILE_179_A,CYS_217_A,LEU_219_A"
LEU_219_A,"SER_178_A,ILE_218_A"
PRO_220_A,PHE_221_A
PHE_221_A,"THR_176_A,PRO_220_A,GLY_222_A"
GLY_222_A,"PHE_221_A,GLY_223_A,GLY_226_A"
GLY_223_A,GLY_222_A
PRO_224_A,"LYS_225_A,GLY_228_A"
LYS_225_A,"PRO_224_A,GLY_226_A,GLY_228_A"
GLY_226_A,"GLY_222_A,LYS_225_A,TYR_227_A,ALA_230_A"
TYR_227_A,"PRO_146_A,PHE_147_A,GLY_226_A,GLY_228_A,LEU_231_A"
GLY_228_A,"PRO_224_A,LYS_225_A,TYR_227_A,LEU_229_A,ALA_232_A"
LEU_229_A,"GLY_228_A,ALA_230_A,ILE_233_A"
ALA_230_A,"GLY_226_A,LEU_229_A,LEU_231_A,GLU_234_A"
LEU_231_A,"TYR_227_A,ALA_230_A,ALA_232_A"
ALA_232_A,"GLY_228_A,LEU_231_A,ILE_233_A,LEU_236_A"
ILE_233_A,"ASN_157_A,THR_176_A,LEU_229_A,ALA_232_A,GLU_234_A,SER_237_A"
GLU_234_A,"GLY_155_A,ASN_157_A,ALA_230_A,ILE_233_A,GLY_245_A"
LEU_236_A,"ILE_137_A,ALA_232_A,SER_237_A"
SER_237_A,"THR_138_A,ILE_233_A,LEU_236_A,ALA_238_A"
ALA_238_A,"SER_237_A,ILE_239_A,GLY_240_A,VAL_244_A"
ILE_239_A,"ALA_238_A,GLY_240_A,LEU_263_A"
GLY_240_A,"ARG_112_A,ALA_238_A,ILE_239_A,GLY_241_A"
GLY_241_A,"GLY_240_A,ALA_242_A"
ALA_242_A,"GLY_241_A,GLU_243_A"
GLU_243_A,"ALA_242_A,VAL_244_A,LYS_247_A,THR_259_A"
VAL_244_A,"ALA_238_A,GLU_243_A,GLY_245_A"
GLY_245_A,"GLU_234_A,VAL_244_A,THR_246_A"
THR_246_A,"ILE_153_A,GLY_245_A,LYS_247_A"
LYS_247_A,"GLU_243_A,THR_246_A,VAL_248_A,THR_259_A"
VAL_248_A,"LYS_247_A,LYS_249_A"
LYS_249_A,"VAL_248_A,GLY_250_A,GLU_256_A,THR_259_A"
GLY_250_A,"GLU_141_A,LYS_249_A,THR_251_A"
THR_251_A,"ARG_48_A,GLU_141_A,GLY_250_A,ALA_252_A,LYS_260_A"
ALA_252_A,"THR_251_A,ASN_253_A"
ASN_253_A,ALA_252_A
PRO_254_A,"THR_54_A,ASN_60_A,GLU_255_A"
GLU_255_A,"PRO_254_A,GLU_256_A"
GLU_256_A,"GLU_141_A,LYS_249_A,GLU_255_A,ARG_257_A"
ARG_257_A,"GLU_256_A,CYS_258_A"
CYS_258_A,"ARG_257_A,THR_259_A"
THR_259_A,"GLU_243_A,LYS_247_A,LYS_249_A,CYS_258_A,LYS_260_A"
LYS_260_A,"ASN_139_A,THR_251_A,THR_259_A,GLY_261_A,ASP_262_A"
GLY_261_A,"LYS_260_A,ASP_262_A"
ASP_262_A,"THR_111_A,THR_138_A,LYS_260_A,GLY_261_A,LEU_263_A,PHE_264_A"
LEU_263_A,"VAL_108_A,ILE_137_A,ILE_239_A,ASP_262_A,PHE_264_A"
PHE_264_A,"ALA_93_A,VAL_109_A,TYR_123_A,THR_136_A,ASP_262_A,LEU_263_A,ILE_265_A"
ILE_265_A,"ILE_135_A,PHE_264_A,ALA_266_A"
ALA_266_A,"GLY_107_A,ILE_265_A,ILE_267_A"
ILE_267_A,"ILE_133_A,ALA_266_A,ASN_268_A,PHE_272_A"
ASN_268_A,"GLY_105_A,ILE_267_A"
PRO_269_A,"GLU_270_A,PHE_272_A,GLY_274_A,PHE_278_A"
GLU_270_A,"PRO_269_A,PHE_271_A,LYS_275_A"
PHE_271_A,"GLU_270_A,PHE_272_A"
PHE_272_A,"ILE_267_A,PRO_269_A,PHE_271_A"
GLY_274_A,"PRO_269_A,LYS_275_A,PHE_278_A"
LYS_275_A,"ASP_131_A,GLU_270_A,GLY_274_A,GLU_276_A,LYS_279_A"
GLU_276_A,"LYS_275_A,GLU_277_A,LYS_279_A,ARG_280_A"
GLU_277_A,"GLU_276_A,PHE_278_A,ARG_280_A"
PHE_278_A,"PRO_269_A,GLY_274_A,GLU_277_A,LYS_279_A,LYS_281_A,VAL_282_A"
LYS_279_A,"ASP_131_A,LYS_164_A,LYS_275_A,GLU_276_A,PHE_278_A,ARG_280_A"
ARG_280_A,"GLU_276_A,GLU_277_A,LYS_279_A,LYS_281_A,GLU_284_A"
LYS_281_A,"PHE_278_A,ARG_280_A,VAL_282_A,GLU_284_A,LEU_285_A"
VAL_282_A,"PHE_163_A,PHE_278_A,LYS_281_A,ASP_283_A,LEU_286_A"
ASP_283_A,"ASN_166_A,LYS_167_A,TYR_168_A,VAL_282_A,GLU_284_A,ASP_287_A"
GLU_284_A,"ARG_280_A,LYS_281_A,ASP_283_A,LEU_285_A,GLU_288_A"
LEU_285_A,"LYS_281_A,GLU_284_A,LEU_286_A,ILE_289_A"
LEU_286_A,"TYR_168_A,VAL_282_A,LEU_285_A,ASP_287_A,LYS_290_A,ILE_302_A"
ASP_287_A,"LYS_167_A,TYR_168_A,ASP_283_A,LEU_286_A,GLU_288_A"
GLU_288_A,"GLU_284_A,ASP_287_A,ILE_289_A"
ILE_289_A,"LEU_285_A,GLU_288_A,LYS_290_A,SER_292_A,ILE_302_A"
LYS_290_A,"LEU_286_A,ILE_289_A,ASN_291_A,GLU_299_A,ILE_300_A,GLU_305_A,ARG_309_A"
ASN_291_A,"LYS_290_A,SER_292_A"
SER_292_A,"ILE_289_A,ASN_291_A,GLU_293_A"
GLU_293_A,SER_292_A
PRO_294_A,ALA_295_A
ALA_295_A,"PRO_294_A,GLU_296_A"
GLU_296_A,"ALA_295_A,GLY_297_A,PHE_298_A"
GLY_297_A,"GLU_296_A,PHE_298_A"
PHE_298_A,"GLU_296_A,GLY_297_A,GLU_299_A"
GLU_299_A,"LYS_290_A,PHE_298_A,ILE_300_A,GLU_305_A,ARG_309_A"
ILE_300_A,"LYS_290_A,GLU_299_A,LEU_301_A"
LEU_301_A,"ILE_300_A,ILE_302_A,ILE_306_A"
ILE_302_A,"LEU_286_A,ILE_289_A,LEU_301_A,GLU_305_A"
PRO_303_A,"LEU_172_A,GLY_304_A"
GLY_304_A,"LYS_169_A,PRO_303_A,GLU_305_A"
GLU_305_A,"LYS_290_A,GLU_299_A,ILE_302_A,GLY_304_A,ILE_306_A,ARG_309_A"
ILE_306_A,"LEU_301_A,GLU_305_A,GLU_307_A,ASN_310_A"
GLU_307_A,"LYS_39_A,PHE_41_A,ILE_306_A,GLU_308_A,LYS_311_A"
GLU_308_A,"LYS_169_A,GLU_307_A,ARG_309_A"
ARG_309_A,"LYS_290_A,GLU_299_A,GLU_305_A,GLU_308_A,ASN_310_A"
ASN_310_A,"ILE_306_A,ARG_309_A,LYS_311_A,ARG_314_A"
LYS_311_A,"ASP_35_A,LYS_39_A,GLU_125_A,GLU_307_A,ASN_310_A"
LYS_313_A,ARG_314_A
ARG_314_A,"ASP_37_A,ASN_310_A,LYS_313_A,LYS_315_A"
LYS_315_A,"ARG_314_A,ASP_316_A"
ASP_316_A,"LYS_4_A,LYS_315_A,GLY_317_A"
GLY_317_A,"ASP_316_A,PHE_318_A"
PHE_318_A,"LEU_3_A,ASP_37_A,GLY_317_A,GLU_319_A,ILE_320_A"
GLU_319_A,"PHE_318_A,ILE_320_A"
ILE_320_A,"PHE_318_A,GLU_319_A,ASP_321_A,LEU_324_A"
ASP_321_A,"ILE_320_A,LYS_322_A,ASN_323_A,LEU_324_A,TYR_325_A"
LYS_322_A,"ASP_321_A,ASN_323_A,ASN_326_A"
ASN_323_A,"ASP_321_A,LYS_322_A,LEU_324_A"
LEU_324_A,"ILE_46_A,ILE_320_A,ASP_321_A,ASN_323_A,TYR_325_A,GLN_327_A,LEU_328_A"
TYR_325_A,"ASP_321_A,LEU_324_A,ASN_326_A,LYS_329_A"
ASN_326_A,"LYS_322_A,TYR_325_A,GLN_327_A,GLU_330_A"
GLN_327_A,"LEU_324_A,ASN_326_A,LEU_328_A"
LEU_328_A,"LEU_324_A,GLN_327_A,LYS_329_A,CYS_332_A"
LYS_329_A,"TYR_325_A,LEU_328_A,GLU_330_A,ASN_333_A,GLU_340_A"
GLU_330_A,"ASN_326_A,LYS_329_A,ILE_331_A,GLU_334_A"
ILE_331_A,"ILE_53_A,GLU_330_A,CYS_332_A"
CYS_332_A,"LEU_328_A,ILE_331_A,ASN_333_A,LEU_337_A"
ASN_333_A,"LYS_329_A,CYS_332_A,GLU_334_A,LEU_335_A"
GLU_334_A,"LYS_57_A,GLU_330_A,ASN_333_A,LEU_335_A"
LEU_335_A,"VAL_15_A,ASN_333_A,GLU_334_A,GLY_336_A"
GLY_336_A,"LEU_335_A,LEU_337_A"
LEU_337_A,"CYS_332_A,GLY_336_A,ASN_338_A"
ASN_338_A,"LEU_337_A,ILE_339_A,ASP_341_A"
ILE_339_A,"ASN_338_A,GLU_340_A,ASP_341_A,TYR_342_A,ILE_343_A"
GLU_340_A,"LYS_329_A,ILE_339_A,ASP_341_A"
ASP_341_A,"LYS_10_A,ASN_338_A,ILE_339_A,GLU_340_A,TYR_342_A"
TYR_342_A,"LEU_11_A,ASP_14_A,ILE_339_A,ASP_341_A,ILE_343_A"
ILE_343_A,"LEU_3_A,ILE_339_A,TYR_342_A,GLU_344_A"
GLU_344_A,"LYS_10_A,ILE_343_A"
