residue_id,neighbors
ARG_123_A,ARG_124_A
ARG_124_A,"ARG_123_A,ARG_125_A,TRP_294_A,GLU_296_A"
ARG_125_A,"ARG_124_A,ASN_126_A,GLU_191_A"
ASN_126_A,"ARG_125_A,LEU_127_A,LEU_128_A,SER_291_A"
LEU_127_A,"ASN_126_A,LEU_128_A,ILE_186_A,LEU_188_A,VAL_293_A"
LEU_128_A,"ASN_126_A,LEU_127_A,ARG_129_A,GLN_184_A,ILE_186_A"
ARG_129_A,"LEU_128_A,ASN_130_A,GLU_135_A,GLU_138_A,GLN_184_A"
ASN_130_A,"ARG_129_A,TRP_140_A"
PRO_131_A,CYS_132_A
CYS_132_A,"PRO_131_A,GLY_133_A"
GLY_133_A,"CYS_132_A,GLU_134_A,GLU_135_A,ASP_136_A"
GLU_134_A,"GLY_133_A,GLU_135_A,LYS_171_A"
GLU_135_A,"ARG_129_A,GLY_133_A,GLU_134_A,ASP_136_A,GLU_138_A"
ASP_136_A,"GLY_133_A,GLU_135_A,LEU_137_A,GLU_138_A"
LEU_137_A,"ASP_136_A,GLU_138_A"
GLU_138_A,"ARG_129_A,GLU_135_A,ASP_136_A,LEU_137_A,GLY_139_A"
GLY_139_A,"GLU_138_A,TRP_140_A"
TRP_140_A,"ASN_130_A,GLY_139_A,SER_141_A,LYS_182_A,GLN_184_A"
SER_141_A,"TRP_140_A,ASP_142_A,ALA_183_A"
ASP_142_A,"SER_141_A,VAL_143_A,ARG_269_A,GLU_271_A"
VAL_143_A,"ASP_142_A,GLU_144_A"
GLU_144_A,"VAL_143_A,HIS_145_A,ARG_181_A,GLU_271_A"
HIS_145_A,"GLU_144_A,GLY_146_A"
GLY_146_A,"HIS_145_A,GLY_147_A,GLY_149_A"
GLY_147_A,"GLY_146_A,ASP_148_A"
ASP_148_A,"GLY_147_A,GLY_149_A,LYS_281_A,TRP_283_A"
GLY_149_A,"GLY_146_A,ASP_148_A,TRP_150_A,TRP_283_A"
TRP_150_A,"GLY_149_A,LYS_151_A,PHE_173_A,CYS_180_A,ARG_181_A,LYS_182_A,VAL_288_A"
LYS_151_A,"TRP_150_A,VAL_152_A,GLU_153_A,ALA_174_A"
VAL_152_A,"LYS_151_A,GLU_153_A,LYS_171_A"
GLU_153_A,"LYS_151_A,VAL_152_A,GLU_154_A,ASP_158_A,TYR_172_A,ARG_214_A,ARG_287_A"
GLU_154_A,"GLU_153_A,LEU_155_A,LYS_171_A"
LEU_155_A,"GLU_154_A,PHE_163_A,TYR_172_A"
PRO_156_A,GLY_157_A
GLY_157_A,"PRO_156_A,ASP_158_A"
ASP_158_A,"GLU_153_A,GLY_157_A,ASN_159_A,ARG_214_A"
ASN_159_A,"ASP_158_A,GLY_160_A,THR_215_A"
GLY_160_A,"ASN_159_A,VAL_161_A"
VAL_161_A,"GLY_160_A,GLU_162_A"
GLU_162_A,"VAL_161_A,PHE_163_A"
PHE_163_A,"LEU_155_A,GLU_162_A,THR_164_A,TRP_210_A,TRP_251_A"
THR_164_A,"PHE_163_A,GLN_165_A"
GLN_165_A,"THR_164_A,ASP_166_A"
ASP_166_A,"GLN_165_A,ASP_167_A,SER_168_A,VAL_169_A"
ASP_167_A,"ASP_166_A,SER_168_A"
SER_168_A,"ASP_166_A,ASP_167_A,VAL_169_A"
VAL_169_A,"ASP_166_A,SER_168_A,LYS_170_A"
LYS_170_A,"VAL_169_A,LYS_171_A"
LYS_171_A,"GLU_134_A,VAL_152_A,GLU_154_A,LYS_170_A,TYR_172_A,THR_289_A"
TYR_172_A,"GLU_153_A,LEU_155_A,LYS_171_A,PHE_173_A,ARG_287_A"
PHE_173_A,"TRP_150_A,TYR_172_A,ALA_174_A,VAL_288_A"
ALA_174_A,"LYS_151_A,PHE_173_A,SER_175_A"
SER_175_A,"ALA_174_A,SER_176_A,GLY_285_A,ALA_286_A"
SER_176_A,"SER_175_A,PHE_177_A,ASP_276_A,GLY_282_A"
PHE_177_A,"SER_176_A,GLU_178_A"
GLU_178_A,"PHE_177_A,TRP_179_A"
TRP_179_A,"GLU_178_A,CYS_180_A,GLU_222_A"
CYS_180_A,"TRP_150_A,TRP_179_A,ARG_181_A,GLY_274_A"
ARG_181_A,"GLU_144_A,TRP_150_A,CYS_180_A,LYS_182_A,GLU_222_A,GLU_271_A"
LYS_182_A,"TRP_140_A,TRP_150_A,ARG_181_A,ALA_183_A,HIS_272_A"
ALA_183_A,"SER_141_A,LYS_182_A,GLN_184_A"
GLN_184_A,"LEU_128_A,ARG_129_A,TRP_140_A,ALA_183_A,VAL_185_A,PHE_270_A"
VAL_185_A,"GLN_184_A,ILE_186_A"
ILE_186_A,"LEU_127_A,LEU_128_A,VAL_185_A,ASP_187_A,VAL_268_A"
ASP_187_A,"ILE_186_A,LEU_188_A,GLN_189_A,ARG_266_A"
LEU_188_A,"LEU_127_A,ASP_187_A,GLN_189_A,TYR_193_A,ARG_266_A"
GLN_189_A,"ASP_187_A,LEU_188_A,ALA_190_A,GLU_191_A,GLY_192_A"
ALA_190_A,"GLN_189_A,GLU_191_A"
GLU_191_A,"ARG_125_A,GLN_189_A,ALA_190_A,GLY_192_A"
GLY_192_A,"GLN_189_A,GLU_191_A,TYR_193_A"
TYR_193_A,"LEU_188_A,GLY_192_A,TRP_194_A,VAL_295_A"
TRP_194_A,"TYR_193_A,GLU_195_A,LEU_197_A"
GLU_195_A,"TRP_194_A,GLU_196_A,ASP_199_A,GLU_230_A"
GLU_196_A,"GLU_195_A,LEU_197_A,THR_200_A"
LEU_197_A,"TRP_194_A,GLU_196_A,LEU_198_A"
LEU_198_A,"LEU_197_A,ASP_199_A"
ASP_199_A,"GLU_195_A,LEU_198_A,THR_200_A,GLY_264_A"
THR_200_A,"GLU_196_A,ASP_199_A,THR_201_A"
THR_201_A,"THR_200_A,GLN_202_A"
GLN_202_A,"THR_201_A,TYR_261_A,GLY_262_A"
PRO_203_A,"ALA_204_A,TYR_261_A,VAL_295_A"
ALA_204_A,"PRO_203_A,ILE_205_A,GLU_296_A"
ILE_205_A,"ALA_204_A,VAL_206_A,PHE_258_A"
VAL_206_A,"ILE_205_A,VAL_207_A,TRP_294_A"
VAL_207_A,"VAL_206_A,LYS_208_A,VAL_225_A,HIS_256_A,PHE_258_A,PHE_270_A"
LYS_208_A,"VAL_207_A,ASP_209_A,GLU_253_A,SER_292_A"
ASP_209_A,"LYS_208_A,TRP_210_A,TYR_221_A,ILE_254_A,HIS_272_A,SER_291_A"
TRP_210_A,"PHE_163_A,ASP_209_A,TYR_211_A,GLU_253_A"
TYR_211_A,"TRP_210_A,SER_212_A,TYR_221_A,VAL_245_A,MET_252_A,ILE_254_A"
SER_212_A,"TYR_211_A,GLY_213_A,ARG_287_A"
GLY_213_A,"SER_212_A,ARG_214_A"
ARG_214_A,"GLU_153_A,ASP_158_A,GLY_213_A,THR_215_A,ASP_216_A,ARG_287_A"
THR_215_A,"ASN_159_A,ARG_214_A,ASP_216_A"
ASP_216_A,"ARG_214_A,THR_215_A,ALA_217_A"
ALA_217_A,"ASP_216_A,GLY_218_A"
GLY_218_A,"ALA_217_A,SER_219_A,SER_277_A"
SER_219_A,"GLY_218_A,LEU_220_A"
LEU_220_A,"SER_219_A,TYR_221_A,GLN_275_A"
TYR_221_A,"ASP_209_A,TYR_211_A,LEU_220_A,GLU_222_A,LEU_223_A,VAL_243_A,VAL_245_A,VAL_288_A"
GLU_222_A,"TRP_179_A,ARG_181_A,TYR_221_A,LEU_223_A,GLY_273_A"
LEU_223_A,"TYR_221_A,GLU_222_A,THR_224_A,VAL_225_A,THR_240_A"
THR_224_A,"LEU_223_A,VAL_225_A,GLU_271_A"
VAL_225_A,"VAL_207_A,LEU_223_A,THR_224_A,ARG_226_A,PHE_238_A,PHE_258_A,PHE_270_A"
ARG_226_A,"VAL_225_A,LEU_227_A,GLU_237_A,ARG_269_A"
LEU_227_A,"ARG_226_A,LEU_228_A,LEU_235_A,ALA_236_A,TYR_261_A"
LEU_228_A,"LEU_227_A,SER_229_A,ARG_266_A,PHE_267_A"
SER_229_A,"LEU_228_A,GLU_230_A,GLU_232_A,ASP_233_A"
GLU_230_A,"GLU_195_A,SER_229_A,ASN_231_A,ARG_266_A"
ASN_231_A,"GLU_230_A,GLU_232_A"
GLU_232_A,"SER_229_A,ASN_231_A,ASP_233_A"
ASP_233_A,"SER_229_A,GLU_232_A,VAL_234_A"
VAL_234_A,"ASP_233_A,LEU_235_A"
LEU_235_A,"LEU_227_A,VAL_234_A,ALA_236_A"
ALA_236_A,"LEU_227_A,LEU_235_A,GLU_237_A"
GLU_237_A,"ARG_226_A,ALA_236_A,PHE_238_A"
PHE_238_A,"VAL_225_A,GLU_237_A,ALA_239_A,HIS_256_A,PHE_258_A"
ALA_239_A,"PHE_238_A,THR_240_A"
THR_240_A,"LEU_223_A,ALA_239_A,GLY_241_A,ILE_254_A"
GLY_241_A,"THR_240_A,GLN_242_A"
GLN_242_A,"GLY_241_A,VAL_243_A"
VAL_243_A,"TYR_221_A,GLN_242_A,ALA_244_A"
ALA_244_A,"VAL_243_A,VAL_245_A"
VAL_245_A,"TYR_211_A,TYR_221_A,ALA_244_A,GLU_247_A"
PRO_246_A,"GLU_247_A,MET_252_A"
GLU_247_A,"VAL_245_A,PRO_246_A,ASP_248_A"
ASP_248_A,"GLU_247_A,GLY_249_A,SER_250_A"
GLY_249_A,"ASP_248_A,SER_250_A"
SER_250_A,"ASP_248_A,GLY_249_A,TRP_251_A"
TRP_251_A,"PHE_163_A,SER_250_A,MET_252_A"
MET_252_A,"TYR_211_A,PRO_246_A,TRP_251_A,GLU_253_A"
GLU_253_A,"LYS_208_A,TRP_210_A,MET_252_A,ILE_254_A"
ILE_254_A,"ASP_209_A,TYR_211_A,THR_240_A,GLU_253_A,SER_255_A"
SER_255_A,"ILE_254_A,HIS_256_A"
HIS_256_A,"VAL_207_A,PHE_238_A,SER_255_A,THR_257_A"
THR_257_A,"HIS_256_A,PHE_258_A"
PHE_258_A,"ILE_205_A,VAL_207_A,VAL_225_A,PHE_238_A,THR_257_A,ILE_259_A"
ILE_259_A,"PHE_258_A,ASP_260_A,TYR_261_A"
ASP_260_A,"ILE_259_A,TYR_261_A"
TYR_261_A,"GLN_202_A,PRO_203_A,LEU_227_A,ILE_259_A,ASP_260_A,GLY_262_A,VAL_265_A"
GLY_262_A,"GLN_202_A,TYR_261_A"
PRO_263_A,GLY_264_A
GLY_264_A,"ASP_199_A,PRO_263_A,VAL_265_A"
VAL_265_A,"TYR_261_A,GLY_264_A,ARG_266_A"
ARG_266_A,"ASP_187_A,LEU_188_A,LEU_228_A,GLU_230_A,VAL_265_A,PHE_267_A"
PHE_267_A,"LEU_228_A,ARG_266_A,VAL_268_A"
VAL_268_A,"ILE_186_A,PHE_267_A,ARG_269_A"
ARG_269_A,"ASP_142_A,ARG_226_A,VAL_268_A,PHE_270_A,GLU_271_A"
PHE_270_A,"GLN_184_A,VAL_207_A,VAL_225_A,ARG_269_A,GLU_271_A"
GLU_271_A,"ASP_142_A,GLU_144_A,ARG_181_A,THR_224_A,ARG_269_A,PHE_270_A,HIS_272_A"
HIS_272_A,"LYS_182_A,ASP_209_A,GLU_271_A,GLY_273_A"
GLY_273_A,"GLU_222_A,HIS_272_A,GLY_274_A"
GLY_274_A,"CYS_180_A,GLY_273_A,GLN_275_A"
GLN_275_A,"LEU_220_A,GLY_274_A,ASP_276_A"
ASP_276_A,"SER_176_A,GLN_275_A,SER_277_A,TYR_279_A,TRP_280_A"
SER_277_A,"GLY_218_A,ASP_276_A,VAL_278_A"
VAL_278_A,"SER_277_A,TYR_279_A,TRP_280_A"
TYR_279_A,"ASP_276_A,VAL_278_A,TRP_280_A"
TRP_280_A,"ASP_276_A,VAL_278_A,TYR_279_A,LYS_281_A,PHE_284_A"
LYS_281_A,"ASP_148_A,TRP_280_A,GLY_282_A"
GLY_282_A,"SER_176_A,LYS_281_A,TRP_283_A"
TRP_283_A,"ASP_148_A,GLY_149_A,GLY_282_A,PHE_284_A"
PHE_284_A,"TRP_280_A,TRP_283_A,GLY_285_A"
GLY_285_A,"SER_175_A,PHE_284_A,ALA_286_A"
ALA_286_A,"SER_175_A,GLY_285_A,ARG_287_A"
ARG_287_A,"GLU_153_A,TYR_172_A,SER_212_A,ARG_214_A,ALA_286_A,VAL_288_A"
VAL_288_A,"TRP_150_A,PHE_173_A,TYR_221_A,ARG_287_A,THR_289_A"
THR_289_A,"LYS_171_A,VAL_288_A,ASN_290_A"
ASN_290_A,"THR_289_A,SER_291_A"
SER_291_A,"ASN_126_A,ASP_209_A,ASN_290_A,SER_292_A"
SER_292_A,"LYS_208_A,SER_291_A,VAL_293_A"
VAL_293_A,"LEU_127_A,SER_292_A,TRP_294_A"
TRP_294_A,"ARG_124_A,VAL_206_A,VAL_293_A,VAL_295_A"
VAL_295_A,"TYR_193_A,PRO_203_A,TRP_294_A,GLU_296_A"
GLU_296_A,"ARG_124_A,ALA_204_A,VAL_295_A"
