residue_id,neighbors
ARG_20_A,"ASN_21_A,ARG_61_A,LEU_143_A,ASP_145_A"
ASN_21_A,"ARG_20_A,LEU_22_A,TYR_58_A,HIS_146_A"
LEU_22_A,"ASN_21_A,MET_23_A,THR_62_A,TYR_144_A,TRP_148_A"
MET_23_A,"LEU_22_A,ILE_24_A,VAL_25_A,ALA_60_A,THR_62_A,THR_63_A,ILE_64_A,ILE_150_A"
ILE_24_A,"MET_23_A,VAL_25_A,LEU_66_A,ILE_136_A,TRP_148_A,ILE_150_A"
VAL_25_A,"MET_23_A,ILE_24_A,ASP_26_A,ILE_64_A,LEU_66_A"
ASP_26_A,"VAL_25_A,GLY_27_A,LEU_30_A,ASP_68_A,ASP_130_A,ILE_150_A,SER_151_A,LYS_153_A,TRP_156_A"
GLY_27_A,"ASP_26_A,THR_28_A,TYR_47_A,LEU_66_A"
THR_28_A,"GLY_27_A,ASN_29_A,PHE_32_A,ASP_68_A"
ASN_29_A,"THR_28_A,LEU_30_A,THR_152_A"
LEU_30_A,"ASP_26_A,ASN_29_A,GLY_31_A,ILE_51_A,PHE_169_A"
GLY_31_A,"LEU_30_A,PHE_32_A"
PHE_32_A,"THR_28_A,GLY_31_A,ARG_33_A,HIS_36_A,PHE_104_A"
ARG_33_A,"PHE_32_A,PHE_34_A,ARG_172_A"
PHE_34_A,"ARG_33_A,LYS_35_A,PHE_43_A"
LYS_35_A,"PHE_34_A,HIS_36_A,ASP_101_A,PHE_104_A"
HIS_36_A,"PHE_32_A,LYS_35_A,ASN_37_A"
ASN_37_A,"HIS_36_A,ASN_38_A"
ASN_38_A,"ASN_37_A,SER_39_A"
SER_39_A,"ASN_38_A,LYS_40_A"
LYS_40_A,"SER_39_A,LYS_41_A"
LYS_41_A,LYS_40_A
PRO_42_A,"PHE_43_A,ALA_44_A,TYR_107_A"
PHE_43_A,"PHE_34_A,PRO_42_A,ALA_44_A,TYR_47_A,PHE_104_A,TYR_107_A"
ALA_44_A,"PRO_42_A,PHE_43_A,SER_45_A"
SER_45_A,"ALA_44_A,SER_46_A,SER_49_A"
SER_46_A,"SER_45_A,TYR_47_A,THR_50_A"
TYR_47_A,"GLY_27_A,PHE_43_A,SER_46_A,VAL_48_A,ILE_51_A"
VAL_48_A,"TYR_47_A,SER_49_A,GLN_52_A,LEU_114_A"
SER_49_A,"SER_45_A,VAL_48_A,THR_50_A,SER_53_A"
THR_50_A,"SER_46_A,SER_49_A,ILE_51_A,PHE_169_A"
ILE_51_A,"LEU_30_A,TYR_47_A,THR_50_A,GLN_52_A,THR_63_A,PHE_119_A"
GLN_52_A,"VAL_48_A,ILE_51_A,SER_53_A,PHE_119_A"
SER_53_A,"SER_49_A,GLN_52_A,LEU_54_A"
LEU_54_A,"SER_53_A,ALA_55_A,TYR_58_A,PHE_169_A"
ALA_55_A,"LEU_54_A,LYS_56_A,ALA_60_A"
LYS_56_A,"ALA_55_A,SER_57_A"
SER_57_A,"LYS_56_A,TYR_58_A"
TYR_58_A,"ASN_21_A,LEU_54_A,SER_57_A,SER_59_A,TRP_148_A,GLU_174_A"
SER_59_A,"TYR_58_A,ALA_60_A"
ALA_60_A,"MET_23_A,ALA_55_A,SER_59_A,ARG_61_A"
ARG_61_A,"ARG_20_A,ALA_60_A,THR_62_A"
THR_62_A,"LEU_22_A,MET_23_A,ARG_61_A,THR_63_A,TYR_144_A,ILE_288_A"
THR_63_A,"MET_23_A,ILE_51_A,THR_62_A,ILE_64_A"
ILE_64_A,"MET_23_A,VAL_25_A,THR_63_A,VAL_65_A"
VAL_65_A,"ILE_64_A,LEU_66_A,PRO_120_A"
LEU_66_A,"ILE_24_A,VAL_25_A,GLY_27_A,VAL_65_A,GLY_67_A,MET_132_A,ALA_133_A"
GLY_67_A,"LEU_66_A,ASP_68_A"
ASP_68_A,"ASP_26_A,THR_28_A,GLY_67_A,LYS_69_A,GLU_128_A,ASP_130_A,LYS_153_A"
LYS_69_A,"ASP_68_A,GLY_70_A,LYS_109_A,ARG_125_A"
GLY_70_A,"LYS_69_A,LYS_71_A"
LYS_71_A,"GLY_70_A,SER_72_A,LEU_76_A,ASP_87_A"
SER_72_A,"LYS_71_A,VAL_73_A"
VAL_73_A,"SER_72_A,PHE_74_A,GLY_126_A"
PHE_74_A,"VAL_73_A,ARG_75_A,HIS_78_A,ILE_258_A,ASP_268_A"
ARG_75_A,"PHE_74_A,LEU_76_A,LEU_79_A,TYR_82_A,GLU_128_A,ASP_130_A,ASP_131_A,LEU_259_A"
LEU_76_A,"LYS_71_A,ARG_75_A,GLU_77_A"
GLU_77_A,"LEU_76_A,HIS_78_A"
HIS_78_A,"PHE_74_A,GLU_77_A,LEU_79_A"
LEU_79_A,"ARG_75_A,HIS_78_A,TYR_82_A,LEU_259_A"
PRO_80_A,GLU_81_A
GLU_81_A,"PRO_80_A,TYR_82_A,GLY_84_A,ASN_205_A"
TYR_82_A,"ARG_75_A,LEU_79_A,GLU_81_A,LYS_83_A,GLU_128_A"
LYS_83_A,"TYR_82_A,GLY_84_A,ARG_86_A,GLU_128_A,ASP_204_A"
GLY_84_A,"GLU_81_A,LYS_83_A,ASN_85_A"
ASN_85_A,"GLY_84_A,ARG_86_A"
ARG_86_A,"LYS_83_A,ASN_85_A,ASP_87_A,TYR_90_A,ASP_204_A"
ASP_87_A,"LYS_71_A,ARG_86_A,GLU_88_A,ALA_91_A"
GLU_88_A,"ASP_87_A,LYS_89_A,GLN_92_A"
LYS_89_A,"GLU_88_A,TYR_90_A,GLU_97_A"
TYR_90_A,"ARG_86_A,LYS_89_A,ALA_91_A"
ALA_91_A,"ASP_87_A,TYR_90_A,GLN_92_A"
GLN_92_A,"GLU_88_A,ALA_91_A,ARG_93_A"
ARG_93_A,"GLN_92_A,THR_94_A,LYS_98_A,ASP_101_A,GLU_102_A"
THR_94_A,"ARG_93_A,GLU_95_A,GLU_97_A,LYS_98_A"
GLU_95_A,"THR_94_A,GLU_96_A"
GLU_96_A,"GLU_95_A,GLU_97_A"
GLU_97_A,"LYS_89_A,THR_94_A,GLU_96_A,LYS_98_A"
LYS_98_A,"ARG_93_A,THR_94_A,GLU_97_A,ALA_99_A"
ALA_99_A,"LYS_98_A,LEU_100_A"
LEU_100_A,"ALA_99_A,ASP_101_A"
ASP_101_A,"LYS_35_A,ARG_93_A,LEU_100_A,GLU_102_A,PHE_105_A"
GLU_102_A,"ARG_93_A,ASP_101_A,GLN_103_A,GLU_106_A"
GLN_103_A,"GLU_102_A,PHE_104_A,TYR_107_A"
PHE_104_A,"PHE_32_A,LYS_35_A,PHE_43_A,GLN_103_A,PHE_105_A,LEU_108_A"
PHE_105_A,"ASP_101_A,PHE_104_A,GLU_106_A,LYS_109_A"
GLU_106_A,"GLU_102_A,PHE_105_A,TYR_107_A"
TYR_107_A,"PRO_42_A,PHE_43_A,GLN_103_A,GLU_106_A,LEU_108_A,ALA_111_A"
LEU_108_A,"PHE_104_A,TYR_107_A,LYS_109_A,PHE_112_A"
LYS_109_A,"LYS_69_A,PHE_105_A,LEU_108_A,ASP_110_A,GLU_113_A"
ASP_110_A,"LYS_109_A,ALA_111_A,GLU_113_A"
ALA_111_A,"TYR_107_A,ASP_110_A,PHE_112_A,CYS_115_A"
PHE_112_A,"LEU_108_A,ALA_111_A,GLU_113_A,LYS_116_A,THR_121_A"
GLU_113_A,"LYS_109_A,ASP_110_A,PHE_112_A,LEU_114_A"
LEU_114_A,"VAL_48_A,GLU_113_A,CYS_115_A,THR_117_A"
CYS_115_A,"ALA_111_A,LEU_114_A,LYS_116_A,PHE_119_A"
LYS_116_A,"PHE_112_A,CYS_115_A,THR_117_A"
THR_117_A,"LEU_114_A,LYS_116_A,THR_118_A"
THR_118_A,"THR_117_A,PHE_119_A"
PHE_119_A,"ILE_51_A,GLN_52_A,CYS_115_A,THR_118_A"
PRO_120_A,"VAL_65_A,THR_121_A,ILE_288_A"
THR_121_A,"PHE_112_A,PRO_120_A,PHE_122_A"
PHE_122_A,"THR_121_A,THR_123_A,ILE_285_A,ILE_288_A"
THR_123_A,"PHE_122_A,ILE_124_A"
ILE_124_A,"THR_123_A,ARG_125_A,VAL_277_A"
ARG_125_A,"LYS_69_A,ILE_124_A,GLY_126_A"
GLY_126_A,"VAL_73_A,ARG_125_A,VAL_127_A"
VAL_127_A,"GLY_126_A,GLU_128_A,VAL_273_A"
GLU_128_A,"ASP_68_A,ARG_75_A,TYR_82_A,LYS_83_A,VAL_127_A,ALA_129_A,ASP_130_A,ASP_131_A"
ALA_129_A,"GLU_128_A,ASP_130_A,ALA_133_A"
ASP_130_A,"ASP_26_A,ASP_68_A,ARG_75_A,GLU_128_A,ALA_129_A,ASP_131_A,ASP_155_A,LEU_262_A"
ASP_131_A,"ARG_75_A,GLU_128_A,ASP_130_A,MET_132_A"
MET_132_A,"LEU_66_A,ASP_131_A,ALA_133_A,ILE_136_A"
ALA_133_A,"LEU_66_A,ALA_129_A,MET_132_A,ALA_134_A,TRP_156_A"
ALA_134_A,"ALA_133_A,TYR_135_A,LEU_159_A,CYS_266_A"
TYR_135_A,"ALA_134_A,ILE_136_A,LEU_139_A,VAL_267_A,ILE_270_A,PHE_281_A,THR_282_A"
ILE_136_A,"ILE_24_A,MET_132_A,TYR_135_A,VAL_137_A,ILE_140_A,ILE_285_A"
VAL_137_A,"ILE_136_A,LYS_138_A,GLY_141_A,VAL_164_A"
LYS_138_A,"VAL_137_A,LEU_139_A"
LEU_139_A,"TYR_135_A,LYS_138_A,ILE_140_A,ILE_285_A"
ILE_140_A,"ILE_136_A,LEU_139_A,GLY_141_A,ALA_289_A"
GLY_141_A,"VAL_137_A,ILE_140_A,HIS_142_A"
HIS_142_A,"GLY_141_A,LEU_143_A"
LEU_143_A,"ARG_20_A,HIS_142_A,TYR_144_A,ALA_289_A"
TYR_144_A,"LEU_22_A,THR_62_A,LEU_143_A,ASP_145_A,LYS_163_A"
ASP_145_A,"ARG_20_A,TYR_144_A,HIS_146_A"
HIS_146_A,"ASN_21_A,ASP_145_A,VAL_147_A,TRP_148_A,SER_165_A,HIS_176_A"
VAL_147_A,"HIS_146_A,TRP_148_A,LYS_163_A,SER_165_A"
TRP_148_A,"LEU_22_A,ILE_24_A,TYR_58_A,HIS_146_A,VAL_147_A,LEU_149_A,GLU_174_A"
LEU_149_A,"TRP_148_A,ILE_150_A,SER_165_A,PHE_167_A"
ILE_150_A,"MET_23_A,ILE_24_A,ASP_26_A,LEU_149_A,SER_151_A"
SER_151_A,"ASP_26_A,ILE_150_A,THR_152_A,ARG_166_A"
THR_152_A,"ASN_29_A,SER_151_A,LYS_153_A"
LYS_153_A,"ASP_26_A,ASP_68_A,THR_152_A,GLY_154_A"
GLY_154_A,"LYS_153_A,ASP_155_A,ASP_157_A"
ASP_155_A,"ASP_130_A,GLY_154_A,TRP_156_A,THR_158_A,LYS_196_A,ASP_201_A,ASP_204_A"
TRP_156_A,"ASP_26_A,ALA_133_A,ASP_155_A,ASP_157_A"
ASP_157_A,"GLY_154_A,TRP_156_A,THR_158_A,ARG_166_A,HIS_184_A"
THR_158_A,"ASP_155_A,ASP_157_A,LEU_159_A,PHE_192_A"
LEU_159_A,"ALA_134_A,THR_158_A,LEU_160_A,LEU_262_A"
LEU_160_A,"LEU_159_A,THR_161_A"
THR_161_A,"LEU_160_A,ASP_162_A"
ASP_162_A,"THR_161_A,LYS_163_A"
LYS_163_A,"TYR_144_A,VAL_147_A,ASP_162_A,VAL_164_A"
VAL_164_A,"VAL_137_A,LYS_163_A,SER_165_A"
SER_165_A,"HIS_146_A,VAL_147_A,LEU_149_A,VAL_164_A,ARG_166_A,HIS_176_A"
ARG_166_A,"SER_151_A,ASP_157_A,SER_165_A,PHE_167_A,TYR_175_A,HIS_184_A"
PHE_167_A,"LEU_149_A,ARG_166_A,SER_168_A"
SER_168_A,"PHE_167_A,PHE_169_A,ARG_172_A"
PHE_169_A,"LEU_30_A,THR_50_A,LEU_54_A,SER_168_A,THR_170_A"
THR_170_A,"PHE_169_A,THR_171_A"
THR_171_A,"THR_170_A,ARG_172_A,TYR_175_A"
ARG_172_A,"ARG_33_A,SER_168_A,THR_171_A,ARG_173_A"
ARG_173_A,"ARG_172_A,GLU_174_A,GLU_182_A,HIS_183_A"
GLU_174_A,"TYR_58_A,TRP_148_A,ARG_173_A,TYR_175_A,HIS_176_A"
TYR_175_A,"ARG_166_A,THR_171_A,GLU_174_A,HIS_176_A,HIS_183_A"
HIS_176_A,"HIS_146_A,SER_165_A,GLU_174_A,TYR_175_A,LEU_177_A,ARG_178_A,ASP_179_A"
LEU_177_A,"HIS_176_A,ARG_178_A"
ARG_178_A,"HIS_176_A,LEU_177_A,ASP_179_A"
ASP_179_A,"HIS_176_A,ARG_178_A,MET_180_A,GLU_182_A,HIS_183_A"
MET_180_A,"ASP_179_A,TYR_181_A,HIS_184_A,PHE_192_A"
TYR_181_A,"MET_180_A,GLU_182_A,ASN_185_A,TYR_218_A"
GLU_182_A,"ARG_173_A,ASP_179_A,TYR_181_A,HIS_183_A"
HIS_183_A,"ARG_173_A,TYR_175_A,ASP_179_A,GLU_182_A,HIS_184_A"
HIS_184_A,"ASP_157_A,ARG_166_A,MET_180_A,HIS_183_A,ASN_185_A,PHE_192_A"
ASN_185_A,"TYR_181_A,HIS_184_A,VAL_186_A"
VAL_186_A,"ASN_185_A,ASP_187_A,LEU_195_A"
ASP_187_A,"VAL_186_A,ASP_188_A,TYR_218_A,ARG_222_A"
ASP_188_A,"ASP_187_A,VAL_189_A,GLN_191_A"
VAL_189_A,"ASP_188_A,GLU_190_A,ILE_193_A"
GLU_190_A,"VAL_189_A,GLN_191_A,ASP_261_A"
GLN_191_A,"ASP_188_A,GLU_190_A,PHE_192_A,LEU_195_A,ILE_221_A"
PHE_192_A,"THR_158_A,MET_180_A,HIS_184_A,GLN_191_A,ILE_193_A,LYS_196_A"
ILE_193_A,"VAL_189_A,PHE_192_A,SER_194_A,ALA_197_A,LEU_257_A,ASP_261_A"
SER_194_A,"ILE_193_A,LEU_195_A"
LEU_195_A,"VAL_186_A,GLN_191_A,SER_194_A,LYS_196_A,MET_199_A"
LYS_196_A,"ASP_155_A,PHE_192_A,LEU_195_A,ALA_197_A,GLY_200_A,ASP_201_A"
ALA_197_A,"ILE_193_A,LYS_196_A,ILE_198_A,ASN_256_A"
ILE_198_A,"ALA_197_A,MET_199_A,VAL_209_A,ILE_212_A,LEU_253_A"
MET_199_A,"LEU_195_A,ILE_198_A,GLY_200_A"
GLY_200_A,"LYS_196_A,MET_199_A,ASP_201_A"
ASP_201_A,"ASP_155_A,LYS_196_A,GLY_200_A,LEU_202_A,ASP_204_A,ILE_206_A"
LEU_202_A,"ASP_201_A,GLY_203_A"
GLY_203_A,"LEU_202_A,ASP_204_A"
ASP_204_A,"LYS_83_A,ARG_86_A,ASP_155_A,ASP_201_A,GLY_203_A,ASN_205_A"
ASN_205_A,"GLU_81_A,ASP_204_A,ILE_206_A"
ILE_206_A,"ASP_201_A,ASN_205_A,ARG_207_A"
ARG_207_A,"ILE_206_A,GLY_208_A,GLU_210_A,ARG_255_A,ASN_256_A"
GLY_208_A,"ARG_207_A,VAL_209_A"
VAL_209_A,"ILE_198_A,GLY_208_A,GLU_210_A,ILE_212_A"
GLU_210_A,"ARG_207_A,VAL_209_A,GLY_211_A"
GLY_211_A,"GLU_210_A,ILE_212_A,ARG_216_A"
ILE_212_A,"ILE_198_A,VAL_209_A,GLY_211_A,GLY_213_A,TYR_242_A"
GLY_213_A,"ILE_212_A,ALA_214_A,GLY_217_A"
ALA_214_A,"GLY_213_A,LYS_215_A"
LYS_215_A,"ALA_214_A,ARG_216_A"
ARG_216_A,"GLY_211_A,LYS_215_A,GLY_217_A,ILE_220_A"
GLY_217_A,"GLY_213_A,ARG_216_A,TYR_218_A"
TYR_218_A,"TYR_181_A,ASP_187_A,GLY_217_A,ASN_219_A,ARG_222_A"
ASN_219_A,"TYR_218_A,ILE_220_A,GLU_223_A"
ILE_220_A,"ARG_216_A,ASN_219_A,ILE_221_A,PHE_224_A"
ILE_221_A,"GLN_191_A,ILE_220_A,ARG_222_A,GLY_225_A"
ARG_222_A,"ASP_187_A,TYR_218_A,ILE_221_A,GLU_223_A"
GLU_223_A,"ASN_219_A,ARG_222_A,PHE_224_A"
PHE_224_A,"ILE_220_A,GLU_223_A,GLY_225_A"
GLY_225_A,"ILE_221_A,PHE_224_A,ASN_226_A"
ASN_226_A,"GLY_225_A,VAL_227_A,ILE_230_A"
VAL_227_A,"ASN_226_A,LEU_228_A,ILE_231_A"
LEU_228_A,"VAL_227_A,ASP_229_A,LEU_257_A"
ASP_229_A,"LEU_228_A,ILE_230_A,ASP_232_A,GLN_233_A"
ILE_230_A,"ASN_226_A,ASP_229_A,ILE_231_A"
ILE_231_A,"VAL_227_A,ILE_230_A,ASP_232_A,PHE_254_A"
ASP_232_A,"ASP_229_A,ILE_231_A,GLN_233_A"
GLN_233_A,"ASP_229_A,ASP_232_A,LEU_234_A,LEU_236_A"
LEU_234_A,GLN_233_A
PRO_235_A,LEU_236_A
LEU_236_A,"GLN_233_A,PRO_235_A,LEU_246_A,ASN_247_A"
PRO_237_A,GLY_238_A
GLY_238_A,"PRO_237_A,LYS_239_A"
LYS_239_A,"GLY_238_A,GLN_240_A"
GLN_240_A,"LYS_239_A,LYS_241_A"
LYS_241_A,"GLN_240_A,TYR_242_A,ASN_245_A"
TYR_242_A,"ILE_212_A,LYS_241_A,ILE_243_A,LEU_246_A"
ILE_243_A,"TYR_242_A,GLN_244_A,ASN_247_A"
GLN_244_A,"ILE_243_A,ASN_245_A"
ASN_245_A,"LYS_241_A,GLN_244_A,LEU_246_A,SER_249_A"
LEU_246_A,"LEU_236_A,TYR_242_A,ASN_245_A,ASN_247_A"
ASN_247_A,"LEU_236_A,ILE_243_A,LEU_246_A,ALA_248_A"
ALA_248_A,"ASN_247_A,SER_249_A"
SER_249_A,"ASN_245_A,ALA_248_A,GLU_250_A,LEU_253_A"
GLU_250_A,"SER_249_A,GLU_251_A"
GLU_251_A,"GLU_250_A,LEU_252_A,ARG_255_A"
LEU_252_A,"GLU_251_A,LEU_253_A,ASN_256_A"
LEU_253_A,"ILE_198_A,SER_249_A,LEU_252_A,PHE_254_A"
PHE_254_A,"ILE_231_A,LEU_253_A,ARG_255_A"
ARG_255_A,"ARG_207_A,GLU_251_A,PHE_254_A,ASN_256_A"
ASN_256_A,"ALA_197_A,ARG_207_A,LEU_252_A,ARG_255_A,LEU_257_A,VAL_260_A"
LEU_257_A,"ILE_193_A,LEU_228_A,ASN_256_A,ILE_258_A,ASP_261_A"
ILE_258_A,"PHE_74_A,LEU_257_A,LEU_259_A"
LEU_259_A,"ARG_75_A,LEU_79_A,ILE_258_A,VAL_260_A"
VAL_260_A,"ASN_256_A,LEU_259_A,ASP_261_A,LEU_262_A"
ASP_261_A,"GLU_190_A,ILE_193_A,LEU_257_A,VAL_260_A,LEU_262_A,THR_264_A"
LEU_262_A,"ASP_130_A,LEU_159_A,VAL_260_A,ASP_261_A,CYS_266_A"
PRO_263_A,THR_264_A
THR_264_A,"ASP_261_A,PRO_263_A,TYR_265_A"
TYR_265_A,"THR_264_A,CYS_266_A,ALA_269_A"
CYS_266_A,"ALA_134_A,LEU_262_A,TYR_265_A,VAL_267_A"
VAL_267_A,"TYR_135_A,CYS_266_A,ASP_268_A,ALA_271_A"
ASP_268_A,"PHE_74_A,VAL_267_A,ALA_269_A,ALA_272_A"
ALA_269_A,"TYR_265_A,ASP_268_A,ILE_270_A"
ILE_270_A,"TYR_135_A,ALA_269_A,ALA_271_A,LEU_278_A"
ALA_271_A,"VAL_267_A,ILE_270_A,ALA_272_A,GLY_274_A"
ALA_272_A,"ASP_268_A,ALA_271_A,VAL_273_A"
VAL_273_A,"VAL_127_A,ALA_272_A,GLY_274_A"
GLY_274_A,"ALA_271_A,VAL_273_A,GLN_275_A"
GLN_275_A,"GLY_274_A,ASP_276_A,ASP_279_A"
ASP_276_A,"GLN_275_A,VAL_277_A,LYS_280_A"
VAL_277_A,"ILE_124_A,ASP_276_A,LEU_278_A,PHE_281_A"
LEU_278_A,"ILE_270_A,VAL_277_A,ASP_279_A,THR_282_A"
ASP_279_A,"GLN_275_A,LEU_278_A,LYS_280_A"
LYS_280_A,"ASP_276_A,ASP_279_A,PHE_281_A,ASP_284_A"
PHE_281_A,"TYR_135_A,VAL_277_A,LYS_280_A,THR_282_A,ILE_285_A"
THR_282_A,"TYR_135_A,LEU_278_A,PHE_281_A,LYS_283_A"
LYS_283_A,"THR_282_A,ASP_284_A,GLU_287_A"
ASP_284_A,"LYS_280_A,LYS_283_A,ILE_285_A,GLU_287_A,ILE_288_A"
ILE_285_A,"PHE_122_A,ILE_136_A,LEU_139_A,PHE_281_A,ASP_284_A,LEU_286_A"
LEU_286_A,"ILE_285_A,GLU_287_A"
GLU_287_A,"LYS_283_A,ASP_284_A,LEU_286_A,ILE_288_A"
ILE_288_A,"THR_62_A,PRO_120_A,PHE_122_A,ASP_284_A,GLU_287_A,ALA_289_A"
ALA_289_A,"ILE_140_A,LEU_143_A,ILE_288_A,GLU_290_A"
GLU_290_A,"ALA_289_A,GLN_291_A"
GLN_291_A,GLU_290_A
