residue_id,neighbors
VAL_7_B,TYR_8_B
TYR_8_B,"VAL_7_B,LEU_9_B,LEU_302_B,ALA_309_B"
LEU_9_B,"TYR_8_B,ARG_10_B"
ARG_10_B,"LEU_9_B,LEU_11_B,PHE_313_B"
LEU_11_B,"ARG_10_B,ILE_12_B,LEU_15_B,LEU_129_B"
ILE_12_B,"LEU_11_B,SER_13_B,LYS_16_B"
SER_13_B,"ILE_12_B,TYR_14_B"
TYR_14_B,"SER_13_B,LEU_15_B,LEU_90_B"
LEU_15_B,"LEU_11_B,TYR_14_B,LYS_16_B,TYR_18_B,LEU_90_B"
LYS_16_B,"ILE_12_B,LEU_15_B"
PRO_17_B,TYR_18_B
TYR_18_B,"LEU_15_B,PRO_17_B,TRP_19_B,ALA_22_B,ILE_86_B,SER_89_B"
TRP_19_B,"TYR_18_B,GLY_20_B"
GLY_20_B,"TRP_19_B,VAL_21_B"
VAL_21_B,"GLY_20_B,ALA_22_B,LEU_24_B,TYR_82_B,ILE_86_B"
ALA_22_B,"TYR_18_B,VAL_21_B,LEU_23_B"
LEU_23_B,"ALA_22_B,LEU_24_B"
LEU_24_B,"VAL_21_B,LEU_23_B,VAL_25_B,GLY_28_B,TYR_82_B"
VAL_25_B,"LEU_24_B,LEU_26_B,PHE_29_B,THR_83_B"
LEU_26_B,"VAL_25_B,ILE_27_B,GLY_30_B"
ILE_27_B,"LEU_26_B,GLY_28_B,MET_31_B,MET_78_B"
GLY_28_B,"LEU_24_B,ILE_27_B,PHE_29_B,ASN_32_B"
PHE_29_B,"VAL_25_B,GLY_28_B,GLY_30_B,SER_33_B,LYS_138_B,VAL_141_B"
GLY_30_B,"LEU_26_B,PHE_29_B,MET_31_B,ALA_34_B"
MET_31_B,"ILE_27_B,GLY_30_B,ASN_32_B,THR_35_B,PHE_71_B"
ASN_32_B,"GLY_28_B,MET_31_B,SER_33_B,THR_35_B,GLU_36_B"
SER_33_B,"PHE_29_B,ASN_32_B,ALA_34_B,VAL_37_B"
ALA_34_B,"GLY_30_B,SER_33_B,THR_35_B,SER_38_B"
THR_35_B,"MET_31_B,ASN_32_B,ALA_34_B,GLU_36_B,VAL_39_B"
GLU_36_B,"ASN_32_B,THR_35_B,VAL_37_B,ARG_72_B,ILE_146_B"
VAL_37_B,"SER_33_B,GLU_36_B,SER_38_B,ALA_40_B,LEU_150_B"
SER_38_B,"ALA_34_B,VAL_37_B,VAL_39_B,LEU_42_B"
VAL_39_B,"THR_35_B,SER_38_B,ALA_40_B,ILE_43_B,LEU_68_B"
ALA_40_B,"VAL_37_B,VAL_39_B,LYS_41_B,LYS_44_B"
LYS_41_B,"ALA_40_B,LEU_42_B,PHE_45_B,TYR_153_B,GLU_277_B"
LEU_42_B,"SER_38_B,LYS_41_B,ILE_43_B,ILE_46_B,LEU_68_B"
ILE_43_B,"VAL_39_B,LEU_42_B,LYS_44_B"
LYS_44_B,"ALA_40_B,ILE_43_B,PHE_45_B,ASP_48_B,GLU_277_B,ALA_280_B"
PHE_45_B,"LYS_41_B,LYS_44_B,ILE_46_B,ALA_49_B,ASP_57_B"
ILE_46_B,"LEU_42_B,PHE_45_B,ILE_47_B,ILE_50_B,PHE_61_B"
ILE_47_B,"ILE_46_B,ASP_48_B,GLN_51_B"
ASP_48_B,"LYS_44_B,ILE_47_B,ALA_49_B,ASN_52_B"
ALA_49_B,"PHE_45_B,ASP_48_B,ILE_50_B,ALA_53_B"
ILE_50_B,"ILE_46_B,ALA_49_B,GLN_51_B"
GLN_51_B,"ILE_47_B,ILE_50_B,ASN_52_B"
ASN_52_B,"ASP_48_B,GLN_51_B,ALA_53_B"
ALA_53_B,"ALA_49_B,ASN_52_B,SER_54_B"
SER_54_B,"ALA_53_B,ARG_55_B,ASP_57_B"
ARG_55_B,"SER_54_B,ALA_56_B,ASP_59_B"
ALA_56_B,"ARG_55_B,ASP_57_B,TRP_60_B"
ASP_57_B,"PHE_45_B,SER_54_B,ALA_56_B,LEU_58_B,PHE_61_B"
LEU_58_B,"ASP_57_B,ASP_59_B"
ASP_59_B,"ARG_55_B,LEU_58_B,TRP_60_B"
TRP_60_B,"ALA_56_B,ASP_59_B,PHE_61_B"
PHE_61_B,"ILE_46_B,ASP_57_B,TRP_60_B,LEU_64_B,ILE_65_B"
PRO_62_B,"LEU_63_B,ILE_66_B"
LEU_63_B,"PRO_62_B,LEU_64_B,LEU_67_B"
LEU_64_B,"PHE_61_B,LEU_63_B,ILE_65_B,LEU_68_B"
ILE_65_B,"PHE_61_B,LEU_64_B,ILE_66_B,VAL_69_B"
ILE_66_B,"PRO_62_B,ILE_65_B,LEU_67_B,PHE_70_B"
LEU_67_B,"LEU_63_B,ILE_66_B,LEU_68_B,PHE_71_B"
LEU_68_B,"VAL_39_B,LEU_42_B,LEU_64_B,LEU_67_B,VAL_69_B,ARG_72_B"
VAL_69_B,"ILE_65_B,LEU_68_B,PHE_70_B,GLY_73_B"
PHE_70_B,"ILE_66_B,VAL_69_B,PHE_71_B,LEU_74_B"
PHE_71_B,"MET_31_B,LEU_67_B,PHE_70_B,ARG_72_B,GLY_75_B"
ARG_72_B,"GLU_36_B,LEU_68_B,PHE_71_B,GLY_73_B,LEU_76_B"
GLY_73_B,"VAL_69_B,ARG_72_B,LEU_74_B,PHE_77_B"
LEU_74_B,"PHE_70_B,GLY_73_B,GLY_75_B,MET_78_B"
GLY_75_B,"PHE_71_B,LEU_74_B,LEU_76_B,GLY_79_B"
LEU_76_B,"ARG_72_B,GLY_75_B,PHE_77_B,GLY_80_B"
PHE_77_B,"GLY_73_B,LEU_76_B,MET_78_B,TYR_81_B"
MET_78_B,"ILE_27_B,LEU_74_B,PHE_77_B,GLY_79_B,TYR_82_B"
GLY_79_B,"GLY_75_B,MET_78_B,GLY_80_B,THR_83_B"
GLY_80_B,"LEU_76_B,GLY_79_B,TYR_81_B,THR_83_B,ALA_84_B"
TYR_81_B,"PHE_77_B,GLY_80_B,TYR_82_B,VAL_85_B"
TYR_82_B,"VAL_21_B,LEU_24_B,MET_78_B,TYR_81_B,THR_83_B,ILE_86_B"
THR_83_B,"VAL_25_B,GLY_79_B,GLY_80_B,TYR_82_B,ALA_84_B,SER_87_B"
ALA_84_B,"GLY_80_B,THR_83_B,VAL_85_B,ARG_88_B"
VAL_85_B,"TYR_81_B,ALA_84_B,ILE_86_B,SER_89_B"
ILE_86_B,"TYR_18_B,VAL_21_B,TYR_82_B,VAL_85_B,SER_87_B,LEU_90_B"
SER_87_B,"THR_83_B,ILE_86_B,ARG_88_B,VAL_91_B"
ARG_88_B,"ALA_84_B,SER_87_B,SER_89_B,PHE_92_B"
SER_89_B,"TYR_18_B,VAL_85_B,ARG_88_B,LEU_90_B,SER_93_B"
LEU_90_B,"TYR_14_B,LEU_15_B,ILE_86_B,SER_89_B,VAL_91_B,ILE_94_B"
VAL_91_B,"SER_87_B,LEU_90_B,PHE_92_B,ARG_95_B,VAL_126_B,THR_130_B"
PHE_92_B,"ARG_88_B,VAL_91_B,SER_93_B,GLN_96_B"
SER_93_B,"SER_89_B,PHE_92_B,ILE_94_B,GLU_97_B"
ILE_94_B,"LEU_90_B,SER_93_B,ARG_95_B,VAL_98_B,VAL_126_B"
ARG_95_B,"VAL_91_B,ILE_94_B,GLN_96_B,TYR_99_B,GLU_127_B"
GLN_96_B,"PHE_92_B,ARG_95_B,GLU_97_B,ALA_100_B"
GLU_97_B,"SER_93_B,GLN_96_B,VAL_98_B,LYS_101_B"
VAL_98_B,"ILE_94_B,GLU_97_B,TYR_99_B,LEU_102_B,ILE_122_B,LEU_315_B"
TYR_99_B,"ARG_95_B,VAL_98_B,ALA_100_B,LEU_103_B"
ALA_100_B,"GLN_96_B,TYR_99_B,LYS_101_B"
LYS_101_B,"GLU_97_B,ALA_100_B,LEU_102_B,ARG_104_B"
LEU_102_B,"VAL_98_B,LYS_101_B,LEU_103_B,TYR_110_B,ILE_118_B"
LEU_103_B,"TYR_99_B,LEU_102_B,ARG_104_B"
ARG_104_B,"LYS_101_B,LEU_103_B,LEU_105_B"
LEU_105_B,"ARG_104_B,ALA_107_B,TYR_109_B"
PRO_106_B,"ALA_107_B,GLU_321_B"
ALA_107_B,"LEU_105_B,PRO_106_B,GLN_108_B"
GLN_108_B,"ALA_107_B,TYR_109_B"
TYR_109_B,"LEU_105_B,GLN_108_B,TYR_110_B,ILE_118_B"
TYR_110_B,"LEU_102_B,TYR_109_B,LEU_111_B,ILE_118_B"
LEU_111_B,"TYR_110_B,ASP_112_B"
ASP_112_B,"LEU_111_B,ASN_113_B"
ASN_113_B,"ASP_112_B,SER_114_B"
SER_114_B,"ASN_113_B,SER_115_B"
SER_115_B,"SER_114_B,GLY_116_B,THR_119_B"
GLY_116_B,"SER_115_B,HIS_117_B,ALA_120_B"
HIS_117_B,"GLY_116_B,ILE_118_B,LYS_121_B"
ILE_118_B,"LEU_102_B,TYR_109_B,TYR_110_B,HIS_117_B,THR_119_B,ILE_122_B"
THR_119_B,"SER_115_B,ILE_118_B,ALA_120_B"
ALA_120_B,"GLY_116_B,THR_119_B,LYS_121_B,TYR_124_B"
LYS_121_B,"HIS_117_B,ALA_120_B,ILE_122_B,MET_123_B,ASN_125_B,LEU_315_B"
ILE_122_B,"VAL_98_B,ILE_118_B,LYS_121_B,MET_123_B"
MET_123_B,"LYS_121_B,ILE_122_B,TYR_124_B"
TYR_124_B,"ALA_120_B,MET_123_B,ASN_125_B,GLN_128_B"
ASN_125_B,"LYS_121_B,TYR_124_B,VAL_126_B,LEU_129_B,SER_311_B"
VAL_126_B,"VAL_91_B,ILE_94_B,ASN_125_B,GLU_127_B,THR_130_B"
GLU_127_B,"ARG_95_B,VAL_126_B,GLN_128_B,ALA_131_B"
GLN_128_B,"TYR_124_B,GLU_127_B,LEU_129_B,ALA_132_B"
LEU_129_B,"LEU_11_B,ASN_125_B,GLN_128_B,THR_130_B,SER_133_B,ALA_309_B,VAL_312_B,PHE_313_B"
THR_130_B,"VAL_91_B,VAL_126_B,LEU_129_B,ALA_131_B,SER_134_B"
ALA_131_B,"GLU_127_B,THR_130_B,ALA_132_B,GLU_135_B"
ALA_132_B,"GLN_128_B,ALA_131_B,SER_133_B,SER_136_B"
SER_133_B,"LEU_129_B,ALA_132_B,SER_134_B,SER_136_B,LEU_137_B"
SER_134_B,"THR_130_B,SER_133_B,GLU_135_B,LYS_138_B"
GLU_135_B,"ALA_131_B,SER_134_B,SER_136_B,THR_139_B,LYS_301_B"
SER_136_B,"ALA_132_B,SER_133_B,GLU_135_B,LEU_137_B,ILE_140_B"
LEU_137_B,"SER_133_B,SER_136_B,LYS_138_B,VAL_141_B"
LYS_138_B,"PHE_29_B,SER_134_B,LEU_137_B,THR_139_B,ARG_142_B"
THR_139_B,"GLU_135_B,LYS_138_B,ILE_140_B,ASP_143_B,VAL_298_B"
ILE_140_B,"SER_136_B,THR_139_B,VAL_141_B,GLY_144_B"
VAL_141_B,"PHE_29_B,LEU_137_B,ILE_140_B,ARG_142_B,MET_145_B"
ARG_142_B,"LYS_138_B,VAL_141_B,ASP_143_B,ILE_146_B"
ASP_143_B,"THR_139_B,ARG_142_B,GLY_144_B,THR_147_B"
GLY_144_B,"ILE_140_B,ASP_143_B,MET_145_B,LEU_148_B"
MET_145_B,"VAL_141_B,GLY_144_B,ILE_146_B,GLY_149_B"
ILE_146_B,"GLU_36_B,ARG_142_B,MET_145_B,THR_147_B,LEU_150_B,PRO_291_B"
THR_147_B,"ASP_143_B,ILE_146_B,LEU_148_B,LEU_151_B"
LEU_148_B,"GLY_144_B,THR_147_B,GLY_149_B,GLY_152_B"
GLY_149_B,"MET_145_B,LEU_148_B,LEU_150_B,TYR_153_B"
LEU_150_B,"VAL_37_B,ILE_146_B,GLY_149_B,LEU_151_B,LEU_154_B,LEU_287_B,LEU_288_B"
LEU_151_B,"THR_147_B,LEU_150_B,GLY_152_B,PHE_155_B"
GLY_152_B,"LEU_148_B,LEU_151_B,TYR_153_B,TYR_156_B"
TYR_153_B,"LYS_41_B,GLY_149_B,GLY_152_B,LEU_154_B,ALA_284_B"
LEU_154_B,"LEU_150_B,TYR_153_B,PHE_155_B,TYR_281_B,ALA_284_B"
PHE_155_B,"LEU_151_B,LEU_154_B,TYR_156_B"
TYR_156_B,"GLY_152_B,PHE_155_B,THR_157_B"
THR_157_B,"TYR_156_B,ASN_158_B"
ASN_158_B,"THR_157_B,TRP_159_B,TYR_281_B"
TRP_159_B,"ASN_158_B,ARG_160_B"
ARG_160_B,"TRP_159_B,LEU_161_B"
LEU_161_B,"ARG_160_B,THR_162_B"
THR_162_B,"LEU_161_B,ILE_163_B"
ILE_163_B,"THR_162_B,CYS_164_B"
CYS_164_B,"ILE_163_B,ILE_165_B"
ILE_165_B,CYS_164_B
ALA_275_B,GLY_276_B
GLY_276_B,"ALA_275_B,GLU_277_B,ALA_280_B"
GLU_277_B,"LYS_41_B,LYS_44_B,GLY_276_B,PHE_278_B,TYR_281_B"
PHE_278_B,"GLU_277_B,VAL_279_B,ILE_282_B"
VAL_279_B,"PHE_278_B,ALA_280_B,THR_283_B"
ALA_280_B,"LYS_44_B,GLY_276_B,VAL_279_B,TYR_281_B,THR_283_B,ALA_284_B"
TYR_281_B,"LEU_154_B,ASN_158_B,GLU_277_B,ALA_280_B,ILE_282_B,ALA_285_B"
ILE_282_B,"PHE_278_B,TYR_281_B,THR_283_B,GLY_286_B"
THR_283_B,"VAL_279_B,ALA_280_B,ILE_282_B,ALA_284_B,GLY_286_B,LEU_287_B"
ALA_284_B,"TYR_153_B,LEU_154_B,ALA_280_B,THR_283_B,ALA_285_B"
ALA_285_B,"TYR_281_B,ALA_284_B,GLY_286_B"
GLY_286_B,"ILE_282_B,THR_283_B,ALA_285_B,LEU_287_B,LEU_288_B,SER_289_B"
LEU_287_B,"LEU_150_B,THR_283_B,GLY_286_B,LEU_288_B"
LEU_288_B,"LEU_150_B,GLY_286_B,LEU_287_B,SER_289_B,VAL_292_B"
SER_289_B,"GLY_286_B,LEU_288_B,LYS_290_B,LYS_293_B"
LYS_290_B,"SER_289_B,ASN_294_B"
PRO_291_B,"ILE_146_B,VAL_292_B,ASN_294_B,LEU_295_B"
VAL_292_B,"LEU_288_B,PRO_291_B,LYS_293_B,LEU_295_B"
LYS_293_B,"SER_289_B,VAL_292_B,ASN_294_B"
ASN_294_B,"LYS_290_B,PRO_291_B,LYS_293_B,LEU_295_B,ASP_297_B,VAL_298_B"
LEU_295_B,"PRO_291_B,VAL_292_B,ASN_294_B,THR_296_B"
THR_296_B,"LEU_295_B,ASP_297_B"
ASP_297_B,"ASN_294_B,THR_296_B,VAL_298_B,GLU_300_B,LYS_301_B"
VAL_298_B,"THR_139_B,ASN_294_B,ASP_297_B,ASN_299_B,LEU_302_B"
ASN_299_B,"VAL_298_B,GLU_300_B,GLN_303_B"
GLU_300_B,"ASP_297_B,ASN_299_B,LYS_301_B,ARG_304_B"
LYS_301_B,"GLU_135_B,ASP_297_B,GLU_300_B,LEU_302_B,GLY_305_B"
LEU_302_B,"TYR_8_B,VAL_298_B,LYS_301_B,GLN_303_B,LEU_306_B"
GLN_303_B,"ASN_299_B,LEU_302_B,ARG_304_B,ALA_307_B"
ARG_304_B,"GLU_300_B,GLN_303_B,GLY_305_B"
GLY_305_B,"LYS_301_B,ARG_304_B,LEU_306_B,ALA_309_B"
LEU_306_B,"LEU_302_B,GLY_305_B,ALA_307_B"
ALA_307_B,"GLN_303_B,LEU_306_B,ALA_308_B"
ALA_308_B,"ALA_307_B,ALA_309_B,SER_311_B"
ALA_309_B,"TYR_8_B,LEU_129_B,GLY_305_B,ALA_308_B,HIS_310_B,PHE_313_B"
HIS_310_B,"ALA_309_B,SER_311_B"
SER_311_B,"ASN_125_B,ALA_308_B,HIS_310_B,VAL_312_B"
VAL_312_B,"LEU_129_B,SER_311_B,PHE_313_B,LEU_316_B"
PHE_313_B,"ARG_10_B,LEU_129_B,ALA_309_B,VAL_312_B,GLU_314_B"
GLU_314_B,"PHE_313_B,LEU_315_B"
LEU_315_B,"VAL_98_B,LYS_121_B,GLU_314_B,LEU_316_B"
LEU_316_B,"VAL_312_B,LEU_315_B,ASP_317_B"
ASP_317_B,"LEU_316_B,LEU_318_B"
LEU_318_B,ASP_317_B
PRO_319_B,GLU_320_B
GLU_320_B,"PRO_319_B,GLU_321_B"
GLU_321_B,"PRO_106_B,GLU_320_B,GLN_322_B"
GLN_322_B,"GLU_321_B,ASN_323_B"
ASN_323_B,"GLN_322_B,SER_324_B,GLU_403_B"
SER_324_B,"ASN_323_B,GLY_325_B"
GLY_325_B,"SER_324_B,GLU_326_B"
GLU_326_B,"GLY_325_B,LEU_327_B,ILE_402_B"
LEU_327_B,"GLU_326_B,LYS_328_B,ILE_402_B"
LYS_328_B,LEU_327_B
PRO_329_B,GLN_330_B
GLN_330_B,"PRO_329_B,LEU_331_B,GLN_332_B,ILE_402_B"
LEU_331_B,"GLN_330_B,GLN_332_B"
GLN_332_B,"GLN_330_B,LEU_331_B,GLY_333_B"
GLY_333_B,"GLN_332_B,ALA_334_B"
ALA_334_B,"GLY_333_B,ILE_335_B"
ILE_335_B,"ALA_334_B,ARG_336_B,ILE_358_B"
ARG_336_B,"ILE_335_B,PHE_337_B,LEU_394_B"
PHE_337_B,"ARG_336_B,ASP_338_B,LEU_356_B"
ASP_338_B,"PHE_337_B,HIS_339_B,GLN_391_B"
HIS_339_B,"ASP_338_B,VAL_340_B,PHE_354_B"
VAL_340_B,"HIS_339_B,VAL_341_B"
VAL_341_B,"VAL_340_B,LEU_342_B"
LEU_342_B,"VAL_341_B,ASN_343_B,ALA_350_B"
ASN_343_B,"LEU_342_B,TYR_344_B,ALA_345_B"
TYR_344_B,"ASN_343_B,ALA_345_B,GLY_347_B,THR_348_B"
ALA_345_B,"ASN_343_B,TYR_344_B,ASP_346_B"
ASP_346_B,"ALA_345_B,GLY_347_B"
GLY_347_B,"TYR_344_B,ASP_346_B,THR_348_B"
THR_348_B,"TYR_344_B,GLY_347_B,GLN_349_B"
GLN_349_B,"THR_348_B,ALA_350_B"
ALA_350_B,"LEU_342_B,GLN_349_B,ILE_351_B"
ILE_351_B,"ALA_350_B,LYS_352_B"
LYS_352_B,"ILE_351_B,ASP_353_B"
ASP_353_B,"LYS_352_B,PHE_354_B"
PHE_354_B,"HIS_339_B,ASP_353_B,SER_355_B"
SER_355_B,"PHE_354_B,LEU_356_B"
LEU_356_B,"PHE_337_B,SER_355_B,ASP_357_B"
ASP_357_B,"LEU_356_B,ILE_358_B"
ILE_358_B,"ILE_335_B,ASP_357_B,ARG_359_B"
ARG_359_B,ILE_358_B
PRO_360_B,"GLY_361_B,GLU_362_B"
GLY_361_B,"PRO_360_B,GLU_362_B"
GLU_362_B,"PRO_360_B,GLY_361_B,THR_363_B"
THR_363_B,"GLU_362_B,VAL_364_B"
VAL_364_B,"THR_363_B,ALA_365_B"
ALA_365_B,"VAL_364_B,LEU_366_B,ALA_537_B,ARG_539_B,VAL_541_B"
LEU_366_B,"ALA_365_B,VAL_367_B"
VAL_367_B,"LEU_366_B,GLY_368_B"
GLY_368_B,"VAL_367_B,ARG_369_B"
ARG_369_B,"GLY_368_B,SER_370_B"
SER_370_B,"ARG_369_B,GLY_371_B"
GLY_371_B,"SER_370_B,ALA_372_B"
ALA_372_B,"GLY_371_B,GLY_373_B"
GLY_373_B,"ALA_372_B,LYS_374_B,THR_375_B,SER_376_B"
LYS_374_B,"GLY_373_B,THR_375_B"
THR_375_B,"GLY_373_B,LYS_374_B,SER_376_B,ASN_379_B"
SER_376_B,"GLY_373_B,THR_375_B,LEU_377_B"
LEU_377_B,"SER_376_B,VAL_378_B"
VAL_378_B,"LEU_377_B,ASN_379_B,LEU_381_B"
ASN_379_B,"THR_375_B,VAL_378_B,MET_380_B,PHE_384_B"
MET_380_B,"ASN_379_B,LEU_381_B"
LEU_381_B,"VAL_378_B,MET_380_B,VAL_382_B"
VAL_382_B,"LEU_381_B,ARG_383_B"
ARG_383_B,"VAL_382_B,PHE_384_B"
PHE_384_B,"ASN_379_B,ARG_383_B,GLN_385_B"
GLN_385_B,"PHE_384_B,GLU_386_B"
GLU_386_B,"GLN_385_B,VAL_387_B"
VAL_387_B,"GLU_386_B,SER_388_B"
SER_388_B,"VAL_387_B,SER_389_B"
SER_389_B,"SER_388_B,GLY_390_B"
GLY_390_B,"SER_389_B,GLN_391_B"
GLN_391_B,"ASP_338_B,GLY_390_B,ILE_392_B"
ILE_392_B,"GLN_391_B,TYR_393_B"
TYR_393_B,"ILE_392_B,LEU_394_B"
LEU_394_B,"ARG_336_B,TYR_393_B,ASP_395_B"
ASP_395_B,"LEU_394_B,ASP_396_B"
ASP_396_B,"ASP_395_B,LEU_397_B"
LEU_397_B,ASP_396_B
PRO_398_B,ILE_399_B
ILE_399_B,"PRO_398_B,ARG_400_B"
ARG_400_B,"ILE_399_B,ASP_401_B"
ASP_401_B,"ARG_400_B,ILE_402_B"
ILE_402_B,"GLU_326_B,LEU_327_B,GLN_330_B,ASP_401_B,GLU_403_B"
GLU_403_B,"ASN_323_B,ILE_402_B,LEU_404_B"
LEU_404_B,"GLU_403_B,SER_405_B,ARG_408_B"
SER_405_B,"LEU_404_B,SER_406_B,THR_409_B"
SER_406_B,"SER_405_B,LEU_407_B,GLN_410_B"
LEU_407_B,"SER_406_B,ARG_408_B"
ARG_408_B,"LEU_404_B,LEU_407_B,THR_409_B"
THR_409_B,"SER_405_B,ARG_408_B,GLN_410_B"
GLN_410_B,"SER_406_B,THR_409_B,ILE_411_B"
ILE_411_B,"GLN_410_B,ALA_412_B"
ALA_412_B,"ILE_411_B,MET_413_B,LYS_489_B,ALA_491_B"
MET_413_B,"ALA_412_B,VAL_414_B"
VAL_414_B,"MET_413_B,ASN_415_B,ILE_495_B"
ASN_415_B,"VAL_414_B,GLN_416_B"
GLN_416_B,"ASN_415_B,GLN_417_B"
GLN_417_B,"GLN_416_B,VAL_418_B"
VAL_418_B,"GLN_417_B,VAL_419_B"
VAL_419_B,"VAL_418_B,LEU_420_B"
LEU_420_B,"VAL_419_B,PHE_421_B"
PHE_421_B,"LEU_420_B,ASN_422_B,ARG_423_B"
ASN_422_B,"PHE_421_B,ARG_423_B"
ARG_423_B,"PHE_421_B,ASN_422_B,THR_424_B"
THR_424_B,"ARG_423_B,VAL_425_B,GLU_427_B"
VAL_425_B,"THR_424_B,ARG_426_B,ILE_429_B"
ARG_426_B,"VAL_425_B,GLU_427_B"
GLU_427_B,"THR_424_B,ARG_426_B,ASN_428_B"
ASN_428_B,"GLU_427_B,ILE_429_B"
ILE_429_B,"VAL_425_B,ASN_428_B,ALA_430_B"
ALA_430_B,"ILE_429_B,TYR_431_B"
TYR_431_B,"ALA_430_B,GLY_432_B"
GLY_432_B,"TYR_431_B,GLN_433_B"
GLN_433_B,"GLY_432_B,LEU_434_B"
LEU_434_B,"GLN_433_B,HIS_435_B"
HIS_435_B,"LEU_434_B,ASN_436_B"
ASN_436_B,"HIS_435_B,ALA_437_B"
ALA_437_B,"ASN_436_B,SER_438_B"
SER_438_B,"ALA_437_B,ASP_439_B,VAL_442_B"
ASP_439_B,"SER_438_B,GLU_440_B,ILE_443_B"
GLU_440_B,"ASP_439_B,ASP_441_B,ALA_444_B"
ASP_441_B,"GLU_440_B,VAL_442_B,ALA_445_B"
VAL_442_B,"SER_438_B,ASP_441_B,ILE_443_B,ALA_446_B"
ILE_443_B,"ASP_439_B,VAL_442_B,ALA_444_B,LYS_447_B"
ALA_444_B,"GLU_440_B,ILE_443_B,ALA_445_B,ALA_448_B"
ALA_445_B,"ASP_441_B,ALA_444_B,ALA_446_B,LEU_488_B"
ALA_446_B,"VAL_442_B,ALA_445_B,LYS_447_B,HIS_452_B"
LYS_447_B,"ILE_443_B,ALA_446_B,ALA_448_B"
ALA_448_B,"ALA_444_B,LYS_447_B,ALA_449_B"
ALA_449_B,"ALA_448_B,TYR_450_B,ALA_451_B,ALA_514_B"
TYR_450_B,"ALA_449_B,ALA_451_B,PHE_510_B"
ALA_451_B,"ALA_449_B,TYR_450_B,HIS_452_B,ARG_480_B"
HIS_452_B,"ALA_446_B,ALA_451_B,ASP_453_B,MET_456_B"
ASP_453_B,"HIS_452_B,PHE_454_B,ASN_457_B"
PHE_454_B,"ASP_453_B,ILE_455_B"
ILE_455_B,"PHE_454_B,MET_456_B"
MET_456_B,"HIS_452_B,ILE_455_B,ASN_457_B"
ASN_457_B,"ASP_453_B,MET_456_B,LEU_458_B"
LEU_458_B,ASN_457_B
PRO_459_B,ASN_460_B
ASN_460_B,"PRO_459_B,GLY_461_B"
GLY_461_B,"ASN_460_B,TYR_462_B"
TYR_462_B,"GLY_461_B,ASP_463_B"
ASP_463_B,"TYR_462_B,THR_464_B"
THR_464_B,"ASP_463_B,VAL_465_B"
VAL_465_B,"THR_464_B,LEU_466_B"
LEU_466_B,"VAL_465_B,GLY_467_B"
GLY_467_B,"LEU_466_B,ALA_468_B"
ALA_468_B,"GLY_467_B,GLN_469_B"
GLN_469_B,"ALA_468_B,GLY_470_B"
GLY_470_B,"GLN_469_B,LEU_471_B"
LEU_471_B,"GLY_470_B,ASN_472_B"
ASN_472_B,"LEU_471_B,LEU_473_B"
LEU_473_B,"ASN_472_B,SER_474_B"
SER_474_B,"LEU_473_B,GLY_475_B,ARG_478_B"
GLY_475_B,"SER_474_B,GLY_476_B,GLN_479_B"
GLY_476_B,"GLY_475_B,GLN_477_B,ARG_480_B"
GLN_477_B,"GLY_476_B,ARG_478_B,ILE_481_B"
ARG_478_B,"SER_474_B,GLN_477_B,GLN_479_B,ALA_482_B"
GLN_479_B,"GLY_475_B,ARG_478_B,ARG_480_B,ILE_483_B"
ARG_480_B,"ALA_451_B,GLY_476_B,GLN_479_B,ILE_481_B,ALA_484_B"
ILE_481_B,"GLN_477_B,ARG_480_B,ALA_482_B,ARG_485_B"
ALA_482_B,"ARG_478_B,ILE_481_B,ILE_483_B,ALA_486_B"
ILE_483_B,"GLN_479_B,ALA_482_B,ALA_484_B,ILE_487_B"
ALA_484_B,"ARG_480_B,ILE_483_B,ARG_485_B,LEU_488_B"
ARG_485_B,"ILE_481_B,ALA_484_B,ALA_486_B,LYS_489_B"
ALA_486_B,"ALA_482_B,ARG_485_B,ILE_487_B"
ILE_487_B,"ILE_483_B,ALA_486_B,LEU_488_B"
LEU_488_B,"ALA_445_B,ALA_484_B,ILE_487_B,LYS_489_B"
LYS_489_B,"ALA_412_B,ARG_485_B,LEU_488_B,ASN_490_B"
ASN_490_B,"LYS_489_B,ALA_491_B"
ALA_491_B,"ALA_412_B,ASN_490_B"
PRO_492_B,ILE_493_B
ILE_493_B,"PRO_492_B,LEU_494_B"
LEU_494_B,"ILE_493_B,ILE_495_B,THR_523_B"
ILE_495_B,"VAL_414_B,LEU_494_B,LEU_496_B"
LEU_496_B,"ILE_495_B,ASP_497_B,ILE_527_B"
ASP_497_B,"LEU_496_B,GLU_498_B,ILE_527_B"
GLU_498_B,"ASP_497_B,ALA_499_B,HIS_529_B"
ALA_499_B,"GLU_498_B,THR_500_B"
THR_500_B,"ALA_499_B,SER_501_B"
SER_501_B,"THR_500_B,ALA_502_B"
ALA_502_B,"SER_501_B,LEU_503_B"
LEU_503_B,"ALA_502_B,ASP_504_B"
ASP_504_B,"LEU_503_B,ASN_505_B"
ASN_505_B,"ASP_504_B,GLU_506_B"
GLU_506_B,"ASN_505_B,SER_507_B"
SER_507_B,"GLU_506_B,GLU_508_B,ILE_511_B"
GLU_508_B,"SER_507_B,HIS_509_B,GLN_512_B"
HIS_509_B,"GLU_508_B,PHE_510_B,GLN_513_B"
PHE_510_B,"TYR_450_B,HIS_509_B,ILE_511_B,ALA_514_B"
ILE_511_B,"SER_507_B,PHE_510_B,GLN_512_B,PHE_515_B"
GLN_512_B,"GLU_508_B,ILE_511_B,GLN_513_B,ASP_516_B"
GLN_513_B,"HIS_509_B,GLN_512_B,ALA_514_B,GLU_517_B"
ALA_514_B,"ALA_449_B,PHE_510_B,GLN_513_B,PHE_515_B,ALA_518_B"
PHE_515_B,"ILE_511_B,ALA_514_B,ASP_516_B,MET_519_B"
ASP_516_B,"GLN_512_B,PHE_515_B,GLU_517_B,GLN_520_B"
GLU_517_B,"GLN_513_B,ASP_516_B,ALA_518_B"
ALA_518_B,"ALA_514_B,GLU_517_B,MET_519_B"
MET_519_B,"PHE_515_B,ALA_518_B,GLN_520_B"
GLN_520_B,"ASP_516_B,MET_519_B,ASP_521_B"
ASP_521_B,"GLN_520_B,ARG_522_B"
ARG_522_B,"ASP_521_B,THR_523_B"
THR_523_B,"LEU_494_B,ARG_522_B,THR_524_B"
THR_524_B,"THR_523_B,ILE_525_B"
ILE_525_B,"THR_524_B,VAL_526_B"
VAL_526_B,"ILE_525_B,ILE_527_B"
ILE_527_B,"LEU_496_B,ASP_497_B,VAL_526_B,ALA_528_B"
ALA_528_B,"ILE_527_B,HIS_529_B"
HIS_529_B,"GLU_498_B,ALA_528_B,ARG_530_B"
ARG_530_B,"HIS_529_B,LEU_531_B"
LEU_531_B,"ARG_530_B,SER_532_B,GLU_535_B"
SER_532_B,"LEU_531_B,THR_533_B,ASN_536_B"
THR_533_B,"SER_532_B,ILE_534_B"
ILE_534_B,"THR_533_B,GLU_535_B"
GLU_535_B,"LEU_531_B,ILE_534_B,ASN_536_B"
ASN_536_B,"SER_532_B,GLU_535_B,ALA_537_B"
ALA_537_B,"ALA_365_B,ASN_536_B,ASP_538_B"
ASP_538_B,"ALA_537_B,ARG_539_B"
ARG_539_B,"ALA_365_B,ASP_538_B,ILE_540_B"
ILE_540_B,"ARG_539_B,VAL_541_B"
VAL_541_B,"ALA_365_B,ILE_540_B,VAL_542_B"
VAL_542_B,"VAL_541_B,MET_543_B,GLU_550_B"
MET_543_B,"VAL_542_B,ASP_544_B"
ASP_544_B,"MET_543_B,ARG_545_B,GLN_547_B"
ARG_545_B,"ASP_544_B,GLY_546_B"
GLY_546_B,"ARG_545_B,GLN_547_B"
GLN_547_B,"ASP_544_B,GLY_546_B,ILE_548_B"
ILE_548_B,"GLN_547_B,VAL_549_B"
VAL_549_B,"ILE_548_B,GLU_550_B"
GLU_550_B,"VAL_542_B,VAL_549_B,GLN_551_B"
GLN_551_B,"GLU_550_B,GLY_552_B"
GLY_552_B,"GLN_551_B,THR_553_B"
THR_553_B,"GLY_552_B,HIS_554_B"
HIS_554_B,"THR_553_B,GLN_555_B,LEU_558_B"
GLN_555_B,"HIS_554_B,GLU_556_B,ALA_559_B"
GLU_556_B,"GLN_555_B,LEU_557_B,LYS_560_B"
LEU_557_B,"GLU_556_B,LEU_558_B,HIS_561_B"
LEU_558_B,"HIS_554_B,LEU_557_B,ALA_559_B"
ALA_559_B,"GLN_555_B,LEU_558_B,LYS_560_B"
LYS_560_B,"GLU_556_B,ALA_559_B,HIS_561_B"
HIS_561_B,"LEU_557_B,LYS_560_B,GLY_562_B"
GLY_562_B,"HIS_561_B,ALA_563_B"
ALA_563_B,"GLY_562_B,TYR_564_B,LEU_567_B"
TYR_564_B,"ALA_563_B,TYR_565_B,HIS_568_B"
TYR_565_B,"TYR_564_B,GLN_566_B,GLN_569_B"
GLN_566_B,"TYR_565_B,LEU_567_B,ARG_570_B"
LEU_567_B,"ALA_563_B,GLN_566_B,HIS_568_B"
HIS_568_B,"TYR_564_B,LEU_567_B,GLN_569_B"
GLN_569_B,"TYR_565_B,HIS_568_B,ARG_570_B"
ARG_570_B,"GLN_566_B,GLN_569_B"
