residue_id,neighbors
MET_1_A,THR_2_A
THR_2_A,"MET_1_A,THR_3_A"
THR_3_A,"THR_2_A,THR_4_A,ILE_206_A"
THR_4_A,"THR_3_A,MET_5_A"
MET_5_A,"THR_4_A,LYS_6_A,ILE_204_A"
LYS_6_A,"MET_5_A,ILE_7_A,ASP_238_A"
ILE_7_A,"LYS_6_A,SER_8_A,LEU_61_A,GLY_202_A,PHE_237_A"
SER_8_A,"ILE_7_A,ILE_9_A,ARG_236_A"
ILE_9_A,"SER_8_A,GLU_10_A,PHE_11_A,PHE_200_A"
GLU_10_A,"ILE_9_A,PHE_11_A,ARG_199_A,VAL_234_A,ARG_236_A"
PHE_11_A,"ILE_9_A,GLU_10_A,LEU_12_A,PHE_200_A"
LEU_12_A,"PHE_11_A,GLU_13_A"
GLU_13_A,"LEU_12_A,ALA_231_A,ARG_444_A,ASP_487_A"
PRO_14_A,PHE_15_A
PHE_15_A,"PRO_14_A,ARG_16_A,VAL_192_A"
ARG_16_A,"PHE_15_A,MET_17_A,ARG_35_A,PHE_39_A,ARG_171_A,GLU_191_A,ARG_444_A"
MET_17_A,"ARG_16_A,THR_18_A,TYR_190_A"
THR_18_A,"MET_17_A,LYS_19_A"
LYS_19_A,"THR_18_A,TRP_20_A,GLU_32_A"
TRP_20_A,"LYS_19_A,GLN_21_A,GLU_22_A"
GLN_21_A,"TRP_20_A,GLU_22_A,ASN_30_A"
GLU_22_A,"TRP_20_A,GLN_21_A,SER_23_A,ARG_25_A,ARG_44_A,LYS_47_A"
SER_23_A,"GLU_22_A,THR_24_A"
THR_24_A,"SER_23_A,ARG_25_A,ARG_26_A"
ARG_25_A,"GLU_22_A,THR_24_A,ARG_26_A"
ARG_26_A,"THR_24_A,ARG_25_A,ASN_27_A,PHE_33_A,ARG_41_A"
ASN_27_A,"ARG_26_A,LYS_28_A"
LYS_28_A,"ASN_27_A,ASN_29_A,ARG_388_A"
ASN_29_A,"LYS_28_A,ASN_30_A"
ASN_30_A,"GLN_21_A,ASN_29_A,LYS_31_A"
LYS_31_A,"ASN_30_A,GLU_32_A,LYS_385_A"
GLU_32_A,"LYS_19_A,LYS_31_A,PHE_33_A,GLU_381_A,HIS_383_A"
PHE_33_A,"ARG_26_A,GLU_32_A,VAL_34_A,LEU_99_A"
VAL_34_A,"PHE_33_A,ARG_35_A"
ARG_35_A,"ARG_16_A,VAL_34_A,GLY_36_A,HIS_383_A"
GLY_36_A,"ARG_35_A,GLN_37_A"
GLN_37_A,"GLY_36_A,ALA_38_A"
ALA_38_A,"GLN_37_A,PHE_39_A"
PHE_39_A,"ARG_16_A,ALA_38_A,ALA_40_A"
ALA_40_A,"PHE_39_A,ARG_41_A"
ARG_41_A,"ARG_26_A,ALA_40_A,TRP_42_A,TYR_55_A"
TRP_42_A,"ARG_41_A,HIS_43_A,ILE_167_A"
HIS_43_A,"TRP_42_A,ARG_44_A,ARG_53_A,TYR_55_A"
ARG_44_A,"GLU_22_A,HIS_43_A,ASN_45_A"
ASN_45_A,"ARG_44_A,LYS_46_A"
LYS_46_A,"ASN_45_A,LYS_47_A,ASP_48_A"
LYS_47_A,"GLU_22_A,LYS_46_A,ASP_48_A"
ASP_48_A,"LYS_46_A,LYS_47_A,ASN_49_A"
ASN_49_A,"ASP_48_A,THR_50_A,LYS_51_A"
THR_50_A,"ASN_49_A,LYS_51_A"
LYS_51_A,"ASN_49_A,THR_50_A,GLY_52_A,ASP_160_A"
GLY_52_A,"LYS_51_A,ARG_53_A"
ARG_53_A,"HIS_43_A,GLY_52_A,LYS_158_A,ASP_160_A"
PRO_54_A,TYR_55_A
TYR_55_A,"ARG_41_A,HIS_43_A,PRO_54_A,ILE_56_A"
ILE_56_A,"TYR_55_A,THR_57_A"
THR_57_A,"ILE_56_A,GLY_58_A"
GLY_58_A,"THR_57_A,THR_59_A,ARG_62_A,ASN_152_A"
THR_59_A,"GLY_58_A,LEU_60_A,SER_63_A"
LEU_60_A,"THR_59_A,LEU_61_A"
LEU_61_A,"ILE_7_A,LEU_60_A,ARG_62_A,VAL_65_A"
ARG_62_A,"GLY_58_A,LEU_61_A,SER_63_A,ILE_66_A,LEU_129_A,PHE_150_A"
SER_63_A,"THR_59_A,ARG_62_A,ALA_64_A,ARG_67_A"
ALA_64_A,"SER_63_A,VAL_65_A,SER_68_A"
VAL_65_A,"LEU_61_A,ALA_64_A,ILE_66_A,ALA_69_A"
ILE_66_A,"ARG_62_A,VAL_65_A,ARG_67_A,GLU_70_A,LEU_129_A"
ARG_67_A,"SER_63_A,ILE_66_A,SER_68_A,ARG_104_A"
SER_68_A,"ALA_64_A,ARG_67_A,ALA_69_A,LEU_72_A,THR_225_A"
ALA_69_A,"VAL_65_A,SER_68_A,GLU_70_A,LEU_73_A"
GLU_70_A,"ILE_66_A,ALA_69_A,ASN_71_A,ARG_102_A,ARG_104_A,PHE_125_A"
ASN_71_A,"GLU_70_A,LEU_72_A"
LEU_72_A,"SER_68_A,ASN_71_A,LEU_73_A,ASP_220_A"
LEU_73_A,"ALA_69_A,LEU_72_A,THR_74_A,GLY_78_A,TRP_109_A"
THR_74_A,"LEU_73_A,LEU_75_A"
LEU_75_A,"THR_74_A,SER_76_A"
SER_76_A,"LEU_75_A,ASP_77_A,LYS_79_A"
ASP_77_A,"SER_76_A,GLY_78_A"
GLY_78_A,"LEU_73_A,ASP_77_A,LYS_79_A"
LYS_79_A,"SER_76_A,GLY_78_A,ILE_80_A"
ILE_80_A,"LYS_79_A,SER_81_A,LEU_217_A"
SER_81_A,"ILE_80_A,GLU_82_A"
GLU_82_A,"SER_81_A,LYS_83_A"
LYS_83_A,"GLU_82_A,THR_84_A,GLU_213_A"
THR_84_A,"LYS_83_A,CYS_85_A"
CYS_85_A,"THR_84_A,CYS_86_A"
CYS_86_A,"CYS_85_A,CYS_123_A"
PRO_87_A,GLY_88_A
GLY_88_A,"PRO_87_A,LYS_89_A"
LYS_89_A,"GLY_88_A,PHE_90_A,ASP_91_A,ASP_117_A,ARG_131_A"
PHE_90_A,"LYS_89_A,ASP_91_A"
ASP_91_A,"LYS_89_A,PHE_90_A,THR_92_A,LYS_95_A"
THR_92_A,"ASP_91_A,GLU_93_A"
GLU_93_A,"THR_92_A,ASP_94_A"
ASP_94_A,"GLU_93_A,LYS_95_A,ASP_96_A,ARG_97_A"
LYS_95_A,"ASP_91_A,ASP_94_A,ASP_96_A"
ASP_96_A,"ASP_94_A,LYS_95_A,ARG_97_A"
ARG_97_A,"ASP_94_A,ASP_96_A,LEU_98_A"
LEU_98_A,"ARG_97_A,LEU_99_A,GLN_100_A,LEU_101_A"
LEU_99_A,"PHE_33_A,LEU_98_A,GLN_100_A"
GLN_100_A,"LEU_98_A,LEU_99_A,LEU_101_A"
LEU_101_A,"LEU_98_A,GLN_100_A,ARG_102_A"
ARG_102_A,"GLU_70_A,LEU_101_A,GLN_103_A,ARG_104_A,THR_106_A"
GLN_103_A,"ARG_102_A,ARG_104_A"
ARG_104_A,"ARG_67_A,GLU_70_A,ARG_102_A,GLN_103_A,SER_105_A"
SER_105_A,"ARG_104_A,THR_106_A"
THR_106_A,"ARG_102_A,SER_105_A,LEU_107_A"
LEU_107_A,"THR_106_A,ARG_108_A"
ARG_108_A,"LEU_107_A,TRP_109_A,ASP_111_A"
TRP_109_A,"LEU_73_A,ARG_108_A,THR_110_A"
THR_110_A,"TRP_109_A,ASP_111_A"
ASP_111_A,"ARG_108_A,THR_110_A,LYS_112_A"
LYS_112_A,"ASP_111_A,ASN_113_A"
ASN_113_A,LYS_112_A
PRO_114_A,CYS_115_A
CYS_115_A,PRO_114_A
PRO_116_A,"ASP_117_A,ALA_119_A"
ASP_117_A,"LYS_89_A,PRO_116_A,ASN_118_A,ARG_131_A"
ASN_118_A,"ASP_117_A,ALA_119_A"
ALA_119_A,"PRO_116_A,ASN_118_A,GLU_120_A,TYR_122_A"
GLU_120_A,"ALA_119_A,THR_121_A"
THR_121_A,"GLU_120_A,TYR_122_A"
TYR_122_A,"ALA_119_A,THR_121_A,CYS_123_A"
CYS_123_A,"CYS_86_A,TYR_122_A,PHE_125_A,CYS_126_A"
PRO_124_A,"PHE_125_A,LEU_128_A"
PHE_125_A,"GLU_70_A,CYS_123_A,PRO_124_A,CYS_126_A,LEU_129_A"
CYS_126_A,"CYS_123_A,PHE_125_A,GLU_127_A"
GLU_127_A,"CYS_126_A,LEU_128_A"
LEU_128_A,"PRO_124_A,GLU_127_A,LEU_129_A"
LEU_129_A,"ARG_62_A,ILE_66_A,PHE_125_A,LEU_128_A,GLY_130_A"
GLY_130_A,"LEU_129_A,ARG_131_A"
ARG_131_A,"LYS_89_A,ASP_117_A,GLY_130_A"
ARG_145_A,PHE_146_A
PHE_146_A,"ARG_145_A,ARG_147_A"
ARG_147_A,"PHE_146_A,ILE_148_A,ASP_207_A,LYS_209_A"
ILE_148_A,"ARG_147_A,HIS_149_A"
HIS_149_A,"ILE_148_A,PHE_150_A,THR_205_A"
PHE_150_A,"ARG_62_A,HIS_149_A,GLY_151_A,ILE_204_A"
GLY_151_A,"PHE_150_A,ASN_152_A"
ASN_152_A,"GLY_58_A,GLY_151_A,LEU_153_A"
LEU_153_A,"ASN_152_A,SER_154_A"
SER_154_A,"LEU_153_A,LEU_155_A"
LEU_155_A,SER_154_A
PRO_156_A,GLY_157_A
GLY_157_A,"PRO_156_A,LYS_158_A"
LYS_158_A,"ARG_53_A,GLY_157_A"
PRO_159_A,ASP_160_A
ASP_160_A,"LYS_51_A,ARG_53_A,PRO_159_A,PHE_161_A"
PHE_161_A,"ASP_160_A,ASP_162_A,ILE_167_A,PHE_197_A"
ASP_162_A,"PHE_161_A,GLY_163_A"
GLY_163_A,ASP_162_A
PRO_164_A,LYS_165_A
LYS_165_A,"PRO_164_A,ALA_166_A,ASP_424_A"
ALA_166_A,"LYS_165_A,ILE_167_A"
ILE_167_A,"TRP_42_A,PHE_161_A,ALA_166_A,GLY_168_A,PHE_197_A"
GLY_168_A,"ILE_167_A,SER_169_A"
SER_169_A,"GLY_168_A,GLN_170_A,GLU_191_A"
GLN_170_A,"SER_169_A,ARG_171_A"
ARG_171_A,"ARG_16_A,GLN_170_A,VAL_172_A,ALA_189_A,GLU_191_A,ARG_441_A"
VAL_172_A,"ARG_171_A,LEU_173_A,PHE_186_A,LYS_188_A"
LEU_173_A,"VAL_172_A,ASN_174_A,PHE_187_A"
ASN_174_A,"LEU_173_A,ARG_175_A"
ARG_175_A,"ASN_174_A,VAL_176_A,ASP_185_A"
VAL_176_A,"ARG_175_A,ASP_177_A"
ASP_177_A,"VAL_176_A,PHE_178_A,HIS_184_A"
PHE_178_A,"ASP_177_A,LYS_179_A,PRO_462_A"
LYS_179_A,"PHE_178_A,SER_180_A,ASP_460_A"
SER_180_A,"LYS_179_A,GLY_181_A,LYS_182_A"
GLY_181_A,"SER_180_A,LYS_182_A"
LYS_182_A,"SER_180_A,GLY_181_A,ALA_183_A,HIS_184_A"
ALA_183_A,"LYS_182_A,HIS_184_A"
HIS_184_A,"ASP_177_A,LYS_182_A,ALA_183_A,ASP_185_A"
ASP_185_A,"ARG_175_A,HIS_184_A,PHE_186_A,PHE_382_A"
PHE_186_A,"VAL_172_A,ASP_185_A,PHE_187_A,ALA_380_A"
PHE_187_A,"LEU_173_A,PHE_186_A,LYS_188_A"
LYS_188_A,"VAL_172_A,PHE_187_A,ALA_189_A,GLU_381_A"
ALA_189_A,"ARG_171_A,LYS_188_A,TYR_190_A"
TYR_190_A,"MET_17_A,ALA_189_A,GLU_191_A"
GLU_191_A,"ARG_16_A,SER_169_A,ARG_171_A,TYR_190_A,VAL_192_A,ARG_441_A"
VAL_192_A,"PHE_15_A,GLU_191_A,ASP_193_A,PHE_197_A"
ASP_193_A,"VAL_192_A,HIS_194_A,THR_195_A,ARG_196_A,ASP_437_A,ARG_489_A"
HIS_194_A,"ASP_193_A,THR_195_A,ARG_489_A"
THR_195_A,"ASP_193_A,HIS_194_A,ARG_196_A"
ARG_196_A,"ASP_193_A,THR_195_A,PHE_197_A"
PHE_197_A,"PHE_161_A,ILE_167_A,VAL_192_A,ARG_196_A"
PRO_198_A,ARG_199_A
ARG_199_A,"GLU_10_A,PRO_198_A,PHE_200_A,GLU_201_A,ARG_236_A"
PHE_200_A,"ILE_9_A,PHE_11_A,ARG_199_A,GLU_201_A"
GLU_201_A,"ARG_199_A,PHE_200_A,GLY_202_A"
GLY_202_A,"ILE_7_A,GLU_201_A,GLU_203_A"
GLU_203_A,"GLY_202_A,ILE_204_A"
ILE_204_A,"MET_5_A,PHE_150_A,GLU_203_A,THR_205_A"
THR_205_A,"HIS_149_A,ILE_204_A,ILE_206_A"
ILE_206_A,"THR_3_A,THR_205_A,ASP_207_A,VAL_210_A"
ASP_207_A,"ARG_147_A,ILE_206_A,ASN_208_A,LYS_209_A"
ASN_208_A,"ASP_207_A,LYS_209_A"
LYS_209_A,"ARG_147_A,ASP_207_A,ASN_208_A,VAL_210_A"
VAL_210_A,"ILE_206_A,LYS_209_A,SER_211_A"
SER_211_A,"VAL_210_A,ALA_212_A,ARG_215_A"
ALA_212_A,"SER_211_A,GLU_213_A"
GLU_213_A,"LYS_83_A,ALA_212_A,ALA_214_A"
ALA_214_A,"GLU_213_A,ARG_215_A,LEU_218_A"
ARG_215_A,"SER_211_A,ALA_214_A,LYS_216_A,CYS_219_A"
LYS_216_A,"ARG_215_A,LEU_217_A,ASP_220_A"
LEU_217_A,"ILE_80_A,LYS_216_A,LEU_218_A,SER_221_A"
LEU_218_A,"ALA_214_A,LEU_217_A,CYS_219_A,LEU_222_A"
CYS_219_A,"ARG_215_A,LEU_218_A,ASP_220_A,LYS_223_A"
ASP_220_A,"LEU_72_A,LYS_216_A,CYS_219_A,SER_221_A,PHE_224_A"
SER_221_A,"LEU_217_A,ASP_220_A,LEU_222_A,THR_225_A"
LEU_222_A,"LEU_218_A,SER_221_A,LYS_223_A,ILE_235_A,PHE_237_A"
LYS_223_A,"CYS_219_A,LEU_222_A,PHE_224_A"
PHE_224_A,"ASP_220_A,LYS_223_A,THR_225_A,LEU_592_A"
THR_225_A,"SER_68_A,SER_221_A,PHE_224_A,ASP_226_A"
ASP_226_A,"THR_225_A,ARG_227_A,GLU_403_A,ARG_535_A,ARG_598_A"
ARG_227_A,"ASP_226_A,LEU_228_A,THR_484_A"
LEU_228_A,"ARG_227_A,CYS_229_A"
CYS_229_A,"LEU_228_A,GLY_230_A"
GLY_230_A,"CYS_229_A,ALA_231_A"
ALA_231_A,"GLU_13_A,GLY_230_A,LEU_232_A"
LEU_232_A,"ALA_231_A,CYS_233_A"
CYS_233_A,"LEU_232_A,VAL_234_A"
VAL_234_A,"GLU_10_A,CYS_233_A,ILE_235_A"
ILE_235_A,"LEU_222_A,VAL_234_A,ARG_236_A"
ARG_236_A,"SER_8_A,GLU_10_A,ARG_199_A,ILE_235_A,PHE_237_A,ASP_599_A"
PHE_237_A,"ILE_7_A,LEU_222_A,ARG_236_A,ASP_238_A"
ASP_238_A,"LYS_6_A,PHE_237_A"
ASN_260_A,LEU_261_A
LEU_261_A,"ASN_260_A,ALA_262_A,THR_265_A,LEU_342_A"
ALA_262_A,"LEU_261_A,GLU_263_A,ALA_266_A,LYS_354_A"
GLU_263_A,"ALA_262_A,LYS_264_A,GLU_267_A"
LYS_264_A,"GLU_263_A,THR_265_A,GLN_268_A"
THR_265_A,"LEU_261_A,LYS_264_A,ALA_266_A,ILE_269_A,ILE_332_A"
ALA_266_A,"ALA_262_A,THR_265_A,GLU_267_A,ILE_270_A,LEU_355_A"
GLU_267_A,"GLU_263_A,ALA_266_A,GLN_268_A,SER_271_A"
GLN_268_A,"LYS_264_A,GLU_267_A,ILE_269_A,SER_271_A,ILE_272_A"
ILE_269_A,"THR_265_A,GLN_268_A,ILE_270_A,LEU_273_A"
ILE_270_A,"ALA_266_A,ILE_269_A,SER_271_A,ASP_274_A,LYS_362_A"
SER_271_A,"GLU_267_A,GLN_268_A,ILE_270_A,ILE_272_A,ASP_275_A"
ILE_272_A,"GLN_268_A,SER_271_A,LEU_273_A,ILE_332_A"
LEU_273_A,"ILE_269_A,ILE_272_A,ASP_274_A,THR_282_A,LEU_285_A"
ASP_274_A,"ILE_270_A,LEU_273_A,ASP_275_A"
ASP_275_A,"SER_271_A,ASP_274_A,ASN_276_A"
ASN_276_A,"ASP_275_A,LYS_277_A"
LYS_277_A,"ASN_276_A,LYS_278_A"
LYS_278_A,"LYS_277_A,THR_279_A"
THR_279_A,"LYS_278_A,GLU_280_A"
GLU_280_A,"THR_279_A,TYR_281_A"
TYR_281_A,"GLU_280_A,THR_282_A"
THR_282_A,"LEU_273_A,TYR_281_A,ARG_283_A,ALA_286_A"
ARG_283_A,"THR_282_A,LEU_284_A,ASP_287_A,LYS_364_A"
LEU_284_A,"ARG_283_A,LEU_285_A,ALA_288_A,ILE_644_A"
LEU_285_A,"LEU_273_A,LEU_284_A,ALA_286_A,ILE_289_A"
ALA_286_A,"THR_282_A,LEU_285_A,ASP_287_A,ARG_290_A"
ASP_287_A,"ARG_283_A,ALA_286_A,ALA_288_A,SER_291_A,HIS_500_A,ILE_644_A"
ALA_288_A,"LEU_284_A,ASP_287_A,ILE_289_A,LEU_292_A"
ILE_289_A,"LEU_285_A,ALA_288_A,ARG_290_A,LEU_292_A"
ARG_290_A,"ALA_286_A,ILE_289_A,SER_291_A,ARG_293_A,GLU_353_A,GLU_357_A,GLU_520_A"
SER_291_A,"ASP_287_A,ARG_290_A,LEU_292_A"
LEU_292_A,"ALA_288_A,ILE_289_A,SER_291_A,ARG_293_A,ARG_294_A,LEU_298_A"
ARG_293_A,"ARG_290_A,LEU_292_A,ARG_294_A,ARG_349_A,GLU_353_A,GLU_520_A"
ARG_294_A,"LEU_292_A,ARG_293_A,SER_295_A"
SER_295_A,"ARG_294_A,SER_296_A"
SER_296_A,"SER_295_A,LYS_297_A"
LYS_297_A,"SER_296_A,LEU_298_A"
LEU_298_A,"LEU_292_A,LYS_297_A,VAL_299_A"
VAL_299_A,"LEU_298_A,ALA_300_A"
ALA_300_A,"VAL_299_A,GLY_301_A"
GLY_301_A,"ALA_300_A,LEU_302_A"
LEU_302_A,"GLY_301_A,TRP_315_A"
PRO_303_A,"LYS_304_A,ARG_330_A"
LYS_304_A,"PRO_303_A,ASP_305_A,ASP_310_A,ARG_330_A"
ASP_305_A,"LYS_304_A,HIS_306_A,ASP_307_A,LYS_309_A,ASP_311_A"
HIS_306_A,"ASP_305_A,ASP_307_A,ASP_654_A,LYS_756_A,ASP_758_A"
ASP_307_A,"ASP_305_A,HIS_306_A,GLY_308_A,LYS_309_A"
GLY_308_A,"ASP_307_A,LYS_309_A"
LYS_309_A,"ASP_305_A,ASP_307_A,GLY_308_A,ASP_310_A"
ASP_310_A,"LYS_304_A,LYS_309_A,ASP_311_A,ASP_316_A,ARG_330_A"
ASP_311_A,"ASP_305_A,ASP_310_A,HIS_312_A,ASP_316_A,LYS_319_A"
HIS_312_A,"ASP_311_A,TYR_313_A,ASP_316_A,ARG_330_A"
TYR_313_A,"HIS_312_A,LEU_314_A"
LEU_314_A,"TYR_313_A,TRP_315_A"
TRP_315_A,"LEU_302_A,LEU_314_A,ASP_316_A"
ASP_316_A,"ASP_310_A,ASP_311_A,HIS_312_A,TRP_315_A,ILE_317_A,ARG_330_A"
ILE_317_A,"ASP_316_A,GLY_318_A"
GLY_318_A,"ILE_317_A,LYS_319_A,SER_326_A"
LYS_319_A,"ASP_311_A,GLY_318_A,LYS_320_A,THR_328_A"
LYS_320_A,"LYS_319_A,LYS_321_A,ASP_323_A"
LYS_321_A,"LYS_320_A,LYS_322_A"
LYS_322_A,"LYS_321_A,ASP_323_A,GLU_1267_A,LYS_1270_A"
ASP_323_A,"LYS_320_A,LYS_322_A,GLU_324_A,ASN_325_A,SER_326_A"
GLU_324_A,"ASP_323_A,ASN_325_A"
ASN_325_A,"ASP_323_A,GLU_324_A,SER_326_A"
SER_326_A,"GLY_318_A,ASP_323_A,ASN_325_A,VAL_327_A"
VAL_327_A,"SER_326_A,THR_328_A"
THR_328_A,"LYS_319_A,VAL_327_A,ILE_329_A"
ILE_329_A,"THR_328_A,ARG_330_A,LEU_333_A"
ARG_330_A,"PRO_303_A,LYS_304_A,ASP_310_A,HIS_312_A,ASP_316_A,ILE_329_A,GLN_331_A,THR_334_A"
GLN_331_A,"ARG_330_A,ILE_332_A,THR_335_A"
ILE_332_A,"THR_265_A,ILE_272_A,GLN_331_A,LEU_333_A"
LEU_333_A,"ILE_329_A,ILE_332_A,THR_334_A"
THR_334_A,"ARG_330_A,LEU_333_A,THR_335_A"
THR_335_A,"GLN_331_A,THR_334_A,SER_336_A"
SER_336_A,"THR_335_A,ALA_337_A"
ALA_337_A,"SER_336_A,ASP_338_A"
ASP_338_A,"ALA_337_A,THR_339_A,LYS_343_A"
THR_339_A,"ASP_338_A,LYS_340_A,GLU_341_A"
LYS_340_A,"THR_339_A,GLU_341_A"
GLU_341_A,"THR_339_A,LYS_340_A,LEU_342_A"
LEU_342_A,"LEU_261_A,GLU_341_A,LYS_343_A"
LYS_343_A,"ASP_338_A,LEU_342_A,ASN_344_A"
ASN_344_A,"LYS_343_A,ALA_345_A"
ALA_345_A,"ASN_344_A,GLY_346_A"
GLY_346_A,"ALA_345_A,LYS_347_A"
LYS_347_A,"GLY_346_A,TRP_348_A,GLU_350_A"
TRP_348_A,"LYS_347_A,ARG_349_A,PHE_351_A"
ARG_349_A,"ARG_293_A,TRP_348_A,GLU_350_A,GLU_353_A"
GLU_350_A,"LYS_347_A,ARG_349_A,PHE_351_A,LYS_354_A"
PHE_351_A,"TRP_348_A,GLU_350_A,CYS_352_A,LEU_355_A"
CYS_352_A,"PHE_351_A,GLU_353_A,GLY_356_A"
GLU_353_A,"ARG_290_A,ARG_293_A,ARG_349_A,CYS_352_A,LYS_354_A,GLU_357_A"
LYS_354_A,"ALA_262_A,GLU_350_A,GLU_353_A,LEU_355_A,ALA_358_A"
LEU_355_A,"ALA_266_A,PHE_351_A,LYS_354_A,GLY_356_A"
GLY_356_A,"CYS_352_A,LEU_355_A,GLU_357_A,TYR_360_A"
GLU_357_A,"ARG_290_A,GLU_353_A,GLY_356_A,ALA_358_A,LEU_361_A,LYS_426_A"
ALA_358_A,"LYS_354_A,GLU_357_A,LEU_359_A,LYS_362_A"
LEU_359_A,"ALA_358_A,TYR_360_A,SER_363_A"
TYR_360_A,"GLY_356_A,LEU_359_A,LEU_361_A,LYS_364_A"
LEU_361_A,"GLU_357_A,TYR_360_A,LYS_362_A"
LYS_362_A,"ILE_270_A,ALA_358_A,LEU_361_A,SER_363_A,ASP_365_A"
SER_363_A,"LEU_359_A,LYS_362_A,LYS_364_A"
LYS_364_A,"ARG_283_A,TYR_360_A,SER_363_A,ASP_365_A"
ASP_365_A,"LYS_362_A,LYS_364_A,MET_366_A"
MET_366_A,"ASP_365_A,SER_367_A"
SER_367_A,"MET_366_A,GLY_368_A"
GLY_368_A,"SER_367_A,GLY_369_A,ALA_1327_A"
GLY_369_A,"GLY_368_A,LEU_370_A"
LEU_370_A,"GLY_369_A,LYS_371_A"
LYS_371_A,"LEU_370_A,ILE_372_A"
ILE_372_A,"LYS_371_A,THR_373_A"
THR_373_A,"ILE_372_A,ARG_374_A"
ARG_374_A,"THR_373_A,ARG_375_A,ASP_429_A"
ARG_375_A,"ARG_374_A,ILE_376_A,ASP_379_A"
ILE_376_A,"ARG_375_A,LEU_377_A"
LEU_377_A,"ILE_376_A,GLY_378_A"
GLY_378_A,"LEU_377_A,ASP_379_A"
ASP_379_A,"ARG_375_A,GLY_378_A,ALA_380_A,GLU_381_A"
ALA_380_A,"PHE_186_A,ASP_379_A,GLU_381_A"
GLU_381_A,"GLU_32_A,LYS_188_A,ASP_379_A,ALA_380_A,PHE_382_A,HIS_383_A"
PHE_382_A,"ASP_185_A,GLU_381_A,HIS_383_A"
HIS_383_A,"GLU_32_A,ARG_35_A,GLU_381_A,PHE_382_A,GLY_384_A"
GLY_384_A,"HIS_383_A,LYS_385_A"
LYS_385_A,"LYS_31_A,GLY_384_A"
PRO_386_A,ASP_387_A
ASP_387_A,"PRO_386_A,ARG_388_A,LEU_389_A,GLU_390_A"
ARG_388_A,"LYS_28_A,ASP_387_A,LEU_389_A"
LEU_389_A,"ASP_387_A,ARG_388_A,GLU_390_A"
GLU_390_A,"ASP_387_A,LEU_389_A,LYS_391_A,ARG_393_A"
LYS_391_A,"GLU_390_A,SER_392_A"
SER_392_A,"LYS_391_A,ARG_393_A"
ARG_393_A,"GLU_390_A,SER_392_A,SER_394_A,ARG_470_A"
SER_394_A,"ARG_393_A,VAL_395_A"
VAL_395_A,"SER_394_A,SER_396_A"
SER_396_A,"VAL_395_A,ILE_397_A"
ILE_397_A,"SER_396_A,GLY_398_A"
GLY_398_A,"ILE_397_A,SER_399_A"
SER_399_A,"GLY_398_A,VAL_400_A"
VAL_400_A,"SER_399_A,LEU_401_A"
LEU_401_A,"VAL_400_A,LYS_402_A"
LYS_402_A,"LEU_401_A,GLU_403_A,GLY_536_A,ASP_539_A,ASP_581_A"
GLU_403_A,"ASP_226_A,LYS_402_A,THR_404_A,ARG_533_A,ARG_535_A"
THR_404_A,"GLU_403_A,VAL_405_A,TYR_534_A"
VAL_405_A,"THR_404_A,VAL_406_A,GLU_578_A"
VAL_406_A,"VAL_405_A,CYS_407_A,LEU_532_A"
CYS_407_A,"VAL_406_A,GLY_408_A,LYS_576_A"
GLY_408_A,"CYS_407_A,GLU_409_A,PHE_530_A"
GLU_409_A,"GLY_408_A,LEU_410_A,GLU_573_A"
LEU_410_A,"GLU_409_A,VAL_411_A,PHE_528_A,MET_559_A"
VAL_411_A,"LEU_410_A,ALA_412_A,VAL_527_A,ARG_571_A"
ALA_412_A,"VAL_411_A,LYS_413_A,PHE_570_A"
LYS_413_A,"ALA_412_A,THR_414_A,ARG_571_A,GLU_573_A"
THR_414_A,LYS_413_A
PRO_415_A,PHE_416_A
PHE_416_A,"PRO_415_A,PHE_417_A,PHE_418_A,ALA_522_A"
PHE_417_A,"PHE_416_A,PHE_418_A,VAL_432_A,SER_560_A"
PHE_418_A,"PHE_416_A,PHE_417_A,GLY_419_A"
GLY_419_A,"PHE_418_A,ALA_420_A"
ALA_420_A,"GLY_419_A,ILE_421_A,ASP_422_A,LEU_433_A"
ILE_421_A,"ALA_420_A,ASP_422_A"
ASP_422_A,"ALA_420_A,ILE_421_A,GLU_423_A,ASP_424_A"
GLU_423_A,"ASP_422_A,ASP_424_A,ALA_425_A"
ASP_424_A,"LYS_165_A,ASP_422_A,GLU_423_A,ALA_425_A"
ALA_425_A,"GLU_423_A,ASP_424_A,LYS_426_A"
LYS_426_A,"GLU_357_A,ALA_425_A,GLN_427_A"
GLN_427_A,"LYS_426_A,THR_428_A"
THR_428_A,"GLN_427_A,ASP_429_A,GLN_431_A"
ASP_429_A,"ARG_374_A,THR_428_A,LEU_430_A"
LEU_430_A,"ASP_429_A,GLN_431_A"
GLN_431_A,"THR_428_A,LEU_430_A,VAL_432_A"
VAL_432_A,"PHE_417_A,GLN_431_A,LEU_433_A"
LEU_433_A,"ALA_420_A,VAL_432_A,LEU_434_A"
LEU_434_A,"LEU_433_A,THR_435_A,TYR_440_A"
THR_435_A,"LEU_434_A,ASP_437_A,ASN_438_A,LYS_439_A"
PRO_436_A,ASP_437_A
ASP_437_A,"ASP_193_A,THR_435_A,PRO_436_A,ASN_438_A,LYS_439_A,ARG_489_A"
ASN_438_A,"THR_435_A,ASP_437_A,LYS_439_A"
LYS_439_A,"THR_435_A,ASP_437_A,ASN_438_A,TYR_440_A,ARG_489_A,GLU_491_A"
TYR_440_A,"LEU_434_A,LYS_439_A,ARG_441_A,SER_490_A,TYR_492_A,ALA_494_A"
ARG_441_A,"ARG_171_A,GLU_191_A,TYR_440_A,LEU_442_A,ASP_487_A,ARG_489_A"
LEU_442_A,"ARG_441_A,VAL_447_A"
PRO_443_A,ARG_444_A
ARG_444_A,"GLU_13_A,ARG_16_A,PRO_443_A,SER_445_A,ARG_448_A,VAL_485_A,ASP_487_A"
SER_445_A,"ARG_444_A,ALA_446_A,GLY_449_A"
ALA_446_A,"SER_445_A,VAL_447_A,ILE_450_A"
VAL_447_A,"LEU_442_A,ALA_446_A,ARG_448_A,LEU_451_A"
ARG_448_A,"ARG_444_A,VAL_447_A,GLY_449_A,ARG_452_A,MET_480_A"
GLY_449_A,"SER_445_A,ARG_448_A,ILE_450_A,ARG_453_A"
ILE_450_A,"ALA_446_A,GLY_449_A,LEU_451_A,ASP_454_A,TRP_552_A"
LEU_451_A,"VAL_447_A,ILE_450_A,ARG_452_A,LEU_455_A"
ARG_452_A,"ARG_448_A,LEU_451_A,ARG_453_A,GLN_456_A"
ARG_453_A,"GLY_449_A,ARG_452_A,ASP_454_A,THR_457_A,ARG_724_A"
ASP_454_A,"ILE_450_A,ARG_453_A,LEU_455_A,TYR_458_A,TRP_552_A"
LEU_455_A,"LEU_451_A,ASP_454_A,GLN_456_A,THR_476_A,ALA_544_A"
GLN_456_A,"ARG_452_A,LEU_455_A,THR_457_A"
THR_457_A,"ARG_453_A,GLN_456_A,TYR_458_A"
TYR_458_A,"ASP_454_A,THR_457_A,PHE_459_A,ALA_544_A,ARG_621_A"
PHE_459_A,"TYR_458_A,ASP_460_A,LYS_475_A,ALA_544_A"
ASP_460_A,"LYS_179_A,PHE_459_A,SER_461_A"
SER_461_A,ASP_460_A
PRO_462_A,"PHE_178_A,CYS_463_A"
CYS_463_A,"PRO_462_A,ASN_464_A"
ASN_464_A,"CYS_463_A,ALA_465_A"
ALA_465_A,"ASN_464_A,GLU_466_A"
GLU_466_A,"ALA_465_A,LEU_467_A"
LEU_467_A,"GLU_466_A,GLY_468_A"
GLY_468_A,"LEU_467_A,GLY_469_A"
GLY_469_A,"GLY_468_A,ARG_470_A"
ARG_470_A,"ARG_393_A,GLY_469_A"
PRO_471_A,CYS_472_A
CYS_472_A,"PRO_471_A,MET_473_A,ARG_481_A"
MET_473_A,"CYS_472_A,CYS_474_A"
CYS_474_A,"MET_473_A,LYS_475_A"
LYS_475_A,"PHE_459_A,CYS_474_A,THR_476_A,ARG_478_A"
THR_476_A,"LEU_455_A,LYS_475_A,CYS_477_A,MET_480_A"
CYS_477_A,"THR_476_A,ARG_478_A,ARG_481_A"
ARG_478_A,"LYS_475_A,CYS_477_A,ILE_479_A"
ILE_479_A,"ARG_478_A,MET_480_A"
MET_480_A,"ARG_448_A,THR_476_A,ILE_479_A,ARG_481_A"
ARG_481_A,"CYS_472_A,CYS_477_A,MET_480_A,GLY_482_A"
GLY_482_A,"ARG_481_A,ILE_483_A"
ILE_483_A,"GLY_482_A,THR_484_A"
THR_484_A,"ARG_227_A,ILE_483_A,VAL_485_A,ARG_533_A"
VAL_485_A,"ARG_444_A,THR_484_A,MET_486_A"
MET_486_A,"VAL_485_A,ASP_487_A"
ASP_487_A,"GLU_13_A,ARG_441_A,ARG_444_A,MET_486_A,ALA_488_A,ARG_489_A"
ALA_488_A,"ASP_487_A,ARG_489_A,PHE_528_A"
ARG_489_A,"ASP_193_A,HIS_194_A,ASP_437_A,LYS_439_A,ARG_441_A,ASP_487_A,ALA_488_A,SER_490_A"
SER_490_A,"TYR_440_A,ARG_489_A,GLU_491_A,TYR_492_A"
GLU_491_A,"LYS_439_A,SER_490_A,TYR_492_A,GLU_666_A"
TYR_492_A,"TYR_440_A,SER_490_A,GLU_491_A,ASN_493_A,ALA_494_A,PRO_523_A"
ASN_493_A,"TYR_492_A,ALA_494_A"
ALA_494_A,"TYR_440_A,TYR_492_A,ASN_493_A"
PRO_496_A,GLU_497_A
GLU_497_A,"PRO_496_A,ILE_498_A,ARG_499_A,VAL_521_A"
ILE_498_A,"GLU_497_A,ARG_499_A,ASN_518_A"
ARG_499_A,"GLU_497_A,ILE_498_A,HIS_500_A,MET_519_A,LYS_567_A,LYS_660_A,GLU_677_A,ASP_727_A"
HIS_500_A,"ASP_287_A,ARG_499_A,ARG_501_A,ASP_642_A,LYS_675_A"
ARG_501_A,"HIS_500_A,THR_502_A,PHE_517_A,GLU_677_A,ARG_680_A"
THR_502_A,"ARG_501_A,ARG_503_A"
ARG_503_A,"THR_502_A,ILE_504_A,ALA_512_A,ARG_684_A"
ILE_504_A,"ARG_503_A,ASN_505_A"
ASN_505_A,"ILE_504_A,PHE_507_A,THR_510_A"
PRO_506_A,PHE_507_A
PHE_507_A,"ASN_505_A,PRO_506_A,THR_508_A"
THR_508_A,"PHE_507_A,GLY_509_A"
GLY_509_A,"THR_508_A,THR_510_A"
THR_510_A,"ASN_505_A,GLY_509_A,VAL_511_A"
VAL_511_A,"THR_510_A,ALA_512_A"
ALA_512_A,"ARG_503_A,VAL_511_A,GLU_513_A"
GLU_513_A,"ALA_512_A,GLY_514_A,ARG_1332_A"
GLY_514_A,"GLU_513_A,ALA_515_A"
ALA_515_A,"GLY_514_A,LEU_516_A"
LEU_516_A,"ALA_515_A,PHE_517_A"
PHE_517_A,"ARG_501_A,LEU_516_A,ASN_518_A"
ASN_518_A,"ILE_498_A,PHE_517_A,MET_519_A"
MET_519_A,"ARG_499_A,ASN_518_A,GLU_520_A"
GLU_520_A,"ARG_290_A,ARG_293_A,MET_519_A,VAL_521_A"
VAL_521_A,"GLU_497_A,GLU_520_A,ALA_522_A"
ALA_522_A,"PHE_416_A,VAL_521_A"
PRO_523_A,"TYR_492_A,GLU_524_A"
GLU_524_A,"PRO_523_A,GLY_525_A,LYS_660_A,LYS_662_A,ALA_663_A"
GLY_525_A,"GLU_524_A,ILE_526_A"
ILE_526_A,"GLY_525_A,VAL_527_A,PHE_528_A"
VAL_527_A,"VAL_411_A,ILE_526_A,PHE_528_A"
PHE_528_A,"LEU_410_A,ALA_488_A,ILE_526_A,VAL_527_A,PHE_570_A"
PRO_529_A,PHE_530_A
PHE_530_A,"GLY_408_A,PRO_529_A,GLN_531_A,MET_572_A"
GLN_531_A,"PHE_530_A,LEU_532_A"
LEU_532_A,"VAL_406_A,GLN_531_A,ARG_533_A"
ARG_533_A,"GLU_403_A,THR_484_A,LEU_532_A,TYR_534_A"
TYR_534_A,"THR_404_A,ARG_533_A,ARG_535_A,LEU_541_A"
ARG_535_A,"ASP_226_A,GLU_403_A,TYR_534_A,GLY_536_A,ARG_598_A"
GLY_536_A,"LYS_402_A,ARG_535_A,SER_537_A"
SER_537_A,"GLY_536_A,GLU_538_A"
GLU_538_A,"SER_537_A,ASP_539_A,GLY_540_A"
ASP_539_A,"LYS_402_A,GLU_538_A,GLY_540_A"
GLY_540_A,"GLU_538_A,ASP_539_A,LEU_541_A"
LEU_541_A,"TYR_534_A,GLY_540_A"
PRO_542_A,ASP_543_A
ASP_543_A,"PRO_542_A,ALA_544_A,LYS_546_A,THR_547_A"
ALA_544_A,"LEU_455_A,TYR_458_A,PHE_459_A,ASP_543_A,LEU_545_A,VAL_548_A"
LEU_545_A,"ALA_544_A,LYS_546_A,LEU_549_A"
LYS_546_A,"ASP_543_A,LEU_545_A,THR_547_A,LYS_550_A"
THR_547_A,"ASP_543_A,LYS_546_A,VAL_548_A,TRP_551_A"
VAL_548_A,"ALA_544_A,THR_547_A,LEU_549_A,TRP_552_A"
LEU_549_A,"LEU_545_A,VAL_548_A,LYS_550_A,ALA_553_A"
LYS_550_A,"LYS_546_A,LEU_549_A,TRP_551_A,GLU_554_A,GLU_616_A,PRO_617_A,TYR_620_A"
TRP_551_A,"THR_547_A,LYS_550_A,TRP_552_A"
TRP_552_A,"ILE_450_A,ASP_454_A,VAL_548_A,TRP_551_A,ALA_553_A,ALA_557_A"
ALA_553_A,"LEU_549_A,TRP_552_A,GLU_554_A"
GLU_554_A,"LYS_550_A,ALA_553_A,GLY_555_A,TYR_620_A"
GLY_555_A,"GLU_554_A,GLN_556_A,ARG_569_A"
GLN_556_A,"GLY_555_A,ALA_557_A"
ALA_557_A,"TRP_552_A,GLN_556_A,PHE_558_A"
PHE_558_A,"ALA_557_A,MET_559_A,ARG_569_A"
MET_559_A,"LEU_410_A,PHE_558_A,SER_560_A,PHE_570_A"
SER_560_A,"PHE_417_A,MET_559_A,GLY_561_A"
GLY_561_A,"SER_560_A,ALA_562_A"
ALA_562_A,"GLY_561_A,ALA_563_A,THR_565_A"
ALA_563_A,"ALA_562_A,SER_564_A"
SER_564_A,"ALA_563_A,THR_565_A"
THR_565_A,"ALA_562_A,SER_564_A,GLY_566_A"
GLY_566_A,"THR_565_A,LYS_567_A"
LYS_567_A,"ARG_499_A,GLY_566_A,GLY_568_A,GLU_677_A,ASP_727_A"
GLY_568_A,"LYS_567_A,ARG_569_A"
ARG_569_A,"GLY_555_A,PHE_558_A,GLY_568_A,PHE_570_A,GLU_627_A,GLU_726_A"
PHE_570_A,"ALA_412_A,PHE_528_A,MET_559_A,ARG_569_A,ARG_571_A"
ARG_571_A,"VAL_411_A,LYS_413_A,PHE_570_A,MET_572_A,GLU_573_A"
MET_572_A,"PHE_530_A,ARG_571_A,GLU_573_A"
GLU_573_A,"GLU_409_A,LYS_413_A,ARG_571_A,MET_572_A,ASN_574_A"
ASN_574_A,"GLU_573_A,ALA_575_A"
ALA_575_A,"ASN_574_A,LYS_576_A,LEU_614_A"
LYS_576_A,"CYS_407_A,ALA_575_A,TYR_577_A,LEU_610_A"
TYR_577_A,"LYS_576_A,GLU_578_A"
GLU_578_A,"VAL_405_A,TYR_577_A,THR_579_A,ARG_609_A,LEU_610_A"
THR_579_A,"GLU_578_A,LEU_580_A"
LEU_580_A,"THR_579_A,ASP_581_A"
ASP_581_A,"LYS_402_A,LEU_580_A,LEU_582_A,ASP_584_A"
LEU_582_A,"ASP_581_A,SER_583_A,TYR_591_A"
SER_583_A,"LEU_582_A,ASP_584_A"
ASP_584_A,"ASP_581_A,SER_583_A,GLU_585_A,ASN_586_A,GLN_587_A,ARG_588_A"
GLU_585_A,"ASP_584_A,ASN_586_A,ARG_588_A,ASN_589_A"
ASN_586_A,"ASP_584_A,GLU_585_A,GLN_587_A,ASP_590_A"
GLN_587_A,"ASP_584_A,ASN_586_A,ARG_588_A,TYR_591_A"
ARG_588_A,"ASP_584_A,GLU_585_A,GLN_587_A,ASN_589_A,LEU_592_A"
ASN_589_A,"GLU_585_A,ARG_588_A,ASP_590_A,LYS_593_A"
ASP_590_A,"ASN_586_A,ASN_589_A,TYR_591_A,LYS_593_A,ARG_609_A"
TYR_591_A,"LEU_582_A,GLN_587_A,ASP_590_A,LEU_592_A,GLY_596_A"
LEU_592_A,"PHE_224_A,ARG_588_A,TYR_591_A,LYS_593_A"
LYS_593_A,"ASN_589_A,ASP_590_A,LEU_592_A,ASN_594_A"
ASN_594_A,"LYS_593_A,TRP_595_A"
TRP_595_A,"ASN_594_A,GLY_596_A"
GLY_596_A,"TYR_591_A,TRP_595_A,TRP_597_A"
TRP_597_A,"GLY_596_A,ARG_598_A"
ARG_598_A,"ASP_226_A,ARG_535_A,TRP_597_A,ASP_599_A"
ASP_599_A,"ARG_236_A,ARG_598_A,GLU_600_A"
GLU_600_A,"ASP_599_A,LYS_601_A,GLU_604_A"
LYS_601_A,"GLU_600_A,GLY_602_A,GLU_605_A"
GLY_602_A,"LYS_601_A,LEU_603_A,LEU_606_A"
LEU_603_A,"GLY_602_A,GLU_604_A,LYS_607_A"
GLU_604_A,"GLU_600_A,LEU_603_A,GLU_605_A,LYS_607_A"
GLU_605_A,"LYS_601_A,GLU_604_A,LEU_606_A,LYS_608_A,ARG_609_A"
LEU_606_A,"GLY_602_A,GLU_605_A,LYS_607_A,LYS_608_A"
LYS_607_A,"LEU_603_A,GLU_604_A,LEU_606_A,LYS_608_A"
LYS_608_A,"GLU_605_A,LEU_606_A,LYS_607_A,ARG_609_A"
ARG_609_A,"GLU_578_A,ASP_590_A,GLU_605_A,LYS_608_A,LEU_610_A"
LEU_610_A,"LYS_576_A,GLU_578_A,ARG_609_A,ASN_611_A"
ASN_611_A,"LEU_610_A,SER_612_A"
SER_612_A,"ASN_611_A,GLY_613_A"
GLY_613_A,"SER_612_A,LEU_614_A"
LEU_614_A,"ALA_575_A,GLY_613_A"
PRO_615_A,GLU_616_A
GLU_616_A,"LYS_550_A,PRO_615_A"
PRO_617_A,"LYS_550_A,GLY_618_A"
GLY_618_A,"PRO_617_A,ASN_619_A"
ASN_619_A,"GLY_618_A,TYR_620_A"
TYR_620_A,"LYS_550_A,GLU_554_A,ASN_619_A,ARG_621_A"
ARG_621_A,"TYR_458_A,TYR_620_A,ASP_622_A"
ASP_622_A,"ARG_621_A,ARG_780_A"
PRO_623_A,"LYS_624_A,ARG_780_A"
LYS_624_A,"PRO_623_A,TRP_625_A,ARG_779_A"
TRP_625_A,"LYS_624_A,HIS_626_A"
HIS_626_A,"TRP_625_A,GLU_627_A,ILE_778_A,ARG_780_A,ARG_828_A"
GLU_627_A,"ARG_569_A,HIS_626_A,ILE_628_A,TRP_777_A"
ILE_628_A,"GLU_627_A,ASN_629_A,PHE_776_A,ASP_825_A"
ASN_629_A,"ILE_628_A,VAL_630_A,LYS_823_A"
VAL_630_A,"ASN_629_A,SER_631_A,GLY_774_A,PHE_776_A,ILE_822_A"
SER_631_A,"VAL_630_A,ILE_632_A,GLY_821_A"
ILE_632_A,"SER_631_A,GLU_633_A,LEU_772_A,LYS_818_A,LEU_820_A"
GLU_633_A,"ILE_632_A,MET_634_A,MET_771_A"
MET_634_A,"GLU_633_A,ALA_635_A,VAL_817_A"
ALA_635_A,"MET_634_A,SER_636_A"
SER_636_A,"ALA_635_A,GLY_813_A"
PRO_637_A,"PHE_638_A,TYR_814_A"
PHE_638_A,"PRO_637_A,ILE_639_A,TYR_674_A,PHE_730_A,LEU_762_A"
ILE_639_A,"PHE_638_A,ASN_640_A"
ASN_640_A,"ILE_639_A,GLY_641_A"
GLY_641_A,"ASN_640_A,ASP_642_A"
ASP_642_A,"HIS_500_A,GLY_641_A,ARG_645_A"
PRO_643_A,"ILE_644_A,ALA_647_A"
ILE_644_A,"LEU_284_A,ASP_287_A,PRO_643_A,ARG_645_A"
ARG_645_A,"ASP_642_A,ILE_644_A,ALA_646_A,ASP_649_A"
ALA_646_A,"ARG_645_A,ALA_647_A"
ALA_647_A,"PRO_643_A,ALA_646_A,VAL_648_A"
VAL_648_A,"ALA_647_A,ASP_649_A"
ASP_649_A,"ARG_645_A,VAL_648_A,LYS_650_A"
LYS_650_A,"ASP_649_A,ARG_651_A"
ARG_651_A,"LYS_650_A,GLY_652_A,THR_738_A"
GLY_652_A,"ARG_651_A,THR_653_A"
THR_653_A,"GLY_652_A,ASP_654_A"
ASP_654_A,"HIS_306_A,THR_653_A,VAL_655_A,ASP_758_A"
VAL_655_A,"ASP_654_A,VAL_656_A,ASP_759_A"
VAL_656_A,"VAL_655_A,THR_657_A"
THR_657_A,"VAL_656_A,PHE_658_A"
PHE_658_A,"THR_657_A,VAL_659_A,LYS_675_A"
VAL_659_A,"PHE_658_A,LYS_660_A"
LYS_660_A,"ARG_499_A,GLU_524_A,VAL_659_A,TYR_661_A,LYS_662_A,VAL_671_A,ASP_727_A"
TYR_661_A,"LYS_660_A,LYS_662_A"
LYS_662_A,"GLU_524_A,LYS_660_A,TYR_661_A,ALA_663_A,LYS_669_A"
ALA_663_A,"GLU_524_A,LYS_662_A,GLU_664_A"
GLU_664_A,"ALA_663_A,GLY_665_A,GLU_667_A,LYS_669_A"
GLY_665_A,"GLU_664_A,GLU_666_A"
GLU_666_A,"GLU_491_A,GLY_665_A,GLU_667_A"
GLU_667_A,"GLU_664_A,GLU_666_A,ALA_668_A,LYS_669_A"
ALA_668_A,"GLU_667_A,LYS_669_A"
LYS_669_A,"LYS_662_A,GLU_664_A,GLU_667_A,ALA_668_A"
PRO_670_A,VAL_671_A
VAL_671_A,"LYS_660_A,PRO_670_A,CYS_672_A"
CYS_672_A,"VAL_671_A,ALA_673_A"
ALA_673_A,"CYS_672_A,TYR_674_A"
TYR_674_A,"PHE_638_A,ALA_673_A,LYS_675_A,LEU_728_A"
LYS_675_A,"HIS_500_A,PHE_658_A,TYR_674_A,ALA_676_A,GLU_677_A"
ALA_676_A,"LYS_675_A,GLU_677_A,ARG_680_A"
GLU_677_A,"ARG_499_A,ARG_501_A,LYS_567_A,LYS_675_A,ALA_676_A,SER_678_A,GLY_681_A"
SER_678_A,"GLU_677_A,PHE_679_A,VAL_682_A"
PHE_679_A,"SER_678_A,ARG_680_A,PHE_725_A"
ARG_680_A,"ARG_501_A,ALA_676_A,PHE_679_A,GLY_681_A,ARG_684_A,PHE_714_A,PHE_725_A"
GLY_681_A,"GLU_677_A,ARG_680_A,VAL_682_A,SER_685_A"
VAL_682_A,"SER_678_A,GLY_681_A,ILE_683_A,ALA_686_A"
ILE_683_A,"VAL_682_A,ARG_684_A,VAL_687_A"
ARG_684_A,"ARG_503_A,ARG_680_A,ILE_683_A,SER_685_A,ALA_688_A,HIS_703_A"
SER_685_A,"GLY_681_A,ARG_684_A,ALA_686_A"
ALA_686_A,"VAL_682_A,SER_685_A,VAL_687_A"
VAL_687_A,"ILE_683_A,ALA_686_A,ALA_688_A,ALA_795_A"
ALA_688_A,"ARG_684_A,VAL_687_A,ARG_689_A"
ARG_689_A,"ALA_688_A,ILE_690_A,HIS_883_A,GLU_1461_A"
ILE_690_A,"ARG_689_A,HIS_691_A"
HIS_691_A,"ILE_690_A,MET_692_A,LEU_698_A,LYS_794_A"
MET_692_A,"HIS_691_A,GLU_693_A"
GLU_693_A,"MET_692_A,ASP_694_A,LEU_698_A"
ASP_694_A,"GLU_693_A,GLY_695_A"
GLY_695_A,"ASP_694_A,VAL_696_A"
VAL_696_A,"GLY_695_A,GLU_700_A"
PRO_697_A,"LEU_698_A,GLU_700_A"
LEU_698_A,"HIS_691_A,GLU_693_A,PRO_697_A,THR_699_A,HIS_703_A"
THR_699_A,"LEU_698_A,GLU_700_A"
GLU_700_A,"VAL_696_A,PRO_697_A,THR_699_A,LEU_701_A,LYS_885_A"
LEU_701_A,"GLU_700_A,THR_702_A"
THR_702_A,"LEU_701_A,HIS_703_A"
HIS_703_A,"ARG_684_A,LEU_698_A,THR_702_A,SER_704_A,CYS_711_A"
SER_704_A,"HIS_703_A,ASP_705_A"
ASP_705_A,"SER_704_A,CYS_706_A"
CYS_706_A,"ASP_705_A,GLU_707_A"
GLU_707_A,"CYS_706_A,CYS_708_A,GLN_712_A"
CYS_708_A,"GLU_707_A,LEU_709_A,CYS_711_A"
LEU_709_A,"CYS_708_A,LEU_710_A,TYR_788_A"
LEU_710_A,"LEU_709_A,CYS_711_A"
CYS_711_A,"HIS_703_A,CYS_708_A,LEU_710_A,GLN_712_A"
GLN_712_A,"GLU_707_A,CYS_711_A,ILE_713_A,TYR_788_A"
ILE_713_A,"GLN_712_A,PHE_714_A,ILE_723_A"
PHE_714_A,"ARG_680_A,ILE_713_A,GLY_715_A"
GLY_715_A,"PHE_714_A,SER_716_A"
SER_716_A,"GLY_715_A,GLU_717_A,GLU_719_A"
GLU_717_A,"SER_716_A,TYR_718_A"
TYR_718_A,"GLU_717_A,GLU_719_A"
GLU_719_A,"SER_716_A,TYR_718_A,ALA_720_A,LYS_722_A"
ALA_720_A,"GLU_719_A,GLY_721_A"
GLY_721_A,"ALA_720_A,LYS_722_A"
LYS_722_A,"GLU_719_A,GLY_721_A,ILE_723_A,ARG_779_A,ASP_781_A,VAL_782_A"
ILE_723_A,"ILE_713_A,LYS_722_A,ARG_724_A,PHE_725_A,PHE_776_A,ILE_778_A"
ARG_724_A,"ARG_453_A,ILE_723_A,PHE_725_A"
PHE_725_A,"PHE_679_A,ARG_680_A,ILE_723_A,ARG_724_A,GLU_726_A"
GLU_726_A,"ARG_569_A,PHE_725_A,ASP_727_A"
ASP_727_A,"ARG_499_A,LYS_567_A,LYS_660_A,GLU_726_A,LEU_728_A"
LEU_728_A,"TYR_674_A,ASP_727_A,VAL_729_A,LEU_772_A"
VAL_729_A,"LEU_728_A,PHE_730_A"
PHE_730_A,"PHE_638_A,VAL_729_A,GLU_731_A,SER_732_A,LEU_762_A,LEU_772_A"
GLU_731_A,"PHE_730_A,SER_732_A,LYS_773_A"
SER_732_A,"PHE_730_A,GLU_731_A,ASP_733_A"
ASP_733_A,"SER_732_A,GLU_735_A"
PRO_734_A,GLU_735_A
GLU_735_A,"ASP_733_A,PRO_734_A"
PRO_736_A,VAL_737_A
VAL_737_A,"PRO_736_A,THR_738_A,PHE_739_A"
THR_738_A,"ARG_651_A,VAL_737_A,PHE_739_A"
PHE_739_A,"VAL_737_A,THR_738_A,ASP_740_A,ASP_759_A"
ASP_740_A,"PHE_739_A,HIS_741_A,LYS_756_A,ASP_758_A"
HIS_741_A,"ASP_740_A,VAL_742_A,PHE_757_A,ASP_759_A"
VAL_742_A,"HIS_741_A,ALA_743_A,ILE_744_A"
ALA_743_A,"VAL_742_A,ILE_744_A,ALA_752_A,ILE_968_A"
ILE_744_A,"VAL_742_A,ALA_743_A,ASP_745_A"
ASP_745_A,"ILE_744_A,ARG_746_A,ASP_970_A,LYS_973_A"
ARG_746_A,"ASP_745_A,PHE_747_A,GLU_959_A,ARG_967_A,ILE_968_A,ARG_1412_A"
PHE_747_A,"ARG_746_A,THR_748_A,PHE_867_A"
THR_748_A,"PHE_747_A,GLY_749_A,GLY_750_A"
GLY_749_A,"THR_748_A,GLY_750_A"
GLY_750_A,"THR_748_A,GLY_749_A,ALA_751_A"
ALA_751_A,"GLY_750_A,ALA_752_A"
ALA_752_A,"ALA_743_A,ALA_751_A,ASP_753_A,LYS_754_A"
ASP_753_A,"ALA_752_A,LYS_754_A,LYS_755_A,ASP_970_A"
LYS_754_A,"ALA_752_A,ASP_753_A,LYS_755_A"
LYS_755_A,"ASP_753_A,LYS_754_A,LYS_756_A"
LYS_756_A,"HIS_306_A,ASP_740_A,LYS_755_A,PHE_757_A,ASP_758_A"
PHE_757_A,"HIS_741_A,LYS_756_A,ASP_758_A"
ASP_758_A,"HIS_306_A,ASP_654_A,ASP_740_A,LYS_756_A,PHE_757_A,ASP_759_A"
ASP_759_A,"VAL_655_A,PHE_739_A,HIS_741_A,ASP_758_A,SER_760_A,LYS_809_A"
SER_760_A,ASP_759_A
PRO_761_A,LEU_762_A
LEU_762_A,"PHE_638_A,PHE_730_A,PRO_761_A"
PRO_763_A,GLY_764_A
GLY_764_A,"PRO_763_A,SER_765_A"
SER_765_A,"GLY_764_A,HIS_940_A"
PRO_766_A,ALA_767_A
ALA_767_A,"PRO_766_A,ARG_768_A"
ARG_768_A,"ALA_767_A,HIS_940_A,LYS_941_A"
PRO_769_A,LEU_770_A
LEU_770_A,"PRO_769_A,MET_771_A"
MET_771_A,"GLU_633_A,LEU_770_A,LEU_772_A"
LEU_772_A,"ILE_632_A,LEU_728_A,PHE_730_A,MET_771_A,LYS_773_A"
LYS_773_A,"GLU_731_A,LEU_772_A,GLY_774_A"
GLY_774_A,"VAL_630_A,LYS_773_A,SER_775_A"
SER_775_A,"GLY_774_A,PHE_776_A"
PHE_776_A,"ILE_628_A,VAL_630_A,ILE_723_A,SER_775_A,TRP_777_A"
TRP_777_A,"GLU_627_A,PHE_776_A,ILE_778_A"
ILE_778_A,"HIS_626_A,ILE_723_A,TRP_777_A,ARG_779_A,LEU_783_A"
ARG_779_A,"LYS_624_A,LYS_722_A,ILE_778_A,ARG_780_A,ASP_781_A,VAL_782_A"
ARG_780_A,"ASP_622_A,PRO_623_A,HIS_626_A,ARG_779_A,ASP_781_A,GLU_784_A"
ASP_781_A,"LYS_722_A,ARG_779_A,ARG_780_A,VAL_782_A"
VAL_782_A,"LYS_722_A,ARG_779_A,ASP_781_A,LEU_783_A"
LEU_783_A,"ILE_778_A,VAL_782_A,GLU_784_A"
GLU_784_A,"ARG_780_A,LEU_783_A,ASP_785_A,ARG_828_A"
ASP_785_A,"GLU_784_A,GLU_786_A,GLU_787_A"
GLU_786_A,"ASP_785_A,GLU_787_A,ARG_831_A"
GLU_787_A,"ASP_785_A,GLU_786_A,TYR_788_A,LYS_790_A,ALA_791_A"
TYR_788_A,"LEU_709_A,GLN_712_A,GLU_787_A,CYS_789_A,LEU_792_A"
CYS_789_A,"TYR_788_A,LYS_790_A,GLY_793_A"
LYS_790_A,"GLU_787_A,CYS_789_A,ALA_791_A,LYS_794_A,ARG_831_A"
ALA_791_A,"GLU_787_A,LYS_790_A,LEU_792_A"
LEU_792_A,"TYR_788_A,ALA_791_A,GLY_793_A,LEU_796_A"
GLY_793_A,"CYS_789_A,LEU_792_A,LYS_794_A,ALA_797_A"
LYS_794_A,"HIS_691_A,LYS_790_A,GLY_793_A,ALA_795_A,TRP_1509_A"
ALA_795_A,"VAL_687_A,LYS_794_A,LEU_796_A,VAL_799_A"
LEU_796_A,"LEU_792_A,ALA_795_A,ALA_797_A,ASN_800_A,LEU_820_A,ILE_822_A"
ALA_797_A,"GLY_793_A,LEU_796_A,ASP_798_A"
ASP_798_A,"ALA_797_A,VAL_799_A,TYR_804_A,ARG_1506_A"
VAL_799_A,"ALA_795_A,ASP_798_A,ASN_800_A"
ASN_800_A,"LEU_796_A,VAL_799_A,ASN_801_A,LEU_820_A"
ASN_801_A,"ASN_800_A,GLY_802_A"
GLY_802_A,"ASN_801_A,LEU_803_A"
LEU_803_A,"GLY_802_A,TYR_804_A"
TYR_804_A,"ASP_798_A,LEU_803_A"
PRO_805_A,LEU_806_A
LEU_806_A,"PRO_805_A,GLY_807_A"
GLY_807_A,"LEU_806_A,GLY_808_A"
GLY_808_A,"GLY_807_A,LYS_809_A,SER_810_A"
LYS_809_A,"ASP_759_A,GLY_808_A,SER_810_A"
SER_810_A,"GLY_808_A,LYS_809_A,ALA_811_A"
ALA_811_A,"SER_810_A,ILE_812_A"
ILE_812_A,"ALA_811_A,GLY_813_A"
GLY_813_A,"SER_636_A,ILE_812_A,TYR_814_A"
TYR_814_A,"PRO_637_A,GLY_813_A,GLY_815_A"
GLY_815_A,"TYR_814_A,GLN_816_A"
GLN_816_A,"GLY_815_A,VAL_817_A"
VAL_817_A,"MET_634_A,GLN_816_A,LYS_818_A"
LYS_818_A,"ILE_632_A,VAL_817_A,SER_819_A"
SER_819_A,"LYS_818_A,LEU_820_A"
LEU_820_A,"ILE_632_A,LEU_796_A,ASN_800_A,SER_819_A,GLY_821_A"
GLY_821_A,"SER_631_A,LEU_820_A,ILE_822_A"
ILE_822_A,"VAL_630_A,LEU_796_A,GLY_821_A,LYS_823_A"
LYS_823_A,"ASN_629_A,ILE_822_A,GLY_824_A"
GLY_824_A,"LYS_823_A,ASP_825_A"
ASP_825_A,"ILE_628_A,GLY_824_A,ASP_826_A,ILE_829_A"
ASP_826_A,"ASP_825_A,LYS_827_A,ARG_828_A"
LYS_827_A,"ASP_826_A,ARG_828_A"
ARG_828_A,"HIS_626_A,GLU_784_A,ASP_826_A,LYS_827_A,ILE_829_A"
ILE_829_A,"ASP_825_A,ARG_828_A,SER_830_A,ARG_831_A"
SER_830_A,"ILE_829_A,ARG_831_A"
ARG_831_A,"GLU_786_A,LYS_790_A,ILE_829_A,SER_830_A,LEU_832_A"
LEU_832_A,"ARG_831_A,MET_833_A,TRP_1509_A"
MET_833_A,"LEU_832_A,ASN_834_A"
ASN_834_A,MET_833_A
PRO_835_A,ALA_836_A
ALA_836_A,"PRO_835_A,PHE_837_A"
PHE_837_A,"ALA_836_A,ASP_838_A,ARG_1504_A,TRP_1512_A,ASN_1514_A"
ASP_838_A,"PHE_837_A,GLU_839_A"
GLU_839_A,"ASP_838_A,THR_840_A,ASP_841_A"
THR_840_A,"GLU_839_A,ASP_841_A,VAL_842_A,ASN_1514_A"
ASP_841_A,"GLU_839_A,THR_840_A,VAL_842_A"
VAL_842_A,"THR_840_A,ASP_841_A,ALA_843_A"
ALA_843_A,"VAL_842_A,VAL_844_A"
VAL_844_A,ALA_843_A
PRO_845_A,GLU_846_A
GLU_846_A,"PRO_845_A,LYS_847_A,LYS_1479_A"
LYS_847_A,"GLU_846_A,LYS_1479_A,GLU_1497_A,ASP_1499_A"
PRO_848_A,"LYS_849_A,LYS_1479_A"
LYS_849_A,"PRO_848_A,THR_850_A,LYS_1479_A"
THR_850_A,"LYS_849_A,ASP_851_A"
ASP_851_A,"THR_850_A,ALA_852_A,LYS_1545_A"
ALA_852_A,"ASP_851_A,GLU_853_A,LYS_1545_A"
GLU_853_A,"ALA_852_A,VAL_854_A"
VAL_854_A,"GLU_853_A,ARG_855_A,TRP_1549_A"
ARG_855_A,"VAL_854_A,ILE_856_A,GLU_857_A"
ILE_856_A,"ARG_855_A,GLU_857_A,TRP_1549_A"
GLU_857_A,"ARG_855_A,ILE_856_A,ALA_858_A,GLU_859_A,LYS_860_A"
ALA_858_A,"GLU_857_A,GLU_859_A,LYS_860_A"
GLU_859_A,"GLU_857_A,ALA_858_A,LYS_860_A"
LYS_860_A,"GLU_857_A,ALA_858_A,GLU_859_A,VAL_861_A"
VAL_861_A,"LYS_860_A,TYR_862_A,TRP_1600_A"
TYR_862_A,"VAL_861_A,TYR_863_A"
TYR_863_A,"TYR_862_A,TYR_1576_A"
PRO_864_A,"HIS_865_A,TYR_1561_A"
HIS_865_A,"PRO_864_A,TYR_866_A,LYS_1413_A,TYR_1561_A"
TYR_866_A,"HIS_865_A,PHE_867_A,VAL_1416_A,LEU_1547_A,THR_1598_A"
PHE_867_A,"PHE_747_A,TYR_866_A,VAL_868_A,LYS_1413_A"
VAL_868_A,"PHE_867_A,GLU_869_A,PHE_1414_A,LEU_1547_A"
GLU_869_A,VAL_868_A
PRO_870_A,HIS_871_A
HIS_871_A,"PRO_870_A,LYS_872_A,GLU_1537_A"
LYS_872_A,"HIS_871_A,LYS_873_A,GLU_1537_A"
LYS_873_A,"LYS_872_A,VAL_874_A,GLU_875_A"
VAL_874_A,"LYS_873_A,GLU_875_A,LEU_1309_A"
GLU_875_A,"LYS_873_A,VAL_874_A,ARG_876_A,TRP_1533_A"
ARG_876_A,"GLU_875_A,GLU_877_A,ASP_1308_A,HIS_1337_A"
GLU_877_A,"ARG_876_A,GLU_878_A,LEU_1341_A,ARG_1346_A"
GLU_878_A,"GLU_877_A,LYS_879_A"
LYS_879_A,GLU_878_A
PRO_880_A,CYS_881_A
CYS_881_A,"PRO_880_A,GLY_882_A"
GLY_882_A,"CYS_881_A,HIS_883_A"
HIS_883_A,"ARG_689_A,GLY_882_A,GLN_884_A,LYS_1354_A,GLU_1461_A"
GLN_884_A,"HIS_883_A,LYS_885_A"
LYS_885_A,"GLU_700_A,GLN_884_A,PHE_886_A,HIS_887_A"
PHE_886_A,"LYS_885_A,HIS_887_A"
HIS_887_A,"LYS_885_A,PHE_886_A,GLU_888_A,ARG_890_A"
GLU_888_A,"HIS_887_A,GLY_889_A"
GLY_889_A,"GLU_888_A,ARG_890_A"
ARG_890_A,"HIS_887_A,GLY_889_A,LEU_891_A,ARG_1356_A,LYS_1464_A,GLU_1467_A"
LEU_891_A,"ARG_890_A,THR_892_A,ASN_1462_A,LEU_1468_A"
THR_892_A,"LEU_891_A,GLY_893_A,GLU_1461_A,ARG_1506_A"
GLY_893_A,"THR_892_A,LYS_894_A,PHE_1460_A"
LYS_894_A,"GLY_893_A,ILE_895_A,ARG_896_A,GLU_1457_A,ARG_1504_A"
ILE_895_A,"LYS_894_A,ARG_896_A,ILE_1458_A,PHE_1460_A"
ARG_896_A,"LYS_894_A,ILE_895_A,CYS_897_A,GLU_1457_A,GLU_1501_A,ARG_1504_A"
CYS_897_A,"ARG_896_A,LYS_898_A,PHE_1456_A"
LYS_898_A,"CYS_897_A,LEU_899_A,GLU_1365_A,ASP_1499_A,GLU_1501_A"
LEU_899_A,"LYS_898_A,ILE_900_A,PHE_1454_A"
ILE_900_A,"LEU_899_A,THR_901_A,GLU_1497_A"
THR_901_A,"ILE_900_A,LYS_902_A"
LYS_902_A,"THR_901_A,THR_903_A,SER_1495_A,GLU_1497_A"
THR_903_A,LYS_902_A
PRO_904_A,"LEU_905_A,TRP_1421_A,PHE_1493_A,GLY_1494_A"
LEU_905_A,"PRO_904_A,ILE_906_A"
ILE_906_A,"LEU_905_A,VAL_907_A,VAL_1445_A,ALA_1447_A,PHE_1493_A"
VAL_907_A,ILE_906_A
PRO_908_A,ASP_909_A
ASP_909_A,"PRO_908_A,THR_910_A"
THR_910_A,"ASP_909_A,SER_911_A"
SER_911_A,"THR_910_A,ASN_912_A"
ASN_912_A,"SER_911_A,ASP_913_A"
ASP_913_A,"ASN_912_A,ASP_914_A,LYS_932_A,SER_933_A"
ASP_914_A,"ASP_913_A,PHE_915_A,ARG_917_A,ARG_924_A"
PHE_915_A,"ASP_914_A,PHE_916_A,ALA_935_A"
PHE_916_A,"PHE_915_A,ARG_917_A,GLU_1446_A"
ARG_917_A,"ASP_914_A,PHE_916_A,LYS_921_A,GLU_922_A,ARG_924_A"
PRO_918_A,ALA_919_A
ALA_919_A,"PRO_918_A,ASP_920_A,LYS_921_A"
ASP_920_A,"ALA_919_A,LYS_921_A"
LYS_921_A,"ARG_917_A,ALA_919_A,ASP_920_A,GLU_922_A,ARG_924_A"
GLU_922_A,"ARG_917_A,LYS_921_A,ALA_923_A,ARG_924_A,LYS_925_A,ASP_928_A"
ALA_923_A,"GLU_922_A,ARG_924_A"
ARG_924_A,"ASP_914_A,ARG_917_A,LYS_921_A,GLU_922_A,ALA_923_A,LYS_925_A,ASP_928_A,TYR_930_A"
LYS_925_A,"GLU_922_A,ARG_924_A,GLU_926_A"
GLU_926_A,"LYS_925_A,LYS_927_A"
LYS_927_A,"GLU_926_A,ASP_928_A"
ASP_928_A,"GLU_922_A,ARG_924_A,LYS_927_A,GLU_929_A"
GLU_929_A,"ASP_928_A,TYR_930_A"
TYR_930_A,"ARG_924_A,GLU_929_A,HIS_931_A"
HIS_931_A,"TYR_930_A,LYS_932_A,THR_1444_A"
LYS_932_A,"ASP_913_A,HIS_931_A,SER_933_A,ARG_1443_A"
SER_933_A,"ASP_913_A,LYS_932_A,TYR_934_A"
TYR_934_A,"SER_933_A,ALA_935_A"
ALA_935_A,"PHE_915_A,TYR_934_A,PHE_936_A"
PHE_936_A,"ALA_935_A,PHE_937_A,ILE_943_A,LEU_1448_A"
PHE_937_A,"PHE_936_A,ARG_938_A"
ARG_938_A,"PHE_937_A,LEU_939_A,ILE_943_A,HIS_1382_A,GLU_1446_A"
LEU_939_A,"ARG_938_A,HIS_940_A"
HIS_940_A,"SER_765_A,ARG_768_A,LEU_939_A,LYS_941_A"
LYS_941_A,"ARG_768_A,HIS_940_A,GLN_942_A"
GLN_942_A,"LYS_941_A,ILE_943_A"
ILE_943_A,"PHE_936_A,ARG_938_A,GLN_942_A,MET_944_A"
MET_944_A,"ILE_943_A,ILE_945_A"
ILE_945_A,"MET_944_A,ALA_1362_A"
PRO_946_A,GLY_947_A
GLY_947_A,"PRO_946_A,SER_948_A,ARG_951_A"
SER_948_A,"GLY_947_A,GLU_949_A,GLY_952_A"
GLU_949_A,"SER_948_A,LEU_950_A"
LEU_950_A,"GLU_949_A,ARG_951_A"
ARG_951_A,"GLY_947_A,LEU_950_A,GLY_952_A,SER_955_A,ARG_967_A,VAL_1357_A"
GLY_952_A,"SER_948_A,ARG_951_A,MET_953_A,SER_956_A"
MET_953_A,"GLY_952_A,VAL_954_A,ILE_1498_A"
VAL_954_A,"MET_953_A,SER_955_A,TYR_958_A"
SER_955_A,"ARG_951_A,VAL_954_A,SER_956_A,GLU_959_A"
SER_956_A,"GLY_952_A,SER_955_A,VAL_957_A"
VAL_957_A,"SER_956_A,TYR_958_A"
TYR_958_A,"VAL_954_A,VAL_957_A,GLU_959_A,PHE_1348_A"
GLU_959_A,"ARG_746_A,SER_955_A,TYR_958_A,THR_960_A,ARG_967_A,ARG_1412_A"
THR_960_A,"GLU_959_A,VAL_961_A,LEU_1544_A"
VAL_961_A,"THR_960_A,THR_962_A"
THR_962_A,"VAL_961_A,ASN_963_A,SER_964_A,LEU_1470_A"
ASN_963_A,"THR_962_A,SER_964_A,PHE_1534_A"
SER_964_A,"THR_962_A,ASN_963_A,CYS_965_A,ARG_1412_A"
CYS_965_A,"SER_964_A,PHE_966_A,ARG_967_A"
PHE_966_A,"CYS_965_A,ARG_967_A,ILE_968_A"
ARG_967_A,"ARG_746_A,ARG_951_A,GLU_959_A,CYS_965_A,PHE_966_A,ILE_968_A"
ILE_968_A,"ALA_743_A,ARG_746_A,PHE_966_A,ARG_967_A,PHE_969_A"
PHE_969_A,"ILE_968_A,ASP_970_A"
ASP_970_A,"ASP_745_A,ASP_753_A,PHE_969_A,GLU_971_A,LYS_973_A"
GLU_971_A,"ASP_970_A,THR_972_A,GLY_1302_A,ARG_1310_A,ASP_1315_A,VAL_1317_A"
THR_972_A,"GLU_971_A,LYS_973_A"
LYS_973_A,"ASP_745_A,ASP_970_A,THR_972_A,ARG_974_A"
ARG_974_A,"LYS_973_A,LEU_975_A,LYS_1233_A,GLU_1240_A,ASP_1297_A,ASP_1298_A,ASP_1319_A"
LEU_975_A,"ARG_974_A,SER_976_A,ILE_1301_A"
SER_976_A,"LEU_975_A,TRP_977_A,ARG_1294_A"
TRP_977_A,"SER_976_A,ARG_978_A,THR_1295_A,ASP_1297_A"
ARG_978_A,"TRP_977_A,MET_979_A,ARG_1294_A"
MET_979_A,"ARG_978_A,ASP_980_A,LEU_987_A"
ASP_980_A,"MET_979_A,ALA_981_A,ASP_982_A,HIS_983_A"
ALA_981_A,"ASP_980_A,ASP_982_A"
ASP_982_A,"ASP_980_A,ALA_981_A,HIS_983_A,GLN_984_A"
HIS_983_A,"ASP_980_A,ASP_982_A,GLN_984_A,VAL_986_A"
GLN_984_A,"ASP_982_A,HIS_983_A,ASN_985_A"
ASN_985_A,"GLN_984_A,VAL_986_A"
VAL_986_A,"HIS_983_A,ASN_985_A,LEU_987_A"
LEU_987_A,"MET_979_A,VAL_986_A,GLN_988_A"
GLN_988_A,"LEU_987_A,ASP_989_A"
ASP_989_A,"GLN_988_A,PHE_990_A,LYS_1278_A"
PHE_990_A,"ASP_989_A,LEU_991_A,LYS_1278_A"
LEU_991_A,PHE_990_A
PRO_992_A,GLY_993_A
GLY_993_A,"PRO_992_A,ARG_994_A"
ARG_994_A,"GLY_993_A,VAL_995_A,GLN_1003_A,PHE_1005_A,LEU_1274_A"
VAL_995_A,"ARG_994_A,THR_996_A,ILE_1002_A"
THR_996_A,"VAL_995_A,ALA_997_A,ASP_998_A,HIS_1001_A"
ALA_997_A,"THR_996_A,ASP_998_A"
ASP_998_A,"THR_996_A,ALA_997_A,GLY_999_A,HIS_1001_A,GLU_1227_A"
GLY_999_A,"ASP_998_A,LYS_1000_A,ARG_1235_A"
LYS_1000_A,"GLY_999_A,HIS_1001_A,GLU_1232_A,ARG_1235_A"
HIS_1001_A,"THR_996_A,ASP_998_A,LYS_1000_A,ILE_1002_A,GLU_1227_A,GLU_1229_A"
ILE_1002_A,"VAL_995_A,HIS_1001_A,GLN_1003_A,TYR_1228_A,ILE_1230_A"
GLN_1003_A,"ARG_994_A,ILE_1002_A,LYS_1004_A,GLU_1224_A"
LYS_1004_A,"GLN_1003_A,PHE_1005_A,LYS_1223_A"
PHE_1005_A,"ARG_994_A,LYS_1004_A,SER_1006_A,PHE_1219_A,LEU_1222_A"
SER_1006_A,"PHE_1005_A,GLU_1007_A,ASP_1221_A"
GLU_1007_A,"SER_1006_A,THR_1008_A,ARG_1041_A,LYS_1144_A,PHE_1220_A,ASP_1221_A"
THR_1008_A,"GLU_1007_A,ALA_1009_A,PHE_1219_A"
ALA_1009_A,"THR_1008_A,ARG_1010_A,PHE_1218_A"
ARG_1010_A,"ALA_1009_A,VAL_1011_A,LYS_1128_A"
VAL_1011_A,"ARG_1010_A,PHE_1013_A,GLU_1216_A"
PRO_1012_A,"PHE_1013_A,GLN_1018_A,PHE_1130_A"
PHE_1013_A,"VAL_1011_A,PRO_1012_A,TYR_1014_A,ASP_1015_A,HIS_1020_A,PHE_1021_A,GLU_1216_A"
TYR_1014_A,"PHE_1013_A,ASP_1015_A,GLU_1216_A"
ASP_1015_A,"PHE_1013_A,TYR_1014_A,LYS_1016_A"
LYS_1016_A,"ASP_1015_A,THR_1017_A,ARG_1184_A"
THR_1017_A,"LYS_1016_A,GLN_1018_A"
GLN_1018_A,"PRO_1012_A,THR_1017_A,LYS_1019_A,HIS_1020_A"
LYS_1019_A,"GLN_1018_A,HIS_1020_A,ASP_1022_A"
HIS_1020_A,"PHE_1013_A,GLN_1018_A,LYS_1019_A,PHE_1021_A"
PHE_1021_A,"PHE_1013_A,HIS_1020_A,ASP_1022_A,LYS_1181_A"
ASP_1022_A,"LYS_1019_A,PHE_1021_A,ILE_1023_A"
ILE_1023_A,"ASP_1022_A,LEU_1024_A"
LEU_1024_A,"ILE_1023_A,ASP_1025_A,GLU_1028_A"
ASP_1025_A,"LEU_1024_A,GLU_1026_A,GLN_1027_A,GLU_1028_A,LYS_1033_A"
GLU_1026_A,"ASP_1025_A,GLN_1027_A"
GLN_1027_A,"ASP_1025_A,GLU_1026_A,GLU_1028_A"
GLU_1028_A,"LEU_1024_A,ASP_1025_A,GLN_1027_A,ILE_1029_A,LYS_1033_A,VAL_1035_A"
ILE_1029_A,"GLU_1028_A,ALA_1030_A,TRP_1180_A"
ALA_1030_A,"ILE_1029_A,GLY_1031_A"
GLY_1031_A,"ALA_1030_A,GLU_1032_A"
GLU_1032_A,"GLY_1031_A,LYS_1033_A"
LYS_1033_A,"ASP_1025_A,GLU_1028_A,GLU_1032_A"
PRO_1034_A,VAL_1035_A
VAL_1035_A,"GLU_1028_A,PRO_1034_A,ARG_1036_A,GLY_1146_A"
ARG_1036_A,"VAL_1035_A,MET_1037_A,GLU_1145_A"
MET_1037_A,"ARG_1036_A,TRP_1038_A,LYS_1144_A,LEU_1148_A,PHE_1218_A"
TRP_1038_A,"MET_1037_A,VAL_1039_A,GLU_1132_A,TRP_1141_A"
VAL_1039_A,"TRP_1038_A,LYS_1040_A,GLU_1142_A,LYS_1144_A"
LYS_1040_A,"VAL_1039_A,ARG_1041_A,PHE_1042_A,TYR_1126_A,LYS_1128_A,ASP_1137_A,ASP_1139_A,TRP_1141_A"
ARG_1041_A,"GLU_1007_A,LYS_1040_A,PHE_1042_A,GLU_1142_A,LYS_1144_A"
PHE_1042_A,"LYS_1040_A,ARG_1041_A,ILE_1043_A"
ILE_1043_A,"PHE_1042_A,LYS_1044_A,SER_1124_A,TYR_1126_A"
LYS_1044_A,"ILE_1043_A,ARG_1045_A,PHE_1094_A,ASP_1123_A"
ARG_1045_A,"LYS_1044_A,LEU_1046_A,ARG_1122_A"
LEU_1046_A,"ARG_1045_A,SER_1047_A,PHE_1083_A,LEU_1096_A"
SER_1047_A,"LEU_1046_A,LEU_1048_A"
LEU_1048_A,"SER_1047_A,VAL_1049_A,ASP_1050_A"
VAL_1049_A,"LEU_1048_A,ASP_1050_A,ALA_1052_A,PHE_1103_A"
ASP_1050_A,"LEU_1048_A,VAL_1049_A,LYS_1053_A,HIS_1054_A,TRP_1120_A"
PRO_1051_A,ALA_1052_A
ALA_1052_A,"VAL_1049_A,PRO_1051_A,LYS_1053_A,PHE_1103_A"
LYS_1053_A,"ASP_1050_A,ALA_1052_A,HIS_1054_A,LYS_1058_A,ARG_1066_A"
HIS_1054_A,"ASP_1050_A,LYS_1053_A,LYS_1058_A,ARG_1066_A"
PRO_1055_A,GLN_1056_A
GLN_1056_A,"PRO_1055_A,LYS_1057_A"
LYS_1057_A,"GLN_1056_A,LYS_1058_A,ASP_1101_A"
LYS_1058_A,"LYS_1053_A,HIS_1054_A,LYS_1057_A,GLN_1059_A,ASP_1060_A,LYS_1064_A,ARG_1066_A"
GLN_1059_A,"LYS_1058_A,ASP_1060_A"
ASP_1060_A,"LYS_1058_A,GLN_1059_A,ASN_1061_A,LYS_1062_A,LYS_1064_A,ARG_1122_A"
ASN_1061_A,"ASP_1060_A,LYS_1062_A"
LYS_1062_A,"ASP_1060_A,ASN_1061_A,TRP_1063_A,ARG_1122_A"
TRP_1063_A,"LYS_1062_A,LYS_1064_A,ARG_1122_A"
LYS_1064_A,"LYS_1058_A,ASP_1060_A,TRP_1063_A,ARG_1065_A"
ARG_1065_A,"LYS_1064_A,ARG_1066_A"
ARG_1066_A,"LYS_1053_A,HIS_1054_A,LYS_1058_A,ARG_1065_A,LYS_1067_A,TRP_1120_A"
LYS_1067_A,"ARG_1066_A,GLU_1068_A"
GLU_1068_A,"LYS_1067_A,GLY_1069_A"
GLY_1069_A,"GLU_1068_A,ILE_1070_A,CYS_1119_A"
ILE_1070_A,"GLY_1069_A,ALA_1071_A,VAL_1086_A"
ALA_1071_A,"ILE_1070_A,THR_1072_A,PHE_1083_A,LEU_1117_A"
THR_1072_A,"ALA_1071_A,PHE_1073_A,ASN_1084_A"
PHE_1073_A,"THR_1072_A,ILE_1074_A,GLN_1076_A,TYR_1082_A,ILE_1111_A"
ILE_1074_A,"PHE_1073_A,GLU_1075_A,TYR_1082_A"
GLU_1075_A,"ILE_1074_A,GLN_1076_A"
GLN_1076_A,"PHE_1073_A,GLU_1075_A,LYS_1077_A"
LYS_1077_A,"GLN_1076_A,ASN_1078_A"
ASN_1078_A,"LYS_1077_A,GLY_1079_A"
GLY_1079_A,"ASN_1078_A,SER_1080_A"
SER_1080_A,"GLY_1079_A,TYR_1081_A,HIS_1098_A"
TYR_1081_A,"SER_1080_A,TYR_1082_A,HIS_1098_A,PRO_1100_A,ILE_1111_A"
TYR_1082_A,"PHE_1073_A,ILE_1074_A,TYR_1081_A,PHE_1083_A,HIS_1095_A,TRP_1097_A"
PHE_1083_A,"LEU_1046_A,ALA_1071_A,TYR_1082_A,ASN_1084_A,LEU_1096_A,HIS_1098_A"
ASN_1084_A,"THR_1072_A,PHE_1083_A,VAL_1085_A,HIS_1095_A"
VAL_1085_A,"ASN_1084_A,VAL_1086_A,SER_1093_A,PHE_1094_A,LEU_1096_A"
VAL_1086_A,"ILE_1070_A,VAL_1085_A,THR_1087_A"
THR_1087_A,"VAL_1086_A,ASN_1088_A,THR_1092_A"
ASN_1088_A,"THR_1087_A,ASN_1089_A"
ASN_1089_A,"ASN_1088_A,GLY_1090_A"
GLY_1090_A,"ASN_1089_A,CYS_1091_A"
CYS_1091_A,"GLY_1090_A,THR_1092_A"
THR_1092_A,"THR_1087_A,CYS_1091_A,SER_1093_A,PHE_1094_A"
SER_1093_A,"VAL_1085_A,THR_1092_A,PHE_1094_A"
PHE_1094_A,"LYS_1044_A,VAL_1085_A,THR_1092_A,SER_1093_A,HIS_1095_A"
HIS_1095_A,"TYR_1082_A,ASN_1084_A,PHE_1094_A,LEU_1096_A"
LEU_1096_A,"LEU_1046_A,PHE_1083_A,VAL_1085_A,HIS_1095_A,TRP_1097_A"
TRP_1097_A,"TYR_1082_A,LEU_1096_A,HIS_1098_A,ASN_1136_A"
HIS_1098_A,"SER_1080_A,TYR_1081_A,PHE_1083_A,TRP_1097_A,LYS_1099_A,ASP_1104_A"
LYS_1099_A,HIS_1098_A
PRO_1100_A,"TYR_1081_A,ASP_1101_A,LEU_1108_A"
ASP_1101_A,"LYS_1057_A,PRO_1100_A,ASN_1102_A,ASP_1104_A,GLN_1105_A"
ASN_1102_A,"ASP_1101_A,PHE_1103_A"
PHE_1103_A,"VAL_1049_A,ALA_1052_A,ASN_1102_A,ASP_1104_A"
ASP_1104_A,"HIS_1098_A,ASP_1101_A,PHE_1103_A,GLN_1105_A,LYS_1107_A"
GLN_1105_A,"ASP_1101_A,ASP_1104_A,GLU_1106_A"
GLU_1106_A,"GLN_1105_A,LYS_1107_A"
LYS_1107_A,"ASP_1104_A,GLU_1106_A,LEU_1108_A,ASP_1118_A"
LEU_1108_A,"PRO_1100_A,LYS_1107_A,GLU_1109_A"
GLU_1109_A,"LEU_1108_A,GLY_1110_A,GLU_1115_A"
GLY_1110_A,"GLU_1109_A,ILE_1111_A"
ILE_1111_A,"PHE_1073_A,TYR_1081_A,GLY_1110_A,GLN_1112_A,GLU_1115_A"
GLN_1112_A,"ILE_1111_A,ASN_1113_A,GLY_1114_A,GLU_1115_A"
ASN_1113_A,"GLN_1112_A,GLY_1114_A"
GLY_1114_A,"GLN_1112_A,ASN_1113_A,GLU_1115_A"
GLU_1115_A,"GLU_1109_A,ILE_1111_A,GLN_1112_A,GLY_1114_A,LYS_1116_A"
LYS_1116_A,"GLU_1115_A,LEU_1117_A"
LEU_1117_A,"ALA_1071_A,LYS_1116_A,ASP_1118_A"
ASP_1118_A,"LYS_1107_A,LEU_1117_A,CYS_1119_A"
CYS_1119_A,"GLY_1069_A,ASP_1118_A,TRP_1120_A"
TRP_1120_A,"ASP_1050_A,ARG_1066_A,CYS_1119_A,VAL_1121_A"
VAL_1121_A,"TRP_1120_A,ARG_1122_A"
ARG_1122_A,"ARG_1045_A,ASP_1060_A,LYS_1062_A,TRP_1063_A,VAL_1121_A,ASP_1123_A"
ASP_1123_A,"LYS_1044_A,ARG_1122_A,SER_1124_A"
SER_1124_A,"ILE_1043_A,ASP_1123_A,ARG_1125_A"
ARG_1125_A,"SER_1124_A,TYR_1126_A"
TYR_1126_A,"LYS_1040_A,ILE_1043_A,ARG_1125_A,GLN_1127_A,LYS_1128_A"
GLN_1127_A,"TYR_1126_A,LYS_1128_A"
LYS_1128_A,"ARG_1010_A,LYS_1040_A,TYR_1126_A,GLN_1127_A,ALA_1129_A"
ALA_1129_A,"LYS_1128_A,PHE_1130_A"
PHE_1130_A,"PRO_1012_A,ALA_1129_A,GLN_1131_A,TRP_1141_A"
GLN_1131_A,"PHE_1130_A,GLU_1132_A"
GLU_1132_A,"TRP_1038_A,GLN_1131_A,ILE_1133_A,GLU_1135_A"
ILE_1133_A,"GLU_1132_A,TRP_1141_A"
PRO_1134_A,"GLU_1135_A,TRP_1141_A"
GLU_1135_A,"GLU_1132_A,PRO_1134_A,ASN_1136_A"
ASN_1136_A,"TRP_1097_A,GLU_1135_A,ASP_1137_A"
ASP_1137_A,"LYS_1040_A,ASN_1136_A,ASP_1139_A"
PRO_1138_A,ASP_1139_A
ASP_1139_A,"LYS_1040_A,ASP_1137_A,PRO_1138_A,GLY_1140_A"
GLY_1140_A,"ASP_1139_A,TRP_1141_A"
TRP_1141_A,"TRP_1038_A,LYS_1040_A,PHE_1130_A,ILE_1133_A,PRO_1134_A,GLY_1140_A,GLU_1142_A"
GLU_1142_A,"VAL_1039_A,ARG_1041_A,TRP_1141_A,CYS_1143_A,LYS_1144_A"
CYS_1143_A,"GLU_1142_A,LYS_1144_A"
LYS_1144_A,"GLU_1007_A,MET_1037_A,VAL_1039_A,ARG_1041_A,GLU_1142_A,CYS_1143_A,GLU_1145_A,PHE_1220_A,ASP_1221_A"
GLU_1145_A,"ARG_1036_A,LYS_1144_A,GLY_1146_A"
GLY_1146_A,"VAL_1035_A,GLU_1145_A,TYR_1147_A"
TYR_1147_A,"GLY_1146_A,LEU_1148_A,PHE_1219_A"
LEU_1148_A,"MET_1037_A,TYR_1147_A,HIS_1149_A,PHE_1218_A"
HIS_1149_A,"LEU_1148_A,VAL_1150_A,THR_1217_A,PHE_1219_A,ARG_1260_A"
VAL_1150_A,"HIS_1149_A,VAL_1151_A"
VAL_1151_A,"VAL_1150_A,GLY_1152_A,VAL_1290_A"
GLY_1152_A,VAL_1151_A
PRO_1153_A,SER_1154_A
SER_1154_A,"PRO_1153_A,LYS_1155_A"
LYS_1155_A,"SER_1154_A,VAL_1156_A"
VAL_1156_A,"LYS_1155_A,GLU_1157_A"
GLU_1157_A,"VAL_1156_A,PHE_1158_A,LYS_1161_A,THR_1210_A,ARG_1565_A"
PHE_1158_A,"GLU_1157_A,SER_1159_A"
SER_1159_A,"PHE_1158_A,ASP_1160_A,TYR_1208_A"
ASP_1160_A,"SER_1159_A,LYS_1161_A,ASN_1207_A"
LYS_1161_A,"GLU_1157_A,ASP_1160_A,LYS_1162_A,ARG_1565_A,LYS_1567_A"
LYS_1162_A,"LYS_1161_A,GLY_1163_A,ASN_1167_A,TYR_1208_A"
GLY_1163_A,"LYS_1162_A,ASP_1164_A"
ASP_1164_A,"GLY_1163_A,VAL_1165_A"
VAL_1165_A,"ASP_1164_A,ILE_1166_A"
ILE_1166_A,"VAL_1165_A,ASN_1167_A,LEU_1173_A,CYS_1200_A,TYR_1208_A"
ASN_1167_A,"LYS_1162_A,ILE_1166_A,ASN_1168_A,PHE_1169_A"
ASN_1168_A,"ASN_1167_A,PHE_1169_A,ARG_1191_A"
PHE_1169_A,"ASN_1167_A,ASN_1168_A,GLN_1170_A,LEU_1173_A"
GLN_1170_A,"PHE_1169_A,GLY_1171_A"
GLY_1171_A,"GLN_1170_A,THR_1172_A"
THR_1172_A,"GLY_1171_A,LEU_1173_A"
LEU_1173_A,"ILE_1166_A,PHE_1169_A,THR_1172_A,GLU_1202_A"
PRO_1174_A,SER_1175_A
SER_1175_A,"PRO_1174_A,VAL_1176_A"
VAL_1176_A,SER_1175_A
PRO_1177_A,ASN_1178_A
ASN_1178_A,"PRO_1177_A,ASP_1179_A"
ASP_1179_A,"ASN_1178_A,TRP_1180_A,LYS_1181_A,THR_1182_A"
TRP_1180_A,"ILE_1029_A,ASP_1179_A,LYS_1181_A"
LYS_1181_A,"PHE_1021_A,ASP_1179_A,TRP_1180_A,THR_1182_A,ARG_1184_A"
THR_1182_A,"ASP_1179_A,LYS_1181_A,ILE_1183_A"
ILE_1183_A,"THR_1182_A,ARG_1184_A,PHE_1199_A,VAL_1256_A"
ARG_1184_A,"LYS_1016_A,LYS_1181_A,ILE_1183_A,THR_1185_A"
THR_1185_A,"ARG_1184_A,ASN_1186_A,VAL_1198_A"
ASN_1186_A,"THR_1185_A,ASP_1187_A,VAL_1198_A"
ASP_1187_A,"ASN_1186_A,PHE_1188_A,ARG_1191_A,VAL_1198_A"
PHE_1188_A,"ASP_1187_A,LYS_1189_A,LYS_1194_A,PRO_1197_A"
LYS_1189_A,"PHE_1188_A,ASN_1190_A"
ASN_1190_A,"LYS_1189_A,ARG_1191_A,ARG_1193_A,ASN_1195_A"
ARG_1191_A,"ASN_1168_A,ASP_1187_A,ASN_1190_A,LYS_1192_A"
LYS_1192_A,"ARG_1191_A,ARG_1193_A"
ARG_1193_A,"ASN_1190_A,LYS_1192_A,LYS_1194_A,ASN_1195_A"
LYS_1194_A,"PHE_1188_A,ARG_1193_A,ASN_1195_A"
ASN_1195_A,"ASN_1190_A,ARG_1193_A,LYS_1194_A,GLU_1196_A"
GLU_1196_A,ASN_1195_A
PRO_1197_A,"PHE_1188_A,VAL_1198_A,TYR_1214_A"
VAL_1198_A,"THR_1185_A,ASN_1186_A,ASP_1187_A,PRO_1197_A,PHE_1199_A"
PHE_1199_A,"ILE_1183_A,VAL_1198_A,CYS_1200_A"
CYS_1200_A,"ILE_1166_A,PHE_1199_A,CYS_1201_A"
CYS_1201_A,"CYS_1200_A,GLU_1202_A,TYR_1209_A"
GLU_1202_A,"LEU_1173_A,CYS_1201_A,ASP_1203_A"
ASP_1203_A,"GLU_1202_A,ASP_1204_A,LYS_1205_A,GLU_1254_A"
ASP_1204_A,"ASP_1203_A,LYS_1205_A"
LYS_1205_A,"ASP_1203_A,ASP_1204_A,GLY_1206_A"
GLY_1206_A,"LYS_1205_A,ASN_1207_A"
ASN_1207_A,"ASP_1160_A,GLY_1206_A,TYR_1208_A,TYR_1209_A"
TYR_1208_A,"SER_1159_A,LYS_1162_A,ILE_1166_A,ASN_1207_A,TYR_1209_A"
TYR_1209_A,"CYS_1201_A,ASN_1207_A,TYR_1208_A,THR_1210_A,VAL_1252_A,GLU_1254_A,PHE_1257_A"
THR_1210_A,"GLU_1157_A,TYR_1209_A,MET_1211_A"
MET_1211_A,"THR_1210_A,ALA_1212_A"
ALA_1212_A,"MET_1211_A,LYS_1213_A"
LYS_1213_A,"ALA_1212_A,TYR_1214_A,CYS_1215_A,GLU_1216_A"
TYR_1214_A,"PRO_1197_A,LYS_1213_A,CYS_1215_A"
CYS_1215_A,"LYS_1213_A,TYR_1214_A,GLU_1216_A"
GLU_1216_A,"VAL_1011_A,PHE_1013_A,TYR_1014_A,LYS_1213_A,CYS_1215_A,THR_1217_A"
THR_1217_A,"HIS_1149_A,GLU_1216_A,PHE_1218_A"
PHE_1218_A,"ALA_1009_A,MET_1037_A,LEU_1148_A,THR_1217_A,PHE_1219_A,PHE_1220_A"
PHE_1219_A,"PHE_1005_A,THR_1008_A,TYR_1147_A,HIS_1149_A,PHE_1218_A,PHE_1220_A,LEU_1274_A"
PHE_1220_A,"GLU_1007_A,LYS_1144_A,PHE_1218_A,PHE_1219_A,ASP_1221_A,LEU_1222_A"
ASP_1221_A,"SER_1006_A,GLU_1007_A,LYS_1144_A,PHE_1220_A,LEU_1222_A"
LEU_1222_A,"PHE_1005_A,PHE_1220_A,ASP_1221_A,LYS_1223_A"
LYS_1223_A,"LYS_1004_A,LEU_1222_A,GLU_1224_A"
GLU_1224_A,"GLN_1003_A,LYS_1223_A,ASN_1225_A,GLU_1226_A,GLU_1227_A"
ASN_1225_A,"GLU_1224_A,GLU_1226_A"
GLU_1226_A,"GLU_1224_A,ASN_1225_A,GLU_1227_A,TYR_1228_A,HIS_1279_A"
GLU_1227_A,"ASP_998_A,HIS_1001_A,GLU_1224_A,GLU_1226_A,TYR_1228_A"
TYR_1228_A,"ILE_1002_A,GLU_1226_A,GLU_1227_A,GLU_1229_A,HIS_1279_A"
GLU_1229_A,"HIS_1001_A,TYR_1228_A,ILE_1230_A,LYS_1282_A,TYR_1283_A"
ILE_1230_A,"ILE_1002_A,GLU_1229_A"
PRO_1231_A,GLU_1232_A
GLU_1232_A,"LYS_1000_A,PRO_1231_A,LYS_1233_A,ARG_1235_A,ILE_1236_A"
LYS_1233_A,"ARG_974_A,GLU_1232_A,ALA_1234_A,LYS_1237_A,ASP_1298_A,ASP_1319_A"
ALA_1234_A,"LYS_1233_A,ARG_1235_A,TYR_1238_A"
ARG_1235_A,"GLY_999_A,LYS_1000_A,GLU_1232_A,ALA_1234_A,ILE_1236_A,LYS_1239_A,LYS_1268_A"
ILE_1236_A,"GLU_1232_A,ARG_1235_A,LYS_1237_A,GLU_1240_A"
LYS_1237_A,"LYS_1233_A,ILE_1236_A,TYR_1238_A,LEU_1241_A,ASP_1286_A"
TYR_1238_A,"ALA_1234_A,LYS_1237_A,LYS_1239_A,LEU_1242_A,ILE_1287_A"
LYS_1239_A,"ARG_1235_A,TYR_1238_A,GLU_1240_A,ARG_1243_A"
GLU_1240_A,"ARG_974_A,ILE_1236_A,LYS_1239_A,LEU_1241_A,ARG_1243_A,VAL_1244_A"
LEU_1241_A,"LYS_1237_A,GLU_1240_A,LEU_1242_A,TYR_1245_A"
LEU_1242_A,"TYR_1238_A,LEU_1241_A,ARG_1243_A,ASN_1246_A,VAL_1261_A"
ARG_1243_A,"LYS_1239_A,GLU_1240_A,LEU_1242_A,VAL_1244_A"
VAL_1244_A,"GLU_1240_A,ARG_1243_A,TYR_1245_A"
TYR_1245_A,"LEU_1241_A,VAL_1244_A,ASN_1246_A,SER_1293_A"
ASN_1246_A,"LEU_1242_A,TYR_1245_A,ASN_1247_A"
ASN_1247_A,"ASN_1246_A,ASN_1248_A"
ASN_1248_A,"ASN_1247_A,ALA_1251_A"
PRO_1249_A,GLN_1250_A
GLN_1250_A,"PRO_1249_A,ALA_1251_A"
ALA_1251_A,"ASN_1248_A,GLN_1250_A,VAL_1252_A"
VAL_1252_A,"TYR_1209_A,ALA_1251_A"
PRO_1253_A,GLU_1254_A
GLU_1254_A,"ASP_1203_A,TYR_1209_A,PRO_1253_A,SER_1255_A"
SER_1255_A,"GLU_1254_A,VAL_1256_A"
VAL_1256_A,"ILE_1183_A,SER_1255_A,PHE_1257_A"
PHE_1257_A,"TYR_1209_A,VAL_1256_A,GLN_1258_A"
GLN_1258_A,"PHE_1257_A,SER_1259_A"
SER_1259_A,"GLN_1258_A,ARG_1260_A,ARG_1263_A"
ARG_1260_A,"HIS_1149_A,SER_1259_A,VAL_1261_A,ARG_1263_A,GLU_1264_A"
VAL_1261_A,"LEU_1242_A,ARG_1260_A,ALA_1262_A"
ALA_1262_A,"VAL_1261_A,ARG_1263_A"
ARG_1263_A,"SER_1259_A,ARG_1260_A,ALA_1262_A,GLU_1264_A"
GLU_1264_A,"ARG_1260_A,ARG_1263_A,ASN_1265_A"
ASN_1265_A,"GLU_1264_A,VAL_1266_A"
VAL_1266_A,"ASN_1265_A,GLU_1267_A"
GLU_1267_A,"LYS_322_A,VAL_1266_A,LYS_1268_A"
LYS_1268_A,"ARG_1235_A,GLU_1267_A,LEU_1269_A"
LEU_1269_A,"LYS_1268_A,LYS_1270_A"
LYS_1270_A,"LYS_322_A,LEU_1269_A,SER_1271_A"
SER_1271_A,"LYS_1270_A,GLY_1272_A"
GLY_1272_A,"SER_1271_A,ASP_1273_A"
ASP_1273_A,"GLY_1272_A,LEU_1274_A"
LEU_1274_A,"ARG_994_A,PHE_1219_A,ASP_1273_A,VAL_1275_A"
VAL_1275_A,"LEU_1274_A,TYR_1276_A,ILE_1287_A"
TYR_1276_A,"VAL_1275_A,PHE_1277_A,VAL_1288_A"
PHE_1277_A,"TYR_1276_A,LYS_1278_A,VAL_1284_A,ILE_1287_A"
LYS_1278_A,"ASP_989_A,PHE_990_A,PHE_1277_A,HIS_1279_A,GLU_1285_A,ASP_1286_A"
HIS_1279_A,"GLU_1226_A,TYR_1228_A,LYS_1278_A,ASN_1280_A,VAL_1284_A"
ASN_1280_A,"HIS_1279_A,GLU_1281_A,TYR_1283_A,GLU_1285_A"
GLU_1281_A,"ASN_1280_A,LYS_1282_A,TYR_1283_A"
LYS_1282_A,"GLU_1229_A,GLU_1281_A,TYR_1283_A"
TYR_1283_A,"GLU_1229_A,ASN_1280_A,GLU_1281_A,LYS_1282_A,VAL_1284_A"
VAL_1284_A,"PHE_1277_A,HIS_1279_A,TYR_1283_A,GLU_1285_A"
GLU_1285_A,"LYS_1278_A,ASN_1280_A,VAL_1284_A,ASP_1286_A"
ASP_1286_A,"LYS_1237_A,LYS_1278_A,GLU_1285_A,ILE_1287_A"
ILE_1287_A,"TYR_1238_A,VAL_1275_A,PHE_1277_A,ASP_1286_A,VAL_1288_A"
VAL_1288_A,"TYR_1276_A,ILE_1287_A"
PRO_1289_A,VAL_1290_A
VAL_1290_A,"VAL_1151_A,PRO_1289_A,ARG_1291_A"
ARG_1291_A,"VAL_1290_A,ILE_1292_A"
ILE_1292_A,"ARG_1291_A,SER_1293_A"
SER_1293_A,"TYR_1245_A,ILE_1292_A,ARG_1294_A"
ARG_1294_A,"SER_976_A,ARG_978_A,SER_1293_A,THR_1295_A"
THR_1295_A,"TRP_977_A,ARG_1294_A,VAL_1296_A"
VAL_1296_A,"THR_1295_A,ASP_1297_A"
ASP_1297_A,"ARG_974_A,TRP_977_A,VAL_1296_A,ASP_1298_A,ARG_1299_A,ARG_1304_A"
ASP_1298_A,"ARG_974_A,LYS_1233_A,ASP_1297_A,ARG_1299_A"
ARG_1299_A,"ASP_1297_A,ASP_1298_A,MET_1300_A,LYS_1303_A,ARG_1304_A,ASP_1404_A,ASN_1405_A"
MET_1300_A,"ARG_1299_A,ILE_1301_A"
ILE_1301_A,"LEU_975_A,MET_1300_A,GLY_1302_A,ARG_1304_A"
GLY_1302_A,"GLU_971_A,ILE_1301_A,LYS_1303_A"
LYS_1303_A,"ARG_1299_A,GLY_1302_A,ARG_1304_A,GLU_1318_A,ASP_1319_A"
ARG_1304_A,"ASP_1297_A,ARG_1299_A,ILE_1301_A,LYS_1303_A,MET_1305_A,ASP_1404_A"
MET_1305_A,"ARG_1304_A,SER_1306_A"
SER_1306_A,"MET_1305_A,ALA_1307_A"
ALA_1307_A,"SER_1306_A,ASP_1308_A"
ASP_1308_A,"ARG_876_A,ALA_1307_A,LEU_1309_A,HIS_1337_A"
LEU_1309_A,"VAL_874_A,ASP_1308_A,ARG_1310_A"
ARG_1310_A,"GLU_971_A,LEU_1309_A,GLU_1318_A"
PRO_1311_A,CYS_1312_A
CYS_1312_A,"PRO_1311_A,HIS_1313_A"
HIS_1313_A,"CYS_1312_A,GLY_1314_A,ARG_1336_A"
GLY_1314_A,"HIS_1313_A,ASP_1315_A"
ASP_1315_A,"GLU_971_A,GLY_1314_A,TRP_1316_A"
TRP_1316_A,"ASP_1315_A,VAL_1317_A,GLU_1318_A,GLY_1320_A"
VAL_1317_A,"GLU_971_A,TRP_1316_A,GLU_1318_A"
GLU_1318_A,"LYS_1303_A,ARG_1310_A,TRP_1316_A,VAL_1317_A,ASP_1319_A"
ASP_1319_A,"ARG_974_A,LYS_1233_A,LYS_1303_A,GLU_1318_A,GLY_1320_A"
GLY_1320_A,"TRP_1316_A,ASP_1319_A,ASP_1321_A"
ASP_1321_A,"GLY_1320_A,LEU_1322_A"
LEU_1322_A,"ASP_1321_A,SER_1323_A,ALA_1324_A,LEU_1325_A"
SER_1323_A,"LEU_1322_A,ALA_1324_A"
ALA_1324_A,"LEU_1322_A,SER_1323_A,LEU_1325_A"
LEU_1325_A,"LEU_1322_A,ALA_1324_A,ASN_1326_A"
ASN_1326_A,"LEU_1325_A,ALA_1327_A,LYS_1331_A"
ALA_1327_A,"GLY_368_A,ASN_1326_A,TYR_1328_A"
TYR_1328_A,ALA_1327_A
PRO_1329_A,GLU_1330_A
GLU_1330_A,"PRO_1329_A,LYS_1331_A"
LYS_1331_A,"ASN_1326_A,GLU_1330_A,ARG_1332_A"
ARG_1332_A,"GLU_513_A,LYS_1331_A,LEU_1333_A,ARG_1336_A"
LEU_1333_A,"ARG_1332_A,LEU_1334_A"
LEU_1334_A,"LEU_1333_A,LEU_1335_A"
LEU_1335_A,"LEU_1334_A,ARG_1336_A"
ARG_1336_A,"HIS_1313_A,ARG_1332_A,LEU_1335_A,HIS_1337_A"
HIS_1337_A,"ARG_876_A,ASP_1308_A,ARG_1336_A,LYS_1339_A"
PRO_1338_A,LYS_1339_A
LYS_1339_A,"HIS_1337_A,PRO_1338_A,GLY_1340_A"
GLY_1340_A,"LYS_1339_A,LEU_1341_A"
LEU_1341_A,"GLU_877_A,GLY_1340_A,CYS_1342_A"
CYS_1342_A,LEU_1341_A
PRO_1343_A,ALA_1344_A
ALA_1344_A,"PRO_1343_A,CYS_1345_A"
CYS_1345_A,"ALA_1344_A,ARG_1346_A"
ARG_1346_A,"GLU_877_A,CYS_1345_A,LEU_1347_A,ARG_1356_A,GLU_1467_A"
LEU_1347_A,"ARG_1346_A,PHE_1348_A,ARG_1356_A,LEU_1463_A"
PHE_1348_A,"TYR_958_A,LEU_1347_A,GLY_1349_A"
GLY_1349_A,"PHE_1348_A,THR_1350_A"
THR_1350_A,"GLY_1349_A,GLY_1351_A,TYR_1353_A"
GLY_1351_A,"THR_1350_A,SER_1352_A"
SER_1352_A,"GLY_1351_A,TYR_1353_A"
TYR_1353_A,"THR_1350_A,SER_1352_A,LYS_1354_A"
LYS_1354_A,"HIS_883_A,TYR_1353_A,GLY_1355_A"
GLY_1355_A,"LYS_1354_A,ARG_1356_A"
ARG_1356_A,"ARG_890_A,ARG_1346_A,LEU_1347_A,GLY_1355_A,VAL_1357_A,GLU_1467_A"
VAL_1357_A,"ARG_951_A,ARG_1356_A,ARG_1358_A,ILE_1458_A"
ARG_1358_A,"VAL_1357_A,PHE_1359_A,ALA_1459_A"
PHE_1359_A,"ARG_1358_A,GLY_1360_A,ILE_1458_A"
GLY_1360_A,"PHE_1359_A,PHE_1361_A"
PHE_1361_A,"GLY_1360_A,ALA_1362_A"
ALA_1362_A,"ILE_945_A,PHE_1361_A,SER_1363_A,PHE_1456_A"
SER_1363_A,"ALA_1362_A,LEU_1364_A"
LEU_1364_A,"SER_1363_A,GLU_1365_A"
GLU_1365_A,"LYS_898_A,LEU_1364_A,ASN_1366_A"
ASN_1366_A,"GLU_1365_A,ASP_1367_A"
ASP_1367_A,ASN_1366_A
PRO_1368_A,GLU_1369_A
GLU_1369_A,"PRO_1368_A,TRP_1370_A"
TRP_1370_A,"GLU_1369_A,LEU_1371_A,LEU_1448_A"
LEU_1371_A,"TRP_1370_A,ILE_1372_A"
ILE_1372_A,"LEU_1371_A,GLY_1384_A"
PRO_1373_A,GLY_1374_A
GLY_1374_A,"PRO_1373_A,LYS_1375_A"
LYS_1375_A,"GLY_1374_A,ASN_1376_A"
ASN_1376_A,LYS_1375_A
PRO_1377_A,GLY_1378_A
GLY_1378_A,"PRO_1377_A,ASP_1379_A"
ASP_1379_A,"GLY_1378_A,PHE_1381_A,HIS_1382_A"
PRO_1380_A,PHE_1381_A
PHE_1381_A,"ASP_1379_A,PRO_1380_A,HIS_1382_A"
HIS_1382_A,"ARG_938_A,ASP_1379_A,PHE_1381_A,GLY_1383_A,GLU_1446_A"
GLY_1383_A,"HIS_1382_A,GLY_1384_A"
GLY_1384_A,"ILE_1372_A,GLY_1383_A"
PRO_1385_A,"VAL_1386_A,THR_1444_A"
VAL_1386_A,"PRO_1385_A,MET_1387_A,VAL_1445_A"
MET_1387_A,"VAL_1386_A,LEU_1388_A"
LEU_1388_A,"MET_1387_A,SER_1389_A"
SER_1389_A,"LEU_1388_A,LEU_1390_A"
LEU_1390_A,"SER_1389_A,LEU_1391_A,ASN_1441_A"
LEU_1391_A,"LEU_1390_A,GLU_1392_A"
GLU_1392_A,"LEU_1391_A,ARG_1393_A,ARG_1395_A"
ARG_1393_A,"GLU_1392_A,ARG_1395_A"
PRO_1394_A,ARG_1395_A
ARG_1395_A,"GLU_1392_A,ARG_1393_A,PRO_1394_A"
PRO_1396_A,THR_1397_A
THR_1397_A,"PRO_1396_A,TRP_1398_A"
TRP_1398_A,"THR_1397_A,SER_1399_A,TYR_1576_A,PHE_1584_A,LEU_1593_A"
SER_1399_A,"TRP_1398_A,ILE_1400_A,GLN_1590_A"
ILE_1400_A,SER_1399_A
PRO_1401_A,"GLY_1402_A,LYS_1586_A"
GLY_1402_A,"PRO_1401_A,SER_1403_A"
SER_1403_A,"GLY_1402_A,ASP_1404_A"
ASP_1404_A,"ARG_1299_A,ARG_1304_A,SER_1403_A,ASN_1405_A,LYS_1406_A"
ASN_1405_A,"ARG_1299_A,ASP_1404_A,LYS_1406_A"
LYS_1406_A,"ASP_1404_A,ASN_1405_A,PHE_1407_A,GLU_1587_A"
PHE_1407_A,"LYS_1406_A,LYS_1408_A"
LYS_1408_A,"PHE_1407_A,VAL_1409_A"
VAL_1409_A,LYS_1408_A
PRO_1410_A,GLY_1411_A
GLY_1411_A,"PRO_1410_A,ARG_1412_A"
ARG_1412_A,"ARG_746_A,GLU_959_A,SER_964_A,GLY_1411_A,LYS_1413_A"
LYS_1413_A,"HIS_865_A,PHE_867_A,ARG_1412_A,PHE_1414_A"
PHE_1414_A,"VAL_868_A,LYS_1413_A,TYR_1415_A,LEU_1544_A,LEU_1547_A"
TYR_1415_A,"PHE_1414_A,VAL_1416_A"
VAL_1416_A,"TYR_866_A,TYR_1415_A,HIS_1417_A,LEU_1547_A"
HIS_1417_A,"VAL_1416_A,HIS_1418_A,HIS_1483_A,LYS_1484_A,PHE_1550_A"
HIS_1418_A,"HIS_1417_A,HIS_1419_A,LYS_1484_A"
HIS_1419_A,"HIS_1418_A,ALA_1420_A,TRP_1421_A,LYS_1422_A"
ALA_1420_A,"HIS_1419_A,TRP_1421_A"
TRP_1421_A,"PRO_904_A,HIS_1419_A,ALA_1420_A,LYS_1422_A,LYS_1425_A"
LYS_1422_A,"HIS_1419_A,TRP_1421_A,THR_1423_A"
THR_1423_A,"LYS_1422_A,ILE_1424_A,ASN_1428_A"
ILE_1424_A,"THR_1423_A,LYS_1425_A,PRO_1430_A"
LYS_1425_A,"TRP_1421_A,ILE_1424_A,ASP_1426_A"
ASP_1426_A,"LYS_1425_A,GLY_1427_A"
GLY_1427_A,"ASP_1426_A,ASN_1428_A"
ASN_1428_A,"THR_1423_A,GLY_1427_A,HIS_1429_A"
HIS_1429_A,"ASN_1428_A,LYS_1434_A"
PRO_1430_A,"ILE_1424_A,THR_1431_A"
THR_1431_A,"PRO_1430_A,THR_1432_A"
THR_1432_A,"THR_1431_A,GLY_1433_A"
GLY_1433_A,"THR_1432_A,LYS_1434_A"
LYS_1434_A,"HIS_1429_A,GLY_1433_A,ALA_1435_A"
ALA_1435_A,"LYS_1434_A,ILE_1436_A"
ILE_1436_A,"ALA_1435_A,GLU_1437_A"
GLU_1437_A,"ILE_1436_A,GLN_1438_A"
GLN_1438_A,"GLU_1437_A,SER_1439_A"
SER_1439_A,GLN_1438_A
PRO_1440_A,ASN_1441_A
ASN_1441_A,"LEU_1390_A,PRO_1440_A,ASN_1442_A"
ASN_1442_A,"ASN_1441_A,ARG_1443_A"
ARG_1443_A,"LYS_932_A,ASN_1442_A,THR_1444_A"
THR_1444_A,"HIS_931_A,PRO_1385_A,ARG_1443_A,VAL_1445_A"
VAL_1445_A,"ILE_906_A,VAL_1386_A,THR_1444_A,GLU_1446_A"
GLU_1446_A,"PHE_916_A,ARG_938_A,HIS_1382_A,VAL_1445_A,ALA_1447_A"
ALA_1447_A,"ILE_906_A,GLU_1446_A,LEU_1448_A"
LEU_1448_A,"PHE_936_A,TRP_1370_A,ALA_1447_A,ALA_1449_A"
ALA_1449_A,"LEU_1448_A,GLY_1450_A"
GLY_1450_A,"ALA_1449_A,GLY_1451_A"
GLY_1451_A,"GLY_1450_A,ASN_1452_A"
ASN_1452_A,"GLY_1451_A,SER_1453_A"
SER_1453_A,"ASN_1452_A,PHE_1454_A"
PHE_1454_A,"LEU_899_A,SER_1453_A,SER_1455_A"
SER_1455_A,"PHE_1454_A,PHE_1456_A"
PHE_1456_A,"CYS_897_A,ALA_1362_A,SER_1455_A,GLU_1457_A,ILE_1458_A"
GLU_1457_A,"LYS_894_A,ARG_896_A,PHE_1456_A,ILE_1458_A"
ILE_1458_A,"ILE_895_A,VAL_1357_A,PHE_1359_A,PHE_1456_A,GLU_1457_A,ALA_1459_A,LEU_1475_A"
ALA_1459_A,"ARG_1358_A,ILE_1458_A,PHE_1460_A"
PHE_1460_A,"GLY_893_A,ILE_895_A,ALA_1459_A,GLU_1461_A,LEU_1463_A"
GLU_1461_A,"ARG_689_A,HIS_883_A,THR_892_A,PHE_1460_A,ASN_1462_A"
ASN_1462_A,"LEU_891_A,GLU_1461_A,LEU_1463_A"
LEU_1463_A,"LEU_1347_A,PHE_1460_A,ASN_1462_A,LYS_1464_A"
LYS_1464_A,"ARG_890_A,LEU_1463_A,GLU_1465_A"
GLU_1465_A,"LYS_1464_A,TRP_1466_A,GLY_1469_A,GLU_1518_A,LYS_1525_A"
TRP_1466_A,"GLU_1465_A,GLU_1467_A,LEU_1470_A"
GLU_1467_A,"ARG_890_A,ARG_1346_A,ARG_1356_A,TRP_1466_A,LEU_1468_A,LEU_1471_A"
LEU_1468_A,"LEU_891_A,GLU_1467_A,GLY_1469_A,ILE_1472_A,TRP_1522_A"
GLY_1469_A,"GLU_1465_A,LEU_1468_A,LEU_1470_A,HIS_1473_A"
LEU_1470_A,"THR_962_A,TRP_1466_A,GLY_1469_A,LEU_1471_A,SER_1474_A"
LEU_1471_A,"GLU_1467_A,LEU_1470_A,ILE_1472_A,LEU_1475_A"
ILE_1472_A,"LEU_1468_A,LEU_1471_A,HIS_1473_A"
HIS_1473_A,"GLY_1469_A,ILE_1472_A,SER_1474_A,GLU_1478_A"
SER_1474_A,"LEU_1470_A,HIS_1473_A,LEU_1475_A"
LEU_1475_A,"ILE_1458_A,LEU_1471_A,SER_1474_A,GLN_1476_A"
GLN_1476_A,"LEU_1475_A,LEU_1477_A"
LEU_1477_A,"GLN_1476_A,GLU_1478_A"
GLU_1478_A,"HIS_1473_A,LEU_1477_A,LYS_1479_A,LYS_1545_A"
LYS_1479_A,"GLU_846_A,LYS_847_A,PRO_848_A,LYS_849_A,GLU_1478_A,GLY_1480_A,GLU_1497_A"
GLY_1480_A,"LYS_1479_A,LEU_1481_A"
LEU_1481_A,"GLY_1480_A,ALA_1482_A"
ALA_1482_A,"LEU_1481_A,HIS_1483_A"
HIS_1483_A,"HIS_1417_A,ALA_1482_A,LYS_1484_A,VAL_1496_A"
LYS_1484_A,"HIS_1417_A,HIS_1418_A,HIS_1483_A,LEU_1485_A,LYS_1489_A"
LEU_1485_A,"LYS_1484_A,GLY_1486_A"
GLY_1486_A,"LEU_1485_A,MET_1487_A"
MET_1487_A,"GLY_1486_A,ALA_1488_A"
ALA_1488_A,"MET_1487_A,LYS_1489_A"
LYS_1489_A,"LYS_1484_A,ALA_1488_A,SER_1490_A"
SER_1490_A,"LYS_1489_A,MET_1491_A"
MET_1491_A,"SER_1490_A,GLY_1492_A"
GLY_1492_A,"MET_1491_A,PHE_1493_A"
PHE_1493_A,"PRO_904_A,ILE_906_A,GLY_1492_A,GLY_1494_A"
GLY_1494_A,"PRO_904_A,PHE_1493_A,SER_1495_A"
SER_1495_A,"LYS_902_A,GLY_1494_A,VAL_1496_A"
VAL_1496_A,"HIS_1483_A,SER_1495_A,GLU_1497_A"
GLU_1497_A,"LYS_847_A,ILE_900_A,LYS_902_A,LYS_1479_A,VAL_1496_A,ILE_1498_A,ASP_1499_A"
ILE_1498_A,"MET_953_A,GLU_1497_A,ASP_1499_A"
ASP_1499_A,"LYS_847_A,LYS_898_A,GLU_1497_A,ILE_1498_A,VAL_1500_A"
VAL_1500_A,"ASP_1499_A,GLU_1501_A"
GLU_1501_A,"ARG_896_A,LYS_898_A,VAL_1500_A,SER_1502_A"
SER_1502_A,"GLU_1501_A,VAL_1503_A"
VAL_1503_A,"SER_1502_A,ARG_1504_A,GLY_1515_A"
ARG_1504_A,"PHE_837_A,LYS_894_A,ARG_896_A,VAL_1503_A,LEU_1505_A"
LEU_1505_A,"ARG_1504_A,ARG_1506_A"
ARG_1506_A,"ASP_798_A,THR_892_A,LEU_1505_A,LYS_1507_A,ASP_1508_A"
LYS_1507_A,"ARG_1506_A,ASP_1508_A,LYS_1510_A,GLN_1511_A"
ASP_1508_A,"ARG_1506_A,LYS_1507_A,TRP_1509_A,LYS_1510_A"
TRP_1509_A,"LYS_794_A,LEU_832_A,ASP_1508_A,LYS_1510_A"
LYS_1510_A,"LYS_1507_A,ASP_1508_A,TRP_1509_A,GLN_1511_A"
GLN_1511_A,"LYS_1507_A,LYS_1510_A,TRP_1512_A"
TRP_1512_A,"PHE_837_A,GLN_1511_A,ARG_1513_A"
ARG_1513_A,"TRP_1512_A,ASN_1514_A,GLY_1515_A,GLU_1518_A"
ASN_1514_A,"PHE_837_A,THR_840_A,ARG_1513_A,GLY_1515_A"
GLY_1515_A,"VAL_1503_A,ARG_1513_A,ASN_1514_A,ASN_1516_A"
ASN_1516_A,"GLY_1515_A,SER_1517_A"
SER_1517_A,"ASN_1516_A,GLU_1518_A"
GLU_1518_A,"GLU_1465_A,ARG_1513_A,SER_1517_A,ILE_1519_A,TRP_1522_A"
ILE_1519_A,"GLU_1518_A,LEU_1523_A"
PRO_1520_A,ASN_1521_A
ASN_1521_A,"PRO_1520_A,TRP_1522_A,GLY_1524_A,LYS_1525_A"
TRP_1522_A,"LEU_1468_A,GLU_1518_A,ASN_1521_A,LEU_1523_A,LYS_1525_A,GLY_1526_A"
LEU_1523_A,"ILE_1519_A,TRP_1522_A,GLY_1524_A,GLY_1526_A"
GLY_1524_A,"ASN_1521_A,LEU_1523_A,LYS_1525_A"
LYS_1525_A,"GLU_1465_A,ASN_1521_A,TRP_1522_A,GLY_1524_A,GLY_1526_A,ALA_1528_A"
GLY_1526_A,"TRP_1522_A,LEU_1523_A,LYS_1525_A,PHE_1527_A,LYS_1529_A"
PHE_1527_A,"GLY_1526_A,ALA_1528_A,LEU_1530_A"
ALA_1528_A,"LYS_1525_A,PHE_1527_A,LYS_1529_A,LYS_1531_A"
LYS_1529_A,"GLY_1526_A,ALA_1528_A,LEU_1530_A,GLU_1532_A"
LEU_1530_A,"PHE_1527_A,LYS_1529_A,LYS_1531_A"
LYS_1531_A,"ALA_1528_A,LEU_1530_A,GLU_1532_A"
GLU_1532_A,"LYS_1529_A,LYS_1531_A,TRP_1533_A"
TRP_1533_A,"GLU_875_A,GLU_1532_A,PHE_1534_A"
PHE_1534_A,"ASN_963_A,TRP_1533_A,ARG_1535_A"
ARG_1535_A,"PHE_1534_A,ASP_1536_A,GLU_1537_A"
ASP_1536_A,"ARG_1535_A,GLU_1537_A"
GLU_1537_A,"HIS_871_A,LYS_872_A,ARG_1535_A,ASP_1536_A,LEU_1538_A,ASP_1539_A"
LEU_1538_A,"GLU_1537_A,ASP_1539_A"
ASP_1539_A,"GLU_1537_A,LEU_1538_A,PHE_1540_A,GLU_1542_A"
PHE_1540_A,"ASP_1539_A,ILE_1541_A"
ILE_1541_A,"PHE_1540_A,GLU_1542_A,LYS_1545_A"
GLU_1542_A,"ASP_1539_A,ILE_1541_A,ASN_1543_A,LYS_1546_A"
ASN_1543_A,"GLU_1542_A,LEU_1544_A,LEU_1547_A"
LEU_1544_A,"THR_960_A,PHE_1414_A,ASN_1543_A,LYS_1545_A"
LYS_1545_A,"ASP_851_A,ALA_852_A,GLU_1478_A,ILE_1541_A,LEU_1544_A,LYS_1546_A"
LYS_1546_A,"GLU_1542_A,LYS_1545_A,LEU_1547_A,PRO_1596_A"
LEU_1547_A,"TYR_866_A,VAL_868_A,PHE_1414_A,VAL_1416_A,ASN_1543_A,LYS_1546_A,LEU_1548_A"
LEU_1548_A,"LEU_1547_A,TRP_1549_A"
TRP_1549_A,"VAL_854_A,ILE_856_A,LEU_1548_A,PHE_1550_A"
PHE_1550_A,"HIS_1417_A,TRP_1549_A,GLU_1552_A"
PRO_1551_A,GLU_1552_A
GLU_1552_A,"PHE_1550_A,PRO_1551_A,GLY_1553_A"
GLY_1553_A,"GLU_1552_A,ASP_1554_A,GLN_1555_A"
ASP_1554_A,"GLY_1553_A,GLN_1555_A"
GLN_1555_A,"GLY_1553_A,ASP_1554_A,ALA_1556_A"
ALA_1556_A,GLN_1555_A
PRO_1557_A,ARG_1558_A
ARG_1558_A,"PRO_1557_A,VAL_1559_A"
VAL_1559_A,"ARG_1558_A,CYS_1560_A"
CYS_1560_A,"VAL_1559_A,TYR_1561_A"
TYR_1561_A,"PRO_864_A,HIS_865_A,CYS_1560_A"
PRO_1562_A,"MET_1563_A,TRP_1600_A"
MET_1563_A,"PRO_1562_A,LEU_1564_A,TYR_1576_A"
LEU_1564_A,"MET_1563_A,ARG_1565_A"
ARG_1565_A,"GLU_1157_A,LYS_1161_A,LEU_1564_A,LYS_1566_A,LYS_1567_A,ASP_1568_A"
LYS_1566_A,"ARG_1565_A,LYS_1567_A"
LYS_1567_A,"LYS_1161_A,ARG_1565_A,LYS_1566_A,ASP_1568_A"
ASP_1568_A,"ARG_1565_A,LYS_1567_A,ASP_1569_A"
ASP_1569_A,"ASP_1568_A,ASN_1571_A"
PRO_1570_A,ASN_1571_A
ASN_1571_A,"ASP_1569_A,PRO_1570_A,GLY_1572_A"
GLY_1572_A,"ASN_1571_A,ASN_1573_A"
ASN_1573_A,"GLY_1572_A,SER_1574_A"
SER_1574_A,"ASN_1573_A,GLY_1575_A"
GLY_1575_A,"SER_1574_A,TYR_1576_A,GLU_1577_A,GLU_1578_A"
TYR_1576_A,"TYR_863_A,TRP_1398_A,MET_1563_A,GLY_1575_A,GLU_1577_A"
GLU_1577_A,"GLY_1575_A,TYR_1576_A,GLU_1578_A,ASP_1581_A"
GLU_1578_A,"GLY_1575_A,GLU_1577_A,LEU_1579_A"
LEU_1579_A,"GLU_1578_A,LYS_1580_A"
LYS_1580_A,"LEU_1579_A,ASP_1581_A,ARG_1589_A"
ASP_1581_A,"GLU_1577_A,LYS_1580_A,GLY_1582_A"
GLY_1582_A,"ASP_1581_A,GLU_1583_A"
GLU_1583_A,"GLY_1582_A,PHE_1584_A,LYS_1592_A"
PHE_1584_A,"TRP_1398_A,GLU_1583_A,LYS_1585_A"
LYS_1585_A,"PHE_1584_A,LYS_1586_A"
LYS_1586_A,"PRO_1401_A,LYS_1585_A,GLU_1587_A,ARG_1589_A"
GLU_1587_A,"LYS_1406_A,LYS_1586_A,ASP_1588_A"
ASP_1588_A,"GLU_1587_A,ARG_1589_A"
ARG_1589_A,"LYS_1580_A,LYS_1586_A,ASP_1588_A,GLN_1590_A"
GLN_1590_A,"SER_1399_A,ARG_1589_A,LYS_1591_A"
LYS_1591_A,"GLN_1590_A,LYS_1592_A"
LYS_1592_A,"GLU_1583_A,LYS_1591_A,LEU_1593_A"
LEU_1593_A,"TRP_1398_A,LYS_1592_A,THR_1594_A"
THR_1594_A,"LEU_1593_A,THR_1595_A"
THR_1595_A,THR_1594_A
PRO_1596_A,"LYS_1546_A,TRP_1597_A"
TRP_1597_A,"PRO_1596_A,THR_1598_A"
THR_1598_A,"TYR_866_A,TRP_1597_A"
PRO_1599_A,TRP_1600_A
TRP_1600_A,"VAL_861_A,PRO_1562_A,PRO_1599_A,ALA_1601_A"
ALA_1601_A,TRP_1600_A
