residue_id,neighbors
THR_13_A,"GLY_14_A,ALA_154_A"
GLY_14_A,"THR_13_A,LEU_15_A"
LEU_15_A,"GLY_14_A,ASN_16_A"
ASN_16_A,"LEU_15_A,GLY_17_A"
GLY_17_A,"ASN_16_A,GLY_18_A"
GLY_18_A,"GLY_17_A,SER_19_A"
SER_19_A,"GLY_18_A,ILE_20_A"
ILE_20_A,"SER_19_A,THR_21_A,ASN_24_A"
THR_21_A,"ILE_20_A,GLU_22_A"
GLU_22_A,"THR_21_A,ILE_23_A,VAL_26_A,ARG_152_A"
ILE_23_A,"GLU_22_A,ASN_24_A,THR_27_A,LEU_163_A"
ASN_24_A,"ILE_20_A,ILE_23_A,ALA_25_A,SER_28_A"
ALA_25_A,"ASN_24_A,VAL_26_A"
VAL_26_A,"GLU_22_A,ALA_25_A,THR_27_A,ILE_70_A"
THR_27_A,"ILE_23_A,VAL_26_A,SER_28_A"
SER_28_A,"ASN_24_A,THR_27_A,ILE_29_A"
ILE_29_A,"SER_28_A,ALA_30_A,THR_33_A,LEU_66_A"
ALA_30_A,"ILE_29_A,LEU_31_A"
LEU_31_A,"ALA_30_A,VAL_32_A"
VAL_32_A,"LEU_31_A,THR_33_A,SER_36_A"
THR_33_A,"ILE_29_A,VAL_32_A,TYR_34_A,SER_36_A,TRP_37_A,LEU_61_A"
TYR_34_A,"THR_33_A,ILE_35_A,THR_411_A,ASP_412_A"
ILE_35_A,"TYR_34_A,SER_36_A,LEU_39_A"
SER_36_A,"VAL_32_A,THR_33_A,ILE_35_A,TRP_37_A,LEU_40_A"
TRP_37_A,"THR_33_A,SER_36_A,ASN_38_A,LYS_41_A"
ASN_38_A,"TRP_37_A,LEU_39_A,ASN_42_A"
LEU_39_A,"ILE_35_A,ASN_38_A,LEU_40_A,SER_43_A,PHE_415_A"
LEU_40_A,"SER_36_A,LEU_39_A,LYS_41_A,SER_43_A,MET_46_A"
LYS_41_A,"TRP_37_A,LEU_40_A,ASN_42_A"
ASN_42_A,"ASN_38_A,LYS_41_A,SER_43_A"
SER_43_A,"LEU_39_A,LEU_40_A,ASN_42_A,ASN_44_A"
ASN_44_A,"SER_43_A,LEU_45_A"
LEU_45_A,"ASN_44_A,MET_46_A"
MET_46_A,"LEU_40_A,LEU_45_A"
PRO_48_A,GLY_49_A
GLY_49_A,"PRO_48_A,ILE_50_A"
ILE_50_A,"GLY_49_A,SER_51_A"
SER_51_A,"ILE_50_A,SER_52_A"
SER_52_A,"SER_51_A,VAL_53_A,ILE_56_A"
VAL_53_A,"SER_52_A,GLN_54_A,ILE_57_A"
GLN_54_A,"VAL_53_A,TYR_55_A,ASP_58_A"
TYR_55_A,"GLN_54_A,ILE_56_A,PHE_59_A"
ILE_56_A,"SER_52_A,TYR_55_A,ILE_57_A,ALA_60_A"
ILE_57_A,"VAL_53_A,ILE_56_A,ASP_58_A,LEU_61_A"
ASP_58_A,"GLN_54_A,ILE_57_A,PHE_59_A,ASN_62_A"
PHE_59_A,"TYR_55_A,ASP_58_A,ALA_60_A,VAL_64_A"
ALA_60_A,"ILE_56_A,PHE_59_A,LEU_61_A"
LEU_61_A,"THR_33_A,ILE_57_A,ALA_60_A,ASN_62_A"
ASN_62_A,"ASP_58_A,LEU_61_A,TRP_63_A"
TRP_63_A,"ASN_62_A,VAL_64_A"
VAL_64_A,"PHE_59_A,TRP_63_A,ALA_65_A,LEU_68_A"
ALA_65_A,"VAL_64_A,LEU_66_A,SER_69_A"
LEU_66_A,"ILE_29_A,ALA_65_A,LEU_67_A,ILE_70_A,ILE_135_A,LEU_136_A"
LEU_67_A,"LEU_66_A,LEU_68_A"
LEU_68_A,"VAL_64_A,LEU_67_A,SER_69_A,PHE_464_A"
SER_69_A,"ALA_65_A,LEU_68_A,ILE_70_A"
ILE_70_A,"VAL_26_A,LEU_66_A,SER_69_A,THR_71_A,PHE_149_A"
THR_71_A,"ILE_70_A,ILE_72_A,ILE_148_A"
ILE_72_A,"THR_71_A,TYR_73_A"
TYR_73_A,"ILE_72_A,ALA_74_A,GLU_76_A"
ALA_74_A,"TYR_73_A,SER_75_A"
SER_75_A,"ALA_74_A,GLU_76_A"
GLU_76_A,"TYR_73_A,SER_75_A"
PRO_77_A,"TYR_78_A,ASN_81_A"
TYR_78_A,"PRO_77_A,LEU_79_A"
LEU_79_A,"TYR_78_A,LEU_80_A"
LEU_80_A,"LEU_79_A,ASN_81_A"
ASN_81_A,"PRO_77_A,LEU_80_A,THR_82_A"
THR_82_A,"ASN_81_A,LEU_83_A,LEU_86_A"
LEU_83_A,"THR_82_A,ILE_84_A"
ILE_84_A,"LEU_83_A,LEU_85_A"
LEU_85_A,"ILE_84_A,LEU_86_A"
LEU_86_A,"THR_82_A,LEU_85_A,LEU_90_A"
PRO_87_A,"CYS_88_A,ALA_91_A"
CYS_88_A,"PRO_87_A,LEU_89_A,PHE_92_A"
LEU_89_A,"CYS_88_A,LEU_90_A,ILE_93_A"
LEU_90_A,"LEU_86_A,LEU_89_A,ALA_91_A,TYR_94_A"
ALA_91_A,"PRO_87_A,LEU_90_A,PHE_92_A,GLY_95_A"
PHE_92_A,"CYS_88_A,ALA_91_A,ILE_93_A,LYS_96_A"
ILE_93_A,"LEU_89_A,PHE_92_A,TYR_94_A,PHE_97_A"
TYR_94_A,"LEU_90_A,ILE_93_A,GLY_95_A,THR_98_A"
GLY_95_A,"ALA_91_A,TYR_94_A,LYS_96_A"
LYS_96_A,"PHE_92_A,GLY_95_A,PHE_97_A"
PHE_97_A,"ILE_93_A,LYS_96_A,THR_98_A"
THR_98_A,"TYR_94_A,PHE_97_A,SER_99_A"
SER_99_A,"THR_98_A,SER_100_A"
SER_100_A,SER_99_A
ILE_107_A,"TYR_108_A,LYS_112_A"
TYR_108_A,"ILE_107_A,ASN_109_A"
ASN_109_A,"TYR_108_A,LYS_110_A"
LYS_110_A,"ASN_109_A,LYS_111_A,ILE_114_A"
LYS_111_A,"LYS_110_A,LYS_112_A,THR_115_A"
LYS_112_A,"ILE_107_A,LYS_111_A,MET_113_A,GLN_116_A"
MET_113_A,"LYS_112_A,ILE_114_A"
ILE_114_A,"LYS_110_A,MET_113_A,THR_115_A"
THR_115_A,"LYS_111_A,ILE_114_A,GLN_116_A,ARG_117_A"
GLN_116_A,"LYS_112_A,THR_115_A,ARG_117_A"
ARG_117_A,"THR_115_A,GLN_116_A,PHE_118_A"
PHE_118_A,"ARG_117_A,GLN_119_A,THR_328_A,THR_337_A"
GLN_119_A,"PHE_118_A,LEU_120_A"
LEU_120_A,"GLN_119_A,GLU_121_A"
GLU_121_A,"LEU_120_A,LYS_122_A,LYS_123_A,ASN_325_A"
LYS_122_A,"GLU_121_A,LYS_123_A"
LYS_123_A,"GLU_121_A,LYS_122_A,GLY_324_A"
PRO_124_A,"TYR_125_A,THR_127_A,ALA_128_A"
TYR_125_A,"PRO_124_A,ILE_126_A,TYR_129_A"
ILE_126_A,"TYR_125_A,THR_127_A,ARG_130_A"
THR_127_A,"PRO_124_A,ILE_126_A,ALA_128_A,GLY_131_A"
ALA_128_A,"PRO_124_A,THR_127_A,TYR_129_A,GLY_132_A"
TYR_129_A,"TYR_125_A,ALA_128_A,ARG_130_A,ASN_401_A"
ARG_130_A,"ILE_126_A,TYR_129_A,GLY_131_A"
GLY_131_A,"THR_127_A,ARG_130_A,GLY_132_A,ILE_135_A"
GLY_132_A,"ALA_128_A,GLY_131_A,MET_133_A,LEU_136_A"
MET_133_A,"GLY_132_A,LEU_134_A,THR_137_A"
LEU_134_A,"MET_133_A,ILE_135_A,ALA_138_A"
ILE_135_A,"LEU_66_A,GLY_131_A,LEU_134_A,LEU_136_A,ILE_139_A"
LEU_136_A,"LEU_66_A,GLY_132_A,ILE_135_A,THR_137_A,ALA_140_A"
THR_137_A,"MET_133_A,LEU_136_A,ALA_138_A,ILE_141_A"
ALA_138_A,"LEU_134_A,THR_137_A,ILE_139_A"
ILE_139_A,"ILE_135_A,ALA_138_A,ALA_140_A,ALA_143_A"
ALA_140_A,"LEU_136_A,ILE_139_A,ILE_141_A"
ILE_141_A,"THR_137_A,ALA_140_A,LEU_142_A"
LEU_142_A,"ILE_141_A,ALA_143_A,VAL_144_A,THR_446_A"
ALA_143_A,"ILE_139_A,LEU_142_A,VAL_144_A"
VAL_144_A,"LEU_142_A,ALA_143_A,ASP_145_A,MET_164_A"
ASP_145_A,"VAL_144_A,PHE_146_A,ASN_450_A,THR_455_A"
PHE_146_A,ASP_145_A
PRO_147_A,ILE_148_A
ILE_148_A,"THR_71_A,PRO_147_A,PHE_149_A"
PHE_149_A,"ILE_70_A,ILE_148_A,PHE_153_A"
PRO_150_A,ARG_151_A
ARG_151_A,"PRO_150_A,ARG_152_A"
ARG_152_A,"GLU_22_A,ARG_151_A,PHE_153_A"
PHE_153_A,"PHE_149_A,ARG_152_A,ALA_154_A"
ALA_154_A,"THR_13_A,PHE_153_A,LYS_155_A"
LYS_155_A,"ALA_154_A,VAL_156_A,GLU_231_A,ARG_386_A"
VAL_156_A,"LYS_155_A,GLU_157_A"
GLU_157_A,"VAL_156_A,THR_158_A,ARG_387_A"
THR_158_A,"GLU_157_A,TRP_159_A"
TRP_159_A,"THR_158_A,GLY_160_A"
GLY_160_A,"TRP_159_A,THR_161_A"
THR_161_A,"GLY_160_A,SER_162_A,VAL_384_A"
SER_162_A,"THR_161_A,LEU_163_A,ASP_165_A"
LEU_163_A,"ILE_23_A,SER_162_A,MET_164_A"
MET_164_A,"VAL_144_A,LEU_163_A,ASP_165_A"
ASP_165_A,"SER_162_A,MET_164_A,LEU_166_A,ARG_386_A,TYR_393_A"
LEU_166_A,"ASP_165_A,GLY_167_A,SER_170_A,VAL_397_A,TYR_400_A"
GLY_167_A,"LEU_166_A,VAL_168_A,PHE_171_A"
VAL_168_A,"GLY_167_A,GLY_169_A,PHE_238_A"
GLY_169_A,"VAL_168_A,SER_170_A,PHE_173_A"
SER_170_A,"LEU_166_A,GLY_169_A,PHE_171_A,SER_174_A"
PHE_171_A,"GLY_167_A,SER_170_A,VAL_172_A,ASN_175_A"
VAL_172_A,"PHE_171_A,PHE_173_A,GLY_176_A"
PHE_173_A,"GLY_169_A,VAL_172_A,SER_174_A,ILE_177_A"
SER_174_A,"SER_170_A,PHE_173_A,ASN_175_A,VAL_178_A"
ASN_175_A,"PHE_171_A,SER_174_A,GLY_176_A,SER_179_A"
GLY_176_A,"VAL_172_A,ASN_175_A,ILE_177_A"
ILE_177_A,"PHE_173_A,GLY_176_A,VAL_178_A,LEU_405_A"
VAL_178_A,"SER_174_A,ILE_177_A,SER_179_A,SER_180_A"
SER_179_A,"ASN_175_A,VAL_178_A,SER_180_A"
SER_180_A,"VAL_178_A,SER_179_A,ARG_181_A,LEU_184_A"
ARG_181_A,"SER_180_A,ALA_182_A,LYS_185_A,LEU_323_A"
ALA_182_A,"ARG_181_A,LEU_183_A,ASN_186_A"
LEU_183_A,"ALA_182_A,LEU_184_A,LEU_187_A"
LEU_184_A,"SER_180_A,LEU_183_A,LYS_185_A"
LYS_185_A,"ARG_181_A,LEU_184_A,ASN_186_A"
ASN_186_A,"ALA_182_A,LYS_185_A,LEU_187_A"
LEU_187_A,"LEU_183_A,ASN_186_A,SER_188_A"
SER_188_A,"LEU_187_A,LEU_189_A"
LEU_189_A,"SER_188_A,LYS_190_A"
LYS_190_A,"LEU_189_A,SER_191_A"
SER_191_A,"LYS_190_A,LYS_192_A"
LYS_192_A,"SER_191_A,ARG_257_A"
PRO_193_A,SER_194_A
SER_194_A,"PRO_193_A,PHE_195_A"
PHE_195_A,"SER_194_A,LEU_196_A,PHE_251_A"
LEU_196_A,"PHE_195_A,LYS_197_A"
LYS_197_A,"LEU_196_A,ASN_198_A,ASN_201_A"
ASN_198_A,"LYS_197_A,ALA_199_A,ALA_202_A"
ALA_199_A,"ASN_198_A,PHE_200_A,LEU_203_A"
PHE_200_A,"ALA_199_A,ASN_201_A,LYS_204_A"
ASN_201_A,"LYS_197_A,PHE_200_A,ALA_202_A,SER_205_A"
ALA_202_A,"ASN_198_A,ASN_201_A,LEU_203_A,SER_205_A,GLY_206_A,LEU_247_A"
LEU_203_A,"ALA_199_A,ALA_202_A,LYS_204_A,GLY_207_A"
LYS_204_A,"PHE_200_A,LEU_203_A,SER_205_A"
SER_205_A,"ASN_201_A,ALA_202_A,LYS_204_A,GLY_206_A"
GLY_206_A,"ALA_202_A,SER_205_A,GLY_207_A,LEU_210_A"
GLY_207_A,"LEU_203_A,GLY_206_A,THR_208_A,PHE_211_A"
THR_208_A,"GLY_207_A,LEU_209_A,LEU_212_A"
LEU_209_A,"THR_208_A,LEU_210_A,GLY_213_A"
LEU_210_A,"GLY_206_A,LEU_209_A,PHE_211_A,LEU_214_A"
PHE_211_A,"GLY_207_A,LEU_210_A,LEU_212_A,LEU_215_A"
LEU_212_A,"THR_208_A,PHE_211_A,GLY_213_A"
GLY_213_A,"LEU_209_A,LEU_212_A,LEU_214_A"
LEU_214_A,"LEU_210_A,GLY_213_A,LEU_215_A,LEU_217_A"
LEU_215_A,"PHE_211_A,LEU_214_A,ARG_216_A"
ARG_216_A,"LEU_215_A,LEU_217_A,VAL_220_A"
LEU_217_A,"LEU_214_A,ARG_216_A,PHE_218_A"
PHE_218_A,"LEU_217_A,PHE_219_A"
PHE_219_A,"PHE_218_A,VAL_220_A,LEU_223_A"
VAL_220_A,"ARG_216_A,PHE_219_A,LYS_221_A,GLU_224_A"
LYS_221_A,"VAL_220_A,ASN_222_A"
ASN_222_A,"LYS_221_A,LEU_223_A"
LEU_223_A,"PHE_219_A,ASN_222_A,GLU_224_A"
GLU_224_A,"VAL_220_A,LEU_223_A,TYR_225_A"
TYR_225_A,"GLU_224_A,GLN_226_A"
GLN_226_A,"TYR_225_A,GLU_227_A"
GLU_227_A,"GLN_226_A,HIS_228_A"
HIS_228_A,"GLU_227_A,VAL_229_A,GLU_231_A"
VAL_229_A,"HIS_228_A,THR_230_A,GLU_231_A,GLY_233_A"
THR_230_A,"VAL_229_A,GLU_231_A,ARG_387_A"
GLU_231_A,"LYS_155_A,HIS_228_A,VAL_229_A,THR_230_A,TYR_232_A,ARG_386_A"
TYR_232_A,"GLU_231_A,GLY_233_A"
GLY_233_A,"VAL_229_A,TYR_232_A,VAL_234_A"
VAL_234_A,"GLY_233_A,HIS_235_A"
HIS_235_A,"VAL_234_A,TRP_236_A"
TRP_236_A,"HIS_235_A,ASN_237_A"
ASN_237_A,"TRP_236_A,PHE_238_A"
PHE_238_A,"VAL_168_A,ASN_237_A,PHE_239_A,LEU_242_A"
PHE_239_A,"PHE_238_A,ILE_240_A"
ILE_240_A,"PHE_239_A,THR_241_A,LEU_244_A"
THR_241_A,"ILE_240_A,LEU_242_A"
LEU_242_A,"PHE_238_A,THR_241_A,SER_243_A"
SER_243_A,"LEU_242_A,LEU_244_A"
LEU_244_A,"ILE_240_A,SER_243_A,LEU_245_A"
LEU_245_A,"LEU_244_A,LEU_249_A"
PRO_246_A,"LEU_247_A,THR_250_A"
LEU_247_A,"ALA_202_A,PRO_246_A,VAL_248_A"
VAL_248_A,"LEU_247_A,LEU_249_A"
LEU_249_A,"LEU_245_A,VAL_248_A,THR_250_A,PHE_312_A,LEU_313_A"
THR_250_A,"PRO_246_A,LEU_249_A,PHE_251_A"
PHE_251_A,"PHE_195_A,THR_250_A,ILE_252_A"
ILE_252_A,"PHE_251_A,ASP_253_A,VAL_255_A,THR_256_A,ILE_264_A"
ASP_253_A,"ILE_252_A,THR_256_A,ARG_257_A,ARG_261_A"
PRO_254_A,VAL_255_A
VAL_255_A,"ILE_252_A,PRO_254_A,THR_256_A,MET_258_A,ILE_264_A"
THR_256_A,"ILE_252_A,ASP_253_A,VAL_255_A,ARG_257_A,ILE_264_A"
ARG_257_A,"LYS_192_A,ASP_253_A,THR_256_A,MET_258_A"
MET_258_A,"VAL_255_A,ARG_257_A,VAL_259_A"
VAL_259_A,MET_258_A
PRO_260_A,ARG_261_A
ARG_261_A,"ASP_253_A,PRO_260_A,CYS_262_A,GLN_316_A"
CYS_262_A,"ARG_261_A,SER_263_A,ILE_266_A"
SER_263_A,"CYS_262_A,ILE_264_A"
ILE_264_A,"ILE_252_A,VAL_255_A,THR_256_A,SER_263_A,ALA_265_A,ILE_268_A"
ALA_265_A,"ILE_264_A,ILE_266_A,SER_269_A"
ILE_266_A,"CYS_262_A,ALA_265_A,PHE_267_A,CYS_270_A"
PHE_267_A,"ILE_266_A,ILE_268_A,ILE_271_A"
ILE_268_A,"ILE_264_A,PHE_267_A,SER_269_A,TYR_272_A"
SER_269_A,"ALA_265_A,ILE_268_A,CYS_270_A,GLU_273_A"
CYS_270_A,"ILE_266_A,SER_269_A,ILE_271_A,TRP_274_A"
ILE_271_A,"PHE_267_A,CYS_270_A,TYR_272_A,LEU_275_A"
TYR_272_A,"ILE_268_A,ILE_271_A,GLU_273_A,LEU_276_A"
GLU_273_A,"SER_269_A,TYR_272_A,TRP_274_A,LEU_277_A,HIS_380_A"
TRP_274_A,"CYS_270_A,GLU_273_A,LEU_275_A,LYS_278_A"
LEU_275_A,"ILE_271_A,TRP_274_A,LEU_276_A"
LEU_276_A,"TYR_272_A,LEU_275_A,LEU_277_A"
LEU_277_A,"GLU_273_A,LEU_276_A,LYS_278_A"
LYS_278_A,"TRP_274_A,LEU_277_A,ASP_279_A"
ASP_279_A,"LYS_278_A,ASP_280_A"
ASP_280_A,"ASP_279_A,ARG_281_A,ASN_284_A"
ARG_281_A,"ASP_280_A,THR_282_A,PHE_285_A"
THR_282_A,"ARG_281_A,LEU_283_A,LEU_286_A"
LEU_283_A,"THR_282_A,ASN_284_A,ILE_287_A,TYR_382_A"
ASN_284_A,"ASP_280_A,LEU_283_A,PHE_285_A,LEU_288_A"
PHE_285_A,"ARG_281_A,ASN_284_A,LEU_286_A,ALA_289_A,PHE_295_A"
LEU_286_A,"THR_282_A,PHE_285_A,ILE_287_A,ARG_299_A,PHE_303_A,PHE_388_A"
ILE_287_A,"LEU_283_A,LEU_286_A,LEU_288_A"
LEU_288_A,"ASN_284_A,ILE_287_A,ALA_289_A"
ALA_289_A,"PHE_285_A,LEU_288_A,ASP_290_A"
ASP_290_A,"ALA_289_A,ARG_291_A,SER_296_A"
ARG_291_A,"ASP_290_A,ASN_292_A,ARG_299_A,GLU_300_A,ARG_387_A"
ASN_292_A,"ARG_291_A,CYS_293_A"
CYS_293_A,"ASN_292_A,PHE_294_A,ALA_297_A"
PHE_294_A,"CYS_293_A,PHE_295_A"
PHE_295_A,"PHE_285_A,PHE_294_A,SER_296_A,ILE_302_A"
SER_296_A,"ASP_290_A,PHE_295_A,ALA_297_A"
ALA_297_A,"CYS_293_A,SER_296_A,ASN_298_A"
ASN_298_A,"ALA_297_A,ARG_299_A"
ARG_299_A,"LEU_286_A,ARG_291_A,ASN_298_A,GLU_300_A,PHE_303_A,ARG_387_A"
GLU_300_A,"ARG_291_A,ARG_299_A,GLY_301_A,SER_304_A,ARG_387_A"
GLY_301_A,"GLU_300_A,ILE_302_A"
ILE_302_A,"PHE_295_A,GLY_301_A,PHE_303_A"
PHE_303_A,"LEU_286_A,ARG_299_A,ILE_302_A,SER_304_A"
SER_304_A,"GLU_300_A,PHE_303_A,PHE_305_A"
PHE_305_A,"SER_304_A,LEU_306_A,CYS_309_A"
LEU_306_A,"PHE_305_A,GLY_307_A"
GLY_307_A,"LEU_306_A,TYR_308_A"
TYR_308_A,"GLY_307_A,CYS_309_A,PHE_312_A"
CYS_309_A,"PHE_305_A,TYR_308_A,SER_310_A,LEU_313_A"
SER_310_A,"CYS_309_A,ILE_311_A,TRP_314_A"
ILE_311_A,"SER_310_A,PHE_312_A,GLY_315_A"
PHE_312_A,"LEU_249_A,TYR_308_A,ILE_311_A,LEU_313_A,GLN_316_A"
LEU_313_A,"LEU_249_A,CYS_309_A,PHE_312_A,TRP_314_A,ASN_317_A"
TRP_314_A,"SER_310_A,LEU_313_A,GLY_315_A,THR_318_A"
GLY_315_A,"ILE_311_A,TRP_314_A,GLN_316_A"
GLN_316_A,"ARG_261_A,PHE_312_A,GLY_315_A,ASN_317_A"
ASN_317_A,"LEU_313_A,GLN_316_A,THR_318_A"
THR_318_A,"TRP_314_A,ASN_317_A,GLY_319_A"
GLY_319_A,"THR_318_A,PHE_320_A"
PHE_320_A,"GLY_319_A,TYR_321_A,PRO_335_A"
TYR_321_A,"PHE_320_A,LEU_322_A"
LEU_322_A,"TYR_321_A,LEU_323_A,PRO_358_A"
LEU_323_A,"ARG_181_A,LEU_322_A,GLY_324_A"
GLY_324_A,"LYS_123_A,LEU_323_A,ASN_325_A"
ASN_325_A,"GLU_121_A,GLY_324_A,LYS_326_A"
LYS_326_A,"ASN_325_A,ASP_339_A"
PRO_327_A,THR_328_A
THR_328_A,"PHE_118_A,PRO_327_A,LEU_329_A"
LEU_329_A,"THR_328_A,ASN_330_A,GLN_338_A"
ASN_330_A,"LEU_329_A,ASN_331_A,ASP_351_A"
ASN_331_A,"ASN_330_A,LEU_332_A"
LEU_332_A,"ASN_331_A,TYR_333_A,VAL_356_A"
TYR_333_A,"LEU_332_A,LYS_334_A"
LYS_334_A,TYR_333_A
PRO_335_A,"PHE_320_A,SER_336_A"
SER_336_A,"PRO_335_A,THR_337_A"
THR_337_A,"PHE_118_A,SER_336_A,GLN_338_A"
GLN_338_A,"LEU_329_A,THR_337_A,ASP_339_A"
ASP_339_A,"LYS_326_A,GLN_338_A,VAL_340_A"
VAL_340_A,"ASP_339_A,VAL_341_A,SER_344_A"
VAL_341_A,"VAL_340_A,ALA_342_A"
ALA_342_A,"VAL_341_A,ALA_343_A"
ALA_343_A,"ALA_342_A,SER_344_A"
SER_344_A,"VAL_340_A,ALA_343_A,LYS_345_A"
LYS_345_A,"SER_344_A,LYS_346_A"
LYS_346_A,"LYS_345_A,SER_347_A"
SER_347_A,"LYS_346_A,SER_348_A"
SER_348_A,"SER_347_A,THR_349_A"
THR_349_A,"SER_348_A,TRP_350_A"
TRP_350_A,"THR_349_A,ASP_351_A,THR_354_A"
ASP_351_A,"ASN_330_A,TRP_350_A,TYR_352_A,SER_355_A"
TYR_352_A,"ASP_351_A,TRP_353_A"
TRP_353_A,"TYR_352_A,THR_354_A"
THR_354_A,"TRP_350_A,TRP_353_A,SER_355_A"
SER_355_A,"ASP_351_A,THR_354_A,VAL_356_A"
VAL_356_A,"LEU_332_A,SER_355_A,THR_357_A"
THR_357_A,"VAL_356_A,SER_360_A"
PRO_358_A,"LEU_322_A,LEU_359_A,LEU_362_A"
LEU_359_A,"PRO_358_A,SER_360_A,CYS_363_A"
SER_360_A,"THR_357_A,LEU_359_A,GLY_361_A"
GLY_361_A,"SER_360_A,LEU_362_A,TRP_365_A"
LEU_362_A,"PRO_358_A,GLY_361_A,CYS_363_A,SER_366_A,LEU_402_A"
CYS_363_A,"LEU_359_A,LEU_362_A,ILE_364_A,THR_367_A"
ILE_364_A,"CYS_363_A,TRP_365_A,ILE_368_A"
TRP_365_A,"GLY_361_A,ILE_364_A,SER_366_A,PHE_369_A"
SER_366_A,"LEU_362_A,TRP_365_A,THR_367_A,LEU_370_A"
THR_367_A,"CYS_363_A,SER_366_A,ILE_368_A,VAL_371_A"
ILE_368_A,"ILE_364_A,THR_367_A,PHE_369_A,ILE_372_A"
PHE_369_A,"TRP_365_A,ILE_368_A,LEU_370_A,SER_373_A,ILE_398_A"
LEU_370_A,"SER_366_A,PHE_369_A,VAL_371_A,GLN_374_A"
VAL_371_A,"THR_367_A,LEU_370_A,ILE_372_A"
ILE_372_A,"ILE_368_A,VAL_371_A,SER_373_A,VAL_376_A"
SER_373_A,"PHE_369_A,ILE_372_A,GLN_374_A,PHE_377_A"
GLN_374_A,"LEU_370_A,SER_373_A,LEU_375_A"
LEU_375_A,"GLN_374_A,VAL_376_A"
VAL_376_A,"ILE_372_A,LEU_375_A,PHE_377_A,LEU_391_A,LEU_395_A"
PHE_377_A,"SER_373_A,VAL_376_A,GLN_378_A"
GLN_378_A,"PHE_377_A,TYR_379_A"
TYR_379_A,"GLN_378_A,HIS_380_A"
HIS_380_A,"GLU_273_A,TYR_379_A"
PRO_381_A,TYR_382_A
TYR_382_A,"LEU_283_A,PRO_381_A,SER_383_A"
SER_383_A,"TYR_382_A,VAL_384_A"
VAL_384_A,"THR_161_A,SER_383_A,SER_385_A,TYR_393_A"
SER_385_A,"VAL_384_A,ARG_386_A,ALA_389_A"
ARG_386_A,"LYS_155_A,ASP_165_A,GLU_231_A,SER_385_A,ARG_387_A"
ARG_387_A,"GLU_157_A,THR_230_A,ARG_291_A,ARG_299_A,GLU_300_A,ARG_386_A,PHE_388_A"
PHE_388_A,"LEU_286_A,ARG_387_A,ALA_389_A"
ALA_389_A,"SER_385_A,PHE_388_A,ASN_390_A"
ASN_390_A,"ALA_389_A,LEU_391_A"
LEU_391_A,"VAL_376_A,ASN_390_A,THR_394_A,LEU_395_A"
PRO_392_A,"TYR_393_A,TRP_396_A"
TYR_393_A,"ASP_165_A,VAL_384_A,PRO_392_A,THR_394_A,VAL_397_A"
THR_394_A,"LEU_391_A,TYR_393_A,LEU_395_A,ILE_398_A"
LEU_395_A,"VAL_376_A,LEU_391_A,THR_394_A,TRP_396_A,THR_399_A"
TRP_396_A,"PRO_392_A,LEU_395_A,VAL_397_A"
VAL_397_A,"LEU_166_A,TYR_393_A,TRP_396_A,ILE_398_A,ASN_401_A"
ILE_398_A,"PHE_369_A,THR_394_A,VAL_397_A,THR_399_A,LEU_402_A"
THR_399_A,"LEU_395_A,ILE_398_A,TYR_400_A,LEU_403_A"
TYR_400_A,"LEU_166_A,THR_399_A,ASN_401_A,PHE_404_A"
ASN_401_A,"TYR_129_A,VAL_397_A,TYR_400_A,LEU_402_A,LEU_405_A"
LEU_402_A,"LEU_362_A,ILE_398_A,ASN_401_A,LEU_403_A,THR_406_A"
LEU_403_A,"THR_399_A,LEU_402_A,PHE_404_A"
PHE_404_A,"TYR_400_A,LEU_403_A,LEU_405_A"
LEU_405_A,"ILE_177_A,ASN_401_A,PHE_404_A,THR_406_A,CYS_409_A"
THR_406_A,"LEU_402_A,LEU_405_A,GLY_407_A,LEU_410_A"
GLY_407_A,"THR_406_A,TYR_408_A"
TYR_408_A,"GLY_407_A,CYS_409_A"
CYS_409_A,"LEU_405_A,TYR_408_A,LEU_410_A"
LEU_410_A,"THR_406_A,CYS_409_A,THR_411_A,ILE_414_A"
THR_411_A,"TYR_34_A,LEU_410_A,ASP_412_A,PHE_415_A"
ASP_412_A,"TYR_34_A,THR_411_A,LYS_413_A,GLY_416_A"
LYS_413_A,"ASP_412_A,ILE_414_A"
ILE_414_A,"LEU_410_A,LYS_413_A,PHE_415_A"
PHE_415_A,"LEU_39_A,THR_411_A,ILE_414_A,GLY_416_A"
GLY_416_A,"ASP_412_A,PHE_415_A,ASN_417_A"
ASN_417_A,"GLY_416_A,SER_418_A"
SER_418_A,"ASN_417_A,SER_419_A"
SER_419_A,SER_418_A
LYS_423_A,"VAL_424_A,GLU_426_A,GLU_429_A"
VAL_424_A,"LYS_423_A,ALA_425_A,GLU_429_A"
ALA_425_A,"VAL_424_A,GLU_426_A"
GLU_426_A,"LYS_423_A,ALA_425_A,CYS_427_A,GLU_429_A,SER_430_A,ARG_483_A"
CYS_427_A,"GLU_426_A,LEU_428_A"
LEU_428_A,"CYS_427_A,GLU_429_A,ASN_432_A"
GLU_429_A,"LYS_423_A,VAL_424_A,GLU_426_A,LEU_428_A,SER_430_A,SER_433_A"
SER_430_A,"GLU_426_A,GLU_429_A,ILE_431_A,SER_478_A"
ILE_431_A,"SER_430_A,ASN_432_A,LEU_438_A"
ASN_432_A,"LEU_428_A,ILE_431_A,SER_433_A"
SER_433_A,"GLU_429_A,ASN_432_A,ASN_434_A"
ASN_434_A,"SER_433_A,GLY_435_A,LEU_438_A"
GLY_435_A,"ASN_434_A,LEU_436_A,PHE_439_A"
LEU_436_A,"GLY_435_A,PHE_437_A,LEU_440_A"
PHE_437_A,"LEU_436_A,LEU_438_A,LEU_441_A,LEU_481_A"
LEU_438_A,"ILE_431_A,ASN_434_A,PHE_437_A,PHE_439_A,ALA_442_A"
PHE_439_A,"GLY_435_A,LEU_438_A,LEU_440_A,ASN_443_A"
LEU_440_A,"LEU_436_A,PHE_439_A,LEU_441_A,VAL_444_A"
LEU_441_A,"PHE_437_A,LEU_440_A,ALA_442_A,SER_445_A"
ALA_442_A,"LEU_438_A,LEU_441_A,ASN_443_A,THR_446_A"
ASN_443_A,"PHE_439_A,ALA_442_A,VAL_444_A,GLY_447_A"
VAL_444_A,"LEU_440_A,ASN_443_A,SER_445_A,LEU_448_A"
SER_445_A,"LEU_441_A,VAL_444_A,THR_446_A,VAL_449_A"
THR_446_A,"LEU_142_A,ALA_442_A,SER_445_A,GLY_447_A,ASN_450_A"
GLY_447_A,"ASN_443_A,THR_446_A,LEU_448_A"
LEU_448_A,"VAL_444_A,GLY_447_A,VAL_449_A,SER_452_A"
VAL_449_A,"SER_445_A,LEU_448_A,ASN_450_A"
ASN_450_A,"ASP_145_A,THR_446_A,VAL_449_A,MET_451_A"
MET_451_A,"ASN_450_A,SER_452_A"
SER_452_A,"LEU_448_A,MET_451_A,MET_453_A"
MET_453_A,"SER_452_A,VAL_454_A"
VAL_454_A,"MET_453_A,THR_455_A"
THR_455_A,"ASP_145_A,VAL_454_A,ILE_456_A,SER_458_A"
ILE_456_A,"THR_455_A,ASP_457_A"
ASP_457_A,"ILE_456_A,SER_458_A"
SER_458_A,"THR_455_A,ASP_457_A,SER_459_A,SER_463_A"
SER_459_A,"SER_458_A,SER_463_A"
PRO_460_A,"LEU_461_A,PHE_464_A"
LEU_461_A,"PRO_460_A,LYS_462_A,LEU_465_A"
LYS_462_A,"LEU_461_A,SER_463_A,VAL_466_A"
SER_463_A,"SER_458_A,SER_459_A,LYS_462_A,PHE_464_A,LEU_467_A"
PHE_464_A,"LEU_68_A,PRO_460_A,SER_463_A,LEU_465_A,LEU_468_A"
LEU_465_A,"LEU_461_A,PHE_464_A,VAL_466_A,ALA_469_A"
VAL_466_A,"LYS_462_A,LEU_465_A,LEU_467_A,TYR_470_A"
LEU_467_A,"SER_463_A,VAL_466_A,LEU_468_A,CYS_471_A"
LEU_468_A,"PHE_464_A,LEU_467_A,ALA_469_A,SER_472_A"
ALA_469_A,"LEU_465_A,LEU_468_A,TYR_470_A,PHE_473_A"
TYR_470_A,"VAL_466_A,ALA_469_A,CYS_471_A"
CYS_471_A,"LEU_467_A,TYR_470_A,SER_472_A,ALA_475_A"
SER_472_A,"LEU_468_A,CYS_471_A,PHE_473_A,VAL_476_A"
PHE_473_A,"ALA_469_A,SER_472_A,ILE_474_A"
ILE_474_A,"PHE_473_A,ALA_475_A,SER_478_A"
ALA_475_A,"CYS_471_A,ILE_474_A,VAL_476_A,SER_478_A,VAL_479_A"
VAL_476_A,"SER_472_A,ALA_475_A,ILE_477_A,PHE_480_A"
ILE_477_A,"VAL_476_A,SER_478_A,LEU_481_A"
SER_478_A,"SER_430_A,ILE_474_A,ALA_475_A,ILE_477_A,VAL_479_A"
VAL_479_A,"ALA_475_A,SER_478_A,PHE_480_A,ARG_483_A"
PHE_480_A,"VAL_476_A,VAL_479_A,LEU_481_A"
LEU_481_A,"PHE_437_A,ILE_477_A,PHE_480_A,TYR_482_A"
TYR_482_A,"LEU_481_A,ARG_483_A"
ARG_483_A,"GLU_426_A,VAL_479_A,TYR_482_A,LYS_484_A"
LYS_484_A,"ARG_483_A,ARG_485_A"
ARG_485_A,"LYS_484_A,ILE_486_A"
ILE_486_A,"ARG_485_A,PHE_487_A"
PHE_487_A,"ILE_486_A,ILE_488_A"
ILE_488_A,"PHE_487_A,LYS_489_A"
LYS_489_A,"ILE_488_A,LEU_490_A"
LEU_490_A,LYS_489_A
