residue_id,neighbors
GLU_36_K,LEU_37_K
LEU_37_K,"GLU_36_K,GLY_38_K,ARG_63_K,LYS_167_K"
GLY_38_K,"LEU_37_K,ALA_39_K,ARG_178_K"
ALA_39_K,"GLY_38_K,THR_40_K"
THR_40_K,"ALA_39_K,GLY_41_K"
GLY_41_K,THR_40_K
PRO_42_K,LEU_43_K
LEU_43_K,"PRO_42_K,GLY_44_K"
GLY_44_K,"LEU_43_K,TYR_45_K"
TYR_45_K,"GLY_44_K,TRP_46_K"
TRP_46_K,"TYR_45_K,ASP_47_K,PRO_48_K"
ASP_47_K,"TRP_46_K,LEU_49_K,GLY_50_K,PHE_51_K,SER_52_K"
PRO_48_K,"TRP_46_K,LEU_49_K"
LEU_49_K,"ASP_47_K,PRO_48_K,GLY_50_K,PHE_51_K"
GLY_50_K,"ASP_47_K,LEU_49_K,PHE_51_K,LYS_54_K"
PHE_51_K,"ASP_47_K,LEU_49_K,GLY_50_K,SER_52_K,GLN_55_K"
SER_52_K,"ASP_47_K,PHE_51_K,THR_53_K"
THR_53_K,"SER_52_K,LYS_54_K"
LYS_54_K,"GLY_50_K,THR_53_K,GLN_55_K"
GLN_55_K,"PHE_51_K,LYS_54_K"
PRO_56_K,GLU_57_K
GLU_57_K,"PRO_56_K,ARG_58_K"
ARG_58_K,"GLU_57_K,PHE_59_K,ARG_61_K,TYR_62_K"
PHE_59_K,"ARG_58_K,ALA_60_K,ARG_63_K"
ALA_60_K,"PHE_59_K,ARG_61_K,ALA_64_K,VAL_143_K"
ARG_61_K,"ARG_58_K,ALA_60_K,TYR_62_K,VAL_65_K"
TYR_62_K,"ARG_58_K,ARG_61_K,ARG_63_K,GLU_66_K"
ARG_63_K,"LEU_37_K,PHE_59_K,TYR_62_K,ALA_64_K,GLU_66_K,LEU_67_K,PRO_149_K,ARG_178_K"
ALA_64_K,"ALA_60_K,ARG_63_K,VAL_65_K,LYS_68_K"
VAL_65_K,"ARG_61_K,ALA_64_K,GLU_66_K,HIS_69_K"
GLU_66_K,"TYR_62_K,ARG_63_K,VAL_65_K,LEU_67_K,GLY_70_K,ARG_178_K"
LEU_67_K,"ARG_63_K,GLU_66_K,LYS_68_K,ARG_71_K,GLU_173_K,ILE_174_K"
LYS_68_K,"ALA_64_K,LEU_67_K,HIS_69_K,GLU_129_K,PHE_135_K"
HIS_69_K,"VAL_65_K,LYS_68_K,GLY_70_K,ALA_73_K"
GLY_70_K,"GLU_66_K,HIS_69_K,ARG_71_K,MET_74_K"
ARG_71_K,"LEU_67_K,GLY_70_K,ILE_72_K,GLY_150_K,GLU_173_K"
ILE_72_K,"ARG_71_K,ALA_73_K,ALA_76_K"
ALA_73_K,"HIS_69_K,ILE_72_K,MET_74_K,CYS_77_K,MET_181_K"
MET_74_K,"GLY_70_K,ALA_73_K,ALA_75_K,THR_78_K,ALA_180_K"
ALA_75_K,"MET_74_K,ALA_76_K,GLY_79_K"
ALA_76_K,"ILE_72_K,ALA_75_K,CYS_77_K,TYR_80_K"
CYS_77_K,"ALA_73_K,ALA_76_K,THR_78_K,PHE_81_K"
THR_78_K,"MET_74_K,CYS_77_K,GLY_79_K,VAL_82_K"
GLY_79_K,"ALA_75_K,THR_78_K,TYR_80_K,GLN_83_K"
TYR_80_K,"ALA_76_K,GLY_79_K,PHE_81_K,SER_84_K,TRP_197_K"
PHE_81_K,"CYS_77_K,TYR_80_K,VAL_82_K,MET_187_K"
VAL_82_K,"THR_78_K,PHE_81_K,GLN_83_K,LEU_86_K"
GLN_83_K,"GLY_79_K,VAL_82_K,SER_84_K"
SER_84_K,"TYR_80_K,GLN_83_K,VAL_85_K"
VAL_85_K,"SER_84_K,LEU_86_K"
LEU_86_K,"VAL_82_K,VAL_85_K,ARG_87_K"
ARG_87_K,"LEU_86_K,TRP_88_K,LEU_103_K"
TRP_88_K,ARG_87_K
PRO_89_K,GLY_90_K
GLY_90_K,"PRO_89_K,TYR_91_K"
TYR_91_K,"GLY_90_K,LEU_92_K,LYS_99_K"
LEU_92_K,"TYR_91_K,SER_93_K,LEU_103_K"
SER_93_K,"LEU_92_K,THR_94_K,SER_95_K"
THR_94_K,"SER_93_K,SER_95_K"
SER_95_K,"SER_93_K,THR_94_K,ALA_96_K"
ALA_96_K,"SER_95_K,GLY_97_K,VAL_98_K"
GLY_97_K,"ALA_96_K,VAL_98_K"
VAL_98_K,"ALA_96_K,GLY_97_K,LYS_99_K,LEU_103_K"
LYS_99_K,"TYR_91_K,VAL_98_K,PHE_100_K,ASP_102_K"
PHE_100_K,"LYS_99_K,SER_101_K"
SER_101_K,"PHE_100_K,ASP_102_K"
ASP_102_K,"LYS_99_K,SER_101_K,LEU_103_K,LYS_112_K"
LEU_103_K,"ARG_87_K,LEU_92_K,VAL_98_K,ASP_102_K"
PRO_104_K,ASN_105_K
ASN_105_K,"PRO_104_K,GLY_106_K"
GLY_106_K,"ASN_105_K,ILE_107_K,PHE_110_K"
ILE_107_K,"GLY_106_K,ALA_108_K,ALA_111_K"
ALA_108_K,"ILE_107_K,GLY_109_K,LYS_112_K"
GLY_109_K,"ALA_108_K,PHE_110_K"
PHE_110_K,"GLY_106_K,GLY_109_K,ALA_111_K,LEU_118_K"
ALA_111_K,"ILE_107_K,PHE_110_K,LYS_112_K,ILE_113_K"
LYS_112_K,"ASP_102_K,ALA_108_K,ALA_111_K,ILE_113_K"
ILE_113_K,"ALA_111_K,LYS_112_K"
PRO_114_K,LEU_118_K
PRO_115_K,"LEU_116_K,ALA_119_K"
LEU_116_K,"PRO_115_K,GLY_117_K,GLN_120_K"
GLY_117_K,"LEU_116_K,LEU_118_K,ILE_121_K"
LEU_118_K,"PHE_110_K,PRO_114_K,GLY_117_K,ALA_119_K,PHE_122_K"
ALA_119_K,"PRO_115_K,LEU_118_K,GLN_120_K,LEU_123_K"
GLN_120_K,"LEU_116_K,ALA_119_K,ILE_121_K,PHE_124_K"
ILE_121_K,"GLY_117_K,GLN_120_K,PHE_122_K,ILE_125_K"
PHE_122_K,"LEU_118_K,ILE_121_K,LEU_123_K,GLY_126_K"
LEU_123_K,"ALA_119_K,PHE_122_K,PHE_124_K,LEU_127_K"
PHE_124_K,"GLN_120_K,LEU_123_K,ILE_125_K,MET_128_K"
ILE_125_K,"ILE_121_K,PHE_124_K,GLY_126_K,GLU_129_K"
GLY_126_K,"PHE_122_K,ILE_125_K,LEU_127_K,ALA_130_K"
LEU_127_K,"LEU_123_K,GLY_126_K,MET_128_K,PHE_131_K"
MET_128_K,"PHE_124_K,LEU_127_K,GLU_129_K,TRP_133_K"
GLU_129_K,"LYS_68_K,ILE_125_K,MET_128_K,ALA_130_K"
ALA_130_K,"GLY_126_K,GLU_129_K,PHE_131_K"
PHE_131_K,"LEU_127_K,ALA_130_K,THR_132_K"
THR_132_K,"PHE_131_K,TRP_133_K"
TRP_133_K,"MET_128_K,THR_132_K,VAL_152_K,TRP_157_K"
PRO_134_K,PHE_135_K
PHE_135_K,"LYS_68_K,PRO_134_K,TYR_136_K,VAL_152_K"
TYR_136_K,"PHE_135_K,GLN_137_K,VAL_143_K"
GLN_137_K,"TYR_136_K,GLY_138_K"
GLY_138_K,"GLN_137_K,GLY_139_K"
GLY_139_K,"GLY_138_K,LEU_140_K"
LEU_140_K,"GLY_139_K,GLY_141_K"
GLY_141_K,"LEU_140_K,LYS_142_K"
LYS_142_K,"GLY_141_K,VAL_143_K"
VAL_143_K,"ALA_60_K,TYR_136_K,LYS_142_K"
PRO_144_K,"GLU_145_K,LYS_147_K"
GLU_145_K,"PRO_144_K,GLY_146_K"
GLY_146_K,"GLU_145_K,LYS_147_K"
LYS_147_K,"PRO_144_K,GLY_146_K,LEU_148_K,ASP_151_K"
LEU_148_K,"LYS_147_K,LEU_170_K"
PRO_149_K,"ARG_63_K,GLY_150_K"
GLY_150_K,"ARG_71_K,PRO_149_K,ASP_151_K"
ASP_151_K,"LYS_147_K,GLY_150_K,VAL_152_K,ARG_159_K"
VAL_152_K,"TRP_133_K,PHE_135_K,ASP_151_K,ALA_153_K"
ALA_153_K,"VAL_152_K,GLY_154_K,TRP_157_K"
GLY_154_K,"ALA_153_K,ASP_155_K"
ASP_155_K,"GLY_154_K,LEU_156_K,TRP_157_K"
LEU_156_K,"ASP_155_K,TRP_157_K"
TRP_157_K,"TRP_133_K,ALA_153_K,ASP_155_K,LEU_156_K,VAL_158_K"
VAL_158_K,"TRP_157_K,ARG_159_K"
ARG_159_K,"ASP_151_K,VAL_158_K,TYR_160_K,LYS_166_K"
TYR_160_K,"ARG_159_K,SER_161_K"
SER_161_K,"TYR_160_K,ASP_162_K"
ASP_162_K,"SER_161_K,GLU_164_K,LYS_166_K"
PRO_163_K,"GLU_164_K,LYS_167_K"
GLU_164_K,"ASP_162_K,PRO_163_K,VAL_165_K,HIS_168_K"
VAL_165_K,"GLU_164_K,LYS_166_K,LYS_169_K"
LYS_166_K,"ARG_159_K,ASP_162_K,VAL_165_K,LYS_167_K,LEU_170_K"
LYS_167_K,"LEU_37_K,PRO_163_K,LYS_166_K,HIS_168_K,ASN_171_K"
HIS_168_K,"GLU_164_K,LYS_167_K,LYS_169_K,VAL_172_K"
LYS_169_K,"VAL_165_K,HIS_168_K,LEU_170_K,GLU_173_K"
LEU_170_K,"LEU_148_K,LYS_166_K,LYS_169_K,ASN_171_K,ILE_174_K"
ASN_171_K,"LYS_167_K,LEU_170_K,VAL_172_K,ASN_175_K"
VAL_172_K,"HIS_168_K,ASN_171_K,GLU_173_K,ASN_176_K"
GLU_173_K,"LEU_67_K,ARG_71_K,LYS_169_K,VAL_172_K,ILE_174_K,GLY_177_K"
ILE_174_K,"LEU_67_K,LEU_170_K,GLU_173_K,ASN_175_K,ARG_178_K"
ASN_175_K,"ASN_171_K,ILE_174_K,ASN_176_K,ARG_178_K,ALA_179_K"
ASN_176_K,"VAL_172_K,ASN_175_K,GLY_177_K,ALA_180_K"
GLY_177_K,"GLU_173_K,ASN_176_K,ARG_178_K,MET_181_K"
ARG_178_K,"GLY_38_K,ARG_63_K,GLU_66_K,ILE_174_K,ASN_175_K,GLY_177_K,ALA_179_K"
ALA_179_K,"ASN_175_K,ARG_178_K,ALA_180_K,GLY_183_K"
ALA_180_K,"MET_74_K,ASN_176_K,ALA_179_K,MET_181_K,SER_184_K"
MET_181_K,"ALA_73_K,GLY_177_K,ALA_180_K,MET_182_K,LEU_185_K"
MET_182_K,"MET_181_K,GLY_183_K,GLY_186_K"
GLY_183_K,"ALA_179_K,MET_182_K,SER_184_K,MET_187_K"
SER_184_K,"ALA_180_K,GLY_183_K,LEU_185_K,LEU_188_K"
LEU_185_K,"MET_181_K,SER_184_K,GLY_186_K,MET_189_K"
GLY_186_K,"MET_182_K,LEU_185_K,MET_187_K,HIS_190_K"
MET_187_K,"PHE_81_K,GLY_183_K,GLY_186_K,LEU_188_K,ASP_191_K,TRP_197_K"
LEU_188_K,"SER_184_K,MET_187_K,MET_189_K,HIS_192_K"
MET_189_K,"LEU_185_K,LEU_188_K,HIS_190_K,ILE_193_K"
HIS_190_K,"GLY_186_K,MET_189_K,ASP_191_K,LEU_194_K"
ASP_191_K,"MET_187_K,HIS_190_K,HIS_192_K"
HIS_192_K,"LEU_188_K,ASP_191_K,ILE_193_K"
ILE_193_K,"MET_189_K,HIS_192_K,LEU_194_K"
LEU_194_K,"HIS_190_K,ILE_193_K,GLY_195_K,PRO_200_K"
GLY_195_K,"LEU_194_K,THR_196_K"
THR_196_K,"GLY_195_K,TRP_197_K,ILE_198_K"
TRP_197_K,"TYR_80_K,MET_187_K,THR_196_K,ILE_198_K"
ILE_198_K,"THR_196_K,TRP_197_K"
PRO_200_K,"LEU_194_K,GLY_201_K"
GLY_201_K,PRO_200_K
