residue_id,neighbors
SER_27_A,MET_28_A
MET_28_A,"SER_27_A,LEU_29_A"
LEU_29_A,"MET_28_A,GLY_30_A"
GLY_30_A,"LEU_29_A,VAL_31_A,ASN_615_A"
VAL_31_A,GLY_30_A
PRO_32_A,LEU_33_A
LEU_33_A,"PRO_32_A,GLU_34_A,GLU_611_A"
GLU_34_A,"LEU_33_A,GLY_35_A"
GLY_35_A,"GLU_34_A,PHE_36_A"
PHE_36_A,"GLY_35_A,ALA_37_A,SER_40_A,THR_584_A,LEU_586_A,LEU_604_A,LEU_607_A,GLU_608_A"
ALA_37_A,"PHE_36_A,GLU_38_A,ARG_41_A"
GLU_38_A,"ALA_37_A,TYR_39_A"
TYR_39_A,"GLU_38_A,SER_40_A,ILE_42_A,LEU_604_A"
SER_40_A,"PHE_36_A,TYR_39_A,ARG_41_A,ALA_44_A"
ARG_41_A,"ALA_37_A,SER_40_A,ILE_42_A,HIS_238_A,ASP_242_A,ASP_247_A"
ILE_42_A,"TYR_39_A,ARG_41_A,ALA_43_A,GLU_46_A"
ALA_43_A,"ILE_42_A,ALA_44_A,GLU_46_A"
ALA_44_A,"SER_40_A,ALA_43_A,ALA_45_A,ALA_239_A"
ALA_45_A,"ALA_44_A,GLU_46_A,ALA_239_A"
GLU_46_A,"ILE_42_A,ALA_43_A,ALA_45_A,GLY_47_A,LYS_345_A,LYS_371_A,ASP_597_A"
GLY_47_A,"GLU_46_A,GLY_48_A"
GLY_48_A,"GLY_47_A,VAL_49_A"
VAL_49_A,"GLY_48_A,LEU_50_A,LEU_51_A,PHE_228_A,LEU_254_A"
LEU_50_A,"VAL_49_A,LEU_51_A,LEU_306_A"
LEU_51_A,"VAL_49_A,LEU_50_A,LYS_52_A,VAL_226_A,PHE_228_A,LEU_254_A,PHE_300_A,TYR_304_A"
LYS_52_A,"LEU_51_A,ASN_53_A,GLU_54_A,VAL_226_A"
ASN_53_A,"LYS_52_A,GLU_54_A,LEU_58_A"
GLU_54_A,"LYS_52_A,ASN_53_A,ASN_55_A,ARG_224_A"
ASN_55_A,"GLU_54_A,ALA_56_A,MET_57_A"
ALA_56_A,"ASN_55_A,MET_57_A"
MET_57_A,"ASN_55_A,ALA_56_A,LEU_58_A,LYS_157_A,ALA_225_A"
LEU_58_A,"ASN_53_A,MET_57_A,ALA_225_A"
PRO_59_A,"ILE_60_A,TYR_308_A,PHE_342_A"
ILE_60_A,"PRO_59_A,ARG_61_A,VAL_66_A,LYS_157_A,LEU_244_A"
ARG_61_A,"ILE_60_A,ALA_62_A,GLU_64_A,GLU_341_A"
ALA_62_A,"ARG_61_A,HIS_63_A,ARG_104_A"
HIS_63_A,"ALA_62_A,GLU_64_A"
GLU_64_A,"ARG_61_A,HIS_63_A,ILE_65_A,LYS_157_A"
ILE_65_A,"GLU_64_A,VAL_66_A,GLN_106_A"
VAL_66_A,"ILE_60_A,ILE_65_A,SER_67_A,GLN_106_A,ASN_108_A"
SER_67_A,"VAL_66_A,VAL_68_A,SER_155_A,LYS_157_A,ILE_159_A"
VAL_68_A,"SER_67_A,PHE_69_A,GLN_73_A,LEU_99_A"
PHE_69_A,"VAL_68_A,GLY_70_A,LEU_111_A,LEU_143_A,ILE_159_A,ILE_161_A"
GLY_70_A,"PHE_69_A,ARG_71_A,GLN_73_A,TYR_115_A"
ARG_71_A,"GLY_70_A,CYS_72_A,ILE_74_A,ASP_75_A,LYS_139_A,GLU_140_A"
CYS_72_A,"ARG_71_A,GLN_73_A"
GLN_73_A,"VAL_68_A,GLY_70_A,CYS_72_A,ILE_74_A,LEU_96_A"
ILE_74_A,"ARG_71_A,GLN_73_A,ASP_75_A,TYR_76_A,LEU_96_A,GLU_116_A,ILE_119_A"
ASP_75_A,"ARG_71_A,ILE_74_A,TYR_76_A"
TYR_76_A,"ILE_74_A,ASP_75_A,TYR_77_A,ASN_94_A,ILE_95_A,GLY_232_A"
TYR_77_A,"TYR_76_A,ARG_78_A,THR_165_A,ASN_204_A"
ARG_78_A,"TYR_77_A,SER_79_A"
SER_79_A,"ARG_78_A,GLY_80_A"
GLY_80_A,"SER_79_A,THR_81_A"
THR_81_A,"GLY_80_A,GLY_82_A,ALA_166_A"
GLY_82_A,"THR_81_A,SER_83_A,GLY_85_A"
SER_83_A,"GLY_82_A,GLY_84_A,GLU_168_A"
GLY_84_A,"SER_83_A,GLY_85_A,SER_573_A"
GLY_85_A,"GLY_82_A,GLY_84_A,ALA_86_A"
ALA_86_A,"GLY_85_A,VAL_87_A"
VAL_87_A,"ALA_86_A,ASN_88_A,GLN_585_A"
ASN_88_A,"VAL_87_A,VAL_89_A,ALA_583_A"
VAL_89_A,"ASN_88_A,VAL_92_A,MET_234_A,GLN_585_A"
PRO_90_A,"TYR_91_A,MET_234_A"
TYR_91_A,"PRO_90_A,VAL_92_A,MET_234_A"
VAL_92_A,"VAL_89_A,TYR_91_A,VAL_93_A"
VAL_93_A,"VAL_92_A,ASN_94_A,GLY_237_A"
ASN_94_A,"TYR_76_A,VAL_93_A,ILE_95_A,ASP_97_A,GLY_98_A"
ILE_95_A,"TYR_76_A,ASN_94_A,LEU_96_A,LEU_99_A"
LEU_96_A,"GLN_73_A,ILE_74_A,ILE_95_A,ASP_97_A,VAL_107_A"
ASP_97_A,"ASN_94_A,LEU_96_A,GLY_98_A,ARG_100_A,ALA_101_A"
GLY_98_A,"ASN_94_A,ASP_97_A,LEU_99_A"
LEU_99_A,"VAL_68_A,ILE_95_A,GLY_98_A,ARG_100_A,ILE_105_A,VAL_107_A,ALA_241_A,LEU_244_A"
ARG_100_A,"ASP_97_A,LEU_99_A,ALA_101_A,GLU_109_A,LYS_113_A,GLU_116_A"
ALA_101_A,"ASP_97_A,ARG_100_A,ASN_102_A"
ASN_102_A,"ALA_101_A,ARG_104_A"
PRO_103_A,"ARG_104_A,GLN_106_A"
ARG_104_A,"ALA_62_A,ASN_102_A,PRO_103_A,ILE_105_A,ASP_247_A"
ILE_105_A,"LEU_99_A,ARG_104_A,GLN_106_A"
GLN_106_A,"ILE_65_A,VAL_66_A,PRO_103_A,ILE_105_A,VAL_107_A"
VAL_107_A,"LEU_96_A,LEU_99_A,GLN_106_A,ASN_108_A"
ASN_108_A,"VAL_66_A,VAL_107_A,GLU_109_A"
GLU_109_A,"ARG_100_A,ASN_108_A,GLN_110_A,LYS_113_A,GLU_116_A"
GLN_110_A,"GLU_109_A,LEU_111_A"
LEU_111_A,"PHE_69_A,GLN_110_A,ALA_112_A,TYR_115_A"
ALA_112_A,"LEU_111_A,LYS_113_A,GLU_116_A"
LYS_113_A,"ARG_100_A,GLU_109_A,ALA_112_A,GLN_114_A,GLU_116_A,GLN_117_A"
GLN_114_A,"LYS_113_A,TYR_115_A,TRP_118_A"
TYR_115_A,"GLY_70_A,LEU_111_A,GLN_114_A,GLU_116_A,TRP_118_A,ILE_119_A"
GLU_116_A,"ILE_74_A,ARG_100_A,GLU_109_A,ALA_112_A,LYS_113_A,TYR_115_A,GLN_117_A,ALA_120_A"
GLN_117_A,"LYS_113_A,GLU_116_A,TRP_118_A"
TRP_118_A,"GLN_114_A,TYR_115_A,GLN_117_A,ILE_119_A,ASN_122_A,MET_141_A"
ILE_119_A,"ILE_74_A,TYR_115_A,TRP_118_A,ALA_120_A,ASN_122_A"
ALA_120_A,"GLU_116_A,ILE_119_A,GLU_121_A"
GLU_121_A,"ALA_120_A,ASN_122_A"
ASN_122_A,"TRP_118_A,ILE_119_A,GLU_121_A"
PRO_123_A,PHE_124_A
PHE_124_A,"PRO_123_A,ASP_125_A,GLN_138_A"
ASP_125_A,"PHE_124_A,ASN_126_A,GLY_127_A,GLN_138_A,LYS_139_A"
ASN_126_A,"ASP_125_A,GLY_127_A"
GLY_127_A,"ASP_125_A,ASN_126_A,GLY_128_A,GLY_129_A"
GLY_128_A,"GLY_127_A,GLY_129_A"
GLY_129_A,"GLY_127_A,GLY_128_A,GLY_130_A"
GLY_130_A,GLY_129_A
ALA_132_A,ALA_133_A
ALA_133_A,"ALA_132_A,GLU_134_A"
GLU_134_A,ALA_133_A
PRO_135_A,TRP_136_A
TRP_136_A,"PRO_135_A,CYS_137_A,THR_165_A"
CYS_137_A,"TRP_136_A,GLN_138_A"
GLN_138_A,"PHE_124_A,ASP_125_A,CYS_137_A,LYS_139_A"
LYS_139_A,"ARG_71_A,ASP_125_A,GLN_138_A,GLU_140_A"
GLU_140_A,"ARG_71_A,LYS_139_A,MET_141_A,GLU_185_A"
MET_141_A,"TRP_118_A,GLU_140_A,ASN_188_A"
PRO_142_A,LEU_143_A
LEU_143_A,"PHE_69_A,PRO_142_A,THR_144_A,ASN_188_A,VAL_192_A"
THR_144_A,"LEU_143_A,ASP_145_A,ILE_147_A,VAL_148_A"
ASP_145_A,"THR_144_A,GLU_146_A,ALA_149_A,ARG_194_A,HIS_195_A"
GLU_146_A,"ASP_145_A,ILE_147_A"
ILE_147_A,"THR_144_A,GLU_146_A,VAL_148_A,ALA_151_A"
VAL_148_A,"THR_144_A,ILE_147_A,ALA_149_A,LYS_152_A,THR_191_A,HIS_195_A"
ALA_149_A,"ASP_145_A,VAL_148_A,GLN_150_A"
GLN_150_A,"ALA_149_A,ALA_151_A"
ALA_151_A,"ILE_147_A,GLN_150_A,LYS_152_A,ALA_154_A,SER_155_A"
LYS_152_A,"VAL_148_A,ALA_151_A,GLN_153_A,SER_155_A,PHE_196_A,ASP_197_A"
GLN_153_A,"LYS_152_A,ALA_154_A"
ALA_154_A,"ALA_151_A,GLN_153_A,SER_155_A"
SER_155_A,"SER_67_A,ALA_151_A,LYS_152_A,ALA_154_A,SER_156_A"
SER_156_A,"SER_155_A,LYS_157_A"
LYS_157_A,"MET_57_A,ILE_60_A,GLU_64_A,SER_67_A,SER_156_A,ALA_158_A,GLN_198_A"
ALA_158_A,"LYS_157_A,ILE_159_A,VAL_192_A,PHE_196_A,GLN_198_A,ALA_200_A"
ILE_159_A,"SER_67_A,PHE_69_A,ALA_158_A,VAL_160_A"
VAL_160_A,"ILE_159_A,ILE_161_A,LEU_189_A,ALA_200_A,LEU_202_A"
ILE_161_A,"PHE_69_A,VAL_160_A,ILE_162_A,LEU_202_A"
ILE_162_A,"ILE_161_A,GLY_163_A,VAL_201_A,LEU_202_A,ASN_204_A"
GLY_163_A,"ILE_162_A,ARG_164_A"
ARG_164_A,"GLY_163_A,THR_165_A,SER_178_A,ARG_180_A,GLU_185_A,ASN_204_A,VAL_205_A,GLN_231_A"
THR_165_A,"TYR_77_A,TRP_136_A,ARG_164_A,ALA_166_A"
ALA_166_A,"THR_81_A,THR_165_A,GLY_167_A"
GLY_167_A,"ALA_166_A,GLU_168_A"
GLU_168_A,"SER_83_A,GLY_167_A,ASP_169_A,ARG_635_A,GLU_638_A,GLU_676_A,ARG_679_A"
ASP_169_A,"GLU_168_A,LYS_170_A,GLU_676_A,ARG_679_A"
LYS_170_A,"ASP_169_A,ASP_171_A"
ASP_171_A,"LYS_170_A,ASN_172_A,GLY_634_A,GLU_676_A,LYS_677_A"
ASN_172_A,"ASP_171_A,ALA_173_A,SER_178_A,LEU_632_A"
ALA_173_A,"ASN_172_A,ASP_174_A,THR_175_A"
ASP_174_A,"ALA_173_A,THR_175_A,ARG_180_A,GLU_263_A"
THR_175_A,"ALA_173_A,ASP_174_A,GLU_176_A"
GLU_176_A,"THR_175_A,GLY_177_A,ARG_180_A,GLU_183_A"
GLY_177_A,"GLU_176_A,SER_178_A"
SER_178_A,"ARG_164_A,ASN_172_A,GLY_177_A,TYR_179_A"
TYR_179_A,"SER_178_A,ARG_180_A,ASP_210_A,ILE_262_A,LEU_632_A"
ARG_180_A,"ARG_164_A,ASP_174_A,GLU_176_A,TYR_179_A,LEU_181_A,ARG_186_A,ASP_210_A,HIS_261_A,GLU_263_A"
LEU_181_A,"ARG_180_A,THR_182_A,TRP_213_A"
THR_182_A,"LEU_181_A,GLU_183_A,GLU_185_A,ARG_186_A"
GLU_183_A,"GLU_176_A,THR_182_A,GLN_184_A,ARG_186_A,LEU_187_A"
GLN_184_A,"GLU_183_A,GLU_185_A,ASN_188_A"
GLU_185_A,"GLU_140_A,ARG_164_A,THR_182_A,GLN_184_A,ARG_186_A,LEU_189_A"
ARG_186_A,"ARG_180_A,THR_182_A,GLU_183_A,GLU_185_A,LEU_187_A,GLU_190_A,ASP_210_A,ASP_216_A,HIS_219_A"
LEU_187_A,"GLU_183_A,ARG_186_A,ASN_188_A,THR_191_A"
ASN_188_A,"MET_141_A,LEU_143_A,GLN_184_A,LEU_187_A,LEU_189_A,VAL_192_A"
LEU_189_A,"VAL_160_A,GLU_185_A,ASN_188_A,GLU_190_A,THR_193_A,TRP_213_A"
GLU_190_A,"ARG_186_A,LEU_189_A,THR_191_A,ARG_194_A,ASP_216_A,HIS_219_A"
THR_191_A,"VAL_148_A,LEU_187_A,GLU_190_A,VAL_192_A"
VAL_192_A,"LEU_143_A,ALA_158_A,ASN_188_A,THR_191_A,THR_193_A,HIS_195_A,PHE_196_A"
THR_193_A,"LEU_189_A,VAL_192_A,ARG_194_A,HIS_219_A,ARG_222_A"
ARG_194_A,"ASP_145_A,GLU_190_A,THR_193_A,HIS_195_A"
HIS_195_A,"ASP_145_A,VAL_148_A,VAL_192_A,ARG_194_A,PHE_196_A"
PHE_196_A,"LYS_152_A,ALA_158_A,VAL_192_A,HIS_195_A,ASP_197_A"
ASP_197_A,"LYS_152_A,PHE_196_A,GLN_198_A,ARG_224_A"
GLN_198_A,"LYS_157_A,ALA_158_A,ASP_197_A,VAL_199_A"
VAL_199_A,"GLN_198_A,ALA_200_A,ARG_224_A"
ALA_200_A,"ALA_158_A,VAL_160_A,VAL_199_A,VAL_201_A,ALA_225_A"
VAL_201_A,"ILE_162_A,ALA_200_A,LEU_202_A,TRP_213_A,ALA_225_A"
LEU_202_A,"VAL_160_A,ILE_161_A,ILE_162_A,VAL_201_A,MET_203_A,MET_227_A,VAL_240_A,LEU_244_A"
MET_203_A,"LEU_202_A,ASN_204_A,ILE_209_A,MET_227_A"
ASN_204_A,"TYR_77_A,ILE_162_A,ARG_164_A,MET_203_A,VAL_205_A,TRP_230_A"
VAL_205_A,"ARG_164_A,ASN_204_A,ALA_206_A,PHE_228_A"
ALA_206_A,"VAL_205_A,ASN_207_A,PHE_637_A"
ASN_207_A,"ALA_206_A,VAL_208_A,ASN_633_A"
VAL_208_A,"ASN_207_A,ILE_209_A,ILE_258_A"
ILE_209_A,"MET_203_A,VAL_208_A,ASP_210_A"
ASP_210_A,"TYR_179_A,ARG_180_A,ARG_186_A,ILE_209_A,MET_211_A,SER_212_A,TRP_213_A"
MET_211_A,"ASP_210_A,SER_212_A,TRP_213_A,ILE_214_A,VAL_226_A,LEU_299_A"
SER_212_A,"ASP_210_A,MET_211_A,TRP_213_A"
TRP_213_A,"LEU_181_A,LEU_189_A,VAL_201_A,ASP_210_A,MET_211_A,SER_212_A,ILE_214_A"
ILE_214_A,"MET_211_A,TRP_213_A,ASN_215_A,ILE_223_A,VAL_226_A"
ASN_215_A,"ILE_214_A,ASP_216_A"
ASP_216_A,"ARG_186_A,GLU_190_A,ASN_215_A,VAL_218_A,HIS_219_A"
PRO_217_A,"VAL_218_A,GLN_220_A"
VAL_218_A,"ASP_216_A,PRO_217_A,HIS_219_A"
HIS_219_A,"ARG_186_A,GLU_190_A,THR_193_A,ASP_216_A,VAL_218_A,GLN_220_A,ARG_222_A"
GLN_220_A,"PRO_217_A,HIS_219_A,GLY_221_A"
GLY_221_A,"GLN_220_A,ARG_222_A,ARG_224_A"
ARG_222_A,"THR_193_A,HIS_219_A,GLY_221_A,ILE_223_A,ARG_224_A"
ILE_223_A,"ILE_214_A,ARG_222_A,ARG_224_A"
ARG_224_A,"GLU_54_A,ASP_197_A,VAL_199_A,GLY_221_A,ARG_222_A,ILE_223_A,ALA_225_A"
ALA_225_A,"MET_57_A,LEU_58_A,ALA_200_A,VAL_201_A,ARG_224_A,VAL_226_A"
VAL_226_A,"LEU_51_A,LYS_52_A,MET_211_A,ILE_214_A,ALA_225_A,MET_227_A"
MET_227_A,"LEU_202_A,MET_203_A,VAL_226_A,PHE_228_A,LEU_244_A"
PHE_228_A,"VAL_49_A,LEU_51_A,VAL_205_A,MET_227_A,VAL_229_A,TRP_230_A"
VAL_229_A,"PHE_228_A,TRP_230_A,VAL_240_A"
TRP_230_A,"ASN_204_A,PHE_228_A,VAL_229_A,GLN_231_A,THR_590_A,LEU_591_A"
GLN_231_A,"ARG_164_A,TRP_230_A,GLY_232_A"
GLY_232_A,"TYR_76_A,GLN_231_A,GLY_233_A"
GLY_233_A,"GLY_232_A,MET_234_A"
MET_234_A,"VAL_89_A,PRO_90_A,TYR_91_A,GLY_233_A,ILE_235_A"
ILE_235_A,"MET_234_A,GLY_236_A,GLY_237_A,HIS_238_A"
GLY_236_A,"ILE_235_A,GLY_237_A"
GLY_237_A,"VAL_93_A,ILE_235_A,GLY_236_A,HIS_238_A"
HIS_238_A,"ARG_41_A,ILE_235_A,GLY_237_A,ALA_239_A,ASP_242_A"
ALA_239_A,"ALA_44_A,ALA_45_A,HIS_238_A,VAL_240_A"
VAL_240_A,"LEU_202_A,VAL_229_A,ALA_239_A,ALA_241_A,LEU_244_A"
ALA_241_A,"LEU_99_A,VAL_240_A,ASP_242_A,SER_245_A"
ASP_242_A,"ARG_41_A,HIS_238_A,ALA_241_A,LEU_243_A,ASP_247_A,VAL_248_A"
LEU_243_A,"ASP_242_A,LEU_244_A,TYR_308_A"
LEU_244_A,"ILE_60_A,LEU_99_A,LEU_202_A,MET_227_A,VAL_240_A,LEU_243_A,SER_245_A"
SER_245_A,"ALA_241_A,LEU_244_A,GLY_246_A"
GLY_246_A,"SER_245_A,ASP_247_A"
ASP_247_A,"ARG_41_A,ARG_104_A,ASP_242_A,GLY_246_A,VAL_248_A"
VAL_248_A,"ASP_242_A,ASP_247_A,THR_249_A"
THR_249_A,"VAL_248_A,TYR_308_A,SER_343_A"
PRO_250_A,SER_251_A
SER_251_A,"PRO_250_A,GLY_252_A"
GLY_252_A,"SER_251_A,LYS_253_A"
LYS_253_A,"GLY_252_A,LEU_254_A,GLU_346_A,SER_594_A"
LEU_254_A,"VAL_49_A,LEU_51_A,LYS_253_A,PHE_300_A,GLY_303_A,TYR_304_A"
PRO_255_A,"ASP_256_A,SER_641_A,LEU_646_A"
ASP_256_A,"PRO_255_A,THR_257_A,HIS_628_A,GLU_642_A"
THR_257_A,"ASP_256_A,ILE_258_A,PHE_290_A,VAL_298_A,GLU_642_A"
ILE_258_A,"VAL_208_A,THR_257_A,ALA_259_A,LEU_299_A,PHE_300_A"
ALA_259_A,"ILE_258_A,HIS_260_A,ASP_264_A,PHE_290_A"
HIS_260_A,"ALA_259_A,HIS_261_A,ASP_264_A,LYS_297_A"
HIS_261_A,"ARG_180_A,HIS_260_A,ILE_262_A,GLU_263_A,ASP_264_A"
ILE_262_A,"TYR_179_A,HIS_261_A,GLU_263_A,THR_268_A"
GLU_263_A,"ASP_174_A,ARG_180_A,HIS_261_A,ILE_262_A,ASP_264_A"
ASP_264_A,"ALA_259_A,HIS_260_A,HIS_261_A,GLU_263_A,TYR_265_A,LYS_297_A"
TYR_265_A,"ASP_264_A,SER_267_A,PRO_631_A"
PRO_266_A,"SER_267_A,TYR_289_A"
SER_267_A,"TYR_265_A,PRO_266_A,THR_268_A,ARG_629_A"
THR_268_A,"ILE_262_A,SER_267_A,ALA_269_A,HIS_630_A"
ALA_269_A,"THR_268_A,ASN_270_A"
ASN_270_A,"ALA_269_A,PHE_271_A,ARG_629_A"
PHE_271_A,"ASN_270_A,GLY_272_A,LEU_632_A,GLN_675_A"
GLY_272_A,"PHE_271_A,SER_273_A,GLN_675_A"
SER_273_A,"GLY_272_A,GLU_274_A,GLU_275_A,ARG_276_A,GLN_675_A"
GLU_274_A,"SER_273_A,GLU_275_A,LYS_677_A,LYS_681_A"
GLU_275_A,"SER_273_A,GLU_274_A,ARG_276_A,ASP_683_A"
ARG_276_A,"SER_273_A,GLU_275_A,ASN_277_A"
ASN_277_A,"ARG_276_A,LEU_278_A,GLN_675_A,ASP_683_A"
LEU_278_A,"ASN_277_A,TYR_279_A,GLU_280_A,VAL_685_A"
TYR_279_A,"LEU_278_A,GLU_280_A,ASP_282_A,ASN_674_A,VAL_685_A,VAL_686_A,TYR_695_A"
GLU_280_A,"LEU_278_A,TYR_279_A,GLU_281_A,LEU_460_A,ARG_475_A"
GLU_281_A,"GLU_280_A,ASP_282_A,ARG_629_A"
ASP_282_A,"TYR_279_A,GLU_281_A,ILE_283_A,ASP_397_A,ARG_459_A,SER_687_A,ARG_689_A"
ILE_283_A,"ASP_282_A,TYR_284_A,VAL_285_A"
TYR_284_A,"ILE_283_A,VAL_285_A,PRO_362_A"
VAL_285_A,"ILE_283_A,TYR_284_A,GLY_286_A"
GLY_286_A,"VAL_285_A,TYR_287_A,ARG_288_A,TYR_289_A"
TYR_287_A,"GLY_286_A,ARG_288_A,GLU_291_A,PHE_302_A,LEU_366_A,ILE_422_A,GLU_642_A,ASP_643_A"
ARG_288_A,"GLY_286_A,TYR_287_A,TYR_289_A,THR_292_A,ASP_643_A"
TYR_289_A,"PRO_266_A,GLY_286_A,ARG_288_A,PHE_290_A,PHE_293_A"
PHE_290_A,"THR_257_A,ALA_259_A,TYR_289_A,GLU_291_A,VAL_298_A"
GLU_291_A,"TYR_287_A,PHE_290_A,THR_292_A,ARG_423_A"
THR_292_A,"ARG_288_A,GLU_291_A,PHE_293_A,ALA_363_A"
PHE_293_A,"TYR_289_A,THR_292_A,CYS_294_A,ILE_473_A"
CYS_294_A,"PHE_293_A,LYS_297_A"
PRO_295_A,"ASP_296_A,ARG_423_A,THR_470_A"
ASP_296_A,"PRO_295_A,LYS_297_A"
LYS_297_A,"HIS_260_A,ASP_264_A,CYS_294_A,ASP_296_A,VAL_298_A"
VAL_298_A,"THR_257_A,PHE_290_A,LYS_297_A,LEU_299_A"
LEU_299_A,"MET_211_A,ILE_258_A,VAL_298_A,PHE_300_A"
PHE_300_A,"LEU_51_A,LEU_254_A,ILE_258_A,LEU_299_A,TYR_304_A"
PRO_301_A,"PHE_302_A,ARG_423_A"
PHE_302_A,"TYR_287_A,PRO_301_A,GLY_303_A,TRP_596_A,ASP_643_A"
GLY_303_A,"LEU_254_A,PHE_302_A,TYR_304_A,GLN_349_A"
TYR_304_A,"LEU_51_A,LEU_254_A,PHE_300_A,GLY_303_A,GLY_305_A"
GLY_305_A,"TYR_304_A,LEU_306_A"
LEU_306_A,"LEU_50_A,GLY_305_A,SER_307_A"
SER_307_A,"LEU_306_A,TYR_308_A"
TYR_308_A,"PRO_59_A,LEU_243_A,THR_249_A,SER_307_A,THR_309_A,PHE_342_A"
THR_309_A,"TYR_308_A,SER_310_A,PHE_311_A,ASN_337_A"
SER_310_A,"THR_309_A,PHE_311_A,THR_338_A"
PHE_311_A,"THR_309_A,SER_310_A,ALA_312_A,ASN_337_A,GLU_346_A"
ALA_312_A,"PHE_311_A,TRP_313_A,THR_336_A"
TRP_313_A,"ALA_312_A,LYS_314_A,VAL_333_A"
LYS_314_A,"TRP_313_A,VAL_315_A,GLU_334_A"
VAL_315_A,"LYS_314_A,GLN_316_A,VAL_318_A,VAL_418_A"
GLN_316_A,"VAL_315_A,GLY_317_A,GLN_332_A"
GLY_317_A,"GLN_316_A,VAL_318_A,GLN_332_A"
VAL_318_A,"VAL_315_A,GLY_317_A,LYS_319_A,VAL_428_A,VAL_430_A"
LYS_319_A,"VAL_318_A,LEU_320_A,GLU_330_A"
LEU_320_A,"LYS_319_A,GLU_321_A,TYR_436_A"
GLU_321_A,"LEU_320_A,GLY_322_A,GLN_328_A,GLU_330_A"
GLY_322_A,"GLU_321_A,ALA_323_A"
ALA_323_A,"GLY_322_A,GLY_324_A,ASP_326_A"
GLY_324_A,"ALA_323_A,THR_325_A,ASP_326_A"
THR_325_A,"GLY_324_A,ASP_326_A"
ASP_326_A,"ALA_323_A,GLY_324_A,THR_325_A,ALA_327_A,ARG_390_A"
ALA_327_A,"ASP_326_A,GLN_328_A,VAL_389_A"
GLN_328_A,"GLU_321_A,ALA_327_A,LEU_329_A"
LEU_329_A,"GLN_328_A,GLU_330_A,LEU_387_A,PHE_416_A"
GLU_330_A,"LYS_319_A,GLU_321_A,LEU_329_A,VAL_331_A,THR_384_A"
VAL_331_A,"GLU_330_A,GLN_332_A,VAL_333_A,LEU_385_A"
GLN_332_A,"GLN_316_A,GLY_317_A,VAL_331_A,VAL_333_A"
VAL_333_A,"TRP_313_A,VAL_331_A,GLN_332_A,GLU_334_A,LEU_383_A"
GLU_334_A,"LYS_314_A,VAL_333_A,VAL_335_A"
VAL_335_A,"GLU_334_A,THR_336_A,ILE_348_A,THR_372_A,ASP_381_A"
THR_336_A,"ALA_312_A,VAL_335_A,ASN_337_A,SER_380_A"
ASN_337_A,"THR_309_A,PHE_311_A,THR_336_A,THR_338_A,LEU_375_A,GLY_378_A,GLU_379_A"
THR_338_A,"SER_310_A,ASN_337_A,GLY_339_A"
GLY_339_A,"THR_338_A,SER_340_A"
SER_340_A,"GLY_339_A,GLU_341_A"
GLU_341_A,"ARG_61_A,SER_340_A,PHE_342_A"
PHE_342_A,"PRO_59_A,TYR_308_A,GLU_341_A,SER_343_A"
SER_343_A,"THR_249_A,PHE_342_A,GLY_344_A"
GLY_344_A,"SER_343_A,LYS_345_A,LEU_375_A"
LYS_345_A,"GLU_46_A,GLY_344_A,GLU_346_A,LYS_371_A,ASP_597_A"
GLU_346_A,"LYS_253_A,PHE_311_A,LYS_345_A,VAL_347_A,THR_372_A"
VAL_347_A,"GLU_346_A,ILE_348_A,LYS_371_A,TRP_596_A"
ILE_348_A,"VAL_335_A,VAL_347_A,GLN_349_A,ALA_370_A,LEU_383_A,LEU_385_A,VAL_418_A"
GLN_349_A,"GLY_303_A,ILE_348_A,LEU_350_A,TYR_351_A,GLY_419_A,TRP_596_A"
LEU_350_A,"GLN_349_A,TYR_351_A,GLY_367_A,ALA_368_A"
TYR_351_A,"GLN_349_A,LEU_350_A,TYR_352_A,HIS_417_A,ILE_422_A"
TYR_352_A,"TYR_351_A,GLU_353_A,ALA_365_A,MET_392_A"
GLU_353_A,"TYR_352_A,ALA_354_A,ARG_364_A,GLU_415_A,HIS_417_A,ARG_465_A"
ALA_354_A,"GLU_353_A,TYR_414_A"
PRO_355_A,"GLN_356_A,LYS_361_A,TYR_414_A"
GLN_356_A,"PRO_355_A,GLY_357_A,GLY_360_A,LYS_361_A,TYR_471_A"
GLY_357_A,"GLN_356_A,VAL_358_A"
VAL_358_A,"GLY_357_A,LEU_359_A,THR_401_A,GLU_410_A,LYS_461_A"
LEU_359_A,"VAL_358_A,GLY_360_A,TYR_400_A,THR_401_A,VAL_408_A"
GLY_360_A,"GLN_356_A,LEU_359_A,LYS_361_A,ARG_689_A"
LYS_361_A,"PRO_355_A,GLN_356_A,GLY_360_A,GLU_410_A,ARG_689_A"
PRO_362_A,"TYR_284_A,ALA_363_A"
ALA_363_A,"THR_292_A,PRO_362_A,ARG_364_A"
ARG_364_A,"GLU_353_A,ALA_363_A,ALA_365_A,HIS_417_A,ARG_465_A"
ALA_365_A,"TYR_352_A,ARG_364_A,LEU_366_A"
LEU_366_A,"TYR_287_A,ALA_365_A,GLY_367_A,TRP_596_A"
GLY_367_A,"LEU_350_A,LEU_366_A,ALA_368_A,ARG_391_A"
ALA_368_A,"LEU_350_A,GLY_367_A,PHE_369_A"
PHE_369_A,"ALA_368_A,ALA_370_A,TRP_596_A,TYR_645_A,LEU_646_A"
ALA_370_A,"ILE_348_A,PHE_369_A,LYS_371_A"
LYS_371_A,"GLU_46_A,LYS_345_A,VAL_347_A,ALA_370_A,THR_372_A,SER_595_A,ASP_597_A"
THR_372_A,"VAL_335_A,GLU_346_A,LYS_371_A,LYS_373_A"
LYS_373_A,"THR_372_A,LEU_374_A,GLU_379_A,ASP_381_A"
LEU_374_A,"LYS_373_A,LEU_375_A"
LEU_375_A,"ASN_337_A,GLY_344_A,LEU_374_A,GLN_376_A,ASP_381_A"
GLN_376_A,"LEU_375_A,GLU_379_A"
PRO_377_A,GLY_378_A
GLY_378_A,"ASN_337_A,PRO_377_A,GLU_379_A"
GLU_379_A,"ASN_337_A,LYS_373_A,GLN_376_A,GLY_378_A,SER_380_A"
SER_380_A,"THR_336_A,GLU_379_A,ASP_381_A"
ASP_381_A,"VAL_335_A,LYS_373_A,LEU_375_A,SER_380_A,VAL_382_A"
VAL_382_A,"ASP_381_A,LEU_383_A"
LEU_383_A,"VAL_333_A,ILE_348_A,VAL_382_A,THR_384_A,LEU_385_A"
THR_384_A,"GLU_330_A,LEU_383_A,LEU_385_A"
LEU_385_A,"VAL_331_A,ILE_348_A,LEU_383_A,THR_384_A,GLN_386_A"
GLN_386_A,"LEU_385_A,LEU_387_A"
LEU_387_A,"LEU_329_A,GLN_386_A,PHE_416_A"
PRO_388_A,"VAL_389_A,ARG_390_A,ARG_391_A"
VAL_389_A,"ALA_327_A,PRO_388_A,ARG_390_A,TYR_436_A"
ARG_390_A,"ASP_326_A,PRO_388_A,VAL_389_A,ARG_391_A,VAL_444_A"
ARG_391_A,"GLY_367_A,PRO_388_A,ARG_390_A,MET_392_A,GLU_705_A"
MET_392_A,"TYR_352_A,ARG_391_A,ALA_393_A"
ALA_393_A,"MET_392_A,SER_394_A"
SER_394_A,"ALA_393_A,TYR_395_A,VAL_408_A"
TYR_395_A,"SER_394_A,ASP_396_A,TYR_407_A,GLU_688_A,GLU_693_A"
ASP_396_A,"TYR_395_A,ASP_397_A,GLY_399_A,TYR_400_A,THR_401_A,SER_405_A"
ASP_397_A,"ASP_282_A,ASP_396_A,GLY_398_A,ARG_459_A,GLU_688_A,ARG_689_A"
GLY_398_A,"ASP_397_A,GLY_399_A"
GLY_399_A,"ASP_396_A,GLY_398_A,TYR_400_A,GLY_402_A"
TYR_400_A,"LEU_359_A,ASP_396_A,GLY_399_A,THR_401_A,ARG_459_A"
THR_401_A,"VAL_358_A,LEU_359_A,ASP_396_A,TYR_400_A,GLY_402_A"
GLY_402_A,"GLY_399_A,THR_401_A,HIS_403_A"
HIS_403_A,"GLY_402_A,LYS_404_A"
LYS_404_A,"HIS_403_A,SER_405_A,GLU_449_A,GLU_688_A"
SER_405_A,"ASP_396_A,LYS_404_A,CYS_406_A,LEU_447_A"
CYS_406_A,"SER_405_A,TYR_407_A"
TYR_407_A,"TYR_395_A,CYS_406_A,VAL_408_A,VAL_444_A,GLU_445_A,LEU_447_A"
VAL_408_A,"LEU_359_A,SER_394_A,TYR_407_A,LEU_409_A,LEU_441_A"
LEU_409_A,"VAL_408_A,GLU_410_A,LEU_438_A,MET_442_A"
GLU_410_A,"VAL_358_A,LYS_361_A,LEU_409_A,ALA_411_A,TYR_414_A"
ALA_411_A,"GLU_410_A,GLY_412_A"
GLY_412_A,"ALA_411_A,ASP_413_A,LEU_438_A"
ASP_413_A,"GLY_412_A,TYR_414_A,GLU_415_A,ARG_427_A,ALA_434_A"
TYR_414_A,"ALA_354_A,PRO_355_A,GLU_410_A,ASP_413_A,GLU_415_A,TYR_436_A"
GLU_415_A,"GLU_353_A,ASP_413_A,TYR_414_A,PHE_416_A,HIS_417_A,ARG_427_A"
PHE_416_A,"LEU_329_A,LEU_387_A,GLU_415_A,HIS_417_A,VAL_428_A,ALA_435_A,TYR_436_A"
HIS_417_A,"TYR_351_A,GLU_353_A,ARG_364_A,GLU_415_A,PHE_416_A,VAL_418_A"
VAL_418_A,"VAL_315_A,ILE_348_A,HIS_417_A,GLY_419_A,GLU_426_A,VAL_428_A"
GLY_419_A,"GLN_349_A,VAL_418_A,ASN_420_A"
ASN_420_A,"GLY_419_A,SER_421_A,ASN_424_A"
SER_421_A,"ASN_420_A,ILE_422_A,ARG_423_A,ASN_424_A"
ILE_422_A,"TYR_287_A,TYR_351_A,SER_421_A,ARG_423_A"
ARG_423_A,"GLU_291_A,PRO_295_A,PRO_301_A,SER_421_A,ILE_422_A,ASN_424_A"
ASN_424_A,"ASN_420_A,SER_421_A,ARG_423_A,THR_425_A"
THR_425_A,"ASN_424_A,GLU_426_A"
GLU_426_A,"VAL_418_A,THR_425_A,ARG_427_A"
ARG_427_A,"ASP_413_A,GLU_415_A,GLU_426_A,VAL_428_A,THR_429_A,GLY_432_A"
VAL_428_A,"VAL_318_A,PHE_416_A,VAL_418_A,ARG_427_A,THR_429_A"
THR_429_A,"ARG_427_A,VAL_428_A,VAL_430_A"
VAL_430_A,"VAL_318_A,THR_429_A,ASP_431_A,LYS_433_A"
ASP_431_A,"VAL_430_A,GLY_432_A"
GLY_432_A,"ARG_427_A,ASP_431_A,LYS_433_A"
LYS_433_A,"VAL_430_A,GLY_432_A,ALA_434_A"
ALA_434_A,"ASP_413_A,LYS_433_A,ALA_435_A"
ALA_435_A,"PHE_416_A,ALA_434_A,TYR_436_A"
TYR_436_A,"LEU_320_A,VAL_389_A,TYR_414_A,PHE_416_A,ALA_435_A,GLN_437_A,LEU_438_A"
GLN_437_A,"TYR_436_A,LEU_438_A"
LEU_438_A,"LEU_409_A,GLY_412_A,TYR_436_A,GLN_437_A,ALA_439_A,MET_442_A"
ALA_439_A,"LEU_438_A,GLU_440_A"
GLU_440_A,"ALA_439_A,LEU_441_A"
LEU_441_A,"VAL_408_A,GLU_440_A,MET_442_A"
MET_442_A,"LEU_409_A,LEU_438_A,LEU_441_A,VAL_443_A"
VAL_443_A,"MET_442_A,VAL_444_A"
VAL_444_A,"ARG_390_A,TYR_407_A,VAL_443_A,GLU_445_A"
GLU_445_A,"TYR_407_A,VAL_444_A,GLN_446_A,GLU_700_A,LYS_704_A"
GLN_446_A,"GLU_445_A,LEU_447_A"
LEU_447_A,"SER_405_A,TYR_407_A,GLN_446_A,GLU_448_A"
GLU_448_A,"LEU_447_A,GLU_449_A,ARG_488_A,ARG_492_A,ARG_692_A,GLU_737_A"
GLU_449_A,"LYS_404_A,GLU_448_A,ALA_450_A,ALA_452_A,ARG_481_A,THR_482_A,ARG_488_A,GLU_688_A"
ALA_450_A,"GLU_449_A,ALA_451_A"
ALA_451_A,"ALA_450_A,ALA_452_A,LEU_691_A,ASN_719_A"
ALA_452_A,"GLU_449_A,ALA_451_A"
PRO_453_A,"THR_454_A,ARG_481_A"
THR_454_A,"PRO_453_A,GLN_455_A,ARG_481_A"
GLN_455_A,"THR_454_A,ARG_456_A"
ARG_456_A,"GLN_455_A,PHE_457_A,GLU_477_A"
PHE_457_A,"ARG_456_A,SER_458_A,VAL_478_A"
SER_458_A,"PHE_457_A,ARG_459_A"
ARG_459_A,"ASP_282_A,ASP_397_A,TYR_400_A,SER_458_A,LEU_460_A,GLU_476_A,VAL_478_A,ARG_689_A"
LEU_460_A,"GLU_280_A,ARG_459_A,LYS_461_A"
LYS_461_A,"VAL_358_A,LEU_460_A,VAL_474_A,GLU_476_A"
PRO_462_A,"GLY_463_A,TYR_471_A"
GLY_463_A,"PRO_462_A,ARG_464_A,GLU_472_A"
ARG_464_A,"GLY_463_A,ARG_465_A"
ARG_465_A,"GLU_353_A,ARG_364_A,ARG_464_A,LYS_466_A,GLY_469_A,TYR_471_A"
LYS_466_A,"ARG_465_A,ASP_468_A,THR_470_A,GLU_472_A"
PRO_467_A,ASP_468_A
ASP_468_A,"LYS_466_A,PRO_467_A,GLY_469_A,THR_470_A"
GLY_469_A,"ARG_465_A,ASP_468_A,THR_470_A"
THR_470_A,"PRO_295_A,LYS_466_A,ASP_468_A,GLY_469_A,TYR_471_A"
TYR_471_A,"GLN_356_A,PRO_462_A,ARG_465_A,THR_470_A,GLU_472_A"
GLU_472_A,"GLY_463_A,LYS_466_A,TYR_471_A,ILE_473_A"
ILE_473_A,"PHE_293_A,GLU_472_A,VAL_474_A"
VAL_474_A,"LYS_461_A,ILE_473_A,ARG_475_A"
ARG_475_A,"GLU_280_A,VAL_474_A,GLU_476_A"
GLU_476_A,"ARG_459_A,LYS_461_A,ARG_475_A,GLU_477_A,ARG_689_A"
GLU_477_A,"ARG_456_A,GLU_476_A,VAL_478_A"
VAL_478_A,"PHE_457_A,ARG_459_A,GLU_477_A,GLN_480_A"
PRO_479_A,GLN_480_A
GLN_480_A,"VAL_478_A,PRO_479_A,ARG_481_A"
ARG_481_A,"GLU_449_A,PRO_453_A,THR_454_A,GLN_480_A,THR_482_A,HIS_721_A"
THR_482_A,"GLU_449_A,ARG_481_A,ILE_483_A"
ILE_483_A,"THR_482_A,SER_484_A"
SER_484_A,"ILE_483_A,LEU_485_A"
LEU_485_A,"SER_484_A,LYS_486_A,ARG_488_A,ILE_489_A"
LYS_486_A,"LEU_485_A,GLU_487_A,GLU_490_A,VAL_756_A"
GLU_487_A,"LYS_486_A,ARG_488_A,ARG_491_A"
ARG_488_A,"GLU_448_A,GLU_449_A,LEU_485_A,GLU_487_A,ILE_489_A,ARG_492_A,ASP_728_A"
ILE_489_A,"LEU_485_A,ARG_488_A,GLU_490_A,TYR_727_A"
GLU_490_A,"LYS_486_A,ILE_489_A,ARG_491_A"
ARG_491_A,"GLU_487_A,GLU_490_A,ARG_492_A"
ARG_492_A,"GLU_448_A,ARG_488_A,ARG_491_A,LEU_493_A,ASP_728_A"
LEU_493_A,ARG_492_A
PRO_494_A,GLU_495_A
GLU_495_A,"PRO_494_A,ALA_496_A"
ALA_496_A,"GLU_495_A,TYR_497_A"
TYR_497_A,"ALA_496_A,GLU_518_A,VAL_521_A,GLN_809_A,MET_813_A"
PRO_498_A,GLN_499_A
GLN_499_A,"PRO_498_A,THR_500_A,ASP_526_A"
THR_500_A,"GLN_499_A,GLY_501_A,ALA_522_A"
GLY_501_A,"THR_500_A,ASN_502_A"
ASN_502_A,"GLY_501_A,ARG_503_A,GLY_504_A,TYR_561_A"
ARG_503_A,"ASN_502_A,GLY_504_A,GLU_519_A,GLN_523_A"
GLY_504_A,"ASN_502_A,ARG_503_A,ILE_505_A"
ILE_505_A,"GLY_504_A,LYS_506_A,ALA_515_A,GLU_519_A"
LYS_506_A,"ILE_505_A,LEU_507_A,ASP_509_A"
LEU_507_A,"LYS_506_A,LYS_508_A,VAL_510_A"
LYS_508_A,"LEU_507_A,ASP_509_A,ALA_512_A,LEU_825_A"
ASP_509_A,"LYS_506_A,LYS_508_A,VAL_510_A"
VAL_510_A,"LEU_507_A,ASP_509_A,GLN_511_A,GLY_513_A,PHE_520_A"
GLN_511_A,"VAL_510_A,ALA_512_A,LEU_820_A"
ALA_512_A,"LYS_508_A,GLN_511_A,GLY_513_A"
GLY_513_A,"VAL_510_A,ALA_512_A,LYS_514_A"
LYS_514_A,"GLY_513_A,ALA_515_A"
ALA_515_A,"ILE_505_A,LYS_514_A,SER_516_A"
SER_516_A,"ALA_515_A,LEU_517_A"
LEU_517_A,"SER_516_A,GLU_518_A,VAL_521_A,CYS_816_A,ARG_817_A"
GLU_518_A,"TYR_497_A,LEU_517_A,GLU_519_A,ALA_522_A,MET_813_A"
GLU_519_A,"ARG_503_A,ILE_505_A,GLU_518_A,PHE_520_A"
PHE_520_A,"VAL_510_A,GLU_519_A,VAL_521_A,GLN_523_A,ILE_563_A"
VAL_521_A,"TYR_497_A,LEU_517_A,PHE_520_A,ALA_522_A,LEU_524_A"
ALA_522_A,"THR_500_A,GLU_518_A,VAL_521_A,GLN_523_A"
GLN_523_A,"ARG_503_A,PHE_520_A,ALA_522_A,LEU_524_A,TYR_561_A"
LEU_524_A,"VAL_521_A,GLN_523_A,SER_525_A,TYR_561_A"
SER_525_A,"LEU_524_A,ASP_526_A,GLU_527_A,LEU_529_A"
ASP_526_A,"GLN_499_A,SER_525_A,GLU_527_A,ALA_530_A"
GLU_527_A,"SER_525_A,ASP_526_A,ASP_528_A,THR_531_A"
ASP_528_A,"GLU_527_A,LEU_529_A,THR_531_A,ILE_532_A,GLU_560_A"
LEU_529_A,"SER_525_A,ASP_528_A,ALA_530_A,ALA_812_A"
ALA_530_A,"ASP_526_A,LEU_529_A,THR_531_A,THR_794_A"
THR_531_A,"GLU_527_A,ASP_528_A,ALA_530_A,ILE_532_A,LEU_558_A"
ILE_532_A,"ASP_528_A,THR_531_A,VAL_533_A,LEU_558_A"
VAL_533_A,"ILE_532_A,ARG_534_A,TYR_777_A"
ARG_534_A,"VAL_533_A,GLY_535_A,VAL_780_A,ALA_785_A,ASP_792_A"
GLY_535_A,"ARG_534_A,GLU_536_A,TYR_777_A,VAL_780_A"
GLU_536_A,"GLY_535_A,GLY_537_A,LYS_542_A,ALA_550_A,ASP_783_A,ALA_785_A"
GLY_537_A,"GLU_536_A,MET_538_A,VAL_780_A"
MET_538_A,"GLY_537_A,SER_539_A,ASN_782_A"
SER_539_A,"MET_538_A,SER_540_A,THR_547_A"
SER_540_A,SER_539_A
PRO_541_A,LYS_542_A
LYS_542_A,"GLU_536_A,PRO_541_A,VAL_543_A,VAL_554_A,ASP_783_A"
VAL_543_A,"LYS_542_A,THR_544_A,ALA_550_A,VAL_565_A,CYS_567_A"
THR_544_A,"VAL_543_A,ASN_615_A"
PRO_545_A,GLY_546_A
GLY_546_A,"PRO_545_A,THR_547_A,ASP_578_A"
THR_547_A,"SER_539_A,GLY_546_A,ALA_548_A"
ALA_548_A,"THR_547_A,SER_549_A,THR_568_A,TRP_748_A"
SER_549_A,"ALA_548_A,ALA_550_A,THR_568_A"
ALA_550_A,"GLU_536_A,VAL_543_A,SER_549_A,PHE_551_A,VAL_565_A"
PHE_551_A,"ALA_550_A,GLY_552_A,ALA_566_A,THR_568_A,LEU_776_A,PHE_818_A"
GLY_552_A,"PHE_551_A,GLY_553_A,VAL_554_A"
GLY_553_A,"GLY_552_A,VAL_554_A,PRO_564_A"
VAL_554_A,"LYS_542_A,GLY_552_A,GLY_553_A,GLY_555_A,ALA_785_A"
GLY_555_A,"VAL_554_A,GLU_556_A,LEU_558_A"
GLU_556_A,"GLY_555_A,ASN_557_A,GLU_786_A,LYS_925_A,ARG_928_A"
ASN_557_A,"GLU_556_A,LEU_558_A"
LEU_558_A,"THR_531_A,ILE_532_A,GLY_555_A,ASN_557_A,LEU_559_A,TYR_561_A"
LEU_559_A,"LEU_558_A,GLU_560_A"
GLU_560_A,"ASP_528_A,LEU_559_A,TYR_561_A"
TYR_561_A,"ASN_502_A,GLN_523_A,LEU_524_A,LEU_558_A,GLU_560_A,GLY_562_A"
GLY_562_A,"TYR_561_A,ILE_563_A"
ILE_563_A,"PHE_520_A,GLY_562_A,LEU_819_A"
PRO_564_A,"GLY_553_A,VAL_565_A,LEU_825_A"
VAL_565_A,"VAL_543_A,ALA_550_A,PRO_564_A,ALA_566_A"
ALA_566_A,"PHE_551_A,VAL_565_A,CYS_567_A,LEU_819_A"
CYS_567_A,"VAL_543_A,ALA_566_A,THR_568_A,ASP_618_A"
THR_568_A,"ALA_548_A,SER_549_A,PHE_551_A,CYS_567_A,ALA_569_A,THR_619_A"
ALA_569_A,"THR_568_A,ASP_570_A,ILE_617_A,LEU_621_A"
ASP_570_A,"ALA_569_A,GLY_571_A,ARG_576_A,ARG_635_A,GLU_638_A,LYS_668_A"
GLY_571_A,"ASP_570_A,GLY_574_A"
PRO_572_A,"SER_573_A,TYR_605_A"
SER_573_A,"GLY_84_A,PRO_572_A,GLY_574_A,LEU_586_A"
GLY_574_A,"GLY_571_A,SER_573_A,ILE_575_A"
ILE_575_A,"GLY_574_A,ARG_576_A,MET_577_A,ALA_583_A,GLU_611_A,LEU_612_A,ILE_617_A"
ARG_576_A,"ASP_570_A,ILE_575_A,MET_577_A,ASP_578_A"
MET_577_A,"ILE_575_A,ARG_576_A,ASP_578_A"
ASP_578_A,"GLY_546_A,ARG_576_A,MET_577_A,SER_579_A"
SER_579_A,"ASP_578_A,GLY_580_A"
GLY_580_A,"SER_579_A,LEU_581_A"
LEU_581_A,"GLY_580_A,LYS_582_A"
LYS_582_A,"LEU_581_A,ALA_583_A"
ALA_583_A,"ASN_88_A,ILE_575_A,LYS_582_A,THR_584_A"
THR_584_A,"PHE_36_A,ALA_583_A,GLN_585_A,GLU_611_A"
GLN_585_A,"VAL_87_A,VAL_89_A,THR_584_A,LEU_586_A"
LEU_586_A,"PHE_36_A,SER_573_A,GLN_585_A"
PRO_587_A,"ILE_588_A,LEU_591_A"
ILE_588_A,"PRO_587_A,GLY_589_A,LEU_591_A,PHE_637_A"
GLY_589_A,"ILE_588_A,THR_590_A,ALA_593_A"
THR_590_A,"TRP_230_A,GLY_589_A,LEU_591_A,SER_594_A,ASN_636_A,TYR_639_A"
LEU_591_A,"TRP_230_A,PRO_587_A,ILE_588_A,THR_590_A,LEU_592_A,SER_594_A"
LEU_592_A,"LEU_591_A,ALA_593_A,SER_595_A"
ALA_593_A,"GLY_589_A,LEU_592_A,SER_594_A,TRP_596_A"
SER_594_A,"LYS_253_A,THR_590_A,LEU_591_A,ALA_593_A,SER_595_A"
SER_595_A,"LYS_371_A,LEU_592_A,SER_594_A,TRP_596_A"
TRP_596_A,"PHE_302_A,VAL_347_A,GLN_349_A,LEU_366_A,PHE_369_A,ALA_593_A,SER_595_A,ASP_597_A"
ASP_597_A,"GLU_46_A,LYS_345_A,LYS_371_A,TRP_596_A,VAL_598_A,ASP_599_A,LEU_600_A"
VAL_598_A,"ASP_597_A,ASP_599_A,GLU_602_A"
ASP_599_A,"ASP_597_A,VAL_598_A,LEU_600_A,GLU_602_A,SER_603_A"
LEU_600_A,"ASP_597_A,ASP_599_A,VAL_601_A,LEU_604_A"
VAL_601_A,"LEU_600_A,GLU_602_A,PHE_650_A"
GLU_602_A,"VAL_598_A,ASP_599_A,VAL_601_A,SER_603_A,TYR_605_A,VAL_606_A,ARG_656_A"
SER_603_A,"ASP_599_A,GLU_602_A,LEU_604_A"
LEU_604_A,"PHE_36_A,TYR_39_A,LEU_600_A,SER_603_A,TYR_605_A"
TYR_605_A,"PRO_572_A,GLU_602_A,LEU_604_A,VAL_606_A,GLU_608_A,GLY_609_A,VAL_654_A"
VAL_606_A,"GLU_602_A,TYR_605_A,LEU_607_A"
LEU_607_A,"PHE_36_A,VAL_606_A,GLU_608_A,GLU_611_A"
GLU_608_A,"PHE_36_A,TYR_605_A,LEU_607_A,GLY_609_A,GLU_611_A,LEU_612_A"
GLY_609_A,"TYR_605_A,GLU_608_A,LYS_610_A"
LYS_610_A,"GLY_609_A,GLU_611_A,GLN_614_A"
GLU_611_A,"LEU_33_A,ILE_575_A,THR_584_A,LEU_607_A,GLU_608_A,LYS_610_A,LEU_612_A,ASN_615_A"
LEU_612_A,"ILE_575_A,GLU_608_A,GLU_611_A,LEU_613_A,ILE_617_A,LEU_620_A"
LEU_613_A,"LEU_612_A,GLN_614_A,GLU_616_A,PRO_823_A"
GLN_614_A,"LYS_610_A,LEU_613_A,ASN_615_A"
ASN_615_A,"GLY_30_A,THR_544_A,GLU_611_A,GLN_614_A,GLU_616_A"
GLU_616_A,"LEU_613_A,ASN_615_A,ILE_617_A,ARG_827_A"
ILE_617_A,"ALA_569_A,ILE_575_A,LEU_612_A,GLU_616_A,ASP_618_A"
ASP_618_A,"CYS_567_A,ILE_617_A,THR_619_A,SER_664_A,ALA_824_A,ARG_827_A"
THR_619_A,"THR_568_A,ASP_618_A,LEU_620_A,SER_664_A,THR_666_A"
LEU_620_A,"LEU_612_A,THR_619_A,LEU_621_A,GLY_622_A,ILE_658_A,SER_664_A,THR_666_A"
LEU_621_A,"ALA_569_A,LEU_620_A,GLY_622_A,LYS_668_A,TRP_748_A"
GLY_622_A,"LEU_620_A,LEU_621_A,THR_666_A"
PRO_623_A,"GLY_624_A,ILE_625_A"
GLY_624_A,"PRO_623_A,ILE_625_A"
ILE_625_A,"PRO_623_A,GLY_624_A,ASN_626_A,THR_647_A,ALA_651_A,VAL_667_A,PHE_699_A"
ASN_626_A,"ILE_625_A,ILE_627_A,TYR_639_A,HIS_669_A"
ILE_627_A,"ASN_626_A,HIS_628_A,ARG_629_A,TYR_695_A"
HIS_628_A,"ASP_256_A,ILE_627_A,ARG_629_A,ASN_636_A,SER_641_A"
ARG_629_A,"SER_267_A,ASN_270_A,GLU_281_A,ILE_627_A,HIS_628_A,HIS_630_A,ASN_674_A"
HIS_630_A,"THR_268_A,ARG_629_A,ASN_636_A"
PRO_631_A,"TYR_265_A,LEU_632_A"
LEU_632_A,"ASN_172_A,TYR_179_A,PHE_271_A,PRO_631_A,ASN_633_A"
ASN_633_A,"ASN_207_A,LEU_632_A,GLY_634_A"
GLY_634_A,"ASP_171_A,ASN_633_A,ARG_635_A"
ARG_635_A,"GLU_168_A,ASP_570_A,GLY_634_A,ASN_636_A,PHE_637_A,GLU_638_A,TYR_639_A,LYS_668_A,HIS_669_A,GLU_676_A,ARG_679_A,ASP_747_A"
ASN_636_A,"THR_590_A,HIS_628_A,HIS_630_A,ARG_635_A,PHE_637_A,GLU_638_A,TYR_639_A"
PHE_637_A,"ALA_206_A,ILE_588_A,ARG_635_A,ASN_636_A,GLU_638_A"
GLU_638_A,"GLU_168_A,ASP_570_A,ARG_635_A,ASN_636_A,PHE_637_A,TYR_639_A,LYS_668_A"
TYR_639_A,"THR_590_A,ASN_626_A,ARG_635_A,ASN_636_A,GLU_638_A,PHE_640_A"
PHE_640_A,"TYR_639_A,SER_641_A,PHE_650_A"
SER_641_A,"PRO_255_A,HIS_628_A,PHE_640_A,GLU_642_A,ASP_643_A"
GLU_642_A,"ASP_256_A,THR_257_A,TYR_287_A,SER_641_A,ASP_643_A"
ASP_643_A,"TYR_287_A,ARG_288_A,PHE_302_A,SER_641_A,GLU_642_A,LEU_646_A,THR_647_A"
PRO_644_A,"TYR_645_A,GLY_648_A"
TYR_645_A,"PHE_369_A,PRO_644_A,LEU_646_A,CYS_649_A"
LEU_646_A,"PRO_255_A,PHE_369_A,ASP_643_A,TYR_645_A,THR_647_A,PHE_650_A"
THR_647_A,"ILE_625_A,ASP_643_A,LEU_646_A,GLY_648_A,ALA_651_A"
GLY_648_A,"PRO_644_A,THR_647_A,CYS_649_A,SER_652_A"
CYS_649_A,"TYR_645_A,GLY_648_A,PHE_650_A"
PHE_650_A,"VAL_601_A,PHE_640_A,LEU_646_A,CYS_649_A,ALA_651_A"
ALA_651_A,"ILE_625_A,THR_647_A,PHE_650_A,SER_652_A,THR_655_A"
SER_652_A,"GLY_648_A,ALA_651_A,ALA_653_A,ARG_656_A"
ALA_653_A,"SER_652_A,VAL_654_A,GLY_657_A"
VAL_654_A,"TYR_605_A,ALA_653_A,THR_655_A,ILE_658_A"
THR_655_A,"ALA_651_A,VAL_654_A,ARG_656_A,VAL_667_A,GLY_706_A"
ARG_656_A,"GLU_602_A,SER_652_A,THR_655_A,GLY_657_A,GLU_707_A"
GLY_657_A,"ALA_653_A,ARG_656_A,ILE_658_A,GLY_661_A"
ILE_658_A,"LEU_620_A,VAL_654_A,GLY_657_A,LYS_659_A"
LYS_659_A,"ILE_658_A,LYS_660_A,GLU_707_A"
LYS_660_A,"LYS_659_A,GLY_661_A"
GLY_661_A,"GLY_657_A,LYS_660_A,GLY_662_A"
GLY_662_A,"GLY_661_A,SER_663_A"
SER_663_A,"GLY_662_A,SER_664_A"
SER_664_A,"ASP_618_A,THR_619_A,LEU_620_A,SER_663_A,ALA_665_A"
ALA_665_A,"SER_664_A,THR_666_A"
THR_666_A,"THR_619_A,LEU_620_A,GLY_622_A,ALA_665_A,VAL_667_A,SER_710_A"
VAL_667_A,"ILE_625_A,THR_655_A,THR_666_A,LYS_668_A,PHE_699_A,SER_710_A,MET_712_A"
LYS_668_A,"ASP_570_A,LEU_621_A,ARG_635_A,GLU_638_A,VAL_667_A,HIS_669_A"
HIS_669_A,"ASN_626_A,ARG_635_A,LYS_668_A,PHE_670_A,ALA_671_A,ASN_673_A,ARG_679_A,MET_712_A,ASP_747_A"
PHE_670_A,"HIS_669_A,ALA_671_A,LEU_696_A,PHE_699_A,ILE_711_A,MET_712_A"
ALA_671_A,"HIS_669_A,PHE_670_A,GLY_672_A,LEU_729_A"
GLY_672_A,"ALA_671_A,ASN_673_A"
ASN_673_A,"HIS_669_A,GLY_672_A,ASN_674_A"
ASN_674_A,"TYR_279_A,ARG_629_A,ASN_673_A,GLN_675_A"
GLN_675_A,"PHE_271_A,GLY_272_A,SER_273_A,ASN_277_A,ASN_674_A,GLU_676_A,LYS_677_A"
GLU_676_A,"GLU_168_A,ASP_169_A,ASP_171_A,ARG_635_A,GLN_675_A,LYS_677_A,ARG_679_A"
LYS_677_A,"ASP_171_A,GLU_274_A,GLN_675_A,GLU_676_A,ALA_678_A"
ALA_678_A,"LYS_677_A,ARG_679_A,LYS_681_A,VAL_682_A"
ARG_679_A,"GLU_168_A,ASP_169_A,ARG_635_A,HIS_669_A,GLU_676_A,ALA_678_A,SER_680_A,ASP_747_A"
SER_680_A,"ARG_679_A,LYS_681_A,TRP_722_A"
LYS_681_A,"GLU_274_A,ALA_678_A,SER_680_A,VAL_682_A,ASP_683_A"
VAL_682_A,"ALA_678_A,LYS_681_A,ASP_683_A"
ASP_683_A,"GLU_275_A,ASN_277_A,LYS_681_A,VAL_682_A,ALA_684_A,GLY_720_A"
ALA_684_A,"ASP_683_A,VAL_685_A,ASN_719_A"
VAL_685_A,"LEU_278_A,TYR_279_A,ALA_684_A,VAL_686_A"
VAL_686_A,"TYR_279_A,VAL_685_A,SER_687_A,ALA_690_A,ASN_719_A"
SER_687_A,"ASP_282_A,VAL_686_A,GLU_688_A,LEU_691_A"
GLU_688_A,"TYR_395_A,ASP_397_A,LYS_404_A,GLU_449_A,SER_687_A,ARG_689_A,ARG_692_A"
ARG_689_A,"ASP_282_A,GLY_360_A,LYS_361_A,ASP_397_A,ARG_459_A,GLU_476_A,GLU_688_A,ALA_690_A,GLU_693_A"
ALA_690_A,"VAL_686_A,ARG_689_A,LEU_691_A,ILE_694_A"
LEU_691_A,"ALA_451_A,SER_687_A,ALA_690_A,ARG_692_A,LEU_696_A"
ARG_692_A,"GLU_448_A,GLU_688_A,LEU_691_A,GLU_693_A,GLU_737_A"
GLU_693_A,"TYR_395_A,ARG_689_A,ARG_692_A,ILE_694_A"
ILE_694_A,"ALA_690_A,GLU_693_A,TYR_695_A"
TYR_695_A,"TYR_279_A,ILE_627_A,ILE_694_A,LEU_696_A"
LEU_696_A,"PHE_670_A,LEU_691_A,TYR_695_A,LYS_697_A,PHE_699_A,GLU_700_A,ILE_733_A"
LYS_697_A,"LEU_696_A,GLY_698_A,GLU_700_A,MET_701_A"
GLY_698_A,"LYS_697_A,PHE_699_A"
PHE_699_A,"ILE_625_A,VAL_667_A,PHE_670_A,LEU_696_A,GLY_698_A,GLU_700_A,VAL_703_A"
GLU_700_A,"GLU_445_A,LEU_696_A,LYS_697_A,PHE_699_A,MET_701_A,LYS_704_A,TRP_738_A"
MET_701_A,"LYS_697_A,GLU_700_A,ALA_702_A,GLU_705_A,GLY_706_A"
ALA_702_A,"MET_701_A,VAL_703_A"
VAL_703_A,"PHE_699_A,ALA_702_A,LYS_704_A,TYR_740_A"
LYS_704_A,"GLU_445_A,GLU_700_A,VAL_703_A,GLU_705_A"
GLU_705_A,"ARG_391_A,MET_701_A,LYS_704_A,GLY_706_A"
GLY_706_A,"THR_655_A,MET_701_A,GLU_705_A,GLU_707_A"
GLU_707_A,"ARG_656_A,LYS_659_A,GLY_706_A,ALA_708_A"
ALA_708_A,"GLU_707_A,THR_709_A"
THR_709_A,"ALA_708_A,SER_710_A,TYR_740_A,ILE_743_A"
SER_710_A,"THR_666_A,VAL_667_A,THR_709_A,ILE_711_A"
ILE_711_A,"PHE_670_A,SER_710_A,MET_712_A,MET_745_A"
MET_712_A,"VAL_667_A,HIS_669_A,PHE_670_A,ILE_711_A,THR_713_A,TRP_748_A"
THR_713_A,"MET_712_A,SER_714_A,VAL_744_A,MET_745_A,ASN_774_A"
SER_714_A,"THR_713_A,TYR_715_A"
TYR_715_A,"SER_714_A,ASN_716_A,ASP_747_A,TRP_748_A"
ASN_716_A,"TYR_715_A,PRO_717_A"
PRO_717_A,"ASN_716_A,VAL_718_A,TRP_722_A"
VAL_718_A,"PRO_717_A,ASN_719_A,HIS_721_A"
ASN_719_A,"ALA_451_A,ALA_684_A,VAL_686_A,VAL_718_A,GLY_720_A"
GLY_720_A,"ASP_683_A,ASN_719_A,HIS_721_A"
HIS_721_A,"ARG_481_A,VAL_718_A,GLY_720_A,TRP_722_A"
TRP_722_A,"SER_680_A,PRO_717_A,HIS_721_A,ALA_723_A,SER_725_A,ASN_726_A,ASN_753_A,ALA_761_A"
ALA_723_A,"TRP_722_A,ALA_724_A,ASN_730_A"
ALA_724_A,"ALA_723_A,SER_725_A,MET_752_A"
SER_725_A,"TRP_722_A,ALA_724_A,ASN_726_A,ASN_753_A"
ASN_726_A,"TRP_722_A,SER_725_A,TYR_727_A"
TYR_727_A,"ILE_489_A,ASN_726_A,ASP_728_A,THR_731_A"
ASP_728_A,"ARG_488_A,ARG_492_A,TYR_727_A,LEU_729_A,THR_732_A,ILE_733_A"
LEU_729_A,"ALA_671_A,ASP_728_A,ASN_730_A"
ASN_730_A,"ALA_723_A,LEU_729_A,THR_731_A,ARG_735_A"
THR_731_A,"TYR_727_A,ASN_730_A,THR_732_A,ASN_736_A,ALA_772_A,GLN_773_A"
THR_732_A,"ASP_728_A,THR_731_A,ILE_733_A"
ILE_733_A,"LEU_696_A,ASP_728_A,THR_732_A,LEU_734_A,TRP_738_A"
LEU_734_A,"ILE_733_A,ARG_735_A,TRP_738_A,TYR_740_A,VAL_744_A"
ARG_735_A,"ASN_730_A,LEU_734_A,ASN_736_A,GLY_739_A,GLN_773_A,ASP_775_A"
ASN_736_A,"THR_731_A,ARG_735_A,GLU_737_A"
GLU_737_A,"GLU_448_A,ARG_692_A,ASN_736_A,TRP_738_A"
TRP_738_A,"GLU_700_A,ILE_733_A,LEU_734_A,GLU_737_A,GLY_739_A"
GLY_739_A,"ARG_735_A,TRP_738_A,TYR_740_A"
TYR_740_A,"VAL_703_A,THR_709_A,LEU_734_A,GLY_739_A,GLN_741_A,ILE_743_A"
GLN_741_A,"TYR_740_A,GLY_742_A,ARG_817_A"
GLY_742_A,"GLN_741_A,ILE_743_A"
ILE_743_A,"THR_709_A,TYR_740_A,GLY_742_A,VAL_744_A,PHE_818_A"
VAL_744_A,"THR_713_A,LEU_734_A,ILE_743_A,MET_745_A,ASP_775_A,LEU_776_A"
MET_745_A,"ILE_711_A,THR_713_A,VAL_744_A,THR_746_A,LEU_776_A,MET_778_A"
THR_746_A,"MET_745_A,ASP_747_A,LEU_776_A"
ASP_747_A,"ARG_635_A,HIS_669_A,ARG_679_A,TYR_715_A,THR_746_A,TRP_748_A,ALA_750_A"
TRP_748_A,"ALA_548_A,LEU_621_A,MET_712_A,TYR_715_A,ASP_747_A,TRP_749_A,MET_778_A"
TRP_749_A,"TRP_748_A,ALA_750_A,MET_778_A,LEU_918_A"
ALA_750_A,"ASP_747_A,TRP_749_A,VAL_751_A,TYR_777_A"
VAL_751_A,"ALA_750_A,MET_752_A,ALA_761_A"
MET_752_A,"ALA_724_A,VAL_751_A,ASN_753_A,ASP_762_A,TYR_777_A"
ASN_753_A,"TRP_722_A,SER_725_A,MET_752_A,ASP_754_A"
ASP_754_A,"ASN_753_A,CYS_755_A,VAL_756_A,GLU_757_A,GLY_758_A"
CYS_755_A,"ASP_754_A,VAL_756_A"
VAL_756_A,"LYS_486_A,ASP_754_A,CYS_755_A,GLU_757_A"
GLU_757_A,"ASP_754_A,VAL_756_A,GLY_758_A"
GLY_758_A,"ASP_754_A,GLU_757_A,GLY_759_A"
GLY_759_A,GLY_758_A
PRO_760_A,ALA_761_A
ALA_761_A,"TRP_722_A,VAL_751_A,PRO_760_A,ASP_762_A"
ASP_762_A,"MET_752_A,ALA_761_A,LEU_763_A,LYS_764_A"
LEU_763_A,"ASP_762_A,LYS_764_A"
LYS_764_A,"ASP_762_A,LEU_763_A,ASN_765_A"
ASN_765_A,"LYS_764_A,THR_766_A,PHE_768_A"
THR_766_A,"ASN_765_A,SER_767_A,VAL_770_A,ASP_792_A,THR_794_A"
SER_767_A,"THR_766_A,PHE_768_A,ARG_771_A,ASN_793_A"
PHE_768_A,"ASN_765_A,SER_767_A,MET_769_A,ALA_772_A"
MET_769_A,"PHE_768_A,VAL_770_A,ASN_774_A"
VAL_770_A,"THR_766_A,MET_769_A,ARG_771_A,GLN_773_A"
ARG_771_A,"SER_767_A,VAL_770_A,ALA_772_A,GLU_807_A"
ALA_772_A,"THR_731_A,PHE_768_A,ARG_771_A,GLN_773_A"
GLN_773_A,"THR_731_A,ARG_735_A,VAL_770_A,ALA_772_A,ASN_774_A"
ASN_774_A,"THR_713_A,MET_769_A,GLN_773_A,ASP_775_A"
ASP_775_A,"ARG_735_A,VAL_744_A,ASN_774_A,LEU_776_A,ASN_814_A"
LEU_776_A,"PHE_551_A,VAL_744_A,MET_745_A,THR_746_A,ASP_775_A,TYR_777_A,ILE_815_A"
TYR_777_A,"VAL_533_A,GLY_535_A,ALA_750_A,MET_752_A,LEU_776_A,MET_778_A"
MET_778_A,"MET_745_A,TRP_748_A,TRP_749_A,TYR_777_A,VAL_779_A"
VAL_779_A,"MET_778_A,VAL_780_A"
VAL_780_A,"ARG_534_A,GLY_535_A,GLY_537_A,VAL_779_A,ASN_781_A,LEU_790_A"
ASN_781_A,"VAL_780_A,ASN_782_A,SER_789_A"
ASN_782_A,"MET_538_A,ASN_781_A,ASP_783_A"
ASP_783_A,"GLU_536_A,LYS_542_A,ASN_782_A,GLY_784_A,LYS_925_A"
GLY_784_A,"ASP_783_A,ALA_785_A,SER_789_A"
ALA_785_A,"ARG_534_A,GLU_536_A,VAL_554_A,GLY_784_A,GLU_786_A"
GLU_786_A,"GLU_556_A,ALA_785_A,ILE_787_A,LYS_925_A"
ILE_787_A,"GLU_786_A,ASN_788_A,THR_923_A"
ASN_788_A,"ILE_787_A,SER_789_A,GLY_791_A,ASP_792_A"
SER_789_A,"ASN_781_A,GLY_784_A,ASN_788_A,LEU_790_A,THR_923_A"
LEU_790_A,"VAL_780_A,SER_789_A,GLY_791_A"
GLY_791_A,"ASN_788_A,LEU_790_A,ASP_792_A"
ASP_792_A,"ARG_534_A,THR_766_A,ASN_788_A,GLY_791_A,ASN_793_A"
ASN_793_A,"SER_767_A,ASP_792_A,THR_794_A,ALA_797_A"
THR_794_A,"ALA_530_A,THR_766_A,ASN_793_A,LEU_795_A,LEU_798_A"
LEU_795_A,"THR_794_A,GLU_796_A,ALA_799_A"
GLU_796_A,"LEU_795_A,ALA_797_A,ASN_800_A"
ALA_797_A,"ASN_793_A,GLU_796_A,LEU_798_A"
LEU_798_A,"THR_794_A,ALA_797_A,ALA_799_A,LEU_808_A"
ALA_799_A,"LEU_795_A,LEU_798_A,ASN_800_A"
ASN_800_A,"GLU_796_A,ALA_799_A,GLY_801_A,THR_802_A"
GLY_801_A,"ASN_800_A,THR_802_A"
THR_802_A,"ASN_800_A,GLY_801_A,LEU_803_A"
LEU_803_A,"THR_802_A,THR_804_A"
THR_804_A,"LEU_803_A,VAL_805_A,GLU_807_A"
VAL_805_A,"THR_804_A,GLY_806_A,GLN_809_A"
GLY_806_A,"VAL_805_A,GLU_807_A"
GLU_807_A,"ARG_771_A,THR_804_A,GLY_806_A,LEU_808_A,ARG_810_A"
LEU_808_A,"LEU_798_A,GLU_807_A,GLN_809_A"
GLN_809_A,"TYR_497_A,VAL_805_A,LEU_808_A,ARG_810_A,MET_813_A"
ARG_810_A,"GLU_807_A,GLN_809_A,CYS_811_A,ASN_814_A"
CYS_811_A,"ARG_810_A,ALA_812_A,ILE_815_A"
ALA_812_A,"LEU_529_A,CYS_811_A,MET_813_A,CYS_816_A"
MET_813_A,"TYR_497_A,GLU_518_A,GLN_809_A,ALA_812_A,ASN_814_A,ARG_817_A"
ASN_814_A,"ASP_775_A,ARG_810_A,MET_813_A,ILE_815_A,ARG_817_A"
ILE_815_A,"LEU_776_A,CYS_811_A,ASN_814_A,CYS_816_A"
CYS_816_A,"LEU_517_A,ALA_812_A,ILE_815_A,ARG_817_A,LEU_820_A"
ARG_817_A,"LEU_517_A,GLN_741_A,MET_813_A,ASN_814_A,CYS_816_A,PHE_818_A"
PHE_818_A,"PHE_551_A,ILE_743_A,ARG_817_A,LEU_819_A"
LEU_819_A,"ILE_563_A,ALA_566_A,PHE_818_A,LEU_820_A"
LEU_820_A,"GLN_511_A,CYS_816_A,LEU_819_A,ASN_821_A"
ASN_821_A,"LEU_820_A,ALA_822_A"
ALA_822_A,ASN_821_A
PRO_823_A,"LEU_613_A,ALA_824_A"
ALA_824_A,"ASP_618_A,PRO_823_A,LEU_825_A"
LEU_825_A,"LYS_508_A,PRO_564_A,ALA_824_A,ALA_826_A"
ALA_826_A,"LEU_825_A,ARG_827_A"
ARG_827_A,"GLU_616_A,ASP_618_A,ALA_826_A,GLU_828_A"
GLU_828_A,"ARG_827_A,LYS_830_A"
PRO_829_A,LYS_830_A
LYS_830_A,"GLU_828_A,PRO_829_A"
HIS_833_A,GLU_834_A
GLU_834_A,"HIS_833_A,VAL_835_A,ARG_836_A"
VAL_835_A,"GLU_834_A,ARG_836_A,GLU_930_A"
ARG_836_A,"GLU_834_A,VAL_835_A,LEU_837_A,ILE_929_A,GLU_930_A"
LEU_837_A,"ARG_836_A,ILE_838_A,GLU_930_A,THR_932_A"
ILE_838_A,"LEU_837_A,GLN_839_A,TYR_936_A"
GLN_839_A,"ILE_838_A,ALA_840_A"
ALA_840_A,"GLN_839_A,ALA_841_A,TYR_936_A"
ALA_841_A,"ALA_840_A,GLN_842_A,LEU_845_A,ASP_935_A"
GLN_842_A,"ALA_841_A,GLY_843_A"
GLY_843_A,"GLN_842_A,ASP_844_A"
ASP_844_A,"GLY_843_A,LEU_845_A,LYS_875_A,ASP_935_A"
LEU_845_A,"ALA_841_A,ASP_844_A,ILE_847_A,ALA_848_A"
PRO_846_A,ILE_847_A
ILE_847_A,"LEU_845_A,PRO_846_A,ALA_848_A,SER_849_A,THR_871_A"
ALA_848_A,"LEU_845_A,ILE_847_A,SER_849_A"
SER_849_A,"ILE_847_A,ALA_848_A,ALA_850_A"
ALA_850_A,"SER_849_A,GLY_851_A"
GLY_851_A,"ALA_850_A,VAL_852_A"
VAL_852_A,"GLY_851_A,ASN_853_A,THR_871_A"
ASN_853_A,"VAL_852_A,VAL_854_A,TYR_855_A,VAL_873_A"
VAL_854_A,"ASN_853_A,TYR_855_A,LYS_875_A"
TYR_855_A,"ASN_853_A,VAL_854_A,THR_856_A,VAL_865_A,ALA_872_A,VAL_873_A,LYS_875_A"
THR_856_A,"TYR_855_A,LEU_857_A,GLN_877_A"
LEU_857_A,"THR_856_A,SER_858_A,GLN_877_A,TYR_882_A,PHE_954_A"
SER_858_A,"LEU_857_A,ARG_859_A"
ARG_859_A,"SER_858_A,SER_860_A,GLU_878_A,ALA_879_A"
SER_860_A,"ARG_859_A,GLN_861_A"
GLN_861_A,"SER_860_A,SER_862_A"
SER_862_A,"GLN_861_A,ALA_863_A"
ALA_863_A,"SER_862_A,LYS_864_A,PHE_954_A"
LYS_864_A,"ALA_863_A,VAL_865_A,TRP_951_A,GLU_953_A"
VAL_865_A,"TYR_855_A,LYS_864_A,LEU_866_A,ALA_872_A,ILE_952_A"
LEU_866_A,"VAL_865_A,ALA_867_A"
ALA_867_A,"LEU_866_A,ASN_868_A,PHE_940_A,ILE_949_A,GLU_950_A"
ASN_868_A,"ALA_867_A,ALA_869_A"
ALA_869_A,"ASN_868_A,GLU_870_A"
GLU_870_A,"ALA_869_A,THR_871_A"
THR_871_A,"ILE_847_A,VAL_852_A,GLU_870_A,ALA_872_A"
ALA_872_A,"TYR_855_A,VAL_865_A,THR_871_A,VAL_873_A,LEU_938_A"
VAL_873_A,"ASN_853_A,TYR_855_A,ALA_872_A,VAL_874_A"
VAL_874_A,"VAL_873_A,LYS_875_A,TYR_936_A"
LYS_875_A,"ASP_844_A,VAL_854_A,TYR_855_A,VAL_874_A,VAL_876_A,ASP_935_A"
VAL_876_A,"LYS_875_A,GLN_877_A,GLY_934_A,TYR_936_A"
GLN_877_A,"THR_856_A,LEU_857_A,VAL_876_A,GLU_878_A"
GLU_878_A,"ARG_859_A,GLN_877_A,ALA_879_A,TYR_882_A"
ALA_879_A,"ARG_859_A,GLU_878_A,GLY_880_A"
GLY_880_A,"ALA_879_A,VAL_881_A,LEU_931_A"
VAL_881_A,"GLY_880_A,TYR_882_A,GLU_930_A"
TYR_882_A,"LEU_857_A,GLU_878_A,VAL_881_A,THR_883_A,ILE_929_A"
THR_883_A,"TYR_882_A,VAL_884_A,ILE_955_A"
VAL_884_A,"THR_883_A,THR_885_A,GLN_926_A,LEU_927_A,ILE_929_A,ILE_952_A"
THR_885_A,"VAL_884_A,ALA_886_A,THR_923_A,TRP_951_A,GLU_953_A"
ALA_886_A,"THR_885_A,HIS_887_A,GLN_924_A,ILE_952_A"
HIS_887_A,"ALA_886_A,ILE_888_A,THR_923_A,GLU_950_A,TRP_951_A"
ILE_888_A,"HIS_887_A,ARG_889_A,VAL_912_A,VAL_922_A"
ARG_889_A,"ILE_888_A,TYR_890_A,GLU_891_A,GLY_919_A,TRP_921_A,GLU_948_A"
TYR_890_A,"ARG_889_A,GLU_891_A,SER_896_A,THR_914_A,THR_917_A"
GLU_891_A,"ARG_889_A,TYR_890_A,ALA_892_A"
ALA_892_A,GLU_891_A
LEU_895_A,SER_896_A
SER_896_A,"TYR_890_A,LEU_895_A,GLN_897_A"
GLN_897_A,"SER_896_A,SER_898_A,GLN_913_A,LYS_944_A"
SER_898_A,"GLN_897_A,ALA_899_A,LYS_944_A"
ALA_899_A,"SER_898_A,CYS_900_A,THR_911_A,LYS_944_A"
CYS_900_A,"ALA_899_A,ASN_901_A,VAL_912_A,TYR_942_A"
ASN_901_A,"CYS_900_A,LEU_902_A,LEU_908_A,THR_911_A,ASP_941_A"
LEU_902_A,"ASN_901_A,LEU_903_A,LEU_909_A,THR_910_A,PHE_940_A,ILE_952_A"
LEU_903_A,"LEU_902_A,LEU_904_A,LEU_908_A,LYS_939_A"
LEU_904_A,"LEU_903_A,ASN_905_A,GLU_907_A"
ASN_905_A,"LEU_904_A,GLY_906_A,GLU_907_A,GLU_937_A"
GLY_906_A,"ASN_905_A,GLU_907_A"
GLU_907_A,"LEU_904_A,ASN_905_A,GLY_906_A,LEU_908_A"
LEU_908_A,"ASN_901_A,LEU_903_A,GLU_907_A,LEU_909_A"
LEU_909_A,"LEU_902_A,LEU_908_A,THR_910_A"
THR_910_A,"LEU_902_A,LEU_909_A,THR_911_A"
THR_911_A,"ALA_899_A,ASN_901_A,THR_910_A,VAL_912_A"
VAL_912_A,"ILE_888_A,CYS_900_A,THR_911_A,GLN_913_A"
GLN_913_A,"GLN_897_A,VAL_912_A,THR_914_A,GLN_924_A"
THR_914_A,"TYR_890_A,GLN_913_A,ASN_915_A"
ASN_915_A,"THR_914_A,GLY_916_A"
GLY_916_A,"ASN_915_A,THR_917_A"
THR_917_A,"TYR_890_A,GLY_916_A,LEU_918_A,ARG_920_A"
LEU_918_A,"TRP_749_A,THR_917_A,GLY_919_A"
GLY_919_A,"ARG_889_A,LEU_918_A,ARG_920_A"
ARG_920_A,"THR_917_A,GLY_919_A,TRP_921_A"
TRP_921_A,"ARG_889_A,ARG_920_A,VAL_922_A,GLU_948_A,GLU_950_A"
VAL_922_A,"ILE_888_A,TRP_921_A,THR_923_A"
THR_923_A,"ILE_787_A,SER_789_A,THR_885_A,HIS_887_A,VAL_922_A,GLN_924_A"
GLN_924_A,"ALA_886_A,GLN_913_A,THR_923_A,LYS_925_A,GLN_926_A"
LYS_925_A,"GLU_556_A,ASP_783_A,GLU_786_A,GLN_924_A,GLN_926_A,ARG_928_A"
GLN_926_A,"VAL_884_A,GLN_924_A,LYS_925_A,LEU_927_A"
LEU_927_A,"VAL_884_A,GLN_926_A,ARG_928_A"
ARG_928_A,"GLU_556_A,LYS_925_A,LEU_927_A,ILE_929_A"
ILE_929_A,"ARG_836_A,TYR_882_A,VAL_884_A,ARG_928_A,GLU_930_A"
GLU_930_A,"VAL_835_A,ARG_836_A,LEU_837_A,VAL_881_A,ILE_929_A,LEU_931_A"
LEU_931_A,"GLY_880_A,GLU_930_A,THR_932_A"
THR_932_A,"LEU_837_A,LEU_931_A,GLU_933_A,TYR_936_A"
GLU_933_A,"THR_932_A,GLY_934_A"
GLY_934_A,"VAL_876_A,GLU_933_A,ASP_935_A"
ASP_935_A,"ALA_841_A,ASP_844_A,LYS_875_A,GLY_934_A,TYR_936_A"
TYR_936_A,"ILE_838_A,ALA_840_A,VAL_874_A,VAL_876_A,THR_932_A,ASP_935_A,GLU_937_A"
GLU_937_A,"ASN_905_A,TYR_936_A,LEU_938_A,LYS_939_A"
LEU_938_A,"ALA_872_A,GLU_937_A,LYS_939_A"
LYS_939_A,"LEU_903_A,GLU_937_A,LEU_938_A,PHE_940_A"
PHE_940_A,"ALA_867_A,LEU_902_A,LYS_939_A,ASP_941_A,TYR_942_A,ILE_952_A"
ASP_941_A,"ASN_901_A,PHE_940_A,TYR_942_A,ILE_943_A"
TYR_942_A,"CYS_900_A,PHE_940_A,ASP_941_A,ILE_943_A"
ILE_943_A,"ASP_941_A,TYR_942_A,LYS_944_A"
LYS_944_A,"GLN_897_A,SER_898_A,ALA_899_A,ILE_943_A"
PRO_945_A,GLY_946_A
GLY_946_A,"PRO_945_A,LEU_947_A"
LEU_947_A,"GLY_946_A,GLU_948_A,ILE_949_A"
GLU_948_A,"ARG_889_A,TRP_921_A,LEU_947_A,ILE_949_A"
ILE_949_A,"ALA_867_A,LEU_947_A,GLU_948_A,GLU_950_A,ILE_952_A"
GLU_950_A,"ALA_867_A,HIS_887_A,TRP_921_A,ILE_949_A,TRP_951_A"
TRP_951_A,"LYS_864_A,THR_885_A,HIS_887_A,GLU_950_A,ILE_952_A"
ILE_952_A,"VAL_865_A,VAL_884_A,ALA_886_A,LEU_902_A,PHE_940_A,ILE_949_A,TRP_951_A,GLU_953_A,PHE_954_A"
GLU_953_A,"LYS_864_A,THR_885_A,ILE_952_A,PHE_954_A,ILE_955_A"
PHE_954_A,"LEU_857_A,ALA_863_A,ILE_952_A,GLU_953_A,ILE_955_A"
ILE_955_A,"THR_883_A,GLU_953_A,PHE_954_A"
