residue_id,neighbors
VAL_2_B,VAL_3_B
VAL_3_B,"VAL_2_B,ILE_15_B"
PRO_4_B,"LEU_5_B,PHE_18_B"
LEU_5_B,"PRO_4_B,LYS_6_B,ILE_15_B,LEU_35_B"
LYS_6_B,"LEU_5_B,ARG_7_B,GLU_14_B"
ARG_7_B,"LYS_6_B,ILE_8_B,LYS_10_B,TRP_13_B,GLU_32_B"
ILE_8_B,"ARG_7_B,ASP_9_B,ARG_12_B"
ASP_9_B,"ILE_8_B,LYS_10_B,ILE_11_B,ARG_12_B"
LYS_10_B,"ARG_7_B,ASP_9_B,ILE_11_B"
ILE_11_B,"ASP_9_B,LYS_10_B,ARG_12_B,ALA_30_B"
ARG_12_B,"ILE_8_B,ASP_9_B,ILE_11_B,TRP_13_B,ARG_27_B,TYR_29_B,GLU_397_B,ALA_464_B"
TRP_13_B,"ARG_7_B,ARG_12_B,GLU_14_B,VAL_28_B,ALA_30_B,LEU_35_B"
GLU_14_B,"LYS_6_B,TRP_13_B,ILE_15_B"
ILE_15_B,"VAL_3_B,LEU_5_B,GLU_14_B,GLY_26_B"
PRO_16_B,"LYS_17_B,PHE_18_B"
LYS_17_B,"PRO_16_B,PHE_18_B"
PHE_18_B,"PRO_4_B,PRO_16_B,LYS_17_B,ASP_19_B,THR_48_B"
ASP_19_B,"PHE_18_B,LYS_20_B,ARG_21_B,MET_22_B"
LYS_20_B,"ASP_19_B,ARG_21_B"
ARG_21_B,"ASP_19_B,LYS_20_B,MET_22_B,MET_52_B"
MET_22_B,"ASP_19_B,ARG_21_B,ARG_23_B"
ARG_23_B,"MET_22_B,VAL_24_B,ALA_51_B,MET_52_B"
VAL_24_B,"ARG_23_B,ILE_56_B"
PRO_25_B,GLY_26_B
GLY_26_B,"ILE_15_B,PRO_25_B,ARG_27_B"
ARG_27_B,"ARG_12_B,GLY_26_B,VAL_28_B,TYR_29_B,TYR_59_B,SER_60_B,VAL_62_B,GLU_397_B"
VAL_28_B,"TRP_13_B,ARG_27_B,TYR_29_B"
TYR_29_B,"ARG_12_B,ARG_27_B,VAL_28_B,ALA_30_B,VAL_62_B,GLU_397_B,THR_398_B"
ALA_30_B,"ILE_11_B,TRP_13_B,TYR_29_B,ASP_31_B"
ASP_31_B,"ALA_30_B,GLU_32_B,LEU_34_B,LEU_35_B,LYS_459_B"
GLU_32_B,"ARG_7_B,ASP_31_B,VAL_33_B"
VAL_33_B,"GLU_32_B,LEU_34_B"
LEU_34_B,"ASP_31_B,VAL_33_B,LEU_35_B"
LEU_35_B,"LEU_5_B,TRP_13_B,ASP_31_B,LEU_34_B,GLU_36_B,MET_38_B"
GLU_36_B,"LEU_35_B,LYS_37_B,LYS_39_B"
LYS_37_B,"GLU_36_B,MET_38_B"
MET_38_B,"LEU_35_B,LYS_37_B,LYS_39_B"
LYS_39_B,"GLU_36_B,MET_38_B,ASN_40_B"
ASN_40_B,"LYS_39_B,ASP_41_B"
ASP_41_B,"ASN_40_B,ARG_42_B,THR_43_B,GLU_45_B,HIS_67_B,GLN_68_B,LYS_452_B"
ARG_42_B,"ASP_41_B,THR_43_B,GLU_45_B,GLN_46_B,GLN_68_B,ASP_265_B,GLU_267_B"
THR_43_B,"ASP_41_B,ARG_42_B,LEU_44_B,ALA_47_B,VAL_62_B"
LEU_44_B,"THR_43_B,GLU_45_B,THR_48_B"
GLU_45_B,"ASP_41_B,ARG_42_B,LEU_44_B,GLN_46_B,ASN_49_B"
GLN_46_B,"ARG_42_B,GLU_45_B,ALA_47_B,VAL_50_B,GLY_69_B"
ALA_47_B,"THR_43_B,GLN_46_B,THR_48_B,SER_60_B,VAL_62_B"
THR_48_B,"PHE_18_B,LEU_44_B,ALA_47_B,ASN_49_B"
ASN_49_B,"GLU_45_B,THR_48_B,VAL_50_B,MET_52_B,LEU_268_B"
VAL_50_B,"GLN_46_B,ASN_49_B,ALA_51_B,PHE_72_B,ALA_78_B"
ALA_51_B,"ARG_23_B,VAL_50_B,MET_52_B"
MET_52_B,"ARG_21_B,ARG_23_B,ASN_49_B,ALA_51_B,LEU_53_B"
LEU_53_B,"MET_52_B,PHE_72_B,PHE_80_B"
PRO_54_B,GLY_55_B
GLY_55_B,"PRO_54_B,ILE_56_B,ASP_81_B"
ILE_56_B,"VAL_24_B,GLY_55_B,TYR_57_B,PHE_80_B"
TYR_57_B,"ILE_56_B,LYS_58_B,TYR_59_B,ASP_81_B,VAL_346_B"
LYS_58_B,"TYR_57_B,TYR_59_B,LYS_396_B,PHE_399_B"
TYR_59_B,"ARG_27_B,TYR_57_B,LYS_58_B,SER_60_B,ILE_61_B,GLU_397_B"
SER_60_B,"ARG_27_B,ALA_47_B,TYR_59_B,ILE_61_B"
ILE_61_B,"TYR_59_B,SER_60_B,VAL_62_B,VAL_77_B"
VAL_62_B,"ARG_27_B,TYR_29_B,THR_43_B,ALA_47_B,ILE_61_B,MET_63_B"
MET_63_B,"VAL_62_B,GLY_66_B,GLY_75_B"
PRO_64_B,"ASP_65_B,VAL_460_B,VAL_461_B"
ASP_65_B,"PRO_64_B,GLY_66_B,HIS_404_B,GLY_405_B"
GLY_66_B,"MET_63_B,ASP_65_B,HIS_67_B,LYS_452_B"
HIS_67_B,"ASP_41_B,GLY_66_B,GLN_68_B,ILE_74_B,HIS_404_B,LYS_452_B"
GLN_68_B,"ASP_41_B,ARG_42_B,HIS_67_B,GLY_69_B"
GLY_69_B,"GLN_46_B,GLN_68_B,TYR_70_B"
TYR_70_B,"GLY_69_B,GLY_71_B,PHE_72_B,GLU_267_B"
GLY_71_B,"TYR_70_B,PHE_72_B,GLU_267_B"
PHE_72_B,"VAL_50_B,LEU_53_B,TYR_70_B,GLY_71_B,LEU_268_B,LYS_351_B"
PRO_73_B,ILE_74_B
ILE_74_B,"HIS_67_B,PRO_73_B,GLY_75_B"
GLY_75_B,"MET_63_B,ILE_74_B,GLY_76_B,LYS_351_B"
GLY_76_B,"GLY_75_B,VAL_77_B"
VAL_77_B,"ILE_61_B,GLY_76_B,ALA_78_B,ALA_353_B"
ALA_78_B,"VAL_50_B,VAL_77_B,ALA_79_B,PHE_80_B,HIS_349_B"
ALA_79_B,"ALA_78_B,PHE_80_B,PHE_399_B"
PHE_80_B,"LEU_53_B,ILE_56_B,ALA_78_B,ALA_79_B,ASP_81_B,ILE_347_B,HIS_349_B"
ASP_81_B,"GLY_55_B,TYR_57_B,PHE_80_B,VAL_82_B,LYS_83_B,GLU_84_B,GLY_85_B"
VAL_82_B,"ASP_81_B,LYS_83_B"
LYS_83_B,"ASP_81_B,VAL_82_B,GLU_84_B"
GLU_84_B,"ASP_81_B,LYS_83_B,GLY_85_B"
GLY_85_B,"ASP_81_B,GLU_84_B,VAL_86_B,PHE_273_B"
VAL_86_B,"GLY_85_B,ILE_87_B"
ILE_87_B,"VAL_86_B,SER_88_B,VAL_271_B,PHE_273_B,TYR_281_B"
SER_88_B,"ILE_87_B,GLY_91_B,VAL_269_B,HIS_349_B"
PRO_89_B,"GLY_90_B,GLY_93_B,MET_252_B,TYR_281_B"
GLY_90_B,"PRO_89_B,GLY_91_B,LYS_351_B"
GLY_91_B,"SER_88_B,GLY_90_B,ILE_92_B"
ILE_92_B,"GLY_91_B,GLY_93_B,TYR_281_B"
GLY_93_B,"PRO_89_B,ILE_92_B,TYR_94_B"
TYR_94_B,"GLY_93_B,ASP_95_B,ILE_96_B,ALA_245_B"
ASP_95_B,"TYR_94_B,ILE_96_B,CYS_98_B,HIS_203_B,SER_237_B,ASN_330_B"
ILE_96_B,"TYR_94_B,ASP_95_B,ASN_97_B,SER_237_B,MET_285_B"
ASN_97_B,"ILE_96_B,CYS_98_B,ALA_289_B,ALA_292_B,ARG_296_B,ASN_330_B"
CYS_98_B,"ASP_95_B,ASN_97_B,GLY_99_B,HIS_329_B"
GLY_99_B,"CYS_98_B,VAL_100_B,THR_235_B"
VAL_100_B,"GLY_99_B,ARG_101_B,MET_232_B,VAL_327_B,LEU_376_B,PRO_378_B"
ARG_101_B,"VAL_100_B,LEU_102_B,ASP_165_B,VAL_233_B,ARG_296_B,GLN_297_B,THR_300_B,ILE_323_B,ASP_326_B"
LEU_102_B,"ARG_101_B,ILE_103_B,VAL_230_B,VAL_324_B"
ILE_103_B,"LEU_102_B,ARG_104_B,VAL_231_B"
ARG_104_B,"ILE_103_B,THR_105_B,ASN_106_B,GLY_223_B,GLY_320_B,ASP_322_B,VAL_324_B"
THR_105_B,"ARG_104_B,ASN_106_B,LEU_107_B,GLN_228_B,VAL_229_B"
ASN_106_B,"ARG_104_B,THR_105_B,LEU_107_B,ASP_318_B,LEU_319_B"
LEU_107_B,"THR_105_B,ASN_106_B,THR_108_B,VAL_112_B,VAL_229_B,PHE_307_B"
THR_108_B,"LEU_107_B,GLU_109_B,GLU_111_B"
GLU_109_B,"THR_108_B,LYS_110_B,ARG_113_B,VAL_209_B,GLY_227_B,ARG_474_B"
LYS_110_B,"GLU_109_B,GLU_111_B"
GLU_111_B,"THR_108_B,LYS_110_B,VAL_112_B"
VAL_112_B,"LEU_107_B,GLU_111_B,ARG_113_B,ARG_115_B,LEU_119_B,VAL_229_B,PHE_311_B"
ARG_113_B,"GLU_109_B,VAL_112_B,ARG_115_B,GLY_432_B,ARG_474_B"
PRO_114_B,ARG_115_B
ARG_115_B,"VAL_112_B,ARG_113_B,PRO_114_B,ILE_116_B,GLN_118_B,LEU_119_B"
ILE_116_B,"ARG_115_B,LYS_117_B,VAL_120_B"
LYS_117_B,"ILE_116_B,GLN_118_B,ASP_121_B,TYR_434_B,ARG_436_B"
GLN_118_B,"ARG_115_B,LYS_117_B,LEU_119_B,THR_122_B"
LEU_119_B,"VAL_112_B,ARG_115_B,GLN_118_B,VAL_120_B,LEU_123_B,PHE_307_B"
VAL_120_B,"ILE_116_B,LEU_119_B,ASP_121_B,PHE_124_B,TYR_434_B"
ASP_121_B,"LYS_117_B,VAL_120_B,THR_122_B,LYS_125_B,TYR_434_B,ARG_436_B"
THR_122_B,"GLN_118_B,ASP_121_B,LEU_123_B,ASN_126_B"
LEU_123_B,"LEU_119_B,THR_122_B,PHE_124_B,VAL_207_B"
PHE_124_B,"VAL_120_B,LEU_123_B,LYS_125_B"
LYS_125_B,"ASP_121_B,PHE_124_B,ASN_126_B"
ASN_126_B,"THR_122_B,LYS_125_B,VAL_127_B,ARG_136_B,SER_306_B,GLU_309_B"
VAL_127_B,ASN_126_B
PRO_128_B,"SER_129_B,TRP_302_B"
SER_129_B,"PRO_128_B,GLY_130_B"
GLY_130_B,"SER_129_B,VAL_131_B"
VAL_131_B,"GLY_130_B,GLY_132_B"
GLY_132_B,"VAL_131_B,SER_133_B,GLY_135_B"
SER_133_B,"GLY_132_B,GLN_134_B"
GLN_134_B,"SER_133_B,GLY_135_B"
GLY_135_B,"GLY_132_B,GLN_134_B,ARG_136_B"
ARG_136_B,"ASN_126_B,GLY_135_B,ILE_137_B,LYS_138_B"
ILE_137_B,"ARG_136_B,LYS_138_B"
LYS_138_B,"ARG_136_B,ILE_137_B,LEU_139_B"
LEU_139_B,"LYS_138_B,HIS_140_B,VAL_147_B,TRP_154_B"
HIS_140_B,"LEU_139_B,TRP_141_B,THR_142_B,GLN_143_B"
TRP_141_B,"HIS_140_B,THR_142_B,GLN_185_B,GLN_189_B"
THR_142_B,"HIS_140_B,TRP_141_B,GLN_143_B"
GLN_143_B,"HIS_140_B,THR_142_B,ILE_144_B"
ILE_144_B,"GLN_143_B,ASP_145_B,VAL_147_B,LEU_240_B"
ASP_145_B,"ILE_144_B,ASP_146_B,VAL_149_B,PRO_180_B,LYS_188_B"
ASP_146_B,"ASP_145_B,VAL_147_B,ASP_150_B"
VAL_147_B,"LEU_139_B,ILE_144_B,ASP_146_B,LEU_148_B,GLY_151_B,TRP_154_B,ALA_294_B"
LEU_148_B,"VAL_147_B,VAL_149_B,ASN_290_B"
VAL_149_B,"ASP_145_B,LEU_148_B,ASP_150_B"
ASP_150_B,"ASP_146_B,VAL_149_B,GLY_151_B,LYS_153_B,TRP_154_B,ASP_157_B,ARG_174_B"
GLY_151_B,"VAL_147_B,ASP_150_B,ALA_152_B,TRP_154_B"
ALA_152_B,"GLY_151_B,LYS_153_B,VAL_156_B,LEU_166_B,LEU_169_B,GLY_173_B"
LYS_153_B,"ASP_150_B,ALA_152_B,TRP_154_B,ASP_157_B"
TRP_154_B,"LEU_139_B,VAL_147_B,ASP_150_B,GLY_151_B,LYS_153_B,ALA_155_B,ASN_158_B"
ALA_155_B,"TRP_154_B,VAL_156_B,TYR_160_B,GLN_297_B"
VAL_156_B,"ALA_152_B,ALA_155_B,ASP_157_B,LEU_166_B"
ASP_157_B,"ASP_150_B,LYS_153_B,VAL_156_B,ASN_158_B,GLU_163_B"
ASN_158_B,"TRP_154_B,ASP_157_B,GLY_159_B"
GLY_159_B,"ASN_158_B,TYR_160_B"
TYR_160_B,"ALA_155_B,GLY_159_B,GLY_161_B,GLN_297_B,MET_298_B,TRP_302_B"
GLY_161_B,"TYR_160_B,TRP_162_B"
TRP_162_B,"GLY_161_B,GLU_163_B,ASP_165_B,GLU_316_B"
GLU_163_B,"ASP_157_B,TRP_162_B,ARG_164_B"
ARG_164_B,"GLU_163_B,ASP_165_B,ARG_168_B,GLU_316_B,ASP_322_B"
ASP_165_B,"ARG_101_B,TRP_162_B,ARG_164_B,LEU_166_B,ARG_168_B,GLN_297_B,ARG_304_B,ASP_322_B,ILE_323_B"
LEU_166_B,"ALA_152_B,VAL_156_B,ASP_165_B,GLU_167_B"
GLU_167_B,"LEU_166_B,ARG_168_B"
ARG_168_B,"ARG_164_B,ASP_165_B,GLU_167_B,LEU_169_B,ASP_322_B,ILE_323_B"
LEU_169_B,"ALA_152_B,ARG_168_B,GLU_170_B,GLY_172_B,ASP_326_B"
GLU_170_B,"LEU_169_B,GLU_171_B,GLY_173_B,ASP_326_B,ALA_328_B,LYS_333_B,GLU_335_B,ARG_350_B,ARG_355_B"
GLU_171_B,"GLU_170_B,GLY_172_B,MET_175_B,TRP_293_B,LYS_333_B,ARG_355_B"
GLY_172_B,"LEU_169_B,GLU_171_B,GLY_173_B"
GLY_173_B,"ALA_152_B,GLU_170_B,GLY_172_B,ARG_174_B"
ARG_174_B,"ASP_150_B,GLY_173_B,MET_175_B,GLU_176_B"
MET_175_B,"GLU_171_B,ARG_174_B,GLU_176_B,ASN_290_B,TRP_293_B"
GLU_176_B,"ARG_174_B,MET_175_B,GLY_177_B,LYS_286_B"
GLY_177_B,"GLU_176_B,ALA_178_B"
ALA_178_B,"GLY_177_B,ASP_179_B"
ASP_179_B,"ALA_178_B,GLU_181_B,ALA_182_B,ARG_280_B"
PRO_180_B,"ASP_145_B,GLU_181_B,LYS_188_B"
GLU_181_B,"ASP_179_B,PRO_180_B,ALA_182_B,ARG_280_B"
ALA_182_B,"ASP_179_B,GLU_181_B,VAL_183_B,TYR_248_B"
VAL_183_B,"ALA_182_B,SER_184_B,ALA_187_B,ALA_287_B"
SER_184_B,"VAL_183_B,GLN_185_B,ALA_187_B,ASP_247_B"
GLN_185_B,"TRP_141_B,SER_184_B,ARG_186_B,GLN_189_B"
ARG_186_B,"GLN_185_B,ALA_187_B,ARG_190_B"
ALA_187_B,"VAL_183_B,SER_184_B,ARG_186_B,LYS_188_B,GLY_191_B,GLN_243_B"
LYS_188_B,"ASP_145_B,PRO_180_B,ALA_187_B,GLN_189_B,ALA_192_B"
GLN_189_B,"TRP_141_B,GLN_185_B,LYS_188_B,ARG_190_B"
ARG_190_B,"ARG_186_B,GLN_189_B,GLY_191_B,HIS_242_B,GLN_243_B"
GLY_191_B,"ALA_187_B,ARG_190_B,ALA_192_B,GLN_194_B"
ALA_192_B,"LYS_188_B,GLY_191_B"
PRO_193_B,GLN_194_B
GLN_194_B,"GLY_191_B,PRO_193_B,LEU_195_B,SER_197_B,GLY_239_B"
LEU_195_B,"GLN_194_B,GLY_196_B"
GLY_196_B,"LEU_195_B,SER_197_B,ASN_295_B"
SER_197_B,"GLN_194_B,GLY_196_B,LEU_198_B,ARG_238_B"
LEU_198_B,"SER_197_B,GLY_199_B,THR_235_B"
GLY_199_B,"LEU_198_B,SER_200_B"
SER_200_B,"GLY_199_B,GLY_201_B,HIS_203_B"
GLY_201_B,"SER_200_B,ASN_202_B,HIS_203_B"
ASN_202_B,"GLY_201_B,HIS_203_B"
HIS_203_B,"ASP_95_B,SER_200_B,GLY_201_B,ASN_202_B,PHE_204_B,HIS_234_B,ARG_238_B"
PHE_204_B,"HIS_203_B,LEU_205_B,GLU_206_B,HIS_234_B,PRO_378_B"
LEU_205_B,"PHE_204_B,GLU_206_B,VAL_303_B,ALA_479_B"
GLU_206_B,"PHE_204_B,LEU_205_B,VAL_207_B,GLN_208_B,MET_232_B,GLY_382_B,VAL_478_B"
VAL_207_B,"LEU_123_B,GLU_206_B,GLN_208_B,VAL_229_B,ILE_476_B,GLY_477_B"
GLN_208_B,"GLU_206_B,VAL_207_B,VAL_209_B,VAL_230_B,SER_385_B"
VAL_209_B,"GLU_109_B,GLN_208_B,VAL_210_B,ARG_474_B,ILE_476_B"
VAL_210_B,"VAL_209_B,ASP_211_B,ILE_213_B,GLY_227_B,GLN_228_B"
ASP_211_B,"VAL_210_B,LYS_212_B,ARG_472_B,ARG_474_B"
LYS_212_B,"ASP_211_B,ILE_213_B,PHE_214_B,ARG_472_B"
ILE_213_B,"VAL_210_B,LYS_212_B,PHE_214_B,ALA_219_B"
PHE_214_B,"LYS_212_B,ILE_213_B,ASP_215_B,LEU_469_B,VAL_470_B"
ASP_215_B,"PHE_214_B,GLU_217_B,VAL_218_B,ALA_219_B,LYS_468_B"
PRO_216_B,"GLU_217_B,LYS_220_B"
GLU_217_B,"ASP_215_B,PRO_216_B,VAL_218_B"
VAL_218_B,"ASP_215_B,GLU_217_B,ALA_219_B,TYR_222_B,VAL_470_B"
ALA_219_B,"ILE_213_B,ASP_215_B,VAL_218_B,LYS_220_B,LEU_224_B"
LYS_220_B,"PRO_216_B,ALA_219_B,ALA_221_B,GLY_223_B"
ALA_221_B,"LYS_220_B,TYR_222_B"
TYR_222_B,"VAL_218_B,ALA_221_B,GLY_223_B,TYR_368_B,VAL_371_B,GLY_372_B,PRO_374_B,ILE_387_B"
GLY_223_B,"ARG_104_B,LYS_220_B,TYR_222_B,LEU_224_B"
LEU_224_B,"ALA_219_B,GLY_223_B,PHE_225_B,ILE_387_B"
PHE_225_B,"LEU_224_B,GLU_226_B,GLN_228_B"
GLU_226_B,"PHE_225_B,GLY_227_B"
GLY_227_B,"GLU_109_B,VAL_210_B,GLU_226_B,GLN_228_B"
GLN_228_B,"THR_105_B,VAL_210_B,PHE_225_B,GLY_227_B,VAL_229_B"
VAL_229_B,"THR_105_B,LEU_107_B,VAL_112_B,VAL_207_B,GLN_228_B,VAL_230_B"
VAL_230_B,"LEU_102_B,GLN_208_B,VAL_229_B,VAL_231_B"
VAL_231_B,"ILE_103_B,VAL_230_B,MET_232_B,PHE_307_B"
MET_232_B,"VAL_100_B,GLU_206_B,VAL_231_B,VAL_233_B,MET_473_B"
VAL_233_B,"ARG_101_B,MET_232_B,HIS_234_B"
HIS_234_B,"HIS_203_B,PHE_204_B,VAL_233_B,THR_235_B,HIS_329_B,HIS_404_B"
THR_235_B,"GLY_99_B,LEU_198_B,HIS_234_B,GLY_236_B,ARG_296_B"
GLY_236_B,"THR_235_B,SER_237_B"
SER_237_B,"ASP_95_B,ILE_96_B,GLY_236_B,ARG_238_B"
ARG_238_B,"SER_197_B,HIS_203_B,SER_237_B,GLY_239_B"
GLY_239_B,"GLN_194_B,ARG_238_B,LEU_240_B"
LEU_240_B,"ILE_144_B,GLY_239_B,GLY_241_B,VAL_244_B"
GLY_241_B,"LEU_240_B,HIS_242_B,ALA_245_B"
HIS_242_B,"ARG_190_B,GLY_241_B,GLN_243_B,SER_246_B"
GLN_243_B,"ALA_187_B,ARG_190_B,HIS_242_B,VAL_244_B,ASP_247_B"
VAL_244_B,"LEU_240_B,GLN_243_B,ALA_245_B,TYR_248_B,ALA_284_B"
ALA_245_B,"TYR_94_B,GLY_241_B,VAL_244_B,SER_246_B,LEU_249_B"
SER_246_B,"HIS_242_B,ALA_245_B,ASP_247_B"
ASP_247_B,"SER_184_B,GLN_243_B,SER_246_B,TYR_248_B,ILE_251_B"
TYR_248_B,"ALA_182_B,VAL_244_B,ASP_247_B,LEU_249_B,ILE_251_B,MET_252_B,TYR_281_B,ALA_284_B"
LEU_249_B,"ALA_245_B,TYR_248_B,ARG_250_B,GLU_253_B"
ARG_250_B,"LEU_249_B,ILE_251_B,GLU_253_B,ARG_254_B"
ILE_251_B,"ASP_247_B,TYR_248_B,ARG_250_B,MET_252_B"
MET_252_B,"PRO_89_B,TYR_248_B,ILE_251_B,GLU_253_B,ILE_256_B,VAL_269_B,VAL_271_B,TYR_281_B"
GLU_253_B,"LEU_249_B,ARG_250_B,MET_252_B,ARG_254_B,VAL_269_B"
ARG_254_B,"ARG_250_B,GLU_253_B,ALA_255_B"
ALA_255_B,"ARG_254_B,ILE_256_B"
ILE_256_B,"MET_252_B,ALA_255_B,ARG_257_B,TRP_263_B"
ARG_257_B,"ILE_256_B,LYS_258_B"
LYS_258_B,"ARG_257_B,TYR_259_B,GLU_276_B,GLU_277_B"
TYR_259_B,"LYS_258_B,ARG_260_B,ILE_261_B,PRO_272_B,GLU_277_B"
ARG_260_B,"TYR_259_B,ILE_261_B"
ILE_261_B,"TYR_259_B,ARG_260_B"
PRO_262_B,TRP_263_B
TRP_263_B,"ILE_256_B,PRO_262_B"
PRO_264_B,"ASP_265_B,LEU_268_B"
ASP_265_B,"ARG_42_B,PRO_264_B,ARG_266_B,GLU_267_B,LEU_268_B"
ARG_266_B,"ASP_265_B,GLU_267_B"
GLU_267_B,"ARG_42_B,TYR_70_B,GLY_71_B,ASP_265_B,ARG_266_B,LEU_268_B,VAL_269_B"
LEU_268_B,"ASN_49_B,PHE_72_B,PRO_264_B,ASP_265_B,GLU_267_B,VAL_269_B"
VAL_269_B,"SER_88_B,MET_252_B,GLU_253_B,GLU_267_B,LEU_268_B,SER_270_B"
SER_270_B,"VAL_269_B,VAL_271_B"
VAL_271_B,"ILE_87_B,MET_252_B,SER_270_B"
PRO_272_B,"TYR_259_B,PHE_273_B,SER_275_B"
PHE_273_B,"GLY_85_B,ILE_87_B,PRO_272_B,GLN_274_B,GLN_279_B,PHE_282_B,VAL_334_B"
GLN_274_B,"PHE_273_B,SER_275_B"
SER_275_B,"PRO_272_B,GLN_274_B,GLU_276_B,GLY_278_B,GLN_279_B"
GLU_276_B,"LYS_258_B,SER_275_B,GLU_277_B,ARG_280_B"
GLU_277_B,"LYS_258_B,TYR_259_B,GLU_276_B,GLY_278_B,TYR_281_B"
GLY_278_B,"SER_275_B,GLU_277_B,GLN_279_B,PHE_282_B"
GLN_279_B,"PHE_273_B,SER_275_B,GLY_278_B,ARG_280_B,SER_283_B"
ARG_280_B,"ASP_179_B,GLU_181_B,GLU_276_B,GLN_279_B,TYR_281_B,SER_283_B,ALA_284_B"
TYR_281_B,"ILE_87_B,PRO_89_B,ILE_92_B,TYR_248_B,MET_252_B,GLU_277_B,ARG_280_B,PHE_282_B,MET_285_B"
PHE_282_B,"PHE_273_B,GLY_278_B,TYR_281_B,SER_283_B,MET_285_B,LYS_286_B"
SER_283_B,"GLN_279_B,ARG_280_B,PHE_282_B,ALA_284_B"
ALA_284_B,"VAL_244_B,TYR_248_B,ARG_280_B,SER_283_B,MET_285_B,ALA_288_B"
MET_285_B,"ILE_96_B,TYR_281_B,PHE_282_B,ALA_284_B,LYS_286_B,ALA_289_B"
LYS_286_B,"GLU_176_B,PHE_282_B,MET_285_B,ALA_287_B,ASN_290_B"
ALA_287_B,"VAL_183_B,LYS_286_B,ALA_288_B,PHE_291_B"
ALA_288_B,"ALA_284_B,ALA_287_B,ALA_289_B,ALA_292_B"
ALA_289_B,"ASN_97_B,MET_285_B,ALA_288_B,ASN_290_B,TRP_293_B"
ASN_290_B,"LEU_148_B,MET_175_B,LYS_286_B,ALA_289_B,PHE_291_B,ALA_294_B"
PHE_291_B,"ALA_287_B,ASN_290_B,ALA_292_B,ASN_295_B"
ALA_292_B,"ASN_97_B,ALA_288_B,PHE_291_B,TRP_293_B,ARG_296_B"
TRP_293_B,"GLU_171_B,MET_175_B,ALA_289_B,ALA_292_B,ALA_294_B,GLN_297_B,ILE_331_B"
ALA_294_B,"VAL_147_B,ASN_290_B,TRP_293_B,ASN_295_B,MET_298_B"
ASN_295_B,"GLY_196_B,PHE_291_B,ALA_294_B,ARG_296_B"
ARG_296_B,"ASN_97_B,ARG_101_B,THR_235_B,ALA_292_B,ASN_295_B,GLN_297_B,THR_300_B,ASP_326_B"
GLN_297_B,"ARG_101_B,ALA_155_B,TYR_160_B,ASP_165_B,TRP_293_B,ARG_296_B,MET_298_B"
MET_298_B,"TYR_160_B,ALA_294_B,GLN_297_B,ILE_299_B"
ILE_299_B,"MET_298_B,THR_300_B,VAL_303_B"
THR_300_B,"ARG_101_B,ARG_296_B,ILE_299_B,HIS_301_B,ARG_304_B"
HIS_301_B,"THR_300_B,TRP_302_B,ARG_304_B,GLU_305_B"
TRP_302_B,"PRO_128_B,TYR_160_B,HIS_301_B,VAL_303_B,SER_306_B"
VAL_303_B,"LEU_205_B,ILE_299_B,TRP_302_B,ARG_304_B"
ARG_304_B,"ASP_165_B,THR_300_B,HIS_301_B,VAL_303_B,GLU_305_B,GLN_308_B,PRO_315_B,MET_321_B,ASP_322_B"
GLU_305_B,"HIS_301_B,ARG_304_B,SER_306_B,GLU_309_B"
SER_306_B,"ASN_126_B,TRP_302_B,GLU_305_B,PHE_307_B"
PHE_307_B,"LEU_107_B,LEU_119_B,VAL_231_B,SER_306_B,GLN_308_B,PHE_311_B,MET_321_B"
GLN_308_B,"ARG_304_B,PHE_307_B,GLU_309_B,LYS_312_B,PRO_315_B"
GLU_309_B,"ASN_126_B,GLU_305_B,GLN_308_B,VAL_310_B,LYS_312_B"
VAL_310_B,"GLU_309_B,PHE_311_B"
PHE_311_B,"VAL_112_B,PHE_307_B,VAL_310_B,LYS_312_B"
LYS_312_B,"GLN_308_B,GLU_309_B,PHE_311_B,GLN_313_B"
GLN_313_B,"LYS_312_B,ASP_314_B,ASP_318_B,LEU_319_B"
ASP_314_B,"GLN_313_B,GLU_316_B,ASP_318_B,LEU_319_B"
PRO_315_B,"ARG_304_B,GLN_308_B,GLU_316_B,MET_321_B"
GLU_316_B,"TRP_162_B,ARG_164_B,ASP_314_B,PRO_315_B,GLY_317_B"
GLY_317_B,"GLU_316_B,ASP_318_B"
ASP_318_B,"ASN_106_B,GLN_313_B,ASP_314_B,GLY_317_B,LEU_319_B"
LEU_319_B,"ASN_106_B,GLN_313_B,ASP_314_B,ASP_318_B,GLY_320_B,MET_321_B"
GLY_320_B,"ARG_104_B,LEU_319_B,MET_321_B,ASP_322_B"
MET_321_B,"ARG_304_B,PHE_307_B,PRO_315_B,LEU_319_B,GLY_320_B,ASP_322_B"
ASP_322_B,"ARG_104_B,ARG_164_B,ASP_165_B,ARG_168_B,ARG_304_B,GLY_320_B,MET_321_B,ILE_323_B"
ILE_323_B,"ARG_101_B,ASP_165_B,ARG_168_B,ASP_322_B,VAL_324_B"
VAL_324_B,"LEU_102_B,ARG_104_B,ILE_323_B,TYR_325_B,TYR_368_B"
TYR_325_B,"VAL_324_B,ASP_326_B,VAL_327_B,PRO_365_B,GLN_373_B,PRO_374_B"
ASP_326_B,"ARG_101_B,LEU_169_B,GLU_170_B,ARG_296_B,TYR_325_B,VAL_327_B"
VAL_327_B,"VAL_100_B,TYR_325_B,ASP_326_B,ALA_328_B"
ALA_328_B,"GLU_170_B,VAL_327_B,HIS_329_B,ILE_331_B"
HIS_329_B,"CYS_98_B,HIS_234_B,ALA_328_B,ASN_330_B,GLY_352_B,HIS_404_B"
ASN_330_B,"ASP_95_B,ASN_97_B,HIS_329_B,ILE_331_B,GLY_352_B"
ILE_331_B,"TRP_293_B,ALA_328_B,ASN_330_B,GLY_332_B,ARG_350_B"
GLY_332_B,"ILE_331_B,LYS_333_B"
LYS_333_B,"GLU_170_B,GLU_171_B,GLY_332_B,VAL_334_B,GLU_335_B,VAL_348_B,ARG_350_B,ARG_355_B"
VAL_334_B,"PHE_273_B,LYS_333_B,GLU_335_B"
GLU_335_B,"GLU_170_B,LYS_333_B,VAL_334_B,GLU_336_B,HIS_337_B,VAL_346_B,ARG_350_B,ARG_355_B"
GLU_336_B,"GLU_335_B,HIS_337_B,ARG_343_B"
HIS_337_B,"GLU_335_B,GLU_336_B,GLU_338_B,VAL_344_B,ARG_350_B"
GLU_338_B,"HIS_337_B,VAL_339_B"
VAL_339_B,"GLU_338_B,ASP_340_B,LYS_342_B"
ASP_340_B,"VAL_339_B,GLY_341_B"
GLY_341_B,"ASP_340_B,LYS_342_B"
LYS_342_B,"VAL_339_B,GLY_341_B,ARG_343_B"
ARG_343_B,"GLU_336_B,LYS_342_B,VAL_344_B"
VAL_344_B,"HIS_337_B,ARG_343_B,LYS_345_B"
LYS_345_B,"VAL_344_B,VAL_346_B"
VAL_346_B,"TYR_57_B,GLU_335_B,LYS_345_B,ILE_347_B,VAL_348_B"
ILE_347_B,"PHE_80_B,VAL_346_B,VAL_348_B"
VAL_348_B,"LYS_333_B,VAL_346_B,ILE_347_B,HIS_349_B"
HIS_349_B,"ALA_78_B,PHE_80_B,SER_88_B,VAL_348_B,ARG_350_B"
ARG_350_B,"GLU_170_B,ILE_331_B,LYS_333_B,GLU_335_B,HIS_337_B,HIS_349_B,LYS_351_B,ARG_355_B,PHE_399_B,SER_401_B"
LYS_351_B,"PHE_72_B,GLY_75_B,GLY_90_B,ARG_350_B,GLY_352_B"
GLY_352_B,"HIS_329_B,ASN_330_B,LYS_351_B,ALA_353_B"
ALA_353_B,"VAL_77_B,GLY_352_B,THR_354_B"
THR_354_B,"ALA_353_B,ARG_355_B,THR_402_B,CYS_403_B"
ARG_355_B,"GLU_170_B,GLU_171_B,LYS_333_B,GLU_335_B,ARG_350_B,THR_354_B,ALA_356_B,PHE_357_B,GLN_373_B"
ALA_356_B,"ARG_355_B,PHE_357_B,GLY_400_B"
PHE_357_B,"ARG_355_B,ALA_356_B,HIS_361_B,GLN_373_B"
PRO_359_B,GLY_360_B
GLY_360_B,"PRO_359_B,HIS_361_B,ARG_369_B"
HIS_361_B,"PHE_357_B,GLY_360_B,GLU_362_B,ALA_363_B"
GLU_362_B,"HIS_361_B,ALA_363_B"
ALA_363_B,"HIS_361_B,GLU_362_B,VAL_364_B"
VAL_364_B,"ALA_363_B,TYR_368_B,ARG_369_B,GLN_373_B"
PRO_365_B,"TYR_325_B,ARG_366_B,LEU_367_B,TYR_368_B,ARG_369_B"
ARG_366_B,"PRO_365_B,LEU_367_B"
LEU_367_B,"PRO_365_B,ARG_366_B,TYR_368_B"
TYR_368_B,"TYR_222_B,VAL_324_B,VAL_364_B,PRO_365_B,LEU_367_B,ARG_369_B,VAL_371_B,GLY_372_B,PRO_374_B"
ARG_369_B,"GLY_360_B,VAL_364_B,PRO_365_B,TYR_368_B,ASP_370_B"
ASP_370_B,"ARG_369_B,VAL_371_B"
VAL_371_B,"TYR_222_B,TYR_368_B,ASP_370_B,GLY_372_B"
GLY_372_B,"TYR_222_B,TYR_368_B,VAL_371_B,GLN_373_B"
GLN_373_B,"TYR_325_B,ARG_355_B,PHE_357_B,VAL_364_B,GLY_372_B,PRO_374_B,GLY_390_B"
PRO_374_B,"TYR_222_B,TYR_325_B,TYR_368_B,GLN_373_B,VAL_375_B"
VAL_375_B,"PRO_374_B,LEU_376_B,LEU_388_B,THR_402_B"
LEU_376_B,"VAL_100_B,VAL_375_B,ILE_377_B,ILE_387_B"
ILE_377_B,"LEU_376_B,TYR_386_B,LEU_388_B,VAL_454_B"
PRO_378_B,"VAL_100_B,PHE_204_B,GLY_379_B"
GLY_379_B,"PRO_378_B,SER_380_B"
SER_380_B,"GLY_379_B,MET_381_B,GLY_382_B,THR_383_B"
MET_381_B,"SER_380_B,GLY_382_B"
GLY_382_B,"GLU_206_B,SER_380_B,MET_381_B,THR_383_B,ARG_431_B"
THR_383_B,"SER_380_B,GLY_382_B,ALA_384_B"
ALA_384_B,"THR_383_B,SER_385_B"
SER_385_B,"GLN_208_B,ALA_384_B,TYR_386_B,MET_473_B"
TYR_386_B,"ILE_377_B,SER_385_B,ILE_387_B,ASP_455_B,VAL_458_B,ARG_472_B"
ILE_387_B,"TYR_222_B,LEU_224_B,LEU_376_B,TYR_386_B,LEU_388_B,ALA_471_B"
LEU_388_B,"VAL_375_B,ILE_377_B,ILE_387_B,ALA_389_B,ALA_467_B,LEU_469_B"
ALA_389_B,"LEU_388_B,GLY_390_B,LYS_468_B"
GLY_390_B,"GLN_373_B,ALA_389_B,THR_391_B"
THR_391_B,"GLY_390_B,GLU_392_B,GLY_465_B"
GLU_392_B,"THR_391_B,GLY_393_B,LYS_396_B"
GLY_393_B,"GLU_392_B,ALA_394_B,GLU_397_B"
ALA_394_B,"GLY_393_B,MET_395_B,THR_398_B,GLY_400_B"
MET_395_B,"ALA_394_B,LYS_396_B"
LYS_396_B,"LYS_58_B,GLU_392_B,MET_395_B,GLU_397_B"
GLU_397_B,"ARG_12_B,ARG_27_B,TYR_29_B,TYR_59_B,GLY_393_B,LYS_396_B,THR_398_B"
THR_398_B,"TYR_29_B,ALA_394_B,GLU_397_B,PHE_399_B,SER_401_B"
PHE_399_B,"LYS_58_B,ALA_79_B,ARG_350_B,THR_398_B,GLY_400_B"
GLY_400_B,"ALA_356_B,ALA_394_B,PHE_399_B,SER_401_B"
SER_401_B,"ARG_350_B,THR_398_B,GLY_400_B,THR_402_B"
THR_402_B,"THR_354_B,VAL_375_B,SER_401_B,CYS_403_B"
CYS_403_B,"THR_354_B,THR_402_B,HIS_404_B"
HIS_404_B,"ASP_65_B,HIS_67_B,HIS_234_B,HIS_329_B,CYS_403_B,GLY_405_B"
GLY_405_B,"ASP_65_B,HIS_404_B,ALA_406_B"
ALA_406_B,"GLY_405_B,GLY_407_B"
GLY_407_B,"ALA_406_B,ARG_408_B,LYS_452_B"
ARG_408_B,"GLY_407_B,VAL_409_B,LEU_410_B,ARG_412_B,GLU_446_B,TYR_451_B"
VAL_409_B,"ARG_408_B,LEU_410_B,ALA_450_B"
LEU_410_B,"ARG_408_B,VAL_409_B,SER_411_B"
SER_411_B,"LEU_410_B,ARG_412_B,ALA_415_B"
ARG_412_B,"ARG_408_B,SER_411_B,LYS_413_B,THR_416_B,GLU_445_B,GLU_446_B"
LYS_413_B,"ARG_412_B,ALA_414_B,ARG_417_B"
ALA_414_B,"LYS_413_B,ALA_415_B"
ALA_415_B,"SER_411_B,ALA_414_B,THR_416_B"
THR_416_B,"ARG_412_B,ALA_415_B,ARG_417_B"
ARG_417_B,"LYS_413_B,THR_416_B,GLN_418_B"
GLN_418_B,"ARG_417_B,TYR_419_B,ARG_420_B"
TYR_419_B,"GLN_418_B,ARG_420_B,ILE_424_B,ALA_447_B"
ARG_420_B,"GLN_418_B,TYR_419_B,GLY_421_B,ARG_423_B"
GLY_421_B,"ARG_420_B,ASP_422_B,ARG_425_B"
ASP_422_B,"GLY_421_B,ARG_423_B,ARG_425_B"
ARG_423_B,"ARG_420_B,ASP_422_B,ILE_424_B,GLU_427_B"
ILE_424_B,"TYR_419_B,ARG_423_B,ARG_425_B,VAL_443_B,ALA_447_B"
ARG_425_B,"GLY_421_B,ASP_422_B,ILE_424_B,GLN_426_B,LEU_429_B,VAL_435_B,ARG_436_B"
GLN_426_B,"ARG_425_B,GLU_427_B,ASN_430_B"
GLU_427_B,"ARG_423_B,GLN_426_B,LEU_428_B"
LEU_428_B,"GLU_427_B,LEU_429_B,ARG_431_B,ILE_433_B,VAL_435_B"
LEU_429_B,"ARG_425_B,LEU_428_B,ASN_430_B"
ASN_430_B,"GLN_426_B,LEU_429_B,ARG_431_B"
ARG_431_B,"GLY_382_B,LEU_428_B,ASN_430_B,GLY_432_B"
GLY_432_B,"ARG_113_B,ARG_431_B,ILE_433_B"
ILE_433_B,"LEU_428_B,GLY_432_B,TYR_434_B,VAL_478_B"
TYR_434_B,"LYS_117_B,VAL_120_B,ASP_121_B,ILE_433_B,VAL_435_B,ARG_436_B,VAL_478_B"
VAL_435_B,"ARG_425_B,LEU_428_B,TYR_434_B,ARG_436_B"
ARG_436_B,"LYS_117_B,ASP_121_B,ARG_425_B,TYR_434_B,VAL_435_B,ALA_437_B,VAL_478_B,LYS_480_B"
ALA_437_B,"ARG_436_B,ALA_438_B"
ALA_438_B,"ALA_437_B,SER_439_B"
SER_439_B,"ALA_438_B,MET_440_B"
MET_440_B,"SER_439_B,ARG_441_B,VAL_443_B"
ARG_441_B,"MET_440_B,VAL_442_B,GLU_445_B"
VAL_442_B,"ARG_441_B,VAL_443_B"
VAL_443_B,"ILE_424_B,MET_440_B,VAL_442_B,ALA_444_B"
ALA_444_B,"VAL_443_B,GLU_445_B"
GLU_445_B,"ARG_412_B,ARG_441_B,ALA_444_B,GLU_446_B"
GLU_446_B,"ARG_408_B,ARG_412_B,GLU_445_B,ALA_447_B,TYR_451_B,LYS_480_B"
ALA_447_B,"TYR_419_B,ILE_424_B,GLU_446_B,GLY_449_B,ALA_450_B"
PRO_448_B,GLY_449_B
GLY_449_B,"ALA_447_B,PRO_448_B,ALA_450_B"
ALA_450_B,"VAL_409_B,ALA_447_B,GLY_449_B,TYR_451_B"
TYR_451_B,"ARG_408_B,GLU_446_B,ALA_450_B,LYS_452_B"
LYS_452_B,"ASP_41_B,GLY_66_B,HIS_67_B,GLY_407_B,TYR_451_B,ASN_453_B"
ASN_453_B,"LYS_452_B,VAL_454_B,ASP_455_B,ASN_456_B"
VAL_454_B,"ILE_377_B,ASN_453_B,ASP_455_B,VAL_458_B"
ASP_455_B,"TYR_386_B,ASN_453_B,VAL_454_B,ASN_456_B,LYS_459_B,ARG_472_B"
ASN_456_B,"ASN_453_B,ASP_455_B,VAL_457_B"
VAL_457_B,"ASN_456_B,VAL_458_B"
VAL_458_B,"TYR_386_B,VAL_454_B,VAL_457_B,LYS_459_B,SER_462_B,LEU_469_B"
LYS_459_B,"ASP_31_B,ASP_455_B,VAL_458_B,VAL_460_B,GLU_463_B"
VAL_460_B,"PRO_64_B,LYS_459_B,VAL_461_B,ALA_464_B"
VAL_461_B,"PRO_64_B,VAL_460_B,SER_462_B"
SER_462_B,"VAL_458_B,VAL_461_B,GLU_463_B,GLY_465_B"
GLU_463_B,"LYS_459_B,SER_462_B,ALA_464_B"
ALA_464_B,"ARG_12_B,VAL_460_B,GLU_463_B,GLY_465_B"
GLY_465_B,"THR_391_B,SER_462_B,ALA_464_B,ILE_466_B"
ILE_466_B,"GLY_465_B,ALA_467_B"
ALA_467_B,"LEU_388_B,ILE_466_B,LYS_468_B"
LYS_468_B,"ASP_215_B,ALA_389_B,ALA_467_B,LEU_469_B"
LEU_469_B,"PHE_214_B,LEU_388_B,VAL_458_B,LYS_468_B,VAL_470_B"
VAL_470_B,"PHE_214_B,VAL_218_B,LEU_469_B,ALA_471_B"
ALA_471_B,"ILE_387_B,VAL_470_B,ARG_472_B"
ARG_472_B,"ASP_211_B,LYS_212_B,TYR_386_B,ASP_455_B,ALA_471_B,MET_473_B"
MET_473_B,"MET_232_B,SER_385_B,ARG_472_B,ARG_474_B"
ARG_474_B,"GLU_109_B,ARG_113_B,VAL_209_B,ASP_211_B,MET_473_B"
PRO_475_B,ILE_476_B
ILE_476_B,"VAL_207_B,VAL_209_B,PRO_475_B,GLY_477_B"
GLY_477_B,"VAL_207_B,ILE_476_B,VAL_478_B"
VAL_478_B,"GLU_206_B,ILE_433_B,TYR_434_B,ARG_436_B,GLY_477_B,ALA_479_B"
ALA_479_B,"LEU_205_B,VAL_478_B,LYS_480_B"
LYS_480_B,"ARG_436_B,GLU_446_B,ALA_479_B,GLY_481_B"
GLY_481_B,"LYS_480_B,ALA_482_B"
ALA_482_B,"GLY_481_B,ALA_483_B"
ALA_483_B,"ALA_482_B,ALA_484_B"
ALA_484_B,"ALA_483_B,LEU_485_B"
LEU_485_B,"ALA_484_B,GLU_486_B"
GLU_486_B,"LEU_485_B,HIS_487_B"
HIS_487_B,GLU_486_B
