residue_id,neighbors
ARG_-4_A,"GLY_-3_A,MET_1_A,ASP_2_A,ARG_3_A,GLU_23_A"
GLY_-3_A,"ARG_-4_A,SER_-2_A,MET_0_A"
SER_-2_A,"GLY_-3_A,HIS_-1_A"
HIS_-1_A,"SER_-2_A,MET_0_A"
MET_0_A,"GLY_-3_A,HIS_-1_A,MET_1_A"
MET_1_A,"ARG_-4_A,MET_0_A,ASP_2_A,ILE_6_A,GLU_98_A"
ASP_2_A,"ARG_-4_A,MET_1_A,ARG_3_A,ARG_4_A,GLU_5_A,ILE_6_A"
ARG_3_A,"ARG_-4_A,ASP_2_A,ARG_4_A,GLN_7_A,GLU_23_A"
ARG_4_A,"ASP_2_A,ARG_3_A,GLU_5_A,ARG_8_A"
GLU_5_A,"ASP_2_A,ARG_4_A,ILE_6_A,ARG_8_A,ARG_9_A"
ILE_6_A,"MET_1_A,ASP_2_A,GLU_5_A,GLN_7_A,ALA_10_A,PHE_20_A,PHE_22_A,TYR_27_A"
GLN_7_A,"ARG_3_A,ILE_6_A,ARG_8_A,LYS_11_A,TYR_27_A"
ARG_8_A,"ARG_4_A,GLU_5_A,GLN_7_A,ARG_9_A,GLU_12_A"
ARG_9_A,"GLU_5_A,ARG_8_A,ALA_10_A,GLU_12_A,LEU_13_A,PHE_95_A,GLU_98_A"
ALA_10_A,"ILE_6_A,ARG_9_A,LYS_11_A,TRP_16_A,TYR_27_A"
LYS_11_A,"GLN_7_A,ALA_10_A,GLU_12_A,GLU_14_A,TYR_27_A"
GLU_12_A,"ARG_8_A,ARG_9_A,LYS_11_A,LEU_13_A"
LEU_13_A,"ARG_9_A,GLU_12_A,GLU_14_A,ARG_92_A,PHE_95_A"
GLU_14_A,"LYS_11_A,LEU_13_A"
PRO_15_A,"TRP_16_A,ARG_92_A,GLN_184_A"
TRP_16_A,"ALA_10_A,PRO_15_A,VAL_17_A,PHE_20_A,PHE_95_A"
VAL_17_A,"TRP_16_A,ASN_18_A,SER_31_A,LEU_37_A,GLU_65_A,GLN_184_A"
ASN_18_A,"VAL_17_A,GLY_19_A,GLU_65_A"
GLY_19_A,"ASN_18_A,PHE_20_A"
PHE_20_A,"ILE_6_A,TRP_16_A,GLY_19_A,GLU_21_A,TYR_27_A,ALA_28_A,PHE_95_A"
GLU_21_A,"PHE_20_A,PHE_22_A,ARG_26_A"
PHE_22_A,"ILE_6_A,GLU_21_A,GLU_23_A,VAL_99_A"
GLU_23_A,"ARG_-4_A,ARG_3_A,PHE_22_A,GLY_24_A"
GLY_24_A,"GLU_23_A,ILE_25_A"
ILE_25_A,"GLY_24_A,ARG_26_A,TYR_27_A"
ARG_26_A,"GLU_21_A,ILE_25_A,TYR_27_A,GLU_29_A"
TYR_27_A,"ILE_6_A,GLN_7_A,ALA_10_A,LYS_11_A,PHE_20_A,ILE_25_A,ARG_26_A,ALA_28_A"
ALA_28_A,"PHE_20_A,TYR_27_A,GLU_29_A"
GLU_29_A,"ARG_26_A,ALA_28_A,GLY_30_A"
GLY_30_A,"GLU_29_A,SER_31_A"
SER_31_A,"VAL_17_A,GLY_30_A,ASP_32_A,GLU_182_A"
ASP_32_A,"SER_31_A,HIS_33_A"
HIS_33_A,"ASP_32_A,GLY_34_A,LEU_36_A,GLU_182_A"
GLY_34_A,"HIS_33_A,TYR_35_A,LEU_37_A"
TYR_35_A,"GLY_34_A,LEU_36_A"
LEU_36_A,"HIS_33_A,TYR_35_A,LEU_37_A"
LEU_37_A,"VAL_17_A,GLY_34_A,LEU_36_A,SER_38_A,LEU_64_A"
SER_38_A,"LEU_37_A,GLN_39_A"
GLN_39_A,"SER_38_A,ASP_40_A"
ASP_40_A,"GLN_39_A,ASP_43_A"
PRO_41_A,"ALA_42_A,ALA_45_A"
ALA_42_A,"PRO_41_A,ASP_43_A"
ASP_43_A,"ASP_40_A,ALA_42_A,ARG_44_A,ARG_46_A,ALA_47_A"
ARG_44_A,"ASP_43_A,ALA_45_A,PHE_48_A,ASP_68_A"
ALA_45_A,"PRO_41_A,ARG_44_A,ARG_46_A,TYR_49_A"
ARG_46_A,"ASP_43_A,ALA_45_A,ALA_47_A,GLU_50_A"
ALA_47_A,"ASP_43_A,ARG_46_A,PHE_48_A"
PHE_48_A,"ARG_44_A,ALA_47_A,TYR_49_A,PHE_52_A,ILE_58_A,LEU_72_A,ALA_125_A,TYR_153_A"
TYR_49_A,"ALA_45_A,PHE_48_A,GLU_50_A,ILE_58_A,LEU_72_A,GLN_75_A"
GLU_50_A,"ARG_46_A,TYR_49_A,ALA_51_A"
ALA_51_A,"GLU_50_A,PHE_52_A"
PHE_52_A,"PHE_48_A,ALA_51_A,ALA_125_A,VAL_229_A"
PRO_53_A,GLY_54_A
GLY_54_A,"PRO_53_A,ALA_55_A"
ALA_55_A,"GLY_54_A,THR_56_A"
THR_56_A,"ALA_55_A,ARG_57_A,SER_79_A,ASP_124_A"
ARG_57_A,"THR_56_A,ILE_58_A,ARG_108_A,ARG_122_A,PHE_123_A,ASP_124_A"
ILE_58_A,"PHE_48_A,TYR_49_A,ARG_57_A,LEU_59_A,SER_79_A,ILE_80_A,LEU_81_A"
LEU_59_A,"ILE_58_A,GLU_60_A,LEU_61_A,PHE_123_A,LEU_127_A"
GLU_60_A,"LEU_59_A,LEU_61_A,ASP_68_A,THR_69_A,LEU_81_A,LEU_83_A"
LEU_61_A,"LEU_59_A,GLU_60_A,GLY_62_A,LEU_127_A,LEU_131_A"
GLY_62_A,"LEU_61_A,ALA_63_A,LEU_83_A"
ALA_63_A,"GLY_62_A,LEU_64_A,GLY_66_A"
LEU_64_A,"LEU_37_A,ALA_63_A,GLU_65_A,GLU_84_A"
GLU_65_A,"VAL_17_A,ASN_18_A,LEU_64_A,GLY_66_A,ARG_92_A"
GLY_66_A,"ALA_63_A,GLU_65_A,ALA_67_A,LEU_70_A"
ALA_67_A,"GLY_66_A,ASP_68_A"
ASP_68_A,"ARG_44_A,GLU_60_A,ALA_67_A,THR_69_A,LEU_72_A"
THR_69_A,"GLU_60_A,ASP_68_A,LEU_70_A,ALA_73_A,VAL_105_A"
LEU_70_A,"GLY_66_A,THR_69_A,ALA_71_A"
ALA_71_A,"LEU_70_A,LEU_72_A"
LEU_72_A,"PHE_48_A,TYR_49_A,ASP_68_A,ALA_71_A,ALA_73_A"
ALA_73_A,"THR_69_A,LEU_72_A,ARG_74_A,ASN_104_A,VAL_105_A"
ARG_74_A,"ALA_73_A,GLN_75_A,HIS_100_A"
GLN_75_A,"TYR_49_A,ARG_74_A"
PRO_76_A,GLY_77_A
GLY_77_A,"PRO_76_A,THR_78_A"
THR_78_A,"GLY_77_A,SER_79_A"
SER_79_A,"THR_56_A,ILE_58_A,THR_78_A,ILE_80_A"
ILE_80_A,"ILE_58_A,SER_79_A,LEU_81_A,ASN_104_A,GLU_106_A"
LEU_81_A,"ILE_58_A,GLU_60_A,ILE_80_A,GLY_82_A"
GLY_82_A,"LEU_81_A,LEU_83_A,GLU_106_A,ARG_108_A"
LEU_83_A,"GLU_60_A,GLY_62_A,GLY_82_A,GLU_84_A,LEU_115_A"
GLU_84_A,"LEU_64_A,LEU_83_A,GLY_85_A,ARG_86_A"
GLY_85_A,"GLU_84_A,ARG_86_A"
ARG_86_A,"GLU_84_A,GLY_85_A,GLU_87_A,GLU_88_A,LEU_90_A,ARG_186_A,GLY_187_A"
GLU_87_A,"ARG_86_A,GLU_88_A,ARG_91_A"
GLU_88_A,"ARG_86_A,GLU_87_A,ASN_89_A"
ASN_89_A,"GLU_88_A,LEU_90_A,ARG_92_A,GLN_184_A"
LEU_90_A,"ARG_86_A,ASN_89_A,ARG_91_A,GLU_94_A,LEU_107_A"
ARG_91_A,"GLU_87_A,LEU_90_A,ARG_92_A,GLU_94_A"
ARG_92_A,"LEU_13_A,PRO_15_A,GLU_65_A,ASN_89_A,ARG_91_A,ALA_93_A,VAL_96_A,GLN_184_A"
ALA_93_A,"ARG_92_A,GLU_94_A,LEU_107_A"
GLU_94_A,"LEU_90_A,ARG_91_A,ALA_93_A,PHE_95_A"
PHE_95_A,"ARG_9_A,LEU_13_A,TRP_16_A,PHE_20_A,GLU_94_A,VAL_96_A,VAL_99_A"
VAL_96_A,"ARG_92_A,PHE_95_A,MET_97_A"
MET_97_A,"VAL_96_A,GLU_98_A,GLY_101_A,ALA_102_A,LEU_107_A"
GLU_98_A,"MET_1_A,ARG_9_A,MET_97_A,VAL_99_A"
VAL_99_A,"PHE_22_A,PHE_95_A,GLU_98_A,HIS_100_A"
HIS_100_A,"ARG_74_A,VAL_99_A,GLY_101_A"
GLY_101_A,"MET_97_A,HIS_100_A,ALA_102_A"
ALA_102_A,"MET_97_A,GLY_101_A,THR_103_A"
THR_103_A,"ALA_102_A,ASN_104_A"
ASN_104_A,"ALA_73_A,ILE_80_A,THR_103_A,VAL_105_A"
VAL_105_A,"THR_69_A,ALA_73_A,ASN_104_A,GLU_106_A"
GLU_106_A,"ILE_80_A,GLY_82_A,VAL_105_A,LEU_107_A,ARG_108_A"
LEU_107_A,"LEU_90_A,ALA_93_A,MET_97_A,GLU_106_A,ARG_108_A"
ARG_108_A,"ARG_57_A,GLY_82_A,GLU_106_A,LEU_107_A,ILE_109_A"
ILE_109_A,"ARG_108_A,ALA_110_A"
ALA_110_A,"ILE_109_A,ASP_111_A"
ASP_111_A,"ALA_110_A,VAL_112_A,GLU_113_A,THR_114_A,LEU_115_A,LEU_188_A"
VAL_112_A,"ASP_111_A,GLU_113_A"
GLU_113_A,"ASP_111_A,VAL_112_A,THR_114_A,ARG_136_A,GLU_137_A,SER_189_A"
THR_114_A,"ASP_111_A,GLU_113_A,LEU_115_A"
LEU_115_A,"LEU_83_A,ASP_111_A,THR_114_A,ASP_116_A"
ASP_116_A,"LEU_115_A,PHE_117_A,ALA_118_A,THR_119_A"
PHE_117_A,"ASP_116_A,ALA_118_A,ASP_144_A"
ALA_118_A,"ASP_116_A,PHE_117_A,THR_119_A"
THR_119_A,"ASP_116_A,ALA_118_A,LEU_120_A"
LEU_120_A,"THR_119_A,GLY_121_A,PHE_123_A"
GLY_121_A,"LEU_120_A,ARG_122_A"
ARG_122_A,"ARG_57_A,GLY_121_A,PHE_123_A,ASP_124_A"
PHE_123_A,"ARG_57_A,LEU_59_A,LEU_120_A,ARG_122_A,ASP_124_A,VAL_148_A,SER_149_A"
ASP_124_A,"THR_56_A,ARG_57_A,ARG_122_A,PHE_123_A,ALA_125_A"
ALA_125_A,"PHE_48_A,PHE_52_A,ASP_124_A,VAL_126_A"
VAL_126_A,"ALA_125_A,LEU_127_A,GLY_151_A,TYR_153_A"
LEU_127_A,"LEU_59_A,LEU_61_A,VAL_126_A,CYS_128_A,TYR_153_A"
CYS_128_A,"LEU_127_A,ALA_129_A,TYR_153_A"
ALA_129_A,"CYS_128_A,GLY_130_A"
GLY_130_A,"ALA_129_A,LEU_131_A"
LEU_131_A,"LEU_61_A,GLY_130_A,LEU_132_A,HIS_134_A"
LEU_132_A,"LEU_131_A,TYR_133_A,PRO_138_A,LEU_200_A"
TYR_133_A,"LEU_132_A,HIS_134_A,HIS_157_A"
HIS_134_A,"LEU_131_A,TYR_133_A,VAL_135_A,GLU_178_A,HIS_180_A"
VAL_135_A,"HIS_134_A,ARG_136_A"
ARG_136_A,"GLU_113_A,VAL_135_A,GLU_137_A,ASP_191_A,ARG_193_A"
GLU_137_A,"GLU_113_A,ARG_136_A,TRP_139_A,ALA_140_A,ARG_193_A"
PRO_138_A,"LEU_132_A,TRP_139_A"
TRP_139_A,"GLU_137_A,PRO_138_A,ALA_140_A,LEU_168_A,TYR_171_A,VAL_173_A"
ALA_140_A,"GLU_137_A,TRP_139_A,LEU_141_A,ASP_144_A"
LEU_141_A,"ALA_140_A,LEU_142_A,ALA_145_A"
LEU_142_A,"LEU_141_A,LYS_143_A"
LYS_143_A,"LEU_142_A,ASP_144_A,ARG_147_A"
ASP_144_A,"PHE_117_A,ALA_140_A,LYS_143_A,ALA_145_A,ARG_147_A"
ALA_145_A,"LEU_141_A,ASP_144_A,ALA_146_A"
ALA_146_A,"ALA_145_A,ARG_147_A"
ARG_147_A,"LYS_143_A,ASP_144_A,ALA_146_A,VAL_148_A"
VAL_148_A,"PHE_123_A,ARG_147_A,SER_149_A"
SER_149_A,"PHE_123_A,VAL_148_A,ALA_150_A"
ALA_150_A,"SER_149_A,GLY_151_A,ALA_232_A"
GLY_151_A,"VAL_126_A,ALA_150_A,ILE_152_A"
ILE_152_A,"GLY_151_A,TYR_153_A,PHE_209_A,GLY_230_A"
TYR_153_A,"PHE_48_A,VAL_126_A,LEU_127_A,CYS_128_A,ILE_152_A,LEU_154_A,LEU_215_A,VAL_227_A"
LEU_154_A,"TYR_153_A,SER_155_A,VAL_228_A"
SER_155_A,"LEU_154_A,THR_156_A"
THR_156_A,"SER_155_A,HIS_157_A,ILE_226_A"
HIS_157_A,"TYR_133_A,THR_156_A,TYR_158_A,HIS_180_A,TRP_194_A,ARG_218_A,ASP_225_A"
TYR_158_A,"HIS_157_A,TRP_159_A,ARG_197_A,GLU_217_A,CYS_224_A"
TRP_159_A,"TYR_158_A,GLY_160_A,LYS_174_A,LEU_195_A,GLU_222_A"
GLY_160_A,"TRP_159_A,SER_161_A,GLU_222_A"
SER_161_A,"GLY_160_A,SER_162_A,ALA_221_A"
SER_162_A,"SER_161_A,ASP_163_A,ASP_196_A"
ASP_163_A,"SER_162_A,GLY_164_A"
GLY_164_A,"ASP_163_A,LEU_165_A"
LEU_165_A,"GLY_164_A,GLU_166_A"
GLU_166_A,"LEU_165_A,THR_167_A,VAL_173_A,HIS_175_A,ARG_193_A"
THR_167_A,"GLU_166_A,LEU_168_A"
LEU_168_A,"TRP_139_A,THR_167_A,ASP_169_A,TYR_171_A"
ASP_169_A,"LEU_168_A,GLY_170_A"
GLY_170_A,"ASP_169_A,TYR_171_A"
TYR_171_A,"TRP_139_A,LEU_168_A,GLY_170_A,SER_172_A,ASN_206_A"
SER_172_A,"TYR_171_A,VAL_173_A,SER_199_A"
VAL_173_A,"TRP_139_A,GLU_166_A,SER_172_A,LYS_174_A"
LYS_174_A,"TRP_159_A,VAL_173_A,HIS_175_A,TRP_194_A"
HIS_175_A,"GLU_166_A,LYS_174_A,VAL_176_A,ASP_191_A,ARG_193_A"
VAL_176_A,"HIS_175_A,ARG_177_A,VAL_192_A"
ARG_177_A,"VAL_176_A,GLU_178_A"
GLU_178_A,"HIS_134_A,ARG_177_A,GLU_179_A,HIS_180_A,ARG_186_A,GLY_187_A,VAL_190_A"
GLU_179_A,"GLU_178_A,HIS_180_A"
HIS_180_A,"HIS_134_A,HIS_157_A,GLU_178_A,GLU_179_A,ARG_186_A"
PRO_181_A,GLU_182_A
GLU_182_A,"SER_31_A,HIS_33_A,PRO_181_A,ALA_185_A"
PRO_183_A,GLN_184_A
GLN_184_A,"PRO_15_A,VAL_17_A,ASN_89_A,ARG_92_A,PRO_183_A,ALA_185_A"
ALA_185_A,"GLU_182_A,GLN_184_A,ARG_186_A"
ARG_186_A,"ARG_86_A,GLU_178_A,HIS_180_A,ALA_185_A,GLY_187_A"
GLY_187_A,"ARG_86_A,GLU_178_A,ARG_186_A,LEU_188_A"
LEU_188_A,"ASP_111_A,GLY_187_A,SER_189_A"
SER_189_A,"GLU_113_A,LEU_188_A,VAL_190_A"
VAL_190_A,"GLU_178_A,SER_189_A,ASP_191_A"
ASP_191_A,"ARG_136_A,HIS_175_A,VAL_190_A,VAL_192_A,ARG_193_A"
VAL_192_A,"VAL_176_A,ASP_191_A,ARG_193_A"
ARG_193_A,"ARG_136_A,GLU_137_A,GLU_166_A,HIS_175_A,ASP_191_A,VAL_192_A,TRP_194_A"
TRP_194_A,"HIS_157_A,LYS_174_A,ARG_193_A,LEU_195_A"
LEU_195_A,"TRP_159_A,TRP_194_A,ASP_196_A"
ASP_196_A,"SER_162_A,LEU_195_A,ARG_197_A,SER_199_A,LEU_200_A"
ARG_197_A,"TYR_158_A,ASP_196_A,ALA_198_A,GLU_217_A"
ALA_198_A,"ARG_197_A,SER_199_A,ALA_202_A"
SER_199_A,"SER_172_A,ASP_196_A,ALA_198_A,LEU_200_A,ALA_203_A"
LEU_200_A,"LEU_132_A,ASP_196_A,SER_199_A,PHE_201_A,LEU_204_A"
PHE_201_A,"LEU_200_A,ALA_202_A,GLU_205_A,ILE_212_A"
ALA_202_A,"ALA_198_A,PHE_201_A,ALA_203_A,ASN_206_A"
ALA_203_A,"SER_199_A,ALA_202_A,LEU_204_A"
LEU_204_A,"LEU_200_A,ALA_203_A,GLU_205_A,PHE_209_A,ILE_212_A"
GLU_205_A,"PHE_201_A,LEU_204_A,ASN_206_A,GLY_208_A"
ASN_206_A,"TYR_171_A,ALA_202_A,GLU_205_A,ALA_207_A"
ALA_207_A,"ASN_206_A,GLY_208_A"
GLY_208_A,"GLU_205_A,ALA_207_A,PHE_209_A,VAL_210_A"
PHE_209_A,"ILE_152_A,LEU_204_A,GLY_208_A,VAL_210_A"
VAL_210_A,"GLY_208_A,PHE_209_A,GLU_211_A"
GLU_211_A,"VAL_210_A,ILE_212_A,ARG_231_A"
ILE_212_A,"PHE_201_A,LEU_204_A,GLU_211_A,GLU_213_A"
GLU_213_A,"ILE_212_A,VAL_214_A,VAL_229_A,ARG_231_A"
VAL_214_A,"GLU_213_A,LEU_215_A"
LEU_215_A,"TYR_153_A,VAL_214_A,HIS_216_A,VAL_227_A,VAL_229_A"
HIS_216_A,"LEU_215_A,GLU_217_A,ARG_218_A,ASP_225_A,VAL_227_A"
GLU_217_A,"TYR_158_A,ARG_197_A,HIS_216_A,ARG_218_A"
ARG_218_A,"HIS_157_A,HIS_216_A,GLU_217_A,THR_219_A,ASP_225_A"
THR_219_A,"ARG_218_A,SER_220_A"
SER_220_A,"THR_219_A,ALA_221_A,VAL_223_A"
ALA_221_A,"SER_161_A,SER_220_A,GLU_222_A"
GLU_222_A,"TRP_159_A,GLY_160_A,ALA_221_A,VAL_223_A"
VAL_223_A,"SER_220_A,GLU_222_A,CYS_224_A"
CYS_224_A,"TYR_158_A,VAL_223_A,ASP_225_A"
ASP_225_A,"HIS_157_A,HIS_216_A,ARG_218_A,CYS_224_A,ILE_226_A"
ILE_226_A,"THR_156_A,ASP_225_A,VAL_227_A,VAL_228_A"
VAL_227_A,"TYR_153_A,LEU_215_A,HIS_216_A,ILE_226_A,VAL_228_A"
VAL_228_A,"LEU_154_A,ILE_226_A,VAL_227_A,VAL_229_A"
VAL_229_A,"PHE_52_A,GLU_213_A,LEU_215_A,VAL_228_A,GLY_230_A"
GLY_230_A,"ILE_152_A,VAL_229_A,ARG_231_A"
ARG_231_A,"GLU_211_A,GLU_213_A,GLY_230_A,ALA_232_A"
ALA_232_A,"ALA_150_A,ARG_231_A,ARG_233_A"
ARG_233_A,ALA_232_A
