residue_id,neighbors
PRO_27_C,GLY_28_C
GLY_28_C,"PRO_27_C,CYS_29_C"
CYS_29_C,"GLY_28_C,GLY_30_C,CYS_44_C"
GLY_30_C,CYS_29_C
PRO_31_C,GLY_32_C
GLY_32_C,"PRO_31_C,LYS_33_C"
LYS_33_C,"GLY_32_C,VAL_34_C"
VAL_34_C,"LYS_33_C,GLN_35_C"
GLN_35_C,"VAL_34_C,ASN_36_C"
ASN_36_C,"GLN_35_C,GLY_37_C"
GLY_37_C,"ASN_36_C,SER_38_C,GLY_39_C"
SER_38_C,"GLY_37_C,GLY_39_C,ASN_40_C,CYS_45_C"
GLY_39_C,"GLY_37_C,SER_38_C,ASN_40_C"
ASN_40_C,"SER_38_C,GLY_39_C,ASN_41_C,THR_42_C"
ASN_41_C,"ASN_40_C,THR_42_C"
THR_42_C,"ASN_40_C,ASN_41_C,ARG_43_C"
ARG_43_C,"THR_42_C,CYS_44_C,VAL_63_C"
CYS_44_C,"CYS_29_C,ARG_43_C,CYS_45_C"
CYS_45_C,"SER_38_C,CYS_44_C,SER_46_C,CYS_60_C"
SER_46_C,"CYS_45_C,LEU_47_C,ARG_59_C"
LEU_47_C,"SER_46_C,TYR_48_C"
TYR_48_C,"LEU_47_C,LYS_57_C"
PRO_56_C,LYS_57_C
LYS_57_C,"TYR_48_C,PRO_56_C,GLU_58_C"
GLU_58_C,"LYS_57_C,ARG_59_C"
ARG_59_C,"SER_46_C,GLU_58_C,CYS_60_C"
CYS_60_C,"CYS_45_C,ARG_59_C,ILE_61_C,CYS_74_C"
ILE_61_C,"CYS_60_C,CYS_62_C"
CYS_62_C,"ILE_61_C,VAL_63_C,CYS_77_C"
VAL_63_C,"ARG_43_C,CYS_62_C,THR_64_C"
THR_64_C,"VAL_63_C,TYR_67_C"
PRO_65_C,GLU_66_C
GLU_66_C,"PRO_65_C,TYR_67_C,HIS_79_C,TYR_80_C,ARG_112_C"
TYR_67_C,"THR_64_C,GLU_66_C,HIS_68_C,HIS_79_C"
HIS_68_C,"TYR_67_C,CYS_69_C,ASP_113_C,HIS_115_C"
CYS_69_C,"HIS_68_C,GLY_70_C,CYS_74_C"
GLY_70_C,"CYS_69_C,ASP_71_C"
ASP_71_C,"GLY_70_C,LYS_78_C"
PRO_72_C,GLN_73_C
GLN_73_C,"PRO_72_C,CYS_74_C,LYS_75_C"
CYS_74_C,"CYS_60_C,CYS_69_C,GLN_73_C,LYS_75_C"
LYS_75_C,"GLN_73_C,CYS_74_C,ILE_76_C"
ILE_76_C,"LYS_75_C,CYS_77_C"
CYS_77_C,"CYS_62_C,ILE_76_C,LYS_78_C"
LYS_78_C,"ASP_71_C,CYS_77_C,HIS_79_C,PHE_98_C"
HIS_79_C,"GLU_66_C,TYR_67_C,LYS_78_C,TYR_80_C"
TYR_80_C,"GLU_66_C,HIS_79_C,PHE_98_C"
PRO_81_C,CYS_82_C
CYS_82_C,"PRO_81_C,GLN_83_C,VAL_88_C,CYS_100_C"
GLN_83_C,CYS_82_C
PRO_84_C,GLY_85_C
GLY_85_C,"PRO_84_C,GLN_86_C"
GLN_86_C,"GLY_85_C,ARG_87_C"
ARG_87_C,"GLN_86_C,VAL_88_C,GLU_89_C,VAL_101_C"
VAL_88_C,"CYS_82_C,ARG_87_C,GLU_89_C,PHE_98_C,GLY_114_C"
GLU_89_C,"ARG_87_C,VAL_88_C,SER_90_C,ARG_99_C"
SER_90_C,"GLU_89_C,GLN_91_C"
GLN_91_C,"SER_90_C,GLY_92_C,GLY_97_C"
GLY_92_C,"GLN_91_C,ASP_93_C"
ASP_93_C,"GLY_92_C,ILE_94_C"
ILE_94_C,"ASP_93_C,VAL_95_C"
VAL_95_C,"ILE_94_C,PHE_96_C"
PHE_96_C,"VAL_95_C,GLY_97_C,PHE_98_C"
GLY_97_C,"GLN_91_C,PHE_96_C,PHE_98_C"
PHE_98_C,"LYS_78_C,TYR_80_C,VAL_88_C,PHE_96_C,GLY_97_C,ARG_99_C"
ARG_99_C,"GLU_89_C,PHE_98_C,CYS_100_C"
CYS_100_C,"CYS_82_C,ARG_99_C,VAL_101_C"
VAL_101_C,"ARG_87_C,CYS_100_C,ALA_102_C"
ALA_102_C,"VAL_101_C,CYS_103_C"
CYS_103_C,"ALA_102_C,ALA_104_C,CYS_116_C"
ALA_104_C,"CYS_103_C,MET_105_C,THR_107_C"
MET_105_C,"ALA_104_C,GLY_106_C"
GLY_106_C,"MET_105_C,THR_107_C"
THR_107_C,"ALA_104_C,GLY_106_C,PHE_108_C,LEU_118_C"
PHE_108_C,"THR_107_C,SER_109_C,ARG_117_C,ASN_138_C"
SER_109_C,"PHE_108_C,ALA_110_C"
ALA_110_C,"SER_109_C,GLY_111_C"
GLY_111_C,"ALA_110_C,ARG_112_C"
ARG_112_C,"GLU_66_C,GLY_111_C,ASP_113_C"
ASP_113_C,"HIS_68_C,ARG_112_C,GLY_114_C,ARG_117_C"
GLY_114_C,"VAL_88_C,ASP_113_C,HIS_115_C"
HIS_115_C,"HIS_68_C,GLY_114_C,CYS_116_C"
CYS_116_C,"CYS_103_C,HIS_115_C,ARG_117_C"
ARG_117_C,"PHE_108_C,ASP_113_C,CYS_116_C,LEU_118_C"
LEU_118_C,"THR_107_C,ARG_117_C,TRP_119_C"
TRP_119_C,"LEU_118_C,THR_120_C"
THR_120_C,"TRP_119_C,ASN_121_C"
ASN_121_C,"THR_120_C,CYS_122_C,SER_123_C"
CYS_122_C,"ASN_121_C,SER_123_C,PHE_127_C,CYS_141_C"
SER_123_C,"ASN_121_C,CYS_122_C,GLN_124_C"
GLN_124_C,"SER_123_C,PHE_125_C"
PHE_125_C,"GLN_124_C,GLY_126_C"
GLY_126_C,"PHE_125_C,PHE_127_C"
PHE_127_C,"CYS_122_C,GLY_126_C,LEU_128_C,CYS_141_C"
LEU_128_C,"PHE_127_C,THR_129_C,ILE_142_C"
THR_129_C,"LEU_128_C,MET_130_C"
MET_130_C,"THR_129_C,PHE_131_C,VAL_140_C"
PHE_131_C,"MET_130_C,VAL_140_C"
PRO_132_C,GLY_133_C
GLY_133_C,"PRO_132_C,ASN_134_C"
ASN_134_C,"GLY_133_C,LYS_135_C,HIS_137_C"
LYS_135_C,"ASN_134_C,THR_136_C"
THR_136_C,"LYS_135_C,HIS_137_C"
HIS_137_C,"ASN_134_C,THR_136_C,ASN_138_C"
ASN_138_C,"PHE_108_C,HIS_137_C,ALA_139_C"
ALA_139_C,"ASN_138_C,VAL_140_C"
VAL_140_C,"MET_130_C,PHE_131_C,ALA_139_C,CYS_141_C"
CYS_141_C,"CYS_122_C,PHE_127_C,VAL_140_C,ILE_142_C"
ILE_142_C,"LEU_128_C,CYS_141_C"
PRO_143_C,GLU_144_C
GLU_144_C,PRO_143_C
