residue_id,neighbors
SER_71_P,GLY_72_P
GLY_72_P,"SER_71_P,PHE_73_P,LYS_126_P"
PHE_73_P,"GLY_72_P,GLU_74_P,PHE_75_P"
GLU_74_P,"PHE_73_P,PHE_75_P,HIS_76_P,GLU_124_P,LYS_126_P"
PHE_75_P,"PHE_73_P,GLU_74_P,HIS_76_P,PHE_483_P"
HIS_76_P,"GLU_74_P,PHE_75_P,GLY_77_P,ASN_122_P,GLU_124_P,LYS_126_P,PHE_483_P"
GLY_77_P,"HIS_76_P,TYR_78_P"
TYR_78_P,"GLY_77_P,ALA_79_P,GLU_480_P,TRP_482_P"
ALA_79_P,"TYR_78_P,ARG_80_P,THR_481_P"
ARG_80_P,"ALA_79_P,SER_81_P,ARG_110_P,ASP_116_P,ASP_199_P,GLU_480_P"
SER_81_P,"ARG_80_P,GLY_82_P,THR_117_P,MET_479_P"
GLY_82_P,"SER_81_P,VAL_83_P"
VAL_83_P,"GLY_82_P,ILE_84_P,TYR_148_P,TYR_443_P,VAL_477_P"
ILE_84_P,"VAL_83_P,MET_85_P,ALA_115_P"
MET_85_P,"ILE_84_P,ASN_86_P,PHE_475_P"
ASN_86_P,"MET_85_P,ASP_87_P,SER_88_P,GLY_89_P,ALA_90_P,THR_92_P"
ASP_87_P,"ASN_86_P,SER_88_P,GLU_472_P"
SER_88_P,"ASN_86_P,ASP_87_P,GLY_89_P"
GLY_89_P,"ASN_86_P,SER_88_P,ALA_90_P"
ALA_90_P,"ASN_86_P,GLY_89_P,SER_91_P"
SER_91_P,"ALA_90_P,THR_92_P"
THR_92_P,"ASN_86_P,SER_91_P,LYS_93_P"
LYS_93_P,"THR_92_P,SER_94_P,SER_464_P,PHE_467_P"
SER_94_P,"LYS_93_P,GLY_95_P"
GLY_95_P,"SER_94_P,ALA_96_P,ASN_113_P"
ALA_96_P,"GLY_95_P,TYR_97_P,ILE_108_P"
TYR_97_P,"ALA_96_P,ILE_98_P,ALA_107_P,LYS_322_P"
ILE_98_P,"TYR_97_P,THR_99_P"
THR_99_P,"ILE_98_P,GLY_102_P,GLN_398_P,PHE_417_P"
PRO_100_P,"ALA_101_P,LEU_402_P,TYR_456_P"
ALA_101_P,"PRO_100_P,GLY_102_P,GLY_106_P,TRP_374_P"
GLY_102_P,"THR_99_P,ALA_101_P,GLU_103_P"
GLU_103_P,"GLY_102_P,THR_104_P,ARG_410_P,ASP_459_P,ASP_460_P"
THR_104_P,"GLU_103_P,GLY_105_P"
GLY_105_P,"THR_104_P,GLY_106_P,ALA_107_P"
GLY_106_P,"ALA_101_P,GLY_105_P,ALA_107_P"
ALA_107_P,"TYR_97_P,GLY_105_P,GLY_106_P,ILE_108_P,ILE_198_P,THR_376_P"
ILE_108_P,"ALA_96_P,ALA_107_P,GLY_109_P,PHE_417_P"
GLY_109_P,"ILE_108_P,ARG_110_P,SER_396_P"
ARG_110_P,"ARG_80_P,GLY_109_P,LEU_111_P,ASN_113_P,ASP_194_P,HIS_196_P,ASP_199_P,ARG_380_P,GLU_480_P"
LEU_111_P,"ARG_110_P,GLY_112_P,GLU_394_P,LYS_419_P"
GLY_112_P,"LEU_111_P,ASN_113_P"
ASN_113_P,"GLY_95_P,ARG_110_P,GLY_112_P,GLN_114_P"
GLN_114_P,"ASN_113_P,ALA_115_P"
ALA_115_P,"ILE_84_P,GLN_114_P,ASP_116_P"
ASP_116_P,"ARG_80_P,ALA_115_P,THR_117_P"
THR_117_P,"SER_81_P,ASP_116_P,TYR_118_P,GLN_145_P"
TYR_118_P,"THR_117_P,VAL_119_P,GLU_120_P"
VAL_119_P,"TYR_118_P,GLU_120_P,MET_121_P,ASP_143_P"
GLU_120_P,"TYR_118_P,VAL_119_P,MET_121_P,ARG_161_P"
MET_121_P,"VAL_119_P,GLU_120_P,ASN_122_P,VAL_141_P"
ASN_122_P,"HIS_76_P,MET_121_P,LEU_123_P"
LEU_123_P,"ASN_122_P,GLU_124_P"
GLU_124_P,"GLU_74_P,HIS_76_P,LEU_123_P,HIS_125_P,LYS_126_P,ARG_136_P,LYS_138_P"
HIS_125_P,"GLU_124_P,LYS_126_P,PHE_137_P"
LYS_126_P,"GLY_72_P,GLU_74_P,HIS_76_P,GLU_124_P,HIS_125_P,GLN_127_P,ARG_136_P"
GLN_127_P,"LYS_126_P,THR_128_P,THR_135_P"
THR_128_P,"GLN_127_P,LEU_129_P"
LEU_129_P,"THR_128_P,ASP_130_P,GLY_132_P,ALA_133_P"
ASP_130_P,"LEU_129_P,ASN_131_P"
ASN_131_P,"ASP_130_P,GLY_132_P,ALA_133_P"
GLY_132_P,"LEU_129_P,ASN_131_P,ALA_133_P"
ALA_133_P,"LEU_129_P,ASN_131_P,GLY_132_P,THR_134_P"
THR_134_P,"ALA_133_P,THR_135_P,GLY_168_P"
THR_135_P,"GLN_127_P,THR_134_P,ARG_136_P"
ARG_136_P,"GLU_124_P,LYS_126_P,THR_135_P,PHE_137_P,LYS_138_P,GLU_166_P,ARG_187_P"
PHE_137_P,"HIS_125_P,ARG_136_P,LYS_138_P,VAL_139_P"
LYS_138_P,"GLU_124_P,ARG_136_P,PHE_137_P,VAL_139_P,PHE_164_P"
VAL_139_P,"PHE_137_P,LYS_138_P,MET_140_P"
MET_140_P,"VAL_139_P,VAL_141_P,GLN_162_P"
VAL_141_P,"MET_121_P,MET_140_P,ALA_142_P"
ALA_142_P,"VAL_141_P,ASP_143_P,ASN_159_P,ARG_161_P"
ASP_143_P,"VAL_119_P,ALA_142_P,GLY_144_P,ASP_157_P,LEU_158_P"
GLY_144_P,"ASP_143_P,GLN_145_P"
GLN_145_P,"THR_117_P,GLY_144_P,THR_146_P,THR_155_P"
THR_146_P,"GLN_145_P,SER_147_P"
SER_147_P,"THR_146_P,TYR_148_P"
TYR_148_P,"VAL_83_P,SER_147_P,ASN_149_P"
ASN_149_P,"TYR_148_P,ASP_150_P"
ASP_150_P,"ASN_149_P,TRP_151_P"
TRP_151_P,"ASP_150_P,THR_152_P"
THR_152_P,"TRP_151_P,ALA_153_P,SER_156_P"
ALA_153_P,"THR_152_P,SER_154_P"
SER_154_P,"ALA_153_P,THR_155_P"
THR_155_P,"GLN_145_P,SER_154_P,SER_156_P"
SER_156_P,"THR_152_P,THR_155_P,ASP_157_P"
ASP_157_P,"ASP_143_P,SER_156_P,LEU_158_P,ASN_159_P"
LEU_158_P,"ASP_143_P,ASP_157_P,ASN_159_P"
ASN_159_P,"ALA_142_P,ASP_157_P,LEU_158_P,VAL_160_P"
VAL_160_P,"ASN_159_P,ARG_161_P"
ARG_161_P,"GLU_120_P,ALA_142_P,VAL_160_P,GLN_162_P"
GLN_162_P,"MET_140_P,ARG_161_P,ALA_163_P,PHE_188_P"
ALA_163_P,"GLN_162_P,PHE_164_P,LYS_186_P"
PHE_164_P,"LYS_138_P,ALA_163_P,VAL_165_P,ARG_187_P"
VAL_165_P,"PHE_164_P,GLU_166_P"
GLU_166_P,"ARG_136_P,VAL_165_P,LEU_167_P,ARG_187_P"
LEU_167_P,"GLU_166_P,GLY_168_P,LEU_182_P"
GLY_168_P,"THR_134_P,LEU_167_P,ASN_169_P"
ASN_169_P,"GLY_168_P,LEU_170_P"
LEU_170_P,ASN_169_P
PRO_171_P,THR_172_P
THR_172_P,"PRO_171_P,PHE_173_P"
PHE_173_P,"THR_172_P,ALA_174_P"
ALA_174_P,"PHE_173_P,GLY_175_P"
GLY_175_P,ALA_174_P
PRO_176_P,"PHE_177_P,LYS_216_P"
PHE_177_P,"PRO_176_P,LYS_178_P,SER_180_P"
LYS_178_P,"PHE_177_P,GLY_179_P"
GLY_179_P,"LYS_178_P,SER_180_P"
SER_180_P,"PHE_177_P,GLY_179_P,THR_181_P"
THR_181_P,"SER_180_P,LEU_182_P,TYR_213_P"
LEU_182_P,"LEU_167_P,THR_181_P,TRP_183_P"
TRP_183_P,"LEU_182_P,ALA_184_P,ARG_187_P,TYR_213_P,TYR_228_P"
ALA_184_P,"TRP_183_P,GLY_185_P"
GLY_185_P,"ALA_184_P,LYS_186_P"
LYS_186_P,"ALA_163_P,GLY_185_P,ARG_187_P"
ARG_187_P,"ARG_136_P,PHE_164_P,GLU_166_P,TRP_183_P,LYS_186_P,PHE_188_P,ASP_189_P,GLY_207_P"
PHE_188_P,"GLN_162_P,ARG_187_P,ASP_189_P"
ASP_189_P,"ARG_187_P,PHE_188_P,ARG_190_P,ASP_191_P,LEU_205_P,TYR_213_P,TYR_228_P"
ARG_190_P,"ASP_189_P,ASP_191_P,TYR_213_P,ASP_214_P,ARG_222_P"
ASP_191_P,"ASP_189_P,ARG_190_P,ASN_192_P,ASP_214_P,ARG_222_P,ASN_224_P"
ASN_192_P,"ASP_191_P,PHE_193_P,LEU_205_P"
PHE_193_P,"ASN_192_P,ASP_194_P,VAL_202_P,LYS_308_P"
ASP_194_P,"ARG_110_P,PHE_193_P,ILE_195_P,ASP_201_P"
ILE_195_P,"ASP_194_P,HIS_196_P,SER_200_P,VAL_202_P"
HIS_196_P,"ARG_110_P,ILE_195_P,TRP_197_P,ILE_198_P,ASP_199_P,ARG_380_P,ARG_437_P,ARG_441_P,GLU_480_P"
TRP_197_P,"HIS_196_P,ILE_198_P,TYR_342_P,ALA_354_P,PHE_434_P"
ILE_198_P,"ALA_107_P,HIS_196_P,TRP_197_P,ASP_199_P,THR_376_P,ASN_378_P"
ASP_199_P,"ARG_80_P,ARG_110_P,HIS_196_P,ILE_198_P,SER_200_P"
SER_200_P,"ILE_195_P,ASP_199_P,ASP_201_P"
ASP_201_P,"ASP_194_P,SER_200_P,VAL_202_P"
VAL_202_P,"PHE_193_P,ILE_195_P,ASP_201_P,VAL_203_P,ALA_310_P"
VAL_203_P,"VAL_202_P,PHE_204_P,ILE_324_P"
PHE_204_P,"VAL_203_P,LEU_205_P,ALA_206_P"
LEU_205_P,"ASP_189_P,ASN_192_P,PHE_204_P,ALA_206_P,TYR_228_P,THR_248_P,MET_259_P"
ALA_206_P,"PHE_204_P,LEU_205_P,GLY_207_P"
GLY_207_P,"ARG_187_P,ALA_206_P,THR_208_P"
THR_208_P,"GLY_207_P,GLY_209_P,GLY_229_P"
GLY_209_P,"THR_208_P,GLY_210_P"
GLY_210_P,"GLY_209_P,GLY_211_P,LEU_227_P"
GLY_211_P,"GLY_210_P,ILE_212_P"
ILE_212_P,"GLY_211_P,TYR_213_P,PHE_225_P"
TYR_213_P,"THR_181_P,TRP_183_P,ASP_189_P,ARG_190_P,ILE_212_P,ASP_214_P"
ASP_214_P,"ARG_190_P,ASP_191_P,TYR_213_P,VAL_215_P,LYS_216_P,ARG_222_P"
VAL_215_P,"ASP_214_P,LYS_216_P,TRP_217_P,SER_223_P"
LYS_216_P,"PRO_176_P,ASP_214_P,VAL_215_P,TRP_217_P"
TRP_217_P,"VAL_215_P,LYS_216_P,ASN_218_P,ASP_219_P,LEU_221_P,SER_223_P"
ASN_218_P,"TRP_217_P,ASP_219_P"
ASP_219_P,"TRP_217_P,ASN_218_P,GLY_220_P"
GLY_220_P,"ASP_219_P,LEU_221_P"
LEU_221_P,"TRP_217_P,GLY_220_P,ARG_222_P,ALA_253_P"
ARG_222_P,"ARG_190_P,ASP_191_P,ASP_214_P,LEU_221_P,SER_223_P,PHE_252_P"
SER_223_P,"VAL_215_P,TRP_217_P,ARG_222_P,ASN_224_P"
ASN_224_P,"ASP_191_P,SER_223_P,PHE_225_P,ASN_250_P"
PHE_225_P,"ILE_212_P,ASN_224_P,SER_226_P,MET_249_P"
SER_226_P,"PHE_225_P,LEU_227_P"
LEU_227_P,"GLY_210_P,SER_226_P,TYR_228_P"
TYR_228_P,"TRP_183_P,ASP_189_P,LEU_205_P,LEU_227_P,GLY_229_P,ILE_246_P"
GLY_229_P,"THR_208_P,TYR_228_P,ARG_230_P"
ARG_230_P,"GLY_229_P,ASN_231_P,ASN_244_P"
ASN_231_P,"ARG_230_P,PHE_232_P"
PHE_232_P,"ASN_231_P,GLY_233_P,VAL_242_P,ASN_244_P,ALA_265_P"
GLY_233_P,"PHE_232_P,ASP_234_P"
ASP_234_P,"GLY_233_P,ILE_235_P,ASP_236_P,ASP_237_P"
ILE_235_P,"ASP_234_P,ASP_236_P"
ASP_236_P,"ASP_234_P,ILE_235_P,ASP_237_P"
ASP_237_P,"ASP_234_P,ASP_236_P,SER_238_P,SER_239_P"
SER_238_P,"ASP_237_P,SER_239_P"
SER_239_P,"ASP_237_P,SER_238_P,ASN_240_P"
ASN_240_P,"SER_239_P,SER_241_P,ARG_271_P"
SER_241_P,"ASN_240_P,VAL_242_P"
VAL_242_P,"PHE_232_P,SER_241_P,GLN_243_P,ALA_265_P"
GLN_243_P,"VAL_242_P,ASN_244_P,TYR_245_P"
ASN_244_P,"ARG_230_P,PHE_232_P,GLN_243_P,TYR_245_P,ALA_265_P"
TYR_245_P,"GLN_243_P,ASN_244_P,ILE_246_P,ARG_264_P"
ILE_246_P,"TYR_228_P,TYR_245_P,LEU_247_P"
LEU_247_P,"ILE_246_P,THR_248_P,GLY_262_P"
THR_248_P,"LEU_205_P,LEU_247_P,MET_249_P"
MET_249_P,"PHE_225_P,THR_248_P,ASN_250_P"
ASN_250_P,"ASN_224_P,MET_249_P,HIS_251_P"
HIS_251_P,"ASN_250_P,PHE_252_P,MET_258_P"
PHE_252_P,"ARG_222_P,HIS_251_P,ALA_253_P,GLN_257_P"
ALA_253_P,"LEU_221_P,PHE_252_P,GLY_254_P,LEU_256_P"
GLY_254_P,ALA_253_P
PRO_255_P,"LEU_256_P,HIS_295_P"
LEU_256_P,"ALA_253_P,PRO_255_P,GLN_257_P"
GLN_257_P,"PHE_252_P,LEU_256_P,MET_258_P,GLY_293_P"
MET_258_P,"HIS_251_P,GLN_257_P,MET_259_P"
MET_259_P,"LEU_205_P,MET_258_P,VAL_260_P,LEU_291_P"
VAL_260_P,"MET_259_P,SER_261_P"
SER_261_P,"VAL_260_P,GLY_262_P,HIS_289_P"
GLY_262_P,"LEU_247_P,SER_261_P,LEU_263_P"
LEU_263_P,"GLY_262_P,ARG_264_P,GLY_287_P"
ARG_264_P,"TYR_245_P,LEU_263_P,ALA_265_P,LYS_266_P"
ALA_265_P,"PHE_232_P,VAL_242_P,ASN_244_P,ARG_264_P,LYS_266_P,ASN_285_P,LEU_317_P"
LYS_266_P,"ARG_264_P,ALA_265_P,ASP_267_P"
ASP_267_P,"LYS_266_P,ASN_268_P,ASP_269_P,GLU_270_P"
ASN_268_P,"ASP_267_P,ASP_269_P,GLU_270_P,ARG_271_P,ALA_284_P,ASN_285_P,GLY_328_P"
ASP_269_P,"ASP_267_P,ASN_268_P,GLU_270_P"
GLU_270_P,"ASP_267_P,ASN_268_P,ASP_269_P,ARG_271_P"
ARG_271_P,"ASN_240_P,ASN_268_P,GLU_270_P,LYS_272_P,ALA_279_P"
LYS_272_P,"ARG_271_P,ASP_273_P"
ASP_273_P,"LYS_272_P,SER_274_P,ASN_277_P"
SER_274_P,"ASP_273_P,ASN_275_P"
ASN_275_P,"SER_274_P,GLY_276_P"
GLY_276_P,"ASN_275_P,ASN_277_P"
ASN_277_P,"ASP_273_P,GLY_276_P,LEU_278_P"
LEU_278_P,"ASN_277_P,ALA_279_P"
ALA_279_P,"ARG_271_P,LEU_278_P,LYS_280_P"
LYS_280_P,"ALA_279_P,GLY_281_P,ASP_282_P,ALA_283_P,ARG_331_P,TYR_366_P"
GLY_281_P,"LYS_280_P,ASP_282_P"
ASP_282_P,"LYS_280_P,GLY_281_P,ALA_283_P,ARG_331_P"
ALA_283_P,"LYS_280_P,ASP_282_P,ALA_284_P"
ALA_284_P,"ASN_268_P,ALA_283_P,ASN_285_P,LEU_330_P"
ASN_285_P,"ALA_265_P,ASN_268_P,ALA_284_P,THR_286_P"
THR_286_P,"ASN_285_P,GLY_287_P,LEU_317_P"
GLY_287_P,"LEU_263_P,THR_286_P,VAL_288_P"
VAL_288_P,"GLY_287_P,HIS_289_P,HIS_315_P"
HIS_289_P,"SER_261_P,VAL_288_P,ALA_290_P,VAL_321_P"
ALA_290_P,"HIS_289_P,LEU_291_P,TYR_313_P"
LEU_291_P,"MET_259_P,ALA_290_P,LEU_292_P,ALA_310_P,LEU_312_P"
LEU_292_P,"LEU_291_P,GLY_293_P,LEU_311_P"
GLY_293_P,"GLN_257_P,LEU_292_P,LEU_294_P"
LEU_294_P,"GLY_293_P,HIS_295_P,THR_309_P"
HIS_295_P,"PRO_255_P,LEU_294_P,ASN_296_P,LYS_308_P"
ASN_296_P,"HIS_295_P,ASP_297_P,SER_307_P"
ASP_297_P,"ASN_296_P,SER_298_P"
SER_298_P,"ASP_297_P,PHE_299_P,TYR_300_P,GLY_301_P,SER_307_P"
PHE_299_P,"SER_298_P,TYR_300_P,ARG_303_P"
TYR_300_P,"SER_298_P,PHE_299_P,GLY_301_P,SER_307_P,SER_341_P"
GLY_301_P,"SER_298_P,TYR_300_P,LEU_302_P"
LEU_302_P,"GLY_301_P,ARG_303_P"
ARG_303_P,"PHE_299_P,LEU_302_P,ASP_304_P"
ASP_304_P,"ARG_303_P,GLY_305_P,THR_345_P"
GLY_305_P,"ASP_304_P,SER_306_P"
SER_306_P,"GLY_305_P,SER_307_P,THR_344_P"
SER_307_P,"ASN_296_P,SER_298_P,TYR_300_P,SER_306_P,LYS_308_P"
LYS_308_P,"PHE_193_P,HIS_295_P,SER_307_P,THR_309_P,TYR_342_P"
THR_309_P,"LEU_294_P,LYS_308_P,ALA_310_P,SER_341_P"
ALA_310_P,"VAL_202_P,LEU_291_P,THR_309_P,LEU_311_P,ALA_340_P"
LEU_311_P,"LEU_292_P,ALA_310_P,LEU_312_P"
LEU_312_P,"LEU_291_P,LEU_311_P,TYR_313_P,ARG_338_P"
TYR_313_P,"ALA_290_P,LEU_312_P,GLY_314_P,ASP_335_P,TRP_337_P"
GLY_314_P,"TYR_313_P,HIS_315_P,THR_336_P"
HIS_315_P,"VAL_288_P,GLY_314_P,GLY_316_P,ASP_335_P"
GLY_316_P,"HIS_315_P,LEU_317_P,ALA_319_P,ALA_334_P"
LEU_317_P,"ALA_265_P,THR_286_P,GLY_316_P,GLY_318_P"
GLY_318_P,"LEU_317_P,ALA_319_P"
ALA_319_P,"GLY_316_P,GLY_318_P,GLU_320_P,ALA_334_P,THR_336_P"
GLU_320_P,"ALA_319_P,VAL_321_P,LYS_322_P,ASP_327_P,ARG_338_P,ARG_365_P"
VAL_321_P,"HIS_289_P,GLU_320_P,LYS_322_P,ARG_338_P"
LYS_322_P,"TYR_97_P,GLU_320_P,VAL_321_P,GLY_323_P,ILE_324_P,ARG_338_P"
GLY_323_P,"LYS_322_P,ILE_324_P,SER_326_P"
ILE_324_P,"VAL_203_P,LYS_322_P,GLY_323_P,GLY_325_P"
GLY_325_P,"ILE_324_P,SER_326_P"
SER_326_P,"GLY_323_P,GLY_325_P,ASP_327_P"
ASP_327_P,"GLU_320_P,SER_326_P,GLY_328_P,LEU_330_P,ARG_365_P,TYR_366_P"
GLY_328_P,"ASN_268_P,ASP_327_P,ALA_329_P"
ALA_329_P,"GLY_328_P,LEU_330_P"
LEU_330_P,"ALA_284_P,ASP_327_P,ALA_329_P,ARG_331_P,ARG_365_P"
ARG_331_P,"LYS_280_P,ASP_282_P,LEU_330_P,ALA_334_P,ASP_364_P,ARG_365_P,ASP_368_P"
PRO_332_P,GLY_333_P
GLY_333_P,"PRO_332_P,ALA_334_P"
ALA_334_P,"GLY_316_P,ALA_319_P,ARG_331_P,GLY_333_P,ASP_335_P"
ASP_335_P,"TYR_313_P,HIS_315_P,ALA_334_P,THR_336_P,ARG_361_P"
THR_336_P,"GLY_314_P,ALA_319_P,ASP_335_P,TRP_337_P,GLN_360_P,SER_362_P"
TRP_337_P,"TYR_313_P,THR_336_P,ARG_338_P"
ARG_338_P,"LEU_312_P,GLU_320_P,VAL_321_P,LYS_322_P,TRP_337_P,ILE_339_P"
ILE_339_P,"ARG_338_P,ALA_340_P,ALA_359_P"
ALA_340_P,"ALA_310_P,ILE_339_P,SER_341_P"
SER_341_P,"TYR_300_P,THR_309_P,ALA_340_P,TYR_342_P,MET_357_P"
TYR_342_P,"TRP_197_P,LYS_308_P,SER_341_P,GLY_343_P"
GLY_343_P,"TYR_342_P,THR_344_P"
THR_344_P,"SER_306_P,GLY_343_P,THR_345_P"
THR_345_P,"ASP_304_P,THR_344_P,VAL_353_P"
PRO_346_P,LEU_347_P
LEU_347_P,"PRO_346_P,SER_348_P,TRP_351_P,VAL_353_P"
SER_348_P,"LEU_347_P,GLU_349_P,ASN_350_P"
GLU_349_P,"SER_348_P,ASN_350_P"
ASN_350_P,"SER_348_P,GLU_349_P,TRP_351_P,ALA_384_P"
TRP_351_P,"LEU_347_P,ASN_350_P,SER_352_P,GLN_383_P,TYR_393_P"
SER_352_P,"TRP_351_P,VAL_353_P,ILE_382_P"
VAL_353_P,"THR_345_P,LEU_347_P,SER_352_P,ALA_354_P,LEU_379_P,LEU_381_P"
ALA_354_P,"TRP_197_P,VAL_353_P,ARG_380_P,PHE_434_P"
PRO_355_P,"ALA_356_P,LEU_379_P"
ALA_356_P,"PRO_355_P,MET_357_P,ASN_378_P"
MET_357_P,"SER_341_P,ALA_356_P,LEU_358_P,ALA_359_P"
LEU_358_P,"MET_357_P,ALA_359_P,THR_376_P"
ALA_359_P,"ILE_339_P,MET_357_P,LEU_358_P,GLN_360_P"
GLN_360_P,"THR_336_P,ALA_359_P,ARG_361_P,TRP_374_P"
ARG_361_P,"ASP_335_P,GLN_360_P,SER_362_P,LYS_363_P"
SER_362_P,"THR_336_P,ARG_361_P,LYS_363_P,TYR_372_P"
LYS_363_P,"ARG_361_P,SER_362_P,ASP_364_P,ARG_365_P,LYS_403_P"
ASP_364_P,"ARG_331_P,LYS_363_P,ARG_365_P,ASP_368_P,GLY_369_P,ASP_370_P"
ARG_365_P,"GLU_320_P,ASP_327_P,LEU_330_P,ARG_331_P,LYS_363_P,ASP_364_P,TYR_366_P,ASP_370_P"
TYR_366_P,"LYS_280_P,ASP_327_P,ARG_365_P,ALA_367_P,ASP_370_P,TYR_407_P"
ALA_367_P,"TYR_366_P,ASP_368_P,ASP_370_P"
ASP_368_P,"ARG_331_P,ASP_364_P,ALA_367_P,GLY_369_P"
GLY_369_P,"ASP_364_P,ASP_368_P,ASP_370_P"
ASP_370_P,"ASP_364_P,ARG_365_P,TYR_366_P,ALA_367_P,GLY_369_P,SER_371_P"
SER_371_P,"ASP_370_P,TYR_372_P,LYS_403_P"
TYR_372_P,"SER_362_P,SER_371_P,GLN_373_P,LEU_402_P"
GLN_373_P,"TYR_372_P,TRP_374_P,ASP_401_P"
TRP_374_P,"ALA_101_P,GLN_360_P,GLN_373_P,ALA_375_P"
ALA_375_P,"TRP_374_P,THR_376_P,TYR_399_P"
THR_376_P,"ALA_107_P,ILE_198_P,LEU_358_P,ALA_375_P,PHE_377_P"
PHE_377_P,"THR_376_P,ASN_378_P,TYR_397_P"
ASN_378_P,"ILE_198_P,ALA_356_P,PHE_377_P,LEU_379_P,SER_396_P"
LEU_379_P,"VAL_353_P,PRO_355_P,ASN_378_P,ARG_380_P,LEU_381_P,GLY_395_P"
ARG_380_P,"ARG_110_P,HIS_196_P,ALA_354_P,LEU_379_P,LEU_381_P,GLU_394_P,ARG_437_P,GLU_439_P,ARG_441_P,GLU_480_P"
LEU_381_P,"VAL_353_P,LEU_379_P,ARG_380_P,ILE_382_P,TYR_393_P"
ILE_382_P,"SER_352_P,LEU_381_P,GLN_383_P,PHE_434_P"
GLN_383_P,"TRP_351_P,ILE_382_P,ALA_384_P,LEU_391_P"
ALA_384_P,"ASN_350_P,GLN_383_P,ILE_385_P,ILE_431_P"
ILE_385_P,"ALA_384_P,ASN_386_P,LEU_391_P"
ASN_386_P,"ILE_385_P,GLN_387_P"
GLN_387_P,"ASN_386_P,ASN_388_P"
ASN_388_P,"GLN_387_P,PHE_389_P,LYS_427_P"
PHE_389_P,"ASN_388_P,ALA_390_P,PHE_426_P"
ALA_390_P,"PHE_389_P,LEU_391_P,THR_425_P,ILE_431_P"
LEU_391_P,"GLN_383_P,ILE_385_P,ALA_390_P,ALA_392_P"
ALA_392_P,"LEU_391_P,TYR_393_P,ALA_423_P"
TYR_393_P,"TRP_351_P,LEU_381_P,ALA_392_P,GLU_394_P,PHE_422_P"
GLU_394_P,"LEU_111_P,ARG_380_P,TYR_393_P,GLY_395_P,LYS_419_P,THR_421_P"
GLY_395_P,"LEU_379_P,GLU_394_P,SER_396_P"
SER_396_P,"GLY_109_P,ASN_378_P,GLY_395_P,TYR_397_P,LYS_419_P"
TYR_397_P,"PHE_377_P,SER_396_P,GLN_398_P,TYR_418_P"
GLN_398_P,"THR_99_P,TYR_397_P,TYR_399_P,PHE_417_P"
TYR_399_P,"ALA_375_P,GLN_398_P,MET_400_P"
MET_400_P,"TYR_399_P,ASP_401_P,GLY_415_P,LEU_453_P"
ASP_401_P,"GLN_373_P,MET_400_P,LEU_402_P,LYS_403_P"
LEU_402_P,"PRO_100_P,TYR_372_P,ASP_401_P,LYS_403_P,VAL_413_P,TYR_456_P"
LYS_403_P,"LYS_363_P,SER_371_P,ASP_401_P,LEU_402_P"
PRO_404_P,"GLU_405_P,ARG_410_P"
GLU_405_P,"PRO_404_P,GLY_406_P"
GLY_406_P,"GLU_405_P,TYR_407_P"
TYR_407_P,"TYR_366_P,GLY_406_P,ASN_408_P,ARG_410_P"
ASN_408_P,"TYR_407_P,ASP_409_P"
ASP_409_P,"ASN_408_P,ARG_410_P"
ARG_410_P,"GLU_103_P,PRO_404_P,TYR_407_P,ASP_409_P,GLN_411_P,ASP_459_P,ASP_460_P"
GLN_411_P,"ARG_410_P,ALA_412_P,TYR_456_P"
ALA_412_P,"GLN_411_P,VAL_413_P"
VAL_413_P,"LEU_402_P,ALA_412_P,ASN_414_P,LYS_452_P,LEU_453_P"
ASN_414_P,"VAL_413_P,GLY_415_P"
GLY_415_P,"MET_400_P,ASN_414_P,SER_416_P"
SER_416_P,"GLY_415_P,PHE_417_P"
PHE_417_P,"THR_99_P,ILE_108_P,GLN_398_P,SER_416_P,TYR_418_P,TRP_449_P"
TYR_418_P,"TYR_397_P,PHE_417_P,LYS_419_P,ASP_448_P"
LYS_419_P,"LEU_111_P,GLU_394_P,SER_396_P,TYR_418_P,LEU_420_P,THR_421_P"
LEU_420_P,"LYS_419_P,THR_421_P,TRP_446_P"
THR_421_P,"GLU_394_P,LYS_419_P,LEU_420_P,PHE_422_P,SER_445_P"
PHE_422_P,"TYR_393_P,THR_421_P,ALA_423_P"
ALA_423_P,"ALA_392_P,PHE_422_P,THR_425_P,TYR_443_P"
PRO_424_P,THR_425_P
THR_425_P,"ALA_390_P,ALA_423_P,PRO_424_P,PHE_426_P"
PHE_426_P,"PHE_389_P,THR_425_P,LYS_427_P,ILE_440_P"
LYS_427_P,"ASN_388_P,PHE_426_P,VAL_428_P,SER_436_P,ARG_437_P,GLU_439_P"
VAL_428_P,"LYS_427_P,GLY_429_P"
GLY_429_P,"VAL_428_P,SER_430_P"
SER_430_P,"GLY_429_P,ILE_431_P,ASP_433_P,SER_436_P"
ILE_431_P,"ALA_384_P,ALA_390_P,SER_430_P,GLY_432_P"
GLY_432_P,"ILE_431_P,ASP_433_P"
ASP_433_P,"SER_430_P,GLY_432_P,PHE_434_P"
PHE_434_P,"TRP_197_P,ALA_354_P,ILE_382_P,ASP_433_P,PHE_435_P,ARG_437_P"
PHE_435_P,"PHE_434_P,SER_436_P"
SER_436_P,"LYS_427_P,SER_430_P,PHE_435_P,ARG_437_P"
ARG_437_P,"HIS_196_P,ARG_380_P,LYS_427_P,PHE_434_P,SER_436_P,GLU_439_P,ARG_441_P,GLU_480_P,TRP_482_P"
PRO_438_P,"GLU_439_P,THR_481_P"
GLU_439_P,"ARG_380_P,LYS_427_P,ARG_437_P,PRO_438_P,ILE_440_P,ARG_441_P,GLU_480_P"
ILE_440_P,"PHE_426_P,GLU_439_P,ARG_441_P"
ARG_441_P,"HIS_196_P,ARG_380_P,ARG_437_P,GLU_439_P,ILE_440_P,PHE_442_P,GLN_478_P,GLU_480_P"
PHE_442_P,"ARG_441_P,TYR_443_P,VAL_477_P"
TYR_443_P,"VAL_83_P,ALA_423_P,PHE_442_P,THR_444_P"
THR_444_P,"TYR_443_P,SER_445_P,TRP_473_P,PHE_475_P"
SER_445_P,"THR_421_P,THR_444_P,TRP_446_P,SER_474_P"
TRP_446_P,"LEU_420_P,SER_445_P,MET_447_P,TRP_473_P"
MET_447_P,"TRP_446_P,ASP_448_P,GLU_472_P"
ASP_448_P,"TYR_418_P,MET_447_P,TRP_449_P"
TRP_449_P,"PHE_417_P,ASP_448_P,SER_450_P,LEU_453_P,ASN_454_P,GLU_472_P"
SER_450_P,"TRP_449_P,LYS_451_P,LYS_452_P,LEU_453_P"
LYS_451_P,"SER_450_P,LYS_452_P"
LYS_452_P,"VAL_413_P,SER_450_P,LYS_451_P,LEU_453_P"
LEU_453_P,"MET_400_P,VAL_413_P,TRP_449_P,SER_450_P,LYS_452_P,ASN_454_P"
ASN_454_P,"TRP_449_P,LEU_453_P,ASN_455_P"
ASN_455_P,"ASN_454_P,TYR_456_P"
TYR_456_P,"PRO_100_P,LEU_402_P,GLN_411_P,ASN_455_P,ALA_457_P"
ALA_457_P,"TYR_456_P,SER_458_P"
SER_458_P,"ALA_457_P,ASP_459_P"
ASP_459_P,"GLU_103_P,ARG_410_P,SER_458_P,ASP_460_P"
ASP_460_P,"GLU_103_P,ARG_410_P,ASP_459_P,ALA_461_P"
ALA_461_P,"ASP_460_P,LEU_462_P,SER_464_P"
LEU_462_P,"ALA_461_P,GLY_463_P,PHE_467_P"
GLY_463_P,"LEU_462_P,SER_464_P,PHE_467_P"
SER_464_P,"LYS_93_P,ALA_461_P,GLY_463_P,ASP_465_P"
ASP_465_P,"SER_464_P,GLY_466_P"
GLY_466_P,"ASP_465_P,PHE_467_P"
PHE_467_P,"LYS_93_P,LEU_462_P,GLY_463_P,GLY_466_P,ASN_468_P"
ASN_468_P,"PHE_467_P,SER_469_P"
SER_469_P,"ASN_468_P,GLY_470_P"
GLY_470_P,"SER_469_P,GLY_471_P"
GLY_471_P,"GLY_470_P,GLU_472_P"
GLU_472_P,"ASP_87_P,MET_447_P,TRP_449_P,GLY_471_P,TRP_473_P"
TRP_473_P,"THR_444_P,TRP_446_P,GLU_472_P,SER_474_P"
SER_474_P,"SER_445_P,TRP_473_P,PHE_475_P"
PHE_475_P,"MET_85_P,THR_444_P,SER_474_P,GLY_476_P"
GLY_476_P,"PHE_475_P,VAL_477_P"
VAL_477_P,"VAL_83_P,PHE_442_P,GLY_476_P,GLN_478_P"
GLN_478_P,"ARG_441_P,VAL_477_P,MET_479_P"
MET_479_P,"SER_81_P,GLN_478_P,GLU_480_P"
GLU_480_P,"TYR_78_P,ARG_80_P,ARG_110_P,HIS_196_P,ARG_380_P,ARG_437_P,GLU_439_P,ARG_441_P,MET_479_P,THR_481_P"
THR_481_P,"ALA_79_P,PRO_438_P,GLU_480_P,TRP_482_P"
TRP_482_P,"TYR_78_P,ARG_437_P,THR_481_P,PHE_483_P"
PHE_483_P,"PHE_75_P,HIS_76_P,TRP_482_P"
