residue_id,neighbors
LYS_3_C,VAL_4_C
VAL_4_C,"LYS_3_C,ARG_5_C,GLN_8_C"
ARG_5_C,"VAL_4_C,ILE_6_C,GLN_8_C"
ILE_6_C,"ARG_5_C,TYR_7_C,GLN_8_C,LEU_9_C,LEU_24_C,SER_36_C,LEU_38_C"
TYR_7_C,"ILE_6_C,GLN_8_C,HIS_34_C"
GLN_8_C,"VAL_4_C,ARG_5_C,ILE_6_C,TYR_7_C,LEU_9_C"
LEU_9_C,"ILE_6_C,GLN_8_C,ALA_10_C"
ALA_10_C,"LEU_9_C,LYS_11_C,GLY_14_C,MET_15_C"
LYS_11_C,"ALA_10_C,GLU_12_C,GLY_14_C"
GLU_12_C,"LYS_11_C,LEU_13_C"
LEU_13_C,"GLU_12_C,GLY_14_C,MET_15_C,VAL_50_C"
GLY_14_C,"ALA_10_C,LYS_11_C,LEU_13_C,MET_15_C"
MET_15_C,"ALA_10_C,LEU_13_C,GLY_14_C,GLU_16_C,ARG_54_C"
GLU_16_C,"MET_15_C,CYS_17_C,GLU_19_C"
CYS_17_C,"GLU_16_C,GLN_18_C,LEU_21_C"
GLN_18_C,"CYS_17_C,GLU_19_C"
GLU_19_C,"GLU_16_C,GLN_18_C,LEU_20_C,ARG_54_C"
LEU_20_C,"GLU_19_C,LEU_21_C"
LEU_21_C,"CYS_17_C,LEU_20_C,GLU_22_C"
GLU_22_C,"LEU_21_C,LEU_23_C,ASP_25_C"
LEU_23_C,"GLU_22_C,LEU_24_C"
LEU_24_C,"ILE_6_C,LEU_23_C,ASP_25_C,MET_27_C"
ASP_25_C,"GLU_22_C,LEU_24_C,GLN_26_C"
GLN_26_C,"ASP_25_C,MET_27_C"
MET_27_C,"LEU_24_C,GLN_26_C,GLY_28_C"
GLY_28_C,"MET_27_C,VAL_29_C"
VAL_29_C,"GLY_28_C,ALA_30_C"
ALA_30_C,"VAL_29_C,TYR_31_C"
TYR_31_C,"ALA_30_C,LYS_32_C"
LYS_32_C,"TYR_31_C,SER_33_C"
SER_33_C,"LYS_32_C,HIS_34_C,ALA_35_C,SER_36_C"
HIS_34_C,"TYR_7_C,SER_33_C,ALA_35_C"
ALA_35_C,"SER_33_C,HIS_34_C,SER_36_C"
SER_36_C,"ILE_6_C,SER_33_C,ALA_35_C,THR_37_C"
THR_37_C,"SER_36_C,LEU_38_C"
LEU_38_C,"ILE_6_C,THR_37_C,GLU_39_C"
GLU_39_C,"LEU_38_C,GLU_40_C,LYS_41_C,ASP_42_C,ALA_43_C"
GLU_40_C,"GLU_39_C,LYS_41_C,GLU_44_C"
LYS_41_C,"GLU_39_C,GLU_40_C,ASP_42_C"
ASP_42_C,"GLU_39_C,LYS_41_C,ALA_43_C"
ALA_43_C,"GLU_39_C,ASP_42_C,GLU_44_C"
GLU_44_C,"GLU_40_C,ALA_43_C,ALA_45_C,GLU_48_C"
ALA_45_C,"GLU_44_C,VAL_46_C"
VAL_46_C,"ALA_45_C,ARG_47_C"
ARG_47_C,"VAL_46_C,GLU_48_C,LYS_51_C,ARG_54_C"
GLU_48_C,"GLU_44_C,ARG_47_C,LEU_49_C,LYS_51_C,GLU_52_C"
LEU_49_C,"GLU_48_C,VAL_50_C,GLU_52_C,GLN_53_C"
VAL_50_C,"LEU_13_C,LEU_49_C,LYS_51_C"
LYS_51_C,"ARG_47_C,GLU_48_C,VAL_50_C,GLU_52_C"
GLU_52_C,"GLU_48_C,LEU_49_C,LYS_51_C,GLN_53_C,ARG_54_C"
GLN_53_C,"LEU_49_C,GLU_52_C,ARG_54_C,GLN_57_C"
ARG_54_C,"MET_15_C,GLU_19_C,ARG_47_C,GLU_52_C,GLN_53_C,GLY_55_C,GLN_57_C,GLU_58_C"
GLY_55_C,"ARG_54_C,LEU_56_C,GLU_58_C"
LEU_56_C,"GLY_55_C,GLN_57_C,GLU_58_C,LYS_59_C,LEU_60_C"
GLN_57_C,"GLN_53_C,ARG_54_C,LEU_56_C,GLU_58_C"
GLU_58_C,"ARG_54_C,GLY_55_C,LEU_56_C,GLN_57_C,LYS_59_C,GLU_62_C"
LYS_59_C,"LEU_56_C,GLU_58_C,LEU_60_C,ALA_61_C,GLU_62_C,GLU_63_C"
LEU_60_C,"LEU_56_C,LYS_59_C,ALA_61_C"
ALA_61_C,"LYS_59_C,LEU_60_C,GLU_62_C"
GLU_62_C,"GLU_58_C,LYS_59_C,ALA_61_C,GLU_63_C,ARG_65_C,ARG_66_C"
GLU_63_C,"LYS_59_C,GLU_62_C,GLU_64_C,ARG_66_C"
GLU_64_C,"GLU_63_C,ARG_65_C,LYS_67_C,SER_68_C"
ARG_65_C,"GLU_62_C,GLU_64_C,ARG_66_C,SER_68_C,LEU_69_C,ASP_242_C"
ARG_66_C,"GLU_62_C,GLU_63_C,ARG_65_C,LYS_67_C,LEU_69_C"
LYS_67_C,"GLU_64_C,ARG_66_C,SER_68_C,LEU_69_C,ARG_240_C"
SER_68_C,"GLU_64_C,ARG_65_C,LYS_67_C,LEU_69_C"
LEU_69_C,"ARG_65_C,ARG_66_C,LYS_67_C,SER_68_C,ARG_240_C"
PRO_70_C,"ARG_71_C,ALA_241_C"
ARG_71_C,"PRO_70_C,ARG_72_C,GLU_235_C,ASP_238_C,ARG_240_C"
ARG_72_C,"ARG_71_C,ASP_145_C,TYR_239_C,ALA_241_C"
PRO_73_C,VAL_123_C
PRO_74_C,"VAL_75_C,ALA_234_C,TYR_239_C"
VAL_75_C,"PRO_74_C,VAL_76_C,ASP_145_C,ILE_146_C"
VAL_76_C,"VAL_75_C,VAL_77_C,VAL_122_C,VAL_123_C,PHE_124_C,ILE_146_C,VAL_148_C,ILE_230_C"
VAL_77_C,"VAL_76_C,ILE_78_C,ILE_146_C,ALA_147_C,VAL_148_C"
ILE_78_C,"VAL_77_C,MET_79_C,LYS_86_C,VAL_150_C"
MET_79_C,"ILE_78_C,GLY_80_C,ILE_149_C,ALA_164_C"
GLY_80_C,"MET_79_C,HIS_81_C"
HIS_81_C,"GLY_80_C,VAL_82_C,HIS_84_C,MET_158_C,GLN_160_C"
VAL_82_C,"HIS_81_C,ASP_83_C"
ASP_83_C,"VAL_82_C,HIS_84_C"
HIS_84_C,"HIS_81_C,ASP_83_C,GLY_85_C,VAL_150_C"
GLY_85_C,"HIS_84_C,LYS_86_C"
LYS_86_C,"ILE_78_C,GLY_85_C,THR_87_C"
THR_87_C,"LYS_86_C,THR_88_C,LEU_90_C"
THR_88_C,"THR_87_C,LEU_89_C,ALA_217_C"
LEU_89_C,"THR_88_C,LEU_90_C,LEU_93_C,ILE_215_C"
LEU_90_C,"THR_87_C,LEU_89_C,ASP_91_C,PHE_113_C"
ASP_91_C,"LEU_90_C,TYR_92_C,ARG_94_C,ASP_126_C"
TYR_92_C,"ASP_91_C,LEU_93_C"
LEU_93_C,"LEU_89_C,TYR_92_C,ARG_94_C,PHE_113_C,PHE_124_C"
ARG_94_C,"ASP_91_C,LEU_93_C,LYS_95_C,SER_96_C,ARG_97_C,HIS_109_C,PHE_113_C,ASP_126_C"
LYS_95_C,"ARG_94_C,SER_96_C,ILE_98_C"
SER_96_C,"ARG_94_C,LYS_95_C,ARG_97_C"
ARG_97_C,"ARG_94_C,SER_96_C,ILE_98_C,ILE_106_C,GLU_114_C,ASP_295_C"
ILE_98_C,"LYS_95_C,ARG_97_C,ALA_99_C,GLU_100_C"
ALA_99_C,"ILE_98_C,GLU_100_C"
GLU_100_C,"ILE_98_C,ALA_99_C,LYS_101_C,GLU_102_C"
LYS_101_C,"GLU_100_C,GLU_102_C,ILE_106_C"
GLU_102_C,"GLU_100_C,LYS_101_C,ALA_103_C,GLY_104_C"
ALA_103_C,"GLU_102_C,GLY_104_C"
GLY_104_C,"GLU_102_C,ALA_103_C,GLY_105_C"
GLY_105_C,"GLY_104_C,ILE_106_C"
ILE_106_C,"ARG_97_C,LYS_101_C,GLY_105_C,THR_107_C"
THR_107_C,"ILE_106_C,GLN_108_C,HIS_109_C"
GLN_108_C,"THR_107_C,HIS_109_C,MET_292_C"
HIS_109_C,"ARG_94_C,THR_107_C,GLN_108_C,VAL_110_C,ASP_126_C"
VAL_110_C,"HIS_109_C,GLY_111_C,ALA_294_C"
GLY_111_C,"VAL_110_C,ALA_112_C"
ALA_112_C,"GLY_111_C,PHE_113_C,VAL_123_C,ALA_307_C"
PHE_113_C,"LEU_90_C,LEU_93_C,ARG_94_C,ALA_112_C,GLU_114_C,PHE_124_C"
GLU_114_C,"ARG_97_C,PHE_113_C,VAL_115_C"
VAL_115_C,"GLU_114_C,LYS_116_C,VAL_122_C,PHE_124_C"
LYS_116_C,"VAL_115_C,THR_117_C,THR_121_C"
THR_117_C,"LYS_116_C,GLN_119_C,GLY_120_C"
PRO_118_C,GLN_119_C
GLN_119_C,"THR_117_C,PRO_118_C,GLY_120_C,LEU_231_C"
GLY_120_C,"THR_117_C,GLN_119_C,THR_121_C"
THR_121_C,"LYS_116_C,GLY_120_C,VAL_122_C"
VAL_122_C,"VAL_76_C,VAL_115_C,THR_121_C,VAL_123_C,PHE_124_C,ILE_230_C,LEU_231_C"
VAL_123_C,"PRO_73_C,VAL_76_C,ALA_112_C,VAL_122_C,PHE_124_C"
PHE_124_C,"VAL_76_C,LEU_93_C,PHE_113_C,VAL_115_C,VAL_122_C,VAL_123_C,ILE_125_C"
ILE_125_C,"PHE_124_C,ASP_126_C,THR_127_C,VAL_143_C"
ASP_126_C,"ASP_91_C,ARG_94_C,HIS_109_C,ILE_125_C,THR_127_C"
THR_127_C,"ILE_125_C,ASP_126_C"
PRO_128_C,GLY_129_C
GLY_129_C,"PRO_128_C,HIS_130_C"
HIS_130_C,GLY_129_C
ALA_141_C,"LYS_142_C,VAL_250_C,VAL_322_C"
LYS_142_C,"ALA_141_C,VAL_143_C,ALA_144_C,ASP_145_C"
VAL_143_C,"ILE_125_C,LYS_142_C,ALA_144_C,VAL_250_C,LEU_252_C,LEU_267_C"
ALA_144_C,"LYS_142_C,VAL_143_C,ASP_145_C"
ASP_145_C,"ARG_72_C,VAL_75_C,LYS_142_C,ALA_144_C,ILE_146_C"
ILE_146_C,"VAL_75_C,VAL_76_C,VAL_77_C,ASP_145_C,ALA_147_C,ILE_176_C"
ALA_147_C,"VAL_77_C,ILE_146_C,VAL_148_C,ALA_173_C"
VAL_148_C,"VAL_76_C,VAL_77_C,ALA_147_C,ILE_149_C,ALA_178_C"
ILE_149_C,"MET_79_C,VAL_148_C,VAL_150_C,THR_161_C,LEU_175_C"
VAL_150_C,"ILE_78_C,HIS_84_C,ILE_149_C,ILE_151_C,ASN_180_C"
ILE_151_C,"VAL_150_C,ALA_152_C,ILE_157_C,THR_161_C"
ALA_152_C,"ILE_151_C,ALA_153_C,GLY_156_C"
ALA_153_C,"ALA_152_C,ASP_154_C,LYS_181_C"
ASP_154_C,"ALA_153_C,ASP_155_C,LYS_181_C"
ASP_155_C,"ASP_154_C,GLY_156_C,MET_158_C"
GLY_156_C,"ALA_152_C,ASP_155_C,ILE_157_C"
ILE_157_C,"ILE_151_C,GLY_156_C,MET_158_C"
MET_158_C,"HIS_81_C,ASP_155_C,ILE_157_C"
PRO_159_C,GLN_160_C
GLN_160_C,"HIS_81_C,PRO_159_C,THR_161_C"
THR_161_C,"ILE_149_C,ILE_151_C,GLN_160_C,GLU_162_C,ILE_165_C"
GLU_162_C,"THR_161_C,GLU_163_C,ALA_166_C,ARG_199_C,HIS_390_C"
GLU_163_C,"GLU_162_C,ALA_164_C,HIS_167_C,HIS_390_C,ARG_394_C"
ALA_164_C,"MET_79_C,GLU_163_C,ILE_165_C"
ILE_165_C,"THR_161_C,ALA_164_C,ALA_166_C,PHE_201_C"
ALA_166_C,"GLU_162_C,ILE_165_C,HIS_167_C"
HIS_167_C,"GLU_163_C,ALA_166_C,ALA_168_C,ALA_171_C,TYR_456_C"
ALA_168_C,"HIS_167_C,LYS_169_C,ALA_173_C"
LYS_169_C,"ALA_168_C,ALA_170_C,LEU_175_C,PHE_201_C"
ALA_170_C,"LYS_169_C,ALA_171_C,GLY_172_C,ILE_391_C,ILE_455_C,TYR_456_C"
ALA_171_C,"HIS_167_C,ALA_170_C,GLY_172_C,TYR_456_C"
GLY_172_C,"ALA_170_C,ALA_171_C,ALA_173_C"
ALA_173_C,"ALA_147_C,ALA_168_C,GLY_172_C,LYS_174_C"
LYS_174_C,"ALA_173_C,LEU_175_C,GLU_237_C"
LEU_175_C,"ILE_149_C,LYS_169_C,LYS_174_C,ILE_176_C"
ILE_176_C,"ILE_146_C,LEU_175_C,PHE_177_C,ALA_178_C,LEU_226_C,ILE_230_C,LEU_233_C"
PHE_177_C,"ILE_176_C,ALA_178_C,PHE_201_C,ALA_210_C,ILE_211_C,ILE_213_C"
ALA_178_C,"VAL_148_C,ILE_176_C,PHE_177_C,ILE_179_C"
ILE_179_C,"ALA_178_C,ASN_180_C,VAL_212_C,ILE_215_C"
ASN_180_C,"VAL_150_C,ILE_179_C,LYS_181_C,ILE_182_C"
LYS_181_C,"ALA_153_C,ASP_154_C,ASN_180_C,ILE_182_C"
ILE_182_C,"ASN_180_C,LYS_181_C,ASP_183_C,PRO_214_C"
ASP_183_C,"ILE_182_C,LEU_184_C"
LEU_184_C,ASP_183_C
PRO_185_C,"GLN_186_C,ALA_187_C"
GLN_186_C,"PRO_185_C,ALA_187_C"
ALA_187_C,"PRO_185_C,GLN_186_C,ASP_188_C"
ASP_188_C,"ALA_187_C,GLU_190_C,LYS_191_C"
PRO_189_C,"GLU_190_C,LYS_191_C,VAL_192_C"
GLU_190_C,"ASP_188_C,PRO_189_C,LYS_191_C,LYS_193_C,ARG_194_C"
LYS_191_C,"ASP_188_C,PRO_189_C,GLU_190_C,VAL_192_C"
VAL_192_C,"PRO_189_C,LYS_191_C,LYS_193_C,ARG_194_C,LEU_196_C"
LYS_193_C,"GLU_190_C,VAL_192_C,ARG_194_C,PRO_203_C,GLU_205_C"
ARG_194_C,"GLU_190_C,VAL_192_C,LYS_193_C,GLN_195_C,GLU_198_C"
GLN_195_C,"ARG_194_C,LEU_196_C,GLU_198_C"
LEU_196_C,"VAL_192_C,GLN_195_C,MET_197_C,ARG_199_C,PHE_201_C,VAL_212_C"
MET_197_C,"LEU_196_C,GLU_198_C,ARG_199_C,GLY_200_C,PHE_201_C,VAL_202_C"
GLU_198_C,"ARG_194_C,GLN_195_C,MET_197_C,ARG_199_C"
ARG_199_C,"GLU_162_C,LEU_196_C,MET_197_C,GLU_198_C,GLY_200_C,GLU_386_C"
GLY_200_C,"MET_197_C,ARG_199_C,PHE_201_C"
PHE_201_C,"ILE_165_C,LYS_169_C,PHE_177_C,LEU_196_C,MET_197_C,GLY_200_C,VAL_202_C,ALA_210_C"
VAL_202_C,"MET_197_C,PHE_201_C,TYR_206_C,ALA_210_C"
PRO_203_C,"LYS_193_C,GLU_204_C,TYR_206_C"
GLU_204_C,"PRO_203_C,GLU_205_C"
GLU_205_C,"LYS_193_C,GLU_204_C,TYR_206_C"
TYR_206_C,"VAL_202_C,PRO_203_C,GLU_205_C,GLY_207_C"
GLY_207_C,"TYR_206_C,GLY_208_C"
GLY_208_C,"GLY_207_C,ASP_209_C"
ASP_209_C,"GLY_208_C,ALA_210_C"
ALA_210_C,"PHE_177_C,PHE_201_C,VAL_202_C,ASP_209_C,ILE_211_C"
ILE_211_C,"PHE_177_C,ALA_210_C,VAL_212_C"
VAL_212_C,"ILE_179_C,LEU_196_C,ILE_211_C,ILE_213_C"
ILE_213_C,"PHE_177_C,VAL_212_C,LEU_226_C,MET_229_C"
PRO_214_C,"ILE_182_C,ILE_215_C"
ILE_215_C,"LEU_89_C,ILE_179_C,PRO_214_C,SER_216_C,LEU_226_C"
SER_216_C,"ILE_215_C,ALA_217_C,GLY_220_C"
ALA_217_C,"THR_88_C,SER_216_C,LYS_218_C"
LYS_218_C,"ALA_217_C,THR_219_C"
THR_219_C,"LYS_218_C,GLY_220_C"
GLY_220_C,"SER_216_C,THR_219_C,GLN_221_C"
GLN_221_C,"GLY_220_C,GLY_222_C"
GLY_222_C,"GLN_221_C,VAL_223_C,ASP_225_C"
VAL_223_C,"GLY_222_C,GLN_224_C,ASP_225_C,LEU_226_C,LEU_227_C"
GLN_224_C,"VAL_223_C,ASP_225_C,GLU_228_C"
ASP_225_C,"GLY_222_C,VAL_223_C,GLN_224_C,LEU_226_C,GLU_228_C,MET_229_C"
LEU_226_C,"ILE_176_C,ILE_213_C,ILE_215_C,VAL_223_C,ASP_225_C,LEU_227_C,ILE_230_C"
LEU_227_C,"VAL_223_C,LEU_226_C,GLU_228_C"
GLU_228_C,"GLN_224_C,ASP_225_C,LEU_227_C,MET_229_C"
MET_229_C,"ILE_213_C,ASP_225_C,GLU_228_C,ILE_230_C,LEU_231_C,LEU_232_C,LEU_233_C"
ILE_230_C,"VAL_76_C,VAL_122_C,ILE_176_C,LEU_226_C,MET_229_C,LEU_231_C,ALA_234_C"
LEU_231_C,"GLN_119_C,VAL_122_C,MET_229_C,ILE_230_C,LEU_232_C,GLU_235_C"
LEU_232_C,"MET_229_C,LEU_231_C,LEU_233_C,ALA_234_C,GLU_235_C,LEU_236_C"
LEU_233_C,"ILE_176_C,MET_229_C,LEU_232_C,ALA_234_C"
ALA_234_C,"PRO_74_C,ILE_230_C,LEU_232_C,LEU_233_C,GLU_235_C,ASP_238_C"
GLU_235_C,"ARG_71_C,LEU_231_C,LEU_232_C,ALA_234_C,LEU_236_C,ASP_238_C"
LEU_236_C,"LEU_232_C,GLU_235_C,GLU_237_C"
GLU_237_C,"LYS_174_C,LEU_236_C,ASP_238_C,TYR_239_C"
ASP_238_C,"ARG_71_C,ALA_234_C,GLU_235_C,GLU_237_C,TYR_239_C,ARG_240_C"
TYR_239_C,"ARG_72_C,PRO_74_C,GLU_237_C,ASP_238_C,ARG_240_C"
ARG_240_C,"LYS_67_C,LEU_69_C,ARG_71_C,ASP_238_C,TYR_239_C,ALA_241_C"
ALA_241_C,"PRO_70_C,ARG_72_C,ARG_240_C,ASP_242_C"
ASP_242_C,"ARG_65_C,ALA_241_C,ASN_244_C"
PRO_243_C,"ASN_244_C,THR_272_C"
ASN_244_C,"ASP_242_C,PRO_243_C,ALA_245_C"
ALA_245_C,"ASN_244_C,GLU_246_C"
GLU_246_C,ALA_245_C
PRO_247_C,"ARG_248_C,PHE_273_C"
ARG_248_C,"PRO_247_C,GLY_249_C,GLN_269_C,GLU_270_C,GLU_324_C"
GLY_249_C,"ARG_248_C,VAL_250_C,VAL_323_C"
VAL_250_C,"ALA_141_C,VAL_143_C,GLY_249_C,ILE_251_C,LEU_267_C"
ILE_251_C,"VAL_250_C,LEU_252_C,PRO_317_C,GLY_320_C,ASP_321_C,VAL_323_C"
LEU_252_C,"VAL_143_C,ILE_251_C,GLU_253_C"
GLU_253_C,"LEU_252_C,SER_254_C,ASN_265_C"
SER_254_C,"GLU_253_C,LYS_255_C"
LYS_255_C,"SER_254_C,LEU_256_C,ASP_257_C,ILE_263_C"
LEU_256_C,"LYS_255_C,ASP_257_C"
ASP_257_C,"LYS_255_C,LEU_256_C,LYS_258_C,GLN_259_C,ALA_260_C"
LYS_258_C,"ASP_257_C,GLN_259_C"
GLN_259_C,"ASP_257_C,LYS_258_C,ALA_260_C"
ALA_260_C,"ASP_257_C,GLN_259_C,GLY_261_C"
GLY_261_C,"ALA_260_C,ILE_262_C"
ILE_262_C,"GLY_261_C,ILE_263_C,PHE_313_C"
ILE_263_C,"LYS_255_C,ILE_262_C,ALA_264_C,LEU_311_C"
ALA_264_C,"ILE_263_C,ASN_265_C"
ASN_265_C,"GLU_253_C,ALA_264_C,MET_266_C"
MET_266_C,"ASN_265_C,LEU_267_C,PHE_273_C"
LEU_267_C,"VAL_143_C,VAL_250_C,MET_266_C,VAL_268_C"
VAL_268_C,"LEU_267_C,GLN_269_C,PHE_273_C,GLY_305_C"
GLN_269_C,"ARG_248_C,VAL_268_C,GLU_270_C"
GLU_270_C,"ARG_248_C,GLN_269_C,GLY_271_C"
GLY_271_C,"GLU_270_C,THR_272_C"
THR_272_C,"PRO_243_C,GLY_271_C,PHE_273_C"
PHE_273_C,"PRO_247_C,MET_266_C,VAL_268_C,THR_272_C,ARG_274_C,ILE_288_C,ALA_302_C"
ARG_274_C,"PHE_273_C,VAL_275_C,ASP_277_C,GLU_301_C"
VAL_275_C,"ARG_274_C,GLY_276_C"
GLY_276_C,"VAL_275_C,ASP_277_C,ILE_288_C"
ASP_277_C,"ARG_274_C,GLY_276_C,TYR_278_C,ILE_288_C"
TYR_278_C,"ASP_277_C,VAL_279_C,ARG_287_C"
VAL_279_C,"TYR_278_C,VAL_280_C,ILE_288_C"
VAL_280_C,"VAL_279_C,ALA_281_C,VAL_326_C"
ALA_281_C,"VAL_280_C,GLY_282_C,ALA_284_C,PHE_313_C,PRO_317_C"
GLY_282_C,"ALA_281_C,GLU_283_C"
GLU_283_C,"GLY_282_C,ALA_284_C,GLU_315_C,ARG_339_C,LYS_340_C,ARG_343_C"
ALA_284_C,"ALA_281_C,GLU_283_C,TYR_285_C"
TYR_285_C,"ALA_284_C,GLY_286_C,GLN_314_C,ALA_332_C,LYS_333_C,ALA_336_C"
GLY_286_C,"TYR_285_C,ARG_287_C"
ARG_287_C,"TYR_278_C,GLY_286_C,ILE_288_C,ARG_289_C,GLY_312_C"
ILE_288_C,"PHE_273_C,GLY_276_C,ASP_277_C,VAL_279_C,ARG_287_C,ARG_289_C"
ARG_289_C,"ARG_287_C,ILE_288_C,ALA_290_C,LEU_311_C"
ALA_290_C,"ARG_289_C,MET_291_C"
MET_291_C,"ALA_290_C,MET_292_C"
MET_292_C,"GLN_108_C,MET_291_C,ASP_293_C,GLN_309_C"
ASP_293_C,"MET_292_C,ALA_294_C,ASP_295_C,ASN_297_C,ARG_299_C"
ALA_294_C,"VAL_110_C,ASP_293_C,ASP_295_C"
ASP_295_C,"ARG_97_C,ASP_293_C,ALA_294_C,GLY_296_C,ASN_297_C"
GLY_296_C,"ASP_295_C,ASN_297_C"
ASN_297_C,"ASP_293_C,ASP_295_C,GLY_296_C,GLN_298_C"
GLN_298_C,"ASN_297_C,ARG_299_C"
ARG_299_C,"ASP_293_C,GLN_298_C,LYS_300_C"
LYS_300_C,"ARG_299_C,GLU_301_C"
GLU_301_C,"ARG_274_C,LYS_300_C,ALA_302_C"
ALA_302_C,"PHE_273_C,GLU_301_C,GLY_303_C"
GLY_303_C,ALA_302_C
PRO_304_C,GLY_305_C
GLY_305_C,"VAL_268_C,PRO_304_C,SER_306_C"
SER_306_C,"GLY_305_C,ALA_307_C"
ALA_307_C,"ALA_112_C,SER_306_C,VAL_308_C"
VAL_308_C,"ALA_307_C,GLN_309_C"
GLN_309_C,"MET_292_C,VAL_308_C,VAL_310_C"
VAL_310_C,"GLN_309_C,LEU_311_C"
LEU_311_C,"ILE_263_C,ARG_289_C,VAL_310_C,GLY_312_C"
GLY_312_C,"ARG_287_C,LEU_311_C,PHE_313_C"
PHE_313_C,"ILE_262_C,ALA_281_C,GLY_312_C,GLN_314_C"
GLN_314_C,"TYR_285_C,PHE_313_C,GLU_315_C"
GLU_315_C,"GLU_283_C,GLN_314_C,LEU_316_C,HIS_318_C"
LEU_316_C,GLU_315_C
PRO_317_C,"ILE_251_C,ALA_281_C,HIS_318_C"
HIS_318_C,"GLU_315_C,PRO_317_C,ASP_321_C"
PRO_319_C,GLY_320_C
GLY_320_C,"ILE_251_C,PRO_319_C,ASP_321_C"
ASP_321_C,"ILE_251_C,HIS_318_C,GLY_320_C,VAL_322_C"
VAL_322_C,"ALA_141_C,ASP_321_C,VAL_323_C"
VAL_323_C,"GLY_249_C,ILE_251_C,VAL_322_C,GLU_324_C"
GLU_324_C,"ARG_248_C,VAL_323_C,TRP_325_C,ARG_339_C"
TRP_325_C,"GLU_324_C,VAL_326_C"
VAL_326_C,"VAL_280_C,TRP_325_C,ALA_331_C"
PRO_327_C,ASP_328_C
ASP_328_C,"PRO_327_C,LEU_329_C,GLU_330_C"
LEU_329_C,"ASP_328_C,GLU_330_C,LYS_333_C"
GLU_330_C,"ASP_328_C,LEU_329_C,ALA_331_C"
ALA_331_C,"VAL_326_C,GLU_330_C,ALA_332_C,GLU_334_C,ILE_335_C"
ALA_332_C,"TYR_285_C,ALA_331_C,LYS_333_C"
LYS_333_C,"TYR_285_C,LEU_329_C,ALA_332_C,GLU_334_C,GLU_337_C"
GLU_334_C,"ALA_331_C,LYS_333_C,ILE_335_C,GLU_337_C,GLU_338_C"
ILE_335_C,"ALA_331_C,GLU_334_C,ALA_336_C,GLU_338_C"
ALA_336_C,"TYR_285_C,ILE_335_C,GLU_337_C"
GLU_337_C,"LYS_333_C,GLU_334_C,ALA_336_C,GLU_338_C,LYS_340_C,GLU_341_C,LYS_344_C"
GLU_338_C,"GLU_334_C,ILE_335_C,GLU_337_C,ARG_339_C,GLU_341_C"
ARG_339_C,"GLU_283_C,GLU_324_C,GLU_338_C,LYS_340_C"
LYS_340_C,"GLU_283_C,GLU_337_C,ARG_339_C,GLU_341_C,GLU_342_C,ARG_343_C,LYS_344_C"
GLU_341_C,"GLU_337_C,GLU_338_C,LYS_340_C,GLU_342_C,LYS_344_C,ALA_345_C"
GLU_342_C,"LYS_340_C,GLU_341_C,ARG_343_C,ARG_346_C"
ARG_343_C,"GLU_283_C,LYS_340_C,GLU_342_C,LYS_344_C,GLU_347_C"
LYS_344_C,"GLU_337_C,LYS_340_C,GLU_341_C,ARG_343_C,ALA_345_C,GLU_347_C,GLU_348_C"
ALA_345_C,"GLU_341_C,LYS_344_C,ARG_346_C,GLU_349_C"
ARG_346_C,"GLU_342_C,ALA_345_C,GLU_347_C,GLU_348_C,GLU_349_C,GLU_350_C"
GLU_347_C,"ARG_343_C,LYS_344_C,ARG_346_C,GLU_348_C,LYS_351_C"
GLU_348_C,"LYS_344_C,ARG_346_C,GLU_347_C,GLU_349_C,LYS_351_C,ALA_352_C"
GLU_349_C,"ALA_345_C,ARG_346_C,GLU_348_C,GLU_350_C"
GLU_350_C,"ARG_346_C,GLU_349_C,LYS_351_C,ALA_352_C,ARG_353_C"
LYS_351_C,"GLU_347_C,GLU_348_C,GLU_350_C,ALA_352_C"
ALA_352_C,"GLU_348_C,GLU_350_C,LYS_351_C,ARG_353_C,ARG_354_C"
ARG_353_C,"GLU_350_C,ALA_352_C,ARG_354_C,ARG_356_C,THR_357_C"
ARG_354_C,"ALA_352_C,ARG_353_C,THR_357_C,MET_358_C"
PRO_355_C,"ARG_356_C,THR_357_C,MET_358_C"
ARG_356_C,"ARG_353_C,PRO_355_C,THR_357_C"
THR_357_C,"ARG_353_C,ARG_354_C,PRO_355_C,ARG_356_C,MET_358_C"
MET_358_C,"ARG_354_C,PRO_355_C,THR_357_C,ALA_359_C,GLU_360_C"
ALA_359_C,"MET_358_C,GLU_360_C,LEU_361_C,LEU_362_C"
GLU_360_C,"MET_358_C,ALA_359_C,LEU_361_C"
LEU_361_C,"ALA_359_C,GLU_360_C,LEU_362_C"
LEU_362_C,"ALA_359_C,LEU_361_C,ARG_363_C,ALA_364_C"
ARG_363_C,"LEU_362_C,ALA_364_C"
ALA_364_C,"LEU_362_C,ARG_363_C,MET_365_C"
MET_365_C,"ALA_364_C,GLN_366_C"
GLN_366_C,"MET_365_C,GLU_367_C,GLU_368_C"
GLU_367_C,"GLN_366_C,GLU_368_C"
GLU_368_C,"GLN_366_C,GLU_367_C,GLY_369_C"
GLY_369_C,"GLU_368_C,ARG_370_C"
ARG_370_C,"GLY_369_C,LYS_371_C"
LYS_371_C,"ARG_370_C,GLU_372_C"
GLU_372_C,"LYS_371_C,LEU_373_C"
LEU_373_C,"GLU_372_C,ASN_374_C"
ASN_374_C,"LEU_373_C,LEU_375_C,ASN_403_C"
LEU_375_C,"ASN_374_C,ILE_376_C,ASN_403_C,LEU_405_C,ALA_426_C,LEU_428_C"
ILE_376_C,"LEU_375_C,LEU_377_C"
LEU_377_C,"ILE_376_C,ARG_378_C"
ARG_378_C,"LEU_377_C,ALA_379_C,ASP_416_C"
ALA_379_C,"ARG_378_C,ASP_380_C"
ASP_380_C,"ALA_379_C,THR_381_C,VAL_432_C"
THR_381_C,"ASP_380_C,GLN_382_C"
GLN_382_C,"THR_381_C,GLY_383_C,GLU_386_C"
GLY_383_C,"GLN_382_C,SER_384_C"
SER_384_C,"GLY_383_C,LEU_385_C"
LEU_385_C,"SER_384_C,GLU_386_C,ALA_407_C"
GLU_386_C,"ARG_199_C,GLN_382_C,LEU_385_C,ALA_387_C"
ALA_387_C,"GLU_386_C,ILE_388_C,GLN_389_C,HIS_390_C"
ILE_388_C,"ALA_387_C,GLN_389_C,ILE_391_C,LEU_392_C,ILE_455_C,LEU_458_C"
GLN_389_C,"ALA_387_C,ILE_388_C,HIS_390_C,ALA_393_C"
HIS_390_C,"GLU_162_C,GLU_163_C,ALA_387_C,GLN_389_C,ILE_391_C,ARG_394_C"
ILE_391_C,"ALA_170_C,ILE_388_C,HIS_390_C,LEU_392_C,VAL_459_C"
LEU_392_C,"ILE_388_C,ILE_391_C,ALA_393_C,GLU_395_C,SER_396_C,VAL_462_C"
ALA_393_C,"GLN_389_C,LEU_392_C,ARG_394_C,GLU_395_C,SER_396_C"
ARG_394_C,"GLU_163_C,HIS_390_C,ALA_393_C,GLU_395_C"
GLU_395_C,"LEU_392_C,ALA_393_C,ARG_394_C,SER_396_C,ARG_463_C"
SER_396_C,"LEU_392_C,ALA_393_C,GLU_395_C"
LYS_401_C,ILE_402_C
ILE_402_C,"LYS_401_C,ASN_403_C"
ASN_403_C,"ASN_374_C,LEU_375_C,ILE_402_C,ILE_404_C"
ILE_404_C,"ASN_403_C,LEU_405_C"
LEU_405_C,"LEU_375_C,ILE_404_C,LEU_406_C,ALA_425_C"
LEU_406_C,"LEU_405_C,ALA_407_C"
ALA_407_C,"LEU_385_C,LEU_406_C,GLN_408_C"
GLN_408_C,"ALA_407_C,VAL_409_C"
VAL_409_C,"GLN_408_C,GLY_410_C"
GLY_410_C,"VAL_409_C,ALA_411_C"
ALA_411_C,GLY_410_C
PRO_412_C,THR_413_C
THR_413_C,"PRO_412_C,GLU_414_C,SER_415_C"
GLU_414_C,"THR_413_C,SER_415_C,ASP_416_C,VAL_417_C,LEU_418_C"
SER_415_C,"THR_413_C,GLU_414_C,ASP_416_C,LEU_419_C"
ASP_416_C,"ARG_378_C,GLU_414_C,SER_415_C,VAL_417_C,ALA_420_C"
VAL_417_C,"GLU_414_C,ASP_416_C,LEU_418_C,GLN_421_C,ILE_427_C,VAL_438_C"
LEU_418_C,"GLU_414_C,VAL_417_C,LEU_419_C,GLN_421_C"
LEU_419_C,"SER_415_C,LEU_418_C,ALA_420_C"
ALA_420_C,"ASP_416_C,LEU_419_C,GLN_421_C"
GLN_421_C,"VAL_417_C,LEU_418_C,ALA_420_C,THR_422_C,LYS_445_C"
THR_422_C,"GLN_421_C,ALA_423_C"
ALA_423_C,"THR_422_C,ASN_424_C"
ASN_424_C,"ALA_423_C,ALA_425_C"
ALA_425_C,"LEU_405_C,ASN_424_C,ALA_426_C"
ALA_426_C,"LEU_375_C,ALA_425_C,ILE_427_C,LEU_428_C"
ILE_427_C,"VAL_417_C,ALA_426_C,LEU_428_C,LEU_449_C,LYS_450_C"
LEU_428_C,"LEU_375_C,ALA_426_C,ILE_427_C,ALA_429_C,LEU_458_C,VAL_462_C"
ALA_429_C,"LEU_428_C,PHE_430_C,VAL_432_C"
PHE_430_C,"ALA_429_C,GLY_431_C"
GLY_431_C,"PHE_430_C,VAL_432_C"
VAL_432_C,"ASP_380_C,ALA_429_C,GLY_431_C,ASN_433_C"
ASN_433_C,VAL_432_C
PRO_435_C,"GLY_436_C,VAL_438_C,LYS_439_C"
GLY_436_C,"PRO_435_C,SER_437_C,LYS_440_C"
SER_437_C,"GLY_436_C,VAL_438_C"
VAL_438_C,"VAL_417_C,PRO_435_C,SER_437_C,LYS_439_C,ALA_442_C"
LYS_439_C,"PRO_435_C,VAL_438_C,LYS_440_C,GLU_443_C"
LYS_440_C,"GLY_436_C,LYS_439_C,LYS_441_C,GLU_444_C"
LYS_441_C,"LYS_440_C,ALA_442_C,GLU_444_C"
ALA_442_C,"VAL_438_C,LYS_441_C,GLU_443_C"
GLU_443_C,"LYS_439_C,ALA_442_C,GLU_444_C"
GLU_444_C,"LYS_440_C,LYS_441_C,GLU_443_C,LYS_445_C"
LYS_445_C,"GLN_421_C,GLU_444_C,GLY_446_C"
GLY_446_C,"LYS_445_C,VAL_447_C"
VAL_447_C,"GLY_446_C,LEU_448_C"
LEU_448_C,"VAL_447_C,LEU_449_C"
LEU_449_C,"ILE_427_C,LEU_448_C,LYS_450_C"
LYS_450_C,"ILE_427_C,LEU_449_C,THR_451_C,PHE_452_C"
THR_451_C,"LYS_450_C,PHE_452_C"
PHE_452_C,"LYS_450_C,THR_451_C,ARG_453_C,GLU_461_C"
ARG_453_C,"PHE_452_C,ILE_454_C"
ILE_454_C,"ARG_453_C,ILE_455_C"
ILE_455_C,"ALA_170_C,ILE_388_C,ILE_454_C,TYR_456_C,ASP_457_C,LEU_458_C"
TYR_456_C,"HIS_167_C,ALA_170_C,ALA_171_C,ILE_455_C,ASP_457_C,ASP_460_C"
ASP_457_C,"ILE_455_C,TYR_456_C,LEU_458_C,ASP_460_C,GLU_461_C"
LEU_458_C,"ILE_388_C,LEU_428_C,ILE_455_C,ASP_457_C,VAL_459_C,VAL_462_C"
VAL_459_C,"ILE_391_C,LEU_458_C,ASP_460_C,VAL_462_C,ARG_463_C"
ASP_460_C,"TYR_456_C,ASP_457_C,VAL_459_C,GLU_461_C,ARG_463_C,ASN_464_C"
GLU_461_C,"PHE_452_C,ASP_457_C,ASP_460_C,VAL_462_C,ARG_463_C,ASN_464_C"
VAL_462_C,"LEU_392_C,LEU_428_C,LEU_458_C,VAL_459_C,GLU_461_C,ARG_463_C,ASN_464_C"
ARG_463_C,"GLU_395_C,VAL_459_C,ASP_460_C,GLU_461_C,VAL_462_C,ASN_464_C"
ASN_464_C,"ASP_460_C,GLU_461_C,VAL_462_C,ARG_463_C,MET_465_C"
MET_465_C,"ASN_464_C,VAL_466_C"
VAL_466_C,"MET_465_C,LYS_467_C"
LYS_467_C,"VAL_466_C,GLY_468_C"
GLY_468_C,"LYS_467_C,GLN_469_C,ARG_470_C"
GLN_469_C,"GLY_468_C,ARG_470_C"
ARG_470_C,"GLY_468_C,GLN_469_C,GLU_471_C"
GLU_471_C,ARG_470_C
PRO_472_C,GLN_473_C
GLN_473_C,"PRO_472_C,TYR_474_C"
TYR_474_C,GLN_473_C
