residue_id,neighbors
HIS_20_A,"MET_21_A,GLU_204_A"
MET_21_A,"HIS_20_A,LYS_23_A"
PRO_22_A,"LYS_23_A,LEU_202_A"
LYS_23_A,"MET_21_A,PRO_22_A,LEU_24_A,ASP_48_A,GLU_204_A,ASP_206_A,TYR_207_A,VAL_208_A,LYS_228_A"
LEU_24_A,"LYS_23_A,MET_25_A,ASP_48_A,VAL_210_A,LEU_231_A"
MET_25_A,"LEU_24_A,LEU_26_A,VAL_208_A,VAL_210_A"
LEU_26_A,"MET_25_A,ALA_27_A,LYS_51_A,ILE_214_A"
ALA_27_A,"LEU_26_A,LEU_28_A,ILE_209_A,VAL_210_A"
LEU_28_A,"ALA_27_A,ASP_29_A,VAL_40_A,LYS_51_A"
ASP_29_A,"LEU_28_A,VAL_30_A,LYS_51_A"
VAL_30_A,"ASP_29_A,LEU_31_A,ALA_36_A,ILE_39_A,TYR_215_A"
LEU_31_A,"VAL_30_A,ASP_32_A"
ASP_32_A,"LEU_31_A,ARG_33_A,ASP_34_A,ARG_35_A,ALA_36_A"
ARG_33_A,"ASP_32_A,ASP_34_A,LEU_37_A,THR_60_A,ILE_64_A,GLU_67_A"
ASP_34_A,"ASP_32_A,ARG_33_A,ARG_35_A,LYS_38_A"
ARG_35_A,"ASP_32_A,ASP_34_A,ALA_36_A"
ALA_36_A,"VAL_30_A,ASP_32_A,ARG_35_A,LEU_37_A,LEU_56_A"
LEU_37_A,"ARG_33_A,ALA_36_A,LYS_38_A,ILE_68_A"
LYS_38_A,"ASP_34_A,LEU_37_A,ILE_39_A,ASP_42_A"
ILE_39_A,"VAL_30_A,LYS_38_A,VAL_40_A,VAL_43_A"
VAL_40_A,"LEU_28_A,ILE_39_A,GLU_41_A,ILE_68_A,LEU_71_A,CYS_72_A"
GLU_41_A,"VAL_40_A,ASP_42_A,LYS_44_A"
ASP_42_A,"LYS_38_A,GLU_41_A,VAL_43_A"
VAL_43_A,"ILE_39_A,ASP_42_A,LYS_44_A,TYR_46_A,ALA_224_A"
LYS_44_A,"GLU_41_A,VAL_43_A,ASP_45_A"
ASP_45_A,"LYS_44_A,TYR_46_A,LYS_221_A"
TYR_46_A,"VAL_43_A,ASP_45_A,VAL_47_A,LYS_225_A"
VAL_47_A,"TYR_46_A,ASP_48_A"
ASP_48_A,"LYS_23_A,LEU_24_A,VAL_47_A,ALA_49_A,LYS_74_A,LYS_228_A"
ALA_49_A,"ASP_48_A,ILE_50_A,TYR_207_A"
ILE_50_A,"ALA_49_A,LYS_51_A,GLU_75_A,ILE_77_A"
LYS_51_A,"LEU_26_A,LEU_28_A,ASP_29_A,ILE_50_A,VAL_52_A,ASP_79_A,LYS_81_A"
VAL_52_A,"LYS_51_A,GLY_53_A,VAL_57_A,ILE_77_A,ASP_79_A"
GLY_53_A,"VAL_52_A,TYR_54_A,VAL_57_A"
TYR_54_A,"GLY_53_A,LEU_58_A,PHE_80_A"
PRO_55_A,"LEU_56_A,SER_59_A"
LEU_56_A,"ALA_36_A,PRO_55_A,VAL_57_A,THR_60_A"
VAL_57_A,"VAL_52_A,GLY_53_A,LEU_56_A,LEU_58_A,GLY_61_A"
LEU_58_A,"TYR_54_A,VAL_57_A,SER_59_A"
SER_59_A,"PRO_55_A,LEU_58_A,THR_60_A"
THR_60_A,"ARG_33_A,LEU_56_A,SER_59_A,GLY_61_A"
GLY_61_A,"VAL_57_A,THR_60_A,THR_62_A"
THR_62_A,"GLY_61_A,GLU_63_A,ILE_65_A"
GLU_63_A,"THR_62_A,ILE_64_A"
ILE_64_A,"ARG_33_A,GLU_63_A,ILE_65_A,ILE_68_A"
ILE_65_A,"THR_62_A,ILE_64_A,LYS_66_A"
LYS_66_A,"ILE_65_A,GLU_67_A,LYS_70_A"
GLU_67_A,"ARG_33_A,LYS_66_A,ILE_68_A"
ILE_68_A,"LEU_37_A,VAL_40_A,ILE_64_A,GLU_67_A,LYS_69_A,LEU_71_A"
LYS_69_A,"ILE_68_A,LYS_70_A,ASN_73_A,ASP_101_A"
LYS_70_A,"LYS_66_A,LYS_69_A,LEU_71_A"
LEU_71_A,"VAL_40_A,ILE_68_A,LYS_70_A,CYS_72_A"
CYS_72_A,"VAL_40_A,LEU_71_A,ASN_73_A"
ASN_73_A,"LYS_69_A,CYS_72_A,LYS_74_A"
LYS_74_A,"ASP_48_A,ASN_73_A,GLU_75_A"
GLU_75_A,"ILE_50_A,LYS_74_A,VAL_76_A,ASP_101_A,LYS_127_A"
VAL_76_A,"GLU_75_A,ILE_77_A,ASP_101_A"
ILE_77_A,"ILE_50_A,VAL_52_A,VAL_76_A,ALA_78_A,ILE_104_A"
ALA_78_A,"ILE_77_A,ASP_79_A,THR_96_A,GLY_102_A"
ASP_79_A,"LYS_51_A,VAL_52_A,ALA_78_A,PHE_80_A,LYS_81_A,ILE_104_A"
PHE_80_A,"TYR_54_A,ASP_79_A,LYS_81_A,VAL_82_A,THR_96_A"
LYS_81_A,"LYS_51_A,ASP_79_A,PHE_80_A,VAL_82_A,HIS_106_A"
VAL_82_A,"PHE_80_A,LYS_81_A,ALA_83_A,ILE_103_A,HIS_106_A"
ALA_83_A,"VAL_82_A,ASP_84_A"
ASP_84_A,"ALA_83_A,ILE_85_A,THR_88_A,ASN_89_A,SER_113_A"
ILE_85_A,"ASP_84_A,ASN_89_A"
PRO_86_A,"ALA_87_A,GLU_90_A"
ALA_87_A,"PRO_86_A,THR_88_A"
THR_88_A,"ASP_84_A,ALA_87_A,ASN_89_A"
ASN_89_A,"ASP_84_A,ILE_85_A,THR_88_A,GLU_90_A,ALA_93_A,SER_113_A"
GLU_90_A,"PRO_86_A,ASN_89_A,LYS_91_A,LYS_94_A"
LYS_91_A,"GLU_90_A,ILE_92_A"
ILE_92_A,"LYS_91_A,ALA_93_A,THR_96_A"
ALA_93_A,"ASN_89_A,ILE_92_A,LYS_94_A,LEU_97_A"
LYS_94_A,"GLU_90_A,ALA_93_A,ILE_95_A,VAL_120_A"
ILE_95_A,"LYS_94_A,THR_96_A"
THR_96_A,"ALA_78_A,PHE_80_A,ILE_92_A,ILE_95_A,LEU_97_A,ALA_100_A,ILE_103_A"
LEU_97_A,"ALA_93_A,THR_96_A,LYS_98_A,ALA_121_A,LEU_124_A"
LYS_98_A,"LEU_97_A,TYR_99_A"
TYR_99_A,"LYS_98_A,ALA_100_A"
ALA_100_A,"THR_96_A,TYR_99_A,ASP_101_A,LYS_126_A"
ASP_101_A,"LYS_69_A,GLU_75_A,VAL_76_A,ALA_100_A,GLY_102_A,LYS_126_A"
GLY_102_A,"ALA_78_A,ASP_101_A,ILE_103_A"
ILE_103_A,"VAL_82_A,THR_96_A,GLY_102_A,ILE_104_A,VAL_117_A,LYS_127_A,ILE_129_A"
ILE_104_A,"ILE_77_A,ASP_79_A,ILE_103_A,VAL_105_A,VAL_131_A"
VAL_105_A,"ILE_104_A,HIS_106_A,VAL_128_A,ILE_129_A,VAL_131_A"
HIS_106_A,"LYS_81_A,VAL_82_A,VAL_105_A,GLY_107_A,PHE_108_A"
GLY_107_A,"HIS_106_A,PHE_108_A,GLY_110_A"
PHE_108_A,"HIS_106_A,GLY_107_A,VAL_109_A"
VAL_109_A,"PHE_108_A,GLY_110_A"
GLY_110_A,"GLY_107_A,VAL_109_A,GLU_111_A"
GLU_111_A,"GLY_110_A,ASP_112_A,LYS_115_A,LYS_156_A"
ASP_112_A,"GLU_111_A,SER_113_A,ALA_116_A"
SER_113_A,"ASP_84_A,ASN_89_A,ASP_112_A,VAL_114_A"
VAL_114_A,"SER_113_A,LYS_115_A,GLN_118_A,LEU_157_A"
LYS_115_A,"GLU_111_A,VAL_114_A,ALA_116_A,ASP_119_A,LEU_157_A"
ALA_116_A,"ASP_112_A,LYS_115_A,VAL_117_A"
VAL_117_A,"ILE_103_A,ALA_116_A,GLN_118_A,ALA_121_A"
GLN_118_A,"VAL_114_A,VAL_117_A,ASP_119_A,LYS_122_A,LEU_157_A"
ASP_119_A,"LYS_115_A,GLN_118_A,VAL_120_A"
VAL_120_A,"LYS_94_A,ASP_119_A,ALA_121_A"
ALA_121_A,"LEU_97_A,VAL_117_A,VAL_120_A,LYS_122_A,ASN_125_A,LYS_126_A,VAL_128_A"
LYS_122_A,"GLN_118_A,ALA_121_A,LYS_123_A"
LYS_123_A,"LYS_122_A,LEU_124_A"
LEU_124_A,"LEU_97_A,LYS_123_A,ASN_125_A,LYS_126_A"
ASN_125_A,"ALA_121_A,LEU_124_A,LYS_126_A"
LYS_126_A,"ALA_100_A,ASP_101_A,ALA_121_A,LEU_124_A,ASN_125_A,LYS_127_A"
LYS_127_A,"GLU_75_A,ILE_103_A,LYS_126_A,VAL_128_A,ASP_160_A"
VAL_128_A,"VAL_105_A,ALA_121_A,LYS_127_A,ILE_129_A,ASP_160_A"
ILE_129_A,"ILE_103_A,VAL_105_A,VAL_128_A,MET_130_A,VAL_163_A"
MET_130_A,"ILE_129_A,VAL_131_A,ALA_154_A,ALA_161_A,VAL_163_A"
VAL_131_A,"ILE_104_A,VAL_105_A,MET_130_A,THR_132_A,MET_134_A"
THR_132_A,"VAL_131_A,GLU_133_A,VAL_163_A"
GLU_133_A,"THR_132_A,MET_134_A,GLN_144_A,ALA_147_A,ASP_148_A,ARG_168_A,ARG_171_A,ILE_175_A"
MET_134_A,"VAL_131_A,GLU_133_A,SER_135_A,ALA_139_A,LEU_143_A,ARG_168_A"
SER_135_A,"MET_134_A,HIS_136_A,THR_167_A,GLN_191_A"
HIS_136_A,"SER_135_A,ALA_139_A,ARG_168_A"
PRO_137_A,GLY_138_A
GLY_138_A,"PRO_137_A,ALA_139_A"
ALA_139_A,"MET_134_A,HIS_136_A,GLY_138_A,VAL_140_A,GLN_144_A"
VAL_140_A,"ALA_139_A,GLN_141_A"
GLN_141_A,"VAL_140_A,PHE_142_A"
PHE_142_A,"GLN_141_A,LEU_143_A"
LEU_143_A,"MET_134_A,PHE_142_A,GLN_144_A,ALA_147_A"
GLN_144_A,"GLU_133_A,ALA_139_A,LEU_143_A"
PRO_145_A,ILE_146_A
ILE_146_A,"PRO_145_A,ALA_147_A,LEU_150_A"
ALA_147_A,"GLU_133_A,LEU_143_A,ILE_146_A,ASP_148_A,SER_151_A"
ASP_148_A,"GLU_133_A,ALA_147_A,LYS_149_A,GLU_152_A,ARG_171_A,GLU_174_A,ILE_178_A"
LYS_149_A,"ASP_148_A,LEU_150_A,GLU_152_A,MET_153_A"
LEU_150_A,"ILE_146_A,LYS_149_A,SER_151_A,ALA_154_A"
SER_151_A,"ALA_147_A,LEU_150_A,GLU_152_A"
GLU_152_A,"ASP_148_A,LYS_149_A,SER_151_A,MET_153_A,LYS_156_A,ILE_178_A"
MET_153_A,"LYS_149_A,GLU_152_A,ALA_154_A,LEU_157_A"
ALA_154_A,"MET_130_A,LEU_150_A,MET_153_A,LYS_155_A,LYS_158_A,ILE_162_A"
LYS_155_A,"ALA_154_A,LYS_156_A,GLU_180_A"
LYS_156_A,"GLU_111_A,GLU_152_A,LYS_155_A,LEU_157_A"
LEU_157_A,"VAL_114_A,LYS_115_A,GLN_118_A,MET_153_A,LYS_156_A,LYS_158_A"
LYS_158_A,"ALA_154_A,LEU_157_A,VAL_159_A"
VAL_159_A,"LYS_158_A,ASP_160_A,LEU_181_A"
ASP_160_A,"LYS_127_A,VAL_128_A,VAL_159_A,ALA_161_A"
ALA_161_A,"MET_130_A,ASP_160_A,ILE_162_A"
ILE_162_A,"ALA_154_A,ALA_161_A,VAL_163_A,ILE_175_A,ALA_179_A,ILE_184_A"
VAL_163_A,"ILE_129_A,MET_130_A,THR_132_A,ILE_162_A,ALA_164_A"
ALA_164_A,"VAL_163_A,LEU_172_A,THR_185_A"
PRO_165_A,SER_166_A
SER_166_A,"PRO_165_A,THR_167_A,THR_185_A,PRO_186_A"
THR_167_A,"SER_135_A,SER_166_A,ARG_168_A"
ARG_168_A,"GLU_133_A,MET_134_A,HIS_136_A,THR_167_A,LEU_172_A"
PRO_169_A,"GLU_170_A,LYS_173_A"
GLU_170_A,"PRO_169_A,ARG_171_A,GLU_174_A"
ARG_171_A,"GLU_133_A,ASP_148_A,GLU_170_A,LEU_172_A,GLU_174_A,ILE_175_A"
LEU_172_A,"ALA_164_A,ARG_168_A,ARG_171_A,LYS_173_A,LYS_176_A,ILE_198_A"
LYS_173_A,"PRO_169_A,LEU_172_A,GLU_174_A,GLU_177_A"
GLU_174_A,"ASP_148_A,GLU_170_A,ARG_171_A,LYS_173_A,ILE_175_A"
ILE_175_A,"GLU_133_A,ILE_162_A,ARG_171_A,GLU_174_A,LYS_176_A,ALA_179_A"
LYS_176_A,"LEU_172_A,ILE_175_A,GLU_177_A,GLU_180_A,ASP_203_A,ASP_206_A"
GLU_177_A,"LYS_173_A,LYS_176_A,ILE_178_A"
ILE_178_A,"ASP_148_A,GLU_152_A,GLU_177_A,ALA_179_A"
ALA_179_A,"ILE_162_A,ILE_175_A,ILE_178_A,GLU_180_A"
GLU_180_A,"LYS_155_A,LYS_176_A,ALA_179_A,LEU_181_A"
LEU_181_A,"VAL_159_A,GLU_180_A"
PRO_182_A,VAL_183_A
VAL_183_A,"PRO_182_A,ILE_184_A,ASP_206_A,TYR_207_A"
ILE_184_A,"ILE_162_A,VAL_183_A,THR_185_A,ILE_209_A"
THR_185_A,"ALA_164_A,SER_166_A,ILE_184_A,TYR_207_A,ILE_209_A"
PRO_186_A,"SER_166_A,GLY_187_A"
GLY_187_A,"PRO_186_A,VAL_188_A,GLY_193_A"
VAL_188_A,"GLY_187_A,GLY_189_A,TYR_227_A"
GLY_189_A,"VAL_188_A,ALA_190_A,GLY_192_A"
ALA_190_A,"GLY_189_A,GLN_191_A"
GLN_191_A,"SER_135_A,ALA_190_A,GLY_192_A"
GLY_192_A,"GLY_189_A,GLN_191_A,GLY_193_A"
GLY_193_A,"GLY_187_A,GLY_192_A,LYS_194_A"
LYS_194_A,"GLY_193_A,ILE_195_A,GLU_196_A"
ILE_195_A,"LYS_194_A,GLU_196_A,ASP_197_A,ILE_198_A,LEU_199_A,MET_230_A,LEU_231_A"
GLU_196_A,"LYS_194_A,ILE_195_A,ASP_197_A"
ASP_197_A,"ILE_195_A,GLU_196_A,ILE_198_A"
ILE_198_A,"LEU_172_A,ILE_195_A,ASP_197_A,LEU_199_A,ILE_201_A"
LEU_199_A,"ILE_195_A,ILE_198_A,ASN_200_A,LYS_233_A"
ASN_200_A,"LEU_199_A,ILE_201_A"
ILE_201_A,"ILE_198_A,ASN_200_A,LEU_202_A"
LEU_202_A,"PRO_22_A,ILE_201_A,ASP_203_A,VAL_208_A,LYS_233_A"
ASP_203_A,"LYS_176_A,LEU_202_A,GLU_204_A,ASN_205_A,ASP_206_A"
GLU_204_A,"HIS_20_A,LYS_23_A,ASP_203_A,ASN_205_A"
ASN_205_A,"ASP_203_A,GLU_204_A,ASP_206_A"
ASP_206_A,"LYS_23_A,LYS_176_A,VAL_183_A,ASP_203_A,ASN_205_A,TYR_207_A"
TYR_207_A,"LYS_23_A,ALA_49_A,VAL_183_A,THR_185_A,ASP_206_A,VAL_208_A"
VAL_208_A,"LYS_23_A,MET_25_A,LEU_202_A,TYR_207_A,ILE_209_A,LEU_231_A"
ILE_209_A,"ALA_27_A,ILE_184_A,THR_185_A,VAL_208_A,VAL_210_A"
VAL_210_A,"LEU_24_A,MET_25_A,ALA_27_A,ILE_209_A,GLY_211_A,ALA_213_A,ILE_214_A"
GLY_211_A,"VAL_210_A,ARG_212_A,ILE_214_A,TYR_215_A"
ARG_212_A,"GLY_211_A,ALA_213_A,ILE_214_A,GLN_216_A"
ALA_213_A,"VAL_210_A,ARG_212_A,ILE_214_A,TYR_227_A"
ILE_214_A,"LEU_26_A,VAL_210_A,GLY_211_A,ARG_212_A,ALA_213_A,TYR_215_A,SER_217_A"
TYR_215_A,"VAL_30_A,GLY_211_A,ILE_214_A,GLN_216_A"
GLN_216_A,"ARG_212_A,TYR_215_A,SER_217_A"
SER_217_A,"ILE_214_A,GLN_216_A,GLN_218_A"
GLN_218_A,"SER_217_A,ASN_219_A"
ASN_219_A,GLN_218_A
PRO_220_A,"LYS_221_A,ALA_224_A"
LYS_221_A,"ASP_45_A,PRO_220_A,GLU_222_A,LYS_225_A"
GLU_222_A,"LYS_221_A,GLU_223_A,LYS_226_A"
GLU_223_A,"GLU_222_A,ALA_224_A,LYS_226_A,TYR_227_A"
ALA_224_A,"VAL_43_A,PRO_220_A,GLU_223_A,LYS_225_A,LYS_228_A"
LYS_225_A,"TYR_46_A,LYS_221_A,ALA_224_A,LYS_226_A,GLU_229_A"
LYS_226_A,"GLU_222_A,GLU_223_A,LYS_225_A,TYR_227_A,MET_230_A"
TYR_227_A,"VAL_188_A,ALA_213_A,GLU_223_A,LYS_226_A,LYS_228_A"
LYS_228_A,"LYS_23_A,ASP_48_A,ALA_224_A,TYR_227_A,GLU_229_A"
GLU_229_A,"LYS_225_A,LYS_228_A,MET_230_A"
MET_230_A,"ILE_195_A,LYS_226_A,GLU_229_A,LEU_231_A"
LEU_231_A,"LEU_24_A,ILE_195_A,VAL_208_A,MET_230_A,ASN_232_A"
ASN_232_A,"LEU_231_A,LYS_233_A"
LYS_233_A,"LEU_199_A,LEU_202_A,ASN_232_A"
