residue_id,neighbors
LYS_1_A,ILE_2_A
ILE_2_A,"LYS_1_A,GLU_3_A"
GLU_3_A,"ILE_2_A,GLU_4_A,LYS_6_A,ASN_272_A"
GLU_4_A,"GLU_3_A,GLY_5_A,PRO_271_A"
GLY_5_A,"GLU_4_A,LYS_6_A,ASN_272_A"
LYS_6_A,"GLU_3_A,GLY_5_A,LEU_7_A,ASN_272_A"
LEU_7_A,"LYS_6_A,VAL_8_A,LYS_34_A,THR_36_A,PHE_279_A"
VAL_8_A,"LEU_7_A,ILE_9_A,ASP_58_A"
ILE_9_A,"VAL_8_A,TRP_10_A,LEU_20_A,THR_36_A,GLU_38_A,PHE_61_A,PHE_279_A"
TRP_10_A,"ILE_9_A,ILE_11_A,PRO_40_A,PRO_57_A,ILE_59_A,PHE_61_A"
ILE_11_A,"TRP_10_A,ASN_12_A,TYR_17_A,PHE_61_A"
ASN_12_A,"ILE_11_A,GLY_13_A,ASP_14_A"
GLY_13_A,"ASN_12_A,ASP_14_A"
ASP_14_A,"ASN_12_A,GLY_13_A,LYS_15_A,GLU_214_A"
LYS_15_A,"ASP_14_A,GLY_16_A,TYR_17_A,GLU_111_A"
GLY_16_A,"LYS_15_A,TYR_17_A,LEU_20_A"
TYR_17_A,"ILE_11_A,LYS_15_A,GLY_16_A,ASN_18_A,ALA_21_A,HIS_39_A"
ASN_18_A,"TYR_17_A,GLY_19_A,ASP_296_A"
GLY_19_A,"ASN_18_A,LEU_20_A,ASP_296_A"
LEU_20_A,"ILE_9_A,GLY_16_A,GLY_19_A,ALA_21_A,GLY_24_A"
ALA_21_A,"TYR_17_A,LEU_20_A,GLU_22_A,LYS_25_A"
GLU_22_A,"ALA_21_A,VAL_23_A"
VAL_23_A,"GLU_22_A,GLY_24_A,PHE_27_A"
GLY_24_A,"LEU_20_A,VAL_23_A,LYS_25_A,GLU_28_A"
LYS_25_A,"ALA_21_A,GLY_24_A,LYS_26_A,LYS_29_A"
LYS_26_A,"LYS_25_A,PHE_27_A"
PHE_27_A,"VAL_23_A,LYS_26_A,GLU_28_A,THR_31_A,VAL_35_A,TYR_283_A"
GLU_28_A,"GLY_24_A,PHE_27_A,LYS_29_A,GLY_32_A,LYS_34_A"
LYS_29_A,"LYS_25_A,GLU_28_A,ASP_30_A"
ASP_30_A,"LYS_29_A,THR_31_A"
THR_31_A,"PHE_27_A,ASP_30_A,GLY_32_A,ILE_33_A"
GLY_32_A,"GLU_28_A,THR_31_A,ILE_33_A"
ILE_33_A,"THR_31_A,GLY_32_A,LYS_34_A"
LYS_34_A,"LEU_7_A,GLU_28_A,ILE_33_A,VAL_35_A"
VAL_35_A,"PHE_27_A,LYS_34_A,THR_36_A"
THR_36_A,"LEU_7_A,ILE_9_A,VAL_35_A,VAL_37_A"
VAL_37_A,"THR_36_A,GLU_38_A"
GLU_38_A,"ILE_9_A,VAL_37_A,HIS_39_A"
HIS_39_A,"TYR_17_A,GLU_38_A"
PRO_40_A,"TRP_10_A,ASP_41_A"
ASP_41_A,"PRO_40_A,LYS_42_A,LYS_46_A"
LYS_42_A,"ASP_41_A,LEU_43_A,GLU_44_A,GLU_153_A"
LEU_43_A,"LYS_42_A,GLU_44_A,PHE_47_A,ILE_60_A,TRP_62_A"
GLU_44_A,"LYS_42_A,LEU_43_A,GLU_45_A,TRP_62_A,ARG_66_A,TYR_70_A,GLU_153_A,ARG_344_A"
GLU_45_A,"GLU_44_A,LYS_46_A,ARG_66_A,ARG_344_A"
LYS_46_A,"ASP_41_A,GLU_45_A,PHE_47_A"
PHE_47_A,"LEU_43_A,LYS_46_A,ALA_51_A,ILE_60_A"
PRO_48_A,"GLN_49_A,LEU_75_A,TYR_381_A"
GLN_49_A,"PRO_48_A,VAL_50_A,SER_406_A"
VAL_50_A,"GLN_49_A,ALA_51_A,ASP_55_A"
ALA_51_A,"PHE_47_A,VAL_50_A,ALA_52_A"
ALA_52_A,"ALA_51_A,THR_53_A"
THR_53_A,"ALA_52_A,GLY_54_A"
GLY_54_A,"THR_53_A,ASP_55_A"
ASP_55_A,"VAL_50_A,GLY_54_A,GLY_56_A,ARG_498_A"
GLY_56_A,ASP_55_A
PRO_57_A,"TRP_10_A,ASP_58_A"
ASP_58_A,"VAL_8_A,PRO_57_A,ILE_59_A,ASN_267_A,SER_270_A,ASN_272_A"
ILE_59_A,"TRP_10_A,ASP_58_A,ILE_60_A,PHE_61_A,ALA_276_A"
ILE_60_A,"LEU_43_A,PHE_47_A,ILE_59_A,PHE_61_A,GLY_265_A"
PHE_61_A,"ILE_9_A,TRP_10_A,ILE_11_A,ILE_59_A,ILE_60_A,TRP_62_A,ALA_264_A,LEU_284_A"
TRP_62_A,"LEU_43_A,GLU_44_A,PHE_61_A,ALA_63_A,SER_263_A"
ALA_63_A,"TRP_62_A,HIS_64_A"
HIS_64_A,"ALA_63_A,ASP_65_A,PHE_67_A,VAL_261_A,MET_330_A"
ASP_65_A,"HIS_64_A,ARG_66_A"
ARG_66_A,"GLU_44_A,GLU_45_A,ASP_65_A,PHE_67_A,SER_337_A,ARG_344_A"
PHE_67_A,"HIS_64_A,ARG_66_A,GLY_68_A,ALA_71_A,LEU_76_A,ILE_104_A,ALA_105_A"
GLY_68_A,"PHE_67_A,GLY_69_A"
GLY_69_A,"GLY_68_A,TYR_70_A"
TYR_70_A,"GLU_44_A,GLY_69_A,ALA_71_A,LEU_75_A,LEU_76_A"
ALA_71_A,"PHE_67_A,TYR_70_A,GLN_72_A,GLY_74_A,TYR_99_A"
GLN_72_A,"ALA_71_A,SER_73_A"
SER_73_A,"GLN_72_A,GLY_74_A,ARG_376_A"
GLY_74_A,"ALA_71_A,SER_73_A,LEU_75_A"
LEU_75_A,"PRO_48_A,TYR_70_A,GLY_74_A,LEU_76_A,ALA_268_A"
LEU_76_A,"PHE_67_A,TYR_70_A,LEU_75_A,ALA_77_A"
ALA_77_A,"LEU_76_A,GLU_78_A,ILE_266_A"
GLU_78_A,"ALA_77_A,ILE_79_A"
ILE_79_A,"GLU_78_A,THR_80_A,LEU_103_A,TYR_106_A"
THR_80_A,"ILE_79_A,LYS_277_A"
PRO_81_A,"ASP_82_A,PHE_85_A,GLN_86_A,TRP_94_A"
ASP_82_A,"PRO_81_A,LYS_83_A,PHE_85_A,GLU_281_A"
LYS_83_A,"ASP_82_A,ALA_84_A,ASP_87_A"
ALA_84_A,"LYS_83_A,PHE_85_A"
PHE_85_A,"PRO_81_A,ASP_82_A,ALA_84_A,GLN_86_A,TYR_106_A,GLU_281_A,LEU_285_A"
GLN_86_A,"PRO_81_A,PHE_85_A,ASP_87_A,TRP_94_A"
ASP_87_A,"LYS_83_A,GLN_86_A,LYS_88_A,LYS_305_A"
LYS_88_A,"ASP_87_A,LEU_89_A"
LEU_89_A,"LYS_88_A,TYR_90_A,TRP_94_A,LEU_304_A"
TYR_90_A,"LEU_89_A,THR_93_A,ALA_303_A"
PRO_91_A,PHE_92_A
PHE_92_A,"PRO_91_A,THR_93_A"
THR_93_A,"TYR_90_A,PHE_92_A,TRP_94_A"
TRP_94_A,"PRO_81_A,GLN_86_A,LEU_89_A,THR_93_A,ASP_95_A"
ASP_95_A,"TRP_94_A,ALA_96_A,ARG_98_A"
ALA_96_A,"ASP_95_A,VAL_97_A,VAL_261_A"
VAL_97_A,"ALA_96_A,ARG_98_A,ILE_104_A"
ARG_98_A,"ASP_95_A,VAL_97_A,TYR_99_A,ASN_332_A"
TYR_99_A,"ALA_71_A,ARG_98_A,ASN_100_A,LYS_102_A,ILE_104_A"
ASN_100_A,"TYR_99_A,GLY_101_A"
GLY_101_A,"ASN_100_A,LYS_102_A"
LYS_102_A,"TYR_99_A,GLY_101_A,LEU_103_A"
LEU_103_A,"ILE_79_A,LYS_102_A,ILE_104_A"
ILE_104_A,"PHE_67_A,VAL_97_A,TYR_99_A,LEU_103_A,ALA_105_A"
ALA_105_A,"PHE_67_A,ILE_104_A,TYR_106_A"
TYR_106_A,"ILE_79_A,PHE_85_A,ALA_105_A,ALA_264_A,LEU_280_A,GLU_281_A"
PRO_107_A,ILE_108_A
ILE_108_A,"PRO_107_A,ALA_109_A,LEU_262_A,ALA_303_A"
ALA_109_A,"ILE_108_A,VAL_110_A,LEU_262_A"
VAL_110_A,"ALA_109_A,GLU_111_A,VAL_259_A,ALA_301_A,MET_321_A"
GLU_111_A,"LYS_15_A,VAL_110_A,ALA_112_A,GLY_260_A"
ALA_112_A,"GLU_111_A,LEU_113_A,ALA_324_A"
LEU_113_A,"ALA_112_A,SER_114_A,TYR_155_A,PHE_156_A"
SER_114_A,"LEU_113_A,LEU_115_A,ASN_323_A"
LEU_115_A,"SER_114_A,ILE_116_A,THR_245_A"
ILE_116_A,"LEU_115_A,TYR_117_A,PHE_217_A,THR_225_A"
TYR_117_A,"ILE_116_A,ASN_118_A,MET_224_A,GLY_243_A"
ASN_118_A,"TYR_117_A,LYS_119_A,ASP_120_A,LEU_122_A,ALA_223_A"
LYS_119_A,"ASN_118_A,ASP_120_A,ASN_241_A"
ASP_120_A,"ASN_118_A,LYS_119_A,LEU_121_A"
LEU_121_A,"ASP_120_A,LEU_122_A"
LEU_122_A,"ASN_118_A,LEU_121_A"
PRO_123_A,ASN_124_A
ASN_124_A,PRO_123_A
PRO_126_A,"LYS_127_A,GLU_131_A,LEU_135_A"
LYS_127_A,"PRO_126_A,THR_128_A,THR_249_A"
THR_128_A,"LYS_127_A,TRP_129_A,GLU_131_A"
TRP_129_A,"THR_128_A,GLU_130_A,ILE_132_A,LEU_147_A,THR_249_A,SER_255_A"
GLU_130_A,"TRP_129_A,GLU_131_A,LYS_251_A"
GLU_131_A,"PRO_126_A,THR_128_A,GLU_130_A,ILE_132_A"
ILE_132_A,"TRP_129_A,GLU_131_A,ASP_136_A,LEU_147_A"
PRO_133_A,"ALA_134_A,LYS_137_A,LEU_198_A"
ALA_134_A,"PRO_133_A,LEU_135_A,GLU_138_A"
LEU_135_A,"PRO_126_A,ALA_134_A,ASP_136_A,LEU_139_A"
ASP_136_A,"ILE_132_A,LEU_135_A,LYS_137_A,LYS_140_A,HIS_203_A"
LYS_137_A,"PRO_133_A,ASP_136_A,GLU_138_A,HIS_203_A"
GLU_138_A,"ALA_134_A,LYS_137_A,LEU_139_A"
LEU_139_A,"LEU_135_A,GLU_138_A,LYS_140_A,ALA_223_A"
LYS_140_A,"ASP_136_A,LEU_139_A"
SER_145_A,ALA_146_A
ALA_146_A,"SER_145_A,LEU_147_A,MET_224_A"
LEU_147_A,"TRP_129_A,ILE_132_A,ALA_146_A,MET_148_A"
MET_148_A,"LEU_147_A,PHE_149_A,THR_208_A,ILE_212_A,THR_225_A"
PHE_149_A,"MET_148_A,ASN_150_A,PHE_156_A,THR_157_A,ILE_226_A"
ASN_150_A,"PHE_149_A,LEU_151_A"
LEU_151_A,"ASN_150_A,GLN_152_A,THR_157_A,MET_204_A"
GLN_152_A,"LEU_151_A,GLU_153_A,ALA_206_A"
GLU_153_A,"LYS_42_A,GLU_44_A,GLN_152_A,PHE_156_A,ARG_344_A"
PRO_154_A,"TYR_155_A,TRP_158_A,TRP_340_A,VAL_343_A,ARG_344_A"
TYR_155_A,"LEU_113_A,PRO_154_A,PHE_156_A"
PHE_156_A,"LEU_113_A,PHE_149_A,GLU_153_A,TYR_155_A,THR_157_A"
THR_157_A,"PHE_149_A,LEU_151_A,PHE_156_A,TRP_158_A,LEU_195_A"
TRP_158_A,"PRO_154_A,THR_157_A,ILE_161_A,ALA_162_A,PHE_258_A"
PRO_159_A,"LEU_160_A,LYS_256_A"
LEU_160_A,"PRO_159_A,ILE_161_A,PHE_250_A"
ILE_161_A,"TRP_158_A,LEU_160_A,ALA_162_A"
ALA_162_A,"TRP_158_A,ILE_161_A,ALA_163_A"
ALA_163_A,"ALA_162_A,ASP_164_A"
ASP_164_A,"ALA_163_A,GLY_165_A,LYS_251_A,GLN_253_A"
GLY_165_A,"ASP_164_A,GLY_166_A,ASN_185_A"
GLY_166_A,"GLY_165_A,TYR_167_A"
TYR_167_A,"GLY_166_A,ALA_168_A,ASP_180_A,GLY_182_A"
ALA_168_A,"TYR_167_A,PHE_169_A,PHE_339_A"
PHE_169_A,"ALA_168_A,LYS_170_A,VAL_181_A,GLN_335_A"
LYS_170_A,"PHE_169_A,TYR_171_A,ASP_177_A,ASP_180_A"
TYR_171_A,"LYS_170_A,GLU_172_A"
GLU_172_A,"TYR_171_A,ASN_173_A,LYS_175_A"
ASN_173_A,"GLU_172_A,GLY_174_A"
GLY_174_A,"ASN_173_A,LYS_175_A"
LYS_175_A,"GLU_172_A,GLY_174_A,TYR_176_A,ASP_177_A"
TYR_176_A,"LYS_175_A,ASP_177_A,PRO_331_A"
ASP_177_A,"LYS_170_A,LYS_175_A,TYR_176_A,ILE_178_A,LYS_179_A,ASP_180_A"
ILE_178_A,"ASP_177_A,LYS_179_A"
LYS_179_A,"ASP_177_A,ILE_178_A,ASP_180_A"
ASP_180_A,"TYR_167_A,LYS_170_A,ASP_177_A,LYS_179_A,VAL_181_A"
VAL_181_A,"PHE_169_A,ASP_180_A,GLY_182_A,VAL_183_A"
GLY_182_A,"TYR_167_A,VAL_181_A,VAL_183_A"
VAL_183_A,"VAL_181_A,GLY_182_A,ASP_184_A,PHE_339_A"
ASP_184_A,"VAL_183_A,ASN_185_A,LYS_189_A,ASP_358_A,GLN_365_A"
ASN_185_A,"GLY_165_A,ASP_184_A,ALA_186_A,ALA_188_A"
ALA_186_A,"ASN_185_A,GLY_187_A,ALA_190_A"
GLY_187_A,"ALA_186_A,ALA_188_A"
ALA_188_A,"ASN_185_A,GLY_187_A,LYS_189_A,LEU_192_A"
LYS_189_A,"ASP_184_A,ALA_188_A,ALA_190_A,THR_193_A,ASP_358_A"
ALA_190_A,"ALA_186_A,LYS_189_A,GLY_191_A"
GLY_191_A,"ALA_190_A,LEU_192_A"
LEU_192_A,"ALA_188_A,GLY_191_A,THR_193_A,LEU_195_A,VAL_196_A,LEU_361_A"
THR_193_A,"LYS_189_A,LEU_192_A,PHE_194_A,ASP_197_A"
PHE_194_A,"THR_193_A,LEU_195_A,LEU_198_A"
LEU_195_A,"THR_157_A,LEU_192_A,PHE_194_A,VAL_196_A,MET_204_A"
VAL_196_A,"LEU_192_A,LEU_195_A,ASP_197_A,LYS_200_A,ALA_350_A"
ASP_197_A,"THR_193_A,VAL_196_A,LEU_198_A,LYS_200_A"
LEU_198_A,"PRO_133_A,PHE_194_A,ASP_197_A,ILE_199_A,HIS_203_A"
ILE_199_A,"LEU_198_A,LYS_200_A,ASN_201_A,LYS_202_A,ALA_351_A"
LYS_200_A,"VAL_196_A,ASP_197_A,ILE_199_A,ASN_201_A"
ASN_201_A,"ILE_199_A,LYS_200_A,LYS_202_A"
LYS_202_A,"ILE_199_A,ASN_201_A,HIS_203_A"
HIS_203_A,"ASP_136_A,LYS_137_A,LEU_198_A,LYS_202_A,MET_204_A"
MET_204_A,"LEU_151_A,LEU_195_A,HIS_203_A,ASN_205_A"
ASN_205_A,"MET_204_A,ALA_206_A,ASP_207_A,THR_208_A"
ALA_206_A,"GLN_152_A,ASN_205_A,ASP_207_A"
ASP_207_A,"ASN_205_A,ALA_206_A,THR_208_A"
THR_208_A,"MET_148_A,ASN_205_A,ASP_207_A,ASP_209_A"
ASP_209_A,"THR_208_A,TYR_210_A,ILE_212_A"
TYR_210_A,"ASP_209_A,SER_211_A"
SER_211_A,"TYR_210_A,ILE_212_A,ALA_215_A"
ILE_212_A,"MET_148_A,ASP_209_A,SER_211_A,ALA_213_A,ALA_216_A"
ALA_213_A,"ILE_212_A,GLU_214_A,PHE_217_A"
GLU_214_A,"ASP_14_A,ALA_213_A,ALA_215_A,ASN_218_A,ASN_234_A"
ALA_215_A,"SER_211_A,GLU_214_A,ALA_216_A,LYS_219_A"
ALA_216_A,"ILE_212_A,ALA_215_A,PHE_217_A,GLU_221_A"
PHE_217_A,"ILE_116_A,ALA_213_A,ALA_216_A,ASN_218_A,THR_222_A"
ASN_218_A,"GLU_214_A,PHE_217_A,LYS_219_A"
LYS_219_A,"ALA_215_A,ASN_218_A,GLY_220_A"
GLY_220_A,"LYS_219_A,GLU_221_A"
GLU_221_A,"ALA_216_A,GLY_220_A,THR_222_A"
THR_222_A,"PHE_217_A,GLU_221_A,ALA_223_A"
ALA_223_A,"ASN_118_A,LEU_139_A,THR_222_A,MET_224_A"
MET_224_A,"TYR_117_A,ALA_146_A,ALA_223_A,THR_225_A"
THR_225_A,"ILE_116_A,MET_148_A,MET_224_A,ILE_226_A"
ILE_226_A,"PHE_149_A,THR_225_A,ASN_227_A"
ASN_227_A,"ILE_226_A,GLY_228_A,TRP_230_A"
GLY_228_A,"ASN_227_A,ALA_231_A"
PRO_229_A,"TRP_230_A,TRP_232_A"
TRP_230_A,"ASN_227_A,PRO_229_A,ALA_231_A"
ALA_231_A,"GLY_228_A,TRP_230_A,TRP_232_A"
TRP_232_A,"PRO_229_A,ALA_231_A,SER_233_A,ASP_236_A,PRO_298_A,ARG_316_A"
SER_233_A,"TRP_232_A,ASN_234_A"
ASN_234_A,"GLU_214_A,SER_233_A,ILE_235_A,LYS_297_A"
ILE_235_A,"ASN_234_A,ASP_236_A,SER_238_A,TYR_242_A"
ASP_236_A,"TRP_232_A,ILE_235_A,THR_237_A,LYS_239_A,TYR_242_A,ARG_316_A"
THR_237_A,"ASP_236_A,SER_238_A"
SER_238_A,"ILE_235_A,THR_237_A,LYS_239_A"
LYS_239_A,"ASP_236_A,SER_238_A,VAL_240_A"
VAL_240_A,"LYS_239_A,ASN_241_A"
ASN_241_A,"LYS_119_A,VAL_240_A,TYR_242_A"
TYR_242_A,"ILE_235_A,ASP_236_A,ASN_241_A,GLY_243_A,VAL_244_A,ARG_316_A"
GLY_243_A,"TYR_117_A,TYR_242_A,VAL_244_A"
VAL_244_A,"TYR_242_A,GLY_243_A,THR_245_A"
THR_245_A,"LEU_115_A,VAL_244_A,VAL_246_A"
VAL_246_A,"THR_245_A,LEU_247_A,LYS_326_A"
LEU_247_A,"VAL_246_A,ASN_323_A"
PRO_248_A,"THR_249_A,SER_255_A"
THR_249_A,"LYS_127_A,TRP_129_A,PRO_248_A,PHE_250_A"
PHE_250_A,"LEU_160_A,THR_249_A,LYS_251_A,GLN_253_A"
LYS_251_A,"GLU_130_A,ASP_164_A,PHE_250_A,GLY_252_A"
GLY_252_A,"LYS_251_A,GLN_253_A"
GLN_253_A,"ASP_164_A,PHE_250_A,GLY_252_A"
PRO_254_A,SER_255_A
SER_255_A,"TRP_129_A,PRO_248_A,PRO_254_A,LYS_256_A"
LYS_256_A,"PRO_159_A,SER_255_A,GLU_328_A"
PRO_257_A,PHE_258_A
PHE_258_A,"TRP_158_A,PRO_257_A,VAL_259_A,MET_330_A"
VAL_259_A,"VAL_110_A,PHE_258_A,GLY_260_A,GLU_328_A"
GLY_260_A,"GLU_111_A,VAL_259_A,VAL_261_A"
VAL_261_A,"HIS_64_A,ALA_96_A,GLY_260_A,LEU_262_A,SER_263_A"
LEU_262_A,"ILE_108_A,ALA_109_A,VAL_261_A,SER_263_A"
SER_263_A,"TRP_62_A,VAL_261_A,LEU_262_A,ALA_264_A"
ALA_264_A,"PHE_61_A,TYR_106_A,SER_263_A,GLY_265_A"
GLY_265_A,"ILE_60_A,ALA_264_A,ILE_266_A"
ILE_266_A,"ALA_77_A,GLY_265_A,ASN_267_A"
ASN_267_A,"ASP_58_A,ILE_266_A,ALA_268_A,ALA_269_A"
ALA_268_A,"LEU_75_A,ASN_267_A,ALA_269_A,LYS_273_A"
ALA_269_A,"ASN_267_A,ALA_268_A,SER_270_A"
SER_270_A,"ASP_58_A,ALA_269_A,ASN_272_A,LYS_273_A"
PRO_271_A,"GLU_4_A,ASN_272_A"
ASN_272_A,"GLU_3_A,GLY_5_A,LYS_6_A,ASP_58_A,SER_270_A,PRO_271_A,LYS_273_A,ALA_276_A"
LYS_273_A,"ALA_268_A,SER_270_A,ASN_272_A,GLU_274_A,LYS_277_A"
GLU_274_A,"LYS_273_A,LEU_275_A,LYS_277_A,GLU_278_A"
LEU_275_A,"GLU_274_A,ALA_276_A,PHE_279_A"
ALA_276_A,"ILE_59_A,ASN_272_A,LEU_275_A,LYS_277_A,LEU_280_A"
LYS_277_A,"THR_80_A,LYS_273_A,GLU_274_A,ALA_276_A,GLU_278_A,GLU_281_A"
GLU_278_A,"GLU_274_A,LYS_277_A,PHE_279_A,ASN_282_A"
PHE_279_A,"LEU_7_A,ILE_9_A,LEU_275_A,GLU_278_A,LEU_280_A"
LEU_280_A,"TYR_106_A,ALA_276_A,PHE_279_A,GLU_281_A,LEU_285_A"
GLU_281_A,"ASP_82_A,PHE_85_A,TYR_106_A,LYS_277_A,LEU_280_A,ASN_282_A"
ASN_282_A,"GLU_278_A,GLU_281_A,TYR_283_A"
TYR_283_A,"PHE_27_A,ASN_282_A,LEU_284_A,THR_286_A"
LEU_284_A,"PHE_61_A,TYR_283_A,LEU_285_A,THR_286_A"
LEU_285_A,"PHE_85_A,LEU_280_A,LEU_284_A,THR_286_A"
THR_286_A,"TYR_283_A,LEU_284_A,LEU_285_A,ASP_287_A"
ASP_287_A,"THR_286_A,GLU_288_A,GLU_291_A,SER_306_A"
GLU_288_A,"ASP_287_A,GLY_289_A"
GLY_289_A,"GLU_288_A,LEU_290_A"
LEU_290_A,"GLY_289_A,GLU_291_A,ASN_294_A,LEU_304_A,TYR_307_A"
GLU_291_A,"ASP_287_A,LEU_290_A,ALA_292_A,LYS_295_A"
ALA_292_A,"GLU_291_A,VAL_293_A"
VAL_293_A,"ALA_292_A,ASN_294_A,LYS_297_A"
ASN_294_A,"LEU_290_A,VAL_293_A,LYS_295_A,LEU_299_A"
LYS_295_A,"GLU_291_A,ASN_294_A,ASP_296_A"
ASP_296_A,"ASN_18_A,GLY_19_A,LYS_295_A,LYS_297_A"
LYS_297_A,"ASN_234_A,VAL_293_A,ASP_296_A"
PRO_298_A,"TRP_232_A,LEU_299_A"
LEU_299_A,"ASN_294_A,PRO_298_A,GLY_300_A"
GLY_300_A,"LEU_299_A,ALA_301_A"
ALA_301_A,"VAL_110_A,GLY_300_A,VAL_302_A,MET_321_A"
VAL_302_A,"ALA_301_A,ALA_303_A,TYR_307_A,GLU_308_A,LEU_311_A"
ALA_303_A,"TYR_90_A,ILE_108_A,VAL_302_A,LEU_304_A"
LEU_304_A,"LEU_89_A,LEU_290_A,ALA_303_A,LYS_305_A,GLU_308_A"
LYS_305_A,"ASP_87_A,LEU_304_A,SER_306_A"
SER_306_A,"ASP_287_A,LYS_305_A,TYR_307_A"
TYR_307_A,"LEU_290_A,VAL_302_A,SER_306_A,GLU_308_A,GLU_310_A,LEU_311_A"
GLU_308_A,"VAL_302_A,LEU_304_A,TYR_307_A,GLU_309_A,ALA_312_A"
GLU_309_A,"GLU_308_A,GLU_310_A"
GLU_310_A,"TYR_307_A,GLU_309_A,LEU_311_A"
LEU_311_A,"VAL_302_A,TYR_307_A,GLU_310_A,ALA_312_A,ASP_314_A"
ALA_312_A,"GLU_308_A,LEU_311_A,LYS_313_A"
LYS_313_A,"ALA_312_A,ASP_314_A"
ASP_314_A,"LEU_311_A,LYS_313_A,ARG_316_A,ILE_317_A"
PRO_315_A,"ARG_316_A,ALA_319_A"
ARG_316_A,"TRP_232_A,ASP_236_A,TYR_242_A,ASP_314_A,PRO_315_A,ILE_317_A,THR_320_A"
ILE_317_A,"ASP_314_A,ARG_316_A,ALA_318_A,MET_321_A"
ALA_318_A,"ILE_317_A,ALA_319_A,GLU_322_A"
ALA_319_A,"PRO_315_A,ALA_318_A,THR_320_A"
THR_320_A,"ARG_316_A,ALA_319_A,MET_321_A,ALA_324_A"
MET_321_A,"VAL_110_A,ALA_301_A,ILE_317_A,THR_320_A,GLU_322_A,GLN_325_A"
GLU_322_A,"ALA_318_A,MET_321_A,ASN_323_A,LYS_326_A"
ASN_323_A,"SER_114_A,LEU_247_A,GLU_322_A,ALA_324_A"
ALA_324_A,"ALA_112_A,THR_320_A,ASN_323_A,GLN_325_A"
GLN_325_A,"MET_321_A,ALA_324_A,LYS_326_A"
LYS_326_A,"VAL_246_A,GLU_322_A,GLN_325_A,GLY_327_A"
GLY_327_A,"LYS_326_A,GLU_328_A"
GLU_328_A,"LYS_256_A,VAL_259_A,GLY_327_A,ILE_329_A"
ILE_329_A,"GLU_328_A,MET_330_A"
MET_330_A,"HIS_64_A,PHE_258_A,ILE_329_A"
PRO_331_A,"TYR_176_A,ASN_332_A"
ASN_332_A,"ARG_98_A,PRO_331_A,ILE_333_A"
ILE_333_A,ASN_332_A
PRO_334_A,GLN_335_A
GLN_335_A,"PHE_169_A,PRO_334_A,MET_336_A"
MET_336_A,"GLN_335_A,SER_337_A,PHE_339_A,TRP_340_A"
SER_337_A,"ARG_66_A,MET_336_A,ALA_338_A"
ALA_338_A,"SER_337_A,PHE_339_A,ALA_342_A,MET_371_A"
PHE_339_A,"ALA_168_A,VAL_183_A,MET_336_A,ALA_338_A,TRP_340_A,VAL_343_A"
TRP_340_A,"PRO_154_A,MET_336_A,PHE_339_A,TYR_341_A,ARG_344_A"
TYR_341_A,"TRP_340_A,ALA_342_A,THR_345_A,MET_371_A,PHE_391_A,ALA_394_A"
ALA_342_A,"ALA_338_A,TYR_341_A,VAL_343_A"
VAL_343_A,"PRO_154_A,PHE_339_A,ALA_342_A,ARG_344_A,VAL_347_A"
ARG_344_A,"GLU_44_A,GLU_45_A,ARG_66_A,GLU_153_A,PRO_154_A,TRP_340_A,VAL_343_A,THR_345_A,ILE_348_A"
THR_345_A,"TYR_341_A,ARG_344_A,ALA_346_A,ASN_349_A"
ALA_346_A,"THR_345_A,VAL_347_A,ALA_350_A"
VAL_347_A,"VAL_343_A,ALA_346_A,ILE_348_A,ALA_351_A"
ILE_348_A,"ARG_344_A,VAL_347_A,ASN_349_A,SER_352_A"
ASN_349_A,"THR_345_A,ILE_348_A,ALA_350_A,ARG_354_A,GLN_355_A"
ALA_350_A,"VAL_196_A,ALA_346_A,ASN_349_A,ALA_351_A"
ALA_351_A,"ILE_199_A,VAL_347_A,ALA_350_A,SER_352_A"
SER_352_A,"ILE_348_A,ALA_351_A,GLY_353_A"
GLY_353_A,"SER_352_A,ARG_354_A"
ARG_354_A,"ASN_349_A,GLY_353_A,GLN_355_A"
GLN_355_A,"ASN_349_A,ARG_354_A,THR_356_A"
THR_356_A,"GLN_355_A,VAL_357_A,ALA_360_A"
VAL_357_A,"THR_356_A,ASP_358_A,LEU_361_A"
ASP_358_A,"ASP_184_A,LYS_189_A,VAL_357_A,ALA_359_A,ALA_362_A"
ALA_359_A,"ASP_358_A,ALA_360_A"
ALA_360_A,"THR_356_A,ALA_359_A,LEU_361_A"
LEU_361_A,"LEU_192_A,VAL_357_A,ALA_360_A,ALA_362_A,GLN_365_A"
ALA_362_A,"ASP_358_A,LEU_361_A,ALA_363_A"
ALA_363_A,"ALA_362_A,ALA_364_A,ASN_367_A"
ALA_364_A,"ALA_363_A,GLN_365_A,ALA_368_A"
GLN_365_A,"ASP_184_A,LEU_361_A,ALA_364_A,THR_366_A,ALA_369_A"
THR_366_A,"GLN_365_A,ASN_367_A,ALA_370_A"
ASN_367_A,"ALA_363_A,THR_366_A,ALA_368_A,LYS_387_A"
ALA_368_A,"ALA_364_A,ASN_367_A,ALA_369_A"
ALA_369_A,"GLN_365_A,ALA_368_A,ALA_370_A"
ALA_370_A,"THR_366_A,ALA_369_A,MET_371_A"
MET_371_A,"ALA_338_A,TYR_341_A,ALA_370_A,GLN_372_A,PHE_391_A"
GLN_372_A,"MET_371_A,GLN_373_A,GLN_388_A"
GLN_373_A,GLN_372_A
PRO_374_A,"LYS_375_A,LEU_383_A"
LYS_375_A,"PRO_374_A,ARG_376_A,LYS_382_A"
ARG_376_A,"SER_73_A,LYS_375_A,ASN_377_A,PHE_378_A,TYR_381_A"
ASN_377_A,"ARG_376_A,PHE_378_A,ASP_379_A,LEU_380_A"
PHE_378_A,"ARG_376_A,ASN_377_A,ASP_379_A"
ASP_379_A,"ASN_377_A,PHE_378_A,LEU_380_A,SER_406_A,HIS_512_A"
LEU_380_A,"ASN_377_A,ASP_379_A,TYR_381_A,ARG_408_A,ASN_496_A"
TYR_381_A,"PRO_48_A,ARG_376_A,LEU_380_A,LYS_382_A,SER_406_A,ARG_408_A"
LYS_382_A,"LYS_375_A,TYR_381_A,LEU_383_A,ARG_408_A"
LEU_383_A,"PRO_374_A,LYS_382_A,ILE_384_A,GLN_392_A,VAL_407_A"
ILE_384_A,"LEU_383_A,THR_385_A,GLN_388_A"
THR_385_A,"ILE_384_A,ASP_386_A"
ASP_386_A,"THR_385_A,LYS_387_A,ASP_390_A,GLN_471_A,HIS_472_A"
LYS_387_A,"ASN_367_A,ASP_386_A,GLN_388_A,PHE_391_A"
GLN_388_A,"GLN_372_A,ILE_384_A,LYS_387_A,ILE_389_A,GLN_392_A"
ILE_389_A,"GLN_388_A,ASP_390_A,VAL_393_A,ILE_409_A,VAL_469_A"
ASP_390_A,"ASP_386_A,ILE_389_A,PHE_391_A,HIS_472_A"
PHE_391_A,"TYR_341_A,MET_371_A,LYS_387_A,ASP_390_A,GLN_392_A"
GLN_392_A,"LEU_383_A,GLN_388_A,PHE_391_A,VAL_393_A"
VAL_393_A,"ILE_389_A,GLN_392_A,ALA_394_A,ILE_499_A"
ALA_394_A,"TYR_341_A,VAL_393_A,ASP_395_A,LYS_501_A"
ASP_395_A,"ALA_394_A,LEU_396_A"
LEU_396_A,"ASP_395_A,ILE_397_A"
ILE_397_A,"LEU_396_A,GLN_398_A,SER_403_A"
GLN_398_A,"ILE_397_A,ASP_399_A,ASP_505_A"
ASP_399_A,"GLN_398_A,GLU_400_A,LYS_501_A,THR_502_A"
GLU_400_A,"ASP_399_A,GLN_401_A"
GLN_401_A,"GLU_400_A,SER_402_A"
SER_402_A,"GLN_401_A,SER_403_A"
SER_403_A,"ILE_397_A,SER_402_A,PHE_404_A"
PHE_404_A,"SER_403_A,VAL_405_A,TYR_500_A"
VAL_405_A,"PHE_404_A,SER_406_A,VAL_407_A,ILE_499_A"
SER_406_A,"GLN_49_A,ASP_379_A,TYR_381_A,VAL_405_A,VAL_407_A"
VAL_407_A,"LEU_383_A,VAL_405_A,SER_406_A,ARG_408_A,GLY_497_A"
ARG_408_A,"LEU_380_A,TYR_381_A,LYS_382_A,VAL_407_A,ILE_409_A"
ILE_409_A,"ILE_389_A,ARG_408_A,TYR_410_A,VAL_469_A,ILE_495_A"
TYR_410_A,"ILE_409_A,GLY_411_A,PHE_494_A"
GLY_411_A,"TYR_410_A,GLN_412_A,TYR_493_A"
GLN_412_A,"GLY_411_A,PHE_413_A,LYS_468_A,ASP_490_A,PHE_492_A"
PHE_413_A,"GLN_412_A,LYS_414_A,PHE_416_A,LEU_476_A,LEU_487_A,ASP_490_A,TYR_493_A"
LYS_414_A,"PHE_413_A,CYS_415_A,TYR_466_A,ASP_490_A"
CYS_415_A,"LYS_414_A,PHE_416_A"
PHE_416_A,"PHE_413_A,CYS_415_A,VAL_417_A,LEU_487_A"
VAL_417_A,"PHE_416_A,THR_421_A,LEU_446_A,TYR_464_A"
PRO_418_A,LYS_419_A
LYS_419_A,"PRO_418_A,SER_420_A,GLN_423_A,TYR_464_A"
SER_420_A,"LYS_419_A,THR_421_A"
THR_421_A,"VAL_417_A,SER_420_A,ILE_422_A,PHE_445_A"
ILE_422_A,"THR_421_A,GLN_423_A,LEU_446_A"
GLN_423_A,"LYS_419_A,ILE_422_A,GLU_424_A"
GLU_424_A,"GLN_423_A,GLN_425_A"
GLN_425_A,"GLU_424_A,LEU_426_A"
LEU_426_A,"GLN_425_A,ASP_427_A"
ASP_427_A,"LEU_426_A,LYS_428_A,ILE_429_A"
LYS_428_A,"ASP_427_A,ILE_429_A"
ILE_429_A,"ASP_427_A,LYS_428_A,LYS_430_A"
LYS_430_A,"ILE_429_A,ASN_431_A"
ASN_431_A,"LYS_430_A,LEU_432_A,HIS_504_A"
LEU_432_A,"ASN_431_A,LYS_435_A"
LYS_435_A,"LEU_432_A,GLU_436_A"
GLU_436_A,"LYS_435_A,LEU_437_A"
LEU_437_A,"GLU_436_A,ALA_438_A,LYS_441_A"
ALA_438_A,"LEU_437_A,LYS_439_A,HIS_504_A"
LYS_439_A,"ALA_438_A,ASN_440_A"
ASN_440_A,"LYS_439_A,LYS_441_A,LYS_444_A"
LYS_441_A,"LEU_437_A,ASN_440_A,ILE_442_A"
ILE_442_A,"LYS_441_A,PHE_443_A"
PHE_443_A,"ILE_442_A,LYS_444_A,SER_447_A,TYR_466_A,GLN_473_A"
LYS_444_A,"ASN_440_A,PHE_443_A,PHE_445_A"
PHE_445_A,"THR_421_A,LYS_444_A,LEU_446_A"
LEU_446_A,"VAL_417_A,ILE_422_A,PHE_445_A,SER_447_A"
SER_447_A,"PHE_443_A,LEU_446_A,GLU_448_A"
GLU_448_A,"SER_447_A,TYR_449_A"
TYR_449_A,"GLU_448_A,ASN_450_A"
ASN_450_A,TYR_449_A
TYR_463_A,"TYR_464_A,LEU_478_A"
TYR_464_A,"VAL_417_A,LYS_419_A,TYR_463_A,GLY_465_A"
GLY_465_A,"TYR_464_A,TYR_466_A,LEU_476_A"
TYR_466_A,"LYS_414_A,PHE_443_A,GLY_465_A,PHE_467_A,GLN_473_A"
PHE_467_A,"TYR_466_A,LYS_468_A,VAL_469_A,PHE_474_A,ILE_495_A"
LYS_468_A,"GLN_412_A,PHE_467_A,VAL_469_A"
VAL_469_A,"ILE_389_A,ILE_409_A,PHE_467_A,LYS_468_A,GLN_470_A,HIS_472_A,PHE_474_A"
GLN_470_A,"VAL_469_A,GLN_471_A"
GLN_471_A,"ASP_386_A,GLN_470_A,HIS_472_A"
HIS_472_A,"ASP_386_A,ASP_390_A,VAL_469_A,GLN_471_A,GLN_473_A"
GLN_473_A,"PHE_443_A,TYR_466_A,HIS_472_A,PHE_474_A"
PHE_474_A,"PHE_467_A,VAL_469_A,GLN_473_A,ILE_475_A,ILE_499_A,LEU_507_A"
ILE_475_A,"PHE_474_A,LEU_476_A,LEU_507_A,LEU_509_A"
LEU_476_A,"PHE_413_A,GLY_465_A,ILE_475_A,ASN_477_A,ILE_495_A"
ASN_477_A,"LEU_476_A,LEU_478_A,LEU_509_A,ALA_511_A"
LEU_478_A,"TYR_463_A,ASN_477_A,GLU_479_A,LEU_487_A"
GLU_479_A,"LEU_478_A,ASN_480_A"
ASN_480_A,"GLU_479_A,ALA_481_A"
ALA_481_A,"ASN_480_A,GLN_482_A"
GLN_482_A,"ALA_481_A,ARG_483_A"
ARG_483_A,"GLN_482_A,GLU_484_A"
GLU_484_A,"ARG_483_A,ALA_485_A,HIS_513_A"
ALA_485_A,"GLU_484_A,SER_486_A"
SER_486_A,"ALA_485_A,LEU_487_A,TYR_493_A"
LEU_487_A,"PHE_413_A,PHE_416_A,LEU_478_A,SER_486_A,ALA_488_A,VAL_514_A"
ALA_488_A,"LEU_487_A,VAL_489_A,TYR_493_A"
VAL_489_A,"ALA_488_A,ASP_490_A"
ASP_490_A,"GLN_412_A,PHE_413_A,LYS_414_A,VAL_489_A,ASP_491_A"
ASP_491_A,"ASP_490_A,PHE_492_A,TYR_493_A"
PHE_492_A,"GLN_412_A,ASP_491_A,TYR_493_A,GLN_516_A"
TYR_493_A,"GLY_411_A,PHE_413_A,SER_486_A,ALA_488_A,ASP_491_A,PHE_492_A,PHE_494_A"
PHE_494_A,"TYR_410_A,TYR_493_A,ILE_495_A,TYR_515_A"
ILE_495_A,"ILE_409_A,PHE_467_A,LEU_476_A,PHE_494_A,ASN_496_A,ALA_511_A"
ASN_496_A,"LEU_380_A,ILE_495_A,GLY_497_A,HIS_512_A,HIS_513_A,TYR_515_A"
GLY_497_A,"VAL_407_A,ASN_496_A,ARG_498_A"
ARG_498_A,"ASP_55_A,GLY_497_A,ILE_499_A,TYR_500_A,GLN_510_A,HIS_512_A"
ILE_499_A,"VAL_393_A,VAL_405_A,PHE_474_A,ARG_498_A,TYR_500_A"
TYR_500_A,"PHE_404_A,ARG_498_A,ILE_499_A,LYS_501_A,ILE_508_A"
LYS_501_A,"ALA_394_A,ASP_399_A,TYR_500_A,THR_502_A,ASP_505_A"
THR_502_A,"ASP_399_A,LYS_501_A,ASN_503_A,ILE_506_A,ILE_508_A"
ASN_503_A,"THR_502_A,HIS_504_A"
HIS_504_A,"ASN_431_A,ALA_438_A,ASN_503_A,ASP_505_A"
ASP_505_A,"GLN_398_A,LYS_501_A,HIS_504_A,ILE_506_A"
ILE_506_A,"THR_502_A,ASP_505_A,LEU_507_A"
LEU_507_A,"PHE_474_A,ILE_475_A,ILE_506_A,ILE_508_A"
ILE_508_A,"TYR_500_A,THR_502_A,LEU_507_A,LEU_509_A"
LEU_509_A,"ILE_475_A,ASN_477_A,ILE_508_A,GLN_510_A"
GLN_510_A,"ARG_498_A,LEU_509_A,ALA_511_A,HIS_512_A"
ALA_511_A,"ASN_477_A,ILE_495_A,GLN_510_A,HIS_512_A"
HIS_512_A,"ASP_379_A,ASN_496_A,ARG_498_A,GLN_510_A,ALA_511_A,HIS_513_A"
HIS_513_A,"GLU_484_A,ASN_496_A,HIS_512_A,VAL_514_A"
VAL_514_A,"LEU_487_A,HIS_513_A,TYR_515_A"
TYR_515_A,"PHE_494_A,ASN_496_A,VAL_514_A,GLN_516_A"
GLN_516_A,"PHE_492_A,TYR_515_A,MET_517_A"
MET_517_A,"GLN_516_A,GLN_518_A,LYS_519_A"
GLN_518_A,"MET_517_A,LYS_519_A"
LYS_519_A,"MET_517_A,GLN_518_A,THR_521_A"
PRO_520_A,THR_521_A
THR_521_A,"LYS_519_A,PRO_520_A,LEU_522_A,GLN_523_A"
LEU_522_A,"THR_521_A,GLN_523_A"
GLN_523_A,"THR_521_A,LEU_522_A,LEU_524_A"
LEU_524_A,"GLN_523_A,LEU_525_A"
LEU_525_A,"LEU_524_A,GLN_526_A"
GLN_526_A,"LEU_525_A,ALA_527_A"
ALA_527_A,GLN_526_A
