residue_id,neighbors
GLY_45_A,THR_46_A
THR_46_A,"GLY_45_A,THR_47_A,TYR_48_A,SER_86_A"
THR_47_A,"THR_46_A,TYR_48_A,TYR_49_A,LEU_88_A"
TYR_48_A,"THR_46_A,THR_47_A,TYR_49_A,TRP_68_A,LEU_88_A"
TYR_49_A,"THR_47_A,TYR_48_A,VAL_50_A,GLY_61_A,PRO_67_A,TRP_68_A,TYR_118_A"
VAL_50_A,"TYR_49_A,SER_51_A,LEU_88_A,LEU_89_A,PHE_95_A"
SER_51_A,"VAL_50_A,SER_52_A,GLY_55_A,TRP_68_A,GLU_90_A"
SER_52_A,"SER_51_A,GLU_53_A,GLU_94_A"
GLU_53_A,"SER_52_A,HIS_54_A"
HIS_54_A,"GLU_53_A,GLY_55_A,GLU_90_A"
GLY_55_A,"SER_51_A,HIS_54_A,SER_56_A"
SER_56_A,"GLY_55_A,ASP_57_A,ASP_58_A,ASN_59_A,PRO_67_A"
ASP_57_A,"SER_56_A,ASP_58_A,THR_70_A,LYS_73_A"
ASP_58_A,"SER_56_A,ASP_57_A,ASN_59_A"
ASN_59_A,"SER_56_A,ASP_58_A,ALA_60_A,TRP_68_A"
ALA_60_A,"ASN_59_A,GLY_61_A"
GLY_61_A,"TYR_49_A,ALA_60_A,THR_62_A"
THR_62_A,"GLY_61_A,SER_63_A"
SER_63_A,"THR_62_A,GLN_64_A,SER_66_A"
GLN_64_A,"SER_63_A,LYS_65_A,TYR_118_A"
LYS_65_A,"GLN_64_A,SER_66_A"
SER_66_A,"SER_63_A,LYS_65_A"
PRO_67_A,"TYR_49_A,SER_56_A,TRP_68_A"
TRP_68_A,"TYR_48_A,TYR_49_A,SER_51_A,ASN_59_A,PRO_67_A,LYS_69_A,LYS_73_A"
LYS_69_A,"TRP_68_A,THR_70_A"
THR_70_A,"ASP_57_A,LYS_69_A,LEU_71_A"
LEU_71_A,"THR_70_A,ASN_72_A,ASN_75_A,PHE_95_A"
ASN_72_A,"LEU_71_A,LYS_73_A,GLU_76_A"
LYS_73_A,"ASP_57_A,TRP_68_A,ASN_72_A,VAL_74_A,GLU_76_A"
VAL_74_A,"LYS_73_A,ASN_75_A,LEU_100_A"
ASN_75_A,"LEU_71_A,VAL_74_A,GLU_76_A,TRP_99_A"
GLU_76_A,"ASN_72_A,LYS_73_A,ASN_75_A,ILE_77_A"
ILE_77_A,"GLU_76_A,ALA_78_A,ASP_80_A"
ALA_78_A,"ILE_77_A,SER_79_A"
SER_79_A,"ALA_78_A,ASP_80_A"
ASP_80_A,"ILE_77_A,SER_79_A,LEU_81_A"
LEU_81_A,"ASP_80_A,GLU_82_A,THR_105_A"
GLU_82_A,"LEU_81_A,ASP_85_A"
PRO_83_A,"GLY_84_A,THR_108_A,ALA_111_A"
GLY_84_A,"PRO_83_A,ASP_85_A"
ASP_85_A,"GLU_82_A,GLY_84_A,SER_86_A"
SER_86_A,"THR_46_A,ASP_85_A,VAL_87_A"
VAL_87_A,"SER_86_A,LEU_88_A,THR_114_A,ILE_115_A"
LEU_88_A,"THR_47_A,TYR_48_A,VAL_50_A,VAL_87_A,LEU_89_A,TYR_118_A"
LEU_89_A,"VAL_50_A,LEU_88_A,GLU_90_A,SER_116_A,PRO_126_A"
GLU_90_A,"SER_51_A,HIS_54_A,LEU_89_A,TYR_91_A,SER_93_A,TYR_118_A"
TYR_91_A,"GLU_90_A,GLY_92_A,ALA_117_A,TYR_118_A"
GLY_92_A,"TYR_91_A,SER_93_A,GLY_124_A"
SER_93_A,"GLU_90_A,GLY_92_A,GLU_94_A"
GLU_94_A,"SER_52_A,SER_93_A,PHE_95_A"
PHE_95_A,"VAL_50_A,LEU_71_A,GLU_94_A,ASN_96_A,LEU_127_A"
ASN_96_A,"PHE_95_A,ASP_97_A"
ASP_97_A,"ASN_96_A,GLN_98_A,ALA_129_A,ASN_131_A"
GLN_98_A,"ASP_97_A,TRP_99_A"
TRP_99_A,"ASN_75_A,GLN_98_A,LEU_100_A,HIS_101_A,VAL_133_A"
LEU_100_A,"VAL_74_A,TRP_99_A,HIS_101_A,THR_158_A,LEU_160_A"
HIS_101_A,"TRP_99_A,LEU_100_A,ILE_102_A,THR_157_A"
ILE_102_A,"HIS_101_A,HIS_103_A,LEU_160_A,LYS_162_A"
HIS_103_A,"ILE_102_A,ASP_104_A"
ASP_104_A,"HIS_103_A,THR_105_A,LYS_162_A,ASP_163_A"
THR_105_A,"LEU_81_A,ASP_104_A,ALA_106_A"
ALA_106_A,"THR_105_A,GLY_107_A"
GLY_107_A,"ALA_106_A,THR_108_A"
THR_108_A,"PRO_83_A,GLY_107_A,ASP_110_A,ALA_111_A"
PRO_109_A,ASP_110_A
ASP_110_A,"THR_108_A,PRO_109_A,ALA_111_A"
ALA_111_A,"PRO_83_A,THR_108_A,ASP_110_A"
PRO_112_A,ILE_113_A
ILE_113_A,"PRO_112_A,THR_114_A,TYR_166_A,THR_168_A"
THR_114_A,"VAL_87_A,ILE_113_A,ILE_115_A"
ILE_115_A,"VAL_87_A,THR_114_A,SER_116_A,THR_168_A,SER_170_A"
SER_116_A,"LEU_89_A,ILE_115_A,ALA_117_A"
ALA_117_A,"TYR_91_A,SER_116_A,TYR_118_A"
TYR_118_A,"TYR_49_A,GLN_64_A,LEU_88_A,GLU_90_A,TYR_91_A,ALA_117_A,GLY_119_A"
GLY_119_A,"TYR_118_A,ASP_120_A"
ASP_120_A,"GLY_119_A,GLU_121_A,ALA_122_A,GLU_123_A"
GLU_121_A,"ASP_120_A,ALA_122_A"
ALA_122_A,"ASP_120_A,GLU_121_A,GLU_123_A"
GLU_123_A,"ASP_120_A,ALA_122_A,GLY_124_A"
GLY_124_A,"GLY_92_A,GLU_123_A,LYS_125_A"
LYS_125_A,GLY_124_A
PRO_126_A,"LEU_89_A,LEU_127_A,LEU_172_A,GLU_173_A"
LEU_127_A,"PHE_95_A,PRO_126_A,ILE_128_A,THR_175_A"
ILE_128_A,"LEU_127_A,ALA_129_A,THR_158_A,GLU_173_A"
ALA_129_A,"ASP_97_A,ILE_128_A,SER_130_A"
SER_130_A,"ALA_129_A,ASN_131_A,THR_158_A"
ASN_131_A,"ASP_97_A,SER_130_A,GLY_132_A"
GLY_132_A,"ASN_131_A,VAL_133_A"
VAL_133_A,"TRP_99_A,GLY_132_A,GLU_134_A,SER_136_A"
GLU_134_A,"VAL_133_A,GLY_135_A"
GLY_135_A,"GLU_134_A,SER_136_A"
SER_136_A,"VAL_133_A,GLY_135_A,GLN_137_A,SER_156_A"
GLN_137_A,"SER_136_A,TRP_138_A,THR_154_A"
TRP_138_A,"GLN_137_A,TYR_139_A,GLN_140_A,VAL_155_A,THR_157_A,ILE_216_A"
TYR_139_A,"TRP_138_A,GLN_140_A"
GLN_140_A,"TRP_138_A,TYR_139_A,ASP_141_A,GLY_153_A,VAL_155_A,ALA_246_A"
ASP_141_A,"GLN_140_A,TYR_142_A,ARG_143_A,ARG_152_A,GLU_259_A"
TYR_142_A,"ASP_141_A,ARG_143_A,VAL_146_A,HIS_244_A,LEU_256_A"
ARG_143_A,"ASP_141_A,TYR_142_A,ALA_144_A,GLU_218_A,HIS_255_A,LEU_256_A,GLU_259_A"
ALA_144_A,"ARG_143_A,ASN_145_A,LEU_256_A,TRP_311_A"
ASN_145_A,"ALA_144_A,VAL_146_A,TRP_311_A"
VAL_146_A,"TYR_142_A,ASN_145_A,GLY_147_A,THR_151_A,TYR_298_A"
GLY_147_A,"VAL_146_A,ASN_148_A,HIS_149_A"
ASN_148_A,"GLY_147_A,HIS_149_A,TYR_392_A"
HIS_149_A,"GLY_147_A,ASN_148_A,LYS_150_A,LYS_243_A,HIS_244_A"
LYS_150_A,"HIS_149_A,THR_151_A,ASP_209_A"
THR_151_A,"VAL_146_A,LYS_150_A,ARG_152_A,ASN_384_A"
ARG_152_A,"ASP_141_A,THR_151_A,GLY_153_A"
GLY_153_A,"GLN_140_A,ARG_152_A,THR_154_A"
THR_154_A,"GLN_137_A,GLY_153_A,VAL_155_A"
VAL_155_A,"TRP_138_A,GLN_140_A,THR_154_A,SER_156_A,MET_245_A"
SER_156_A,"SER_136_A,VAL_155_A,THR_157_A,THR_211_A"
THR_157_A,"HIS_101_A,TRP_138_A,SER_156_A,THR_158_A,THR_211_A,ALA_214_A"
THR_158_A,"LEU_100_A,ILE_128_A,SER_130_A,THR_157_A,LEU_159_A,ILE_174_A,THR_175_A"
LEU_159_A,"THR_158_A,LEU_160_A,LEU_161_A"
LEU_160_A,"LEU_100_A,ILE_102_A,LEU_159_A,LEU_161_A,ILE_216_A"
LEU_161_A,"LEU_159_A,LEU_160_A,LYS_162_A,ALA_214_A,ILE_216_A"
LYS_162_A,"ILE_102_A,ASP_104_A,LEU_161_A,ASP_163_A,GLU_218_A"
ASP_163_A,"ASP_104_A,LYS_162_A,VAL_164_A,ILE_216_A,GLU_218_A"
VAL_164_A,"ASP_163_A,SER_165_A,ILE_167_A"
SER_165_A,"VAL_164_A,TYR_166_A,SER_224_A"
TYR_166_A,"ILE_113_A,SER_165_A,ILE_167_A,SER_224_A,HIS_225_A"
ILE_167_A,"VAL_164_A,TYR_166_A,THR_168_A"
THR_168_A,"ILE_113_A,ILE_115_A,ILE_167_A,VAL_169_A"
VAL_169_A,"THR_168_A,SER_170_A,LEU_172_A,THR_227_A,ASP_229_A"
SER_170_A,"ILE_115_A,VAL_169_A,ASN_171_A"
ASN_171_A,"SER_170_A,LEU_172_A"
LEU_172_A,"PRO_126_A,VAL_169_A,ASN_171_A,GLU_173_A"
GLU_173_A,"PRO_126_A,ILE_128_A,LEU_172_A,ILE_174_A,HIS_234_A"
ILE_174_A,"THR_158_A,GLU_173_A,THR_175_A,ASN_232_A"
THR_175_A,"LEU_127_A,THR_158_A,ILE_174_A,ASN_176_A"
ASN_176_A,"THR_175_A,ASP_177_A,ARG_210_A,ASP_235_A"
ASP_177_A,"ASN_176_A,ASP_178_A,GLU_179_A,ASP_235_A,ASP_237_A"
ASP_178_A,"ASP_177_A,GLU_179_A,SER_180_A,VAL_181_A,ASP_202_A,ARG_207_A,ARG_210_A,ASP_237_A"
GLU_179_A,"ASP_177_A,ASP_178_A,SER_180_A"
SER_180_A,"ASP_178_A,GLU_179_A,VAL_181_A"
VAL_181_A,"ASP_178_A,SER_180_A,TYR_182_A,LEU_201_A"
TYR_182_A,"VAL_181_A,ASP_183_A,PRO_184_A,SER_200_A"
ASP_183_A,"TYR_182_A,LYS_370_A,HIS_371_A,ASP_376_A"
PRO_184_A,"TYR_182_A,ILE_185_A"
ILE_185_A,"PRO_184_A,ASP_186_A,ASP_288_A,ILE_343_A"
ASP_186_A,"ILE_185_A,THR_187_A,LYS_287_A,ASP_288_A,ARG_367_A"
THR_187_A,"ASP_186_A,TRP_188_A"
TRP_188_A,"THR_187_A,GLN_189_A"
GLN_189_A,"TRP_188_A,TRP_190_A"
TRP_190_A,"GLN_189_A,THR_191_A,VAL_375_A,HIS_422_A"
THR_191_A,"TRP_190_A,ASP_192_A,THR_193_A,ALA_196_A"
ASP_192_A,"THR_191_A,THR_193_A"
THR_193_A,"THR_191_A,ASP_192_A,ALA_194_A"
ALA_194_A,"THR_193_A,ASP_195_A"
ASP_195_A,"ALA_194_A,ALA_196_A,ARG_203_A,ASP_376_A"
ALA_196_A,"THR_191_A,ASP_195_A,ASP_197_A"
ASP_197_A,"ALA_196_A,GLY_198_A"
GLY_198_A,"ASP_197_A,THR_199_A"
THR_199_A,"GLY_198_A,SER_200_A"
SER_200_A,"TYR_182_A,THR_199_A,LEU_201_A"
LEU_201_A,"VAL_181_A,SER_200_A,ASP_202_A"
ASP_202_A,"ASP_178_A,LEU_201_A,ARG_203_A,SER_204_A,ARG_207_A"
ARG_203_A,"ASP_195_A,ASP_202_A,SER_204_A,TYR_241_A,ASP_376_A"
SER_204_A,"ASP_202_A,ARG_203_A,ALA_205_A"
ALA_205_A,"SER_204_A,ASP_206_A,ASN_239_A,LEU_382_A"
ASP_206_A,"ALA_205_A,ARG_207_A"
ARG_207_A,"ASP_178_A,ASP_202_A,ASP_206_A,MET_208_A,ARG_210_A,ASP_237_A,ASN_239_A"
MET_208_A,"ARG_207_A,ASP_209_A"
ASP_209_A,"LYS_150_A,MET_208_A,ARG_210_A,ASN_242_A"
ARG_210_A,"ASN_176_A,ASP_178_A,ARG_207_A,ASP_209_A,THR_211_A,ASP_237_A,GLY_248_A"
THR_211_A,"SER_156_A,THR_157_A,ARG_210_A,GLY_212_A,ALA_214_A,ALA_246_A"
GLY_212_A,"THR_211_A,VAL_213_A"
VAL_213_A,"GLY_212_A,ALA_214_A"
ALA_214_A,"THR_157_A,LEU_161_A,THR_211_A,VAL_213_A,GLY_215_A"
GLY_215_A,"ALA_214_A,ILE_216_A,TYR_251_A"
ILE_216_A,"TRP_138_A,LEU_160_A,LEU_161_A,ASP_163_A,GLY_215_A,ALA_217_A,MET_253_A"
ALA_217_A,"ILE_216_A,GLU_218_A,HIS_255_A"
GLU_218_A,"ARG_143_A,LYS_162_A,ASP_163_A,ALA_217_A,ASN_219_A,HIS_255_A"
ASN_219_A,"GLU_218_A,GLY_220_A"
GLY_220_A,"ASN_219_A,SER_221_A,SER_274_A"
SER_221_A,"GLY_220_A,THR_222_A"
THR_222_A,"SER_221_A,MET_223_A"
MET_223_A,"THR_222_A,SER_224_A,ARG_275_A"
SER_224_A,"SER_165_A,TYR_166_A,MET_223_A,HIS_225_A"
HIS_225_A,"TYR_166_A,SER_224_A,VAL_226_A,ASP_277_A,HIS_278_A"
VAL_226_A,"HIS_225_A,THR_227_A,THR_280_A"
THR_227_A,"VAL_169_A,VAL_226_A,LEU_228_A"
LEU_228_A,"THR_227_A,ASP_229_A,THR_280_A,ARG_282_A"
ASP_229_A,"VAL_169_A,LEU_228_A,ASN_230_A,ARG_282_A,ASN_283_A"
ASN_230_A,"ASP_229_A,LEU_231_A,ARG_282_A"
LEU_231_A,"ASN_230_A,ASN_232_A,THR_285_A"
ASN_232_A,"ILE_174_A,LEU_231_A,ILE_233_A"
ILE_233_A,"ASN_232_A,HIS_234_A,ILE_250_A,THR_285_A,LYS_287_A"
HIS_234_A,"GLU_173_A,ILE_233_A,ASP_235_A"
ASP_235_A,"ASN_176_A,ASP_177_A,HIS_234_A,VAL_236_A,ASP_237_A,ASP_288_A"
VAL_236_A,"ASP_235_A,ASP_237_A,VAL_289_A,ASP_290_A"
ASP_237_A,"ASP_177_A,ASP_178_A,ARG_207_A,ARG_210_A,ASP_235_A,VAL_236_A,GLY_238_A,ASP_290_A"
GLY_238_A,"ASP_237_A,ASN_239_A"
ASN_239_A,"ALA_205_A,ARG_207_A,GLY_238_A,LEU_240_A,TYR_241_A,ASN_242_A,ASN_247_A"
LEU_240_A,"ASN_239_A,TYR_241_A"
TYR_241_A,"ARG_203_A,ASN_239_A,LEU_240_A,ASN_242_A,ARG_291_A,TYR_377_A,VAL_381_A"
ASN_242_A,"ASP_209_A,ASN_239_A,TYR_241_A,LYS_243_A"
LYS_243_A,"HIS_149_A,ASN_242_A,HIS_244_A,TYR_251_A,ARG_291_A,TRP_292_A,ASP_348_A"
HIS_244_A,"TYR_142_A,HIS_149_A,LYS_243_A,MET_245_A,TYR_298_A"
MET_245_A,"VAL_155_A,HIS_244_A,ALA_246_A,ASN_247_A"
ALA_246_A,"GLN_140_A,THR_211_A,MET_245_A,ASN_247_A"
ASN_247_A,"ASN_239_A,MET_245_A,ALA_246_A,GLY_248_A"
GLY_248_A,"ARG_210_A,ASN_247_A,GLY_249_A"
GLY_249_A,"GLY_248_A,ILE_250_A,TRP_292_A"
ILE_250_A,"ILE_233_A,GLY_249_A,TYR_251_A,PHE_252_A,GLY_293_A,ALA_295_A"
TYR_251_A,"GLY_215_A,LYS_243_A,ILE_250_A,PHE_252_A,MET_253_A,ALA_295_A"
PHE_252_A,"ILE_250_A,TYR_251_A,MET_253_A,ILE_279_A,ALA_295_A,GLY_297_A"
MET_253_A,"ILE_216_A,TYR_251_A,PHE_252_A,ALA_254_A"
ALA_254_A,"MET_253_A,HIS_255_A,TYR_298_A"
HIS_255_A,"ARG_143_A,ALA_217_A,GLU_218_A,ALA_254_A,LEU_256_A,SER_274_A"
LEU_256_A,"TYR_142_A,ARG_143_A,ALA_144_A,HIS_255_A,ALA_300_A,TYR_301_A"
PRO_257_A,LYS_258_A
LYS_258_A,"PRO_257_A,GLU_259_A,ASP_265_A"
GLU_259_A,"ASP_141_A,ARG_143_A,LYS_258_A,ARG_260_A"
ARG_260_A,"GLU_259_A,THR_261_A,ASP_266_A,LEU_269_A"
THR_261_A,"ARG_260_A,SER_262_A,ASP_265_A"
SER_262_A,"THR_261_A,ALA_263_A"
ALA_263_A,"SER_262_A,ALA_264_A,ASP_265_A"
ALA_264_A,"ALA_263_A,ASP_265_A"
ASP_265_A,"LYS_258_A,THR_261_A,ALA_263_A,ALA_264_A,ASP_266_A,LEU_269_A"
ASP_266_A,"ARG_260_A,ASP_265_A,ALA_267_A,LYS_270_A,TYR_304_A"
ALA_267_A,"ASP_266_A,TRP_268_A"
TRP_268_A,"ALA_267_A,LEU_269_A,GLU_271_A,HIS_272_A"
LEU_269_A,"ARG_260_A,ASP_265_A,TRP_268_A,LYS_270_A"
LYS_270_A,"ASP_266_A,LEU_269_A,GLU_271_A"
GLU_271_A,"TRP_268_A,LYS_270_A,HIS_272_A,LYS_329_A"
HIS_272_A,"TRP_268_A,GLU_271_A,VAL_273_A,TYR_301_A"
VAL_273_A,"HIS_272_A,SER_274_A"
SER_274_A,"GLY_220_A,HIS_255_A,VAL_273_A,ARG_275_A"
ARG_275_A,"MET_223_A,SER_274_A,PHE_276_A,ASP_277_A,GLY_331_A,THR_333_A"
PHE_276_A,"ARG_275_A,ASP_277_A"
ASP_277_A,"HIS_225_A,ARG_275_A,PHE_276_A,HIS_278_A,THR_333_A,ASN_334_A"
HIS_278_A,"HIS_225_A,ASP_277_A,ILE_279_A,THR_333_A"
ILE_279_A,"PHE_252_A,HIS_278_A,THR_280_A,LEU_336_A"
THR_280_A,"VAL_226_A,LEU_228_A,ILE_279_A,ILE_281_A"
ILE_281_A,"THR_280_A,ARG_282_A,ILE_294_A,VAL_296_A,ASN_340_A"
ARG_282_A,"LEU_228_A,ASP_229_A,ASN_230_A,ILE_281_A,ASN_283_A,SER_284_A,GLU_338_A"
ASN_283_A,"ASP_229_A,ARG_282_A,SER_284_A"
SER_284_A,"ARG_282_A,ASN_283_A,THR_285_A,THR_341_A"
THR_285_A,"LEU_231_A,ILE_233_A,SER_284_A,VAL_286_A"
VAL_286_A,"THR_285_A,LYS_287_A,VAL_289_A,THR_341_A,ILE_342_A,ILE_343_A"
LYS_287_A,"ASP_186_A,ILE_233_A,VAL_286_A,ASP_288_A,ARG_367_A"
ASP_288_A,"ILE_185_A,ASP_186_A,ASP_235_A,LYS_287_A,VAL_289_A,LYS_370_A"
VAL_289_A,"VAL_236_A,VAL_286_A,ASP_288_A,ASP_290_A,GLY_346_A"
ASP_290_A,"VAL_236_A,ASP_237_A,VAL_289_A,ARG_291_A,LYS_370_A,HIS_371_A"
ARG_291_A,"TYR_241_A,LYS_243_A,ASP_290_A,TRP_292_A,GLY_347_A,ASP_348_A,GLY_393_A,VAL_395_A"
TRP_292_A,"LYS_243_A,GLY_249_A,ARG_291_A,GLY_293_A,ALA_295_A,THR_351_A,MET_353_A"
GLY_293_A,"ILE_250_A,TRP_292_A,ILE_294_A,ASP_348_A"
ILE_294_A,"ILE_281_A,GLY_293_A,ALA_295_A,ILE_342_A,ALA_349_A,THR_351_A"
ALA_295_A,"ILE_250_A,TYR_251_A,PHE_252_A,TRP_292_A,ILE_294_A,VAL_296_A"
VAL_296_A,"ILE_281_A,ALA_295_A,GLY_297_A,MET_353_A"
GLY_297_A,"PHE_252_A,VAL_296_A,TYR_298_A"
TYR_298_A,"VAL_146_A,HIS_244_A,ALA_254_A,GLY_297_A,THR_299_A,LEU_302_A"
THR_299_A,"TYR_298_A,ALA_300_A,TYR_301_A"
ALA_300_A,"LEU_256_A,THR_299_A,TYR_301_A"
TYR_301_A,"LEU_256_A,HIS_272_A,THR_299_A,ALA_300_A,LEU_302_A,TYR_304_A"
LEU_302_A,"TYR_298_A,TYR_301_A,ASN_303_A,ASP_306_A,PHE_315_A,TYR_354_A"
ASN_303_A,"LEU_302_A,TYR_304_A,SER_308_A,TRP_311_A"
TYR_304_A,"ASP_266_A,TYR_301_A,ASN_303_A,ILE_305_A,TRP_311_A,TYR_330_A"
ILE_305_A,"TYR_304_A,ASP_306_A,TYR_330_A"
ASP_306_A,"LEU_302_A,ILE_305_A,LYS_307_A,TYR_354_A,ARG_403_A"
LYS_307_A,"ASP_306_A,SER_308_A,ASP_323_A"
SER_308_A,"ASN_303_A,LYS_307_A,SER_309_A,ASP_314_A"
SER_309_A,"SER_308_A,ARG_310_A"
ARG_310_A,"SER_309_A,TRP_311_A,GLN_312_A,ASP_314_A"
TRP_311_A,"ALA_144_A,ASN_145_A,ASN_303_A,TYR_304_A,ARG_310_A,GLN_312_A"
GLN_312_A,"ARG_310_A,TRP_311_A,ASN_313_A,ASP_314_A"
ASN_313_A,"GLN_312_A,ASP_314_A"
ASP_314_A,"SER_308_A,ARG_310_A,GLN_312_A,ASN_313_A,PHE_315_A"
PHE_315_A,"LEU_302_A,ASP_314_A,ASP_316_A"
ASP_316_A,"PHE_315_A,TYR_317_A,GLY_318_A"
TYR_317_A,"ASP_316_A,GLY_318_A,LYS_459_A"
GLY_318_A,"ASP_316_A,TYR_317_A,ASP_319_A,LYS_459_A"
ASP_319_A,"GLY_318_A,GLY_320_A,THR_321_A"
GLY_320_A,"ASP_319_A,THR_321_A"
THR_321_A,"ASP_319_A,GLY_320_A,ILE_322_A"
ILE_322_A,"THR_321_A,ASP_323_A,LYS_405_A"
ASP_323_A,"LYS_307_A,ILE_322_A,ASP_324_A,ASP_325_A"
ASP_324_A,"ASP_323_A,ASP_325_A,ASP_356_A,ARG_357_A,LYS_405_A,ASP_406_A"
ASP_325_A,"ASP_323_A,ASP_324_A,LEU_326_A"
LEU_326_A,"ASP_325_A,ILE_327_A,TYR_330_A"
ILE_327_A,"LEU_326_A,ALA_328_A"
ALA_328_A,"ILE_327_A,LYS_329_A"
LYS_329_A,"GLU_271_A,ALA_328_A,TYR_330_A"
TYR_330_A,"TYR_304_A,ILE_305_A,LEU_326_A,LYS_329_A,GLY_331_A"
GLY_331_A,"ARG_275_A,TYR_330_A,ALA_332_A"
ALA_332_A,"GLY_331_A,THR_333_A,ASP_356_A"
THR_333_A,"ARG_275_A,ASP_277_A,HIS_278_A,ALA_332_A,ASN_334_A"
ASN_334_A,"ASP_277_A,THR_333_A,VAL_335_A"
VAL_335_A,"ASN_334_A,LEU_336_A"
LEU_336_A,"ILE_279_A,VAL_335_A,ILE_337_A,VAL_359_A"
ILE_337_A,"LEU_336_A,GLU_338_A,THR_352_A,VAL_359_A,GLN_361_A,ASN_363_A"
GLU_338_A,"ARG_282_A,ILE_337_A,ASN_339_A,GLN_361_A"
ASN_339_A,"GLU_338_A,ASN_340_A"
ASN_340_A,"ILE_281_A,ASN_339_A,THR_341_A,VAL_364_A"
THR_341_A,"SER_284_A,VAL_286_A,ASN_340_A,ILE_342_A,GLY_583_A"
ILE_342_A,"VAL_286_A,ILE_294_A,THR_341_A,ILE_343_A,ILE_350_A,VAL_364_A,ASP_366_A"
ILE_343_A,"ILE_185_A,VAL_286_A,ILE_342_A,GLY_344_A"
GLY_344_A,"ILE_343_A,ALA_345_A"
ALA_345_A,"GLY_344_A,GLY_346_A"
GLY_346_A,"VAL_289_A,ALA_345_A,GLY_347_A"
GLY_347_A,"ARG_291_A,GLY_346_A,ASP_348_A,SER_369_A"
ASP_348_A,"LYS_243_A,ARG_291_A,GLY_293_A,GLY_347_A,ALA_349_A,ALA_397_A,TRP_400_A"
ALA_349_A,"ILE_294_A,ASP_348_A,ILE_350_A,VAL_368_A,GLY_398_A"
ILE_350_A,"ILE_342_A,ALA_349_A,THR_351_A,TRP_400_A"
THR_351_A,"TRP_292_A,ILE_294_A,ILE_350_A,THR_352_A,TRP_400_A"
THR_352_A,"ILE_337_A,THR_351_A,MET_353_A,TRP_402_A"
MET_353_A,"TRP_292_A,VAL_296_A,THR_352_A,TYR_354_A,CYS_355_A"
TYR_354_A,"LEU_302_A,ASP_306_A,MET_353_A,CYS_355_A,TRP_402_A,ARG_403_A"
CYS_355_A,"MET_353_A,TYR_354_A,ASP_356_A,PRO_358_A"
ASP_356_A,"ASP_324_A,ALA_332_A,CYS_355_A,ARG_357_A"
ARG_357_A,"ASP_324_A,ASP_356_A,LYS_405_A,ASP_406_A"
PRO_358_A,"CYS_355_A,VAL_359_A,PRO_407_A"
VAL_359_A,"LEU_336_A,ILE_337_A,PRO_358_A,ILE_360_A"
ILE_360_A,"VAL_359_A,GLN_361_A,ILE_399_A,VAL_408_A,PHE_409_A"
GLN_361_A,"ILE_337_A,GLU_338_A,ILE_360_A,HIS_362_A,GLN_410_A"
HIS_362_A,"GLN_361_A,ASN_363_A,TYR_411_A,GLU_585_A"
ASN_363_A,"ILE_337_A,HIS_362_A,VAL_364_A"
VAL_364_A,"ASN_340_A,ILE_342_A,ASN_363_A,GLY_365_A,ALA_579_A"
GLY_365_A,"VAL_364_A,ASP_366_A,GLU_413_A,TYR_415_A"
ASP_366_A,"ILE_342_A,GLY_365_A,ARG_367_A"
ARG_367_A,"ASP_186_A,LYS_287_A,ASP_366_A,VAL_368_A,TYR_415_A"
VAL_368_A,"ALA_349_A,ARG_367_A,SER_369_A,LEU_418_A"
SER_369_A,"GLY_347_A,VAL_368_A,LYS_370_A,ASN_417_A"
LYS_370_A,"ASP_183_A,ASP_288_A,ASP_290_A,SER_369_A,HIS_371_A,ASN_373_A"
HIS_371_A,"ASP_183_A,ASP_290_A,LYS_370_A,ILE_372_A,ASP_376_A"
ILE_372_A,"HIS_371_A,ASN_373_A"
ASN_373_A,"LYS_370_A,ILE_372_A,SER_374_A,ASP_376_A,TYR_377_A"
SER_374_A,"ASN_373_A,VAL_375_A,HIS_422_A"
VAL_375_A,"TRP_190_A,SER_374_A,ASP_376_A"
ASP_376_A,"ASP_183_A,ASP_195_A,ARG_203_A,HIS_371_A,ASN_373_A,VAL_375_A,TYR_377_A"
TYR_377_A,"TYR_241_A,ASN_373_A,ASP_376_A,THR_378_A,TYR_392_A,ARG_394_A"
THR_378_A,"TYR_377_A,ALA_379_A"
ALA_379_A,"THR_378_A,ASN_380_A"
ASN_380_A,"ALA_379_A,VAL_381_A,GLY_389_A"
VAL_381_A,"TYR_241_A,ASN_380_A,LEU_382_A,ALA_388_A"
LEU_382_A,"ALA_205_A,VAL_381_A,ASN_383_A"
ASN_383_A,"LEU_382_A,ASN_384_A,THR_385_A,GLY_386_A,ASN_387_A"
ASN_384_A,"THR_151_A,ASN_383_A,THR_385_A"
THR_385_A,"ASN_383_A,ASN_384_A,GLY_386_A"
GLY_386_A,"ASN_383_A,THR_385_A,ASN_387_A"
ASN_387_A,"ASN_383_A,GLY_386_A,ALA_388_A"
ALA_388_A,"VAL_381_A,ASN_387_A,GLY_389_A,TYR_392_A"
GLY_389_A,"ASN_380_A,ALA_388_A,VAL_390_A"
VAL_390_A,"GLY_389_A,GLY_391_A"
GLY_391_A,"VAL_390_A,TYR_392_A"
TYR_392_A,"ASN_148_A,TYR_377_A,ALA_388_A,GLY_391_A,GLY_393_A"
GLY_393_A,"ARG_291_A,TYR_392_A,ARG_394_A,VAL_395_A"
ARG_394_A,"TYR_377_A,GLY_393_A,VAL_395_A,GLY_423_A"
VAL_395_A,"ARG_291_A,GLY_393_A,ARG_394_A,ALA_396_A"
ALA_396_A,"VAL_395_A,ALA_397_A"
ALA_397_A,"ASP_348_A,ALA_396_A,GLY_398_A,ASP_431_A"
GLY_398_A,"ALA_349_A,ALA_397_A,ILE_399_A,GLN_428_A"
ILE_399_A,"ILE_360_A,GLY_398_A,TRP_400_A,PHE_409_A,VAL_414_A,TYR_440_A"
TRP_400_A,"ASP_348_A,ILE_350_A,THR_351_A,ILE_399_A,ASP_431_A,ASP_433_A"
PRO_401_A,"TRP_402_A,PHE_409_A,THR_438_A"
TRP_402_A,"THR_352_A,TYR_354_A,PRO_401_A,ARG_403_A,TYR_434_A"
ARG_403_A,"ASP_306_A,TYR_354_A,TRP_402_A,CYS_404_A,TYR_434_A"
CYS_404_A,"ARG_403_A,LYS_405_A"
LYS_405_A,"ILE_322_A,ASP_324_A,ARG_357_A,CYS_404_A,ASP_406_A,ASP_436_A"
ASP_406_A,"ASP_324_A,ARG_357_A,LYS_405_A,ASP_436_A"
PRO_407_A,"PRO_358_A,VAL_408_A,PHE_409_A"
VAL_408_A,"ILE_360_A,PRO_407_A,PHE_409_A"
PHE_409_A,"ILE_360_A,ILE_399_A,PRO_401_A,PRO_407_A,VAL_408_A,GLN_410_A,LEU_439_A,TYR_440_A"
GLN_410_A,"GLN_361_A,PHE_409_A,TYR_411_A"
TYR_411_A,"HIS_362_A,GLN_410_A,ASN_412_A,TYR_442_A,HIS_623_A"
ASN_412_A,"TYR_411_A,GLU_413_A,ASN_443_A,TYR_444_A"
GLU_413_A,"GLY_365_A,ASN_412_A,VAL_414_A,TYR_415_A,GLU_585_A,TYR_586_A,ARG_588_A"
VAL_414_A,"ILE_399_A,GLU_413_A,TYR_415_A,ALA_429_A,TRP_430_A,TYR_444_A"
TYR_415_A,"GLY_365_A,ARG_367_A,GLU_413_A,VAL_414_A,SER_416_A,TYR_444_A"
SER_416_A,"TYR_415_A,ASN_417_A,TYR_446_A"
ASN_417_A,"SER_369_A,SER_416_A,LEU_418_A,GLN_428_A,ASN_448_A,SER_449_A"
LEU_418_A,"VAL_368_A,ASN_417_A,ASN_419_A,ASN_424_A"
ASN_419_A,"LEU_418_A,ALA_420_A,HIS_422_A,ASN_424_A"
ALA_420_A,"ASN_419_A,ASP_421_A,PHE_450_A"
ASP_421_A,"ALA_420_A,HIS_422_A,ARG_475_A"
HIS_422_A,"TRP_190_A,SER_374_A,ASN_419_A,ASP_421_A,GLY_423_A"
GLY_423_A,"ARG_394_A,HIS_422_A,ASN_424_A"
ASN_424_A,"LEU_418_A,ASN_419_A,GLY_423_A,GLY_425_A,ASP_426_A"
GLY_425_A,"ASN_424_A,ASP_426_A"
ASP_426_A,"ASN_424_A,GLY_425_A,GLY_427_A,ASP_431_A,ASP_433_A,ASP_479_A,ARG_506_A"
GLY_427_A,"ASP_426_A,GLN_428_A"
GLN_428_A,"GLY_398_A,ASN_417_A,GLY_427_A,ALA_429_A,MET_454_A,ASP_479_A"
ALA_429_A,"VAL_414_A,GLN_428_A,TRP_430_A"
TRP_430_A,"VAL_414_A,ALA_429_A,ASP_431_A,TYR_440_A,ASN_443_A,SER_452_A,LEU_453_A,MET_454_A"
ASP_431_A,"ALA_397_A,TRP_400_A,ASP_426_A,TRP_430_A,ALA_432_A,ASP_433_A"
ALA_432_A,"ASP_431_A,ASP_433_A,MET_454_A,THR_463_A"
ASP_433_A,"TRP_400_A,ASP_426_A,ASP_431_A,ALA_432_A,TYR_434_A"
TYR_434_A,"TRP_402_A,ARG_403_A,ASP_433_A,GLY_435_A,ASN_457_A,LYS_459_A"
GLY_435_A,"TYR_434_A,ASP_436_A"
ASP_436_A,"LYS_405_A,ASP_406_A,GLY_435_A,GLY_437_A,ASN_462_A"
GLY_437_A,"ASP_436_A,THR_438_A,TYR_619_A"
THR_438_A,"PRO_401_A,GLY_437_A,LEU_439_A,TYR_440_A,THR_464_A"
LEU_439_A,"PHE_409_A,THR_438_A,TYR_440_A,THR_464_A"
TYR_440_A,"ILE_399_A,PHE_409_A,TRP_430_A,THR_438_A,LEU_439_A,GLN_441_A,THR_464_A,PHE_465_A,ARG_466_A,ASN_468_A"
GLN_441_A,"TYR_440_A,TYR_442_A,ARG_466_A"
TYR_442_A,"TYR_411_A,GLN_441_A,ASN_443_A,TYR_467_A,ARG_588_A,HIS_623_A"
ASN_443_A,"ASN_412_A,TRP_430_A,TYR_442_A,TYR_444_A,ASN_468_A,ILE_469_A"
TYR_444_A,"ASN_412_A,VAL_414_A,TYR_415_A,ASN_443_A,SER_445_A,ILE_469_A,PRO_576_A,PHE_595_A"
SER_445_A,"TYR_444_A,TYR_446_A,SER_452_A,ILE_469_A,GLN_471_A,ASP_473_A"
TYR_446_A,"SER_416_A,SER_445_A,GLY_447_A,ASN_472_A"
GLY_447_A,"TYR_446_A,ASN_448_A"
ASN_448_A,"ASN_417_A,GLY_447_A,SER_449_A,ASP_473_A,LYS_474_A"
SER_449_A,"ASN_417_A,ASN_448_A,PHE_450_A"
PHE_450_A,"ALA_420_A,SER_449_A,ALA_451_A,ARG_475_A,THR_504_A"
ALA_451_A,"PHE_450_A,SER_452_A,LYS_474_A"
SER_452_A,"TRP_430_A,SER_445_A,ALA_451_A,LEU_453_A,VAL_477_A"
LEU_453_A,"TRP_430_A,SER_452_A,MET_454_A,PHE_465_A,ASP_479_A"
MET_454_A,"GLN_428_A,TRP_430_A,ALA_432_A,LEU_453_A,ILE_455_A,CYS_456_A"
ILE_455_A,"MET_454_A,CYS_456_A,ASP_479_A,ASN_483_A"
CYS_456_A,"MET_454_A,ILE_455_A,ASN_457_A"
ASN_457_A,"TYR_434_A,CYS_456_A,TRP_458_A,PRO_481_A"
TRP_458_A,"ASN_457_A,LYS_459_A"
LYS_459_A,"TYR_317_A,GLY_318_A,TYR_434_A,TRP_458_A,ALA_460_A"
ALA_460_A,"LYS_459_A,VAL_461_A,GLY_484_A"
VAL_461_A,"ALA_460_A,ASN_462_A"
ASN_462_A,"ASP_436_A,VAL_461_A,THR_463_A"
THR_463_A,"ALA_432_A,ASN_462_A,THR_464_A,HIS_488_A"
THR_464_A,"THR_438_A,LEU_439_A,TYR_440_A,THR_463_A,PHE_465_A,TYR_490_A,ASP_615_A,ASN_617_A"
PHE_465_A,"TYR_440_A,LEU_453_A,THR_464_A,ARG_466_A,ASN_468_A,HIS_488_A,TYR_490_A"
ARG_466_A,"TYR_440_A,GLN_441_A,PHE_465_A,TYR_467_A,ASN_468_A,TYR_490_A,ASP_615_A,TYR_619_A,GLU_622_A"
TYR_467_A,"TYR_442_A,ARG_466_A,ASN_468_A,ASN_491_A"
ASN_468_A,"TYR_440_A,ASN_443_A,PHE_465_A,ARG_466_A,TYR_467_A,ILE_469_A"
ILE_469_A,"ASN_443_A,TYR_444_A,SER_445_A,ASN_468_A,SER_470_A"
SER_470_A,"ILE_469_A,GLN_471_A,ASP_473_A,TYR_495_A"
GLN_471_A,"SER_445_A,SER_470_A,ASN_472_A,TYR_598_A"
ASN_472_A,"TYR_446_A,GLN_471_A,ASP_473_A"
ASP_473_A,"SER_445_A,ASN_448_A,SER_470_A,ASN_472_A,LYS_474_A,SER_500_A"
LYS_474_A,"ASN_448_A,ALA_451_A,ASP_473_A,ARG_475_A,ASP_497_A,ASP_499_A"
ARG_475_A,"ASP_421_A,PHE_450_A,LYS_474_A,GLY_476_A,ASP_499_A"
GLY_476_A,"ARG_475_A,VAL_477_A"
VAL_477_A,"SER_452_A,GLY_476_A,PHE_478_A"
PHE_478_A,"VAL_477_A,ASP_479_A,ILE_489_A,PHE_513_A"
ASP_479_A,"ASP_426_A,GLN_428_A,LEU_453_A,ILE_455_A,PHE_478_A,LEU_480_A,THR_504_A,ARG_506_A"
LEU_480_A,"ASP_479_A,ALA_511_A"
PRO_481_A,"ASN_457_A,SER_482_A"
SER_482_A,"PRO_481_A,ASN_483_A,ASN_508_A"
ASN_483_A,"ILE_455_A,SER_482_A,GLY_484_A,SER_509_A"
GLY_484_A,"ALA_460_A,ASN_483_A"
PRO_485_A,GLY_486_A
GLY_486_A,"PRO_485_A,ASN_487_A"
ASN_487_A,"GLY_486_A,HIS_488_A,GLN_510_A,GLN_512_A"
HIS_488_A,"THR_463_A,PHE_465_A,ASN_487_A,ILE_489_A,GLU_514_A,ASP_615_A,LEU_616_A"
ILE_489_A,"PHE_478_A,HIS_488_A,TYR_490_A,GLN_512_A"
TYR_490_A,"THR_464_A,PHE_465_A,ARG_466_A,ILE_489_A,ASN_491_A,VAL_613_A,ASP_615_A"
ASN_491_A,"TYR_467_A,TYR_490_A,ASN_492_A"
ASN_492_A,"ASN_491_A,THR_493_A,ILE_517_A"
THR_493_A,"ASN_492_A,VAL_494_A,TYR_598_A,ALA_638_A"
VAL_494_A,"THR_493_A,TYR_495_A,ILE_517_A,PHE_518_A,ILE_519_A"
TYR_495_A,"SER_470_A,VAL_494_A,VAL_496_A,ALA_521_A"
VAL_496_A,"TYR_495_A,ASP_497_A,ILE_519_A,ALA_521_A"
ASP_497_A,"LYS_474_A,VAL_496_A,ALA_498_A,ASP_499_A"
ALA_498_A,"ASP_497_A,ASP_499_A,THR_522_A"
ASP_499_A,"LYS_474_A,ARG_475_A,ASP_497_A,ALA_498_A,SER_500_A"
SER_500_A,"ASP_473_A,ASP_499_A,ARG_501_A"
ARG_501_A,"SER_500_A,VAL_502_A,LEU_503_A,LYS_526_A,GLU_528_A"
VAL_502_A,"ARG_501_A,LEU_503_A,PHE_518_A,GLU_528_A,TRP_530_A"
LEU_503_A,"ARG_501_A,VAL_502_A,THR_504_A"
THR_504_A,"PHE_450_A,ASP_479_A,LEU_503_A,THR_505_A,SER_507_A"
THR_505_A,"THR_504_A,ARG_506_A"
ARG_506_A,"ASP_426_A,ASP_479_A,THR_505_A,SER_507_A"
SER_507_A,"THR_504_A,ARG_506_A,ASN_508_A"
ASN_508_A,"SER_482_A,SER_507_A,SER_509_A"
SER_509_A,"ASN_483_A,ASN_508_A,GLN_510_A,GLN_539_A"
GLN_510_A,"ASN_487_A,SER_509_A,ALA_511_A,TYR_536_A"
ALA_511_A,"LEU_480_A,GLN_510_A,GLN_512_A,PHE_513_A,VAL_540_A"
GLN_512_A,"ASN_487_A,ILE_489_A,ALA_511_A,PHE_513_A"
PHE_513_A,"PHE_478_A,ALA_511_A,GLN_512_A,GLU_514_A,VAL_540_A,TYR_541_A,ASP_542_A,ASN_544_A"
GLU_514_A,"HIS_488_A,PHE_513_A,ASN_515_A,ASP_542_A,LYS_611_A"
ASN_515_A,"GLU_514_A,ASN_516_A,ASN_543_A,LYS_611_A,GLY_637_A"
ASN_516_A,"ASN_515_A,ILE_517_A,PHE_518_A,ASN_544_A,LEU_545_A"
ILE_517_A,"ASN_492_A,VAL_494_A,ASN_516_A,PHE_518_A,ILE_519_A"
PHE_518_A,"VAL_494_A,VAL_502_A,ASN_516_A,ILE_517_A,ILE_519_A,ASN_544_A,LEU_545_A,TYR_546_A,VAL_547_A,TYR_549_A"
ILE_519_A,"VAL_494_A,VAL_496_A,ILE_517_A,PHE_518_A,ASN_520_A,LEU_569_A"
ASN_520_A,"ILE_519_A,ALA_521_A,THR_522_A,GLU_524_A,ASN_548_A,TYR_549_A"
ALA_521_A,"TYR_495_A,VAL_496_A,ASN_520_A,THR_522_A"
THR_522_A,"ALA_498_A,ASN_520_A,ALA_521_A,ASP_523_A"
ASP_523_A,"THR_522_A,GLU_524_A"
GLU_524_A,"ASN_520_A,ASP_523_A,LYS_525_A"
LYS_525_A,"GLU_524_A,LYS_526_A,ASP_563_A"
LYS_526_A,"ARG_501_A,LYS_525_A,THR_527_A,GLU_528_A,ALA_550_A"
THR_527_A,"LYS_526_A,GLU_528_A"
GLU_528_A,"ARG_501_A,VAL_502_A,LYS_526_A,THR_527_A,GLU_529_A,TRP_530_A,ASN_551_A"
GLU_529_A,"GLU_528_A,TRP_530_A"
TRP_530_A,"VAL_502_A,GLU_528_A,GLU_529_A,ASN_531_A,TYR_541_A,TYR_546_A,TYR_549_A,PRO_553_A"
ASN_531_A,"TRP_530_A,ILE_532_A"
ILE_532_A,"ASN_531_A,GLY_533_A,GLN_539_A"
GLY_533_A,"ILE_532_A,GLY_534_A"
GLY_534_A,"GLY_533_A,TYR_535_A,GLY_537_A"
TYR_535_A,"GLY_534_A,TYR_536_A,GLY_538_A"
TYR_536_A,"GLN_510_A,TYR_535_A,GLY_537_A"
GLY_537_A,"GLY_534_A,TYR_536_A,GLY_538_A"
GLY_538_A,"TYR_535_A,GLY_537_A,GLN_539_A"
GLN_539_A,"SER_509_A,ILE_532_A,GLY_538_A,VAL_540_A,TYR_541_A"
VAL_540_A,"ALA_511_A,PHE_513_A,GLN_539_A,TYR_541_A"
TYR_541_A,"PHE_513_A,TRP_530_A,GLN_539_A,VAL_540_A,ASP_542_A,PRO_553_A"
ASP_542_A,"PHE_513_A,GLU_514_A,TYR_541_A,ASN_543_A,ASP_556_A,LYS_611_A"
ASN_543_A,"ASN_515_A,ASP_542_A,ASN_544_A,ASP_556_A"
ASN_544_A,"PHE_513_A,ASN_516_A,PHE_518_A,ASN_543_A,LEU_545_A,ILE_560_A"
LEU_545_A,"ASN_516_A,PHE_518_A,ASN_544_A,TYR_546_A,ILE_560_A,VAL_568_A,LEU_636_A"
TYR_546_A,"PHE_518_A,TRP_530_A,LEU_545_A,VAL_547_A,PRO_553_A,ASP_556_A,ALA_559_A,ILE_560_A"
VAL_547_A,"PHE_518_A,TYR_546_A,ASN_548_A,VAL_565_A"
ASN_548_A,"ASN_520_A,VAL_547_A,TYR_549_A,ALA_562_A"
TYR_549_A,"PHE_518_A,ASN_520_A,TRP_530_A,ASN_548_A,ALA_550_A"
ALA_550_A,"LYS_526_A,TYR_549_A,ASN_551_A"
ASN_551_A,"GLU_528_A,ALA_550_A,THR_552_A"
THR_552_A,"ASN_551_A,VAL_561_A"
PRO_553_A,"TRP_530_A,TYR_541_A,TYR_546_A,ALA_554_A"
ALA_554_A,"PRO_553_A,SER_555_A"
SER_555_A,"ALA_554_A,ASP_556_A"
ASP_556_A,"ASP_542_A,ASN_543_A,TYR_546_A,SER_555_A,ALA_557_A,ASN_558_A"
ALA_557_A,"ASP_556_A,ASN_558_A"
ASN_558_A,"ASP_556_A,ALA_557_A,ALA_559_A"
ALA_559_A,"TYR_546_A,ASN_558_A,ILE_560_A"
ILE_560_A,"ASN_544_A,LEU_545_A,TYR_546_A,ALA_559_A,VAL_561_A,LEU_636_A"
VAL_561_A,"THR_552_A,ILE_560_A,ALA_562_A"
ALA_562_A,"ASN_548_A,VAL_561_A,ASP_563_A"
ASP_563_A,"LYS_525_A,ALA_562_A,ASP_564_A"
ASP_564_A,"ASP_563_A,VAL_565_A,ASP_567_A"
VAL_565_A,"VAL_547_A,ASP_564_A,ALA_566_A,VAL_568_A,LEU_569_A,ALA_572_A"
ALA_566_A,"VAL_565_A,ASP_567_A"
ASP_567_A,"ASP_564_A,ALA_566_A,VAL_568_A"
VAL_568_A,"LEU_545_A,VAL_565_A,ASP_567_A,LEU_569_A,SER_604_A"
LEU_569_A,"ILE_519_A,VAL_565_A,VAL_568_A,GLU_570_A"
GLU_570_A,"LEU_569_A,ASP_571_A,LYS_599_A"
ASP_571_A,"GLU_570_A,ALA_572_A,SER_574_A,GLY_597_A"
ALA_572_A,"VAL_565_A,ASP_571_A,GLY_573_A"
GLY_573_A,"ALA_572_A,SER_574_A"
SER_574_A,"ASP_571_A,GLY_573_A,ALA_575_A"
ALA_575_A,"SER_574_A,TYR_598_A"
PRO_576_A,"TYR_444_A,THR_577_A,TYR_586_A,VAL_594_A"
THR_577_A,"PRO_576_A,ALA_578_A"
ALA_578_A,"THR_577_A,ALA_579_A,TYR_586_A"
ALA_579_A,"VAL_364_A,ALA_578_A,GLN_580_A"
GLN_580_A,"ALA_579_A,ALA_581_A,GLY_583_A"
ALA_581_A,"GLN_580_A,SER_582_A"
SER_582_A,"ALA_581_A,GLY_583_A"
GLY_583_A,"THR_341_A,GLN_580_A,SER_582_A,ALA_584_A"
ALA_584_A,"GLY_583_A,GLU_585_A"
GLU_585_A,"HIS_362_A,GLU_413_A,ALA_584_A,TYR_586_A,ARG_588_A"
TYR_586_A,"GLU_413_A,PRO_576_A,ALA_578_A,GLU_585_A,SER_587_A"
SER_587_A,"TYR_586_A,ARG_588_A"
ARG_588_A,"GLU_413_A,TYR_442_A,GLU_585_A,SER_587_A,LYS_589_A,PHE_625_A"
LYS_589_A,"ARG_588_A,GLY_590_A"
GLY_590_A,"LYS_589_A,SER_591_A"
SER_591_A,"GLY_590_A,THR_592_A"
THR_592_A,"SER_591_A,THR_593_A"
THR_593_A,"THR_592_A,VAL_594_A,ASP_596_A"
VAL_594_A,"PRO_576_A,THR_593_A,PHE_595_A"
PHE_595_A,"TYR_444_A,VAL_594_A,ASP_596_A,GLY_597_A,TYR_598_A,PHE_625_A,PHE_626_A"
ASP_596_A,"THR_593_A,PHE_595_A,GLY_597_A,LYS_599_A"
GLY_597_A,"ASP_571_A,PHE_595_A,ASP_596_A,TYR_598_A"
TYR_598_A,"GLN_471_A,THR_493_A,ALA_575_A,PHE_595_A,GLY_597_A,LYS_599_A"
LYS_599_A,"GLU_570_A,ASP_596_A,TYR_598_A"
PRO_600_A,THR_601_A
THR_601_A,"PRO_600_A,THR_602_A,SER_604_A"
THR_602_A,"THR_601_A,ASN_603_A"
ASN_603_A,"THR_602_A,SER_604_A"
SER_604_A,"VAL_568_A,THR_601_A,ASN_603_A"
PRO_605_A,ALA_606_A
ALA_606_A,"PRO_605_A,ILE_607_A,LEU_636_A"
ILE_607_A,"ALA_606_A,ASN_608_A"
ASN_608_A,"ILE_607_A,ALA_609_A,ASP_635_A"
ALA_609_A,"ASN_608_A,GLY_610_A,LEU_636_A"
GLY_610_A,"ALA_609_A,LYS_611_A,LYS_633_A,PRO_634_A"
LYS_611_A,"GLU_514_A,ASN_515_A,ASP_542_A,GLY_610_A,VAL_612_A"
VAL_612_A,"LYS_611_A,VAL_613_A"
VAL_613_A,"TYR_490_A,VAL_612_A,SER_614_A"
SER_614_A,"VAL_613_A,ASP_615_A"
ASP_615_A,"THR_464_A,ARG_466_A,HIS_488_A,TYR_490_A,SER_614_A,LEU_616_A,ASN_617_A"
LEU_616_A,"HIS_488_A,ASP_615_A,ASN_617_A"
ASN_617_A,"THR_464_A,ASP_615_A,LEU_616_A,ASP_618_A,TYR_619_A"
ASP_618_A,"ASN_617_A,TYR_619_A"
TYR_619_A,"GLY_437_A,ARG_466_A,ASN_617_A,ASP_618_A,ALA_620_A"
ALA_620_A,"TYR_619_A,VAL_621_A"
VAL_621_A,"ALA_620_A,GLU_622_A,ILE_630_A"
GLU_622_A,"ARG_466_A,VAL_621_A,HIS_623_A"
HIS_623_A,"TYR_411_A,TYR_442_A,GLU_622_A,ASP_624_A"
ASP_624_A,"HIS_623_A,PHE_625_A,PHE_626_A,ASN_628_A,GLU_640_A"
PHE_625_A,"ARG_588_A,PHE_595_A,ASP_624_A,PHE_626_A"
PHE_626_A,"PHE_595_A,ASP_624_A,PHE_625_A,GLY_627_A,VAL_639_A"
GLY_627_A,"PHE_626_A,ASN_628_A"
ASN_628_A,"ASP_624_A,GLY_627_A,THR_629_A"
THR_629_A,"ASN_628_A,ILE_630_A"
ILE_630_A,"VAL_621_A,THR_629_A,LYS_631_A,PRO_634_A"
LYS_631_A,"ILE_630_A,GLY_632_A,ASP_635_A,GLU_640_A"
GLY_632_A,"LYS_631_A,LYS_633_A"
LYS_633_A,"GLY_610_A,GLY_632_A"
PRO_634_A,"GLY_610_A,ILE_630_A,ASP_635_A"
ASP_635_A,"ASN_608_A,LYS_631_A,PRO_634_A,LEU_636_A,GLU_640_A"
LEU_636_A,"LEU_545_A,ILE_560_A,ALA_606_A,ALA_609_A,ASP_635_A,GLY_637_A"
GLY_637_A,"ASN_515_A,LEU_636_A,ALA_638_A"
ALA_638_A,"THR_493_A,GLY_637_A,VAL_639_A"
VAL_639_A,"PHE_626_A,ALA_638_A,GLU_640_A"
GLU_640_A,"ASP_624_A,LYS_631_A,ASP_635_A,VAL_639_A,SER_641_A"
SER_641_A,GLU_640_A
