residue_id,neighbors
ALA_13_W,ASP_14_W
ASP_14_W,"ALA_13_W,ILE_15_W"
ILE_15_W,"ASP_14_W,TYR_16_W"
TYR_16_W,"ILE_15_W,GLY_17_W"
GLY_17_W,"TYR_16_W,GLY_18_W"
GLY_18_W,"GLY_17_W,ASP_19_W"
ASP_19_W,"GLY_18_W,GLU_20_W"
GLU_20_W,"ASP_19_W,VAL_21_W,HIS_446_W"
VAL_21_W,"GLU_20_W,SER_22_W,PRO_145_W"
SER_22_W,"VAL_21_W,ALA_23_W,ASN_144_W"
ALA_23_W,"SER_22_W,LEU_24_W,ALA_38_W,TRP_449_W"
LEU_24_W,"ALA_23_W,VAL_25_W,PHE_37_W,LEU_101_W,ASN_144_W,PRO_145_W,LEU_146_W,LEU_147_W"
VAL_25_W,"LEU_24_W,LEU_26_W,GLY_36_W,TRP_433_W"
LEU_26_W,"VAL_25_W,ASP_27_W,LEU_147_W,MET_148_W,THR_149_W"
ASP_27_W,"LEU_26_W,ARG_34_W"
PRO_28_W,GLY_29_W
GLY_29_W,"PRO_28_W,TYR_30_W"
TYR_30_W,"GLY_29_W,CYS_31_W,ASN_75_W,ARG_79_W,ALA_201_W"
CYS_31_W,"TYR_30_W,ASN_32_W,SER_49_W"
ASN_32_W,"CYS_31_W,THR_33_W,ARG_34_W"
THR_33_W,"ASN_32_W,ARG_34_W,ILE_47_W,TYR_76_W,LEU_96_W"
ARG_34_W,"ASP_27_W,ASN_32_W,THR_33_W,ALA_35_W"
ALA_35_W,"ARG_34_W,GLY_36_W,GLN_45_W"
GLY_36_W,"VAL_25_W,ALA_35_W,PHE_37_W"
PHE_37_W,"LEU_24_W,GLY_36_W,ALA_38_W"
ALA_38_W,"ALA_23_W,PHE_37_W,GLY_39_W,ALA_440_W"
GLY_39_W,"ALA_38_W,GLU_40_W"
GLU_40_W,"GLY_39_W,GLU_41_W,LYS_44_W"
GLU_41_W,"GLU_40_W,MET_42_W"
MET_42_W,GLU_41_W
PRO_43_W,"LYS_44_W,VAL_46_W,TRP_433_W"
LYS_44_W,"GLU_40_W,PRO_43_W,GLN_45_W"
GLN_45_W,"ALA_35_W,LYS_44_W,VAL_46_W,ARG_100_W"
VAL_46_W,"PRO_43_W,GLN_45_W,ILE_47_W"
ILE_47_W,"THR_33_W,VAL_46_W"
PRO_48_W,SER_49_W
SER_49_W,"CYS_31_W,PRO_48_W,PHE_50_W,ASN_75_W"
PHE_50_W,"SER_49_W,TYR_51_W,ASN_75_W,PHE_281_W"
TYR_51_W,"PHE_50_W,GLY_52_W,PHE_60_W,ARG_74_W,ASP_85_W,ALA_88_W"
GLY_52_W,"TYR_51_W,HIS_53_W,LEU_59_W"
HIS_53_W,"GLY_52_W,VAL_54_W,ASP_58_W,GLU_72_W,ARG_74_W"
VAL_54_W,"HIS_53_W,ASP_55_W,GLY_56_W,ARG_57_W,LEU_59_W,PHE_71_W"
ASP_55_W,"VAL_54_W,GLY_56_W,ARG_57_W"
GLY_56_W,"VAL_54_W,ASP_55_W,ARG_57_W"
ARG_57_W,"VAL_54_W,ASP_55_W,GLY_56_W,ASP_58_W"
ASP_58_W,"HIS_53_W,ARG_57_W,LEU_59_W,PHE_60_W,ARG_74_W,ARG_91_W"
LEU_59_W,"GLY_52_W,VAL_54_W,ASP_58_W,PHE_60_W,VAL_64_W"
PHE_60_W,"TYR_51_W,ASP_58_W,LEU_59_W,GLY_61_W,VAL_92_W,TYR_95_W"
GLY_61_W,"PHE_60_W,ASP_62_W,VAL_64_W"
ASP_62_W,"GLY_61_W,GLU_63_W,GLU_282_W,ARG_285_W"
GLU_63_W,"ASP_62_W,VAL_64_W,ARG_100_W"
VAL_64_W,"LEU_59_W,GLY_61_W,GLU_63_W,ILE_65_W"
ILE_65_W,"VAL_64_W,VAL_66_W,PHE_278_W"
VAL_66_W,ILE_65_W
PRO_67_W,"ARG_68_W,PHE_249_W,PHE_270_W"
ARG_68_W,"PRO_67_W,ALA_69_W"
ALA_69_W,"ARG_68_W,GLY_70_W"
GLY_70_W,"ALA_69_W,PHE_71_W"
PHE_71_W,"VAL_54_W,GLY_70_W,GLU_72_W"
GLU_72_W,"HIS_53_W,PHE_71_W,VAL_73_W,ARG_74_W,HIS_275_W"
VAL_73_W,"GLU_72_W,ARG_74_W"
ARG_74_W,"TYR_51_W,HIS_53_W,ASP_58_W,GLU_72_W,VAL_73_W,ASN_75_W,ASP_85_W"
ASN_75_W,"TYR_30_W,SER_49_W,PHE_50_W,ARG_74_W,TYR_76_W,MET_77_W"
TYR_76_W,"THR_33_W,ASN_75_W,MET_77_W,GLU_84_W,ALA_89_W,TRP_93_W"
MET_77_W,"ASN_75_W,TYR_76_W,ASN_78_W"
ASN_78_W,"MET_77_W,ARG_79_W,ASP_80_W,SER_81_W,MET_82_W,GLU_84_W"
ARG_79_W,"TYR_30_W,ASN_78_W,ASP_80_W,ASN_202_W,GLU_356_W"
ASP_80_W,"ASN_78_W,ARG_79_W,SER_81_W,TRP_153_W,ARG_220_W"
SER_81_W,"ASN_78_W,ASP_80_W,MET_82_W"
MET_82_W,"ASN_78_W,SER_81_W,VAL_83_W"
VAL_83_W,"MET_82_W,GLU_84_W,TRP_86_W"
GLU_84_W,"TYR_76_W,ASN_78_W,VAL_83_W,ASP_85_W"
ASP_85_W,"TYR_51_W,ARG_74_W,GLU_84_W,TRP_86_W,ASP_87_W,ALA_88_W,ALA_89_W"
TRP_86_W,"VAL_83_W,ASP_85_W,ASP_87_W,THR_90_W"
ASP_87_W,"ASP_85_W,TRP_86_W,ALA_88_W,ARG_91_W"
ALA_88_W,"TYR_51_W,ASP_85_W,ASP_87_W,ALA_89_W,VAL_92_W"
ALA_89_W,"TYR_76_W,ASP_85_W,ALA_88_W,THR_90_W,TRP_93_W"
THR_90_W,"TRP_86_W,ALA_89_W,ARG_91_W,GLU_94_W"
ARG_91_W,"ASP_58_W,ASP_87_W,THR_90_W,VAL_92_W"
VAL_92_W,"PHE_60_W,ALA_88_W,ARG_91_W,TRP_93_W"
TRP_93_W,"TYR_76_W,ALA_89_W,VAL_92_W,GLU_94_W,LEU_97_W,MET_148_W,TRP_170_W"
GLU_94_W,"THR_90_W,TRP_93_W,TYR_95_W,VAL_98_W,GLN_99_W"
TYR_95_W,"PHE_60_W,GLU_94_W,LEU_96_W"
LEU_96_W,"THR_33_W,TYR_95_W,LEU_97_W"
LEU_97_W,"TRP_93_W,LEU_96_W,VAL_98_W,GLN_102_W,LEU_146_W"
VAL_98_W,"GLU_94_W,LEU_97_W,GLN_99_W,PRO_140_W"
GLN_99_W,"GLU_94_W,VAL_98_W,ARG_100_W"
ARG_100_W,"GLN_45_W,GLU_63_W,GLN_99_W,LEU_101_W"
LEU_101_W,"LEU_24_W,ARG_100_W,GLN_102_W"
GLN_102_W,"LEU_97_W,LEU_101_W"
PRO_104_W,ARG_105_W
ARG_105_W,PRO_104_W
PRO_106_W,THR_107_W
THR_107_W,"PRO_106_W,PRO_108_W"
PRO_108_W,"THR_107_W,ALA_109_W"
ALA_109_W,"PRO_108_W,SER_110_W,ASN_115_W"
SER_110_W,"ALA_109_W,LYS_111_W"
LYS_111_W,"SER_110_W,ASN_112_W"
ASN_112_W,"LYS_111_W,GLY_113_W,LEU_114_W"
GLY_113_W,"ASN_112_W,LEU_114_W"
LEU_114_W,"ASN_112_W,GLY_113_W,ASN_115_W"
ASN_115_W,"ALA_109_W,LEU_114_W,VAL_116_W"
VAL_116_W,ASN_115_W
LYS_139_W,"GLU_168_W,ARG_452_W"
PRO_140_W,"VAL_98_W,LEU_141_W"
LEU_141_W,"PRO_140_W,THR_142_W,GLU_143_W,TRP_170_W"
THR_142_W,"LEU_141_W,GLU_143_W"
GLU_143_W,"LEU_141_W,THR_142_W,ASN_144_W"
ASN_144_W,"SER_22_W,LEU_24_W,GLU_143_W"
PRO_145_W,"VAL_21_W,LEU_24_W,LEU_146_W"
LEU_146_W,"LEU_24_W,LEU_97_W,PRO_145_W,LEU_147_W,TRP_176_W"
LEU_147_W,"LEU_24_W,LEU_26_W,LEU_146_W,MET_148_W,TRP_449_W"
MET_148_W,"LEU_26_W,TRP_93_W,LEU_147_W,THR_149_W,PHE_175_W,TRP_176_W,LEU_177_W,SER_178_W"
THR_149_W,"LEU_26_W,MET_148_W,GLU_150_W"
GLU_150_W,"THR_149_W,ALA_151_W,ARG_159_W,SER_178_W,ARG_179_W,ARG_466_W"
ALA_151_W,GLU_150_W
PRO_152_W,TRP_153_W
TRP_153_W,"ASP_80_W,PRO_152_W,ASN_154_W,ASN_202_W,ARG_220_W"
ASN_154_W,"TRP_153_W,THR_155_W"
THR_155_W,ASN_154_W
PRO_156_W,"LYS_157_W,GLU_160_W"
LYS_157_W,"PRO_156_W,ALA_158_W"
ALA_158_W,"LYS_157_W,ARG_159_W"
ARG_159_W,"GLU_150_W,ALA_158_W,GLU_160_W,ARG_179_W,ILE_462_W,ARG_466_W"
GLU_160_W,"PRO_156_W,ARG_159_W,LYS_161_W"
LYS_161_W,"GLU_160_W,ALA_162_W,GLU_164_W,VAL_165_W"
ALA_162_W,"LYS_161_W,ILE_163_W"
ILE_163_W,"ALA_162_W,GLU_164_W,MET_167_W,TYR_455_W,ILE_462_W"
GLU_164_W,"LYS_161_W,ILE_163_W,VAL_165_W,GLU_168_W"
VAL_165_W,"LYS_161_W,GLU_164_W,VAL_166_W,ASN_169_W"
VAL_166_W,"VAL_165_W,MET_167_W,PHE_175_W"
MET_167_W,"ILE_163_W,VAL_166_W,GLU_168_W,ARG_452_W,TYR_455_W"
GLU_168_W,"LYS_139_W,GLU_164_W,MET_167_W,ASN_169_W"
ASN_169_W,"VAL_165_W,GLU_168_W,TRP_170_W"
TRP_170_W,"TRP_93_W,LEU_141_W,ASN_169_W,GLY_171_W"
GLY_171_W,"TRP_170_W,THR_172_W"
THR_172_W,GLY_171_W
PRO_173_W,"ALA_174_W,ARG_452_W"
ALA_174_W,"PRO_173_W,PHE_175_W,TRP_449_W"
PHE_175_W,"MET_148_W,VAL_166_W,ALA_174_W,TRP_176_W,ILE_450_W"
TRP_176_W,"LEU_146_W,MET_148_W,PHE_175_W,LEU_177_W,MET_448_W,TRP_449_W"
LEU_177_W,"MET_148_W,TRP_176_W,SER_178_W"
SER_178_W,"MET_148_W,GLU_150_W,LEU_177_W,ARG_179_W"
ARG_179_W,"GLU_150_W,ARG_159_W,SER_178_W,THR_180_W,VAL_182_W"
THR_180_W,"ARG_179_W,ALA_184_W,ALA_432_W"
PRO_181_W,VAL_182_W
VAL_182_W,"ARG_179_W,PRO_181_W,LEU_183_W"
LEU_183_W,"VAL_182_W,ALA_184_W,ALA_187_W"
ALA_184_W,"THR_180_W,LEU_183_W,ALA_185_W"
ALA_185_W,"ALA_184_W,PHE_186_W"
PHE_186_W,"ALA_185_W,ALA_187_W,GLY_189_W"
ALA_187_W,"LEU_183_W,PHE_186_W,ALA_188_W,GLY_423_W"
ALA_188_W,"ALA_187_W,GLY_189_W"
GLY_189_W,"PHE_186_W,ALA_188_W,LYS_190_W"
LYS_190_W,"GLY_189_W,ALA_191_W,HIS_420_W"
ALA_191_W,"LYS_190_W,THR_192_W,GLY_211_W"
THR_192_W,"ALA_191_W,ALA_193_W,HIS_209_W,LEU_384_W,ASN_387_W"
ALA_193_W,"THR_192_W,LEU_194_W,ILE_208_W,VAL_389_W"
LEU_194_W,"ALA_193_W,VAL_195_W,VAL_389_W"
VAL_195_W,"LEU_194_W,ILE_196_W,THR_206_W,ILE_208_W"
ILE_196_W,"VAL_195_W,ASP_197_W,VAL_198_W,VAL_388_W,VAL_389_W,THR_391_W"
ASP_197_W,"ILE_196_W,VAL_198_W,SER_204_W"
VAL_198_W,"ILE_196_W,ASP_197_W,GLY_199_W,THR_391_W,THR_394_W,PHE_400_W"
GLY_199_W,"VAL_198_W,GLY_200_W,THR_394_W"
GLY_200_W,"GLY_199_W,ALA_201_W,VAL_226_W"
ALA_201_W,"TYR_30_W,GLY_200_W,ASN_202_W"
ASN_202_W,"ARG_79_W,TRP_153_W,ALA_201_W,THR_203_W,ARG_220_W"
THR_203_W,"ASN_202_W,SER_204_W,SER_221_W,ALA_223_W"
SER_204_W,"ASP_197_W,THR_203_W,VAL_205_W"
VAL_205_W,"SER_204_W,THR_206_W,GLN_219_W,ALA_372_W"
THR_206_W,"VAL_195_W,VAL_205_W,ALA_207_W,VAL_213_W"
ALA_207_W,"THR_206_W,ILE_208_W,LEU_214_W,SER_217_W"
ILE_208_W,"ALA_193_W,VAL_195_W,ALA_207_W,HIS_209_W"
HIS_209_W,"THR_192_W,ILE_208_W,ASP_210_W,MET_212_W"
ASP_210_W,"HIS_209_W,GLY_211_W"
GLY_211_W,"ALA_191_W,ASP_210_W,MET_212_W"
MET_212_W,"HIS_209_W,GLY_211_W,VAL_213_W"
VAL_213_W,"THR_206_W,MET_212_W,LEU_214_W"
LEU_214_W,"ALA_207_W,VAL_213_W,LYS_215_W,SER_217_W"
LYS_215_W,"LEU_214_W,ARG_216_W"
ARG_216_W,"LYS_215_W,SER_217_W,ASP_377_W"
SER_217_W,"ALA_207_W,LEU_214_W,ARG_216_W,ILE_218_W"
ILE_218_W,"SER_217_W,GLN_219_W"
GLN_219_W,"VAL_205_W,ILE_218_W,ARG_220_W"
ARG_220_W,"ASP_80_W,TRP_153_W,ASN_202_W,GLN_219_W,SER_221_W"
SER_221_W,"THR_203_W,ARG_220_W,GLN_363_W"
PRO_222_W,"ALA_223_W,ALA_224_W"
ALA_223_W,"THR_203_W,PRO_222_W,ALA_224_W"
ALA_224_W,"PRO_222_W,ALA_223_W,GLY_225_W,LEU_228_W"
GLY_225_W,"ALA_224_W,VAL_226_W,LYS_291_W"
VAL_226_W,"GLY_200_W,GLY_225_W,TRP_227_W,SER_229_W"
TRP_227_W,"VAL_226_W,LEU_228_W,GLY_230_W,GLN_231_W,ILE_359_W"
LEU_228_W,"ALA_224_W,TRP_227_W,SER_229_W,LEU_397_W"
SER_229_W,"VAL_226_W,LEU_228_W,GLY_230_W,ARG_233_W"
GLY_230_W,"TRP_227_W,SER_229_W,GLN_231_W"
GLN_231_W,"TRP_227_W,GLY_230_W,ILE_232_W,MET_235_W,TYR_349_W"
ILE_232_W,"GLN_231_W,ARG_233_W,TRP_236_W,LEU_287_W,PHE_290_W,LYS_291_W"
ARG_233_W,"SER_229_W,ILE_232_W,SER_234_W,LYS_237_W,GLU_283_W"
SER_234_W,"ARG_233_W,MET_235_W,SER_238_W,PRO_350_W"
MET_235_W,"GLN_231_W,SER_234_W,TRP_236_W,GLN_239_W,TYR_349_W"
TRP_236_W,"ILE_232_W,MET_235_W,LYS_237_W,VAL_243_W,LEU_287_W,PHE_323_W"
LYS_237_W,"ARG_233_W,TRP_236_W,SER_238_W,ASN_244_W"
SER_238_W,"SER_234_W,LYS_237_W,GLN_239_W"
GLN_239_W,"MET_235_W,SER_238_W,ASP_240_W,GLN_334_W"
ASP_240_W,GLN_239_W
PRO_242_W,VAL_243_W
VAL_243_W,"TRP_236_W,PRO_242_W,ASN_244_W,PHE_323_W"
ASN_244_W,"LYS_237_W,VAL_243_W,VAL_245_W"
VAL_245_W,"ASN_244_W,VAL_246_W"
VAL_246_W,"VAL_245_W,MET_250_W,ASP_325_W"
PRO_247_W,"THR_248_W,PHE_249_W"
THR_248_W,"PRO_247_W,PHE_249_W"
PHE_249_W,"PRO_67_W,PRO_247_W,THR_248_W,MET_250_W,ARG_268_W,PHE_278_W,GLU_282_W"
MET_250_W,"VAL_246_W,PHE_249_W,VAL_251_W,ARG_268_W"
VAL_251_W,"MET_250_W,GLU_252_W"
GLU_252_W,"VAL_251_W,ASN_253_W,ARG_266_W,ARG_268_W"
ASN_253_W,"GLU_252_W,LYS_254_W"
LYS_254_W,"ASN_253_W,LYS_255_W,GLU_322_W"
LYS_255_W,"LYS_254_W,ASP_264_W,ARG_266_W"
PRO_256_W,VAL_257_W
VAL_257_W,"PRO_256_W,GLU_258_W,ASP_264_W"
GLU_258_W,"VAL_257_W,ALA_259_W,ALA_261_W"
ALA_259_W,"GLU_258_W,GLY_260_W"
GLY_260_W,"ALA_259_W,ALA_261_W,ASN_328_W"
ALA_261_W,"GLU_258_W,GLY_260_W"
PRO_263_W,ASP_264_W
ASP_264_W,"LYS_255_W,VAL_257_W,PRO_263_W,CYS_265_W"
CYS_265_W,"ASP_264_W,ARG_266_W"
ARG_266_W,"GLU_252_W,LYS_255_W,CYS_265_W,LEU_267_W"
LEU_267_W,"ARG_266_W,ARG_268_W"
ARG_268_W,"PHE_249_W,MET_250_W,GLU_252_W,LEU_267_W,ASN_269_W,PHE_270_W"
ASN_269_W,"ARG_268_W,PHE_270_W"
PHE_270_W,"PRO_67_W,ARG_268_W,ASN_269_W,GLY_271_W,PHE_272_W,ILE_274_W"
GLY_271_W,"PHE_270_W,PHE_272_W"
PHE_272_W,"PHE_270_W,GLY_271_W"
PRO_273_W,ILE_274_W
ILE_274_W,"PHE_270_W,PRO_273_W,HIS_275_W,PHE_278_W"
HIS_275_W,"GLU_72_W,ILE_274_W,ASP_276_W,SER_277_W,PHE_278_W"
ASP_276_W,"HIS_275_W,SER_277_W"
SER_277_W,"HIS_275_W,ASP_276_W,PHE_278_W"
PHE_278_W,"ILE_65_W,PHE_249_W,ILE_274_W,HIS_275_W,SER_277_W,ARG_279_W,GLU_282_W"
ARG_279_W,"PHE_278_W,ALA_280_W,GLU_283_W"
ALA_280_W,"ARG_279_W,PHE_281_W"
PHE_281_W,"PHE_50_W,ALA_280_W,GLU_282_W"
GLU_282_W,"ASP_62_W,PHE_249_W,PHE_278_W,PHE_281_W,GLU_283_W,ARG_285_W"
GLU_283_W,"ARG_233_W,ARG_279_W,GLU_282_W,GLU_284_W"
GLU_284_W,"GLU_283_W,ARG_285_W,THR_288_W"
ARG_285_W,"ASP_62_W,GLU_282_W,GLU_284_W,VAL_286_W,THR_288_W,GLU_289_W"
VAL_286_W,"ARG_285_W,LEU_287_W,PRO_324_W"
LEU_287_W,"ILE_232_W,TRP_236_W,VAL_286_W,THR_288_W"
THR_288_W,"GLU_284_W,ARG_285_W,LEU_287_W,GLU_289_W,GLU_292_W"
GLU_289_W,"ARG_285_W,THR_288_W,PHE_290_W,GLU_292_W,SER_293_W"
PHE_290_W,"ILE_232_W,GLU_289_W,LYS_291_W,VAL_294_W,VAL_295_W,PHE_321_W"
LYS_291_W,"GLY_225_W,ILE_232_W,PHE_290_W,GLU_292_W"
GLU_292_W,"THR_288_W,GLU_289_W,LYS_291_W,SER_293_W,ARG_429_W"
SER_293_W,"GLU_289_W,GLU_292_W,VAL_294_W,ARG_319_W"
VAL_294_W,"PHE_290_W,SER_293_W,VAL_295_W,PHE_321_W"
VAL_295_W,"PHE_290_W,VAL_294_W,GLU_296_W,LEU_397_W"
GLU_296_W,"VAL_295_W,VAL_297_W,ARG_299_W,ARG_319_W,ARG_335_W,TYR_336_W"
VAL_297_W,"GLU_296_W,TRP_298_W,ASN_398_W,ARG_403_W"
TRP_298_W,"VAL_297_W,ARG_299_W,GLY_302_W,ASN_309_W,ARG_403_W"
ARG_299_W,"GLU_296_W,TRP_298_W,GLY_300_W,ASP_402_W"
GLY_300_W,ARG_299_W
PRO_301_W,"GLY_302_W,ASN_309_W"
GLY_302_W,"TRP_298_W,PRO_301_W,LYS_303_W"
LYS_303_W,"GLY_302_W,TYR_304_W,ASN_309_W,ASP_344_W"
TYR_304_W,"LYS_303_W,LEU_305_W,GLU_333_W,TYR_336_W,GLU_340_W"
LEU_305_W,"TYR_304_W,ASN_306_W"
ASN_306_W,"LEU_305_W,GLY_308_W,ASN_309_W"
PRO_307_W,GLY_308_W
GLY_308_W,"ASN_306_W,PRO_307_W,ASN_309_W,PHE_312_W"
ASN_309_W,"TRP_298_W,PRO_301_W,LYS_303_W,ASN_306_W,GLY_308_W,GLU_310_W,ALA_313_W"
GLU_310_W,"ASN_309_W,ASP_311_W,LYS_314_W,ARG_337_W"
ASP_311_W,"GLU_310_W,PHE_312_W,LYS_314_W"
PHE_312_W,"GLY_308_W,ASP_311_W,ALA_313_W,THR_315_W"
ALA_313_W,"ASN_309_W,PHE_312_W,LYS_314_W"
LYS_314_W,"GLU_310_W,ASP_311_W,ALA_313_W,THR_315_W,GLU_333_W"
THR_315_W,"PHE_312_W,LYS_314_W,GLN_316_W"
GLN_316_W,THR_315_W
PRO_317_W,"GLY_318_W,ARG_335_W"
GLY_318_W,"PRO_317_W,ARG_319_W"
ARG_319_W,"SER_293_W,GLU_296_W,GLY_318_W,VAL_320_W,TRP_331_W,ARG_335_W"
VAL_320_W,"ARG_319_W,PHE_321_W,MET_330_W"
PHE_321_W,"PHE_290_W,VAL_294_W,VAL_320_W,GLU_322_W"
GLU_322_W,"LYS_254_W,PHE_321_W,PHE_323_W,ASN_328_W"
PHE_323_W,"TRP_236_W,VAL_243_W,GLU_322_W,ASP_325_W,GLY_326_W"
PRO_324_W,"VAL_286_W,ASP_325_W"
ASP_325_W,"VAL_246_W,PHE_323_W,PRO_324_W,GLY_326_W"
GLY_326_W,"PHE_323_W,ASP_325_W,SER_327_W"
SER_327_W,"GLY_326_W,ASN_328_W"
ASN_328_W,"GLY_260_W,GLU_322_W,SER_327_W,GLN_329_W"
GLN_329_W,"ASN_328_W,MET_330_W"
MET_330_W,"VAL_320_W,GLN_329_W,TRP_331_W"
TRP_331_W,"ARG_319_W,MET_330_W,ARG_332_W"
ARG_332_W,"TRP_331_W,GLU_333_W"
GLU_333_W,"TYR_304_W,LYS_314_W,ARG_332_W,GLN_334_W"
GLN_334_W,"GLN_239_W,GLU_333_W,ARG_335_W,ARG_337_W"
ARG_335_W,"GLU_296_W,PRO_317_W,ARG_319_W,GLN_334_W,TYR_336_W"
TYR_336_W,"GLU_296_W,TYR_304_W,ARG_335_W,ARG_337_W,GLU_340_W"
ARG_337_W,"GLU_310_W,GLN_334_W,TYR_336_W,VAL_338_W,ALA_347_W"
VAL_338_W,"ARG_337_W,ALA_339_W"
ALA_339_W,"VAL_338_W,GLU_340_W"
GLU_340_W,"TYR_304_W,TYR_336_W,ALA_339_W,GLY_341_W,TRP_343_W,ASP_344_W,ARG_403_W,GLU_407_W"
GLY_341_W,"GLU_340_W,MET_342_W"
MET_342_W,"GLY_341_W,TRP_343_W,ILE_365_W"
TRP_343_W,"GLU_340_W,MET_342_W,ASP_344_W,ILE_365_W,PHE_400_W"
ASP_344_W,"LYS_303_W,GLU_340_W,TRP_343_W,GLU_345_W,THR_346_W"
GLU_345_W,"ASP_344_W,THR_346_W,LYS_361_W"
THR_346_W,"ASP_344_W,GLU_345_W,ALA_347_W"
ALA_347_W,"ARG_337_W,THR_346_W,ALA_348_W"
ALA_348_W,"ALA_347_W,TYR_349_W"
TYR_349_W,"GLN_231_W,MET_235_W,ALA_348_W"
PRO_350_W,"SER_234_W,SER_351_W"
SER_351_W,"PRO_350_W,LEU_352_W,GLU_356_W"
LEU_352_W,"SER_351_W,ASN_353_W"
ASN_353_W,"LEU_352_W,ASP_355_W"
PRO_354_W,ASP_355_W
ASP_355_W,"ASN_353_W,PRO_354_W,GLU_356_W"
GLU_356_W,"ARG_79_W,SER_351_W,ASP_355_W,ALA_357_W"
ALA_357_W,"GLU_356_W,ALA_358_W"
ALA_358_W,"ALA_357_W,ILE_359_W"
ILE_359_W,"TRP_227_W,ALA_358_W,THR_360_W"
THR_360_W,"ILE_359_W,LYS_361_W,GLN_363_W"
LYS_361_W,"GLU_345_W,THR_360_W,ALA_362_W,THR_364_W"
ALA_362_W,"LYS_361_W,GLN_363_W"
GLN_363_W,"SER_221_W,THR_360_W,ALA_362_W,THR_364_W"
THR_364_W,"LYS_361_W,GLN_363_W,ILE_365_W,LEU_368_W"
ILE_365_W,"MET_342_W,TRP_343_W,THR_364_W,ILE_369_W"
PRO_366_W,"ALA_367_W,LYS_370_W"
ALA_367_W,"PRO_366_W,LEU_368_W,ALA_371_W"
LEU_368_W,"THR_364_W,ALA_367_W,ILE_369_W,ALA_372_W"
ILE_369_W,"ILE_365_W,LEU_368_W,LYS_370_W,LEU_404_W,LEU_408_W"
LYS_370_W,"PRO_366_W,ILE_369_W,ALA_371_W,ASP_374_W"
ALA_371_W,"ALA_367_W,LYS_370_W,ALA_372_W"
ALA_372_W,"VAL_205_W,LEU_368_W,ALA_371_W,LEU_373_W,GLY_375_W"
LEU_373_W,"ALA_372_W,ASP_374_W,VAL_376_W,TYR_412_W"
ASP_374_W,"LYS_370_W,LEU_373_W,GLY_375_W,ARG_381_W"
GLY_375_W,"ALA_372_W,ASP_374_W,VAL_376_W"
VAL_376_W,"LEU_373_W,GLY_375_W,ASP_377_W,ARG_381_W"
ASP_377_W,"ARG_216_W,VAL_376_W,VAL_378_W"
VAL_378_W,"ASP_377_W,ASP_379_W"
ASP_379_W,"VAL_378_W,LEU_380_W"
LEU_380_W,"ASP_379_W,ARG_381_W"
ARG_381_W,"ASP_374_W,VAL_376_W,LEU_380_W,LEU_385_W"
PRO_382_W,"ASN_383_W,GLY_386_W"
ASN_383_W,"PRO_382_W,LEU_384_W"
LEU_384_W,"THR_192_W,ASN_383_W,LEU_385_W,ASN_387_W"
LEU_385_W,"ARG_381_W,LEU_384_W,GLY_386_W,LEU_408_W"
GLY_386_W,"PRO_382_W,LEU_385_W,ASN_387_W"
ASN_387_W,"THR_192_W,LEU_384_W,GLY_386_W,VAL_388_W"
VAL_388_W,"ILE_196_W,ASN_387_W,VAL_389_W,HIS_420_W"
VAL_389_W,"ALA_193_W,LEU_194_W,ILE_196_W,VAL_388_W,VAL_390_W"
VAL_390_W,"VAL_389_W,THR_391_W,LEU_404_W,HIS_420_W"
THR_391_W,"ILE_196_W,VAL_198_W,VAL_390_W,GLY_392_W"
GLY_392_W,"THR_391_W,SER_393_W,SER_395_W"
SER_393_W,"GLY_392_W,THR_394_W,LEU_396_W"
THR_394_W,"VAL_198_W,GLY_199_W,SER_393_W,SER_395_W"
SER_395_W,"GLY_392_W,THR_394_W,LEU_396_W"
LEU_396_W,"SER_393_W,SER_395_W,LEU_397_W"
LEU_397_W,"LEU_228_W,VAL_295_W,LEU_396_W,ASN_398_W"
ASN_398_W,"VAL_297_W,LEU_397_W,GLY_399_W"
GLY_399_W,"ASN_398_W,PHE_400_W"
PHE_400_W,"VAL_198_W,TRP_343_W,GLY_399_W,ASN_401_W,LEU_404_W"
ASN_401_W,"PHE_400_W,ASP_402_W,ASN_405_W"
ASP_402_W,"ARG_299_W,ASN_401_W,ARG_403_W,HIS_406_W"
ARG_403_W,"VAL_297_W,TRP_298_W,GLU_340_W,ASP_402_W,LEU_404_W,HIS_406_W,GLU_407_W"
LEU_404_W,"ILE_369_W,VAL_390_W,PHE_400_W,ARG_403_W,ASN_405_W,LEU_408_W"
ASN_405_W,"ASN_401_W,LEU_404_W,HIS_406_W,THR_409_W"
HIS_406_W,"ASP_402_W,ARG_403_W,ASN_405_W,GLU_407_W,ASN_410_W"
GLU_407_W,"GLU_340_W,ARG_403_W,HIS_406_W,LEU_408_W,ASN_410_W"
LEU_408_W,"ILE_369_W,LEU_385_W,LEU_404_W,GLU_407_W,THR_409_W,TYR_412_W"
THR_409_W,"ASN_405_W,LEU_408_W,ASN_410_W"
ASN_410_W,"HIS_406_W,GLU_407_W,THR_409_W,MET_411_W"
MET_411_W,"ASN_410_W,TYR_412_W"
TYR_412_W,"LEU_373_W,LEU_408_W,MET_411_W"
PRO_413_W,GLY_414_W
GLY_414_W,"PRO_413_W,LEU_415_W"
LEU_415_W,"GLY_414_W,LYS_416_W"
LYS_416_W,"LEU_415_W,ILE_417_W,LYS_418_W"
ILE_417_W,"LYS_416_W,LYS_418_W,LEU_419_W"
LYS_418_W,"LYS_416_W,ILE_417_W,LEU_419_W,HIS_420_W"
LEU_419_W,"ILE_417_W,LYS_418_W,HIS_420_W"
HIS_420_W,"LYS_190_W,VAL_388_W,VAL_390_W,LYS_418_W,LEU_419_W,ALA_421_W"
ALA_421_W,"HIS_420_W,ALA_422_W"
ALA_422_W,"ALA_421_W,GLY_423_W"
GLY_423_W,"ALA_187_W,ALA_422_W,LEU_424_W"
LEU_424_W,"GLY_423_W,THR_425_W"
THR_425_W,"LEU_424_W,SER_426_W"
SER_426_W,"THR_425_W,GLU_427_W,ARG_428_W"
GLU_427_W,"SER_426_W,ARG_428_W,ARG_429_W,PHE_430_W"
ARG_428_W,"SER_426_W,GLU_427_W,ARG_429_W"
ARG_429_W,"GLU_292_W,GLU_427_W,ARG_428_W,PHE_430_W"
PHE_430_W,"GLU_427_W,ARG_429_W,GLY_431_W"
GLY_431_W,"PHE_430_W,ALA_432_W"
ALA_432_W,"THR_180_W,GLY_431_W,TRP_433_W"
TRP_433_W,"VAL_25_W,PRO_43_W,ALA_432_W,ILE_434_W,GLY_436_W"
ILE_434_W,"TRP_433_W,GLY_435_W,SER_437_W"
GLY_435_W,"ILE_434_W,GLY_436_W,LEU_439_W"
GLY_436_W,"TRP_433_W,GLY_435_W,SER_437_W,ALA_440_W"
SER_437_W,"ILE_434_W,GLY_436_W,ILE_438_W"
ILE_438_W,"SER_437_W,LEU_439_W,SER_441_W"
LEU_439_W,"GLY_435_W,ILE_438_W,ALA_440_W,PHE_445_W"
ALA_440_W,"ALA_38_W,GLY_436_W,LEU_439_W,SER_441_W"
SER_441_W,"ILE_438_W,ALA_440_W,LEU_442_W"
LEU_442_W,"SER_441_W,GLY_443_W"
GLY_443_W,"LEU_442_W,THR_444_W"
THR_444_W,"GLY_443_W,PHE_445_W,GLN_447_W"
PHE_445_W,"LEU_439_W,THR_444_W,HIS_446_W,GLN_447_W,MET_448_W,TRP_449_W"
HIS_446_W,"GLU_20_W,PHE_445_W,GLN_447_W,TRP_449_W"
GLN_447_W,"THR_444_W,PHE_445_W,HIS_446_W,MET_448_W"
MET_448_W,"TRP_176_W,PHE_445_W,GLN_447_W,TRP_449_W,LYS_465_W"
TRP_449_W,"ALA_23_W,LEU_147_W,ALA_174_W,TRP_176_W,PHE_445_W,HIS_446_W,MET_448_W,ILE_450_W"
ILE_450_W,"PHE_175_W,TRP_449_W,SER_451_W"
SER_451_W,"ILE_450_W,ARG_452_W,GLU_454_W,TYR_455_W"
ARG_452_W,"LYS_139_W,MET_167_W,PRO_173_W,SER_451_W,LYS_453_W,GLU_456_W"
LYS_453_W,"ARG_452_W,GLU_454_W,GLU_457_W"
GLU_454_W,"SER_451_W,LYS_453_W,TYR_455_W,LYS_465_W"
TYR_455_W,"ILE_163_W,MET_167_W,SER_451_W,GLU_454_W,GLU_456_W,ASN_458_W,GLY_459_W"
GLU_456_W,"ARG_452_W,TYR_455_W,GLU_457_W"
GLU_457_W,"LYS_453_W,GLU_456_W,ASN_458_W"
ASN_458_W,"TYR_455_W,GLU_457_W,GLY_459_W,ALA_460_W"
GLY_459_W,"TYR_455_W,ASN_458_W,ALA_460_W"
ALA_460_W,"ASN_458_W,GLY_459_W,GLY_461_W"
GLY_461_W,"ALA_460_W,ILE_462_W,LYS_465_W"
ILE_462_W,"ARG_159_W,ILE_163_W,GLY_461_W,VAL_463_W"
VAL_463_W,"ILE_462_W,GLU_464_W"
GLU_464_W,"VAL_463_W,LYS_465_W,ARG_466_W"
LYS_465_W,"MET_448_W,GLU_454_W,GLY_461_W,GLU_464_W,ARG_466_W"
ARG_466_W,"GLU_150_W,ARG_159_W,GLU_464_W,LYS_465_W,CYS_467_W"
CYS_467_W,ARG_466_W
