residue_id,neighbors
GLU_3_A,HIS_4_A
HIS_4_A,"GLU_3_A,THR_5_A,HIS_133_A"
THR_5_A,"HIS_4_A,ASP_6_A,MET_60_A,HIS_130_A"
ASP_6_A,"THR_5_A,VAL_7_A,ARG_58_A,ARG_135_A"
VAL_7_A,"ASP_6_A,LEU_8_A,LEU_52_A,LEU_259_A"
LEU_8_A,"VAL_7_A,VAL_9_A,LEU_10_A,HIS_136_A,VAL_137_A,HIS_138_A"
VAL_9_A,"LEU_8_A,LEU_10_A,MET_60_A"
LEU_10_A,"LEU_8_A,VAL_9_A,GLY_11_A,ILE_127_A,HIS_138_A,CYS_140_A,VAL_148_A"
GLY_11_A,"LEU_10_A,GLY_12_A,HIS_61_A,VAL_62_A"
GLY_12_A,"GLY_11_A,ALA_13_A,GLY_45_A"
ALA_13_A,"GLY_12_A,GLY_14_A,ASP_63_A"
GLY_14_A,"ALA_13_A,VAL_15_A"
VAL_15_A,"GLY_14_A,ASP_16_A,GLU_70_A,LYS_95_A"
ASP_16_A,"VAL_15_A,THR_17_A,ARG_40_A"
THR_17_A,"ASP_16_A,ILE_18_A,ILE_37_A"
ILE_18_A,"THR_17_A,ALA_19_A,TYR_20_A,ASN_99_A,VAL_101_A,ALA_283_A"
ALA_19_A,"ILE_18_A,TYR_20_A,ASN_99_A"
TYR_20_A,"ILE_18_A,ALA_19_A,VAL_21_A,VAL_101_A"
VAL_21_A,"TYR_20_A,LEU_26_A,VAL_101_A"
PRO_22_A,GLU_23_A
GLU_23_A,"PRO_22_A,LEU_24_A"
LEU_24_A,"GLU_23_A,ARG_106_A"
PRO_25_A,LEU_26_A
LEU_26_A,"VAL_21_A,PRO_25_A,TYR_32_A"
PRO_27_A,"PHE_28_A,TYR_32_A"
PHE_28_A,"PRO_27_A,GLN_29_A"
GLN_29_A,"PHE_28_A,ASP_30_A"
ASP_30_A,"GLN_29_A,SER_31_A"
SER_31_A,"ASP_30_A,TYR_32_A"
TYR_32_A,"LEU_26_A,PRO_27_A,SER_31_A,VAL_33_A"
VAL_33_A,"TYR_32_A,VAL_34_A"
VAL_34_A,"VAL_33_A,ALA_35_A"
ALA_35_A,"VAL_34_A,ALA_36_A"
ALA_36_A,"ALA_35_A,ILE_37_A"
ILE_37_A,"THR_17_A,ALA_36_A,GLU_38_A"
GLU_38_A,ILE_37_A
PRO_39_A,ARG_40_A
ARG_40_A,"ASP_16_A,PRO_39_A,ALA_41_A,ASP_242_A"
ALA_41_A,"ARG_40_A,GLY_42_A,PHE_77_A"
GLY_42_A,"ALA_41_A,GLN_43_A"
GLN_43_A,"GLY_42_A,THR_44_A,ASP_46_A,ASN_47_A"
THR_44_A,"GLN_43_A,GLY_45_A,ASP_248_A"
GLY_45_A,"GLY_12_A,THR_44_A,ASP_46_A"
ASP_46_A,"GLN_43_A,GLY_45_A,ASN_47_A,LEU_50_A,HIS_61_A,PHE_77_A,HIS_78_A"
ASN_47_A,"GLN_43_A,ASP_46_A,VAL_48_A,GLY_51_A,ASP_248_A"
VAL_48_A,"ASN_47_A,ALA_49_A"
ALA_49_A,"VAL_48_A,LEU_50_A,HIS_53_A"
LEU_50_A,"ASP_46_A,ALA_49_A,GLY_51_A,THR_54_A,PHE_77_A,HIS_81_A"
GLY_51_A,"ASN_47_A,LEU_50_A,LEU_52_A"
LEU_52_A,"VAL_7_A,GLY_51_A,HIS_53_A,LEU_57_A,THR_59_A"
HIS_53_A,"ALA_49_A,LEU_52_A,THR_54_A,GLY_56_A,LEU_83_A"
THR_54_A,"LEU_50_A,HIS_53_A,LEU_55_A"
LEU_55_A,"THR_54_A,GLY_56_A,PHE_256_A,ARG_291_A"
GLY_56_A,"HIS_53_A,LEU_55_A,LEU_57_A"
LEU_57_A,"LEU_52_A,GLY_56_A,ARG_58_A"
ARG_58_A,"ASP_6_A,LEU_57_A,THR_59_A"
THR_59_A,"LEU_52_A,ARG_58_A,MET_60_A"
MET_60_A,"THR_5_A,VAL_9_A,THR_59_A,HIS_61_A,ALA_86_A"
HIS_61_A,"GLY_11_A,ASP_46_A,MET_60_A,VAL_62_A,ASP_63_A,HIS_78_A,PRO_84_A,ALA_86_A"
VAL_62_A,"GLY_11_A,HIS_61_A,ASP_63_A,ALA_86_A,LEU_88_A"
ASP_63_A,"ALA_13_A,HIS_61_A,VAL_62_A,VAL_64_A,LEU_88_A,LYS_95_A"
VAL_64_A,"ASP_63_A,LEU_65_A"
LEU_65_A,"VAL_64_A,GLY_66_A,ALA_87_A,LEU_88_A,THR_94_A"
GLY_66_A,"LEU_65_A,ASP_67_A,ASP_68_A"
ASP_67_A,"GLY_66_A,ASP_68_A,ASP_72_A,ARG_75_A"
ASP_68_A,"GLY_66_A,ASP_67_A,GLU_70_A,ASP_72_A,THR_94_A,ARG_96_A,ARG_115_A"
PRO_69_A,GLU_70_A
GLU_70_A,"VAL_15_A,ASP_68_A,PRO_69_A,GLY_71_A,ARG_96_A"
GLY_71_A,"GLU_70_A,ASP_72_A"
ASP_72_A,"ASP_67_A,ASP_68_A,GLY_71_A,LEU_73_A,ARG_75_A,ALA_76_A"
LEU_73_A,"ASP_72_A,VAL_74_A,PHE_77_A"
VAL_74_A,"LEU_73_A,ARG_75_A,HIS_78_A"
ARG_75_A,"ASP_67_A,ASP_72_A,VAL_74_A,ALA_76_A,THR_79_A"
ALA_76_A,"ASP_72_A,ARG_75_A,PHE_77_A,ARG_80_A"
PHE_77_A,"ALA_41_A,ASP_46_A,LEU_50_A,LEU_73_A,ALA_76_A,HIS_78_A,LEU_83_A"
HIS_78_A,"ASP_46_A,HIS_61_A,VAL_74_A,PHE_77_A,THR_79_A,GLY_82_A,LEU_83_A"
THR_79_A,"ARG_75_A,HIS_78_A,ARG_80_A"
ARG_80_A,"ALA_76_A,THR_79_A,HIS_81_A"
HIS_81_A,"LEU_50_A,ARG_80_A,GLY_82_A"
GLY_82_A,"HIS_78_A,HIS_81_A,LEU_83_A"
LEU_83_A,"HIS_53_A,PHE_77_A,HIS_78_A,GLY_82_A"
PRO_84_A,"HIS_61_A,PHE_85_A"
PHE_85_A,"PRO_84_A,ALA_86_A"
ALA_86_A,"MET_60_A,HIS_61_A,VAL_62_A,PHE_85_A,ALA_87_A"
ALA_87_A,"LEU_65_A,ALA_86_A,LEU_88_A"
LEU_88_A,"VAL_62_A,ASP_63_A,LEU_65_A,ALA_87_A,TYR_122_A"
PRO_89_A,THR_90_A
THR_90_A,"PRO_89_A,ALA_91_A,ASP_120_A"
ALA_91_A,"THR_90_A,ALA_92_A"
ALA_92_A,"ALA_91_A,GLY_93_A"
GLY_93_A,"ALA_92_A,THR_94_A"
THR_94_A,"LEU_65_A,ASP_68_A,GLY_93_A,LYS_95_A,ARG_96_A"
LYS_95_A,"VAL_15_A,ASP_63_A,THR_94_A,ARG_96_A"
ARG_96_A,"ASP_68_A,GLU_70_A,THR_94_A,LYS_95_A,ALA_97_A,ASP_112_A,ARG_115_A"
ALA_97_A,"ARG_96_A,VAL_98_A"
VAL_98_A,"ALA_97_A,ASN_99_A,LEU_110_A"
ASN_99_A,"ILE_18_A,ALA_19_A,VAL_98_A,LEU_100_A,SER_109_A"
LEU_100_A,"ASN_99_A,VAL_101_A,LEU_108_A"
VAL_101_A,"ILE_18_A,TYR_20_A,VAL_21_A,LEU_100_A,GLY_102_A"
GLY_102_A,"VAL_101_A,ARG_106_A"
PRO_103_A,ASP_104_A
ASP_104_A,"PRO_103_A,GLY_105_A,ARG_106_A"
GLY_105_A,"ASP_104_A,ARG_106_A,SER_243_A"
ARG_106_A,"LEU_24_A,GLY_102_A,ASP_104_A,GLY_105_A,ARG_107_A"
ARG_107_A,"ARG_106_A,LEU_108_A"
LEU_108_A,"LEU_100_A,ARG_107_A,SER_109_A,LEU_110_A"
SER_109_A,"ASN_99_A,LEU_108_A,LEU_110_A"
LEU_110_A,"VAL_98_A,LEU_108_A,SER_109_A,TRP_111_A"
TRP_111_A,"LEU_110_A,ASP_112_A"
ASP_112_A,"ARG_96_A,TRP_111_A,GLY_113_A,SER_114_A,ARG_115_A"
GLY_113_A,"ASP_112_A,SER_114_A"
SER_114_A,"ASP_112_A,GLY_113_A,ARG_115_A,GLU_116_A"
ARG_115_A,"ASP_68_A,ARG_96_A,ASP_112_A,SER_114_A,GLU_116_A"
GLU_116_A,"SER_114_A,ARG_115_A,ALA_117_A,GLU_118_A"
ALA_117_A,"GLU_116_A,GLU_118_A"
GLU_118_A,"GLU_116_A,ALA_117_A,GLU_119_A,ARG_121_A"
GLU_119_A,"GLU_118_A,ASP_120_A"
ASP_120_A,"THR_90_A,GLU_119_A,ARG_121_A"
ARG_121_A,"GLU_118_A,ASP_120_A,TYR_122_A,HIS_147_A"
TYR_122_A,"LEU_88_A,ARG_121_A"
PRO_123_A,"ALA_124_A,LEU_126_A"
ALA_124_A,"PRO_123_A,ALA_125_A,ALA_128_A,GLN_151_A"
ALA_125_A,"ALA_124_A,LEU_126_A,ALA_129_A"
LEU_126_A,"PRO_123_A,ALA_125_A,ILE_127_A"
ILE_127_A,"LEU_10_A,LEU_126_A,ALA_128_A,THR_131_A"
ALA_128_A,"ALA_124_A,ILE_127_A,ALA_129_A"
ALA_129_A,"ALA_125_A,ALA_128_A,HIS_130_A"
HIS_130_A,"THR_5_A,ALA_129_A,THR_131_A"
THR_131_A,"ILE_127_A,HIS_130_A,ALA_132_A,VAL_137_A"
ALA_132_A,"THR_131_A,HIS_133_A"
HIS_133_A,"HIS_4_A,ALA_132_A,ALA_134_A"
ALA_134_A,"HIS_133_A,ARG_135_A"
ARG_135_A,"ASP_6_A,ALA_134_A,HIS_136_A,LEU_259_A"
HIS_136_A,"LEU_8_A,ARG_135_A,VAL_137_A,HIS_138_A,THR_158_A,SER_160_A,HIS_258_A"
VAL_137_A,"LEU_8_A,THR_131_A,HIS_136_A,HIS_138_A,LEU_152_A,THR_158_A,SER_160_A"
HIS_138_A,"LEU_8_A,LEU_10_A,HIS_136_A,VAL_137_A,VAL_139_A,SER_160_A,ASP_162_A"
VAL_139_A,"HIS_138_A,CYS_140_A,PHE_149_A,LEU_152_A,SER_160_A,THR_161_A,TYR_176_A"
CYS_140_A,"LEU_10_A,VAL_139_A,ILE_141_A,THR_142_A"
ILE_141_A,"CYS_140_A,THR_142_A,PHE_173_A,TYR_176_A"
THR_142_A,"CYS_140_A,ILE_141_A,GLY_145_A"
PRO_144_A,GLY_145_A
GLY_145_A,"THR_142_A,PRO_144_A,GLN_146_A"
GLN_146_A,"GLY_145_A,HIS_147_A"
HIS_147_A,"ARG_121_A,GLN_146_A,VAL_148_A"
VAL_148_A,"LEU_10_A,HIS_147_A,PHE_149_A,LEU_152_A"
PHE_149_A,"VAL_139_A,VAL_148_A,GLY_150_A,ASN_153_A,TYR_176_A,ASN_179_A"
GLY_150_A,"PHE_149_A,GLN_151_A"
GLN_151_A,"ALA_124_A,GLY_150_A,LEU_152_A"
LEU_152_A,"VAL_137_A,VAL_139_A,VAL_148_A,GLN_151_A,ASN_153_A,LEU_155_A"
ASN_153_A,"PHE_149_A,LEU_152_A,ASP_154_A,ASN_179_A,ARG_205_A"
ASP_154_A,"ASN_153_A,LEU_155_A"
LEU_155_A,"LEU_152_A,ASP_154_A,VAL_157_A"
PRO_156_A,VAL_157_A
VAL_157_A,"LEU_155_A,PRO_156_A,THR_158_A"
THR_158_A,"HIS_136_A,VAL_137_A,VAL_157_A,VAL_159_A"
VAL_159_A,"THR_158_A,SER_160_A,ASP_181_A"
SER_160_A,"HIS_136_A,VAL_137_A,HIS_138_A,VAL_139_A,VAL_159_A,THR_161_A"
THR_161_A,"VAL_139_A,SER_160_A,ASP_162_A,ALA_180_A,PHE_184_A"
ASP_162_A,"HIS_138_A,THR_161_A,LEU_163_A,HIS_164_A,ASP_248_A"
LEU_163_A,"ASP_162_A,HIS_164_A,TRP_166_A,ALA_177_A,PHE_184_A,LEU_185_A"
HIS_164_A,"ASP_162_A,LEU_163_A,ASN_165_A,TRP_166_A,SER_186_A,ASP_248_A"
ASN_165_A,"HIS_164_A,TRP_166_A"
TRP_166_A,"LEU_163_A,HIS_164_A,ASN_165_A,ASP_167_A,PHE_173_A,THR_196_A"
ASP_167_A,"TRP_166_A,GLY_168_A"
GLY_168_A,"ASP_167_A,ALA_169_A"
ALA_169_A,"GLY_168_A,TYR_170_A"
TYR_170_A,"ALA_169_A,GLU_171_A,PHE_173_A"
GLU_171_A,"TYR_170_A,GLY_172_A,GLU_174_A"
GLY_172_A,"GLU_171_A,PHE_173_A"
PHE_173_A,"ILE_141_A,TRP_166_A,TYR_170_A,GLY_172_A,GLU_174_A,ALA_177_A"
GLU_174_A,"GLU_171_A,PHE_173_A,VAL_175_A,PHE_178_A,ARG_199_A,ARG_203_A"
VAL_175_A,"GLU_174_A,TYR_176_A,ASN_179_A"
TYR_176_A,"VAL_139_A,ILE_141_A,PHE_149_A,VAL_175_A,ALA_177_A"
ALA_177_A,"LEU_163_A,PHE_173_A,TYR_176_A,PHE_178_A"
PHE_178_A,"GLU_174_A,ALA_177_A,ASN_179_A,ARG_203_A"
ASN_179_A,"PHE_149_A,ASN_153_A,VAL_175_A,PHE_178_A,ALA_180_A"
ALA_180_A,"THR_161_A,ASN_179_A,ASP_181_A"
ASP_181_A,"VAL_159_A,ALA_180_A,LEU_182_A,ARG_205_A,ARG_207_A"
LEU_182_A,"ASP_181_A,VAL_183_A,LEU_208_A,LEU_255_A"
VAL_183_A,"LEU_182_A,PHE_184_A,VAL_210_A"
PHE_184_A,"THR_161_A,LEU_163_A,VAL_183_A,LEU_185_A,VAL_210_A,VAL_251_A,PHE_254_A"
LEU_185_A,"LEU_163_A,PHE_184_A,SER_186_A,LEU_190_A,VAL_210_A,ALA_211_A,THR_212_A"
SER_186_A,"HIS_164_A,LEU_185_A,ALA_187_A"
ALA_187_A,"SER_186_A,THR_188_A"
THR_188_A,"ALA_187_A,ALA_189_A"
ALA_189_A,"THR_188_A,LEU_190_A"
LEU_190_A,"LEU_185_A,ALA_189_A,THR_191_A"
THR_191_A,"LEU_190_A,ASP_192_A"
ASP_192_A,"THR_191_A,VAL_193_A,ALA_195_A,ARG_198_A"
VAL_193_A,"ASP_192_A,ALA_194_A"
ALA_194_A,"VAL_193_A,ALA_195_A"
ALA_195_A,"ASP_192_A,ALA_194_A,THR_196_A,ARG_199_A"
THR_196_A,"TRP_166_A,ALA_195_A,MET_197_A"
MET_197_A,"THR_196_A,ARG_198_A"
ARG_198_A,"ASP_192_A,MET_197_A,ARG_199_A,ASP_202_A,LEU_221_A"
ARG_199_A,"GLU_174_A,ALA_195_A,ARG_198_A,VAL_200_A,ARG_203_A"
VAL_200_A,"ARG_199_A,ILE_201_A,VAL_209_A"
ILE_201_A,"VAL_200_A,ASP_202_A,VAL_209_A,ARG_223_A"
ASP_202_A,"ARG_198_A,ILE_201_A,ARG_203_A"
ARG_203_A,"GLU_174_A,PHE_178_A,ARG_199_A,ASP_202_A,GLY_204_A"
GLY_204_A,"ARG_203_A,ARG_205_A"
ARG_205_A,"ASN_153_A,ASP_181_A,GLY_204_A,ALA_206_A"
ALA_206_A,"ARG_205_A,ARG_207_A,ARG_223_A"
ARG_207_A,"ASP_181_A,ALA_206_A,LEU_208_A,ARG_223_A,HIS_258_A"
LEU_208_A,"LEU_182_A,ARG_207_A,VAL_209_A,VAL_210_A,LEU_264_A"
VAL_209_A,"VAL_200_A,ILE_201_A,LEU_208_A,VAL_210_A,LEU_221_A"
VAL_210_A,"VAL_183_A,PHE_184_A,LEU_185_A,LEU_208_A,VAL_209_A,ALA_211_A,VAL_220_A"
ALA_211_A,"LEU_185_A,VAL_210_A,THR_212_A,SER_219_A"
THR_212_A,"LEU_185_A,ALA_211_A,ASP_213_A"
ASP_213_A,"THR_212_A,GLY_214_A,HIS_216_A,GLY_217_A,ARG_230_A"
GLY_214_A,"ASP_213_A,ALA_215_A,GLY_217_A"
ALA_215_A,"GLY_214_A,HIS_216_A"
HIS_216_A,"ASP_213_A,ALA_215_A,GLY_217_A,ARG_230_A"
GLY_217_A,"ASP_213_A,GLY_214_A,HIS_216_A,GLY_218_A"
GLY_218_A,"GLY_217_A,SER_219_A"
SER_219_A,"ALA_211_A,GLY_218_A,VAL_220_A"
VAL_220_A,"VAL_210_A,SER_219_A,LEU_221_A,ARG_229_A"
LEU_221_A,"ARG_198_A,VAL_209_A,VAL_220_A,VAL_222_A"
VAL_222_A,"LEU_221_A,ARG_223_A,GLU_225_A,LEU_264_A"
ARG_223_A,"ILE_201_A,ALA_206_A,ARG_207_A,VAL_222_A,GLY_224_A"
GLY_224_A,"ARG_223_A,GLU_225_A"
GLU_225_A,"VAL_222_A,GLY_224_A,THR_226_A,ARG_229_A"
THR_226_A,"GLU_225_A,GLU_227_A"
GLU_227_A,"THR_226_A,VAL_228_A"
VAL_228_A,"GLU_227_A,ARG_229_A"
ARG_229_A,"VAL_220_A,GLU_225_A,VAL_228_A,ARG_230_A,GLU_265_A"
ARG_230_A,"ASP_213_A,HIS_216_A,ARG_229_A,TYR_231_A"
TYR_231_A,"ARG_230_A,ALA_232_A,PHE_250_A,LEU_268_A"
ALA_232_A,"TYR_231_A,ALA_233_A"
ALA_233_A,"ALA_232_A,VAL_234_A"
VAL_234_A,"ALA_233_A,ALA_235_A"
ALA_235_A,VAL_234_A
PRO_236_A,"GLU_237_A,THR_280_A"
GLU_237_A,"PRO_236_A,ALA_238_A,ARG_296_A"
ALA_238_A,"GLU_237_A,THR_280_A"
PRO_239_A,VAL_240_A
VAL_240_A,"PRO_239_A,VAL_241_A"
VAL_241_A,"VAL_240_A,ASP_242_A,CYS_279_A"
ASP_242_A,"ARG_40_A,VAL_241_A,SER_243_A"
SER_243_A,"GLY_105_A,ASP_242_A,ASN_244_A"
ASN_244_A,"SER_243_A,GLY_245_A"
GLY_245_A,"ASN_244_A,ALA_246_A,ALA_249_A"
ALA_246_A,"GLY_245_A,GLY_247_A,PHE_250_A"
GLY_247_A,"ALA_246_A,ASP_248_A"
ASP_248_A,"THR_44_A,ASN_47_A,ASP_162_A,HIS_164_A,GLY_247_A,ALA_249_A"
ALA_249_A,"GLY_245_A,ASP_248_A,PHE_250_A,GLY_253_A,ALA_278_A"
PHE_250_A,"TYR_231_A,ALA_246_A,ALA_249_A,VAL_251_A,PHE_254_A"
VAL_251_A,"PHE_184_A,PHE_250_A,SER_252_A,LEU_255_A"
SER_252_A,"VAL_251_A,GLY_253_A"
GLY_253_A,"ALA_249_A,SER_252_A,PHE_254_A"
PHE_254_A,"PHE_184_A,PHE_250_A,GLY_253_A,LEU_255_A,HIS_258_A,LEU_264_A,CYS_267_A"
LEU_255_A,"LEU_182_A,VAL_251_A,PHE_254_A,PHE_256_A,HIS_258_A,LEU_259_A"
PHE_256_A,"LEU_55_A,LEU_255_A,GLY_257_A,TYR_270_A,LEU_294_A"
GLY_257_A,"PHE_256_A,HIS_258_A,GLU_262_A"
HIS_258_A,"HIS_136_A,ARG_207_A,PHE_254_A,LEU_255_A,GLY_257_A,LEU_259_A"
LEU_259_A,"VAL_7_A,ARG_135_A,LEU_255_A,HIS_258_A,ALA_260_A"
ALA_260_A,"LEU_259_A,GLY_261_A"
GLY_261_A,"ALA_260_A,GLU_262_A"
GLU_262_A,"GLY_257_A,GLY_261_A"
PRO_263_A,LEU_264_A
LEU_264_A,"LEU_208_A,VAL_222_A,PHE_254_A,PRO_263_A,GLU_265_A,LEU_268_A"
GLU_265_A,"ARG_229_A,LEU_264_A,THR_266_A,ARG_269_A"
THR_266_A,"GLU_265_A,CYS_267_A,ARG_269_A,TYR_270_A"
CYS_267_A,"PHE_254_A,THR_266_A,LEU_268_A"
LEU_268_A,"TYR_231_A,LEU_264_A,CYS_267_A,ARG_269_A"
ARG_269_A,"GLU_265_A,THR_266_A,LEU_268_A,TYR_270_A"
TYR_270_A,"PHE_256_A,THR_266_A,ARG_269_A,GLY_271_A"
GLY_271_A,"TYR_270_A,ALA_272_A,GLY_275_A"
ALA_272_A,"GLY_271_A,ILE_273_A,ALA_276_A"
ILE_273_A,"ALA_272_A,ALA_274_A,ILE_289_A,PRO_297_A"
ALA_274_A,"ILE_273_A,GLY_275_A,ILE_289_A"
GLY_275_A,"GLY_271_A,ALA_274_A,ALA_276_A"
ALA_276_A,"ALA_272_A,GLY_275_A,TYR_277_A"
TYR_277_A,"ALA_276_A,ALA_278_A,THR_280_A,ILE_281_A,ILE_289_A"
ALA_278_A,"ALA_249_A,TYR_277_A,CYS_279_A"
CYS_279_A,"VAL_241_A,ALA_278_A,THR_280_A"
THR_280_A,"PRO_236_A,ALA_238_A,TYR_277_A,CYS_279_A,ILE_281_A"
ILE_281_A,"TYR_277_A,THR_280_A"
PRO_282_A,ALA_283_A
ALA_283_A,"ILE_18_A,PRO_282_A,THR_284_A"
THR_284_A,"ALA_283_A,ARG_285_A"
ARG_285_A,"THR_284_A,ALA_286_A"
ALA_286_A,"ARG_285_A,GLY_287_A"
GLY_287_A,"ALA_286_A,ALA_288_A"
ALA_288_A,"GLY_287_A,ILE_289_A"
ILE_289_A,"ILE_273_A,ALA_274_A,TYR_277_A,ALA_288_A,ASP_290_A"
ASP_290_A,"ILE_289_A,ARG_291_A,ARG_296_A"
ARG_291_A,"LEU_55_A,ASP_290_A,ALA_292_A"
ALA_292_A,"ARG_291_A,ALA_293_A"
ALA_293_A,"ALA_292_A,LEU_294_A"
LEU_294_A,"PHE_256_A,ALA_293_A,LEU_295_A"
LEU_295_A,"LEU_294_A,ARG_296_A"
ARG_296_A,"GLU_237_A,ASP_290_A,LEU_295_A"
PRO_297_A,"ILE_273_A,ALA_298_A"
ALA_298_A,PRO_297_A
