residue_id,neighbors
THR_4_A,SER_5_A
SER_5_A,"THR_4_A,ASP_6_A"
ASP_6_A,"SER_5_A,LEU_7_A,ASN_9_A,GLU_10_A,ARG_16_A"
LEU_7_A,"ASP_6_A,PHE_8_A,ILE_11_A"
PHE_8_A,"LEU_7_A,ASN_9_A,ILE_11_A,ILE_12_A,ARG_16_A"
ASN_9_A,"ASP_6_A,PHE_8_A,GLU_10_A"
GLU_10_A,"ASP_6_A,ASN_9_A,ILE_11_A"
ILE_11_A,"LEU_7_A,PHE_8_A,GLU_10_A,ILE_12_A"
ILE_12_A,"PHE_8_A,ILE_11_A,LEU_14_A,GLY_15_A"
PRO_13_A,LEU_14_A
LEU_14_A,"ILE_12_A,PRO_13_A,GLY_15_A,ILE_18_A"
GLY_15_A,"ILE_12_A,LEU_14_A,ARG_16_A,HIS_19_A"
ARG_16_A,"ASP_6_A,PHE_8_A,GLY_15_A,LEU_17_A,MET_20_A"
LEU_17_A,"ARG_16_A,ILE_18_A,VAL_21_A"
ILE_18_A,"LEU_14_A,LEU_17_A,HIS_19_A,ASN_22_A"
HIS_19_A,"GLY_15_A,ILE_18_A,MET_20_A,GLN_23_A"
MET_20_A,"ARG_16_A,HIS_19_A,VAL_21_A,LYS_24_A"
VAL_21_A,"LEU_17_A,MET_20_A,ASN_22_A,LYS_25_A"
ASN_22_A,"ILE_18_A,VAL_21_A,GLN_23_A,LYS_25_A,ASP_26_A"
GLN_23_A,"HIS_19_A,ASN_22_A,LYS_24_A,ARG_27_A"
LYS_24_A,"MET_20_A,GLN_23_A,LYS_25_A,LEU_28_A,LYS_125_A"
LYS_25_A,"VAL_21_A,ASN_22_A,LYS_24_A,ASP_26_A,LEU_29_A"
ASP_26_A,"ASN_22_A,LYS_25_A,ARG_27_A,ASN_30_A"
ARG_27_A,"GLN_23_A,ASP_26_A,LEU_28_A,GLU_31_A"
LEU_28_A,"LYS_24_A,ARG_27_A,LEU_29_A,TYR_32_A,LEU_119_A"
LEU_29_A,"LYS_25_A,LEU_28_A,ASN_30_A,LEU_33_A,ALA_40_A,LEU_119_A"
ASN_30_A,"ASP_26_A,LEU_29_A,GLU_31_A,ALA_40_A"
GLU_31_A,"ARG_27_A,ASN_30_A,TYR_32_A,SER_34_A"
TYR_32_A,"LEU_28_A,GLU_31_A,LEU_33_A,VAL_115_A,LEU_119_A,GLU_122_A"
LEU_33_A,"LEU_29_A,TYR_32_A,SER_34_A,VAL_115_A"
SER_34_A,"GLU_31_A,LEU_33_A"
PRO_35_A,LEU_36_A
LEU_36_A,"PRO_35_A,ASP_37_A,LEU_114_A"
ASP_37_A,"LEU_36_A,ILE_38_A"
ILE_38_A,"ASP_37_A,THR_39_A,GLN_42_A,LEU_46_A,TRP_83_A"
THR_39_A,"ILE_38_A,ALA_40_A"
ALA_40_A,"LEU_29_A,ASN_30_A,THR_39_A,ALA_41_A,LYS_44_A"
ALA_41_A,"ALA_40_A,GLN_42_A,LYS_44_A,VAL_45_A"
GLN_42_A,"ILE_38_A,ALA_41_A,PHE_43_A,LEU_46_A,LEU_78_A"
PHE_43_A,"GLN_42_A,LYS_44_A,CYS_47_A,CYS_111_A"
LYS_44_A,"ALA_40_A,ALA_41_A,PHE_43_A,VAL_45_A,SER_48_A"
VAL_45_A,"ALA_41_A,LYS_44_A,LEU_46_A,ILE_49_A,LEU_64_A,LEU_78_A"
LEU_46_A,"ILE_38_A,GLN_42_A,VAL_45_A,CYS_47_A,ARG_50_A,VAL_84_A,LEU_100_A"
CYS_47_A,"PHE_43_A,LEU_46_A,SER_48_A,CYS_51_A"
SER_48_A,"LYS_44_A,CYS_47_A,ILE_49_A,ALA_52_A"
ILE_49_A,"VAL_45_A,SER_48_A,ARG_50_A,ALA_53_A,VAL_84_A,VAL_98_A"
ARG_50_A,"LEU_46_A,ILE_49_A,CYS_51_A,LEU_100_A,GLU_109_A"
CYS_51_A,"CYS_47_A,ARG_50_A,ALA_52_A"
ALA_52_A,"SER_48_A,CYS_51_A,ALA_53_A,CYS_54_A,ILE_55_A"
ALA_53_A,"ILE_49_A,ALA_52_A,CYS_54_A"
CYS_54_A,"ALA_52_A,ALA_53_A,ILE_55_A"
ILE_55_A,"ALA_52_A,CYS_54_A,THR_56_A,GLU_59_A,VAL_98_A"
THR_56_A,"ILE_55_A,LEU_60_A,LEU_97_A"
PRO_57_A,"VAL_58_A,LYS_61_A"
VAL_58_A,"PRO_57_A,GLU_59_A,LYS_62_A"
GLU_59_A,"ILE_55_A,VAL_58_A,LEU_60_A,LYS_62_A,VAL_63_A"
LEU_60_A,"THR_56_A,GLU_59_A,LYS_61_A,VAL_63_A,LEU_64_A"
LYS_61_A,"PRO_57_A,LEU_60_A,LYS_62_A,SER_65_A"
LYS_62_A,"VAL_58_A,GLU_59_A,LYS_61_A,VAL_63_A"
VAL_63_A,"GLU_59_A,LEU_60_A,LYS_62_A,LEU_64_A"
LEU_64_A,"VAL_45_A,LEU_60_A,VAL_63_A,SER_65_A,VAL_66_A,LEU_71_A"
SER_65_A,"LYS_61_A,LEU_64_A,VAL_66_A"
VAL_66_A,"LEU_64_A,SER_65_A,ASP_67_A"
ASP_67_A,"VAL_66_A,LEU_68_A,GLY_69_A,LEU_71_A,ARG_73_A"
LEU_68_A,"ASP_67_A,GLY_69_A,THR_72_A"
GLY_69_A,"ASP_67_A,LEU_68_A,ALA_70_A,ARG_73_A"
ALA_70_A,"GLY_69_A,LEU_71_A,MET_74_A"
LEU_71_A,"LEU_64_A,ASP_67_A,ALA_70_A,THR_72_A,LEU_75_A"
THR_72_A,"LEU_68_A,LEU_71_A,ARG_73_A,ASP_76_A"
ARG_73_A,"ASP_67_A,GLY_69_A,THR_72_A,MET_74_A,ARG_77_A"
MET_74_A,"ALA_70_A,ARG_73_A,LEU_75_A,LEU_78_A"
LEU_75_A,"LEU_71_A,MET_74_A,ASP_76_A,VAL_79_A"
ASP_76_A,"THR_72_A,LEU_75_A,ARG_77_A,SER_80_A,ARG_86_A"
ARG_77_A,"ARG_73_A,ASP_76_A,LEU_78_A,SER_80_A"
LEU_78_A,"GLN_42_A,VAL_45_A,MET_74_A,ARG_77_A,VAL_79_A,TRP_83_A,VAL_84_A"
VAL_79_A,"LEU_75_A,LEU_78_A,SER_80_A,GLY_82_A"
SER_80_A,"ASP_76_A,ARG_77_A,VAL_79_A,LYS_81_A"
LYS_81_A,"SER_80_A,GLY_82_A,TRP_83_A"
GLY_82_A,"VAL_79_A,LYS_81_A,TRP_83_A,THR_101_A"
TRP_83_A,"ILE_38_A,LEU_78_A,LYS_81_A,GLY_82_A,VAL_84_A,THR_101_A,ILE_107_A"
VAL_84_A,"LEU_46_A,ILE_49_A,LEU_78_A,TRP_83_A,GLU_85_A"
GLU_85_A,"VAL_84_A,ARG_86_A,LYS_99_A"
ARG_86_A,"ASP_76_A,GLU_85_A,LEU_87_A,VAL_96_A"
LEU_87_A,"ARG_86_A,LEU_97_A"
PRO_88_A,ASN_89_A
ASN_89_A,PRO_88_A
PRO_90_A,ASN_91_A
ASN_91_A,"PRO_90_A,ASP_92_A"
ASP_92_A,"ASN_91_A,LYS_93_A,ARG_94_A"
LYS_93_A,"ASP_92_A,ARG_94_A"
ARG_94_A,"ASP_92_A,LYS_93_A,GLY_95_A"
GLY_95_A,"ARG_94_A,VAL_96_A"
VAL_96_A,"ARG_86_A,GLY_95_A,LEU_97_A"
LEU_97_A,"THR_56_A,LEU_87_A,VAL_96_A,VAL_98_A"
VAL_98_A,"ILE_49_A,ILE_55_A,LEU_97_A,LYS_99_A"
LYS_99_A,"GLU_85_A,VAL_98_A,LEU_100_A"
LEU_100_A,"LEU_46_A,ARG_50_A,LYS_99_A,THR_101_A"
THR_101_A,"GLY_82_A,TRP_83_A,LEU_100_A,THR_102_A"
THR_102_A,"THR_101_A,GLY_103_A,ALA_106_A"
GLY_103_A,"THR_102_A,GLY_104_A,ILE_107_A"
GLY_104_A,"GLY_103_A,ALA_105_A,CYS_108_A"
ALA_105_A,"GLY_104_A,ALA_106_A,GLU_109_A"
ALA_106_A,"THR_102_A,ALA_105_A,ILE_107_A,GLN_110_A"
ILE_107_A,"TRP_83_A,GLY_103_A,ALA_106_A,CYS_108_A,CYS_111_A"
CYS_108_A,"GLY_104_A,ILE_107_A,GLU_109_A,HIS_112_A"
GLU_109_A,"ARG_50_A,ALA_105_A,CYS_108_A,GLN_110_A,HIS_112_A,GLN_113_A"
GLN_110_A,"ALA_106_A,GLU_109_A,CYS_111_A,LEU_114_A"
CYS_111_A,"PHE_43_A,ILE_107_A,GLN_110_A,HIS_112_A,VAL_115_A"
HIS_112_A,"CYS_108_A,GLU_109_A,CYS_111_A,GLN_113_A"
GLN_113_A,"GLU_109_A,HIS_112_A,LEU_114_A"
LEU_114_A,"LEU_36_A,GLN_110_A,GLN_113_A,VAL_115_A"
VAL_115_A,"TYR_32_A,LEU_33_A,CYS_111_A,LEU_114_A,GLY_116_A"
GLY_116_A,"VAL_115_A,GLN_117_A"
GLN_117_A,"GLY_116_A,ASP_118_A,GLN_121_A"
ASP_118_A,"GLN_117_A,LEU_119_A,GLU_122_A"
LEU_119_A,"LEU_28_A,LEU_29_A,TYR_32_A,ASP_118_A,HIS_120_A,LEU_123_A"
HIS_120_A,"LEU_119_A,GLN_121_A,THR_124_A"
GLN_121_A,"GLN_117_A,HIS_120_A,GLU_122_A,LYS_125_A"
GLU_122_A,"TYR_32_A,ASP_118_A,GLN_121_A,LEU_123_A"
LEU_123_A,"LEU_119_A,GLU_122_A,THR_124_A"
THR_124_A,"HIS_120_A,LEU_123_A,LYS_125_A,VAL_132_A"
LYS_125_A,"LYS_24_A,GLN_121_A,THR_124_A,ASN_126_A"
ASN_126_A,"LYS_125_A,LEU_127_A"
LEU_127_A,"ASN_126_A,THR_128_A,VAL_132_A"
THR_128_A,"LEU_127_A,ALA_129_A,GLU_131_A"
ALA_129_A,"THR_128_A,ASP_130_A,ALA_133_A"
ASP_130_A,"ALA_129_A,GLU_131_A,THR_134_A"
GLU_131_A,"THR_128_A,ASP_130_A,VAL_132_A,LEU_135_A"
VAL_132_A,"THR_124_A,LEU_127_A,GLU_131_A,ALA_133_A,GLU_136_A"
ALA_133_A,"ALA_129_A,VAL_132_A,THR_134_A,TYR_137_A"
THR_134_A,"ASP_130_A,ALA_133_A,LEU_135_A,LEU_138_A"
LEU_135_A,"GLU_131_A,THR_134_A,GLU_136_A,LEU_139_A"
GLU_136_A,"VAL_132_A,LEU_135_A,TYR_137_A,LYS_140_A"
TYR_137_A,"ALA_133_A,GLU_136_A,LEU_138_A,LYS_141_A"
LEU_138_A,"THR_134_A,TYR_137_A,LEU_139_A,VAL_142_A"
LEU_139_A,"LEU_135_A,LEU_138_A,LYS_140_A"
LYS_140_A,"GLU_136_A,LEU_139_A,LYS_141_A"
LYS_141_A,"TYR_137_A,LYS_140_A,VAL_142_A"
VAL_142_A,"LEU_138_A,LYS_141_A,LEU_143_A"
LEU_143_A,VAL_142_A
