residue_id,neighbors
MET_34_A,LYS_35_A
LYS_35_A,"MET_34_A,CYS_36_A,HIS_231_A"
CYS_36_A,"LYS_35_A,ARG_37_A,GLU_230_A"
ARG_37_A,"CYS_36_A,VAL_38_A,GLU_99_A,LEU_229_A"
VAL_38_A,"ARG_37_A,VAL_39_A,VAL_228_A"
VAL_39_A,"VAL_38_A,THR_40_A"
THR_40_A,"VAL_39_A,THR_41_A,GLU_226_A"
THR_41_A,"THR_40_A,THR_42_A,SER_97_A,ASN_225_A"
THR_42_A,"THR_41_A,GLY_43_A,THR_224_A"
GLY_43_A,"THR_42_A,THR_44_A,VAL_94_A"
THR_44_A,"GLY_43_A,ALA_45_A,ASN_222_A"
ALA_45_A,"THR_44_A,ASP_46_A,TRP_92_A,LEU_104_A"
ASP_46_A,"ALA_45_A,TRP_47_A,GLU_89_A,THR_220_A,ASN_222_A"
TRP_47_A,"ASP_46_A,SER_48_A,LEU_148_A,LEU_174_A"
SER_48_A,"TRP_47_A,VAL_49_A,ARG_50_A"
VAL_49_A,"SER_48_A,ARG_50_A,TRP_110_A,ALA_217_A"
ARG_50_A,"SER_48_A,VAL_49_A,GLU_51_A,SER_52_A,PHE_53_A,GLU_214_A,ALA_215_A"
GLU_51_A,"ARG_50_A,SER_52_A,ASN_55_A"
SER_52_A,"ARG_50_A,GLU_51_A,PHE_53_A,TYR_56_A"
PHE_53_A,"ARG_50_A,SER_52_A,ASN_54_A,LEU_57_A,TRP_110_A"
ASN_54_A,"PHE_53_A,ASN_55_A,TRP_110_A"
ASN_55_A,"GLU_51_A,ASN_54_A,TYR_56_A"
TYR_56_A,"SER_52_A,ASN_55_A,LEU_57_A,HIS_113_A,LEU_130_A"
LEU_57_A,"PHE_53_A,TYR_56_A,GLU_58_A,ASN_63_A"
GLU_58_A,"LEU_57_A,GLY_59_A,LYS_85_A,ARG_88_A"
GLY_59_A,"GLU_58_A,ASN_63_A"
PRO_60_A,ILE_61_A
ILE_61_A,"PRO_60_A,ALA_62_A"
ALA_62_A,"ILE_61_A,ASN_63_A,HIS_113_A"
ASN_63_A,"LEU_57_A,GLY_59_A,ALA_62_A,GLY_64_A,GLY_71_A,THR_111_A"
GLY_64_A,"ASN_63_A,ALA_65_A,HIS_70_A"
ALA_65_A,"GLY_64_A,ALA_66_A"
ALA_66_A,"ALA_65_A,TYR_67_A"
TYR_67_A,"ALA_66_A,LYS_68_A,HIS_113_A"
LYS_68_A,"TYR_67_A,TYR_69_A,ASP_119_A"
TYR_69_A,"LYS_68_A,HIS_70_A,TYR_116_A,GLY_118_A,ALA_124_A"
HIS_70_A,"GLY_64_A,TYR_69_A,GLY_71_A"
GLY_71_A,"ASN_63_A,HIS_70_A,GLY_72_A"
GLY_72_A,"GLY_71_A,ILE_73_A,THR_111_A"
ILE_73_A,"GLY_72_A,GLU_74_A"
GLU_74_A,"ILE_73_A,VAL_75_A,HIS_109_A"
VAL_75_A,"GLU_74_A,ARG_76_A,VAL_79_A,PHE_90_A"
ARG_76_A,"VAL_75_A,ASP_77_A,GLY_107_A,HIS_109_A,ASP_133_A"
ASP_77_A,"ARG_76_A,GLY_78_A"
GLY_78_A,"ASP_77_A,VAL_79_A"
VAL_79_A,"VAL_75_A,GLY_78_A,GLU_80_A,TRP_92_A"
GLU_80_A,"VAL_79_A,THR_81_A,THR_91_A"
THR_81_A,"GLU_80_A,THR_82_A,ARG_88_A,GLU_89_A"
THR_82_A,"THR_81_A,GLY_83_A,GLU_89_A"
GLY_83_A,"THR_82_A,THR_84_A"
THR_84_A,"GLY_83_A,LYS_85_A,ALA_87_A"
LYS_85_A,"GLU_58_A,THR_84_A,SER_86_A"
SER_86_A,"LYS_85_A,ALA_87_A"
ALA_87_A,"THR_84_A,SER_86_A,ARG_88_A"
ARG_88_A,"GLU_58_A,THR_81_A,ALA_87_A,GLU_89_A"
GLU_89_A,"ASP_46_A,THR_81_A,THR_82_A,ARG_88_A,PHE_90_A"
PHE_90_A,"VAL_75_A,GLU_89_A,THR_91_A"
THR_91_A,"GLU_80_A,PHE_90_A,TRP_92_A"
TRP_92_A,"ALA_45_A,VAL_79_A,THR_91_A,VAL_108_A,PRO_137_A"
PRO_93_A,"VAL_94_A,GLY_105_A"
VAL_94_A,"GLY_43_A,PRO_93_A,LEU_95_A,LEU_104_A,LEU_223_A"
LEU_95_A,"VAL_94_A,GLY_96_A,LYS_103_A"
GLY_96_A,"LEU_95_A,SER_97_A,LYS_103_A"
SER_97_A,"THR_41_A,GLY_96_A,GLU_98_A"
GLU_98_A,"SER_97_A,GLU_99_A,GLY_100_A,ALA_101_A,LYS_103_A"
GLU_99_A,"ARG_37_A,GLU_98_A,GLY_100_A"
GLY_100_A,"GLU_98_A,GLU_99_A,ALA_101_A,PHE_141_A"
ALA_101_A,"GLU_98_A,GLY_100_A,VAL_102_A"
VAL_102_A,"ALA_101_A,LYS_103_A,VAL_139_A"
LYS_103_A,"LEU_95_A,GLY_96_A,GLU_98_A,VAL_102_A,LEU_104_A,THR_138_A"
LEU_104_A,"ALA_45_A,VAL_94_A,LYS_103_A,GLY_105_A,PRO_137_A"
GLY_105_A,"PRO_93_A,LEU_104_A,GLY_106_A"
GLY_106_A,"GLY_105_A,GLY_107_A,ASN_136_A"
GLY_107_A,"ARG_76_A,GLY_106_A,VAL_108_A"
VAL_108_A,"TRP_92_A,GLY_107_A,HIS_109_A,TRP_110_A,PHE_134_A"
HIS_109_A,"GLU_74_A,ARG_76_A,VAL_108_A,TRP_110_A,ASP_131_A,ASP_133_A"
TRP_110_A,"VAL_49_A,PHE_53_A,ASN_54_A,VAL_108_A,HIS_109_A,THR_111_A,LEU_132_A,PHE_134_A"
THR_111_A,"ASN_63_A,GLY_72_A,TRP_110_A,GLY_112_A,PHE_128_A"
GLY_112_A,"THR_111_A,HIS_113_A,LEU_130_A"
HIS_113_A,"TYR_56_A,ALA_62_A,TYR_67_A,GLY_112_A,ASN_114_A,ILE_129_A"
ASN_114_A,"HIS_113_A,HIS_115_A,TYR_116_A,ALA_124_A,PHE_128_A"
HIS_115_A,"ASN_114_A,TYR_116_A,ASN_127_A,LYS_161_A,VAL_163_A"
TYR_116_A,"TYR_69_A,ASN_114_A,HIS_115_A,SER_117_A,ASP_120_A,GLN_123_A,ASN_127_A"
SER_117_A,"TYR_116_A,GLY_118_A"
GLY_118_A,"TYR_69_A,SER_117_A,ASP_119_A"
ASP_119_A,"LYS_68_A,GLY_118_A,ASP_120_A"
ASP_120_A,"TYR_116_A,ASP_119_A,GLU_121_A,SER_122_A,GLN_123_A"
GLU_121_A,"ASP_120_A,SER_122_A"
SER_122_A,"ASP_120_A,GLU_121_A,GLN_123_A"
GLN_123_A,"TYR_116_A,ASP_120_A,SER_122_A,ALA_124_A"
ALA_124_A,"TYR_69_A,ASN_114_A,GLN_123_A"
PRO_125_A,ASP_126_A
ASP_126_A,"PRO_125_A,ASN_127_A,ARG_155_A"
ASN_127_A,"HIS_115_A,TYR_116_A,ASP_126_A,PHE_128_A"
PHE_128_A,"THR_111_A,ASN_114_A,ASN_127_A,ILE_129_A,ARG_155_A"
ILE_129_A,"HIS_113_A,PHE_128_A,LEU_130_A"
LEU_130_A,"TYR_56_A,GLY_112_A,ILE_129_A,ASP_131_A"
ASP_131_A,"HIS_109_A,LEU_130_A,LEU_132_A,LYS_153_A,ARG_155_A"
LEU_132_A,"TRP_110_A,ASP_131_A,ASP_133_A,VAL_205_A"
ASP_133_A,"ARG_76_A,HIS_109_A,LEU_132_A,PHE_134_A,LYS_153_A"
PHE_134_A,"VAL_108_A,TRP_110_A,ASP_133_A,SER_135_A,LEU_174_A,VAL_205_A"
SER_135_A,"PHE_134_A,ASN_136_A,ASP_151_A"
ASN_136_A,"GLY_106_A,SER_135_A,GLN_171_A"
PRO_137_A,"TRP_92_A,LEU_104_A,THR_138_A"
THR_138_A,"LYS_103_A,PRO_137_A,VAL_139_A,LEU_149_A,GLN_171_A"
VAL_139_A,"VAL_102_A,THR_138_A,LYS_140_A,PHE_179_A"
LYS_140_A,"VAL_139_A,PHE_141_A,THR_147_A,LEU_149_A"
PHE_141_A,"GLY_100_A,LYS_140_A,ASP_142_A,ILE_183_A,LEU_185_A"
ASP_142_A,"PHE_141_A,GLY_143_A,GLU_145_A"
GLY_143_A,"ASP_142_A,ASN_144_A,ILE_183_A"
ASN_144_A,"GLY_143_A,GLU_145_A,PHE_179_A"
GLU_145_A,"ASP_142_A,ASN_144_A,GLY_146_A"
GLY_146_A,"GLU_145_A,THR_147_A,ILE_177_A"
THR_147_A,"LYS_140_A,GLY_146_A,LEU_148_A"
LEU_148_A,"TRP_47_A,THR_147_A,LEU_149_A,LEU_174_A,ALA_175_A"
LEU_149_A,"THR_138_A,LYS_140_A,LEU_148_A,VAL_150_A,GLU_173_A"
VAL_150_A,"LEU_149_A,ASP_151_A,ALA_172_A"
ASP_151_A,"SER_135_A,VAL_150_A,PHE_152_A,GLN_171_A"
PHE_152_A,"ASP_151_A,LYS_153_A,GLY_169_A,ALA_172_A,VAL_205_A"
LYS_153_A,"ASP_131_A,ASP_133_A,PHE_152_A,SER_154_A,PHE_166_A"
SER_154_A,"LYS_153_A,ARG_155_A,LEU_167_A,VAL_205_A"
ARG_155_A,"ASP_126_A,PHE_128_A,ASP_131_A,SER_154_A,GLU_156_A,ALA_164_A,ASP_165_A,PHE_166_A"
GLU_156_A,"ARG_155_A,PHE_157_A"
PHE_157_A,"GLU_156_A,VAL_158_A"
VAL_158_A,"PHE_157_A,ASP_159_A,ALA_164_A"
ASP_159_A,"VAL_158_A,THR_160_A,LYS_161_A,THR_162_A"
THR_160_A,"ASP_159_A,LYS_161_A"
LYS_161_A,"HIS_115_A,ASP_159_A,THR_160_A,THR_162_A"
THR_162_A,"ASP_159_A,LYS_161_A,VAL_163_A"
VAL_163_A,"HIS_115_A,THR_162_A,ALA_164_A"
ALA_164_A,"ARG_155_A,VAL_158_A,VAL_163_A,ASP_165_A"
ASP_165_A,"ARG_155_A,ALA_164_A,PHE_166_A"
PHE_166_A,"LYS_153_A,ARG_155_A,ASP_165_A,LEU_167_A"
LEU_167_A,"SER_154_A,PHE_166_A,THR_168_A"
THR_168_A,"LEU_167_A,GLY_169_A"
GLY_169_A,"PHE_152_A,THR_168_A,THR_170_A"
THR_170_A,"GLY_169_A,GLN_171_A"
GLN_171_A,"ASN_136_A,THR_138_A,ASP_151_A,THR_170_A,ALA_172_A"
ALA_172_A,"VAL_150_A,PHE_152_A,GLN_171_A,GLU_173_A"
GLU_173_A,"LEU_149_A,ALA_172_A,LEU_174_A,THR_199_A"
LEU_174_A,"TRP_47_A,PHE_134_A,LEU_148_A,GLU_173_A,ALA_175_A"
ALA_175_A,"LEU_148_A,LEU_174_A,THR_176_A"
THR_176_A,"ALA_175_A,ILE_177_A,LYS_197_A"
ILE_177_A,"GLY_146_A,THR_176_A,THR_178_A,PHE_179_A"
THR_178_A,"ILE_177_A,PHE_179_A,GLN_195_A"
PHE_179_A,"VAL_139_A,ASN_144_A,ILE_177_A,THR_178_A,ASP_180_A,VAL_192_A"
ASP_180_A,"PHE_179_A,GLU_181_A,THR_193_A"
GLU_181_A,"ASP_180_A,VAL_192_A"
PRO_182_A,ILE_183_A
ILE_183_A,"PHE_141_A,GLY_143_A,PRO_182_A,ASP_184_A,VAL_192_A"
ASP_184_A,"ILE_183_A,LEU_185_A,THR_186_A"
LEU_185_A,"PHE_141_A,ASP_184_A,THR_186_A,LEU_223_A"
THR_186_A,"ASP_184_A,LEU_185_A,GLN_187_A"
GLN_187_A,"THR_186_A,GLU_188_A,ASN_225_A"
GLU_188_A,"GLN_187_A,ASN_189_A,ASN_225_A"
ASN_189_A,"GLU_188_A,VAL_190_A"
VAL_190_A,"ASN_189_A,THR_191_A,VAL_192_A,LEU_223_A"
THR_191_A,"VAL_190_A,VAL_192_A"
VAL_192_A,"PHE_179_A,GLU_181_A,ILE_183_A,VAL_190_A,THR_191_A,THR_193_A,LEU_221_A"
THR_193_A,"ASP_180_A,VAL_192_A,GLY_194_A,THR_220_A"
GLY_194_A,"THR_193_A,GLN_195_A,ILE_219_A"
GLN_195_A,"THR_178_A,GLY_194_A,THR_196_A"
THR_196_A,"GLN_195_A,LYS_197_A,LEU_216_A,ALA_217_A"
LYS_197_A,"THR_176_A,THR_196_A,LEU_198_A"
LEU_198_A,"LYS_197_A,THR_199_A,TYR_210_A,GLY_213_A,GLU_214_A"
THR_199_A,"GLU_173_A,LEU_198_A,ALA_200_A,GLY_202_A,VAL_203_A"
ALA_200_A,"THR_199_A,THR_201_A"
THR_201_A,"ALA_200_A,GLY_202_A"
GLY_202_A,"THR_199_A,THR_201_A,VAL_203_A"
VAL_203_A,"THR_199_A,GLY_202_A,ASP_204_A,THR_208_A"
ASP_204_A,"VAL_203_A,VAL_205_A"
VAL_205_A,"LEU_132_A,PHE_134_A,PHE_152_A,SER_154_A,ASP_204_A,MET_206_A"
MET_206_A,"VAL_205_A,GLY_207_A"
GLY_207_A,"MET_206_A,THR_208_A"
THR_208_A,"VAL_203_A,GLY_207_A,PHE_209_A"
PHE_209_A,"THR_208_A,TYR_210_A"
TYR_210_A,"LEU_198_A,PHE_209_A"
PRO_211_A,GLU_212_A
GLU_212_A,"PRO_211_A,GLY_213_A"
GLY_213_A,"LEU_198_A,GLU_212_A,GLU_214_A"
GLU_214_A,"ARG_50_A,LEU_198_A,GLY_213_A,ALA_215_A"
ALA_215_A,"ARG_50_A,GLU_214_A,LEU_216_A"
LEU_216_A,"THR_196_A,ALA_215_A,ALA_217_A"
ALA_217_A,"VAL_49_A,THR_196_A,LEU_216_A"
PRO_218_A,ILE_219_A
ILE_219_A,"GLY_194_A,PRO_218_A,THR_220_A"
THR_220_A,"ASP_46_A,THR_193_A,ILE_219_A,LEU_221_A"
LEU_221_A,"VAL_192_A,THR_220_A,ASN_222_A"
ASN_222_A,"THR_44_A,ASP_46_A,LEU_221_A,LEU_223_A"
LEU_223_A,"VAL_94_A,LEU_185_A,VAL_190_A,ASN_222_A,THR_224_A"
THR_224_A,"THR_42_A,LEU_223_A,ASN_225_A"
ASN_225_A,"THR_41_A,GLN_187_A,GLU_188_A,THR_224_A,GLU_226_A"
GLU_226_A,"THR_40_A,ASN_225_A,VAL_227_A"
VAL_227_A,"GLU_226_A,VAL_228_A"
VAL_228_A,"VAL_38_A,VAL_227_A,LEU_229_A"
LEU_229_A,"ARG_37_A,VAL_228_A,GLU_230_A"
GLU_230_A,"CYS_36_A,LEU_229_A,HIS_231_A"
HIS_231_A,"LYS_35_A,GLU_230_A,HIS_232_A"
HIS_232_A,HIS_231_A
