residue_id,neighbors
SER_23_A,PHE_24_A
PHE_24_A,"SER_23_A,SER_25_A,ALA_27_A,LYS_28_A,HIS_80_A"
SER_25_A,"PHE_24_A,HIS_26_A"
HIS_26_A,"SER_25_A,ALA_27_A,GLU_30_A"
ALA_27_A,"PHE_24_A,HIS_26_A,LYS_28_A,ALA_31_A,ALA_114_A"
LYS_28_A,"PHE_24_A,ALA_27_A,ASN_29_A,VAL_32_A"
ASN_29_A,"LYS_28_A,GLU_30_A"
GLU_30_A,"HIS_26_A,ASN_29_A,ALA_31_A,LYS_33_A,ILE_34_A"
ALA_31_A,"ALA_27_A,GLU_30_A,VAL_32_A,TRP_78_A"
VAL_32_A,"LYS_28_A,ALA_31_A,LYS_33_A,TRP_78_A"
LYS_33_A,"GLU_30_A,VAL_32_A,ILE_34_A"
ILE_34_A,"GLU_30_A,LYS_33_A,TYR_35_A,VAL_216_A"
TYR_35_A,"ILE_34_A,ARG_36_A,HIS_38_A,TRP_50_A,TRP_78_A,PRO_121_A,TRP_205_A,ARG_209_A"
ARG_36_A,"TYR_35_A,ASP_37_A"
ASP_37_A,"ARG_36_A,HIS_38_A,LYS_212_A"
HIS_38_A,"TYR_35_A,ASP_37_A,VAL_40_A,TRP_205_A"
PRO_39_A,"VAL_40_A,ILE_48_A"
VAL_40_A,"HIS_38_A,PRO_39_A,SER_41_A"
SER_41_A,"VAL_40_A,PHE_42_A,CYS_46_A"
PHE_42_A,"SER_41_A,TYR_43_A,VAL_81_A,THR_120_A,PRO_121_A,ALA_169_A,ILE_170_A"
TYR_43_A,"PHE_42_A,CYS_44_A,GLU_79_A,VAL_126_A"
CYS_44_A,"TYR_43_A,GLY_45_A,CYS_149_A"
GLY_45_A,"CYS_44_A,CYS_46_A"
CYS_46_A,"SER_41_A,GLY_45_A,GLU_47_A,CYS_62_A"
GLU_47_A,"CYS_46_A,ILE_48_A,ASP_58_A,SER_61_A"
ILE_48_A,"PRO_39_A,GLU_47_A,ARG_49_A,ILE_76_A"
ARG_49_A,"ILE_48_A,TRP_50_A,GLN_51_A,ILE_56_A"
TRP_50_A,"TYR_35_A,ARG_49_A,GLN_51_A,TRP_78_A"
GLN_51_A,"ARG_49_A,TRP_50_A,GLY_52_A,LYS_54_A"
GLY_52_A,"GLN_51_A,LYS_53_A"
LYS_53_A,"GLY_52_A,LYS_54_A"
LYS_54_A,"GLN_51_A,LYS_53_A,GLY_55_A,ILE_56_A,ARG_75_A"
GLY_55_A,"LYS_54_A,ILE_56_A,ILE_76_A"
ILE_56_A,"ARG_49_A,LYS_54_A,GLY_55_A"
PRO_57_A,"ASP_58_A,LEU_59_A"
ASP_58_A,"GLU_47_A,PRO_57_A,LEU_59_A,GLU_60_A,SER_61_A"
LEU_59_A,"PRO_57_A,ASP_58_A,GLU_60_A,TYR_64_A,VAL_66_A"
GLU_60_A,"ASP_58_A,LEU_59_A,SER_61_A"
SER_61_A,"GLU_47_A,ASP_58_A,GLU_60_A,CYS_62_A"
CYS_62_A,"CYS_46_A,SER_61_A,GLY_63_A"
GLY_63_A,"CYS_62_A,TYR_64_A"
TYR_64_A,"LEU_59_A,GLY_63_A,GLN_65_A,ILE_123_A,GLU_125_A,VAL_126_A,TYR_146_A"
GLN_65_A,"TYR_64_A,VAL_66_A"
VAL_66_A,"LEU_59_A,GLN_65_A,ARG_67_A,ALA_73_A"
ARG_67_A,"VAL_66_A,LYS_68_A,GLU_125_A"
LYS_68_A,"ARG_67_A,ASN_69_A,GLU_125_A"
ASN_69_A,"LYS_68_A,GLU_70_A,ALA_73_A,GLU_125_A"
GLU_70_A,"ASN_69_A,ASN_71_A"
ASN_71_A,"GLU_70_A,ARG_72_A,SER_74_A"
ARG_72_A,"ASN_71_A,ALA_73_A,ARG_75_A,GLU_77_A"
ALA_73_A,"VAL_66_A,ASN_69_A,ARG_72_A,SER_74_A"
SER_74_A,"ASN_71_A,ALA_73_A,ARG_75_A"
ARG_75_A,"LYS_54_A,ARG_72_A,SER_74_A,ILE_76_A,GLU_77_A,GLY_124_A"
ILE_76_A,"ILE_48_A,GLY_55_A,ARG_75_A,GLU_77_A,PRO_121_A"
GLU_77_A,"ARG_72_A,ARG_75_A,ILE_76_A,TRP_78_A,ALA_122_A,ASN_127_A"
TRP_78_A,"ALA_31_A,VAL_32_A,TYR_35_A,TRP_50_A,GLU_77_A,GLU_79_A"
GLU_79_A,"TYR_43_A,TRP_78_A,HIS_80_A,THR_120_A,ARG_130_A"
HIS_80_A,"PHE_24_A,GLU_79_A,VAL_81_A,ARG_99_A,GLU_113_A"
VAL_81_A,"PHE_42_A,HIS_80_A,VAL_82_A,THR_120_A,ARG_130_A"
VAL_82_A,"VAL_81_A,GLN_86_A,ASN_118_A,TYR_174_A,MET_177_A"
PRO_83_A,"ALA_84_A,GLN_86_A,ASN_132_A"
ALA_84_A,"PRO_83_A,TRP_85_A,GLY_88_A"
TRP_85_A,"ALA_84_A,GLN_86_A,HIS_89_A"
GLN_86_A,"VAL_82_A,PRO_83_A,TRP_85_A,PHE_87_A"
PHE_87_A,"GLN_86_A,GLY_88_A,PHE_109_A,MET_112_A,LEU_183_A"
GLY_88_A,"ALA_84_A,PHE_87_A,HIS_89_A,LEU_91_A"
HIS_89_A,"TRP_85_A,GLY_88_A,GLN_90_A"
GLN_90_A,"HIS_89_A,LEU_91_A,GLN_95_A"
LEU_91_A,"GLY_88_A,GLN_90_A,GLN_92_A,PHE_109_A"
GLN_92_A,"LEU_91_A,CYS_93_A"
CYS_93_A,"GLN_92_A,TRP_94_A,GLY_97_A,ASN_101_A,CYS_102_A"
TRP_94_A,"CYS_93_A,GLN_95_A,GLY_98_A,ARG_99_A,PHE_109_A"
GLN_95_A,"GLN_90_A,TRP_94_A,GLN_96_A"
GLN_96_A,"GLN_95_A,GLY_97_A"
GLY_97_A,"CYS_93_A,GLN_96_A,GLY_98_A"
GLY_98_A,"TRP_94_A,GLY_97_A,ARG_99_A"
ARG_99_A,"HIS_80_A,TRP_94_A,GLY_98_A,LYS_100_A,THR_103_A,GLU_113_A"
LYS_100_A,"ARG_99_A,ASN_101_A,ARG_104_A"
ASN_101_A,"CYS_93_A,LYS_100_A,CYS_102_A,ARG_104_A,THR_105_A"
CYS_102_A,"CYS_93_A,ASN_101_A,THR_103_A,SER_106_A,PHE_109_A"
THR_103_A,"ARG_99_A,CYS_102_A,ARG_104_A,ASN_110_A"
ARG_104_A,"LYS_100_A,ASN_101_A,THR_103_A,THR_105_A"
THR_105_A,"ASN_101_A,ARG_104_A,SER_106_A"
SER_106_A,"CYS_102_A,THR_105_A,ASN_110_A"
PRO_107_A,"GLU_108_A,GLN_111_A"
GLU_108_A,"PRO_107_A,PHE_109_A"
PHE_109_A,"PHE_87_A,LEU_91_A,TRP_94_A,CYS_102_A,GLU_108_A,ASN_110_A,GLU_113_A"
ASN_110_A,"THR_103_A,SER_106_A,PHE_109_A,GLN_111_A,ALA_114_A"
GLN_111_A,"PRO_107_A,ASN_110_A,MET_112_A"
MET_112_A,"PHE_87_A,GLN_111_A,GLU_113_A,TYR_181_A"
GLU_113_A,"HIS_80_A,ARG_99_A,PHE_109_A,MET_112_A,ALA_114_A"
ALA_114_A,"ALA_27_A,ASN_110_A,GLU_113_A,ASP_115_A"
ASP_115_A,"ALA_114_A,LEU_116_A,HIS_117_A,TYR_176_A,TYR_181_A,GLN_217_A"
LEU_116_A,"ASP_115_A,HIS_117_A,VAL_216_A,GLN_217_A"
HIS_117_A,"ASP_115_A,LEU_116_A,ASN_118_A,TYR_176_A,ARG_209_A,ASP_210_A,ASN_219_A"
ASN_118_A,"VAL_82_A,HIS_117_A,LEU_119_A"
LEU_119_A,"ASN_118_A,THR_120_A,ARG_209_A"
THR_120_A,"PHE_42_A,GLU_79_A,VAL_81_A,LEU_119_A"
PRO_121_A,"TYR_35_A,PHE_42_A,ILE_76_A,ALA_122_A"
ALA_122_A,"GLU_77_A,PRO_121_A,ILE_123_A"
ILE_123_A,"TYR_64_A,ALA_122_A,GLY_124_A"
GLY_124_A,"ARG_75_A,ILE_123_A,GLU_125_A,GLY_128_A"
GLU_125_A,"TYR_64_A,ARG_67_A,LYS_68_A,ASN_69_A,GLY_124_A,VAL_126_A,ASN_129_A"
VAL_126_A,"TYR_43_A,TYR_64_A,GLU_125_A,ASN_127_A,ARG_130_A,MET_151_A"
ASN_127_A,"GLU_77_A,VAL_126_A,GLY_128_A"
GLY_128_A,"GLY_124_A,ASN_127_A,ASN_129_A"
ASN_129_A,"GLU_125_A,GLY_128_A,ARG_130_A,TYR_146_A"
ARG_130_A,"GLU_79_A,VAL_81_A,VAL_126_A,ASN_129_A,SER_131_A,PHE_133_A"
SER_131_A,"ARG_130_A,ASN_132_A"
ASN_132_A,"PRO_83_A,SER_131_A,PHE_133_A,ARG_158_A"
PHE_133_A,"ARG_130_A,ASN_132_A,SER_134_A,VAL_153_A,ARG_158_A"
SER_134_A,"PHE_133_A,PHE_135_A"
PHE_135_A,"SER_134_A,SER_136_A,PRO_162_A,ILE_170_A"
SER_136_A,"PHE_135_A,GLN_137_A,THR_159_A,ALA_160_A"
GLN_137_A,"SER_136_A,TRP_138_A,ARG_167_A,TRP_196_A"
TRP_138_A,"GLN_137_A,ASN_139_A,GLN_152_A,THR_159_A"
ASN_139_A,"TRP_138_A,GLY_140_A"
GLY_140_A,"ASN_139_A,ILE_141_A,GLN_152_A"
ILE_141_A,"GLY_140_A,ASP_142_A"
ASP_142_A,"ILE_141_A,GLY_143_A,GLN_152_A,GLU_157_A"
GLY_143_A,"ASP_142_A,VAL_144_A"
VAL_144_A,"GLY_143_A,THR_145_A,VAL_153_A,PHE_155_A"
THR_145_A,"VAL_144_A,TYR_146_A"
TYR_146_A,"TYR_64_A,ASN_129_A,THR_145_A,GLY_147_A,MET_151_A"
GLY_147_A,"TYR_146_A,GLN_148_A"
GLN_148_A,"GLY_147_A,CYS_149_A"
CYS_149_A,"CYS_44_A,GLN_148_A,GLU_150_A"
GLU_150_A,"CYS_149_A,MET_151_A,ARG_165_A"
MET_151_A,"VAL_126_A,TYR_146_A,GLU_150_A,GLN_152_A"
GLN_152_A,"TRP_138_A,GLY_140_A,ASP_142_A,MET_151_A,VAL_153_A,MET_161_A"
VAL_153_A,"PHE_133_A,VAL_144_A,GLN_152_A,ASN_154_A"
ASN_154_A,"VAL_153_A,PHE_155_A,GLU_157_A,THR_159_A"
PHE_155_A,"VAL_144_A,ASN_154_A,LYS_156_A"
LYS_156_A,"PHE_155_A,GLU_157_A"
GLU_157_A,"ASP_142_A,ASN_154_A,LYS_156_A,ARG_158_A"
ARG_158_A,"ASN_132_A,PHE_133_A,GLU_157_A,THR_159_A"
THR_159_A,"SER_136_A,TRP_138_A,ASN_154_A,ARG_158_A,ALA_160_A"
ALA_160_A,"SER_136_A,THR_159_A,MET_161_A"
MET_161_A,"GLN_152_A,ALA_160_A"
PRO_162_A,"PHE_135_A,ARG_167_A,ILE_170_A,TRP_196_A"
PRO_163_A,"GLU_164_A,ALA_166_A"
GLU_164_A,"PRO_163_A,ARG_165_A,ARG_167_A"
ARG_165_A,"GLU_150_A,GLU_164_A,ALA_166_A"
ALA_166_A,"PRO_163_A,ARG_165_A,ARG_167_A"
ARG_167_A,"GLN_137_A,PRO_162_A,GLU_164_A,ALA_166_A,GLY_168_A,TRP_196_A,TYR_200_A"
GLY_168_A,"ARG_167_A,ALA_169_A,ARG_172_A"
ALA_169_A,"PHE_42_A,GLY_168_A,ILE_170_A,THR_173_A"
ILE_170_A,"PHE_42_A,PHE_135_A,PRO_162_A,ALA_169_A,ALA_171_A,TYR_174_A"
ALA_171_A,"ILE_170_A,ARG_172_A,TRP_196_A"
ARG_172_A,"GLY_168_A,ALA_171_A,THR_173_A,ASN_197_A,TYR_200_A,GLU_206_A"
THR_173_A,"ALA_169_A,ARG_172_A,TYR_174_A,MET_177_A"
TYR_174_A,"VAL_82_A,ILE_170_A,THR_173_A,LEU_175_A,SER_178_A,MET_193_A"
LEU_175_A,"TYR_174_A,TYR_176_A"
TYR_176_A,"ASP_115_A,HIS_117_A,LEU_175_A,MET_177_A,GLN_180_A,ASN_219_A"
MET_177_A,"VAL_82_A,THR_173_A,TYR_176_A,SER_178_A,TYR_181_A"
SER_178_A,"TYR_174_A,MET_177_A,GLU_179_A,GLY_182_A,LEU_183_A"
GLU_179_A,"SER_178_A,GLN_180_A,ARG_222_A"
GLN_180_A,"TYR_176_A,GLU_179_A,TYR_181_A"
TYR_181_A,"MET_112_A,ASP_115_A,MET_177_A,GLN_180_A,GLY_182_A"
GLY_182_A,"SER_178_A,TYR_181_A,LEU_183_A"
LEU_183_A,"PHE_87_A,SER_178_A,GLY_182_A,ARG_184_A"
ARG_184_A,"LEU_183_A,LEU_185_A"
LEU_185_A,"ARG_184_A,SER_186_A"
SER_186_A,"LEU_185_A,LYS_187_A,ASN_190_A"
LYS_187_A,"SER_186_A,ALA_188_A,GLN_191_A"
ALA_188_A,"LYS_187_A,GLN_189_A,LEU_192_A"
GLN_189_A,"ALA_188_A,ASN_190_A,MET_193_A"
ASN_190_A,"SER_186_A,GLN_189_A,GLN_191_A"
GLN_191_A,"LYS_187_A,ASN_190_A,LEU_192_A"
LEU_192_A,"ALA_188_A,GLN_191_A,MET_193_A,TRP_196_A"
MET_193_A,"TYR_174_A,GLN_189_A,LEU_192_A,GLN_194_A,ASN_197_A"
GLN_194_A,"MET_193_A,ALA_195_A"
ALA_195_A,"GLN_194_A,TRP_196_A,GLN_199_A"
TRP_196_A,"GLN_137_A,PRO_162_A,ARG_167_A,ALA_171_A,LEU_192_A,ALA_195_A,ASN_197_A,TYR_200_A"
ASN_197_A,"ARG_172_A,MET_193_A,TRP_196_A,ASN_198_A,GLN_227_A"
ASN_198_A,"ASN_197_A,GLN_199_A"
GLN_199_A,"ALA_195_A,ASN_198_A,TYR_200_A"
TYR_200_A,"ARG_167_A,ARG_172_A,TRP_196_A,GLN_199_A"
PRO_201_A,VAL_202_A
VAL_202_A,"PRO_201_A,SER_203_A"
SER_203_A,"VAL_202_A,GLU_204_A"
GLU_204_A,"SER_203_A,TRP_205_A,VAL_208_A"
TRP_205_A,"TYR_35_A,HIS_38_A,GLU_204_A,GLU_206_A,ARG_209_A"
GLU_206_A,"ARG_172_A,TRP_205_A,CYS_207_A,ASP_210_A"
CYS_207_A,"GLU_206_A,VAL_208_A,CYS_228_A"
VAL_208_A,"GLU_204_A,CYS_207_A,ARG_209_A,LYS_212_A"
ARG_209_A,"TYR_35_A,HIS_117_A,LEU_119_A,TRP_205_A,VAL_208_A,ASP_210_A,ILE_213_A"
ASP_210_A,"HIS_117_A,GLU_206_A,ARG_209_A,GLN_211_A,GLU_214_A,SER_220_A,ASN_221_A,VAL_224_A,ARG_225_A"
GLN_211_A,"ASP_210_A,LYS_212_A"
LYS_212_A,"ASP_37_A,VAL_208_A,GLN_211_A,ILE_213_A"
ILE_213_A,"ARG_209_A,LYS_212_A,GLU_214_A,GLN_217_A"
GLU_214_A,"ASP_210_A,ILE_213_A,LYS_215_A,GLY_218_A,ARG_225_A"
LYS_215_A,"GLU_214_A,VAL_216_A"
VAL_216_A,"ILE_34_A,LEU_116_A,LYS_215_A,GLN_217_A"
GLN_217_A,"ASP_115_A,LEU_116_A,ILE_213_A,VAL_216_A,GLY_218_A,ASN_219_A"
GLY_218_A,"GLU_214_A,GLN_217_A,ASN_219_A"
ASN_219_A,"HIS_117_A,TYR_176_A,GLN_217_A,GLY_218_A,SER_220_A"
SER_220_A,"ASP_210_A,ASN_219_A,ASN_221_A"
ASN_221_A,"ASP_210_A,SER_220_A,ARG_222_A,PHE_223_A,VAL_224_A,ARG_225_A"
ARG_222_A,"GLU_179_A,ASN_221_A,PHE_223_A,GLU_226_A"
PHE_223_A,"ASN_221_A,ARG_222_A,VAL_224_A"
VAL_224_A,"ASP_210_A,ASN_221_A,PHE_223_A,ARG_225_A"
ARG_225_A,"ASP_210_A,GLU_214_A,ASN_221_A,VAL_224_A,GLU_226_A"
GLU_226_A,"ARG_222_A,ARG_225_A,GLN_227_A"
GLN_227_A,"ASN_197_A,GLU_226_A,CYS_228_A"
CYS_228_A,"CYS_207_A,GLN_227_A"
PRO_229_A,ASN_230_A
ASN_230_A,PRO_229_A
