residue_id,neighbors
ARG_6_A,"LEU_7_A,ASP_31_A"
LEU_7_A,"ARG_6_A,ARG_8_A,ASP_31_A,LYS_73_A"
ARG_8_A,"LEU_7_A,VAL_9_A,VAL_33_A,PHE_70_A,ASP_71_A,LYS_73_A"
VAL_9_A,"ARG_8_A,LEU_10_A,ASP_31_A,ILE_32_A,VAL_33_A"
LEU_10_A,"VAL_9_A,GLU_11_A,PHE_67_A,PHE_70_A,CYS_72_A,LEU_74_A,THR_76_A"
GLU_11_A,"LEU_10_A,LEU_12_A,HIS_20_A,ILE_36_A,TYR_46_A,HIS_50_A"
LEU_12_A,"GLU_11_A,TYR_13_A,THR_76_A"
TYR_13_A,"LEU_12_A,SER_14_A,ILE_36_A,ILE_59_A,PRO_79_A"
SER_14_A,"TYR_13_A,GLY_15_A,GLY_17_A"
GLY_15_A,"SER_14_A,ILE_16_A,ASP_37_A"
ILE_16_A,"GLY_15_A,GLY_17_A,ILE_45_A,LEU_307_A"
GLY_17_A,"SER_14_A,ILE_16_A,GLY_18_A,TYR_21_A"
GLY_18_A,"GLY_17_A,MET_19_A,ALA_22_A"
MET_19_A,"GLY_18_A,HIS_20_A,LEU_23_A"
HIS_20_A,"GLU_11_A,MET_19_A,TYR_21_A,ASN_24_A,TYR_46_A,HIS_50_A"
TYR_21_A,"GLY_17_A,HIS_20_A,ALA_22_A,HIS_50_A,PHE_288_A,PRO_289_A,VAL_314_A"
ALA_22_A,"GLY_18_A,TYR_21_A,LEU_23_A,ALA_26_A,VAL_317_A,ILE_321_A"
LEU_23_A,"MET_19_A,ALA_22_A,ASN_24_A,ILE_32_A,ILE_321_A"
ASN_24_A,"HIS_20_A,LEU_23_A,LEU_25_A"
LEU_25_A,"ASN_24_A,ALA_26_A"
ALA_26_A,"ALA_22_A,LEU_25_A,ASN_27_A,ILE_28_A"
ASN_27_A,"ALA_26_A,ILE_28_A"
ILE_28_A,"ALA_26_A,ASN_27_A,ALA_30_A,ILE_321_A"
PRO_29_A,ALA_30_A
ALA_30_A,"ILE_28_A,PRO_29_A,ASP_31_A"
ASP_31_A,"ARG_6_A,LEU_7_A,VAL_9_A,ALA_30_A,ILE_32_A,VAL_33_A"
ILE_32_A,"VAL_9_A,LEU_23_A,ASP_31_A,VAL_33_A"
VAL_33_A,"ARG_8_A,VAL_9_A,ASP_31_A,ILE_32_A,CYS_34_A"
CYS_34_A,"VAL_33_A,ALA_35_A,PHE_70_A"
ALA_35_A,"CYS_34_A,ILE_36_A,TYR_46_A,LYS_55_A"
ILE_36_A,"GLU_11_A,TYR_13_A,ALA_35_A,ASP_37_A,ILE_59_A"
ASP_37_A,"GLY_15_A,ILE_36_A,ILE_38_A,ASN_39_A"
ILE_38_A,"ASP_37_A,ASN_39_A,HIS_56_A"
ASN_39_A,"ASP_37_A,ILE_38_A,GLN_41_A"
PRO_40_A,"GLN_41_A,GLU_44_A"
GLN_41_A,"ASN_39_A,PRO_40_A,ALA_42_A"
ALA_42_A,"GLN_41_A,ASN_43_A,TYR_46_A"
ASN_43_A,"ALA_42_A,GLU_44_A,ASN_47_A"
GLU_44_A,"PRO_40_A,ASN_43_A,ILE_45_A,ASN_298_A"
ILE_45_A,"ILE_16_A,GLU_44_A,TYR_46_A,ASN_49_A,TRP_294_A,VAL_299_A"
TYR_46_A,"GLU_11_A,HIS_20_A,ALA_35_A,ALA_42_A,ILE_45_A,ASN_47_A,HIS_50_A,ALA_54_A"
ASN_47_A,"ASN_43_A,TYR_46_A,LEU_48_A,LEU_53_A,ALA_54_A"
LEU_48_A,"ASN_47_A,ASN_49_A"
ASN_49_A,"ILE_45_A,LEU_48_A,HIS_50_A,GLU_293_A"
HIS_50_A,"GLU_11_A,HIS_20_A,TYR_21_A,TYR_46_A,ASN_49_A,GLY_51_A"
GLY_51_A,"HIS_50_A,LYS_52_A,LEU_53_A"
LYS_52_A,"GLY_51_A,LEU_53_A"
LEU_53_A,"ASN_47_A,GLY_51_A,LYS_52_A,ALA_54_A"
ALA_54_A,"TYR_46_A,ASN_47_A,LEU_53_A,LYS_55_A"
LYS_55_A,"ALA_35_A,ALA_54_A,HIS_56_A"
HIS_56_A,"ILE_38_A,LYS_55_A,MET_57_A"
MET_57_A,"HIS_56_A,ASP_58_A"
ASP_58_A,"MET_57_A,ILE_59_A,SER_60_A,THR_61_A,ASP_95_A"
ILE_59_A,"TYR_13_A,ILE_36_A,ASP_58_A,SER_60_A,ILE_104_A"
SER_60_A,"ASP_58_A,ILE_59_A,THR_61_A"
THR_61_A,"ASP_58_A,SER_60_A,LEU_62_A"
LEU_62_A,"THR_61_A,THR_63_A,ASP_66_A,PHE_67_A,ASN_103_A"
THR_63_A,"LEU_62_A,ALA_64_A,ASP_66_A"
ALA_64_A,"THR_63_A,LYS_65_A,ASP_68_A"
LYS_65_A,"ALA_64_A,ASP_66_A,ALA_69_A"
ASP_66_A,"LEU_62_A,THR_63_A,LYS_65_A,PHE_67_A,PHE_70_A"
PHE_67_A,"LEU_10_A,LEU_62_A,ASP_66_A,ASP_68_A,ASP_71_A,TRP_75_A,VAL_107_A,VAL_111_A"
ASP_68_A,"ALA_64_A,PHE_67_A,ALA_69_A,ASN_112_A"
ALA_69_A,"LYS_65_A,ASP_68_A,PHE_70_A"
PHE_70_A,"ARG_8_A,LEU_10_A,CYS_34_A,ASP_66_A,ALA_69_A,ASP_71_A"
ASP_71_A,"ARG_8_A,PHE_67_A,PHE_70_A,CYS_72_A"
CYS_72_A,"LEU_10_A,ASP_71_A,LYS_73_A"
LYS_73_A,"LEU_7_A,ARG_8_A,CYS_72_A,LEU_74_A,GLU_116_A"
LEU_74_A,"LEU_10_A,LYS_73_A,TRP_75_A,TYR_117_A"
TRP_75_A,"PHE_67_A,LEU_74_A,THR_76_A,LEU_108_A,PRO_115_A,LEU_119_A"
THR_76_A,"LEU_10_A,LEU_12_A,TRP_75_A,MET_77_A"
MET_77_A,"THR_76_A,SER_78_A,LEU_119_A,GLU_121_A"
SER_78_A,"MET_77_A,GLU_121_A"
PRO_79_A,"TYR_13_A,SER_80_A,PHE_101_A,ASN_122_A"
SER_80_A,"PRO_79_A,CYS_81_A"
CYS_81_A,"SER_80_A,GLN_82_A"
GLN_82_A,CYS_81_A
PRO_83_A,PHE_84_A
PHE_84_A,"PRO_83_A,THR_85_A,VAL_123_A"
THR_85_A,"PHE_84_A,ARG_86_A"
ARG_86_A,"THR_85_A,ILE_87_A,LYS_91_A,ARG_97_A"
ILE_87_A,"ARG_86_A,GLY_88_A"
GLY_88_A,"ILE_87_A,ASN_89_A,LYS_91_A"
ASN_89_A,"GLY_88_A,ARG_90_A,LYS_91_A"
ARG_90_A,"ASN_89_A,LYS_91_A,ASP_92_A"
LYS_91_A,"ARG_86_A,GLY_88_A,ASN_89_A,ARG_90_A,ASP_92_A,LEU_94_A,ARG_97_A"
ASP_92_A,"ARG_90_A,LYS_91_A,ILE_93_A"
ILE_93_A,"ASP_92_A,LEU_94_A"
LEU_94_A,"LYS_91_A,ILE_93_A,ASP_95_A"
ASP_95_A,"ASP_58_A,LEU_94_A,ARG_97_A"
PRO_96_A,ARG_97_A
ARG_97_A,"ARG_86_A,LYS_91_A,ASP_95_A,PRO_96_A,SER_98_A"
SER_98_A,"ARG_97_A,GLN_99_A"
GLN_99_A,"SER_98_A,ALA_100_A,ASN_103_A"
ALA_100_A,"GLN_99_A,PHE_101_A"
PHE_101_A,"PRO_79_A,ALA_100_A,LEU_102_A,LEU_105_A"
LEU_102_A,"PHE_101_A,ASN_103_A,ASN_106_A"
ASN_103_A,"LEU_62_A,GLN_99_A,LEU_102_A,ILE_104_A,VAL_107_A"
ILE_104_A,"ILE_59_A,ASN_103_A,LEU_105_A,LEU_108_A"
LEU_105_A,"PHE_101_A,ILE_104_A,ASN_106_A,VAL_138_A"
ASN_106_A,"LEU_102_A,LEU_105_A,VAL_107_A"
VAL_107_A,"PHE_67_A,ASN_103_A,ASN_106_A,LEU_108_A,HIS_110_A"
LEU_108_A,"TRP_75_A,ILE_104_A,VAL_107_A,LEU_114_A,LEU_139_A"
PRO_109_A,"HIS_110_A,VAL_138_A"
HIS_110_A,"VAL_107_A,PRO_109_A,VAL_111_A"
VAL_111_A,"PHE_67_A,HIS_110_A,ASN_112_A"
ASN_112_A,"ASP_68_A,VAL_111_A,ASN_113_A"
ASN_113_A,"ASN_112_A,LEU_114_A"
LEU_114_A,"LEU_108_A,ASN_113_A"
PRO_115_A,"TRP_75_A,GLU_116_A,TYR_144_A"
GLU_116_A,"LYS_73_A,PRO_115_A,TYR_117_A,LEU_171_A"
TYR_117_A,"LEU_74_A,GLU_116_A,ILE_118_A,LEU_325_A,LEU_328_A"
ILE_118_A,"TYR_117_A,LEU_119_A,TYR_144_A,ALA_169_A"
LEU_119_A,"TRP_75_A,MET_77_A,ILE_118_A,ILE_120_A,LEU_168_A"
ILE_120_A,"LEU_119_A,GLU_121_A,TRP_165_A,GLY_167_A"
GLU_121_A,"MET_77_A,SER_78_A,ILE_120_A,ASN_122_A,ARG_162_A,ARG_164_A,TYR_166_A"
ASN_122_A,"PRO_79_A,GLU_121_A,VAL_123_A,PHE_126_A,TRP_165_A"
VAL_123_A,"PHE_84_A,ASN_122_A,GLN_124_A"
GLN_124_A,"VAL_123_A,GLY_125_A"
GLY_125_A,"GLN_124_A,PHE_126_A,GLU_127_A"
PHE_126_A,"ASN_122_A,GLY_125_A,GLU_127_A,SER_129_A,ALA_132_A,TRP_165_A"
GLU_127_A,"GLY_125_A,PHE_126_A,GLU_128_A,ARG_136_A"
GLU_128_A,"GLU_127_A,SER_129_A"
SER_129_A,"PHE_126_A,GLU_128_A,LYS_130_A"
LYS_130_A,"SER_129_A,ALA_131_A,GLU_134_A"
ALA_131_A,"LYS_130_A,ALA_132_A,CYS_135_A"
ALA_132_A,"PHE_126_A,ALA_131_A,GLU_133_A,ARG_136_A"
GLU_133_A,"ALA_132_A,GLU_134_A,LYS_137_A"
GLU_134_A,"LYS_130_A,GLU_133_A,CYS_135_A,LYS_137_A"
CYS_135_A,"ALA_131_A,GLU_134_A,ARG_136_A"
ARG_136_A,"GLU_127_A,ALA_132_A,CYS_135_A,LYS_137_A,ARG_140_A,GLU_148_A"
LYS_137_A,"GLU_133_A,GLU_134_A,ARG_136_A,VAL_138_A,ASN_141_A"
VAL_138_A,"LEU_105_A,PRO_109_A,LYS_137_A,LEU_139_A,CYS_142_A"
LEU_139_A,"LEU_108_A,VAL_138_A,ARG_140_A,TYR_144_A"
ARG_140_A,"ARG_136_A,LEU_139_A,ASN_141_A"
ASN_141_A,"LYS_137_A,ARG_140_A,CYS_142_A"
CYS_142_A,"VAL_138_A,ASN_141_A,GLY_143_A"
GLY_143_A,"CYS_142_A,TYR_144_A,ASN_172_A"
TYR_144_A,"PRO_115_A,ILE_118_A,LEU_139_A,GLY_143_A,ASN_145_A,LEU_171_A"
ASN_145_A,"TYR_144_A,LEU_146_A,ARG_170_A,PHE_173_A,TRP_177_A"
LEU_146_A,"ASN_145_A,ILE_147_A"
ILE_147_A,"LEU_146_A,GLU_148_A,LEU_168_A,TRP_177_A"
GLU_148_A,"ARG_136_A,ILE_147_A,GLY_149_A,TRP_165_A"
GLY_149_A,"GLU_148_A,ILE_150_A,TYR_166_A"
ILE_150_A,"GLY_149_A,LEU_151_A,TRP_165_A"
LEU_151_A,"ILE_150_A,SER_152_A,ARG_164_A,PHE_183_A"
SER_152_A,"LEU_151_A,GLN_155_A"
PRO_153_A,"ASN_154_A,PHE_156_A,ILE_158_A"
ASN_154_A,"PRO_153_A,GLN_155_A"
GLN_155_A,"SER_152_A,ASN_154_A,PHE_156_A,PHE_183_A"
PHE_156_A,"PRO_153_A,GLN_155_A,ASN_157_A,PHE_183_A,TYR_319_A"
ASN_157_A,"PHE_156_A,ILE_158_A,VAL_188_A,GLU_194_A,LYS_196_A"
ILE_158_A,"PRO_153_A,ASN_157_A,ASN_160_A"
PRO_159_A,"ASN_160_A,TYR_201_A"
ASN_160_A,"ILE_158_A,PRO_159_A,SER_161_A,CYS_236_A"
SER_161_A,"ASN_160_A,ARG_162_A,CYS_235_A"
ARG_162_A,"GLU_121_A,SER_161_A,SER_163_A,ARG_164_A,PHE_238_A,GLY_309_A,SER_311_A"
SER_163_A,"ARG_162_A,ARG_164_A"
ARG_164_A,"GLU_121_A,LEU_151_A,ARG_162_A,SER_163_A,TRP_165_A"
TRP_165_A,"ILE_120_A,ASN_122_A,PHE_126_A,GLU_148_A,ILE_150_A,ARG_164_A,TYR_166_A"
TYR_166_A,"GLU_121_A,GLY_149_A,TRP_165_A,GLY_167_A,VAL_317_A,LEU_320_A"
GLY_167_A,"ILE_120_A,TYR_166_A,LEU_168_A"
LEU_168_A,"LEU_119_A,ILE_147_A,GLY_167_A,ALA_169_A"
ALA_169_A,"ILE_118_A,LEU_168_A,ARG_170_A"
ARG_170_A,"ASN_145_A,ALA_169_A,LEU_171_A,PHE_173_A,TRP_177_A,LEU_323_A,GLU_326_A"
LEU_171_A,"GLU_116_A,TYR_144_A,ARG_170_A,ASN_172_A"
ASN_172_A,"GLY_143_A,LEU_171_A,PHE_173_A"
PHE_173_A,"ASN_145_A,ARG_170_A,ASN_172_A,LYS_174_A"
LYS_174_A,"PHE_173_A,GLY_175_A"
GLY_175_A,"LYS_174_A,GLU_176_A"
GLU_176_A,"GLY_175_A,TRP_177_A"
TRP_177_A,"ASN_145_A,ILE_147_A,ARG_170_A,GLU_176_A,SER_178_A"
SER_178_A,"TRP_177_A,ILE_179_A,ASP_181_A"
ILE_179_A,"SER_178_A,ASP_180_A,LEU_320_A"
ASP_180_A,"ILE_179_A,ASP_181_A"
ASP_181_A,"SER_178_A,ASP_180_A,VAL_182_A"
VAL_182_A,"ASP_181_A,PHE_183_A,TYR_319_A"
PHE_183_A,"LEU_151_A,GLN_155_A,PHE_156_A,VAL_182_A,GLN_184_A"
GLN_184_A,"PHE_183_A,PHE_185_A"
PHE_185_A,"GLN_184_A,SER_186_A,TYR_319_A"
SER_186_A,"PHE_185_A,GLU_187_A,VAL_188_A"
GLU_187_A,"SER_186_A,VAL_188_A"
VAL_188_A,"ASN_157_A,SER_186_A,GLU_187_A,ALA_189_A"
ALA_189_A,"VAL_188_A,GLN_190_A"
GLN_190_A,"ALA_189_A,LYS_191_A,GLU_192_A"
LYS_191_A,"GLN_190_A,GLU_192_A,GLU_194_A"
GLU_192_A,"GLN_190_A,LYS_191_A,GLY_193_A,ARG_197_A"
GLY_193_A,"GLU_192_A,GLU_194_A"
GLU_194_A,"ASN_157_A,LYS_191_A,GLY_193_A,VAL_195_A"
VAL_195_A,"GLU_194_A,LYS_196_A"
LYS_196_A,"ASN_157_A,VAL_195_A,ARG_197_A,ASP_200_A"
ARG_197_A,"GLU_192_A,LYS_196_A,ILE_198_A,ARG_199_A,ASP_200_A,ASP_231_A"
ILE_198_A,"ARG_197_A,ARG_199_A,ASP_200_A,TYR_201_A,LEU_202_A,SER_232_A,PHE_277_A"
ARG_199_A,"ARG_197_A,ILE_198_A,ASP_200_A,PRO_230_A,ASP_231_A"
ASP_200_A,"LYS_196_A,ARG_197_A,ILE_198_A,ARG_199_A,TYR_201_A"
TYR_201_A,"PRO_159_A,ILE_198_A,ASP_200_A,LEU_202_A,LEU_285_A"
LEU_202_A,"ILE_198_A,TYR_201_A,GLU_203_A,PHE_277_A"
GLU_203_A,"LEU_202_A,ILE_204_A,ARG_206_A,THR_278_A,ARG_280_A,GLU_281_A,ARG_284_A,GLU_301_A"
ILE_204_A,"GLU_203_A,GLU_205_A"
GLU_205_A,"ILE_204_A,ARG_206_A"
ARG_206_A,"GLU_203_A,GLU_205_A,ASP_207_A,TRP_208_A,GLU_301_A"
ASP_207_A,"ARG_206_A,TRP_208_A,SER_209_A"
TRP_208_A,"ARG_206_A,ASP_207_A,SER_209_A,TYR_211_A,THR_278_A"
SER_209_A,"ASP_207_A,TRP_208_A,SER_210_A"
SER_210_A,"SER_209_A,TYR_211_A"
TYR_211_A,"TRP_208_A,SER_210_A,MET_212_A,TYR_276_A,THR_278_A,GLU_301_A"
MET_212_A,"TYR_211_A,VAL_213_A"
VAL_213_A,"MET_212_A,LEU_214_A,LEU_218_A,LEU_274_A"
LEU_214_A,"VAL_213_A,GLU_215_A,LEU_218_A"
GLU_215_A,"LEU_214_A,SER_216_A,ASN_219_A,MET_270_A"
SER_216_A,"GLU_215_A,VAL_217_A"
VAL_217_A,"SER_216_A,LEU_218_A,TRP_221_A,VAL_246_A"
LEU_218_A,"VAL_213_A,LEU_214_A,VAL_217_A,ASN_219_A,PHE_225_A,ARG_269_A"
ASN_219_A,"GLU_215_A,LEU_218_A,LYS_220_A"
LYS_220_A,"ASN_219_A,TRP_221_A"
TRP_221_A,"VAL_217_A,LYS_220_A,GLY_222_A,GLN_224_A"
GLY_222_A,"TRP_221_A,HIS_223_A"
HIS_223_A,"GLY_222_A,GLN_224_A,HIS_262_A,GLU_266_A,ARG_269_A"
GLN_224_A,"TRP_221_A,HIS_223_A,PHE_225_A,VAL_246_A"
PHE_225_A,"LEU_218_A,GLN_224_A,ASP_226_A,VAL_246_A,ILE_252_A"
ASP_226_A,"PHE_225_A,ILE_227_A,SER_251_A,ILE_252_A"
ILE_227_A,"ASP_226_A,VAL_228_A,GLN_254_A,LEU_274_A"
VAL_228_A,"ILE_227_A,LYS_229_A,ILE_252_A,GLN_254_A"
LYS_229_A,"VAL_228_A,ASP_231_A,SER_232_A"
PRO_230_A,"ARG_199_A,ASP_231_A"
ASP_231_A,"ARG_197_A,ARG_199_A,LYS_229_A,PRO_230_A,SER_232_A"
SER_232_A,"ILE_198_A,LYS_229_A,ASP_231_A,SER_233_A"
SER_233_A,"SER_232_A,SER_234_A"
SER_234_A,"SER_233_A,CYS_235_A"
CYS_235_A,"SER_161_A,SER_234_A,CYS_236_A"
CYS_236_A,"ASN_160_A,CYS_235_A,CYS_237_A,SER_251_A"
CYS_237_A,"CYS_236_A,PHE_238_A"
PHE_238_A,"ARG_162_A,CYS_237_A,THR_239_A,PHE_277_A,MET_286_A"
THR_239_A,"PHE_238_A,ARG_240_A"
ARG_240_A,"THR_239_A,GLY_241_A,ARG_306_A"
GLY_241_A,"ARG_240_A,TYR_242_A,HIS_244_A,LEU_245_A"
TYR_242_A,"GLY_241_A,THR_243_A,SER_251_A,PHE_277_A"
THR_243_A,"TYR_242_A,HIS_244_A,TYR_276_A"
HIS_244_A,"GLY_241_A,THR_243_A,LEU_245_A,ARG_306_A"
LEU_245_A,"GLY_241_A,HIS_244_A,VAL_246_A"
VAL_246_A,"VAL_217_A,GLN_224_A,PHE_225_A,LEU_245_A,GLN_247_A"
GLN_247_A,"VAL_246_A,GLY_248_A"
GLY_248_A,"GLN_247_A,ALA_249_A"
ALA_249_A,"GLY_248_A,GLY_250_A"
GLY_250_A,"ALA_249_A,SER_251_A"
SER_251_A,"ASP_226_A,CYS_236_A,TYR_242_A,GLY_250_A,ILE_252_A"
ILE_252_A,"PHE_225_A,ASP_226_A,VAL_228_A,SER_251_A,LEU_253_A,TYR_276_A"
LEU_253_A,"ILE_252_A,GLN_254_A,ARG_275_A"
GLN_254_A,"ILE_227_A,VAL_228_A,LEU_253_A,MET_255_A,HIS_258_A,THR_261_A"
MET_255_A,"GLN_254_A,SER_256_A"
SER_256_A,"MET_255_A,ASP_257_A,HIS_258_A"
ASP_257_A,"SER_256_A,HIS_258_A"
HIS_258_A,"GLN_254_A,SER_256_A,ASP_257_A,GLU_259_A"
GLU_259_A,"HIS_258_A,ASN_260_A"
ASN_260_A,"GLU_259_A,THR_261_A"
THR_261_A,"GLN_254_A,ASN_260_A,HIS_262_A,PHE_265_A"
HIS_262_A,"HIS_223_A,THR_261_A,GLU_263_A,GLU_266_A"
GLU_263_A,"HIS_262_A,GLN_264_A,ARG_267_A"
GLN_264_A,"GLU_263_A,PHE_265_A,ASN_268_A,LEU_272_A"
PHE_265_A,"THR_261_A,GLN_264_A,GLU_266_A,LEU_272_A"
GLU_266_A,"HIS_223_A,HIS_262_A,PHE_265_A,ARG_267_A,ARG_269_A"
ARG_267_A,"GLU_263_A,GLU_266_A,ASN_268_A"
ASN_268_A,"GLN_264_A,ARG_267_A,ARG_269_A"
ARG_269_A,"LEU_218_A,HIS_223_A,GLU_266_A,ASN_268_A,MET_270_A"
MET_270_A,"GLU_215_A,ARG_269_A,ALA_271_A"
ALA_271_A,"MET_270_A,LEU_272_A"
LEU_272_A,"GLN_264_A,PHE_265_A,ALA_271_A,GLN_273_A,LEU_274_A"
GLN_273_A,"LEU_272_A,LEU_274_A"
LEU_274_A,"VAL_213_A,ILE_227_A,LEU_272_A,GLN_273_A,ARG_275_A"
ARG_275_A,"LEU_253_A,LEU_274_A,TYR_276_A,GLU_281_A"
TYR_276_A,"TYR_211_A,THR_243_A,ILE_252_A,ARG_275_A,PHE_277_A"
PHE_277_A,"ILE_198_A,LEU_202_A,PHE_238_A,TYR_242_A,TYR_276_A,THR_278_A,TYR_305_A"
THR_278_A,"GLU_203_A,TRP_208_A,TYR_211_A,PHE_277_A,ALA_279_A,GLU_281_A,VAL_282_A"
ALA_279_A,"THR_278_A,ARG_280_A,ALA_283_A,GLU_301_A"
ARG_280_A,"GLU_203_A,ALA_279_A,GLU_281_A,ARG_284_A,GLU_290_A,LEU_292_A"
GLU_281_A,"GLU_203_A,ARG_275_A,THR_278_A,ARG_280_A,VAL_282_A,ARG_284_A,LEU_285_A"
VAL_282_A,"THR_278_A,GLU_281_A,ALA_283_A,MET_286_A"
ALA_283_A,"ALA_279_A,VAL_282_A,ARG_284_A,PHE_288_A"
ARG_284_A,"GLU_203_A,ARG_280_A,GLU_281_A,ALA_283_A,LEU_285_A,GLY_287_A,GLU_290_A"
LEU_285_A,"TYR_201_A,GLU_281_A,ARG_284_A,MET_286_A"
MET_286_A,"PHE_238_A,VAL_282_A,LEU_285_A,GLY_287_A,VAL_314_A"
GLY_287_A,"ARG_284_A,MET_286_A,PHE_288_A"
PHE_288_A,"TYR_21_A,ALA_283_A,GLY_287_A"
PRO_289_A,"TYR_21_A,GLU_290_A"
GLU_290_A,"ARG_280_A,ARG_284_A,PRO_289_A,SER_291_A"
SER_291_A,"GLU_290_A,LEU_292_A"
LEU_292_A,"ARG_280_A,SER_291_A,GLU_293_A"
GLU_293_A,"ASN_49_A,LEU_292_A,TRP_294_A,LYS_296_A"
TRP_294_A,"ILE_45_A,GLU_293_A,SER_295_A,SER_297_A,MET_304_A"
SER_295_A,"TRP_294_A,LYS_296_A"
LYS_296_A,"GLU_293_A,SER_295_A,SER_297_A"
SER_297_A,"TRP_294_A,LYS_296_A,ASN_298_A"
ASN_298_A,"GLU_44_A,SER_297_A,VAL_299_A"
VAL_299_A,"ILE_45_A,ASN_298_A,THR_300_A,CYS_303_A"
THR_300_A,"VAL_299_A,GLU_301_A,CYS_303_A,MET_304_A"
GLU_301_A,"GLU_203_A,ARG_206_A,TYR_211_A,ALA_279_A,THR_300_A,LYS_302_A"
LYS_302_A,"GLU_301_A,CYS_303_A"
CYS_303_A,"VAL_299_A,THR_300_A,LYS_302_A,MET_304_A"
MET_304_A,"TRP_294_A,THR_300_A,CYS_303_A,TYR_305_A,LEU_308_A"
TYR_305_A,"PHE_277_A,MET_304_A,ARG_306_A,GLY_309_A"
ARG_306_A,"ARG_240_A,HIS_244_A,TYR_305_A,LEU_307_A"
LEU_307_A,"ILE_16_A,ARG_306_A,LEU_308_A,SER_311_A"
LEU_308_A,"MET_304_A,LEU_307_A,GLY_309_A,SER_311_A"
GLY_309_A,"ARG_162_A,TYR_305_A,LEU_308_A,ASN_310_A"
ASN_310_A,"GLY_309_A,SER_311_A"
SER_311_A,"ARG_162_A,LEU_307_A,LEU_308_A,ASN_310_A,ILE_312_A"
ILE_312_A,"SER_311_A,ASN_313_A,VAL_317_A"
ASN_313_A,"ILE_312_A,VAL_314_A,LYS_315_A,VAL_316_A"
VAL_314_A,"TYR_21_A,MET_286_A,ASN_313_A,LYS_315_A,SER_318_A"
LYS_315_A,"ASN_313_A,VAL_314_A,VAL_316_A,SER_318_A"
VAL_316_A,"ASN_313_A,LYS_315_A,VAL_317_A"
VAL_317_A,"ALA_22_A,TYR_166_A,ILE_312_A,VAL_316_A,SER_318_A,ILE_321_A"
SER_318_A,"VAL_314_A,LYS_315_A,VAL_317_A,TYR_319_A,SER_322_A"
TYR_319_A,"PHE_156_A,VAL_182_A,PHE_185_A,SER_318_A,LEU_320_A"
LEU_320_A,"TYR_166_A,ILE_179_A,TYR_319_A,ILE_321_A,LEU_324_A"
ILE_321_A,"ALA_22_A,LEU_23_A,ILE_28_A,VAL_317_A,LEU_320_A,SER_322_A,LEU_325_A"
SER_322_A,"SER_318_A,ILE_321_A,LEU_323_A"
LEU_323_A,"ARG_170_A,SER_322_A,LEU_324_A"
LEU_324_A,"LEU_320_A,LEU_323_A,LEU_325_A"
LEU_325_A,"TYR_117_A,ILE_321_A,LEU_324_A,GLU_326_A"
GLU_326_A,"ARG_170_A,LEU_325_A,LEU_328_A,ASN_329_A"
PRO_327_A,LEU_328_A
LEU_328_A,"TYR_117_A,GLU_326_A,PRO_327_A,ASN_329_A,PHE_330_A"
ASN_329_A,"GLU_326_A,LEU_328_A,PHE_330_A"
PHE_330_A,"LEU_328_A,ASN_329_A"
