residue_id,neighbors
PRO_5_A,ILE_6_A
ILE_6_A,"PRO_5_A,PHE_7_A"
PHE_7_A,"ILE_6_A,LEU_8_A,GLY_237_A,LEU_238_A,GLN_260_A"
LEU_8_A,"PHE_7_A,PHE_241_A"
PRO_10_A,TYR_13_A
PRO_11_A,ASN_12_A
ASN_12_A,"PRO_11_A,TYR_13_A"
TYR_13_A,"PRO_10_A,ASN_12_A,LEU_14_A,LYS_92_A"
LEU_14_A,"TYR_13_A,PHE_15_A,PHE_241_A"
PHE_15_A,"LEU_14_A,VAL_16_A"
VAL_16_A,"PHE_15_A,ARG_17_A,ILE_243_A"
ARG_17_A,"VAL_16_A,ASP_18_A,GLU_27_A,PRO_97_A,THR_99_A,GLN_101_A"
ASP_18_A,"ARG_17_A,VAL_19_A"
VAL_19_A,"ASP_18_A,TRP_20_A,GLN_101_A,PHE_102_A"
TRP_20_A,"VAL_19_A,LYS_21_A,ASN_23_A,ASN_103_A,LYS_130_A"
LYS_21_A,"TRP_20_A,SER_22_A,LEU_134_A,GLU_140_A"
SER_22_A,"LYS_21_A,ASN_23_A"
ASN_23_A,"TRP_20_A,SER_22_A,LEU_24_A"
LEU_24_A,"ASN_23_A,TYR_25_A,ILE_136_A,LEU_144_A"
TYR_25_A,"LEU_24_A,SER_26_A,ALA_29_A,GLU_140_A"
SER_26_A,"TYR_25_A,GLU_27_A"
GLU_27_A,"ARG_17_A,SER_26_A,PHE_28_A,ILE_31_A"
PHE_28_A,"GLU_27_A,ALA_29_A,ARG_32_A,PHE_102_A,PHE_141_A,LEU_144_A"
ALA_29_A,"TYR_25_A,PHE_28_A,VAL_30_A"
VAL_30_A,"ALA_29_A,ILE_31_A,LEU_34_A"
ILE_31_A,"GLU_27_A,VAL_30_A,ARG_32_A"
ARG_32_A,"PHE_28_A,ILE_31_A,GLN_33_A"
GLN_33_A,"ARG_32_A,LEU_34_A"
LEU_34_A,"VAL_30_A,GLN_33_A,VAL_35_A,TYR_38_A,TRP_100_A"
VAL_35_A,"LEU_34_A,SER_36_A,LEU_150_A"
SER_36_A,"VAL_35_A,GLN_37_A"
GLN_37_A,"SER_36_A,TYR_38_A"
TYR_38_A,"LEU_34_A,GLN_37_A,ASN_39_A"
ASN_39_A,"TYR_38_A,HIS_40_A,THR_157_A"
HIS_40_A,"ASN_39_A,VAL_41_A,SER_86_A"
VAL_41_A,"HIS_40_A,SER_42_A,LEU_85_A,LEU_150_A,THR_157_A,ILE_159_A"
SER_42_A,"VAL_41_A,ILE_43_A,SER_84_A,SER_251_A"
ILE_43_A,"SER_42_A,SER_44_A,LEU_170_A"
SER_44_A,"ILE_43_A,THR_45_A,GLY_82_A"
THR_45_A,"SER_44_A,GLU_46_A,ASP_166_A"
GLU_46_A,"THR_45_A,PHE_47_A,ILE_79_A,GLN_80_A"
PHE_47_A,"GLU_46_A,VAL_48_A,PHE_169_A"
VAL_48_A,"PHE_47_A,GLY_49_A,ASN_77_A,ILE_79_A,MET_113_A,LEU_121_A"
GLY_49_A,VAL_48_A
SER_60_A,LYS_61_A
LYS_61_A,"SER_60_A,VAL_62_A"
VAL_62_A,"LYS_61_A,ASP_63_A,LYS_183_A,TYR_283_A"
ASP_63_A,"VAL_62_A,TYR_64_A,GLU_184_A"
TYR_64_A,"ASP_63_A,HIS_65_A,THR_68_A"
HIS_65_A,"TYR_64_A,TYR_66_A,MET_69_A"
TYR_66_A,"HIS_65_A,GLN_67_A,ARG_70_A,ASN_182_A"
GLN_67_A,"TYR_66_A,THR_68_A,ARG_70_A"
THR_68_A,"TYR_64_A,GLN_67_A,MET_69_A,ASN_72_A"
MET_69_A,"HIS_65_A,THR_68_A,ARG_70_A,VAL_73_A,TYR_165_A,MET_179_A"
ARG_70_A,"TYR_66_A,GLN_67_A,MET_69_A,ALA_71_A"
ALA_71_A,"ARG_70_A,ASN_72_A"
ASN_72_A,"THR_68_A,ALA_71_A,VAL_73_A"
VAL_73_A,"MET_69_A,ASN_72_A,ASP_74_A,ASN_172_A"
ASP_74_A,"VAL_73_A,PHE_75_A"
PHE_75_A,"ASP_74_A,LEU_76_A"
LEU_76_A,"PHE_75_A,ASN_77_A"
ASN_77_A,"VAL_48_A,LEU_76_A"
PRO_78_A,"ILE_79_A,PHE_169_A"
ILE_79_A,"GLU_46_A,VAL_48_A,PRO_78_A,GLN_80_A,PHE_104_A,PHE_106_A"
GLN_80_A,"GLU_46_A,ILE_79_A,LEU_81_A,THR_247_A"
LEU_81_A,"GLN_80_A,GLY_82_A,PHE_102_A,PHE_104_A,PHE_169_A"
GLY_82_A,"SER_44_A,LEU_81_A,LEU_83_A"
LEU_83_A,"GLY_82_A,SER_84_A,TRP_100_A"
SER_84_A,"SER_42_A,LEU_83_A,LEU_85_A,LYS_92_A,THR_99_A"
LEU_85_A,"VAL_41_A,SER_84_A,SER_86_A,LYS_92_A,SER_98_A"
SER_86_A,"HIS_40_A,LEU_85_A,ASP_87_A"
ASP_87_A,"SER_86_A,ALA_88_A,ASN_89_A,GLY_90_A,ASN_91_A"
ALA_88_A,"ASP_87_A,ASN_89_A"
ASN_89_A,"ASP_87_A,ALA_88_A,GLY_90_A"
GLY_90_A,"ASP_87_A,ASN_89_A,ASN_91_A"
ASN_91_A,"ASP_87_A,GLY_90_A,LYS_92_A"
LYS_92_A,"TYR_13_A,SER_84_A,LEU_85_A,ASN_91_A"
PRO_93_A,ASP_94_A
ASP_94_A,"PRO_93_A,ASN_95_A"
ASN_95_A,"ASP_94_A,GLY_96_A"
GLY_96_A,ASN_95_A
PRO_97_A,"ARG_17_A,SER_98_A"
SER_98_A,"LEU_85_A,PRO_97_A,THR_99_A"
THR_99_A,"ARG_17_A,SER_84_A,SER_98_A,TRP_100_A"
TRP_100_A,"LEU_34_A,LEU_83_A,THR_99_A,GLN_101_A,PHE_102_A"
GLN_101_A,"ARG_17_A,VAL_19_A,TRP_100_A,PHE_102_A"
PHE_102_A,"VAL_19_A,PHE_28_A,LEU_81_A,TRP_100_A,GLN_101_A,ASN_103_A,PHE_141_A"
ASN_103_A,"TRP_20_A,PHE_102_A,PHE_104_A,ILE_136_A"
PHE_104_A,"ILE_79_A,LEU_81_A,ASN_103_A,GLU_105_A,HIS_131_A,ILE_136_A,PHE_141_A"
GLU_105_A,"PHE_104_A,PHE_106_A,ASP_107_A,ILE_136_A,ASP_137_A"
PHE_106_A,"ILE_79_A,GLU_105_A,ASP_107_A,LYS_110_A,MET_113_A,PHE_128_A,HIS_131_A"
ASP_107_A,"GLU_105_A,PHE_106_A,LYS_109_A,LYS_110_A"
PRO_108_A,"LYS_109_A,GLU_132_A"
LYS_109_A,"ASP_107_A,PRO_108_A,LYS_110_A,GLU_111_A"
LYS_110_A,"PHE_106_A,ASP_107_A,LYS_109_A,GLU_111_A,ILE_112_A"
GLU_111_A,"LYS_109_A,LYS_110_A,ILE_112_A"
ILE_112_A,"LYS_110_A,GLU_111_A,MET_113_A"
MET_113_A,"VAL_48_A,PHE_106_A,ILE_112_A,SER_114_A,LEU_118_A"
SER_114_A,"MET_113_A,THR_115_A,LEU_118_A"
THR_115_A,"SER_114_A,GLU_116_A,GLU_119_A"
GLU_116_A,"THR_115_A,SER_117_A,LEU_120_A"
SER_117_A,"GLU_116_A,LEU_118_A,LEU_121_A"
LEU_118_A,"MET_113_A,SER_114_A,SER_117_A,GLU_119_A"
GLU_119_A,"THR_115_A,LEU_118_A,LEU_120_A,ARG_122_A"
LEU_120_A,"GLU_116_A,GLU_119_A,LEU_121_A"
LEU_121_A,"VAL_48_A,SER_117_A,LEU_120_A,ARG_122_A"
ARG_122_A,"GLU_119_A,LEU_121_A,LYS_123_A,GLY_125_A"
LYS_123_A,"ARG_122_A,SER_124_A,GLY_125_A"
SER_124_A,"LYS_123_A,GLY_125_A"
GLY_125_A,"ARG_122_A,LYS_123_A,SER_124_A,ILE_126_A"
ILE_126_A,"GLY_125_A,ASN_127_A"
ASN_127_A,"ILE_126_A,PHE_128_A"
PHE_128_A,"PHE_106_A,ASN_127_A,GLU_129_A"
GLU_129_A,"PHE_128_A,LYS_130_A,GLU_132_A"
LYS_130_A,"TRP_20_A,GLU_129_A,HIS_131_A,LEU_134_A"
HIS_131_A,"PHE_104_A,PHE_106_A,LYS_130_A,GLU_132_A"
GLU_132_A,"PRO_108_A,GLU_129_A,HIS_131_A,ASN_133_A"
ASN_133_A,"GLU_132_A,LEU_134_A"
LEU_134_A,"LYS_21_A,LYS_130_A,ASN_133_A,GLY_135_A"
GLY_135_A,"LEU_134_A,ILE_136_A"
ILE_136_A,"LEU_24_A,ASN_103_A,PHE_104_A,GLU_105_A,GLY_135_A,ASP_137_A,PHE_141_A"
ASP_137_A,"GLU_105_A,ILE_136_A,VAL_138_A,GLU_140_A"
VAL_138_A,"ASP_137_A,PHE_139_A,SER_142_A"
PHE_139_A,"VAL_138_A,GLU_140_A,GLN_143_A"
GLU_140_A,"LYS_21_A,TYR_25_A,ASP_137_A,PHE_139_A,PHE_141_A"
PHE_141_A,"PHE_28_A,PHE_102_A,PHE_104_A,ILE_136_A,GLU_140_A,SER_142_A,LEU_145_A"
SER_142_A,"VAL_138_A,PHE_141_A,GLN_143_A,MET_146_A"
GLN_143_A,"PHE_139_A,SER_142_A,LEU_144_A"
LEU_144_A,"LEU_24_A,PHE_28_A,GLN_143_A,LEU_145_A"
LEU_145_A,"PHE_141_A,LEU_144_A,MET_146_A,SER_148_A,LEU_170_A"
MET_146_A,"SER_142_A,LEU_145_A,ASP_147_A,MET_152_A,LEU_174_A"
ASP_147_A,"MET_146_A,SER_148_A"
SER_148_A,"LEU_145_A,ASP_147_A,GLY_149_A"
GLY_149_A,"SER_148_A,LEU_150_A"
LEU_150_A,"VAL_35_A,VAL_41_A,GLY_149_A,MET_151_A,TRP_158_A"
MET_151_A,"LEU_150_A,MET_152_A,LEU_174_A,TYR_193_A"
MET_152_A,"MET_146_A,MET_151_A,ASP_153_A,TYR_193_A"
ASP_153_A,"MET_152_A,ASP_154_A,SER_155_A"
ASP_154_A,"ASP_153_A,SER_155_A"
SER_155_A,"ASP_153_A,ASP_154_A,VAL_156_A"
VAL_156_A,"SER_155_A,THR_157_A"
THR_157_A,"ASN_39_A,VAL_41_A,VAL_156_A,TRP_158_A,TYR_198_A"
TRP_158_A,"LEU_150_A,THR_157_A,ILE_159_A,ASN_196_A,PHE_197_A,TYR_198_A"
ILE_159_A,"VAL_41_A,TRP_158_A,THR_160_A,PHE_258_A"
THR_160_A,"ILE_159_A,TYR_161_A,ALA_163_A,TYR_198_A,LEU_200_A"
TYR_161_A,"THR_160_A,HIS_162_A,LEU_200_A,ASN_201_A,TYR_227_A"
HIS_162_A,"TYR_161_A,ALA_163_A,ASN_201_A"
ALA_163_A,"THR_160_A,HIS_162_A,ALA_164_A,TYR_165_A,ASP_166_A,LEU_167_A"
ALA_164_A,"ALA_163_A,TYR_165_A,GLY_168_A"
TYR_165_A,"MET_69_A,ALA_163_A,ALA_164_A,ASP_166_A"
ASP_166_A,"THR_45_A,ALA_163_A,TYR_165_A,LEU_167_A,LEU_170_A"
LEU_167_A,"ALA_163_A,ASP_166_A,GLY_168_A,ILE_171_A,MET_194_A"
GLY_168_A,"ALA_164_A,LEU_167_A,PHE_169_A,ASN_172_A"
PHE_169_A,"PHE_47_A,PRO_78_A,LEU_81_A,GLY_168_A,LEU_170_A,ASN_172_A,ILE_173_A"
LEU_170_A,"ILE_43_A,LEU_145_A,ASP_166_A,PHE_169_A,ILE_171_A,LEU_174_A"
ILE_171_A,"LEU_167_A,LEU_170_A,ASN_172_A,MET_175_A,TRP_189_A,VAL_190_A"
ASN_172_A,"VAL_73_A,GLY_168_A,PHE_169_A,ILE_171_A,ILE_173_A"
ILE_173_A,"PHE_169_A,ASN_172_A,LEU_174_A"
LEU_174_A,"MET_146_A,MET_151_A,LEU_170_A,ILE_173_A,MET_175_A"
MET_175_A,"ILE_171_A,LEU_174_A,ASN_176_A,ASP_177_A,TRP_189_A"
ASN_176_A,"MET_175_A,ASP_177_A,SER_178_A"
ASP_177_A,"MET_175_A,ASN_176_A,SER_178_A,MET_179_A"
SER_178_A,"ASN_176_A,ASP_177_A,MET_179_A"
MET_179_A,"MET_69_A,ASP_177_A,SER_178_A"
PRO_180_A,ASN_181_A
ASN_181_A,"PRO_180_A,ASN_182_A"
ASN_182_A,"TYR_66_A,ASN_181_A,LYS_183_A,ASP_185_A,PHE_186_A"
LYS_183_A,"VAL_62_A,ASN_182_A,GLU_184_A,GLU_187_A"
GLU_184_A,"ASP_63_A,LYS_183_A,ASP_185_A,GLU_187_A"
ASP_185_A,"ASN_182_A,GLU_184_A,PHE_186_A"
PHE_186_A,"ASN_182_A,ASP_185_A,GLU_187_A,VAL_190_A"
GLU_187_A,"LYS_183_A,GLU_184_A,PHE_186_A,TRP_188_A,HIS_191_A"
TRP_188_A,"GLU_187_A,TRP_189_A,GLN_192_A"
TRP_189_A,"ILE_171_A,MET_175_A,TRP_188_A,VAL_190_A,TYR_193_A"
VAL_190_A,"ILE_171_A,PHE_186_A,TRP_189_A,HIS_191_A,MET_194_A,PHE_197_A"
HIS_191_A,"GLU_187_A,VAL_190_A,GLN_192_A"
GLN_192_A,"TRP_188_A,HIS_191_A,TYR_193_A"
TYR_193_A,"MET_151_A,MET_152_A,TRP_189_A,GLN_192_A,MET_194_A"
MET_194_A,"LEU_167_A,VAL_190_A,TYR_193_A"
PRO_195_A,ASN_196_A
ASN_196_A,"TRP_158_A,PRO_195_A,PHE_197_A"
PHE_197_A,"TRP_158_A,VAL_190_A,ASN_196_A,TYR_198_A,GLN_279_A,GLY_280_A,ILE_282_A"
TYR_198_A,"THR_157_A,TRP_158_A,THR_160_A,PHE_197_A,ASP_199_A"
ASP_199_A,"TYR_198_A,LEU_200_A,ASN_201_A"
LEU_200_A,"THR_160_A,TYR_161_A,ASP_199_A,ASN_201_A,TYR_204_A"
ASN_201_A,"TYR_161_A,HIS_162_A,ASP_199_A,LEU_200_A,LEU_202_A,LYS_205_A"
LEU_202_A,"ASN_201_A,VAL_203_A,ILE_206_A,TYR_278_A"
VAL_203_A,"LEU_202_A,TYR_204_A,PHE_269_A"
TYR_204_A,"LEU_200_A,VAL_203_A,LYS_205_A,ILE_207_A,GLN_208_A,LEU_232_A,GLU_235_A"
LYS_205_A,"ASN_201_A,TYR_204_A,ILE_206_A,GLU_209_A,TYR_227_A"
ILE_206_A,"LEU_202_A,LYS_205_A,ILE_207_A,PHE_269_A,TYR_278_A"
ILE_207_A,"TYR_204_A,ILE_206_A,GLN_208_A,GLU_209_A,PHE_210_A,PHE_269_A"
GLN_208_A,"TYR_204_A,ILE_207_A,GLU_209_A,GLU_235_A"
GLU_209_A,"LYS_205_A,ILE_207_A,GLN_208_A,PHE_210_A"
PHE_210_A,"ILE_207_A,GLU_209_A,LYS_211_A,PRO_270_A,ASN_271_A"
LYS_211_A,"PHE_210_A,ASN_212_A"
ASN_212_A,LYS_211_A
GLN_226_A,"TYR_227_A,THR_231_A"
TYR_227_A,"TYR_161_A,LYS_205_A,GLN_226_A,SER_228_A"
SER_228_A,"TYR_227_A,LEU_229_A"
LEU_229_A,"SER_228_A,THR_230_A,ALA_233_A"
THR_230_A,"LEU_229_A,THR_231_A,ASP_234_A"
THR_231_A,"GLN_226_A,THR_230_A,LEU_232_A"
LEU_232_A,"TYR_204_A,THR_231_A,ALA_233_A"
ALA_233_A,"LEU_229_A,LEU_232_A,ASP_234_A,LEU_238_A,LEU_253_A"
ASP_234_A,"THR_230_A,ALA_233_A,GLU_235_A,GLY_237_A,ARG_240_A"
GLU_235_A,"TYR_204_A,GLN_208_A,ASP_234_A,LEU_236_A"
LEU_236_A,"GLU_235_A,GLY_237_A,LEU_264_A"
GLY_237_A,"PHE_7_A,ASP_234_A,LEU_236_A,LEU_238_A"
LEU_238_A,"PHE_7_A,ALA_233_A,GLY_237_A"
PRO_239_A,"ARG_240_A,PHE_241_A"
ARG_240_A,"ASP_234_A,PRO_239_A,PHE_241_A"
PHE_241_A,"LEU_8_A,LEU_14_A,PRO_239_A,ARG_240_A,SER_242_A"
SER_242_A,"PHE_241_A,ILE_243_A,THR_245_A"
ILE_243_A,"VAL_16_A,SER_242_A,PHE_244_A,THR_246_A"
PHE_244_A,"ILE_243_A,THR_245_A,GLN_250_A"
THR_245_A,"SER_242_A,PHE_244_A,THR_246_A"
THR_246_A,"ILE_243_A,THR_245_A,THR_247_A,GLN_250_A"
THR_247_A,"GLN_80_A,THR_246_A,GLY_248_A"
GLY_248_A,"THR_247_A,GLY_249_A,SER_251_A"
GLY_249_A,"GLY_248_A,GLN_250_A,LEU_253_A"
GLN_250_A,"PHE_244_A,THR_246_A,GLY_249_A,SER_251_A,MET_254_A"
SER_251_A,"SER_42_A,GLY_248_A,GLN_250_A,LEU_252_A"
LEU_252_A,"SER_251_A,LEU_253_A,LEU_256_A"
LEU_253_A,"ALA_233_A,GLY_249_A,LEU_252_A,MET_254_A,SER_257_A"
MET_254_A,"GLN_250_A,LEU_253_A,LEU_255_A,PHE_258_A"
LEU_255_A,"MET_254_A,LEU_256_A,CYS_259_A"
LEU_256_A,"LEU_252_A,LEU_255_A,SER_257_A"
SER_257_A,"LEU_253_A,LEU_256_A,PHE_258_A,LEU_261_A"
PHE_258_A,"ILE_159_A,MET_254_A,SER_257_A,CYS_259_A,SER_262_A"
CYS_259_A,"LEU_255_A,PHE_258_A,GLN_260_A"
GLN_260_A,"PHE_7_A,CYS_259_A,LEU_261_A,LEU_264_A"
LEU_261_A,"SER_257_A,GLN_260_A,SER_262_A,SER_265_A"
SER_262_A,"PHE_258_A,LEU_261_A,LYS_263_A,MET_266_A,HIS_267_A"
LYS_263_A,"SER_262_A,LEU_264_A"
LEU_264_A,"LEU_236_A,GLN_260_A,LYS_263_A,SER_265_A"
SER_265_A,"LEU_261_A,LEU_264_A,MET_266_A,HIS_267_A,LYS_268_A"
MET_266_A,"SER_262_A,SER_265_A,HIS_267_A"
HIS_267_A,"SER_262_A,SER_265_A,MET_266_A,LYS_268_A,ASP_274_A,PHE_275_A"
LYS_268_A,"SER_265_A,HIS_267_A,PHE_269_A,ASP_274_A"
PHE_269_A,"VAL_203_A,ILE_206_A,ILE_207_A,LYS_268_A,ASN_271_A,GLY_272_A,THR_273_A,PHE_275_A,TYR_278_A"
PRO_270_A,"PHE_210_A,ASN_271_A"
ASN_271_A,"PHE_210_A,PHE_269_A,PRO_270_A,GLY_272_A"
GLY_272_A,"PHE_269_A,ASN_271_A,THR_273_A"
THR_273_A,"PHE_269_A,GLY_272_A,ASP_274_A,LYS_277_A"
ASP_274_A,"HIS_267_A,LYS_268_A,THR_273_A,PHE_275_A,ALA_276_A"
PHE_275_A,"HIS_267_A,PHE_269_A,ASP_274_A,ALA_276_A,LYS_277_A,TYR_278_A"
ALA_276_A,"ASP_274_A,PHE_275_A,LYS_277_A,TYR_278_A,GLN_279_A"
LYS_277_A,"THR_273_A,PHE_275_A,ALA_276_A,TYR_278_A,ILE_285_A"
TYR_278_A,"LEU_202_A,ILE_206_A,PHE_269_A,PHE_275_A,ALA_276_A,LYS_277_A,GLN_279_A,ILE_285_A"
GLN_279_A,"PHE_197_A,ALA_276_A,TYR_278_A,GLY_280_A,VAL_281_A"
GLY_280_A,"PHE_197_A,GLN_279_A,VAL_281_A"
VAL_281_A,"GLN_279_A,GLY_280_A,ILE_282_A"
ILE_282_A,"PHE_197_A,VAL_281_A,TYR_283_A"
TYR_283_A,"VAL_62_A,ILE_282_A,GLY_284_A"
GLY_284_A,"TYR_283_A,ILE_285_A"
ILE_285_A,"LYS_277_A,TYR_278_A,GLY_284_A,ASP_286_A"
ASP_286_A,"ILE_285_A,GLY_287_A"
GLY_287_A,"ASP_286_A,ASP_288_A"
ASP_288_A,"GLY_287_A,GLN_289_A"
GLN_289_A,ASP_288_A
