residue_id,neighbors
SER_-1_A,VAL_0_A
VAL_0_A,"SER_-1_A,ASP_1_A"
ASP_1_A,"VAL_0_A,ASP_2_A,SER_3_A,LYS_4_A"
ASP_2_A,"ASP_1_A,SER_3_A"
SER_3_A,"ASP_1_A,ASP_2_A,LYS_4_A"
LYS_4_A,"ASP_1_A,SER_3_A,TYR_5_A"
TYR_5_A,"LYS_4_A,GLN_6_A,HIS_47_A"
GLN_6_A,"TYR_5_A,CYS_7_A,VAL_18_A,PHE_284_A"
CYS_7_A,"GLN_6_A,VAL_8_A"
VAL_8_A,"CYS_7_A,LYS_9_A,MET_16_A,VAL_266_A"
LYS_9_A,"VAL_8_A,LEU_10_A,PHE_15_A"
LEU_10_A,"LYS_9_A,ASN_11_A,HIS_14_A"
ASN_11_A,"LEU_10_A,ASP_12_A,ASP_210_A"
ASP_12_A,"ASN_11_A,GLY_13_A,HIS_14_A,LYS_155_A,SER_162_A"
GLY_13_A,"ASP_12_A,HIS_14_A"
HIS_14_A,"LEU_10_A,ASP_12_A,GLY_13_A,PHE_15_A,LYS_155_A,LYS_161_A"
PHE_15_A,"LYS_9_A,HIS_14_A,MET_16_A"
MET_16_A,"VAL_8_A,PHE_15_A,LEU_113_A"
PRO_17_A,"VAL_18_A,HIS_48_A"
VAL_18_A,"GLN_6_A,PRO_17_A,LEU_19_A,LEU_261_A,VAL_267_A,PHE_284_A"
LEU_19_A,"VAL_18_A,GLY_20_A,PHE_46_A"
GLY_20_A,"LEU_19_A,PHE_21_A,VAL_267_A,ALA_269_A"
PHE_21_A,"GLY_20_A,GLY_22_A,THR_23_A,VAL_38_A,ALA_41_A,PHE_46_A,HIS_48_A,ASP_50_A"
GLY_22_A,"PHE_21_A,THR_23_A"
THR_23_A,"PHE_21_A,GLY_22_A,TYR_24_A,ASP_50_A,TYR_272_A"
TYR_24_A,"THR_23_A,ALA_25_A,TYR_55_A,GLU_224_A"
ALA_25_A,"TYR_24_A,TYR_272_A"
PRO_26_A,"ALA_27_A,VAL_29_A"
ALA_27_A,"PRO_26_A,GLU_28_A"
GLU_28_A,"ALA_27_A,VAL_29_A,GLU_224_A"
VAL_29_A,"PRO_26_A,GLU_28_A"
PRO_30_A,LYS_31_A
LYS_31_A,"PRO_30_A,SER_32_A,LYS_33_A,ALA_34_A"
SER_32_A,"LYS_31_A,LYS_33_A"
LYS_33_A,"LYS_31_A,SER_32_A,ALA_34_A,TYR_272_A"
ALA_34_A,"LYS_31_A,LYS_33_A,LEU_35_A,VAL_38_A"
LEU_35_A,"ALA_34_A,GLU_36_A,ALA_64_A"
GLU_36_A,"LEU_35_A,ALA_37_A,LYS_39_A,LEU_40_A"
ALA_37_A,"GLU_36_A,VAL_38_A,ALA_41_A,TYR_272_A"
VAL_38_A,"PHE_21_A,ALA_34_A,ALA_37_A,LYS_39_A,ILE_42_A,ALA_64_A"
LYS_39_A,"GLU_36_A,VAL_38_A,LEU_40_A,GLU_43_A"
LEU_40_A,"GLU_36_A,LYS_39_A,ALA_41_A,ALA_44_A"
ALA_41_A,"PHE_21_A,ALA_37_A,LEU_40_A,ILE_42_A,PHE_46_A"
ILE_42_A,"VAL_38_A,ALA_41_A,GLU_43_A"
GLU_43_A,"LYS_39_A,ILE_42_A,ALA_44_A,LYS_68_A,ASP_71_A"
ALA_44_A,"LEU_40_A,GLU_43_A,GLY_45_A"
GLY_45_A,"ALA_44_A,PHE_46_A"
PHE_46_A,"LEU_19_A,PHE_21_A,ALA_41_A,GLY_45_A,HIS_47_A,VAL_281_A"
HIS_47_A,"TYR_5_A,PHE_46_A,HIS_48_A,ASP_78_A,PHE_80_A"
HIS_48_A,"PRO_17_A,PHE_21_A,HIS_47_A,ILE_49_A,ASP_50_A"
ILE_49_A,"HIS_48_A,ASP_50_A,PHE_80_A,THR_82_A"
ASP_50_A,"PHE_21_A,THR_23_A,HIS_48_A,ILE_49_A,SER_51_A,LYS_84_A,GLN_190_A"
SER_51_A,"ASP_50_A,ALA_52_A,ASN_57_A,THR_82_A,LYS_84_A"
ALA_52_A,"SER_51_A,HIS_53_A,TYR_55_A"
HIS_53_A,"ALA_52_A,VAL_54_A,GLU_58_A,ARG_101_A"
VAL_54_A,"HIS_53_A,TYR_55_A,TRP_86_A"
TYR_55_A,"TYR_24_A,ALA_52_A,VAL_54_A,ASN_56_A,LYS_84_A"
ASN_56_A,"TYR_55_A,ASN_57_A"
ASN_57_A,"SER_51_A,ASN_56_A,GLU_58_A,GLN_60_A,VAL_61_A"
GLU_58_A,"HIS_53_A,ASN_57_A,GLU_59_A,GLY_62_A,TYR_81_A,SER_83_A,SER_102_A"
GLU_59_A,"GLU_58_A,GLN_60_A"
GLN_60_A,"ASN_57_A,GLU_59_A,VAL_61_A"
VAL_61_A,"ASN_57_A,GLN_60_A,GLY_62_A,TYR_81_A"
GLY_62_A,"GLU_58_A,VAL_61_A,LEU_63_A,ARG_66_A"
LEU_63_A,"GLY_62_A,ALA_64_A,SER_67_A"
ALA_64_A,"LEU_35_A,VAL_38_A,LEU_63_A,ILE_65_A"
ILE_65_A,"ALA_64_A,ARG_66_A,ILE_69_A,TYR_81_A"
ARG_66_A,"GLY_62_A,ILE_65_A,SER_67_A,ALA_70_A"
SER_67_A,"LEU_63_A,ARG_66_A,LYS_68_A"
LYS_68_A,"GLU_43_A,SER_67_A,ILE_69_A,ASP_71_A,SER_73_A"
ILE_69_A,"ILE_65_A,LYS_68_A,ALA_70_A"
ALA_70_A,"ARG_66_A,ILE_69_A,ASP_71_A"
ASP_71_A,"GLU_43_A,LYS_68_A,ALA_70_A,GLY_72_A,SER_73_A"
GLY_72_A,"ASP_71_A,SER_73_A"
SER_73_A,"LYS_68_A,ASP_71_A,GLY_72_A,VAL_74_A"
VAL_74_A,"SER_73_A,LYS_75_A"
LYS_75_A,"VAL_74_A,ARG_76_A,ASP_78_A"
ARG_76_A,"LYS_75_A,GLU_77_A,ILE_79_A,TYR_110_A,ASP_112_A"
GLU_77_A,"ARG_76_A,ASP_78_A"
ASP_78_A,"HIS_47_A,LYS_75_A,GLU_77_A,ILE_79_A"
ILE_79_A,"ARG_76_A,ASP_78_A,PHE_80_A"
PHE_80_A,"HIS_47_A,ILE_49_A,ILE_79_A,TYR_81_A,LEU_113_A"
TYR_81_A,"GLU_58_A,VAL_61_A,ILE_65_A,PHE_80_A,THR_82_A,LEU_106_A,VAL_111_A,ASP_112_A"
THR_82_A,"ILE_49_A,SER_51_A,TYR_81_A,SER_83_A"
SER_83_A,"GLU_58_A,THR_82_A,LYS_84_A,LEU_113_A"
LYS_84_A,"ASP_50_A,SER_51_A,TYR_55_A,SER_83_A,LEU_85_A,HIS_117_A"
LEU_85_A,"LYS_84_A,TRP_86_A,LEU_115_A,THR_147_A"
TRP_86_A,"VAL_54_A,LEU_85_A,SER_87_A,VAL_128_A,PHE_311_A"
SER_87_A,"TRP_86_A,ASN_88_A,VAL_122_A"
ASN_88_A,"SER_87_A,SER_89_A"
SER_89_A,"ASN_88_A,HIS_90_A"
HIS_90_A,"SER_89_A,ARG_91_A,SER_121_A,THR_147_A"
ARG_91_A,"HIS_90_A,GLU_93_A,LEU_94_A,LYS_123_A,ASP_140_A"
PRO_92_A,GLU_93_A
GLU_93_A,"ARG_91_A,PRO_92_A,LEU_94_A"
LEU_94_A,"ARG_91_A,GLU_93_A,VAL_95_A,PRO_124_A"
VAL_95_A,"LEU_94_A,ARG_96_A,LEU_99_A,ALA_150_A"
ARG_96_A,"VAL_95_A,GLU_100_A"
PRO_97_A,"ALA_98_A,ARG_101_A"
ALA_98_A,"PRO_97_A,LEU_99_A,SER_102_A"
LEU_99_A,"VAL_95_A,ALA_98_A,GLU_100_A,LEU_103_A,TYR_114_A,CYS_154_A,LEU_159_A"
GLU_100_A,"ARG_96_A,LEU_99_A,ARG_101_A,LYS_104_A"
ARG_101_A,"HIS_53_A,PRO_97_A,GLU_100_A,SER_102_A,GLU_126_A"
SER_102_A,"GLU_58_A,ALA_98_A,ARG_101_A,LEU_103_A,LEU_106_A"
LEU_103_A,"LEU_99_A,SER_102_A,LYS_104_A,GLN_107_A,VAL_111_A"
LYS_104_A,"GLU_100_A,LEU_103_A,ASN_105_A"
ASN_105_A,"LYS_104_A,LEU_106_A"
LEU_106_A,"TYR_81_A,SER_102_A,ASN_105_A,GLN_107_A"
GLN_107_A,"LEU_103_A,LEU_106_A,LEU_108_A"
LEU_108_A,"GLN_107_A,ASP_109_A"
ASP_109_A,"LEU_108_A,TYR_110_A"
TYR_110_A,"ARG_76_A,ASP_109_A,VAL_111_A,LYS_161_A"
VAL_111_A,"TYR_81_A,LEU_103_A,TYR_110_A,ASP_112_A,LYS_161_A"
ASP_112_A,"ARG_76_A,TYR_81_A,VAL_111_A,LEU_113_A,SER_162_A"
LEU_113_A,"MET_16_A,PHE_80_A,SER_83_A,ASP_112_A,TYR_114_A,LEU_115_A,VAL_187_A"
TYR_114_A,"LEU_99_A,LEU_113_A,LEU_115_A,MET_151_A"
LEU_115_A,"LEU_85_A,LEU_113_A,TYR_114_A,ILE_116_A"
ILE_116_A,"LEU_115_A,HIS_117_A,SER_166_A"
HIS_117_A,"LYS_84_A,ILE_116_A,PHE_118_A,ASN_167_A"
PHE_118_A,"HIS_117_A,VAL_120_A,ASN_167_A,LEU_308_A,PHE_311_A"
PRO_119_A,"VAL_120_A,LEU_144_A,PHE_168_A,LEU_172_A"
VAL_120_A,"PHE_118_A,PRO_119_A,SER_121_A,PHE_139_A"
SER_121_A,"HIS_90_A,VAL_120_A,VAL_122_A"
VAL_122_A,"SER_87_A,SER_121_A,LYS_123_A"
LYS_123_A,"ARG_91_A,VAL_122_A,ASP_140_A"
PRO_124_A,"LEU_94_A,GLY_125_A"
GLY_125_A,"PRO_124_A,GLU_126_A"
GLU_126_A,"ARG_101_A,GLY_125_A,GLU_127_A"
GLU_127_A,"GLU_126_A,VAL_128_A"
VAL_128_A,"TRP_86_A,GLU_127_A,ILE_129_A"
ILE_129_A,"VAL_128_A,ILE_137_A,ILE_310_A"
PRO_130_A,"LYS_131_A,LEU_138_A"
LYS_131_A,"PRO_130_A,ASP_132_A"
ASP_132_A,"LYS_131_A,GLU_133_A,ASN_134_A,GLY_135_A,LYS_136_A"
GLU_133_A,"ASP_132_A,ASN_134_A"
ASN_134_A,"ASP_132_A,GLU_133_A,GLY_135_A,LYS_136_A"
GLY_135_A,"ASP_132_A,ASN_134_A,LYS_136_A"
LYS_136_A,"ASP_132_A,ASN_134_A,GLY_135_A,ILE_137_A"
ILE_137_A,"ILE_129_A,LYS_136_A,LEU_138_A,PHE_139_A"
LEU_138_A,"PRO_130_A,ILE_137_A,PHE_139_A"
PHE_139_A,"VAL_120_A,ILE_137_A,LEU_138_A,ASP_140_A,PRO_314_A"
ASP_140_A,"ARG_91_A,LYS_123_A,PHE_139_A,THR_141_A"
THR_141_A,"ASP_140_A,VAL_142_A"
VAL_142_A,"THR_141_A,ASP_143_A"
ASP_143_A,"VAL_142_A,LEU_144_A,CYS_145_A,ALA_146_A"
LEU_144_A,"PRO_119_A,ASP_143_A,CYS_145_A,TRP_148_A"
CYS_145_A,"ASP_143_A,LEU_144_A,ALA_146_A"
ALA_146_A,"ASP_143_A,CYS_145_A,THR_147_A"
THR_147_A,"LEU_85_A,HIS_90_A,ALA_146_A,TRP_148_A"
TRP_148_A,"LEU_144_A,THR_147_A,GLU_149_A,GLU_152_A,ILE_163_A,VAL_165_A,TYR_184_A,PRO_186_A"
GLU_149_A,"TRP_148_A,ALA_150_A,GLU_152_A,LYS_153_A,LYS_179_A"
ALA_150_A,"VAL_95_A,GLU_149_A,MET_151_A"
MET_151_A,"TYR_114_A,ALA_150_A,GLU_152_A"
GLU_152_A,"TRP_148_A,GLU_149_A,MET_151_A,LYS_153_A,ASP_156_A,LYS_179_A,LYS_183_A,TYR_184_A"
LYS_153_A,"GLU_149_A,GLU_152_A,CYS_154_A,ALA_157_A"
CYS_154_A,"LEU_99_A,LYS_153_A,LYS_155_A"
LYS_155_A,"ASP_12_A,HIS_14_A,CYS_154_A,ASP_156_A,GLY_158_A,LYS_161_A,TYR_184_A"
ASP_156_A,"GLU_152_A,LYS_155_A,ALA_157_A,LYS_183_A,TYR_184_A"
ALA_157_A,"LYS_153_A,ASP_156_A,GLY_158_A"
GLY_158_A,"LYS_155_A,ALA_157_A,LEU_159_A"
LEU_159_A,"LEU_99_A,GLY_158_A,ALA_160_A"
ALA_160_A,"LEU_159_A,LYS_161_A"
LYS_161_A,"HIS_14_A,TYR_110_A,VAL_111_A,LYS_155_A,ALA_160_A,SER_162_A"
SER_162_A,"ASP_12_A,ASP_112_A,LYS_161_A,ILE_163_A"
ILE_163_A,"TRP_148_A,SER_162_A,GLY_164_A,VAL_187_A"
GLY_164_A,"ILE_163_A,VAL_165_A"
VAL_165_A,"TRP_148_A,GLY_164_A,SER_166_A,PHE_168_A,LEU_173_A,GLN_190_A"
SER_166_A,"ILE_116_A,VAL_165_A,ASN_167_A,GLN_190_A"
ASN_167_A,"HIS_117_A,PHE_118_A,SER_166_A,PHE_168_A,GLN_190_A,TYR_216_A"
PHE_168_A,"PRO_119_A,VAL_165_A,ASN_167_A,ASN_169_A,LEU_172_A,ASN_189_A"
ASN_169_A,"PHE_168_A,HIS_170_A,LEU_172_A,LEU_173_A"
HIS_170_A,"ASN_169_A,ARG_171_A,GLU_174_A,TYR_323_A"
ARG_171_A,"HIS_170_A,LEU_172_A,MET_175_A,ASP_321_A"
LEU_172_A,"PRO_119_A,PHE_168_A,ASN_169_A,ARG_171_A,LEU_173_A"
LEU_173_A,"VAL_165_A,ASN_169_A,LEU_172_A,GLU_174_A,LEU_177_A"
GLU_174_A,"HIS_170_A,LEU_173_A,MET_175_A,ASN_178_A,LYS_209_A"
MET_175_A,"ARG_171_A,GLU_174_A,ILE_176_A"
ILE_176_A,"MET_175_A,LEU_177_A"
LEU_177_A,"LEU_173_A,ILE_176_A,ASN_178_A"
ASN_178_A,"GLU_174_A,LEU_177_A,LYS_179_A"
LYS_179_A,"GLU_149_A,GLU_152_A,ASN_178_A,PRO_180_A"
PRO_180_A,"LYS_179_A,GLY_181_A"
GLY_181_A,"PRO_180_A,LEU_182_A"
LEU_182_A,"GLY_181_A,LYS_183_A"
LYS_183_A,"GLU_152_A,ASP_156_A,LEU_182_A,TYR_184_A"
TYR_184_A,"TRP_148_A,GLU_152_A,LYS_155_A,ASP_156_A,LYS_183_A,LYS_185_A"
LYS_185_A,"TYR_184_A,LYS_209_A"
PRO_186_A,"TRP_148_A,VAL_187_A"
VAL_187_A,"LEU_113_A,ILE_163_A,PRO_186_A,CYS_188_A"
CYS_188_A,"VAL_187_A,ASN_189_A"
ASN_189_A,"PHE_168_A,CYS_188_A,GLN_190_A,VAL_212_A"
GLN_190_A,"ASP_50_A,VAL_165_A,SER_166_A,ASN_167_A,ASN_189_A,VAL_191_A"
VAL_191_A,"GLN_190_A,GLU_192_A,LEU_213_A,VAL_214_A,TYR_216_A"
GLU_192_A,"VAL_191_A,CYS_193_A,HIS_194_A,GLN_199_A,TYR_216_A,ARG_304_A,TYR_305_A,LEU_306_A"
CYS_193_A,"GLU_192_A,HIS_194_A,ALA_215_A"
HIS_194_A,"GLU_192_A,CYS_193_A,PHE_197_A,TYR_305_A"
PRO_195_A,"TYR_196_A,ILE_296_A"
TYR_196_A,"PRO_195_A,PHE_197_A,LEU_235_A,ASP_238_A"
PHE_197_A,"HIS_194_A,TYR_196_A,ASN_198_A"
ASN_198_A,"PHE_197_A,GLN_199_A,ARG_263_A,ASN_300_A"
GLN_199_A,"GLU_192_A,ASN_198_A,ARG_200_A,LEU_203_A"
ARG_200_A,"GLN_199_A,LYS_201_A,ASP_204_A,LYS_207_A,ARG_263_A,ASP_297_A"
LYS_201_A,"ARG_200_A,LEU_202_A,GLU_322_A"
LEU_202_A,"LYS_201_A,LEU_203_A,CYS_206_A"
LEU_203_A,"GLN_199_A,LEU_202_A,ASP_204_A,LYS_207_A,VAL_265_A"
ASP_204_A,"ARG_200_A,LEU_203_A,PHE_205_A,LYS_207_A"
PHE_205_A,"ASP_204_A,CYS_206_A,SER_208_A"
CYS_206_A,"LEU_202_A,PHE_205_A,LYS_207_A,LYS_209_A,ILE_211_A"
LYS_207_A,"ARG_200_A,LEU_203_A,ASP_204_A,CYS_206_A,SER_208_A,ASP_210_A,ARG_263_A"
SER_208_A,"PHE_205_A,LYS_207_A,LYS_209_A"
LYS_209_A,"GLU_174_A,LYS_185_A,CYS_206_A,SER_208_A,ASP_210_A"
ASP_210_A,"ASN_11_A,LYS_207_A,LYS_209_A,ILE_211_A"
ILE_211_A,"CYS_206_A,ASP_210_A,VAL_212_A"
VAL_212_A,"ASN_189_A,ILE_211_A,LEU_213_A,VAL_266_A"
LEU_213_A,"VAL_191_A,VAL_212_A,VAL_214_A"
VAL_214_A,"VAL_191_A,LEU_213_A,ALA_215_A"
ALA_215_A,"CYS_193_A,VAL_214_A,TYR_216_A,VAL_265_A,VAL_266_A"
TYR_216_A,"ASN_167_A,VAL_191_A,GLU_192_A,ALA_215_A,SER_217_A"
SER_217_A,"TYR_216_A,ALA_218_A,GLY_220_A"
ALA_218_A,"SER_217_A,LEU_219_A,VAL_267_A"
LEU_219_A,"ALA_218_A,GLY_220_A,ALA_253_A,LEU_257_A"
GLY_220_A,"SER_217_A,LEU_219_A,SER_221_A"
SER_221_A,"GLY_220_A,HIS_222_A,ARG_223_A"
HIS_222_A,"SER_221_A,ARG_223_A,GLU_224_A"
ARG_223_A,"SER_221_A,HIS_222_A,GLU_224_A,SER_232_A"
GLU_224_A,"TYR_24_A,GLU_28_A,HIS_222_A,ARG_223_A,GLU_225_A"
GLU_225_A,GLU_224_A
PRO_226_A,TRP_227_A
TRP_227_A,"PRO_226_A,VAL_228_A"
VAL_228_A,"TRP_227_A,ASP_229_A"
ASP_229_A,"VAL_228_A,ASN_231_A,SER_232_A"
PRO_230_A,ASN_231_A
ASN_231_A,"ASP_229_A,PRO_230_A,SER_232_A"
SER_232_A,"ARG_223_A,ASP_229_A,ASN_231_A"
PRO_233_A,"VAL_234_A,TYR_305_A"
VAL_234_A,"PRO_233_A,LEU_235_A"
LEU_235_A,"TYR_196_A,VAL_234_A,LEU_236_A,ASP_238_A"
LEU_236_A,"LEU_235_A,GLU_237_A"
GLU_237_A,"LEU_236_A,ASP_238_A"
ASP_238_A,"TYR_196_A,LEU_235_A,GLU_237_A,VAL_240_A,CYS_242_A,ARG_301_A"
PRO_239_A,"VAL_240_A,ALA_243_A"
VAL_240_A,"ASP_238_A,PRO_239_A,LEU_241_A,LEU_244_A"
LEU_241_A,"VAL_240_A,CYS_242_A,ALA_245_A,LEU_299_A"
CYS_242_A,"ASP_238_A,LEU_241_A,ALA_243_A"
ALA_243_A,"PRO_239_A,CYS_242_A,LEU_244_A,LYS_247_A"
LEU_244_A,"VAL_240_A,ALA_243_A,ALA_245_A,GLU_292_A,ILE_296_A"
ALA_245_A,"LEU_241_A,LEU_244_A,LYS_246_A,LYS_249_A,ARG_250_A"
LYS_246_A,"ALA_245_A,LYS_247_A"
LYS_247_A,"ALA_243_A,LYS_246_A,HIS_248_A,GLU_292_A"
HIS_248_A,"LYS_247_A,LYS_249_A,GLU_292_A"
LYS_249_A,"ALA_245_A,HIS_248_A,ARG_250_A"
ARG_250_A,"ALA_245_A,LYS_249_A,THR_251_A,GLN_282_A,GLU_285_A"
THR_251_A,"ARG_250_A,GLN_279_A"
PRO_252_A,ALA_253_A
ALA_253_A,"LEU_219_A,PRO_252_A,LEU_254_A,LEU_257_A"
LEU_254_A,"ALA_253_A,ILE_255_A,ARG_258_A,GLN_279_A"
ILE_255_A,"LEU_254_A,ALA_256_A,TYR_259_A,ILE_296_A"
ALA_256_A,"ILE_255_A,LEU_257_A"
LEU_257_A,"LEU_219_A,ALA_253_A,ALA_256_A,ARG_258_A,VAL_267_A,VAL_283_A"
ARG_258_A,"LEU_254_A,LEU_257_A,TYR_259_A,GLN_262_A,PHE_286_A"
TYR_259_A,"ILE_255_A,ARG_258_A,GLN_260_A,MET_293_A,ILE_296_A,ASP_297_A"
GLN_260_A,"TYR_259_A,LEU_261_A"
LEU_261_A,"VAL_18_A,GLN_260_A,GLN_262_A,VAL_267_A,VAL_283_A"
GLN_262_A,"ARG_258_A,LEU_261_A,ARG_263_A,LEU_288_A,MET_293_A"
ARG_263_A,"ASN_198_A,ARG_200_A,LYS_207_A,GLN_262_A,GLY_264_A,ASP_297_A"
GLY_264_A,"ARG_263_A,VAL_265_A"
VAL_265_A,"LEU_203_A,ALA_215_A,GLY_264_A,VAL_266_A"
VAL_266_A,"VAL_8_A,VAL_212_A,ALA_215_A,VAL_265_A,VAL_267_A"
VAL_267_A,"VAL_18_A,GLY_20_A,ALA_218_A,LEU_257_A,LEU_261_A,VAL_266_A,LEU_268_A"
LEU_268_A,"VAL_267_A,ALA_269_A"
ALA_269_A,"GLY_20_A,LEU_268_A,LYS_270_A"
LYS_270_A,"ALA_269_A,SER_271_A"
SER_271_A,"LYS_270_A,TYR_272_A,ASN_273_A"
TYR_272_A,"THR_23_A,ALA_25_A,LYS_33_A,ALA_37_A,SER_271_A,ASN_273_A"
ASN_273_A,"SER_271_A,TYR_272_A,GLU_274_A,GLN_275_A,ILE_277_A"
GLU_274_A,"ASN_273_A,GLN_275_A,ARG_278_A"
GLN_275_A,"ASN_273_A,GLU_274_A,ARG_276_A,GLN_279_A"
ARG_276_A,"GLN_275_A,ILE_277_A,ASN_280_A"
ILE_277_A,"ASN_273_A,ARG_276_A,ARG_278_A"
ARG_278_A,"GLU_274_A,ILE_277_A,GLN_279_A"
GLN_279_A,"THR_251_A,LEU_254_A,GLN_275_A,ARG_278_A,ASN_280_A,GLN_282_A"
ASN_280_A,"ARG_276_A,GLN_279_A,VAL_281_A"
VAL_281_A,"PHE_46_A,ASN_280_A,GLN_282_A,VAL_283_A"
GLN_282_A,"ARG_250_A,GLN_279_A,VAL_281_A,VAL_283_A,PHE_284_A,GLU_285_A"
VAL_283_A,"LEU_257_A,LEU_261_A,VAL_281_A,GLN_282_A,PHE_284_A"
PHE_284_A,"GLN_6_A,VAL_18_A,GLN_282_A,VAL_283_A,GLU_285_A"
GLU_285_A,"ARG_250_A,GLN_282_A,PHE_284_A,PHE_286_A"
PHE_286_A,"ARG_258_A,GLU_285_A,GLN_287_A"
GLN_287_A,"PHE_286_A,LEU_288_A"
LEU_288_A,"GLN_262_A,GLN_287_A,THR_289_A,ILE_296_A"
THR_289_A,"LEU_288_A,SER_290_A,GLU_292_A,MET_293_A"
SER_290_A,"THR_289_A,GLU_291_A,LYS_294_A"
GLU_291_A,"SER_290_A,GLU_292_A,LYS_294_A"
GLU_292_A,"LEU_244_A,LYS_247_A,HIS_248_A,THR_289_A,GLU_291_A,MET_293_A,ILE_296_A"
MET_293_A,"TYR_259_A,GLN_262_A,THR_289_A,GLU_292_A,LYS_294_A,ASP_297_A"
LYS_294_A,"SER_290_A,GLU_291_A,MET_293_A,ALA_295_A"
ALA_295_A,"LYS_294_A,ILE_296_A"
ILE_296_A,"PRO_195_A,LEU_244_A,ILE_255_A,TYR_259_A,LEU_288_A,GLU_292_A,ALA_295_A,ASP_297_A,LEU_299_A"
ASP_297_A,"ARG_200_A,TYR_259_A,ARG_263_A,MET_293_A,ILE_296_A,GLY_298_A"
GLY_298_A,"ASP_297_A,LEU_299_A"
LEU_299_A,"LEU_241_A,ILE_296_A,GLY_298_A,ASN_300_A"
ASN_300_A,"ASN_198_A,LEU_299_A,ARG_301_A"
ARG_301_A,"ASP_238_A,ASN_300_A,ASN_302_A"
ASN_302_A,"ARG_301_A,VAL_303_A"
VAL_303_A,"ASN_302_A,ARG_304_A"
ARG_304_A,"GLU_192_A,VAL_303_A,TYR_305_A"
TYR_305_A,"GLU_192_A,HIS_194_A,PRO_233_A,ARG_304_A,LEU_306_A"
LEU_306_A,"GLU_192_A,TYR_305_A,THR_307_A"
THR_307_A,"LEU_306_A,LEU_308_A,TYR_317_A"
LEU_308_A,"PHE_118_A,THR_307_A,ASP_309_A"
ASP_309_A,"LEU_308_A,ILE_310_A,ALA_312_A"
ILE_310_A,"ILE_129_A,ASP_309_A,PHE_311_A"
PHE_311_A,"TRP_86_A,PHE_118_A,ILE_310_A,ALA_312_A"
ALA_312_A,"ASP_309_A,PHE_311_A,GLY_313_A"
GLY_313_A,ALA_312_A
PRO_314_A,PHE_139_A
PRO_315_A,ASN_316_A
ASN_316_A,"PRO_315_A,TYR_317_A"
TYR_317_A,"THR_307_A,ASN_316_A"
PRO_318_A,PHE_319_A
PHE_319_A,"PRO_318_A,SER_320_A"
SER_320_A,"PHE_319_A,ASP_321_A"
ASP_321_A,"ARG_171_A,SER_320_A,GLU_322_A"
GLU_322_A,"LYS_201_A,ASP_321_A,TYR_323_A"
TYR_323_A,"HIS_170_A,GLU_322_A"
