residue_id,neighbors
LYS_131_C,"GLU_132_C,ARG_133_C"
GLU_132_C,"LYS_131_C,ARG_133_C,ASP_143_C"
ARG_133_C,"LYS_131_C,GLU_132_C,LYS_134_C"
LYS_134_C,"ARG_133_C,VAL_135_C"
VAL_135_C,"LYS_134_C,TYR_136_C"
TYR_136_C,"VAL_135_C,ASN_137_C"
ASN_137_C,"TYR_136_C,ASP_138_C,TYR_140_C,ASP_141_C"
ASP_138_C,"ASN_137_C,GLY_139_C"
GLY_139_C,"ASP_138_C,TYR_140_C"
TYR_140_C,"ASN_137_C,GLY_139_C,ASP_141_C,ILE_148_C"
ASP_141_C,"ASN_137_C,TYR_140_C,ASP_142_C,HIS_233_C"
ASP_142_C,"ASP_141_C,ASP_143_C,ASP_146_C,LYS_167_C"
ASP_143_C,"GLU_132_C,ASP_142_C,ASN_144_C"
ASN_144_C,"ASP_143_C,TYR_145_C,ASP_146_C"
TYR_145_C,"ASN_144_C,ASP_146_C"
ASP_146_C,"ASP_142_C,ASN_144_C,TYR_145_C,TYR_147_C,LYS_167_C,LYS_191_C"
TYR_147_C,"ASP_146_C,ILE_148_C,VAL_149_C,GLU_153_C,ILE_189_C,ARG_231_C,HIS_233_C"
ILE_148_C,"TYR_140_C,TYR_147_C,VAL_149_C"
VAL_149_C,"TYR_147_C,ILE_148_C,LYS_150_C,VAL_174_C"
LYS_150_C,"VAL_149_C,ASN_151_C,GLU_153_C"
ASN_151_C,"LYS_150_C,GLY_152_C"
GLY_152_C,"ASN_151_C,GLU_153_C,ILE_161_C"
GLU_153_C,"TYR_147_C,LYS_150_C,GLY_152_C,LYS_154_C,ILE_161_C,ARG_231_C"
LYS_154_C,"GLU_153_C,GLU_160_C"
TYR_159_C,"GLU_160_C,ASP_178_C,PHE_228_C"
GLU_160_C,"LYS_154_C,TYR_159_C,ILE_161_C,ASP_162_C"
ILE_161_C,"GLY_152_C,GLU_153_C,GLU_160_C,ASP_162_C"
ASP_162_C,"GLU_160_C,ILE_161_C,SER_163_C,LYS_175_C,TRP_184_C"
SER_163_C,"ASP_162_C,LEU_164_C,LYS_175_C"
LEU_164_C,"SER_163_C,ILE_165_C,GLN_172_C"
ILE_165_C,"LEU_164_C,GLY_166_C,VAL_173_C"
GLY_166_C,"ILE_165_C,LYS_167_C"
LYS_167_C,"ASP_142_C,ASP_146_C,GLY_166_C,GLY_168_C"
GLY_168_C,"LYS_167_C,SER_169_C"
SER_169_C,"GLY_168_C,PHE_170_C"
PHE_170_C,"SER_169_C,GLY_171_C,VAL_173_C,LYS_188_C"
GLY_171_C,"PHE_170_C,GLN_172_C"
GLN_172_C,"LEU_164_C,GLY_171_C,VAL_173_C,ILE_189_C"
VAL_173_C,"ILE_165_C,PHE_170_C,GLN_172_C,VAL_174_C"
VAL_174_C,"VAL_149_C,VAL_173_C,LYS_175_C,ILE_187_C,ILE_189_C"
LYS_175_C,"ASP_162_C,SER_163_C,VAL_174_C,ALA_176_C,TRP_184_C"
ALA_176_C,"LYS_175_C,TYR_177_C,VAL_185_C,ILE_187_C"
TYR_177_C,"ALA_176_C,ASP_178_C"
ASP_178_C,"TYR_159_C,TYR_177_C,ARG_226_C"
TRP_184_C,"ASP_162_C,LYS_175_C,VAL_185_C,MET_240_C"
VAL_185_C,"ALA_176_C,TRP_184_C,ALA_186_C,ILE_187_C"
ALA_186_C,"VAL_185_C,ILE_187_C,PHE_238_C"
ILE_187_C,"VAL_174_C,ALA_176_C,VAL_185_C,ALA_186_C,LYS_188_C,CYS_235_C"
LYS_188_C,"PHE_170_C,ILE_187_C,ILE_189_C,ILE_190_C,GLU_203_C,LEU_236_C,ASP_307_C"
ILE_189_C,"TYR_147_C,GLN_172_C,VAL_174_C,LYS_188_C,ILE_190_C"
ILE_190_C,"LYS_188_C,ILE_189_C,LYS_191_C,ALA_200_C,HIS_233_C,LEU_234_C"
LYS_191_C,"ASP_146_C,ILE_190_C,ASN_192_C,PHE_196_C"
ASN_192_C,"LYS_191_C,LYS_193_C"
LYS_193_C,"ASN_192_C,LYS_194_C,ALA_195_C,PHE_196_C,LEU_197_C"
LYS_194_C,"LYS_193_C,ALA_195_C"
ALA_195_C,"LYS_193_C,LYS_194_C,PHE_196_C"
PHE_196_C,"LYS_191_C,LYS_193_C,ALA_195_C,LEU_197_C"
LEU_197_C,"LYS_193_C,PHE_196_C,ASN_198_C,MET_229_C"
ASN_198_C,"LEU_197_C,GLN_199_C"
GLN_199_C,"ASN_198_C,ALA_200_C"
ALA_200_C,"ILE_190_C,GLN_199_C,GLN_201_C"
GLN_201_C,"ALA_200_C,ILE_202_C"
ILE_202_C,"GLN_201_C,GLU_203_C"
GLU_203_C,"LYS_188_C,ILE_202_C,VAL_204_C,LEU_207_C,ASP_307_C,PHE_308_C"
VAL_204_C,"GLU_203_C,ARG_205_C,GLU_208_C,LEU_236_C"
ARG_205_C,"VAL_204_C,LEU_206_C,LEU_209_C"
LEU_206_C,"ARG_205_C,LEU_207_C,MET_210_C,ILE_283_C"
LEU_207_C,"GLU_203_C,LEU_206_C,GLU_208_C,ASN_211_C,PHE_238_C"
GLU_208_C,"VAL_204_C,LEU_207_C,LEU_209_C,LYS_212_C,HIS_227_C"
LEU_209_C,"ARG_205_C,GLU_208_C,MET_210_C"
MET_210_C,"LEU_206_C,LEU_209_C,ASN_211_C,ILE_221_C,PHE_308_C"
ASN_211_C,"LEU_207_C,MET_210_C,LYS_212_C"
LYS_212_C,"GLU_208_C,ASN_211_C,HIS_213_C"
HIS_213_C,LYS_212_C
ILE_221_C,"MET_210_C,VAL_222_C,LYS_304_C"
VAL_222_C,"ILE_221_C,HIS_223_C,PHE_238_C,LEU_241_C,ILE_305_C"
HIS_223_C,"VAL_222_C,GLU_239_C"
ARG_226_C,"ASP_178_C,HIS_227_C"
HIS_227_C,"GLU_208_C,ARG_226_C,PHE_228_C,LEU_236_C"
PHE_228_C,"TYR_159_C,HIS_227_C,MET_229_C,PHE_230_C,CYS_235_C,VAL_237_C"
MET_229_C,"LEU_197_C,PHE_228_C,PHE_230_C"
PHE_230_C,"PHE_228_C,MET_229_C,ARG_231_C,HIS_233_C"
ARG_231_C,"TYR_147_C,GLU_153_C,PHE_230_C,ASN_232_C"
ASN_232_C,"ARG_231_C,HIS_233_C"
HIS_233_C,"ASP_141_C,TYR_147_C,ILE_190_C,PHE_230_C,ASN_232_C,LEU_234_C"
LEU_234_C,"ILE_190_C,HIS_233_C,CYS_235_C"
CYS_235_C,"ILE_187_C,PHE_228_C,LEU_234_C,LEU_236_C"
LEU_236_C,"LYS_188_C,VAL_204_C,HIS_227_C,CYS_235_C,VAL_237_C,PHE_238_C"
VAL_237_C,"PHE_228_C,LEU_236_C,PHE_238_C"
PHE_238_C,"ALA_186_C,LEU_207_C,VAL_222_C,LEU_236_C,VAL_237_C,GLU_239_C"
GLU_239_C,"HIS_223_C,PHE_238_C,MET_240_C,LYS_304_C"
MET_240_C,"TRP_184_C,GLU_239_C,LEU_241_C"
LEU_241_C,"VAL_222_C,MET_240_C,SER_242_C,VAL_306_C"
SER_242_C,"LEU_241_C,TYR_243_C,LEU_295_C"
TYR_243_C,"SER_242_C,ASN_244_C,LEU_295_C"
ASN_244_C,"TYR_243_C,LEU_245_C,TYR_246_C"
LEU_245_C,"ASN_244_C,TYR_246_C,LEU_249_C,PRO_290_C,ILE_293_C,MET_354_C"
TYR_246_C,"ASN_244_C,LEU_245_C,ASP_247_C,ARG_250_C,PHE_254_C"
ASP_247_C,"TYR_246_C,LEU_248_C,ARG_250_C,ASN_251_C"
LEU_248_C,"ASP_247_C,LEU_249_C,PHE_265_C"
LEU_249_C,"LEU_245_C,LEU_248_C,ARG_250_C,THR_252_C"
ARG_250_C,"TYR_246_C,ASP_247_C,LEU_249_C,ASN_251_C,ASN_253_C,PHE_254_C"
ASN_251_C,"ASP_247_C,ARG_250_C,THR_252_C"
THR_252_C,"LEU_249_C,ASN_251_C,ASN_253_C"
ASN_253_C,"ARG_250_C,THR_252_C,PHE_254_C"
PHE_254_C,"TYR_246_C,ARG_250_C,ASN_253_C,ARG_255_C"
ARG_255_C,"PHE_254_C,GLY_256_C,ARG_437_C"
GLY_256_C,"ARG_255_C,VAL_257_C"
VAL_257_C,"GLY_256_C,SER_258_C,LEU_261_C,MET_354_C"
SER_258_C,"VAL_257_C,LEU_259_C,THR_262_C"
LEU_259_C,"SER_258_C,ASN_260_C,ARG_263_C"
ASN_260_C,"LEU_259_C,LEU_261_C"
LEU_261_C,"VAL_257_C,ASN_260_C,THR_262_C,PHE_265_C"
THR_262_C,"SER_258_C,LEU_261_C,ARG_263_C"
ARG_263_C,"LEU_259_C,THR_262_C,LYS_264_C,GLN_267_C,ASP_448_C"
LYS_264_C,"ARG_263_C,PHE_265_C,GLN_268_C"
PHE_265_C,"LEU_248_C,LEU_261_C,LYS_264_C,ALA_266_C,MET_269_C,ILE_303_C,MET_354_C"
ALA_266_C,"PHE_265_C,GLN_267_C,CYS_270_C,LEU_351_C"
GLN_267_C,"ARG_263_C,ALA_266_C,GLN_268_C,THR_271_C"
GLN_268_C,"LYS_264_C,GLN_267_C,MET_269_C,SER_301_C,ILE_303_C"
MET_269_C,"PHE_265_C,GLN_268_C,CYS_270_C,LEU_273_C,ILE_293_C,ILE_303_C,ILE_305_C"
CYS_270_C,"ALA_266_C,MET_269_C,THR_271_C"
THR_271_C,"GLN_267_C,CYS_270_C,ALA_272_C"
ALA_272_C,"THR_271_C,LEU_273_C,PHE_275_C"
LEU_273_C,"MET_269_C,ALA_272_C,LEU_274_C,MET_344_C,LEU_347_C"
LEU_274_C,"LEU_273_C,PHE_275_C,ALA_277_C"
PHE_275_C,"ALA_272_C,LEU_274_C,LEU_276_C"
LEU_276_C,"PHE_275_C,ALA_277_C,ILE_283_C"
ALA_277_C,"LEU_274_C,LEU_276_C,THR_278_C"
THR_278_C,ALA_277_C
ILE_283_C,"LEU_206_C,LEU_276_C,ILE_284_C,PHE_308_C"
ILE_284_C,"ILE_283_C,HIS_285_C,ILE_342_C"
HIS_285_C,"ILE_284_C,CYS_286_C,ASP_287_C,ASP_307_C,ASP_343_C"
CYS_286_C,"HIS_285_C,ASP_287_C"
ASP_287_C,"HIS_285_C,CYS_286_C,LEU_288_C,LYS_289_C,ASN_292_C,ASP_307_C"
LEU_288_C,"ASP_287_C,LYS_289_C,ASP_343_C"
LYS_289_C,"ASP_287_C,LEU_288_C,GLU_291_C,ASN_292_C,TYR_327_C"
PRO_290_C,"LEU_245_C,GLU_291_C"
GLU_291_C,"LYS_289_C,PRO_290_C,ASN_292_C"
ASN_292_C,"ASP_287_C,LYS_289_C,GLU_291_C,ILE_293_C"
ILE_293_C,"LEU_245_C,MET_269_C,ASN_292_C,LEU_294_C,ILE_303_C"
LEU_294_C,"ILE_293_C,LEU_295_C,LYS_304_C,VAL_306_C"
LEU_295_C,"SER_242_C,TYR_243_C,LEU_294_C,CYS_296_C,ILE_303_C"
CYS_296_C,"LEU_295_C,ASN_297_C,ALA_302_C"
ASN_297_C,"CYS_296_C,ARG_300_C"
PRO_298_C,LYS_299_C
LYS_299_C,"PRO_298_C,ARG_300_C"
ARG_300_C,"ASN_297_C,LYS_299_C,SER_301_C"
SER_301_C,"GLN_268_C,ARG_300_C,ALA_302_C"
ALA_302_C,"CYS_296_C,SER_301_C,ILE_303_C"
ILE_303_C,"PHE_265_C,GLN_268_C,MET_269_C,ILE_293_C,LEU_295_C,ALA_302_C,LYS_304_C"
LYS_304_C,"ILE_221_C,GLU_239_C,LEU_294_C,ILE_303_C,ILE_305_C"
ILE_305_C,"VAL_222_C,MET_269_C,LYS_304_C,VAL_306_C"
VAL_306_C,"LEU_241_C,LEU_294_C,ILE_305_C,ASP_307_C"
ASP_307_C,"LYS_188_C,GLU_203_C,HIS_285_C,ASP_287_C,VAL_306_C,PHE_308_C"
PHE_308_C,"GLU_203_C,MET_210_C,ILE_283_C,ASP_307_C,GLY_309_C"
GLY_309_C,PHE_308_C
TYR_319_C,GLN_320_C
GLN_320_C,TYR_319_C
ILE_322_C,"GLN_323_C,VAL_332_C,TYR_338_C"
GLN_323_C,"ILE_322_C,SER_324_C,TYR_327_C,ARG_328_C,SER_329_C,SER_346_C"
SER_324_C,"GLN_323_C,ARG_325_C,TYR_327_C,ARG_328_C"
ARG_325_C,"SER_324_C,PHE_326_C,ARG_328_C,GLY_363_C"
PHE_326_C,"ARG_325_C,TYR_327_C,PRO_359_C"
TYR_327_C,"LYS_289_C,GLN_323_C,SER_324_C,PHE_326_C,ARG_328_C,SER_346_C,CYS_349_C,GLU_353_C"
ARG_328_C,"GLN_323_C,SER_324_C,ARG_325_C,TYR_327_C,SER_329_C,GLU_366_C"
SER_329_C,"GLN_323_C,ARG_328_C"
PRO_330_C,"GLU_331_C,LEU_334_C,TRP_345_C,TYR_462_C"
GLU_331_C,"PRO_330_C,VAL_332_C,GLY_335_C,ASP_339_C,PRO_464_C,ARG_467_C"
VAL_332_C,"ILE_322_C,GLU_331_C,LEU_333_C"
LEU_333_C,"VAL_332_C,LEU_334_C,GLN_369_C,ILE_373_C"
LEU_334_C,"PRO_330_C,LEU_333_C,GLY_335_C"
GLY_335_C,"GLU_331_C,LEU_334_C,MET_336_C"
MET_336_C,"GLY_335_C,GLN_387_C"
PRO_337_C,TYR_338_C
TYR_338_C,"ILE_322_C,PRO_337_C,ASP_339_C,ILE_342_C"
ASP_339_C,"GLU_331_C,TYR_338_C,LEU_340_C,ALA_341_C,LYS_465_C,ARG_467_C"
LEU_340_C,"ASP_339_C,ALA_341_C,ILE_342_C"
ALA_341_C,"ASP_339_C,LEU_340_C,ILE_342_C,PRO_464_C,ARG_467_C"
ILE_342_C,"ILE_284_C,TYR_338_C,LEU_340_C,ALA_341_C,ASP_343_C"
ASP_343_C,"HIS_285_C,LEU_288_C,ILE_342_C,MET_344_C"
MET_344_C,"LEU_273_C,ASP_343_C,TRP_345_C,MET_459_C"
TRP_345_C,"PRO_330_C,MET_344_C,SER_346_C,ILE_373_C,LEU_377_C"
SER_346_C,"GLN_323_C,TYR_327_C,TRP_345_C,LEU_347_C,CYS_349_C,ILE_350_C"
LEU_347_C,"LEU_273_C,SER_346_C,GLY_348_C,LEU_351_C"
GLY_348_C,"LEU_347_C,CYS_349_C"
CYS_349_C,"TYR_327_C,SER_346_C,GLY_348_C,ILE_350_C"
ILE_350_C,"SER_346_C,CYS_349_C,LEU_351_C,MET_354_C"
LEU_351_C,"ALA_266_C,LEU_347_C,ILE_350_C,VAL_352_C"
VAL_352_C,"LEU_351_C,GLU_353_C,THR_356_C,LEU_360_C"
GLU_353_C,"TYR_327_C,VAL_352_C,MET_354_C,GLY_357_C"
MET_354_C,"LEU_245_C,VAL_257_C,PHE_265_C,ILE_350_C,GLU_353_C,HIS_355_C"
HIS_355_C,"MET_354_C,THR_356_C,ARG_438_C,TYR_449_C"
THR_356_C,"VAL_352_C,HIS_355_C,GLY_357_C,PRO_434_C"
GLY_357_C,"GLU_353_C,THR_356_C,GLU_358_C"
GLU_358_C,"GLY_357_C,LEU_360_C,ARG_421_C"
PRO_359_C,"PHE_326_C,LEU_360_C,PHE_361_C"
LEU_360_C,"VAL_352_C,GLU_358_C,PRO_359_C,PHE_361_C"
PHE_361_C,"PRO_359_C,LEU_360_C,SER_362_C,GLY_363_C,ILE_373_C"
SER_362_C,"PHE_361_C,GLY_363_C,LYS_372_C"
GLY_363_C,"ARG_325_C,PHE_361_C,SER_362_C,ALA_364_C"
ALA_364_C,"GLY_363_C,ASN_365_C,ASP_368_C"
ASN_365_C,"ALA_364_C,GLU_366_C,VAL_367_C,ASP_368_C,GLN_369_C"
GLU_366_C,"ARG_328_C,ASN_365_C,VAL_367_C,LYS_390_C,LYS_393_C"
VAL_367_C,"ASN_365_C,GLU_366_C,ASP_368_C,ASN_371_C,PHE_394_C"
ASP_368_C,"ALA_364_C,ASN_365_C,VAL_367_C,GLN_369_C,LYS_372_C,TYR_415_C"
GLN_369_C,"LEU_333_C,ASN_365_C,ASP_368_C,MET_370_C,ILE_373_C"
MET_370_C,"GLN_369_C,ASN_371_C,PHE_394_C,PHE_395_C,TYR_462_C"
ASN_371_C,"VAL_367_C,MET_370_C,LYS_372_C,TYR_415_C"
LYS_372_C,"SER_362_C,ASP_368_C,ASN_371_C,ILE_373_C"
ILE_373_C,"LEU_333_C,TRP_345_C,PHE_361_C,GLN_369_C,LYS_372_C,VAL_374_C"
VAL_374_C,"ILE_373_C,GLU_375_C,LEU_405_C"
GLU_375_C,"VAL_374_C,VAL_376_C,LYS_416_C,GLY_419_C,ARG_421_C"
VAL_376_C,"GLU_375_C,LEU_377_C"
LEU_377_C,"TRP_345_C,VAL_376_C,GLY_378_C,LEU_460_C,TYR_462_C"
GLY_378_C,"LEU_377_C,ILE_379_C"
ILE_379_C,GLY_378_C
PRO_380_C,"PHE_395_C,TYR_462_C"
PRO_381_C,ALA_382_C
ALA_382_C,"PRO_381_C,HIS_383_C,ASP_386_C"
HIS_383_C,"ALA_382_C,ILE_384_C,ASP_463_C"
ILE_384_C,"HIS_383_C,LEU_385_C,ASP_463_C"
LEU_385_C,"ILE_384_C,ASP_386_C,PHE_395_C,TRP_403_C"
ASP_386_C,"ALA_382_C,LEU_385_C,GLN_387_C,LYS_397_C,TRP_403_C"
GLN_387_C,"MET_336_C,ASP_386_C,ALA_388_C"
ALA_388_C,"GLN_387_C,ALA_391_C"
PRO_389_C,LYS_390_C
LYS_390_C,"GLU_366_C,PRO_389_C,ALA_391_C,LYS_393_C"
ALA_391_C,"ALA_388_C,LYS_390_C,ARG_392_C,PHE_395_C"
ARG_392_C,"ALA_391_C,LYS_393_C"
LYS_393_C,"GLU_366_C,LYS_390_C,ARG_392_C,PHE_394_C"
PHE_394_C,"VAL_367_C,MET_370_C,LYS_393_C,PHE_395_C"
PHE_395_C,"MET_370_C,PRO_380_C,LEU_385_C,ALA_391_C,PHE_394_C,GLU_396_C,TRP_403_C,LEU_405_C"
GLU_396_C,"PHE_395_C,LYS_397_C,ASN_404_C,LYS_407_C"
LYS_397_C,"ASP_386_C,GLU_396_C,LEU_398_C,GLY_401_C"
LEU_398_C,"LYS_397_C,GLY_401_C"
PRO_399_C,ASP_400_C
ASP_400_C,"PRO_399_C,GLY_401_C,THR_402_C"
GLY_401_C,"LYS_397_C,LEU_398_C,ASP_400_C,THR_402_C"
THR_402_C,"ASP_400_C,GLY_401_C,TRP_403_C"
TRP_403_C,"LEU_385_C,ASP_386_C,PHE_395_C,THR_402_C,ASN_404_C"
ASN_404_C,"GLU_396_C,TRP_403_C,LEU_405_C"
LEU_405_C,"VAL_374_C,PHE_395_C,ASN_404_C,LYS_406_C"
LYS_406_C,"LEU_405_C,LYS_407_C"
LYS_407_C,"GLU_396_C,LYS_406_C,THR_408_C"
THR_408_C,LYS_407_C
ARG_413_C,GLU_414_C
GLU_414_C,"ARG_413_C,TYR_415_C"
TYR_415_C,"ASP_368_C,ASN_371_C,GLU_414_C,LYS_416_C"
LYS_416_C,"GLU_375_C,TYR_415_C,ARG_421_C"
PRO_417_C,THR_420_C
PRO_418_C,GLY_419_C
GLY_419_C,"GLU_375_C,PRO_418_C,THR_420_C"
THR_420_C,"PRO_417_C,GLY_419_C,ARG_421_C,LYS_422_C"
ARG_421_C,"GLU_358_C,GLU_375_C,LYS_416_C,THR_420_C,LYS_422_C"
LYS_422_C,"THR_420_C,ARG_421_C,LEU_423_C,HIS_424_C"
LEU_423_C,"LYS_422_C,HIS_424_C,LEU_427_C"
HIS_424_C,"LYS_422_C,LEU_423_C,ASN_425_C,GLY_428_C"
ASN_425_C,"HIS_424_C,ILE_426_C"
ILE_426_C,"ASN_425_C,LEU_427_C"
LEU_427_C,"LEU_423_C,ILE_426_C,GLY_428_C,PHE_452_C,LYS_453_C"
GLY_428_C,"HIS_424_C,LEU_427_C,VAL_429_C,GLY_433_C"
VAL_429_C,"GLY_428_C,GLU_430_C,VAL_446_C"
GLU_430_C,"VAL_429_C,THR_431_C"
THR_431_C,"GLU_430_C,GLY_432_C"
GLY_432_C,"THR_431_C,GLY_433_C"
GLY_433_C,"GLY_428_C,GLY_432_C"
PRO_434_C,"THR_356_C,GLY_435_C"
GLY_435_C,"PRO_434_C,GLY_436_C"
GLY_436_C,"GLY_435_C,ARG_437_C"
ARG_437_C,"ARG_255_C,GLY_436_C,ARG_438_C"
ARG_438_C,"HIS_355_C,ARG_437_C"
VAL_446_C,"VAL_429_C,ALA_447_C"
ALA_447_C,"VAL_446_C,ASP_448_C,LYS_451_C"
ASP_448_C,"ARG_263_C,ALA_447_C,TYR_449_C,LYS_451_C"
TYR_449_C,"HIS_355_C,ASP_448_C,LEU_450_C,PHE_452_C,LYS_453_C"
LEU_450_C,"TYR_449_C,LYS_451_C"
LYS_451_C,"ALA_447_C,ASP_448_C,LEU_450_C,PHE_452_C"
PHE_452_C,"LEU_427_C,TYR_449_C,LYS_451_C,LYS_453_C,ILE_456_C"
LYS_453_C,"LEU_427_C,TYR_449_C,PHE_452_C,ASP_454_C,LEU_457_C"
ASP_454_C,"LYS_453_C,LEU_455_C,ARG_458_C,HIS_476_C"
LEU_455_C,"ASP_454_C,ILE_456_C,MET_459_C,ILE_468_C"
ILE_456_C,"PHE_452_C,LEU_455_C,LEU_457_C,MET_459_C,LEU_460_C"
LEU_457_C,"LYS_453_C,ILE_456_C,ARG_458_C"
ARG_458_C,"ASP_454_C,LEU_457_C,MET_459_C,ASP_461_C,THR_466_C,ILE_468_C"
MET_459_C,"MET_344_C,LEU_455_C,ILE_456_C,ARG_458_C,LEU_460_C,ILE_468_C"
LEU_460_C,"LEU_377_C,ILE_456_C,MET_459_C,ASP_461_C"
ASP_461_C,"ARG_458_C,LEU_460_C,TYR_462_C,ASP_463_C,ARG_467_C"
TYR_462_C,"PRO_330_C,MET_370_C,LEU_377_C,PRO_380_C,ASP_461_C,ASP_463_C"
ASP_463_C,"HIS_383_C,ILE_384_C,ASP_461_C,TYR_462_C,LYS_465_C,THR_466_C,ARG_467_C"
PRO_464_C,"GLU_331_C,ALA_341_C,LYS_465_C"
LYS_465_C,"ASP_339_C,ASP_463_C,PRO_464_C,THR_466_C"
THR_466_C,"ARG_458_C,ASP_463_C,LYS_465_C,ARG_467_C"
ARG_467_C,"GLU_331_C,ASP_339_C,ALA_341_C,ASP_461_C,ASP_463_C,THR_466_C,ILE_468_C"
ILE_468_C,"LEU_455_C,ARG_458_C,MET_459_C,ARG_467_C,GLN_469_C,ALA_473_C"
GLN_469_C,"ILE_468_C,TYR_471_C"
PRO_470_C,TYR_471_C
TYR_471_C,"GLN_469_C,PRO_470_C,TYR_472_C,GLN_475_C"
TYR_472_C,"TYR_471_C,ALA_473_C"
ALA_473_C,"ILE_468_C,TYR_472_C,LEU_474_C"
LEU_474_C,"ALA_473_C,GLN_475_C"
GLN_475_C,"TYR_471_C,LEU_474_C,HIS_476_C"
HIS_476_C,"ASP_454_C,GLN_475_C,SER_477_C"
SER_477_C,HIS_476_C
