residue_id,neighbors
MET_1_B,GLU_2_B
GLU_2_B,"MET_1_B,VAL_3_B"
VAL_3_B,"GLU_2_B,LYS_4_B,ILE_28_B,TYR_106_B"
LYS_4_B,"VAL_3_B,LEU_5_B"
LEU_5_B,"LYS_4_B,LEU_6_B,ALA_25_B"
LEU_6_B,"LEU_5_B,GLN_7_B,ALA_24_B"
GLN_7_B,"LEU_6_B,SER_8_B,TYR_95_B,GLN_109_B,GLY_110_B"
SER_8_B,"GLN_7_B,GLY_9_B,SER_22_B"
GLY_9_B,"SER_8_B,GLY_10_B"
GLY_10_B,"GLY_9_B,GLY_11_B"
GLY_11_B,"GLY_10_B,LEU_12_B,THR_114_B"
LEU_12_B,"GLY_11_B,VAL_13_B,PHE_150_B"
VAL_13_B,"LEU_12_B,GLN_14_B,LEU_19_B"
GLN_14_B,"VAL_13_B,GLY_17_B"
PRO_15_B,GLY_16_B
GLY_16_B,"PRO_15_B,GLY_17_B"
GLY_17_B,"GLN_14_B,GLY_16_B,SER_18_B,LYS_86_B"
SER_18_B,"GLY_17_B,LEU_19_B"
LEU_19_B,"VAL_13_B,SER_18_B,LYS_20_B,MET_84_B"
LYS_20_B,"LEU_19_B,LEU_21_B"
LEU_21_B,"LYS_20_B,SER_22_B,LEU_82_B,TYR_95_B"
SER_22_B,"SER_8_B,LEU_21_B,CYS_23_B"
CYS_23_B,"SER_22_B,ALA_24_B,LEU_80_B,CYS_97_B"
ALA_24_B,"LEU_6_B,CYS_23_B,ALA_25_B"
ALA_25_B,"LEU_5_B,ALA_24_B,SER_26_B,PHE_30_B,ASN_78_B"
SER_26_B,"ALA_25_B,GLY_27_B"
GLY_27_B,"SER_26_B,ILE_28_B"
ILE_28_B,"VAL_3_B,GLY_27_B,ASP_29_B,PHE_30_B,TYR_33_B"
ASP_29_B,"ILE_28_B,PHE_30_B,SER_31_B,GLY_32_B"
PHE_30_B,"ALA_25_B,ILE_28_B,ASP_29_B,SER_31_B,MET_35_B,ARG_73_B"
SER_31_B,"ASP_29_B,PHE_30_B,GLY_32_B"
GLY_32_B,"ASP_29_B,SER_31_B,TYR_33_B"
TYR_33_B,"ILE_28_B,GLY_32_B,TRP_34_B,ARG_73_B"
TRP_34_B,"TYR_33_B,MET_35_B,THR_53_B,TYR_100_B"
MET_35_B,"PHE_30_B,TRP_34_B,SER_36_B,ILE_52_B,LEU_80_B,SER_99_B"
SER_36_B,"MET_35_B,TRP_37_B,GLY_50_B,VAL_98_B"
TRP_37_B,"SER_36_B,VAL_38_B,GLY_50_B,LEU_82_B,CYS_97_B"
VAL_38_B,"TRP_37_B,ARG_39_B,LEU_46_B,TYR_96_B,VAL_98_B"
ARG_39_B,"VAL_38_B,ARG_40_B,GLU_47_B,GLU_68_B,ARG_88_B,ASP_91_B,TYR_95_B"
ARG_40_B,"ARG_39_B,ALA_41_B,LEU_94_B"
ALA_41_B,"ARG_40_B,LYS_44_B"
PRO_42_B,GLY_43_B
GLY_43_B,"PRO_42_B,LYS_44_B"
LYS_44_B,"ALA_41_B,GLY_43_B,GLY_45_B"
GLY_45_B,"LYS_44_B,LEU_46_B"
LEU_46_B,"VAL_38_B,GLY_45_B,GLU_47_B"
GLU_47_B,"ARG_39_B,LEU_46_B,TRP_48_B"
TRP_48_B,"GLU_47_B,ILE_49_B,GLU_51_B"
ILE_49_B,"TRP_48_B,GLY_50_B,ALA_62_B,TYR_95_B"
GLY_50_B,"SER_36_B,TRP_37_B,ILE_49_B,GLU_51_B"
GLU_51_B,"TRP_48_B,GLY_50_B,ILE_52_B,ASN_60_B,TYR_100_B"
ILE_52_B,"MET_35_B,GLU_51_B,THR_53_B,ILE_59_B,ILE_71_B,ARG_73_B,LEU_80_B"
THR_53_B,"TRP_34_B,ILE_52_B,ARG_73_B"
PRO_54_B,"ASP_55_B,ASN_75_B"
ASP_55_B,"PRO_54_B,SER_56_B,SER_57_B"
SER_56_B,"ASP_55_B,SER_57_B"
SER_57_B,"ASP_55_B,SER_56_B,THR_58_B"
THR_58_B,"SER_57_B,ILE_59_B"
ILE_59_B,"ILE_52_B,THR_58_B,ASN_60_B,TYR_61_B"
ASN_60_B,"GLU_51_B,ILE_59_B,TYR_61_B"
TYR_61_B,"ILE_59_B,ASN_60_B,ALA_62_B,ILE_71_B"
ALA_62_B,"ILE_49_B,TYR_61_B"
PRO_63_B,SER_64_B
SER_64_B,"PRO_63_B,LEU_65_B"
LEU_65_B,"SER_64_B,LYS_66_B,PHE_69_B"
LYS_66_B,"LEU_65_B,ASP_67_B"
ASP_67_B,"LYS_66_B,GLU_68_B"
GLU_68_B,"ARG_39_B,ASP_67_B,PHE_69_B,ARG_88_B,ASP_91_B"
PHE_69_B,"LEU_65_B,GLU_68_B,ILE_70_B,LEU_82_B,MET_84_B"
ILE_70_B,"PHE_69_B,ILE_71_B,GLN_83_B"
ILE_71_B,"ILE_52_B,TYR_61_B,ILE_70_B,SER_72_B"
SER_72_B,"ILE_71_B,ARG_73_B,TYR_81_B"
ARG_73_B,"PHE_30_B,TYR_33_B,ILE_52_B,THR_53_B,SER_72_B,ASP_74_B,ASN_75_B"
ASP_74_B,"ARG_73_B,ASN_75_B,ALA_76_B,LYS_77_B,ASN_78_B,THR_79_B"
ASN_75_B,"PRO_54_B,ARG_73_B,ASP_74_B,ALA_76_B"
ALA_76_B,"ASP_74_B,ASN_75_B,LYS_77_B"
LYS_77_B,"ASP_74_B,ALA_76_B,ASN_78_B,THR_79_B"
ASN_78_B,"ALA_25_B,ASP_74_B,LYS_77_B,THR_79_B"
THR_79_B,"ASP_74_B,LYS_77_B,ASN_78_B,LEU_80_B,TYR_81_B"
LEU_80_B,"CYS_23_B,MET_35_B,ILE_52_B,THR_79_B,TYR_81_B"
TYR_81_B,"SER_72_B,THR_79_B,LEU_80_B,LEU_82_B"
LEU_82_B,"LEU_21_B,TRP_37_B,PHE_69_B,TYR_81_B,GLN_83_B,TYR_95_B"
GLN_83_B,"ILE_70_B,LEU_82_B,MET_84_B,THR_85_B"
MET_84_B,"LEU_19_B,PHE_69_B,GLN_83_B,THR_85_B"
THR_85_B,"GLN_83_B,MET_84_B,LYS_86_B"
LYS_86_B,"GLY_17_B,THR_85_B,VAL_87_B"
VAL_87_B,"LYS_86_B,ARG_88_B,VAL_115_B"
ARG_88_B,"ARG_39_B,GLU_68_B,VAL_87_B,SER_89_B,ASP_90_B,ASP_91_B"
SER_89_B,"ARG_88_B,ASP_90_B"
ASP_90_B,"ARG_88_B,SER_89_B,ASP_91_B"
ASP_91_B,"ARG_39_B,GLU_68_B,ARG_88_B,ASP_90_B,THR_92_B,TYR_95_B"
THR_92_B,"ASP_91_B,ALA_93_B,VAL_115_B"
ALA_93_B,"THR_92_B,LEU_94_B,TYR_95_B,VAL_113_B"
LEU_94_B,"ARG_40_B,ALA_93_B,TYR_95_B,TYR_96_B"
TYR_95_B,"GLN_7_B,LEU_21_B,ARG_39_B,ILE_49_B,LEU_82_B,ASP_91_B,ALA_93_B,LEU_94_B,TYR_96_B,THR_111_B"
TYR_96_B,"VAL_38_B,LEU_94_B,TYR_95_B,CYS_97_B,TRP_107_B"
CYS_97_B,"CYS_23_B,TRP_37_B,TYR_96_B,VAL_98_B"
VAL_98_B,"SER_36_B,VAL_38_B,CYS_97_B,SER_99_B,PHE_104_B,TRP_107_B"
SER_99_B,"MET_35_B,VAL_98_B,TYR_100_B,TYR_106_B"
TYR_100_B,"TRP_34_B,GLU_51_B,SER_99_B,TYR_101_B"
TYR_101_B,"TYR_100_B,GLU_102_B,GLY_103_B,ALA_105_B"
GLU_102_B,"TYR_101_B,GLY_103_B"
GLY_103_B,"TYR_101_B,GLU_102_B,PHE_104_B,ALA_105_B"
PHE_104_B,"VAL_98_B,GLY_103_B,ALA_105_B"
ALA_105_B,"TYR_101_B,GLY_103_B,PHE_104_B,TYR_106_B"
TYR_106_B,"VAL_3_B,SER_99_B,ALA_105_B,TRP_107_B"
TRP_107_B,"TYR_96_B,VAL_98_B,TYR_106_B,GLY_108_B"
GLY_108_B,"TRP_107_B,GLN_109_B"
GLN_109_B,"GLN_7_B,GLY_108_B,GLY_110_B"
GLY_110_B,"GLN_7_B,GLN_109_B,THR_111_B"
THR_111_B,"TYR_95_B,GLY_110_B,LEU_112_B"
LEU_112_B,"THR_111_B,VAL_113_B"
VAL_113_B,"ALA_93_B,LEU_112_B,THR_114_B"
THR_114_B,"GLY_11_B,VAL_113_B,VAL_115_B"
VAL_115_B,"VAL_87_B,THR_92_B,THR_114_B,SER_116_B"
SER_116_B,"VAL_115_B,ALA_117_B,GLY_178_B"
ALA_117_B,"SER_116_B,ALA_118_B"
ALA_118_B,"ALA_117_B,SER_119_B,LEU_179_B"
SER_119_B,"ALA_118_B,THR_120_B"
THR_120_B,"SER_119_B,LYS_121_B"
LYS_121_B,"THR_120_B,GLY_122_B"
GLY_122_B,LYS_121_B
PRO_123_B,"SER_124_B,VAL_146_B,TYR_149_B"
SER_124_B,"PRO_123_B,VAL_125_B,LYS_147_B"
VAL_125_B,"SER_124_B,PHE_126_B,VAL_211_B"
PHE_126_B,"VAL_125_B,LEU_145_B"
PRO_127_B,LEU_128_B
LEU_128_B,"PRO_127_B,ALA_129_B,GLY_143_B"
ALA_129_B,LEU_128_B
SER_132_B,LYS_133_B
LYS_133_B,"SER_132_B,SER_134_B,THR_135_B"
SER_134_B,"LYS_133_B,THR_135_B"
THR_135_B,"LYS_133_B,SER_134_B,SER_136_B"
SER_136_B,"THR_135_B,GLY_137_B"
GLY_137_B,"SER_136_B,GLY_138_B"
GLY_138_B,"GLY_137_B,THR_139_B"
THR_139_B,"GLY_138_B,ALA_140_B"
ALA_140_B,"THR_139_B,ALA_141_B,VAL_188_B"
ALA_141_B,"ALA_140_B,LEU_142_B"
LEU_142_B,"ALA_141_B,GLY_143_B,VAL_186_B,VAL_188_B,TYR_198_B,VAL_215_B"
GLY_143_B,"LEU_128_B,LEU_142_B,CYS_144_B"
CYS_144_B,"GLY_143_B,LEU_145_B,SER_184_B,CYS_200_B"
LEU_145_B,"PHE_126_B,CYS_144_B,VAL_146_B"
VAL_146_B,"PRO_123_B,LEU_145_B,LYS_147_B,LEU_182_B,VAL_202_B"
LYS_147_B,"SER_124_B,VAL_146_B,ASP_148_B"
ASP_148_B,"LYS_147_B,TYR_149_B,GLN_175_B,LEU_179_B,TYR_180_B"
TYR_149_B,"PRO_123_B,ASP_148_B,PHE_150_B,TYR_180_B"
PHE_150_B,"LEU_12_B,TYR_149_B,TYR_180_B"
PRO_151_B,"GLU_152_B,PRO_206_B"
GLU_152_B,PRO_151_B
PRO_153_B,VAL_154_B
VAL_154_B,"PRO_153_B,THR_155_B,LEU_182_B"
THR_155_B,"VAL_154_B,VAL_156_B,ASN_203_B"
VAL_156_B,"THR_155_B,SER_157_B"
SER_157_B,"VAL_156_B,TRP_158_B,ASN_201_B"
TRP_158_B,"SER_157_B,ASN_159_B,LEU_163_B,CYS_200_B"
ASN_159_B,"TRP_158_B,SER_160_B,ALA_162_B,ILE_199_B"
SER_160_B,"ASN_159_B,GLY_161_B,ASN_201_B"
GLY_161_B,"SER_160_B,ALA_162_B"
ALA_162_B,"ASN_159_B,GLY_161_B,LEU_163_B"
LEU_163_B,"TRP_158_B,ALA_162_B,THR_164_B,VAL_186_B,TYR_198_B"
THR_164_B,"LEU_163_B,SER_165_B"
SER_165_B,"THR_164_B,GLY_166_B"
GLY_166_B,"SER_165_B,VAL_167_B"
VAL_167_B,"GLY_166_B,HIS_168_B,VAL_186_B"
HIS_168_B,"VAL_167_B,THR_169_B,VAL_185_B"
THR_169_B,"HIS_168_B,PHE_170_B,SER_184_B"
PHE_170_B,"THR_169_B,SER_183_B"
PRO_171_B,ALA_172_B
ALA_172_B,"PRO_171_B,VAL_173_B"
VAL_173_B,"ALA_172_B,LEU_174_B,SER_181_B"
LEU_174_B,"VAL_173_B,GLN_175_B"
GLN_175_B,"ASP_148_B,LEU_174_B,SER_176_B,LEU_179_B"
SER_176_B,"GLN_175_B,SER_177_B"
SER_177_B,"SER_176_B,GLY_178_B"
GLY_178_B,"SER_116_B,SER_177_B,LEU_179_B"
LEU_179_B,"ALA_118_B,ASP_148_B,GLN_175_B,GLY_178_B,TYR_180_B"
TYR_180_B,"ASP_148_B,TYR_149_B,PHE_150_B,LEU_179_B,SER_181_B"
SER_181_B,"VAL_173_B,TYR_180_B,LEU_182_B"
LEU_182_B,"VAL_146_B,VAL_154_B,SER_181_B,SER_183_B"
SER_183_B,"PHE_170_B,LEU_182_B,SER_184_B"
SER_184_B,"CYS_144_B,THR_169_B,SER_183_B,VAL_185_B"
VAL_185_B,"HIS_168_B,SER_184_B,VAL_186_B"
VAL_186_B,"LEU_142_B,LEU_163_B,VAL_167_B,VAL_185_B,THR_187_B"
THR_187_B,"VAL_186_B,VAL_188_B"
VAL_188_B,"ALA_140_B,LEU_142_B,THR_187_B,TYR_198_B"
PRO_189_B,SER_190_B
SER_190_B,"PRO_189_B,SER_191_B"
SER_191_B,"SER_190_B,SER_192_B"
SER_192_B,"SER_191_B,LEU_193_B"
LEU_193_B,"SER_192_B,GLY_194_B"
GLY_194_B,"LEU_193_B,THR_195_B"
THR_195_B,"GLY_194_B,GLN_196_B"
GLN_196_B,"THR_195_B,THR_197_B"
THR_197_B,"GLN_196_B,TYR_198_B"
TYR_198_B,"LEU_142_B,LEU_163_B,VAL_188_B,THR_197_B,ILE_199_B"
ILE_199_B,"ASN_159_B,TYR_198_B,CYS_200_B"
CYS_200_B,"CYS_144_B,TRP_158_B,ILE_199_B,ASN_201_B,LYS_213_B"
ASN_201_B,"SER_157_B,SER_160_B,CYS_200_B,VAL_202_B,ASP_212_B"
VAL_202_B,"VAL_146_B,ASN_201_B,ASN_203_B,VAL_211_B"
ASN_203_B,"THR_155_B,VAL_202_B,HIS_204_B"
HIS_204_B,"ASN_203_B,LYS_205_B,SER_207_B,THR_209_B"
LYS_205_B,HIS_204_B
PRO_206_B,"PRO_151_B,SER_207_B"
SER_207_B,"HIS_204_B,PRO_206_B,ASN_208_B,THR_209_B"
ASN_208_B,"SER_207_B,THR_209_B"
THR_209_B,"HIS_204_B,SER_207_B,ASN_208_B,LYS_210_B"
LYS_210_B,"THR_209_B,VAL_211_B"
VAL_211_B,"VAL_125_B,VAL_202_B,LYS_210_B,ASP_212_B"
ASP_212_B,"ASN_201_B,VAL_211_B,LYS_213_B"
LYS_213_B,"CYS_200_B,ASP_212_B,LYS_214_B"
LYS_214_B,"LYS_213_B,VAL_215_B,GLU_216_B"
VAL_215_B,"LEU_142_B,LYS_214_B,GLU_216_B"
GLU_216_B,"LYS_214_B,VAL_215_B"
PRO_217_B,LYS_218_B
LYS_218_B,"PRO_217_B,SER_219_B"
SER_219_B,"LYS_218_B,CYS_220_B"
CYS_220_B,SER_219_B
