source,target,distance,aromatic_bond,hydrogen_bond,hydrophobic_bond,salt_bridge,repulsive_bond,disulfide_bridge
MET_1_A,VAL_2_A,3.8026562,0,1,0,0,0,0
VAL_2_A,MET_1_A,3.8026562,0,1,0,0,0,0
MET_1_A,ARG_3_A,6.632248,0,0,1,0,0,0
ARG_3_A,MET_1_A,6.632248,0,0,1,0,0,0
VAL_2_A,ARG_3_A,3.861101,0,1,0,0,0,0
ARG_3_A,VAL_2_A,3.861101,0,1,0,0,0,0
VAL_2_A,LEU_4_A,5.11063,0,1,0,0,0,0
LEU_4_A,VAL_2_A,5.11063,0,1,0,0,0,0
ARG_3_A,LEU_4_A,3.8491325,0,1,0,0,0,0
LEU_4_A,ARG_3_A,3.8491325,0,1,0,0,0,0
LEU_4_A,LYS_5_A,3.8180695,0,1,0,0,0,0
LYS_5_A,LEU_4_A,3.8180695,0,1,0,0,0,0
LEU_4_A,LYS_6_A,5.836532,0,1,0,0,0,0
LYS_6_A,LEU_4_A,5.836532,0,1,0,0,0,0
LYS_5_A,LYS_6_A,3.8159845,0,1,0,0,0,0
LYS_6_A,LYS_5_A,3.8159845,0,1,0,0,0,0
LYS_5_A,PHE_8_A,5.7528024,0,1,1,0,0,0
PHE_8_A,LYS_5_A,5.7528024,0,1,1,0,0,0
LYS_5_A,ASP_62_A,8.877494,0,1,0,1,0,0
ASP_62_A,LYS_5_A,8.877494,0,1,0,1,0,0
LYS_5_A,GLU_64_A,10.130354,0,0,0,2,0,0
GLU_64_A,LYS_5_A,10.130354,0,0,0,2,0,0
LYS_6_A,SER_7_A,3.8214297,0,1,0,0,0,0
SER_7_A,LYS_6_A,3.8214297,0,1,0,0,0,0
LYS_6_A,HIS_11_A,7.9827485,0,0,0,0,1,0
HIS_11_A,LYS_6_A,7.9827485,0,0,0,0,1,0
SER_7_A,PHE_8_A,3.8159347,0,1,0,0,0,0
PHE_8_A,SER_7_A,3.8159347,0,1,0,0,0,0
PHE_8_A,GLY_9_A,3.8128338,0,1,0,0,0,0
GLY_9_A,PHE_8_A,3.8128338,0,1,0,0,0,0
GLY_9_A,GLN_10_A,3.802137,0,1,0,0,0,0
GLN_10_A,GLY_9_A,3.802137,0,1,0,0,0,0
GLN_10_A,HIS_11_A,3.8002934,0,1,0,0,0,0
HIS_11_A,GLN_10_A,3.8002934,0,1,0,0,0,0
HIS_11_A,LEU_12_A,3.804803,0,1,0,0,0,0
LEU_12_A,HIS_11_A,3.804803,0,1,0,0,0,0
HIS_11_A,TYR_104_A,9.497625,1,0,0,0,0,0
TYR_104_A,HIS_11_A,9.497625,1,0,0,0,0,0
HIS_11_A,PRO_168_A,5.617816,0,1,0,0,0,0
PRO_168_A,HIS_11_A,5.617816,0,1,0,0,0,0
LEU_12_A,LEU_13_A,3.7944999,0,1,0,0,0,0
LEU_13_A,LEU_12_A,3.7944999,0,1,0,0,0,0
LEU_12_A,VAL_167_A,5.599928,0,0,2,0,0,0
VAL_167_A,LEU_12_A,5.599928,0,0,2,0,0,0
LEU_13_A,VAL_14_A,3.8137944,0,1,0,0,0,0
VAL_14_A,LEU_13_A,3.8137944,0,1,0,0,0,0
LEU_13_A,VAL_18_A,8.460013,0,0,1,0,0,0
VAL_18_A,LEU_13_A,8.460013,0,0,1,0,0,0
LEU_13_A,ILE_22_A,11.045113,0,0,1,0,0,0
ILE_22_A,LEU_13_A,11.045113,0,0,1,0,0,0
LEU_13_A,MET_127_A,9.857189,0,0,1,0,0,0
MET_127_A,LEU_13_A,9.857189,0,0,1,0,0,0
VAL_14_A,SER_15_A,3.8091505,0,1,0,0,0,0
SER_15_A,VAL_14_A,3.8091505,0,1,0,0,0,0
VAL_14_A,VAL_167_A,6.4859786,0,0,1,0,0,0
VAL_167_A,VAL_14_A,6.4859786,0,0,1,0,0,0
SER_15_A,GLU_16_A,3.8125627,0,1,0,0,0,0
GLU_16_A,SER_15_A,3.8125627,0,1,0,0,0,0
GLU_16_A,GLY_17_A,3.827214,0,1,0,0,0,0
GLY_17_A,GLU_16_A,3.827214,0,1,0,0,0,0
GLY_17_A,VAL_18_A,3.8090842,0,1,0,0,0,0
VAL_18_A,GLY_17_A,3.8090842,0,1,0,0,0,0
VAL_18_A,LEU_19_A,3.8345199,0,1,0,0,0,0
LEU_19_A,VAL_18_A,3.8345199,0,1,0,0,0,0
VAL_18_A,ILE_22_A,6.0791426,0,1,0,0,0,0
ILE_22_A,VAL_18_A,6.0791426,0,1,0,0,0,0
VAL_18_A,VAL_161_A,7.8317065,0,0,1,0,0,0
VAL_161_A,VAL_18_A,7.8317065,0,0,1,0,0,0
LEU_19_A,LYS_20_A,3.821229,0,1,0,0,0,0
LYS_20_A,LEU_19_A,3.821229,0,1,0,0,0,0
LYS_20_A,LYS_21_A,3.8191772,0,1,0,0,0,0
LYS_21_A,LYS_20_A,3.8191772,0,1,0,0,0,0
LYS_20_A,GLU_24_A,6.0845804,0,1,0,1,0,0
GLU_24_A,LYS_20_A,6.0845804,0,1,0,1,0,0
LYS_21_A,ILE_22_A,3.8191466,0,1,0,0,0,0
ILE_22_A,LYS_21_A,3.8191466,0,1,0,0,0,0
LYS_21_A,GLU_24_A,5.241544,0,0,0,1,0,0
GLU_24_A,LYS_21_A,5.241544,0,0,0,1,0,0
LYS_21_A,GLU_25_A,6.286248,0,0,0,2,0,0
GLU_25_A,LYS_21_A,6.286248,0,0,0,2,0,0
ILE_22_A,ALA_23_A,3.8280435,0,1,0,0,0,0
ALA_23_A,ILE_22_A,3.8280435,0,1,0,0,0,0
ILE_22_A,LEU_44_A,8.103339,0,0,1,0,0,0
LEU_44_A,ILE_22_A,8.103339,0,0,1,0,0,0
ILE_22_A,VAL_99_A,8.118769,0,0,1,0,0,0
VAL_99_A,ILE_22_A,8.118769,0,0,1,0,0,0
ILE_22_A,MET_127_A,8.313638,0,0,1,0,0,0
MET_127_A,ILE_22_A,8.313638,0,0,1,0,0,0
ALA_23_A,GLU_24_A,3.8356688,0,1,0,0,0,0
GLU_24_A,ALA_23_A,3.8356688,0,1,0,0,0,0
ALA_23_A,VAL_47_A,6.8242807,0,0,1,0,0,0
VAL_47_A,ALA_23_A,6.8242807,0,0,1,0,0,0
GLU_24_A,GLU_25_A,3.8157356,0,1,0,0,1,0
GLU_25_A,GLU_24_A,3.8157356,0,1,0,0,1,0
GLU_24_A,HIS_51_A,8.496734,0,0,0,1,0,0
HIS_51_A,GLU_24_A,8.496734,0,0,0,1,0,0
GLU_25_A,LEU_26_A,3.8233101,0,1,0,0,0,0
LEU_26_A,GLU_25_A,3.8233101,0,1,0,0,0,0
GLU_25_A,LYS_178_A,7.650101,0,0,0,1,0,0
LYS_178_A,GLU_25_A,7.650101,0,0,0,1,0,0
LEU_26_A,ASN_27_A,3.8361928,0,1,0,0,0,0
ASN_27_A,LEU_26_A,3.8361928,0,1,0,0,0,0
LEU_26_A,ILE_28_A,5.4117846,0,0,1,0,0,0
ILE_28_A,LEU_26_A,5.4117846,0,0,1,0,0,0
LEU_26_A,LEU_48_A,9.425384,0,0,1,0,0,0
LEU_48_A,LEU_26_A,9.425384,0,0,1,0,0,0
LEU_26_A,VAL_99_A,7.818114,0,0,2,0,0,0
VAL_99_A,LEU_26_A,7.818114,0,0,2,0,0,0
ASN_27_A,ILE_28_A,3.8287938,0,1,0,0,0,0
ILE_28_A,ASN_27_A,3.8287938,0,1,0,0,0,0
ASN_27_A,LYS_97_A,9.088516,0,1,0,0,0,0
LYS_97_A,ASN_27_A,9.088516,0,1,0,0,0,0
ILE_28_A,GLU_29_A,3.8134303,0,1,0,0,0,0
GLU_29_A,ILE_28_A,3.8134303,0,1,0,0,0,0
ILE_28_A,LEU_53_A,6.671008,0,0,2,0,0,0
LEU_53_A,ILE_28_A,6.671008,0,0,2,0,0,0
GLU_29_A,GLU_30_A,3.8379965,0,1,0,0,0,0
GLU_30_A,GLU_29_A,3.8379965,0,1,0,0,0,0
GLU_29_A,GLY_31_A,5.864215,0,1,0,0,0,0
GLY_31_A,GLU_29_A,5.864215,0,1,0,0,0,0
GLU_29_A,ASN_32_A,5.8936605,0,1,0,0,0,0
ASN_32_A,GLU_29_A,5.8936605,0,1,0,0,0,0
GLU_29_A,LYS_97_A,10.417856,0,0,0,2,0,0
LYS_97_A,GLU_29_A,10.417856,0,0,0,2,0,0
GLU_30_A,GLY_31_A,3.826629,0,1,0,0,0,0
GLY_31_A,GLU_30_A,3.826629,0,1,0,0,0,0
GLY_31_A,ASN_32_A,3.806326,0,1,0,0,0,0
ASN_32_A,GLY_31_A,3.806326,0,1,0,0,0,0
ASN_32_A,THR_33_A,3.804292,0,1,0,0,0,0
THR_33_A,ASN_32_A,3.804292,0,1,0,0,0,0
THR_33_A,VAL_34_A,3.806286,0,1,0,0,0,0
VAL_34_A,THR_33_A,3.806286,0,1,0,0,0,0
VAL_34_A,VAL_35_A,3.8042092,0,1,0,0,0,0
VAL_35_A,VAL_34_A,3.8042092,0,1,0,0,0,0
VAL_34_A,LEU_53_A,7.4055104,0,0,1,0,0,0
LEU_53_A,VAL_34_A,7.4055104,0,0,1,0,0,0
VAL_34_A,LYS_55_A,6.3344407,0,1,0,0,0,0
LYS_55_A,VAL_34_A,6.3344407,0,1,0,0,0,0
VAL_34_A,LEU_56_A,5.0830574,0,0,1,0,0,0
LEU_56_A,VAL_34_A,5.0830574,0,0,1,0,0,0
VAL_34_A,TYR_57_A,6.0844154,0,1,0,0,0,0
TYR_57_A,VAL_34_A,6.0844154,0,1,0,0,0,0
VAL_35_A,GLU_36_A,3.8109367,0,1,0,0,0,0
GLU_36_A,VAL_35_A,3.8109367,0,1,0,0,0,0
VAL_35_A,ILE_59_A,7.3810415,0,0,1,0,0,0
ILE_59_A,VAL_35_A,7.3810415,0,0,1,0,0,0
VAL_35_A,PHE_89_A,8.081044,0,0,1,0,0,0
PHE_89_A,VAL_35_A,8.081044,0,0,1,0,0,0
VAL_35_A,VAL_99_A,6.03141,0,1,0,0,0,0
VAL_99_A,VAL_35_A,6.03141,0,1,0,0,0,0
GLU_36_A,VAL_37_A,3.8065195,0,1,0,0,0,0
VAL_37_A,GLU_36_A,3.8065195,0,1,0,0,0,0
GLU_36_A,THR_45_A,7.7420745,0,1,0,0,0,0
THR_45_A,GLU_36_A,7.7420745,0,1,0,0,0,0
GLU_36_A,TYR_57_A,5.9078026,0,1,0,0,0,0
TYR_57_A,GLU_36_A,5.9078026,0,1,0,0,0,0
GLU_36_A,ILE_59_A,6.1103888,0,1,0,0,0,0
ILE_59_A,GLU_36_A,6.1103888,0,1,0,0,0,0
VAL_37_A,GLY_38_A,3.8148797,0,1,0,0,0,0
GLY_38_A,VAL_37_A,3.8148797,0,1,0,0,0,0
VAL_37_A,ALA_84_A,6.190282,0,0,1,0,0,0
ALA_84_A,VAL_37_A,6.190282,0,0,1,0,0,0
VAL_37_A,VAL_99_A,6.4445405,0,1,0,0,0,0
VAL_99_A,VAL_37_A,6.4445405,0,1,0,0,0,0
VAL_37_A,LEU_102_A,7.130021,0,0,2,0,0,0
LEU_102_A,VAL_37_A,7.130021,0,0,2,0,0,0
GLY_38_A,GLY_39_A,3.8024843,0,1,0,0,0,0
GLY_39_A,GLY_38_A,3.8024843,0,1,0,0,0,0
GLY_38_A,ILE_59_A,5.578844,0,1,0,0,0,0
ILE_59_A,GLY_38_A,5.578844,0,1,0,0,0,0
GLY_39_A,GLY_40_A,3.8022401,0,1,0,0,0,0
GLY_40_A,GLY_39_A,3.8022401,0,1,0,0,0,0
GLY_40_A,THR_41_A,3.807634,0,1,0,0,0,0
THR_41_A,GLY_40_A,3.807634,0,1,0,0,0,0
GLY_40_A,GLU_60_A,6.811815,0,1,0,0,0,0
GLU_60_A,GLY_40_A,6.811815,0,1,0,0,0,0
THR_41_A,GLY_42_A,3.8111324,0,1,0,0,0,0
GLY_42_A,THR_41_A,3.8111324,0,1,0,0,0,0
GLY_42_A,ASN_43_A,3.793844,0,1,0,0,0,0
ASN_43_A,GLY_42_A,3.793844,0,1,0,0,0,0
ASN_43_A,LEU_44_A,3.807994,0,1,0,0,0,0
LEU_44_A,ASN_43_A,3.807994,0,1,0,0,0,0
LEU_44_A,THR_45_A,3.8260634,0,1,0,0,0,0
THR_45_A,LEU_44_A,3.8260634,0,1,0,0,0,0
LEU_44_A,LEU_48_A,6.214583,0,1,0,0,0,0
LEU_48_A,LEU_44_A,6.214583,0,1,0,0,0,0
THR_45_A,LYS_46_A,3.8283787,0,1,0,0,0,0
LYS_46_A,THR_45_A,3.8283787,0,1,0,0,0,0
THR_45_A,LEU_56_A,8.165364,0,0,1,0,0,0
LEU_56_A,THR_45_A,8.165364,0,0,1,0,0,0
LYS_46_A,VAL_47_A,3.8231735,0,1,0,0,0,0
VAL_47_A,LYS_46_A,3.8231735,0,1,0,0,0,0
LYS_46_A,LYS_70_A,10.920817,0,0,0,0,1,0
LYS_70_A,LYS_46_A,10.920817,0,0,0,0,1,0
VAL_47_A,LEU_48_A,3.8281128,0,1,0,0,0,0
LEU_48_A,VAL_47_A,3.8281128,0,1,0,0,0,0
LEU_48_A,LEU_49_A,3.8246853,0,1,0,0,0,0
LEU_49_A,LEU_48_A,3.8246853,0,1,0,0,0,0
LEU_48_A,VAL_99_A,9.516342,0,0,1,0,0,0
VAL_99_A,LEU_48_A,9.516342,0,0,1,0,0,0
LEU_49_A,GLN_50_A,3.821347,0,1,0,0,0,0
GLN_50_A,LEU_49_A,3.821347,0,1,0,0,0,0
LEU_49_A,LEU_53_A,6.3349376,0,0,1,0,0,0
LEU_53_A,LEU_49_A,6.3349376,0,0,1,0,0,0
LEU_49_A,LEU_56_A,7.479328,0,0,2,0,0,0
LEU_56_A,LEU_49_A,7.479328,0,0,2,0,0,0
LEU_49_A,ILE_72_A,9.081857,0,0,1,0,0,0
ILE_72_A,LEU_49_A,9.081857,0,0,1,0,0,0
LEU_49_A,ARG_76_A,8.545111,0,1,0,0,0,0
ARG_76_A,LEU_49_A,8.545111,0,1,0,0,0,0
GLN_50_A,HIS_51_A,3.8211098,0,1,0,0,0,0
HIS_51_A,GLN_50_A,3.8211098,0,1,0,0,0,0
HIS_51_A,LEU_53_A,5.6521473,0,1,0,0,0,0
LEU_53_A,HIS_51_A,5.6521473,0,1,0,0,0,0
PRO_52_A,LEU_53_A,3.8194857,0,1,0,0,0,0
LEU_53_A,PRO_52_A,3.8194857,0,1,0,0,0,0
LEU_53_A,LYS_54_A,3.7948306,0,1,0,0,0,0
LYS_54_A,LEU_53_A,3.7948306,0,1,0,0,0,0
LEU_53_A,LEU_56_A,6.875562,0,0,2,0,0,0
LEU_56_A,LEU_53_A,6.875562,0,0,2,0,0,0
LYS_54_A,LYS_55_A,3.8142352,0,1,0,0,0,0
LYS_55_A,LYS_54_A,3.8142352,0,1,0,0,0,0
LYS_55_A,LEU_56_A,3.8102574,0,1,0,0,0,0
LEU_56_A,LYS_55_A,3.8102574,0,1,0,0,0,0
LYS_55_A,GLU_78_A,7.7226305,0,1,0,1,0,0
GLU_78_A,LYS_55_A,7.7226305,0,1,0,1,0,0
LEU_56_A,TYR_57_A,3.7907577,0,1,0,0,0,0
TYR_57_A,LEU_56_A,3.7907577,0,1,0,0,0,0
LEU_56_A,VAL_58_A,6.4692645,0,0,1,0,0,0
VAL_58_A,LEU_56_A,6.4692645,0,0,1,0,0,0
LEU_56_A,ARG_76_A,6.048678,0,1,0,0,0,0
ARG_76_A,LEU_56_A,6.048678,0,1,0,0,0,0
TYR_57_A,VAL_58_A,3.7933931,0,1,0,0,0,0
VAL_58_A,TYR_57_A,3.7933931,0,1,0,0,0,0
TYR_57_A,ILE_80_A,7.0914836,0,0,3,0,0,0
ILE_80_A,TYR_57_A,7.0914836,0,0,3,0,0,0
TYR_57_A,LEU_92_A,8.40009,0,0,1,0,0,0
LEU_92_A,TYR_57_A,8.40009,0,0,1,0,0,0
VAL_58_A,ILE_59_A,3.8065343,0,1,0,0,0,0
ILE_59_A,VAL_58_A,3.8065343,0,1,0,0,0,0
VAL_58_A,LEU_77_A,7.8027964,0,0,1,0,0,0
LEU_77_A,VAL_58_A,7.8027964,0,0,1,0,0,0
VAL_58_A,VAL_79_A,4.7088046,0,0,1,0,0,0
VAL_79_A,VAL_58_A,4.7088046,0,0,1,0,0,0
VAL_58_A,ILE_80_A,5.8796797,0,1,0,0,0,0
ILE_80_A,VAL_58_A,5.8796797,0,1,0,0,0,0
ILE_59_A,GLU_60_A,3.8073752,0,1,0,0,0,0
GLU_60_A,ILE_59_A,3.8073752,0,1,0,0,0,0
ILE_59_A,ALA_84_A,6.018924,0,0,1,0,0,0
ALA_84_A,ILE_59_A,6.018924,0,0,1,0,0,0
ILE_59_A,PHE_87_A,8.38281,0,0,1,0,0,0
PHE_87_A,ILE_59_A,8.38281,0,0,1,0,0,0
ILE_59_A,PHE_89_A,9.585213,0,0,1,0,0,0
PHE_89_A,ILE_59_A,9.585213,0,0,1,0,0,0
GLU_60_A,LEU_61_A,3.8170676,0,1,0,0,0,0
LEU_61_A,GLU_60_A,3.8170676,0,1,0,0,0,0
GLU_60_A,ASP_62_A,5.7935286,0,0,0,0,2,0
ASP_62_A,GLU_60_A,5.7935286,0,0,0,0,2,0
LEU_61_A,ASP_62_A,3.824205,0,1,0,0,0,0
ASP_62_A,LEU_61_A,3.824205,0,1,0,0,0,0
ASP_62_A,ARG_63_A,3.8245087,0,1,0,0,0,0
ARG_63_A,ASP_62_A,3.8245087,0,1,0,0,0,0
ASP_62_A,GLU_64_A,5.412651,0,0,0,0,2,0
GLU_64_A,ASP_62_A,5.412651,0,0,0,0,2,0
ASP_62_A,MET_65_A,5.2465963,0,0,1,0,0,0
MET_65_A,ASP_62_A,5.2465963,0,0,1,0,0,0
ASP_62_A,VAL_66_A,6.012484,0,1,0,0,0,0
VAL_66_A,ASP_62_A,6.012484,0,1,0,0,0,0
ARG_63_A,GLU_64_A,3.8217068,0,1,0,0,0,0
GLU_64_A,ARG_63_A,3.8217068,0,1,0,0,0,0
GLU_64_A,MET_65_A,3.8069172,0,1,0,0,0,0
MET_65_A,GLU_64_A,3.8069172,0,1,0,0,0,0
MET_65_A,VAL_66_A,3.8267949,0,1,0,0,0,0
VAL_66_A,MET_65_A,3.8267949,0,1,0,0,0,0
VAL_66_A,GLU_67_A,3.8254416,0,1,0,0,0,0
GLU_67_A,VAL_66_A,3.8254416,0,1,0,0,0,0
VAL_66_A,ASN_68_A,5.1469355,0,1,0,0,0,0
ASN_68_A,VAL_66_A,5.1469355,0,1,0,0,0,0
VAL_66_A,VAL_79_A,6.8448005,0,0,1,0,0,0
VAL_79_A,VAL_66_A,6.8448005,0,0,1,0,0,0
GLU_67_A,ASN_68_A,3.808351,0,1,0,0,0,0
ASN_68_A,GLU_67_A,3.808351,0,1,0,0,0,0
GLU_67_A,LEU_69_A,5.547143,0,1,0,0,0,0
LEU_69_A,GLU_67_A,5.547143,0,1,0,0,0,0
ASN_68_A,LEU_69_A,3.7897785,0,1,0,0,0,0
LEU_69_A,ASN_68_A,3.7897785,0,1,0,0,0,0
LEU_69_A,LYS_70_A,3.8132403,0,1,0,0,0,0
LYS_70_A,LEU_69_A,3.8132403,0,1,0,0,0,0
LYS_70_A,SER_71_A,3.8369644,0,1,0,0,0,0
SER_71_A,LYS_70_A,3.8369644,0,1,0,0,0,0
LYS_70_A,ILE_72_A,5.0054383,0,1,0,0,0,0
ILE_72_A,LYS_70_A,5.0054383,0,1,0,0,0,0
SER_71_A,ILE_72_A,3.806366,0,1,0,0,0,0
ILE_72_A,SER_71_A,3.806366,0,1,0,0,0,0
SER_71_A,GLY_73_A,5.3152037,0,1,0,0,0,0
GLY_73_A,SER_71_A,5.3152037,0,1,0,0,0,0
ILE_72_A,GLY_73_A,3.8119433,0,1,0,0,0,0
GLY_73_A,ILE_72_A,3.8119433,0,1,0,0,0,0
ILE_72_A,LEU_77_A,8.153457,0,0,1,0,0,0
LEU_77_A,ILE_72_A,8.153457,0,0,1,0,0,0
GLY_73_A,ASP_74_A,3.7878273,0,1,0,0,0,0
ASP_74_A,GLY_73_A,3.7878273,0,1,0,0,0,0
ASP_74_A,GLU_75_A,3.8124504,0,2,0,0,1,0
GLU_75_A,ASP_74_A,3.8124504,0,2,0,0,1,0
ASP_74_A,ARG_76_A,5.455895,0,0,0,8,0,0
ARG_76_A,ASP_74_A,5.455895,0,0,0,8,0,0
GLU_75_A,ARG_76_A,3.8211622,0,1,0,0,0,0
ARG_76_A,GLU_75_A,3.8211622,0,1,0,0,0,0
ARG_76_A,LEU_77_A,3.8164341,0,1,0,0,0,0
LEU_77_A,ARG_76_A,3.8164341,0,1,0,0,0,0
LEU_77_A,GLU_78_A,3.799897,0,1,0,0,0,0
GLU_78_A,LEU_77_A,3.799897,0,1,0,0,0,0
GLU_78_A,VAL_79_A,3.7965531,0,1,0,0,0,0
VAL_79_A,GLU_78_A,3.7965531,0,1,0,0,0,0
VAL_79_A,ILE_80_A,3.8093379,0,1,0,0,0,0
ILE_80_A,VAL_79_A,3.8093379,0,1,0,0,0,0
ILE_80_A,ASN_81_A,3.8066385,0,1,0,0,0,0
ASN_81_A,ILE_80_A,3.8066385,0,1,0,0,0,0
ILE_80_A,PHE_87_A,9.925605,0,0,1,0,0,0
PHE_87_A,ILE_80_A,9.925605,0,0,1,0,0,0
ASN_81_A,GLU_82_A,3.8183787,0,1,0,0,0,0
GLU_82_A,ASN_81_A,3.8183787,0,1,0,0,0,0
GLU_82_A,ASP_83_A,3.821484,0,1,0,0,0,0
ASP_83_A,GLU_82_A,3.821484,0,1,0,0,0,0
ASP_83_A,ALA_84_A,3.8199546,0,1,0,0,0,0
ALA_84_A,ASP_83_A,3.8199546,0,1,0,0,0,0
ASP_83_A,SER_85_A,5.434777,0,1,0,0,0,0
SER_85_A,ASP_83_A,5.434777,0,1,0,0,0,0
ASP_83_A,LYS_86_A,5.6615887,0,0,0,2,0,0
LYS_86_A,ASP_83_A,5.6615887,0,0,0,2,0,0
ASP_83_A,PHE_87_A,5.81237,0,1,0,0,0,0
PHE_87_A,ASP_83_A,5.81237,0,1,0,0,0,0
ALA_84_A,SER_85_A,3.8180013,0,1,0,0,0,0
SER_85_A,ALA_84_A,3.8180013,0,1,0,0,0,0
ALA_84_A,ASN_113_A,7.8347945,0,1,0,0,0,0
ASN_113_A,ALA_84_A,7.8347945,0,1,0,0,0,0
SER_85_A,LYS_86_A,3.822512,0,1,0,0,0,0
LYS_86_A,SER_85_A,3.822512,0,1,0,0,0,0
LYS_86_A,PHE_87_A,3.8314195,0,1,0,0,0,0
PHE_87_A,LYS_86_A,3.8314195,0,1,0,0,0,0
PHE_87_A,LEU_92_A,10.470826,0,0,1,0,0,0
LEU_92_A,PHE_87_A,10.470826,0,0,1,0,0,0
PHE_87_A,ASN_113_A,7.767968,0,1,0,0,0,0
ASN_113_A,PHE_87_A,7.767968,0,1,0,0,0,0
PRO_88_A,PHE_89_A,3.8237205,0,1,0,0,0,0
PHE_89_A,PRO_88_A,3.8237205,0,1,0,0,0,0
PHE_89_A,CYS_90_A,3.8276677,0,1,0,0,0,0
CYS_90_A,PHE_89_A,3.8276677,0,1,0,0,0,0
PHE_89_A,SER_91_A,5.283575,0,1,0,0,0,0
SER_91_A,PHE_89_A,5.283575,0,1,0,0,0,0
PHE_89_A,THR_114_A,7.2197757,0,0,2,0,0,0
THR_114_A,PHE_89_A,7.2197757,0,0,2,0,0,0
CYS_90_A,SER_91_A,3.818392,0,1,0,0,0,0
SER_91_A,CYS_90_A,3.818392,0,1,0,0,0,0
CYS_90_A,CYS_120_A,5.38705,0,1,0,0,0,0
CYS_120_A,CYS_90_A,5.38705,0,1,0,0,0,0
SER_91_A,LEU_92_A,3.8205106,0,1,0,0,0,0
LEU_92_A,SER_91_A,3.8205106,0,1,0,0,0,0
LEU_92_A,GLY_93_A,3.8263462,0,1,0,0,0,0
GLY_93_A,LEU_92_A,3.8263462,0,1,0,0,0,0
LEU_92_A,LEU_96_A,7.7187953,0,0,1,0,0,0
LEU_96_A,LEU_92_A,7.7187953,0,0,1,0,0,0
GLY_93_A,LYS_94_A,3.8058841,0,1,0,0,0,0
LYS_94_A,GLY_93_A,3.8058841,0,1,0,0,0,0
LYS_94_A,GLU_95_A,3.8223615,0,1,0,0,0,0
GLU_95_A,LYS_94_A,3.8223615,0,1,0,0,0,0
GLU_95_A,LEU_96_A,3.8136992,0,1,0,0,0,0
LEU_96_A,GLU_95_A,3.8136992,0,1,0,0,0,0
LEU_96_A,LYS_97_A,3.8043015,0,1,0,0,0,0
LYS_97_A,LEU_96_A,3.8043015,0,1,0,0,0,0
LEU_96_A,CYS_120_A,5.786822,0,1,0,0,0,0
CYS_120_A,LEU_96_A,5.786822,0,1,0,0,0,0
LYS_97_A,VAL_98_A,3.8121672,0,1,0,0,0,0
VAL_98_A,LYS_97_A,3.8121672,0,1,0,0,0,0
VAL_98_A,VAL_99_A,3.8181617,0,1,0,0,0,0
VAL_99_A,VAL_98_A,3.8181617,0,1,0,0,0,0
VAL_98_A,VAL_121_A,6.5761075,0,0,1,0,0,0
VAL_121_A,VAL_98_A,6.5761075,0,0,1,0,0,0
VAL_99_A,GLY_100_A,3.8106706,0,1,0,0,0,0
GLY_100_A,VAL_99_A,3.8106706,0,1,0,0,0,0
GLY_100_A,ASN_101_A,3.7800522,0,1,0,0,0,0
ASN_101_A,GLY_100_A,3.7800522,0,1,0,0,0,0
ASN_101_A,LEU_102_A,3.8015437,0,1,0,0,0,0
LEU_102_A,ASN_101_A,3.8015437,0,1,0,0,0,0
LEU_102_A,ALA_107_A,5.2022076,0,0,1,0,0,0
ALA_107_A,LEU_102_A,5.2022076,0,0,1,0,0,0
LEU_102_A,ILE_110_A,8.02628,0,0,1,0,0,0
ILE_110_A,LEU_102_A,8.02628,0,0,1,0,0,0
LEU_102_A,ILE_111_A,9.178811,0,0,1,0,0,0
ILE_111_A,LEU_102_A,9.178811,0,0,1,0,0,0
LEU_102_A,MET_127_A,5.6642766,0,1,0,0,0,0
MET_127_A,LEU_102_A,5.6642766,0,1,0,0,0,0
LEU_102_A,VAL_128_A,5.72152,0,0,1,0,0,0
VAL_128_A,LEU_102_A,5.72152,0,0,1,0,0,0
PRO_103_A,TYR_104_A,3.8297973,0,1,0,0,0,0
TYR_104_A,PRO_103_A,3.8297973,0,1,0,0,0,0
PRO_103_A,VAL_106_A,5.9520717,0,0,1,0,0,0
VAL_106_A,PRO_103_A,5.9520717,0,0,1,0,0,0
PRO_103_A,ALA_107_A,5.419581,0,1,0,0,0,0
ALA_107_A,PRO_103_A,5.419581,0,1,0,0,0,0
TYR_104_A,ASN_105_A,3.8209677,0,1,0,0,0,0
ASN_105_A,TYR_104_A,3.8209677,0,1,0,0,0,0
ASN_105_A,VAL_106_A,3.8262913,0,1,0,0,0,0
VAL_106_A,ASN_105_A,3.8262913,0,1,0,0,0,0
VAL_106_A,ALA_107_A,3.8395724,0,1,0,0,0,0
ALA_107_A,VAL_106_A,3.8395724,0,1,0,0,0,0
VAL_106_A,LEU_109_A,5.324653,0,1,0,0,0,0
LEU_109_A,VAL_106_A,5.324653,0,1,0,0,0,0
ALA_107_A,SER_108_A,3.8278546,0,1,0,0,0,0
SER_108_A,ALA_107_A,3.8278546,0,1,0,0,0,0
SER_108_A,LEU_109_A,3.820629,0,1,0,0,0,0
LEU_109_A,SER_108_A,3.820629,0,1,0,0,0,0
LEU_109_A,ILE_110_A,3.8298275,0,1,0,0,0,0
ILE_110_A,LEU_109_A,3.8298275,0,1,0,0,0,0
LEU_109_A,ASN_113_A,6.0765295,0,1,0,0,0,0
ASN_113_A,LEU_109_A,6.0765295,0,1,0,0,0,0
ILE_110_A,ILE_111_A,3.82701,0,1,0,0,0,0
ILE_111_A,ILE_110_A,3.82701,0,1,0,0,0,0
ILE_110_A,THR_114_A,6.2052712,0,1,0,0,0,0
THR_114_A,ILE_110_A,6.2052712,0,1,0,0,0,0
ILE_111_A,GLU_112_A,3.8303385,0,1,0,0,0,0
GLU_112_A,ILE_111_A,3.8303385,0,1,0,0,0,0
ILE_111_A,THR_114_A,5.202894,0,1,0,0,0,0
THR_114_A,ILE_111_A,5.202894,0,1,0,0,0,0
ILE_111_A,LEU_136_A,10.061482,0,0,1,0,0,0
LEU_136_A,ILE_111_A,10.061482,0,0,1,0,0,0
ILE_111_A,VAL_149_A,7.9603405,0,0,1,0,0,0
VAL_149_A,ILE_111_A,7.9603405,0,0,1,0,0,0
GLU_112_A,ASN_113_A,3.816354,0,1,0,0,0,0
ASN_113_A,GLU_112_A,3.816354,0,1,0,0,0,0
GLU_112_A,LYS_194_A,9.431338,0,0,0,2,0,0
LYS_194_A,GLU_112_A,9.431338,0,0,0,2,0,0
ASN_113_A,THR_114_A,3.8271515,0,1,0,0,0,0
THR_114_A,ASN_113_A,3.8271515,0,1,0,0,0,0
ASN_113_A,ASN_117_A,6.4661026,0,1,0,0,0,0
ASN_117_A,ASN_113_A,6.4661026,0,1,0,0,0,0
THR_114_A,VAL_115_A,3.8182428,0,1,0,0,0,0
VAL_115_A,THR_114_A,3.8182428,0,1,0,0,0,0
VAL_115_A,TYR_116_A,3.8199708,0,1,0,0,0,0
TYR_116_A,VAL_115_A,3.8199708,0,1,0,0,0,0
VAL_115_A,PHE_148_A,7.9093595,0,0,2,0,0,0
PHE_148_A,VAL_115_A,7.9093595,0,0,2,0,0,0
VAL_115_A,VAL_149_A,6.238036,0,0,1,0,0,0
VAL_149_A,VAL_115_A,6.238036,0,0,1,0,0,0
VAL_115_A,PHE_152_A,7.6137133,0,0,1,0,0,0
PHE_152_A,VAL_115_A,7.6137133,0,0,1,0,0,0
TYR_116_A,ASN_117_A,3.808697,0,1,0,0,0,0
ASN_117_A,TYR_116_A,3.808697,0,1,0,0,0,0
TYR_116_A,LEU_190_A,6.884926,0,0,2,0,0,0
LEU_190_A,TYR_116_A,6.884926,0,0,2,0,0,0
ASN_117_A,LYS_118_A,3.838747,0,1,0,0,0,0
LYS_118_A,ASN_117_A,3.838747,0,1,0,0,0,0
ASN_117_A,ASP_119_A,5.489064,0,1,0,0,0,0
ASP_119_A,ASN_117_A,5.489064,0,1,0,0,0,0
ASN_117_A,CYS_120_A,5.8678885,0,1,0,0,0,0
CYS_120_A,ASN_117_A,5.8678885,0,1,0,0,0,0
LYS_118_A,ASP_119_A,3.8203225,0,1,0,2,0,0
ASP_119_A,LYS_118_A,3.8203225,0,1,0,2,0,0
LYS_118_A,LYS_181_A,8.214792,0,0,0,0,1,0
LYS_181_A,LYS_118_A,8.214792,0,0,0,0,1,0
ASP_119_A,CYS_120_A,3.8194044,0,1,0,0,0,0
CYS_120_A,ASP_119_A,3.8194044,0,1,0,0,0,0
CYS_120_A,VAL_121_A,3.826527,0,1,0,0,0,0
VAL_121_A,CYS_120_A,3.826527,0,1,0,0,0,0
VAL_121_A,TYR_153_A,10.214601,0,1,0,0,0,0
TYR_153_A,VAL_121_A,10.214601,0,1,0,0,0,0
PRO_122_A,LEU_123_A,3.8317811,0,1,0,0,0,0
LEU_123_A,PRO_122_A,3.8317811,0,1,0,0,0,0
LEU_123_A,ALA_124_A,3.8090613,0,1,0,0,0,0
ALA_124_A,LEU_123_A,3.8090613,0,1,0,0,0,0
ALA_124_A,VAL_125_A,3.819688,0,1,0,0,0,0
VAL_125_A,ALA_124_A,3.819688,0,1,0,0,0,0
ALA_124_A,PHE_126_A,6.5476856,0,0,1,0,0,0
PHE_126_A,ALA_124_A,6.5476856,0,0,1,0,0,0
ALA_124_A,LEU_179_A,4.8964763,0,1,0,0,0,0
LEU_179_A,ALA_124_A,4.8964763,0,1,0,0,0,0
VAL_125_A,PHE_126_A,3.8174229,0,1,0,0,0,0
PHE_126_A,VAL_125_A,3.8174229,0,1,0,0,0,0
VAL_125_A,VAL_176_A,6.97914,0,0,1,0,0,0
VAL_176_A,VAL_125_A,6.97914,0,0,1,0,0,0
PHE_126_A,MET_127_A,3.7913167,0,1,0,0,0,0
MET_127_A,PHE_126_A,3.7913167,0,1,0,0,0,0
PHE_126_A,ILE_177_A,5.320279,0,2,0,0,0,0
ILE_177_A,PHE_126_A,5.320279,0,2,0,0,0,0
MET_127_A,VAL_128_A,3.8089144,0,1,0,0,0,0
VAL_128_A,MET_127_A,3.8089144,0,1,0,0,0,0
MET_127_A,VAL_161_A,8.486223,0,0,1,0,0,0
VAL_161_A,MET_127_A,8.486223,0,0,1,0,0,0
MET_127_A,VAL_176_A,4.4344707,0,0,1,0,0,0
VAL_176_A,MET_127_A,4.4344707,0,0,1,0,0,0
VAL_128_A,GLN_129_A,3.8069322,0,1,0,0,0,0
GLN_129_A,VAL_128_A,3.8069322,0,1,0,0,0,0
VAL_128_A,ALA_133_A,5.949276,0,0,1,0,0,0
ALA_133_A,VAL_128_A,5.949276,0,0,1,0,0,0
VAL_128_A,ALA_175_A,5.4499145,0,2,0,0,0,0
ALA_175_A,VAL_128_A,5.4499145,0,2,0,0,0,0
GLN_129_A,LYS_130_A,3.8286424,0,1,0,0,0,0
LYS_130_A,GLN_129_A,3.8286424,0,1,0,0,0,0
GLN_129_A,VAL_132_A,5.3191533,0,1,0,0,0,0
VAL_132_A,GLN_129_A,5.3191533,0,1,0,0,0,0
GLN_129_A,ALA_133_A,6.0837164,0,1,0,0,0,0
ALA_133_A,GLN_129_A,6.0837164,0,1,0,0,0,0
GLN_129_A,VAL_172_A,6.738618,0,0,1,0,0,0
VAL_172_A,GLN_129_A,6.738618,0,0,1,0,0,0
LYS_130_A,GLU_131_A,3.8314912,0,1,0,0,0,0
GLU_131_A,LYS_130_A,3.8314912,0,1,0,0,0,0
LYS_130_A,ALA_133_A,4.7331767,0,1,0,0,0,0
ALA_133_A,LYS_130_A,4.7331767,0,1,0,0,0,0
LYS_130_A,GLU_134_A,5.8370633,0,1,0,2,0,0
GLU_134_A,LYS_130_A,5.8370633,0,1,0,2,0,0
LYS_130_A,GLN_173_A,5.3346524,0,1,0,0,0,0
GLN_173_A,LYS_130_A,5.3346524,0,1,0,0,0,0
GLU_131_A,VAL_132_A,3.821908,0,1,0,0,0,0
VAL_132_A,GLU_131_A,3.821908,0,1,0,0,0,0
GLU_131_A,GLU_134_A,5.587066,0,0,0,0,4,0
GLU_134_A,GLU_131_A,5.587066,0,0,0,0,4,0
VAL_132_A,ALA_133_A,3.8310196,0,1,0,0,0,0
ALA_133_A,VAL_132_A,3.8310196,0,1,0,0,0,0
ALA_133_A,GLU_134_A,3.827701,0,1,0,0,0,0
GLU_134_A,ALA_133_A,3.827701,0,1,0,0,0,0
ALA_133_A,ALA_175_A,6.261294,0,0,1,0,0,0
ALA_175_A,ALA_133_A,6.261294,0,0,1,0,0,0
GLU_134_A,LYS_135_A,3.8112571,0,1,0,0,0,0
LYS_135_A,GLU_134_A,3.8112571,0,1,0,0,0,0
GLU_134_A,LYS_140_A,7.08722,0,0,0,2,0,0
LYS_140_A,GLU_134_A,7.08722,0,0,0,2,0,0
GLU_134_A,ASP_141_A,6.6110935,0,0,0,0,1,0
ASP_141_A,GLU_134_A,6.6110935,0,0,0,0,1,0
LYS_135_A,LEU_136_A,3.822812,0,1,0,0,0,0
LEU_136_A,LYS_135_A,3.822812,0,1,0,0,0,0
LYS_135_A,ASP_141_A,4.9871416,0,0,0,2,0,0
ASP_141_A,LYS_135_A,4.9871416,0,0,0,2,0,0
LYS_135_A,SER_146_A,6.2635474,0,1,0,0,0,0
SER_146_A,LYS_135_A,6.2635474,0,1,0,0,0,0
LYS_135_A,ARG_204_A,14.11224,0,0,0,0,3,0
ARG_204_A,LYS_135_A,14.11224,0,0,0,0,3,0
LEU_136_A,GLN_137_A,3.8292203,0,1,0,0,0,0
GLN_137_A,LEU_136_A,3.8292203,0,1,0,0,0,0
LEU_136_A,ILE_177_A,8.918667,0,0,1,0,0,0
ILE_177_A,LEU_136_A,8.918667,0,0,1,0,0,0
GLN_137_A,GLY_138_A,3.8110487,0,1,0,0,0,0
GLY_138_A,GLN_137_A,3.8110487,0,1,0,0,0,0
GLY_138_A,LYS_139_A,3.805868,0,1,0,0,0,0
LYS_139_A,GLY_138_A,3.805868,0,1,0,0,0,0
LYS_139_A,LYS_140_A,3.8292284,0,1,0,0,0,0
LYS_140_A,LYS_139_A,3.8292284,0,1,0,0,0,0
LYS_140_A,ASP_141_A,3.8232703,0,1,0,1,0,0
ASP_141_A,LYS_140_A,3.8232703,0,1,0,1,0,0
ASP_141_A,THR_142_A,3.8262844,0,1,0,0,0,0
THR_142_A,ASP_141_A,3.8262844,0,1,0,0,0,0
ASP_141_A,ARG_204_A,11.442783,0,0,0,5,0,0
ARG_204_A,ASP_141_A,11.442783,0,0,0,5,0,0
ASP_141_A,GLU_229_A,7.767486,0,0,0,0,2,0
GLU_229_A,ASP_141_A,7.767486,0,0,0,0,2,0
THR_142_A,GLY_143_A,3.8156018,0,1,0,0,0,0
GLY_143_A,THR_142_A,3.8156018,0,1,0,0,0,0
THR_142_A,ARG_204_A,10.147011,0,1,0,0,0,0
ARG_204_A,THR_142_A,10.147011,0,1,0,0,0,0
GLY_143_A,TRP_144_A,3.8053558,0,1,0,0,0,0
TRP_144_A,GLY_143_A,3.8053558,0,1,0,0,0,0
TRP_144_A,LEU_145_A,3.815092,0,1,0,0,0,0
LEU_145_A,TRP_144_A,3.815092,0,1,0,0,0,0
TRP_144_A,LYS_194_A,7.3700852,0,0,1,0,0,0
LYS_194_A,TRP_144_A,7.3700852,0,0,1,0,0,0
LEU_145_A,SER_146_A,3.8132048,0,1,0,0,0,0
SER_146_A,LEU_145_A,3.8132048,0,1,0,0,0,0
LEU_145_A,VAL_149_A,6.060219,0,1,0,0,0,0
VAL_149_A,LEU_145_A,6.060219,0,1,0,0,0,0
SER_146_A,VAL_147_A,3.822246,0,1,0,0,0,0
VAL_147_A,SER_146_A,3.822246,0,1,0,0,0,0
SER_146_A,ARG_150_A,6.151892,0,2,0,0,0,0
ARG_150_A,SER_146_A,6.151892,0,2,0,0,0,0
VAL_147_A,PHE_148_A,3.832785,0,1,0,0,0,0
PHE_148_A,VAL_147_A,3.832785,0,1,0,0,0,0
VAL_147_A,THR_151_A,5.8945403,0,2,0,0,0,0
THR_151_A,VAL_147_A,5.8945403,0,2,0,0,0,0
VAL_147_A,PHE_201_A,10.169177,0,0,1,0,0,0
PHE_201_A,VAL_147_A,10.169177,0,0,1,0,0,0
VAL_147_A,PHE_236_A,8.167727,0,0,3,0,0,0
PHE_236_A,VAL_147_A,8.167727,0,0,3,0,0,0
PHE_148_A,VAL_149_A,3.823466,0,1,0,0,0,0
VAL_149_A,PHE_148_A,3.823466,0,1,0,0,0,0
PHE_148_A,TYR_193_A,7.8610115,0,0,1,0,0,0
TYR_193_A,PHE_148_A,7.8610115,0,0,1,0,0,0
VAL_149_A,ARG_150_A,3.8345377,0,1,0,0,0,0
ARG_150_A,VAL_149_A,3.8345377,0,1,0,0,0,0
VAL_149_A,TYR_153_A,5.811512,0,1,0,0,0,0
TYR_153_A,VAL_149_A,5.811512,0,1,0,0,0,0
VAL_149_A,LEU_179_A,8.539073,0,0,1,0,0,0
LEU_179_A,VAL_149_A,8.539073,0,0,1,0,0,0
ARG_150_A,THR_151_A,3.8220425,0,1,0,0,0,0
THR_151_A,ARG_150_A,3.8220425,0,1,0,0,0,0
THR_151_A,PHE_152_A,3.820925,0,1,2,0,0,0
PHE_152_A,THR_151_A,3.820925,0,1,2,0,0,0
THR_151_A,TYR_193_A,10.256171,0,1,0,0,0,0
TYR_193_A,THR_151_A,10.256171,0,1,0,0,0,0
THR_151_A,PHE_237_A,8.407022,0,0,2,0,0,0
PHE_237_A,THR_151_A,8.407022,0,0,2,0,0,0
PHE_152_A,TYR_153_A,3.8170166,0,1,0,0,0,0
TYR_153_A,PHE_152_A,3.8170166,0,1,0,0,0,0
PHE_152_A,LEU_190_A,10.569291,0,0,1,0,0,0
LEU_190_A,PHE_152_A,10.569291,0,0,1,0,0,0
TYR_153_A,ASP_154_A,3.7985976,0,1,0,0,0,0
ASP_154_A,TYR_153_A,3.7985976,0,1,0,0,0,0
TYR_153_A,LYS_181_A,4.2540274,0,0,1,0,0,0
LYS_181_A,TYR_153_A,4.2540274,0,0,1,0,0,0
ASP_154_A,VAL_155_A,3.8089592,0,1,0,0,0,0
VAL_155_A,ASP_154_A,3.8089592,0,1,0,0,0,0
ASP_154_A,VAL_180_A,5.205413,0,1,0,0,0,0
VAL_180_A,ASP_154_A,5.205413,0,1,0,0,0,0
ASP_154_A,ASN_182_A,5.8069553,0,1,0,0,0,0
ASN_182_A,ASP_154_A,5.8069553,0,1,0,0,0,0
ASP_154_A,LYS_184_A,9.005563,0,0,0,2,0,0
LYS_184_A,ASP_154_A,9.005563,0,0,0,2,0,0
VAL_155_A,ASN_156_A,3.8125482,0,1,0,0,0,0
ASN_156_A,VAL_155_A,3.8125482,0,1,0,0,0,0
ASN_156_A,TYR_157_A,3.821656,0,1,0,0,0,0
TYR_157_A,ASN_156_A,3.821656,0,1,0,0,0,0
TYR_157_A,VAL_158_A,3.828871,0,1,0,0,0,0
VAL_158_A,TYR_157_A,3.828871,0,1,0,0,0,0
TYR_157_A,THR_160_A,8.907211,0,2,0,0,0,0
THR_160_A,TYR_157_A,8.907211,0,2,0,0,0,0
VAL_158_A,MET_159_A,3.843733,0,1,0,0,0,0
MET_159_A,VAL_158_A,3.843733,0,1,0,0,0,0
VAL_158_A,VAL_176_A,5.2524266,0,1,0,0,0,0
VAL_176_A,VAL_158_A,5.2524266,0,1,0,0,0,0
MET_159_A,THR_160_A,3.8211107,0,1,0,0,0,0
THR_160_A,MET_159_A,3.8211107,0,1,0,0,0,0
MET_159_A,VAL_176_A,5.1464205,0,1,1,0,0,0
VAL_176_A,MET_159_A,5.1464205,0,1,1,0,0,0
THR_160_A,VAL_161_A,3.8066654,0,1,0,0,0,0
VAL_161_A,THR_160_A,3.8066654,0,1,0,0,0,0
VAL_161_A,PHE_166_A,8.96004,0,0,1,0,0,0
PHE_166_A,VAL_161_A,8.96004,0,0,1,0,0,0
VAL_161_A,SER_174_A,4.9261,0,1,0,0,0,0
SER_174_A,VAL_161_A,4.9261,0,1,0,0,0,0
PRO_162_A,PHE_165_A,6.0076766,0,0,1,0,0,0
PHE_165_A,PRO_162_A,6.0076766,0,0,1,0,0,0
PRO_163_A,ARG_164_A,3.8334095,0,1,0,0,0,0
ARG_164_A,PRO_163_A,3.8334095,0,1,0,0,0,0
ARG_164_A,PHE_165_A,3.8292758,0,1,0,0,0,0
PHE_165_A,ARG_164_A,3.8292758,0,1,0,0,0,0
PHE_165_A,PHE_166_A,3.8252892,0,1,0,0,0,0
PHE_166_A,PHE_165_A,3.8252892,0,1,0,0,0,0
PHE_166_A,VAL_167_A,3.8262649,0,1,0,0,0,0
VAL_167_A,PHE_166_A,3.8262649,0,1,0,0,0,0
PRO_170_A,LYS_171_A,3.8073049,0,1,0,0,0,0
LYS_171_A,PRO_170_A,3.8073049,0,1,0,0,0,0
LYS_171_A,VAL_172_A,3.8200898,0,1,0,0,0,0
VAL_172_A,LYS_171_A,3.8200898,0,1,0,0,0,0
VAL_172_A,GLN_173_A,3.8080745,0,1,0,0,0,0
GLN_173_A,VAL_172_A,3.8080745,0,1,0,0,0,0
GLN_173_A,SER_174_A,3.8098729,0,1,0,0,0,0
SER_174_A,GLN_173_A,3.8098729,0,1,0,0,0,0
SER_174_A,ALA_175_A,3.8103323,0,1,0,0,0,0
ALA_175_A,SER_174_A,3.8103323,0,1,0,0,0,0
ALA_175_A,VAL_176_A,3.8029077,0,1,0,0,0,0
VAL_176_A,ALA_175_A,3.8029077,0,1,0,0,0,0
VAL_176_A,ILE_177_A,3.8195665,0,1,0,0,0,0
ILE_177_A,VAL_176_A,3.8195665,0,1,0,0,0,0
ILE_177_A,LYS_178_A,3.8115134,0,1,0,0,0,0
LYS_178_A,ILE_177_A,3.8115134,0,1,0,0,0,0
LYS_178_A,LEU_179_A,3.8088462,0,1,0,0,0,0
LEU_179_A,LYS_178_A,3.8088462,0,1,0,0,0,0
LEU_179_A,VAL_180_A,3.809848,0,1,0,0,0,0
VAL_180_A,LEU_179_A,3.809848,0,1,0,0,0,0
VAL_180_A,LYS_181_A,3.8140972,0,1,0,0,0,0
LYS_181_A,VAL_180_A,3.8140972,0,1,0,0,0,0
LYS_181_A,ASN_182_A,3.8047936,0,1,0,0,0,0
ASN_182_A,LYS_181_A,3.8047936,0,1,0,0,0,0
LYS_181_A,GLU_183_A,6.737719,0,0,0,1,0,0
GLU_183_A,LYS_181_A,6.737719,0,0,0,1,0,0
ASN_182_A,GLU_183_A,3.8096411,0,1,0,0,0,0
GLU_183_A,ASN_182_A,3.8096411,0,1,0,0,0,0
ASN_182_A,LYS_184_A,5.892916,0,1,0,0,0,0
LYS_184_A,ASN_182_A,5.892916,0,1,0,0,0,0
GLU_183_A,LYS_184_A,3.808275,0,1,0,0,0,0
LYS_184_A,GLU_183_A,3.808275,0,1,0,0,0,0
LYS_184_A,PHE_185_A,3.825679,0,1,0,0,0,0
PHE_185_A,LYS_184_A,3.825679,0,1,0,0,0,0
LYS_184_A,PHE_237_A,9.342712,0,0,1,0,0,0
PHE_237_A,LYS_184_A,9.342712,0,0,1,0,0,0
PHE_185_A,PHE_237_A,7.3116984,0,0,5,0,0,0
PHE_237_A,PHE_185_A,7.3116984,0,0,5,0,0,0
PRO_186_A,VAL_187_A,3.7911835,0,1,0,0,0,0
VAL_187_A,PRO_186_A,3.7911835,0,1,0,0,0,0
VAL_187_A,LYS_188_A,3.807657,0,1,0,0,0,0
LYS_188_A,VAL_187_A,3.807657,0,1,0,0,0,0
VAL_187_A,TYR_193_A,7.3439784,0,0,2,0,0,0
TYR_193_A,VAL_187_A,7.3439784,0,0,2,0,0,0
LYS_188_A,ASP_189_A,3.8362248,0,1,0,0,0,0
ASP_189_A,LYS_188_A,3.8362248,0,1,0,0,0,0
ASP_189_A,LEU_190_A,3.8188276,0,1,0,0,0,0
LEU_190_A,ASP_189_A,3.8188276,0,1,0,0,0,0
ASP_189_A,LYS_191_A,5.013787,0,1,0,0,0,0
LYS_191_A,ASP_189_A,5.013787,0,1,0,0,0,0
ASP_189_A,SER_246_A,7.3992467,0,1,0,0,0,0
SER_246_A,ASP_189_A,7.3992467,0,1,0,0,0,0
LEU_190_A,LYS_191_A,3.814692,0,1,0,0,0,0
LYS_191_A,LEU_190_A,3.814692,0,1,0,0,0,0
LEU_190_A,LYS_194_A,5.8967805,0,1,0,0,0,0
LYS_194_A,LEU_190_A,5.8967805,0,1,0,0,0,0
LYS_191_A,ASN_192_A,3.8316605,0,1,0,0,0,0
ASN_192_A,LYS_191_A,3.8316605,0,1,0,0,0,0
LYS_191_A,LYS_195_A,6.634798,0,0,0,0,1,0
LYS_195_A,LYS_191_A,6.634798,0,0,0,0,1,0
ASN_192_A,TYR_193_A,3.8108912,0,1,0,0,0,0
TYR_193_A,ASN_192_A,3.8108912,0,1,0,0,0,0
ASN_192_A,ASP_245_A,7.914852,0,1,0,0,0,0
ASP_245_A,ASN_192_A,7.914852,0,1,0,0,0,0
TYR_193_A,LYS_194_A,3.812773,0,1,0,0,0,0
LYS_194_A,TYR_193_A,3.812773,0,1,0,0,0,0
TYR_193_A,LEU_197_A,6.461381,0,0,1,0,0,0
LEU_197_A,TYR_193_A,6.461381,0,0,1,0,0,0
TYR_193_A,TYR_240_A,7.705848,0,0,2,0,0,0
TYR_240_A,TYR_193_A,7.705848,0,0,2,0,0,0
LYS_194_A,LYS_195_A,3.8192525,0,1,0,0,1,0
LYS_195_A,LYS_194_A,3.8192525,0,1,0,0,1,0
LYS_195_A,PHE_196_A,3.8143613,0,1,0,0,0,0
PHE_196_A,LYS_195_A,3.8143613,0,1,0,0,0,0
PHE_196_A,LEU_197_A,3.825934,0,1,2,0,0,0
LEU_197_A,PHE_196_A,3.825934,0,1,2,0,0,0
PHE_196_A,ILE_200_A,6.710389,0,0,1,0,0,0
ILE_200_A,PHE_196_A,6.710389,0,0,1,0,0,0
PHE_196_A,LEU_239_A,10.148908,0,0,1,0,0,0
LEU_239_A,PHE_196_A,10.148908,0,0,1,0,0,0
PHE_196_A,TYR_240_A,7.2300577,0,0,4,0,0,0
TYR_240_A,PHE_196_A,7.2300577,0,0,4,0,0,0
PHE_196_A,ILE_243_A,9.014182,0,0,1,0,0,0
ILE_243_A,PHE_196_A,9.014182,0,0,1,0,0,0
LEU_197_A,THR_198_A,3.8044484,0,1,0,0,0,0
THR_198_A,LEU_197_A,3.8044484,0,1,0,0,0,0
LEU_197_A,PHE_236_A,7.913351,0,0,1,0,0,0
PHE_236_A,LEU_197_A,7.913351,0,0,1,0,0,0
THR_198_A,LYS_199_A,3.8334777,0,1,0,0,0,0
LYS_199_A,THR_198_A,3.8334777,0,1,0,0,0,0
LYS_199_A,ILE_200_A,3.8156066,0,1,0,0,0,0
ILE_200_A,LYS_199_A,3.8156066,0,1,0,0,0,0
LYS_199_A,GLU_244_A,10.722366,0,0,0,2,0,0
GLU_244_A,LYS_199_A,10.722366,0,0,0,2,0,0
ILE_200_A,PHE_201_A,3.8219566,0,1,0,0,0,0
PHE_201_A,ILE_200_A,3.8219566,0,1,0,0,0,0
ILE_200_A,LYS_211_A,7.0036893,0,1,0,0,0,0
LYS_211_A,ILE_200_A,7.0036893,0,1,0,0,0,0
ILE_200_A,VAL_228_A,6.893042,0,0,1,0,0,0
VAL_228_A,ILE_200_A,6.893042,0,0,1,0,0,0
PHE_201_A,GLN_202_A,3.8169978,0,1,0,0,0,0
GLN_202_A,PHE_201_A,3.8169978,0,1,0,0,0,0
PHE_201_A,VAL_228_A,6.421671,0,0,2,0,0,0
VAL_228_A,PHE_201_A,6.421671,0,0,2,0,0,0
PHE_201_A,PHE_236_A,11.25876,0,0,1,0,0,0
PHE_236_A,PHE_201_A,11.25876,0,0,1,0,0,0
GLN_202_A,ASN_203_A,3.8276231,0,1,0,0,0,0
ASN_203_A,GLN_202_A,3.8276231,0,1,0,0,0,0
GLN_202_A,LYS_211_A,8.814711,0,1,0,0,0,0
LYS_211_A,GLN_202_A,8.814711,0,1,0,0,0,0
ASN_203_A,ARG_204_A,3.8186264,0,1,0,0,0,0
ARG_204_A,ASN_203_A,3.8186264,0,1,0,0,0,0
ASN_203_A,LYS_206_A,5.816251,0,0,1,0,0,0
LYS_206_A,ASN_203_A,5.816251,0,0,1,0,0,0
ARG_204_A,ARG_205_A,3.8243115,0,1,0,0,0,0
ARG_205_A,ARG_204_A,3.8243115,0,1,0,0,0,0
ARG_204_A,GLU_229_A,7.2038283,0,2,0,5,0,0
GLU_229_A,ARG_204_A,7.2038283,0,2,0,5,0,0
ARG_205_A,LYS_206_A,3.82758,0,1,0,0,0,0
LYS_206_A,ARG_205_A,3.82758,0,1,0,0,0,0
ARG_205_A,GLU_229_A,8.386254,0,0,0,1,0,0
GLU_229_A,ARG_205_A,8.386254,0,0,0,1,0,0
LYS_206_A,VAL_207_A,3.8217545,0,1,0,0,0,0
VAL_207_A,LYS_206_A,3.8217545,0,1,0,0,0,0
LYS_206_A,LYS_210_A,7.3001313,0,0,0,0,1,0
LYS_210_A,LYS_206_A,7.3001313,0,0,0,0,1,0
VAL_207_A,LEU_208_A,3.8200336,0,1,0,0,0,0
LEU_208_A,VAL_207_A,3.8200336,0,1,0,0,0,0
LEU_208_A,ARG_209_A,3.8343415,0,1,0,0,0,0
ARG_209_A,LEU_208_A,3.8343415,0,1,0,0,0,0
LEU_208_A,LYS_210_A,5.078768,0,1,0,0,0,0
LYS_210_A,LEU_208_A,5.078768,0,1,0,0,0,0
LEU_208_A,LYS_211_A,5.5328264,0,1,0,0,0,0
LYS_211_A,LEU_208_A,5.5328264,0,1,0,0,0,0
LEU_208_A,ILE_212_A,6.078579,0,1,0,0,0,0
ILE_212_A,LEU_208_A,6.078579,0,1,0,0,0,0
LEU_208_A,LEU_217_A,8.014203,0,0,1,0,0,0
LEU_217_A,LEU_208_A,8.014203,0,0,1,0,0,0
LEU_208_A,ALA_226_A,5.6344233,0,1,0,0,0,0
ALA_226_A,LEU_208_A,5.6344233,0,1,0,0,0,0
LEU_208_A,LEU_231_A,10.107886,0,0,1,0,0,0
LEU_231_A,LEU_208_A,10.107886,0,0,1,0,0,0
ARG_209_A,LYS_210_A,3.8082085,0,1,0,0,3,0
LYS_210_A,ARG_209_A,3.8082085,0,1,0,0,3,0
ARG_209_A,GLU_214_A,4.4173665,0,0,1,3,0,0
GLU_214_A,ARG_209_A,4.4173665,0,0,1,3,0,0
ARG_209_A,PRO_224_A,4.691865,0,1,1,0,0,0
PRO_224_A,ARG_209_A,4.691865,0,1,1,0,0,0
ARG_209_A,ASP_225_A,6.202829,0,2,0,6,0,0
ASP_225_A,ARG_209_A,6.202829,0,2,0,6,0,0
LYS_210_A,LYS_211_A,3.8213644,0,1,0,0,0,0
LYS_211_A,LYS_210_A,3.8213644,0,1,0,0,0,0
LYS_211_A,ILE_212_A,3.8147435,0,1,0,0,0,0
ILE_212_A,LYS_211_A,3.8147435,0,1,0,0,0,0
PRO_213_A,GLU_214_A,3.8297777,0,1,0,0,0,0
GLU_214_A,PRO_213_A,3.8297777,0,1,0,0,0,0
PRO_213_A,LEU_216_A,5.169381,0,0,1,0,0,0
LEU_216_A,PRO_213_A,5.169381,0,0,1,0,0,0
GLU_214_A,GLU_215_A,3.8201942,0,1,0,0,0,0
GLU_215_A,GLU_214_A,3.8201942,0,1,0,0,0,0
GLU_215_A,LEU_216_A,3.8217988,0,1,0,0,0,0
LEU_216_A,GLU_215_A,3.8217988,0,1,0,0,0,0
GLU_215_A,LYS_218_A,4.672462,0,0,0,2,0,0
LYS_218_A,GLU_215_A,4.672462,0,0,0,2,0,0
GLU_215_A,GLU_219_A,6.2344403,0,1,0,0,0,0
GLU_219_A,GLU_215_A,6.2344403,0,1,0,0,0,0
LEU_216_A,LEU_217_A,3.816567,0,1,0,0,0,0
LEU_217_A,LEU_216_A,3.816567,0,1,0,0,0,0
LEU_216_A,ILE_243_A,8.599413,0,0,1,0,0,0
ILE_243_A,LEU_216_A,8.599413,0,0,1,0,0,0
LEU_217_A,LYS_218_A,3.8134146,0,1,0,0,0,0
LYS_218_A,LEU_217_A,3.8134146,0,1,0,0,0,0
LEU_217_A,ILE_222_A,5.26431,0,1,0,0,0,0
ILE_222_A,LEU_217_A,5.26431,0,1,0,0,0,0
LEU_217_A,LEU_239_A,7.549731,0,0,1,0,0,0
LEU_239_A,LEU_217_A,7.549731,0,0,1,0,0,0
LYS_218_A,GLU_219_A,3.817217,0,1,0,0,0,0
GLU_219_A,LYS_218_A,3.817217,0,1,0,0,0,0
GLU_219_A,ALA_220_A,3.8183937,0,1,0,0,0,0
ALA_220_A,GLU_219_A,3.8183937,0,1,0,0,0,0
GLU_219_A,GLY_221_A,5.2769847,0,1,0,0,0,0
GLY_221_A,GLU_219_A,5.2769847,0,1,0,0,0,0
ALA_220_A,GLY_221_A,3.8214116,0,1,0,0,0,0
GLY_221_A,ALA_220_A,3.8214116,0,1,0,0,0,0
ALA_220_A,ILE_222_A,5.373958,0,0,1,0,0,0
ILE_222_A,ALA_220_A,5.373958,0,0,1,0,0,0
ALA_220_A,LYS_238_A,6.536173,0,0,1,0,0,0
LYS_238_A,ALA_220_A,6.536173,0,0,1,0,0,0
GLY_221_A,ILE_222_A,3.8010218,0,1,0,0,0,0
ILE_222_A,GLY_221_A,3.8010218,0,1,0,0,0,0
ILE_222_A,ASN_223_A,3.81356,0,1,0,0,0,0
ASN_223_A,ILE_222_A,3.81356,0,1,0,0,0,0
ILE_222_A,LEU_231_A,8.373226,0,0,1,0,0,0
LEU_231_A,ILE_222_A,8.373226,0,0,1,0,0,0
ASN_223_A,ASP_225_A,5.4515457,0,1,0,0,0,0
ASP_225_A,ASN_223_A,5.4515457,0,1,0,0,0,0
PRO_224_A,ASP_225_A,3.8240216,0,1,0,0,0,0
ASP_225_A,PRO_224_A,3.8240216,0,1,0,0,0,0
ASP_225_A,ALA_226_A,3.8226168,0,1,0,0,0,0
ALA_226_A,ASP_225_A,3.8226168,0,1,0,0,0,0
ALA_226_A,ARG_227_A,3.8102057,0,1,0,0,0,0
ARG_227_A,ALA_226_A,3.8102057,0,1,0,0,0,0
ARG_227_A,VAL_228_A,3.8191588,0,1,0,0,0,0
VAL_228_A,ARG_227_A,3.8191588,0,1,0,0,0,0
ARG_227_A,GLU_229_A,5.5218844,0,0,0,3,0,0
GLU_229_A,ARG_227_A,5.5218844,0,0,0,3,0,0
VAL_228_A,GLU_229_A,3.8202574,0,1,0,0,0,0
GLU_229_A,VAL_228_A,3.8202574,0,1,0,0,0,0
GLU_229_A,GLN_230_A,3.8208902,0,1,0,0,0,0
GLN_230_A,GLU_229_A,3.8208902,0,1,0,0,0,0
GLN_230_A,LEU_231_A,3.8112206,0,1,0,0,0,0
LEU_231_A,GLN_230_A,3.8112206,0,1,0,0,0,0
LEU_231_A,SER_232_A,3.7981157,0,1,0,0,0,0
SER_232_A,LEU_231_A,3.7981157,0,1,0,0,0,0
LEU_231_A,ASP_235_A,5.7435956,0,0,1,0,0,0
ASP_235_A,LEU_231_A,5.7435956,0,0,1,0,0,0
SER_232_A,LEU_233_A,3.8157637,0,1,0,0,0,0
LEU_233_A,SER_232_A,3.8157637,0,1,0,0,0,0
SER_232_A,ASP_235_A,5.2330694,0,1,0,0,0,0
ASP_235_A,SER_232_A,5.2330694,0,1,0,0,0,0
LEU_233_A,GLU_234_A,3.811593,0,1,0,0,0,0
GLU_234_A,LEU_233_A,3.811593,0,1,0,0,0,0
GLU_234_A,ASP_235_A,3.8223288,0,1,0,0,0,0
ASP_235_A,GLU_234_A,3.8223288,0,1,0,0,0,0
GLU_234_A,LYS_238_A,5.661126,0,1,0,1,0,0
LYS_238_A,GLU_234_A,5.661126,0,1,0,1,0,0
GLU_234_A,ARG_241_A,11.079158,0,0,0,4,0,0
ARG_241_A,GLU_234_A,11.079158,0,0,0,4,0,0
ASP_235_A,PHE_236_A,3.8236492,0,1,0,0,0,0
PHE_236_A,ASP_235_A,3.8236492,0,1,0,0,0,0
ASP_235_A,LYS_238_A,4.6154485,0,0,0,2,0,0
LYS_238_A,ASP_235_A,4.6154485,0,0,0,2,0,0
ASP_235_A,LEU_239_A,6.0485635,0,1,0,0,0,0
LEU_239_A,ASP_235_A,6.0485635,0,1,0,0,0,0
PHE_236_A,PHE_237_A,3.8121927,0,1,0,0,0,0
PHE_237_A,PHE_236_A,3.8121927,0,1,0,0,0,0
PHE_237_A,LYS_238_A,3.8145905,0,1,0,0,0,0
LYS_238_A,PHE_237_A,3.8145905,0,1,0,0,0,0
LYS_238_A,LEU_239_A,3.811063,0,1,0,0,0,0
LEU_239_A,LYS_238_A,3.811063,0,1,0,0,0,0
LEU_239_A,TYR_240_A,3.836513,0,1,0,0,0,0
TYR_240_A,LEU_239_A,3.836513,0,1,0,0,0,0
TYR_240_A,ARG_241_A,3.8208485,0,1,0,0,0,0
ARG_241_A,TYR_240_A,3.8208485,0,1,0,0,0,0
TYR_240_A,GLU_244_A,5.725168,0,0,2,0,0,0
GLU_244_A,TYR_240_A,5.725168,0,0,2,0,0,0
ARG_241_A,LEU_242_A,3.8118927,0,1,1,0,0,0
LEU_242_A,ARG_241_A,3.8118927,0,1,1,0,0,0
LEU_242_A,ILE_243_A,3.827318,0,1,0,0,0,0
ILE_243_A,LEU_242_A,3.827318,0,1,0,0,0,0
ILE_243_A,GLU_244_A,3.807736,0,1,0,0,0,0
GLU_244_A,ILE_243_A,3.807736,0,1,0,0,0,0
GLU_244_A,ASP_245_A,3.8032978,0,1,0,0,0,0
ASP_245_A,GLU_244_A,3.8032978,0,1,0,0,0,0
ASP_245_A,SER_246_A,3.8117673,0,1,0,0,0,0
SER_246_A,ASP_245_A,3.8117673,0,1,0,0,0,0
