residue_id,neighbors
LYS_42_C,GLU_43_C
GLU_43_C,"LYS_42_C,PHE_44_C"
PHE_44_C,"GLU_43_C,THR_45_C,CYS_48_C,LEU_361_C,TYR_370_C"
THR_45_C,"PHE_44_C,LYS_46_C,TYR_49_C"
LYS_46_C,"THR_45_C,PHE_47_C,GLU_50_C"
PHE_47_C,"LYS_46_C,CYS_48_C,VAL_51_C,TYR_370_C,PHE_374_C"
CYS_48_C,"PHE_44_C,PHE_47_C,TYR_49_C,TYR_52_C,LEU_268_C"
TYR_49_C,"THR_45_C,CYS_48_C,GLU_50_C,ASN_53_C,LEU_268_C"
GLU_50_C,"LYS_46_C,TYR_49_C,VAL_51_C,GLU_54_C"
VAL_51_C,"PHE_47_C,GLU_50_C,TYR_52_C,GLU_54_C,ILE_55_C,LEU_191_C"
TYR_52_C,"CYS_48_C,VAL_51_C,ASN_53_C,LYS_56_C,PRO_187_C,LEU_190_C"
ASN_53_C,"TYR_49_C,TYR_52_C,GLU_54_C,LYS_56_C"
GLU_54_C,"GLU_50_C,VAL_51_C,ASN_53_C,ILE_55_C"
ILE_55_C,"VAL_51_C,GLU_54_C,LYS_56_C,LEU_97_C,LYS_98_C,HIS_194_C"
LYS_56_C,"TYR_52_C,ASN_53_C,ILE_55_C,ILE_57_C,LYS_186_C,LEU_190_C"
ILE_57_C,"LYS_56_C,SER_58_C"
SER_58_C,"ILE_57_C,ASP_59_C,PHE_62_C"
ASP_59_C,"SER_58_C,LYS_60_C,LYS_63_C"
LYS_60_C,"ASP_59_C,GLU_61_C,GLU_64_C"
GLU_61_C,"LYS_60_C,PHE_62_C,LYS_65_C,ASN_99_C"
PHE_62_C,"SER_58_C,GLU_61_C,LYS_63_C,ARG_66_C"
LYS_63_C,"ASP_59_C,PHE_62_C,GLU_64_C,ALA_67_C"
GLU_64_C,"LYS_60_C,LYS_63_C,LYS_65_C"
LYS_65_C,"GLU_61_C,GLU_64_C,ARG_66_C,LEU_91_C,SER_100_C,ASP_101_C"
ARG_66_C,"PHE_62_C,LYS_65_C,ALA_67_C,ARG_73_C,GLU_92_C"
ALA_67_C,"LYS_63_C,ARG_66_C,ALA_68_C,THR_71_C"
ALA_68_C,"ALA_67_C,LEU_69_C"
LEU_69_C,"ALA_68_C,ASP_70_C,ARG_73_C,LEU_85_C,LEU_104_C"
ASP_70_C,"LEU_69_C,THR_71_C,ARG_73_C"
THR_71_C,"ALA_67_C,ASP_70_C,LEU_72_C"
LEU_72_C,"THR_71_C,ARG_73_C,LEU_85_C,LEU_104_C,LEU_125_C,PHE_130_C,LEU_145_C"
ARG_73_C,"ARG_66_C,LEU_69_C,ASP_70_C,LEU_72_C,LEU_74_C,GLU_84_C,LEU_85_C"
LEU_74_C,"ARG_73_C,CYS_75_C"
CYS_75_C,"LEU_74_C,LEU_76_C"
LEU_76_C,"CYS_75_C,LYS_77_C,SER_80_C,PHE_121_C"
LYS_77_C,"LEU_76_C,ARG_78_C,PRO_81_C,GLU_84_C"
ARG_78_C,"LYS_77_C,ILE_79_C,GLU_124_C,GLU_128_C"
ILE_79_C,"ARG_78_C,SER_80_C,GLN_120_C"
SER_80_C,"LEU_76_C,ILE_79_C"
PRO_81_C,"LYS_77_C,ASP_82_C"
ASP_82_C,"PRO_81_C,ALA_83_C"
ALA_83_C,"ASP_82_C,GLU_84_C"
GLU_84_C,"ARG_73_C,LYS_77_C,ALA_83_C,LEU_85_C,LEU_107_C"
LEU_85_C,"LEU_69_C,LEU_72_C,ARG_73_C,GLU_84_C,VAL_86_C,VAL_106_C"
VAL_86_C,"LEU_85_C,ALA_87_C,CYS_105_C,LEU_107_C"
ALA_87_C,"VAL_86_C,PHE_88_C,LEU_104_C"
PHE_88_C,"ALA_87_C,GLY_89_C,ASP_103_C,ALA_168_C"
GLY_89_C,"PHE_88_C,SER_90_C"
SER_90_C,"GLY_89_C,LEU_91_C,GLY_94_C,LEU_95_C,LYS_193_C"
LEU_91_C,"LYS_65_C,SER_90_C,GLU_92_C"
GLU_92_C,"ARG_66_C,LEU_91_C,SER_93_C,THR_172_C"
SER_93_C,"GLU_92_C,GLY_94_C"
GLY_94_C,"SER_90_C,SER_93_C,LEU_95_C"
LEU_95_C,"SER_90_C,GLY_94_C,ALA_96_C,LYS_193_C"
ALA_96_C,"LEU_95_C,LEU_97_C"
LEU_97_C,"ILE_55_C,ALA_96_C,LYS_98_C"
LYS_98_C,"ILE_55_C,LEU_97_C,ASN_99_C"
ASN_99_C,"GLU_61_C,LYS_98_C,SER_100_C"
SER_100_C,"LYS_65_C,ASN_99_C,ASP_101_C"
ASP_101_C,"LYS_65_C,SER_100_C,MET_102_C,ASP_160_C"
MET_102_C,"ASP_101_C,ASP_103_C,LEU_104_C"
ASP_103_C,"PHE_88_C,MET_102_C,LEU_104_C,ASP_160_C"
LEU_104_C,"LEU_69_C,LEU_72_C,ALA_87_C,MET_102_C,ASP_103_C,CYS_105_C,ASP_160_C,GLY_162_C"
CYS_105_C,"VAL_86_C,LEU_104_C,VAL_106_C"
VAL_106_C,"LEU_85_C,CYS_105_C,LEU_107_C,MET_108_C,GLY_162_C,PHE_163_C"
LEU_107_C,"GLU_84_C,VAL_86_C,VAL_106_C,MET_108_C"
MET_108_C,"VAL_106_C,LEU_107_C,ASP_109_C,PHE_163_C,ARG_166_C"
ASP_109_C,"MET_108_C,SER_110_C,ARG_111_C"
SER_110_C,"ASP_109_C,ARG_111_C"
ARG_111_C,"ASP_109_C,SER_110_C"
SER_114_C,ASP_115_C
ASP_115_C,"SER_114_C,THR_116_C"
THR_116_C,"ASP_115_C,ILE_117_C"
ILE_117_C,"THR_116_C,ALA_118_C,PHE_121_C"
ALA_118_C,"ILE_117_C,LEU_119_C,PRO_141_C,PHE_163_C"
LEU_119_C,"ALA_118_C,GLN_120_C,GLU_123_C"
GLN_120_C,"ILE_79_C,LEU_119_C,PHE_121_C"
PHE_121_C,"LEU_76_C,ILE_117_C,GLN_120_C,TYR_122_C,LEU_125_C,ILE_143_C"
TYR_122_C,"PHE_121_C,GLU_123_C,ILE_126_C,GLY_132_C,PHE_134_C,ILE_143_C"
GLU_123_C,"LEU_119_C,TYR_122_C,GLU_124_C"
GLU_124_C,"ARG_78_C,GLU_123_C,LEU_125_C,GLU_128_C"
LEU_125_C,"LEU_72_C,PHE_121_C,GLU_124_C,ILE_126_C"
ILE_126_C,"TYR_122_C,LEU_125_C,ALA_127_C"
ALA_127_C,"ILE_126_C,GLU_128_C"
GLU_128_C,"ARG_78_C,GLU_124_C,ALA_127_C,GLY_129_C"
GLY_129_C,"GLU_128_C,PHE_130_C"
PHE_130_C,"LEU_72_C,GLY_129_C,GLU_131_C,ASP_148_C"
GLU_131_C,"PHE_130_C,GLY_132_C,THR_146_C"
GLY_132_C,"TYR_122_C,GLU_131_C,LYS_133_C"
LYS_133_C,"GLY_132_C,PHE_134_C,LYS_144_C"
PHE_134_C,"TYR_122_C,LYS_133_C,LEU_135_C,PRO_141_C"
LEU_135_C,"PHE_134_C,GLN_136_C,ILE_142_C"
GLN_136_C,"LEU_135_C,ARG_137_C"
ARG_137_C,"GLN_136_C,ALA_138_C,ILE_140_C,ALA_316_C"
ALA_138_C,"ARG_137_C,ARG_139_C"
ARG_139_C,"ALA_138_C,ILE_140_C"
ILE_140_C,"ARG_137_C,ARG_139_C"
PRO_141_C,"ALA_118_C,PHE_134_C,ILE_142_C,PHE_163_C"
ILE_142_C,"LEU_135_C,PRO_141_C,ILE_143_C"
ILE_143_C,"PHE_121_C,TYR_122_C,ILE_142_C,LYS_144_C,ILE_161_C,PHE_163_C"
LYS_144_C,"LYS_133_C,ILE_143_C,LEU_145_C,ASP_160_C"
LEU_145_C,"LEU_72_C,LYS_144_C,THR_146_C,CYS_159_C,ILE_161_C"
THR_146_C,"GLU_131_C,LEU_145_C,SER_147_C"
SER_147_C,"THR_146_C,ASP_148_C"
ASP_148_C,"PHE_130_C,SER_147_C"
PHE_157_C,GLN_158_C
GLN_158_C,"PHE_157_C,CYS_159_C"
CYS_159_C,"LEU_145_C,GLN_158_C,ASP_160_C"
ASP_160_C,"ASP_101_C,ASP_103_C,LEU_104_C,LYS_144_C,CYS_159_C,ILE_161_C"
ILE_161_C,"ILE_143_C,LEU_145_C,ASP_160_C,GLY_162_C"
GLY_162_C,"LEU_104_C,VAL_106_C,ILE_161_C,PHE_163_C"
PHE_163_C,"VAL_106_C,MET_108_C,ALA_118_C,PRO_141_C,ILE_143_C,GLY_162_C,ASN_164_C"
ASN_164_C,"PHE_163_C,ASN_165_C"
ASN_165_C,"ASN_164_C,ARG_166_C"
ARG_166_C,"MET_108_C,ASN_165_C,LEU_167_C,VAL_245_C,ASP_246_C"
LEU_167_C,"ARG_166_C,ALA_168_C,ASN_171_C,PHE_248_C,VAL_250_C"
ALA_168_C,"PHE_88_C,LEU_167_C,ILE_169_C,THR_172_C"
ILE_169_C,"ALA_168_C,HIS_170_C,LEU_173_C"
HIS_170_C,"ILE_169_C,ASN_171_C,LEU_173_C,LYS_243_C"
ASN_171_C,"LEU_167_C,HIS_170_C,THR_172_C"
THR_172_C,"GLU_92_C,ALA_168_C,ASN_171_C,LEU_173_C,SER_176_C"
LEU_173_C,"ILE_169_C,HIS_170_C,THR_172_C,LEU_174_C,SER_177_C"
LEU_174_C,"LEU_173_C,LEU_175_C,LEU_235_C,PHE_252_C"
LEU_175_C,"LEU_174_C,SER_176_C,THR_179_C,VAL_215_C,LEU_219_C"
SER_176_C,"THR_172_C,LEU_175_C,SER_177_C,LYS_180_C"
SER_177_C,"LEU_173_C,SER_176_C,TYR_178_C,LEU_181_C"
TYR_178_C,"SER_177_C,THR_179_C,LEU_181_C,LEU_185_C,LEU_219_C,PHE_231_C,PRO_232_C,LEU_234_C"
THR_179_C,"LEU_175_C,TYR_178_C,LYS_180_C"
LYS_180_C,"SER_176_C,THR_179_C,LEU_181_C"
LEU_181_C,"SER_177_C,TYR_178_C,LYS_180_C,ASP_182_C,PHE_231_C"
ASP_182_C,"LEU_181_C,ALA_183_C,ARG_184_C,PHE_231_C"
ALA_183_C,"ASP_182_C,ARG_184_C"
ARG_184_C,"ASP_182_C,ALA_183_C,LEU_185_C,SER_266_C"
LEU_185_C,"TYR_178_C,ARG_184_C,LYS_186_C,VAL_189_C,LEU_222_C"
LYS_186_C,"LYS_56_C,LEU_185_C"
PRO_187_C,"TYR_52_C,MET_188_C,LEU_268_C"
MET_188_C,"PRO_187_C,VAL_189_C,PHE_275_C"
VAL_189_C,"LEU_185_C,MET_188_C,LEU_190_C,LYS_193_C,VAL_215_C"
LEU_190_C,"TYR_52_C,LYS_56_C,VAL_189_C,LEU_191_C,HIS_194_C"
LEU_191_C,"VAL_51_C,LEU_190_C,VAL_192_C,TRP_195_C,LEU_272_C,PHE_374_C"
VAL_192_C,"LEU_191_C,LYS_193_C,ALA_196_C,VAL_218_C,LEU_272_C,PHE_275_C"
LYS_193_C,"SER_90_C,LEU_95_C,VAL_189_C,VAL_192_C,HIS_194_C,LYS_197_C"
HIS_194_C,"ILE_55_C,LEU_190_C,LYS_193_C,TRP_195_C,ARG_198_C,PHE_374_C"
TRP_195_C,"LEU_191_C,HIS_194_C,ALA_196_C,LYS_199_C,ILE_201_C,PHE_276_C,GLU_353_C,PHE_354_C"
ALA_196_C,"VAL_192_C,TRP_195_C,LYS_197_C,TYR_214_C"
LYS_197_C,"LYS_193_C,ALA_196_C,ARG_198_C"
ARG_198_C,"HIS_194_C,LYS_197_C,LYS_199_C,PHE_374_C,GLU_376_C,ALA_377_C"
LYS_199_C,"TRP_195_C,ARG_198_C,GLN_200_C,GLU_353_C,SER_372_C,GLU_375_C"
GLN_200_C,"LYS_199_C,ILE_201_C,ARG_349_C"
ILE_201_C,"TRP_195_C,GLN_200_C,ASN_202_C,TYR_214_C"
ASN_202_C,"ILE_201_C,SER_203_C"
SER_203_C,"ASN_202_C,PHE_206_C,THR_208_C"
PRO_204_C,"TYR_205_C,THR_341_C"
TYR_205_C,"PRO_204_C,PHE_206_C"
PHE_206_C,"SER_203_C,TYR_205_C,GLY_207_C"
GLY_207_C,"PHE_206_C,THR_208_C,SER_343_C"
THR_208_C,"SER_203_C,GLY_207_C,LEU_209_C,THR_341_C"
LEU_209_C,"THR_208_C,SER_210_C,TYR_214_C,ILE_328_C,VAL_342_C"
SER_210_C,"LEU_209_C,SER_211_C"
SER_211_C,"SER_210_C,TYR_212_C"
TYR_212_C,"SER_211_C,GLY_213_C,LEU_216_C,ASP_330_C,VAL_338_C"
GLY_213_C,"TYR_212_C,TYR_214_C"
TYR_214_C,"ALA_196_C,ILE_201_C,LEU_209_C,GLY_213_C,VAL_215_C,MET_217_C,VAL_218_C"
VAL_215_C,"LEU_175_C,VAL_189_C,TYR_214_C,LEU_216_C,LEU_219_C"
LEU_216_C,"TYR_212_C,VAL_215_C,MET_217_C,TYR_220_C,VAL_338_C"
MET_217_C,"TYR_214_C,LEU_216_C,VAL_218_C,TYR_279_C,PHE_354_C"
VAL_218_C,"VAL_192_C,TYR_214_C,MET_217_C,LEU_219_C,LEU_222_C,PHE_275_C"
LEU_219_C,"LEU_175_C,TYR_178_C,VAL_215_C,VAL_218_C,TYR_220_C,ILE_223_C,PHE_231_C"
TYR_220_C,"LEU_216_C,LEU_219_C,TYR_221_C,HIS_224_C,VAL_225_C,VAL_290_C,GLY_297_C"
TYR_221_C,"TYR_220_C,LEU_222_C,VAL_225_C,ILE_226_C"
LEU_222_C,"LEU_185_C,VAL_218_C,TYR_221_C,ILE_223_C"
ILE_223_C,"LEU_219_C,LEU_222_C,HIS_224_C,ASN_233_C"
HIS_224_C,"TYR_220_C,ILE_223_C,VAL_225_C,ASN_233_C"
VAL_225_C,"TYR_220_C,TYR_221_C,HIS_224_C,ILE_226_C,PHE_278_C"
ILE_226_C,"TYR_221_C,VAL_225_C,LYS_227_C,LEU_271_C"
LYS_227_C,ILE_226_C
PRO_228_C,ASN_264_C
PRO_229_C,VAL_230_C
VAL_230_C,"PRO_229_C,PHE_231_C,SER_262_C"
PHE_231_C,"TYR_178_C,LEU_181_C,ASP_182_C,LEU_219_C,VAL_230_C"
PRO_232_C,"TYR_178_C,ASN_233_C"
ASN_233_C,"ILE_223_C,HIS_224_C,PRO_232_C,LEU_234_C,PHE_292_C"
LEU_234_C,"TYR_178_C,ASN_233_C,LEU_235_C,ASP_253_C,ILE_259_C"
LEU_235_C,"LEU_174_C,LEU_234_C,LEU_236_C"
LEU_236_C,"LEU_235_C,SER_237_C"
SER_237_C,LEU_236_C
PRO_238_C,LEU_239_C
LEU_239_C,"PRO_238_C,LYS_240_C"
LYS_240_C,"LEU_239_C,GLN_241_C,GLU_242_C,ASP_249_C,ARG_293_C"
GLN_241_C,"LYS_240_C,GLU_242_C"
GLU_242_C,"LYS_240_C,GLN_241_C,LYS_243_C,ILE_244_C,ASP_249_C"
LYS_243_C,"HIS_170_C,GLU_242_C,ILE_244_C,VAL_250_C"
ILE_244_C,"GLU_242_C,LYS_243_C,VAL_245_C"
VAL_245_C,"ARG_166_C,ILE_244_C,ASP_246_C,PHE_248_C,VAL_250_C"
ASP_246_C,"ARG_166_C,VAL_245_C,GLY_247_C"
GLY_247_C,"ASP_246_C,PHE_248_C"
PHE_248_C,"LEU_167_C,VAL_245_C,GLY_247_C,ASP_249_C,GLU_333_C"
ASP_249_C,"LYS_240_C,GLU_242_C,PHE_248_C,VAL_250_C,ARG_293_C"
VAL_250_C,"LEU_167_C,LYS_243_C,VAL_245_C,ASP_249_C,GLY_251_C"
GLY_251_C,"VAL_250_C,PHE_252_C"
PHE_252_C,"LEU_174_C,GLY_251_C,ASP_253_C,PHE_332_C"
ASP_253_C,"LEU_234_C,PHE_252_C,ASP_254_C"
ASP_254_C,"ASP_253_C,LYS_255_C,LEU_256_C"
LYS_255_C,"ASP_254_C,LEU_256_C,ASP_258_C"
LEU_256_C,"ASP_254_C,LYS_255_C,GLU_257_C,ILE_259_C"
GLU_257_C,"LEU_256_C,ASP_258_C"
ASP_258_C,"LYS_255_C,GLU_257_C,ILE_259_C"
ILE_259_C,"LEU_234_C,LEU_256_C,ASP_258_C"
PRO_261_C,SER_262_C
SER_262_C,"VAL_230_C,PRO_261_C,GLN_263_C"
GLN_263_C,"SER_262_C,ASN_264_C"
ASN_264_C,"PRO_228_C,GLN_263_C,TYR_265_C"
TYR_265_C,"ASN_264_C,SER_266_C"
SER_266_C,"ARG_184_C,TYR_265_C,SER_267_C"
SER_267_C,"SER_266_C,LEU_268_C,LEU_271_C"
LEU_268_C,"CYS_48_C,TYR_49_C,PRO_187_C,SER_267_C,GLY_269_C"
GLY_269_C,"LEU_268_C,SER_270_C,HIS_273_C"
SER_270_C,"GLY_269_C,LEU_271_C"
LEU_271_C,"ILE_226_C,SER_267_C,SER_270_C,LEU_272_C"
LEU_272_C,"LEU_191_C,VAL_192_C,LEU_271_C,HIS_273_C"
HIS_273_C,"GLY_269_C,LEU_272_C,GLY_274_C,ARG_277_C,ASN_362_C"
GLY_274_C,"HIS_273_C,PHE_275_C,PHE_278_C"
PHE_275_C,"MET_188_C,VAL_192_C,VAL_218_C,GLY_274_C,PHE_276_C,TYR_279_C,PHE_354_C"
PHE_276_C,"TRP_195_C,PHE_275_C,ARG_277_C,ALA_280_C,PHE_354_C,ALA_357_C,LEU_361_C"
ARG_277_C,"HIS_273_C,PHE_276_C,PHE_278_C,ASN_362_C"
PHE_278_C,"VAL_225_C,GLY_274_C,ARG_277_C,TYR_279_C,LYS_282_C,PHE_283_C"
TYR_279_C,"MET_217_C,PHE_275_C,PHE_278_C,ALA_280_C,PHE_354_C"
ALA_280_C,"PHE_276_C,TYR_279_C,TYR_281_C,ARG_351_C"
TYR_281_C,"ALA_280_C,LYS_282_C,MET_355_C"
LYS_282_C,"PHE_278_C,TYR_281_C,PHE_283_C"
PHE_283_C,"PHE_278_C,LYS_282_C,GLU_284_C,VAL_290_C,ARG_351_C"
GLU_284_C,"PHE_283_C,ARG_286_C,GLU_287_C,ARG_351_C"
PRO_285_C,"ARG_286_C,LYS_301_C,LEU_347_C"
ARG_286_C,"GLU_284_C,PRO_285_C,GLU_287_C"
GLU_287_C,"GLU_284_C,ARG_286_C,LYS_288_C,LYS_301_C"
LYS_288_C,"GLU_287_C,VAL_289_C"
VAL_289_C,"LYS_288_C,VAL_290_C,LEU_299_C,LYS_301_C"
VAL_290_C,"TYR_220_C,PHE_283_C,VAL_289_C,THR_291_C,ALA_327_C,GLU_329_C"
THR_291_C,"VAL_290_C,PHE_292_C,LEU_299_C,GLU_329_C"
PHE_292_C,"ASN_233_C,THR_291_C,ARG_293_C"
ARG_293_C,"LYS_240_C,ASP_249_C,PHE_292_C,ARG_294_C,GLU_329_C,PRO_331_C"
ARG_294_C,"ARG_293_C,ASP_296_C,GLU_303_C,GLU_329_C"
PRO_295_C,ASP_296_C
ASP_296_C,"ARG_294_C,PRO_295_C,GLY_297_C,TYR_298_C"
GLY_297_C,"TYR_220_C,ASP_296_C,TYR_298_C"
TYR_298_C,"ASP_296_C,GLY_297_C,LEU_299_C"
LEU_299_C,"VAL_289_C,THR_291_C,TYR_298_C,THR_300_C"
THR_300_C,"LEU_299_C,LYS_301_C"
LYS_301_C,"PRO_285_C,GLU_287_C,VAL_289_C,THR_300_C,GLN_302_C,GLY_305_C,TRP_306_C,TYR_324_C"
GLN_302_C,"LYS_301_C,GLU_303_C"
GLU_303_C,"ARG_294_C,GLN_302_C,LYS_304_C"
LYS_304_C,"GLU_303_C,GLY_305_C,TRP_306_C,GLU_329_C,ILE_334_C"
GLY_305_C,"LYS_301_C,LYS_304_C,TRP_306_C"
TRP_306_C,"LYS_301_C,LYS_304_C,GLY_305_C,THR_307_C,TYR_324_C,GLU_329_C,ASN_337_C"
THR_307_C,"TRP_306_C,SER_308_C"
SER_308_C,"THR_307_C,ALA_309_C"
ALA_309_C,"SER_308_C,THR_310_C"
THR_310_C,"ALA_309_C,GLU_311_C,ASP_322_C,TYR_324_C"
GLU_311_C,"THR_310_C,HIS_312_C"
HIS_312_C,"GLU_311_C,THR_313_C,ASP_322_C"
THR_313_C,"HIS_312_C,GLY_314_C,ILE_319_C"
GLY_314_C,"THR_313_C,SER_315_C"
SER_315_C,"GLY_314_C,ALA_316_C"
ALA_316_C,"ARG_137_C,SER_315_C,ASP_317_C"
ASP_317_C,"ALA_316_C,GLN_318_C"
GLN_318_C,"ASP_317_C,ILE_319_C"
ILE_319_C,"THR_313_C,GLN_318_C,ILE_320_C"
ILE_320_C,"ILE_319_C,LYS_321_C"
LYS_321_C,"ILE_320_C,ASP_322_C,ARG_323_C,ARG_340_C"
ASP_322_C,"THR_310_C,HIS_312_C,LYS_321_C,ARG_323_C,HIS_336_C,ARG_340_C"
ARG_323_C,"LYS_321_C,ASP_322_C,TYR_324_C,ASN_337_C,ARG_340_C"
TYR_324_C,"LYS_301_C,TRP_306_C,THR_310_C,ARG_323_C,ILE_325_C"
ILE_325_C,"TYR_324_C,LEU_326_C,LEU_347_C"
LEU_326_C,"ILE_325_C,ALA_327_C"
ALA_327_C,"VAL_290_C,LEU_326_C,ILE_328_C"
ILE_328_C,"LEU_209_C,ALA_327_C,GLU_329_C,ASN_337_C,VAL_338_C"
GLU_329_C,"VAL_290_C,THR_291_C,ARG_293_C,ARG_294_C,LYS_304_C,TRP_306_C,ILE_328_C,ASP_330_C"
ASP_330_C,"TYR_212_C,GLU_329_C,PHE_332_C,GLU_333_C,HIS_336_C"
PRO_331_C,"ARG_293_C,PHE_332_C"
PHE_332_C,"PHE_252_C,ASP_330_C,PRO_331_C,GLU_333_C,ILE_334_C"
GLU_333_C,"PHE_248_C,ASP_330_C,PHE_332_C,ILE_334_C,HIS_336_C"
ILE_334_C,"LYS_304_C,PHE_332_C,GLU_333_C,SER_335_C"
SER_335_C,"ILE_334_C,HIS_336_C"
HIS_336_C,"ASP_322_C,ASP_330_C,GLU_333_C,SER_335_C,ASN_337_C,ARG_340_C"
ASN_337_C,"TRP_306_C,ARG_323_C,ILE_328_C,HIS_336_C,VAL_338_C,GLY_339_C"
VAL_338_C,"TYR_212_C,LEU_216_C,ILE_328_C,ASN_337_C,GLY_339_C"
GLY_339_C,"ASN_337_C,VAL_338_C,ARG_340_C"
ARG_340_C,"LYS_321_C,ASP_322_C,ARG_323_C,HIS_336_C,GLY_339_C,THR_341_C"
THR_341_C,"PRO_204_C,THR_208_C,ARG_340_C,VAL_342_C"
VAL_342_C,"LEU_209_C,THR_341_C,SER_343_C"
SER_343_C,"GLY_207_C,VAL_342_C,SER_344_C,LEU_347_C"
SER_344_C,"SER_343_C,SER_345_C"
SER_345_C,"SER_344_C,GLY_346_C"
GLY_346_C,"SER_345_C,LEU_347_C,ILE_350_C"
LEU_347_C,"PRO_285_C,ILE_325_C,SER_343_C,GLY_346_C,TYR_348_C,ARG_351_C"
TYR_348_C,"LEU_347_C,ARG_349_C,GLY_352_C"
ARG_349_C,"GLN_200_C,TYR_348_C,ILE_350_C"
ILE_350_C,"GLY_346_C,ARG_349_C,ARG_351_C,PHE_354_C"
ARG_351_C,"ALA_280_C,PHE_283_C,GLU_284_C,LEU_347_C,ILE_350_C,GLY_352_C,MET_355_C"
GLY_352_C,"TYR_348_C,ARG_351_C,GLU_353_C,ALA_356_C"
GLU_353_C,"TRP_195_C,LYS_199_C,GLY_352_C,PHE_354_C"
PHE_354_C,"TRP_195_C,MET_217_C,PHE_275_C,PHE_276_C,TYR_279_C,ILE_350_C,GLU_353_C,MET_355_C"
MET_355_C,"TYR_281_C,ARG_351_C,PHE_354_C,ALA_356_C,ARG_359_C"
ALA_356_C,"GLY_352_C,MET_355_C,ALA_357_C,LEU_360_C"
ALA_357_C,"PHE_276_C,ALA_356_C,SER_358_C,LEU_373_C"
SER_358_C,"ALA_357_C,ARG_359_C"
ARG_359_C,"MET_355_C,SER_358_C,LEU_360_C"
LEU_360_C,"ALA_356_C,ARG_359_C,LEU_361_C,ILE_368_C"
LEU_361_C,"PHE_44_C,PHE_276_C,LEU_360_C,ASN_362_C"
ASN_362_C,"HIS_273_C,ARG_277_C,LEU_361_C,SER_363_C"
SER_363_C,"ASN_362_C,ARG_364_C"
ARG_364_C,"SER_363_C,SER_365_C"
SER_365_C,"ARG_364_C,TYR_366_C"
TYR_366_C,"SER_365_C,ILE_368_C"
PRO_367_C,ILE_368_C
ILE_368_C,"LEU_360_C,TYR_366_C,PRO_367_C,TYR_370_C"
PRO_369_C,TYR_370_C
TYR_370_C,"PHE_44_C,PHE_47_C,ILE_368_C,PRO_369_C,ASP_371_C,LEU_373_C"
ASP_371_C,"TYR_370_C,SER_372_C,PHE_374_C,GLU_375_C"
SER_372_C,"LYS_199_C,ASP_371_C,LEU_373_C"
LEU_373_C,"ALA_357_C,TYR_370_C,SER_372_C,PHE_374_C"
PHE_374_C,"PHE_47_C,LEU_191_C,HIS_194_C,ARG_198_C,ASP_371_C,LEU_373_C,GLU_375_C"
GLU_375_C,"LYS_199_C,ASP_371_C,PHE_374_C,GLU_376_C"
GLU_376_C,"ARG_198_C,GLU_375_C,ALA_377_C"
ALA_377_C,"ARG_198_C,GLU_376_C"
PRO_378_C,ILE_379_C
ILE_379_C,PRO_378_C
