residue_id,neighbors
MET_1_P,ARG_2_P
ARG_2_P,"MET_1_P,LYS_3_P,GLU_5_P"
LYS_3_P,"ARG_2_P,ARG_4_P,LEU_7_P"
ARG_4_P,"LYS_3_P,GLU_5_P,ASN_8_P"
GLU_5_P,"ARG_2_P,ARG_4_P,LEU_6_P,GLU_9_P"
LEU_6_P,"GLU_5_P,LEU_7_P,ALA_10_P,TYR_24_P"
LEU_7_P,"LYS_3_P,LEU_6_P,ASN_8_P,ARG_11_P,LEU_21_P"
ASN_8_P,"ARG_4_P,LEU_7_P,GLU_9_P,ALA_12_P"
GLU_9_P,"GLU_5_P,ASN_8_P,ALA_10_P,ARG_26_P"
ALA_10_P,"LEU_6_P,GLU_9_P,ARG_11_P"
ARG_11_P,"LEU_7_P,ALA_10_P,ALA_12_P,GLU_16_P"
ALA_12_P,"ASN_8_P,ARG_11_P,LEU_13_P"
LEU_13_P,"ALA_12_P,VAL_14_P,LEU_52_P"
VAL_14_P,"LEU_13_P,GLU_48_P,LEU_52_P"
PRO_15_P,GLU_16_P
GLU_16_P,"ARG_11_P,PRO_15_P,GLY_17_P"
GLY_17_P,"GLU_16_P,SER_18_P"
SER_18_P,"GLY_17_P,GLY_19_P,TRP_20_P"
GLY_19_P,"SER_18_P,TRP_20_P"
TRP_20_P,"SER_18_P,GLY_19_P,LEU_21_P,ALA_23_P,TYR_24_P,ARG_36_P,ARG_40_P,LEU_52_P"
LEU_21_P,"LEU_7_P,TRP_20_P,GLU_22_P"
GLU_22_P,"LEU_21_P,ALA_23_P"
ALA_23_P,"TRP_20_P,GLU_22_P,TYR_24_P,ARG_36_P"
TYR_24_P,"LEU_6_P,TRP_20_P,ALA_23_P,THR_25_P,LEU_52_P,TYR_53_P"
THR_25_P,"TYR_24_P,ARG_26_P,TYR_53_P"
ARG_26_P,"GLU_9_P,THR_25_P,ASN_27_P"
ASN_27_P,"ARG_26_P,ILE_28_P"
ILE_28_P,"ASN_27_P,SER_29_P,GLN_32_P,LEU_33_P"
SER_29_P,"ILE_28_P,GLN_32_P"
PRO_30_P,"ARG_31_P,THR_34_P"
ARG_31_P,"PRO_30_P,GLN_32_P,THR_34_P,ASP_58_P"
GLN_32_P,"ILE_28_P,SER_29_P,ARG_31_P,LEU_33_P,ARG_36_P"
LEU_33_P,"ILE_28_P,GLN_32_P,THR_34_P,LEU_37_P,TYR_53_P,PHE_57_P"
THR_34_P,"PRO_30_P,ARG_31_P,LEU_33_P,TRP_35_P,GLY_38_P"
TRP_35_P,"THR_34_P,ARG_36_P,GLY_38_P,LYS_39_P"
ARG_36_P,"TRP_20_P,ALA_23_P,GLN_32_P,TRP_35_P,LEU_37_P"
LEU_37_P,"LEU_33_P,ARG_36_P,GLY_38_P,LEU_65_P"
GLY_38_P,"THR_34_P,TRP_35_P,LEU_37_P,LYS_39_P,ARG_68_P"
LYS_39_P,"TRP_35_P,GLY_38_P,ARG_40_P"
ARG_40_P,"TRP_20_P,LYS_39_P,ASP_41_P,ALA_45_P"
ASP_41_P,"ARG_40_P,SER_42_P,ARG_68_P,HIS_71_P"
SER_42_P,"ASP_41_P,LEU_43_P"
LEU_43_P,"SER_42_P,ALA_44_P,THR_47_P,PHE_79_P"
ALA_44_P,"LEU_43_P,ALA_45_P,GLU_48_P"
ALA_45_P,"ARG_40_P,ALA_44_P,MET_46_P,GLY_49_P"
MET_46_P,"ALA_45_P,THR_47_P,TRP_50_P,LEU_65_P"
THR_47_P,"LEU_43_P,MET_46_P,GLU_48_P,GLN_51_P"
GLU_48_P,"VAL_14_P,ALA_44_P,THR_47_P,GLY_49_P,LEU_52_P"
GLY_49_P,"ALA_45_P,GLU_48_P,TRP_50_P,TYR_53_P"
TRP_50_P,"MET_46_P,GLY_49_P,GLN_51_P,GLN_54_P,PHE_57_P,ASP_90_P,LEU_91_P"
GLN_51_P,"THR_47_P,TRP_50_P,LEU_52_P"
LEU_52_P,"LEU_13_P,VAL_14_P,TRP_20_P,TYR_24_P,GLU_48_P,GLN_51_P,TYR_53_P"
TYR_53_P,"TYR_24_P,THR_25_P,LEU_33_P,GLY_49_P,LEU_52_P,GLN_54_P,PHE_57_P"
GLN_54_P,"TRP_50_P,TYR_53_P,GLY_55_P,ARG_94_P"
GLY_55_P,"GLN_54_P,LYS_56_P,ARG_94_P"
LYS_56_P,"GLY_55_P,PHE_57_P,ARG_94_P"
PHE_57_P,"LEU_33_P,TRP_50_P,TYR_53_P,LYS_56_P,ASP_58_P,ALA_61_P,ARG_94_P"
ASP_58_P,"ARG_31_P,PHE_57_P,THR_59_P,ASP_107_P"
THR_59_P,"ASP_58_P,VAL_60_P,ALA_63_P,ILE_108_P"
VAL_60_P,"THR_59_P,ALA_61_P,ALA_64_P"
ALA_61_P,"PHE_57_P,VAL_60_P,MET_62_P,LEU_65_P"
MET_62_P,"ALA_61_P,ALA_63_P,LEU_66_P,LEU_91_P,LEU_95_P,TYR_111_P"
ALA_63_P,"THR_59_P,MET_62_P,ALA_64_P"
ALA_64_P,"VAL_60_P,ALA_63_P,LEU_65_P,ARG_68_P"
LEU_65_P,"LEU_37_P,MET_46_P,ALA_61_P,ALA_64_P,LEU_66_P,LEU_69_P,LEU_91_P"
LEU_66_P,"MET_62_P,LEU_65_P,ARG_67_P,ARG_70_P,ALA_114_P,LEU_115_P,LEU_118_P"
ARG_67_P,"LEU_66_P,ARG_68_P,HIS_71_P,HIS_113_P"
ARG_68_P,"GLY_38_P,ASP_41_P,ALA_64_P,ARG_67_P,LEU_69_P,HIS_71_P,ALA_72_P"
LEU_69_P,"LEU_65_P,ARG_68_P,ARG_70_P,GLN_73_P,LEU_118_P"
ARG_70_P,"LEU_66_P,LEU_69_P,HIS_71_P,LYS_117_P,SER_120_P"
HIS_71_P,"ASP_41_P,ARG_67_P,ARG_68_P,ARG_70_P,ALA_72_P,GLN_75_P"
ALA_72_P,"ARG_68_P,HIS_71_P,GLN_73_P,ASP_76_P"
GLN_73_P,"LEU_69_P,ALA_72_P,LEU_74_P"
LEU_74_P,"GLN_73_P,GLN_75_P"
GLN_75_P,"HIS_71_P,LEU_74_P,ASP_76_P"
ASP_76_P,"ALA_72_P,GLN_75_P"
PRO_77_P,GLY_78_P
GLY_78_P,"PRO_77_P,PHE_79_P"
PHE_79_P,"LEU_43_P,GLY_78_P,ASP_80_P"
ASP_80_P,"PHE_79_P,ALA_83_P,ARG_86_P"
PRO_81_P,"LEU_82_P,GLN_85_P"
LEU_82_P,"PRO_81_P,ALA_83_P,ARG_86_P"
ALA_83_P,"ASP_80_P,LEU_82_P,ALA_84_P,LEU_87_P"
ALA_84_P,"ALA_83_P,GLN_85_P,LEU_88_P"
GLN_85_P,"PRO_81_P,ALA_84_P,ARG_86_P,ASP_89_P,THR_143_P"
ARG_86_P,"ASP_80_P,LEU_82_P,GLN_85_P,LEU_87_P,ASP_90_P"
LEU_87_P,"ALA_83_P,ARG_86_P,LEU_88_P,ASP_90_P,LEU_91_P"
LEU_88_P,"ALA_84_P,LEU_87_P,ASP_89_P,GLN_144_P"
ASP_89_P,"GLN_85_P,LEU_88_P,ASP_90_P"
ASP_90_P,"TRP_50_P,ARG_86_P,LEU_87_P,ASP_89_P,LEU_91_P"
LEU_91_P,"TRP_50_P,MET_62_P,LEU_65_P,LEU_87_P,ASP_90_P,VAL_92_P"
VAL_92_P,"LEU_91_P,LEU_148_P"
PRO_93_P,"ARG_94_P,SER_97_P"
ARG_94_P,"GLN_54_P,GLY_55_P,LYS_56_P,PHE_57_P,PRO_93_P,LEU_95_P,SER_97_P,VAL_98_P"
LEU_95_P,"MET_62_P,ARG_94_P,ARG_96_P,GLY_99_P,LEU_148_P"
ARG_96_P,"LEU_95_P,SER_97_P,LEU_100_P,LEU_148_P,ASP_151_P"
SER_97_P,"PRO_93_P,ARG_94_P,ARG_96_P,VAL_98_P"
VAL_98_P,"ARG_94_P,SER_97_P,GLY_99_P,ARG_101_P,PHE_102_P"
GLY_99_P,"LEU_95_P,VAL_98_P,LEU_100_P"
LEU_100_P,"ARG_96_P,GLY_99_P,ARG_101_P,LEU_152_P"
ARG_101_P,"VAL_98_P,LEU_100_P,PHE_102_P"
PHE_102_P,"VAL_98_P,ARG_101_P,GLY_103_P"
GLY_103_P,"PHE_102_P,LYS_104_P"
LYS_104_P,"GLY_103_P,LEU_105_P,GLU_162_P"
LEU_105_P,"LYS_104_P,ARG_106_P,THR_109_P,ALA_156_P,ALA_166_P"
ARG_106_P,"LEU_105_P,ASP_107_P,ALA_110_P,ARG_170_P"
ASP_107_P,"ASP_58_P,ARG_106_P,ILE_108_P"
ILE_108_P,"THR_59_P,ASP_107_P,THR_109_P,LEU_112_P,LEU_152_P,ALA_156_P"
THR_109_P,"LEU_105_P,ILE_108_P,ALA_110_P,HIS_113_P,ARG_170_P,LEU_174_P"
ALA_110_P,"ARG_106_P,THR_109_P,TYR_111_P,ALA_114_P"
TYR_111_P,"MET_62_P,ALA_110_P,LEU_112_P,LEU_115_P,GLN_144_P"
LEU_112_P,"ILE_108_P,TYR_111_P,HIS_113_P,LEU_174_P,ALA_177_P"
HIS_113_P,"ARG_67_P,THR_109_P,LEU_112_P,ALA_114_P,LYS_117_P,THR_173_P"
ALA_114_P,"LEU_66_P,ALA_110_P,HIS_113_P,LEU_115_P,LEU_118_P"
LEU_115_P,"LEU_66_P,TYR_111_P,ALA_114_P,ALA_116_P,GLN_144_P,LEU_181_P"
ALA_116_P,"LEU_115_P,LYS_117_P,SER_120_P,TRP_176_P"
LYS_117_P,"ARG_70_P,HIS_113_P,ALA_116_P,LEU_118_P"
LEU_118_P,"LEU_66_P,LEU_69_P,ALA_114_P,LYS_117_P,ARG_119_P,LEU_142_P"
ARG_119_P,"LEU_118_P,SER_120_P,ASP_146_P,LEU_181_P"
SER_120_P,"ARG_70_P,ALA_116_P,ARG_119_P"
PRO_121_P,ALA_122_P
ALA_122_P,PRO_121_P
LEU_141_P,LEU_142_P
LEU_142_P,"LEU_118_P,LEU_141_P,THR_143_P"
THR_143_P,"GLN_85_P,LEU_142_P,GLN_144_P"
GLN_144_P,"LEU_88_P,TYR_111_P,LEU_115_P,THR_143_P"
PRO_145_P,ASP_146_P
ASP_146_P,"ARG_119_P,PRO_145_P,ALA_147_P,LEU_150_P,LEU_186_P"
ALA_147_P,"ASP_146_P,LEU_148_P,ASP_151_P"
LEU_148_P,"VAL_92_P,LEU_95_P,ARG_96_P,ALA_147_P,VAL_149_P,LEU_152_P"
VAL_149_P,"LEU_148_P,LEU_150_P,ALA_153_P,LEU_178_P,LEU_181_P,LEU_182_P"
LEU_150_P,"ASP_146_P,VAL_149_P,ASP_151_P,VAL_154_P,LEU_182_P"
ASP_151_P,"ARG_96_P,ALA_147_P,LEU_150_P,LEU_152_P,PHE_155_P"
LEU_152_P,"LEU_100_P,ILE_108_P,LEU_148_P,ASP_151_P,ALA_153_P,ALA_156_P"
ALA_153_P,"VAL_149_P,LEU_152_P,VAL_154_P,THR_157_P,VAL_195_P"
VAL_154_P,"LEU_150_P,ALA_153_P,PHE_155_P,GLN_191_P,VAL_195_P,ARG_198_P"
PHE_155_P,"ASP_151_P,VAL_154_P,ALA_156_P"
ALA_156_P,"LEU_105_P,ILE_108_P,LEU_152_P,PHE_155_P,THR_157_P"
THR_157_P,"ALA_153_P,ALA_156_P,ARG_158_P,ARG_198_P"
ARG_158_P,"THR_157_P,ASN_159_P"
ASN_159_P,"ARG_158_P,ARG_160_P,THR_161_P"
ARG_160_P,"ASN_159_P,THR_161_P,LEU_164_P"
THR_161_P,"ASN_159_P,ARG_160_P,GLU_162_P"
GLU_162_P,"LYS_104_P,THR_161_P,LEU_163_P"
LEU_163_P,"GLU_162_P,LEU_164_P,LEU_171_P,ARG_198_P,ALA_202_P"
LEU_164_P,"ARG_160_P,LEU_163_P,HIS_165_P,ARG_206_P"
HIS_165_P,"LEU_164_P,ALA_166_P"
ALA_166_P,"LEU_105_P,HIS_165_P,SER_167_P"
SER_167_P,"ALA_166_P,ARG_170_P"
PRO_168_P,"GLN_169_P,PHE_210_P"
GLN_169_P,"PRO_168_P,ARG_170_P,THR_173_P"
ARG_170_P,"ARG_106_P,THR_109_P,SER_167_P,GLN_169_P,LEU_171_P,LEU_174_P"
LEU_171_P,"LEU_163_P,ARG_170_P,ALA_172_P,LEU_175_P"
ALA_172_P,"LEU_171_P,THR_173_P,TRP_176_P"
THR_173_P,"HIS_113_P,GLN_169_P,ALA_172_P,LEU_174_P,ALA_177_P"
LEU_174_P,"THR_109_P,LEU_112_P,ARG_170_P,THR_173_P,LEU_175_P,LEU_178_P,MET_199_P"
LEU_175_P,"LEU_171_P,LEU_174_P,TRP_176_P,MET_179_P,ALA_221_P"
TRP_176_P,"ALA_116_P,ALA_172_P,LEU_175_P,ALA_177_P,ARG_180_P,TRP_217_P"
ALA_177_P,"LEU_112_P,THR_173_P,TRP_176_P,LEU_178_P,LEU_181_P"
LEU_178_P,"VAL_149_P,LEU_174_P,ALA_177_P,MET_179_P"
MET_179_P,"LEU_175_P,LEU_178_P,ARG_180_P"
ARG_180_P,"TRP_176_P,MET_179_P,LEU_181_P"
LEU_181_P,"LEU_115_P,ARG_119_P,VAL_149_P,ALA_177_P,ARG_180_P,LEU_182_P"
LEU_182_P,"VAL_149_P,LEU_150_P,LEU_181_P"
PRO_183_P,LEU_186_P
PRO_184_P,GLN_185_P
GLN_185_P,"PRO_184_P,LEU_186_P"
LEU_186_P,"ASP_146_P,PRO_183_P,GLN_185_P,TYR_187_P,SER_189_P"
TYR_187_P,"LEU_186_P,GLY_188_P,PHE_225_P,HIS_228_P"
GLY_188_P,"TYR_187_P,SER_189_P"
SER_189_P,"LEU_186_P,GLY_188_P,GLU_190_P"
GLU_190_P,"SER_189_P,GLN_191_P,VAL_194_P,ARG_286_P"
GLN_191_P,"VAL_154_P,GLU_190_P,LEU_192_P,VAL_195_P"
LEU_192_P,"GLN_191_P,GLN_193_P,LEU_196_P,PHE_225_P"
GLN_193_P,"LEU_192_P,VAL_194_P,ASP_197_P"
VAL_194_P,"GLU_190_P,GLN_193_P,VAL_195_P"
VAL_195_P,"ALA_153_P,VAL_154_P,GLN_191_P,VAL_194_P,LEU_196_P,MET_199_P"
LEU_196_P,"LEU_192_P,VAL_195_P,ASP_197_P,ALA_200_P,PHE_222_P,PHE_225_P"
ASP_197_P,"GLN_193_P,LEU_196_P,ARG_198_P,LEU_201_P,ARG_286_P,ARG_289_P"
ARG_198_P,"VAL_154_P,THR_157_P,LEU_163_P,ASP_197_P,MET_199_P,ALA_202_P"
MET_199_P,"LEU_174_P,VAL_195_P,ARG_198_P,ALA_200_P,SER_203_P"
ALA_200_P,"LEU_196_P,MET_199_P,LEU_201_P"
LEU_201_P,"ASP_197_P,ALA_200_P,ALA_202_P"
ALA_202_P,"LEU_163_P,ARG_198_P,LEU_201_P,SER_203_P,ARG_206_P"
SER_203_P,"MET_199_P,ALA_202_P,LEU_204_P,LEU_207_P"
LEU_204_P,"SER_203_P,GLY_205_P,LEU_207_P,VAL_293_P"
GLY_205_P,"LEU_204_P,ARG_206_P"
ARG_206_P,"LEU_164_P,ALA_202_P,GLY_205_P,LEU_207_P"
LEU_207_P,"SER_203_P,LEU_204_P,ARG_206_P,GLN_208_P"
GLN_208_P,"LEU_207_P,ASN_209_P"
ASN_209_P,"GLN_208_P,PHE_210_P"
PHE_210_P,"PRO_168_P,ASN_209_P,ALA_211_P,ASP_214_P,LEU_215_P,ARG_304_P"
ALA_211_P,"PHE_210_P,LEU_215_P"
PRO_212_P,"LEU_213_P,ARG_216_P,PRO_313_P"
LEU_213_P,"PRO_212_P,ASP_214_P"
ASP_214_P,"PHE_210_P,LEU_213_P,LEU_215_P,ALA_218_P"
LEU_215_P,"PHE_210_P,ALA_211_P,ASP_214_P,ARG_216_P,ALA_219_P,LEU_297_P,LEU_301_P"
ARG_216_P,"PRO_212_P,LEU_215_P,TRP_217_P,LEU_220_P,ARG_316_P,ASP_317_P,GLU_363_P"
TRP_217_P,"TRP_176_P,ARG_216_P,ALA_218_P,ALA_221_P"
ALA_218_P,"ASP_214_P,TRP_217_P,ALA_219_P,PHE_222_P,LEU_297_P"
ALA_219_P,"LEU_215_P,ALA_218_P,LEU_220_P,ALA_223_P,LEU_297_P"
LEU_220_P,"ARG_216_P,ALA_219_P,ALA_221_P,THR_224_P,LEU_320_P,ALA_324_P"
ALA_221_P,"LEU_175_P,TRP_217_P,LEU_220_P,PHE_222_P,PHE_225_P"
PHE_222_P,"LEU_196_P,ALA_218_P,ALA_221_P,ALA_223_P,GLY_226_P,VAL_293_P,ILE_294_P"
ALA_223_P,"ALA_219_P,PHE_222_P,THR_224_P,ALA_324_P"
THR_224_P,"LEU_220_P,ALA_223_P,PHE_225_P"
PHE_225_P,"TYR_187_P,LEU_192_P,LEU_196_P,ALA_221_P,THR_224_P,GLY_226_P"
GLY_226_P,"PHE_222_P,PHE_225_P"
PRO_227_P,"HIS_228_P,GLN_287_P,ALA_331_P"
HIS_228_P,"TYR_187_P,PRO_227_P"
GLU_280_P,"ASP_281_P,THR_283_P"
ASP_281_P,"GLU_280_P,VAL_282_P,ARG_285_P"
VAL_282_P,"ASP_281_P,THR_283_P,ARG_286_P"
THR_283_P,"GLU_280_P,VAL_282_P,ALA_284_P,GLN_287_P"
ALA_284_P,"THR_283_P,ARG_285_P,SER_288_P"
ARG_285_P,"ASP_281_P,ALA_284_P,ARG_286_P,ARG_289_P"
ARG_286_P,"GLU_190_P,ASP_197_P,VAL_282_P,ARG_285_P,GLN_287_P,ARG_289_P,ASN_290_P"
GLN_287_P,"PRO_227_P,THR_283_P,ARG_286_P,SER_288_P,ALA_291_P"
SER_288_P,"ALA_284_P,GLN_287_P,ARG_289_P,ARG_292_P"
ARG_289_P,"ASP_197_P,ARG_285_P,ARG_286_P,SER_288_P,ASN_290_P,VAL_293_P"
ASN_290_P,"ARG_286_P,ARG_289_P,ALA_291_P,ILE_294_P"
ALA_291_P,"GLN_287_P,ASN_290_P,ARG_292_P,LYS_295_P"
ARG_292_P,"SER_288_P,ALA_291_P,VAL_293_P,ALA_296_P"
VAL_293_P,"LEU_204_P,PHE_222_P,ARG_289_P,ARG_292_P,ILE_294_P,LEU_297_P"
ILE_294_P,"PHE_222_P,ASN_290_P,VAL_293_P,LYS_295_P,CYS_298_P"
LYS_295_P,"ALA_291_P,ILE_294_P,ALA_296_P"
ALA_296_P,"ARG_292_P,LYS_295_P,LEU_297_P,GLU_300_P"
LEU_297_P,"LEU_215_P,ALA_218_P,ALA_219_P,VAL_293_P,ALA_296_P,CYS_298_P,LEU_301_P"
CYS_298_P,"ILE_294_P,LEU_297_P,ASP_299_P,ALA_302_P,LEU_344_P"
ASP_299_P,"CYS_298_P,GLU_300_P,ALA_303_P"
GLU_300_P,"ALA_296_P,ASP_299_P,LEU_301_P,ARG_304_P"
LEU_301_P,"LEU_215_P,LEU_297_P,GLU_300_P,ALA_302_P,SER_305_P,ALA_321_P"
ALA_302_P,"CYS_298_P,LEU_301_P,ALA_303_P,LYS_347_P"
ALA_303_P,"ASP_299_P,ALA_302_P,ARG_304_P"
ARG_304_P,"PHE_210_P,GLU_300_P,ALA_303_P,SER_305_P"
SER_305_P,"LEU_301_P,ARG_304_P,GLY_306_P,LYS_347_P"
GLY_306_P,"SER_305_P,ASN_307_P,LEU_308_P"
ASN_307_P,"GLY_306_P,LEU_308_P"
LEU_308_P,"GLY_306_P,ASN_307_P,ALA_309_P"
ALA_309_P,"LEU_308_P,LEU_310_P"
LEU_310_P,ALA_309_P
PRO_311_P,GLN_312_P
GLN_312_P,PRO_311_P
PRO_313_P,"PRO_212_P,GLU_314_P"
GLU_314_P,"PRO_313_P,ARG_316_P,ASP_317_P"
PRO_315_P,"ARG_316_P,ALA_319_P,VAL_351_P,LEU_359_P"
ARG_316_P,"ARG_216_P,GLU_314_P,PRO_315_P,ASP_317_P,LEU_320_P,GLU_363_P"
ASP_317_P,"ARG_216_P,GLU_314_P,ARG_316_P,LEU_318_P,ALA_321_P"
LEU_318_P,"ASP_317_P,ALA_319_P,ALA_322_P,LEU_344_P,VAL_351_P"
ALA_319_P,"PRO_315_P,LEU_318_P,LEU_320_P,HIS_323_P,LEU_367_P"
LEU_320_P,"LEU_220_P,ARG_316_P,ALA_319_P,ALA_321_P,ALA_324_P"
ALA_321_P,"LEU_301_P,ASP_317_P,LEU_320_P,ALA_322_P,LEU_325_P"
ALA_322_P,"LEU_318_P,ALA_321_P,HIS_323_P,GLY_326_P,LEU_344_P"
HIS_323_P,"ALA_319_P,ALA_322_P,ALA_324_P,LEU_327_P,GLU_369_P"
ALA_324_P,"LEU_220_P,ALA_223_P,LEU_320_P,HIS_323_P,LEU_325_P,VAL_328_P"
LEU_325_P,"ALA_321_P,ALA_324_P,GLY_326_P,ALA_329_P"
GLY_326_P,"ALA_322_P,LEU_325_P,LEU_327_P,ALA_330_P"
LEU_327_P,"HIS_323_P,GLY_326_P,VAL_328_P,ALA_331_P"
VAL_328_P,"ALA_324_P,LEU_327_P,ALA_329_P,SER_332_P"
ALA_329_P,"LEU_325_P,VAL_328_P,ALA_330_P,SER_333_P"
ALA_330_P,"GLY_326_P,ALA_329_P,ALA_331_P"
ALA_331_P,"PRO_227_P,LEU_327_P,ALA_330_P,SER_332_P"
SER_332_P,"VAL_328_P,ALA_331_P,SER_333_P"
SER_333_P,"ALA_329_P,SER_332_P"
PRO_341_P,LEU_376_P
PRO_342_P,ALA_343_P
ALA_343_P,"PRO_342_P,LEU_344_P,LYS_347_P"
LEU_344_P,"CYS_298_P,LEU_318_P,ALA_322_P,ALA_343_P,LEU_345_P,ALA_348_P"
LEU_345_P,"LEU_344_P,VAL_346_P,ALA_349_P,LEU_376_P"
VAL_346_P,"LEU_345_P,LYS_347_P"
LYS_347_P,"ALA_302_P,SER_305_P,ALA_343_P,VAL_346_P,ALA_348_P,VAL_351_P"
ALA_348_P,"LEU_344_P,LYS_347_P,ALA_349_P,ALA_352_P"
ALA_349_P,"LEU_345_P,ALA_348_P,GLY_350_P,ALA_353_P,LEU_381_P"
GLY_350_P,"ALA_349_P,VAL_351_P,ARG_354_P"
VAL_351_P,"PRO_315_P,LEU_318_P,LYS_347_P,GLY_350_P,ALA_352_P"
ALA_352_P,"ALA_348_P,VAL_351_P,ALA_353_P,SER_355_P,LEU_356_P,LEU_381_P"
ALA_353_P,"ALA_349_P,ALA_352_P,ARG_354_P"
ARG_354_P,"GLY_350_P,ALA_353_P,SER_355_P"
SER_355_P,"ALA_352_P,ARG_354_P,LEU_356_P"
LEU_356_P,"ALA_352_P,SER_355_P,LEU_359_P,ALA_384_P,LEU_385_P"
PRO_357_P,ALA_358_P
ALA_358_P,"PRO_357_P,LEU_359_P"
LEU_359_P,"PRO_315_P,LEU_356_P,ALA_358_P,SER_360_P"
SER_360_P,"LEU_359_P,GLY_361_P,GLU_363_P"
GLY_361_P,"SER_360_P,GLU_362_P,VAL_365_P"
GLU_362_P,"GLY_361_P,GLU_363_P,GLY_366_P"
GLU_363_P,"ARG_216_P,ARG_316_P,SER_360_P,GLU_362_P,ALA_364_P,LEU_367_P"
ALA_364_P,"GLU_363_P,VAL_365_P,VAL_368_P"
VAL_365_P,"GLY_361_P,ALA_364_P,GLY_366_P,GLU_369_P,ARG_404_P"
GLY_366_P,"GLU_362_P,VAL_365_P,LEU_367_P,THR_370_P"
LEU_367_P,"ALA_319_P,GLU_363_P,GLY_366_P,VAL_368_P,THR_370_P,LEU_371_P"
VAL_368_P,"ALA_364_P,LEU_367_P,GLU_369_P,ALA_372_P,LEU_385_P,LEU_405_P,ALA_408_P"
GLU_369_P,"HIS_323_P,VAL_365_P,VAL_368_P,THR_370_P,VAL_373_P,ARG_404_P"
THR_370_P,"GLY_366_P,LEU_367_P,GLU_369_P,LEU_371_P"
LEU_371_P,"LEU_367_P,THR_370_P,ALA_372_P,GLN_378_P,LEU_381_P,LEU_412_P"
ALA_372_P,"VAL_368_P,LEU_371_P,VAL_373_P,ARG_411_P"
VAL_373_P,"GLU_369_P,ALA_372_P,TRP_374_P"
TRP_374_P,"VAL_373_P,GLY_375_P"
GLY_375_P,"TRP_374_P,LEU_376_P"
LEU_376_P,"PRO_341_P,LEU_345_P,GLY_375_P,ARG_377_P"
ARG_377_P,"LEU_376_P,GLN_378_P"
GLN_378_P,"LEU_371_P,ARG_377_P,LEU_382_P"
PRO_379_P,"ALA_380_P,GLU_383_P"
ALA_380_P,"PRO_379_P,LEU_381_P,ALA_384_P"
LEU_381_P,"ALA_349_P,ALA_352_P,LEU_371_P,ALA_380_P,LEU_382_P,LEU_385_P"
LEU_382_P,"GLN_378_P,LEU_381_P,GLU_383_P,ARG_386_P"
GLU_383_P,"PRO_379_P,LEU_382_P,ALA_384_P,ASP_387_P"
ALA_384_P,"LEU_356_P,ALA_380_P,GLU_383_P,LEU_385_P,ALA_388_P"
LEU_385_P,"LEU_356_P,VAL_368_P,LEU_381_P,ALA_384_P,ARG_386_P,ALA_389_P"
ARG_386_P,"LEU_382_P,LEU_385_P,ASP_387_P,GLY_390_P,TYR_409_P"
ASP_387_P,"GLU_383_P,ARG_386_P,ALA_388_P,ARG_391_P"
ALA_388_P,"ALA_384_P,ASP_387_P,ALA_389_P,TRP_392_P"
ALA_389_P,"LEU_385_P,ALA_388_P,GLY_390_P,LEU_405_P"
GLY_390_P,"ARG_386_P,ALA_389_P,ARG_391_P"
ARG_391_P,"ASP_387_P,GLY_390_P,TRP_392_P"
TRP_392_P,"ALA_388_P,ARG_391_P,GLY_393_P,ARG_402_P"
GLY_393_P,"TRP_392_P,GLU_394_P"
GLU_394_P,"GLY_393_P,GLY_395_P,GLU_399_P,ARG_402_P"
GLY_395_P,"GLU_394_P,GLU_396_P,GLU_399_P"
GLU_396_P,"GLY_395_P,GLN_397_P,ALA_400_P"
GLN_397_P,"GLU_396_P,ALA_398_P,LEU_401_P"
ALA_398_P,"GLN_397_P,GLU_399_P,ARG_402_P"
GLU_399_P,"GLU_394_P,GLY_395_P,ALA_398_P,ALA_400_P,ARG_402_P,GLY_403_P"
ALA_400_P,"GLU_396_P,GLU_399_P,LEU_401_P,ARG_404_P"
LEU_401_P,"GLN_397_P,ALA_400_P,ARG_402_P,LEU_405_P"
ARG_402_P,"TRP_392_P,GLU_394_P,ALA_398_P,GLU_399_P,LEU_401_P,GLY_403_P,GLN_406_P"
GLY_403_P,"GLU_399_P,ARG_402_P,ARG_404_P,ALA_407_P"
ARG_404_P,"VAL_365_P,GLU_369_P,ALA_400_P,GLY_403_P,LEU_405_P,ALA_408_P"
LEU_405_P,"VAL_368_P,ALA_389_P,LEU_401_P,ARG_404_P,GLN_406_P,TYR_409_P"
GLN_406_P,"ARG_402_P,LEU_405_P,ALA_407_P,THR_410_P"
ALA_407_P,"GLY_403_P,GLN_406_P,ALA_408_P,THR_410_P,ARG_411_P"
ALA_408_P,"VAL_368_P,ARG_404_P,ALA_407_P,TYR_409_P,LEU_412_P"
TYR_409_P,"ARG_386_P,LEU_405_P,ALA_408_P,THR_410_P,GLY_413_P"
THR_410_P,"GLN_406_P,ALA_407_P,TYR_409_P,ARG_411_P"
ARG_411_P,"ALA_372_P,ALA_407_P,THR_410_P,LEU_412_P"
LEU_412_P,"LEU_371_P,ALA_408_P,ARG_411_P,GLY_413_P"
GLY_413_P,"TYR_409_P,LEU_412_P"
