residue_id,neighbors
PHE_23_A,LYS_24_A
LYS_24_A,"PHE_23_A,GLU_745_A"
PRO_27_A,ARG_28_A
ARG_28_A,"PRO_27_A,ASP_737_A,THR_744_A,ASP_747_A"
PRO_29_A,"ASP_30_A,PHE_746_A"
ASP_30_A,"PRO_29_A,PHE_31_A,SER_776_A,ASP_777_A"
PHE_31_A,"ASP_30_A,GLY_32_A,THR_738_A"
GLY_32_A,"PHE_31_A,THR_33_A"
THR_33_A,"GLY_32_A,SER_34_A,ASP_777_A"
SER_34_A,"THR_33_A,GLY_35_A,ARG_411_A,ASP_777_A"
GLY_35_A,"SER_34_A,ARG_36_A"
ARG_36_A,"GLY_35_A,THR_37_A,VAL_412_A,GLU_722_A"
THR_37_A,"ARG_36_A,ILE_38_A"
ILE_38_A,"THR_37_A,LYS_39_A,LEU_40_A"
LYS_39_A,"ILE_38_A,LEU_40_A"
LEU_40_A,"ILE_38_A,LYS_39_A,GLN_41_A,VAL_408_A,ILE_730_A,VAL_736_A"
GLN_41_A,"LEU_40_A,ALA_42_A,GLN_376_A,PHE_716_A"
ALA_42_A,"GLN_41_A,ASN_43_A,PHE_44_A"
ASN_43_A,"ALA_42_A,PHE_44_A,HIS_712_A,ARG_714_A"
PHE_44_A,"ALA_42_A,ASN_43_A,PHE_45_A,MET_214_A,THR_406_A,THR_713_A"
PHE_45_A,"PHE_44_A,GLU_46_A,LEU_215_A,MET_383_A,MET_405_A"
GLU_46_A,"PHE_45_A,MET_47_A,LYS_212_A,MET_214_A,LYS_402_A"
MET_47_A,"GLU_46_A,ASP_48_A,MET_213_A"
ASP_48_A,"MET_47_A,ILE_49_A,MET_400_A"
ILE_49_A,"ASP_48_A,LEU_140_A,LEU_162_A"
PRO_50_A,LYS_51_A
LYS_51_A,"PRO_50_A,ILE_52_A"
ILE_52_A,"LYS_51_A,ASP_53_A,ILE_54_A,LEU_140_A"
ASP_53_A,"ILE_52_A,ILE_54_A"
ILE_54_A,"ILE_52_A,ASP_53_A,TYR_55_A,TYR_101_A,VAL_138_A"
TYR_55_A,"ILE_54_A,HIS_56_A,TYR_57_A,PRO_105_A"
HIS_56_A,"TYR_55_A,TYR_57_A,ASN_99_A,TYR_101_A,VAL_135_A"
TYR_57_A,"TYR_55_A,HIS_56_A,GLU_58_A,LEU_100_A,LEU_106_A,ILE_108_A,TRP_134_A"
GLU_58_A,"TYR_57_A,LEU_59_A,LYS_133_A,VAL_135_A"
LEU_59_A,"GLU_58_A,ASP_60_A,VAL_75_A,LYS_98_A"
ASP_60_A,"LEU_59_A,ILE_61_A,GLU_64_A,LYS_98_A"
ILE_61_A,"ASP_60_A,LYS_62_A,VAL_130_A"
LYS_62_A,ILE_61_A
PRO_63_A,GLU_64_A
GLU_64_A,"ASP_60_A,PRO_63_A,LYS_65_A"
LYS_65_A,"GLU_64_A,CYS_66_A"
CYS_66_A,LYS_65_A
PRO_67_A,"ARG_68_A,VAL_70_A,ASN_71_A"
ARG_68_A,"PRO_67_A,ARG_69_A,ASN_71_A,ARG_72_A,ARG_97_A"
ARG_69_A,"ARG_68_A,VAL_70_A,ARG_72_A,SER_171_A"
VAL_70_A,"PRO_67_A,ARG_69_A,ASN_71_A,ILE_74_A"
ASN_71_A,"PRO_67_A,ARG_68_A,VAL_70_A,ARG_72_A,VAL_75_A,PHE_94_A"
ARG_72_A,"ARG_68_A,ARG_69_A,ASN_71_A,GLU_73_A,GLU_76_A,PHE_94_A,HIS_168_A"
GLU_73_A,"ARG_72_A,ILE_74_A,GLU_76_A,HIS_77_A"
ILE_74_A,"VAL_70_A,GLU_73_A,VAL_75_A,LEU_119_A,PHE_128_A"
VAL_75_A,"LEU_59_A,ASN_71_A,ILE_74_A,GLU_76_A,PHE_94_A,LEU_100_A"
GLU_76_A,"ARG_72_A,GLU_73_A,VAL_75_A,HIS_77_A,HIS_168_A"
HIS_77_A,"GLU_73_A,GLU_76_A,MET_78_A,HIS_81_A"
MET_78_A,"HIS_77_A,VAL_79_A,PHE_82_A,VAL_117_A,VAL_130_A"
VAL_79_A,"MET_78_A,GLN_80_A,PRO_92_A"
GLN_80_A,"VAL_79_A,HIS_81_A"
HIS_81_A,"HIS_77_A,GLN_80_A,PHE_82_A"
PHE_82_A,"MET_78_A,HIS_81_A,LYS_83_A,ILE_86_A,LEU_115_A"
LYS_83_A,"PHE_82_A,THR_84_A,GLY_88_A,ASP_89_A"
THR_84_A,"LYS_83_A,GLN_85_A"
GLN_85_A,"THR_84_A,ILE_86_A"
ILE_86_A,"PHE_82_A,GLN_85_A,PHE_87_A"
PHE_87_A,"ILE_86_A,GLY_88_A,LEU_106_A"
GLY_88_A,"LYS_83_A,PHE_87_A,ASP_89_A"
ASP_89_A,"LYS_83_A,GLY_88_A,ARG_90_A"
ARG_90_A,"ASP_89_A,LYS_91_A,GLU_396_A"
LYS_91_A,"ARG_90_A,PRO_392_A,TYR_393_A,GLU_396_A"
PRO_92_A,"VAL_79_A,VAL_93_A,THR_102_A"
VAL_93_A,"PRO_92_A,PHE_94_A,TYR_101_A,VAL_165_A,HIS_168_A"
PHE_94_A,"ASN_71_A,ARG_72_A,VAL_75_A,VAL_93_A,ASP_95_A,LEU_100_A"
ASP_95_A,"PHE_94_A,GLY_96_A,VAL_164_A"
GLY_96_A,"ASP_95_A,ARG_97_A"
ARG_97_A,"ARG_68_A,GLY_96_A,LYS_98_A"
LYS_98_A,"LEU_59_A,ASP_60_A,ARG_97_A,ASN_99_A"
ASN_99_A,"HIS_56_A,LYS_98_A,LEU_100_A"
LEU_100_A,"TYR_57_A,VAL_75_A,PHE_94_A,ASN_99_A,TYR_101_A"
TYR_101_A,"ILE_54_A,HIS_56_A,VAL_93_A,LEU_100_A,THR_102_A"
THR_102_A,"PRO_92_A,TYR_101_A,ALA_103_A"
ALA_103_A,"THR_102_A,MET_104_A"
MET_104_A,ALA_103_A
PRO_105_A,"TYR_55_A,LEU_106_A"
LEU_106_A,"TYR_57_A,PHE_87_A,PRO_105_A,ILE_108_A,ILE_132_A"
PRO_107_A,ILE_108_A
ILE_108_A,"TYR_57_A,LEU_106_A,PRO_107_A,GLY_109_A,ARG_110_A,VAL_113_A,ILE_132_A"
GLY_109_A,"ILE_108_A,ARG_110_A"
ARG_110_A,"ILE_108_A,GLY_109_A,ASP_111_A"
ASP_111_A,"ARG_110_A,LYS_112_A"
LYS_112_A,"ASP_111_A,VAL_113_A,GLU_114_A,LYS_133_A"
VAL_113_A,"ILE_108_A,LYS_112_A,GLU_114_A,ILE_132_A"
GLU_114_A,"LYS_112_A,VAL_113_A,LEU_115_A"
LEU_115_A,"PHE_82_A,GLU_114_A,GLU_116_A,VAL_130_A"
GLU_116_A,"LEU_115_A,VAL_117_A,ILE_127_A,LYS_129_A"
VAL_117_A,"MET_78_A,GLU_116_A,THR_118_A,PHE_128_A"
THR_118_A,"VAL_117_A,LEU_119_A"
LEU_119_A,"ILE_74_A,THR_118_A,PHE_128_A"
ASP_125_A,ARG_126_A
ARG_126_A,"ASP_125_A,ILE_127_A"
ILE_127_A,"GLU_116_A,ARG_126_A,PHE_128_A"
PHE_128_A,"ILE_74_A,VAL_117_A,LEU_119_A,ILE_127_A,LYS_129_A"
LYS_129_A,"GLU_116_A,PHE_128_A,VAL_130_A"
VAL_130_A,"ILE_61_A,MET_78_A,LEU_115_A,LYS_129_A,SER_131_A"
SER_131_A,"VAL_130_A,ILE_132_A"
ILE_132_A,"LEU_106_A,ILE_108_A,VAL_113_A,SER_131_A,LYS_133_A"
LYS_133_A,"GLU_58_A,LYS_112_A,ILE_132_A,TRP_134_A"
TRP_134_A,"TYR_57_A,LYS_133_A,VAL_135_A,SER_136_A"
VAL_135_A,"HIS_56_A,GLU_58_A,TRP_134_A,SER_136_A"
SER_136_A,"TRP_134_A,VAL_135_A,CYS_137_A"
CYS_137_A,"SER_136_A,VAL_138_A"
VAL_138_A,"ILE_54_A,CYS_137_A,SER_139_A"
SER_139_A,"VAL_138_A,LEU_140_A"
LEU_140_A,"ILE_49_A,ILE_52_A,SER_139_A,GLN_141_A"
GLN_141_A,"LEU_140_A,ALA_142_A"
ALA_142_A,"GLN_141_A,LEU_143_A"
LEU_143_A,"ALA_142_A,HIS_144_A,LEU_147_A,THR_158_A"
HIS_144_A,"LEU_143_A,ASP_145_A,LEU_147_A,SER_148_A"
ASP_145_A,"HIS_144_A,ALA_146_A,SER_148_A,LEU_151_A"
ALA_146_A,"ASP_145_A,LEU_147_A"
LEU_147_A,"LEU_143_A,HIS_144_A,ALA_146_A,SER_148_A"
SER_148_A,"HIS_144_A,ASP_145_A,LEU_147_A,GLY_149_A"
GLY_149_A,"SER_148_A,ARG_150_A"
ARG_150_A,"GLY_149_A,LEU_151_A"
LEU_151_A,"ASP_145_A,ARG_150_A,SER_153_A"
SER_153_A,"LEU_151_A,VAL_154_A"
VAL_154_A,SER_153_A
PRO_155_A,"PHE_156_A,THR_158_A"
PHE_156_A,"PRO_155_A,GLU_157_A,GLN_160_A"
GLU_157_A,"PHE_156_A,THR_158_A"
THR_158_A,"LEU_143_A,PRO_155_A,GLU_157_A,ILE_159_A"
ILE_159_A,"THR_158_A,GLN_160_A,ASP_163_A,PRO_208_A"
GLN_160_A,"PHE_156_A,ILE_159_A,ALA_161_A,VAL_164_A"
ALA_161_A,"GLN_160_A,LEU_162_A"
LEU_162_A,"ILE_49_A,ALA_161_A,ASP_163_A,VAL_165_A,ILE_399_A"
ASP_163_A,"ILE_159_A,LEU_162_A,VAL_164_A,ARG_167_A,ARG_179_A"
VAL_164_A,"ASP_95_A,GLN_160_A,ASP_163_A,VAL_165_A"
VAL_165_A,"VAL_93_A,LEU_162_A,VAL_164_A,MET_166_A"
MET_166_A,"VAL_165_A,ARG_167_A,GLN_204_A,VAL_206_A"
ARG_167_A,"ASP_163_A,MET_166_A,HIS_168_A,SER_171_A,ARG_179_A,PHE_181_A,HIS_203_A,GLN_204_A"
HIS_168_A,"ARG_72_A,GLU_76_A,VAL_93_A,ARG_167_A,LEU_169_A,TYR_393_A"
LEU_169_A,"HIS_168_A,ARG_173_A"
PRO_170_A,"SER_171_A,TYR_174_A,PHE_181_A"
SER_171_A,"ARG_69_A,ARG_167_A,PRO_170_A,MET_172_A"
MET_172_A,"SER_171_A,ARG_173_A"
ARG_173_A,"LEU_169_A,MET_172_A,TYR_174_A"
TYR_174_A,"PRO_170_A,ARG_173_A,THR_175_A"
THR_175_A,"TYR_174_A,PHE_182_A"
PRO_176_A,VAL_177_A
VAL_177_A,"PRO_176_A,GLY_178_A,SER_180_A"
GLY_178_A,"VAL_177_A,ARG_179_A"
ARG_179_A,"ASP_163_A,ARG_167_A,GLY_178_A,SER_180_A,HIS_203_A,GLN_204_A"
SER_180_A,"VAL_177_A,ARG_179_A,PHE_181_A"
PHE_181_A,"ARG_167_A,PRO_170_A,SER_180_A,PHE_182_A,PHE_202_A"
PHE_182_A,"THR_175_A,PHE_181_A,THR_183_A,THR_222_A"
THR_183_A,"PHE_182_A,ALA_184_A"
ALA_184_A,"THR_183_A,SER_185_A,GLU_186_A"
SER_185_A,"ALA_184_A,GLU_186_A"
GLU_186_A,"ALA_184_A,SER_185_A,GLY_187_A"
GLY_187_A,"GLU_186_A,CYS_188_A"
CYS_188_A,"GLY_187_A,SER_189_A"
SER_189_A,"CYS_188_A,ASN_190_A"
ASN_190_A,"SER_189_A,VAL_198_A"
PRO_191_A,LEU_192_A
LEU_192_A,"PRO_191_A,GLY_193_A,ARG_196_A,VAL_198_A,LEU_356_A,THR_363_A"
GLY_193_A,"LEU_192_A,GLY_194_A,GLN_360_A"
GLY_194_A,"GLY_193_A,GLY_195_A"
GLY_195_A,"GLY_194_A,ARG_196_A,GLU_236_A"
ARG_196_A,"LEU_192_A,GLY_195_A,GLU_197_A,GLU_261_A,LYS_355_A,GLN_360_A"
GLU_197_A,"ARG_196_A,VAL_198_A,TRP_199_A,PHE_224_A,LYS_226_A"
VAL_198_A,"ASN_190_A,LEU_192_A,GLU_197_A,TRP_199_A,MET_364_A"
TRP_199_A,"GLU_197_A,VAL_198_A,PHE_200_A,PHE_224_A"
PHE_200_A,"TRP_199_A,GLY_201_A"
GLY_201_A,"PHE_200_A,PHE_202_A,SER_220_A"
PHE_202_A,"PHE_181_A,GLY_201_A,HIS_203_A,LEU_382_A"
HIS_203_A,"ARG_167_A,ARG_179_A,PHE_202_A,GLN_204_A,SER_205_A,ASP_218_A,HIS_712_A"
GLN_204_A,"MET_166_A,ARG_167_A,ARG_179_A,HIS_203_A,SER_205_A,ILE_217_A"
SER_205_A,"HIS_203_A,GLN_204_A,VAL_206_A,ASN_216_A"
VAL_206_A,"MET_166_A,SER_205_A,ARG_207_A,MET_213_A"
ARG_207_A,"VAL_206_A,MET_214_A"
PRO_208_A,"ILE_159_A,SER_209_A"
SER_209_A,"PRO_208_A,LEU_210_A,LYS_212_A"
LEU_210_A,"SER_209_A,TRP_211_A,LYS_212_A"
TRP_211_A,"LEU_210_A,LYS_212_A"
LYS_212_A,"GLU_46_A,SER_209_A,LEU_210_A,TRP_211_A,MET_213_A,MET_214_A"
MET_213_A,"MET_47_A,VAL_206_A,LYS_212_A,MET_214_A"
MET_214_A,"PHE_44_A,GLU_46_A,ARG_207_A,LYS_212_A,MET_213_A,LEU_215_A"
LEU_215_A,"PHE_45_A,MET_214_A,ASN_216_A,PHE_388_A"
ASN_216_A,"SER_205_A,LEU_215_A,ILE_217_A,HIS_712_A"
ILE_217_A,"GLN_204_A,ASN_216_A,ASP_218_A"
ASP_218_A,"HIS_203_A,ILE_217_A,VAL_219_A,ARG_375_A,HIS_712_A,ARG_714_A"
VAL_219_A,"ASP_218_A,SER_220_A,ARG_375_A,GLU_378_A,LEU_382_A"
SER_220_A,"GLY_201_A,VAL_219_A,ALA_221_A"
ALA_221_A,"SER_220_A,THR_222_A,THR_368_A"
THR_222_A,"PHE_182_A,ALA_221_A,ALA_223_A,PHE_224_A"
ALA_223_A,"THR_222_A,PHE_224_A,CYS_352_A"
PHE_224_A,"GLU_197_A,TRP_199_A,THR_222_A,ALA_223_A,TYR_225_A"
TYR_225_A,"PHE_224_A,LYS_226_A,LEU_265_A,GLN_350_A"
LYS_226_A,"GLU_197_A,TYR_225_A,ALA_227_A,GLU_236_A"
ALA_227_A,"LYS_226_A,GLN_228_A"
GLN_228_A,"ALA_227_A,ILE_346_A"
PRO_229_A,VAL_230_A
VAL_230_A,"PRO_229_A,ILE_231_A,PHE_233_A,VAL_234_A,CYS_344_A"
ILE_231_A,"VAL_230_A,GLU_232_A,VAL_234_A,ILE_243_A,TYR_322_A,LEU_325_A"
GLU_232_A,"ILE_231_A,PHE_233_A,GLU_236_A"
PHE_233_A,"VAL_230_A,GLU_232_A,VAL_234_A,VAL_237_A,PHE_258_A"
VAL_234_A,"VAL_230_A,ILE_231_A,PHE_233_A,CYS_235_A"
CYS_235_A,"VAL_234_A,GLU_236_A,ASP_239_A,PHE_240_A"
GLU_236_A,"GLY_195_A,LYS_226_A,GLU_232_A,CYS_235_A,VAL_237_A"
VAL_237_A,"PHE_233_A,GLU_236_A,LEU_238_A,GLU_261_A"
LEU_238_A,"VAL_237_A,ASP_239_A,LYS_257_A"
ASP_239_A,"CYS_235_A,LEU_238_A,PHE_240_A"
PHE_240_A,"CYS_235_A,ASP_239_A,LYS_241_A"
LYS_241_A,"PHE_240_A,SER_242_A,GLU_245_A"
SER_242_A,"LYS_241_A,ILE_243_A"
ILE_243_A,"ILE_231_A,SER_242_A,GLU_244_A,GLU_245_A,TYR_322_A"
GLU_244_A,"ILE_243_A,GLU_245_A,ARG_321_A"
GLU_245_A,"LYS_241_A,ILE_243_A,GLU_244_A,GLN_246_A"
GLN_246_A,"GLU_245_A,GLN_247_A,GLN_254_A"
GLN_247_A,"GLN_246_A,LYS_248_A"
LYS_248_A,GLN_247_A
PRO_249_A,LEU_250_A
LEU_250_A,"PRO_249_A,THR_251_A,PRO_326_A"
THR_251_A,"LEU_250_A,ASP_252_A,GLN_254_A,ARG_255_A"
ASP_252_A,"THR_251_A,SER_253_A,ARG_255_A,ARG_286_A"
SER_253_A,"ASP_252_A,GLN_254_A,LYS_257_A"
GLN_254_A,"GLN_246_A,THR_251_A,SER_253_A,ARG_255_A,PHE_258_A"
ARG_255_A,"THR_251_A,ASP_252_A,GLN_254_A,VAL_256_A,THR_259_A,ARG_286_A"
VAL_256_A,"ARG_255_A,LYS_257_A,LYS_260_A"
LYS_257_A,"LEU_238_A,SER_253_A,VAL_256_A,PHE_258_A"
PHE_258_A,"PHE_233_A,GLN_254_A,LYS_257_A,THR_259_A"
THR_259_A,"ARG_255_A,PHE_258_A,LYS_260_A,LYS_263_A"
LYS_260_A,"VAL_256_A,THR_259_A,GLU_261_A,LYS_263_A,GLU_605_A"
GLU_261_A,"ARG_196_A,VAL_237_A,LYS_260_A,ILE_262_A"
ILE_262_A,"GLU_261_A,LYS_263_A,VAL_284_A"
LYS_263_A,"THR_259_A,LYS_260_A,ILE_262_A,GLY_264_A"
GLY_264_A,"LYS_263_A,LEU_265_A,VAL_281_A"
LEU_265_A,"TYR_225_A,GLY_264_A,LYS_266_A,VAL_281_A"
LYS_266_A,"LEU_265_A,VAL_267_A,LYS_278_A,ARG_280_A,GLN_350_A"
VAL_267_A,"LYS_266_A,GLU_268_A,TYR_279_A"
GLU_268_A,"VAL_267_A,ILE_269_A,LYS_276_A,LYS_278_A,ASN_345_A"
ILE_269_A,"GLU_268_A,THR_270_A,TYR_279_A,LEU_339_A"
THR_270_A,ILE_269_A
LYS_276_A,"GLU_268_A,ARG_277_A"
ARG_277_A,"LYS_276_A,LYS_278_A,TYR_279_A"
LYS_278_A,"LYS_266_A,GLU_268_A,ARG_277_A,TYR_279_A"
TYR_279_A,"VAL_267_A,ILE_269_A,ARG_277_A,LYS_278_A,ARG_280_A,VAL_330_A"
ARG_280_A,"LYS_266_A,TYR_279_A,VAL_281_A"
VAL_281_A,"GLY_264_A,LEU_265_A,ARG_280_A,CYS_282_A"
CYS_282_A,"VAL_281_A,ASN_283_A,GLN_329_A"
ASN_283_A,"CYS_282_A,VAL_284_A,GLN_329_A"
VAL_284_A,"ILE_262_A,ASN_283_A,THR_285_A,PRO_326_A,LEU_328_A"
THR_285_A,"VAL_284_A,ARG_286_A,CYS_327_A,TYR_338_A"
ARG_286_A,"ASP_252_A,ARG_255_A,THR_285_A,ARG_287_A"
ARG_287_A,ARG_286_A
PRO_288_A,"ALA_289_A,GLN_292_A"
ALA_289_A,"PRO_288_A,SER_290_A,LEU_325_A"
SER_290_A,"ALA_289_A,HIS_291_A"
HIS_291_A,"SER_290_A,GLN_292_A"
GLN_292_A,"PRO_288_A,HIS_291_A,THR_293_A,VAL_308_A"
THR_293_A,"GLN_292_A,PHE_294_A,GLU_305_A"
PHE_294_A,"THR_293_A,CYS_306_A,TYR_311_A"
PRO_295_A,LEU_296_A
LEU_296_A,"PRO_295_A,GLN_297_A,VAL_304_A"
GLN_297_A,"LEU_296_A,GLN_298_A,GLY_301_A"
GLN_298_A,"GLN_297_A,GLU_299_A,SER_300_A,GLY_301_A,GLN_302_A"
GLU_299_A,"GLN_298_A,SER_300_A"
SER_300_A,"GLN_298_A,GLU_299_A,GLY_301_A"
GLY_301_A,"GLN_297_A,GLN_298_A,SER_300_A,GLN_302_A"
GLN_302_A,"GLN_298_A,GLY_301_A,THR_303_A"
THR_303_A,"GLN_302_A,VAL_304_A"
VAL_304_A,"LEU_296_A,THR_303_A,GLU_305_A"
GLU_305_A,"THR_293_A,VAL_304_A,CYS_306_A"
CYS_306_A,"PHE_294_A,GLU_305_A,THR_307_A"
THR_307_A,"CYS_306_A,VAL_308_A,GLN_310_A,TYR_311_A"
VAL_308_A,"GLN_292_A,THR_307_A,ALA_309_A,TYR_338_A"
ALA_309_A,"VAL_308_A,GLN_310_A,LYS_313_A"
GLN_310_A,"THR_307_A,ALA_309_A,TYR_311_A,LYS_313_A,ASP_314_A"
TYR_311_A,"PHE_294_A,THR_307_A,GLN_310_A,PHE_312_A,ARG_315_A"
PHE_312_A,"TYR_311_A,LYS_313_A,LEU_318_A"
LYS_313_A,"ALA_309_A,GLN_310_A,PHE_312_A,ASP_314_A"
ASP_314_A,"GLN_310_A,LYS_313_A,ARG_315_A,LYS_317_A"
ARG_315_A,"TYR_311_A,ASP_314_A,HIS_316_A,LYS_317_A"
HIS_316_A,"ARG_315_A,LYS_317_A"
LYS_317_A,"ASP_314_A,ARG_315_A,HIS_316_A,LEU_318_A"
LEU_318_A,"PHE_312_A,LYS_317_A,VAL_319_A,LEU_320_A"
VAL_319_A,"LEU_318_A,LEU_320_A"
LEU_320_A,"LEU_318_A,VAL_319_A,ARG_321_A,PRO_340_A"
ARG_321_A,"GLU_244_A,LEU_320_A,TYR_322_A,GLU_342_A"
TYR_322_A,"ILE_231_A,ILE_243_A,ARG_321_A,LEU_325_A"
PRO_323_A,HIS_324_A
HIS_324_A,"PRO_323_A,LEU_325_A"
LEU_325_A,"ILE_231_A,ALA_289_A,TYR_322_A,HIS_324_A,LEU_341_A"
PRO_326_A,"LEU_250_A,VAL_284_A,CYS_327_A"
CYS_327_A,"THR_285_A,PRO_326_A,LEU_328_A"
LEU_328_A,"VAL_284_A,CYS_327_A,GLN_329_A,LEU_339_A,LEU_341_A"
GLN_329_A,"CYS_282_A,ASN_283_A,LEU_328_A,VAL_330_A"
VAL_330_A,"TYR_279_A,GLN_329_A,GLY_331_A,THR_337_A,LEU_339_A"
GLY_331_A,"VAL_330_A,GLN_332_A"
GLN_332_A,"GLY_331_A,GLU_333_A,GLN_334_A"
GLU_333_A,"GLN_332_A,GLN_334_A"
GLN_334_A,"GLN_332_A,GLU_333_A,LYS_335_A,HIS_336_A"
LYS_335_A,"GLN_334_A,HIS_336_A"
HIS_336_A,"GLN_334_A,LYS_335_A,THR_337_A,TYR_338_A"
THR_337_A,"VAL_330_A,HIS_336_A,TYR_338_A"
TYR_338_A,"THR_285_A,VAL_308_A,HIS_336_A,THR_337_A,LEU_339_A"
LEU_339_A,"ILE_269_A,LEU_328_A,VAL_330_A,TYR_338_A"
PRO_340_A,"LEU_320_A,LEU_341_A"
LEU_341_A,"LEU_325_A,LEU_328_A,PRO_340_A,GLU_342_A"
GLU_342_A,"ARG_321_A,LEU_341_A,VAL_343_A"
VAL_343_A,"GLU_342_A,CYS_344_A"
CYS_344_A,"VAL_230_A,VAL_343_A,ASN_345_A"
ASN_345_A,"GLU_268_A,CYS_344_A,ILE_346_A"
ILE_346_A,"GLN_228_A,ASN_345_A,VAL_347_A"
VAL_347_A,"ILE_346_A,ALA_348_A,GLN_350_A"
ALA_348_A,"VAL_347_A,GLY_349_A"
GLY_349_A,"ALA_348_A,GLN_350_A"
GLN_350_A,"TYR_225_A,LYS_266_A,VAL_347_A,GLY_349_A,ARG_351_A"
ARG_351_A,"GLN_350_A,CYS_352_A"
CYS_352_A,"ALA_223_A,ARG_351_A,ILE_353_A"
ILE_353_A,"CYS_352_A,LYS_354_A"
LYS_354_A,"ILE_353_A,LYS_355_A"
LYS_355_A,"ARG_196_A,LYS_354_A,LEU_356_A,ASP_358_A"
LEU_356_A,"LEU_192_A,LYS_355_A,THR_357_A,GLN_360_A,THR_361_A"
THR_357_A,"LEU_356_A,ASP_358_A,GLN_360_A,THR_361_A"
ASP_358_A,"LYS_355_A,THR_357_A,ASN_359_A"
ASN_359_A,"ASP_358_A,GLN_360_A"
GLN_360_A,"GLY_193_A,ARG_196_A,LEU_356_A,THR_357_A,ASN_359_A,THR_361_A"
THR_361_A,"LEU_356_A,THR_357_A,GLN_360_A,SER_362_A,MET_364_A,ILE_365_A"
SER_362_A,"THR_361_A,THR_363_A,ARG_366_A"
THR_363_A,"LEU_192_A,SER_362_A,MET_364_A"
MET_364_A,"VAL_198_A,THR_361_A,THR_363_A,ILE_365_A,THR_368_A"
ILE_365_A,"THR_361_A,MET_364_A,ARG_366_A,ALA_369_A"
ARG_366_A,"SER_362_A,ILE_365_A,ALA_367_A"
ALA_367_A,"ARG_366_A,THR_368_A,ARG_370_A"
THR_368_A,"ALA_221_A,MET_364_A,ALA_367_A,ALA_369_A"
ALA_369_A,"ILE_365_A,THR_368_A,ARG_370_A"
ARG_370_A,"ALA_367_A,ALA_369_A,SER_371_A,GLU_378_A,THR_759_A"
SER_371_A,"ARG_370_A,ALA_372_A,ARG_375_A"
ALA_372_A,"SER_371_A,GLN_376_A,SER_727_A"
PRO_373_A,"ASP_374_A,GLU_377_A"
ASP_374_A,"PRO_373_A,ARG_375_A,GLU_378_A"
ARG_375_A,"ASP_218_A,VAL_219_A,SER_371_A,ASP_374_A,GLN_376_A,ILE_379_A,ARG_714_A"
GLN_376_A,"GLN_41_A,ALA_372_A,ARG_375_A,GLU_377_A,MET_405_A"
GLU_377_A,"PRO_373_A,GLN_376_A,GLU_378_A,LYS_381_A,ARG_384_A"
GLU_378_A,"VAL_219_A,ARG_370_A,ASP_374_A,GLU_377_A,ILE_379_A,LEU_382_A"
ILE_379_A,"ARG_375_A,GLU_378_A,SER_380_A,MET_405_A"
SER_380_A,"ILE_379_A,LYS_381_A"
LYS_381_A,"GLU_377_A,SER_380_A,LEU_382_A,ARG_384_A,SER_385_A"
LEU_382_A,"PHE_202_A,VAL_219_A,GLU_378_A,LYS_381_A,MET_383_A,ALA_386_A"
MET_383_A,"PHE_45_A,LEU_382_A,ARG_384_A,ASP_387_A,VAL_401_A"
ARG_384_A,"GLU_377_A,LYS_381_A,MET_383_A,SER_385_A"
SER_385_A,"LYS_381_A,ARG_384_A,ALA_386_A"
ALA_386_A,"LEU_382_A,SER_385_A,ASP_387_A,PHE_388_A"
ASP_387_A,"MET_383_A,ALA_386_A,PHE_388_A,THR_390_A"
PHE_388_A,"LEU_215_A,ALA_386_A,ASP_387_A,ASN_389_A,THR_390_A"
ASN_389_A,"PHE_388_A,THR_390_A,ARG_395_A"
THR_390_A,"ASP_387_A,PHE_388_A,ASN_389_A,ASP_391_A"
ASP_391_A,"THR_390_A,TYR_393_A,VAL_394_A,ARG_395_A"
PRO_392_A,"LYS_91_A,TYR_393_A,GLU_396_A"
TYR_393_A,"LYS_91_A,HIS_168_A,ASP_391_A,PRO_392_A,VAL_394_A"
VAL_394_A,"ASP_391_A,TYR_393_A,ARG_395_A"
ARG_395_A,"ASN_389_A,ASP_391_A,VAL_394_A,GLU_396_A,GLY_398_A"
GLU_396_A,"ARG_90_A,LYS_91_A,PRO_392_A,ARG_395_A,PHE_397_A"
PHE_397_A,"GLU_396_A,GLY_398_A"
GLY_398_A,"ARG_395_A,PHE_397_A,ILE_399_A"
ILE_399_A,"LEU_162_A,GLY_398_A,MET_400_A"
MET_400_A,"ASP_48_A,ILE_399_A,VAL_401_A"
VAL_401_A,"MET_383_A,MET_400_A,LYS_402_A"
LYS_402_A,"GLU_46_A,VAL_401_A,ASP_403_A,GLU_404_A,ASP_407_A"
ASP_403_A,"LYS_402_A,GLU_404_A"
GLU_404_A,"LYS_402_A,ASP_403_A,MET_405_A"
MET_405_A,"PHE_45_A,GLN_376_A,ILE_379_A,GLU_404_A,THR_406_A"
THR_406_A,"PHE_44_A,MET_405_A,ASP_407_A"
ASP_407_A,"LYS_402_A,THR_406_A,VAL_408_A"
VAL_408_A,"LEU_40_A,ASP_407_A,THR_409_A,VAL_736_A"
THR_409_A,"VAL_408_A,GLY_410_A"
GLY_410_A,"THR_409_A,ARG_411_A"
ARG_411_A,"SER_34_A,GLY_410_A,VAL_412_A,THR_735_A,ASP_737_A,ASP_777_A"
VAL_412_A,"ARG_36_A,ARG_411_A,LEU_413_A"
LEU_413_A,"VAL_412_A,GLN_414_A,GLY_733_A,TYR_784_A"
GLN_414_A,LEU_413_A
PRO_416_A,SER_417_A
SER_417_A,"PRO_416_A,ILE_418_A,LEU_579_A"
ILE_418_A,"SER_417_A,LEU_419_A,ALA_428_A,ASN_576_A"
LEU_419_A,"ILE_418_A,TYR_420_A,ILE_577_A,LEU_579_A"
TYR_420_A,"LEU_419_A,GLY_421_A,ALA_426_A,TRP_435_A,MET_437_A,ASN_576_A"
GLY_421_A,"TYR_420_A,GLY_422_A,GLN_441_A"
GLY_422_A,"GLY_421_A,ARG_423_A"
ARG_423_A,"GLY_422_A,ASN_424_A,GLN_441_A"
ASN_424_A,"ARG_423_A,LYS_425_A,ALA_426_A"
LYS_425_A,"ASN_424_A,ALA_426_A"
ALA_426_A,"TYR_420_A,ASN_424_A,LYS_425_A,ILE_427_A,LYS_440_A"
ILE_427_A,"ALA_426_A,ALA_428_A"
ALA_428_A,"ILE_418_A,ILE_427_A,THR_429_A"
THR_429_A,ALA_428_A
PRO_430_A,VAL_431_A
VAL_431_A,"PRO_430_A,GLN_432_A,VAL_434_A"
GLN_432_A,"VAL_431_A,GLY_433_A"
GLY_433_A,"GLN_432_A,VAL_434_A"
VAL_434_A,"VAL_431_A,GLY_433_A,TRP_435_A"
TRP_435_A,"TYR_420_A,VAL_434_A,ASP_436_A,THR_794_A"
ASP_436_A,"TRP_435_A,MET_437_A,ARG_438_A,LYS_440_A"
MET_437_A,"TYR_420_A,ASP_436_A,ARG_438_A"
ARG_438_A,"ASP_436_A,MET_437_A,ASN_439_A"
ASN_439_A,"ARG_438_A,LYS_440_A"
LYS_440_A,"ALA_426_A,ASP_436_A,ASN_439_A,GLN_441_A"
GLN_441_A,"GLY_421_A,ARG_423_A,LYS_440_A,PHE_442_A"
PHE_442_A,"GLN_441_A,HIS_443_A,ALA_481_A,MET_483_A,LEU_565_A,ASN_568_A"
HIS_443_A,"PHE_442_A,THR_444_A,HIS_621_A"
THR_444_A,"HIS_443_A,GLY_445_A,VAL_574_A"
GLY_445_A,"THR_444_A,ILE_446_A"
ILE_446_A,"GLY_445_A,GLU_447_A,LEU_571_A"
GLU_447_A,"ILE_446_A,ILE_448_A,LYS_449_A"
ILE_448_A,"GLU_447_A,LYS_449_A,ILE_485_A"
LYS_449_A,"GLU_447_A,ILE_448_A,VAL_450_A"
VAL_450_A,"LYS_449_A,TRP_451_A,GLN_516_A"
TRP_451_A,"VAL_450_A,ALA_452_A,ILE_453_A,THR_471_A,ILE_485_A,PRO_489_A,CYS_490_A"
ALA_452_A,"TRP_451_A,ILE_453_A,PHE_491_A,LEU_508_A"
ILE_453_A,"TRP_451_A,ALA_452_A,ALA_454_A,THR_471_A,PHE_491_A,CYS_492_A"
ALA_454_A,"ILE_453_A,CYS_455_A,MET_504_A,VAL_519_A,ILE_521_A"
CYS_455_A,"ALA_454_A,PHE_456_A"
PHE_456_A,"CYS_455_A,ALA_457_A,VAL_501_A,VAL_528_A"
ALA_457_A,"PHE_456_A,ILE_521_A"
PRO_458_A,"GLN_459_A,GLN_461_A,CYS_462_A"
GLN_459_A,"PRO_458_A,ARG_460_A,GLN_461_A,THR_463_A,TYR_494_A"
ARG_460_A,"GLN_459_A,GLN_461_A"
GLN_461_A,"PRO_458_A,GLN_459_A,ARG_460_A,CYS_462_A"
CYS_462_A,"PRO_458_A,GLN_461_A,THR_463_A,TYR_494_A"
THR_463_A,"GLN_459_A,CYS_462_A,GLU_464_A,VAL_465_A,HIS_466_A"
GLU_464_A,"THR_463_A,VAL_465_A"
VAL_465_A,"THR_463_A,GLU_464_A,HIS_466_A"
HIS_466_A,"THR_463_A,VAL_465_A,LEU_467_A,PHE_470_A"
LEU_467_A,"HIS_466_A,LYS_468_A,THR_471_A"
LYS_468_A,"LEU_467_A,SER_469_A,PHE_470_A,THR_471_A,GLU_472_A"
SER_469_A,"LYS_468_A,PHE_470_A"
PHE_470_A,"HIS_466_A,LYS_468_A,SER_469_A,THR_471_A,LEU_474_A,VAL_552_A"
THR_471_A,"TRP_451_A,ILE_453_A,LEU_467_A,LYS_468_A,PHE_470_A,GLU_472_A,ARG_475_A"
GLU_472_A,"LYS_468_A,THR_471_A,GLN_473_A"
GLN_473_A,"GLU_472_A,LEU_474_A,LEU_560_A"
LEU_474_A,"PHE_470_A,GLN_473_A,ARG_475_A"
ARG_475_A,"THR_471_A,LEU_474_A,LYS_476_A,SER_478_A,ARG_479_A,ILE_485_A,GLN_488_A"
LYS_476_A,"ARG_475_A,ILE_477_A,ASP_480_A"
ILE_477_A,"LYS_476_A,SER_478_A,ALA_481_A"
SER_478_A,"ARG_475_A,ILE_477_A,ARG_479_A"
ARG_479_A,"ARG_475_A,SER_478_A,ASP_480_A"
ASP_480_A,"LYS_476_A,ARG_479_A,ALA_481_A"
ALA_481_A,"PHE_442_A,ILE_477_A,ASP_480_A,GLY_482_A"
GLY_482_A,"ALA_481_A,MET_483_A"
MET_483_A,"PHE_442_A,GLY_482_A,ILE_567_A"
PRO_484_A,ILE_485_A
ILE_485_A,"ILE_448_A,TRP_451_A,ARG_475_A,PRO_484_A,GLN_486_A"
GLN_486_A,"ILE_485_A,GLY_487_A"
GLY_487_A,"GLN_486_A,GLN_488_A"
GLN_488_A,"ARG_475_A,GLY_487_A"
PRO_489_A,"TRP_451_A,CYS_490_A,PHE_491_A"
CYS_490_A,"TRP_451_A,PRO_489_A,PHE_491_A"
PHE_491_A,"ALA_452_A,ILE_453_A,PRO_489_A,CYS_490_A,CYS_492_A,LYS_493_A,MET_504_A,LEU_508_A"
CYS_492_A,"ILE_453_A,PHE_491_A,LYS_493_A"
LYS_493_A,"PHE_491_A,CYS_492_A,TYR_494_A,HIS_507_A"
TYR_494_A,"GLN_459_A,CYS_462_A,LYS_493_A,ALA_495_A"
ALA_495_A,"TYR_494_A,GLN_496_A"
GLN_496_A,"ALA_495_A,GLY_497_A,SER_500_A"
GLY_497_A,"GLN_496_A,ALA_498_A,SER_500_A"
ALA_498_A,"GLY_497_A,ASP_499_A"
ASP_499_A,"ALA_498_A,SER_500_A,LYS_820_A"
SER_500_A,"GLN_496_A,GLY_497_A,ASP_499_A,VAL_501_A"
VAL_501_A,"PHE_456_A,SER_500_A,GLU_502_A,PHE_505_A,VAL_528_A,GLU_531_A"
GLU_502_A,"VAL_501_A,ARG_506_A,ARG_534_A"
PRO_503_A,"MET_504_A,HIS_507_A"
MET_504_A,"ALA_454_A,PHE_491_A,PRO_503_A,PHE_505_A"
PHE_505_A,"VAL_501_A,MET_504_A,ARG_506_A,LEU_508_A,VAL_518_A,VAL_535_A,MET_542_A"
ARG_506_A,"GLU_502_A,PHE_505_A,HIS_507_A"
HIS_507_A,"LYS_493_A,PRO_503_A,ARG_506_A,LEU_508_A,THR_511_A"
LEU_508_A,"ALA_452_A,PHE_491_A,PHE_505_A,HIS_507_A,LYS_509_A,TYR_512_A,LEU_515_A,VAL_518_A"
LYS_509_A,"LEU_508_A,ASN_510_A,LEU_540_A,HIS_849_A,ASP_851_A"
ASN_510_A,"LYS_509_A,THR_511_A"
THR_511_A,"HIS_507_A,ASN_510_A,TYR_512_A"
TYR_512_A,"LEU_508_A,THR_511_A,ALA_513_A"
ALA_513_A,"TYR_512_A,GLY_514_A"
GLY_514_A,"ALA_513_A,LEU_515_A,GLN_516_A"
LEU_515_A,"LEU_508_A,GLY_514_A,GLN_516_A"
GLN_516_A,"VAL_450_A,GLY_514_A,LEU_515_A,LEU_517_A"
LEU_517_A,"GLN_516_A,VAL_518_A,VAL_519_A,ILE_567_A"
VAL_518_A,"PHE_505_A,LEU_508_A,LEU_517_A,VAL_519_A"
VAL_519_A,"ALA_454_A,LEU_517_A,VAL_518_A,VAL_520_A"
VAL_520_A,"VAL_519_A,ILE_521_A,GLN_545_A,VAL_547_A"
ILE_521_A,"ALA_454_A,ALA_457_A,VAL_520_A,LEU_522_A,VAL_552_A"
LEU_522_A,"ILE_521_A,THR_526_A,TYR_529_A,CYS_546_A,MET_549_A"
PRO_523_A,"GLY_524_A,MET_549_A"
GLY_524_A,"PRO_523_A,LYS_525_A"
LYS_525_A,"GLY_524_A,THR_526_A"
THR_526_A,"LEU_522_A,LYS_525_A"
PRO_527_A,VAL_528_A
VAL_528_A,"PHE_456_A,VAL_501_A,PRO_527_A,TYR_529_A,VAL_532_A"
TYR_529_A,"LEU_522_A,VAL_528_A,ALA_530_A,TYR_815_A"
ALA_530_A,"TYR_529_A,GLU_531_A,ARG_534_A"
GLU_531_A,"VAL_501_A,ALA_530_A,VAL_532_A,ARG_534_A,VAL_535_A,LYS_820_A"
VAL_532_A,"VAL_528_A,GLU_531_A,LYS_533_A,GLY_536_A"
LYS_533_A,"VAL_532_A,ARG_534_A,ASP_537_A,LYS_570_A,ARG_812_A"
ARG_534_A,"GLU_502_A,ALA_530_A,GLU_531_A,LYS_533_A,VAL_535_A,THR_538_A"
VAL_535_A,"PHE_505_A,GLU_531_A,ARG_534_A,GLY_536_A,VAL_539_A"
GLY_536_A,"VAL_532_A,VAL_535_A,ASP_537_A"
ASP_537_A,"LYS_533_A,GLY_536_A,THR_538_A,ARG_812_A,HIS_816_A,HIS_849_A"
THR_538_A,"ARG_534_A,ASP_537_A,VAL_539_A"
VAL_539_A,"VAL_535_A,THR_538_A,LEU_540_A"
LEU_540_A,"LYS_509_A,VAL_539_A,GLY_541_A,MET_542_A"
GLY_541_A,"LEU_540_A,MET_542_A"
MET_542_A,"PHE_505_A,LEU_540_A,GLY_541_A,ALA_543_A"
ALA_543_A,"MET_542_A,THR_544_A,LEU_571_A"
THR_544_A,"ALA_543_A,GLN_545_A,LYS_570_A"
GLN_545_A,"VAL_520_A,THR_544_A,CYS_546_A,ILE_567_A"
CYS_546_A,"LEU_522_A,GLN_545_A,VAL_547_A"
VAL_547_A,"VAL_520_A,CYS_546_A,GLN_548_A"
GLN_548_A,"VAL_547_A,MET_549_A"
MET_549_A,"LEU_522_A,PRO_523_A,GLN_548_A,LYS_550_A,VAL_552_A"
LYS_550_A,"MET_549_A,ASN_551_A"
ASN_551_A,"LYS_550_A,VAL_552_A"
VAL_552_A,"PHE_470_A,ILE_521_A,MET_549_A,ASN_551_A,GLN_553_A"
GLN_553_A,"VAL_552_A,ARG_554_A"
ARG_554_A,"GLN_553_A,THR_555_A"
THR_555_A,"ARG_554_A,THR_556_A"
THR_556_A,"THR_555_A,LEU_560_A"
PRO_557_A,"GLN_558_A,SER_561_A"
GLN_558_A,"PRO_557_A,THR_559_A"
THR_559_A,"GLN_558_A,LEU_560_A,LEU_563_A"
LEU_560_A,"GLN_473_A,THR_556_A,THR_559_A,SER_561_A,CYS_564_A"
SER_561_A,"PRO_557_A,LEU_560_A,ASN_562_A,CYS_564_A,LEU_565_A"
ASN_562_A,"SER_561_A,LEU_563_A"
LEU_563_A,"THR_559_A,ASN_562_A,CYS_564_A"
CYS_564_A,"LEU_560_A,SER_561_A,LEU_563_A,LEU_565_A"
LEU_565_A,"PHE_442_A,SER_561_A,CYS_564_A,LYS_566_A,ASN_575_A"
LYS_566_A,"LEU_565_A,ILE_567_A,LYS_570_A,ARG_792_A,ARG_812_A"
ILE_567_A,"MET_483_A,LEU_517_A,GLN_545_A,LYS_566_A,ASN_568_A"
ASN_568_A,"PHE_442_A,ILE_567_A,VAL_569_A,GLY_573_A"
VAL_569_A,"ASN_568_A,LYS_570_A,ALA_859_A"
LYS_570_A,"LYS_533_A,THR_544_A,LYS_566_A,VAL_569_A,LEU_571_A,ARG_812_A"
LEU_571_A,"ILE_446_A,ALA_543_A,LYS_570_A,GLY_572_A"
GLY_572_A,"LEU_571_A,GLY_573_A"
GLY_573_A,"ASN_568_A,GLY_572_A,VAL_574_A"
VAL_574_A,"THR_444_A,GLY_573_A,ASN_575_A,ILE_577_A"
ASN_575_A,"LEU_565_A,VAL_574_A,ASN_576_A"
ASN_576_A,"ILE_418_A,TYR_420_A,ASN_575_A,ILE_577_A"
ILE_577_A,"LEU_419_A,VAL_574_A,ASN_576_A,LEU_578_A"
LEU_578_A,"ILE_577_A,LEU_579_A,THR_789_A"
LEU_579_A,"SER_417_A,LEU_419_A,LEU_578_A,GLY_582_A"
PRO_580_A,"GLN_581_A,ARG_583_A"
GLN_581_A,"PRO_580_A,GLY_582_A"
GLY_582_A,"LEU_579_A,GLN_581_A,ARG_583_A,GLN_785_A"
ARG_583_A,"PRO_580_A,GLY_582_A,PHE_587_A,ALA_620_A"
PRO_584_A,"VAL_586_A,GLU_778_A"
PRO_585_A,"VAL_586_A,PHE_587_A,GLN_588_A"
VAL_586_A,"PRO_584_A,PRO_585_A,PHE_587_A,PHE_774_A,GLU_778_A"
PHE_587_A,"ARG_583_A,PRO_585_A,VAL_586_A,GLN_588_A,PHE_593_A,PRO_622_A,LEU_782_A"
GLN_588_A,"PRO_585_A,PHE_587_A,GLN_589_A"
GLN_589_A,"GLN_588_A,THR_662_A"
PRO_590_A,VAL_591_A
VAL_591_A,"PRO_590_A,ILE_592_A,PHE_593_A,ILE_665_A"
ILE_592_A,"VAL_591_A,PHE_593_A,LEU_594_A,PHE_653_A,PRO_661_A"
PHE_593_A,"PHE_587_A,VAL_591_A,ILE_592_A,LEU_594_A,SER_617_A,PRO_622_A,ILE_665_A,LEU_782_A"
LEU_594_A,"ILE_592_A,PHE_593_A,GLY_595_A,ILE_664_A,ILE_665_A,PHE_666_A,TYR_667_A"
GLY_595_A,"LEU_594_A,ALA_596_A,VAL_615_A"
ALA_596_A,"GLY_595_A,ASP_597_A,ILE_639_A,PHE_666_A,ASP_669_A"
ASP_597_A,"ALA_596_A,VAL_598_A,ALA_613_A,GLU_637_A,ARG_668_A,ASP_669_A,HIS_807_A"
VAL_598_A,"ASP_597_A,THR_599_A"
THR_599_A,"VAL_598_A,HIS_600_A,ILE_611_A,ALA_810_A"
HIS_600_A,"THR_599_A,SER_610_A,GLU_637_A"
PRO_601_A,"GLU_602_A,ASN_603_A"
GLU_602_A,"PRO_601_A,ASN_603_A,GLU_605_A,ARG_814_A"
ASN_603_A,"PRO_601_A,GLU_602_A,GLY_604_A,GLU_605_A"
GLY_604_A,"ASN_603_A,GLU_605_A"
GLU_605_A,"LYS_260_A,GLU_602_A,ASN_603_A,GLY_604_A,GLU_606_A,HIS_634_A,ARG_814_A"
GLU_606_A,"GLU_605_A,SER_607_A,HIS_634_A"
SER_607_A,"GLU_606_A,SER_608_A"
SER_608_A,SER_607_A
PRO_609_A,"SER_610_A,VAL_631_A,ARG_814_A,LEU_842_A"
SER_610_A,"HIS_600_A,PRO_609_A,ILE_611_A,GLN_632_A,ARG_635_A"
ILE_611_A,"THR_599_A,SER_610_A,ALA_612_A,VAL_629_A,ALA_813_A"
ALA_612_A,"ILE_611_A,ALA_613_A,ARG_630_A"
ALA_613_A,"ASP_597_A,ALA_612_A,VAL_614_A,ALA_810_A"
VAL_614_A,"ALA_613_A,VAL_615_A,THR_628_A,MET_645_A,LEU_649_A"
VAL_615_A,"GLY_595_A,VAL_614_A,GLY_616_A,VAL_809_A"
GLY_616_A,"VAL_615_A,SER_617_A,CYS_626_A"
SER_617_A,"PHE_593_A,GLY_616_A,MET_618_A"
MET_618_A,"SER_617_A,ASP_619_A,ARG_624_A,CYS_626_A"
ASP_619_A,"MET_618_A,ALA_620_A,HIS_621_A,ARG_624_A"
ALA_620_A,"ARG_583_A,ASP_619_A,HIS_621_A"
HIS_621_A,"HIS_443_A,ASP_619_A,ALA_620_A"
PRO_622_A,"PHE_587_A,PHE_593_A,ASN_623_A"
ASN_623_A,"PRO_622_A,ARG_624_A"
ARG_624_A,"MET_618_A,ASP_619_A,ASN_623_A,TYR_625_A,SER_656_A,ARG_854_A"
TYR_625_A,"ARG_624_A,CYS_626_A,PRO_802_A,TYR_805_A"
CYS_626_A,"GLY_616_A,MET_618_A,TYR_625_A,ALA_627_A"
ALA_627_A,"CYS_626_A,THR_628_A,VAL_809_A"
THR_628_A,"VAL_614_A,ALA_627_A,VAL_629_A,LEU_649_A"
VAL_629_A,"ILE_611_A,THR_628_A,ARG_630_A"
ARG_630_A,"ALA_612_A,VAL_629_A,VAL_631_A,ASP_641_A,MET_645_A,GLU_648_A"
VAL_631_A,"PRO_609_A,ARG_630_A,GLN_632_A"
GLN_632_A,"SER_610_A,VAL_631_A,GLN_633_A,GLN_636_A,ILE_638_A"
GLN_633_A,"GLN_632_A,HIS_634_A,GLN_636_A"
HIS_634_A,"GLU_605_A,GLU_606_A,GLN_633_A,ARG_635_A"
ARG_635_A,"SER_610_A,HIS_634_A,GLN_636_A"
GLN_636_A,"GLN_632_A,GLN_633_A,ARG_635_A,GLU_637_A"
GLU_637_A,"ASP_597_A,HIS_600_A,GLN_636_A,ILE_638_A,ARG_668_A,ASP_669_A"
ILE_638_A,"GLN_632_A,GLU_637_A,ILE_639_A,VAL_679_A"
ILE_639_A,"ALA_596_A,ILE_638_A,GLN_640_A,LEU_642_A,GLU_683_A"
GLN_640_A,"ILE_639_A,ASP_641_A"
ASP_641_A,"ARG_630_A,GLN_640_A,LEU_642_A"
LEU_642_A,"ILE_639_A,ASP_641_A,ALA_643_A,VAL_646_A,GLU_683_A"
ALA_643_A,"LEU_642_A,ALA_644_A"
ALA_644_A,"ALA_643_A,MET_645_A,GLU_648_A"
MET_645_A,"VAL_614_A,ARG_630_A,ALA_644_A,VAL_646_A"
VAL_646_A,"LEU_642_A,MET_645_A,ARG_647_A,LEU_650_A,ALA_690_A"
ARG_647_A,"VAL_646_A,GLU_648_A"
GLU_648_A,"ARG_630_A,ALA_644_A,ARG_647_A,LEU_649_A,GLN_652_A"
LEU_649_A,"VAL_614_A,THR_628_A,GLU_648_A,LEU_650_A,PHE_653_A"
LEU_650_A,"VAL_646_A,LEU_649_A,ILE_651_A,TYR_654_A,LEU_694_A"
ILE_651_A,"LEU_650_A,GLN_652_A,TYR_654_A,LYS_655_A"
GLN_652_A,"GLU_648_A,ILE_651_A,PHE_653_A,SER_656_A"
PHE_653_A,"ILE_592_A,LEU_649_A,GLN_652_A,TYR_654_A,THR_657_A,PRO_661_A"
TYR_654_A,"LEU_650_A,ILE_651_A,PHE_653_A,LYS_655_A,ARG_658_A,LYS_660_A"
LYS_655_A,"ILE_651_A,TYR_654_A,SER_656_A,ARG_854_A"
SER_656_A,"ARG_624_A,GLN_652_A,LYS_655_A,THR_657_A,ARG_854_A"
THR_657_A,"PHE_653_A,SER_656_A,ARG_658_A"
ARG_658_A,"TYR_654_A,THR_657_A,PHE_659_A"
PHE_659_A,"ARG_658_A,LYS_660_A"
LYS_660_A,"TYR_654_A,PHE_659_A,GLU_695_A"
PRO_661_A,"ILE_592_A,PHE_653_A,THR_662_A,TYR_698_A"
THR_662_A,"GLN_589_A,PRO_661_A,ARG_663_A,GLY_701_A"
ARG_663_A,"THR_662_A,ILE_664_A"
ILE_664_A,"LEU_594_A,ARG_663_A,ILE_665_A,PRO_700_A,GLY_701_A,THR_703_A"
ILE_665_A,"VAL_591_A,PHE_593_A,LEU_594_A,ILE_664_A,PHE_666_A,TYR_667_A"
PHE_666_A,"LEU_594_A,ALA_596_A,ILE_665_A,TYR_667_A,ARG_668_A,THR_703_A,PHE_704_A,ILE_705_A"
TYR_667_A,"LEU_594_A,ILE_665_A,PHE_666_A,ARG_668_A,ILE_705_A,THR_783_A,LEU_786_A"
ARG_668_A,"ASP_597_A,GLU_637_A,PHE_666_A,TYR_667_A,ASP_669_A,GLU_683_A,ILE_705_A,VAL_707_A"
ASP_669_A,"ALA_596_A,ASP_597_A,GLU_637_A,ARG_668_A,GLY_670_A"
GLY_670_A,"ASP_669_A,VAL_671_A,VAL_707_A"
VAL_671_A,"GLY_670_A,SER_672_A,GLN_675_A,VAL_679_A"
SER_672_A,"VAL_671_A,GLY_674_A"
GLY_674_A,"SER_672_A,GLN_675_A"
GLN_675_A,"VAL_671_A,GLY_674_A,PHE_676_A,VAL_679_A"
PHE_676_A,"GLN_675_A,GLN_677_A,LEU_680_A,LEU_768_A"
GLN_677_A,"PHE_676_A,GLN_678_A,HIS_681_A"
GLN_678_A,"GLN_677_A,VAL_679_A"
VAL_679_A,"ILE_638_A,VAL_671_A,GLN_675_A,GLN_678_A,LEU_680_A,GLU_683_A"
LEU_680_A,"PHE_676_A,VAL_679_A,HIS_681_A,LEU_684_A"
HIS_681_A,"GLN_677_A,LEU_680_A,HIS_682_A"
HIS_682_A,"HIS_681_A,GLU_683_A,ALA_686_A"
GLU_683_A,"ILE_639_A,LEU_642_A,ARG_668_A,VAL_679_A,HIS_682_A,LEU_684_A,ILE_687_A"
LEU_684_A,"LEU_680_A,GLU_683_A,LEU_685_A,TRP_769_A"
LEU_685_A,"LEU_684_A,ALA_686_A,GLU_689_A"
ALA_686_A,"HIS_682_A,LEU_685_A,ILE_687_A"
ILE_687_A,"GLU_683_A,ALA_686_A,ARG_688_A,ILE_702_A"
ARG_688_A,"ILE_687_A,GLU_689_A,PRO_700_A,ASP_771_A"
GLU_689_A,"LEU_685_A,ARG_688_A,ALA_690_A,LYS_693_A"
ALA_690_A,"VAL_646_A,GLU_689_A,CYS_691_A"
CYS_691_A,"ALA_690_A,ILE_692_A,TYR_698_A"
ILE_692_A,"CYS_691_A,LYS_693_A"
LYS_693_A,"GLU_689_A,ILE_692_A,LEU_694_A"
LEU_694_A,"LEU_650_A,LYS_693_A,GLU_695_A"
GLU_695_A,"LYS_660_A,LEU_694_A,LYS_696_A,TYR_698_A"
LYS_696_A,"GLU_695_A,ASP_697_A"
ASP_697_A,"LYS_696_A,TYR_698_A"
TYR_698_A,"PRO_661_A,CYS_691_A,GLU_695_A,ASP_697_A,GLN_699_A"
GLN_699_A,TYR_698_A
PRO_700_A,"ILE_664_A,ARG_688_A,GLY_701_A"
GLY_701_A,"THR_662_A,ILE_664_A,PRO_700_A,ILE_702_A"
ILE_702_A,"ILE_687_A,GLY_701_A,THR_703_A,ASP_771_A"
THR_703_A,"ILE_664_A,PHE_666_A,ILE_702_A,PHE_704_A,ILE_705_A,ASP_770_A,ASN_772_A"
PHE_704_A,"PHE_666_A,THR_703_A,ILE_705_A,LEU_768_A,TRP_769_A"
ILE_705_A,"PHE_666_A,TYR_667_A,ARG_668_A,THR_703_A,PHE_704_A,VAL_706_A,LEU_779_A"
VAL_706_A,"ILE_705_A,VAL_707_A,HIS_766_A,LEU_768_A"
VAL_707_A,"ARG_668_A,GLY_670_A,VAL_706_A,GLN_708_A,TYR_765_A,ILE_799_A"
GLN_708_A,"VAL_707_A,LYS_709_A,ARG_710_A,HIS_764_A"
LYS_709_A,"GLN_708_A,ARG_710_A,HIS_753_A,ARG_761_A"
ARG_710_A,"GLN_708_A,LYS_709_A,HIS_711_A,ARG_761_A"
HIS_711_A,"ARG_710_A,HIS_712_A,ARG_714_A,ARG_761_A,PRO_762_A"
HIS_712_A,"ASN_43_A,HIS_203_A,ASN_216_A,ASP_218_A,HIS_711_A,THR_713_A,ARG_714_A,ARG_761_A"
THR_713_A,"PHE_44_A,HIS_712_A,ARG_714_A,TYR_749_A"
ARG_714_A,"ASN_43_A,ASP_218_A,ARG_375_A,HIS_711_A,HIS_712_A,THR_713_A,LEU_715_A,PHE_716_A,ARG_761_A"
LEU_715_A,"ARG_714_A,PHE_716_A"
PHE_716_A,"GLN_41_A,ARG_714_A,LEU_715_A,CYS_717_A"
CYS_717_A,"PHE_716_A,THR_718_A"
THR_718_A,"CYS_717_A,ASP_719_A"
ASP_719_A,"THR_718_A,LYS_720_A,GLU_722_A"
LYS_720_A,"ASP_719_A,ASN_721_A,ARG_723_A"
ASN_721_A,"LYS_720_A,GLU_722_A"
GLU_722_A,"ARG_36_A,ASP_719_A,ASN_721_A,ARG_723_A"
ARG_723_A,"LYS_720_A,GLU_722_A,VAL_724_A"
VAL_724_A,"ARG_723_A,GLY_725_A,ASN_729_A"
GLY_725_A,"VAL_724_A,LYS_726_A"
LYS_726_A,"GLY_725_A,SER_727_A"
SER_727_A,"ALA_372_A,LYS_726_A,GLY_728_A"
GLY_728_A,"SER_727_A,ASN_729_A"
ASN_729_A,"VAL_724_A,GLY_728_A,ILE_730_A,GLY_758_A,SER_760_A"
ILE_730_A,"LEU_40_A,ASN_729_A,CYS_751_A"
PRO_731_A,"ALA_732_A,THR_734_A"
ALA_732_A,"PRO_731_A,GLY_733_A"
GLY_733_A,"LEU_413_A,ALA_732_A,THR_734_A,THR_735_A,CYS_751_A"
THR_734_A,"PRO_731_A,GLY_733_A,THR_735_A,CYS_751_A"
THR_735_A,"ARG_411_A,GLY_733_A,THR_734_A,VAL_736_A"
VAL_736_A,"LEU_40_A,VAL_408_A,THR_735_A,ASP_737_A,TYR_749_A"
ASP_737_A,"ARG_28_A,ARG_411_A,VAL_736_A,THR_738_A,PHE_748_A"
THR_738_A,"PHE_31_A,ASP_737_A,LYS_739_A,ILE_740_A"
LYS_739_A,"THR_738_A,ILE_740_A"
ILE_740_A,"THR_738_A,LYS_739_A,THR_741_A"
THR_741_A,"ILE_740_A,HIS_742_A"
HIS_742_A,"THR_741_A,GLU_745_A,ASP_747_A,HIS_766_A"
PRO_743_A,THR_744_A
THR_744_A,"ARG_28_A,PRO_743_A,GLU_745_A"
GLU_745_A,"LYS_24_A,HIS_742_A,THR_744_A,PHE_746_A,HIS_766_A"
PHE_746_A,"PRO_29_A,GLU_745_A,ASP_747_A,VAL_767_A,LEU_779_A"
ASP_747_A,"ARG_28_A,HIS_742_A,PHE_746_A,PHE_748_A,HIS_764_A,HIS_766_A"
PHE_748_A,"ASP_737_A,ASP_747_A,TYR_749_A,TYR_765_A,GLN_780_A"
TYR_749_A,"THR_713_A,VAL_736_A,PHE_748_A,LEU_750_A,HIS_764_A"
LEU_750_A,"TYR_749_A,CYS_751_A,SER_763_A"
CYS_751_A,"ILE_730_A,GLY_733_A,THR_734_A,LEU_750_A,SER_752_A"
SER_752_A,"CYS_751_A,HIS_753_A,SER_796_A,VAL_797_A"
HIS_753_A,"LYS_709_A,SER_752_A,ALA_754_A"
ALA_754_A,"HIS_753_A,GLY_755_A"
GLY_755_A,"ALA_754_A,ILE_756_A"
ILE_756_A,"GLY_755_A,GLN_757_A"
GLN_757_A,"ILE_756_A,GLY_758_A"
GLY_758_A,"ASN_729_A,GLN_757_A,THR_759_A"
THR_759_A,"ARG_370_A,GLY_758_A,SER_760_A"
SER_760_A,"ASN_729_A,THR_759_A,ARG_761_A"
ARG_761_A,"LYS_709_A,ARG_710_A,HIS_711_A,HIS_712_A,ARG_714_A,SER_760_A"
PRO_762_A,"HIS_711_A,SER_763_A"
SER_763_A,"LEU_750_A,PRO_762_A,HIS_764_A,SER_798_A"
HIS_764_A,"GLN_708_A,ASP_747_A,TYR_749_A,SER_763_A,TYR_765_A,HIS_766_A"
TYR_765_A,"VAL_707_A,PHE_748_A,HIS_764_A,HIS_766_A,THR_783_A"
HIS_766_A,"VAL_706_A,HIS_742_A,GLU_745_A,ASP_747_A,HIS_764_A,TYR_765_A,VAL_767_A"
VAL_767_A,"PHE_746_A,HIS_766_A,LEU_768_A,LEU_779_A"
LEU_768_A,"PHE_676_A,PHE_704_A,VAL_706_A,VAL_767_A,TRP_769_A"
TRP_769_A,"LEU_684_A,PHE_704_A,LEU_768_A,ASP_770_A,ASP_771_A"
ASP_770_A,"THR_703_A,TRP_769_A,ASP_771_A,ASN_772_A,PHE_774_A"
ASP_771_A,"ARG_688_A,ILE_702_A,TRP_769_A,ASP_770_A,ASN_772_A"
ASN_772_A,"THR_703_A,ASP_770_A,ASP_771_A,ARG_773_A"
ARG_773_A,"ASN_772_A,PHE_774_A"
PHE_774_A,"VAL_586_A,ASP_770_A,ARG_773_A,SER_775_A"
SER_775_A,"PHE_774_A,SER_776_A"
SER_776_A,"ASP_30_A,SER_775_A,ASP_777_A,GLN_780_A"
ASP_777_A,"ASP_30_A,THR_33_A,SER_34_A,ARG_411_A,SER_776_A,GLU_778_A,ILE_781_A"
GLU_778_A,"PRO_584_A,VAL_586_A,ASP_777_A,LEU_779_A,LEU_782_A"
LEU_779_A,"ILE_705_A,PHE_746_A,VAL_767_A,GLU_778_A,GLN_780_A,THR_783_A"
GLN_780_A,"PHE_748_A,SER_776_A,LEU_779_A,ILE_781_A,TYR_784_A"
ILE_781_A,"ASP_777_A,GLN_780_A,LEU_782_A,GLN_785_A"
LEU_782_A,"PHE_587_A,PHE_593_A,GLU_778_A,ILE_781_A,THR_783_A,LEU_786_A"
THR_783_A,"TYR_667_A,TYR_765_A,LEU_779_A,LEU_782_A,TYR_784_A,PRO_800_A"
TYR_784_A,"LEU_413_A,GLN_780_A,THR_783_A,GLN_785_A,HIS_788_A"
GLN_785_A,"GLY_582_A,ILE_781_A,TYR_784_A,LEU_786_A,HIS_788_A"
LEU_786_A,"TYR_667_A,LEU_782_A,GLN_785_A,CYS_787_A,THR_789_A"
CYS_787_A,"LEU_786_A,HIS_788_A"
HIS_788_A,"TYR_784_A,GLN_785_A,CYS_787_A,THR_789_A"
THR_789_A,"LEU_578_A,LEU_786_A,HIS_788_A,TYR_790_A"
TYR_790_A,"THR_789_A,VAL_791_A,ARG_792_A,VAL_797_A,TYR_804_A,TYR_805_A"
VAL_791_A,"TYR_790_A,ARG_792_A,MET_856_A"
ARG_792_A,"LYS_566_A,TYR_790_A,VAL_791_A,CYS_793_A"
CYS_793_A,"ARG_792_A,THR_794_A"
THR_794_A,"TRP_435_A,CYS_793_A,ARG_795_A"
ARG_795_A,"THR_794_A,SER_796_A"
SER_796_A,"SER_752_A,ARG_795_A,VAL_797_A"
VAL_797_A,"SER_752_A,TYR_790_A,SER_796_A,SER_798_A"
SER_798_A,"SER_763_A,VAL_797_A,ILE_799_A"
ILE_799_A,"VAL_707_A,SER_798_A"
PRO_800_A,"THR_783_A,ALA_801_A"
ALA_801_A,"PRO_800_A,TYR_804_A,TYR_805_A"
PRO_802_A,"TYR_625_A,ALA_803_A,ALA_806_A"
ALA_803_A,"PRO_802_A,TYR_804_A"
TYR_804_A,"TYR_790_A,ALA_801_A,ALA_803_A,TYR_805_A"
TYR_805_A,"TYR_625_A,TYR_790_A,ALA_801_A,TYR_804_A,ALA_806_A,LEU_808_A,VAL_809_A,PHE_858_A"
ALA_806_A,"PRO_802_A,TYR_805_A,HIS_807_A"
HIS_807_A,"ASP_597_A,ALA_806_A,LEU_808_A,PHE_811_A"
LEU_808_A,"TYR_805_A,HIS_807_A,VAL_809_A,ARG_812_A"
VAL_809_A,"VAL_615_A,ALA_627_A,TYR_805_A,LEU_808_A,ALA_810_A,ARG_812_A,ALA_813_A,PHE_858_A"
ALA_810_A,"THR_599_A,ALA_613_A,VAL_809_A,PHE_811_A,ALA_813_A"
PHE_811_A,"HIS_807_A,ALA_810_A,ARG_812_A,TYR_815_A"
ARG_812_A,"LYS_533_A,ASP_537_A,LYS_566_A,LYS_570_A,LEU_808_A,VAL_809_A,PHE_811_A,ALA_813_A,HIS_816_A,TYR_857_A"
ALA_813_A,"ILE_611_A,VAL_809_A,ALA_810_A,ARG_812_A,ARG_814_A"
ARG_814_A,"GLU_602_A,GLU_605_A,PRO_609_A,ALA_813_A,TYR_815_A"
TYR_815_A,"TYR_529_A,PHE_811_A,ARG_814_A,HIS_816_A"
HIS_816_A,"ASP_537_A,ARG_812_A,TYR_815_A,LEU_817_A"
LEU_817_A,"HIS_816_A,VAL_818_A"
VAL_818_A,"LEU_817_A,ASP_819_A,LYS_820_A,ARG_837_A"
ASP_819_A,"VAL_818_A,LYS_820_A"
LYS_820_A,"ASP_499_A,GLU_531_A,VAL_818_A,ASP_819_A"
ARG_837_A,"VAL_818_A,ASP_838_A"
ASP_838_A,"ARG_837_A,HIS_839_A"
HIS_839_A,"ASP_838_A,GLN_840_A,ALA_843_A"
GLN_840_A,"HIS_839_A,ALA_841_A"
ALA_841_A,"GLN_840_A,LEU_842_A"
LEU_842_A,"PRO_609_A,ALA_841_A,ALA_843_A,LYS_844_A,ALA_845_A"
ALA_843_A,"HIS_839_A,LEU_842_A,LYS_844_A"
LYS_844_A,"LEU_842_A,ALA_843_A,ALA_845_A"
ALA_845_A,"LEU_842_A,LYS_844_A,VAL_846_A"
VAL_846_A,"ALA_845_A,GLN_847_A"
GLN_847_A,"VAL_846_A,VAL_848_A"
VAL_848_A,"GLN_847_A,HIS_849_A"
HIS_849_A,"LYS_509_A,ASP_537_A,VAL_848_A,GLN_850_A,ASP_851_A,THR_852_A,LEU_853_A"
GLN_850_A,"HIS_849_A,ASP_851_A"
ASP_851_A,"LYS_509_A,HIS_849_A,GLN_850_A,THR_852_A"
THR_852_A,"HIS_849_A,ASP_851_A,LEU_853_A,THR_855_A"
LEU_853_A,"HIS_849_A,THR_852_A,ARG_854_A,THR_855_A"
ARG_854_A,"ARG_624_A,LYS_655_A,SER_656_A,LEU_853_A,THR_855_A"
THR_855_A,"THR_852_A,LEU_853_A,ARG_854_A,MET_856_A"
MET_856_A,"VAL_791_A,THR_855_A,TYR_857_A"
TYR_857_A,"ARG_812_A,MET_856_A,PHE_858_A"
PHE_858_A,"TYR_805_A,VAL_809_A,TYR_857_A,ALA_859_A"
ALA_859_A,"VAL_569_A,PHE_858_A"
