residue_id,neighbors
LYS_129_C,PHE_130_C
PHE_130_C,"LYS_129_C,LYS_131_C"
LYS_131_C,"PHE_130_C,THR_132_C,LEU_134_C,GLU_226_C"
THR_132_C,"LYS_131_C,GLY_133_C,ARG_135_C,ARG_136_C"
GLY_133_C,"THR_132_C,LEU_134_C,LEU_137_C"
LEU_134_C,"LYS_131_C,GLY_133_C,ARG_135_C,LEU_137_C,GLN_138_C"
ARG_135_C,"THR_132_C,LEU_134_C,ARG_136_C,GLN_138_C"
ARG_136_C,"THR_132_C,ARG_135_C,LEU_137_C,ARG_140_C,GLU_189_C"
LEU_137_C,"GLY_133_C,LEU_134_C,ARG_136_C,GLN_138_C,VAL_141_C,GLU_189_C"
GLN_138_C,"LEU_134_C,ARG_135_C,LEU_137_C,HIS_139_C,GLY_142_C"
HIS_139_C,"GLN_138_C,ARG_140_C,GLY_142_C,GLU_143_C"
ARG_140_C,"ARG_136_C,HIS_139_C,VAL_141_C,GLU_143_C,ILE_144_C,GLU_185_C,GLU_189_C"
VAL_141_C,"LEU_137_C,ARG_140_C,GLY_142_C,HIS_145_C,LEU_238_C"
GLY_142_C,"GLN_138_C,HIS_139_C,VAL_141_C,GLU_143_C,LEU_146_C"
GLU_143_C,"HIS_139_C,ARG_140_C,GLY_142_C,ILE_144_C,LEU_147_C"
ILE_144_C,"ARG_140_C,GLU_143_C,HIS_145_C,ARG_148_C,LEU_183_C,GLU_241_C"
HIS_145_C,"VAL_141_C,ILE_144_C,LEU_146_C,ARG_148_C,GLU_149_C,GLU_241_C"
LEU_146_C,"GLY_142_C,HIS_145_C,LEU_147_C,ALA_150_C"
LEU_147_C,"GLU_143_C,LEU_146_C,ARG_148_C"
ARG_148_C,"ILE_144_C,HIS_145_C,LEU_147_C,GLU_149_C,GLU_241_C"
GLU_149_C,"HIS_145_C,ARG_148_C,ALA_150_C,GLU_241_C"
ALA_150_C,"LEU_146_C,GLU_149_C,LEU_151_C"
LEU_151_C,"ALA_150_C,GLN_152_C"
GLN_152_C,"LEU_151_C,LYS_153_C"
LYS_153_C,"GLN_152_C,GLU_177_C"
GLU_177_C,"LYS_153_C,ALA_178_C"
ALA_178_C,"GLU_177_C,LEU_179_C"
LEU_179_C,"ALA_178_C,ALA_180_C,MET_181_C"
ALA_180_C,"LEU_179_C,MET_181_C"
MET_181_C,"LEU_179_C,ALA_180_C,LEU_182_C"
LEU_182_C,"MET_181_C,LEU_183_C,THR_186_C"
LEU_183_C,"ILE_144_C,LEU_182_C,GLN_184_C,THR_187_C,LEU_257_C"
GLN_184_C,"LEU_183_C,GLU_185_C,GLY_188_C"
GLU_185_C,"ARG_140_C,GLN_184_C,THR_186_C,GLY_188_C,GLU_189_C"
THR_186_C,"LEU_182_C,GLU_185_C,THR_187_C,LEU_190_C"
THR_187_C,"LEU_183_C,THR_186_C,GLY_188_C,GLU_191_C"
GLY_188_C,"GLN_184_C,GLU_185_C,THR_187_C,GLU_189_C"
GLU_189_C,"ARG_136_C,LEU_137_C,ARG_140_C,GLU_185_C,GLY_188_C,LEU_190_C,ALA_193_C"
LEU_190_C,"THR_186_C,GLU_189_C,GLU_191_C,LYS_194_C,ILE_234_C"
GLU_191_C,"THR_187_C,LEU_190_C,ALA_192_C,ALA_195_C,ARG_260_C"
ALA_192_C,"GLU_191_C,ALA_193_C"
ALA_193_C,"GLU_189_C,ALA_192_C,LYS_194_C,VAL_197_C"
LYS_194_C,"LEU_190_C,ALA_193_C,ALA_195_C,LEU_198_C"
ALA_195_C,"GLU_191_C,LYS_194_C,LEU_196_C"
LEU_196_C,"ALA_195_C,VAL_197_C,ARG_200_C"
VAL_197_C,"ALA_193_C,LEU_196_C,LEU_198_C,ILE_201_C"
LEU_198_C,"LYS_194_C,VAL_197_C,LYS_199_C,GLN_202_C"
LYS_199_C,"LEU_198_C,ARG_200_C,ILE_203_C"
ARG_200_C,"LEU_196_C,LYS_199_C,ILE_201_C,TRP_204_C,GLU_218_C,ARG_227_C"
ILE_201_C,"VAL_197_C,ARG_200_C,GLN_202_C,TRP_204_C,LYS_205_C,LEU_224_C,LEU_274_C"
GLN_202_C,"LEU_198_C,ILE_201_C,ILE_203_C"
ILE_203_C,"LYS_199_C,GLN_202_C,TRP_204_C,GLN_207_C"
TRP_204_C,"ARG_200_C,ILE_201_C,ILE_203_C,LYS_205_C,GLN_208_C,PHE_217_C,GLU_219_C,LEU_221_C"
LYS_205_C,"ILE_201_C,TRP_204_C,ARG_206_C,GLN_209_C"
ARG_206_C,"LYS_205_C,GLN_207_C,GLN_209_C,LEU_210_C,SER_433_C"
GLN_207_C,"ILE_203_C,ARG_206_C,GLN_208_C,ALA_211_C,PHE_217_C"
GLN_208_C,"TRP_204_C,GLN_207_C,GLN_209_C,PHE_217_C,VAL_275_C,GLU_276_C"
GLN_209_C,"LYS_205_C,ARG_206_C,GLN_208_C,LEU_210_C"
LEU_210_C,"ARG_206_C,GLN_209_C,ALA_211_C"
ALA_211_C,"GLN_207_C,LEU_210_C,GLY_212_C"
GLY_212_C,"ALA_211_C,ASN_213_C"
ASN_213_C,"GLY_212_C,GLY_214_C,LEU_427_C"
GLY_214_C,"ASN_213_C,ALA_215_C"
ALA_215_C,GLY_214_C
PRO_216_C,PHE_217_C
PHE_217_C,"TRP_204_C,GLN_207_C,GLN_208_C,PRO_216_C,GLU_218_C,GLU_219_C"
GLU_218_C,"ARG_200_C,PHE_217_C,GLU_219_C"
GLU_219_C,"TRP_204_C,PHE_217_C,GLU_218_C,SER_220_C"
SER_220_C,"GLU_219_C,LEU_221_C"
LEU_221_C,"TRP_204_C,SER_220_C,ALA_222_C,GLN_225_C"
ALA_222_C,"LEU_221_C,GLU_226_C"
PRO_223_C,"LEU_224_C,ARG_227_C"
LEU_224_C,"ILE_201_C,PRO_223_C,GLN_225_C,CYS_228_C"
GLN_225_C,"LEU_221_C,LEU_224_C,GLU_226_C,GLU_229_C,LEU_296_C"
GLU_226_C,"LYS_131_C,ALA_222_C,GLN_225_C,ARG_227_C,SER_230_C"
ARG_227_C,"ARG_200_C,PRO_223_C,GLU_226_C,CYS_228_C,LEU_231_C"
CYS_228_C,"LEU_224_C,ARG_227_C,GLU_229_C,VAL_232_C,LEU_297_C"
GLU_229_C,"GLN_225_C,CYS_228_C,SER_230_C,ASP_233_C,ARG_300_C"
SER_230_C,"GLU_226_C,GLU_229_C,LEU_231_C,ILE_234_C"
LEU_231_C,"ARG_227_C,SER_230_C,VAL_232_C,TYR_235_C"
VAL_232_C,"CYS_228_C,LEU_231_C,ASP_233_C,SER_236_C,LEU_268_C,LEU_297_C,ARG_300_C"
ASP_233_C,"GLU_229_C,VAL_232_C,ILE_234_C,SER_236_C,ARG_300_C"
ILE_234_C,"LEU_190_C,SER_230_C,ASP_233_C,TYR_235_C,LEU_238_C"
TYR_235_C,"LEU_231_C,ILE_234_C,SER_236_C,GLN_239_C,LEU_261_C"
SER_236_C,"VAL_232_C,ASP_233_C,TYR_235_C,GLN_237_C,GLN_240_C"
GLN_237_C,"SER_236_C,LEU_238_C,GLU_241_C"
LEU_238_C,"VAL_141_C,ILE_234_C,GLN_237_C,GLN_239_C,GLU_241_C,VAL_242_C"
GLN_239_C,"TYR_235_C,LEU_238_C,GLN_240_C,ASP_262_C"
GLN_240_C,"SER_236_C,GLN_239_C,GLU_241_C"
GLU_241_C,"ILE_144_C,HIS_145_C,ARG_148_C,GLU_149_C,GLN_237_C,LEU_238_C,GLN_240_C,VAL_242_C"
VAL_242_C,"LEU_238_C,GLU_241_C,GLY_243_C,ALA_244_C"
GLY_243_C,"VAL_242_C,ALA_244_C"
ALA_244_C,"VAL_242_C,GLY_243_C,ALA_245_C"
ALA_245_C,"ALA_244_C,GLY_246_C"
GLY_246_C,ALA_245_C
THR_253_C,ARG_254_C
ARG_254_C,"THR_253_C,ALA_255_C,LEU_257_C"
ALA_255_C,"ARG_254_C,SER_256_C,GLY_259_C"
SER_256_C,"ALA_255_C,LEU_257_C,ARG_260_C"
LEU_257_C,"LEU_183_C,ARG_254_C,SER_256_C,THR_258_C,LEU_261_C"
THR_258_C,"LEU_257_C,GLY_259_C,ASP_262_C"
GLY_259_C,"ALA_255_C,THR_258_C,ARG_260_C"
ARG_260_C,"GLU_191_C,SER_256_C,GLY_259_C,LEU_261_C,VAL_264_C"
LEU_261_C,"TYR_235_C,LEU_257_C,ARG_260_C,ASP_262_C,LEU_265_C"
ASP_262_C,"GLN_239_C,THR_258_C,LEU_261_C,GLU_263_C,ARG_266_C"
GLU_263_C,"ASP_262_C,VAL_264_C,ARG_266_C,THR_267_C"
VAL_264_C,"ARG_260_C,GLU_263_C,LEU_265_C,THR_267_C,LEU_268_C"
LEU_265_C,"LEU_261_C,VAL_264_C,ARG_266_C,VAL_269_C"
ARG_266_C,"ASP_262_C,GLU_263_C,LEU_265_C,THR_267_C,THR_270_C"
THR_267_C,"GLU_263_C,VAL_264_C,ARG_266_C,LEU_268_C,SER_271_C"
LEU_268_C,"VAL_232_C,VAL_264_C,THR_267_C,VAL_269_C,CYS_272_C,LEU_297_C"
VAL_269_C,"LEU_265_C,LEU_268_C,THR_270_C,CYS_272_C,PHE_295_C,LEU_297_C,PHE_301_C"
THR_270_C,"ARG_266_C,VAL_269_C,SER_271_C"
SER_271_C,"THR_267_C,THR_270_C,CYS_272_C"
CYS_272_C,"LEU_268_C,VAL_269_C,SER_271_C,PHE_273_C"
PHE_273_C,"CYS_272_C,LEU_274_C,VAL_293_C,ALA_405_C"
LEU_274_C,"ILE_201_C,PHE_273_C,VAL_275_C,ARG_294_C"
VAL_275_C,"GLN_208_C,LEU_274_C,GLU_276_C,PHE_388_C"
GLU_276_C,"GLN_208_C,VAL_275_C,LYS_277_C,GLY_292_C,ARG_294_C"
LYS_277_C,"GLU_276_C,GLN_278_C,GLY_292_C"
GLN_278_C,"LYS_277_C,LEU_408_C"
PRO_280_C,"GLN_281_C,PHE_289_C"
GLN_281_C,"PRO_280_C,VAL_282_C,VAL_411_C,ILE_426_C,ASN_430_C"
VAL_282_C,"GLN_281_C,LEU_283_C,ILE_413_C,ALA_422_C"
LEU_283_C,"VAL_282_C,LYS_284_C,PHE_289_C,VAL_411_C,ILE_413_C"
LYS_284_C,"LEU_283_C,THR_285_C,THR_287_C"
THR_285_C,"LYS_284_C,GLN_286_C,LEU_365_C,ILE_413_C"
GLN_286_C,"THR_285_C,THR_287_C"
THR_287_C,"LYS_284_C,GLN_286_C,LYS_288_C"
LYS_288_C,"THR_287_C,PHE_289_C,LEU_364_C"
PHE_289_C,"PRO_280_C,LEU_283_C,LYS_288_C,GLN_290_C,ILE_340_C,LEU_363_C"
GLN_290_C,"PHE_289_C,ALA_291_C"
ALA_291_C,"GLN_290_C,GLY_292_C,PHE_360_C,PHE_388_C"
GLY_292_C,"GLU_276_C,LYS_277_C,ALA_291_C,VAL_293_C"
VAL_293_C,"PHE_273_C,GLY_292_C,ARG_294_C,ALA_358_C,PHE_388_C"
ARG_294_C,"LEU_274_C,GLU_276_C,VAL_293_C,PHE_295_C"
PHE_295_C,"VAL_269_C,ARG_294_C,LEU_296_C,CYS_356_C"
LEU_296_C,"GLN_225_C,PHE_295_C,LEU_297_C"
LEU_297_C,"CYS_228_C,VAL_232_C,LEU_268_C,VAL_269_C,LEU_296_C,GLY_298_C"
GLY_298_C,"LEU_297_C,LEU_299_C"
LEU_299_C,"GLY_298_C,ARG_300_C"
ARG_300_C,"GLU_229_C,VAL_232_C,ASP_233_C,LEU_299_C,PHE_301_C"
PHE_301_C,"VAL_269_C,ARG_300_C,LEU_302_C,PHE_392_C"
LEU_302_C,"PHE_301_C,GLY_303_C"
GLY_303_C,"LEU_302_C,ALA_304_C"
ALA_304_C,GLY_303_C
PRO_305_C,ALA_306_C
ALA_306_C,"PRO_305_C,LYS_307_C"
LYS_307_C,ALA_306_C
PRO_309_C,LEU_310_C
LEU_310_C,"PRO_309_C,VAL_311_C"
VAL_311_C,"LEU_310_C,ARG_312_C,VAL_345_C,ALA_358_C,PHE_360_C,PHE_388_C"
ARG_312_C,"VAL_311_C,ALA_313_C,ASP_314_C,SER_389_C"
ALA_313_C,"ARG_312_C,ASP_314_C,ASN_343_C"
ASP_314_C,"ARG_312_C,ALA_313_C,MET_315_C,GLU_339_C,LEU_387_C"
MET_315_C,"ASP_314_C,VAL_316_C,LEU_365_C"
VAL_316_C,"MET_315_C,THR_317_C,ALA_385_C"
THR_317_C,"VAL_316_C,GLU_318_C,GLN_320_C"
GLU_318_C,"THR_317_C,LYS_319_C,ARG_322_C,PHE_440_C"
LYS_319_C,"GLU_318_C,GLN_320_C,ARG_322_C"
GLN_320_C,"THR_317_C,LYS_319_C,ALA_321_C"
ALA_321_C,"GLN_320_C,ARG_322_C,PRO_439_C,PHE_440_C"
ARG_322_C,"GLU_318_C,LYS_319_C,ALA_321_C,GLU_323_C"
GLU_323_C,ARG_322_C
THR_337_C,GLY_338_C
GLY_338_C,"THR_337_C,GLU_339_C"
GLU_339_C,"ASP_314_C,GLY_338_C,ILE_340_C,LYS_367_C"
ILE_340_C,"PHE_289_C,GLU_339_C,ILE_341_C,ASN_343_C,LEU_363_C"
ILE_341_C,"ILE_340_C,ASN_342_C,LEU_364_C,LYS_366_C"
ASN_342_C,"ILE_341_C,ASN_343_C,ASN_362_C"
ASN_343_C,"ALA_313_C,ILE_340_C,ASN_342_C,THR_344_C"
THR_344_C,"ASN_343_C,VAL_345_C"
VAL_345_C,"VAL_311_C,THR_344_C,PHE_360_C"
PRO_346_C,LEU_347_C
LEU_347_C,"PRO_346_C,GLU_348_C"
GLU_348_C,"LEU_347_C,ASN_349_C,SER_357_C"
ASN_349_C,"GLU_348_C,SER_350_C"
SER_350_C,"ASN_349_C,ILE_351_C,PRO_352_C,CYS_355_C"
ILE_351_C,SER_350_C
PRO_352_C,"SER_350_C,GLY_353_C"
GLY_353_C,"PRO_352_C,ASN_354_C"
ASN_354_C,"GLY_353_C,CYS_355_C"
CYS_355_C,"SER_350_C,ASN_354_C,CYS_356_C"
CYS_356_C,"PHE_295_C,CYS_355_C,SER_357_C"
SER_357_C,"GLU_348_C,CYS_356_C,ALA_358_C"
ALA_358_C,"VAL_293_C,VAL_311_C,SER_357_C,LEU_359_C"
LEU_359_C,"ALA_358_C,PHE_360_C"
PHE_360_C,"ALA_291_C,VAL_311_C,VAL_345_C,LEU_359_C,LYS_361_C,LEU_363_C,PHE_388_C"
LYS_361_C,"PHE_360_C,ASN_362_C"
ASN_362_C,"ASN_342_C,LYS_361_C,LEU_363_C"
LEU_363_C,"PHE_289_C,ILE_340_C,PHE_360_C,ASN_362_C,LEU_364_C"
LEU_364_C,"LYS_288_C,ILE_341_C,LEU_363_C,LEU_365_C"
LEU_365_C,"THR_285_C,MET_315_C,LEU_364_C,LYS_366_C"
LYS_366_C,"ILE_341_C,LEU_365_C,LYS_367_C"
LYS_367_C,"GLU_339_C,LYS_366_C,ILE_368_C"
ILE_368_C,"LYS_367_C,LYS_369_C"
LYS_369_C,"ILE_368_C,ARG_370_C"
ARG_370_C,"LYS_369_C,CYS_371_C,GLU_382_C,VAL_412_C"
CYS_371_C,ARG_370_C
SER_378_C,"VAL_379_C,GLU_381_C"
VAL_379_C,"SER_378_C,THR_380_C"
THR_380_C,"VAL_379_C,GLU_381_C,THR_425_C"
GLU_381_C,"SER_378_C,THR_380_C,GLU_382_C,LYS_504_C"
GLU_382_C,"ARG_370_C,GLU_381_C,LYS_383_C"
LYS_383_C,"GLU_382_C,CYS_384_C,ASP_429_C,ARG_437_C"
CYS_384_C,"LYS_383_C,ALA_385_C,LEU_410_C"
ALA_385_C,"VAL_316_C,CYS_384_C,VAL_386_C,PHE_440_C"
VAL_386_C,"ALA_385_C,LEU_387_C,PHE_388_C"
LEU_387_C,"ASP_314_C,VAL_386_C,PHE_388_C"
PHE_388_C,"VAL_275_C,ALA_291_C,VAL_293_C,VAL_311_C,PHE_360_C,VAL_386_C,LEU_387_C,SER_389_C,ALA_405_C"
SER_389_C,"ARG_312_C,PHE_388_C,ALA_390_C"
ALA_390_C,"SER_389_C,SER_391_C,GLN_402_C,LEU_403_C"
SER_391_C,"ALA_390_C,PHE_392_C"
PHE_392_C,"PHE_301_C,SER_391_C,THR_393_C,ILE_401_C"
THR_393_C,"PHE_392_C,LEU_394_C"
LEU_394_C,"THR_393_C,GLY_395_C,ILE_401_C"
GLY_395_C,LEU_394_C
PRO_400_C,ILE_401_C
ILE_401_C,"PHE_392_C,LEU_394_C,PRO_400_C,GLN_402_C"
GLN_402_C,"ALA_390_C,ILE_401_C,LEU_403_C"
LEU_403_C,"ALA_390_C,GLN_402_C,GLN_404_C"
GLN_404_C,"LEU_403_C,ALA_405_C"
ALA_405_C,"PHE_273_C,PHE_388_C,GLN_404_C,LEU_406_C"
LEU_406_C,"ALA_405_C,SER_407_C"
SER_407_C,"LEU_406_C,LEU_408_C"
LEU_408_C,"GLN_278_C,SER_407_C"
PRO_409_C,"LEU_410_C,PHE_440_C"
LEU_410_C,"CYS_384_C,PRO_409_C,VAL_411_C"
VAL_411_C,"GLN_281_C,LEU_283_C,LEU_410_C,VAL_412_C,ALA_422_C"
VAL_412_C,"ARG_370_C,VAL_411_C,ILE_413_C"
ILE_413_C,"VAL_282_C,LEU_283_C,THR_285_C,VAL_412_C,VAL_414_C"
VAL_414_C,"ILE_413_C,HIS_415_C,GLN_418_C"
HIS_415_C,"VAL_414_C,GLY_416_C"
GLY_416_C,"HIS_415_C,ASN_417_C,ASP_419_C"
ASN_417_C,"GLY_416_C,GLN_418_C"
GLN_418_C,"VAL_414_C,ASN_417_C,ASP_419_C,ASN_421_C,ALA_422_C"
ASP_419_C,"GLY_416_C,GLN_418_C,ASN_420_C,ALA_422_C,LYS_423_C"
ASN_420_C,"ASP_419_C,ASN_421_C,TRP_515_C"
ASN_421_C,"GLN_418_C,ASN_420_C,ALA_422_C,ALA_424_C"
ALA_422_C,"VAL_282_C,VAL_411_C,GLN_418_C,ASP_419_C,ASN_421_C,LYS_423_C,THR_425_C"
LYS_423_C,"ASP_419_C,ALA_422_C,ALA_424_C,ILE_426_C,LEU_427_C,LYS_458_C,GLU_462_C,ASP_519_C"
ALA_424_C,"ASN_421_C,LYS_423_C,THR_425_C,LEU_427_C,TRP_428_C,TRP_515_C"
THR_425_C,"THR_380_C,ALA_422_C,ALA_424_C,ILE_426_C,TRP_428_C,ASP_429_C"
ILE_426_C,"GLN_281_C,LYS_423_C,THR_425_C,LEU_427_C,ASP_429_C,ASN_430_C"
LEU_427_C,"ASN_213_C,LYS_423_C,ALA_424_C,ILE_426_C,TRP_428_C,PHE_502_C,TRP_515_C"
TRP_428_C,"ALA_424_C,THR_425_C,LEU_427_C,ASP_429_C,PHE_432_C,ALA_443_C,VAL_446_C,MET_451_C,TRP_499_C"
ASP_429_C,"LYS_383_C,THR_425_C,ILE_426_C,TRP_428_C,ASN_430_C,SER_433_C,ARG_437_C"
ASN_430_C,"GLN_281_C,ILE_426_C,ASP_429_C,ALA_431_C"
ALA_431_C,"ASN_430_C,PHE_432_C,SER_433_C"
PHE_432_C,"TRP_428_C,ALA_431_C,SER_433_C,MET_451_C"
SER_433_C,"ARG_206_C,ASP_429_C,ALA_431_C,PHE_432_C,GLU_434_C"
GLU_434_C,"SER_433_C,MET_435_C,ASP_436_C"
MET_435_C,"GLU_434_C,ASP_436_C"
ASP_436_C,"GLU_434_C,MET_435_C,ARG_437_C"
ARG_437_C,"LYS_383_C,ASP_429_C,ASP_436_C,VAL_438_C"
VAL_438_C,"ARG_437_C,VAL_441_C"
PRO_439_C,"ALA_321_C,PHE_440_C"
PHE_440_C,"GLU_318_C,ALA_321_C,ALA_385_C,PRO_409_C,PRO_439_C,VAL_441_C"
VAL_441_C,"VAL_438_C,PHE_440_C,VAL_442_C"
VAL_442_C,"VAL_441_C,ALA_443_C"
ALA_443_C,"TRP_428_C,VAL_442_C,GLU_444_C"
GLU_444_C,"ALA_443_C,ARG_445_C,TRP_499_C"
ARG_445_C,"GLU_444_C,VAL_446_C"
VAL_446_C,"TRP_428_C,ARG_445_C,VAL_497_C"
PRO_447_C,TRP_448_C
TRP_448_C,"PRO_447_C,GLU_449_C,CYS_452_C,ALA_478_C,ILE_481_C"
GLU_449_C,"TRP_448_C,LYS_450_C,GLU_453_C,GLN_493_C"
LYS_450_C,"GLU_449_C,MET_451_C,THR_454_C"
MET_451_C,"TRP_428_C,PHE_432_C,LYS_450_C,CYS_452_C,LEU_455_C,PHE_502_C"
CYS_452_C,"TRP_448_C,MET_451_C,GLU_453_C,ASN_456_C,PHE_474_C"
GLU_453_C,"GLU_449_C,CYS_452_C,THR_454_C,LEU_457_C"
THR_454_C,"LYS_450_C,GLU_453_C,LEU_455_C,LYS_458_C"
LEU_455_C,"MET_451_C,THR_454_C,ASN_456_C,PHE_459_C,PHE_518_C"
ASN_456_C,"CYS_452_C,LEU_455_C,LEU_457_C,MET_460_C,LEU_469_C,PHE_474_C"
LEU_457_C,"GLU_453_C,ASN_456_C,LYS_458_C,ALA_461_C"
LYS_458_C,"LYS_423_C,THR_454_C,LEU_457_C,PHE_459_C,GLU_462_C"
PHE_459_C,"LEU_455_C,LYS_458_C,MET_460_C,VAL_463_C,LEU_522_C,TRP_533_C"
MET_460_C,"ASN_456_C,PHE_459_C,ALA_461_C,GLY_464_C"
ALA_461_C,"LEU_457_C,MET_460_C,GLU_462_C"
GLU_462_C,"LYS_423_C,LYS_458_C,ALA_461_C,VAL_463_C,ASP_519_C"
VAL_463_C,"PHE_459_C,GLU_462_C,GLY_464_C"
GLY_464_C,"MET_460_C,VAL_463_C,THR_465_C,ARG_530_C"
THR_465_C,"GLY_464_C,ASN_466_C,ARG_467_C,SER_534_C"
ASN_466_C,"THR_465_C,ARG_467_C"
ARG_467_C,"THR_465_C,ASN_466_C,GLY_468_C,TRP_533_C,SER_534_C,ARG_536_C"
GLY_468_C,"ARG_467_C,LEU_469_C"
LEU_469_C,"ASN_456_C,GLY_468_C,LEU_470_C,PHE_474_C,PHE_541_C"
LEU_470_C,"LEU_469_C,HIS_473_C"
PRO_471_C,"GLU_472_C,LEU_475_C,MET_489_C"
GLU_472_C,"PRO_471_C,HIS_473_C,LEU_475_C,PHE_476_C"
HIS_473_C,"LEU_470_C,GLU_472_C,PHE_474_C,LEU_477_C"
PHE_474_C,"CYS_452_C,ASN_456_C,LEU_469_C,HIS_473_C,LEU_475_C,ALA_478_C"
LEU_475_C,"PRO_471_C,GLU_472_C,PHE_474_C,PHE_476_C,GLN_479_C,LEU_487_C,PHE_492_C"
PHE_476_C,"GLU_472_C,LEU_475_C,LEU_477_C,ILE_542_C,TYR_546_C"
LEU_477_C,"HIS_473_C,PHE_476_C,ALA_478_C,ILE_481_C,PHE_541_C"
ALA_478_C,"TRP_448_C,PHE_474_C,LEU_477_C,GLN_479_C,PHE_482_C,PHE_492_C"
GLN_479_C,"LEU_475_C,ALA_478_C,LYS_480_C,ASN_483_C"
LYS_480_C,"GLN_479_C,ILE_481_C,ARG_510_C,ASP_565_C"
ILE_481_C,"TRP_448_C,LEU_477_C,LYS_480_C,PHE_482_C,VAL_497_C,PHE_514_C"
PHE_482_C,"ALA_478_C,ILE_481_C,ASN_483_C,PHE_492_C"
ASN_483_C,"GLN_479_C,PHE_482_C,ASP_484_C"
ASP_484_C,"ASN_483_C,ASN_485_C,SER_486_C,ARG_495_C"
ASN_485_C,"ASP_484_C,SER_486_C"
SER_486_C,"ASP_484_C,ASN_485_C,LEU_487_C"
LEU_487_C,"LEU_475_C,SER_486_C,SER_488_C"
SER_488_C,"LEU_487_C,MET_489_C"
MET_489_C,"PRO_471_C,SER_488_C,GLU_490_C"
GLU_490_C,"MET_489_C,ALA_491_C"
ALA_491_C,"GLU_490_C,PHE_492_C"
PHE_492_C,"LEU_475_C,ALA_478_C,PHE_482_C,ALA_491_C,GLN_493_C,ARG_495_C"
GLN_493_C,"GLU_449_C,PHE_492_C,HIS_494_C"
HIS_494_C,"GLN_493_C,ARG_495_C"
ARG_495_C,"ASP_484_C,PHE_492_C,HIS_494_C,SER_496_C"
SER_496_C,"ARG_495_C,VAL_497_C"
VAL_497_C,"VAL_446_C,ILE_481_C,SER_496_C,SER_498_C"
SER_498_C,"VAL_497_C,TRP_499_C,PHE_502_C"
TRP_499_C,"TRP_428_C,GLU_444_C,SER_498_C,SER_500_C,ASN_503_C"
SER_500_C,"TRP_499_C,GLN_501_C,LYS_504_C,GLU_505_C"
GLN_501_C,"SER_500_C,PHE_502_C"
PHE_502_C,"LEU_427_C,MET_451_C,SER_498_C,GLN_501_C,ASN_503_C,TRP_515_C"
ASN_503_C,"TRP_499_C,PHE_502_C,LYS_504_C,THR_513_C"
LYS_504_C,"GLU_381_C,SER_500_C,ASN_503_C,GLU_505_C"
GLU_505_C,"SER_500_C,LYS_504_C,ILE_506_C"
ILE_506_C,"GLU_505_C,LEU_507_C"
LEU_507_C,"ILE_506_C,LEU_508_C"
LEU_508_C,"LEU_507_C,GLY_509_C"
GLY_509_C,"LEU_508_C,ARG_510_C"
ARG_510_C,"LYS_480_C,GLY_509_C,GLY_511_C,LYS_544_C,ASP_565_C"
GLY_511_C,"ARG_510_C,PHE_512_C"
PHE_512_C,"GLY_511_C,THR_513_C,TRP_517_C,ILE_568_C"
THR_513_C,"ASN_503_C,PHE_512_C,PHE_514_C,GLN_516_C"
PHE_514_C,"ILE_481_C,THR_513_C,TRP_515_C,PHE_518_C"
TRP_515_C,"ASN_420_C,ALA_424_C,LEU_427_C,PHE_502_C,PHE_514_C,GLN_516_C,ASP_519_C"
GLN_516_C,"THR_513_C,TRP_515_C,TRP_517_C,GLY_520_C"
TRP_517_C,"PHE_512_C,GLN_516_C,PHE_518_C,VAL_521_C,SER_564_C"
PHE_518_C,"LEU_455_C,PHE_514_C,TRP_517_C,ASP_519_C,LEU_522_C"
ASP_519_C,"LYS_423_C,GLU_462_C,TRP_515_C,PHE_518_C,GLY_520_C,ASP_523_C"
GLY_520_C,"GLN_516_C,ASP_519_C,VAL_521_C,LEU_524_C"
VAL_521_C,"TRP_517_C,GLY_520_C,LEU_522_C,THR_525_C,PHE_563_C"
LEU_522_C,"PHE_459_C,PHE_518_C,VAL_521_C,ASP_523_C,LYS_526_C"
ASP_523_C,"ASP_519_C,LEU_522_C,LEU_524_C,ARG_527_C"
LEU_524_C,"GLY_520_C,ASP_523_C,THR_525_C,CYS_528_C"
THR_525_C,"VAL_521_C,LEU_524_C,LYS_526_C"
LYS_526_C,"LEU_522_C,THR_525_C,ARG_527_C"
ARG_527_C,"ASP_523_C,LYS_526_C,CYS_528_C"
CYS_528_C,"LEU_524_C,ARG_527_C,LEU_529_C"
LEU_529_C,"CYS_528_C,ARG_530_C,TRP_533_C,LEU_597_C,LEU_602_C"
ARG_530_C,"GLY_464_C,LEU_529_C,SER_531_C,SER_534_C"
SER_531_C,"ARG_530_C,TYR_532_C"
TYR_532_C,"SER_531_C,TRP_533_C,GLY_603_C,HIS_628_C"
TRP_533_C,"PHE_459_C,ARG_467_C,LEU_529_C,TYR_532_C,SER_534_C,ARG_536_C,ILE_538_C"
SER_534_C,"THR_465_C,ARG_467_C,ARG_530_C,TRP_533_C,ASP_535_C"
ASP_535_C,"SER_534_C,ARG_536_C,LEU_537_C,HIS_628_C"
ARG_536_C,"ARG_467_C,TRP_533_C,ASP_535_C,LEU_537_C"
LEU_537_C,"ASP_535_C,ARG_536_C,ILE_538_C,PHE_625_C"
ILE_538_C,"TRP_533_C,LEU_537_C,ILE_539_C"
ILE_539_C,"ILE_538_C,GLY_540_C,PHE_541_C,ILE_542_C"
GLY_540_C,"ILE_539_C,PHE_541_C,PHE_563_C"
PHE_541_C,"LEU_469_C,LEU_477_C,ILE_539_C,GLY_540_C,ILE_542_C"
ILE_542_C,"PHE_476_C,ILE_539_C,PHE_541_C,SER_543_C,TYR_546_C,VAL_547_C"
SER_543_C,"ILE_542_C,LYS_544_C"
LYS_544_C,"ARG_510_C,SER_543_C,GLN_545_C,THR_548_C,ARG_562_C,ASP_565_C"
GLN_545_C,"LYS_544_C,TYR_546_C,THR_548_C,SER_549_C"
TYR_546_C,"PHE_476_C,ILE_542_C,GLN_545_C,VAL_547_C,LEU_550_C"
VAL_547_C,"ILE_542_C,TYR_546_C,THR_548_C,LEU_551_C,LEU_560_C"
THR_548_C,"LYS_544_C,GLN_545_C,VAL_547_C,SER_549_C,LEU_552_C,ILE_586_C"
SER_549_C,"GLN_545_C,THR_548_C,LEU_550_C"
LEU_550_C,"TYR_546_C,SER_549_C,LEU_551_C,TYR_616_C"
LEU_551_C,"VAL_547_C,LEU_550_C,LEU_552_C,LEU_560_C"
LEU_552_C,"THR_548_C,LEU_551_C,ASN_553_C"
ASN_553_C,"LEU_552_C,GLU_554_C"
GLU_554_C,"ASN_553_C,LYS_618_C"
PRO_555_C,ASP_556_C
ASP_556_C,"PRO_555_C,GLY_557_C,LYS_613_C"
GLY_557_C,"ASP_556_C,THR_558_C,VAL_576_C,LYS_613_C"
THR_558_C,"GLY_557_C,PHE_559_C"
PHE_559_C,"THR_558_C,LEU_560_C,LEU_561_C,HIS_575_C,LEU_612_C,ASN_614_C,TYR_616_C"
LEU_560_C,"VAL_547_C,LEU_551_C,PHE_559_C,LEU_561_C,ALA_574_C"
LEU_561_C,"PHE_559_C,LEU_560_C,ARG_562_C,LEU_602_C,LEU_615_C"
ARG_562_C,"LYS_544_C,LEU_561_C,PHE_563_C,ASP_565_C,THR_572_C"
PHE_563_C,"VAL_521_C,GLY_540_C,ARG_562_C,SER_564_C"
SER_564_C,"TRP_517_C,PHE_563_C,ASP_565_C,GLY_570_C"
ASP_565_C,"LYS_480_C,ARG_510_C,LYS_544_C,ARG_562_C,SER_564_C,SER_566_C"
SER_566_C,"ASP_565_C,GLU_567_C"
GLU_567_C,"SER_566_C,ILE_568_C"
ILE_568_C,"PHE_512_C,GLU_567_C,GLY_569_C"
GLY_569_C,"ILE_568_C,GLY_570_C"
GLY_570_C,"SER_564_C,GLY_569_C,ILE_571_C"
ILE_571_C,"GLY_570_C,THR_572_C,PHE_592_C"
THR_572_C,"ARG_562_C,ILE_571_C,ILE_573_C,ILE_589_C"
ILE_573_C,"THR_572_C,ALA_574_C,ILE_589_C"
ALA_574_C,"LEU_560_C,ILE_573_C,HIS_575_C"
HIS_575_C,"PHE_559_C,ALA_574_C,VAL_576_C,GLU_587_C,LEU_612_C"
VAL_576_C,"GLY_557_C,HIS_575_C,ILE_577_C,ILE_586_C"
ILE_577_C,"VAL_576_C,GLN_585_C"
GLY_582_C,SER_583_C
SER_583_C,GLY_582_C
PRO_584_C,GLN_585_C
GLN_585_C,"ILE_577_C,PRO_584_C,ILE_586_C"
ILE_586_C,"THR_548_C,VAL_576_C,GLN_585_C,GLU_587_C"
GLU_587_C,"HIS_575_C,ILE_586_C,ASN_588_C"
ASN_588_C,"GLU_587_C,ILE_589_C"
ILE_589_C,"THR_572_C,ILE_573_C,ASN_588_C,GLN_590_C"
GLN_590_C,ILE_589_C
PRO_591_C,PHE_592_C
PHE_592_C,"ILE_571_C,PRO_591_C,SER_593_C,LEU_597_C,MET_648_C"
SER_593_C,"PHE_592_C,ALA_594_C,ASP_596_C"
ALA_594_C,"SER_593_C,LYS_595_C,SER_598_C"
LYS_595_C,"ALA_594_C,ASP_596_C,SER_598_C,ILE_599_C"
ASP_596_C,"SER_593_C,LYS_595_C,LEU_597_C,ARG_605_C"
LEU_597_C,"LEU_529_C,PHE_592_C,ASP_596_C,SER_598_C"
SER_598_C,"ALA_594_C,LYS_595_C,LEU_597_C,ILE_599_C"
ILE_599_C,"LYS_595_C,SER_598_C,ARG_600_C"
ARG_600_C,"ILE_599_C,SER_601_C,ASP_604_C,ARG_605_C,ARG_607_C,ASP_608_C,ILE_646_C"
SER_601_C,"ARG_600_C,LEU_602_C,ASP_604_C"
LEU_602_C,"LEU_529_C,LEU_561_C,SER_601_C,GLY_603_C,ILE_606_C"
GLY_603_C,"TYR_532_C,LEU_602_C,ASP_604_C,ARG_607_C"
ASP_604_C,"ARG_600_C,SER_601_C,GLY_603_C,ARG_605_C,ARG_607_C,ASP_608_C"
ARG_605_C,"ASP_596_C,ARG_600_C,ASP_604_C,ILE_606_C"
ILE_606_C,"LEU_602_C,ARG_605_C,ARG_607_C,PHE_625_C"
ARG_607_C,"ARG_600_C,GLY_603_C,ASP_604_C,ILE_606_C,ASP_608_C,TYR_629_C"
ASP_608_C,"ARG_600_C,ASP_604_C,ARG_607_C,LEU_609_C,LYS_647_C,MET_648_C"
LEU_609_C,"ASP_608_C,ALA_610_C,LYS_621_C,MET_648_C,VAL_650_C"
ALA_610_C,"LEU_609_C,GLN_611_C"
GLN_611_C,"ALA_610_C,LEU_612_C"
LEU_612_C,"PHE_559_C,HIS_575_C,GLN_611_C,LYS_613_C,LYS_621_C"
LYS_613_C,"ASP_556_C,GLY_557_C,LEU_612_C,ASN_614_C"
ASN_614_C,"PHE_559_C,LYS_613_C,LEU_615_C"
LEU_615_C,"LEU_561_C,ASN_614_C,TYR_616_C,LYS_619_C"
TYR_616_C,"LEU_550_C,PHE_559_C,LEU_615_C"
PRO_617_C,"LYS_618_C,LYS_619_C"
LYS_618_C,"GLU_554_C,PRO_617_C,LYS_619_C"
LYS_619_C,"LEU_615_C,PRO_617_C,LYS_618_C"
PRO_620_C,LYS_621_C
LYS_621_C,"LEU_609_C,LEU_612_C,PRO_620_C,ASP_622_C"
ASP_622_C,"LYS_621_C,GLU_623_C"
GLU_623_C,"ASP_622_C,ALA_624_C"
ALA_624_C,"GLU_623_C,PHE_625_C"
PHE_625_C,"LEU_537_C,ILE_606_C,ALA_624_C,ARG_626_C,TYR_629_C"
ARG_626_C,"PHE_625_C,SER_627_C"
SER_627_C,"ARG_626_C,HIS_628_C"
HIS_628_C,"TYR_532_C,ASP_535_C,SER_627_C,TYR_629_C"
TYR_629_C,"ARG_607_C,PHE_625_C,HIS_628_C,LYS_630_C"
LYS_630_C,TYR_629_C
PRO_631_C,GLU_632_C
GLU_632_C,"PRO_631_C,GLN_633_C"
GLN_633_C,"GLU_632_C,MET_634_C"
MET_634_C,"GLN_633_C,GLY_635_C"
GLY_635_C,"MET_634_C,GLY_638_C"
GLY_638_C,"GLY_635_C,ARG_639_C"
ARG_639_C,"GLY_638_C,GLY_640_C"
GLY_640_C,ARG_639_C
PRO_643_C,ALA_644_C
ALA_644_C,"PRO_643_C,THR_645_C"
THR_645_C,"ALA_644_C,ILE_646_C"
ILE_646_C,"ARG_600_C,THR_645_C,LYS_647_C"
LYS_647_C,"ASP_608_C,ILE_646_C,MET_648_C"
MET_648_C,"PHE_592_C,ASP_608_C,LEU_609_C,LYS_647_C,THR_649_C"
THR_649_C,"MET_648_C,VAL_650_C"
VAL_650_C,"LEU_609_C,THR_649_C,GLU_651_C"
GLU_651_C,VAL_650_C
