residue_id,neighbors
ALA_99_A,ALA_100_A
ALA_100_A,"ALA_99_A,GLY_101_A"
GLY_101_A,"ALA_100_A,SER_102_A"
SER_102_A,"GLY_101_A,ILE_103_A,LEU_106_A"
ILE_103_A,"SER_102_A,ASN_104_A,TYR_272_A"
ASN_104_A,"ILE_103_A,THR_105_A,GLN_108_A"
THR_105_A,"ASN_104_A,LEU_106_A,ALA_109_A"
LEU_106_A,"SER_102_A,THR_105_A,ALA_107_A"
ALA_107_A,"LEU_106_A,GLN_108_A"
GLN_108_A,"ASN_104_A,ALA_107_A,ALA_109_A,VAL_111_A,ARG_112_A"
ALA_109_A,"THR_105_A,GLN_108_A,GLU_110_A"
GLU_110_A,"ALA_109_A,VAL_111_A,ARG_114_A,ASP_233_A,LYS_240_A"
VAL_111_A,"GLN_108_A,GLU_110_A,ARG_112_A,ARG_114_A"
ARG_112_A,"GLN_108_A,VAL_111_A,SER_113_A,TYR_155_A"
SER_113_A,"ARG_112_A,ARG_114_A"
ARG_114_A,"GLU_110_A,VAL_111_A,SER_113_A,GLN_115_A,ASP_233_A"
GLN_115_A,"ARG_114_A,ILE_116_A"
ILE_116_A,"GLN_115_A,SER_117_A"
SER_117_A,"ILE_116_A,VAL_118_A"
VAL_118_A,SER_117_A
SER_123_A,SER_124_A
SER_124_A,"SER_123_A,THR_125_A"
THR_125_A,"SER_124_A,ASP_126_A"
ASP_126_A,"THR_125_A,ILE_127_A,ASN_128_A"
ILE_127_A,"ASP_126_A,ASN_128_A,VAL_129_A,TYR_190_A"
ASN_128_A,"ASP_126_A,ILE_127_A,VAL_129_A"
VAL_129_A,"ILE_127_A,ASN_128_A,LYS_130_A"
LYS_130_A,"VAL_129_A,LYS_131_A,ILE_132_A,ASN_199_A"
LYS_131_A,"LYS_130_A,ILE_132_A,TYR_200_A"
ILE_132_A,"LYS_130_A,LYS_131_A,ALA_133_A"
ALA_133_A,"ILE_132_A,SER_134_A,TYR_200_A,VAL_201_A"
SER_134_A,"ALA_133_A,ILE_135_A,ASP_137_A,VAL_138_A"
ILE_135_A,"SER_134_A,GLY_136_A,CYS_139_A,GLU_210_A"
GLY_136_A,"ILE_135_A,ASP_137_A"
ASP_137_A,"SER_134_A,GLY_136_A,VAL_138_A,ASN_198_A"
VAL_138_A,"SER_134_A,ASP_137_A,CYS_139_A,GLU_140_A,MET_142_A"
CYS_139_A,"ILE_135_A,VAL_138_A,GLU_140_A"
GLU_140_A,"VAL_138_A,CYS_139_A,SER_141_A,LYS_143_A,GLN_144_A"
SER_141_A,"GLU_140_A,MET_142_A,GLN_145_A,ASN_198_A"
MET_142_A,"VAL_138_A,SER_141_A,LYS_143_A,LEU_146_A,LEU_320_A"
LYS_143_A,"GLU_140_A,MET_142_A,GLN_144_A"
GLN_144_A,"GLU_140_A,LYS_143_A,GLN_145_A,LEU_147_A"
GLN_145_A,"SER_141_A,GLN_144_A,LEU_146_A,LEU_179_A"
LEU_146_A,"MET_142_A,GLN_145_A,LEU_147_A,ALA_175_A,LEU_320_A"
LEU_147_A,"GLN_144_A,LEU_146_A,VAL_148_A,LEU_319_A"
VAL_148_A,"LEU_147_A,LEU_149_A,TRP_152_A"
LEU_149_A,"VAL_148_A,VAL_150_A,ALA_153_A"
VAL_150_A,"LEU_149_A,GLU_151_A,MET_323_A"
GLU_151_A,"VAL_150_A,TRP_152_A,LYS_154_A"
TRP_152_A,"VAL_148_A,GLU_151_A,ALA_153_A,ILE_156_A"
ALA_153_A,"LEU_149_A,TRP_152_A,LYS_154_A,PHE_159_A"
LYS_154_A,"GLU_151_A,ALA_153_A,TYR_155_A,CYS_160_A"
TYR_155_A,"ARG_112_A,LYS_154_A,ILE_156_A"
ILE_156_A,"TRP_152_A,TYR_155_A,PHE_159_A"
PRO_157_A,"ALA_158_A,PHE_159_A,CYS_160_A"
ALA_158_A,"PRO_157_A,PHE_159_A,MET_261_A"
PHE_159_A,"ALA_153_A,ILE_156_A,PRO_157_A,ALA_158_A,CYS_160_A,GLN_167_A,PHE_244_A"
CYS_160_A,"LYS_154_A,PRO_157_A,PHE_159_A,GLU_161_A"
GLU_161_A,"CYS_160_A,LEU_162_A,LYS_257_A"
LEU_162_A,"GLU_161_A,GLN_167_A,LEU_170_A,ILE_258_A"
PRO_163_A,"LEU_164_A,ASP_165_A,ASP_166_A"
LEU_164_A,"PRO_163_A,ASP_165_A"
ASP_165_A,"PRO_163_A,LEU_164_A,ASP_166_A"
ASP_166_A,"PRO_163_A,ASP_165_A,GLN_167_A,SER_253_A"
GLN_167_A,"PHE_159_A,LEU_162_A,ASP_166_A,VAL_168_A"
VAL_168_A,"GLN_167_A,ALA_169_A"
ALA_169_A,"VAL_168_A,LEU_170_A,ALA_173_A"
LEU_170_A,"LEU_162_A,ALA_169_A,LEU_171_A"
LEU_171_A,"LEU_170_A,ARG_172_A"
ARG_172_A,"LEU_171_A,ALA_173_A,GLU_322_A"
ALA_173_A,"ALA_169_A,ARG_172_A,HIS_174_A"
HIS_174_A,"ALA_173_A,ALA_175_A,GLY_176_A,GLU_177_A,ASP_246_A,ASP_248_A"
ALA_175_A,"LEU_146_A,HIS_174_A,GLY_176_A"
GLY_176_A,"HIS_174_A,ALA_175_A,GLU_177_A"
GLU_177_A,"HIS_174_A,GLY_176_A,HIS_178_A,LEU_181_A,LEU_294_A"
HIS_178_A,"GLU_177_A,LEU_179_A,GLY_182_A,LYS_240_A"
LEU_179_A,"GLN_145_A,HIS_178_A,LEU_180_A,ALA_183_A"
LEU_180_A,"LEU_179_A,LEU_181_A,THR_184_A,VAL_218_A"
LEU_181_A,"GLU_177_A,LEU_180_A,GLY_182_A,LYS_185_A,LEU_294_A"
GLY_182_A,"HIS_178_A,LEU_181_A,ALA_183_A"
ALA_183_A,"LEU_179_A,GLY_182_A,THR_184_A,SER_187_A"
THR_184_A,"LEU_180_A,ALA_183_A,LYS_185_A,MET_188_A,PHE_226_A"
LYS_185_A,"LEU_181_A,THR_184_A,ARG_186_A,ASP_233_A,TYR_236_A"
ARG_186_A,"LYS_185_A,SER_187_A,LEU_195_A"
SER_187_A,"ALA_183_A,ARG_186_A,MET_188_A,MET_189_A,TYR_190_A,LEU_195_A"
MET_188_A,"THR_184_A,SER_187_A,MET_189_A"
MET_189_A,"SER_187_A,MET_188_A,TYR_190_A"
TYR_190_A,"ILE_127_A,SER_187_A,MET_189_A,LYS_191_A,GLN_227_A"
LYS_191_A,"TYR_190_A,ASP_192_A"
ASP_192_A,"LYS_191_A,ILE_193_A,ARG_204_A,ARG_224_A"
ILE_193_A,"ASP_192_A,LEU_194_A,VAL_201_A"
LEU_194_A,"ILE_193_A,LEU_195_A,ILE_202_A,LEU_219_A"
LEU_195_A,"ARG_186_A,SER_187_A,LEU_194_A,LEU_196_A"
LEU_196_A,"LEU_195_A,GLY_197_A,TYR_200_A"
GLY_197_A,"LEU_196_A,ASN_198_A"
ASN_198_A,"ASP_137_A,SER_141_A,GLY_197_A,ASN_199_A,TYR_200_A"
ASN_199_A,"LYS_130_A,ASN_198_A,TYR_200_A"
TYR_200_A,"LYS_131_A,ALA_133_A,LEU_196_A,ASN_198_A,ASN_199_A,VAL_201_A"
VAL_201_A,"ALA_133_A,ILE_193_A,TYR_200_A,ILE_202_A"
ILE_202_A,"LEU_194_A,VAL_201_A,HIS_203_A,ALA_215_A"
HIS_203_A,"ILE_202_A,ARG_204_A"
ARG_204_A,"ASP_192_A,HIS_203_A,ASN_205_A,ASP_220_A,ARG_224_A"
ASN_205_A,"ARG_204_A,SER_206_A,ASN_216_A"
SER_206_A,"ASN_205_A,CYS_207_A"
CYS_207_A,"SER_206_A,GLU_208_A,VAL_209_A"
GLU_208_A,"CYS_207_A,VAL_209_A,GLU_210_A,ILE_211_A"
VAL_209_A,"CYS_207_A,GLU_208_A,GLU_210_A"
GLU_210_A,"ILE_135_A,GLU_208_A,VAL_209_A,ILE_211_A,GLN_304_A"
ILE_211_A,"GLU_208_A,GLU_210_A,SER_212_A"
SER_212_A,"ILE_211_A,ARG_213_A,ASN_216_A"
ARG_213_A,"SER_212_A,VAL_214_A"
VAL_214_A,"ARG_213_A,ALA_215_A,VAL_218_A"
ALA_215_A,"ILE_202_A,VAL_214_A,ASN_216_A"
ASN_216_A,"ASN_205_A,SER_212_A,ALA_215_A,ARG_217_A,ASP_220_A"
ARG_217_A,"ASN_216_A,VAL_218_A,GLU_221_A,SER_296_A,GLN_300_A"
VAL_218_A,"LEU_180_A,VAL_214_A,ARG_217_A,LEU_219_A,LEU_222_A"
LEU_219_A,"LEU_194_A,VAL_218_A,ASP_220_A"
ASP_220_A,"ARG_204_A,ASN_216_A,LEU_219_A,GLU_221_A,ARG_224_A"
GLU_221_A,"ARG_217_A,ASP_220_A,LEU_222_A,THR_293_A"
LEU_222_A,"VAL_218_A,GLU_221_A,VAL_223_A,PHE_226_A,ILE_297_A"
VAL_223_A,"LEU_222_A,ARG_224_A,PHE_226_A,GLN_227_A"
ARG_224_A,"ASP_192_A,ARG_204_A,ASP_220_A,VAL_223_A,GLN_227_A,GLU_228_A"
PRO_225_A,PHE_226_A
PHE_226_A,"THR_184_A,LEU_222_A,VAL_223_A,PRO_225_A,GLN_227_A,ILE_231_A,LEU_290_A"
GLN_227_A,"TYR_190_A,VAL_223_A,ARG_224_A,PHE_226_A,GLU_228_A"
GLU_228_A,"ARG_224_A,GLN_227_A,ILE_229_A"
ILE_229_A,"GLU_228_A,GLN_230_A,ARG_283_A,LEU_287_A"
GLN_230_A,"ILE_229_A,ILE_231_A"
ILE_231_A,"PHE_226_A,GLN_230_A,ASP_232_A,GLU_235_A"
ASP_232_A,"ILE_231_A,ASP_233_A,ASN_234_A,GLU_235_A,TYR_236_A,TYR_272_A,ARG_276_A,ARG_283_A"
ASP_233_A,"GLU_110_A,ARG_114_A,LYS_185_A,ASP_232_A,ASN_234_A,ALA_237_A"
ASN_234_A,"ASP_232_A,ASP_233_A,GLU_235_A,TYR_272_A"
GLU_235_A,"ILE_231_A,ASP_232_A,ASN_234_A,TYR_236_A,LEU_239_A,TYR_272_A,ARG_276_A,ARG_283_A"
TYR_236_A,"LYS_185_A,ASP_232_A,GLU_235_A,ALA_237_A,LYS_240_A"
ALA_237_A,"ASP_233_A,TYR_236_A,CYS_238_A,ALA_241_A"
CYS_238_A,"ALA_237_A,LEU_239_A,ILE_242_A,LEU_269_A"
LEU_239_A,"GLU_235_A,CYS_238_A,LYS_240_A"
LYS_240_A,"GLU_110_A,HIS_178_A,TYR_236_A,LEU_239_A,ALA_241_A"
ALA_241_A,"ALA_237_A,LYS_240_A,ILE_242_A,PHE_245_A"
ILE_242_A,"CYS_238_A,ALA_241_A,VAL_243_A,ARG_262_A,VAL_265_A"
VAL_243_A,"ILE_242_A,PHE_244_A,LEU_291_A"
PHE_244_A,"PHE_159_A,VAL_243_A,PHE_245_A,ASP_246_A"
PHE_245_A,"ALA_241_A,PHE_244_A,ASP_246_A,MET_261_A"
ASP_246_A,"HIS_174_A,PHE_244_A,PHE_245_A,ASP_248_A,ARG_262_A"
PRO_247_A,ASP_248_A
ASP_248_A,"HIS_174_A,ASP_246_A,PRO_247_A,ALA_249_A"
ALA_249_A,"ASP_248_A,LYS_250_A,LEU_252_A"
LYS_250_A,"ALA_249_A,GLY_251_A"
GLY_251_A,"LYS_250_A,LEU_252_A"
LEU_252_A,"ALA_249_A,GLY_251_A,SER_253_A"
SER_253_A,"ASP_166_A,LEU_252_A,ASP_254_A"
ASP_254_A,"SER_253_A,LYS_257_A"
PRO_255_A,"VAL_256_A,LYS_259_A"
VAL_256_A,"PRO_255_A,LYS_257_A,ASN_260_A"
LYS_257_A,"GLU_161_A,ASP_254_A,VAL_256_A,ILE_258_A"
ILE_258_A,"LEU_162_A,LYS_257_A,LYS_259_A,ARG_262_A"
LYS_259_A,"PRO_255_A,ILE_258_A,ASN_260_A"
ASN_260_A,"VAL_256_A,LYS_259_A,MET_261_A"
MET_261_A,"ALA_158_A,PHE_245_A,ASN_260_A,ARG_262_A"
ARG_262_A,"ILE_242_A,ASP_246_A,ILE_258_A,MET_261_A,PHE_263_A,GLN_266_A"
PHE_263_A,"ARG_262_A,GLN_264_A,ILE_267_A"
GLN_264_A,"PHE_263_A,VAL_265_A,GLY_268_A"
VAL_265_A,"ILE_242_A,GLN_264_A,GLN_266_A,LEU_269_A"
GLN_266_A,"ARG_262_A,VAL_265_A,ILE_267_A"
ILE_267_A,"PHE_263_A,GLN_266_A,GLY_268_A,ASP_271_A"
GLY_268_A,"GLN_264_A,ILE_267_A,LEU_269_A"
LEU_269_A,"CYS_238_A,VAL_265_A,GLY_268_A,GLU_270_A,ILE_273_A,PHE_284_A"
GLU_270_A,"LEU_269_A,ASP_271_A"
ASP_271_A,"ILE_267_A,GLU_270_A,TYR_272_A,ASN_274_A"
TYR_272_A,"ILE_103_A,ASP_232_A,ASN_234_A,GLU_235_A,ASP_271_A,ILE_273_A"
ILE_273_A,"LEU_269_A,TYR_272_A,ASN_274_A,ARG_276_A,SER_280_A,ARG_283_A,PHE_284_A"
ASN_274_A,"ASP_271_A,ILE_273_A,ASP_275_A,ARG_276_A"
ASP_275_A,"ASN_274_A,ARG_276_A"
ARG_276_A,"ASP_232_A,GLU_235_A,ILE_273_A,ASN_274_A,ASP_275_A,GLN_277_A,ASP_279_A,ARG_283_A"
GLN_277_A,"ARG_276_A,TYR_278_A"
TYR_278_A,"GLN_277_A,ASP_279_A"
ASP_279_A,"ARG_276_A,TYR_278_A,SER_280_A,ARG_281_A,ARG_283_A"
SER_280_A,"ILE_273_A,ASP_279_A,ARG_281_A"
ARG_281_A,"ASP_279_A,SER_280_A,GLY_282_A"
GLY_282_A,"ARG_281_A,ARG_283_A,GLU_286_A"
ARG_283_A,"ILE_229_A,ASP_232_A,GLU_235_A,ILE_273_A,ARG_276_A,ASP_279_A,GLY_282_A,PHE_284_A,LEU_287_A"
PHE_284_A,"LEU_269_A,ILE_273_A,ARG_283_A,GLY_285_A,LEU_288_A"
GLY_285_A,"PHE_284_A,GLU_286_A,LEU_289_A"
GLU_286_A,"GLY_282_A,GLY_285_A,LEU_287_A"
LEU_287_A,"ILE_229_A,ARG_283_A,GLU_286_A,LEU_288_A"
LEU_288_A,"PHE_284_A,LEU_287_A,LEU_289_A,LEU_290_A"
LEU_289_A,"GLY_285_A,LEU_288_A,LEU_290_A"
LEU_290_A,"PHE_226_A,LEU_288_A,LEU_289_A,LEU_291_A"
LEU_291_A,"VAL_243_A,LEU_290_A"
PRO_292_A,THR_293_A
THR_293_A,"GLU_221_A,PRO_292_A,LEU_294_A,ILE_297_A"
LEU_294_A,"GLU_177_A,LEU_181_A,THR_293_A,GLN_295_A,THR_298_A"
GLN_295_A,"LEU_294_A,SER_296_A,TRP_299_A"
SER_296_A,"ARG_217_A,GLN_295_A,ILE_297_A"
ILE_297_A,"LEU_222_A,THR_293_A,SER_296_A,THR_298_A"
THR_298_A,"LEU_294_A,ILE_297_A,TRP_299_A,ILE_302_A"
TRP_299_A,"GLN_295_A,THR_298_A,GLN_300_A,GLU_303_A"
GLN_300_A,"ARG_217_A,TRP_299_A,MET_301_A,GLN_304_A"
MET_301_A,"GLN_300_A,ILE_302_A,ILE_305_A"
ILE_302_A,"THR_298_A,MET_301_A,GLU_303_A,GLN_306_A"
GLU_303_A,"TRP_299_A,ILE_302_A,GLN_304_A,PHE_307_A"
GLN_304_A,"GLU_210_A,GLN_300_A,GLU_303_A,ILE_305_A,VAL_308_A"
ILE_305_A,"MET_301_A,GLN_304_A,GLN_306_A"
GLN_306_A,"ILE_302_A,ILE_305_A,PHE_307_A"
PHE_307_A,"GLU_303_A,GLN_306_A,VAL_308_A,LYS_309_A,LEU_310_A,PHE_311_A,MET_313_A"
VAL_308_A,"GLN_304_A,PHE_307_A,LYS_309_A,MET_313_A,VAL_314_A"
LYS_309_A,"PHE_307_A,VAL_308_A,LEU_310_A,ILE_316_A,GLN_321_A"
LEU_310_A,"PHE_307_A,LYS_309_A,PHE_311_A"
PHE_311_A,"PHE_307_A,LEU_310_A,GLY_312_A,MET_313_A"
GLY_312_A,"PHE_311_A,MET_313_A"
MET_313_A,"PHE_307_A,VAL_308_A,PHE_311_A,GLY_312_A,VAL_314_A"
VAL_314_A,"VAL_308_A,MET_313_A,LYS_315_A"
LYS_315_A,"VAL_314_A,ILE_316_A"
ILE_316_A,"LYS_309_A,LYS_315_A,ASP_317_A,LEU_320_A,GLN_321_A"
ASP_317_A,"ILE_316_A,ASN_318_A,LEU_319_A"
ASN_318_A,"ASP_317_A,LEU_319_A"
LEU_319_A,"LEU_147_A,ASP_317_A,ASN_318_A,LEU_320_A,MET_323_A"
LEU_320_A,"MET_142_A,LEU_146_A,ILE_316_A,LEU_319_A,GLN_321_A,LEU_324_A"
GLN_321_A,"LYS_309_A,ILE_316_A,LEU_320_A,GLU_322_A,GLY_326_A"
GLU_322_A,"ARG_172_A,GLN_321_A,MET_323_A"
MET_323_A,"VAL_150_A,LEU_319_A,GLU_322_A,LEU_324_A"
LEU_324_A,"LEU_320_A,MET_323_A,LEU_325_A"
LEU_325_A,"LEU_324_A,GLY_326_A"
GLY_326_A,"GLN_321_A,LEU_325_A,GLY_327_A"
GLY_327_A,GLY_326_A
