residue_id,neighbors
PHE_1085_A,LYS_1086_A
LYS_1086_A,"PHE_1085_A,GLU_1089_A"
PRO_1087_A,"GLU_1088_A,ARG_1091_A"
GLU_1088_A,"PRO_1087_A,GLU_1089_A,GLN_1092_A"
GLU_1089_A,"LYS_1086_A,GLU_1088_A,LEU_1090_A"
LEU_1090_A,"GLU_1089_A,ARG_1091_A"
ARG_1091_A,"PRO_1087_A,LEU_1090_A,GLN_1092_A,MET_1095_A,LYS_1139_A,ASP_1143_A"
GLN_1092_A,"GLU_1088_A,ARG_1091_A,ALA_1093_A"
ALA_1093_A,"GLN_1092_A,LEU_1094_A"
LEU_1094_A,"ALA_1093_A,MET_1095_A,THR_1097_A,TYR_1153_A"
MET_1095_A,"ARG_1091_A,LEU_1094_A,GLU_1099_A"
PRO_1096_A,"THR_1097_A,ALA_1100_A"
THR_1097_A,"LEU_1094_A,PRO_1096_A,LEU_1098_A,TYR_1153_A"
LEU_1098_A,"THR_1097_A,GLU_1099_A,LEU_1135_A"
GLU_1099_A,"MET_1095_A,LEU_1098_A,ALA_1100_A,ARG_1103_A"
ALA_1100_A,"PRO_1096_A,GLU_1099_A,LEU_1101_A,GLN_1104_A,GLU_1188_A"
LEU_1101_A,"ALA_1100_A,TYR_1102_A"
TYR_1102_A,"LEU_1101_A,ARG_1103_A,ARG_1112_A"
ARG_1103_A,"GLU_1099_A,TYR_1102_A,GLN_1104_A,GLU_1188_A"
GLN_1104_A,"ALA_1100_A,ARG_1103_A,ASP_1105_A,SER_1108_A,LEU_1181_A"
ASP_1105_A,"GLN_1104_A,ARG_1112_A"
PRO_1106_A,"GLU_1107_A,LEU_1109_A,PHE_1177_A"
GLU_1107_A,"PRO_1106_A,SER_1108_A,PHE_1177_A,LYS_1180_A"
SER_1108_A,"GLN_1104_A,GLU_1107_A,LEU_1109_A,PHE_1111_A,ARG_1112_A"
LEU_1109_A,"PRO_1106_A,SER_1108_A"
PRO_1110_A,PHE_1111_A
PHE_1111_A,"SER_1108_A,PRO_1110_A,ARG_1112_A,LEU_1135_A,LEU_1181_A"
ARG_1112_A,"TYR_1102_A,ASP_1105_A,SER_1108_A,PHE_1111_A,GLN_1113_A"
GLN_1113_A,ARG_1112_A
PRO_1114_A,VAL_1115_A
VAL_1115_A,"PRO_1114_A,ASP_1116_A,TYR_1125_A"
ASP_1116_A,"VAL_1115_A,LEU_1120_A"
PRO_1117_A,"GLN_1118_A,GLY_1121_A,ILE_1122_A,TYR_1125_A,PHE_1126_A"
GLN_1118_A,"PRO_1117_A,LEU_1119_A"
LEU_1119_A,"GLN_1118_A,LEU_1120_A"
LEU_1120_A,"ASP_1116_A,LEU_1119_A,GLY_1121_A"
GLY_1121_A,"PRO_1117_A,LEU_1120_A,ILE_1122_A"
ILE_1122_A,"PRO_1117_A,GLY_1121_A,ASP_1124_A"
PRO_1123_A,ASP_1124_A
ASP_1124_A,"ILE_1122_A,PRO_1123_A,TYR_1125_A,TYR_1167_A"
TYR_1125_A,"VAL_1115_A,PRO_1117_A,ASP_1124_A,PHE_1126_A,ILE_1128_A,VAL_1129_A,TYR_1167_A"
PHE_1126_A,"PRO_1117_A,TYR_1125_A,ASP_1127_A,PRO_1132_A"
ASP_1127_A,"PHE_1126_A,ILE_1128_A,LYS_1130_A"
ILE_1128_A,"TYR_1125_A,ASP_1127_A,VAL_1129_A,LEU_1166_A,TYR_1167_A"
VAL_1129_A,"TYR_1125_A,ILE_1128_A,LYS_1130_A"
LYS_1130_A,"ASP_1127_A,VAL_1129_A,ASN_1131_A"
ASN_1131_A,"LYS_1130_A,ASN_1163_A"
PRO_1132_A,"PHE_1126_A,MET_1133_A"
MET_1133_A,"PRO_1132_A,ASP_1134_A"
ASP_1134_A,"MET_1133_A,LEU_1135_A,SER_1136_A,THR_1137_A"
LEU_1135_A,"LEU_1098_A,PHE_1111_A,ASP_1134_A,SER_1136_A,LYS_1139_A,MET_1160_A"
SER_1136_A,"ASP_1134_A,LEU_1135_A,THR_1137_A,ARG_1140_A"
THR_1137_A,"ASP_1134_A,SER_1136_A,ILE_1138_A,LYS_1141_A"
ILE_1138_A,"THR_1137_A,LYS_1139_A,LEU_1142_A,TYR_1153_A"
LYS_1139_A,"ARG_1091_A,LEU_1135_A,ILE_1138_A,ARG_1140_A,ASP_1143_A"
ARG_1140_A,"SER_1136_A,LYS_1139_A,LYS_1141_A,THR_1144_A"
LYS_1141_A,"THR_1137_A,ARG_1140_A,LEU_1142_A,GLN_1146_A,TYR_1147_A,ASP_1156_A"
LEU_1142_A,"ILE_1138_A,LYS_1141_A,ASP_1143_A"
ASP_1143_A,"ARG_1091_A,LYS_1139_A,LEU_1142_A,THR_1144_A"
THR_1144_A,"ARG_1140_A,ASP_1143_A,GLY_1145_A,GLN_1146_A"
GLY_1145_A,"THR_1144_A,GLN_1146_A"
GLN_1146_A,"LYS_1141_A,THR_1144_A,GLY_1145_A,TYR_1147_A,GLN_1152_A"
TYR_1147_A,"LYS_1141_A,GLN_1146_A,GLN_1148_A,GLN_1152_A,TYR_1153_A,ASP_1156_A"
GLN_1148_A,"TYR_1147_A,GLU_1149_A,GLN_1152_A"
GLU_1149_A,GLN_1148_A
PRO_1150_A,"TRP_1151_A,VAL_1154_A,LEU_1196_A"
TRP_1151_A,"PRO_1150_A,GLN_1152_A,ASP_1155_A"
GLN_1152_A,"GLN_1146_A,TYR_1147_A,GLN_1148_A,TRP_1151_A,TYR_1153_A"
TYR_1153_A,"LEU_1094_A,THR_1097_A,ILE_1138_A,TYR_1147_A,GLN_1152_A,VAL_1154_A"
VAL_1154_A,"PRO_1150_A,TYR_1153_A,ASP_1155_A,TRP_1158_A"
ASP_1155_A,"TRP_1151_A,VAL_1154_A,ASP_1156_A,LEU_1159_A"
ASP_1156_A,"LYS_1141_A,TYR_1147_A,ASP_1155_A,VAL_1157_A"
VAL_1157_A,"ASP_1156_A,TRP_1158_A,PHE_1161_A,PHE_1185_A"
TRP_1158_A,"VAL_1154_A,VAL_1157_A,LEU_1159_A,PHE_1161_A,ASN_1162_A,TRP_1165_A"
LEU_1159_A,"ASP_1155_A,TRP_1158_A,MET_1160_A,ASN_1163_A"
MET_1160_A,"LEU_1135_A,LEU_1159_A,PHE_1161_A"
PHE_1161_A,"VAL_1157_A,TRP_1158_A,MET_1160_A,ASN_1162_A,TRP_1165_A,LEU_1181_A"
ASN_1162_A,"TRP_1158_A,PHE_1161_A,ASN_1163_A,LEU_1166_A"
ASN_1163_A,"ASN_1131_A,LEU_1159_A,ASN_1162_A,ALA_1164_A,TYR_1167_A"
ALA_1164_A,"ASN_1163_A,TRP_1165_A,ASN_1168_A"
TRP_1165_A,"TRP_1158_A,PHE_1161_A,ALA_1164_A,LEU_1166_A,ALA_1182_A"
LEU_1166_A,"ILE_1128_A,ASN_1162_A,TRP_1165_A,TYR_1167_A"
TYR_1167_A,"ASP_1124_A,TYR_1125_A,ILE_1128_A,ASN_1163_A,LEU_1166_A,ASN_1168_A"
ASN_1168_A,"ALA_1164_A,TYR_1167_A,ARG_1169_A"
ARG_1169_A,"ASN_1168_A,LYS_1170_A,SER_1172_A"
LYS_1170_A,"ARG_1169_A,THR_1171_A"
THR_1171_A,"LYS_1170_A,SER_1172_A"
SER_1172_A,"ARG_1169_A,THR_1171_A,ARG_1173_A"
ARG_1173_A,"SER_1172_A,VAL_1174_A,PHE_1177_A"
VAL_1174_A,"ARG_1173_A,TYR_1175_A,CYS_1178_A"
TYR_1175_A,"VAL_1174_A,LYS_1176_A"
LYS_1176_A,"TYR_1175_A,PHE_1177_A"
PHE_1177_A,"PRO_1106_A,GLU_1107_A,ARG_1173_A,LYS_1176_A,CYS_1178_A,LEU_1181_A"
CYS_1178_A,"VAL_1174_A,PHE_1177_A,SER_1179_A,ALA_1182_A"
SER_1179_A,"CYS_1178_A,LYS_1180_A"
LYS_1180_A,"GLU_1107_A,SER_1179_A,LEU_1181_A,GLU_1183_A,VAL_1184_A"
LEU_1181_A,"GLN_1104_A,PHE_1111_A,PHE_1161_A,PHE_1177_A,LYS_1180_A,ALA_1182_A,PHE_1185_A"
ALA_1182_A,"TRP_1165_A,CYS_1178_A,LEU_1181_A,GLU_1183_A,GLU_1186_A"
GLU_1183_A,"LYS_1180_A,ALA_1182_A,VAL_1184_A"
VAL_1184_A,"LYS_1180_A,GLU_1183_A,PHE_1185_A"
PHE_1185_A,"VAL_1157_A,LEU_1181_A,VAL_1184_A,GLU_1186_A,ILE_1189_A"
GLU_1186_A,"ALA_1182_A,PHE_1185_A,GLN_1187_A"
GLN_1187_A,"GLU_1186_A,GLU_1188_A"
GLU_1188_A,"ALA_1100_A,ARG_1103_A,GLN_1187_A,ILE_1189_A"
ILE_1189_A,"PHE_1185_A,GLU_1188_A,ASP_1190_A,MET_1193_A"
ASP_1190_A,"ILE_1189_A,GLN_1194_A"
PRO_1191_A,VAL_1192_A
VAL_1192_A,"PRO_1191_A,MET_1193_A,SER_1195_A"
MET_1193_A,"ILE_1189_A,VAL_1192_A,GLN_1194_A"
GLN_1194_A,"ASP_1190_A,MET_1193_A,SER_1195_A"
SER_1195_A,"VAL_1192_A,GLN_1194_A,LEU_1196_A"
LEU_1196_A,"PRO_1150_A,SER_1195_A,GLY_1197_A"
GLY_1197_A,LEU_1196_A
