residue_id,neighbors
THR_5_A,MET_6_A
MET_6_A,"THR_5_A,GLU_7_A,LEU_32_A"
GLU_7_A,"MET_6_A,ARG_8_A,ILE_22_A,THR_220_A"
ARG_8_A,"GLU_7_A,ILE_9_A"
ILE_9_A,"ARG_8_A,THR_10_A,ILE_20_A,CYS_227_A,GLN_228_A"
THR_10_A,"ILE_9_A,VAL_11_A"
VAL_11_A,"THR_10_A,ASN_12_A,TYR_18_A,ILE_20_A"
ASN_12_A,"VAL_11_A,LEU_13_A"
LEU_13_A,"ASN_12_A,GLY_14_A"
GLY_14_A,"LEU_13_A,GLU_15_A,SER_17_A"
GLU_15_A,"GLY_14_A,ARG_16_A"
ARG_16_A,"GLU_15_A,SER_17_A"
SER_17_A,"GLY_14_A,ARG_16_A,TYR_18_A"
TYR_18_A,"VAL_11_A,SER_17_A,ILE_20_A,SER_142_A,VAL_167_A"
PRO_19_A,ILE_20_A
ILE_20_A,"ILE_9_A,VAL_11_A,TYR_18_A,PRO_19_A,SER_21_A,VAL_143_A"
SER_21_A,"ILE_20_A,ILE_22_A,VAL_167_A,ILE_169_A"
ILE_22_A,"GLU_7_A,SER_21_A,GLY_23_A,ALA_224_A"
GLY_23_A,"ILE_22_A,ALA_24_A"
ALA_24_A,"GLY_23_A,GLY_25_A"
GLY_25_A,"ALA_24_A,LEU_26_A,ASP_170_A"
LEU_26_A,"GLY_25_A,PHE_27_A,ALA_28_A,ASN_29_A,LEU_32_A"
PHE_27_A,"LEU_26_A,ALA_28_A,ILE_57_A,ILE_131_A,ASP_170_A"
ALA_28_A,"LEU_26_A,PHE_27_A,ASN_29_A"
ASN_29_A,"LEU_26_A,ALA_28_A"
PRO_30_A,ALA_31_A
ALA_31_A,"PRO_30_A,LEU_32_A,LEU_33_A"
LEU_32_A,"MET_6_A,LEU_26_A,ALA_31_A,LEU_33_A"
LEU_33_A,"ALA_31_A,LEU_32_A,SER_34_A"
SER_34_A,"LEU_33_A,LEU_35_A"
LEU_35_A,"SER_34_A,SER_36_A,VAL_41_A,LEU_61_A,VAL_102_A"
SER_36_A,"LEU_35_A,ALA_37_A,GLN_39_A"
ALA_37_A,"SER_36_A,LYS_38_A,GLN_39_A"
LYS_38_A,"ALA_37_A,GLN_39_A,GLY_65_A"
GLN_39_A,"SER_36_A,ALA_37_A,LYS_38_A,LYS_40_A"
LYS_40_A,"GLN_39_A,VAL_41_A,GLN_67_A,TYR_97_A,VAL_102_A"
VAL_41_A,"LEU_35_A,LYS_40_A,VAL_42_A,LEU_61_A,GLN_67_A"
VAL_42_A,"VAL_41_A,ILE_43_A,PHE_91_A,LEU_92_A,VAL_102_A,VAL_103_A,ILE_104_A"
ILE_43_A,"VAL_42_A,VAL_44_A,ILE_57_A,ILE_58_A,ALA_69_A,LEU_70_A,LEU_71_A"
VAL_44_A,"ILE_43_A,THR_45_A,LEU_73_A,ILE_104_A,VAL_115_A"
THR_45_A,"VAL_44_A,ASN_46_A,ALA_50_A,LEU_70_A,LEU_71_A,LEU_73_A,LEU_106_A"
ASN_46_A,"THR_45_A,HIS_47_A,THR_48_A,VAL_49_A"
HIS_47_A,"ASN_46_A,THR_48_A,GLU_72_A,LEU_73_A"
THR_48_A,"ASN_46_A,HIS_47_A,VAL_49_A,ASP_75_A"
VAL_49_A,"ASN_46_A,THR_48_A,ALA_50_A,LEU_52_A,TYR_53_A"
ALA_50_A,"THR_45_A,VAL_49_A,ALA_54_A,GLU_72_A"
PRO_51_A,LEU_52_A
LEU_52_A,"VAL_49_A,PRO_51_A,TYR_53_A"
TYR_53_A,"VAL_49_A,LEU_52_A,ALA_54_A,CYS_173_A,THR_176_A"
ALA_54_A,"ALA_50_A,TYR_53_A,ILE_58_A"
PRO_55_A,"ALA_56_A,SER_59_A"
ALA_56_A,"PRO_55_A,ILE_57_A"
ILE_57_A,"PHE_27_A,ILE_43_A,ALA_56_A,ILE_58_A,LEU_60_A"
ILE_58_A,"ILE_43_A,ALA_54_A,ILE_57_A,SER_59_A,ASP_62_A"
SER_59_A,"PRO_55_A,ILE_58_A,LEU_60_A"
LEU_60_A,"ILE_57_A,SER_59_A,LEU_61_A"
LEU_61_A,"LEU_35_A,VAL_41_A,LEU_60_A,ASP_62_A,GLY_65_A,CYS_66_A,HIS_68_A"
ASP_62_A,"ILE_58_A,LEU_61_A,HIS_63_A,HIS_68_A"
HIS_63_A,"ASP_62_A,ILE_64_A"
ILE_64_A,"HIS_63_A,GLY_65_A"
GLY_65_A,"LYS_38_A,LEU_61_A,ILE_64_A,CYS_66_A"
CYS_66_A,"LEU_61_A,GLY_65_A,GLN_67_A"
GLN_67_A,"LYS_40_A,VAL_41_A,CYS_66_A,HIS_68_A"
HIS_68_A,"LEU_61_A,ASP_62_A,GLN_67_A,ALA_69_A"
ALA_69_A,"ILE_43_A,HIS_68_A,LEU_70_A"
LEU_70_A,"ILE_43_A,THR_45_A,ALA_69_A,LEU_71_A"
LEU_71_A,"ILE_43_A,THR_45_A,LEU_70_A,GLU_72_A,PHE_91_A"
GLU_72_A,"HIS_47_A,ALA_50_A,LEU_71_A,LEU_73_A"
LEU_73_A,"VAL_44_A,THR_45_A,HIS_47_A,GLU_72_A,THR_84_A"
PRO_74_A,"ASP_75_A,TYR_79_A"
ASP_75_A,"THR_48_A,PRO_74_A,GLY_76_A"
GLY_76_A,"ASP_75_A,GLU_77_A"
GLU_77_A,"GLY_76_A,GLN_78_A,LYS_80_A,ASN_150_A,LYS_155_A"
GLN_78_A,"GLU_77_A,TYR_79_A"
TYR_79_A,"PRO_74_A,GLN_78_A,LYS_80_A,THR_81_A,THR_84_A"
LYS_80_A,"GLU_77_A,TYR_79_A,THR_81_A,ASP_113_A,ASN_150_A,LYS_155_A,ASN_156_A"
THR_81_A,"TYR_79_A,LYS_80_A,LEU_82_A"
LEU_82_A,"THR_81_A,GLU_83_A,ASN_86_A"
GLU_83_A,"LEU_82_A,THR_84_A,ASN_86_A"
THR_84_A,"LEU_73_A,TYR_79_A,GLU_83_A,PHE_85_A,LEU_114_A"
PHE_85_A,"THR_84_A,ASN_86_A,PHE_117_A,CYS_121_A"
ASN_86_A,"LEU_82_A,GLU_83_A,PHE_85_A,THR_87_A,SER_90_A"
THR_87_A,"ASN_86_A,VAL_88_A"
VAL_88_A,"THR_87_A,MET_89_A,LEU_92_A,ALA_118_A"
MET_89_A,"VAL_88_A,SER_90_A,LEU_92_A,LEU_93_A,ALA_118_A"
SER_90_A,"ASN_86_A,MET_89_A,PHE_91_A,GLU_94_A"
PHE_91_A,"VAL_42_A,LEU_71_A,SER_90_A,LEU_92_A,HIS_95_A"
LEU_92_A,"VAL_42_A,VAL_88_A,MET_89_A,PHE_91_A,LEU_93_A,TYR_97_A,TYR_122_A"
LEU_93_A,"MET_89_A,LEU_92_A,GLU_94_A,ASN_96_A,TYR_122_A"
GLU_94_A,"SER_90_A,LEU_93_A,HIS_95_A"
HIS_95_A,"PHE_91_A,GLU_94_A,ASN_96_A,TYR_97_A"
ASN_96_A,"LEU_93_A,HIS_95_A,TYR_97_A"
TYR_97_A,"LYS_40_A,LEU_92_A,HIS_95_A,ASN_96_A,SER_98_A,TYR_122_A,GLN_123_A"
SER_98_A,"TYR_97_A,ARG_99_A"
ARG_99_A,"SER_98_A,ASP_100_A,GLN_123_A"
ASP_100_A,"ARG_99_A,VAL_101_A"
VAL_101_A,"ASP_100_A,VAL_102_A"
VAL_102_A,"LEU_35_A,LYS_40_A,VAL_42_A,VAL_101_A,VAL_103_A"
VAL_103_A,"VAL_42_A,VAL_102_A,ILE_104_A,VAL_115_A,ASP_127_A,ILE_129_A"
ILE_104_A,"VAL_42_A,VAL_44_A,VAL_103_A,ALA_105_A"
ALA_105_A,"ILE_104_A,LEU_106_A,VAL_115_A,ILE_129_A,ILE_131_A"
LEU_106_A,"THR_45_A,ALA_105_A,GLY_107_A,ILE_131_A"
GLY_107_A,"LEU_106_A,GLY_108_A,THR_133_A"
GLY_108_A,"GLY_107_A,GLY_109_A,GLY_112_A"
GLY_109_A,"GLY_108_A,VAL_110_A,ASP_113_A"
VAL_110_A,"GLY_109_A,ILE_111_A"
ILE_111_A,"VAL_110_A,GLY_112_A,VAL_115_A"
GLY_112_A,"GLY_108_A,ILE_111_A,ASP_113_A"
ASP_113_A,"LYS_80_A,GLY_109_A,GLY_112_A,LEU_114_A,PHE_117_A"
LEU_114_A,"THR_84_A,ASP_113_A,VAL_115_A,ALA_118_A"
VAL_115_A,"VAL_44_A,VAL_103_A,ALA_105_A,ILE_111_A,LEU_114_A,GLY_116_A,ALA_119_A"
GLY_116_A,"VAL_115_A,PHE_117_A,ALA_120_A"
PHE_117_A,"PHE_85_A,ASP_113_A,GLY_116_A,ALA_118_A"
ALA_118_A,"VAL_88_A,MET_89_A,LEU_114_A,PHE_117_A,ALA_119_A,TYR_122_A"
ALA_119_A,"VAL_115_A,ALA_118_A,ALA_120_A,VAL_126_A,PHE_128_A"
ALA_120_A,"GLY_116_A,ALA_119_A,CYS_121_A,TYR_162_A"
CYS_121_A,"PHE_85_A,ALA_120_A,TYR_122_A,ARG_124_A"
TYR_122_A,"LEU_92_A,LEU_93_A,TYR_97_A,ALA_118_A,CYS_121_A,GLN_123_A,ARG_124_A,GLY_125_A"
GLN_123_A,"TYR_97_A,ARG_99_A,TYR_122_A,ARG_124_A"
ARG_124_A,"CYS_121_A,TYR_122_A,GLN_123_A,GLY_125_A"
GLY_125_A,"TYR_122_A,ARG_124_A,VAL_126_A"
VAL_126_A,"ALA_119_A,GLY_125_A,ASP_127_A,TYR_162_A"
ASP_127_A,"VAL_103_A,VAL_126_A,PHE_128_A,LYS_165_A"
PHE_128_A,"ALA_119_A,ASP_127_A,ILE_129_A,TYR_162_A,PRO_164_A"
ILE_129_A,"VAL_103_A,ALA_105_A,PHE_128_A,GLN_130_A"
GLN_130_A,"ILE_129_A,ILE_131_A,VAL_168_A"
ILE_131_A,"PHE_27_A,ALA_105_A,LEU_106_A,GLN_130_A"
PRO_132_A,"THR_133_A,GLN_138_A"
THR_133_A,"GLY_107_A,PRO_132_A,THR_134_A"
THR_134_A,"THR_133_A,LEU_135_A,SER_137_A,LEU_177_A"
LEU_135_A,"THR_134_A,LEU_136_A"
LEU_136_A,"LEU_135_A,SER_137_A,ASP_140_A"
SER_137_A,"THR_134_A,LEU_136_A,GLN_138_A,SER_141_A"
GLN_138_A,"PRO_132_A,SER_137_A,VAL_139_A,SER_142_A,ILE_169_A"
VAL_139_A,"GLN_138_A,ASP_140_A,TYR_192_A,CYS_226_A"
ASP_140_A,"LEU_136_A,VAL_139_A,SER_141_A,GLU_188_A,LYS_230_A"
SER_141_A,"SER_137_A,ASP_140_A,SER_142_A"
SER_142_A,"TYR_18_A,GLN_138_A,SER_141_A,VAL_143_A"
VAL_143_A,"ILE_20_A,SER_142_A,GLY_144_A,LYS_230_A"
GLY_144_A,"VAL_143_A,GLY_145_A"
GLY_145_A,"GLY_144_A,LYS_146_A,TYR_162_A"
LYS_146_A,"GLY_145_A,THR_147_A,PHE_161_A,ARG_244_A"
THR_147_A,"LYS_146_A,ALA_148_A,ALA_160_A"
ALA_148_A,"THR_147_A,VAL_149_A"
VAL_149_A,"ALA_148_A,ASN_150_A,ILE_158_A"
ASN_150_A,"GLU_77_A,LYS_80_A,VAL_149_A,HIS_151_A,ASN_156_A"
HIS_151_A,"ASN_150_A,LEU_153_A,GLY_154_A"
PRO_152_A,LEU_153_A
LEU_153_A,"HIS_151_A,PRO_152_A,GLY_154_A"
GLY_154_A,"HIS_151_A,LEU_153_A,LYS_155_A"
LYS_155_A,"GLU_77_A,LYS_80_A,GLY_154_A,ASN_156_A"
ASN_156_A,"LYS_80_A,ASN_150_A,LYS_155_A,MET_157_A"
MET_157_A,"ASN_156_A,ILE_158_A"
ILE_158_A,"VAL_149_A,MET_157_A,GLY_159_A"
GLY_159_A,"ILE_158_A,ALA_160_A"
ALA_160_A,"THR_147_A,GLY_159_A,PHE_161_A"
PHE_161_A,"LYS_146_A,ALA_160_A,TYR_162_A"
TYR_162_A,"ALA_120_A,VAL_126_A,PHE_128_A,GLY_145_A,PHE_161_A,GLN_163_A"
GLN_163_A,TYR_162_A
PRO_164_A,"PHE_128_A,LYS_165_A"
LYS_165_A,"ASP_127_A,PRO_164_A,ALA_166_A"
ALA_166_A,"LYS_165_A,VAL_167_A"
VAL_167_A,"TYR_18_A,SER_21_A,ALA_166_A,VAL_168_A"
VAL_168_A,"GLN_130_A,VAL_167_A,ILE_169_A"
ILE_169_A,"SER_21_A,GLN_138_A,VAL_168_A,ASP_170_A"
ASP_170_A,"GLY_25_A,PHE_27_A,ILE_169_A,THR_171_A,ASP_172_A"
THR_171_A,"ASP_170_A,ASP_172_A"
ASP_172_A,"ASP_170_A,THR_171_A,CYS_173_A,THR_175_A,GLU_216_A"
CYS_173_A,"TYR_53_A,ASP_172_A,LEU_174_A"
LEU_174_A,"CYS_173_A,THR_175_A,LEU_177_A"
THR_175_A,"ASP_172_A,LEU_174_A,THR_176_A"
THR_176_A,"TYR_53_A,THR_175_A,LEU_177_A"
LEU_177_A,"THR_134_A,LEU_174_A,THR_176_A,GLU_181_A"
PRO_178_A,ALA_179_A
ALA_179_A,"PRO_178_A,ARG_180_A"
ARG_180_A,"ALA_179_A,GLU_181_A,LEU_267_A,GLU_270_A"
GLU_181_A,"LEU_177_A,ARG_180_A,PHE_182_A"
PHE_182_A,"GLU_181_A,ALA_183_A,TYR_212_A,LEU_214_A"
ALA_183_A,"PHE_182_A,ALA_184_A,MET_186_A,LEU_306_A"
ALA_184_A,"ALA_183_A,GLY_185_A"
GLY_185_A,"ALA_184_A,MET_186_A"
MET_186_A,"ALA_183_A,GLY_185_A,ALA_187_A,ILE_190_A,LEU_211_A"
ALA_187_A,"MET_186_A,GLU_188_A,LEU_306_A"
GLU_188_A,"ASP_140_A,ALA_187_A,VAL_189_A,LYS_191_A,HIS_251_A,HIS_268_A"
VAL_189_A,"GLU_188_A,ILE_190_A,LEU_204_A"
ILE_190_A,"MET_186_A,VAL_189_A,LYS_191_A,LEU_301_A"
LYS_191_A,"GLU_188_A,ILE_190_A,TYR_192_A,LEU_249_A,HIS_251_A"
TYR_192_A,"VAL_139_A,LYS_191_A,GLY_193_A,CYS_226_A,ILE_229_A"
GLY_193_A,"TYR_192_A,ILE_194_A"
ILE_194_A,"GLY_193_A,ILE_195_A,LEU_249_A,ILE_297_A,GLY_343_A"
ILE_195_A,"ILE_194_A,TYR_196_A,LEU_249_A"
TYR_196_A,"ILE_195_A,ASP_197_A,ILE_229_A,VAL_233_A,LEU_247_A"
ASP_197_A,"TYR_196_A,SER_198_A,ALA_199_A,PHE_200_A,ARG_225_A"
SER_198_A,"ASP_197_A,ALA_199_A"
ALA_199_A,"ASP_197_A,SER_198_A,PHE_200_A,TRP_203_A"
PHE_200_A,"ASP_197_A,ALA_199_A,PHE_201_A,LEU_204_A,ARG_225_A"
PHE_201_A,"PHE_200_A,ASP_202_A,GLU_205_A,ILE_300_A,ILE_342_A"
ASP_202_A,"PHE_201_A,TRP_203_A,GLU_205_A,ARG_296_A"
TRP_203_A,"ALA_199_A,ASP_202_A,LEU_204_A,GLN_207_A,TYR_221_A"
LEU_204_A,"VAL_189_A,PHE_200_A,TRP_203_A,GLU_205_A,MET_208_A,ILE_300_A"
GLU_205_A,"PHE_201_A,ASP_202_A,LEU_204_A,ALA_206_A,ARG_296_A"
ALA_206_A,"GLU_205_A,GLN_207_A"
GLN_207_A,"TRP_203_A,ALA_206_A,MET_208_A"
MET_208_A,"LEU_204_A,GLN_207_A,GLU_209_A"
GLU_209_A,"MET_208_A,ALA_210_A,LYS_303_A"
ALA_210_A,"GLU_209_A,LEU_211_A,ALA_213_A"
LEU_211_A,"MET_186_A,ALA_210_A,TYR_212_A,LEU_214_A"
TYR_212_A,"PHE_182_A,LEU_211_A,ALA_213_A,ALA_304_A"
ALA_213_A,"ALA_210_A,TYR_212_A,LEU_214_A"
LEU_214_A,"PHE_182_A,LEU_211_A,ALA_213_A,ASP_215_A"
ASP_215_A,"LEU_214_A,GLU_216_A,LEU_219_A"
GLU_216_A,"ASP_172_A,ASP_215_A,GLN_217_A"
GLN_217_A,"GLU_216_A,ALA_218_A"
ALA_218_A,"GLN_217_A,LEU_219_A,ALA_222_A"
LEU_219_A,"ASP_215_A,ALA_218_A,THR_220_A,ILE_223_A"
THR_220_A,"GLU_7_A,LEU_219_A,TYR_221_A,ALA_224_A"
TYR_221_A,"TRP_203_A,THR_220_A,ALA_222_A,ARG_225_A"
ALA_222_A,"ALA_218_A,TYR_221_A,ILE_223_A"
ILE_223_A,"LEU_219_A,ALA_222_A,ALA_224_A"
ALA_224_A,"ILE_22_A,THR_220_A,ILE_223_A,ARG_225_A"
ARG_225_A,"ASP_197_A,PHE_200_A,TYR_221_A,ALA_224_A,CYS_226_A,GLN_228_A,ILE_229_A,GLU_232_A"
CYS_226_A,"VAL_139_A,TYR_192_A,ARG_225_A,CYS_227_A"
CYS_227_A,"ILE_9_A,CYS_226_A,GLN_228_A,ALA_231_A"
GLN_228_A,"ILE_9_A,ARG_225_A,CYS_227_A,ILE_229_A"
ILE_229_A,"TYR_192_A,TYR_196_A,ARG_225_A,GLN_228_A,LYS_230_A,VAL_233_A"
LYS_230_A,"ASP_140_A,VAL_143_A,ILE_229_A,ALA_231_A,VAL_234_A,ARG_244_A"
ALA_231_A,"CYS_227_A,LYS_230_A,GLU_232_A"
GLU_232_A,"ARG_225_A,ALA_231_A,VAL_233_A,GLN_236_A"
VAL_233_A,"TYR_196_A,ILE_229_A,GLU_232_A,VAL_234_A,ASP_237_A"
VAL_234_A,"LYS_230_A,VAL_233_A,ALA_235_A"
ALA_235_A,"VAL_234_A,GLN_236_A"
GLN_236_A,"GLU_232_A,ALA_235_A,ASP_237_A"
ASP_237_A,"VAL_233_A,GLN_236_A,GLU_238_A,ARG_244_A"
GLU_238_A,"ASP_237_A,LYS_239_A,ARG_244_A"
LYS_239_A,GLU_238_A
GLY_242_A,ILE_243_A
ILE_243_A,"GLY_242_A,ARG_244_A"
ARG_244_A,"LYS_146_A,LYS_230_A,ASP_237_A,GLU_238_A,ILE_243_A,ALA_245_A"
ALA_245_A,"ARG_244_A,LEU_246_A"
LEU_246_A,"ALA_245_A,LEU_247_A"
LEU_247_A,"TYR_196_A,LEU_246_A,ASN_248_A"
ASN_248_A,"LEU_247_A,LEU_249_A,GLY_250_A,HIS_251_A"
LEU_249_A,"LYS_191_A,ILE_194_A,ILE_195_A,ASN_248_A,GLY_250_A,ALA_279_A"
GLY_250_A,"ASN_248_A,LEU_249_A,HIS_251_A,GLY_254_A"
HIS_251_A,"GLU_188_A,LYS_191_A,ASN_248_A,GLY_250_A,THR_252_A,HIS_255_A,HIS_268_A"
THR_252_A,"HIS_251_A,PHE_253_A,MET_323_A,LEU_336_A"
PHE_253_A,"THR_252_A,GLY_254_A,ILE_356_A"
GLY_254_A,"GLY_250_A,PHE_253_A,HIS_255_A,GLU_258_A"
HIS_255_A,"HIS_251_A,GLY_254_A,ALA_256_A,GLU_258_A,ALA_259_A,LYS_327_A"
ALA_256_A,"HIS_255_A,ILE_257_A,PHE_319_A"
ILE_257_A,"ALA_256_A,GLU_258_A,MET_261_A,TRP_266_A"
GLU_258_A,"GLY_254_A,HIS_255_A,ILE_257_A,ALA_259_A,HIS_268_A,ALA_271_A"
ALA_259_A,"HIS_255_A,GLU_258_A,HIS_260_A"
HIS_260_A,"ALA_259_A,MET_261_A,MET_314_A,ASP_318_A"
MET_261_A,"ILE_257_A,HIS_260_A,GLY_262_A"
GLY_262_A,"MET_261_A,TYR_263_A"
TYR_263_A,"GLY_262_A,GLY_264_A"
GLY_264_A,"TYR_263_A,ASN_265_A"
ASN_265_A,"GLY_264_A,TRP_266_A"
TRP_266_A,"ILE_257_A,ASN_265_A,LEU_267_A"
LEU_267_A,"ARG_180_A,TRP_266_A,HIS_268_A,GLU_270_A"
HIS_268_A,"GLU_188_A,HIS_251_A,GLU_258_A,LEU_267_A,GLY_269_A,VAL_272_A"
GLY_269_A,"HIS_268_A,GLU_270_A,SER_273_A"
GLU_270_A,"ARG_180_A,LEU_267_A,GLY_269_A,ALA_271_A,PRO_307_A"
ALA_271_A,"GLU_258_A,GLU_270_A,VAL_272_A,GLY_275_A"
VAL_272_A,"HIS_268_A,ALA_271_A,SER_273_A,THR_276_A"
SER_273_A,"GLY_269_A,VAL_272_A,ALA_274_A,PRO_307_A"
ALA_274_A,"SER_273_A,GLY_275_A"
GLY_275_A,"ALA_271_A,ALA_274_A,THR_276_A,ALA_279_A"
THR_276_A,"VAL_272_A,GLY_275_A,VAL_277_A,ALA_280_A"
VAL_277_A,"THR_276_A,MET_278_A,LYS_281_A,LEU_301_A,VAL_308_A"
MET_278_A,"VAL_277_A,ALA_279_A,THR_282_A,PHE_319_A"
ALA_279_A,"LEU_249_A,GLY_275_A,MET_278_A,ALA_280_A,ALA_283_A"
ALA_280_A,"THR_276_A,ALA_279_A,LYS_281_A,GLN_284_A,PHE_294_A"
LYS_281_A,"VAL_277_A,ALA_280_A,THR_282_A,GLN_284_A,LEU_285_A,PHE_294_A"
THR_282_A,"MET_278_A,LYS_281_A,ALA_283_A,VAL_351_A"
ALA_283_A,"ALA_279_A,THR_282_A,GLN_284_A,LEU_288_A"
GLN_284_A,"ALA_280_A,LYS_281_A,ALA_283_A,LEU_285_A,GLY_287_A"
LEU_285_A,"LYS_281_A,GLN_284_A,GLN_286_A,VAL_355_A,GLN_358_A"
GLN_286_A,"LEU_285_A,GLY_287_A"
GLY_287_A,"GLN_284_A,GLN_286_A,LEU_288_A"
LEU_288_A,"ALA_283_A,GLY_287_A,ILE_289_A,LEU_338_A"
ILE_289_A,"LEU_288_A,ASP_290_A"
ASP_290_A,"ILE_289_A,ALA_291_A,SER_292_A,GLN_293_A,PHE_294_A"
ALA_291_A,"ASP_290_A,SER_292_A"
SER_292_A,"ASP_290_A,ALA_291_A,GLN_293_A"
GLN_293_A,"ASP_290_A,SER_292_A,PHE_294_A"
PHE_294_A,"ALA_280_A,LYS_281_A,ASP_290_A,GLN_293_A,GLU_295_A,LEU_298_A"
GLU_295_A,"PHE_294_A,ARG_296_A,ALA_299_A"
ARG_296_A,"ASP_202_A,GLU_205_A,GLU_295_A,ILE_297_A,ILE_300_A"
ILE_297_A,"ILE_194_A,ARG_296_A,LEU_298_A"
LEU_298_A,"PHE_294_A,ILE_297_A,ALA_299_A,VAL_308_A"
ALA_299_A,"GLU_295_A,LEU_298_A,ILE_300_A,LYS_303_A"
ILE_300_A,"PHE_201_A,LEU_204_A,ARG_296_A,ALA_299_A,LEU_301_A"
LEU_301_A,"ILE_190_A,VAL_277_A,ILE_300_A,LYS_302_A,VAL_308_A"
LYS_302_A,"LEU_301_A,LYS_303_A,HIS_305_A,ARG_309_A"
LYS_303_A,"GLU_209_A,ALA_299_A,LYS_302_A,ALA_304_A"
ALA_304_A,"TYR_212_A,LYS_303_A,HIS_305_A"
HIS_305_A,"LYS_302_A,ALA_304_A,LEU_306_A"
LEU_306_A,"ALA_183_A,ALA_187_A,HIS_305_A"
PRO_307_A,"GLU_270_A,SER_273_A,VAL_308_A"
VAL_308_A,"VAL_277_A,LEU_298_A,LEU_301_A,PRO_307_A,ARG_309_A"
ARG_309_A,"LYS_302_A,VAL_308_A,THR_310_A,VAL_366_A"
THR_310_A,"ARG_309_A,PHE_319_A,ILE_360_A,CYS_363_A"
PRO_311_A,GLU_312_A
GLU_312_A,"PRO_311_A,ASN_313_A"
ASN_313_A,"GLU_312_A,MET_314_A"
MET_314_A,"HIS_260_A,ASN_313_A,THR_315_A,PHE_319_A,ARG_364_A"
THR_315_A,"MET_314_A,PHE_316_A,ASP_318_A"
PHE_316_A,"THR_315_A,ALA_317_A,MET_320_A,ALA_357_A,ILE_360_A"
ALA_317_A,"PHE_316_A,ASP_318_A,GLN_321_A"
ASP_318_A,"HIS_260_A,THR_315_A,ALA_317_A,PHE_319_A"
PHE_319_A,"ALA_256_A,MET_278_A,THR_310_A,MET_314_A,ASP_318_A,MET_320_A,MET_323_A,ILE_360_A"
MET_320_A,"PHE_316_A,PHE_319_A,GLN_321_A,MET_324_A"
GLN_321_A,"ALA_317_A,MET_320_A,HIS_322_A,ASP_326_A"
HIS_322_A,"GLN_321_A,MET_323_A,ASP_326_A"
MET_323_A,"THR_252_A,PHE_319_A,HIS_322_A,MET_324_A"
MET_324_A,"MET_320_A,MET_323_A,ARG_325_A,LYS_328_A"
ARG_325_A,"MET_324_A,ASP_326_A"
ASP_326_A,"GLN_321_A,HIS_322_A,ARG_325_A,LYS_327_A"
LYS_327_A,"HIS_255_A,ASP_326_A,LYS_328_A"
LYS_328_A,"MET_324_A,LYS_327_A,VAL_329_A"
VAL_329_A,"LYS_328_A,LEU_330_A,GLU_333_A,LEU_334_A"
LEU_330_A,"VAL_329_A,ALA_331_A,GLU_333_A"
ALA_331_A,"LEU_330_A,GLY_332_A"
GLY_332_A,"ALA_331_A,GLU_333_A,GLU_353_A"
GLU_333_A,"VAL_329_A,LEU_330_A,GLY_332_A,LEU_334_A"
LEU_334_A,"VAL_329_A,GLU_333_A,ARG_335_A,GLY_350_A,ILE_356_A"
ARG_335_A,"LEU_334_A,LEU_336_A,LYS_349_A"
LEU_336_A,"THR_252_A,ARG_335_A,VAL_337_A,VAL_348_A,ILE_356_A"
VAL_337_A,"LEU_336_A,LEU_338_A"
LEU_338_A,"LEU_288_A,VAL_337_A,ALA_346_A"
PRO_339_A,THR_340_A
THR_340_A,"PRO_339_A,SER_341_A,THR_344_A"
SER_341_A,"THR_340_A,ILE_342_A,THR_344_A"
ILE_342_A,"PHE_201_A,SER_341_A,GLY_343_A"
GLY_343_A,"ILE_194_A,ILE_342_A,THR_344_A"
THR_344_A,"THR_340_A,SER_341_A,GLY_343_A,SER_345_A"
SER_345_A,"THR_344_A,ALA_346_A"
ALA_346_A,"LEU_338_A,SER_345_A,VAL_347_A"
VAL_347_A,"ALA_346_A,VAL_348_A"
VAL_348_A,"LEU_336_A,VAL_347_A,LYS_349_A,VAL_351_A"
LYS_349_A,"ARG_335_A,VAL_348_A,GLY_350_A"
GLY_350_A,"LEU_334_A,LYS_349_A,VAL_351_A"
VAL_351_A,"THR_282_A,VAL_348_A,GLY_350_A,ILE_356_A"
PRO_352_A,GLU_353_A
GLU_353_A,"GLY_332_A,PRO_352_A,ALA_354_A,ALA_357_A"
ALA_354_A,"GLU_353_A,VAL_355_A"
VAL_355_A,"LEU_285_A,ALA_354_A,ILE_356_A,ALA_359_A"
ILE_356_A,"PHE_253_A,LEU_334_A,LEU_336_A,VAL_351_A,VAL_355_A,ALA_357_A,ILE_360_A"
ALA_357_A,"PHE_316_A,GLU_353_A,ILE_356_A,GLN_358_A"
GLN_358_A,"LEU_285_A,ALA_357_A,ALA_359_A,TYR_362_A"
ALA_359_A,"VAL_355_A,GLN_358_A,ILE_360_A"
ILE_360_A,"THR_310_A,PHE_316_A,PHE_319_A,ILE_356_A,ALA_359_A,GLU_361_A"
GLU_361_A,"ILE_360_A,TYR_362_A,ARG_364_A"
TYR_362_A,"GLN_358_A,GLU_361_A,CYS_363_A,VAL_366_A"
CYS_363_A,"THR_310_A,TYR_362_A,ARG_364_A"
ARG_364_A,"MET_314_A,GLU_361_A,CYS_363_A,THR_365_A"
THR_365_A,"ARG_364_A,VAL_366_A"
VAL_366_A,"ARG_309_A,TYR_362_A,THR_365_A"
