residue_id,neighbors
GLU_4_B,ILE_5_B
ILE_5_B,"GLU_4_B,ARG_6_B,TYR_40_B,GLU_43_B"
ARG_6_B,"ILE_5_B,GLN_7_B,GLU_9_B,GLU_36_B,ASP_37_B,TYR_40_B,GLU_43_B"
GLN_7_B,"ARG_6_B,ASN_8_B"
ASN_8_B,"GLN_7_B,GLU_9_B,LYS_10_B,TYR_40_B"
GLU_9_B,"ARG_6_B,ASN_8_B,LYS_10_B"
LYS_10_B,"ASN_8_B,GLU_9_B,ILE_11_B,GLU_34_B,ASP_37_B,ASP_71_B"
ILE_11_B,"LYS_10_B,SER_12_B,LEU_24_B,TYR_40_B,LEU_44_B"
SER_12_B,"ILE_11_B,TYR_13_B,HIS_23_B"
TYR_13_B,"SER_12_B,ARG_14_B,PHE_20_B,LEU_44_B"
ARG_14_B,"TYR_13_B,ILE_15_B,GLU_16_B,ILE_21_B,HIS_23_B"
ILE_15_B,"ARG_14_B,GLU_16_B,PHE_20_B"
GLU_16_B,"ARG_14_B,ILE_15_B,GLY_17_B,PHE_19_B,ARG_218_B"
GLY_17_B,GLU_16_B
PRO_18_B,"PHE_19_B,TYR_55_B,LEU_226_B"
PHE_19_B,"GLU_16_B,PRO_18_B,PHE_20_B,PHE_56_B,ILE_58_B,LEU_217_B"
PHE_20_B,"TYR_13_B,ILE_15_B,PHE_19_B,ILE_21_B,ILE_22_B,ALA_48_B,VAL_54_B,PHE_56_B,ILE_58_B"
ILE_21_B,"ARG_14_B,PHE_20_B,ILE_22_B,LEU_214_B"
ILE_22_B,"PHE_20_B,ILE_21_B,HIS_23_B,LEU_45_B,ILE_58_B,GLN_60_B"
HIS_23_B,"SER_12_B,ARG_14_B,ILE_22_B,LEU_24_B,SER_61_B"
LEU_24_B,"ILE_11_B,HIS_23_B,ILE_25_B,GLN_60_B,SER_62_B"
ILE_25_B,"LEU_24_B,ASN_26_B"
ASN_26_B,"ILE_25_B,ASN_31_B"
PRO_27_B,"ASP_28_B,ASN_29_B,LEU_30_B"
ASP_28_B,"PRO_27_B,ASN_29_B"
ASN_29_B,"PRO_27_B,ASP_28_B,LEU_30_B"
LEU_30_B,"PRO_27_B,ASN_29_B,ASN_31_B,PHE_65_B"
ASN_31_B,"ASN_26_B,LEU_30_B,ALA_32_B,SER_61_B,SER_62_B,SER_67_B"
ALA_32_B,"ASN_31_B,LEU_33_B"
LEU_33_B,"ALA_32_B,GLU_34_B,ASP_37_B,TYR_38_B"
GLU_34_B,"LYS_10_B,LEU_33_B,GLY_35_B,ASP_37_B,ASP_71_B"
GLY_35_B,"GLU_34_B,GLU_36_B"
GLU_36_B,"ARG_6_B,GLY_35_B,ASP_37_B,ARG_100_B"
ASP_37_B,"ARG_6_B,LYS_10_B,LEU_33_B,GLU_34_B,GLU_36_B,TYR_38_B,TYR_40_B,LEU_41_B,ASP_71_B"
TYR_38_B,"LEU_33_B,ASP_37_B,ILE_39_B,LEU_126_B,SER_127_B"
ILE_39_B,"TYR_38_B,TYR_40_B,GLY_42_B,GLU_43_B,ARG_100_B,TYR_103_B"
TYR_40_B,"ILE_5_B,ARG_6_B,ASN_8_B,ILE_11_B,ASP_37_B,ILE_39_B,LEU_41_B,LEU_44_B"
LEU_41_B,"ASP_37_B,TYR_40_B,GLY_42_B,LEU_44_B,LEU_45_B"
GLY_42_B,"ILE_39_B,LEU_41_B,GLU_43_B,LEU_45_B,GLU_46_B"
GLU_43_B,"ILE_5_B,ARG_6_B,ILE_39_B,GLY_42_B,LEU_44_B,LEU_47_B"
LEU_44_B,"ILE_11_B,TYR_13_B,TYR_40_B,LEU_41_B,GLU_43_B,LEU_45_B,ALA_48_B"
LEU_45_B,"ILE_22_B,LEU_41_B,GLY_42_B,LEU_44_B,GLU_46_B,ASP_49_B,PHE_108_B"
GLU_46_B,"GLY_42_B,LEU_45_B,LEU_47_B,ASP_49_B,ARG_50_B,LYS_110_B"
LEU_47_B,"GLU_43_B,GLU_46_B,ALA_48_B"
ALA_48_B,"PHE_20_B,LEU_44_B,LEU_47_B,ASP_49_B"
ASP_49_B,"LEU_45_B,GLU_46_B,ALA_48_B,ARG_50_B,HIS_111_B,SER_112_B,LYS_113_B"
ARG_50_B,"GLU_46_B,ASP_49_B,ASN_51_B"
ASN_51_B,"ARG_50_B,ARG_52_B,ASP_53_B,VAL_54_B,LYS_113_B"
ARG_52_B,"ASN_51_B,ASP_53_B"
ASP_53_B,"ASN_51_B,ARG_52_B,VAL_54_B"
VAL_54_B,"PHE_20_B,ASN_51_B,ASP_53_B,TYR_55_B,LYS_113_B"
TYR_55_B,"PRO_18_B,VAL_54_B,PHE_56_B,LEU_226_B,LEU_230_B"
PHE_56_B,"PHE_19_B,PHE_20_B,TYR_55_B,THR_57_B,ILE_58_B,VAL_114_B,ILE_116_B,VAL_221_B"
THR_57_B,"PHE_56_B,ILE_58_B,ILE_116_B"
ILE_58_B,"PHE_19_B,PHE_20_B,ILE_22_B,PHE_56_B,THR_57_B,ILE_59_B,GLN_60_B,LEU_217_B"
ILE_59_B,"ILE_58_B,GLN_60_B,PHE_108_B,ILE_116_B"
GLN_60_B,"ILE_22_B,LEU_24_B,ILE_58_B,ILE_59_B,SER_61_B"
SER_61_B,"HIS_23_B,ASN_31_B,GLN_60_B,SER_62_B,PHE_66_B,ASN_210_B"
SER_62_B,"LEU_24_B,ASN_31_B,SER_61_B,GLY_63_B"
GLY_63_B,"SER_62_B,ARG_64_B"
ARG_64_B,"GLY_63_B,PHE_65_B"
PHE_65_B,"LEU_30_B,ARG_64_B,PHE_66_B,PRO_122_B,ILE_124_B"
PHE_66_B,"SER_61_B,PHE_65_B,SER_67_B,LEU_119_B,VAL_131_B"
SER_67_B,"ASN_31_B,PHE_66_B,SER_68_B,ILE_124_B,SER_127_B"
SER_68_B,"SER_67_B,GLY_69_B"
GLY_69_B,"SER_68_B,ALA_70_B"
ALA_70_B,"GLY_69_B,ASP_71_B"
ASP_71_B,"LYS_10_B,GLU_34_B,ASP_37_B,ALA_70_B,LYS_73_B"
PHE_72_B,"LYS_73_B,ALA_76_B"
LYS_73_B,"ASP_71_B,PHE_72_B,GLY_74_B"
GLY_74_B,"LYS_73_B,ILE_75_B"
ILE_75_B,"GLY_74_B,ALA_76_B,TRP_259_B"
ALA_76_B,"PHE_72_B,ILE_75_B,LYS_77_B"
LYS_77_B,"ALA_76_B,ALA_78_B,ASP_81_B"
ALA_78_B,"LYS_77_B,GLN_79_B"
GLN_79_B,"ALA_78_B,ASP_81_B,TRP_93_B,LEU_265_B"
GLY_80_B,ASP_81_B
ASP_81_B,"LYS_77_B,GLN_79_B,GLY_80_B,ASP_82_B"
ASP_82_B,"ASP_81_B,THR_83_B,LYS_85_B"
THR_83_B,"ASP_82_B,ASN_84_B"
ASN_84_B,THR_83_B
LYS_85_B,"ASP_82_B,TYR_86_B"
TYR_86_B,"LYS_85_B,LYS_92_B"
PRO_87_B,SER_88_B
SER_88_B,"PRO_87_B,GLU_89_B"
GLU_89_B,"SER_88_B,THR_90_B,LYS_92_B"
THR_90_B,"GLU_89_B,SER_91_B,VAL_94_B,LEU_256_B"
SER_91_B,"THR_90_B,LYS_92_B"
LYS_92_B,"TYR_86_B,GLU_89_B,SER_91_B,TRP_93_B,ASN_96_B"
TRP_93_B,"GLN_79_B,LYS_92_B,VAL_94_B,PHE_97_B,VAL_98_B,LEU_256_B,TRP_259_B,LEU_265_B"
VAL_94_B,"THR_90_B,TRP_93_B,SER_95_B,ALA_99_B"
SER_95_B,"VAL_94_B,ASN_96_B"
ASN_96_B,"LYS_92_B,SER_95_B,PHE_97_B"
PHE_97_B,"TRP_93_B,ASN_96_B,VAL_98_B"
VAL_98_B,"TRP_93_B,PHE_97_B,ALA_99_B,VAL_102_B,VAL_252_B"
ALA_99_B,"VAL_94_B,VAL_98_B,ARG_100_B"
ARG_100_B,"GLU_36_B,ILE_39_B,ALA_99_B,ASN_101_B"
ASN_101_B,"ARG_100_B,VAL_102_B,VAL_252_B"
VAL_102_B,"VAL_98_B,ASN_101_B,TYR_103_B"
TYR_103_B,"ILE_39_B,VAL_102_B,VAL_104_B,ALA_107_B"
VAL_104_B,"TYR_103_B,THR_105_B"
THR_105_B,"VAL_104_B,ASP_106_B,ILE_109_B"
ASP_106_B,"THR_105_B,ALA_107_B,ILE_109_B,LYS_110_B"
ALA_107_B,"TYR_103_B,ASP_106_B,PHE_108_B"
PHE_108_B,"LEU_45_B,ILE_59_B,ALA_107_B,ILE_109_B,LEU_130_B"
ILE_109_B,"THR_105_B,ASP_106_B,PHE_108_B,LYS_110_B,LYS_237_B,ILE_241_B,PHE_244_B"
LYS_110_B,"GLU_46_B,ASP_106_B,ILE_109_B,HIS_111_B"
HIS_111_B,"ASP_49_B,LYS_110_B,SER_112_B,LYS_233_B,LYS_237_B"
SER_112_B,"ASP_49_B,HIS_111_B,LYS_113_B"
LYS_113_B,"ASP_49_B,ASN_51_B,VAL_54_B,SER_112_B,VAL_114_B,LYS_233_B"
VAL_114_B,"PHE_56_B,LYS_113_B,LEU_115_B"
LEU_115_B,"VAL_114_B,ILE_116_B,ASP_135_B"
ILE_116_B,"PHE_56_B,THR_57_B,ILE_59_B,LEU_115_B,CYS_117_B,TYR_138_B"
CYS_117_B,"ILE_116_B,CYS_118_B,ILE_136_B"
CYS_118_B,"CYS_117_B,LEU_119_B,PHE_209_B"
LEU_119_B,"PHE_66_B,CYS_118_B,ASN_120_B,TYR_138_B,ILE_140_B"
ASN_120_B,"LEU_119_B,GLY_121_B"
GLY_121_B,ASN_120_B
PRO_122_B,"PHE_65_B,ALA_123_B,TYR_145_B"
ALA_123_B,"PRO_122_B,ILE_124_B,TYR_145_B,LEU_146_B,LEU_147_B"
ILE_124_B,"PHE_65_B,SER_67_B,ALA_123_B,GLY_125_B"
GLY_125_B,"ILE_124_B,LEU_126_B,SER_127_B,ALA_128_B,ALA_129_B,LEU_147_B"
LEU_126_B,"TYR_38_B,GLY_125_B,SER_127_B,LEU_130_B"
SER_127_B,"TYR_38_B,SER_67_B,GLY_125_B,LEU_126_B,ALA_128_B"
ALA_128_B,"GLY_125_B,SER_127_B,ALA_129_B,TYR_148_B"
ALA_129_B,"GLY_125_B,ALA_128_B,LEU_130_B,THR_161_B"
LEU_130_B,"PHE_108_B,LEU_126_B,ALA_129_B,VAL_131_B,LEU_133_B"
VAL_131_B,"PHE_66_B,LEU_130_B,ALA_132_B,CYS_134_B"
ALA_132_B,"VAL_131_B,LEU_133_B,LYS_168_B"
LEU_133_B,"LEU_130_B,ALA_132_B,CYS_134_B,PHE_244_B"
CYS_134_B,"VAL_131_B,LEU_133_B,ASP_135_B,LYS_168_B"
ASP_135_B,"LEU_115_B,CYS_134_B,ILE_136_B,LYS_233_B"
ILE_136_B,"CYS_117_B,ASP_135_B,VAL_137_B,TYR_138_B"
VAL_137_B,"ILE_136_B,TYR_138_B,SER_196_B"
TYR_138_B,"ILE_116_B,LEU_119_B,ILE_136_B,VAL_137_B,SER_139_B,LYS_197_B,PHE_199_B,VAL_213_B,LYS_220_B"
SER_139_B,"TYR_138_B,ILE_140_B,ASN_198_B,PHE_199_B"
ILE_140_B,"LEU_119_B,SER_139_B,ASN_141_B,ASN_200_B,MET_201_B,PHE_209_B"
ASN_141_B,"ILE_140_B,ASP_142_B,SER_203_B"
ASP_142_B,"ASN_141_B,LYS_143_B,TYR_186_B"
LYS_143_B,"ASP_142_B,VAL_144_B"
VAL_144_B,"LYS_143_B,TYR_145_B,TYR_186_B"
TYR_145_B,"PRO_122_B,ALA_123_B,VAL_144_B,LEU_146_B,LEU_147_B"
LEU_146_B,"ALA_123_B,TYR_145_B,LEU_147_B,TYR_148_B,PHE_184_B,MET_189_B,PHE_194_B"
LEU_147_B,"ALA_123_B,GLY_125_B,TYR_145_B,LEU_146_B,TYR_148_B"
TYR_148_B,"ALA_128_B,LEU_146_B,LEU_147_B,PHE_150_B,THR_161_B,LEU_165_B,LEU_178_B,PHE_184_B"
PRO_149_B,"PHE_150_B,LEU_153_B"
PHE_150_B,"TYR_148_B,PRO_149_B,ALA_151_B,LEU_153_B,LEU_155_B,GLU_158_B"
ALA_151_B,"PHE_150_B,ASN_152_B"
ASN_152_B,"ALA_151_B,LEU_153_B"
LEU_153_B,"PRO_149_B,PHE_150_B,ASN_152_B,GLY_154_B,LEU_155_B,PHE_268_B"
GLY_154_B,"LEU_153_B,LEU_155_B"
LEU_155_B,"PHE_150_B,LEU_153_B,GLY_154_B,ILE_156_B,PRO_264_B"
ILE_156_B,"LEU_155_B,THR_157_B"
THR_157_B,"ILE_156_B,GLU_158_B,THR_162_B"
GLU_158_B,"PHE_150_B,THR_157_B,GLY_159_B,THR_161_B"
GLY_159_B,"GLU_158_B,GLY_160_B"
GLY_160_B,"GLY_159_B,THR_161_B,SER_164_B,GLU_251_B"
THR_161_B,"ALA_129_B,TYR_148_B,GLU_158_B,GLY_160_B,THR_162_B,VAL_163_B,SER_164_B,LEU_165_B"
THR_162_B,"THR_157_B,THR_161_B,VAL_163_B,GLU_251_B"
VAL_163_B,"THR_161_B,THR_162_B,SER_164_B,PHE_244_B,ALA_247_B"
SER_164_B,"GLY_160_B,THR_161_B,VAL_163_B,LEU_165_B,LYS_168_B"
LEU_165_B,"TYR_148_B,THR_161_B,SER_164_B,PHE_169_B,LEU_178_B"
PRO_166_B,"LEU_167_B,THR_174_B"
LEU_167_B,"PRO_166_B,LYS_168_B"
LYS_168_B,"ALA_132_B,CYS_134_B,SER_164_B,LEU_167_B,PHE_169_B"
PHE_169_B,"LEU_165_B,LYS_168_B,GLY_170_B,PHE_184_B,MET_189_B,PHE_194_B"
GLY_170_B,"PHE_169_B,THR_171_B,THR_174_B"
THR_171_B,"GLY_170_B,ASN_172_B,THR_174_B"
ASN_172_B,"THR_171_B,THR_173_B,GLU_176_B"
THR_173_B,"ASN_172_B,THR_174_B,CYS_177_B"
THR_174_B,"PRO_166_B,GLY_170_B,THR_171_B,THR_173_B,TYR_175_B,LEU_178_B"
TYR_175_B,"THR_174_B,GLU_176_B,CYS_177_B,MET_179_B"
GLU_176_B,"ASN_172_B,TYR_175_B,CYS_177_B,LYS_182_B"
CYS_177_B,"THR_173_B,TYR_175_B,GLU_176_B,LEU_178_B,ASN_181_B,PHE_184_B"
LEU_178_B,"TYR_148_B,LEU_165_B,THR_174_B,CYS_177_B,MET_179_B"
MET_179_B,"TYR_175_B,LEU_178_B,PHE_180_B"
PHE_180_B,"MET_179_B,ASN_181_B"
ASN_181_B,"CYS_177_B,PHE_180_B,LYS_182_B"
LYS_182_B,"GLU_176_B,ASN_181_B"
PRO_183_B,PHE_184_B
PHE_184_B,"LEU_146_B,TYR_148_B,PHE_169_B,CYS_177_B,PRO_183_B,LYS_185_B"
LYS_185_B,"PHE_184_B,TYR_186_B"
TYR_186_B,"ASP_142_B,VAL_144_B,LYS_185_B,ASP_187_B,MET_189_B,CYS_190_B,ILE_195_B"
ASP_187_B,"TYR_186_B,ILE_188_B,GLU_191_B"
ILE_188_B,"ASP_187_B,MET_189_B,ASN_192_B"
MET_189_B,"LEU_146_B,PHE_169_B,TYR_186_B,ILE_188_B,CYS_190_B,PHE_194_B,ILE_195_B"
CYS_190_B,"TYR_186_B,MET_189_B,GLU_191_B,GLY_193_B"
GLU_191_B,"ASP_187_B,CYS_190_B,ASN_192_B"
ASN_192_B,"ILE_188_B,GLU_191_B,GLY_193_B"
GLY_193_B,"CYS_190_B,ASN_192_B,PHE_194_B"
PHE_194_B,"LEU_146_B,PHE_169_B,MET_189_B,GLY_193_B,ILE_195_B"
ILE_195_B,"TYR_186_B,MET_189_B,PHE_194_B,SER_196_B"
SER_196_B,"VAL_137_B,ILE_195_B,LYS_197_B"
LYS_197_B,"TYR_138_B,SER_196_B,ASN_198_B,PHE_199_B,GLU_216_B"
ASN_198_B,"SER_139_B,LYS_197_B,PHE_199_B"
PHE_199_B,"TYR_138_B,SER_139_B,LYS_197_B,ASN_198_B,ASN_200_B,PHE_209_B,LYS_212_B,VAL_213_B"
ASN_200_B,"ILE_140_B,PHE_199_B,MET_201_B"
MET_201_B,"ILE_140_B,ASN_200_B,ALA_208_B"
PRO_202_B,SER_203_B
SER_203_B,"ASN_141_B,PRO_202_B,SER_204_B"
SER_204_B,"SER_203_B,ASN_205_B,ALA_206_B"
ASN_205_B,"SER_204_B,ALA_206_B"
ALA_206_B,"SER_204_B,ASN_205_B,GLU_207_B,ASN_210_B"
GLU_207_B,"ALA_206_B,ALA_208_B"
ALA_208_B,"MET_201_B,GLU_207_B,PHE_209_B,LYS_212_B"
PHE_209_B,"CYS_118_B,ILE_140_B,PHE_199_B,ALA_208_B,ASN_210_B,VAL_213_B"
ASN_210_B,"SER_61_B,ALA_206_B,PHE_209_B,ALA_211_B"
ALA_211_B,"ASN_210_B,LYS_212_B,GLU_215_B"
LYS_212_B,"PHE_199_B,ALA_208_B,ALA_211_B,VAL_213_B,GLU_215_B,GLU_216_B"
VAL_213_B,"TYR_138_B,PHE_199_B,PHE_209_B,LYS_212_B,LEU_214_B,LEU_217_B"
LEU_214_B,"ILE_21_B,VAL_213_B,GLU_215_B,LEU_217_B"
GLU_215_B,"ALA_211_B,LYS_212_B,LEU_214_B,GLU_216_B,ARG_218_B"
GLU_216_B,"LYS_197_B,LYS_212_B,GLU_215_B,LEU_217_B,LYS_220_B"
LEU_217_B,"PHE_19_B,ILE_58_B,VAL_213_B,LEU_214_B,GLU_216_B,ARG_218_B"
ARG_218_B,"GLU_16_B,GLU_215_B,LEU_217_B,GLU_219_B"
GLU_219_B,"ARG_218_B,LYS_220_B,LYS_222_B"
LYS_220_B,"TYR_138_B,GLU_216_B,GLU_219_B,VAL_221_B"
VAL_221_B,"PHE_56_B,LYS_220_B,LYS_222_B"
LYS_222_B,"GLU_219_B,VAL_221_B,GLY_223_B"
GLY_223_B,"LYS_222_B,LEU_224_B"
LEU_224_B,"GLY_223_B,TYR_225_B"
TYR_225_B,"LEU_224_B,LEU_226_B,PRO_227_B,SER_228_B"
LEU_226_B,"PRO_18_B,TYR_55_B,TYR_225_B"
PRO_227_B,"TYR_225_B,SER_228_B,GLY_231_B"
SER_228_B,"TYR_225_B,PRO_227_B,CYS_229_B"
CYS_229_B,"SER_228_B,LEU_230_B"
LEU_230_B,"TYR_55_B,CYS_229_B,GLY_231_B,LYS_234_B"
GLY_231_B,"PRO_227_B,LEU_230_B,MET_232_B"
MET_232_B,"GLY_231_B,LYS_233_B,LEU_236_B"
LYS_233_B,"HIS_111_B,LYS_113_B,ASP_135_B,MET_232_B,LYS_234_B,LYS_237_B"
LYS_234_B,"LEU_230_B,LYS_233_B,LEU_235_B"
LEU_235_B,"LYS_234_B,LEU_236_B,SER_238_B"
LEU_236_B,"MET_232_B,LEU_235_B,LYS_237_B"
LYS_237_B,"ILE_109_B,HIS_111_B,LYS_233_B,LEU_236_B,SER_238_B,ILE_241_B"
SER_238_B,"LEU_235_B,LYS_237_B,ASN_239_B"
ASN_239_B,"SER_238_B,HIS_240_B"
HIS_240_B,"ASN_239_B,ILE_241_B"
ILE_241_B,"ILE_109_B,LYS_237_B,HIS_240_B,ASP_242_B"
ASP_242_B,"ILE_241_B,ALA_243_B,LYS_246_B"
ALA_243_B,"ASP_242_B,PHE_244_B,ALA_247_B"
PHE_244_B,"ILE_109_B,LEU_133_B,VAL_163_B,ALA_243_B,ASN_245_B,ASN_248_B"
ASN_245_B,"PHE_244_B,LYS_246_B"
LYS_246_B,"ASP_242_B,ASN_245_B,ALA_247_B"
ALA_247_B,"VAL_163_B,ALA_243_B,LYS_246_B,ASN_248_B,GLU_251_B"
ASN_248_B,"PHE_244_B,ALA_247_B,SER_249_B"
SER_249_B,"ASN_248_B,VAL_250_B,ASN_253_B"
VAL_250_B,"SER_249_B,GLU_251_B,GLU_254_B"
GLU_251_B,"GLY_160_B,THR_162_B,ALA_247_B,VAL_250_B,VAL_252_B"
VAL_252_B,"VAL_98_B,ASN_101_B,GLU_251_B,ASN_253_B"
ASN_253_B,"SER_249_B,VAL_252_B,GLU_254_B"
GLU_254_B,"VAL_250_B,ASN_253_B,SER_255_B,LYS_257_B"
SER_255_B,"GLU_254_B,LEU_256_B,LYS_257_B,TYR_258_B"
LEU_256_B,"THR_90_B,TRP_93_B,SER_255_B,LYS_257_B"
LYS_257_B,"GLU_254_B,SER_255_B,LEU_256_B,TYR_258_B"
TYR_258_B,"SER_255_B,LYS_257_B,TRP_259_B"
TRP_259_B,"ILE_75_B,TRP_93_B,TYR_258_B,VAL_260_B,PHE_268_B"
VAL_260_B,"TRP_259_B,ASP_261_B"
ASP_261_B,"VAL_260_B,GLY_262_B,GLU_263_B"
GLY_262_B,"ASP_261_B,GLU_263_B"
GLU_263_B,"ASP_261_B,GLY_262_B,LEU_265_B,LYS_266_B,ARG_267_B"
PRO_264_B,"LEU_155_B,LEU_265_B,PHE_268_B"
LEU_265_B,"GLN_79_B,TRP_93_B,GLU_263_B,PRO_264_B,LYS_266_B"
LYS_266_B,"GLU_263_B,LEU_265_B,ARG_267_B"
ARG_267_B,"GLU_263_B,LYS_266_B,PHE_268_B"
PHE_268_B,"LEU_153_B,TRP_259_B,PRO_264_B,ARG_267_B,ARG_269_B"
ARG_269_B,"PHE_268_B,GLN_270_B"
GLN_270_B,"ARG_269_B,LEU_271_B"
LEU_271_B,"GLN_270_B,GLY_272_B"
GLY_272_B,"LEU_271_B,SER_273_B"
SER_273_B,"GLY_272_B,LYS_274_B"
LYS_274_B,SER_273_B
