residue_id,neighbors
MET_1_J,ILE_2_J
ILE_2_J,"MET_1_J,VAL_3_J"
VAL_3_J,"ILE_2_J,MET_49_J,HIS_53_J"
PRO_4_J,"VAL_5_J,PHE_8_J"
VAL_5_J,"PRO_4_J,ARG_6_J"
ARG_6_J,"VAL_5_J,CYS_7_J"
CYS_7_J,"ARG_6_J,PHE_8_J,GLY_11_J,LYS_12_J"
PHE_8_J,"PRO_4_J,CYS_7_J,SER_9_J"
SER_9_J,"PHE_8_J,CYS_10_J,ARG_48_J"
CYS_10_J,"SER_9_J,GLY_11_J"
GLY_11_J,"CYS_7_J,CYS_10_J,LYS_12_J"
LYS_12_J,"CYS_7_J,GLY_11_J,VAL_13_J"
VAL_13_J,"LYS_12_J,VAL_14_J"
VAL_14_J,"VAL_13_J,GLY_15_J"
GLY_15_J,"VAL_14_J,ASP_16_J"
ASP_16_J,"GLY_15_J,LYS_17_J,TRP_18_J,GLU_19_J"
LYS_17_J,"ASP_16_J,TRP_18_J,TYR_21_J,LEU_39_J"
TRP_18_J,"ASP_16_J,LYS_17_J,GLU_19_J,TYR_21_J,LEU_22_J,HIS_53_J"
GLU_19_J,"ASP_16_J,TRP_18_J,SER_20_J"
SER_20_J,"GLU_19_J,TYR_21_J,LEU_24_J"
TYR_21_J,"LYS_17_J,TRP_18_J,SER_20_J,LEU_22_J,LEU_25_J,LEU_39_J,ILE_50_J"
LEU_22_J,"TRP_18_J,TYR_21_J,ASN_23_J,GLN_26_J"
ASN_23_J,"LEU_22_J,LEU_24_J,GLU_27_J,ASP_28_J"
LEU_24_J,"SER_20_J,ASN_23_J,LEU_25_J,GLU_29_J,LEU_30_J,ARG_38_J,LEU_39_J"
LEU_25_J,"TYR_21_J,LEU_24_J,GLN_26_J"
GLN_26_J,"LEU_22_J,LEU_25_J,GLU_27_J"
GLU_27_J,"ASN_23_J,GLN_26_J,ASP_28_J"
ASP_28_J,"ASN_23_J,GLU_27_J,GLU_29_J,LEU_30_J"
GLU_29_J,"LEU_24_J,ASP_28_J,LEU_30_J"
LEU_30_J,"LEU_24_J,ASP_28_J,GLU_29_J,ASP_31_J"
ASP_31_J,"LEU_30_J,GLU_32_J,GLY_33_J,THR_34_J,ALA_35_J"
GLU_32_J,"ASP_31_J,GLY_33_J,LEU_36_J"
GLY_33_J,"ASP_31_J,GLU_32_J,THR_34_J"
THR_34_J,"ASP_31_J,GLY_33_J,ALA_35_J,SER_37_J,ARG_38_J"
ALA_35_J,"ASP_31_J,THR_34_J,LEU_36_J,ARG_38_J"
LEU_36_J,"GLU_32_J,ALA_35_J,SER_37_J,GLY_40_J,ARG_47_J"
SER_37_J,"THR_34_J,LEU_36_J,ARG_38_J"
ARG_38_J,"LEU_24_J,THR_34_J,ALA_35_J,SER_37_J,LEU_39_J"
LEU_39_J,"LYS_17_J,TYR_21_J,LEU_24_J,ARG_38_J,GLY_40_J"
GLY_40_J,"LEU_36_J,LEU_39_J,LEU_41_J,LYS_42_J"
LEU_41_J,"GLY_40_J,LYS_42_J,ARG_47_J"
LYS_42_J,"GLY_40_J,LEU_41_J,ARG_43_J,TYR_44_J,ARG_47_J"
ARG_43_J,"LYS_42_J,TYR_44_J,CYS_45_J,CYS_46_J"
TYR_44_J,"LYS_42_J,ARG_43_J,CYS_45_J"
CYS_45_J,"ARG_43_J,TYR_44_J,CYS_46_J,ARG_48_J"
CYS_46_J,"ARG_43_J,CYS_45_J,ARG_47_J"
ARG_47_J,"LEU_36_J,LEU_41_J,LYS_42_J,CYS_46_J,ARG_48_J,LEU_51_J"
ARG_48_J,"SER_9_J,CYS_45_J,ARG_47_J,MET_49_J,THR_52_J"
MET_49_J,"VAL_3_J,ARG_48_J,ILE_50_J"
ILE_50_J,"TYR_21_J,MET_49_J,LEU_51_J"
LEU_51_J,"ARG_47_J,ILE_50_J,THR_52_J"
THR_52_J,"ARG_48_J,LEU_51_J,HIS_53_J"
HIS_53_J,"VAL_3_J,TRP_18_J,THR_52_J,VAL_54_J,ASP_55_J"
VAL_54_J,"HIS_53_J,ASP_55_J"
ASP_55_J,"HIS_53_J,VAL_54_J,LEU_56_J,ILE_57_J,GLU_58_J"
LEU_56_J,"ASP_55_J,ILE_57_J,LYS_59_J"
ILE_57_J,"ASP_55_J,LEU_56_J,GLU_58_J,LYS_59_J,PHE_60_J,LEU_61_J"
GLU_58_J,"ASP_55_J,ILE_57_J,LYS_59_J"
LYS_59_J,"LEU_56_J,ILE_57_J,GLU_58_J,PHE_60_J"
PHE_60_J,"ILE_57_J,LYS_59_J,LEU_61_J"
LEU_61_J,"ILE_57_J,PHE_60_J,ARG_62_J"
ARG_62_J,"LEU_61_J,TYR_63_J,ASP_70_J"
TYR_63_J,"ARG_62_J,ASN_64_J"
ASN_64_J,"TYR_63_J,LEU_66_J,GLU_67_J,LYS_68_J"
PRO_65_J,LEU_66_J
LEU_66_J,"ASN_64_J,PRO_65_J,GLU_67_J"
GLU_67_J,"ASN_64_J,LEU_66_J,LYS_68_J"
LYS_68_J,"ASN_64_J,GLU_67_J,ARG_69_J"
ARG_69_J,"LYS_68_J,ASP_70_J"
ASP_70_J,"ARG_62_J,ARG_69_J"
