residue_id,neighbors
GLN_1_H,VAL_2_H
VAL_2_H,"GLN_1_H,GLN_3_H,ASP_27_H,HIS_102_H"
GLN_3_H,"VAL_2_H,LEU_4_H,SER_25_H"
LEU_4_H,"GLN_3_H,GLN_5_H"
GLN_5_H,"LEU_4_H,GLU_6_H,THR_23_H"
GLU_6_H,"GLN_5_H,SER_7_H,CYS_92_H,THR_107_H"
SER_7_H,"GLU_6_H,GLY_8_H,THR_21_H"
GLY_8_H,SER_7_H
PRO_9_H,"GLY_10_H,LEU_11_H"
GLY_10_H,"PRO_9_H,LEU_11_H,THR_110_H"
LEU_11_H,"PRO_9_H,GLY_10_H,VAL_12_H,PHE_148_H"
VAL_12_H,"LEU_11_H,LYS_13_H,VAL_109_H,VAL_111_H"
LYS_13_H,VAL_12_H
PRO_14_H,"SER_15_H,VAL_111_H"
SER_15_H,"PRO_14_H,GLU_16_H,MET_82_H"
GLU_16_H,"SER_15_H,THR_17_H,MET_82_H"
THR_17_H,"GLU_16_H,LEU_18_H"
LEU_18_H,"THR_17_H,SER_19_H,LEU_20_H,LEU_82_H,MET_82_H"
SER_19_H,"LEU_18_H,LEU_20_H,ASN_81_H"
LEU_20_H,"LEU_18_H,SER_19_H,THR_21_H,TRP_36_H,LEU_80_H,TYR_90_H"
THR_21_H,"SER_7_H,LEU_20_H,CYS_22_H"
CYS_22_H,"THR_21_H,THR_23_H,TRP_36_H,PHE_78_H,CYS_92_H"
THR_23_H,"GLN_5_H,CYS_22_H,VAL_24_H,GLN_77_H"
VAL_24_H,"THR_23_H,SER_25_H,TRP_35_H"
SER_25_H,"GLN_3_H,VAL_24_H,GLY_26_H"
GLY_26_H,"SER_25_H,ASP_27_H"
ASP_27_H,"VAL_2_H,GLY_26_H,SER_28_H,TYR_34_H,ASN_76_H"
SER_28_H,"ASP_27_H,VAL_29_H,SER_30_H"
VAL_29_H,"SER_28_H,SER_30_H,ASN_76_H"
SER_30_H,"SER_28_H,VAL_29_H,SER_31_H"
SER_31_H,"SER_30_H,THR_32_H"
THR_32_H,"SER_31_H,ASN_33_H,TYR_52_H"
ASN_33_H,"THR_32_H,TYR_34_H,ALA_97_H"
TYR_34_H,"ASP_27_H,ASN_33_H,TYR_35_H,TRP_35_H"
GLY_35_H,"TRP_35_H,TRP_36_H,ALA_93_H"
TRP_35_H,"VAL_24_H,TYR_34_H,TYR_35_H,GLY_35_H,ILE_51_H,PHE_78_H,ASN_94_H"
TYR_35_H,"TYR_34_H,TRP_35_H,TYR_52_H,SER_95_H,ALA_97_H,LEU_100_H"
TRP_36_H,"LEU_20_H,CYS_22_H,GLY_35_H,ILE_37_H,ILE_48_H,GLY_49_H,PHE_78_H,CYS_92_H"
ILE_37_H,"TRP_36_H,ARG_38_H,PHE_91_H,PHE_100_H"
ARG_38_H,"ILE_37_H,GLN_39_H,GLU_46_H,ILE_48_H,ARG_66_H,ASP_86_H,TYR_90_H"
GLN_39_H,"ARG_38_H,VAL_89_H"
PRO_40_H,LYS_43_H
PRO_41_H,GLY_42_H
GLY_42_H,"PRO_41_H,LYS_43_H"
LYS_43_H,"PRO_40_H,GLY_42_H,GLY_44_H"
GLY_44_H,"LYS_43_H,LEU_45_H"
LEU_45_H,"GLY_44_H,GLU_46_H"
GLU_46_H,"ARG_38_H,LEU_45_H,TRP_47_H"
TRP_47_H,"GLU_46_H,ILE_48_H,SER_60_H"
ILE_48_H,"TRP_36_H,ARG_38_H,TRP_47_H,GLY_49_H,SER_60_H,VAL_67_H,TYR_90_H"
GLY_49_H,"TRP_36_H,ILE_48_H,SER_50_H"
SER_50_H,"GLY_49_H,ILE_51_H,TYR_58_H"
ILE_51_H,"TRP_35_H,SER_50_H,TYR_52_H,THR_57_H,ILE_69_H,LEU_71_H"
TYR_52_H,"THR_32_H,TYR_35_H,ILE_51_H,TYR_53_H,ILE_56_H"
TYR_53_H,"TYR_52_H,ARG_54_H,GLY_55_H,THR_73_H"
ARG_54_H,"TYR_53_H,GLY_55_H"
GLY_55_H,"TYR_53_H,ARG_54_H,ILE_56_H"
ILE_56_H,"TYR_52_H,GLY_55_H,THR_57_H,TYR_58_H"
THR_57_H,"ILE_51_H,ILE_56_H,TYR_58_H"
TYR_58_H,"SER_50_H,ILE_56_H,THR_57_H,ASN_59_H"
ASN_59_H,"TYR_58_H,SER_60_H,MET_64_H"
SER_60_H,"TRP_47_H,ILE_48_H,ASN_59_H,MET_64_H"
PRO_61_H,SER_62_H
SER_62_H,"PRO_61_H,LEU_63_H"
LEU_63_H,"SER_62_H,MET_64_H,ASN_65_H,ARG_66_H,VAL_67_H"
MET_64_H,"ASN_59_H,SER_60_H,LEU_63_H,ASN_65_H"
ASN_65_H,"LEU_63_H,MET_64_H,ARG_66_H"
ARG_66_H,"ARG_38_H,LEU_63_H,ASN_65_H,VAL_67_H,LEU_82_H,SER_82_H,SER_82_H,ASP_86_H"
VAL_67_H,"ILE_48_H,LEU_63_H,ARG_66_H,THR_68_H"
THR_68_H,"VAL_67_H,ILE_69_H,ASN_81_H"
ILE_69_H,"ILE_51_H,THR_68_H,SER_70_H"
SER_70_H,"ILE_69_H,LEU_71_H,SER_79_H"
LEU_71_H,"ILE_51_H,SER_70_H,ASP_72_H"
ASP_72_H,"LEU_71_H,THR_73_H,LYS_75_H,ASN_76_H,GLN_77_H"
THR_73_H,"TYR_53_H,ASP_72_H,ALA_74_H"
ALA_74_H,"THR_73_H,LYS_75_H"
LYS_75_H,"ASP_72_H,ALA_74_H,ASN_76_H"
ASN_76_H,"ASP_27_H,VAL_29_H,ASP_72_H,LYS_75_H,GLN_77_H"
GLN_77_H,"THR_23_H,ASP_72_H,ASN_76_H,PHE_78_H"
PHE_78_H,"CYS_22_H,TRP_35_H,TRP_36_H,GLN_77_H,SER_79_H,CYS_92_H"
SER_79_H,"SER_70_H,PHE_78_H,LEU_80_H"
LEU_80_H,"LEU_20_H,SER_79_H,ASN_81_H"
ASN_81_H,"SER_19_H,THR_68_H,LEU_80_H,LEU_82_H"
MET_82_H,"SER_15_H,GLU_16_H,LEU_18_H,SER_82_H,THR_83_H,ASP_86_H,VAL_111_H"
LEU_82_H,"LEU_18_H,ARG_66_H,ASN_81_H,SER_82_H"
SER_82_H,"ARG_66_H,ARG_66_H,LEU_82_H,SER_82_H,SER_82_H,MET_82_H"
THR_83_H,"MET_82_H,ALA_84_H,ASP_86_H"
ALA_84_H,"THR_83_H,ALA_85_H"
ALA_85_H,"ALA_84_H,ASP_86_H"
ASP_86_H,"ARG_38_H,ARG_66_H,MET_82_H,THR_83_H,ALA_85_H,THR_87_H,TYR_90_H"
THR_87_H,"ASP_86_H,ALA_88_H,VAL_111_H"
ALA_88_H,"THR_87_H,VAL_89_H,VAL_109_H"
VAL_89_H,"GLN_39_H,ALA_88_H,TYR_90_H,PHE_91_H"
TYR_90_H,"LEU_20_H,ARG_38_H,ILE_48_H,ASP_86_H,VAL_89_H,PHE_91_H,THR_107_H,VAL_109_H"
PHE_91_H,"ILE_37_H,VAL_89_H,TYR_90_H,CYS_92_H,TRP_103_H"
CYS_92_H,"GLU_6_H,CYS_22_H,TRP_36_H,PHE_78_H,PHE_91_H,ALA_93_H,GLY_104_H"
ALA_93_H,"GLY_35_H,CYS_92_H,ASN_94_H"
ASN_94_H,"TRP_35_H,ALA_93_H,SER_95_H"
SER_95_H,"TYR_35_H,ASN_94_H,ILE_96_H"
ILE_96_H,"SER_95_H,ALA_97_H,TYR_100_H,HIS_101_H"
ALA_97_H,"ASN_33_H,TYR_35_H,ILE_96_H,VAL_98_H"
VAL_98_H,"ALA_97_H,SER_99_H,GLY_100_H"
SER_99_H,"VAL_98_H,GLY_100_H"
TYR_100_H,"ILE_96_H,LEU_100_H,PHE_100_H,HIS_101_H"
PRO_100_H,LEU_100_H
LEU_100_H,"TYR_35_H,PRO_100_H,TYR_100_H"
PHE_100_H,"ILE_37_H,TYR_100_H,HIS_101_H,TRP_103_H"
GLY_100_H,"VAL_98_H,SER_99_H"
HIS_101_H,"ILE_96_H,TYR_100_H,PHE_100_H,HIS_102_H"
HIS_102_H,"VAL_2_H,HIS_101_H,TRP_103_H"
TRP_103_H,"PHE_91_H,PHE_100_H,HIS_102_H,GLY_104_H"
GLY_104_H,"CYS_92_H,TRP_103_H,GLN_105_H"
GLN_105_H,"GLY_104_H,GLY_106_H"
GLY_106_H,"GLN_105_H,THR_107_H"
THR_107_H,"GLU_6_H,TYR_90_H,GLY_106_H,LEU_108_H"
LEU_108_H,"THR_107_H,VAL_109_H,GLU_150_H"
VAL_109_H,"VAL_12_H,ALA_88_H,TYR_90_H,LEU_108_H,THR_110_H"
THR_110_H,"GLY_10_H,VAL_109_H,VAL_111_H"
VAL_111_H,"VAL_12_H,PRO_14_H,MET_82_H,THR_87_H,THR_110_H,SER_112_H"
SER_112_H,"VAL_111_H,SER_113_H,ALA_114_H"
SER_113_H,"SER_112_H,ALA_114_H"
ALA_114_H,"SER_112_H,SER_113_H,SER_115_H,PHE_148_H"
SER_115_H,"ALA_114_H,THR_116_H"
THR_116_H,"SER_115_H,LYS_117_H"
LYS_117_H,"THR_116_H,GLY_118_H,ASP_146_H,PHE_148_H"
GLY_118_H,LYS_117_H
PRO_119_H,"SER_120_H,VAL_144_H,TYR_147_H"
SER_120_H,"PRO_119_H,VAL_121_H,LYS_145_H"
VAL_121_H,"SER_120_H,PHE_122_H,VAL_210_H,VAL_219_H"
PHE_122_H,"VAL_121_H,LEU_143_H"
PRO_123_H,LEU_124_H
LEU_124_H,"PRO_123_H,ALA_125_H,GLY_141_H"
ALA_125_H,LEU_124_H
PRO_126_H,SER_127_H
SER_127_H,PRO_126_H
GLY_136_H,"THR_137_H,SER_195_H"
THR_137_H,"GLY_136_H,ALA_138_H"
ALA_138_H,"THR_137_H,ALA_139_H,VAL_193_H,LEU_198_H"
ALA_139_H,"ALA_138_H,LEU_140_H"
LEU_140_H,"ALA_139_H,GLY_141_H,TRP_157_H,VAL_191_H,VAL_193_H,TYR_206_H"
GLY_141_H,"LEU_124_H,LEU_140_H,CYS_142_H"
CYS_142_H,"GLY_141_H,LEU_143_H,SER_189_H,CYS_208_H"
LEU_143_H,"PHE_122_H,CYS_142_H,VAL_144_H"
VAL_144_H,"PRO_119_H,LEU_143_H,LYS_145_H,LEU_187_H"
LYS_145_H,"SER_120_H,VAL_144_H,ASP_146_H"
ASP_146_H,"LYS_117_H,LYS_145_H,TYR_147_H,LEU_184_H,TYR_185_H"
TYR_147_H,"PRO_119_H,ASP_146_H,PHE_148_H,VAL_152_H,TYR_185_H"
PHE_148_H,"LEU_11_H,ALA_114_H,LYS_117_H,TYR_147_H,TYR_185_H"
PRO_149_H,"GLU_150_H,HIS_212_H"
GLU_150_H,"LEU_108_H,PRO_149_H"
PRO_151_H,VAL_152_H
VAL_152_H,"TYR_147_H,PRO_151_H,THR_153_H,LEU_187_H"
THR_153_H,"VAL_152_H,VAL_154_H,ASN_211_H"
VAL_154_H,"THR_153_H,SER_156_H"
SER_156_H,"VAL_154_H,TRP_157_H,ASN_209_H"
TRP_157_H,"LEU_140_H,SER_156_H,ASN_162_H,LEU_166_H,CYS_208_H"
ASN_162_H,"TRP_157_H,SER_163_H,ALA_165_H,ILE_207_H"
SER_163_H,"ASN_162_H,GLY_164_H,ASN_209_H"
GLY_164_H,"SER_163_H,ALA_165_H"
ALA_165_H,"ASN_162_H,GLY_164_H,LEU_166_H"
LEU_166_H,"TRP_157_H,ALA_165_H,THR_167_H,TYR_206_H"
THR_167_H,"LEU_166_H,SER_168_H"
SER_168_H,"THR_167_H,GLY_169_H"
GLY_169_H,"SER_168_H,VAL_171_H"
VAL_171_H,"GLY_169_H,HIS_172_H,VAL_191_H"
HIS_172_H,"VAL_171_H,THR_173_H,VAL_190_H"
THR_173_H,"HIS_172_H,PHE_174_H,SER_189_H"
PHE_174_H,THR_173_H
PRO_175_H,ALA_176_H
ALA_176_H,"PRO_175_H,VAL_177_H"
VAL_177_H,"ALA_176_H,LEU_178_H"
LEU_178_H,"VAL_177_H,GLN_179_H,TYR_185_H"
GLN_179_H,"LEU_178_H,SER_180_H,SER_182_H,GLY_183_H,LEU_184_H"
SER_180_H,"GLN_179_H,SER_182_H"
SER_182_H,"GLN_179_H,SER_180_H,GLY_183_H"
GLY_183_H,"GLN_179_H,SER_182_H,LEU_184_H"
LEU_184_H,"ASP_146_H,GLN_179_H,GLY_183_H,TYR_185_H"
TYR_185_H,"ASP_146_H,TYR_147_H,PHE_148_H,LEU_178_H,LEU_184_H,SER_186_H"
SER_186_H,"TYR_185_H,LEU_187_H"
LEU_187_H,"VAL_144_H,VAL_152_H,SER_186_H,SER_188_H"
SER_188_H,"LEU_187_H,SER_189_H"
SER_189_H,"CYS_142_H,THR_173_H,SER_188_H,VAL_190_H"
VAL_190_H,"HIS_172_H,SER_189_H,VAL_191_H"
VAL_191_H,"LEU_140_H,VAL_171_H,VAL_190_H,THR_192_H"
THR_192_H,"VAL_191_H,VAL_193_H"
VAL_193_H,"ALA_138_H,LEU_140_H,THR_192_H,LEU_198_H,TYR_206_H"
PRO_194_H,"SER_195_H,SER_197_H"
SER_195_H,"GLY_136_H,PRO_194_H,SER_196_H"
SER_196_H,"SER_195_H,SER_197_H,LEU_198_H"
SER_197_H,"PRO_194_H,SER_196_H,LEU_198_H,GLY_199_H,THR_200_H,GLN_203_H,TYR_206_H"
LEU_198_H,"ALA_138_H,VAL_193_H,SER_196_H,SER_197_H,GLY_199_H"
GLY_199_H,"SER_197_H,LEU_198_H,THR_200_H"
THR_200_H,"SER_197_H,GLY_199_H,GLN_203_H"
GLN_203_H,"SER_197_H,THR_200_H,THR_205_H,TYR_206_H"
THR_205_H,"GLN_203_H,TYR_206_H"
TYR_206_H,"LEU_140_H,LEU_166_H,VAL_193_H,SER_197_H,GLN_203_H,THR_205_H,ILE_207_H,VAL_225_H"
ILE_207_H,"ASN_162_H,TYR_206_H,CYS_208_H"
CYS_208_H,"CYS_142_H,TRP_157_H,ILE_207_H,ASN_209_H"
ASN_209_H,"SER_156_H,SER_163_H,CYS_208_H,VAL_210_H,ASP_220_H"
VAL_210_H,"VAL_121_H,ASN_209_H,ASN_211_H,VAL_219_H"
ASN_211_H,"THR_153_H,VAL_210_H,HIS_212_H,LYS_218_H"
HIS_212_H,"PRO_149_H,ASN_211_H,LYS_213_H,SER_215_H,ASN_216_H,THR_217_H"
LYS_213_H,"HIS_212_H,SER_215_H,ASN_216_H"
PRO_214_H,SER_215_H
SER_215_H,"HIS_212_H,LYS_213_H,PRO_214_H,ASN_216_H,THR_217_H"
ASN_216_H,"HIS_212_H,LYS_213_H,SER_215_H,THR_217_H"
THR_217_H,"HIS_212_H,SER_215_H,ASN_216_H,LYS_218_H"
LYS_218_H,"ASN_211_H,THR_217_H,VAL_219_H"
VAL_219_H,"VAL_121_H,VAL_210_H,LYS_218_H,ASP_220_H"
ASP_220_H,"ASN_209_H,VAL_219_H,LYS_221_H"
LYS_221_H,"ASP_220_H,ARG_222_H"
ARG_222_H,"LYS_221_H,VAL_225_H,GLU_226_H"
VAL_225_H,"TYR_206_H,ARG_222_H,GLU_226_H"
GLU_226_H,"ARG_222_H,VAL_225_H"
PRO_227_H,LYS_228_H
LYS_228_H,PRO_227_H
