residue_id,neighbors
ALA_2_A,ARG_3_A
ARG_3_A,"ALA_2_A,ASN_4_A,ASP_29_A,ASP_57_A,LYS_59_A"
ASN_4_A,"ARG_3_A,LYS_5_A,ASP_29_A"
LYS_5_A,"ASN_4_A,ILE_6_A,ALA_68_A,GLU_70_A,ASP_73_A"
ILE_6_A,"LYS_5_A,ALA_7_A,LEU_27_A,ASP_29_A,VAL_31_A"
ALA_7_A,"ILE_6_A,LEU_8_A,ILE_69_A,VAL_74_A,ILE_76_A"
LEU_8_A,"ALA_7_A,ILE_9_A,ALA_19_A,VAL_30_A,VAL_31_A,PHE_33_A,ILE_76_A"
ILE_9_A,"LEU_8_A,GLY_10_A,PHE_33_A,VAL_75_A,ILE_76_A,THR_78_A,VAL_103_A"
GLY_10_A,"ILE_9_A,SER_11_A,PHE_33_A"
SER_11_A,"GLY_10_A,GLY_12_A,LYS_43_A"
GLY_12_A,"SER_11_A,MET_13_A,GLY_16_A,LYS_43_A"
MET_13_A,"GLY_12_A,ILE_14_A,THR_17_A,PHE_232_A"
ILE_14_A,"MET_13_A,GLY_15_A,LEU_18_A,PHE_232_A"
GLY_15_A,"ILE_14_A,GLY_16_A,ALA_19_A"
GLY_16_A,"GLY_12_A,GLY_15_A,THR_17_A,HIS_20_A"
THR_17_A,"MET_13_A,GLY_16_A,LEU_18_A,LEU_21_A,ALA_236_A"
LEU_18_A,"ILE_14_A,THR_17_A,ALA_19_A,ALA_22_A,ILE_76_A,ILE_240_A"
ALA_19_A,"LEU_8_A,GLY_15_A,LEU_18_A,HIS_20_A,GLY_23_A,ILE_47_A"
HIS_20_A,"GLY_16_A,ALA_19_A,LEU_21_A,LEU_24_A,ASP_54_A"
LEU_21_A,"THR_17_A,HIS_20_A,ALA_22_A,LYS_25_A"
ALA_22_A,"LEU_18_A,LEU_21_A,GLY_23_A"
GLY_23_A,"ALA_19_A,ALA_22_A,LEU_24_A,GLU_26_A"
LEU_24_A,"HIS_20_A,GLY_23_A,LYS_25_A"
LYS_25_A,"LEU_21_A,LEU_24_A,GLU_26_A,ILE_240_A,GLU_244_A"
GLU_26_A,"GLY_23_A,LYS_25_A,LEU_27_A"
LEU_27_A,"ILE_6_A,GLU_26_A,GLY_28_A,GLU_244_A"
GLY_28_A,"LEU_27_A,ASP_29_A"
ASP_29_A,"ARG_3_A,ASN_4_A,ILE_6_A,GLY_28_A,VAL_30_A,LYS_59_A"
VAL_30_A,"LEU_8_A,ASP_29_A,VAL_31_A,LYS_59_A,PHE_60_A"
VAL_31_A,"ILE_6_A,LEU_8_A,VAL_30_A,LEU_32_A"
LEU_32_A,"VAL_31_A,PHE_33_A,THR_61_A,ALA_63_A"
PHE_33_A,"LEU_8_A,ILE_9_A,GLY_10_A,LEU_32_A,ASP_34_A,TYR_66_A"
ASP_34_A,"PHE_33_A,ILE_35_A,ALA_36_A,ALA_63_A,ASN_64_A"
ILE_35_A,"ASP_34_A,ALA_36_A"
ALA_36_A,"ASP_34_A,ILE_35_A,GLU_37_A,ASN_64_A"
GLU_37_A,"ALA_36_A,GLY_38_A"
GLY_38_A,"GLU_37_A,THR_39_A,GLN_41_A,GLY_42_A"
THR_39_A,GLY_38_A
PRO_40_A,GLN_41_A
GLN_41_A,"GLY_38_A,PRO_40_A,GLY_42_A"
GLY_42_A,"GLY_38_A,GLN_41_A,LYS_43_A,ASP_46_A"
LYS_43_A,"SER_11_A,GLY_12_A,GLY_42_A,GLY_44_A,ILE_47_A"
GLY_44_A,"LYS_43_A,LEU_45_A,ALA_48_A"
LEU_45_A,"GLY_44_A,ASP_46_A,GLU_49_A"
ASP_46_A,"GLY_42_A,LEU_45_A,ILE_47_A,GLU_49_A"
ILE_47_A,"ALA_19_A,LYS_43_A,ASP_46_A,ALA_48_A,SER_50_A,PHE_60_A"
ALA_48_A,"GLY_44_A,ILE_47_A,GLU_49_A,SER_51_A"
GLU_49_A,"LEU_45_A,ASP_46_A,ALA_48_A,SER_50_A"
SER_50_A,"ILE_47_A,GLU_49_A,SER_51_A"
SER_51_A,"ALA_48_A,SER_50_A,GLY_55_A"
PRO_52_A,VAL_53_A
VAL_53_A,"PRO_52_A,ASP_54_A"
ASP_54_A,"HIS_20_A,VAL_53_A,GLY_55_A"
GLY_55_A,"SER_51_A,ASP_54_A,PHE_56_A"
PHE_56_A,"GLY_55_A,ASP_57_A"
ASP_57_A,"ARG_3_A,PHE_56_A,ALA_58_A"
ALA_58_A,"ASP_57_A,LYS_59_A,PHE_60_A"
LYS_59_A,"ARG_3_A,ASP_29_A,VAL_30_A,ALA_58_A,PHE_60_A"
PHE_60_A,"VAL_30_A,ILE_47_A,ALA_58_A,LYS_59_A,THR_61_A"
THR_61_A,"LEU_32_A,PHE_60_A,GLY_62_A"
GLY_62_A,"THR_61_A,ALA_63_A"
ALA_63_A,"LEU_32_A,ASP_34_A,GLY_62_A,ASN_64_A,ALA_68_A"
ASN_64_A,"ASP_34_A,ALA_36_A,ALA_63_A,ASP_65_A"
ASP_65_A,"ASN_64_A,TYR_66_A"
TYR_66_A,"PHE_33_A,ASP_65_A,ALA_67_A,ALA_68_A,ILE_69_A,TYR_110_A"
ALA_67_A,"TYR_66_A,ALA_68_A,TYR_110_A"
ALA_68_A,"LYS_5_A,ALA_63_A,TYR_66_A,ALA_67_A,ILE_69_A"
ILE_69_A,"ALA_7_A,TYR_66_A,ALA_68_A,GLU_70_A,ALA_72_A"
GLU_70_A,"LYS_5_A,ILE_69_A,GLY_71_A"
GLY_71_A,"GLU_70_A,ALA_72_A,TYR_110_A"
ALA_72_A,"ILE_69_A,GLY_71_A,ASP_73_A"
ASP_73_A,"LYS_5_A,ALA_72_A,VAL_74_A"
VAL_74_A,"ALA_7_A,ASP_73_A,VAL_75_A,TYR_246_A,LEU_247_A"
VAL_75_A,"ILE_9_A,VAL_74_A,ILE_76_A,ILE_107_A,ALA_114_A,PHE_115_A,ILE_117_A"
ILE_76_A,"ALA_7_A,LEU_8_A,ILE_9_A,LEU_18_A,VAL_75_A,VAL_77_A,ILE_119_A"
VAL_77_A,"ILE_76_A,THR_78_A,VAL_103_A,ILE_117_A,ILE_119_A"
THR_78_A,"ILE_9_A,VAL_77_A,ALA_79_A,ILE_119_A"
ALA_79_A,"THR_78_A,GLY_80_A,VAL_99_A,THR_120_A"
GLY_80_A,"ALA_79_A,VAL_81_A"
VAL_81_A,"GLY_80_A,ASN_96_A"
PRO_82_A,ARG_83_A
ARG_83_A,"PRO_82_A,LYS_84_A"
LYS_84_A,ARG_83_A
PRO_85_A,GLY_86_A
GLY_86_A,"PRO_85_A,MET_87_A"
MET_87_A,"GLY_86_A,SER_88_A"
SER_88_A,"MET_87_A,ARG_89_A,ASP_90_A"
ARG_89_A,"SER_88_A,ASP_90_A"
ASP_90_A,"SER_88_A,ARG_89_A,ASP_91_A"
ASP_91_A,"ASP_90_A,LEU_92_A"
LEU_92_A,"ASP_91_A,LEU_93_A,ASN_96_A"
LEU_93_A,"LEU_92_A,GLY_94_A,LEU_97_A,PRO_122_A,LEU_308_A,ILE_315_A"
GLY_94_A,"LEU_93_A,ILE_95_A"
ILE_95_A,"GLY_94_A,ASN_96_A"
ASN_96_A,"VAL_81_A,LEU_92_A,ILE_95_A,LEU_97_A,MET_100_A,ASN_121_A"
LEU_97_A,"LEU_93_A,ASN_96_A,LYS_98_A,GLU_101_A,ALA_129_A,CYS_312_A"
LYS_98_A,"LEU_97_A,VAL_99_A,GLN_102_A"
VAL_99_A,"ALA_79_A,LYS_98_A,MET_100_A,VAL_103_A"
MET_100_A,"ASN_96_A,VAL_99_A,GLU_101_A,GLY_104_A"
GLU_101_A,"LEU_97_A,MET_100_A,GLN_102_A,ALA_105_A"
GLN_102_A,"LYS_98_A,GLU_101_A,VAL_103_A,GLY_106_A"
VAL_103_A,"ILE_9_A,VAL_77_A,VAL_99_A,GLN_102_A,GLY_104_A,ILE_107_A"
GLY_104_A,"MET_100_A,VAL_103_A,ALA_105_A"
ALA_105_A,"GLU_101_A,GLY_104_A,GLY_106_A,LYS_109_A"
GLY_106_A,"GLN_102_A,ALA_105_A,ILE_107_A,TYR_110_A"
ILE_107_A,"VAL_75_A,VAL_103_A,GLY_106_A,LYS_108_A,ALA_111_A,LEU_136_A"
LYS_108_A,"ILE_107_A,LYS_109_A"
LYS_109_A,"ALA_105_A,LYS_108_A,TYR_110_A"
TYR_110_A,"TYR_66_A,ALA_67_A,GLY_71_A,GLY_106_A,LYS_109_A,ALA_111_A"
ALA_111_A,"ILE_107_A,TYR_110_A"
PRO_112_A,GLU_113_A
GLU_113_A,"PRO_112_A,ALA_114_A,LYS_140_A"
ALA_114_A,"VAL_75_A,GLU_113_A,PHE_115_A"
PHE_115_A,"VAL_75_A,ALA_114_A,VAL_116_A,ILE_117_A,VAL_142_A,TYR_246_A"
VAL_116_A,"PHE_115_A,ILE_117_A,LEU_136_A,LYS_140_A,VAL_142_A"
ILE_117_A,"VAL_75_A,VAL_77_A,PHE_115_A,VAL_116_A,CYS_118_A,MET_242_A"
CYS_118_A,"ILE_117_A,ILE_119_A,VAL_142_A,MET_144_A"
ILE_119_A,"ILE_76_A,VAL_77_A,THR_78_A,CYS_118_A,THR_120_A"
THR_120_A,"ALA_79_A,ILE_119_A,ASN_121_A"
ASN_121_A,"ASN_96_A,THR_120_A"
PRO_122_A,"LEU_93_A,LEU_123_A,MET_126_A,LEU_308_A"
LEU_123_A,"PRO_122_A,ASP_124_A,VAL_127_A,ALA_257_A"
ASP_124_A,"LEU_123_A,ALA_125_A"
ALA_125_A,"ASP_124_A,MET_126_A,ALA_129_A,LEU_308_A"
MET_126_A,"PRO_122_A,ALA_125_A,VAL_127_A,LEU_130_A"
VAL_127_A,"LEU_123_A,MET_126_A,TRP_128_A"
TRP_128_A,"VAL_127_A,ALA_129_A,CYS_309_A,ILE_313_A"
ALA_129_A,"LEU_97_A,ALA_125_A,TRP_128_A,LEU_130_A,PHE_133_A"
LEU_130_A,"MET_126_A,ALA_129_A,GLN_131_A,SER_134_A"
GLN_131_A,"LEU_130_A,LYS_132_A,GLY_135_A,LEU_136_A,VAL_141_A,TYR_270_A"
LYS_132_A,"GLN_131_A,PHE_133_A,ASP_268_A,LEU_319_A"
PHE_133_A,"ALA_129_A,LYS_132_A,SER_134_A,LEU_319_A"
SER_134_A,"LEU_130_A,PHE_133_A,GLY_135_A"
GLY_135_A,"GLN_131_A,SER_134_A,LEU_136_A"
LEU_136_A,"ILE_107_A,VAL_116_A,GLN_131_A,GLY_135_A,VAL_141_A"
PRO_137_A,"ALA_138_A,LYS_140_A"
ALA_138_A,"PRO_137_A,HIS_139_A,LYS_140_A,VAL_141_A,GLN_259_A"
HIS_139_A,"ALA_138_A,LYS_140_A,VAL_282_A"
LYS_140_A,"GLU_113_A,VAL_116_A,PRO_137_A,ALA_138_A,HIS_139_A,VAL_141_A"
VAL_141_A,"GLN_131_A,LEU_136_A,ALA_138_A,LYS_140_A,VAL_142_A,TYR_270_A"
VAL_142_A,"PHE_115_A,VAL_116_A,CYS_118_A,VAL_141_A,GLY_143_A,MET_242_A,VAL_256_A,VAL_282_A"
GLY_143_A,"VAL_142_A,MET_144_A,ALA_257_A"
MET_144_A,"CYS_118_A,GLY_143_A,ALA_145_A"
ALA_145_A,"MET_144_A,GLY_146_A"
GLY_146_A,"ALA_145_A,VAL_147_A,SER_150_A"
VAL_147_A,"GLY_146_A,LEU_148_A,ALA_151_A"
LEU_148_A,"VAL_147_A,ASP_149_A,ALA_234_A"
ASP_149_A,"LEU_148_A,SER_150_A,ARG_152_A,HIS_176_A"
SER_150_A,"GLY_146_A,ASP_149_A,ALA_151_A,ARG_154_A"
ALA_151_A,"VAL_147_A,SER_150_A,ARG_152_A,TYR_155_A"
ARG_152_A,"ASP_149_A,ALA_151_A,PHE_153_A,PHE_156_A,HIS_176_A"
PHE_153_A,"ARG_152_A,ARG_154_A,LEU_157_A,VAL_170_A,ILE_211_A"
ARG_154_A,"SER_150_A,PHE_153_A,TYR_155_A,VAL_165_A,VAL_168_A,VAL_170_A"
TYR_155_A,"ALA_151_A,ARG_154_A,PHE_156_A,SER_158_A"
PHE_156_A,"ARG_152_A,TYR_155_A,LEU_157_A,GLU_160_A,ARG_214_A"
LEU_157_A,"PHE_153_A,PHE_156_A,SER_158_A,PHE_161_A,VAL_170_A"
SER_158_A,"TYR_155_A,LEU_157_A,GLU_159_A,ASN_162_A"
GLU_159_A,"SER_158_A,GLU_160_A,ARG_214_A"
GLU_160_A,"PHE_156_A,GLU_159_A,PHE_161_A,THR_203_A,LYS_207_A"
PHE_161_A,"LEU_157_A,GLU_160_A,ASN_162_A,VAL_189_A,LEU_197_A,TRP_202_A,THR_203_A"
ASN_162_A,"SER_158_A,PHE_161_A,VAL_163_A"
VAL_163_A,"ASN_162_A,SER_164_A"
SER_164_A,"VAL_163_A,VAL_165_A"
VAL_165_A,"ARG_154_A,SER_164_A,GLU_166_A"
GLU_166_A,"VAL_165_A,ASP_167_A"
ASP_167_A,"GLU_166_A,VAL_168_A,ALA_190_A"
VAL_168_A,"ARG_154_A,ASP_167_A,THR_169_A"
THR_169_A,"VAL_168_A,VAL_170_A,THR_188_A"
VAL_170_A,"PHE_153_A,ARG_154_A,LEU_157_A,THR_169_A,PHE_171_A"
PHE_171_A,"VAL_170_A,VAL_172_A,LEU_183_A,TYR_186_A,ILE_288_A"
VAL_172_A,"PHE_171_A,LEU_173_A"
LEU_173_A,"VAL_172_A,GLY_174_A,VAL_181_A"
GLY_174_A,"LEU_173_A,GLY_175_A,GLY_272_A"
GLY_175_A,"GLY_174_A,HIS_176_A,MET_180_A"
HIS_176_A,"ASP_149_A,ARG_152_A,GLY_175_A,GLY_177_A,SER_179_A"
GLY_177_A,"HIS_176_A,ASP_178_A,ARG_216_A"
ASP_178_A,"GLY_177_A,SER_179_A,ARG_216_A"
SER_179_A,"HIS_176_A,ASP_178_A,MET_180_A,SER_301_A"
MET_180_A,"GLY_175_A,SER_179_A,VAL_181_A,THR_215_A,ARG_216_A"
VAL_181_A,"LEU_173_A,MET_180_A"
PRO_182_A,LEU_183_A
LEU_183_A,"PHE_171_A,PRO_182_A,ALA_184_A,SER_187_A,ILE_288_A"
ALA_184_A,"LEU_183_A,ARG_185_A"
ARG_185_A,"ALA_184_A,TYR_186_A,ASP_291_A,GLU_294_A"
TYR_186_A,"PHE_171_A,ARG_185_A,SER_187_A"
SER_187_A,"LEU_183_A,TYR_186_A,THR_188_A,LEU_194_A"
THR_188_A,"THR_169_A,SER_187_A,VAL_189_A,GLY_191_A"
VAL_189_A,"PHE_161_A,THR_188_A,ALA_190_A,ILE_192_A,LEU_197_A"
ALA_190_A,"ASP_167_A,VAL_189_A,GLY_191_A"
GLY_191_A,"THR_188_A,ALA_190_A,ILE_192_A"
ILE_192_A,"VAL_189_A,GLY_191_A,LEU_197_A"
PRO_193_A,"LEU_194_A,ASP_196_A"
LEU_194_A,"SER_187_A,PRO_193_A,LEU_197_A,VAL_198_A"
PRO_195_A,"ASP_196_A,LYS_199_A"
ASP_196_A,"PRO_193_A,PRO_195_A,LEU_197_A,LYS_199_A,MET_200_A"
LEU_197_A,"PHE_161_A,VAL_189_A,ILE_192_A,LEU_194_A,ASP_196_A,VAL_198_A,TRP_202_A"
VAL_198_A,"LEU_194_A,LEU_197_A,LYS_199_A,GLY_201_A"
LYS_199_A,"PRO_195_A,ASP_196_A,VAL_198_A,MET_200_A"
MET_200_A,"ASP_196_A,LYS_199_A,GLY_201_A"
GLY_201_A,"VAL_198_A,MET_200_A,TRP_202_A"
TRP_202_A,"PHE_161_A,LEU_197_A,GLY_201_A,THR_203_A"
THR_203_A,"GLU_160_A,PHE_161_A,TRP_202_A,SER_204_A"
SER_204_A,"THR_203_A,GLN_205_A,LEU_208_A"
GLN_205_A,"SER_204_A,ASP_206_A,ASP_209_A"
ASP_206_A,"GLN_205_A,LYS_207_A,ASP_209_A,LYS_210_A"
LYS_207_A,"GLU_160_A,ASP_206_A,LEU_208_A,ILE_211_A"
LEU_208_A,"SER_204_A,LYS_207_A,ASP_209_A,ILE_212_A"
ASP_209_A,"GLN_205_A,ASP_206_A,LEU_208_A,LYS_210_A,GLN_213_A"
LYS_210_A,"ASP_206_A,ASP_209_A,ILE_211_A,ARG_214_A"
ILE_211_A,"PHE_153_A,LYS_207_A,LYS_210_A,ILE_212_A,THR_215_A"
ILE_212_A,"LEU_208_A,ILE_211_A,GLN_213_A,ARG_216_A"
GLN_213_A,"ASP_209_A,ILE_212_A,ARG_214_A,ASP_217_A"
ARG_214_A,"PHE_156_A,GLU_159_A,LYS_210_A,GLN_213_A,THR_215_A,GLY_218_A,GLU_221_A"
THR_215_A,"MET_180_A,ILE_211_A,ARG_214_A,ARG_216_A,GLY_218_A"
ARG_216_A,"GLY_177_A,ASP_178_A,MET_180_A,ILE_212_A,THR_215_A,ASP_217_A"
ASP_217_A,"GLN_213_A,ARG_216_A,GLY_218_A,GLU_221_A"
GLY_218_A,"ARG_214_A,THR_215_A,ASP_217_A,GLY_219_A"
GLY_219_A,"GLY_218_A,ALA_220_A"
ALA_220_A,"GLY_219_A,GLU_221_A,GLY_224_A"
GLU_221_A,"ARG_214_A,ASP_217_A,ALA_220_A,ILE_222_A"
ILE_222_A,"GLU_221_A,VAL_223_A,LEU_226_A"
VAL_223_A,"ILE_222_A,GLY_224_A,LYS_227_A"
GLY_224_A,"ALA_220_A,VAL_223_A,LEU_225_A"
LEU_225_A,"GLY_224_A,LEU_226_A"
LEU_226_A,"ILE_222_A,LEU_225_A,LYS_227_A,THR_228_A"
LYS_227_A,"VAL_223_A,LEU_226_A,THR_228_A"
THR_228_A,"LEU_226_A,LYS_227_A,GLY_229_A"
GLY_229_A,"THR_228_A,SER_230_A"
SER_230_A,"GLY_229_A,ALA_231_A"
ALA_231_A,"SER_230_A,PHE_232_A"
PHE_232_A,"MET_13_A,ILE_14_A,ALA_231_A,TYR_233_A,ALA_236_A"
TYR_233_A,"PHE_232_A,ALA_234_A,ALA_237_A"
ALA_234_A,"LEU_148_A,TYR_233_A,SER_238_A"
PRO_235_A,ALA_236_A
ALA_236_A,"THR_17_A,PHE_232_A,PRO_235_A,ALA_237_A,ILE_240_A"
ALA_237_A,"TYR_233_A,ALA_236_A,SER_238_A"
SER_238_A,"ALA_234_A,ALA_237_A,ALA_239_A"
ALA_239_A,"SER_238_A,ILE_240_A,ALA_243_A"
ILE_240_A,"LEU_18_A,LYS_25_A,ALA_236_A,ALA_239_A,GLN_241_A,GLU_244_A"
GLN_241_A,"ILE_240_A,MET_242_A"
MET_242_A,"ILE_117_A,VAL_142_A,GLN_241_A,ALA_243_A,VAL_256_A"
ALA_243_A,"ALA_239_A,MET_242_A,GLU_244_A,LEU_247_A"
GLU_244_A,"LYS_25_A,LEU_27_A,ILE_240_A,ALA_243_A,SER_245_A,LYS_248_A"
SER_245_A,"GLU_244_A,TYR_246_A,ILE_277_A"
TYR_246_A,"VAL_74_A,PHE_115_A,SER_245_A,LEU_247_A"
LEU_247_A,"VAL_74_A,ALA_243_A,TYR_246_A,LYS_248_A"
LYS_248_A,"GLU_244_A,LEU_247_A,ASP_249_A"
ASP_249_A,"LYS_248_A,LYS_250_A,LYS_251_A,ALA_279_A,GLU_283_A"
LYS_250_A,"ASP_249_A,LYS_251_A"
LYS_251_A,"ASP_249_A,LYS_250_A,ARG_252_A,GLU_283_A,ARG_284_A"
ARG_252_A,"LYS_251_A,VAL_253_A,LEU_254_A,ILE_277_A"
VAL_253_A,"ARG_252_A,LEU_254_A,ILE_286_A"
LEU_254_A,"ARG_252_A,VAL_253_A,THR_275_A"
PRO_255_A,VAL_256_A
VAL_256_A,"VAL_142_A,MET_242_A,PRO_255_A,ALA_257_A,VAL_273_A,ILE_277_A"
ALA_257_A,"LEU_123_A,GLY_143_A,VAL_256_A,ALA_258_A"
ALA_258_A,"ALA_257_A,GLN_259_A"
GLN_259_A,"ALA_138_A,ALA_258_A,LEU_260_A,TYR_270_A"
LEU_260_A,"GLN_259_A,SER_261_A,VAL_266_A,MET_269_A,VAL_271_A,VAL_273_A,ILE_285_A"
SER_261_A,"LEU_260_A,GLY_262_A,GLN_263_A"
GLY_262_A,"SER_261_A,GLN_263_A,GLY_265_A,VAL_266_A"
GLN_263_A,"SER_261_A,GLY_262_A,TYR_264_A,GLY_265_A,VAL_266_A"
TYR_264_A,"GLN_263_A,GLY_265_A,ILE_286_A,GLU_287_A,ILE_288_A,LYS_295_A,PHE_298_A"
GLY_265_A,"GLY_262_A,GLN_263_A,TYR_264_A,VAL_266_A"
VAL_266_A,"LEU_260_A,GLY_262_A,GLN_263_A,GLY_265_A,LYS_267_A,VAL_302_A"
LYS_267_A,"VAL_266_A,ASP_268_A"
ASP_268_A,"LYS_132_A,LYS_267_A,MET_269_A"
MET_269_A,"LEU_260_A,ASP_268_A,TYR_270_A,VAL_271_A,VAL_302_A"
TYR_270_A,"GLN_131_A,VAL_141_A,GLN_259_A,MET_269_A,VAL_271_A"
VAL_271_A,"LEU_260_A,MET_269_A,TYR_270_A,GLY_272_A,PHE_298_A"
GLY_272_A,"GLY_174_A,VAL_271_A,VAL_273_A"
VAL_273_A,"VAL_256_A,LEU_260_A,GLY_272_A,THR_275_A,ILE_285_A"
PRO_274_A,"THR_275_A,ILE_286_A"
THR_275_A,"LEU_254_A,VAL_273_A,PRO_274_A,VAL_276_A"
VAL_276_A,"THR_275_A,ILE_277_A,GLU_283_A"
ILE_277_A,"SER_245_A,ARG_252_A,VAL_256_A,VAL_276_A,GLY_278_A"
GLY_278_A,"ILE_277_A,ALA_279_A,GLY_281_A"
ALA_279_A,"ASP_249_A,GLY_278_A,ASN_280_A"
ASN_280_A,"ALA_279_A,GLY_281_A,GLU_283_A"
GLY_281_A,"GLY_278_A,ASN_280_A,VAL_282_A"
VAL_282_A,"HIS_139_A,VAL_142_A,GLY_281_A,GLU_283_A,ILE_285_A"
GLU_283_A,"ASP_249_A,LYS_251_A,VAL_276_A,ASN_280_A,VAL_282_A,ARG_284_A"
ARG_284_A,"LYS_251_A,GLU_283_A,ILE_285_A"
ILE_285_A,"LEU_260_A,VAL_273_A,VAL_282_A,ARG_284_A,ILE_286_A"
ILE_286_A,"VAL_253_A,TYR_264_A,PRO_274_A,ILE_285_A,GLU_287_A"
GLU_287_A,"TYR_264_A,ILE_286_A,ILE_288_A"
ILE_288_A,"PHE_171_A,LEU_183_A,TYR_264_A,GLU_287_A,ASP_289_A,LEU_290_A"
ASP_289_A,"ILE_288_A,LEU_290_A"
LEU_290_A,"ILE_288_A,ASP_289_A,ASP_291_A"
ASP_291_A,"ARG_185_A,LEU_290_A,LYS_292_A,ASP_293_A,GLU_294_A,LYS_295_A"
LYS_292_A,"ASP_291_A,ASP_293_A,ALA_296_A"
ASP_293_A,"ASP_291_A,LYS_292_A,GLU_294_A"
GLU_294_A,"ARG_185_A,ASP_291_A,ASP_293_A,LYS_295_A,PHE_298_A"
LYS_295_A,"TYR_264_A,ASP_291_A,GLU_294_A,ALA_296_A,ASP_299_A"
ALA_296_A,"LYS_292_A,LYS_295_A,GLN_297_A,LYS_300_A"
GLN_297_A,"ALA_296_A,PHE_298_A,SER_301_A"
PHE_298_A,"TYR_264_A,VAL_271_A,GLU_294_A,GLN_297_A,ASP_299_A,SER_301_A,VAL_302_A"
ASP_299_A,"LYS_295_A,PHE_298_A,LYS_300_A"
LYS_300_A,"ALA_296_A,ASP_299_A,SER_301_A"
SER_301_A,"SER_179_A,GLN_297_A,PHE_298_A,LYS_300_A,VAL_302_A"
VAL_302_A,"VAL_266_A,MET_269_A,PHE_298_A,SER_301_A,ALA_303_A"
ALA_303_A,"VAL_302_A,SER_304_A"
SER_304_A,"ALA_303_A,VAL_305_A"
VAL_305_A,"SER_304_A,ALA_306_A,CYS_309_A"
ALA_306_A,"VAL_305_A,GLY_307_A,GLU_310_A"
GLY_307_A,"ALA_306_A,LEU_308_A"
LEU_308_A,"LEU_93_A,PRO_122_A,ALA_125_A,GLY_307_A,CYS_309_A,CYS_312_A"
CYS_309_A,"TRP_128_A,VAL_305_A,LEU_308_A,GLU_310_A,ILE_313_A"
GLU_310_A,"ALA_306_A,CYS_309_A,ALA_311_A,GLY_314_A"
ALA_311_A,"GLU_310_A,CYS_312_A"
CYS_312_A,"LEU_97_A,LEU_308_A,ALA_311_A,ILE_313_A,ALA_316_A"
ILE_313_A,"TRP_128_A,CYS_309_A,CYS_312_A,GLY_314_A"
GLY_314_A,"GLU_310_A,ILE_313_A,ILE_315_A"
ILE_315_A,"LEU_93_A,GLY_314_A,ALA_316_A"
ALA_316_A,"CYS_312_A,ILE_315_A"
PRO_317_A,SER_318_A
SER_318_A,"PRO_317_A,LEU_319_A"
LEU_319_A,"LYS_132_A,PHE_133_A,SER_318_A"
