residue_id,neighbors
THR_7_A,ASP_8_A
ASP_8_A,"THR_7_A,LEU_9_A,GLU_11_A"
LEU_9_A,"ASP_8_A,GLN_10_A"
GLN_10_A,"LEU_9_A,GLU_11_A"
GLU_11_A,"ASP_8_A,GLN_10_A,THR_12_A"
THR_12_A,"GLU_11_A,PHE_13_A,PHE_16_A"
PHE_13_A,"THR_12_A,SER_14_A,PHE_16_A,ILE_46_A,LEU_85_A"
SER_14_A,"PHE_13_A,GLY_15_A"
GLY_15_A,"SER_14_A,PHE_16_A,GLN_19_A"
PHE_16_A,"THR_12_A,PHE_13_A,GLY_15_A,GLN_17_A,ILE_42_A"
GLN_17_A,"PHE_16_A,LYS_18_A,GLN_21_A,HIS_89_A"
LYS_18_A,"GLN_17_A,GLN_19_A"
GLN_19_A,"GLY_15_A,LYS_18_A,LEU_20_A"
LEU_20_A,"GLN_19_A,GLN_21_A,VAL_23_A,ILE_39_A,ILE_42_A,VAL_90_A"
GLN_21_A,"GLN_17_A,LEU_20_A,SER_22_A"
SER_22_A,"GLN_21_A,VAL_23_A"
VAL_23_A,"LEU_20_A,SER_22_A"
ASP_32_A,"SER_33_A,LYS_126_A"
SER_33_A,"ASP_32_A,LEU_34_A,LYS_36_A,GLY_37_A"
LEU_34_A,"SER_33_A,MET_35_A"
MET_35_A,"LEU_34_A,LYS_36_A"
LYS_36_A,"SER_33_A,MET_35_A,GLY_37_A,GLN_40_A"
GLY_37_A,"SER_33_A,LYS_36_A,ALA_38_A"
ALA_38_A,"GLY_37_A,ILE_39_A"
ILE_39_A,"LEU_20_A,ALA_38_A,GLN_40_A,HIS_43_A,ILE_94_A"
GLN_40_A,"LYS_36_A,ILE_39_A,MET_41_A,SER_44_A"
MET_41_A,"GLN_40_A,ILE_42_A"
ILE_42_A,"PHE_16_A,LEU_20_A,MET_41_A,HIS_43_A"
HIS_43_A,"ILE_39_A,ILE_42_A,SER_44_A,MET_47_A,HIS_91_A"
SER_44_A,"GLN_40_A,HIS_43_A,LYS_45_A"
LYS_45_A,"SER_44_A,ILE_46_A,MET_49_A"
ILE_46_A,"PHE_13_A,LYS_45_A,MET_47_A,MET_49_A,LEU_50_A"
MET_47_A,"HIS_43_A,ILE_46_A,GLN_48_A,LEU_134_A"
GLN_48_A,"MET_47_A,MET_49_A"
MET_49_A,"LYS_45_A,ILE_46_A,GLN_48_A,LEU_50_A,SER_53_A,ILE_82_A"
LEU_50_A,"ILE_46_A,MET_49_A,LEU_51_A,ILE_82_A,LEU_83_A"
LEU_51_A,"LEU_50_A,GLN_52_A"
GLN_52_A,"LEU_51_A,SER_53_A"
SER_53_A,"MET_49_A,GLN_52_A,LEU_54_A"
LEU_54_A,"SER_53_A,ILE_55_A,ALA_79_A,TYR_146_A"
ILE_55_A,LEU_54_A
SER_77_A,"ASP_78_A,ASP_184_A"
ASP_78_A,"SER_77_A,ALA_79_A,ARG_81_A,ILE_82_A"
ALA_79_A,"LEU_54_A,ASP_78_A,HIS_80_A"
HIS_80_A,"ALA_79_A,ARG_81_A,ASP_84_A,ASP_184_A,ARG_191_A"
ARG_81_A,"ASP_78_A,HIS_80_A,ILE_82_A,LEU_85_A"
ILE_82_A,"MET_49_A,LEU_50_A,ASP_78_A,ARG_81_A,LEU_83_A,THR_86_A"
LEU_83_A,"LEU_50_A,ILE_82_A,ASP_84_A"
ASP_84_A,"HIS_80_A,LEU_83_A,LEU_85_A,ARG_191_A,TYR_195_A"
LEU_85_A,"PHE_13_A,ARG_81_A,ASP_84_A,THR_86_A"
THR_86_A,"ILE_82_A,LEU_85_A,TRP_87_A,VAL_90_A,HIS_91_A,LEU_134_A"
TRP_87_A,"THR_86_A,LYS_88_A,HIS_91_A,TYR_92_A,PHE_95_A,TYR_195_A,CYS_198_A"
LYS_88_A,"TRP_87_A,HIS_89_A"
HIS_89_A,"GLN_17_A,LYS_88_A,VAL_90_A"
VAL_90_A,"LEU_20_A,THR_86_A,HIS_89_A,HIS_91_A"
HIS_91_A,"HIS_43_A,THR_86_A,TRP_87_A,VAL_90_A,TYR_92_A,PHE_95_A,TYR_135_A"
TYR_92_A,"TRP_87_A,HIS_91_A,LYS_96_A"
PRO_93_A,ILE_94_A
ILE_94_A,"ILE_39_A,PRO_93_A,PHE_95_A,PHE_98_A"
PHE_95_A,"TRP_87_A,HIS_91_A,ILE_94_A,LYS_96_A,PHE_128_A,TYR_202_A"
LYS_96_A,"TYR_92_A,PHE_95_A,TYR_97_A,ASN_100_A"
TYR_97_A,"LYS_96_A,PHE_98_A"
PHE_98_A,"ILE_94_A,TYR_97_A,GLN_99_A,ARG_102_A,LEU_120_A,LEU_124_A"
GLN_99_A,"PHE_98_A,ASN_100_A,ARG_102_A,ASN_103_A"
ASN_100_A,"LYS_96_A,GLN_99_A,TRP_101_A"
TRP_101_A,"ASN_100_A,ARG_102_A,ARG_104_A,LEU_120_A"
ARG_102_A,"PHE_98_A,GLN_99_A,TRP_101_A,ASN_103_A,ILE_205_A,ASP_211_A"
ASN_103_A,"GLN_99_A,ARG_102_A,ARG_104_A"
ARG_104_A,"TRP_101_A,ASN_103_A,ASN_105_A"
ASN_105_A,"ARG_104_A,VAL_106_A,ASN_113_A"
VAL_106_A,"ASN_105_A,ALA_107_A"
ALA_107_A,VAL_106_A
PRO_112_A,"ASN_113_A,TYR_114_A"
ASN_113_A,"ASN_105_A,PRO_112_A,TYR_114_A"
TYR_114_A,"PRO_112_A,ASN_113_A,ALA_115_A,HIS_117_A"
ALA_115_A,"TYR_114_A,GLY_116_A"
GLY_116_A,"ALA_115_A,HIS_117_A"
HIS_117_A,"TYR_114_A,GLY_116_A,ARG_118_A,ASN_121_A"
ARG_118_A,"HIS_117_A,GLN_119_A,SER_122_A"
GLN_119_A,"ARG_118_A,LEU_120_A"
LEU_120_A,"PHE_98_A,TRP_101_A,GLN_119_A,ASN_121_A"
ASN_121_A,"HIS_117_A,LEU_120_A,SER_122_A"
SER_122_A,"ARG_118_A,ASN_121_A,ILE_123_A"
ILE_123_A,"SER_122_A,LEU_124_A"
LEU_124_A,"PHE_98_A,ILE_123_A,GLN_125_A,ILE_127_A,PHE_128_A,MET_206_A"
GLN_125_A,"LEU_124_A,LYS_126_A"
LYS_126_A,"ASP_32_A,GLN_125_A,ILE_127_A"
ILE_127_A,"LEU_124_A,LYS_126_A,PHE_128_A,GLN_130_A,ILE_131_A"
PHE_128_A,"PHE_95_A,LEU_124_A,ILE_127_A,HIS_132_A,LYS_203_A"
PRO_129_A,GLN_130_A
GLN_130_A,"ILE_127_A,PRO_129_A,ILE_131_A,LEU_134_A"
ILE_131_A,"ILE_127_A,GLN_130_A,HIS_132_A"
HIS_132_A,"PHE_128_A,ILE_131_A,LYS_133_A"
LYS_133_A,"HIS_132_A,LEU_134_A,SER_137_A"
LEU_134_A,"MET_47_A,THR_86_A,GLN_130_A,LYS_133_A,TYR_135_A,THR_138_A"
TYR_135_A,"HIS_91_A,LEU_134_A,TYR_136_A,TYR_195_A,ILE_196_A"
TYR_136_A,"TYR_135_A,SER_137_A,GLU_140_A,LEU_160_A"
SER_137_A,"LYS_133_A,TYR_136_A,THR_138_A,LEU_141_A"
THR_138_A,"LEU_134_A,SER_137_A,LEU_139_A,ILE_142_A"
LEU_139_A,"THR_138_A,GLU_140_A,PHE_143_A,CYS_192_A,LEU_193_A"
GLU_140_A,"TYR_136_A,LEU_139_A,LEU_141_A"
LEU_141_A,"SER_137_A,GLU_140_A,ILE_142_A"
ILE_142_A,"THR_138_A,LEU_141_A,PHE_143_A"
PHE_143_A,"LEU_139_A,ILE_142_A,ALA_144_A,ARG_157_A,ILE_162_A"
ALA_144_A,"PHE_143_A,ASN_145_A"
ASN_145_A,"ALA_144_A,TYR_146_A"
TYR_146_A,"LEU_54_A,ASN_145_A,ASN_147_A,LEU_175_A,PHE_181_A"
ASN_147_A,"TYR_146_A,LEU_148_A,THR_149_A,ASN_173_A,VAL_174_A"
LEU_148_A,"ASN_147_A,THR_149_A,LEU_151_A,ILE_152_A,LEU_175_A"
THR_149_A,"ASN_147_A,LEU_148_A,ALA_150_A"
ALA_150_A,"THR_149_A,LEU_151_A"
LEU_151_A,"LEU_148_A,ALA_150_A,ILE_152_A"
ILE_152_A,"LEU_148_A,LEU_151_A,ILE_231_A"
PRO_153_A,"SER_154_A,THR_156_A"
SER_154_A,"PRO_153_A,ASP_155_A,ASP_547_A"
ASP_155_A,"SER_154_A,THR_156_A,LYS_159_A,ASP_547_A,LYS_552_A"
THR_156_A,"PRO_153_A,ASP_155_A,ARG_157_A"
ARG_157_A,"PHE_143_A,THR_156_A,SER_158_A,LEU_160_A"
SER_158_A,"ARG_157_A,LYS_159_A,ASN_161_A"
LYS_159_A,"ASP_155_A,SER_158_A,LEU_160_A,LYS_552_A"
LEU_160_A,"TYR_136_A,ARG_157_A,LYS_159_A,ASN_161_A,ILE_162_A,LEU_193_A"
ASN_161_A,"SER_158_A,LEU_160_A,ILE_162_A"
ILE_162_A,"PHE_143_A,LEU_160_A,ASN_161_A,SER_163_A"
SER_163_A,"ILE_162_A,THR_164_A"
THR_164_A,SER_163_A
ASP_170_A,ALA_171_A
ALA_171_A,"ASP_170_A,SER_172_A"
SER_172_A,"ALA_171_A,ASN_173_A"
ASN_173_A,"ASN_147_A,SER_172_A,VAL_174_A"
VAL_174_A,"ASN_147_A,ASN_173_A,LEU_175_A"
LEU_175_A,"TYR_146_A,LEU_148_A,VAL_174_A,LYS_176_A,PHE_181_A"
LYS_176_A,"LEU_175_A,GLU_178_A,SER_182_A"
PRO_177_A,GLU_178_A
GLU_178_A,"LYS_176_A,PRO_177_A,ASP_179_A"
ASP_179_A,"GLU_178_A,SER_180_A"
SER_180_A,"ASP_179_A,PHE_181_A"
PHE_181_A,"TYR_146_A,LEU_175_A,SER_180_A,SER_182_A"
SER_182_A,"LYS_176_A,PHE_181_A,ILE_183_A"
ILE_183_A,"SER_182_A,ASP_184_A,MET_187_A"
ASP_184_A,"SER_77_A,HIS_80_A,ILE_183_A,CYS_185_A,ALA_188_A"
CYS_185_A,"ASP_184_A,VAL_186_A"
VAL_186_A,"CYS_185_A,MET_187_A,GLN_190_A,VAL_232_A"
MET_187_A,"ILE_183_A,VAL_186_A,ALA_188_A,ARG_191_A"
ALA_188_A,"ASP_184_A,MET_187_A,SER_189_A,CYS_192_A"
SER_189_A,"ALA_188_A,GLN_190_A,LEU_193_A"
GLN_190_A,"VAL_186_A,SER_189_A,ARG_191_A,LEU_194_A,THR_238_A"
ARG_191_A,"HIS_80_A,ASP_84_A,MET_187_A,GLN_190_A,CYS_192_A,TYR_195_A"
CYS_192_A,"LEU_139_A,ALA_188_A,ARG_191_A,LEU_193_A,ILE_196_A"
LEU_193_A,"LEU_139_A,LEU_160_A,SER_189_A,CYS_192_A,LEU_194_A,ILE_227_A,ALA_228_A,ILE_231_A"
LEU_194_A,"GLN_190_A,LEU_193_A,TYR_195_A"
TYR_195_A,"ASP_84_A,TRP_87_A,TYR_135_A,ARG_191_A,LEU_194_A,ILE_196_A,SER_199_A"
ILE_196_A,"TYR_135_A,CYS_192_A,TYR_195_A,GLY_197_A,GLN_200_A,TYR_224_A"
GLY_197_A,"ILE_196_A,CYS_198_A,ARG_201_A"
CYS_198_A,"TRP_87_A,GLY_197_A,SER_199_A,TYR_202_A"
SER_199_A,"TYR_195_A,CYS_198_A,GLN_200_A,LYS_203_A"
GLN_200_A,"ILE_196_A,SER_199_A,ARG_201_A,PRO_221_A"
ARG_201_A,"GLY_197_A,GLN_200_A,TYR_202_A,PHE_218_A,HIS_248_A"
TYR_202_A,"PHE_95_A,CYS_198_A,ARG_201_A,LYS_203_A"
LYS_203_A,"PHE_128_A,SER_199_A,TYR_202_A,ILE_204_A,MET_206_A,GLU_207_A,LYS_220_A"
ILE_204_A,"LYS_203_A,ILE_205_A,PHE_218_A,PRO_221_A"
ILE_205_A,"ARG_102_A,ILE_204_A,MET_206_A"
MET_206_A,"LEU_124_A,LYS_203_A,ILE_205_A,GLU_207_A"
GLU_207_A,"LYS_203_A,MET_206_A,HIS_208_A"
HIS_208_A,"GLU_207_A,LEU_209_A,TYR_213_A,ASP_217_A"
LEU_209_A,"HIS_208_A,SER_210_A"
SER_210_A,"LEU_209_A,ASP_211_A"
ASP_211_A,"ARG_102_A,SER_210_A,ARG_212_A"
ARG_212_A,"ASP_211_A,TYR_213_A"
TYR_213_A,"HIS_208_A,ARG_212_A,GLN_214_A,PHE_218_A"
GLN_214_A,"TYR_213_A,GLN_215_A,ASP_217_A"
GLN_215_A,"GLN_214_A,ALA_216_A"
ALA_216_A,"GLN_215_A,ASP_217_A"
ASP_217_A,"HIS_208_A,GLN_214_A,ALA_216_A,PHE_218_A"
PHE_218_A,"ARG_201_A,ILE_204_A,TYR_213_A,ASP_217_A,GLN_219_A,HIS_248_A"
GLN_219_A,"PHE_218_A,LYS_220_A"
LYS_220_A,"LYS_203_A,GLN_219_A"
PRO_221_A,"GLN_200_A,ILE_204_A,LEU_222_A,LEU_225_A"
LEU_222_A,"PRO_221_A,ARG_223_A,ASP_226_A,ARG_242_A"
ARG_223_A,"LEU_222_A,TYR_224_A"
TYR_224_A,"ILE_196_A,ARG_223_A,LEU_225_A,ALA_228_A"
LEU_225_A,"PRO_221_A,TYR_224_A,ASP_226_A,SER_229_A"
ASP_226_A,"LEU_222_A,LEU_225_A,ILE_227_A,THR_230_A,ARG_242_A"
ILE_227_A,"LEU_193_A,ASP_226_A,ALA_228_A"
ALA_228_A,"LEU_193_A,TYR_224_A,ILE_227_A,SER_229_A"
SER_229_A,"LEU_225_A,ALA_228_A,THR_230_A,ARG_242_A"
THR_230_A,"ASP_226_A,SER_229_A,ILE_231_A"
ILE_231_A,"ILE_152_A,LEU_193_A,THR_230_A,VAL_232_A"
VAL_232_A,"VAL_186_A,ILE_231_A"
PRO_233_A,"SER_234_A,GLU_523_A"
SER_234_A,"PRO_233_A,VAL_235_A,SER_265_A,LEU_267_A"
VAL_235_A,"SER_234_A,GLY_236_A"
GLY_236_A,"VAL_235_A,GLU_237_A,PHE_239_A,LEU_267_A"
GLU_237_A,"GLY_236_A,THR_238_A,SER_269_A"
THR_238_A,"GLN_190_A,GLU_237_A,PHE_239_A"
PHE_239_A,"GLY_236_A,THR_238_A,LEU_240_A,GLY_243_A,ARG_261_A"
LEU_240_A,"PHE_239_A,GLN_241_A,ILE_244_A,ALA_271_A"
GLN_241_A,"LEU_240_A,ARG_242_A"
ARG_242_A,"LEU_222_A,ASP_226_A,SER_229_A,GLN_241_A,GLY_243_A,GLN_258_A"
GLY_243_A,"PHE_239_A,ARG_242_A,ILE_244_A"
ILE_244_A,"LEU_240_A,GLY_243_A,CYS_245_A,THR_247_A"
CYS_245_A,"ILE_244_A,TYR_246_A"
TYR_246_A,"CYS_245_A,THR_247_A,ASN_251_A,ASN_254_A"
THR_247_A,"ILE_244_A,TYR_246_A,HIS_248_A,LEU_287_A"
HIS_248_A,"ARG_201_A,PHE_218_A,THR_247_A,THR_249_A"
THR_249_A,"HIS_248_A,LYS_250_A,ASN_251_A"
LYS_250_A,"THR_249_A,ASN_251_A,PHE_252_A,ASP_297_A"
ASN_251_A,"TYR_246_A,THR_249_A,LYS_250_A,PHE_252_A,ALA_255_A"
PHE_252_A,"LYS_250_A,ASN_251_A,GLY_253_A,ALA_256_A,LYS_290_A,PHE_316_A"
GLY_253_A,"PHE_252_A,ASN_254_A,TYR_257_A,GLU_315_A"
ASN_254_A,"TYR_246_A,GLY_253_A,ALA_255_A,GLN_258_A,GLN_364_A"
ALA_255_A,"ASN_251_A,ASN_254_A,ALA_256_A,PHE_259_A"
ALA_256_A,"PHE_252_A,ALA_255_A,TYR_257_A,VAL_260_A,LEU_279_A"
TYR_257_A,"GLY_253_A,ALA_256_A,GLN_258_A,ARG_261_A,GLN_364_A,ILE_367_A"
GLN_258_A,"ARG_242_A,ASN_254_A,TYR_257_A,PHE_259_A,SER_262_A"
PHE_259_A,"ALA_255_A,GLN_258_A,VAL_260_A,SER_262_A,SER_263_A"
VAL_260_A,"ALA_256_A,PHE_259_A,ARG_261_A,LEU_264_A,PHE_276_A,LEU_368_A"
ARG_261_A,"PHE_239_A,TYR_257_A,VAL_260_A,SER_262_A,MET_520_A"
SER_262_A,"GLN_258_A,PHE_259_A,ARG_261_A,SER_263_A,SER_269_A"
SER_263_A,"PHE_259_A,SER_262_A,LEU_264_A"
LEU_264_A,"VAL_260_A,SER_263_A,SER_265_A,GLY_525_A"
SER_265_A,"SER_234_A,LEU_264_A,ARG_266_A"
ARG_266_A,"SER_265_A,LEU_267_A,GLU_523_A,PHE_529_A"
LEU_267_A,"SER_234_A,GLY_236_A,ARG_266_A"
PRO_268_A,SER_269_A
SER_269_A,"GLU_237_A,SER_262_A,PRO_268_A,ASP_270_A"
ASP_270_A,"SER_269_A,ALA_271_A"
ALA_271_A,"LEU_240_A,ASP_270_A,GLY_272_A,ASN_275_A"
GLY_272_A,"ALA_271_A,ILE_273_A"
ILE_273_A,"GLY_272_A,THR_277_A,MET_378_A"
PRO_274_A,"ASN_275_A,ASN_278_A"
ASN_275_A,"ALA_271_A,PRO_274_A,PHE_276_A"
PHE_276_A,"VAL_260_A,ASN_275_A,THR_277_A,LEU_280_A,ILE_326_A,MET_375_A,ILE_379_A"
THR_277_A,"ILE_273_A,PHE_276_A,ASN_278_A,GLY_281_A,ASP_282_A"
ASN_278_A,"PRO_274_A,THR_277_A,LEU_279_A"
LEU_279_A,"ALA_256_A,ASN_278_A,LEU_280_A"
LEU_280_A,"PHE_276_A,LEU_279_A,GLY_281_A,LEU_291_A,TRP_331_A"
GLY_281_A,"THR_277_A,LEU_280_A,ASP_282_A,THR_330_A"
ASP_282_A,"THR_277_A,GLY_281_A,ASN_284_A,GLY_285_A"
PRO_283_A,ASN_284_A
ASN_284_A,"ASP_282_A,PRO_283_A,GLY_285_A"
GLY_285_A,"ASP_282_A,ASN_284_A,SER_286_A"
SER_286_A,"GLY_285_A,LEU_287_A"
LEU_287_A,"THR_247_A,SER_286_A,PHE_288_A,LEU_291_A"
PHE_288_A,"LEU_287_A,LYS_289_A,LEU_292_A,THR_330_A"
LYS_289_A,"PHE_288_A,LYS_290_A"
LYS_290_A,"PHE_252_A,LYS_289_A,LEU_291_A,SER_294_A"
LEU_291_A,"LEU_280_A,LEU_287_A,LYS_290_A,LEU_292_A,LEU_295_A"
LEU_292_A,"PHE_288_A,LEU_291_A,ASN_293_A,ASP_296_A,ASN_334_A"
ASN_293_A,"LEU_292_A,SER_294_A,ASP_297_A"
SER_294_A,"LYS_290_A,ASN_293_A,LEU_295_A,LEU_298_A"
LEU_295_A,"LEU_291_A,SER_294_A,ASP_296_A,LYS_299_A"
ASP_296_A,"LEU_292_A,LEU_295_A,ASP_297_A,ARG_335_A,HIS_336_A"
ASP_297_A,"LYS_250_A,ASN_293_A,ASP_296_A,LEU_298_A"
LEU_298_A,"SER_294_A,ASP_297_A,LYS_299_A,GLN_301_A,PHE_316_A,TYR_317_A"
LYS_299_A,"LEU_295_A,LEU_298_A,VAL_300_A,ARG_339_A"
VAL_300_A,"LYS_299_A,GLN_301_A"
GLN_301_A,"LEU_298_A,VAL_300_A,GLU_302_A"
GLU_302_A,"GLN_301_A,THR_303_A,TYR_317_A,ARG_339_A,HIS_342_A,LEU_346_A"
THR_303_A,"GLU_302_A,ILE_304_A"
ILE_304_A,"THR_303_A,LYS_305_A,LYS_306_A"
LYS_305_A,"ILE_304_A,LYS_306_A,LYS_350_A,ARG_354_A"
LYS_306_A,"ILE_304_A,LYS_305_A,ARG_307_A,ILE_309_A"
ARG_307_A,"LYS_306_A,ILE_308_A,MET_311_A"
ILE_308_A,"ARG_307_A,ILE_309_A,MET_311_A"
ILE_309_A,"LYS_306_A,ILE_308_A,ASN_310_A,ILE_313_A"
ASN_310_A,"ILE_309_A,MET_311_A,LYS_350_A"
MET_311_A,"ARG_307_A,ILE_308_A,ASN_310_A,GLU_312_A,GLU_315_A"
GLU_312_A,"MET_311_A,ILE_313_A,PHE_316_A"
ILE_313_A,"ILE_309_A,GLU_312_A,MET_314_A,TYR_317_A,LYS_350_A"
MET_314_A,"ILE_313_A,GLU_315_A,LYS_350_A,ARG_354_A,ASN_358_A"
GLU_315_A,"GLY_253_A,MET_311_A,MET_314_A,PHE_316_A"
PHE_316_A,"PHE_252_A,LEU_298_A,GLU_312_A,GLU_315_A,TYR_317_A,LEU_319_A"
TYR_317_A,"LEU_298_A,GLU_302_A,ILE_313_A,PHE_316_A,ILE_318_A,PHE_343_A,LEU_346_A"
ILE_318_A,"TYR_317_A,LEU_319_A"
LEU_319_A,"PHE_316_A,ILE_318_A,GLY_323_A"
PRO_320_A,"LEU_321_A,SER_324_A,TRP_331_A,PHE_343_A"
LEU_321_A,"PRO_320_A,ILE_322_A,SER_324_A,PHE_430_A"
ILE_322_A,"LEU_321_A,GLY_323_A"
GLY_323_A,"LEU_319_A,ILE_322_A,SER_324_A,PHE_327_A"
SER_324_A,"PRO_320_A,LEU_321_A,GLY_323_A,HIS_325_A"
HIS_325_A,"SER_324_A,ILE_326_A,PHE_427_A"
ILE_326_A,"PHE_276_A,HIS_325_A,PHE_327_A"
PHE_327_A,"GLY_323_A,ILE_326_A,ILE_379_A"
PRO_328_A,GLN_329_A
GLN_329_A,"PRO_328_A,THR_330_A"
THR_330_A,"GLY_281_A,PHE_288_A,GLN_329_A,TRP_331_A"
TRP_331_A,"LEU_280_A,PRO_320_A,THR_330_A,LYS_332_A"
LYS_332_A,"TRP_331_A,ASN_333_A,ARG_419_A"
ASN_333_A,"LYS_332_A,ASN_334_A"
ASN_334_A,"LEU_292_A,ASN_333_A,ARG_335_A,HIS_336_A,SER_337_A"
ARG_335_A,"ASP_296_A,ASN_334_A,HIS_336_A"
HIS_336_A,"ASP_296_A,ASN_334_A,ARG_335_A,SER_337_A,ARG_339_A"
SER_337_A,"ASN_334_A,HIS_336_A,ASP_338_A"
ASP_338_A,"SER_337_A,ARG_339_A"
ARG_339_A,"LYS_299_A,GLU_302_A,HIS_336_A,ASP_338_A,LEU_340_A,HIS_342_A,PHE_343_A"
LEU_340_A,"ARG_339_A,LYS_341_A"
LYS_341_A,"LEU_340_A,HIS_342_A"
HIS_342_A,"GLU_302_A,ARG_339_A,LYS_341_A,PHE_343_A"
PHE_343_A,"TYR_317_A,PRO_320_A,ARG_339_A,HIS_342_A,GLN_344_A,LEU_347_A"
GLN_344_A,"PHE_343_A,THR_345_A,PHE_348_A"
THR_345_A,"GLN_344_A,LEU_346_A,ASP_349_A"
LEU_346_A,"GLU_302_A,TYR_317_A,THR_345_A,LEU_347_A,LYS_350_A"
LEU_347_A,"PHE_343_A,LEU_346_A,PHE_348_A"
PHE_348_A,"GLN_344_A,LEU_347_A,ASP_349_A,HIS_437_A"
ASP_349_A,"THR_345_A,PHE_348_A,LYS_350_A,GLU_352_A,ILE_353_A"
LYS_350_A,"LYS_305_A,ASN_310_A,ILE_313_A,MET_314_A,LEU_346_A,ASP_349_A,ILE_351_A,ARG_354_A"
ILE_351_A,"LYS_350_A,GLU_352_A,PHE_434_A"
GLU_352_A,"ASP_349_A,ILE_351_A,ILE_353_A,HIS_437_A,LYS_441_A,LYS_445_A"
ILE_353_A,"ASP_349_A,GLU_352_A,ARG_354_A"
ARG_354_A,"LYS_305_A,MET_314_A,LYS_350_A,ILE_353_A,TYR_355_A,ASN_358_A"
TYR_355_A,"ARG_354_A,ILE_356_A,ILE_359_A,ILE_362_A,VAL_442_A,GLU_446_A"
ILE_356_A,"TYR_355_A,LYS_357_A"
LYS_357_A,"ILE_356_A,ASN_358_A"
ASN_358_A,"MET_314_A,ARG_354_A,LYS_357_A,ILE_359_A"
ILE_359_A,"TYR_355_A,ASN_358_A,SER_360_A,PHE_363_A,MET_452_A,TYR_455_A"
SER_360_A,"ILE_359_A,MET_361_A"
MET_361_A,"SER_360_A,ILE_362_A,ASP_365_A"
ILE_362_A,"TYR_355_A,MET_361_A,PHE_363_A,LEU_438_A"
PHE_363_A,"ILE_359_A,ILE_362_A,GLN_364_A,ILE_367_A,MET_458_A,ILE_461_A,MET_520_A"
GLN_364_A,"ASN_254_A,TYR_257_A,PHE_363_A,ASP_365_A,LEU_368_A"
ASP_365_A,"MET_361_A,GLN_364_A,LEU_366_A,LEU_369_A"
LEU_366_A,"ASP_365_A,ILE_367_A,ILE_370_A,PHE_435_A,MET_458_A"
ILE_367_A,"TYR_257_A,PHE_363_A,LEU_366_A,LEU_368_A,GLY_371_A,PHE_524_A"
LEU_368_A,"VAL_260_A,GLN_364_A,ILE_367_A,LEU_369_A,SER_372_A"
LEU_369_A,"ASP_365_A,LEU_368_A,ILE_370_A,PHE_434_A"
ILE_370_A,"LEU_366_A,LEU_369_A,GLY_371_A,ILE_461_A,TRP_465_A"
GLY_371_A,"ILE_367_A,ILE_370_A,SER_372_A,HIS_374_A,MET_375_A"
SER_372_A,"LEU_368_A,GLY_371_A,PHE_373_A,TYR_376_A"
PHE_373_A,"SER_372_A,HIS_374_A,LEU_428_A,ILE_431_A"
HIS_374_A,"GLY_371_A,PHE_373_A,MET_375_A,TRP_465_A,HIS_469_A"
MET_375_A,"PHE_276_A,GLY_371_A,HIS_374_A,TYR_376_A,ILE_379_A"
TYR_376_A,"SER_372_A,MET_375_A,GLN_377_A,ASN_380_A,PHE_427_A"
GLN_377_A,"TYR_376_A,MET_378_A,GLY_381_A"
MET_378_A,"ILE_273_A,GLN_377_A,ILE_379_A"
ILE_379_A,"PHE_276_A,PHE_327_A,MET_375_A,MET_378_A,ASN_380_A"
ASN_380_A,"TYR_376_A,ILE_379_A,GLY_381_A"
GLY_381_A,"GLN_377_A,ASN_380_A,VAL_382_A"
VAL_382_A,"GLY_381_A,SER_383_A"
SER_383_A,"VAL_382_A,SER_416_A"
SER_416_A,"SER_383_A,ASN_417_A"
ASN_417_A,"SER_416_A,ILE_418_A,SER_420_A"
ILE_418_A,"ASN_417_A,ARG_419_A"
ARG_419_A,"LYS_332_A,ILE_418_A,SER_420_A,SER_423_A"
SER_420_A,"ASN_417_A,ARG_419_A,ILE_421_A"
ILE_421_A,"SER_420_A,GLN_422_A,THR_425_A"
GLN_422_A,"ILE_421_A,SER_423_A,LYS_426_A"
SER_423_A,"ARG_419_A,GLN_422_A,GLU_424_A"
GLU_424_A,"SER_423_A,THR_425_A"
THR_425_A,"ILE_421_A,GLU_424_A,LYS_426_A,GLU_429_A"
LYS_426_A,"GLN_422_A,THR_425_A,PHE_427_A,GLU_429_A"
PHE_427_A,"HIS_325_A,TYR_376_A,LYS_426_A,LEU_428_A,ILE_431_A"
LEU_428_A,"PHE_373_A,PHE_427_A,GLU_429_A,PHE_432_A"
GLU_429_A,"THR_425_A,LYS_426_A,LEU_428_A,PHE_430_A,LYS_433_A,PHE_475_A"
PHE_430_A,"LEU_321_A,GLU_429_A,ILE_431_A,PHE_434_A"
ILE_431_A,"PHE_373_A,PHE_427_A,PHE_430_A,PHE_432_A,PHE_435_A"
PHE_432_A,"LEU_428_A,ILE_431_A,LYS_433_A,PHE_435_A,THR_436_A,PHE_475_A,ALA_476_A,PHE_482_A"
LYS_433_A,"GLU_429_A,PHE_432_A,PHE_434_A,THR_436_A,HIS_437_A"
PHE_434_A,"ILE_351_A,LEU_369_A,PHE_430_A,LYS_433_A,PHE_435_A,LEU_438_A"
PHE_435_A,"LEU_366_A,ILE_431_A,PHE_432_A,PHE_434_A,THR_436_A,ILE_439_A,TRP_465_A"
THR_436_A,"PHE_432_A,LYS_433_A,PHE_435_A,HIS_437_A,ASP_440_A"
HIS_437_A,"PHE_348_A,GLU_352_A,LYS_433_A,THR_436_A,LEU_438_A,LYS_441_A"
LEU_438_A,"ILE_362_A,PHE_434_A,HIS_437_A,ILE_439_A,MET_462_A"
ILE_439_A,"PHE_435_A,LEU_438_A,ASP_440_A,MET_444_A,PHE_482_A"
ASP_440_A,"THR_436_A,ILE_439_A,LYS_441_A,SER_485_A"
LYS_441_A,"GLU_352_A,HIS_437_A,ASP_440_A,VAL_442_A"
VAL_442_A,"TYR_355_A,LYS_441_A,ILE_443_A,LYS_445_A,TYR_455_A"
ILE_443_A,"VAL_442_A,MET_444_A,GLU_446_A,PHE_447_A"
MET_444_A,"ILE_439_A,ILE_443_A,LYS_445_A,ASN_488_A,GLU_492_A"
LYS_445_A,"GLU_352_A,VAL_442_A,MET_444_A,GLU_446_A"
GLU_446_A,"TYR_355_A,ILE_443_A,LYS_445_A,PHE_447_A,ASN_449_A,TYR_455_A"
PHE_447_A,"ILE_443_A,GLU_446_A,LYS_448_A,GLU_492_A,HIS_563_A"
LYS_448_A,"PHE_447_A,ASN_449_A"
ASN_449_A,"GLU_446_A,LYS_448_A,CYS_450_A,GLU_451_A"
CYS_450_A,"ASN_449_A,GLU_451_A"
GLU_451_A,"ASN_449_A,CYS_450_A,MET_452_A"
MET_452_A,"ILE_359_A,GLU_451_A,PHE_453_A,TYR_455_A"
PHE_453_A,"MET_452_A,GLN_454_A,GLU_516_A"
GLN_454_A,"PHE_453_A,TYR_455_A,MET_458_A"
TYR_455_A,"ILE_359_A,VAL_442_A,GLU_446_A,MET_452_A,GLN_454_A,LEU_456_A"
LEU_456_A,"TYR_455_A,ALA_457_A,VAL_567_A,LEU_570_A"
ALA_457_A,"LEU_456_A,MET_458_A,GLU_517_A"
MET_458_A,"PHE_363_A,LEU_366_A,GLN_454_A,ALA_457_A,ALA_459_A"
ALA_459_A,"MET_458_A,ARG_460_A,LEU_570_A"
ARG_460_A,"ALA_459_A,ILE_461_A,CYS_464_A,ARG_511_A,GLU_517_A,ASP_518_A,ASP_533_A,ARG_566_A"
ILE_461_A,"PHE_363_A,ILE_370_A,ARG_460_A,MET_462_A,TRP_465_A,LEU_521_A"
MET_462_A,"LEU_438_A,ILE_461_A,MET_463_A,ILE_466_A"
MET_463_A,"MET_462_A,CYS_464_A,LYS_467_A,PHE_577_A"
CYS_464_A,"ARG_460_A,MET_463_A,TRP_465_A,SER_468_A"
TRP_465_A,"ILE_370_A,HIS_374_A,PHE_435_A,ILE_461_A,CYS_464_A,ILE_466_A,SER_468_A,VAL_472_A"
ILE_466_A,"MET_462_A,TRP_465_A,LYS_467_A,PHE_482_A"
LYS_467_A,"MET_463_A,ILE_466_A,SER_468_A,ARG_508_A,SER_532_A"
SER_468_A,"CYS_464_A,TRP_465_A,LYS_467_A,HIS_469_A"
HIS_469_A,"HIS_374_A,SER_468_A,LYS_470_A,VAL_472_A,LEU_473_A,PRO_526_A,LYS_528_A"
LYS_470_A,"HIS_469_A,ASN_471_A,LYS_474_A"
ASN_471_A,"LYS_470_A,VAL_472_A"
VAL_472_A,"TRP_465_A,HIS_469_A,ASN_471_A,LEU_473_A,ALA_476_A"
LEU_473_A,"HIS_469_A,VAL_472_A,LYS_474_A,HIS_477_A"
LYS_474_A,"LYS_470_A,LEU_473_A,PHE_475_A,ARG_478_A"
PHE_475_A,"GLU_429_A,PHE_432_A,LYS_474_A,ALA_476_A,SER_479_A"
ALA_476_A,"PHE_432_A,VAL_472_A,PHE_475_A,HIS_477_A,PHE_577_A"
HIS_477_A,"LEU_473_A,ALA_476_A,ARG_478_A,PHE_577_A,CYS_582_A"
ARG_478_A,"LYS_474_A,HIS_477_A,SER_479_A"
SER_479_A,"PHE_475_A,ARG_478_A,THR_480_A,CYS_483_A"
THR_480_A,"SER_479_A,SER_481_A,GLN_484_A"
SER_481_A,"THR_480_A,PHE_482_A,SER_485_A"
PHE_482_A,"PHE_432_A,ILE_439_A,ILE_466_A,SER_481_A,CYS_483_A,MET_486_A,PHE_577_A"
CYS_483_A,"SER_479_A,PHE_482_A,GLN_484_A,VAL_487_A"
GLN_484_A,"THR_480_A,CYS_483_A,SER_485_A"
SER_485_A,"ASP_440_A,SER_481_A,GLN_484_A,MET_486_A"
MET_486_A,"PHE_482_A,SER_485_A,VAL_487_A,THR_490_A"
VAL_487_A,"CYS_483_A,MET_486_A,ASN_488_A,ASN_491_A,PHE_585_A,TYR_594_A"
ASN_488_A,"MET_444_A,VAL_487_A,LEU_489_A"
LEU_489_A,"ASN_488_A,THR_490_A,LEU_493_A"
THR_490_A,"MET_486_A,LEU_489_A,ASN_491_A,LEU_494_A,ASN_574_A"
ASN_491_A,"VAL_487_A,THR_490_A,GLU_492_A,SER_495_A,TYR_594_A"
GLU_492_A,"MET_444_A,PHE_447_A,ASN_491_A,LEU_493_A"
LEU_493_A,"LEU_489_A,GLU_492_A,LEU_494_A,SER_496_A,VAL_571_A"
LEU_494_A,"THR_490_A,LEU_493_A,SER_495_A"
SER_495_A,"ASN_491_A,LEU_494_A,SER_496_A"
SER_496_A,"LEU_493_A,SER_495_A"
HIS_507_A,ARG_508_A
ARG_508_A,"LYS_467_A,HIS_507_A,SER_532_A,TYR_572_A"
PRO_509_A,THR_510_A
THR_510_A,"PRO_509_A,ARG_511_A,LYS_538_A"
ARG_511_A,"ARG_460_A,THR_510_A,ASP_512_A,ASP_518_A,ASP_533_A,ASP_536_A"
ASP_512_A,"ARG_511_A,TYR_513_A,LYS_538_A,ARG_548_A"
TYR_513_A,"ASP_512_A,PHE_514_A,TYR_515_A,LEU_557_A,GLU_562_A"
PHE_514_A,"TYR_513_A,TYR_515_A,ASP_518_A,ARG_548_A,LEU_549_A"
TYR_515_A,"TYR_513_A,PHE_514_A,GLU_516_A,ASP_518_A,ILE_519_A,SER_565_A"
GLU_516_A,"PHE_453_A,TYR_515_A,GLU_517_A,GLU_562_A,ARG_566_A"
GLU_517_A,"ALA_457_A,ARG_460_A,GLU_516_A,ASP_518_A,ARG_566_A"
ASP_518_A,"ARG_460_A,ARG_511_A,PHE_514_A,TYR_515_A,GLU_517_A,ILE_519_A,ASP_533_A,ASP_536_A"
ILE_519_A,"TYR_515_A,ASP_518_A,MET_520_A"
MET_520_A,"ARG_261_A,PHE_363_A,ILE_519_A,LEU_521_A"
LEU_521_A,"ILE_461_A,MET_520_A,LYS_522_A,PHE_524_A"
LYS_522_A,"LEU_521_A,GLU_523_A,LEU_549_A"
GLU_523_A,"PRO_233_A,ARG_266_A,LYS_522_A,PHE_524_A,PHE_529_A"
PHE_524_A,"ILE_367_A,LEU_521_A,GLU_523_A,GLY_525_A,PRO_526_A,PHE_529_A"
GLY_525_A,"LEU_264_A,PHE_524_A,LYS_528_A"
PRO_526_A,"HIS_469_A,PHE_524_A,THR_527_A"
THR_527_A,"PRO_526_A,LYS_528_A"
LYS_528_A,"HIS_469_A,GLY_525_A,THR_527_A,PHE_529_A"
PHE_529_A,"ARG_266_A,GLU_523_A,PHE_524_A,LYS_528_A,THR_530_A"
THR_530_A,"PHE_529_A,LEU_531_A"
LEU_531_A,"THR_530_A,SER_532_A"
SER_532_A,"LYS_467_A,ARG_508_A,LEU_531_A,ASP_533_A"
ASP_533_A,"ARG_460_A,ARG_511_A,ASP_518_A,SER_532_A,PHE_534_A,VAL_569_A"
PHE_534_A,"ASP_533_A,ASN_535_A,VAL_569_A"
ASN_535_A,"PHE_534_A,ASP_536_A"
ASP_536_A,"ARG_511_A,ASP_518_A,ASN_535_A,GLU_537_A"
GLU_537_A,"ASP_536_A,LYS_538_A"
LYS_538_A,"THR_510_A,ASP_512_A,GLU_537_A,LEU_539_A,SER_541_A"
LEU_539_A,"LYS_538_A,LEU_540_A,MET_542_A"
LEU_540_A,"LEU_539_A,SER_541_A"
SER_541_A,"LYS_538_A,LEU_540_A,MET_542_A"
MET_542_A,"LEU_539_A,SER_541_A,ASP_543_A"
ASP_543_A,"MET_542_A,ASN_544_A,ARG_548_A,LYS_554_A"
ASN_544_A,"ASP_543_A,LEU_545_A,ARG_548_A"
LEU_545_A,ASN_544_A
PRO_546_A,ASP_547_A
ASP_547_A,"SER_154_A,ASP_155_A,PRO_546_A,ARG_548_A,LYS_552_A"
ARG_548_A,"ASP_512_A,PHE_514_A,ASP_543_A,ASN_544_A,ASP_547_A,LEU_549_A"
LEU_549_A,"PHE_514_A,LYS_522_A,ARG_548_A,VAL_550_A"
VAL_550_A,"LEU_549_A,GLY_551_A"
GLY_551_A,"VAL_550_A,LYS_552_A"
LYS_552_A,"ASP_155_A,LYS_159_A,ASP_547_A,GLY_551_A,SER_553_A"
SER_553_A,"LYS_552_A,LYS_554_A,ASN_555_A"
LYS_554_A,"ASP_543_A,SER_553_A,ASN_555_A"
ASN_555_A,"SER_553_A,LYS_554_A,LYS_556_A"
LYS_556_A,"ASN_555_A,LEU_557_A"
LEU_557_A,"TYR_513_A,LYS_556_A,THR_558_A,GLU_561_A"
THR_558_A,"LEU_557_A,ALA_559_A,GLU_561_A,GLU_562_A"
ALA_559_A,"THR_558_A,LYS_560_A,HIS_563_A"
LYS_560_A,"ALA_559_A,GLU_561_A,SER_564_A"
GLU_561_A,"LEU_557_A,THR_558_A,LYS_560_A,GLU_562_A,SER_565_A"
GLU_562_A,"TYR_513_A,GLU_516_A,THR_558_A,GLU_561_A,HIS_563_A,ARG_566_A"
HIS_563_A,"PHE_447_A,ALA_559_A,GLU_562_A,SER_564_A,VAL_567_A"
SER_564_A,"LYS_560_A,HIS_563_A,SER_565_A"
SER_565_A,"TYR_515_A,GLU_561_A,SER_564_A,ARG_566_A"
ARG_566_A,"ARG_460_A,GLU_516_A,GLU_517_A,GLU_562_A,SER_565_A,VAL_567_A,LEU_570_A"
VAL_567_A,"LEU_456_A,HIS_563_A,ARG_566_A,GLN_568_A,VAL_571_A"
GLN_568_A,"VAL_567_A,VAL_569_A"
VAL_569_A,"ASP_533_A,PHE_534_A,GLN_568_A,LEU_570_A,SER_573_A"
LEU_570_A,"LEU_456_A,ALA_459_A,ARG_566_A,VAL_569_A,VAL_571_A,ASN_574_A"
VAL_571_A,"LEU_493_A,VAL_567_A,LEU_570_A,TYR_572_A,LYS_575_A"
TYR_572_A,"ARG_508_A,VAL_571_A,SER_573_A"
SER_573_A,"VAL_569_A,TYR_572_A,ASN_574_A,PHE_577_A"
ASN_574_A,"THR_490_A,LEU_570_A,SER_573_A,LYS_575_A,LEU_578_A"
LYS_575_A,"VAL_571_A,ASN_574_A,LYS_576_A"
LYS_576_A,"LYS_575_A,PHE_577_A,GLU_579_A"
PHE_577_A,"MET_463_A,ALA_476_A,HIS_477_A,PHE_482_A,SER_573_A,LYS_576_A,LEU_578_A"
LEU_578_A,"ASN_574_A,PHE_577_A,GLU_579_A,ASN_581_A"
GLU_579_A,"LYS_576_A,LEU_578_A,LYS_580_A"
LYS_580_A,"GLU_579_A,ASN_581_A"
ASN_581_A,"LEU_578_A,LYS_580_A,CYS_582_A,PHE_585_A"
CYS_582_A,"HIS_477_A,ASN_581_A,CYS_583_A"
CYS_583_A,"CYS_582_A,GLY_584_A,HIS_596_A"
GLY_584_A,"CYS_583_A,PHE_585_A,THR_597_A"
PHE_585_A,"VAL_487_A,ASN_581_A,GLY_584_A,LYS_586_A,HIS_596_A"
LYS_586_A,"PHE_585_A,LEU_587_A,VAL_595_A"
LEU_587_A,"LYS_586_A,ASP_588_A"
ASP_588_A,"LEU_587_A,THR_589_A,GLU_590_A,LYS_591_A,LYS_592_A,ARG_593_A"
THR_589_A,"ASP_588_A,GLU_590_A"
GLU_590_A,"ASP_588_A,THR_589_A,LYS_591_A"
LYS_591_A,"ASP_588_A,GLU_590_A,LYS_592_A"
LYS_592_A,"ASP_588_A,LYS_591_A,ARG_593_A"
ARG_593_A,"ASP_588_A,LYS_592_A,TYR_594_A"
TYR_594_A,"VAL_487_A,ASN_491_A,ARG_593_A,VAL_595_A"
VAL_595_A,"LYS_586_A,TYR_594_A,HIS_596_A"
HIS_596_A,"CYS_583_A,PHE_585_A,VAL_595_A,THR_597_A"
THR_597_A,"GLY_584_A,HIS_596_A,ALA_598_A"
ALA_598_A,"THR_597_A,VAL_599_A"
VAL_599_A,"ALA_598_A,LYS_600_A"
LYS_600_A,VAL_599_A
