source,target,distance,aromatic_bond,hydrogen_bond,hydrophobic_bond,salt_bridge,repulsive_bond,disulfide_bridge
THR_1_A,THR_2_A,3.79388,0,1,0,0,0,0
THR_2_A,THR_1_A,3.79388,0,1,0,0,0,0
THR_1_A,ILE_35_A,5.4460883,0,2,0,0,0,0
ILE_35_A,THR_1_A,5.4460883,0,2,0,0,0,0
THR_1_A,GLY_37_A,6.508462,0,1,0,0,0,0
GLY_37_A,THR_1_A,6.508462,0,1,0,0,0,0
THR_2_A,CYS_3_A,3.8032749,0,1,0,0,0,0
CYS_3_A,THR_2_A,3.8032749,0,1,0,0,0,0
THR_2_A,ARG_10_A,9.136063,0,2,0,0,0,0
ARG_10_A,THR_2_A,9.136063,0,2,0,0,0,0
THR_2_A,PHE_13_A,9.485872,0,0,1,0,0,0
PHE_13_A,THR_2_A,9.485872,0,0,1,0,0,0
CYS_3_A,CYS_4_A,3.8283799,0,1,0,0,0,0
CYS_4_A,CYS_3_A,3.8283799,0,1,0,0,0,0
CYS_3_A,ILE_33_A,5.364747,0,2,0,0,0,0
ILE_33_A,CYS_3_A,5.364747,0,2,0,0,0,0
CYS_3_A,CYS_40_A,5.6873093,0,1,1,0,0,0
CYS_40_A,CYS_3_A,5.6873093,0,1,1,0,0,0
CYS_3_A,TYR_44_A,5.3094535,0,0,1,0,0,0
TYR_44_A,CYS_3_A,5.3094535,0,0,1,0,0,0
CYS_4_A,CYS_32_A,4.0902042,0,1,0,0,0,0
CYS_32_A,CYS_4_A,4.0902042,0,1,0,0,0,0
CYS_4_A,ASN_46_A,4.8276367,0,2,0,0,0,0
ASN_46_A,CYS_4_A,4.8276367,0,2,0,0,0,0
PRO_5_A,SER_6_A,3.8092408,0,1,0,0,0,0
SER_6_A,PRO_5_A,3.8092408,0,1,0,0,0,0
SER_6_A,ILE_7_A,3.8184974,0,1,0,0,0,0
ILE_7_A,SER_6_A,3.8184974,0,1,0,0,0,0
ILE_7_A,VAL_8_A,3.854113,0,1,0,0,0,0
VAL_8_A,ILE_7_A,3.854113,0,1,0,0,0,0
ILE_7_A,SER_11_A,6.2029824,0,1,0,0,0,0
SER_11_A,ILE_7_A,6.2029824,0,1,0,0,0,0
VAL_8_A,ALA_9_A,3.8398197,0,1,0,0,0,0
ALA_9_A,VAL_8_A,3.8398197,0,1,0,0,0,0
VAL_8_A,ASN_12_A,6.1686206,0,1,0,0,0,0
ASN_12_A,VAL_8_A,6.1686206,0,1,0,0,0,0
ALA_9_A,ARG_10_A,3.8443978,0,1,0,0,0,0
ARG_10_A,ALA_9_A,3.8443978,0,1,0,0,0,0
ALA_9_A,PHE_13_A,6.064946,0,1,0,0,0,0
PHE_13_A,ALA_9_A,6.064946,0,1,0,0,0,0
ARG_10_A,SER_11_A,3.8409147,0,1,0,0,0,0
SER_11_A,ARG_10_A,3.8409147,0,1,0,0,0,0
ARG_10_A,ASN_14_A,6.2382164,0,1,0,0,0,0
ASN_14_A,ARG_10_A,6.2382164,0,1,0,0,0,0
ARG_10_A,ASN_46_A,6.489047,0,1,0,0,0,0
ASN_46_A,ARG_10_A,6.489047,0,1,0,0,0,0
SER_11_A,ASN_12_A,3.8628771,0,1,0,0,0,0
ASN_12_A,SER_11_A,3.8628771,0,1,0,0,0,0
ASN_12_A,PHE_13_A,3.7987893,0,1,0,0,0,0
PHE_13_A,ASN_12_A,3.7987893,0,1,0,0,0,0
ASN_12_A,CYS_16_A,6.1312437,0,1,0,0,0,0
CYS_16_A,ASN_12_A,6.1312437,0,1,0,0,0,0
PHE_13_A,ASN_14_A,3.8287466,0,1,0,0,0,0
ASN_14_A,PHE_13_A,3.8287466,0,1,0,0,0,0
PHE_13_A,ARG_17_A,6.2694607,0,1,1,0,0,0
ARG_17_A,PHE_13_A,6.2694607,0,1,1,0,0,0
PHE_13_A,CYS_26_A,5.7874784,0,0,2,0,0,0
CYS_26_A,PHE_13_A,5.7874784,0,0,2,0,0,0
ASN_14_A,VAL_15_A,3.835605,0,1,0,0,0,0
VAL_15_A,ASN_14_A,3.835605,0,1,0,0,0,0
VAL_15_A,CYS_16_A,3.8420975,0,1,0,0,0,0
CYS_16_A,VAL_15_A,3.8420975,0,1,0,0,0,0
VAL_15_A,LEU_18_A,5.2632356,0,1,0,0,0,0
LEU_18_A,VAL_15_A,5.2632356,0,1,0,0,0,0
CYS_16_A,ARG_17_A,3.813471,0,1,0,0,0,0
ARG_17_A,CYS_16_A,3.813471,0,1,0,0,0,0
CYS_16_A,THR_21_A,6.4020643,0,1,0,0,0,0
THR_21_A,CYS_16_A,6.4020643,0,1,0,0,0,0
CYS_16_A,CYS_26_A,5.798406,0,1,1,0,0,0
CYS_26_A,CYS_16_A,5.798406,0,1,1,0,0,0
ARG_17_A,LEU_18_A,3.8394759,0,1,0,0,0,0
LEU_18_A,ARG_17_A,3.8394759,0,1,0,0,0,0
ARG_17_A,GLY_20_A,5.124907,0,1,0,0,0,0
GLY_20_A,ARG_17_A,5.124907,0,1,0,0,0,0
ARG_17_A,THR_21_A,5.176175,0,1,0,0,0,0
THR_21_A,ARG_17_A,5.176175,0,1,0,0,0,0
ARG_17_A,GLU_23_A,7.1835456,0,0,0,7,0,0
GLU_23_A,ARG_17_A,7.1835456,0,0,0,7,0,0
PRO_19_A,GLY_20_A,3.8208039,0,1,0,0,0,0
GLY_20_A,PRO_19_A,3.8208039,0,1,0,0,0,0
GLY_20_A,THR_21_A,3.8312597,0,1,0,0,0,0
THR_21_A,GLY_20_A,3.8312597,0,1,0,0,0,0
THR_21_A,ILE_25_A,6.8267,0,0,1,0,0,0
ILE_25_A,THR_21_A,6.8267,0,0,1,0,0,0
PRO_22_A,GLU_23_A,3.7772157,0,1,0,0,0,0
GLU_23_A,PRO_22_A,3.7772157,0,1,0,0,0,0
GLU_23_A,ALA_24_A,3.8179004,0,1,0,0,0,0
ALA_24_A,GLU_23_A,3.8179004,0,1,0,0,0,0
GLU_23_A,ALA_27_A,5.974203,0,1,0,0,0,0
ALA_27_A,GLU_23_A,5.974203,0,1,0,0,0,0
GLU_23_A,ILE_34_A,7.6182814,0,0,1,0,0,0
ILE_34_A,GLU_23_A,7.6182814,0,0,1,0,0,0
ALA_24_A,ILE_25_A,3.8185306,0,1,0,0,0,0
ILE_25_A,ALA_24_A,3.8185306,0,1,0,0,0,0
ILE_25_A,CYS_26_A,3.8026338,0,1,0,0,0,0
CYS_26_A,ILE_25_A,3.8026338,0,1,0,0,0,0
CYS_26_A,ALA_27_A,3.84197,0,1,0,0,0,0
ALA_27_A,CYS_26_A,3.84197,0,1,0,0,0,0
CYS_26_A,THR_30_A,6.0873494,0,1,0,0,0,0
THR_30_A,CYS_26_A,6.0873494,0,1,0,0,0,0
ALA_27_A,THR_28_A,3.8055918,0,1,0,0,0,0
THR_28_A,ALA_27_A,3.8055918,0,1,0,0,0,0
ALA_27_A,GLY_31_A,5.571643,0,1,0,0,0,0
GLY_31_A,ALA_27_A,5.571643,0,1,0,0,0,0
THR_28_A,TYR_29_A,3.778878,0,1,0,0,0,0
TYR_29_A,THR_28_A,3.778878,0,1,0,0,0,0
TYR_29_A,THR_30_A,3.8238578,0,1,0,0,0,0
THR_30_A,TYR_29_A,3.8238578,0,1,0,0,0,0
THR_30_A,GLY_31_A,3.8042283,0,1,0,0,0,0
GLY_31_A,THR_30_A,3.8042283,0,1,0,0,0,0
GLY_31_A,CYS_32_A,3.840759,0,1,0,0,0,0
CYS_32_A,GLY_31_A,3.840759,0,1,0,0,0,0
CYS_32_A,ILE_33_A,3.8261337,0,1,0,0,0,0
ILE_33_A,CYS_32_A,3.8261337,0,1,0,0,0,0
ILE_33_A,ILE_34_A,3.7652416,0,1,0,0,0,0
ILE_34_A,ILE_33_A,3.7652416,0,1,0,0,0,0
ILE_33_A,TYR_44_A,8.009078,0,0,1,0,0,0
TYR_44_A,ILE_33_A,8.009078,0,0,1,0,0,0
ILE_34_A,ILE_35_A,3.8362536,0,1,0,0,0,0
ILE_35_A,ILE_34_A,3.8362536,0,1,0,0,0,0
PRO_36_A,GLY_37_A,3.829592,0,1,0,0,0,0
GLY_37_A,PRO_36_A,3.829592,0,1,0,0,0,0
GLY_37_A,ALA_38_A,3.8038228,0,1,0,0,0,0
ALA_38_A,GLY_37_A,3.8038228,0,1,0,0,0,0
ALA_38_A,THR_39_A,3.8043358,0,1,0,0,0,0
THR_39_A,ALA_38_A,3.8043358,0,1,0,0,0,0
THR_39_A,CYS_40_A,3.7887404,0,1,0,0,0,0
CYS_40_A,THR_39_A,3.7887404,0,1,0,0,0,0
PRO_41_A,GLY_42_A,3.7872045,0,1,0,0,0,0
GLY_42_A,PRO_41_A,3.7872045,0,1,0,0,0,0
PRO_41_A,TYR_44_A,5.438334,0,1,0,0,0,0
TYR_44_A,PRO_41_A,5.438334,0,1,0,0,0,0
GLY_42_A,ASP_43_A,3.822906,0,1,0,0,0,0
ASP_43_A,GLY_42_A,3.822906,0,1,0,0,0,0
ASP_43_A,TYR_44_A,3.8574421,0,1,0,0,0,0
TYR_44_A,ASP_43_A,3.8574421,0,1,0,0,0,0
TYR_44_A,ALA_45_A,3.7800333,0,1,0,0,0,0
ALA_45_A,TYR_44_A,3.7800333,0,1,0,0,0,0
ALA_45_A,ASN_46_A,3.8086605,0,1,0,0,0,0
ASN_46_A,ALA_45_A,3.8086605,0,1,0,0,0,0
