residue_id,neighbors
GLU_3_A,ILE_4_A
ILE_4_A,"GLU_3_A,ARG_5_A"
ARG_5_A,"ILE_4_A,LYS_6_A,GLU_186_A"
LYS_6_A,"ARG_5_A,LEU_7_A"
LEU_7_A,"LYS_6_A,LYS_8_A,GLN_37_A,VAL_38_A,PRO_182_A"
LYS_8_A,"LEU_7_A,ASN_9_A"
ASN_9_A,"LYS_8_A,TYR_10_A,VAL_16_A,SER_41_A"
TYR_10_A,"ASN_9_A,ILE_11_A,TRP_15_A,VAL_189_A,GLU_193_A,VAL_204_A"
ILE_11_A,"TYR_10_A,ASN_12_A,GLU_14_A,TYR_48_A"
ASN_12_A,"ILE_11_A,GLY_13_A"
GLY_13_A,"ASN_12_A,GLU_14_A"
GLU_14_A,"ILE_11_A,GLY_13_A,TRP_15_A"
TRP_15_A,"TYR_10_A,GLU_14_A,VAL_16_A,GLU_186_A,VAL_189_A"
VAL_16_A,"ASN_9_A,TRP_15_A,GLU_17_A"
GLU_17_A,"VAL_16_A,SER_18_A"
SER_18_A,"GLU_17_A,LYS_19_A,ASP_45_A"
LYS_19_A,"SER_18_A,THR_20_A,GLU_44_A"
THR_20_A,"LYS_19_A,ASP_21_A,PRO_39_A,ILE_40_A"
ASP_21_A,"THR_20_A,GLN_22_A"
GLN_22_A,"ASP_21_A,TYR_23_A,ILE_40_A"
TYR_23_A,"GLN_22_A,GLU_24_A,PRO_39_A"
GLU_24_A,"TYR_23_A,ASP_25_A,VAL_38_A,ILE_40_A,GLU_179_A,ARG_328_A"
ASP_25_A,"GLU_24_A,VAL_26_A"
VAL_26_A,"ASP_25_A,VAL_27_A,LEU_35_A,CYS_36_A,VAL_38_A,PRO_182_A"
VAL_27_A,"VAL_26_A,ASN_28_A"
ASN_28_A,"VAL_27_A,LYS_32_A,GLU_33_A"
PRO_29_A,"ALA_30_A,PRO_325_A,TYR_362_A"
ALA_30_A,"PRO_29_A,THR_31_A"
THR_31_A,"ALA_30_A,LYS_32_A"
LYS_32_A,"ASN_28_A,THR_31_A,GLU_33_A,GLU_329_A,ASP_359_A"
GLU_33_A,"ASN_28_A,LYS_32_A,VAL_34_A"
VAL_34_A,"GLU_33_A,LEU_35_A"
LEU_35_A,"VAL_26_A,VAL_34_A,CYS_36_A,ILE_92_A"
CYS_36_A,"VAL_26_A,LEU_35_A,GLN_37_A"
GLN_37_A,"LEU_7_A,CYS_36_A,VAL_38_A"
VAL_38_A,"LEU_7_A,GLU_24_A,VAL_26_A,GLN_37_A,PRO_182_A"
PRO_39_A,"THR_20_A,TYR_23_A,ILE_40_A"
ILE_40_A,"THR_20_A,GLN_22_A,GLU_24_A,PRO_39_A,SER_41_A"
SER_41_A,"ASN_9_A,ILE_40_A,THR_42_A,TYR_206_A"
THR_42_A,"SER_41_A,LYS_43_A"
LYS_43_A,"THR_42_A,GLU_44_A,ASP_47_A,ASP_210_A,GLU_217_A,LYS_239_A"
GLU_44_A,"LYS_19_A,LYS_43_A,ASP_45_A"
ASP_45_A,"SER_18_A,GLU_44_A,ILE_46_A"
ILE_46_A,"ASP_45_A,ASP_47_A,VAL_211_A,ILE_215_A"
ASP_47_A,"LYS_43_A,ILE_46_A,TYR_48_A,GLN_51_A,HIS_218_A"
TYR_48_A,"ILE_11_A,ASP_47_A,ALA_49_A,THR_52_A"
ALA_49_A,"TYR_48_A,ALA_50_A,ALA_53_A,ILE_174_A,VAL_205_A"
ALA_50_A,"ALA_49_A,GLN_51_A,ALA_54_A"
GLN_51_A,"ASP_47_A,ALA_50_A,THR_52_A,GLU_55_A"
THR_52_A,"TYR_48_A,GLN_51_A,ALA_53_A,ALA_56_A"
ALA_53_A,"ALA_49_A,THR_52_A,ALA_54_A,VAL_145_A,THR_172_A"
ALA_54_A,"ALA_50_A,ALA_53_A,GLU_55_A"
GLU_55_A,"GLN_51_A,ALA_54_A,ALA_56_A,LYS_58_A"
ALA_56_A,"THR_52_A,GLU_55_A,PHE_57_A,TRP_60_A"
PHE_57_A,"ALA_56_A,LYS_58_A,SER_61_A,PRO_142_A,THR_172_A"
LYS_58_A,"GLU_55_A,PHE_57_A,THR_59_A"
THR_59_A,"LYS_58_A,TRP_60_A,LYS_62_A"
TRP_60_A,"ALA_56_A,THR_59_A,SER_61_A,ARG_68_A,ILE_167_A,LEU_197_A,PRO_198_A,VAL_201_A"
SER_61_A,"PHE_57_A,TRP_60_A,LYS_62_A"
LYS_62_A,"THR_59_A,SER_61_A,VAL_63_A"
VAL_63_A,"LYS_62_A,ALA_64_A,ARG_67_A,ARG_68_A"
ALA_64_A,"VAL_63_A,VAL_65_A,ARG_67_A"
VAL_65_A,"ALA_64_A,ALA_69_A,ALA_118_A"
PRO_66_A,ARG_67_A
ARG_67_A,"VAL_63_A,ALA_64_A,PRO_66_A,ARG_68_A"
ARG_68_A,"TRP_60_A,VAL_63_A,ARG_67_A,ALA_69_A,ALA_168_A"
ALA_69_A,"VAL_65_A,ARG_68_A,ARG_70_A,LEU_72_A"
ARG_70_A,"ALA_69_A,ILE_71_A"
ILE_71_A,"ARG_70_A,LEU_72_A,PHE_75_A"
LEU_72_A,"ALA_69_A,ILE_71_A,PHE_73_A,GLN_76_A"
PHE_73_A,"LEU_72_A,ASN_74_A,ALA_116_A"
ASN_74_A,"PHE_73_A,PHE_75_A,LEU_78_A"
PHE_75_A,"ILE_71_A,ASN_74_A,GLN_76_A,LEU_79_A,VAL_112_A,PHE_163_A,PHE_192_A"
GLN_76_A,"LEU_72_A,PHE_75_A,GLN_77_A,GLU_113_A"
GLN_77_A,"GLN_76_A,LEU_78_A,SER_80_A,GLN_81_A"
LEU_78_A,"ASN_74_A,GLN_77_A,LEU_79_A"
LEU_79_A,"PHE_75_A,LEU_78_A,SER_80_A,VAL_112_A,LEU_191_A"
SER_80_A,"GLN_77_A,LEU_79_A,GLN_81_A"
GLN_81_A,"GLN_77_A,SER_80_A,HIS_82_A"
HIS_82_A,"GLN_81_A,LYS_83_A,GLU_85_A,LEU_86_A,LYS_194_A"
LYS_83_A,"HIS_82_A,GLU_84_A,ALA_87_A"
GLU_84_A,"LYS_83_A,GLU_85_A,HIS_88_A"
GLU_85_A,"HIS_82_A,GLU_84_A,LEU_86_A,LEU_89_A,LYS_187_A"
LEU_86_A,"HIS_82_A,GLU_85_A,ALA_87_A,ILE_90_A"
ALA_87_A,"LYS_83_A,LEU_86_A,HIS_88_A,THR_91_A,ALA_101_A,LEU_102_A"
HIS_88_A,"GLU_84_A,ALA_87_A,LEU_89_A"
LEU_89_A,"GLU_85_A,HIS_88_A,ILE_90_A,LYS_187_A"
ILE_90_A,"LEU_86_A,LEU_89_A,THR_91_A,ASN_94_A,PRO_155_A,LEU_184_A"
THR_91_A,"ALA_87_A,ILE_90_A,ILE_92_A,GLY_95_A,LEU_317_A"
ILE_92_A,"LEU_35_A,THR_91_A,GLU_93_A,LEU_317_A"
GLU_93_A,"ILE_92_A,ASN_94_A,LEU_183_A,LEU_184_A"
ASN_94_A,"ILE_90_A,GLU_93_A,GLY_95_A"
GLY_95_A,"THR_91_A,ASN_94_A,LYS_96_A"
LYS_96_A,"GLY_95_A,ASN_97_A,GLU_104_A,ASN_153_A"
ASN_97_A,"LYS_96_A,THR_98_A,ALA_101_A"
THR_98_A,"ASN_97_A,LYS_99_A,LEU_102_A"
LYS_99_A,"THR_98_A,GLU_100_A"
GLU_100_A,"LYS_99_A,ALA_101_A,GLU_104_A,SER_279_A,ARG_283_A"
ALA_101_A,"ALA_87_A,ASN_97_A,GLU_100_A,LEU_102_A,GLU_104_A"
LEU_102_A,"ALA_87_A,THR_98_A,ALA_101_A,GLY_103_A"
GLY_103_A,"LEU_102_A,GLU_104_A"
GLU_104_A,"LYS_96_A,GLU_100_A,ALA_101_A,GLY_103_A,VAL_105_A,PHE_154_A,MET_156_A,MET_157_A"
VAL_105_A,"GLU_104_A,GLY_106_A,ILE_109_A"
GLY_106_A,"VAL_105_A,ARG_107_A,GLU_110_A"
ARG_107_A,"GLY_106_A,GLY_108_A,GLU_110_A,ASN_111_A,ARG_283_A"
GLY_108_A,"ARG_107_A,ILE_109_A"
ILE_109_A,"VAL_105_A,GLY_108_A,GLU_110_A,GLU_113_A"
GLU_110_A,"GLY_106_A,ARG_107_A,ILE_109_A,ASN_111_A,GLU_113_A,PHE_114_A"
ASN_111_A,"ARG_107_A,GLU_110_A,VAL_112_A,ALA_115_A"
VAL_112_A,"PHE_75_A,LEU_79_A,ASN_111_A,GLU_113_A,ALA_116_A"
GLU_113_A,"GLN_76_A,ILE_109_A,GLU_110_A,VAL_112_A,PHE_114_A"
PHE_114_A,"GLU_110_A,GLU_113_A,ALA_115_A,MET_165_A,PHE_446_A"
ALA_115_A,"ASN_111_A,PHE_114_A,ALA_116_A"
ALA_116_A,"PHE_73_A,VAL_112_A,ALA_115_A,GLY_117_A"
GLY_117_A,"ALA_116_A,ALA_118_A"
ALA_118_A,"VAL_65_A,GLY_117_A,MET_122_A"
PRO_119_A,SER_120_A
SER_120_A,"PRO_119_A,LEU_121_A"
LEU_121_A,"SER_120_A,MET_122_A"
MET_122_A,"ALA_118_A,LEU_121_A,MET_123_A,LEU_169_A"
MET_123_A,"MET_122_A,GLY_124_A"
GLY_124_A,"MET_123_A,ASP_125_A"
ASP_125_A,"GLY_124_A,SER_126_A,ASN_138_A"
SER_126_A,"ASP_125_A,LEU_127_A"
LEU_127_A,"SER_126_A,ALA_128_A,ALA_136_A"
ALA_128_A,"LEU_127_A,SER_129_A"
SER_129_A,"ALA_128_A,ILE_130_A"
ILE_130_A,"SER_129_A,ALA_131_A,VAL_134_A"
ALA_131_A,"ILE_130_A,THR_132_A"
THR_132_A,"ALA_131_A,ASP_133_A"
ASP_133_A,"THR_132_A,VAL_134_A,ARG_480_A,TYR_481_A"
VAL_134_A,"ILE_130_A,ASP_133_A,GLU_135_A,THR_478_A"
GLU_135_A,"VAL_134_A,ALA_136_A,ALA_479_A"
ALA_136_A,"LEU_127_A,GLU_135_A,ALA_137_A"
ALA_137_A,"ALA_136_A,ASN_138_A,VAL_477_A"
ASN_138_A,"ASP_125_A,ALA_137_A,TYR_139_A"
TYR_139_A,"ASN_138_A,ARG_140_A,TYR_141_A,LYS_475_A"
ARG_140_A,"TYR_139_A,TYR_141_A,ASP_469_A,LYS_474_A"
TYR_141_A,"TYR_139_A,ARG_140_A,THR_472_A,ARG_473_A"
PRO_142_A,"PHE_57_A,ILE_143_A"
ILE_143_A,"PRO_142_A,GLY_144_A,ALA_223_A"
GLY_144_A,"ILE_143_A,VAL_145_A"
VAL_145_A,"ALA_53_A,GLY_144_A,VAL_146_A"
VAL_146_A,"VAL_145_A,GLY_147_A,ASN_171_A,THR_172_A,PHE_173_A,ILE_174_A,TYR_471_A"
GLY_147_A,"VAL_146_A,GLY_148_A,ALA_223_A,SER_225_A"
GLY_148_A,"GLY_147_A,ILE_149_A,ILE_174_A,LYS_176_A"
ILE_149_A,"GLY_148_A,ALA_150_A,VAL_212_A"
ALA_150_A,ILE_149_A
PRO_151_A,PHE_152_A
PHE_152_A,"PRO_151_A,ASN_153_A,ILE_327_A,PHE_384_A"
ASN_153_A,"LYS_96_A,PHE_152_A,PHE_154_A"
PHE_154_A,"GLU_104_A,ASN_153_A,VAL_158_A"
PRO_155_A,"ILE_90_A,MET_156_A"
MET_156_A,"GLU_104_A,PRO_155_A,MET_157_A,CYS_160_A,LEU_184_A"
MET_157_A,"GLU_104_A,MET_156_A,VAL_158_A,CYS_160_A,TRP_161_A"
VAL_158_A,"PHE_154_A,MET_157_A,TRP_161_A,VAL_227_A"
PRO_159_A,"CYS_160_A,MET_162_A"
CYS_160_A,"MET_156_A,MET_157_A,PRO_159_A,TRP_161_A"
TRP_161_A,"MET_157_A,VAL_158_A,CYS_160_A,MET_162_A,LEU_250_A,PHE_449_A"
MET_162_A,"PRO_159_A,TRP_161_A,PHE_163_A,PHE_173_A,VAL_227_A"
PHE_163_A,"PHE_75_A,MET_162_A,PRO_164_A,ILE_167_A,PHE_173_A,LEU_188_A,PHE_192_A,PHE_202_A"
PRO_164_A,"PHE_163_A,MET_165_A,ALA_168_A"
MET_165_A,"PHE_114_A,PRO_164_A,ALA_166_A,LEU_169_A"
ALA_166_A,"MET_165_A,ILE_167_A,ASN_171_A,PHE_173_A,TYR_471_A"
ILE_167_A,"TRP_60_A,PHE_163_A,ALA_166_A,ALA_168_A,GLY_170_A,PHE_192_A,LEU_197_A,VAL_201_A"
ALA_168_A,"ARG_68_A,PRO_164_A,ILE_167_A,LEU_169_A"
LEU_169_A,"MET_122_A,MET_165_A,ALA_168_A,GLY_170_A,TYR_471_A"
GLY_170_A,"ILE_167_A,LEU_169_A,ASN_171_A"
ASN_171_A,"VAL_146_A,ALA_166_A,GLY_170_A,THR_172_A"
THR_172_A,"ALA_53_A,PHE_57_A,VAL_146_A,ASN_171_A,PHE_173_A"
PHE_173_A,"VAL_146_A,MET_162_A,PHE_163_A,ALA_166_A,THR_172_A,ILE_174_A,LEU_175_A,VAL_201_A,ASN_203_A"
ILE_174_A,"ALA_49_A,VAL_146_A,GLY_148_A,PHE_173_A,LEU_175_A"
LEU_175_A,"PHE_173_A,ILE_174_A,LYS_176_A,ASN_203_A"
LYS_176_A,"GLY_148_A,LEU_175_A,PRO_177_A,GLU_179_A,VAL_211_A,VAL_212_A"
PRO_177_A,"LYS_176_A,SER_178_A,TYR_206_A"
SER_178_A,"PRO_177_A,GLU_179_A"
GLU_179_A,"GLU_24_A,LYS_176_A,SER_178_A,ARG_180_A"
ARG_180_A,"GLU_179_A,THR_181_A,ARG_328_A"
THR_181_A,ARG_180_A
PRO_182_A,"LEU_7_A,VAL_26_A,VAL_38_A,LEU_183_A,TYR_206_A"
LEU_183_A,"GLU_93_A,PRO_182_A,LEU_184_A,GLU_186_A"
LEU_184_A,"ILE_90_A,GLU_93_A,MET_156_A,LEU_183_A,THR_185_A,LYS_187_A,LEU_188_A"
THR_185_A,"LEU_184_A,GLU_186_A,VAL_204_A"
GLU_186_A,"ARG_5_A,TRP_15_A,LEU_183_A,THR_185_A,LYS_187_A,GLU_190_A"
LYS_187_A,"GLU_85_A,LEU_89_A,LEU_184_A,GLU_186_A,LEU_188_A,GLU_190_A,LEU_191_A"
LEU_188_A,"PHE_163_A,LEU_184_A,LYS_187_A,VAL_189_A,PHE_192_A"
VAL_189_A,"TYR_10_A,TRP_15_A,LEU_188_A,GLU_190_A,GLU_193_A,PHE_202_A,VAL_204_A"
GLU_190_A,"GLU_186_A,LYS_187_A,VAL_189_A,LEU_191_A"
LEU_191_A,"LEU_79_A,LYS_187_A,GLU_190_A,PHE_192_A,ALA_195_A"
PHE_192_A,"PHE_75_A,PHE_163_A,ILE_167_A,LEU_188_A,LEU_191_A,GLU_193_A,PHE_202_A"
GLU_193_A,"TYR_10_A,VAL_189_A,PHE_192_A,LYS_194_A,GLY_196_A"
LYS_194_A,"HIS_82_A,GLU_193_A,ALA_195_A"
ALA_195_A,"LEU_191_A,LYS_194_A,GLY_196_A"
GLY_196_A,"GLU_193_A,ALA_195_A,LEU_197_A"
LEU_197_A,"TRP_60_A,ILE_167_A,GLY_196_A,VAL_201_A,PHE_202_A"
PRO_198_A,"TRP_60_A,LYS_199_A"
LYS_199_A,"PRO_198_A,GLY_200_A"
GLY_200_A,"LYS_199_A,VAL_201_A,ASN_203_A"
VAL_201_A,"TRP_60_A,ILE_167_A,PHE_173_A,LEU_197_A,GLY_200_A,PHE_202_A"
PHE_202_A,"PHE_163_A,VAL_189_A,PHE_192_A,LEU_197_A,VAL_201_A,ASN_203_A"
ASN_203_A,"PHE_173_A,LEU_175_A,GLY_200_A,PHE_202_A,VAL_204_A"
VAL_204_A,"TYR_10_A,THR_185_A,VAL_189_A,ASN_203_A,VAL_205_A"
VAL_205_A,"ALA_49_A,VAL_204_A,TYR_206_A,VAL_211_A"
TYR_206_A,"SER_41_A,PRO_177_A,PRO_182_A,VAL_205_A,GLY_207_A"
GLY_207_A,"TYR_206_A,ALA_208_A"
ALA_208_A,"GLY_207_A,HIS_209_A"
HIS_209_A,"ALA_208_A,ASP_210_A,VAL_212_A,ASN_213_A"
ASP_210_A,"LYS_43_A,HIS_209_A,VAL_211_A,GLY_214_A"
VAL_211_A,"ILE_46_A,LYS_176_A,VAL_205_A,ASP_210_A,VAL_212_A"
VAL_212_A,"ILE_149_A,LYS_176_A,HIS_209_A,VAL_211_A,ASN_213_A,LEU_216_A"
ASN_213_A,"HIS_209_A,VAL_212_A,GLY_214_A,GLU_217_A,TYR_235_A"
GLY_214_A,"ASP_210_A,ASN_213_A,ILE_215_A,HIS_218_A"
ILE_215_A,"ILE_46_A,GLY_214_A,LEU_216_A,ILE_221_A"
LEU_216_A,"VAL_212_A,ILE_215_A,GLU_217_A,ILE_224_A,VAL_236_A,LYS_239_A"
GLU_217_A,"LYS_43_A,ASN_213_A,LEU_216_A,HIS_218_A,LYS_239_A"
HIS_218_A,"ASP_47_A,GLY_214_A,GLU_217_A,GLU_220_A,LYS_245_A"
PRO_219_A,GLU_220_A
GLU_220_A,"HIS_218_A,PRO_219_A,ILE_221_A,LYS_222_A"
ILE_221_A,"ILE_215_A,GLU_220_A,LYS_222_A"
LYS_222_A,"GLU_220_A,ILE_221_A,ALA_223_A"
ALA_223_A,"ILE_143_A,GLY_147_A,LYS_222_A,ILE_224_A,ARG_246_A"
ILE_224_A,"LEU_216_A,ALA_223_A,SER_225_A,LYS_245_A"
SER_225_A,"GLY_147_A,ILE_224_A,PHE_226_A,GLN_248_A,TYR_471_A"
PHE_226_A,"SER_225_A,VAL_227_A,VAL_232_A,VAL_236_A,GLN_248_A,LEU_250_A"
VAL_227_A,"VAL_158_A,MET_162_A,PHE_226_A,GLY_228_A"
GLY_228_A,"VAL_227_A,SER_229_A"
SER_229_A,"GLY_228_A,LYS_230_A,GLY_233_A"
LYS_230_A,"SER_229_A,GLU_234_A,GLU_407_A"
PRO_231_A,VAL_232_A
VAL_232_A,"PHE_226_A,PRO_231_A,GLY_233_A,VAL_236_A"
GLY_233_A,"SER_229_A,VAL_232_A,GLU_234_A,TYR_237_A,SER_249_A"
GLU_234_A,"LYS_230_A,GLY_233_A,TYR_235_A,LYS_238_A"
TYR_235_A,"ASN_213_A,GLU_234_A,VAL_236_A,LYS_239_A"
VAL_236_A,"LEU_216_A,PHE_226_A,VAL_232_A,TYR_235_A,TYR_237_A,GLY_240_A"
TYR_237_A,"GLY_233_A,VAL_236_A,LYS_238_A,SER_241_A,VAL_247_A,PHE_457_A"
LYS_238_A,"GLU_234_A,TYR_237_A,LYS_239_A,GLU_242_A"
LYS_239_A,"LYS_43_A,LEU_216_A,GLU_217_A,TYR_235_A,LYS_238_A,GLY_240_A,ASN_243_A"
GLY_240_A,"VAL_236_A,LYS_239_A,SER_241_A"
SER_241_A,"TYR_237_A,GLY_240_A,GLU_242_A,LEU_244_A"
GLU_242_A,"LYS_238_A,SER_241_A,ASN_243_A"
ASN_243_A,"LYS_239_A,GLU_242_A,LEU_244_A"
LEU_244_A,"SER_241_A,ASN_243_A,LYS_245_A"
LYS_245_A,"HIS_218_A,ILE_224_A,LEU_244_A,ARG_246_A"
ARG_246_A,"ALA_223_A,LYS_245_A,VAL_247_A,PHE_470_A"
VAL_247_A,"TYR_237_A,ARG_246_A,GLN_248_A"
GLN_248_A,"SER_225_A,PHE_226_A,VAL_247_A,SER_249_A,LEU_460_A,HIS_461_A,PHE_470_A"
SER_249_A,"GLY_233_A,GLN_248_A,LEU_250_A,PHE_457_A"
LEU_250_A,"TRP_161_A,PHE_226_A,SER_249_A,THR_251_A,ALA_462_A"
THR_251_A,"LEU_250_A,GLY_252_A,SER_454_A,SER_455_A,PHE_457_A"
GLY_252_A,"THR_251_A,ALA_253_A,SER_455_A"
ALA_253_A,"GLY_252_A,LYS_254_A,ASN_410_A"
LYS_254_A,"ALA_253_A,ASN_255_A,ALA_288_A,VAL_289_A,ASP_381_A"
ASN_255_A,"LYS_254_A,HIS_256_A,CYS_284_A,ALA_286_A,GLY_411_A"
HIS_256_A,"ASN_255_A,THR_257_A,TRP_379_A,CYS_413_A"
THR_257_A,"HIS_256_A,ILE_258_A,ILE_272_A,VAL_289_A,THR_291_A,PHE_415_A"
ILE_258_A,"THR_257_A,VAL_259_A,LEU_396_A,CYS_413_A,LEU_414_A,PHE_415_A"
VAL_259_A,"ILE_258_A,LEU_260_A,ILE_272_A,GLU_293_A"
LEU_260_A,"VAL_259_A,ASN_261_A,ALA_263_A,ALA_421_A"
ASN_261_A,"LEU_260_A,ASP_262_A,GLU_293_A,ILE_296_A"
ASP_262_A,"ASN_261_A,ALA_263_A,GLU_293_A,THR_416_A,SER_417_A"
ALA_263_A,"LEU_260_A,ASP_262_A,ASN_264_A"
ASN_264_A,"ALA_263_A,LEU_265_A,ASP_267_A,THR_268_A"
LEU_265_A,"ASN_264_A,GLU_266_A,VAL_269_A,ILE_296_A,LYS_303_A"
GLU_266_A,"LEU_265_A,ASP_267_A,LYS_303_A,LYS_307_A"
ASP_267_A,"ASN_264_A,GLU_266_A,THR_268_A,ASN_271_A"
THR_268_A,"ASN_264_A,ASP_267_A,VAL_269_A,ILE_272_A,PHE_415_A"
VAL_269_A,"LEU_265_A,THR_268_A,THR_270_A,VAL_273_A,PHE_300_A"
THR_270_A,"VAL_269_A,ASN_271_A"
ASN_271_A,"ASP_267_A,THR_270_A,ILE_272_A,ALA_275_A"
ILE_272_A,"THR_257_A,VAL_259_A,THR_268_A,ASN_271_A,VAL_273_A,ALA_276_A,PHE_300_A"
VAL_273_A,"VAL_269_A,ILE_272_A,GLY_274_A,PHE_277_A,LEU_304_A"
GLY_274_A,"VAL_273_A,ALA_275_A,GLY_278_A,ARG_283_A"
ALA_275_A,"ASN_271_A,GLY_274_A,ALA_276_A,CYS_287_A"
ALA_276_A,"ILE_272_A,ALA_275_A,PHE_277_A,LEU_388_A"
PHE_277_A,"VAL_273_A,ALA_276_A,GLY_278_A,VAL_308_A,PRO_366_A,PRO_386_A"
GLY_278_A,"GLY_274_A,PHE_277_A,SER_279_A,ALA_280_A,GLY_281_A"
SER_279_A,"GLU_100_A,GLY_278_A,ALA_280_A,GLU_282_A"
ALA_280_A,"GLY_278_A,SER_279_A,GLY_281_A"
GLY_281_A,"GLY_278_A,ALA_280_A,GLU_282_A"
GLU_282_A,"SER_279_A,GLY_281_A,ARG_283_A,ILE_327_A,PHE_384_A"
ARG_283_A,"GLU_100_A,ARG_107_A,GLY_274_A,GLU_282_A,CYS_284_A,MET_285_A,ALA_286_A"
CYS_284_A,"ASN_255_A,ARG_283_A,MET_285_A"
MET_285_A,"ARG_283_A,CYS_284_A,ALA_286_A,MET_433_A,VAL_440_A"
ALA_286_A,"ASN_255_A,ARG_283_A,MET_285_A,CYS_287_A"
CYS_287_A,"ALA_275_A,ALA_286_A,ALA_288_A"
ALA_288_A,"LYS_254_A,CYS_287_A,VAL_289_A,SER_389_A"
VAL_289_A,"LYS_254_A,THR_257_A,ALA_288_A,VAL_290_A"
VAL_290_A,"VAL_289_A,THR_291_A,VAL_292_A,LEU_388_A,SER_389_A,ILE_391_A"
THR_291_A,"THR_257_A,VAL_290_A,VAL_292_A"
VAL_292_A,"VAL_290_A,THR_291_A,GLU_293_A,ILE_296_A,PHE_300_A,VAL_390_A,ILE_391_A,VAL_393_A"
GLU_293_A,"VAL_259_A,ASN_261_A,ASP_262_A,VAL_292_A,GLU_294_A"
GLU_294_A,"GLU_293_A,GLY_295_A,ASP_298_A,ARG_392_A,VAL_393_A"
GLY_295_A,"GLU_294_A,ILE_296_A"
ILE_296_A,"ASN_261_A,LEU_265_A,VAL_292_A,GLY_295_A,ALA_297_A,PHE_300_A"
ALA_297_A,"ILE_296_A,ASP_298_A,MET_301_A"
ASP_298_A,"GLU_294_A,ALA_297_A,GLU_299_A,ARG_392_A"
GLU_299_A,"ASP_298_A,PHE_300_A"
PHE_300_A,"VAL_269_A,ILE_272_A,VAL_292_A,ILE_296_A,GLU_299_A,MET_301_A,LEU_304_A"
MET_301_A,"ALA_297_A,PHE_300_A,ALA_302_A,GLN_305_A,ILE_368_A"
ALA_302_A,"MET_301_A,LYS_303_A"
LYS_303_A,"LEU_265_A,GLU_266_A,ALA_302_A,LEU_304_A,GLU_306_A,LYS_307_A"
LEU_304_A,"VAL_273_A,PHE_300_A,LYS_303_A,GLN_305_A,VAL_308_A,ILE_368_A"
GLN_305_A,"MET_301_A,LEU_304_A,GLU_306_A"
GLU_306_A,"LYS_303_A,GLN_305_A,LYS_307_A"
LYS_307_A,"GLU_266_A,LYS_303_A,GLU_306_A,VAL_308_A,ASP_310_A"
VAL_308_A,"PHE_277_A,LEU_304_A,LYS_307_A,ALA_309_A,PRO_366_A"
ALA_309_A,"VAL_308_A,ASP_310_A"
ASP_310_A,"LYS_307_A,ALA_309_A,ILE_311_A"
ILE_311_A,"ASP_310_A,LYS_312_A,PHE_322_A"
LYS_312_A,"ILE_311_A,ILE_313_A,PHE_322_A"
ILE_313_A,"LYS_312_A,GLY_314_A,PHE_363_A"
GLY_314_A,"ILE_313_A,ASN_315_A"
ASN_315_A,"GLY_314_A,GLY_316_A,LEU_317_A,ASP_318_A"
GLY_316_A,"ASN_315_A,LEU_317_A"
LEU_317_A,"THR_91_A,ILE_92_A,ASN_315_A,GLY_316_A,ASP_318_A"
ASP_318_A,"ASN_315_A,LEU_317_A,ASP_319_A,VAL_321_A"
ASP_319_A,"ASP_318_A,GLY_320_A"
GLY_320_A,"ASP_319_A,VAL_321_A"
VAL_321_A,"ASP_318_A,GLY_320_A,PHE_322_A"
PHE_322_A,"ILE_311_A,LYS_312_A,VAL_321_A,LEU_323_A"
LEU_323_A,"PHE_322_A,GLY_324_A"
GLY_324_A,LEU_323_A
PRO_325_A,"PRO_29_A,VAL_326_A,PHE_363_A"
VAL_326_A,"PRO_325_A,ILE_327_A,TYR_362_A"
ILE_327_A,"PHE_152_A,GLU_282_A,VAL_326_A,ARG_328_A"
ARG_328_A,"GLU_24_A,ARG_180_A,ILE_327_A,GLU_329_A"
GLU_329_A,"LYS_32_A,ARG_328_A,ASP_330_A,LYS_332_A,LYS_333_A,TYR_362_A"
ASP_330_A,"GLU_329_A,ASN_331_A"
ASN_331_A,"ASP_330_A,LYS_332_A,THR_335_A"
LYS_332_A,"GLU_329_A,ASN_331_A,LYS_333_A,ASP_359_A,VAL_364_A"
LYS_333_A,"GLU_329_A,LYS_332_A,ARG_334_A,SER_337_A"
ARG_334_A,"LYS_333_A,THR_335_A,ILE_383_A"
THR_335_A,"ASN_331_A,ARG_334_A,LEU_336_A,TYR_338_A,ILE_339_A,VAL_387_A"
LEU_336_A,"THR_335_A,SER_337_A"
SER_337_A,"LYS_333_A,LEU_336_A,TYR_338_A"
TYR_338_A,"THR_335_A,SER_337_A,ILE_339_A,GLY_342_A,ASP_381_A,ILE_383_A"
ILE_339_A,"THR_335_A,TYR_338_A,GLU_340_A,ARG_354_A,THR_367_A"
GLU_340_A,"ILE_339_A,LYS_341_A,GLY_342_A,LEU_343_A,GLU_344_A,ARG_354_A"
LYS_341_A,"GLU_340_A,GLY_342_A,GLU_345_A,ASP_381_A"
GLY_342_A,"TYR_338_A,GLU_340_A,LYS_341_A,LEU_343_A,GLU_345_A"
LEU_343_A,"GLU_340_A,GLY_342_A,GLU_344_A,GLU_345_A,GLY_346_A,LEU_349_A"
GLU_344_A,"GLU_340_A,LEU_343_A,GLU_345_A"
GLU_345_A,"LYS_341_A,GLY_342_A,LEU_343_A,GLU_344_A,GLY_346_A,THR_377_A,LYS_380_A"
GLY_346_A,"LEU_343_A,GLU_345_A,ALA_347_A"
ALA_347_A,"GLY_346_A,ARG_348_A,PHE_369_A"
ARG_348_A,"ALA_347_A,LEU_349_A,VAL_350_A,ASP_370_A,ASN_371_A,ARG_392_A"
LEU_349_A,"LEU_343_A,ARG_348_A,VAL_350_A,ASP_352_A"
VAL_350_A,"ARG_348_A,LEU_349_A,CYS_351_A,ILE_368_A,ASP_370_A"
CYS_351_A,"VAL_350_A,ASP_352_A,ILE_368_A"
ASP_352_A,"LEU_349_A,CYS_351_A,GLY_353_A,ARG_354_A,GLU_355_A"
GLY_353_A,"ASP_352_A,ARG_354_A,GLY_365_A"
ARG_354_A,"ILE_339_A,GLU_340_A,ASP_352_A,GLY_353_A,GLU_355_A"
GLU_355_A,"ASP_352_A,ARG_354_A,ASN_356_A"
ASN_356_A,"GLU_355_A,VAL_357_A"
VAL_357_A,"ASN_356_A,SER_358_A,PHE_363_A"
SER_358_A,"VAL_357_A,ASP_359_A"
ASP_359_A,"LYS_32_A,LYS_332_A,SER_358_A,ASP_360_A"
ASP_360_A,"ASP_359_A,GLY_361_A"
GLY_361_A,"ASP_360_A,TYR_362_A,PHE_363_A"
TYR_362_A,"PRO_29_A,VAL_326_A,GLU_329_A,GLY_361_A,PHE_363_A"
PHE_363_A,"ILE_313_A,PRO_325_A,VAL_357_A,GLY_361_A,TYR_362_A,VAL_364_A"
VAL_364_A,"LYS_332_A,PHE_363_A,GLY_365_A"
GLY_365_A,"GLY_353_A,VAL_364_A"
PRO_366_A,"PHE_277_A,VAL_308_A,THR_367_A"
THR_367_A,"ILE_339_A,PRO_366_A,ILE_368_A,PRO_386_A,LEU_388_A"
ILE_368_A,"MET_301_A,LEU_304_A,VAL_350_A,CYS_351_A,THR_367_A,PHE_369_A"
PHE_369_A,"ALA_347_A,ILE_368_A,ASP_370_A,VAL_372_A,LEU_388_A"
ASP_370_A,"ARG_348_A,VAL_350_A,PHE_369_A,ASN_371_A,VAL_372_A,ARG_392_A"
ASN_371_A,"ARG_348_A,ASP_370_A,VAL_372_A"
VAL_372_A,"PHE_369_A,ASP_370_A,ASN_371_A,THR_373_A,ILE_391_A"
THR_373_A,"VAL_372_A,THR_374_A,MET_376_A"
THR_374_A,"THR_373_A,GLU_375_A,TRP_379_A,LYS_405_A"
GLU_375_A,"THR_374_A,MET_376_A"
MET_376_A,"THR_373_A,GLU_375_A,THR_377_A,TRP_379_A"
THR_377_A,"GLU_345_A,MET_376_A,ILE_378_A,ASP_381_A"
ILE_378_A,"THR_377_A,TRP_379_A"
TRP_379_A,"HIS_256_A,THR_374_A,MET_376_A,ILE_378_A,LYS_380_A"
LYS_380_A,"GLU_345_A,TRP_379_A,ASP_381_A"
ASP_381_A,"LYS_254_A,TYR_338_A,LYS_341_A,THR_377_A,LYS_380_A,GLU_382_A"
GLU_382_A,"ASP_381_A,ILE_383_A"
ILE_383_A,"ARG_334_A,TYR_338_A,GLU_382_A,PHE_384_A"
PHE_384_A,"PHE_152_A,GLU_282_A,ILE_383_A,ALA_385_A"
ALA_385_A,"PHE_384_A,VAL_387_A"
PRO_386_A,"PHE_277_A,THR_367_A,VAL_387_A"
VAL_387_A,"THR_335_A,ALA_385_A,PRO_386_A,LEU_388_A"
LEU_388_A,"ALA_276_A,VAL_290_A,THR_367_A,PHE_369_A,VAL_387_A,SER_389_A"
SER_389_A,"ALA_288_A,VAL_290_A,LEU_388_A,VAL_390_A"
VAL_390_A,"VAL_292_A,SER_389_A,ILE_391_A"
ILE_391_A,"VAL_290_A,VAL_292_A,VAL_372_A,VAL_390_A,ARG_392_A"
ARG_392_A,"GLU_294_A,ASP_298_A,ARG_348_A,ASP_370_A,ILE_391_A,VAL_393_A"
VAL_393_A,"VAL_292_A,GLU_294_A,ARG_392_A,LYS_394_A,ILE_402_A"
LYS_394_A,"VAL_393_A,ASN_395_A,GLU_398_A"
ASN_395_A,"LYS_394_A,LEU_396_A"
LEU_396_A,"ILE_258_A,ASN_395_A,LYS_397_A,ILE_400_A,ALA_421_A,TYR_424_A"
LYS_397_A,"LEU_396_A,GLU_398_A,GLU_401_A"
GLU_398_A,"LYS_394_A,LYS_397_A,ALA_399_A"
ALA_399_A,"GLU_398_A,ILE_400_A"
ILE_400_A,"LEU_396_A,ALA_399_A,GLU_401_A,ASN_404_A,TYR_424_A"
GLU_401_A,"LYS_397_A,ILE_400_A,ILE_402_A"
ILE_402_A,"VAL_393_A,GLU_401_A,ALA_403_A"
ALA_403_A,"ILE_402_A,ASN_404_A,SER_406_A"
ASN_404_A,"ILE_400_A,ALA_403_A,LYS_405_A,ASP_430_A"
LYS_405_A,"THR_374_A,ASN_404_A,SER_406_A"
SER_406_A,"ALA_403_A,LYS_405_A,GLU_407_A"
GLU_407_A,"LYS_230_A,SER_406_A,PHE_408_A"
PHE_408_A,"GLU_407_A,ALA_409_A"
ALA_409_A,"PHE_408_A,ASN_410_A,TRP_452_A,LYS_453_A,SER_455_A"
ASN_410_A,"ALA_253_A,ALA_409_A,GLY_411_A"
GLY_411_A,"ASN_255_A,ASN_410_A,ALA_412_A"
ALA_412_A,"GLY_411_A,CYS_413_A,ALA_431_A"
CYS_413_A,"HIS_256_A,ILE_258_A,ALA_412_A,LEU_414_A"
LEU_414_A,"ILE_258_A,CYS_413_A,PHE_415_A,THR_416_A,PHE_425_A,GLY_435_A,ASN_437_A"
PHE_415_A,"THR_257_A,ILE_258_A,THR_268_A,LEU_414_A,THR_416_A"
THR_416_A,"ASP_262_A,LEU_414_A,PHE_415_A,SER_417_A,ASN_418_A,ILE_422_A"
SER_417_A,"ASP_262_A,THR_416_A,ASN_418_A"
ASN_418_A,"THR_416_A,SER_417_A,SER_419_A"
SER_419_A,"ASN_418_A,ASN_420_A"
ASN_420_A,"SER_419_A,ALA_421_A,TYR_424_A"
ALA_421_A,"LEU_260_A,LEU_396_A,ASN_420_A,ILE_422_A,PHE_425_A"
ILE_422_A,"THR_416_A,ALA_421_A,ARG_423_A,ARG_426_A"
ARG_423_A,"ILE_422_A,TYR_424_A,ARG_426_A,GLU_427_A"
TYR_424_A,"LEU_396_A,ILE_400_A,ASN_420_A,ARG_423_A,PHE_425_A"
PHE_425_A,"LEU_414_A,ALA_421_A,TYR_424_A,ARG_426_A,ILE_429_A,LEU_434_A,ILE_436_A"
ARG_426_A,"ILE_422_A,ARG_423_A,PHE_425_A,GLU_427_A,LEU_434_A"
GLU_427_A,"ARG_423_A,ARG_426_A,ASN_428_A"
ASN_428_A,"GLU_427_A,ILE_429_A"
ILE_429_A,"PHE_425_A,ASN_428_A,ASP_430_A,LEU_434_A"
ASP_430_A,"ASN_404_A,ILE_429_A,ALA_431_A,LYS_453_A"
ALA_431_A,"ALA_412_A,ASP_430_A,GLY_432_A"
GLY_432_A,"ALA_431_A,MET_433_A"
MET_433_A,"MET_285_A,GLY_432_A,LEU_434_A,PHE_449_A"
LEU_434_A,"PHE_425_A,ARG_426_A,ILE_429_A,MET_433_A,GLY_435_A"
GLY_435_A,"LEU_414_A,LEU_434_A,ILE_436_A"
ILE_436_A,"PHE_425_A,GLY_435_A,ASN_437_A"
ASN_437_A,"LEU_414_A,ILE_436_A,LEU_438_A"
LEU_438_A,"ASN_437_A,GLY_439_A"
GLY_439_A,"LEU_438_A,VAL_440_A"
VAL_440_A,"MET_285_A,GLY_439_A"
PRO_441_A,ALA_442_A
ALA_442_A,PRO_441_A
PRO_443_A,MET_444_A
MET_444_A,"PRO_443_A,ALA_445_A,PHE_446_A,PHE_447_A"
ALA_445_A,"MET_444_A,PHE_446_A,PHE_447_A,GLY_464_A"
PHE_446_A,"PHE_114_A,MET_444_A,ALA_445_A,PHE_447_A"
PHE_447_A,"MET_444_A,ALA_445_A,PHE_446_A"
PRO_448_A,"PHE_449_A,SER_450_A,ASP_466_A"
PHE_449_A,"TRP_161_A,MET_433_A,PRO_448_A,SER_450_A,ALA_462_A"
SER_450_A,"PRO_448_A,PHE_449_A,GLY_451_A"
GLY_451_A,"SER_450_A,TRP_452_A"
TRP_452_A,"ALA_409_A,GLY_451_A,LYS_453_A,SER_455_A"
LYS_453_A,"ALA_409_A,ASP_430_A,TRP_452_A,SER_454_A,SER_455_A"
SER_454_A,"THR_251_A,LYS_453_A,SER_455_A"
SER_455_A,"THR_251_A,GLY_252_A,ALA_409_A,TRP_452_A,LYS_453_A,SER_454_A,PHE_456_A"
PHE_456_A,"SER_455_A,PHE_457_A,HIS_461_A"
PHE_457_A,"TYR_237_A,SER_249_A,THR_251_A,PHE_456_A,GLY_458_A"
GLY_458_A,"PHE_457_A,THR_459_A"
THR_459_A,"GLY_458_A,LEU_460_A"
LEU_460_A,"GLN_248_A,THR_459_A,HIS_461_A,ASP_469_A"
HIS_461_A,"GLN_248_A,PHE_456_A,LEU_460_A,ALA_462_A,ASP_466_A"
ALA_462_A,"LEU_250_A,PHE_449_A,HIS_461_A,ASN_463_A"
ASN_463_A,"ALA_462_A,GLY_464_A"
GLY_464_A,"ALA_445_A,ASN_463_A,LYS_465_A,SER_467_A"
LYS_465_A,"GLY_464_A,ASP_466_A,VAL_468_A"
ASP_466_A,"PRO_448_A,HIS_461_A,LYS_465_A,SER_467_A,PHE_470_A"
SER_467_A,"GLY_464_A,ASP_466_A,VAL_468_A"
VAL_468_A,"LYS_465_A,SER_467_A,ASP_469_A"
ASP_469_A,"ARG_140_A,LEU_460_A,VAL_468_A,PHE_470_A,LYS_474_A"
PHE_470_A,"ARG_246_A,GLN_248_A,ASP_466_A,ASP_469_A,TYR_471_A"
TYR_471_A,"VAL_146_A,ALA_166_A,LEU_169_A,SER_225_A,PHE_470_A,THR_472_A"
THR_472_A,"TYR_141_A,TYR_471_A,ARG_473_A"
ARG_473_A,"TYR_141_A,THR_472_A,LYS_474_A,LYS_475_A"
LYS_474_A,"ARG_140_A,ASP_469_A,ARG_473_A,LYS_475_A"
LYS_475_A,"TYR_139_A,ARG_473_A,LYS_474_A,VAL_476_A"
VAL_476_A,"LYS_475_A,VAL_477_A"
VAL_477_A,"ALA_137_A,VAL_476_A,THR_478_A"
THR_478_A,"VAL_134_A,VAL_477_A,ALA_479_A"
ALA_479_A,"GLU_135_A,THR_478_A,ARG_480_A,TYR_481_A"
ARG_480_A,"ASP_133_A,ALA_479_A,TYR_481_A"
TYR_481_A,"ASP_133_A,ALA_479_A,ARG_480_A"
PRO_482_A,ALA_483_A
ALA_483_A,PRO_482_A
PRO_484_A,"ASP_485_A,PHE_486_A"
ASP_485_A,"PRO_484_A,PHE_486_A"
PHE_486_A,"PRO_484_A,ASP_485_A"
