residue_id,neighbors
ALA_11_A,VAL_12_A
VAL_12_A,ALA_11_A
PRO_13_A,SER_14_A
SER_14_A,"PRO_13_A,ASP_15_A,GLN_17_A,ALA_18_A"
ASP_15_A,"SER_14_A,SER_16_A,ARG_19_A"
SER_16_A,"ASP_15_A,GLN_17_A,GLU_20_A"
GLN_17_A,"SER_14_A,SER_16_A,ALA_18_A,LYS_21_A"
ALA_18_A,"SER_14_A,GLN_17_A,ARG_19_A,LEU_22_A"
ARG_19_A,"ASP_15_A,ALA_18_A,GLU_20_A,ALA_23_A"
GLU_20_A,"SER_16_A,ARG_19_A,LYS_21_A,LEU_24_A,LYS_50_A"
LYS_21_A,"GLN_17_A,GLU_20_A,LEU_22_A,TYR_25_A"
LEU_22_A,"ALA_18_A,LYS_21_A,ALA_23_A,VAL_26_A"
ALA_23_A,"ARG_19_A,LEU_22_A,LEU_24_A,TYR_27_A"
LEU_24_A,"GLU_20_A,ALA_23_A,TYR_25_A,ILE_52_A"
TYR_25_A,"LYS_21_A,LEU_24_A,VAL_26_A,TYR_29_A,PHE_60_A"
VAL_26_A,"LEU_22_A,TYR_25_A,TYR_27_A,LEU_30_A"
TYR_27_A,"ALA_23_A,VAL_26_A,GLU_28_A,LEU_30_A,ALA_39_A,LEU_43_A"
GLU_28_A,"TYR_27_A,TYR_29_A,HIS_32_A,GLY_55_A,PHE_60_A"
TYR_29_A,"TYR_25_A,GLU_28_A,LEU_30_A,VAL_33_A"
LEU_30_A,"VAL_26_A,TYR_27_A,TYR_29_A,LEU_31_A,ALA_35_A"
LEU_31_A,"LEU_30_A,HIS_32_A,ALA_39_A,LEU_54_A"
HIS_32_A,"GLU_28_A,LEU_31_A,VAL_33_A,GLY_55_A"
VAL_33_A,"TYR_29_A,HIS_32_A,GLY_34_A"
GLY_34_A,"VAL_33_A,ALA_35_A"
ALA_35_A,"LEU_30_A,GLY_34_A,GLN_36_A,ALA_39_A"
GLN_36_A,"ALA_35_A,LYS_37_A"
LYS_37_A,"GLN_36_A,SER_38_A,THR_41_A"
SER_38_A,"LYS_37_A,ALA_39_A,PHE_42_A"
ALA_39_A,"TYR_27_A,LEU_31_A,ALA_35_A,SER_38_A,GLN_40_A"
GLN_40_A,"ALA_39_A,THR_41_A"
THR_41_A,"LYS_37_A,GLN_40_A,PHE_42_A,GLU_45_A"
PHE_42_A,"SER_38_A,THR_41_A,LEU_43_A,ILE_46_A"
LEU_43_A,"TYR_27_A,PHE_42_A,SER_44_A,ARG_47_A,TRP_48_A"
SER_44_A,"LEU_43_A,GLU_45_A,ARG_47_A"
GLU_45_A,"THR_41_A,SER_44_A,ILE_46_A"
ILE_46_A,"PHE_42_A,GLU_45_A,ARG_47_A"
ARG_47_A,"LEU_43_A,SER_44_A,ILE_46_A,TRP_48_A"
TRP_48_A,"LEU_43_A,ARG_47_A,GLU_49_A,LYS_50_A"
GLU_49_A,"TRP_48_A,LYS_50_A"
LYS_50_A,"GLU_20_A,TRP_48_A,GLU_49_A,ASN_51_A"
ASN_51_A,"LYS_50_A,ILE_52_A"
ILE_52_A,"LEU_24_A,ASN_51_A,THR_53_A"
THR_53_A,"ILE_52_A,LEU_54_A"
LEU_54_A,"LEU_31_A,THR_53_A,GLY_55_A"
GLY_55_A,"GLU_28_A,HIS_32_A,LEU_54_A,GLU_56_A"
GLU_56_A,GLY_55_A
PRO_58_A,"GLY_59_A,HIS_62_A"
GLY_59_A,"PRO_58_A,PHE_60_A,SER_63_A"
PHE_60_A,"TYR_25_A,GLU_28_A,GLY_59_A,LEU_61_A,TRP_64_A"
LEU_61_A,"PHE_60_A,HIS_62_A,TRP_65_A"
HIS_62_A,"PRO_58_A,LEU_61_A,SER_63_A"
SER_63_A,"GLY_59_A,HIS_62_A,TRP_64_A"
TRP_64_A,"PHE_60_A,SER_63_A,TRP_65_A,PHE_68_A"
TRP_65_A,"LEU_61_A,TRP_64_A,CYS_66_A,PHE_68_A,TRP_69_A"
CYS_66_A,"TRP_65_A,VAL_67_A"
VAL_67_A,"CYS_66_A,PHE_68_A"
PHE_68_A,"TRP_64_A,TRP_65_A,VAL_67_A,TRP_69_A"
TRP_69_A,"TRP_65_A,PHE_68_A,ASP_70_A,TYR_72_A"
ASP_70_A,"TRP_69_A,LEU_71_A,ALA_74_A,SER_85_A,GLU_87_A"
LEU_71_A,"ASP_70_A,TYR_72_A"
TYR_72_A,"TRP_69_A,LEU_71_A,CYS_73_A"
CYS_73_A,"TYR_72_A,ALA_74_A,HIS_84_A"
ALA_74_A,"ASP_70_A,CYS_73_A,ALA_75_A,ALA_88_A"
ALA_75_A,"ALA_74_A,ARG_78_A,ARG_79_A"
PRO_76_A,GLU_77_A
GLU_77_A,"PRO_76_A,ARG_78_A"
ARG_78_A,"ALA_75_A,GLU_77_A,ARG_79_A"
ARG_79_A,"ALA_75_A,ARG_78_A,GLU_80_A,HIS_84_A,LYS_89_A,HIS_92_A,ASP_93_A"
GLU_80_A,"ARG_79_A,THR_81_A"
THR_81_A,"GLU_80_A,CYS_82_A"
CYS_82_A,"THR_81_A,GLU_83_A,HIS_84_A"
GLU_83_A,"CYS_82_A,HIS_84_A"
HIS_84_A,"CYS_73_A,ARG_79_A,CYS_82_A,GLU_83_A,SER_85_A,LYS_89_A"
SER_85_A,"ASP_70_A,HIS_84_A,SER_86_A"
SER_86_A,"SER_85_A,GLU_87_A"
GLU_87_A,"ASP_70_A,SER_86_A,ALA_88_A"
ALA_88_A,"ALA_74_A,GLU_87_A,LYS_89_A"
LYS_89_A,"ARG_79_A,HIS_84_A,ALA_88_A,ALA_90_A"
ALA_90_A,"LYS_89_A,PHE_91_A,ASP_93_A"
PHE_91_A,"ALA_90_A,HIS_92_A"
HIS_92_A,"ARG_79_A,PHE_91_A,ASP_93_A"
ASP_93_A,"ARG_79_A,ALA_90_A,HIS_92_A"
