residue_id,neighbors
MET_1_A,"ILE_2_A,ASP_30_A"
ILE_2_A,"MET_1_A,GLU_3_A,PHE_28_A,LEU_51_A,THR_64_A"
GLU_3_A,"ILE_2_A,LEU_4_A,ARG_5_A,ARG_27_A,VAL_63_A"
LEU_4_A,"GLU_3_A,ARG_5_A,LEU_7_A,PHE_26_A"
ARG_5_A,"GLU_3_A,LEU_4_A,ASN_6_A,GLU_61_A"
ASN_6_A,"ARG_5_A,LEU_7_A,LEU_24_A,ASN_25_A"
LEU_7_A,"LEU_4_A,ASN_6_A,THR_8_A,LYS_9_A,LEU_50_A,PRO_57_A"
THR_8_A,"LEU_7_A,LYS_9_A,GLU_59_A"
LYS_9_A,"LEU_7_A,THR_8_A,TRP_10_A,VAL_20_A,PHE_21_A,GLU_55_A"
TRP_10_A,"LYS_9_A,TYR_11_A,ARG_17_A,TYR_19_A"
TYR_11_A,"TRP_10_A,THR_13_A,VAL_20_A"
PRO_12_A,THR_13_A
THR_13_A,"TYR_11_A,PRO_12_A,GLY_16_A,ARG_18_A"
PRO_14_A,HIS_15_A
HIS_15_A,"PRO_14_A,GLY_16_A,ARG_18_A"
GLY_16_A,"THR_13_A,HIS_15_A,ARG_17_A"
ARG_17_A,"TRP_10_A,GLY_16_A,ARG_18_A,TYR_19_A"
ARG_18_A,"THR_13_A,HIS_15_A,ARG_17_A,TYR_19_A,VAL_20_A"
TYR_19_A,"TRP_10_A,ARG_17_A,ARG_18_A,VAL_20_A"
VAL_20_A,"LYS_9_A,TYR_11_A,ARG_18_A,TYR_19_A,PHE_21_A"
PHE_21_A,"LYS_9_A,VAL_20_A,ARG_22_A,LEU_24_A"
ARG_22_A,"PHE_21_A,ASN_23_A"
ASN_23_A,"ARG_22_A,LEU_24_A"
LEU_24_A,"ASN_6_A,PHE_21_A,ASN_23_A,ASN_25_A"
ASN_25_A,"ASN_6_A,LEU_24_A,PHE_26_A"
PHE_26_A,"LEU_4_A,ASN_25_A,ARG_27_A,VAL_195_A,LEU_204_A"
ARG_27_A,"GLU_3_A,PHE_26_A,PHE_28_A,ASP_30_A"
PHE_28_A,"ILE_2_A,ARG_27_A,ILE_34_A"
PRO_29_A,"ASP_30_A,VAL_32_A,LEU_204_A"
ASP_30_A,"MET_1_A,ARG_27_A,PRO_29_A,ASP_31_A"
ASP_31_A,"ASP_30_A,VAL_32_A"
VAL_32_A,"PRO_29_A,ASP_31_A,SER_33_A"
SER_33_A,"VAL_32_A,ILE_34_A,ASP_192_A"
ILE_34_A,"PHE_28_A,SER_33_A,GLY_35_A,MET_177_A,ILE_178_A,LEU_179_A,VAL_193_A,VAL_195_A"
GLY_35_A,"ILE_34_A,LEU_36_A,VAL_193_A,VAL_195_A"
LEU_36_A,"GLY_35_A,ILE_37_A,LEU_47_A,LEU_179_A,VAL_180_A,VAL_195_A"
ILE_37_A,"LEU_36_A,GLY_38_A,VAL_194_A,TYR_215_A"
GLY_38_A,"ILE_37_A,ARG_39_A"
ARG_39_A,"GLY_38_A,ASN_40_A,LYS_44_A,ASP_198_A"
ASN_40_A,"ARG_39_A,GLY_41_A"
GLY_41_A,"ASN_40_A,ALA_42_A"
ALA_42_A,"GLY_41_A,GLY_43_A,VAL_197_A"
GLY_43_A,"ALA_42_A,LYS_44_A,THR_46_A,LEU_47_A"
LYS_44_A,"ARG_39_A,GLY_43_A,SER_45_A,MET_48_A,VAL_180_A,HIS_182_A"
SER_45_A,"LYS_44_A,THR_46_A,ARG_49_A"
THR_46_A,"GLY_43_A,SER_45_A,LEU_47_A,LEU_50_A"
LEU_47_A,"LEU_36_A,GLY_43_A,THR_46_A,MET_48_A,LEU_51_A"
MET_48_A,"LYS_44_A,LEU_47_A,ARG_49_A,LEU_148_A,VAL_180_A"
ARG_49_A,"SER_45_A,MET_48_A,LEU_50_A,ILE_54_A,GLU_55_A"
LEU_50_A,"LEU_7_A,THR_46_A,ARG_49_A,LEU_51_A"
LEU_51_A,"ILE_2_A,LEU_47_A,LEU_50_A,GLY_52_A"
GLY_52_A,"LEU_51_A,GLY_53_A"
GLY_53_A,"GLY_52_A,ILE_54_A"
ILE_54_A,"ARG_49_A,GLY_53_A,GLU_55_A,PRO_71_A"
GLU_55_A,"LYS_9_A,ARG_49_A,ILE_54_A,ALA_56_A"
ALA_56_A,GLU_55_A
PRO_57_A,"LEU_7_A,ASN_58_A"
ASN_58_A,"PRO_57_A,GLU_59_A"
GLU_59_A,"THR_8_A,ASN_58_A,GLY_60_A"
GLY_60_A,"GLU_59_A,GLU_61_A"
GLU_61_A,"ARG_5_A,GLY_60_A,VAL_62_A"
VAL_62_A,"GLU_61_A,VAL_63_A"
VAL_63_A,"GLU_3_A,VAL_62_A,THR_64_A"
THR_64_A,"ILE_2_A,VAL_63_A,ASP_65_A"
ASP_65_A,"THR_64_A,VAL_66_A"
VAL_66_A,"ASP_65_A,SER_67_A,ASP_145_A"
SER_67_A,"VAL_66_A,ILE_68_A"
ILE_68_A,"SER_67_A,SER_69_A,TYR_146_A,LEU_148_A"
SER_69_A,"ILE_68_A,TRP_70_A"
TRP_70_A,"SER_69_A,LEU_138_A,PHE_144_A"
PRO_71_A,"ILE_54_A,VAL_72_A"
VAL_72_A,"PRO_71_A,GLY_73_A,ILE_149_A,ALA_152_A"
GLY_73_A,"VAL_72_A,LEU_74_A"
LEU_74_A,"GLY_73_A,SER_75_A,ARG_131_A"
SER_75_A,"LEU_74_A,GLY_76_A"
GLY_76_A,"SER_75_A,GLY_77_A"
GLY_77_A,"GLY_76_A,PHE_78_A"
PHE_78_A,"GLY_77_A,GLN_79_A,MET_123_A,ALA_135_A"
GLN_79_A,"PHE_78_A,GLY_80_A"
GLY_80_A,"GLN_79_A,SER_81_A"
SER_81_A,"GLY_80_A,LEU_82_A"
LEU_82_A,"SER_81_A,THR_83_A,GLU_86_A"
THR_83_A,"LEU_82_A,ALA_84_A,GLU_86_A,ASN_87_A"
ALA_84_A,"THR_83_A,ARG_85_A,VAL_88_A,VAL_134_A"
ARG_85_A,"ALA_84_A,GLU_86_A,LYS_89_A,GLU_110_A,PHE_119_A,ASP_120_A"
GLU_86_A,"LEU_82_A,THR_83_A,ARG_85_A,ASN_87_A,PHE_90_A"
ASN_87_A,"THR_83_A,GLU_86_A,VAL_88_A,VAL_91_A"
VAL_88_A,"ALA_84_A,ASN_87_A,LYS_89_A,CYS_92_A,VAL_106_A,VAL_109_A"
LYS_89_A,"ARG_85_A,VAL_88_A,PHE_90_A,ARG_93_A,MET_102_A,VAL_106_A"
PHE_90_A,"GLU_86_A,LYS_89_A,VAL_91_A,ILE_94_A"
VAL_91_A,"ASN_87_A,PHE_90_A,CYS_92_A,LEU_138_A,PHE_142_A"
CYS_92_A,"VAL_88_A,VAL_91_A,ARG_93_A"
ARG_93_A,"LYS_89_A,CYS_92_A,ILE_94_A,HIS_99_A"
ILE_94_A,"PHE_90_A,ARG_93_A,TYR_95_A"
TYR_95_A,"ILE_94_A,GLY_96_A,PHE_142_A"
GLY_96_A,"TYR_95_A,THR_97_A"
THR_97_A,"GLY_96_A,SER_98_A"
SER_98_A,"THR_97_A,HIS_99_A,ASP_101_A,MET_102_A"
HIS_99_A,"ARG_93_A,SER_98_A,GLU_100_A,LEU_103_A"
GLU_100_A,"HIS_99_A,ASP_101_A,ARG_104_A"
ASP_101_A,"SER_98_A,GLU_100_A,MET_102_A,ARG_104_A,LYS_105_A"
MET_102_A,"LYS_89_A,SER_98_A,ASP_101_A,LEU_103_A,VAL_106_A"
LEU_103_A,"HIS_99_A,MET_102_A,ARG_104_A,ARG_107_A"
ARG_104_A,"GLU_100_A,ASP_101_A,LEU_103_A,LYS_105_A,ARG_107_A,PHE_108_A"
LYS_105_A,"ASP_101_A,ARG_104_A,VAL_106_A,VAL_109_A,PHE_142_A"
VAL_106_A,"VAL_88_A,LYS_89_A,MET_102_A,LYS_105_A,ARG_107_A,GLU_110_A"
ARG_107_A,"LEU_103_A,ARG_104_A,VAL_106_A,PHE_108_A,GLU_111_A"
PHE_108_A,"ARG_104_A,ARG_107_A,VAL_109_A,PHE_112_A,ALA_141_A"
VAL_109_A,"VAL_88_A,LYS_105_A,PHE_108_A,GLU_110_A"
GLU_110_A,"ARG_85_A,VAL_106_A,VAL_109_A,GLU_111_A,PHE_119_A"
GLU_111_A,"ARG_107_A,GLU_110_A,PHE_112_A,LYS_163_A"
PHE_112_A,"PHE_108_A,GLU_111_A,ALA_113_A,PHE_136_A,PHE_160_A,LYS_163_A,VAL_167_A"
ALA_113_A,"PHE_112_A,GLU_114_A,ILE_115_A"
GLU_114_A,"ALA_113_A,ILE_115_A,ARG_133_A,LYS_163_A"
ILE_115_A,"ALA_113_A,GLU_114_A,GLY_116_A,HIS_118_A,TYR_126_A,MET_130_A,VAL_134_A"
GLY_116_A,"ILE_115_A,GLU_117_A"
GLU_117_A,"GLY_116_A,HIS_118_A,ASP_120_A"
HIS_118_A,"ILE_115_A,GLU_117_A,PHE_119_A,LEU_121_A,TYR_126_A"
PHE_119_A,"ARG_85_A,GLU_110_A,HIS_118_A,ASP_120_A"
ASP_120_A,"ARG_85_A,GLU_117_A,PHE_119_A,LEU_121_A"
LEU_121_A,"HIS_118_A,ASP_120_A"
PRO_122_A,"MET_123_A,THR_125_A"
MET_123_A,"PHE_78_A,PRO_122_A,LYS_124_A"
LYS_124_A,"MET_123_A,THR_125_A"
THR_125_A,"PRO_122_A,LYS_124_A,TYR_126_A"
TYR_126_A,"ILE_115_A,HIS_118_A,THR_125_A,SER_127_A,MET_130_A,VAL_134_A"
SER_127_A,"TYR_126_A,SER_128_A"
SER_128_A,"SER_127_A,GLY_129_A"
GLY_129_A,"SER_128_A,MET_130_A"
MET_130_A,"ILE_115_A,TYR_126_A,GLY_129_A,ARG_131_A,VAL_134_A"
ARG_131_A,"LEU_74_A,MET_130_A,SER_132_A,ALA_135_A"
SER_132_A,"ARG_131_A,ARG_133_A,PHE_136_A"
ARG_133_A,"GLU_114_A,SER_132_A,VAL_134_A,GLY_137_A,ASP_157_A,LYS_163_A"
VAL_134_A,"ALA_84_A,ILE_115_A,TYR_126_A,MET_130_A,ARG_133_A,ALA_135_A,LEU_138_A"
ALA_135_A,"PHE_78_A,ARG_131_A,VAL_134_A,PHE_136_A,SER_139_A"
PHE_136_A,"PHE_112_A,SER_132_A,ALA_135_A,GLY_137_A,MET_140_A,PHE_160_A"
GLY_137_A,"ARG_133_A,PHE_136_A,LEU_138_A,ALA_141_A"
LEU_138_A,"TRP_70_A,VAL_91_A,VAL_134_A,GLY_137_A,SER_139_A"
SER_139_A,"ALA_135_A,LEU_138_A,MET_140_A"
MET_140_A,"PHE_136_A,SER_139_A,ALA_141_A,VAL_167_A,PHE_168_A,ARG_171_A"
ALA_141_A,"PHE_108_A,GLY_137_A,MET_140_A,PHE_142_A"
PHE_142_A,"VAL_91_A,TYR_95_A,LYS_105_A,ALA_141_A,ASP_143_A,TYR_147_A"
ASP_143_A,"PHE_142_A,PHE_144_A,ARG_171_A"
PHE_144_A,"TRP_70_A,ASP_143_A,ASP_145_A"
ASP_145_A,"VAL_66_A,PHE_144_A,TYR_146_A,ASN_176_A"
TYR_146_A,"ILE_68_A,ASP_145_A,TYR_147_A,ASN_176_A,ILE_178_A"
TYR_147_A,"PHE_142_A,TYR_146_A,LEU_148_A,ALA_175_A,ASN_176_A,ILE_178_A"
LEU_148_A,"MET_48_A,ILE_68_A,TYR_147_A,ILE_149_A,ILE_178_A"
ILE_149_A,"VAL_72_A,LEU_148_A,ASP_150_A,MET_177_A,ILE_178_A,LEU_179_A,VAL_180_A"
ASP_150_A,"ILE_149_A,GLN_151_A,ALA_152_A"
GLN_151_A,"ASP_150_A,ALA_152_A,VAL_180_A"
ALA_152_A,"VAL_72_A,ASP_150_A,GLN_151_A,MET_153_A"
MET_153_A,"ALA_152_A,ALA_154_A,ARG_161_A,MET_177_A"
ALA_154_A,"MET_153_A,VAL_155_A"
VAL_155_A,"ALA_154_A,GLY_156_A"
GLY_156_A,"VAL_155_A,ASP_157_A,ARG_161_A"
ASP_157_A,"ARG_133_A,GLY_156_A,ALA_158_A"
ALA_158_A,"ASP_157_A,GLN_159_A,ALA_162_A"
GLN_159_A,"ALA_158_A,PHE_160_A,LYS_163_A"
PHE_160_A,"PHE_112_A,PHE_136_A,GLN_159_A,ARG_161_A,SER_164_A"
ARG_161_A,"MET_153_A,GLY_156_A,PHE_160_A,ALA_162_A,SER_164_A,ARG_165_A,ASP_186_A"
ALA_162_A,"ALA_158_A,ARG_161_A,LYS_163_A,ALA_166_A"
LYS_163_A,"GLU_111_A,PHE_112_A,GLU_114_A,ARG_133_A,GLN_159_A,ALA_162_A,SER_164_A,VAL_167_A"
SER_164_A,"PHE_160_A,ARG_161_A,LYS_163_A,ARG_165_A,PHE_168_A"
ARG_165_A,"ARG_161_A,SER_164_A,ALA_166_A,ASP_169_A,GLU_189_A"
ALA_166_A,"ALA_162_A,ARG_165_A,VAL_167_A,SER_170_A"
VAL_167_A,"PHE_112_A,MET_140_A,LYS_163_A,ALA_166_A,PHE_168_A,SER_170_A,ARG_171_A"
PHE_168_A,"MET_140_A,SER_164_A,VAL_167_A,ASP_169_A,ARG_171_A,VAL_172_A,MET_177_A"
ASP_169_A,"ARG_165_A,PHE_168_A,SER_170_A"
SER_170_A,"ALA_166_A,VAL_167_A,ASP_169_A,ARG_171_A"
ARG_171_A,"MET_140_A,ASP_143_A,VAL_167_A,PHE_168_A,SER_170_A,VAL_172_A"
VAL_172_A,"PHE_168_A,ARG_171_A,GLY_173_A"
GLY_173_A,"VAL_172_A,GLN_174_A"
GLN_174_A,"GLY_173_A,ALA_175_A"
ALA_175_A,"TYR_147_A,GLN_174_A,ASN_176_A"
ASN_176_A,"ASP_145_A,TYR_146_A,TYR_147_A,ALA_175_A,MET_177_A"
MET_177_A,"ILE_34_A,ILE_149_A,MET_153_A,PHE_168_A,ASN_176_A,ILE_178_A"
ILE_178_A,"ILE_34_A,TYR_146_A,TYR_147_A,LEU_148_A,ILE_149_A,MET_177_A,LEU_179_A"
LEU_179_A,"ILE_34_A,LEU_36_A,ILE_149_A,ILE_178_A,VAL_180_A,TYR_190_A"
VAL_180_A,"LEU_36_A,LYS_44_A,MET_48_A,ILE_149_A,GLN_151_A,LEU_179_A,SER_181_A"
SER_181_A,"VAL_180_A,HIS_182_A"
HIS_182_A,"LYS_44_A,SER_181_A,ASN_183_A,TYR_215_A"
ASN_183_A,"HIS_182_A,MET_184_A"
MET_184_A,"ASN_183_A,ASN_185_A,LYS_188_A,ILE_212_A,TYR_215_A"
ASN_185_A,"MET_184_A,ASP_186_A,GLU_189_A"
ASP_186_A,"ARG_161_A,ASN_185_A,ILE_187_A,GLU_189_A,TYR_190_A"
ILE_187_A,"ASP_186_A,LYS_188_A"
LYS_188_A,"MET_184_A,ILE_187_A,GLU_189_A,GLU_209_A"
GLU_189_A,"ARG_165_A,ASN_185_A,ASP_186_A,LYS_188_A,TYR_190_A"
TYR_190_A,"LEU_179_A,ASP_186_A,GLU_189_A,CYS_191_A"
CYS_191_A,"TYR_190_A,ASP_192_A"
ASP_192_A,"SER_33_A,CYS_191_A,VAL_193_A"
VAL_193_A,"ILE_34_A,GLY_35_A,ASP_192_A,VAL_194_A"
VAL_194_A,"ILE_37_A,VAL_193_A,VAL_195_A,TYR_205_A"
VAL_195_A,"PHE_26_A,ILE_34_A,GLY_35_A,LEU_36_A,VAL_194_A,LEU_196_A"
LEU_196_A,"VAL_195_A,VAL_197_A,THR_203_A"
VAL_197_A,"ALA_42_A,LEU_196_A,ASP_198_A"
ASP_198_A,"ARG_39_A,VAL_197_A,GLN_199_A,GLN_201_A"
GLN_199_A,"ASP_198_A,GLY_200_A"
GLY_200_A,"GLN_199_A,GLN_201_A"
GLN_201_A,"ASP_198_A,GLY_200_A,ALA_202_A"
ALA_202_A,"GLN_201_A,THR_203_A"
THR_203_A,"LEU_196_A,ALA_202_A,LEU_204_A"
LEU_204_A,"PHE_26_A,PRO_29_A,THR_203_A,TYR_205_A"
TYR_205_A,"VAL_194_A,LEU_204_A,GLU_206_A,ALA_210_A"
GLU_206_A,"TYR_205_A,ASP_207_A"
ASP_207_A,"GLU_206_A,VAL_208_A,GLU_209_A,ALA_210_A"
VAL_208_A,"ASP_207_A,GLU_209_A,ILE_212_A"
GLU_209_A,"LYS_188_A,ASP_207_A,VAL_208_A,ALA_210_A,ALA_213_A"
ALA_210_A,"TYR_205_A,ASP_207_A,GLU_209_A,GLY_211_A,ALA_214_A"
GLY_211_A,"ALA_210_A,ILE_212_A,TYR_215_A"
ILE_212_A,"MET_184_A,VAL_208_A,GLY_211_A,ALA_213_A,GLN_216_A"
ALA_213_A,"GLU_209_A,ILE_212_A,ALA_214_A"
ALA_214_A,"ALA_210_A,ALA_213_A,TYR_215_A"
TYR_215_A,"ILE_37_A,HIS_182_A,MET_184_A,GLY_211_A,ALA_214_A,GLN_216_A"
GLN_216_A,"ILE_212_A,TYR_215_A,GLY_217_A"
GLY_217_A,GLN_216_A
