residue_id,neighbors
GLY_28_E,ASN_29_E
ASN_29_E,"GLY_28_E,ILE_30_E"
ILE_30_E,"ASN_29_E,GLN_31_E"
GLN_31_E,"ILE_30_E,LEU_32_E"
LEU_32_E,"GLN_31_E,GLN_33_E,SER_34_E"
GLN_33_E,"LEU_32_E,SER_34_E"
SER_34_E,"LEU_32_E,GLN_33_E,ILE_35_E"
ILE_35_E,SER_34_E
PRO_36_E,ILE_37_E
ILE_37_E,"PRO_36_E,GLU_38_E"
GLU_38_E,"ILE_37_E,PHE_39_E,ARG_164_E"
PHE_39_E,"GLU_38_E,GLN_40_E,ASP_142_E,PHE_163_E"
GLN_40_E,"PHE_39_E,ALA_41_E,LEU_138_E"
ALA_41_E,"GLN_40_E,VAL_42_E,LEU_80_E,ALA_88_E"
VAL_42_E,"ALA_41_E,VAL_43_E,PHE_44_E,VAL_144_E,LEU_146_E"
VAL_43_E,"VAL_42_E,PHE_44_E,LEU_73_E,LEU_90_E,ILE_91_E"
PHE_44_E,"VAL_42_E,VAL_43_E,ALA_45_E,ILE_91_E,LEU_132_E,ILE_262_E"
ALA_45_E,"PHE_44_E,GLY_46_E,PHE_47_E"
GLY_46_E,"ALA_45_E,PHE_47_E,GLY_48_E"
PHE_47_E,"ALA_45_E,GLY_46_E,GLY_48_E,MET_93_E"
GLY_48_E,"GLY_46_E,PHE_47_E,ASN_49_E,THR_55_E"
ASN_49_E,"GLY_48_E,SER_50_E"
SER_50_E,"ASN_49_E,LEU_51_E,TYR_52_E,GLU_189_E"
LEU_51_E,"SER_50_E,TYR_52_E,THR_55_E"
TYR_52_E,"SER_50_E,LEU_51_E,PRO_53_E,LEU_54_E"
PRO_53_E,"TYR_52_E,LEU_54_E"
LEU_54_E,"TYR_52_E,PRO_53_E,THR_55_E,LEU_332_E,MET_397_E,ILE_412_E"
THR_55_E,"GLY_48_E,LEU_51_E,LEU_54_E,GLY_56_E"
GLY_56_E,"THR_55_E,SER_57_E"
SER_57_E,"GLY_56_E,ASP_58_E,ALA_59_E"
ASP_58_E,"SER_57_E,ALA_59_E,GLU_95_E"
ALA_59_E,"SER_57_E,ASP_58_E,LEU_60_E"
LEU_60_E,"ALA_59_E,LEU_65_E,VAL_432_E"
PRO_61_E,LYS_62_E
LYS_62_E,"PRO_61_E,ALA_63_E,LEU_64_E,ASP_149_E"
ALA_63_E,"LYS_62_E,LEU_64_E,CYS_148_E"
LEU_64_E,"LYS_62_E,ALA_63_E,LEU_65_E,PRO_71_E"
LEU_65_E,"LEU_60_E,LEU_64_E,MET_72_E,MET_397_E"
PRO_66_E,ILE_67_E
ILE_67_E,"PRO_66_E,GLY_68_E,LYS_70_E,MET_72_E,TYR_75_E,LEU_332_E,LEU_339_E"
GLY_68_E,"ILE_67_E,ASN_69_E"
ASN_69_E,"GLY_68_E,LYS_70_E,ILE_379_E"
LYS_70_E,"ILE_67_E,ASN_69_E,HIS_74_E,GLU_109_E"
PRO_71_E,"LEU_64_E,MET_72_E,LEU_73_E,HIS_74_E,TRP_103_E"
MET_72_E,"LEU_65_E,ILE_67_E,PRO_71_E,LEU_73_E"
LEU_73_E,"VAL_43_E,PRO_71_E,MET_72_E,HIS_74_E,LEU_90_E"
HIS_74_E,"LYS_70_E,PRO_71_E,LEU_73_E,TYR_75_E,GLU_109_E"
TYR_75_E,"ILE_67_E,HIS_74_E,LEU_77_E"
PRO_76_E,LEU_77_E
LEU_77_E,"TYR_75_E,PRO_76_E,TYR_78_E,LEU_80_E,GLU_81_E,TYR_108_E"
TYR_78_E,"LEU_77_E,TRP_79_E,ALA_82_E"
TRP_79_E,"TYR_78_E,LEU_80_E,ALA_83_E,VAL_152_E,LEU_154_E,VAL_159_E"
LEU_80_E,"ALA_41_E,LEU_77_E,TRP_79_E,GLU_81_E,ALA_83_E,PHE_85_E"
GLU_81_E,"LEU_77_E,LEU_80_E,ALA_82_E,GLY_84_E,HIS_111_E,MET_112_E"
ALA_82_E,"TYR_78_E,GLU_81_E,ALA_83_E"
ALA_83_E,"TRP_79_E,LEU_80_E,ALA_82_E,GLY_84_E,PRO_156_E"
GLY_84_E,"GLU_81_E,ALA_83_E,PHE_85_E"
PHE_85_E,"LEU_80_E,GLY_84_E,THR_86_E,MET_112_E"
THR_86_E,"PHE_85_E,SER_87_E"
SER_87_E,"THR_86_E,ALA_88_E"
ALA_88_E,"ALA_41_E,SER_87_E,ILE_89_E,HIS_115_E"
ILE_89_E,"ALA_88_E,LEU_90_E"
LEU_90_E,"VAL_43_E,LEU_73_E,ILE_89_E,ILE_91_E,CYS_92_E,HIS_115_E"
ILE_91_E,"VAL_43_E,PHE_44_E,LEU_90_E,CYS_92_E,ALA_131_E"
CYS_92_E,"LEU_90_E,ILE_91_E,MET_93_E"
MET_93_E,"PHE_47_E,CYS_92_E,GLU_94_E,GLU_95_E,ALA_96_E"
GLU_94_E,"MET_93_E,GLU_95_E,GLU_97_E"
GLU_95_E,"ASP_58_E,MET_93_E,GLU_94_E,ALA_96_E"
ALA_96_E,"MET_93_E,GLU_95_E,GLU_97_E,ALA_98_E"
GLU_97_E,"GLU_94_E,ALA_96_E,ALA_98_E,ASN_101_E"
ALA_98_E,"ALA_96_E,GLU_97_E,HIS_99_E"
HIS_99_E,"ALA_98_E,ILE_100_E,TRP_103_E"
ILE_100_E,"HIS_99_E,ASN_101_E,TRP_103_E,LEU_104_E"
ASN_101_E,"GLU_97_E,ILE_100_E,ALA_102_E,LEU_104_E,ARG_105_E"
ALA_102_E,"ASN_101_E,TRP_103_E,SER_106_E"
TRP_103_E,"PRO_71_E,HIS_99_E,ILE_100_E,ALA_102_E,LEU_104_E,TYR_108_E"
LEU_104_E,"ILE_100_E,ASN_101_E,TRP_103_E,ARG_105_E,TYR_108_E,ILE_114_E"
ARG_105_E,"ASN_101_E,LEU_104_E,SER_106_E"
SER_106_E,"ALA_102_E,ARG_105_E,GLY_107_E"
GLY_107_E,"SER_106_E,TYR_108_E"
TYR_108_E,"LEU_77_E,TRP_103_E,LEU_104_E,GLY_107_E,GLU_109_E,MET_112_E"
GLU_109_E,"LYS_70_E,HIS_74_E,TYR_108_E,GLY_110_E"
GLY_110_E,"GLU_109_E,HIS_111_E"
HIS_111_E,"GLU_81_E,GLY_110_E,MET_112_E"
MET_112_E,"GLU_81_E,PHE_85_E,TYR_108_E,HIS_111_E,ARG_113_E,ILE_114_E"
ARG_113_E,"MET_112_E,ILE_114_E,HIS_115_E"
ILE_114_E,"LEU_104_E,MET_112_E,ARG_113_E,HIS_115_E,VAL_116_E"
HIS_115_E,"ALA_88_E,LEU_90_E,ARG_113_E,ILE_114_E,VAL_116_E"
VAL_116_E,"ILE_114_E,HIS_115_E,GLU_117_E"
GLU_117_E,"VAL_116_E,ALA_118_E,HIS_137_E"
ALA_118_E,GLU_117_E
PRO_119_E,"THR_120_E,ILE_121_E,LEU_122_E"
THR_120_E,"PRO_119_E,ILE_121_E"
ILE_121_E,"PRO_119_E,THR_120_E,LEU_122_E,ASP_123_E"
LEU_122_E,"PRO_119_E,ILE_121_E,ASP_123_E"
ASP_123_E,"ILE_121_E,LEU_122_E,ASP_124_E,LYS_126_E"
ASP_124_E,"ASP_123_E,SER_125_E"
SER_125_E,"ASP_124_E,LYS_126_E"
LYS_126_E,"ASP_123_E,SER_125_E,SER_127_E,ASP_130_E"
SER_127_E,"LYS_126_E,SER_128_E,ASP_130_E"
SER_128_E,"SER_127_E,ALA_129_E,SER_261_E"
ALA_129_E,"SER_128_E,ASP_130_E,ILE_259_E,SER_260_E"
ASP_130_E,"LYS_126_E,SER_127_E,ALA_129_E,ALA_131_E,ARG_133_E,GLU_257_E,SER_260_E"
ALA_131_E,"ILE_91_E,ASP_130_E,LEU_132_E,ARG_133_E,ALA_134_E"
LEU_132_E,"PHE_44_E,ALA_131_E,ARG_133_E,VAL_135_E,SER_136_E"
ARG_133_E,"ASP_130_E,ALA_131_E,LEU_132_E,ALA_134_E,SER_136_E,ILE_253_E,LYS_256_E,GLU_257_E,ILE_259_E"
ALA_134_E,"ALA_131_E,ARG_133_E,VAL_135_E"
VAL_135_E,"LEU_132_E,ALA_134_E,SER_136_E,HIS_137_E"
SER_136_E,"LEU_132_E,ARG_133_E,VAL_135_E,HIS_137_E"
HIS_137_E,"GLU_117_E,VAL_135_E,SER_136_E,LEU_138_E"
LEU_138_E,"GLN_40_E,HIS_137_E,ILE_139_E,LYS_140_E"
ILE_139_E,"LEU_138_E,LYS_140_E,ILE_250_E"
LYS_140_E,"LEU_138_E,ILE_139_E,ASN_141_E"
ASN_141_E,"LYS_140_E,ASP_142_E"
ASP_142_E,"PHE_39_E,ASN_141_E,PHE_143_E,HIS_247_E"
PHE_143_E,"ASP_142_E,VAL_144_E,PHE_245_E"
VAL_144_E,"VAL_42_E,PHE_143_E,CYS_145_E,VAL_244_E"
CYS_145_E,"VAL_144_E,LEU_146_E"
LEU_146_E,"VAL_42_E,CYS_145_E,SER_147_E,ILE_242_E"
SER_147_E,"LEU_146_E,CYS_148_E,ASP_149_E,SER_150_E"
CYS_148_E,"ALA_63_E,SER_147_E,ASP_149_E"
ASP_149_E,"LYS_62_E,SER_147_E,CYS_148_E,SER_150_E,ILE_151_E,HIS_241_E,PRO_327_E"
SER_150_E,"SER_147_E,ASP_149_E,ILE_151_E"
ILE_151_E,"ASP_149_E,SER_150_E,VAL_152_E,PRO_327_E"
VAL_152_E,"TRP_79_E,ILE_151_E,GLY_153_E,LEU_154_E"
GLY_153_E,"VAL_152_E,LEU_154_E,ALA_323_E"
LEU_154_E,"TRP_79_E,VAL_152_E,GLY_153_E,VAL_159_E"
PRO_155_E,"TYR_157_E,THR_158_E"
PRO_156_E,"ALA_83_E,TYR_157_E,THR_158_E,VAL_159_E"
TYR_157_E,"PRO_155_E,PRO_156_E,THR_158_E,VAL_159_E,ASP_161_E"
THR_158_E,"PRO_155_E,PRO_156_E,TYR_157_E,VAL_159_E"
VAL_159_E,"TRP_79_E,LEU_154_E,PRO_156_E,TYR_157_E,THR_158_E,LEU_160_E"
LEU_160_E,"VAL_159_E,ASP_161_E,PHE_163_E,ARG_164_E"
ASP_161_E,"TYR_157_E,LEU_160_E,LYS_162_E,ARG_164_E,LEU_165_E"
LYS_162_E,"ASP_161_E,PHE_163_E,ASP_166_E,ASP_316_E"
PHE_163_E,"PHE_39_E,LEU_160_E,LYS_162_E,ARG_164_E,ASN_167_E,PRO_168_E,LEU_171_E,VAL_244_E,LYS_246_E"
ARG_164_E,"GLU_38_E,LEU_160_E,ASP_161_E,PHE_163_E,LEU_165_E"
LEU_165_E,"ASP_161_E,ARG_164_E,ASP_166_E"
ASP_166_E,"LYS_162_E,LEU_165_E,ASN_167_E,ASP_316_E"
ASN_167_E,"PHE_163_E,ASP_166_E,LYS_246_E"
PRO_168_E,"PHE_163_E,SER_169_E"
SER_169_E,"PRO_168_E,ALA_170_E,ALA_314_E"
ALA_170_E,"SER_169_E,LEU_171_E,PHE_245_E"
LEU_171_E,"PHE_163_E,ALA_170_E,ALA_172_E,VAL_244_E"
ALA_172_E,"LEU_171_E,VAL_173_E,TYR_174_E,PHE_243_E"
VAL_173_E,"ALA_172_E,TYR_174_E,ILE_242_E,ILE_318_E"
TYR_174_E,"ALA_172_E,VAL_173_E,SER_175_E,ILE_196_E,LEU_205_E,ILE_318_E"
SER_175_E,"TYR_174_E,SER_238_E,ASN_324_E"
PRO_176_E,"VAL_177_E,ASN_325_E"
VAL_177_E,"PRO_176_E,LEU_178_E,ASN_236_E"
LEU_178_E,"VAL_177_E,LYS_179_E,ASN_325_E,GLU_331_E"
LYS_179_E,"LEU_178_E,TYR_180_E"
TYR_180_E,"LYS_179_E,GLU_181_E,PHE_330_E,LYS_334_E"
GLU_181_E,"TYR_180_E,HIS_182_E,LYS_334_E"
HIS_182_E,"GLU_181_E,ILE_183_E"
ILE_183_E,"HIS_182_E,THR_184_E"
THR_184_E,"ILE_183_E,SER_185_E"
SER_185_E,"THR_184_E,GLN_186_E"
GLN_186_E,"SER_185_E,SER_187_E,LYS_188_E,TYR_329_E,GLU_429_E"
SER_187_E,"GLN_186_E,LYS_188_E"
LYS_188_E,"GLN_186_E,SER_187_E,GLU_189_E"
GLU_189_E,"SER_50_E,LYS_188_E,ILE_190_E,ALA_192_E"
ILE_190_E,"GLU_189_E,ASP_191_E,ALA_192_E,PHE_330_E"
ASP_191_E,"ILE_190_E,ALA_192_E,ASN_328_E,GLU_331_E"
ALA_192_E,"GLU_189_E,ILE_190_E,ASP_191_E,LYS_193_E"
LYS_193_E,"ALA_192_E,GLN_194_E"
GLN_194_E,"LYS_193_E,LEU_195_E,ASP_239_E"
LEU_195_E,"GLN_194_E,ILE_196_E,TYR_207_E,PHE_218_E,LEU_233_E"
ILE_196_E,"TYR_174_E,LEU_195_E,GLY_197_E"
GLY_197_E,"ILE_196_E,ILE_198_E,LEU_206_E,TYR_207_E"
ILE_198_E,"GLY_197_E,GLU_199_E,THR_232_E"
GLU_199_E,"ILE_198_E,GLU_200_E,THR_202_E,SER_203_E,ARG_204_E,LEU_206_E,HIS_228_E"
GLU_200_E,"GLU_199_E,LYS_201_E,ARG_230_E,THR_232_E"
LYS_201_E,"GLU_200_E,THR_202_E"
THR_202_E,"GLU_199_E,LYS_201_E,SER_203_E,ARG_204_E"
SER_203_E,"GLU_199_E,THR_202_E,ARG_204_E,ASP_316_E"
ARG_204_E,"GLU_199_E,THR_202_E,SER_203_E,LEU_205_E,HIS_228_E,ASP_316_E"
LEU_205_E,"TYR_174_E,ARG_204_E,LEU_206_E,VAL_271_E,LYS_315_E"
LEU_206_E,"GLY_197_E,GLU_199_E,LEU_205_E,TYR_207_E,VAL_231_E"
TYR_207_E,"LEU_195_E,GLY_197_E,LEU_206_E,ALA_208_E,PHE_220_E"
ALA_208_E,"TYR_207_E,LYS_209_E"
LYS_209_E,"ALA_208_E,SER_210_E,ASP_213_E,VAL_214_E"
SER_210_E,"LYS_209_E,SER_211_E"
SER_211_E,"SER_210_E,ALA_212_E,ASP_213_E"
ALA_212_E,"SER_211_E,ASP_213_E"
ASP_213_E,"LYS_209_E,SER_211_E,ALA_212_E,VAL_214_E"
VAL_214_E,"LYS_209_E,ASP_213_E,GLY_215_E"
GLY_215_E,"VAL_214_E,SER_216_E"
SER_216_E,"GLY_215_E,ASP_217_E,PHE_218_E"
ASP_217_E,"SER_216_E,PHE_218_E"
PHE_218_E,"LEU_195_E,SER_216_E,ASP_217_E,THR_219_E,PHE_220_E"
THR_219_E,"PHE_218_E,PHE_220_E"
PHE_220_E,"TYR_207_E,PHE_218_E,THR_219_E,ARG_221_E,LEU_233_E"
ARG_221_E,"PHE_220_E,MET_222_E,LEU_224_E,LYS_272_E"
MET_222_E,"ARG_221_E,SER_223_E,LEU_225_E"
SER_223_E,"MET_222_E,LEU_224_E"
LEU_224_E,"ARG_221_E,SER_223_E,LEU_225_E,TRP_226_E,TYR_275_E"
LEU_225_E,"MET_222_E,LEU_224_E,TRP_226_E,LYS_227_E"
TRP_226_E,"LEU_224_E,LEU_225_E,LYS_227_E"
LYS_227_E,"LEU_225_E,TRP_226_E,HIS_228_E"
HIS_228_E,"GLU_199_E,ARG_204_E,LYS_227_E"
PRO_229_E,ARG_230_E
ARG_230_E,"GLU_200_E,PRO_229_E,VAL_231_E"
VAL_231_E,"LEU_206_E,ARG_230_E,THR_232_E"
THR_232_E,"ILE_198_E,GLU_200_E,VAL_231_E,LEU_233_E"
LEU_233_E,"LEU_195_E,PHE_220_E,THR_232_E,ASN_234_E"
ASN_234_E,"LEU_233_E,THR_235_E,LEU_237_E"
THR_235_E,"ASN_234_E,ASN_236_E"
ASN_236_E,"VAL_177_E,THR_235_E,LEU_237_E"
LEU_237_E,"ASN_234_E,ASN_236_E,SER_238_E"
SER_238_E,"SER_175_E,LEU_237_E,ASP_239_E,ASN_325_E"
ASP_239_E,"GLN_194_E,SER_238_E,ALA_240_E,HIS_241_E,ARG_263_E"
ALA_240_E,"ASP_239_E,HIS_241_E"
HIS_241_E,"ASP_149_E,ASP_239_E,ALA_240_E,ILE_242_E,LEU_326_E"
ILE_242_E,"LEU_146_E,VAL_173_E,HIS_241_E,PHE_243_E"
PHE_243_E,"ALA_172_E,ILE_242_E,VAL_244_E,PHE_245_E"
VAL_244_E,"VAL_144_E,PHE_163_E,LEU_171_E,PHE_243_E,PHE_245_E"
PHE_245_E,"PHE_143_E,ALA_170_E,PHE_243_E,VAL_244_E,LYS_246_E"
LYS_246_E,"PHE_163_E,ASN_167_E,PHE_245_E,HIS_247_E"
HIS_247_E,"ASP_142_E,LYS_246_E,TRP_248_E,VAL_249_E,ASP_251_E"
TRP_248_E,"HIS_247_E,VAL_249_E"
VAL_249_E,"HIS_247_E,TRP_248_E,ILE_250_E,LEU_252_E"
ILE_250_E,"ILE_139_E,VAL_249_E,ASP_251_E,ILE_253_E,ARG_254_E"
ASP_251_E,"HIS_247_E,ILE_250_E,LEU_252_E,ARG_254_E,GLU_255_E,ILE_285_E"
LEU_252_E,"VAL_249_E,ASP_251_E,ILE_253_E,LYS_256_E"
ILE_253_E,"ARG_133_E,ILE_250_E,LEU_252_E,ARG_254_E"
ARG_254_E,"ILE_250_E,ASP_251_E,ILE_253_E,GLU_255_E"
GLU_255_E,"ASP_251_E,ARG_254_E,LYS_256_E,ARG_282_E"
LYS_256_E,"ARG_133_E,LEU_252_E,GLU_255_E,GLU_257_E,ARG_282_E"
GLU_257_E,"ASP_130_E,ARG_133_E,LYS_256_E,SER_258_E,ILE_259_E"
SER_258_E,"GLU_257_E,ILE_259_E"
ILE_259_E,"ALA_129_E,ARG_133_E,GLU_257_E,SER_258_E,SER_260_E,LEU_266_E"
SER_260_E,"ALA_129_E,ASP_130_E,ILE_259_E,SER_261_E,ASP_265_E"
SER_261_E,"SER_128_E,SER_260_E,ILE_262_E,ASP_265_E"
ILE_262_E,"PHE_44_E,SER_261_E,ARG_263_E,LEU_266_E"
ARG_263_E,"ASP_239_E,ILE_262_E,GLY_264_E"
GLY_264_E,"ARG_263_E,ASP_265_E"
ASP_265_E,"SER_260_E,SER_261_E,GLY_264_E,LEU_266_E"
LEU_266_E,"ILE_259_E,ILE_262_E,ASP_265_E,ILE_267_E,TYR_269_E,LEU_270_E"
ILE_267_E,"LEU_266_E,LEU_270_E,VAL_271_E,LYS_315_E"
PRO_268_E,"TYR_269_E,LYS_272_E"
TYR_269_E,"LEU_266_E,PRO_268_E,LEU_270_E"
LEU_270_E,"LEU_266_E,ILE_267_E,TYR_269_E,VAL_271_E,CYS_273_E"
VAL_271_E,"LEU_205_E,ILE_267_E,LEU_270_E,LYS_272_E"
LYS_272_E,"ARG_221_E,PRO_268_E,VAL_271_E,CYS_273_E,PHE_279_E"
CYS_273_E,"LEU_270_E,LYS_272_E,GLN_274_E"
GLN_274_E,"CYS_273_E,TYR_275_E,LYS_315_E"
TYR_275_E,"LEU_224_E,GLN_274_E,GLN_276_E"
GLN_276_E,"TYR_275_E,LYS_277_E,SER_278_E,PHE_279_E"
LYS_277_E,"GLN_276_E,SER_278_E,THR_280_E"
SER_278_E,"GLN_276_E,LYS_277_E,PHE_279_E"
PHE_279_E,"LYS_272_E,GLN_276_E,SER_278_E,THR_280_E,VAL_281_E"
THR_280_E,"LYS_277_E,PHE_279_E,VAL_281_E"
VAL_281_E,"PHE_279_E,THR_280_E,ARG_282_E"
ARG_282_E,"GLU_255_E,LYS_256_E,VAL_281_E,GLU_283_E"
GLU_283_E,"ARG_282_E,ASN_284_E"
ASN_284_E,"GLU_283_E,ILE_285_E,GLN_286_E,ARG_287_E,PHE_288_E"
ILE_285_E,"ASP_251_E,ASN_284_E,GLN_286_E"
GLN_286_E,"ASN_284_E,ILE_285_E,ARG_287_E"
ARG_287_E,"ASN_284_E,GLN_286_E,PHE_288_E,LEU_289_E"
PHE_288_E,"ASN_284_E,ARG_287_E,LEU_289_E,SER_290_E"
LEU_289_E,"ARG_287_E,PHE_288_E,SER_290_E"
SER_290_E,"PHE_288_E,LEU_289_E,SER_291_E"
SER_291_E,SER_290_E
SER_303_E,SER_304_E
SER_304_E,"SER_303_E,GLN_305_E,GLU_306_E"
GLN_305_E,"SER_304_E,GLU_306_E"
GLU_306_E,"SER_304_E,GLN_305_E,ILE_307_E,LYS_308_E"
ILE_307_E,"GLU_306_E,LYS_308_E,ASN_310_E"
LYS_308_E,"GLU_306_E,ILE_307_E,ILE_309_E"
ILE_309_E,"LYS_308_E,ASN_310_E,ALA_311_E"
ASN_310_E,"ILE_307_E,ILE_309_E,ALA_311_E"
ALA_311_E,"ILE_309_E,ASN_310_E,LEU_312_E"
LEU_312_E,"ALA_311_E,ILE_313_E"
ILE_313_E,"LEU_312_E,ALA_314_E"
ALA_314_E,"SER_169_E,ILE_313_E,LYS_315_E"
LYS_315_E,"LEU_205_E,ILE_267_E,GLN_274_E,ALA_314_E,ASP_316_E"
ASP_316_E,"LYS_162_E,ASP_166_E,SER_203_E,ARG_204_E,LYS_315_E,GLY_317_E"
GLY_317_E,"ASP_316_E,ILE_318_E"
ILE_318_E,"VAL_173_E,TYR_174_E,GLY_317_E,ILE_319_E"
ILE_319_E,"ILE_318_E,CYS_320_E"
CYS_320_E,"ILE_319_E,SER_321_E"
SER_321_E,"CYS_320_E,ARG_322_E"
ARG_322_E,"SER_321_E,ALA_323_E,ASN_324_E"
ALA_323_E,"GLY_153_E,ARG_322_E,ASN_324_E"
ASN_324_E,"SER_175_E,ARG_322_E,ALA_323_E,ASN_325_E"
ASN_325_E,"PRO_176_E,LEU_178_E,SER_238_E,ASN_324_E,LEU_326_E"
LEU_326_E,"HIS_241_E,ASN_325_E"
PRO_327_E,"ASP_149_E,ILE_151_E,ASN_328_E"
ASN_328_E,"ASP_191_E,PRO_327_E,TYR_329_E,PHE_330_E"
TYR_329_E,"GLN_186_E,ASN_328_E,PHE_330_E,GLU_331_E,LEU_332_E,GLU_429_E"
PHE_330_E,"TYR_180_E,ILE_190_E,ASN_328_E,TYR_329_E,GLU_331_E"
GLU_331_E,"LEU_178_E,ASP_191_E,TYR_329_E,PHE_330_E,LEU_332_E,LYS_334_E,CYS_335_E"
LEU_332_E,"LEU_54_E,ILE_67_E,TYR_329_E,GLU_331_E,ASN_333_E"
ASN_333_E,"LEU_332_E,LYS_334_E,ALA_337_E"
LYS_334_E,"TYR_180_E,GLU_181_E,GLU_331_E,ASN_333_E,CYS_335_E,ALA_337_E,LYS_338_E"
CYS_335_E,"GLU_331_E,LYS_334_E,ILE_336_E"
ILE_336_E,"CYS_335_E,ALA_337_E,LEU_339_E,ILE_378_E,ILE_395_E"
ALA_337_E,"ASN_333_E,LYS_334_E,ILE_336_E,LYS_338_E"
LYS_338_E,"LYS_334_E,ALA_337_E,LEU_339_E"
LEU_339_E,"ILE_67_E,ILE_336_E,LYS_338_E,THR_340_E"
THR_340_E,"LEU_339_E,GLU_342_E"
PRO_341_E,GLU_342_E
GLU_342_E,"THR_340_E,PRO_341_E,GLN_343_E"
GLN_343_E,"GLU_342_E,ARG_344_E,LEU_345_E"
ARG_344_E,"GLN_343_E,LEU_345_E"
LEU_345_E,"GLN_343_E,ARG_344_E,VAL_346_E"
VAL_346_E,"LEU_345_E,ASP_347_E,THR_349_E"
ASP_347_E,"VAL_346_E,VAL_348_E,GLU_364_E"
VAL_348_E,"ASP_347_E,THR_349_E,GLY_365_E"
THR_349_E,"VAL_346_E,VAL_348_E,VAL_350_E"
VAL_350_E,"THR_349_E,SER_351_E"
SER_351_E,"VAL_350_E,GLU_352_E"
GLU_352_E,"SER_351_E,ARG_353_E,LEU_355_E,ASP_370_E"
ARG_353_E,"GLU_352_E,ALA_354_E,LEU_355_E"
ALA_354_E,"ARG_353_E,LEU_355_E,ASP_370_E,ASN_371_E"
LEU_355_E,"GLU_352_E,ARG_353_E,ALA_354_E,VAL_356_E,ILE_368_E"
VAL_356_E,"LEU_355_E,GLY_357_E"
GLY_357_E,"VAL_356_E,ALA_358_E"
ALA_358_E,"GLY_357_E,ASP_359_E,CYS_360_E"
ASP_359_E,"ALA_358_E,CYS_360_E"
CYS_360_E,"ALA_358_E,ASP_359_E,MET_361_E"
MET_361_E,"CYS_360_E,VAL_362_E,ILE_378_E,ILE_379_E"
VAL_362_E,"MET_361_E,ASN_363_E"
ASN_363_E,"VAL_362_E,GLU_364_E"
GLU_364_E,"ASP_347_E,ASN_363_E,GLY_365_E,THR_366_E,LYS_381_E,ASN_382_E"
GLY_365_E,"VAL_348_E,GLU_364_E,THR_366_E"
THR_366_E,"GLU_364_E,GLY_365_E,THR_367_E,CYS_383_E"
THR_367_E,"THR_366_E,ILE_368_E,CYS_383_E,ILE_385_E"
ILE_368_E,"LEU_355_E,THR_367_E,LYS_369_E,ILE_385_E"
LYS_369_E,"ILE_368_E,ASP_370_E,SER_372_E,ILE_385_E,LYS_387_E"
ASP_370_E,"GLU_352_E,ALA_354_E,LYS_369_E,ASN_371_E,LYS_387_E"
ASN_371_E,"ALA_354_E,ASP_370_E,SER_372_E,GLY_388_E"
SER_372_E,"LYS_369_E,ASN_371_E,ASN_373_E,GLY_386_E"
ASN_373_E,"SER_372_E,ILE_374_E"
ILE_374_E,"ASN_373_E,LYS_375_E,VAL_391_E"
LYS_375_E,"ILE_374_E,LYS_376_E,SER_377_E,VAL_391_E,ASN_393_E"
LYS_376_E,"LYS_375_E,SER_377_E"
SER_377_E,"LYS_375_E,LYS_376_E,ILE_378_E,ASN_393_E"
ILE_378_E,"ILE_336_E,MET_361_E,SER_377_E,ILE_379_E,SER_394_E,LEU_396_E"
ILE_379_E,"ASN_69_E,MET_361_E,ILE_378_E,GLY_380_E,ILE_385_E,LEU_396_E"
GLY_380_E,"ILE_379_E,LYS_381_E,LEU_396_E"
LYS_381_E,"GLU_364_E,GLY_380_E,ASN_382_E,CYS_383_E,ASP_398_E,ASN_399_E"
ASN_382_E,"GLU_364_E,LYS_381_E,CYS_383_E,ASN_399_E"
CYS_383_E,"THR_366_E,THR_367_E,LYS_381_E,ASN_382_E,VAL_384_E,ILE_400_E"
VAL_384_E,"CYS_383_E,ILE_385_E,ILE_400_E,VAL_402_E"
ILE_385_E,"THR_367_E,ILE_368_E,LYS_369_E,ILE_379_E,VAL_384_E,GLY_386_E,VAL_389_E,VAL_402_E"
GLY_386_E,"SER_372_E,ILE_385_E,LYS_387_E"
LYS_387_E,"LYS_369_E,ASP_370_E,GLY_386_E,GLY_388_E,VAL_389_E,ASP_404_E,GLY_405_E"
GLY_388_E,"ASN_371_E,LYS_387_E,VAL_389_E"
VAL_389_E,"ILE_385_E,LYS_387_E,GLY_388_E,VAL_390_E,VAL_406_E"
VAL_390_E,"VAL_389_E,VAL_391_E,VAL_406_E,LEU_408_E"
VAL_391_E,"ILE_374_E,LYS_375_E,VAL_390_E,SER_392_E"
SER_392_E,"VAL_391_E,ASN_393_E,SER_394_E,LEU_408_E,SER_410_E"
ASN_393_E,"LYS_375_E,SER_377_E,SER_392_E,SER_394_E"
SER_394_E,"ILE_378_E,SER_392_E,ASN_393_E,ILE_395_E,LEU_408_E,SER_410_E"
ILE_395_E,"ILE_336_E,SER_394_E,LEU_396_E,CYS_411_E"
LEU_396_E,"ILE_378_E,ILE_379_E,GLY_380_E,ILE_395_E,MET_397_E,ILE_400_E,VAL_413_E"
MET_397_E,"LEU_54_E,LEU_65_E,LEU_396_E,ASP_398_E"
ASP_398_E,"LYS_381_E,MET_397_E,ASN_399_E"
ASN_399_E,"LYS_381_E,ASN_382_E,ASP_398_E,ILE_400_E"
ILE_400_E,"CYS_383_E,VAL_384_E,LEU_396_E,ASN_399_E,VAL_401_E"
VAL_401_E,"ILE_400_E,VAL_402_E,GLN_418_E"
VAL_402_E,"VAL_384_E,ILE_385_E,VAL_401_E,GLU_403_E,VAL_406_E,ILE_419_E"
GLU_403_E,"VAL_402_E,ASP_404_E,ALA_421_E,ARG_435_E"
ASP_404_E,"LYS_387_E,GLU_403_E,GLY_405_E"
GLY_405_E,"LYS_387_E,ASP_404_E,VAL_406_E,LYS_422_E"
VAL_406_E,"VAL_389_E,VAL_390_E,VAL_402_E,GLY_405_E,ARG_407_E,ILE_419_E"
ARG_407_E,"VAL_406_E,LEU_408_E,GLU_409_E"
LEU_408_E,"VAL_390_E,SER_392_E,SER_394_E,ARG_407_E,GLU_409_E,LEU_425_E"
GLU_409_E,"ARG_407_E,LEU_408_E,SER_410_E,LEU_425_E,ARG_426_E"
SER_410_E,"SER_392_E,SER_394_E,GLU_409_E,CYS_411_E"
CYS_411_E,"ILE_395_E,SER_410_E,ILE_412_E"
ILE_412_E,"LEU_54_E,CYS_411_E,VAL_413_E,ILE_430_E"
VAL_413_E,"LEU_396_E,ILE_412_E,ALA_414_E,ILE_430_E"
ALA_414_E,"VAL_413_E,SER_415_E"
SER_415_E,"ALA_414_E,GLY_416_E,ALA_417_E,ASP_433_E"
GLY_416_E,"SER_415_E,ALA_417_E"
ALA_417_E,"SER_415_E,GLY_416_E,GLN_418_E,ILE_430_E"
GLN_418_E,"VAL_401_E,ALA_417_E,ILE_419_E"
ILE_419_E,"VAL_402_E,VAL_406_E,GLN_418_E,GLY_420_E,VAL_436_E"
GLY_420_E,"ILE_419_E,ALA_421_E,SER_423_E,VAL_436_E"
ALA_421_E,"GLU_403_E,GLY_420_E,LYS_422_E,SER_423_E"
LYS_422_E,"GLY_405_E,ALA_421_E,SER_423_E"
SER_423_E,"GLY_420_E,ALA_421_E,LYS_422_E,LYS_424_E,ALA_438_E"
LYS_424_E,"SER_423_E,LEU_425_E,ARG_440_E"
LEU_425_E,"LEU_408_E,GLU_409_E,LYS_424_E,ARG_426_E,CYS_428_E"
ARG_426_E,"GLU_409_E,LEU_425_E,GLU_427_E,ARG_443_E"
GLU_427_E,"ARG_426_E,CYS_428_E,ARG_443_E"
CYS_428_E,"LEU_425_E,GLU_427_E,GLU_429_E,GLY_444_E"
GLU_429_E,"GLN_186_E,TYR_329_E,CYS_428_E,ILE_430_E,GLU_445_E"
ILE_430_E,"ILE_412_E,VAL_413_E,ALA_417_E,GLU_429_E,GLY_431_E"
GLY_431_E,"ILE_430_E,VAL_432_E,ARG_446_E"
VAL_432_E,"LEU_60_E,GLY_431_E,ASP_433_E,HIS_434_E"
ASP_433_E,"SER_415_E,VAL_432_E,HIS_434_E"
HIS_434_E,"VAL_432_E,ASP_433_E,ARG_435_E"
ARG_435_E,"GLU_403_E,HIS_434_E,VAL_436_E,GLU_437_E"
VAL_436_E,"ILE_419_E,GLY_420_E,ARG_435_E,GLU_437_E"
GLU_437_E,"ARG_435_E,VAL_436_E,ALA_438_E,GLY_439_E"
ALA_438_E,"SER_423_E,GLU_437_E,GLY_439_E,ARG_440_E"
GLY_439_E,"GLU_437_E,ALA_438_E,ARG_440_E"
ARG_440_E,"LYS_424_E,ALA_438_E,GLY_439_E,ILE_441_E"
ILE_441_E,"ARG_440_E,ALA_442_E"
ALA_442_E,"ILE_441_E,ARG_443_E,GLY_444_E"
ARG_443_E,"ARG_426_E,GLU_427_E,ALA_442_E,GLY_444_E"
GLY_444_E,"CYS_428_E,ALA_442_E,ARG_443_E,GLU_445_E"
GLU_445_E,"GLU_429_E,GLY_444_E,ARG_446_E"
ARG_446_E,"GLY_431_E,GLU_445_E,LEU_447_E"
LEU_447_E,"ARG_446_E,VAL_448_E"
VAL_448_E,"LEU_447_E,ASP_449_E"
ASP_449_E,"VAL_448_E,MET_450_E,GLU_451_E"
MET_450_E,"ASP_449_E,GLU_451_E"
GLU_451_E,"ASP_449_E,MET_450_E"
