residue_id,neighbors
ASN_2_A,GLU_3_A
GLU_3_A,"ASN_2_A,ILE_4_A,ARG_20_A"
ILE_4_A,"GLU_3_A,VAL_5_A,ILE_21_A,LYS_23_A,ILE_76_A,ILE_487_A"
VAL_5_A,"ILE_4_A,VAL_6_A,GLU_77_A"
VAL_6_A,"VAL_5_A,LYS_7_A,ALA_9_A,VAL_19_A,ILE_45_A"
LYS_7_A,"VAL_6_A,GLY_8_A,ASP_74_A,GLU_75_A,GLU_77_A"
GLY_8_A,"LYS_7_A,ALA_9_A"
ALA_9_A,"VAL_6_A,GLY_8_A,ARG_10_A,ASN_16_A,ILE_17_A"
ARG_10_A,"ALA_9_A,VAL_11_A,ASN_16_A,ASP_72_A,ASP_74_A"
VAL_11_A,"ARG_10_A,HIS_12_A,LEU_14_A,PRO_71_A"
HIS_12_A,"VAL_11_A,ASN_13_A,SER_39_A,ASP_43_A"
ASN_13_A,"HIS_12_A,LEU_14_A,LYS_15_A,GLY_543_A"
LEU_14_A,"VAL_11_A,ASN_13_A,LYS_15_A"
LYS_15_A,"ASN_13_A,LEU_14_A,ASN_16_A,GLY_546_A,GLY_547_A,ARG_548_A"
ASN_16_A,"ALA_9_A,ARG_10_A,LYS_15_A,ILE_17_A"
ILE_17_A,"ALA_9_A,ASN_16_A,THR_18_A,VAL_19_A"
THR_18_A,"ILE_17_A,VAL_19_A"
VAL_19_A,"VAL_6_A,ILE_17_A,THR_18_A,ARG_20_A,VAL_549_A"
ARG_20_A,"GLU_3_A,VAL_19_A,ILE_21_A,GLU_77_A,GLN_552_A"
ILE_21_A,"ILE_4_A,ARG_20_A,ILE_45_A,ILE_536_A"
PRO_22_A,LYS_23_A
LYS_23_A,"ILE_4_A,PRO_22_A,ASN_24_A"
ASN_24_A,"LYS_23_A,ARG_25_A,THR_518_A"
ARG_25_A,"ASN_24_A,LEU_26_A,ASP_533_A"
LEU_26_A,"ARG_25_A,VAL_27_A,VAL_521_A,ASP_533_A"
VAL_27_A,"LEU_26_A,VAL_28_A,VAL_519_A,VAL_521_A"
VAL_28_A,"VAL_27_A,ILE_29_A,THR_30_A,ALA_532_A,HIS_534_A,ILE_536_A"
ILE_29_A,"VAL_28_A,THR_30_A,LYS_37_A,ILE_520_A,VAL_521_A,ILE_536_A,ILE_538_A"
THR_30_A,"VAL_28_A,ILE_29_A,GLY_31_A,ILE_529_A,ILE_536_A,ASP_537_A,ILE_538_A"
GLY_31_A,"THR_30_A,VAL_32_A,LYS_37_A"
VAL_32_A,"GLY_31_A,SER_33_A,SER_35_A,LYS_37_A,LEU_566_A"
SER_33_A,"VAL_32_A,GLY_34_A,GLY_838_A,ASP_843_A"
GLY_34_A,"SER_33_A,SER_35_A,GLY_543_A"
SER_35_A,"VAL_32_A,GLY_34_A,GLY_36_A,GLY_547_A"
GLY_36_A,"SER_35_A,LYS_37_A,LEU_40_A"
LYS_37_A,"ILE_29_A,GLY_31_A,VAL_32_A,GLY_36_A,SER_38_A,ALA_41_A,HIS_524_A"
SER_38_A,"LYS_37_A,SER_39_A,MET_42_A,ASP_43_A"
SER_39_A,"HIS_12_A,SER_38_A,LEU_40_A,THR_44_A"
LEU_40_A,"GLY_36_A,SER_39_A,ALA_41_A"
ALA_41_A,"LYS_37_A,LEU_40_A,MET_42_A,TYR_46_A,VAL_489_A"
MET_42_A,"SER_38_A,ALA_41_A,ASP_43_A,ALA_84_A"
ASP_43_A,"HIS_12_A,SER_38_A,MET_42_A,THR_44_A"
THR_44_A,"SER_39_A,ASP_43_A,ILE_45_A"
ILE_45_A,"VAL_6_A,ILE_21_A,THR_44_A,TYR_46_A,GLY_49_A"
TYR_46_A,"ALA_41_A,ILE_45_A,ALA_47_A,GLN_50_A,ALA_84_A"
ALA_47_A,"TYR_46_A,GLU_48_A,ARG_51_A"
GLU_48_A,"ALA_47_A,GLY_49_A,ARG_51_A,ARG_52_A,GLU_55_A,ILE_76_A,LEU_79_A"
GLY_49_A,"ILE_45_A,GLU_48_A,GLN_50_A"
GLN_50_A,"TYR_46_A,GLY_49_A,ARG_51_A,LEU_54_A"
ARG_51_A,"ALA_47_A,GLU_48_A,GLN_50_A,ARG_52_A,GLU_55_A"
ARG_52_A,"GLU_48_A,ARG_51_A,TYR_53_A,GLU_75_A"
TYR_53_A,"ARG_52_A,LEU_54_A,SER_56_A,PRO_81_A"
LEU_54_A,"GLN_50_A,TYR_53_A,GLU_55_A,SER_56_A,LEU_57_A"
GLU_55_A,"GLU_48_A,ARG_51_A,LEU_54_A,SER_56_A"
SER_56_A,"TYR_53_A,LEU_54_A,GLU_55_A,LEU_57_A"
LEU_57_A,"LEU_54_A,SER_56_A,SER_58_A"
SER_58_A,"LEU_57_A,THR_59_A,TYR_60_A"
THR_59_A,"SER_58_A,TYR_60_A"
TYR_60_A,"SER_58_A,THR_59_A"
LYS_69_A,LYS_70_A
LYS_70_A,"LYS_69_A,GLU_75_A"
PRO_71_A,"VAL_11_A,ASP_72_A,VAL_73_A"
ASP_72_A,"ARG_10_A,PRO_71_A,VAL_73_A"
VAL_73_A,"PRO_71_A,ASP_72_A,ASP_74_A"
ASP_74_A,"LYS_7_A,ARG_10_A,VAL_73_A,GLU_75_A"
GLU_75_A,"LYS_7_A,ARG_52_A,LYS_70_A,ASP_74_A,ILE_76_A"
ILE_76_A,"ILE_4_A,GLU_48_A,GLU_75_A,GLU_77_A"
GLU_77_A,"VAL_5_A,LYS_7_A,ARG_20_A,ILE_76_A,GLY_78_A"
GLY_78_A,"GLU_77_A,LEU_79_A"
LEU_79_A,"GLU_48_A,GLY_78_A,SER_80_A"
SER_80_A,LEU_79_A
PRO_81_A,"TYR_53_A,ALA_82_A"
ALA_82_A,"PRO_81_A,ILE_83_A"
ILE_83_A,"ALA_82_A,ALA_84_A,ILE_487_A,TYR_488_A,VAL_489_A"
ALA_84_A,"MET_42_A,TYR_46_A,ILE_83_A,ILE_85_A,ARG_474_A"
ILE_85_A,"ALA_84_A,ASP_86_A,VAL_489_A,ASP_491_A"
ASP_86_A,"ILE_85_A,GLN_87_A,LYS_88_A,ASP_491_A"
GLN_87_A,"ASP_86_A,LYS_88_A"
LYS_88_A,"ASP_86_A,GLN_87_A,THR_89_A,VAL_90_A,ASP_491_A"
THR_89_A,"LYS_88_A,VAL_90_A"
VAL_90_A,"LYS_88_A,THR_89_A,SER_91_A"
SER_91_A,"VAL_90_A,HIS_92_A"
HIS_92_A,"SER_91_A,ASN_93_A"
ASN_93_A,"HIS_92_A,SER_96_A"
PRO_94_A,ARG_95_A
ARG_95_A,"PRO_94_A,SER_96_A"
SER_96_A,"ASN_93_A,ARG_95_A,THR_97_A,ALA_462_A"
THR_97_A,"SER_96_A,VAL_98_A,THR_100_A,VAL_101_A"
VAL_98_A,"THR_97_A,GLY_99_A,THR_102_A,LEU_458_A,ARG_460_A,ILE_473_A"
GLY_99_A,"VAL_98_A,THR_100_A,LEU_458_A"
THR_100_A,"THR_97_A,GLY_99_A,VAL_101_A"
VAL_101_A,"THR_97_A,THR_100_A,THR_102_A,ILE_473_A"
THR_102_A,"VAL_98_A,VAL_101_A,GLU_103_A"
GLU_103_A,"THR_102_A,ILE_104_A,ARG_444_A"
ILE_104_A,"GLU_103_A,TYR_105_A,LEU_108_A,ARG_444_A,LEU_448_A,LEU_458_A"
TYR_105_A,"ILE_104_A,ASP_106_A,ARG_109_A"
ASP_106_A,"TYR_105_A,TYR_107_A,ARG_109_A"
TYR_107_A,"ASP_106_A,LEU_108_A,LEU_111_A,LEU_437_A,GLU_440_A,ILE_441_A"
LEU_108_A,"ILE_104_A,TYR_107_A,ARG_109_A,TYR_112_A,PHE_409_A,LEU_458_A"
ARG_109_A,"TYR_105_A,ASP_106_A,LEU_108_A,VAL_110_A,ALA_113_A"
VAL_110_A,"ARG_109_A,LEU_111_A,ARG_114_A"
LEU_111_A,"TYR_107_A,VAL_110_A,TYR_112_A,VAL_434_A,LEU_437_A,LEU_438_A"
TYR_112_A,"LEU_108_A,LEU_111_A,ALA_113_A,ILE_401_A,ILE_406_A"
ALA_113_A,"ARG_109_A,TYR_112_A,ARG_114_A"
ARG_114_A,"VAL_110_A,ALA_113_A,ILE_115_A,VAL_434_A"
ILE_115_A,"ARG_114_A,GLY_116_A"
GLY_116_A,"ILE_115_A,LYS_117_A"
LYS_117_A,"GLY_116_A,LYS_400_A"
LYS_400_A,"LYS_117_A,ILE_401_A,GLU_408_A"
ILE_401_A,"TYR_112_A,LYS_400_A,ASN_402_A,LEU_404_A,LEU_424_A"
ASN_402_A,"ILE_401_A,GLY_403_A,PHE_420_A,LEU_426_A"
GLY_403_A,"ASN_402_A,LEU_404_A"
LEU_404_A,"ILE_401_A,GLY_403_A,ASN_405_A,PHE_420_A"
ASN_405_A,"LEU_404_A,ILE_406_A,HIS_407_A,GLU_408_A"
ILE_406_A,"TYR_112_A,ASN_405_A,HIS_407_A,THR_410_A"
HIS_407_A,"ASN_405_A,ILE_406_A,GLU_408_A,THR_410_A,GLU_411_A"
GLU_408_A,"LYS_400_A,ASN_405_A,HIS_407_A,PHE_409_A"
PHE_409_A,"LEU_108_A,GLU_408_A,THR_410_A,GLU_417_A,PHE_420_A,LEU_421_A"
THR_410_A,"ILE_406_A,HIS_407_A,PHE_409_A,GLU_411_A,LEU_458_A,SER_459_A"
GLU_411_A,"HIS_407_A,THR_410_A,LEU_412_A"
LEU_412_A,"GLU_411_A,SER_413_A,GLU_417_A"
SER_413_A,"LEU_412_A,ILE_414_A,GLU_417_A"
ILE_414_A,"SER_413_A,SER_415_A,LEU_418_A,VAL_449_A,LEU_456_A,LEU_458_A"
SER_415_A,"ILE_414_A,GLU_416_A,GLU_419_A"
GLU_416_A,"SER_415_A,GLU_417_A,PHE_420_A,LYS_886_A"
GLU_417_A,"PHE_409_A,LEU_412_A,SER_413_A,GLU_416_A,LEU_418_A,LEU_421_A"
LEU_418_A,"ILE_414_A,GLU_417_A,GLU_419_A,LYS_422_A,LEU_445_A,VAL_449_A"
GLU_419_A,"SER_415_A,LEU_418_A,PHE_420_A,ASN_423_A"
PHE_420_A,"ASN_402_A,LEU_404_A,PHE_409_A,GLU_416_A,GLU_419_A,LEU_421_A"
LEU_421_A,"PHE_409_A,GLU_417_A,PHE_420_A,LYS_422_A,ILE_441_A"
LYS_422_A,"LEU_418_A,LEU_421_A,ASN_423_A,GLU_446_A"
ASN_423_A,"GLU_419_A,LYS_422_A,LEU_424_A"
LEU_424_A,"ILE_401_A,ASN_423_A,ASN_425_A,LEU_426_A"
ASN_425_A,"LEU_424_A,LEU_426_A"
LEU_426_A,"ASN_402_A,LEU_424_A,ASN_425_A,THR_427_A"
THR_427_A,"LEU_426_A,GLU_428_A,GLU_430_A"
GLU_428_A,"THR_427_A,ARG_429_A"
ARG_429_A,"GLU_428_A,GLU_430_A,GLU_432_A"
GLU_430_A,"THR_427_A,ARG_429_A,ARG_431_A,ILE_433_A"
ARG_431_A,"GLU_430_A,GLU_432_A,ILE_433_A,VAL_434_A,GLY_435_A,LYS_439_A"
GLU_432_A,"ARG_429_A,ARG_431_A,ILE_433_A"
ILE_433_A,"GLU_430_A,ARG_431_A,GLU_432_A,VAL_434_A"
VAL_434_A,"LEU_111_A,ARG_114_A,ARG_431_A,ILE_433_A,GLY_435_A,LEU_437_A,LEU_438_A"
GLY_435_A,"ARG_431_A,VAL_434_A,GLU_436_A,LEU_438_A"
GLU_436_A,"GLY_435_A,LEU_437_A,LYS_439_A"
LEU_437_A,"TYR_107_A,LEU_111_A,VAL_434_A,GLU_436_A,LEU_438_A,ILE_441_A"
LEU_438_A,"LEU_111_A,VAL_434_A,GLY_435_A,LEU_437_A,LYS_439_A,GLU_442_A"
LYS_439_A,"ARG_431_A,GLU_436_A,LEU_438_A,GLU_440_A,LYS_443_A"
GLU_440_A,"TYR_107_A,LYS_439_A,ILE_441_A,LYS_443_A,ARG_444_A"
ILE_441_A,"TYR_107_A,LEU_421_A,LEU_437_A,GLU_440_A,GLU_442_A,LEU_445_A"
GLU_442_A,"LEU_438_A,ILE_441_A,LYS_443_A,GLU_446_A"
LYS_443_A,"LYS_439_A,GLU_440_A,GLU_442_A,ARG_444_A,PHE_447_A"
ARG_444_A,"GLU_103_A,ILE_104_A,GLU_440_A,LYS_443_A,LEU_445_A"
LEU_445_A,"LEU_418_A,ILE_441_A,ARG_444_A,GLU_446_A,LEU_448_A"
GLU_446_A,"LYS_422_A,GLU_442_A,LEU_445_A,PHE_447_A,ASP_450_A,ARG_504_A"
PHE_447_A,"LYS_443_A,GLU_446_A,LEU_448_A,ILE_479_A"
LEU_448_A,"ILE_104_A,LEU_445_A,PHE_447_A,VAL_449_A,ILE_473_A,ALA_476_A"
VAL_449_A,"ILE_414_A,LEU_418_A,LEU_448_A,ASP_450_A,GLY_452_A"
ASP_450_A,"GLU_446_A,VAL_449_A,VAL_451_A,ARG_504_A,LYS_511_A"
VAL_451_A,"ASP_450_A,GLY_452_A,LEU_453_A,ARG_472_A"
GLY_452_A,"VAL_449_A,VAL_451_A,LEU_453_A"
LEU_453_A,"VAL_451_A,GLY_452_A,GLU_454_A,GLU_469_A,ILE_473_A"
GLU_454_A,"LEU_453_A,TYR_455_A,ARG_500_A,GLU_883_A"
TYR_455_A,"GLU_454_A,LEU_456_A,GLU_469_A"
LEU_456_A,"ILE_414_A,TYR_455_A,THR_457_A"
THR_457_A,"LEU_456_A,LEU_458_A,SER_459_A"
LEU_458_A,"VAL_98_A,GLY_99_A,ILE_104_A,LEU_108_A,THR_410_A,ILE_414_A,THR_457_A,SER_459_A"
SER_459_A,"THR_410_A,THR_457_A,LEU_458_A,ARG_460_A"
ARG_460_A,"VAL_98_A,SER_459_A,SER_461_A,THR_464_A,GLU_469_A"
SER_461_A,"ARG_460_A,ALA_462_A,THR_464_A"
ALA_462_A,"SER_96_A,SER_461_A,THR_463_A"
THR_463_A,"ALA_462_A,THR_464_A"
THR_464_A,"ARG_460_A,SER_461_A,THR_463_A,LEU_465_A"
LEU_465_A,"THR_464_A,SER_466_A"
SER_466_A,"LEU_465_A,GLY_467_A,GLU_469_A,SER_470_A"
GLY_467_A,"SER_466_A,GLY_468_A,GLN_471_A"
GLY_468_A,"GLY_467_A,GLU_469_A"
GLU_469_A,"LEU_453_A,TYR_455_A,ARG_460_A,SER_466_A,GLY_468_A,SER_470_A,ILE_473_A"
SER_470_A,"SER_466_A,GLU_469_A,GLN_471_A"
GLN_471_A,"GLY_467_A,SER_470_A,ARG_472_A,LEU_475_A"
ARG_472_A,"VAL_451_A,GLN_471_A,ILE_473_A,ALA_476_A"
ILE_473_A,"VAL_98_A,VAL_101_A,LEU_448_A,LEU_453_A,GLU_469_A,ARG_472_A,ARG_474_A,THR_477_A"
ARG_474_A,"ALA_84_A,ILE_473_A,LEU_475_A,GLN_478_A"
LEU_475_A,"GLN_471_A,ARG_474_A,ALA_476_A,ILE_479_A,LEU_505_A"
ALA_476_A,"LEU_448_A,ARG_472_A,LEU_475_A,THR_477_A,GLY_480_A"
THR_477_A,"ILE_473_A,ALA_476_A,GLN_478_A,SER_481_A"
GLN_478_A,"ARG_474_A,THR_477_A,ILE_479_A,SER_481_A,TYR_488_A"
ILE_479_A,"PHE_447_A,LEU_475_A,GLN_478_A,GLY_480_A,LYS_511_A"
GLY_480_A,"ALA_476_A,ILE_479_A,SER_481_A"
SER_481_A,"THR_477_A,GLN_478_A,GLY_480_A,GLY_482_A"
GLY_482_A,"SER_481_A,LEU_483_A"
LEU_483_A,"GLY_482_A,THR_484_A"
THR_484_A,"LEU_483_A,GLY_485_A"
GLY_485_A,"THR_484_A,VAL_486_A,GLY_516_A,ASN_517_A"
VAL_486_A,"GLY_485_A,ILE_487_A,TYR_488_A,ASN_517_A"
ILE_487_A,"ILE_4_A,ILE_83_A,VAL_486_A,TYR_488_A"
TYR_488_A,"ILE_83_A,GLN_478_A,VAL_486_A,ILE_487_A,VAL_489_A,LEU_512_A,THR_518_A,ILE_520_A"
VAL_489_A,"ALA_41_A,ILE_83_A,ILE_85_A,TYR_488_A,LEU_490_A"
LEU_490_A,"VAL_489_A,ASP_491_A,ILE_520_A,VAL_522_A"
ASP_491_A,"ILE_85_A,ASP_86_A,LYS_88_A,LEU_490_A,GLU_492_A"
GLU_492_A,"ASP_491_A,THR_494_A,ILE_495_A,VAL_522_A,GLU_523_A,HIS_524_A,GLY_838_A"
PRO_493_A,THR_494_A
THR_494_A,"GLU_492_A,PRO_493_A,ILE_495_A,LEU_497_A,LEU_505_A,GLU_523_A"
ILE_495_A,"GLU_492_A,THR_494_A,GLY_496_A"
GLY_496_A,"ILE_495_A,LEU_497_A,GLU_834_A,HIS_866_A"
LEU_497_A,"THR_494_A,GLY_496_A,HIS_498_A,ASP_501_A,LEU_505_A"
HIS_498_A,"LEU_497_A,ARG_500_A,ASP_501_A,HIS_866_A,ASP_879_A,THR_908_A"
PRO_499_A,ARG_500_A
ARG_500_A,"GLU_454_A,HIS_498_A,PRO_499_A,ASP_501_A,GLU_883_A,TYR_907_A"
ASP_501_A,"LEU_497_A,HIS_498_A,ARG_500_A,THR_502_A"
THR_502_A,"ASP_501_A,GLU_503_A,ILE_506_A"
GLU_503_A,"THR_502_A,ARG_504_A,LYS_507_A,LYS_510_A,GLU_527_A"
ARG_504_A,"GLU_446_A,ASP_450_A,GLU_503_A,LEU_505_A,THR_508_A"
LEU_505_A,"LEU_475_A,THR_494_A,LEU_497_A,ARG_504_A,ILE_506_A,THR_508_A,LEU_509_A"
ILE_506_A,"THR_502_A,LEU_505_A,LYS_507_A,LYS_510_A,ASN_531_A"
LYS_507_A,"GLU_503_A,ILE_506_A,THR_508_A,LYS_511_A"
THR_508_A,"ARG_504_A,LEU_505_A,LYS_507_A,LEU_509_A,LEU_512_A"
LEU_509_A,"LEU_505_A,THR_508_A,LYS_510_A,ARG_513_A"
LYS_510_A,"GLU_503_A,ILE_506_A,LEU_509_A,LYS_511_A,ARG_513_A,ASP_514_A"
LYS_511_A,"ASP_450_A,ILE_479_A,LYS_507_A,LYS_510_A,LEU_512_A"
LEU_512_A,"TYR_488_A,THR_508_A,LYS_511_A,ARG_513_A"
ARG_513_A,"LEU_509_A,LYS_510_A,LEU_512_A,ASP_514_A,GLY_516_A,ASP_533_A"
ASP_514_A,"LYS_510_A,ARG_513_A,LEU_515_A"
LEU_515_A,"ASP_514_A,GLY_516_A"
GLY_516_A,"GLY_485_A,ARG_513_A,LEU_515_A,ASN_517_A"
ASN_517_A,"GLY_485_A,VAL_486_A,GLY_516_A,THR_518_A"
THR_518_A,"ASN_24_A,TYR_488_A,ASN_517_A,VAL_519_A"
VAL_519_A,"VAL_27_A,THR_518_A,ILE_520_A,VAL_521_A"
ILE_520_A,"ILE_29_A,TYR_488_A,LEU_490_A,VAL_519_A,VAL_521_A"
VAL_521_A,"LEU_26_A,VAL_27_A,ILE_29_A,VAL_519_A,ILE_520_A,VAL_522_A,GLU_523_A"
VAL_522_A,"LEU_490_A,GLU_492_A,VAL_521_A,GLU_523_A"
GLU_523_A,"GLU_492_A,THR_494_A,VAL_521_A,VAL_522_A,HIS_524_A,ASP_525_A"
HIS_524_A,"LYS_37_A,GLU_492_A,GLU_523_A,ASP_525_A,HIS_840_A,ASP_843_A"
ASP_525_A,"GLU_523_A,HIS_524_A,GLU_526_A,ILE_529_A"
GLU_526_A,"ASP_525_A,GLU_527_A,ARG_530_A"
GLU_527_A,"GLU_503_A,GLU_526_A,VAL_528_A,ARG_530_A,ASN_531_A"
VAL_528_A,"GLU_527_A,ILE_529_A"
ILE_529_A,"THR_30_A,ASP_525_A,VAL_528_A,ARG_530_A,ILE_535_A,LEU_571_A"
ARG_530_A,"GLU_526_A,GLU_527_A,ILE_529_A,ASN_531_A,LEU_571_A"
ASN_531_A,"ILE_506_A,GLU_527_A,ARG_530_A,ALA_532_A"
ALA_532_A,"VAL_28_A,ASN_531_A,ASP_533_A,ILE_535_A"
ASP_533_A,"ARG_25_A,LEU_26_A,ARG_513_A,ALA_532_A,HIS_534_A"
HIS_534_A,"VAL_28_A,ASP_533_A,ILE_535_A"
ILE_535_A,"ILE_529_A,ALA_532_A,HIS_534_A,ILE_536_A,GLY_553_A,VAL_555_A"
ILE_536_A,"ILE_21_A,VAL_28_A,ILE_29_A,THR_30_A,ILE_535_A,ASP_537_A,ILE_538_A"
ASP_537_A,"THR_30_A,ILE_536_A,ILE_538_A,VAL_550_A,PHE_551_A,THR_567_A,HIS_840_A"
ILE_538_A,"ILE_29_A,THR_30_A,ILE_536_A,ASP_537_A,GLY_539_A,VAL_549_A"
GLY_539_A,"ILE_538_A,ARG_548_A"
PRO_540_A,GLY_541_A
GLY_541_A,"PRO_540_A,GLY_542_A,ASN_545_A"
GLY_542_A,"GLY_541_A,GLY_543_A"
GLY_543_A,"ASN_13_A,GLY_34_A,GLY_542_A,THR_544_A"
THR_544_A,"GLY_543_A,ASN_545_A,GLU_771_A"
ASN_545_A,"GLY_541_A,THR_544_A,GLY_546_A"
GLY_546_A,"LYS_15_A,ASN_545_A,GLY_547_A"
GLY_547_A,"LYS_15_A,SER_35_A,GLY_546_A,ARG_548_A"
ARG_548_A,"LYS_15_A,GLY_539_A,GLY_547_A,VAL_549_A"
VAL_549_A,"VAL_19_A,ILE_538_A,ARG_548_A,VAL_550_A"
VAL_550_A,"ASP_537_A,VAL_549_A,PHE_551_A"
PHE_551_A,"ASP_537_A,VAL_550_A,GLN_552_A,LEU_558_A"
GLN_552_A,"ARG_20_A,PHE_551_A,GLY_553_A"
GLY_553_A,"ILE_535_A,GLN_552_A,THR_554_A"
THR_554_A,"GLY_553_A,VAL_555_A,GLU_557_A,LEU_558_A"
VAL_555_A,"ILE_535_A,THR_554_A,ASP_556_A,LEU_558_A,LEU_559_A"
ASP_556_A,"VAL_555_A,GLU_557_A,LYS_560_A"
GLU_557_A,"THR_554_A,ASP_556_A,LEU_558_A"
LEU_558_A,"PHE_551_A,THR_554_A,VAL_555_A,GLU_557_A,LEU_559_A,LEU_571_A"
LEU_559_A,"VAL_555_A,LEU_558_A,LYS_560_A"
LYS_560_A,"ASP_556_A,LEU_559_A,ASN_561_A"
ASN_561_A,LYS_560_A
PRO_562_A,ASP_563_A
ASP_563_A,"PRO_562_A,SER_564_A,GLU_569_A,LYS_574_A"
SER_564_A,"ASP_563_A,SER_565_A"
SER_565_A,"SER_564_A,LEU_566_A,GLY_568_A"
LEU_566_A,"VAL_32_A,SER_565_A,THR_567_A,TYR_570_A"
THR_567_A,"ASP_537_A,LEU_566_A,GLY_568_A,LEU_571_A,HIS_840_A"
GLY_568_A,"SER_565_A,THR_567_A,GLU_569_A,SER_572_A"
GLU_569_A,"ASP_563_A,GLY_568_A,TYR_570_A,LYS_574_A,ARG_575_A"
TYR_570_A,"LEU_566_A,GLU_569_A,LEU_571_A,PHE_841_A,GLU_842_A"
LEU_571_A,"ILE_529_A,ARG_530_A,LEU_558_A,THR_567_A,TYR_570_A,SER_572_A"
SER_572_A,"GLY_568_A,LEU_571_A,GLY_573_A"
GLY_573_A,"SER_572_A,LYS_574_A"
LYS_574_A,"ASP_563_A,GLU_569_A,GLY_573_A,ARG_575_A"
ARG_575_A,"GLU_569_A,LYS_574_A,LYS_576_A,GLU_842_A,ARG_845_A"
LYS_576_A,"ARG_575_A,ILE_577_A,ASP_869_A,LYS_872_A"
ILE_577_A,"LYS_576_A,THR_578_A,ASP_869_A,LYS_872_A"
THR_578_A,"ILE_577_A,VAL_579_A,ASN_873_A"
VAL_579_A,"THR_578_A,ASN_580_A,LYS_872_A"
ASN_580_A,"VAL_579_A,LYS_581_A,THR_582_A"
LYS_581_A,"ASN_580_A,THR_582_A"
THR_582_A,"ASN_580_A,LYS_581_A,ARG_583_A"
ARG_583_A,"THR_582_A,ARG_584_A,ASP_875_A,GLU_898_A"
ARG_584_A,"ARG_583_A,LEU_585_A,HIS_852_A,ASP_856_A,ASP_875_A"
LEU_585_A,ARG_584_A
PRO_586_A,"TYR_587_A,PRO_608_A"
TYR_587_A,"PRO_586_A,ALA_588_A,ASN_657_A"
ALA_588_A,"TYR_587_A,SER_589_A,LEU_609_A"
SER_589_A,"ALA_588_A,LEU_590_A,GLU_606_A"
LEU_590_A,"SER_589_A,LYS_591_A,ILE_607_A"
LYS_591_A,"LEU_590_A,ILE_592_A,LYS_593_A,GLU_606_A,GLU_653_A"
ILE_592_A,"LYS_591_A,LYS_593_A,VAL_595_A,VAL_605_A,PHE_649_A"
LYS_593_A,"LYS_591_A,ILE_592_A,GLY_594_A,ASP_604_A,ASP_650_A,SER_651_A,GLU_653_A"
GLY_594_A,"LYS_593_A,VAL_595_A,ASP_604_A"
VAL_595_A,"ILE_592_A,GLY_594_A,ARG_596_A,LEU_600_A,ASN_602_A,ILE_603_A"
ARG_596_A,"VAL_595_A,HIS_597_A,ASN_602_A,GLU_648_A,ASP_650_A"
HIS_597_A,"ARG_596_A,ASN_598_A,GLU_629_A"
ASN_598_A,"HIS_597_A,ASN_599_A,SER_625_A"
ASN_599_A,"ASN_598_A,LEU_600_A,LYS_601_A,GLY_620_A,GLY_885_A"
LEU_600_A,"VAL_595_A,ASN_599_A,LYS_601_A"
LYS_601_A,"ASN_599_A,LEU_600_A,ASN_602_A,LYS_886_A,GLY_888_A,GLY_889_A,TYR_890_A"
ASN_602_A,"VAL_595_A,ARG_596_A,LYS_601_A,ILE_603_A"
ILE_603_A,"VAL_595_A,ASN_602_A,ASP_604_A,VAL_605_A"
ASP_604_A,"LYS_593_A,GLY_594_A,ILE_603_A,VAL_605_A"
VAL_605_A,"ILE_592_A,ILE_603_A,ASP_604_A,GLU_606_A,ILE_891_A"
GLU_606_A,"SER_589_A,LYS_591_A,VAL_605_A,ILE_607_A"
ILE_607_A,"LEU_590_A,GLU_606_A,ILE_862_A"
PRO_608_A,"PRO_586_A,LEU_609_A"
LEU_609_A,"ALA_588_A,PRO_608_A,GLY_610_A,ASN_657_A"
GLY_610_A,"LEU_609_A,VAL_611_A,THR_860_A"
VAL_611_A,"GLY_610_A,PHE_612_A,VAL_613_A,ASP_875_A"
PHE_612_A,"VAL_611_A,VAL_613_A,VAL_870_A,ASP_875_A"
VAL_613_A,"VAL_611_A,PHE_612_A,CYS_614_A,VAL_861_A,VAL_863_A"
CYS_614_A,"VAL_613_A,VAL_615_A,HIS_876_A,ILE_878_A"
VAL_615_A,"CYS_614_A,THR_616_A,VAL_627_A,VAL_863_A"
THR_616_A,"VAL_615_A,GLY_617_A,ILE_871_A,ILE_878_A,ASP_879_A,LEU_880_A"
GLY_617_A,"THR_616_A,VAL_618_A,LYS_623_A"
VAL_618_A,"GLY_617_A,SER_619_A,SER_621_A"
SER_619_A,"VAL_618_A,GLY_620_A"
GLY_620_A,"ASN_599_A,SER_619_A,SER_621_A,GLY_885_A"
SER_621_A,"VAL_618_A,GLY_620_A,GLY_622_A,GLY_889_A"
GLY_622_A,"SER_621_A,LYS_623_A,LEU_626_A"
LYS_623_A,"GLY_617_A,GLY_622_A,SER_624_A,VAL_627_A,HIS_866_A"
SER_624_A,"LYS_623_A,SER_625_A,MET_628_A"
SER_625_A,"ASN_598_A,SER_624_A,LEU_626_A,THR_630_A"
LEU_626_A,"GLY_622_A,SER_625_A,VAL_627_A,LEU_631_A"
VAL_627_A,"VAL_615_A,LYS_623_A,LEU_626_A,MET_628_A,TYR_632_A,ILE_831_A"
MET_628_A,"SER_624_A,VAL_627_A,GLU_629_A,ILE_864_A"
GLU_629_A,"HIS_597_A,MET_628_A,THR_630_A,GLY_647_A"
THR_630_A,"SER_625_A,GLU_629_A,LEU_631_A,PHE_649_A"
LEU_631_A,"LEU_626_A,THR_630_A,TYR_632_A,LEU_635_A"
TYR_632_A,"VAL_627_A,LEU_631_A,MET_636_A,MET_661_A,ALA_663_A"
PRO_633_A,"ALA_634_A,ASN_637_A,LEU_644_A,ALA_646_A"
ALA_634_A,"PRO_633_A,LEU_635_A,LEU_638_A,PHE_649_A,ILE_652_A"
LEU_635_A,"LEU_631_A,ALA_634_A,MET_636_A,LEU_639_A,HIS_655_A,MET_661_A,LEU_829_A"
MET_636_A,"TYR_632_A,LEU_635_A,ASN_637_A,HIS_640_A"
ASN_637_A,"PRO_633_A,MET_636_A,LEU_638_A,THR_642_A,LEU_644_A"
LEU_638_A,"ALA_634_A,ASN_637_A,LEU_639_A"
LEU_639_A,"LEU_635_A,LEU_638_A,HIS_640_A,ILE_658_A"
HIS_640_A,"MET_636_A,LEU_639_A,LYS_641_A,MET_661_A"
LYS_641_A,"HIS_640_A,THR_642_A"
THR_642_A,"ASN_637_A,LYS_641_A,LYS_643_A"
LYS_643_A,"THR_642_A,LEU_644_A"
LEU_644_A,"PRO_633_A,ASN_637_A,LYS_643_A"
PRO_645_A,ALA_646_A
ALA_646_A,"PRO_633_A,PRO_645_A,GLY_647_A"
GLY_647_A,"GLU_629_A,ALA_646_A,GLU_648_A"
GLU_648_A,"ARG_596_A,GLY_647_A,PHE_649_A,ASP_650_A"
PHE_649_A,"ILE_592_A,THR_630_A,ALA_634_A,GLU_648_A,ASP_650_A,ILE_652_A"
ASP_650_A,"LYS_593_A,ARG_596_A,GLU_648_A,PHE_649_A,SER_651_A"
SER_651_A,"LYS_593_A,ASP_650_A,ILE_652_A"
ILE_652_A,"ALA_634_A,PHE_649_A,SER_651_A,GLU_653_A"
GLU_653_A,"LYS_591_A,LYS_593_A,ILE_652_A,GLY_654_A"
GLY_654_A,"GLU_653_A,HIS_655_A,ASN_657_A"
HIS_655_A,"LEU_635_A,GLY_654_A,GLU_656_A"
GLU_656_A,"HIS_655_A,ASN_657_A,ARG_827_A"
ASN_657_A,"TYR_587_A,LEU_609_A,GLY_654_A,GLU_656_A,ILE_658_A"
ILE_658_A,"LEU_639_A,ASN_657_A,ASP_659_A"
ASP_659_A,"ILE_658_A,LYS_660_A,ARG_827_A"
LYS_660_A,"ASP_659_A,MET_661_A,LYS_822_A,LEU_829_A"
MET_661_A,"TYR_632_A,LEU_635_A,HIS_640_A,LYS_660_A,ILE_662_A,ILE_831_A"
ILE_662_A,"MET_661_A,ALA_663_A,LEU_829_A"
ALA_663_A,"TYR_632_A,ILE_662_A,ILE_664_A"
ILE_664_A,"ALA_663_A,ASP_665_A,GLN_812_A,TYR_830_A,ILE_831_A,LEU_832_A"
ASP_665_A,"ILE_664_A,GLN_666_A,SER_667_A,LYS_815_A,ASP_833_A"
GLN_666_A,"ASP_665_A,SER_667_A,GLN_812_A,GLU_834_A"
SER_667_A,"ASP_665_A,GLN_666_A,LYS_815_A"
PRO_668_A,ILE_669_A
ILE_669_A,"PRO_668_A,GLY_670_A,TYR_680_A,ALA_803_A,LEU_806_A"
GLY_670_A,"ILE_669_A,ARG_671_A"
ARG_671_A,"GLY_670_A,THR_672_A"
THR_672_A,"ARG_671_A,ARG_674_A,SER_675_A"
PRO_673_A,"ARG_674_A,PRO_802_A"
ARG_674_A,"THR_672_A,PRO_673_A,SER_675_A,ARG_715_A,GLN_720_A"
SER_675_A,"THR_672_A,ARG_674_A,ASN_676_A,ALA_803_A"
ASN_676_A,"SER_675_A,ALA_678_A,THR_679_A,TYR_680_A"
PRO_677_A,"ALA_678_A,THR_681_A,VAL_797_A"
ALA_678_A,"ASN_676_A,PRO_677_A,THR_679_A,PHE_684_A"
THR_679_A,"ASN_676_A,ALA_678_A,TYR_680_A,LYS_682_A"
TYR_680_A,"ILE_669_A,ASN_676_A,THR_679_A,THR_681_A,ILE_814_A"
THR_681_A,"PRO_677_A,TYR_680_A,LYS_682_A"
LYS_682_A,"THR_679_A,THR_681_A,VAL_683_A,ASP_685_A,ARG_688_A"
VAL_683_A,"LYS_682_A,PHE_684_A,GLU_686_A,ILE_687_A,ILE_782_A"
PHE_684_A,"ALA_678_A,VAL_683_A,ASP_685_A,ARG_688_A,PHE_709_A,ILE_761_A,LEU_765_A"
ASP_685_A,"LYS_682_A,PHE_684_A,GLU_686_A,ARG_688_A,LYS_704_A"
GLU_686_A,"VAL_683_A,ASP_685_A,ILE_687_A,LEU_690_A,SER_781_A,ILE_782_A"
ILE_687_A,"VAL_683_A,GLU_686_A,ARG_688_A,PHE_691_A"
ARG_688_A,"LYS_682_A,PHE_684_A,ASP_685_A,ILE_687_A,SER_689_A,ALA_692_A,LYS_704_A"
SER_689_A,"ARG_688_A,LEU_690_A,MET_693_A"
LEU_690_A,"GLU_686_A,SER_689_A,PHE_691_A,TYR_756_A,PHE_776_A"
PHE_691_A,"ILE_687_A,LEU_690_A,ALA_692_A,THR_694_A,ILE_764_A"
ALA_692_A,"ARG_688_A,PHE_691_A,MET_693_A"
MET_693_A,"SER_689_A,ALA_692_A,THR_694_A"
THR_694_A,"PHE_691_A,MET_693_A"
PRO_695_A,"ALA_696_A,ALA_699_A"
ALA_696_A,"PRO_695_A,ALA_697_A"
ALA_697_A,"ALA_696_A,LYS_698_A,TYR_702_A"
LYS_698_A,"ALA_697_A,ALA_699_A"
ALA_699_A,"PRO_695_A,LYS_698_A,ARG_700_A"
ARG_700_A,"ALA_699_A,GLY_701_A,GLU_753_A"
GLY_701_A,"ARG_700_A,TYR_702_A"
TYR_702_A,"ALA_697_A,GLY_701_A,ASN_703_A,ARG_706_A,ILE_754_A"
ASN_703_A,"TYR_702_A,LYS_704_A,ARG_706_A"
LYS_704_A,"ASP_685_A,ARG_688_A,ASN_703_A,SER_705_A,PHE_707_A"
SER_705_A,"LYS_704_A,ARG_706_A"
ARG_706_A,"TYR_702_A,ASN_703_A,SER_705_A,PHE_707_A,GLU_750_A,THR_751_A"
PHE_707_A,"LYS_704_A,ARG_706_A,SER_708_A,TYR_747_A,THR_751_A"
SER_708_A,"PHE_707_A,PHE_709_A,ASN_710_A"
PHE_709_A,"PHE_684_A,SER_708_A,ASN_710_A"
ASN_710_A,"SER_708_A,PHE_709_A,LEU_711_A"
LEU_711_A,"ASN_710_A,LYS_712_A"
LYS_712_A,"LEU_711_A,GLY_713_A,ARG_715_A"
GLY_713_A,"LYS_712_A,GLY_714_A"
GLY_714_A,"GLY_713_A,ARG_715_A,ASN_748_A"
ARG_715_A,"ARG_674_A,LYS_712_A,GLY_714_A,CYS_716_A,GLU_717_A"
CYS_716_A,"ARG_715_A,GLU_717_A,GLY_721_A,ARG_746_A"
GLU_717_A,"ARG_715_A,CYS_716_A,ALA_718_A"
ALA_718_A,"GLU_717_A,CYS_719_A"
CYS_719_A,"ALA_718_A,GLN_720_A,GLN_722_A,GLY_723_A,CYS_739_A"
GLN_720_A,"ARG_674_A,CYS_719_A,GLY_721_A"
GLY_721_A,"CYS_716_A,GLN_720_A,GLN_722_A"
GLN_722_A,"CYS_719_A,GLY_721_A,GLY_723_A"
GLY_723_A,"CYS_719_A,GLN_722_A,TYR_724_A,CYS_739_A"
TYR_724_A,"GLY_723_A,VAL_725_A,TYR_736_A"
VAL_725_A,"TYR_724_A,LYS_726_A,VAL_737_A"
LYS_726_A,"VAL_725_A,ILE_727_A,ASP_734_A,TYR_736_A"
ILE_727_A,"LYS_726_A,GLU_728_A,MET_729_A,VAL_735_A"
GLU_728_A,"ILE_727_A,MET_729_A"
MET_729_A,"ILE_727_A,GLU_728_A,LEU_730_A"
LEU_730_A,"MET_729_A,PHE_731_A"
PHE_731_A,"LEU_730_A,LEU_732_A"
LEU_732_A,"PHE_731_A,ASP_734_A"
PRO_733_A,ASP_734_A
ASP_734_A,"LYS_726_A,LEU_732_A,PRO_733_A,VAL_735_A"
VAL_735_A,"ILE_727_A,ASP_734_A,TYR_736_A"
TYR_736_A,"TYR_724_A,LYS_726_A,VAL_735_A,VAL_737_A"
VAL_737_A,"VAL_725_A,TYR_736_A,GLU_738_A"
GLU_738_A,"VAL_737_A,CYS_739_A"
CYS_739_A,"CYS_719_A,GLY_723_A,GLU_738_A,ASP_740_A,LYS_743_A"
ASP_740_A,"CYS_739_A,VAL_741_A"
VAL_741_A,"ASP_740_A,CYS_742_A"
CYS_742_A,"VAL_741_A,LYS_743_A"
LYS_743_A,"CYS_739_A,CYS_742_A,GLY_744_A"
GLY_744_A,"LYS_743_A,LYS_745_A"
LYS_745_A,"GLY_744_A,ARG_746_A,ASP_763_A"
ARG_746_A,"CYS_716_A,LYS_745_A,TYR_747_A"
TYR_747_A,"PHE_707_A,ARG_746_A,ASN_748_A,ILE_761_A"
ASN_748_A,"GLY_714_A,TYR_747_A,ARG_749_A,THR_751_A"
ARG_749_A,"ASN_748_A,GLU_750_A,GLU_753_A"
GLU_750_A,"ARG_706_A,ARG_749_A,THR_751_A"
THR_751_A,"ARG_706_A,PHE_707_A,ASN_748_A,GLU_750_A,LEU_752_A"
LEU_752_A,"THR_751_A,GLU_753_A"
GLU_753_A,"ARG_700_A,ARG_749_A,LEU_752_A,ILE_754_A"
ILE_754_A,"TYR_702_A,GLU_753_A,THR_755_A"
THR_755_A,"ILE_754_A,TYR_756_A"
TYR_756_A,"LEU_690_A,THR_755_A,LYS_757_A,LYS_759_A,PHE_775_A"
LYS_757_A,"TYR_756_A,GLY_758_A,PHE_775_A"
GLY_758_A,"LYS_757_A,LYS_759_A"
LYS_759_A,"TYR_756_A,GLY_758_A,ASN_760_A,ASP_763_A,PHE_775_A"
ASN_760_A,"LYS_759_A,ILE_761_A,SER_762_A,ASP_763_A"
ILE_761_A,"PHE_684_A,TYR_747_A,ASN_760_A,SER_762_A"
SER_762_A,"ASN_760_A,ILE_761_A,ASP_763_A"
ASP_763_A,"LYS_745_A,LYS_759_A,ASN_760_A,SER_762_A,ILE_764_A"
ILE_764_A,"PHE_691_A,ASP_763_A,LEU_765_A,PHE_775_A,PHE_776_A"
LEU_765_A,"PHE_684_A,ILE_764_A,ASP_766_A,GLY_800_A"
ASP_766_A,"LEU_765_A,MET_767_A,LYS_798_A"
MET_767_A,"ASP_766_A,THR_768_A,PHE_775_A,LEU_799_A"
THR_768_A,"MET_767_A,VAL_769_A,GLU_771_A,ALA_772_A"
VAL_769_A,"THR_768_A,ASP_770_A,LEU_773_A,VAL_797_A"
ASP_770_A,"VAL_769_A,GLU_771_A,HIS_790_A,GLY_795_A"
GLU_771_A,"THR_544_A,THR_768_A,ASP_770_A,ALA_772_A,PHE_775_A"
ALA_772_A,"THR_768_A,GLU_771_A,LEU_773_A,PHE_776_A,LEU_786_A"
LEU_773_A,"VAL_769_A,ALA_772_A,GLU_774_A,LYS_783_A,LEU_786_A"
GLU_774_A,"LEU_773_A,PHE_775_A,LYS_777_A"
PHE_775_A,"TYR_756_A,LYS_757_A,LYS_759_A,ILE_764_A,MET_767_A,GLU_771_A,GLU_774_A,PHE_776_A"
PHE_776_A,"LEU_690_A,ILE_764_A,ALA_772_A,PHE_775_A,LYS_777_A,ASN_778_A,ILE_779_A,ILE_782_A"
LYS_777_A,"GLU_774_A,PHE_776_A,ASN_778_A"
ASN_778_A,"PHE_776_A,LYS_777_A,ILE_779_A"
ILE_779_A,"PHE_776_A,ASN_778_A,ILE_782_A,LYS_783_A"
PRO_780_A,"SER_781_A,ARG_784_A"
SER_781_A,"GLU_686_A,PRO_780_A,ILE_782_A"
ILE_782_A,"VAL_683_A,GLU_686_A,PHE_776_A,ILE_779_A,SER_781_A,LYS_783_A,LEU_786_A"
LYS_783_A,"LEU_773_A,ILE_779_A,ILE_782_A,ARG_784_A,GLN_787_A"
ARG_784_A,"PRO_780_A,LYS_783_A,THR_785_A,ARG_821_A"
THR_785_A,"ARG_784_A,LEU_786_A,ARG_821_A"
LEU_786_A,"ALA_772_A,LEU_773_A,ILE_782_A,THR_785_A,GLN_787_A,HIS_790_A"
GLN_787_A,"LYS_783_A,LEU_786_A,VAL_788_A,ASP_791_A"
VAL_788_A,"GLN_787_A,LEU_789_A,ALA_817_A"
LEU_789_A,"VAL_788_A,HIS_790_A,LEU_794_A"
HIS_790_A,"ASP_770_A,LEU_786_A,LEU_789_A,ASP_791_A,GLY_793_A,LYS_846_A"
ASP_791_A,"GLN_787_A,HIS_790_A,VAL_792_A,ARG_853_A"
VAL_792_A,"ASP_791_A,GLY_793_A,LEU_794_A"
GLY_793_A,"HIS_790_A,VAL_792_A,LEU_794_A"
LEU_794_A,"LEU_789_A,VAL_792_A,GLY_793_A,GLY_795_A,VAL_797_A,ARG_813_A,ILE_814_A"
GLY_795_A,"ASP_770_A,LEU_794_A,TYR_796_A"
TYR_796_A,"GLY_795_A,VAL_797_A,GLU_810_A"
VAL_797_A,"PRO_677_A,VAL_769_A,LEU_794_A,TYR_796_A,LYS_798_A"
LYS_798_A,"ASP_766_A,VAL_797_A,LEU_799_A"
LEU_799_A,"MET_767_A,LYS_798_A,GLY_800_A"
GLY_800_A,"LEU_765_A,LEU_799_A,GLN_801_A"
GLN_801_A,"GLY_800_A,THR_805_A"
PRO_802_A,"PRO_673_A,ALA_803_A,THR_804_A,THR_805_A"
ALA_803_A,"ILE_669_A,SER_675_A,PRO_802_A,THR_804_A"
THR_804_A,"PRO_802_A,ALA_803_A,THR_805_A"
THR_805_A,"GLN_801_A,PRO_802_A,THR_804_A,LEU_806_A"
LEU_806_A,"ILE_669_A,THR_805_A,SER_807_A,ILE_814_A"
SER_807_A,"LEU_806_A,GLY_808_A,GLU_810_A,ALA_811_A"
GLY_808_A,"SER_807_A,GLY_809_A,GLN_812_A"
GLY_809_A,"GLY_808_A,GLU_810_A,ARG_813_A"
GLU_810_A,"TYR_796_A,SER_807_A,GLY_809_A,ALA_811_A,ARG_813_A,ILE_814_A"
ALA_811_A,"SER_807_A,GLU_810_A,GLN_812_A"
GLN_812_A,"ILE_664_A,GLN_666_A,GLY_808_A,ALA_811_A,ARG_813_A,LEU_816_A"
ARG_813_A,"LEU_794_A,GLY_809_A,GLU_810_A,GLN_812_A,ILE_814_A,ALA_817_A,VAL_837_A"
ILE_814_A,"TYR_680_A,LEU_794_A,LEU_806_A,GLU_810_A,ARG_813_A,LYS_815_A,SER_818_A"
LYS_815_A,"ASP_665_A,SER_667_A,ILE_814_A,LEU_816_A,GLU_819_A"
LEU_816_A,"GLN_812_A,LYS_815_A,ALA_817_A,LEU_820_A,LEU_847_A"
ALA_817_A,"VAL_788_A,ARG_813_A,LEU_816_A,SER_818_A,ARG_821_A"
SER_818_A,"ILE_814_A,ALA_817_A,GLU_819_A"
GLU_819_A,"LYS_815_A,SER_818_A,LEU_820_A,LYS_822_A,TYR_830_A,ARG_857_A"
LEU_820_A,"LEU_816_A,GLU_819_A,ARG_821_A,ARG_857_A"
ARG_821_A,"ARG_784_A,THR_785_A,ALA_817_A,LEU_820_A,LYS_822_A"
LYS_822_A,"LYS_660_A,GLU_819_A,ARG_821_A,ARG_823_A"
ARG_823_A,"LYS_822_A,ASP_824_A,ARG_857_A"
ASP_824_A,"ARG_823_A,THR_825_A"
THR_825_A,"ASP_824_A,GLY_826_A"
GLY_826_A,"THR_825_A,ARG_827_A,ASN_859_A"
ARG_827_A,"GLU_656_A,ASP_659_A,GLY_826_A,THR_828_A"
THR_828_A,"ARG_827_A,LEU_829_A,TYR_830_A,THR_860_A"
LEU_829_A,"LEU_635_A,LYS_660_A,ILE_662_A,THR_828_A,TYR_830_A,THR_860_A,ILE_862_A"
TYR_830_A,"ILE_664_A,GLU_819_A,THR_828_A,LEU_829_A,ILE_831_A,THR_860_A,ILE_862_A"
ILE_831_A,"VAL_627_A,MET_661_A,ILE_664_A,TYR_830_A,LEU_832_A"
LEU_832_A,"ILE_664_A,ILE_831_A,ASP_833_A,ILE_862_A"
ASP_833_A,"ASP_665_A,LEU_832_A,GLU_834_A"
GLU_834_A,"GLY_496_A,GLN_666_A,ASP_833_A,ILE_864_A,GLU_865_A,HIS_866_A"
PRO_835_A,THR_836_A
THR_836_A,"PRO_835_A,VAL_837_A,LEU_847_A,GLU_865_A,VAL_870_A"
VAL_837_A,"ARG_813_A,THR_836_A,GLY_838_A"
GLY_838_A,"SER_33_A,GLU_492_A,VAL_837_A,LEU_839_A"
LEU_839_A,"GLY_838_A,HIS_840_A,ASP_843_A,VAL_844_A"
HIS_840_A,"HIS_524_A,ASP_537_A,THR_567_A,LEU_839_A,PHE_841_A,GLU_842_A,ASP_843_A,VAL_844_A"
PHE_841_A,"TYR_570_A,HIS_840_A,GLU_842_A,ARG_845_A"
GLU_842_A,"TYR_570_A,ARG_575_A,HIS_840_A,PHE_841_A,ASP_843_A,ARG_845_A,LYS_846_A"
ASP_843_A,"SER_33_A,HIS_524_A,LEU_839_A,HIS_840_A,GLU_842_A,VAL_844_A,LYS_846_A,LEU_847_A"
VAL_844_A,"LEU_839_A,HIS_840_A,ASP_843_A,ARG_845_A,VAL_848_A"
ARG_845_A,"ARG_575_A,PHE_841_A,GLU_842_A,VAL_844_A,LYS_846_A,GLU_849_A"
LYS_846_A,"HIS_790_A,GLU_842_A,ASP_843_A,ARG_845_A,LEU_847_A"
LEU_847_A,"LEU_816_A,THR_836_A,ASP_843_A,LYS_846_A,VAL_848_A,LEU_851_A"
VAL_848_A,"VAL_844_A,LEU_847_A,GLU_849_A,HIS_852_A"
GLU_849_A,"ARG_845_A,VAL_848_A,VAL_850_A,ARG_853_A"
VAL_850_A,"GLU_849_A,LEU_851_A,LEU_854_A"
LEU_851_A,"LEU_847_A,VAL_850_A,HIS_852_A"
HIS_852_A,"ARG_584_A,VAL_848_A,LEU_851_A,ARG_853_A,ASP_856_A,ASP_875_A"
ARG_853_A,"ASP_791_A,GLU_849_A,HIS_852_A,LEU_854_A"
LEU_854_A,"VAL_850_A,ARG_853_A,VAL_855_A"
VAL_855_A,"LEU_854_A,ASP_856_A,GLY_858_A"
ASP_856_A,"ARG_584_A,HIS_852_A,VAL_855_A,ARG_857_A"
ARG_857_A,"GLU_819_A,LEU_820_A,ARG_823_A,ASP_856_A,GLY_858_A"
GLY_858_A,"VAL_855_A,ARG_857_A,ASN_859_A"
ASN_859_A,"GLY_826_A,GLY_858_A,THR_860_A"
THR_860_A,"GLY_610_A,THR_828_A,LEU_829_A,TYR_830_A,ASN_859_A,VAL_861_A"
VAL_861_A,"VAL_613_A,THR_860_A,ILE_862_A,VAL_863_A"
ILE_862_A,"ILE_607_A,LEU_829_A,TYR_830_A,LEU_832_A,VAL_861_A,VAL_863_A"
VAL_863_A,"VAL_613_A,VAL_615_A,VAL_861_A,ILE_862_A,ILE_864_A"
ILE_864_A,"MET_628_A,GLU_834_A,VAL_863_A,GLU_865_A"
GLU_865_A,"GLU_834_A,THR_836_A,ILE_864_A,HIS_866_A,ASN_867_A"
HIS_866_A,"GLY_496_A,HIS_498_A,LYS_623_A,GLU_834_A,GLU_865_A,ASN_867_A"
ASN_867_A,"GLU_865_A,HIS_866_A,LEU_868_A,ASP_869_A,VAL_870_A,ILE_871_A"
LEU_868_A,"ASN_867_A,ASP_869_A,LYS_872_A"
ASP_869_A,"LYS_576_A,ILE_577_A,ASN_867_A,LEU_868_A,VAL_870_A,LYS_872_A"
VAL_870_A,"PHE_612_A,THR_836_A,ASN_867_A,ASP_869_A,ILE_871_A,ASN_873_A"
ILE_871_A,"THR_616_A,ASN_867_A,VAL_870_A,LYS_872_A,ASN_873_A,ALA_874_A,ILE_877_A"
LYS_872_A,"LYS_576_A,ILE_577_A,VAL_579_A,LEU_868_A,ASP_869_A,ILE_871_A,ASN_873_A"
ASN_873_A,"THR_578_A,VAL_870_A,ILE_871_A,LYS_872_A,ALA_874_A"
ALA_874_A,"ILE_871_A,ASN_873_A,ASP_875_A"
ASP_875_A,"ARG_583_A,ARG_584_A,VAL_611_A,PHE_612_A,HIS_852_A,ALA_874_A,HIS_876_A"
HIS_876_A,"CYS_614_A,ASP_875_A,ILE_877_A"
ILE_877_A,"ILE_871_A,HIS_876_A,ILE_878_A,GLY_895_A,ILE_900_A"
ILE_878_A,"CYS_614_A,THR_616_A,ILE_877_A,ASP_879_A"
ASP_879_A,"HIS_498_A,THR_616_A,ILE_878_A,LEU_880_A,VAL_892_A,ALA_893_A,SER_906_A,THR_908_A"
LEU_880_A,"THR_616_A,ASP_879_A,GLY_881_A"
GLY_881_A,"LEU_880_A,TYR_890_A"
PRO_882_A,GLU_883_A
GLU_883_A,"GLU_454_A,ARG_500_A,PRO_882_A,GLY_884_A,GLU_887_A,TYR_907_A"
GLY_884_A,"GLU_883_A,GLY_885_A"
GLY_885_A,"ASN_599_A,GLY_620_A,GLY_884_A,LYS_886_A,GLY_888_A"
LYS_886_A,"GLU_416_A,LYS_601_A,GLY_885_A,GLU_887_A"
GLU_887_A,"GLU_883_A,LYS_886_A,GLY_888_A"
GLY_888_A,"LYS_601_A,GLY_885_A,GLU_887_A,GLY_889_A"
GLY_889_A,"LYS_601_A,SER_621_A,GLY_888_A,TYR_890_A"
TYR_890_A,"LYS_601_A,GLY_881_A,GLY_889_A,ILE_891_A"
ILE_891_A,"VAL_605_A,TYR_890_A,VAL_892_A,THR_894_A"
VAL_892_A,"ASP_879_A,ILE_891_A,ALA_893_A"
ALA_893_A,"ASP_879_A,VAL_892_A,THR_894_A,ILE_900_A"
THR_894_A,"ILE_891_A,ALA_893_A,GLY_895_A"
GLY_895_A,"ILE_877_A,THR_894_A,THR_896_A"
THR_896_A,"GLY_895_A,GLU_899_A,ILE_900_A"
PRO_897_A,"GLU_898_A,ALA_901_A"
GLU_898_A,"ARG_583_A,PRO_897_A,GLU_899_A"
GLU_899_A,"THR_896_A,GLU_898_A,ILE_900_A"
ILE_900_A,"ILE_877_A,ALA_893_A,THR_896_A,GLU_899_A,ALA_901_A,ASN_903_A"
ALA_901_A,"PRO_897_A,ILE_900_A,LYS_902_A,LEU_916_A"
LYS_902_A,"ALA_901_A,ASN_903_A"
ASN_903_A,"ILE_900_A,LYS_902_A,HIS_905_A"
PRO_904_A,HIS_905_A
HIS_905_A,"ASN_903_A,PRO_904_A,SER_906_A"
SER_906_A,"ASP_879_A,HIS_905_A,TYR_907_A,GLY_909_A,ARG_910_A"
TYR_907_A,"ARG_500_A,GLU_883_A,SER_906_A,THR_908_A"
THR_908_A,"HIS_498_A,ASP_879_A,TYR_907_A,GLY_909_A,LEU_912_A"
GLY_909_A,"SER_906_A,THR_908_A,ARG_910_A,LYS_913_A"
ARG_910_A,"SER_906_A,GLY_909_A,PHE_911_A"
PHE_911_A,"ARG_910_A,LEU_912_A"
LEU_912_A,"THR_908_A,PHE_911_A,LYS_913_A,ASN_914_A,VAL_915_A"
LYS_913_A,"GLY_909_A,LEU_912_A,ASN_914_A"
ASN_914_A,"LEU_912_A,LYS_913_A,VAL_915_A"
VAL_915_A,"LEU_912_A,ASN_914_A,LEU_916_A"
LEU_916_A,"ALA_901_A,VAL_915_A"
