residue_id,neighbors
MET_32_C,"ASN_33_C,LEU_36_C"
ASN_33_C,"MET_32_C,LYS_34_C,LEU_37_C"
LYS_34_C,"ASN_33_C,LYS_35_C,LEU_38_C"
LYS_35_C,"LYS_34_C,LEU_36_C,LYS_39_C"
LEU_36_C,"MET_32_C,LYS_35_C,LEU_37_C,ASN_40_C"
LEU_37_C,"ASN_33_C,LEU_36_C,LEU_38_C,MET_41_C"
LEU_38_C,"LYS_34_C,LEU_37_C,LYS_39_C,LEU_42_C"
LYS_39_C,"LYS_35_C,LEU_38_C,ASN_40_C,LEU_43_C"
ASN_40_C,"LEU_36_C,LYS_39_C,MET_41_C,ASP_44_C"
MET_41_C,"LEU_37_C,ASN_40_C,LEU_42_C,MET_45_C"
LEU_42_C,"LEU_38_C,MET_41_C,LEU_43_C,ASN_46_C"
LEU_43_C,"LYS_39_C,LEU_42_C,ASP_44_C,ASN_47_C"
ASP_44_C,"ASN_40_C,LEU_43_C,MET_45_C,LYS_48_C"
MET_45_C,"MET_41_C,ASP_44_C,ASN_46_C,LYS_49_C"
ASN_46_C,"LEU_42_C,MET_45_C,ASN_47_C,MET_50_C"
ASN_47_C,"LEU_43_C,ASN_46_C,LYS_48_C,ASN_51_C"
LYS_48_C,"ASP_44_C,ASN_47_C,LYS_49_C,ASN_52_C"
LYS_49_C,"MET_45_C,LYS_48_C,MET_50_C,MET_53_C"
MET_50_C,"ASN_46_C,LYS_49_C,ASN_51_C,LYS_54_C"
ASN_51_C,"ASN_47_C,MET_50_C,ASN_52_C,ARG_55_C"
ASN_52_C,"LYS_48_C,ASN_51_C,MET_53_C,MET_56_C"
MET_53_C,"LYS_49_C,ASN_52_C,LYS_54_C,LEU_57_C"
LYS_54_C,"MET_50_C,MET_53_C,ARG_55_C,ASN_58_C"
ARG_55_C,"ASN_51_C,LYS_54_C,MET_56_C,ASN_296_C"
MET_56_C,"ASN_52_C,ARG_55_C,LEU_57_C,ASN_60_C,LEU_279_C"
LEU_57_C,"MET_53_C,MET_56_C,ASN_58_C,MET_275_C,LEU_279_C"
ASN_58_C,"LYS_54_C,LEU_57_C,ASN_59_C"
ASN_59_C,"ASN_58_C,ASN_60_C"
ASN_60_C,"MET_56_C,ASN_59_C,ASN_61_C,ASN_297_C,ILE_299_C"
ASN_61_C,"ASN_60_C,MET_62_C,LYS_271_C"
MET_62_C,"ASN_61_C,MET_275_C"
GLY_78_C,ASN_79_C
ASN_79_C,"GLY_78_C,ILE_80_C,ASN_81_C"
ILE_80_C,"ASN_79_C,ASN_81_C"
ASN_81_C,"ASN_79_C,ILE_80_C,ASN_82_C"
ASN_82_C,"ASN_81_C,LYS_83_C,HIS_86_C"
LYS_83_C,"ASN_82_C,LEU_84_C"
LEU_84_C,"LYS_83_C,GLN_85_C,ILE_318_C,LEU_319_C"
GLN_85_C,"LEU_84_C,HIS_86_C"
HIS_86_C,"ASN_82_C,GLN_85_C,LEU_87_C"
LEU_87_C,"HIS_86_C,ASN_88_C"
ASN_88_C,"LEU_87_C,ASN_89_C,MET_90_C,ASN_91_C"
ASN_89_C,"ASN_88_C,MET_90_C"
MET_90_C,"ASN_88_C,ASN_89_C,ASN_91_C,GLN_96_C"
ASN_91_C,"ASN_88_C,MET_90_C,ASN_92_C"
ASN_92_C,"ASN_91_C,TRP_93_C"
TRP_93_C,"ASN_92_C,ASN_94_C"
ASN_94_C,"TRP_93_C,THR_95_C,ASN_142_C"
THR_95_C,"ASN_94_C,GLN_96_C,ILE_97_C"
GLN_96_C,"MET_90_C,THR_95_C,ILE_97_C,ASN_142_C,HIS_144_C"
ILE_97_C,"THR_95_C,GLN_96_C,TYR_98_C,ASN_108_C,HIS_144_C"
TYR_98_C,"ILE_97_C,ASN_99_C"
ASN_99_C,"TYR_98_C,TYR_100_C,LYS_102_C"
TYR_100_C,"ASN_99_C,ASN_101_C"
ASN_101_C,"TYR_100_C,LYS_102_C"
LYS_102_C,"ASN_99_C,ASN_101_C,ASN_103_C,GLU_105_C,ILE_106_C"
ASN_103_C,"LYS_102_C,MET_104_C,MET_107_C"
MET_104_C,"ASN_103_C,GLU_105_C,ASN_108_C"
GLU_105_C,"LYS_102_C,MET_104_C,ILE_106_C,THR_109_C"
ILE_106_C,"LYS_102_C,GLU_105_C,MET_107_C"
MET_107_C,"ASN_103_C,ILE_106_C,ASN_108_C,ASN_111_C"
ASN_108_C,"ILE_97_C,MET_104_C,MET_107_C,THR_109_C,ASP_112_C"
THR_109_C,"GLU_105_C,ASN_108_C,MET_110_C"
MET_110_C,"THR_109_C,ASN_111_C,LEU_114_C"
ASN_111_C,"MET_107_C,MET_110_C,ASP_112_C,ILE_115_C,TYR_199_C"
ASP_112_C,"ASN_108_C,ASN_111_C,LYS_113_C,ASN_116_C,HIS_144_C,TYR_199_C"
LYS_113_C,"ASP_112_C,LEU_114_C"
LEU_114_C,"MET_110_C,LYS_113_C,ILE_115_C,LEU_118_C"
ILE_115_C,"ASN_111_C,LEU_114_C,ASN_116_C,LEU_119_C,LEU_195_C"
ASN_116_C,"ASP_112_C,ILE_115_C,LYS_117_C,TYR_120_C"
LYS_117_C,"ASN_116_C,LEU_118_C"
LEU_118_C,"LEU_114_C,LYS_117_C,LEU_119_C,LYS_121_C,MET_122_C"
LEU_119_C,"ILE_115_C,LEU_118_C,TYR_120_C,MET_122_C,THR_140_C,MET_183_C"
TYR_120_C,"ASN_116_C,LEU_119_C,LYS_121_C,MET_137_C"
LYS_121_C,"LEU_118_C,TYR_120_C,MET_122_C"
MET_122_C,"LEU_118_C,LEU_119_C,LYS_121_C,MET_123_C,ILE_182_C"
MET_123_C,"MET_122_C,THR_124_C,ILE_135_C,MET_137_C,LEU_179_C,MET_183_C"
THR_124_C,"MET_123_C,LEU_125_C"
LEU_125_C,"THR_124_C,LYS_126_C,ASN_133_C,ILE_135_C,MET_175_C"
LYS_126_C,"LEU_125_C,LEU_127_C,ILE_132_C"
LEU_127_C,"LYS_126_C,ASN_128_C,ASN_131_C"
ASN_128_C,"LEU_127_C,ASN_129_C"
ASN_129_C,"ASN_128_C,MET_130_C"
MET_130_C,"ASN_129_C,ASN_131_C"
ASN_131_C,"LEU_127_C,MET_130_C,ILE_132_C"
ILE_132_C,"LYS_126_C,ASN_131_C,ASN_133_C"
ASN_133_C,"LEU_125_C,ILE_132_C,LYS_134_C,MET_175_C"
LYS_134_C,"ASN_133_C,ILE_135_C"
ILE_135_C,"MET_123_C,LEU_125_C,LYS_134_C,ILE_136_C"
ILE_136_C,"ILE_135_C,MET_137_C,TYR_156_C,LYS_222_C"
MET_137_C,"TYR_120_C,MET_123_C,ILE_136_C,SER_138_C,THR_140_C"
SER_138_C,"MET_137_C,LYS_139_C,TYR_154_C"
LYS_139_C,"SER_138_C,THR_140_C,ASP_218_C"
THR_140_C,"LEU_119_C,MET_137_C,LYS_139_C,ILE_141_C"
ILE_141_C,"THR_140_C,ASN_142_C,LYS_152_C"
ASN_142_C,"ASN_94_C,GLN_96_C,ILE_141_C,GLN_143_C"
GLN_143_C,"ASN_142_C,HIS_144_C,ASN_150_C"
HIS_144_C,"GLN_96_C,ILE_97_C,ASP_112_C,GLN_143_C,SER_145_C,LYS_201_C"
SER_145_C,"HIS_144_C,LEU_146_C,LYS_148_C"
LEU_146_C,"SER_145_C,ASN_147_C"
ASN_147_C,"LEU_146_C,LYS_148_C"
LYS_148_C,"SER_145_C,ASN_147_C,LEU_149_C,LYS_202_C"
LEU_149_C,"LYS_148_C,ASN_150_C,TYR_199_C,LYS_202_C,THR_204_C"
ASN_150_C,"GLN_143_C,LEU_149_C,ILE_151_C,THR_204_C,GLU_206_C"
ILE_151_C,"ASN_150_C,LYS_152_C,LEU_195_C,VAL_203_C,THR_204_C,GLU_206_C"
LYS_152_C,"ILE_141_C,ILE_151_C,PHE_153_C,GLU_206_C,ILE_208_C"
PHE_153_C,"LYS_152_C,TYR_154_C,MET_183_C,ILE_205_C,GLU_206_C,PRO_207_C,ILE_208_C"
TYR_154_C,"SER_138_C,PHE_153_C,TYR_155_C,ILE_208_C,LEU_210_C"
TYR_155_C,"TYR_154_C,TYR_156_C,MET_180_C,PRO_207_C,ILE_208_C,LEU_210_C"
TYR_156_C,"ILE_136_C,TYR_155_C,ASN_157_C,ILE_213_C"
ASN_157_C,"TYR_156_C,ASN_158_C"
ASN_158_C,ASN_157_C
ASN_168_C,ASN_169_C
ASN_169_C,"ASN_168_C,ASN_170_C"
ASN_170_C,"ASN_169_C,TYR_171_C"
TYR_171_C,"ASN_170_C,TYR_172_C"
TYR_172_C,"TYR_171_C,MET_173_C"
MET_173_C,"TYR_172_C,ASN_174_C"
ASN_174_C,"MET_173_C,MET_175_C"
MET_175_C,"LEU_125_C,ASN_133_C,ASN_174_C,MET_176_C,LEU_179_C"
MET_176_C,"MET_175_C,ASN_177_C"
ASN_177_C,"MET_176_C,LYS_178_C,ASN_181_C"
LYS_178_C,"ASN_177_C,LEU_179_C,ILE_182_C"
LEU_179_C,"MET_123_C,MET_175_C,LYS_178_C,MET_180_C"
MET_180_C,"TYR_155_C,LEU_179_C,ASN_181_C,MET_183_C"
ASN_181_C,"ASN_177_C,MET_180_C,ILE_182_C,ASN_185_C,ASN_186_C"
ILE_182_C,"MET_122_C,LYS_178_C,ASN_181_C,MET_183_C,LEU_191_C"
MET_183_C,"LEU_119_C,MET_123_C,PHE_153_C,MET_180_C,ILE_182_C,ASN_184_C"
ASN_184_C,"MET_183_C,ASN_185_C,ILE_205_C"
ASN_185_C,"ASN_181_C,ASN_184_C,ASN_186_C"
ASN_186_C,"ASN_181_C,ASN_185_C,MET_187_C,ASN_190_C"
MET_187_C,"ASN_186_C,ASN_188_C"
ASN_188_C,"MET_187_C,ASN_189_C"
ASN_189_C,"ASN_188_C,ASN_190_C"
ASN_190_C,"ASN_186_C,ASN_189_C,LEU_191_C,CYS_192_C,ASN_193_C"
LEU_191_C,"ILE_182_C,ASN_190_C,CYS_192_C,LEU_195_C"
CYS_192_C,"ASN_190_C,LEU_191_C,ASN_193_C,SER_196_C"
ASN_193_C,"ASN_190_C,CYS_192_C,ILE_194_C"
ILE_194_C,"ASN_193_C,LEU_195_C,TYR_198_C"
LEU_195_C,"ILE_115_C,ILE_151_C,LEU_191_C,ILE_194_C,SER_196_C,TYR_199_C"
SER_196_C,"CYS_192_C,LEU_195_C,TYR_197_C,LYS_200_C"
TYR_197_C,"SER_196_C,TYR_198_C"
TYR_198_C,"ILE_194_C,TYR_197_C,TYR_199_C"
TYR_199_C,"ASN_111_C,ASP_112_C,LEU_149_C,LEU_195_C,TYR_198_C,LYS_200_C"
LYS_200_C,"SER_196_C,TYR_199_C,LYS_201_C"
LYS_201_C,"HIS_144_C,LYS_200_C,LYS_202_C"
LYS_202_C,"LYS_148_C,LEU_149_C,LYS_201_C,VAL_203_C"
VAL_203_C,"ILE_151_C,LYS_202_C,THR_204_C"
THR_204_C,"LEU_149_C,ASN_150_C,ILE_151_C,VAL_203_C,ILE_205_C"
ILE_205_C,"PHE_153_C,ASN_184_C,THR_204_C,GLU_206_C"
GLU_206_C,"ASN_150_C,ILE_151_C,LYS_152_C,PHE_153_C,ILE_205_C"
PRO_207_C,"PHE_153_C,TYR_155_C,ILE_208_C"
ILE_208_C,"LYS_152_C,PHE_153_C,TYR_154_C,TYR_155_C,PRO_207_C,LYS_209_C"
LYS_209_C,"ILE_208_C,LEU_210_C"
LEU_210_C,"TYR_154_C,TYR_155_C,LYS_209_C,SER_211_C,ASN_216_C"
SER_211_C,"LEU_210_C,TYR_212_C"
TYR_212_C,"SER_211_C,ILE_213_C,LEU_215_C"
ILE_213_C,"TYR_156_C,TYR_212_C,TYR_214_C,PHE_220_C,TYR_223_C"
TYR_214_C,"ILE_213_C,LEU_215_C"
LEU_215_C,"TYR_212_C,TYR_214_C,ASN_216_C"
ASN_216_C,"LEU_210_C,LEU_215_C,SER_217_C,PHE_220_C"
SER_217_C,"ASN_216_C,ASP_218_C,SER_221_C"
ASP_218_C,"LYS_139_C,SER_217_C,ILE_219_C,LYS_222_C"
ILE_219_C,"ASP_218_C,PHE_220_C,TYR_223_C"
PHE_220_C,"ILE_213_C,ASN_216_C,ILE_219_C,SER_221_C,ILE_224_C,ILE_329_C,VAL_393_C"
SER_221_C,"SER_217_C,PHE_220_C,LYS_222_C,SER_225_C"
LYS_222_C,"ILE_136_C,ASP_218_C,SER_221_C,TYR_223_C"
TYR_223_C,"ILE_213_C,ILE_219_C,LYS_222_C,ILE_224_C"
ILE_224_C,"PHE_220_C,TYR_223_C,SER_225_C,ILE_329_C,VAL_393_C"
SER_225_C,"SER_221_C,ILE_224_C,LEU_226_C"
LEU_226_C,SER_225_C
ASP_253_C,"HIS_254_C,SER_257_C"
HIS_254_C,"ASP_253_C,ASN_255_C,MET_258_C"
ASN_255_C,"HIS_254_C,ILE_256_C,ASN_259_C"
ILE_256_C,"ASN_255_C,SER_257_C,TYR_260_C,TYR_323_C"
SER_257_C,"ASP_253_C,ILE_256_C,MET_258_C,ILE_261_C"
MET_258_C,"HIS_254_C,SER_257_C,ASN_259_C,ASN_262_C"
ASN_259_C,"ASN_255_C,MET_258_C,TYR_260_C,ASN_263_C"
TYR_260_C,"ILE_256_C,ASN_259_C,ILE_261_C,ILE_264_C,ILE_318_C"
ILE_261_C,"SER_257_C,TYR_260_C,ASN_262_C,ASN_265_C"
ASN_262_C,"MET_258_C,ILE_261_C,ASN_263_C,ASN_266_C"
ASN_263_C,"ASN_259_C,ASN_262_C,ILE_264_C,ILE_267_C"
ILE_264_C,"TYR_260_C,ASN_263_C,ASN_265_C,ASN_268_C"
ASN_265_C,"ILE_261_C,ILE_264_C,ASN_266_C,ASN_269_C"
ASN_266_C,"ASN_262_C,ASN_265_C,ILE_267_C,ASN_270_C"
ILE_267_C,"ASN_263_C,ASN_266_C,ASN_268_C,MET_309_C,ILE_318_C"
ASN_268_C,"ILE_264_C,ILE_267_C,ASN_269_C,TYR_272_C"
ASN_269_C,"ASN_265_C,ASN_268_C,ASN_270_C,ASN_273_C"
ASN_270_C,"ASN_266_C,ASN_269_C,LYS_271_C,ASN_274_C"
LYS_271_C,"ASN_61_C,ASN_270_C,TYR_272_C,MET_275_C"
TYR_272_C,"ASN_268_C,LYS_271_C,ASN_273_C,ILE_276_C"
ASN_273_C,"ASN_269_C,TYR_272_C,ASN_274_C,ASN_277_C"
ASN_274_C,"ASN_270_C,ASN_273_C,MET_275_C,LEU_278_C"
MET_275_C,"LEU_57_C,MET_62_C,LYS_271_C,ASN_274_C,ILE_276_C,LEU_279_C"
ILE_276_C,"TYR_272_C,MET_275_C,ASN_277_C,ASN_280_C"
ASN_277_C,"ASN_273_C,ILE_276_C,LEU_278_C,ASN_281_C"
LEU_278_C,"ASN_274_C,ASN_277_C,LEU_279_C,ASN_304_C"
LEU_279_C,"MET_56_C,LEU_57_C,MET_275_C,LEU_278_C,ASN_280_C"
ASN_280_C,"ILE_276_C,LEU_279_C,ASN_281_C"
ASN_281_C,"ASN_277_C,ASN_280_C"
ASN_296_C,"ARG_55_C,ASN_297_C"
ASN_297_C,"ASN_60_C,ASN_296_C,TYR_298_C"
TYR_298_C,"ASN_297_C,ILE_299_C"
ILE_299_C,"ASN_60_C,TYR_298_C,GLY_300_C"
GLY_300_C,"ILE_299_C,ASN_301_C"
ASN_301_C,"GLY_300_C,ILE_302_C"
ILE_302_C,"ASN_301_C,ASN_303_C,TYR_306_C"
ASN_303_C,"ILE_302_C,ASN_304_C"
ASN_304_C,"LEU_278_C,ASN_303_C,ILE_305_C"
ILE_305_C,"ASN_304_C,TYR_306_C"
TYR_306_C,"ILE_302_C,ILE_305_C,ASN_307_C"
ASN_307_C,"TYR_306_C,ASN_308_C"
ASN_308_C,"ASN_307_C,MET_309_C"
MET_309_C,"ILE_267_C,ASN_308_C,THR_310_C,ILE_314_C"
THR_310_C,"MET_309_C,ILE_311_C,ASN_313_C"
ILE_311_C,"THR_310_C,ASP_312_C"
ASP_312_C,"ILE_311_C,ASN_313_C"
ASN_313_C,"THR_310_C,ASP_312_C,ILE_314_C"
ILE_314_C,"MET_309_C,ASN_313_C"
PRO_315_C,MET_316_C
MET_316_C,"PRO_315_C,ASP_317_C,LYS_322_C"
ASP_317_C,"MET_316_C,ILE_318_C,LYS_322_C"
ILE_318_C,"LEU_84_C,TYR_260_C,ILE_267_C,ASP_317_C,LEU_319_C"
LEU_319_C,"LEU_84_C,ILE_318_C,MET_320_C,LYS_322_C"
MET_320_C,"LEU_319_C,TYR_321_C"
TYR_321_C,"MET_320_C,LYS_322_C"
LYS_322_C,"MET_316_C,ASP_317_C,LEU_319_C,TYR_321_C,TYR_323_C"
TYR_323_C,"ILE_256_C,LYS_322_C,LEU_324_C,ILE_398_C"
LEU_324_C,"TYR_323_C,VAL_325_C,TRP_327_C,LEU_395_C,PHE_397_C"
VAL_325_C,"LEU_324_C,GLY_326_C,ASN_396_C,ILE_398_C"
GLY_326_C,"VAL_325_C,TRP_327_C,ASN_396_C"
TRP_327_C,"LEU_324_C,GLY_326_C,SER_328_C"
SER_328_C,"TRP_327_C,ILE_329_C"
ILE_329_C,"PHE_220_C,ILE_224_C,SER_328_C"
VAL_393_C,"PHE_220_C,ILE_224_C,LYS_394_C,LEU_395_C"
LYS_394_C,"VAL_393_C,LEU_395_C"
LEU_395_C,"LEU_324_C,VAL_393_C,LYS_394_C,ASN_396_C,PHE_397_C"
ASN_396_C,"VAL_325_C,GLY_326_C,LEU_395_C,PHE_397_C"
PHE_397_C,"LEU_324_C,LEU_395_C,ASN_396_C,ILE_398_C"
ILE_398_C,"TYR_323_C,VAL_325_C,PHE_397_C"
