residue_id,neighbors
SER_2_d,ASP_3_d
ASP_3_d,"SER_2_d,ALA_4_d"
ALA_4_d,"ASP_3_d,VAL_5_d"
VAL_5_d,"ALA_4_d,THR_6_d,VAL_35_d"
THR_6_d,"VAL_5_d,ILE_7_d"
ILE_7_d,"THR_6_d,ARG_8_d,VAL_25_d,LEU_40_d,LYS_43_d"
ARG_8_d,"ILE_7_d,THR_9_d,ARG_10_d,ASP_26_d"
THR_9_d,"ARG_8_d,ARG_10_d,PHE_23_d,LEU_44_d,TYR_48_d"
ARG_10_d,"ARG_8_d,THR_9_d,LYS_11_d,VAL_24_d,ASP_26_d"
LYS_11_d,"ARG_10_d,VAL_12_d,VAL_24_d"
VAL_12_d,"LYS_11_d,ILE_13_d,PHE_23_d"
ILE_13_d,"VAL_12_d,SER_14_d,GLN_22_d"
SER_14_d,"ILE_13_d,ASN_15_d"
ASN_15_d,"SER_14_d,ALA_19_d"
PRO_16_d,LEU_17_d
LEU_17_d,"PRO_16_d,LEU_18_d"
LEU_18_d,"LEU_17_d,ALA_19_d,PHE_85_d"
ALA_19_d,"ASN_15_d,LEU_18_d,ARG_20_d"
ARG_20_d,"ALA_19_d,LYS_21_d,TYR_76_d,GLU_86_d"
LYS_21_d,"ARG_20_d,GLN_22_d,VAL_75_d"
GLN_22_d,"ILE_13_d,LYS_21_d,PHE_23_d,LEU_74_d"
PHE_23_d,"THR_9_d,VAL_12_d,GLN_22_d,VAL_24_d,GLY_73_d"
VAL_24_d,"ARG_10_d,LYS_11_d,PHE_23_d,VAL_25_d,VAL_70_d"
VAL_25_d,"ILE_7_d,VAL_24_d,ASP_26_d,PHE_60_d,GLY_71_d"
ASP_26_d,"ARG_8_d,ARG_10_d,VAL_25_d,VAL_27_d"
VAL_27_d,"ASP_26_d,LEU_28_d"
LEU_28_d,"VAL_27_d,HIS_29_d,LYS_68_d"
HIS_29_d,LEU_28_d
PRO_30_d,ASN_31_d
ASN_31_d,"PRO_30_d,ARG_32_d"
ARG_32_d,"ASN_31_d,ALA_33_d,GLU_39_d"
ALA_33_d,"ARG_32_d,ASN_34_d"
ASN_34_d,"ALA_33_d,VAL_35_d,THR_62_d"
VAL_35_d,"VAL_5_d,ASN_34_d,SER_36_d,LEU_40_d"
SER_36_d,"VAL_35_d,LYS_37_d,ASP_38_d"
LYS_37_d,"SER_36_d,ASP_38_d,ARG_41_d,VAL_57_d,ARG_93_d"
ASP_38_d,"SER_36_d,LYS_37_d,GLU_39_d,GLU_42_d,LYS_52_d"
GLU_39_d,"ARG_32_d,ASP_38_d,LEU_40_d,LYS_43_d"
LEU_40_d,"ILE_7_d,VAL_35_d,GLU_39_d,ARG_41_d,LEU_44_d,PHE_60_d"
ARG_41_d,"LYS_37_d,LEU_40_d,GLU_42_d,ALA_45_d,LYS_52_d,ASP_53_d,VAL_55_d"
GLU_42_d,"ASP_38_d,ARG_41_d,LYS_43_d,LYS_52_d"
LYS_43_d,"ILE_7_d,GLU_39_d,GLU_42_d,LEU_44_d,VAL_47_d"
LEU_44_d,"THR_9_d,LEU_40_d,LYS_43_d,ALA_45_d,TYR_48_d"
ALA_45_d,"ARG_41_d,LEU_44_d,GLU_46_d,LYS_49_d"
GLU_46_d,"ALA_45_d,VAL_47_d"
VAL_47_d,"LYS_43_d,GLU_46_d,TYR_48_d"
TYR_48_d,"THR_9_d,LEU_44_d,VAL_47_d,LYS_49_d"
LYS_49_d,"ALA_45_d,TYR_48_d,ALA_50_d"
ALA_50_d,"LYS_49_d,GLU_51_d"
GLU_51_d,"ALA_50_d,LYS_52_d,ASP_53_d"
LYS_52_d,"ASP_38_d,ARG_41_d,GLU_42_d,GLU_51_d,ASP_53_d"
ASP_53_d,"ARG_41_d,GLU_51_d,LYS_52_d,ALA_54_d,VAL_79_d"
ALA_54_d,"ASP_53_d,VAL_55_d,TYR_76_d"
VAL_55_d,"ARG_41_d,ALA_54_d,SER_56_d,VAL_75_d"
SER_56_d,"VAL_55_d,VAL_57_d,LEU_74_d,TYR_94_d"
VAL_57_d,"LYS_37_d,SER_56_d,PHE_58_d,PHE_60_d,TYR_94_d"
PHE_58_d,"VAL_57_d,GLY_59_d,PHE_72_d"
GLY_59_d,"PHE_58_d,PHE_60_d"
PHE_60_d,"VAL_25_d,LEU_40_d,VAL_57_d,GLY_59_d,ARG_61_d"
ARG_61_d,"PHE_60_d,THR_62_d"
THR_62_d,"ASN_34_d,ARG_61_d,GLN_63_d"
GLN_63_d,"THR_62_d,PHE_64_d,LYS_68_d"
PHE_64_d,"GLN_63_d,GLY_65_d"
GLY_65_d,"PHE_64_d,GLY_66_d"
GLY_66_d,"GLY_65_d,GLY_67_d"
GLY_67_d,"GLY_66_d,LYS_68_d"
LYS_68_d,"LEU_28_d,GLN_63_d,GLY_67_d,SER_69_d"
SER_69_d,"LYS_68_d,VAL_70_d"
VAL_70_d,"VAL_24_d,SER_69_d,GLY_71_d"
GLY_71_d,"VAL_25_d,VAL_70_d,PHE_72_d"
PHE_72_d,"PHE_58_d,GLY_71_d,GLY_73_d"
GLY_73_d,"PHE_23_d,PHE_72_d,LEU_74_d"
LEU_74_d,"GLN_22_d,SER_56_d,GLY_73_d,VAL_75_d"
VAL_75_d,"LYS_21_d,VAL_55_d,LEU_74_d,TYR_76_d"
TYR_76_d,"ARG_20_d,ALA_54_d,VAL_75_d,ASN_77_d,ALA_82_d,GLU_86_d"
ASN_77_d,"TYR_76_d,SER_78_d"
SER_78_d,"ASN_77_d,VAL_79_d"
VAL_79_d,"ASP_53_d,SER_78_d,ALA_80_d,LYS_83_d"
ALA_80_d,"VAL_79_d,GLU_81_d"
GLU_81_d,"ALA_80_d,ALA_82_d,LYS_84_d"
ALA_82_d,"TYR_76_d,GLU_81_d,LYS_83_d,GLU_86_d"
LYS_83_d,"VAL_79_d,ALA_82_d,LYS_84_d"
LYS_84_d,"GLU_81_d,LYS_83_d,PHE_85_d"
PHE_85_d,"LEU_18_d,LYS_84_d,GLU_86_d"
GLU_86_d,"ARG_20_d,TYR_76_d,ALA_82_d,PHE_85_d,ARG_90_d,LEU_91_d"
PRO_87_d,"THR_88_d,TYR_89_d"
THR_88_d,"PRO_87_d,TYR_89_d,VAL_92_d"
TYR_89_d,"PRO_87_d,THR_88_d,ARG_90_d,ARG_93_d"
ARG_90_d,"GLU_86_d,TYR_89_d,LEU_91_d,ARG_93_d,TYR_94_d"
LEU_91_d,"GLU_86_d,ARG_90_d,VAL_92_d,GLY_95_d,LEU_96_d"
VAL_92_d,"THR_88_d,LEU_91_d,ARG_93_d,LYS_99_d"
ARG_93_d,"LYS_37_d,TYR_89_d,ARG_90_d,VAL_92_d,TYR_94_d"
TYR_94_d,"SER_56_d,VAL_57_d,ARG_90_d,ARG_93_d,GLY_95_d"
GLY_95_d,"LEU_91_d,TYR_94_d,LEU_96_d"
LEU_96_d,"LEU_91_d,GLY_95_d,ALA_97_d"
ALA_97_d,"LEU_96_d,GLU_98_d"
GLU_98_d,"ALA_97_d,LYS_99_d"
LYS_99_d,"VAL_92_d,GLU_98_d,VAL_100_d,GLU_101_d"
VAL_100_d,"LYS_99_d,GLU_101_d"
GLU_101_d,"LYS_99_d,VAL_100_d,LYS_102_d"
LYS_102_d,"GLU_101_d,ALA_103_d,ARG_108_d"
ALA_103_d,"LYS_102_d,SER_104_d"
SER_104_d,"ALA_103_d,ARG_105_d"
ARG_105_d,"SER_104_d,GLN_106_d,ARG_108_d,LYS_109_d"
GLN_106_d,"ARG_105_d,GLN_107_d,GLN_110_d"
GLN_107_d,"GLN_106_d,ARG_108_d,LYS_111_d"
ARG_108_d,"LYS_102_d,ARG_105_d,GLN_107_d,LYS_109_d,LYS_112_d"
LYS_109_d,"ARG_105_d,ARG_108_d,GLN_110_d,ASN_113_d"
GLN_110_d,"GLN_106_d,LYS_109_d,LYS_111_d,ARG_114_d"
LYS_111_d,"GLN_107_d,GLN_110_d,LYS_112_d,ASP_115_d"
LYS_112_d,"ARG_108_d,LYS_111_d,ASN_113_d,LYS_116_d"
ASN_113_d,"LYS_109_d,LYS_112_d,ARG_114_d"
ARG_114_d,"GLN_110_d,ASN_113_d,ASP_115_d"
ASP_115_d,"LYS_111_d,ARG_114_d,LYS_116_d"
LYS_116_d,"LYS_112_d,ASP_115_d,LYS_117_d"
LYS_117_d,"LYS_116_d,ILE_118_d"
ILE_118_d,"LYS_117_d,PHE_119_d"
PHE_119_d,"ILE_118_d,GLY_120_d"
GLY_120_d,"PHE_119_d,THR_121_d"
THR_121_d,"GLY_120_d,GLY_122_d"
GLY_122_d,"THR_121_d,LYS_123_d"
LYS_123_d,"GLY_122_d,ARG_124_d,LYS_127_d"
ARG_124_d,"LYS_123_d,LEU_125_d,LYS_128_d"
LEU_125_d,"ARG_124_d,ALA_126_d,VAL_129_d"
ALA_126_d,"LEU_125_d,LYS_127_d,ALA_130_d"
LYS_127_d,"LYS_123_d,ALA_126_d,LYS_128_d,ARG_131_d"
LYS_128_d,"ARG_124_d,LYS_127_d,VAL_129_d,ARG_132_d"
VAL_129_d,"LEU_125_d,LYS_128_d,ALA_130_d,ASN_133_d"
ALA_130_d,"ALA_126_d,VAL_129_d,ARG_131_d"
ARG_131_d,"LYS_127_d,ALA_130_d,ARG_132_d,ASP_135_d"
ARG_132_d,"LYS_128_d,ARG_131_d,ASN_133_d,ASP_135_d"
ASN_133_d,"VAL_129_d,ARG_132_d,ALA_134_d"
ALA_134_d,"ASN_133_d,ASP_135_d"
ASP_135_d,"ARG_131_d,ARG_132_d,ALA_134_d"
