residue_id,neighbors
SER_137_B,MET_138_B
MET_138_B,"SER_137_B,LEU_189_B"
PRO_139_B,"ALA_140_B,GLN_144_B,ARG_145_B"
ALA_140_B,"PRO_139_B,TYR_141_B"
TYR_141_B,"ALA_140_B,ALA_142_B,GLN_144_B,PHE_449_B,GLU_453_B"
ALA_142_B,"TYR_141_B,CYS_143_B,ALA_496_B"
CYS_143_B,"ALA_142_B,GLN_144_B,LEU_446_B"
GLN_144_B,"PRO_139_B,TYR_141_B,CYS_143_B,ARG_145_B"
ARG_145_B,"PRO_139_B,GLN_144_B,GLU_445_B"
PRO_146_B,SER_147_B
SER_147_B,"PRO_146_B,GLN_493_B,ASN_495_B"
PRO_148_B,LEU_149_B
LEU_149_B,"PRO_148_B,THR_150_B"
THR_150_B,"LEU_149_B,HIS_151_B"
HIS_151_B,"THR_150_B,HIS_152_B,ASN_153_B"
HIS_152_B,"HIS_151_B,ASN_153_B,PRO_192_B"
ASN_153_B,"HIS_151_B,HIS_152_B,THR_154_B,SER_157_B,VAL_193_B"
THR_154_B,"ASN_153_B,LEU_155_B,GLU_158_B"
LEU_155_B,"THR_154_B,LEU_156_B"
LEU_156_B,"LEU_155_B,SER_157_B,VAL_193_B,LEU_216_B"
SER_157_B,"ASN_153_B,LEU_156_B,GLU_158_B"
GLU_158_B,"THR_154_B,SER_157_B,ALA_159_B,THR_162_B,ARG_229_B"
ALA_159_B,"GLU_158_B,LEU_160_B,LEU_216_B"
LEU_160_B,"ALA_159_B,GLU_161_B,ALA_164_B"
GLU_161_B,"LEU_160_B,THR_162_B,GLU_165_B,ALA_183_B,LYS_187_B"
THR_162_B,"GLU_158_B,GLU_161_B,LEU_163_B,ALA_166_B,ARG_229_B"
LEU_163_B,"THR_162_B,ALA_164_B,ALA_167_B"
ALA_164_B,"LEU_160_B,LEU_163_B,GLU_165_B,GLY_168_B,PHE_179_B"
GLU_165_B,"GLU_161_B,ALA_164_B,ALA_166_B,PHE_169_B,TYR_234_B,LYS_238_B"
ALA_166_B,"THR_162_B,GLU_165_B,ALA_167_B"
ALA_167_B,"LEU_163_B,ALA_166_B,GLY_168_B,GLU_170_B,ARG_175_B"
GLY_168_B,"ALA_164_B,ALA_167_B,PHE_169_B,ALA_171_B"
PHE_169_B,"GLU_165_B,GLY_168_B,GLU_170_B,ARG_233_B,TYR_234_B,MET_237_B,LYS_238_B"
GLU_170_B,"ALA_167_B,PHE_169_B,ALA_171_B,ARG_233_B"
ALA_171_B,"GLY_168_B,GLU_170_B,ASN_172_B"
ASN_172_B,"ALA_171_B,GLU_173_B,LEU_176_B"
GLU_173_B,"ASN_172_B,GLY_174_B,LEU_177_B,ARG_444_B"
GLY_174_B,"GLU_173_B,ARG_175_B"
ARG_175_B,"ALA_167_B,GLY_174_B,LEU_176_B"
LEU_176_B,"ASN_172_B,ARG_175_B,LEU_177_B,SER_180_B"
LEU_177_B,"GLU_173_B,LEU_176_B,SER_178_B,ARG_181_B"
SER_178_B,"LEU_177_B,PHE_179_B,ALA_182_B"
PHE_179_B,"ALA_164_B,SER_178_B,SER_180_B,ALA_183_B"
SER_180_B,"LEU_176_B,PHE_179_B,ARG_181_B,SER_184_B"
ARG_181_B,"LEU_177_B,SER_180_B,ALA_182_B,PHE_441_B,GLU_445_B,ARG_448_B"
ALA_182_B,"SER_178_B,ARG_181_B,ALA_183_B"
ALA_183_B,"GLU_161_B,PHE_179_B,ALA_182_B,SER_184_B"
SER_184_B,"SER_180_B,ALA_183_B,VAL_185_B"
VAL_185_B,"SER_184_B,LEU_186_B,SER_188_B,LEU_202_B,PHE_205_B"
LEU_186_B,"VAL_185_B,LYS_187_B,PHE_205_B"
LYS_187_B,"GLU_161_B,LEU_186_B,SER_188_B"
SER_188_B,"VAL_185_B,LYS_187_B,LEU_189_B"
LEU_189_B,"MET_138_B,SER_188_B,VAL_193_B"
PRO_190_B,CYS_191_B
CYS_191_B,PRO_190_B
PRO_192_B,"HIS_152_B,VAL_193_B"
VAL_193_B,"ASN_153_B,LEU_156_B,LEU_189_B,PRO_192_B,ALA_194_B"
ALA_194_B,"VAL_193_B,SER_195_B,GLN_198_B"
SER_195_B,"ALA_194_B,LEU_196_B,SER_197_B,GLN_198_B"
LEU_196_B,"SER_195_B,SER_197_B,LEU_199_B"
SER_197_B,"SER_195_B,LEU_196_B,GLN_198_B"
GLN_198_B,"ALA_194_B,SER_195_B,SER_197_B,LEU_199_B"
LEU_199_B,"LEU_196_B,GLN_198_B,HIS_200_B,LEU_202_B"
HIS_200_B,"LEU_199_B,GLY_201_B"
GLY_201_B,"HIS_200_B,LEU_202_B"
LEU_202_B,"VAL_185_B,LEU_199_B,GLY_201_B"
PRO_203_B,TYR_204_B
TYR_204_B,"PRO_203_B,PHE_205_B,ARG_448_B"
PHE_205_B,"VAL_185_B,LEU_186_B,TYR_204_B,GLY_206_B"
GLY_206_B,"PHE_205_B,GLU_207_B,THR_210_B"
GLU_207_B,"GLY_206_B,HIS_208_B,ARG_211_B"
HIS_208_B,"GLU_207_B,SER_209_B,ARG_211_B,GLU_224_B"
SER_209_B,"HIS_208_B,THR_210_B,ILE_213_B"
THR_210_B,"GLY_206_B,SER_209_B,ARG_211_B,GLN_214_B"
ARG_211_B,"GLU_207_B,HIS_208_B,THR_210_B,VAL_212_B,GLU_224_B"
VAL_212_B,"ARG_211_B,ILE_213_B"
ILE_213_B,"SER_209_B,VAL_212_B,GLN_214_B,LEU_217_B"
GLN_214_B,"THR_210_B,ILE_213_B,GLU_215_B,GLU_218_B"
GLU_215_B,"GLN_214_B,LEU_216_B,HIS_219_B,GLU_223_B"
LEU_216_B,"LEU_156_B,ALA_159_B,GLU_215_B,LEU_217_B,GLY_220_B"
LEU_217_B,"ILE_213_B,LEU_216_B,GLU_218_B"
GLU_218_B,"GLN_214_B,LEU_217_B,HIS_219_B"
HIS_219_B,"GLU_215_B,GLU_218_B,GLY_220_B"
GLY_220_B,"LEU_216_B,HIS_219_B,THR_221_B"
THR_221_B,"GLY_220_B,CYS_222_B"
CYS_222_B,"THR_221_B,GLU_223_B,VAL_225_B,LYS_226_B"
GLU_223_B,"GLU_215_B,CYS_222_B,GLU_224_B,LYS_226_B,GLN_227_B"
GLU_224_B,"HIS_208_B,ARG_211_B,GLU_223_B,VAL_225_B"
VAL_225_B,"CYS_222_B,GLU_224_B,LYS_226_B"
LYS_226_B,"CYS_222_B,GLU_223_B,VAL_225_B,GLN_227_B"
GLN_227_B,"GLU_223_B,LYS_226_B,VAL_228_B,SER_231_B"
VAL_228_B,"GLN_227_B,ARG_229_B,TYR_234_B"
ARG_229_B,"GLU_158_B,THR_162_B,VAL_228_B,CYS_230_B"
CYS_230_B,"ARG_229_B,SER_231_B,GLN_235_B"
SER_231_B,"GLN_227_B,CYS_230_B,GLU_232_B"
GLU_232_B,"SER_231_B,ARG_233_B,THR_236_B,ARG_260_B"
ARG_233_B,"PHE_169_B,GLU_170_B,GLU_232_B,TYR_234_B,MET_237_B"
TYR_234_B,"GLU_165_B,PHE_169_B,VAL_228_B,ARG_233_B,GLN_235_B,LYS_238_B"
GLN_235_B,"CYS_230_B,TYR_234_B,THR_236_B"
THR_236_B,"GLU_232_B,GLN_235_B,MET_237_B,LEU_239_B,PHE_240_B,TYR_255_B"
MET_237_B,"PHE_169_B,ARG_233_B,THR_236_B,LYS_238_B,THR_241_B,ALA_251_B"
LYS_238_B,"GLU_165_B,PHE_169_B,TYR_234_B,MET_237_B,LEU_239_B"
LEU_239_B,"THR_236_B,LYS_238_B,PHE_240_B"
PHE_240_B,"THR_236_B,LEU_239_B,THR_241_B,VAL_243_B,ALA_251_B,TRP_254_B,LEU_265_B"
THR_241_B,"MET_237_B,PHE_240_B,GLN_242_B,ALA_251_B"
GLN_242_B,"THR_241_B,VAL_243_B,TYR_283_B"
VAL_243_B,"PHE_240_B,GLN_242_B,PHE_244_B,VAL_246_B,TYR_283_B"
PHE_244_B,"VAL_243_B,GLY_245_B,GLN_275_B"
GLY_245_B,"PHE_244_B,VAL_246_B,GLN_276_B"
VAL_246_B,"VAL_243_B,GLY_245_B,GLY_247_B,TRP_254_B"
GLY_247_B,"VAL_246_B,VAL_248_B,ALA_251_B"
VAL_248_B,"GLY_247_B,LYS_249_B,ASN_252_B"
LYS_249_B,"VAL_248_B,THR_250_B"
THR_250_B,"LYS_249_B,ALA_251_B,ARG_253_B,TRP_254_B"
ALA_251_B,"MET_237_B,PHE_240_B,THR_241_B,GLY_247_B,THR_250_B,ASN_252_B,TYR_255_B"
ASN_252_B,"VAL_248_B,ALA_251_B,ARG_253_B"
ARG_253_B,"THR_250_B,ASN_252_B,TRP_254_B,GLU_257_B,ARG_271_B"
TRP_254_B,"PHE_240_B,VAL_246_B,THR_250_B,ARG_253_B,TYR_255_B,LEU_259_B,LEU_265_B"
TYR_255_B,"THR_236_B,ALA_251_B,TRP_254_B,GLN_256_B,GLY_258_B,ARG_260_B"
GLN_256_B,"TYR_255_B,GLU_257_B"
GLU_257_B,"ARG_253_B,GLN_256_B,GLY_258_B,ARG_271_B"
GLY_258_B,"TYR_255_B,GLU_257_B,LEU_259_B"
LEU_259_B,"TRP_254_B,GLY_258_B,ARG_260_B,GLU_264_B,LEU_265_B"
ARG_260_B,"GLU_232_B,TYR_255_B,LEU_259_B,THR_261_B"
THR_261_B,"ARG_260_B,LEU_262_B"
LEU_262_B,"THR_261_B,ASP_263_B,LEU_265_B,TYR_283_B"
ASP_263_B,"LEU_262_B,GLU_264_B,ARG_266_B"
GLU_264_B,"LEU_259_B,ASP_263_B,LEU_265_B,GLU_267_B"
LEU_265_B,"PHE_240_B,TRP_254_B,LEU_259_B,LEU_262_B,GLU_264_B,ARG_266_B"
ARG_266_B,"ASP_263_B,LEU_265_B,GLU_267_B"
GLU_267_B,"GLU_264_B,ARG_266_B,GLN_268_B"
GLN_268_B,"GLU_267_B,GLN_270_B,ARG_271_B"
PRO_269_B,GLN_270_B
GLN_270_B,"GLN_268_B,PRO_269_B,ARG_271_B"
ARG_271_B,"ARG_253_B,GLU_257_B,GLN_268_B,GLN_270_B,LEU_272_B"
LEU_272_B,"ARG_271_B,THR_273_B,LEU_280_B"
THR_273_B,"LEU_272_B,GLN_274_B,GLN_275_B,GLN_276_B,LYS_277_B"
GLN_274_B,"THR_273_B,GLN_275_B"
GLN_275_B,"PHE_244_B,THR_273_B,GLN_274_B,GLN_276_B,GLY_279_B"
GLN_276_B,"GLY_245_B,THR_273_B,GLN_275_B,LYS_277_B,GLY_279_B,LEU_280_B"
LYS_277_B,"THR_273_B,GLN_276_B,ALA_278_B"
ALA_278_B,"LYS_277_B,GLY_279_B"
GLY_279_B,"GLN_275_B,GLN_276_B,ALA_278_B,LEU_280_B"
LEU_280_B,"LEU_272_B,GLN_276_B,GLY_279_B,GLN_281_B"
GLN_281_B,"LEU_280_B,TYR_282_B"
TYR_282_B,"GLN_281_B,TYR_283_B,LEU_286_B,LEU_361_B,TRP_414_B,ALA_416_B"
TYR_283_B,"GLN_242_B,VAL_243_B,LEU_262_B,TYR_282_B,GLN_284_B"
GLN_284_B,"TYR_283_B,ASP_285_B,SER_287_B"
ASP_285_B,"GLN_284_B,LEU_286_B"
LEU_286_B,"TYR_282_B,ASP_285_B,SER_287_B"
SER_287_B,"GLN_284_B,LEU_286_B,THR_288_B"
THR_288_B,SER_287_B
PRO_289_B,VAL_290_B
VAL_290_B,"PRO_289_B,ARG_291_B,GLY_328_B,VAL_331_B"
ARG_291_B,"VAL_290_B,ARG_292_B,ASP_294_B,LYS_415_B"
ARG_292_B,"ARG_291_B,ALA_293_B,ALA_295_B,GLU_296_B"
ALA_293_B,"ARG_292_B,ASP_294_B"
ASP_294_B,"ARG_291_B,ALA_293_B,ALA_295_B,LEU_396_B,LYS_415_B"
ALA_295_B,"ARG_292_B,ASP_294_B,GLU_296_B,GLN_299_B,PHE_321_B"
GLU_296_B,"ARG_292_B,ALA_295_B,ALA_297_B"
ALA_297_B,"GLU_296_B,LEU_298_B"
LEU_298_B,"ALA_297_B,GLN_299_B,LEU_396_B,VAL_417_B"
GLN_299_B,"ALA_295_B,LEU_298_B,GLN_300_B"
GLN_300_B,"GLN_299_B,LEU_301_B,ILE_302_B,GLU_303_B,ALA_304_B"
LEU_301_B,"GLN_300_B,ILE_302_B,LEU_359_B"
ILE_302_B,"GLN_300_B,LEU_301_B,GLU_303_B"
GLU_303_B,"GLN_300_B,ILE_302_B,ALA_304_B,ARG_307_B,VAL_315_B"
ALA_304_B,"GLN_300_B,GLU_303_B,ALA_305_B,GLN_308_B"
ALA_305_B,"ALA_304_B,VAL_306_B,THR_309_B,VAL_350_B,CYS_353_B"
VAL_306_B,"ALA_305_B,ARG_307_B,LEU_310_B,ALA_313_B,VAL_315_B,ILE_335_B"
ARG_307_B,"GLU_303_B,VAL_306_B,GLN_308_B"
GLN_308_B,"ALA_304_B,ARG_307_B,THR_309_B"
THR_309_B,"ALA_305_B,GLN_308_B,LEU_310_B,LEU_346_B,LYS_349_B"
LEU_310_B,"VAL_306_B,THR_309_B"
PRO_311_B,GLY_312_B
GLY_312_B,"PRO_311_B,ALA_313_B"
ALA_313_B,"VAL_306_B,GLY_312_B,THR_314_B"
THR_314_B,"ALA_313_B,VAL_315_B,THR_336_B"
VAL_315_B,"GLU_303_B,VAL_306_B,THR_314_B,THR_316_B"
THR_316_B,"VAL_315_B,LEU_317_B,LEU_334_B"
LEU_317_B,"THR_316_B,THR_318_B,PHE_333_B"
THR_318_B,"LEU_317_B,GLY_319_B,LEU_433_B"
GLY_319_B,"THR_318_B,GLY_320_B,TRP_436_B"
GLY_320_B,"GLY_319_B,PHE_321_B,ARG_323_B"
PHE_321_B,"ALA_295_B,GLY_320_B,ARG_322_B"
ARG_322_B,"PHE_321_B,ARG_323_B,GLY_324_B,GLU_477_B,ARG_494_B"
ARG_323_B,"GLY_320_B,ARG_322_B,GLY_324_B,LYS_325_B,THR_437_B,ASN_495_B"
GLY_324_B,"ARG_322_B,ARG_323_B,LYS_325_B"
LYS_325_B,"ARG_323_B,GLY_324_B,LEU_326_B"
LEU_326_B,"LYS_325_B,GLN_327_B"
GLN_327_B,"LEU_326_B,GLY_328_B"
GLY_328_B,"VAL_290_B,GLN_327_B,HIS_329_B"
HIS_329_B,"GLY_328_B,ASP_330_B,ASP_332_B,ARG_418_B,ASP_420_B"
ASP_330_B,"HIS_329_B,VAL_331_B,ASP_332_B,ARG_418_B,ASP_420_B"
VAL_331_B,"VAL_290_B,ASP_330_B,ASP_332_B,PHE_333_B,ASP_420_B"
ASP_332_B,"HIS_329_B,ASP_330_B,VAL_331_B,PHE_333_B,ASP_420_B"
PHE_333_B,"LEU_317_B,VAL_331_B,ASP_332_B,LEU_334_B,ASP_420_B,LEU_421_B,VAL_422_B"
LEU_334_B,"THR_316_B,PHE_333_B,ILE_335_B,VAL_422_B,PHE_429_B,ALA_432_B"
ILE_335_B,"VAL_306_B,LEU_334_B,THR_336_B,LEU_346_B,VAL_422_B,THR_424_B"
THR_336_B,"THR_314_B,ILE_335_B,HIS_337_B,THR_424_B,SER_426_B,PHE_429_B"
HIS_337_B,"THR_336_B,GLU_339_B,SER_426_B"
PRO_338_B,"GLU_339_B,GLU_340_B,SER_426_B"
GLU_339_B,"HIS_337_B,PRO_338_B,GLU_340_B,GLY_341_B,GLN_342_B"
GLU_340_B,"PRO_338_B,GLU_339_B,GLY_341_B"
GLY_341_B,"GLU_339_B,GLU_340_B,GLN_342_B,GLU_343_B"
GLN_342_B,"GLU_339_B,GLY_341_B,GLU_343_B"
GLU_343_B,"GLY_341_B,GLN_342_B,VAL_344_B,GLY_345_B"
VAL_344_B,"GLU_343_B,GLY_345_B"
GLY_345_B,"GLU_343_B,VAL_344_B,LEU_346_B"
LEU_346_B,"THR_309_B,ILE_335_B,GLY_345_B,LEU_347_B,LYS_349_B,VAL_350_B"
LEU_347_B,"LEU_346_B,VAL_350_B,MET_351_B,PHE_387_B,VAL_423_B"
PRO_348_B,"LYS_349_B,SER_352_B,PHE_387_B"
LYS_349_B,"THR_309_B,LEU_346_B,PRO_348_B,VAL_350_B,SER_352_B"
VAL_350_B,"ALA_305_B,LEU_346_B,LEU_347_B,LYS_349_B,MET_351_B"
MET_351_B,"LEU_347_B,VAL_350_B,SER_352_B,GLN_355_B,HIS_363_B"
SER_352_B,"PRO_348_B,LYS_349_B,MET_351_B,CYS_353_B,GLN_355_B,SER_356_B"
CYS_353_B,"ALA_305_B,SER_352_B,LEU_354_B,SER_356_B,GLN_357_B"
LEU_354_B,"CYS_353_B,GLN_355_B"
GLN_355_B,"MET_351_B,SER_352_B,LEU_354_B,SER_356_B"
SER_356_B,"SER_352_B,CYS_353_B,GLN_355_B,GLN_357_B"
GLN_357_B,"CYS_353_B,SER_356_B,GLY_358_B"
GLY_358_B,"GLN_357_B,LEU_359_B"
LEU_359_B,"LEU_301_B,GLY_358_B,VAL_360_B,GLY_395_B"
VAL_360_B,"LEU_359_B,LEU_361_B,LEU_394_B"
LEU_361_B,"TYR_282_B,VAL_360_B,TYR_362_B,ILE_393_B"
TYR_362_B,"LEU_361_B,HIS_363_B"
HIS_363_B,"MET_351_B,TYR_362_B,GLN_364_B"
GLN_364_B,"HIS_363_B,TYR_365_B"
TYR_365_B,GLN_364_B
PHE_387_B,"LEU_347_B,PRO_348_B,GLU_388_B"
GLU_388_B,"PHE_387_B,ARG_389_B,VAL_423_B,HIS_461_B"
ARG_389_B,"GLU_388_B,SER_390_B,HIS_461_B"
SER_390_B,"ARG_389_B,PHE_391_B,LEU_421_B"
PHE_391_B,"SER_390_B,CYS_392_B,TRP_436_B"
CYS_392_B,"PHE_391_B,ILE_393_B,VAL_419_B"
ILE_393_B,"LEU_361_B,CYS_392_B,LEU_394_B"
LEU_394_B,"VAL_360_B,ILE_393_B,GLY_395_B,VAL_417_B"
GLY_395_B,"LEU_359_B,LEU_394_B,LEU_396_B"
LEU_396_B,"ASP_294_B,LEU_298_B,GLY_395_B,LYS_415_B"
PRO_397_B,GLN_398_B
GLN_398_B,"PRO_397_B,THR_413_B"
PRO_399_B,GLN_400_B
GLN_400_B,"PRO_399_B,GLN_401_B,THR_413_B"
GLN_401_B,"GLN_400_B,ALA_402_B"
ALA_402_B,GLN_401_B
GLY_406_B,ALA_407_B
ALA_407_B,"GLY_406_B,LEU_408_B"
LEU_408_B,ALA_407_B
PRO_410_B,CYS_411_B
CYS_411_B,PRO_410_B
PRO_412_B,THR_413_B
THR_413_B,"GLN_398_B,GLN_400_B,PRO_412_B,TRP_414_B"
TRP_414_B,"TYR_282_B,THR_413_B,LYS_415_B"
LYS_415_B,"ARG_291_B,ASP_294_B,LEU_396_B,TRP_414_B,ALA_416_B"
ALA_416_B,"TYR_282_B,LYS_415_B,VAL_417_B"
VAL_417_B,"LEU_298_B,LEU_394_B,ALA_416_B,ARG_418_B"
ARG_418_B,"HIS_329_B,ASP_330_B,VAL_417_B,VAL_419_B,ASP_420_B"
VAL_419_B,"CYS_392_B,ARG_418_B,ASP_420_B,LEU_421_B"
ASP_420_B,"HIS_329_B,ASP_330_B,VAL_331_B,ASP_332_B,PHE_333_B,ARG_418_B,VAL_419_B,LEU_421_B"
LEU_421_B,"PHE_333_B,SER_390_B,VAL_419_B,ASP_420_B,VAL_422_B"
VAL_422_B,"PHE_333_B,LEU_334_B,ILE_335_B,LEU_421_B,VAL_423_B,TRP_436_B"
VAL_423_B,"LEU_347_B,GLU_388_B,VAL_422_B,THR_424_B"
THR_424_B,"ILE_335_B,THR_336_B,VAL_423_B,PHE_429_B"
PRO_425_B,"SER_426_B,SER_427_B,GLN_428_B"
SER_426_B,"THR_336_B,HIS_337_B,PRO_338_B,PRO_425_B,SER_427_B"
SER_427_B,"PRO_425_B,SER_426_B,GLN_428_B"
GLN_428_B,"PRO_425_B,SER_427_B,PHE_429_B"
PHE_429_B,"LEU_334_B,THR_336_B,THR_424_B,GLN_428_B,LEU_433_B"
PRO_430_B,PHE_431_B
PHE_431_B,"PRO_430_B,ALA_432_B,LEU_463_B,ALA_474_B"
ALA_432_B,"LEU_334_B,PHE_431_B,LEU_433_B,TRP_436_B"
LEU_433_B,"THR_318_B,PHE_429_B,ALA_432_B,LEU_434_B,THR_437_B"
LEU_434_B,"LEU_433_B,GLY_435_B,LEU_446_B,PHE_481_B"
GLY_435_B,"LEU_434_B,TRP_436_B"
TRP_436_B,"GLY_319_B,PHE_391_B,VAL_422_B,ALA_432_B,GLY_435_B,THR_437_B"
THR_437_B,"ARG_323_B,LEU_433_B,TRP_436_B,GLY_438_B"
GLY_438_B,"THR_437_B,SER_439_B"
SER_439_B,"GLY_438_B,GLN_440_B,PHE_442_B,GLU_443_B,ALA_496_B"
GLN_440_B,"SER_439_B,PHE_441_B"
PHE_441_B,"ARG_181_B,GLN_440_B,PHE_442_B,GLU_445_B"
PHE_442_B,"SER_439_B,PHE_441_B,GLU_443_B,LEU_446_B,ARG_494_B"
GLU_443_B,"SER_439_B,PHE_442_B,ARG_444_B,ARG_447_B"
ARG_444_B,"GLU_173_B,GLU_443_B,GLU_445_B,ARG_448_B"
GLU_445_B,"ARG_145_B,ARG_181_B,PHE_441_B,ARG_444_B,LEU_446_B,ARG_448_B,PHE_449_B"
LEU_446_B,"CYS_143_B,LEU_434_B,PHE_442_B,GLU_445_B,ARG_447_B,SER_450_B,LEU_458_B,LEU_486_B"
ARG_447_B,"GLU_443_B,LEU_446_B,ARG_448_B"
ARG_448_B,"ARG_181_B,TYR_204_B,ARG_444_B,GLU_445_B,ARG_447_B,PHE_449_B,GLN_452_B"
PHE_449_B,"TYR_141_B,GLU_445_B,ARG_448_B,SER_450_B,ARG_451_B,GLU_453_B,LEU_486_B"
SER_450_B,"LEU_446_B,PHE_449_B,ARG_451_B,LEU_456_B"
ARG_451_B,"PHE_449_B,SER_450_B,GLN_452_B,GLU_453_B,GLY_455_B"
GLN_452_B,"ARG_448_B,ARG_451_B,GLU_453_B"
GLU_453_B,"TYR_141_B,PHE_449_B,ARG_451_B,GLN_452_B,LYS_454_B"
LYS_454_B,"GLU_453_B,GLY_455_B,LEU_456_B,LEU_484_B"
GLY_455_B,"ARG_451_B,LYS_454_B,LEU_456_B"
LEU_456_B,"SER_450_B,LYS_454_B,GLY_455_B,TRP_457_B,LEU_463_B,ASP_465_B"
TRP_457_B,"LEU_456_B,LEU_458_B,PHE_464_B"
LEU_458_B,"LEU_446_B,TRP_457_B,ASN_459_B,LEU_463_B"
ASN_459_B,"LEU_458_B,SER_460_B,HIS_461_B,GLY_462_B"
SER_460_B,"ASN_459_B,HIS_461_B"
HIS_461_B,"GLU_388_B,ARG_389_B,ASN_459_B,SER_460_B,GLY_462_B"
GLY_462_B,"ASN_459_B,HIS_461_B,LEU_463_B"
LEU_463_B,"PHE_431_B,LEU_456_B,LEU_458_B,GLY_462_B,PHE_464_B"
PHE_464_B,"TRP_457_B,LEU_463_B,ASP_465_B"
ASP_465_B,"LEU_456_B,PHE_464_B,GLN_468_B"
PRO_466_B,"GLU_467_B,GLN_468_B"
GLU_467_B,"PRO_466_B,GLN_468_B"
GLN_468_B,"ASP_465_B,PRO_466_B,GLU_467_B,LYS_469_B"
LYS_469_B,"GLN_468_B,ARG_470_B"
ARG_470_B,"LYS_469_B,VAL_471_B,PHE_472_B"
VAL_471_B,"ARG_470_B,PHE_472_B"
PHE_472_B,"ARG_470_B,VAL_471_B,HIS_473_B,LEU_483_B"
HIS_473_B,"PHE_472_B,ALA_474_B"
ALA_474_B,"PHE_431_B,HIS_473_B,THR_475_B"
THR_475_B,"ALA_474_B,SER_476_B"
SER_476_B,"THR_475_B,GLU_477_B,GLU_478_B,ASP_479_B"
GLU_477_B,"ARG_322_B,SER_476_B,GLU_478_B,ASP_479_B,VAL_480_B,ARG_494_B"
GLU_478_B,"SER_476_B,GLU_477_B,ASP_479_B,ARG_482_B,TYR_488_B"
ASP_479_B,"SER_476_B,GLU_477_B,GLU_478_B,VAL_480_B,LEU_483_B"
VAL_480_B,"GLU_477_B,ASP_479_B,PHE_481_B,LEU_484_B"
PHE_481_B,"LEU_434_B,VAL_480_B,ARG_482_B,GLY_485_B,LEU_486_B"
ARG_482_B,"GLU_478_B,PHE_481_B,LEU_483_B"
LEU_483_B,"PHE_472_B,ASP_479_B,ARG_482_B,LEU_484_B"
LEU_484_B,"LYS_454_B,VAL_480_B,LEU_483_B,GLY_485_B"
GLY_485_B,"PHE_481_B,LEU_484_B,LEU_486_B"
LEU_486_B,"LEU_446_B,PHE_449_B,PHE_481_B,GLY_485_B,LYS_487_B"
LYS_487_B,"LEU_486_B,TYR_488_B"
TYR_488_B,"GLU_478_B,LYS_487_B,LEU_489_B"
LEU_489_B,"TYR_488_B,ARG_494_B"
PRO_490_B,GLN_493_B
PRO_491_B,"GLU_492_B,GLN_493_B,ARG_494_B"
GLU_492_B,"PRO_491_B,GLN_493_B"
GLN_493_B,"SER_147_B,PRO_490_B,PRO_491_B,GLU_492_B,ARG_494_B"
ARG_494_B,"ARG_322_B,PHE_442_B,GLU_477_B,LEU_489_B,PRO_491_B,GLN_493_B,ASN_495_B,ALA_496_B"
ASN_495_B,"SER_147_B,ARG_323_B,ARG_494_B,ALA_496_B"
ALA_496_B,"ALA_142_B,SER_439_B,ARG_494_B,ASN_495_B"
