residue_id,neighbors
LYS_39_A,ILE_40_A
ILE_40_A,"LYS_39_A,GLU_41_A,LYS_71_A"
GLU_41_A,"ILE_40_A,LEU_42_A,LYS_71_A,ASN_73_A"
LEU_42_A,"GLU_41_A,THR_43_A,LYS_71_A,ASN_73_A"
THR_43_A,"LEU_42_A,PHE_44_A,ASP_97_A"
PHE_44_A,"THR_43_A,MET_45_A,PHE_46_A,VAL_72_A,ASN_73_A,ILE_74_A,VAL_75_A,VAL_98_A,LEU_346_A"
MET_45_A,"PHE_44_A,PHE_46_A,LYS_85_A,PRO_96_A,VAL_98_A"
PHE_46_A,"PHE_44_A,MET_45_A,ARG_47_A,TYR_56_A,ILE_74_A,VAL_75_A,VAL_76_A,TYR_100_A"
ARG_47_A,"PHE_46_A,GLY_48_A,TYR_82_A,TYR_100_A"
GLY_48_A,"ARG_47_A,GLN_49_A"
GLN_49_A,"GLY_48_A,GLU_52_A"
PRO_50_A,GLN_51_A
GLN_51_A,"PRO_50_A,GLU_52_A"
GLU_52_A,"GLN_49_A,GLN_51_A,GLN_53_A,TYR_56_A,LYS_158_A,ASP_159_A"
GLN_53_A,"GLU_52_A,THR_54_A,LYS_57_A,VAL_76_A"
THR_54_A,"GLN_53_A,ALA_55_A,ASN_58_A"
ALA_55_A,"THR_54_A,TYR_56_A"
TYR_56_A,"PHE_46_A,GLU_52_A,ALA_55_A,LYS_57_A,VAL_60_A,LYS_158_A,LEU_356_A,GLN_362_A"
LYS_57_A,"GLN_53_A,TYR_56_A,ASN_58_A"
ASN_58_A,"THR_54_A,LYS_57_A,VAL_59_A,GLN_359_A"
VAL_59_A,"ASN_58_A,VAL_60_A,PHE_63_A,TYR_345_A,LEU_346_A,ALA_355_A,LEU_356_A"
VAL_60_A,"TYR_56_A,VAL_59_A,LYS_61_A,GLU_64_A,VAL_72_A"
LYS_61_A,"VAL_60_A,LYS_62_A,GLU_64_A,GLU_65_A"
LYS_62_A,"LYS_61_A,PHE_63_A,GLU_351_A"
PHE_63_A,"VAL_59_A,LYS_62_A,GLU_64_A,HIS_67_A,LEU_342_A,TYR_345_A"
GLU_64_A,"VAL_60_A,LYS_61_A,PHE_63_A,GLU_65_A,LYS_71_A,VAL_72_A"
GLU_65_A,"LYS_61_A,GLU_64_A,LYS_66_A"
LYS_66_A,"GLU_65_A,HIS_67_A,ASP_349_A,GLU_351_A"
HIS_67_A,"PHE_63_A,LYS_66_A,ASN_69_A,VAL_70_A,GLU_341_A"
PRO_68_A,ASN_69_A
ASN_69_A,"HIS_67_A,PRO_68_A,VAL_70_A"
VAL_70_A,"HIS_67_A,ASN_69_A,LYS_71_A,GLU_338_A"
LYS_71_A,"ILE_40_A,GLU_41_A,LEU_42_A,GLU_64_A,VAL_70_A,VAL_72_A"
VAL_72_A,"PHE_44_A,VAL_60_A,GLU_64_A,LYS_71_A,ASN_73_A"
ASN_73_A,"GLU_41_A,LEU_42_A,PHE_44_A,VAL_72_A,ILE_74_A"
ILE_74_A,"PHE_44_A,PHE_46_A,ASN_73_A,VAL_75_A"
VAL_75_A,"PHE_44_A,PHE_46_A,ILE_74_A,VAL_76_A"
VAL_76_A,"PHE_46_A,GLN_53_A,VAL_75_A,THR_77_A"
THR_77_A,"VAL_76_A,SER_78_A"
SER_78_A,THR_77_A
PRO_79_A,ASP_80_A
ASP_80_A,"PRO_79_A,GLN_81_A"
GLN_81_A,"ASP_80_A,TYR_82_A"
TYR_82_A,"ARG_47_A,GLN_81_A,ALA_83_A,LEU_86_A,TYR_100_A"
ALA_83_A,"TYR_82_A,THR_84_A,ARG_87_A"
THR_84_A,"ALA_83_A,LYS_85_A"
LYS_85_A,"MET_45_A,THR_84_A,LEU_86_A"
LEU_86_A,"TYR_82_A,LYS_85_A,ARG_87_A,ILE_90_A"
ARG_87_A,"ALA_83_A,LEU_86_A,ALA_88_A,ALA_91_A,GLU_105_A"
ALA_88_A,"ARG_87_A,ALA_89_A"
ALA_89_A,"ALA_88_A,ILE_90_A,LYS_94_A"
ILE_90_A,"LEU_86_A,ALA_89_A,ALA_91_A,ARG_93_A,TYR_109_A"
ALA_91_A,"ARG_87_A,ILE_90_A,GLY_92_A"
GLY_92_A,"ALA_91_A,ARG_93_A"
ARG_93_A,"ILE_90_A,GLY_92_A,LYS_94_A,SER_112_A"
LYS_94_A,"ALA_89_A,ARG_93_A,ILE_95_A"
ILE_95_A,"LYS_94_A,PHE_99_A"
PRO_96_A,"MET_45_A,ASP_97_A,PHE_99_A"
ASP_97_A,"THR_43_A,PRO_96_A,VAL_98_A,SER_330_A,THR_333_A,HIS_335_A"
VAL_98_A,"PHE_44_A,MET_45_A,ASP_97_A,PHE_99_A,ILE_327_A,ALA_339_A"
PHE_99_A,"ILE_95_A,PRO_96_A,VAL_98_A,TYR_100_A,LEU_115_A,GLY_328_A"
TYR_100_A,"PHE_46_A,ARG_47_A,TYR_82_A,PHE_99_A,PHE_101_A,LEU_325_A"
PHE_101_A,"TYR_100_A,ASN_102_A,TYR_109_A,LEU_115_A,TYR_141_A,GLY_326_A"
ASN_102_A,"PHE_101_A,GLY_104_A,GLU_105_A"
PRO_103_A,GLY_104_A
GLY_104_A,"ASN_102_A,PRO_103_A,GLU_105_A"
GLU_105_A,"ARG_87_A,ASN_102_A,GLY_104_A,LEU_106_A,TYR_109_A"
LEU_106_A,"GLU_105_A,ARG_107_A,VAL_110_A,LEU_115_A"
ARG_107_A,"LEU_106_A,ALA_108_A,ASN_111_A,PHE_143_A,VAL_148_A,GLU_448_A"
ALA_108_A,"ARG_107_A,TYR_109_A"
TYR_109_A,"ILE_90_A,PHE_101_A,GLU_105_A,ALA_108_A,VAL_110_A,VAL_114_A,LEU_115_A"
VAL_110_A,"LEU_106_A,TYR_109_A,ASN_111_A"
ASN_111_A,"ARG_107_A,VAL_110_A,SER_112_A"
SER_112_A,"ARG_93_A,ASN_111_A,ASN_113_A"
ASN_113_A,"SER_112_A,VAL_114_A,SER_331_A"
VAL_114_A,"TYR_109_A,ASN_113_A,LEU_115_A,SER_331_A"
LEU_115_A,"PHE_99_A,PHE_101_A,LEU_106_A,TYR_109_A,VAL_114_A,LEU_116_A"
LEU_116_A,"LEU_115_A,ASP_117_A,VAL_329_A,PRO_336_A"
ASP_117_A,"LEU_116_A,ILE_118_A,THR_119_A"
ILE_118_A,"ASP_117_A,THR_119_A,LEU_153_A,VAL_340_A"
THR_119_A,"ASP_117_A,ILE_118_A,LYS_120_A,GLU_123_A,LEU_153_A"
LYS_120_A,"THR_119_A,TYR_121_A,GLU_123_A,ASN_124_A"
TYR_121_A,"LYS_120_A,VAL_122_A,SER_125_A,VAL_340_A"
VAL_122_A,"TYR_121_A,GLU_123_A,LEU_130_A"
GLU_123_A,"THR_119_A,LYS_120_A,VAL_122_A,ASN_124_A"
ASN_124_A,"LYS_120_A,GLU_123_A,SER_125_A"
SER_125_A,"TYR_121_A,ASN_124_A,LYS_126_A"
LYS_126_A,"SER_125_A,GLY_127_A,VAL_128_A"
GLY_127_A,"LYS_126_A,VAL_128_A"
VAL_128_A,"LYS_126_A,GLY_127_A,ASN_129_A"
ASN_129_A,"VAL_128_A,LEU_130_A,GLN_131_A,ASP_132_A"
LEU_130_A,"VAL_122_A,ASN_129_A,GLN_131_A,LEU_153_A"
GLN_131_A,"ASN_129_A,LEU_130_A,ASP_132_A"
ASP_132_A,"ASN_129_A,GLN_131_A,ILE_133_A,VAL_367_A,LYS_368_A"
ILE_133_A,"ASP_132_A,TRP_134_A,VAL_138_A"
TRP_134_A,"ILE_133_A,GLU_135_A,VAL_138_A,LEU_160_A,PRO_364_A,VAL_367_A,ALA_370_A,LEU_388_A"
GLU_135_A,"TRP_134_A,LYS_136_A,ASN_139_A"
LYS_136_A,"GLU_135_A,GLY_137_A,ILE_391_A"
GLY_137_A,"LYS_136_A,VAL_138_A"
VAL_138_A,"ILE_133_A,TRP_134_A,GLY_137_A,ASN_139_A"
ASN_139_A,"GLU_135_A,VAL_138_A,LYS_140_A"
LYS_140_A,"ASN_139_A,TYR_141_A,GLU_401_A"
TYR_141_A,"PHE_101_A,LYS_140_A,ARG_142_A,TYR_154_A,SER_324_A"
ARG_142_A,"TYR_141_A,PHE_143_A,GLY_149_A,GLY_151_A,LEU_153_A"
PHE_143_A,"ARG_107_A,ARG_142_A,ASP_144_A,ASN_152_A"
ASP_144_A,"PHE_143_A,GLY_145_A,GLU_146_A,LYS_147_A"
GLY_145_A,"ASP_144_A,GLU_146_A"
GLU_146_A,"ASP_144_A,GLY_145_A,LYS_147_A"
LYS_147_A,"ASP_144_A,GLU_146_A,VAL_148_A"
VAL_148_A,"ARG_107_A,LYS_147_A,GLY_149_A"
GLY_149_A,"ARG_142_A,VAL_148_A,GLN_150_A"
GLN_150_A,"GLY_149_A,GLY_151_A"
GLY_151_A,"ARG_142_A,GLN_150_A,ASN_152_A"
ASN_152_A,"PHE_143_A,GLY_151_A,LEU_153_A"
LEU_153_A,"ILE_118_A,THR_119_A,LEU_130_A,ARG_142_A,ASN_152_A,TYR_154_A"
TYR_154_A,"TYR_141_A,LEU_153_A,GLY_155_A"
GLY_155_A,"TYR_154_A,LEU_156_A"
LEU_156_A,"GLY_155_A,ILE_327_A,LEU_344_A"
PRO_157_A,"LYS_158_A,SER_347_A"
LYS_158_A,"GLU_52_A,TYR_56_A,PRO_157_A,ASP_159_A,LEU_325_A"
ASP_159_A,"GLU_52_A,LYS_158_A,LEU_160_A,SER_324_A"
LEU_160_A,"TRP_134_A,ASP_159_A,GLY_161_A"
GLY_161_A,"LEU_160_A,GLY_323_A"
PRO_162_A,"PHE_163_A,PHE_387_A,ILE_390_A"
PHE_163_A,"PRO_162_A,ALA_164_A,TRP_219_A,PRO_288_A,TRP_292_A,TRP_310_A,THR_320_A,TRP_321_A"
ALA_164_A,"PHE_163_A,LEU_165_A,VAL_289_A,ILE_390_A"
LEU_165_A,"ALA_164_A,GLY_166_A,ILE_308_A,TRP_310_A"
GLY_166_A,"LEU_165_A,TYR_167_A,PHE_287_A"
TYR_167_A,"GLY_166_A,ASN_168_A,LYS_169_A,PHE_172_A,PRO_180_A,PHE_286_A,ASP_306_A,ILE_308_A"
ASN_168_A,"TYR_167_A,LYS_169_A,MET_171_A,GLY_285_A"
LYS_169_A,"TYR_167_A,ASN_168_A,THR_170_A,GLU_173_A,GLU_304_A"
THR_170_A,"LYS_169_A,MET_171_A,LYS_174_A,GLU_304_A"
MET_171_A,"ASN_168_A,THR_170_A,PHE_172_A,GLN_210_A"
PHE_172_A,"TYR_167_A,MET_171_A,GLU_173_A,GLY_176_A,ILE_177_A,LEU_179_A,PRO_180_A,LEU_198_A,PHE_286_A"
GLU_173_A,"LYS_169_A,PHE_172_A,LYS_174_A,GLU_304_A"
LYS_174_A,"THR_170_A,GLU_173_A,ALA_175_A"
ALA_175_A,"LYS_174_A,GLY_176_A"
GLY_176_A,"PHE_172_A,ALA_175_A,ILE_177_A"
ILE_177_A,"PHE_172_A,GLY_176_A,LYS_197_A,LEU_198_A"
PRO_178_A,LEU_179_A
LEU_179_A,"PHE_172_A,PRO_178_A"
PRO_180_A,"TYR_167_A,PHE_172_A,ASP_181_A,ILE_308_A"
ASP_181_A,"PRO_180_A,LYS_182_A,ASP_183_A,LYS_184_A"
LYS_182_A,"ASP_181_A,ASP_183_A"
ASP_183_A,"ASP_181_A,LYS_182_A,LYS_184_A,GLU_386_A,ASP_389_A"
LYS_184_A,"ASP_181_A,ASP_183_A,GLU_190_A"
PRO_185_A,TYR_186_A
TYR_186_A,"PRO_185_A,THR_187_A,GLU_190_A,ALA_312_A"
THR_187_A,"TYR_186_A,TRP_188_A,GLU_190_A,PHE_191_A"
TRP_188_A,"THR_187_A,GLN_189_A,ILE_192_A,PHE_253_A"
GLN_189_A,"TRP_188_A,GLU_190_A,ASP_193_A"
GLU_190_A,"LYS_184_A,TYR_186_A,THR_187_A,GLN_189_A,PHE_191_A"
PHE_191_A,"THR_187_A,GLU_190_A,ILE_192_A,CYS_195_A,PHE_286_A,PRO_311_A"
ILE_192_A,"TRP_188_A,PHE_191_A,ASP_193_A,LYS_196_A,PHE_253_A,TYR_261_A"
ASP_193_A,"GLN_189_A,ILE_192_A,VAL_194_A,LYS_197_A"
VAL_194_A,"ASP_193_A,CYS_195_A"
CYS_195_A,"PHE_191_A,VAL_194_A,LYS_196_A,THR_199_A,VAL_263_A"
LYS_196_A,"ILE_192_A,CYS_195_A,LYS_197_A,TYR_261_A,VAL_263_A"
LYS_197_A,"ILE_177_A,ASP_193_A,LYS_196_A,LEU_198_A"
LEU_198_A,"PHE_172_A,ILE_177_A,LYS_197_A,THR_199_A,GLN_210_A"
THR_199_A,"CYS_195_A,LEU_198_A,LYS_200_A"
LYS_200_A,"THR_199_A,ASP_201_A,THR_202_A"
ASP_201_A,"LYS_200_A,THR_202_A,GLY_204_A,ASP_205_A,GLY_206_A,ASP_209_A"
THR_202_A,"LYS_200_A,ASP_201_A,ASN_203_A,ASP_209_A"
ASN_203_A,"THR_202_A,GLY_204_A"
GLY_204_A,"ASP_201_A,ASN_203_A,ASP_205_A"
ASP_205_A,"ASP_201_A,GLY_204_A,GLY_206_A,LYS_207_A,ASP_209_A"
GLY_206_A,"ASP_201_A,ASP_205_A,LYS_207_A"
LYS_207_A,"ASP_205_A,GLY_206_A,LEU_208_A"
LEU_208_A,"LYS_207_A,ASP_209_A"
ASP_209_A,"ASP_201_A,THR_202_A,ASP_205_A,LEU_208_A,GLN_210_A"
GLN_210_A,"MET_171_A,LEU_198_A,ASP_209_A,TRP_211_A"
TRP_211_A,"GLN_210_A,GLY_212_A,PRO_265_A,GLN_283_A,GLY_285_A"
GLY_212_A,"TRP_211_A,THR_213_A,PHE_286_A"
THR_213_A,"GLY_212_A,GLY_214_A,PHE_286_A"
GLY_214_A,"THR_213_A,LEU_215_A,THR_275_A"
LEU_215_A,"GLY_214_A,ASN_216_A,PHE_254_A"
ASN_216_A,"LEU_215_A,ALA_217_A,THR_220_A"
ALA_217_A,"ASN_216_A,THR_218_A,PHE_254_A,TYR_413_A,LEU_420_A"
THR_218_A,"ALA_217_A,TRP_219_A,GLN_222_A"
TRP_219_A,"PHE_163_A,THR_218_A,THR_220_A,TRP_321_A"
THR_220_A,"ASN_216_A,TRP_219_A,LEU_221_A,PRO_288_A,TRP_310_A"
LEU_221_A,"THR_220_A,GLN_222_A"
GLN_222_A,"THR_218_A,LEU_221_A,GLY_223_A,TRP_226_A,TRP_232_A,TYR_409_A"
GLY_223_A,"GLN_222_A,PHE_224_A,SER_227_A"
PHE_224_A,"GLY_223_A,VAL_225_A,PHE_253_A,PHE_254_A"
VAL_225_A,"PHE_224_A,TRP_226_A,PHE_247_A"
TRP_226_A,"GLN_222_A,VAL_225_A,SER_227_A,ASP_231_A,ALA_319_A,HIS_396_A"
SER_227_A,"GLY_223_A,TRP_226_A,ASN_228_A,GLY_313_A,THR_315_A"
ASN_228_A,"SER_227_A,GLY_229_A,SER_314_A"
GLY_229_A,"ASN_228_A,ALA_230_A"
ALA_230_A,"GLY_229_A,ASP_231_A"
ASP_231_A,"TRP_226_A,ALA_230_A,TRP_232_A,LYS_237_A,THR_241_A"
TRP_232_A,"GLN_222_A,ASP_231_A,ILE_233_A,THR_241_A,PHE_247_A,TRP_408_A,PHE_412_A"
ILE_233_A,"TRP_232_A,ASP_234_A,LYS_237_A,TRP_408_A"
ASP_234_A,"ILE_233_A,GLU_235_A,SER_236_A,LYS_237_A,LYS_239_A"
GLU_235_A,"ASP_234_A,SER_236_A"
SER_236_A,"ASP_234_A,GLU_235_A,LYS_237_A,THR_238_A"
LYS_237_A,"ASP_231_A,ILE_233_A,ASP_234_A,SER_236_A,THR_238_A,TYR_402_A"
THR_238_A,"SER_236_A,LYS_237_A,LYS_239_A,GLN_438_A,ILE_445_A"
LYS_239_A,"ASP_234_A,THR_238_A,VAL_240_A,ASP_442_A"
VAL_240_A,"LYS_239_A,THR_241_A,GLN_438_A"
THR_241_A,"ASP_231_A,TRP_232_A,VAL_240_A,VAL_242_A"
VAL_242_A,"THR_241_A,ASP_243_A,PHE_247_A"
ASP_243_A,"VAL_242_A,ASP_244_A,LYS_434_A"
ASP_244_A,"ASP_243_A,LYS_246_A,PHE_247_A,ILE_248_A"
PRO_245_A,"LYS_246_A,GLU_249_A"
LYS_246_A,"ASP_244_A,PRO_245_A,PHE_247_A"
PHE_247_A,"VAL_225_A,TRP_232_A,VAL_242_A,ASP_244_A,LYS_246_A,ILE_248_A,LEU_251_A,PHE_412_A"
ILE_248_A,"ASP_244_A,PHE_247_A,GLU_249_A,GLN_252_A,VAL_430_A"
GLU_249_A,"PRO_245_A,ILE_248_A,ALA_250_A,PHE_253_A"
ALA_250_A,"GLU_249_A,LEU_251_A,PHE_254_A"
LEU_251_A,"PHE_247_A,ALA_250_A,GLN_252_A,ALA_426_A"
GLN_252_A,"ILE_248_A,LEU_251_A,PHE_253_A,ASP_256_A,ALA_426_A"
PHE_253_A,"TRP_188_A,ILE_192_A,PHE_224_A,GLU_249_A,GLN_252_A,PHE_254_A"
PHE_254_A,"LEU_215_A,ALA_217_A,PHE_224_A,ALA_250_A,PHE_253_A,ALA_255_A,MET_257_A"
ALA_255_A,"PHE_254_A,ASP_256_A"
ASP_256_A,"GLN_252_A,ALA_255_A,MET_257_A,LYS_260_A,TYR_261_A"
MET_257_A,"PHE_254_A,ASP_256_A,GLN_258_A,VAL_263_A"
GLN_258_A,"MET_257_A,ASN_259_A,LEU_420_A"
ASN_259_A,"GLN_258_A,LYS_260_A,LEU_420_A"
LYS_260_A,"ASP_256_A,ASN_259_A,TYR_261_A"
TYR_261_A,"ILE_192_A,LYS_196_A,ASP_256_A,LYS_260_A,LYS_262_A"
LYS_262_A,"TYR_261_A,VAL_263_A"
VAL_263_A,"CYS_195_A,LYS_196_A,MET_257_A,LYS_262_A,THR_264_A"
THR_264_A,"VAL_263_A,PRO_265_A"
PRO_265_A,"TRP_211_A,THR_264_A,SER_266_A"
SER_266_A,"PRO_265_A,ILE_267_A,GLU_269_A,ALA_270_A"
ILE_267_A,"SER_266_A,ALA_268_A"
ALA_268_A,"ILE_267_A,GLU_269_A,THR_272_A"
GLU_269_A,"SER_266_A,ALA_268_A,ALA_270_A,ARG_278_A"
ALA_270_A,"SER_266_A,GLU_269_A,GLN_271_A"
GLN_271_A,"ALA_270_A,THR_272_A"
THR_272_A,"ALA_268_A,GLN_271_A,LEU_273_A"
LEU_273_A,"THR_272_A,ASP_274_A,GLN_277_A,ARG_278_A"
ASP_274_A,"LEU_273_A,THR_275_A,GLN_277_A"
THR_275_A,"GLY_214_A,ASP_274_A,TYR_276_A,TRP_279_A"
TYR_276_A,"THR_275_A,GLN_277_A,LEU_280_A,PHE_297_A"
GLN_277_A,"LEU_273_A,ASP_274_A,TYR_276_A,ARG_278_A"
ARG_278_A,"GLU_269_A,LEU_273_A,GLN_277_A,TRP_279_A,GLN_283_A"
TRP_279_A,"THR_275_A,ARG_278_A,LEU_280_A,PHE_287_A,PHE_297_A,PHE_303_A"
LEU_280_A,"TYR_276_A,TRP_279_A,ARG_281_A,PHE_297_A,ILE_301_A"
ARG_281_A,"LEU_280_A,GLY_282_A"
GLY_282_A,"ARG_281_A,GLN_283_A"
GLN_283_A,"TRP_211_A,ARG_278_A,GLY_282_A,LEU_284_A"
LEU_284_A,"GLN_283_A,GLY_285_A"
GLY_285_A,"ASN_168_A,TRP_211_A,LEU_284_A,PHE_286_A"
PHE_286_A,"TYR_167_A,PHE_172_A,PHE_191_A,GLY_212_A,THR_213_A,GLY_285_A,PHE_287_A,ILE_308_A"
PHE_287_A,"GLY_166_A,TRP_279_A,PHE_286_A"
PRO_288_A,"PHE_163_A,THR_220_A,VAL_289_A"
VAL_289_A,"ALA_164_A,PRO_288_A,GLY_290_A,LEU_307_A"
GLY_290_A,"VAL_289_A,ASP_293_A"
PRO_291_A,TRP_292_A
TRP_292_A,"PHE_163_A,PRO_291_A,ASP_293_A,TRP_321_A"
ASP_293_A,"GLY_290_A,TRP_292_A,LEU_294_A,PHE_297_A"
LEU_294_A,"ASP_293_A,ALA_295_A,ASP_298_A"
ALA_295_A,"LEU_294_A,ALA_296_A,ARG_360_A"
ALA_296_A,"ALA_295_A,PHE_297_A,GLN_300_A"
PHE_297_A,"TYR_276_A,TRP_279_A,LEU_280_A,ASP_293_A,ALA_296_A,ASP_298_A,ILE_301_A"
ASP_298_A,"LEU_294_A,PHE_297_A,GLN_299_A,ARG_360_A"
GLN_299_A,"ASP_298_A,GLN_300_A"
GLN_300_A,"ALA_296_A,GLN_299_A,ILE_301_A"
ILE_301_A,"LEU_280_A,PHE_297_A,GLN_300_A,LYS_302_A,PHE_303_A"
LYS_302_A,"ILE_301_A,PHE_303_A"
PHE_303_A,"TRP_279_A,ILE_301_A,LYS_302_A,GLU_304_A"
GLU_304_A,"LYS_169_A,THR_170_A,GLU_173_A,PHE_303_A,TYR_305_A,LYS_380_A"
TYR_305_A,"GLU_304_A,ASP_306_A"
ASP_306_A,"TYR_167_A,TYR_305_A,LEU_307_A,ASN_383_A"
LEU_307_A,"VAL_289_A,ASP_306_A,ILE_308_A,PRO_381_A,ASN_383_A,PHE_387_A"
ILE_308_A,"LEU_165_A,TYR_167_A,PRO_180_A,PHE_286_A,LEU_307_A"
PRO_309_A,TRP_310_A
TRP_310_A,"PHE_163_A,LEU_165_A,THR_220_A,PRO_309_A"
PRO_311_A,"PHE_191_A,ALA_312_A"
ALA_312_A,"TYR_186_A,PRO_311_A,GLY_313_A"
GLY_313_A,"SER_227_A,ALA_312_A,SER_314_A,GLY_316_A"
SER_314_A,"ASN_228_A,GLY_313_A,THR_315_A"
THR_315_A,"SER_227_A,SER_314_A,GLY_316_A"
GLY_316_A,"GLY_313_A,THR_315_A,LYS_317_A"
LYS_317_A,GLY_316_A
PRO_318_A,ALA_319_A
ALA_319_A,"TRP_226_A,PRO_318_A,THR_320_A"
THR_320_A,"PHE_163_A,ALA_319_A,TRP_321_A,ILE_390_A,HIS_396_A"
TRP_321_A,"PHE_163_A,TRP_219_A,TRP_292_A,THR_320_A,VAL_322_A,PHE_398_A"
VAL_322_A,"TRP_321_A,GLY_323_A,ILE_390_A,HIS_396_A"
GLY_323_A,"GLY_161_A,VAL_322_A,SER_324_A"
SER_324_A,"TYR_141_A,ASP_159_A,GLY_323_A,LEU_325_A"
LEU_325_A,"TYR_100_A,LYS_158_A,SER_324_A,GLY_326_A"
GLY_326_A,"PHE_101_A,LEU_325_A,ILE_327_A"
ILE_327_A,"VAL_98_A,LEU_156_A,GLY_326_A,GLY_328_A,ALA_343_A"
GLY_328_A,"PHE_99_A,ILE_327_A,VAL_329_A"
VAL_329_A,"LEU_116_A,GLY_328_A,SER_330_A,THR_333_A,ALA_339_A"
SER_330_A,"ASP_97_A,VAL_329_A,SER_331_A,MET_332_A"
SER_331_A,"ASN_113_A,VAL_114_A,SER_330_A,MET_332_A"
MET_332_A,"SER_330_A,SER_331_A,THR_333_A"
THR_333_A,"ASP_97_A,VAL_329_A,MET_332_A,LYS_334_A"
LYS_334_A,"THR_333_A,HIS_335_A"
HIS_335_A,"ASP_97_A,LYS_334_A,GLU_338_A,ALA_339_A"
PRO_336_A,"LEU_116_A,LYS_337_A"
LYS_337_A,"PRO_336_A,GLU_338_A,GLU_341_A"
GLU_338_A,"VAL_70_A,HIS_335_A,LYS_337_A,ALA_339_A,GLU_341_A,LEU_342_A"
ALA_339_A,"VAL_98_A,VAL_329_A,HIS_335_A,GLU_338_A,VAL_340_A"
VAL_340_A,"ILE_118_A,TYR_121_A,ALA_339_A,GLU_341_A,LEU_344_A"
GLU_341_A,"HIS_67_A,LYS_337_A,GLU_338_A,VAL_340_A,LEU_342_A,TYR_345_A"
LEU_342_A,"PHE_63_A,GLU_338_A,GLU_341_A,ALA_343_A"
ALA_343_A,"ILE_327_A,LEU_342_A,LEU_344_A,SER_347_A"
LEU_344_A,"LEU_156_A,VAL_340_A,ALA_343_A,TYR_345_A,ALA_348_A,ASP_349_A"
TYR_345_A,"VAL_59_A,PHE_63_A,GLU_341_A,LEU_344_A,LEU_346_A,ASP_349_A,GLU_351_A"
LEU_346_A,"PHE_44_A,VAL_59_A,TYR_345_A,SER_347_A,GLN_353_A"
SER_347_A,"PRO_157_A,ALA_343_A,LEU_346_A,ALA_348_A,ASN_365_A"
ALA_348_A,"LEU_344_A,SER_347_A,ASP_349_A"
ASP_349_A,"LYS_66_A,LEU_344_A,TYR_345_A,ALA_348_A,GLU_351_A,GLN_353_A"
PRO_350_A,"GLU_351_A,LYS_354_A"
GLU_351_A,"LYS_62_A,LYS_66_A,TYR_345_A,ASP_349_A,PRO_350_A,GLY_352_A"
GLY_352_A,"GLU_351_A,GLN_353_A"
GLN_353_A,"LEU_346_A,ASP_349_A,GLY_352_A,LYS_354_A,VAL_357_A,ASN_365_A"
LYS_354_A,"PRO_350_A,GLN_353_A,ALA_355_A,ASP_358_A"
ALA_355_A,"VAL_59_A,LYS_354_A,LEU_356_A"
LEU_356_A,"TYR_56_A,VAL_59_A,ALA_355_A,VAL_357_A"
VAL_357_A,"GLN_353_A,LEU_356_A,ASP_358_A,ARG_360_A"
ASP_358_A,"LYS_354_A,VAL_357_A,GLN_359_A"
GLN_359_A,"ASN_58_A,ASP_358_A,ARG_360_A"
ARG_360_A,"ALA_295_A,ASP_298_A,VAL_357_A,GLN_359_A,VAL_361_A,LYS_380_A"
VAL_361_A,"ARG_360_A,GLN_362_A"
GLN_362_A,"TYR_56_A,VAL_361_A,LEU_363_A"
LEU_363_A,"GLN_362_A,PHE_387_A"
PRO_364_A,"TRP_134_A,ASN_365_A,VAL_369_A"
ASN_365_A,"SER_347_A,GLN_353_A,PRO_364_A,SER_366_A"
SER_366_A,"ASN_365_A,VAL_367_A,ALA_370_A"
VAL_367_A,"ASP_132_A,TRP_134_A,SER_366_A,LYS_368_A,GLU_371_A"
LYS_368_A,"ASP_132_A,VAL_367_A,VAL_369_A"
VAL_369_A,"PRO_364_A,LYS_368_A,ALA_370_A,TRP_373_A"
ALA_370_A,"TRP_134_A,SER_366_A,VAL_369_A,GLU_371_A,ALA_374_A"
GLU_371_A,"VAL_367_A,ALA_370_A,GLU_372_A,LYS_375_A"
GLU_372_A,"GLU_371_A,TRP_373_A,LYS_375_A"
TRP_373_A,"VAL_369_A,GLU_372_A,ALA_374_A,LYS_384_A,PHE_387_A"
ALA_374_A,"ALA_370_A,TRP_373_A,LYS_375_A,LEU_388_A"
LYS_375_A,"GLU_371_A,GLU_372_A,ALA_374_A,ASP_376_A"
ASP_376_A,"LYS_375_A,SER_378_A,LYS_384_A"
PRO_377_A,SER_378_A
SER_378_A,"ASP_376_A,PRO_377_A,ILE_379_A"
ILE_379_A,"SER_378_A,LYS_380_A,LYS_384_A"
LYS_380_A,"GLU_304_A,ARG_360_A,ILE_379_A"
PRO_381_A,"LEU_307_A,ALA_382_A"
ALA_382_A,"PRO_381_A,ASN_383_A"
ASN_383_A,"ASP_306_A,LEU_307_A,ALA_382_A,LYS_384_A"
LYS_384_A,"TRP_373_A,ASP_376_A,ILE_379_A,ASN_383_A,GLN_385_A,PHE_387_A"
GLN_385_A,"LYS_384_A,GLU_386_A,LEU_388_A,ASP_389_A"
GLU_386_A,"ASP_183_A,GLN_385_A,PHE_387_A,ASP_389_A,ILE_390_A,TYR_394_A"
PHE_387_A,"PRO_162_A,LEU_307_A,LEU_363_A,TRP_373_A,LYS_384_A,GLU_386_A,LEU_388_A"
LEU_388_A,"TRP_134_A,ALA_374_A,GLN_385_A,PHE_387_A,ASP_389_A,ASN_392_A"
ASP_389_A,"ASP_183_A,GLN_385_A,GLU_386_A,LEU_388_A,ILE_390_A,ASP_393_A"
ILE_390_A,"PRO_162_A,ALA_164_A,THR_320_A,VAL_322_A,GLU_386_A,ASP_389_A,ILE_391_A,TYR_394_A,GLY_395_A"
ILE_391_A,"LYS_136_A,ILE_390_A,ASN_392_A"
ASN_392_A,"LEU_388_A,ILE_391_A,ASP_393_A"
ASP_393_A,"ASP_389_A,ASN_392_A,TYR_394_A"
TYR_394_A,"GLU_386_A,ILE_390_A,ASP_393_A,GLY_395_A"
GLY_395_A,"ILE_390_A,TYR_394_A,HIS_396_A"
HIS_396_A,"TRP_226_A,THR_320_A,VAL_322_A,GLY_395_A,SER_397_A"
SER_397_A,"HIS_396_A,PHE_398_A"
PHE_398_A,"TRP_321_A,SER_397_A,GLU_401_A"
PRO_399_A,"THR_400_A,TRP_408_A"
THR_400_A,"PRO_399_A,GLU_401_A,TYR_409_A"
GLU_401_A,"LYS_140_A,PHE_398_A,THR_400_A,TYR_402_A"
TYR_402_A,"LYS_237_A,GLU_401_A,THR_403_A"
THR_403_A,"TYR_402_A,TYR_404_A,ASN_405_A,TRP_408_A,LEU_441_A"
TYR_404_A,"THR_403_A,ASN_405_A,GLU_448_A"
ASN_405_A,"THR_403_A,TYR_404_A,GLY_406_A,GLU_407_A"
GLY_406_A,"ASN_405_A,GLU_407_A,ASP_410_A"
GLU_407_A,"ASN_405_A,GLY_406_A,TRP_408_A"
TRP_408_A,"TRP_232_A,ILE_233_A,PRO_399_A,THR_403_A,GLU_407_A,TYR_409_A,MET_437_A"
TYR_409_A,"GLN_222_A,THR_400_A,TRP_408_A,ASP_410_A,TYR_413_A"
ASP_410_A,"GLY_406_A,TYR_409_A,GLU_411_A,ARG_414_A"
GLU_411_A,"ASP_410_A,PHE_412_A,ARG_414_A,LYS_436_A"
PHE_412_A,"TRP_232_A,PHE_247_A,GLU_411_A,TYR_413_A,TYR_429_A,MET_437_A"
TYR_413_A,"ALA_217_A,TYR_409_A,PHE_412_A,ARG_414_A,LEU_416_A"
ARG_414_A,"ASP_410_A,GLU_411_A,TYR_413_A,ASN_415_A"
ASN_415_A,"ARG_414_A,LEU_416_A,TYR_429_A"
LEU_416_A,"TYR_413_A,ASN_415_A,GLN_417_A,VAL_419_A,TYR_429_A"
GLN_417_A,"LEU_416_A,LEU_420_A,ASP_421_A"
PRO_418_A,"VAL_419_A,LYS_423_A"
VAL_419_A,"LEU_416_A,PRO_418_A,LEU_420_A,TYR_429_A"
LEU_420_A,"ALA_217_A,GLN_258_A,ASN_259_A,GLN_417_A,VAL_419_A,ASP_421_A"
ASP_421_A,"GLN_417_A,LEU_420_A,GLY_422_A,LYS_423_A"
GLY_422_A,"ASP_421_A,LYS_423_A"
LYS_423_A,"PRO_418_A,ASP_421_A,GLY_422_A,MET_424_A"
MET_424_A,"LYS_423_A,SER_425_A"
SER_425_A,"MET_424_A,ALA_426_A,GLU_428_A"
ALA_426_A,"LEU_251_A,GLN_252_A,SER_425_A,GLU_427_A,VAL_430_A"
GLU_427_A,"ALA_426_A,GLU_428_A,LYS_431_A"
GLU_428_A,"SER_425_A,GLU_427_A,TYR_429_A,LYS_432_A"
TYR_429_A,"PHE_412_A,ASN_415_A,LEU_416_A,VAL_419_A,GLU_428_A,VAL_430_A,ALA_433_A"
VAL_430_A,"ILE_248_A,ALA_426_A,TYR_429_A,LYS_431_A,LYS_434_A"
LYS_431_A,"GLU_427_A,VAL_430_A,LYS_432_A"
LYS_432_A,"GLU_428_A,LYS_431_A,ALA_433_A"
ALA_433_A,"TYR_429_A,LYS_432_A,LYS_434_A,MET_437_A"
LYS_434_A,"ASP_243_A,VAL_430_A,ALA_433_A,GLN_438_A"
PRO_435_A,LYS_436_A
LYS_436_A,"GLU_411_A,PRO_435_A,MET_437_A"
MET_437_A,"TRP_408_A,PHE_412_A,ALA_433_A,LYS_436_A,GLN_438_A,LEU_441_A"
GLN_438_A,"THR_238_A,VAL_240_A,LYS_434_A,MET_437_A,LYS_439_A,ASP_442_A"
LYS_439_A,"GLN_438_A,LEU_440_A"
LEU_440_A,"LYS_439_A,LEU_441_A,ALA_444_A"
LEU_441_A,"THR_403_A,MET_437_A,LEU_440_A,ASP_442_A,ILE_445_A"
ASP_442_A,"LYS_239_A,GLN_438_A,LEU_441_A,GLN_443_A,GLU_446_A"
GLN_443_A,"ASP_442_A,ALA_444_A,GLN_447_A"
ALA_444_A,"LEU_440_A,GLN_443_A,ILE_445_A"
ILE_445_A,"THR_238_A,LEU_441_A,ALA_444_A,GLU_446_A"
GLU_446_A,"ASP_442_A,ILE_445_A,GLN_447_A,LYS_449_A,GLN_450_A"
GLN_447_A,"GLN_443_A,GLU_446_A,GLU_448_A,ALA_451_A"
GLU_448_A,"ARG_107_A,TYR_404_A,GLN_447_A,LYS_449_A,SER_452_A"
LYS_449_A,"GLU_446_A,GLU_448_A,GLN_450_A"
GLN_450_A,"GLU_446_A,LYS_449_A,ALA_451_A"
ALA_451_A,"GLN_447_A,GLN_450_A,SER_452_A"
SER_452_A,"GLU_448_A,ALA_451_A,LYS_453_A"
LYS_453_A,SER_452_A
