residue_id,neighbors
ILE_25_a,ARG_26_a
ARG_26_a,"ILE_25_a,ALA_27_a,ASP_44_a"
ALA_27_a,"ARG_26_a,SER_28_a,PHE_29_a,LYS_31_a"
SER_28_a,"ALA_27_a,PHE_29_a,ALA_32_a"
PHE_29_a,"ALA_27_a,SER_28_a,ASP_30_a,LEU_76_a"
ASP_30_a,"PHE_29_a,LYS_31_a,ASP_42_a"
LYS_31_a,"ALA_27_a,ASP_30_a,ALA_32_a"
ALA_32_a,"SER_28_a,LYS_31_a,GLU_33_a"
GLU_33_a,"ALA_32_a,GLU_34_a,MET_36_a"
GLU_34_a,"GLU_33_a,ASP_42_a"
PRO_35_a,MET_36_a
MET_36_a,"GLU_33_a,PRO_35_a,LEU_37_a"
LEU_37_a,"MET_36_a,GLY_38_a"
GLY_38_a,"LEU_37_a,ASP_39_a"
ASP_39_a,"GLY_38_a,TYR_40_a"
TYR_40_a,"ASP_39_a,LEU_70_a,VAL_72_a"
PRO_41_a,"ASP_42_a,ILE_43_a"
ASP_42_a,"ASP_30_a,GLU_34_a,PRO_41_a,ILE_43_a"
ILE_43_a,"PRO_41_a,ASP_42_a,ASP_44_a,PRO_69_a"
ASP_44_a,"ARG_26_a,ILE_43_a"
PRO_45_a,"PHE_46_a,TYR_77_a"
PHE_46_a,"PRO_45_a,LEU_50_a,LYS_51_a"
PRO_47_a,ALA_48_a
ALA_48_a,"PRO_47_a,GLN_49_a,TYR_77_a"
GLN_49_a,"ALA_48_a,LEU_50_a,ARG_63_a"
LEU_50_a,"PHE_46_a,GLN_49_a,LYS_51_a"
LYS_51_a,"PHE_46_a,LEU_50_a,ASN_52_a,ARG_63_a"
ASN_52_a,LYS_51_a
PRO_53_a,TYR_54_a
TYR_54_a,"PRO_53_a,LYS_55_a"
LYS_55_a,"TYR_54_a,LYS_56_a"
LYS_56_a,"LYS_55_a,TYR_57_a"
TYR_57_a,"LYS_56_a,ASP_58_a"
ASP_58_a,"TYR_57_a,ASP_59_a,ASN_65_a,LEU_66_a,GLU_67_a"
ASP_59_a,"ASP_58_a,GLN_60_a,ASP_62_a,ARG_63_a"
GLN_60_a,"ASP_59_a,GLN_61_a"
GLN_61_a,"GLN_60_a,ASP_62_a"
ASP_62_a,"ASP_59_a,GLN_61_a,ARG_63_a"
ARG_63_a,"GLN_49_a,LYS_51_a,ASP_59_a,ASP_62_a,ARG_64_a"
ARG_64_a,"ARG_63_a,ASN_65_a,GLU_68_a"
ASN_65_a,"ASP_58_a,ARG_64_a,LEU_66_a"
LEU_66_a,"ASP_58_a,ASN_65_a,GLU_67_a"
GLU_67_a,"ASP_58_a,LEU_66_a,GLU_68_a"
GLU_68_a,"ARG_64_a,GLU_67_a"
PRO_69_a,"ILE_43_a,LEU_70_a"
LEU_70_a,"TYR_40_a,PRO_69_a,SER_71_a"
SER_71_a,"LEU_70_a,VAL_72_a,ASP_74_a"
VAL_72_a,"TYR_40_a,SER_71_a,ASN_73_a"
ASN_73_a,"VAL_72_a,ASP_74_a"
ASP_74_a,"SER_71_a,ASN_73_a,ASP_75_a,LEU_76_a,TYR_77_a,ASP_78_a"
ASP_75_a,"ASP_74_a,LEU_76_a"
LEU_76_a,"PHE_29_a,ASP_74_a,ASP_75_a,TYR_77_a,SER_81_a,ARG_84_a"
TYR_77_a,"PRO_45_a,ALA_48_a,ASP_74_a,LEU_76_a,ASP_78_a"
ASP_78_a,"ASP_74_a,TYR_77_a,MET_79_a"
MET_79_a,"ASP_78_a,TRP_80_a"
TRP_80_a,"MET_79_a,SER_81_a"
SER_81_a,"LEU_76_a,TRP_80_a"
PRO_82_a,ASP_83_a
ASP_83_a,"PRO_82_a,ARG_84_a"
ARG_84_a,"LEU_76_a,ASP_83_a,PHE_85_a"
PHE_85_a,"ARG_84_a,THR_86_a"
THR_86_a,"PHE_85_a,HIS_87_a"
HIS_87_a,"THR_86_a,PHE_88_a"
PHE_88_a,"HIS_87_a,LYS_89_a,TYR_96_a"
LYS_89_a,"PHE_88_a,ASN_90_a,ALA_93_a"
ASN_90_a,"LYS_89_a,GLN_91_a,LEU_94_a"
GLN_91_a,"ASN_90_a,ASP_92_a,LYS_95_a"
ASP_92_a,"GLN_91_a,ALA_93_a,LYS_95_a,TYR_96_a"
ALA_93_a,"LYS_89_a,ASP_92_a,LEU_94_a,PHE_97_a"
LEU_94_a,"ASN_90_a,ALA_93_a,LYS_95_a,ILE_98_a"
LYS_95_a,"GLN_91_a,ASP_92_a,LEU_94_a,TYR_96_a,GLY_99_a"
TYR_96_a,"PHE_88_a,ASP_92_a,LYS_95_a,PHE_97_a,PHE_100_a"
PHE_97_a,"ALA_93_a,TYR_96_a,ILE_98_a,LEU_101_a"
ILE_98_a,"LEU_94_a,PHE_97_a,GLY_99_a,THR_102_a"
GLY_99_a,"LYS_95_a,ILE_98_a,PHE_100_a,THR_102_a,ILE_103_a"
PHE_100_a,"TYR_96_a,GLY_99_a,LEU_101_a,PHE_104_a"
LEU_101_a,"PHE_97_a,PHE_100_a,THR_102_a,PHE_105_a"
THR_102_a,"ILE_98_a,GLY_99_a,LEU_101_a,ILE_103_a,GLY_106_a"
ILE_103_a,"GLY_99_a,THR_102_a,PHE_104_a,ALA_107_a"
PHE_104_a,"PHE_100_a,ILE_103_a,PHE_105_a,SER_108_a"
PHE_105_a,"LEU_101_a,PHE_104_a,GLY_106_a,TYR_109_a"
GLY_106_a,"THR_102_a,PHE_105_a,ALA_107_a,VAL_110_a"
ALA_107_a,"ILE_103_a,GLY_106_a,SER_108_a,ALA_111_a"
SER_108_a,"PHE_104_a,ALA_107_a,TYR_109_a"
TYR_109_a,"PHE_105_a,SER_108_a,VAL_110_a,THR_112_a,TYR_113_a"
VAL_110_a,"GLY_106_a,TYR_109_a,ALA_111_a"
ALA_111_a,"ALA_107_a,VAL_110_a,THR_112_a"
THR_112_a,"TYR_109_a,ALA_111_a,TYR_113_a"
TYR_113_a,"TYR_109_a,THR_112_a,PHE_114_a,VAL_115_a"
PHE_114_a,"TYR_113_a,VAL_115_a"
VAL_115_a,"TYR_113_a,PHE_114_a"
PRO_116_a,GLU_117_a
GLU_117_a,"PRO_116_a,LYS_118_a"
LYS_118_a,"GLU_117_a,ALA_119_a"
ALA_119_a,"LYS_118_a,ALA_120_a"
ALA_120_a,"ALA_119_a,ILE_121_a"
ILE_121_a,ALA_120_a
PRO_122_a,ARG_123_a
ARG_123_a,"PRO_122_a,GLU_124_a,ARG_147_a"
GLU_124_a,"ARG_123_a,PHE_125_a"
PHE_125_a,"GLU_124_a,LEU_130_a"
PRO_126_a,"TYR_127_a,LEU_130_a"
TYR_127_a,"PRO_126_a,GLU_128_a,LEU_130_a"
GLU_128_a,"TYR_127_a,GLY_129_a,LYS_141_a"
GLY_129_a,"GLU_128_a,LEU_130_a,GLN_146_a"
LEU_130_a,"PHE_125_a,PRO_126_a,TYR_127_a,GLY_129_a,TRP_131_a,GLU_133_a"
TRP_131_a,"LEU_130_a,LYS_132_a,GLU_138_a,LYS_141_a"
LYS_132_a,"TRP_131_a,GLU_133_a,GLU_138_a"
GLU_133_a,"LEU_130_a,LYS_132_a,SER_134_a"
SER_134_a,"GLU_133_a,GLY_135_a"
GLY_135_a,"SER_134_a,GLY_136_a"
GLY_136_a,"GLY_135_a,THR_137_a"
THR_137_a,"GLY_136_a,GLU_138_a"
GLU_138_a,"TRP_131_a,LYS_132_a,THR_137_a,LYS_139_a,LYS_141_a"
LYS_139_a,"GLU_138_a,SER_140_a"
SER_140_a,"LYS_139_a,LYS_141_a"
LYS_141_a,"GLU_128_a,TRP_131_a,GLU_138_a,SER_140_a,ALA_142_a"
ALA_142_a,"LYS_141_a,PHE_143_a"
PHE_143_a,"ALA_142_a,PHE_144_a"
PHE_144_a,"PHE_143_a,GLY_145_a"
GLY_145_a,"PHE_144_a,GLN_146_a"
GLN_146_a,"GLY_129_a,GLY_145_a,ARG_147_a"
ARG_147_a,"ARG_123_a,GLN_146_a,SER_148_a"
SER_148_a,ARG_147_a
