residue_id,neighbors
THR_128_B,VAL_129_B
VAL_129_B,"THR_128_B,TYR_130_B,THR_131_B"
TYR_130_B,"VAL_129_B,THR_131_B,GLU_138_B"
THR_131_B,"VAL_129_B,TYR_130_B,ARG_132_B"
ARG_132_B,"THR_131_B,GLU_133_B"
GLU_133_B,"ARG_132_B,ALA_134_B"
ALA_134_B,"GLU_133_B,TYR_135_B,GLU_138_B"
TYR_135_B,"ALA_134_B,PHE_136_B,LYS_139_B"
PHE_136_B,"TYR_135_B,HIS_137_B,ALA_140_B"
HIS_137_B,"PHE_136_B,GLU_138_B,HIS_141_B"
GLU_138_B,"TYR_130_B,ALA_134_B,HIS_137_B,LYS_139_B,GLY_142_B"
LYS_139_B,"TYR_135_B,GLU_138_B,ALA_140_B,GLN_143_B"
ALA_140_B,"PHE_136_B,LYS_139_B,HIS_141_B,THR_144_B"
HIS_141_B,"HIS_137_B,ALA_140_B,GLY_142_B,LEU_145_B"
GLY_142_B,"GLU_138_B,HIS_141_B,GLN_143_B,GLN_146_B"
GLN_143_B,"LYS_139_B,GLY_142_B,THR_144_B,ASP_147_B,HIS_197_B"
THR_144_B,"ALA_140_B,GLN_143_B,LEU_145_B,GLN_148_B"
LEU_145_B,"HIS_141_B,THR_144_B,GLN_146_B,ILE_149_B"
GLN_146_B,"GLY_142_B,LEU_145_B,ASP_147_B,LEU_150_B"
ASP_147_B,"GLN_143_B,GLN_146_B,GLN_148_B,LYS_151_B"
GLN_148_B,"THR_144_B,ASP_147_B,ILE_149_B,ASP_152_B"
ILE_149_B,"LEU_145_B,GLN_148_B,LEU_150_B,GLN_153_B"
LEU_150_B,"GLN_146_B,ILE_149_B,LYS_151_B,TYR_154_B,LEU_190_B"
LYS_151_B,"ASP_147_B,LEU_150_B,ASP_152_B"
ASP_152_B,"GLN_148_B,LYS_151_B,GLN_153_B"
GLN_153_B,"ILE_149_B,ASP_152_B,TYR_154_B"
TYR_154_B,"LEU_150_B,GLN_153_B,LYS_155_B,LEU_190_B"
LYS_155_B,"TYR_154_B,ASP_156_B"
ASP_156_B,"LYS_155_B,GLN_157_B"
GLN_157_B,"ASP_156_B,ILE_158_B"
ILE_158_B,"GLN_157_B,SER_159_B"
SER_159_B,"ILE_158_B,SER_160_B,GLN_161_B"
SER_160_B,"SER_159_B,GLN_161_B"
GLN_161_B,"SER_159_B,SER_160_B,SER_162_B"
SER_162_B,"GLN_161_B,SER_163_B,HIS_191_B"
SER_163_B,"SER_162_B,LYS_164_B"
LYS_164_B,"SER_163_B,ILE_165_B"
ILE_165_B,"LYS_164_B,PHE_166_B,HIS_191_B"
PHE_166_B,"ILE_165_B,LYS_167_B,HIS_191_B,ILE_232_B"
LYS_167_B,"PHE_166_B,ASN_168_B"
ASN_168_B,"LYS_167_B,CYS_169_B"
CYS_169_B,"ASN_168_B,VAL_170_B"
VAL_170_B,"CYS_169_B,ILE_171_B,LEU_196_B"
ILE_171_B,"VAL_170_B,TYR_172_B,ILE_188_B,VAL_209_B"
TYR_172_B,"ILE_171_B,ILE_173_B,ASN_174_B,VAL_209_B"
ILE_173_B,"TYR_172_B,ASN_174_B,PHE_195_B,VAL_209_B"
ASN_174_B,"TYR_172_B,ILE_173_B,GLY_175_B,VAL_209_B,ALA_210_B"
GLY_175_B,"ASN_174_B,TYR_176_B"
TYR_176_B,"GLY_175_B,THR_177_B"
THR_177_B,"TYR_176_B,LYS_178_B"
LYS_178_B,THR_177_B
PRO_179_B,"GLY_180_B,LEU_184_B"
GLY_180_B,"PRO_179_B,ARG_181_B"
ARG_181_B,"GLY_180_B,LEU_182_B,HIS_197_B"
LEU_182_B,"ARG_181_B,GLN_183_B"
GLN_183_B,"LEU_182_B,LEU_184_B"
LEU_184_B,"PRO_179_B,GLN_183_B,HIS_185_B,ILE_188_B,ILE_232_B"
HIS_185_B,"LEU_184_B,GLU_186_B,VAL_189_B,PHE_195_B,HIS_197_B"
GLU_186_B,"HIS_185_B,MET_187_B,LEU_190_B"
MET_187_B,"GLU_186_B,ILE_188_B,VAL_236_B"
ILE_188_B,"ILE_171_B,LEU_184_B,MET_187_B,VAL_189_B,PHE_195_B"
VAL_189_B,"HIS_185_B,ILE_188_B,LEU_190_B"
LEU_190_B,"LEU_150_B,TYR_154_B,GLU_186_B,VAL_189_B,HIS_191_B"
HIS_191_B,"SER_162_B,ILE_165_B,PHE_166_B,LEU_190_B,GLY_192_B"
GLY_192_B,"HIS_191_B,GLY_193_B"
GLY_193_B,"GLY_192_B,LYS_194_B"
LYS_194_B,"GLY_193_B,PHE_195_B"
PHE_195_B,"ILE_173_B,HIS_185_B,ILE_188_B,LYS_194_B,LEU_196_B,HIS_197_B"
LEU_196_B,"VAL_170_B,PHE_195_B,HIS_197_B"
HIS_197_B,"GLN_143_B,ARG_181_B,HIS_185_B,PHE_195_B,LEU_196_B,TYR_198_B"
TYR_198_B,"HIS_197_B,LEU_199_B"
LEU_199_B,"TYR_198_B,SER_200_B"
SER_200_B,"LEU_199_B,SER_201_B"
SER_201_B,"SER_200_B,LYS_202_B"
LYS_202_B,"SER_201_B,LYS_203_B"
LYS_203_B,"LYS_202_B,THR_204_B,VAL_205_B"
THR_204_B,"LYS_203_B,VAL_205_B"
VAL_205_B,"LYS_203_B,THR_204_B,THR_206_B"
THR_206_B,"VAL_205_B,HIS_207_B"
HIS_207_B,"THR_206_B,ILE_208_B,TRP_231_B"
ILE_208_B,"HIS_207_B,VAL_209_B,PHE_221_B,VAL_226_B"
VAL_209_B,"ILE_171_B,TYR_172_B,ILE_173_B,ASN_174_B,ILE_208_B,ALA_210_B,VAL_227_B,PRO_229_B,ILE_232_B"
ALA_210_B,"ASN_174_B,VAL_209_B,SER_211_B"
SER_211_B,"ALA_210_B,ASN_212_B"
ASN_212_B,"SER_211_B,LEU_213_B"
LEU_213_B,"ASN_212_B,LYS_217_B,ARG_218_B"
PRO_214_B,"LEU_215_B,LYS_217_B,ARG_218_B"
LEU_215_B,"PRO_214_B,LYS_216_B,ILE_219_B"
LYS_216_B,"LEU_215_B,LYS_217_B,GLU_220_B"
LYS_217_B,"LEU_213_B,PRO_214_B,LYS_216_B,ARG_218_B,PHE_221_B"
ARG_218_B,"LEU_213_B,PRO_214_B,LYS_217_B,ILE_219_B"
ILE_219_B,"LEU_215_B,ARG_218_B,GLU_220_B"
GLU_220_B,"LYS_216_B,ILE_219_B,PHE_221_B"
PHE_221_B,"ILE_208_B,LYS_217_B,GLU_220_B,ALA_222_B"
ALA_222_B,"PHE_221_B,ASN_223_B"
ASN_223_B,"ALA_222_B,TYR_224_B"
TYR_224_B,"ASN_223_B,LYS_225_B"
LYS_225_B,"TYR_224_B,VAL_226_B,TRP_244_B"
VAL_226_B,"ILE_208_B,LYS_225_B,VAL_227_B,LEU_249_B"
VAL_227_B,"VAL_209_B,VAL_226_B,SER_228_B,TRP_231_B,TRP_244_B"
SER_228_B,VAL_227_B
PRO_229_B,"VAL_209_B,ASP_230_B"
ASP_230_B,"PRO_229_B,TRP_231_B,ASP_234_B"
TRP_231_B,"HIS_207_B,VAL_227_B,ASP_230_B,ILE_232_B,SER_235_B,LEU_241_B,LEU_242_B,TYR_247_B"
ILE_232_B,"PHE_166_B,LEU_184_B,VAL_209_B,TRP_231_B,VAL_233_B,VAL_236_B"
VAL_233_B,"ILE_232_B,ASP_234_B,LYS_237_B"
ASP_234_B,"ASP_230_B,VAL_233_B,SER_235_B,GLU_238_B,LEU_242_B,TYR_247_B"
SER_235_B,"TRP_231_B,ASP_234_B,VAL_236_B,ALA_239_B"
VAL_236_B,"MET_187_B,ILE_232_B,SER_235_B,LYS_237_B"
LYS_237_B,"VAL_233_B,VAL_236_B,GLU_238_B"
GLU_238_B,"ASP_234_B,LYS_237_B,ALA_239_B,ARG_240_B"
ALA_239_B,"SER_235_B,GLU_238_B,ARG_240_B"
ARG_240_B,"GLU_238_B,ALA_239_B,LEU_241_B"
LEU_241_B,"TRP_231_B,ARG_240_B,LEU_242_B"
LEU_242_B,"TRP_231_B,ASP_234_B,LEU_241_B"
PRO_243_B,TRP_244_B
TRP_244_B,"LYS_225_B,VAL_227_B,PRO_243_B,GLN_245_B"
GLN_245_B,"TRP_244_B,ASN_246_B"
ASN_246_B,"GLN_245_B,TYR_247_B"
TYR_247_B,"TRP_231_B,ASP_234_B,ASN_246_B,SER_248_B"
SER_248_B,"TYR_247_B,LEU_249_B"
LEU_249_B,"VAL_226_B,SER_248_B,THR_250_B"
THR_250_B,"LEU_249_B,SER_251_B"
SER_251_B,THR_250_B
LYS_862_B,"ASN_863_B,MET_866_B"
ASN_863_B,"LYS_862_B,HIS_864_B,PHE_865_B"
HIS_864_B,"ASN_863_B,PHE_865_B"
PHE_865_B,"ASN_863_B,HIS_864_B,MET_866_B"
MET_866_B,"LYS_862_B,PHE_865_B,GLY_867_B"
GLY_867_B,"MET_866_B,GLN_868_B"
GLN_868_B,"GLY_867_B,ASN_869_B"
ASN_869_B,"GLN_868_B,SER_870_B"
SER_870_B,"ASN_869_B,ILE_871_B"
ILE_871_B,"SER_870_B,PHE_872_B"
PHE_872_B,"ILE_871_B,GLN_873_B"
GLN_873_B,PHE_872_B
PRO_874_B,"ILE_875_B,THR_881_B"
ILE_875_B,"PRO_874_B,LYS_876_B,TYR_914_B"
LYS_876_B,"ILE_875_B,PHE_877_B"
PHE_877_B,"LYS_876_B,GLN_878_B,ILE_886_B,TYR_914_B"
GLN_878_B,"PHE_877_B,ASN_879_B"
ASN_879_B,"GLN_878_B,LEU_880_B"
LEU_880_B,"ASN_879_B,THR_881_B"
THR_881_B,"PRO_874_B,LEU_880_B,ARG_882_B"
ARG_882_B,"THR_881_B,PHE_883_B,LYS_885_B"
PHE_883_B,"ARG_882_B,LYS_884_B,CYS_887_B,LEU_926_B,HIS_929_B"
LYS_884_B,"PHE_883_B,LYS_885_B,GLN_888_B"
LYS_885_B,"ARG_882_B,LYS_884_B,ILE_886_B,LEU_889_B"
ILE_886_B,"PHE_877_B,LYS_885_B,CYS_887_B,VAL_890_B,TYR_914_B"
CYS_887_B,"PHE_883_B,ILE_886_B,GLN_888_B,LYS_891_B"
GLN_888_B,"LYS_884_B,CYS_887_B,LEU_889_B,GLN_892_B"
LEU_889_B,"LYS_885_B,GLN_888_B,VAL_890_B,TRP_893_B"
VAL_890_B,"ILE_886_B,LEU_889_B,LYS_891_B,VAL_894_B"
LYS_891_B,"CYS_887_B,VAL_890_B,GLN_892_B,ALA_895_B"
GLN_892_B,"GLN_888_B,LYS_891_B,TRP_893_B,GLU_896_B"
TRP_893_B,"LEU_889_B,GLN_892_B,VAL_894_B,THR_897_B,ASP_907_B"
VAL_894_B,"VAL_890_B,TRP_893_B,ALA_895_B,GLU_937_B,TRP_954_B"
ALA_895_B,"LYS_891_B,VAL_894_B,GLU_896_B"
GLU_896_B,"GLN_892_B,ALA_895_B,THR_897_B"
THR_897_B,"TRP_893_B,GLU_896_B,LEU_898_B"
LEU_898_B,"THR_897_B,GLY_899_B"
GLY_899_B,"LEU_898_B,ASP_900_B"
ASP_900_B,"GLY_899_B,GLY_901_B"
GLY_901_B,"ASP_900_B,GLY_902_B"
GLY_902_B,GLY_901_B
PRO_903_B,HIS_904_B
HIS_904_B,"PRO_903_B,GLU_905_B"
GLU_905_B,"HIS_904_B,LYS_906_B,LYS_909_B"
LYS_906_B,"GLU_905_B,ASP_907_B,LEU_910_B"
ASP_907_B,"TRP_893_B,LYS_906_B,VAL_908_B,PHE_911_B"
VAL_908_B,"ASP_907_B,LYS_909_B,VAL_912_B"
LYS_909_B,"GLU_905_B,VAL_908_B,LEU_910_B,LYS_913_B"
LEU_910_B,"LYS_906_B,LYS_909_B,PHE_911_B,TYR_914_B"
PHE_911_B,"ASP_907_B,LEU_910_B,VAL_912_B,LEU_915_B,ILE_934_B"
VAL_912_B,"VAL_908_B,PHE_911_B,LYS_913_B,ILE_916_B"
LYS_913_B,"LYS_909_B,VAL_912_B,TYR_914_B,LYS_917_B"
TYR_914_B,"ILE_875_B,PHE_877_B,ILE_886_B,LEU_910_B,LYS_913_B,LEU_915_B,LEU_918_B"
LEU_915_B,"PHE_911_B,TYR_914_B,ILE_916_B,CYS_919_B,VAL_927_B"
ILE_916_B,"VAL_912_B,LEU_915_B,LYS_917_B,ASP_920_B"
LYS_917_B,"LYS_913_B,ILE_916_B,LEU_918_B"
LEU_918_B,"TYR_914_B,LYS_917_B,CYS_919_B,ARG_923_B,LEU_926_B"
CYS_919_B,"LEU_915_B,LEU_918_B,ASP_920_B,SER_921_B,ASN_922_B"
ASP_920_B,"ILE_916_B,CYS_919_B,SER_921_B"
SER_921_B,"CYS_919_B,ASP_920_B,ASN_922_B"
ASN_922_B,"CYS_919_B,SER_921_B,ARG_923_B"
ARG_923_B,"LEU_918_B,ASN_922_B,VAL_924_B,HIS_925_B,LEU_926_B"
VAL_924_B,"ARG_923_B,HIS_925_B,LEU_928_B,PHE_983_B"
HIS_925_B,"ARG_923_B,VAL_924_B,LEU_926_B,HIS_929_B"
LEU_926_B,"PHE_883_B,LEU_918_B,ARG_923_B,HIS_925_B,VAL_927_B,LEU_930_B"
VAL_927_B,"LEU_915_B,LEU_926_B,LEU_928_B,SER_931_B"
LEU_928_B,"VAL_924_B,VAL_927_B,HIS_929_B,ASN_932_B"
HIS_929_B,"PHE_883_B,HIS_925_B,LEU_928_B,LEU_930_B,LEU_933_B,ARG_936_B"
LEU_930_B,"LEU_926_B,HIS_929_B,SER_931_B,ILE_934_B"
SER_931_B,"VAL_927_B,LEU_930_B,ASN_932_B,SER_935_B"
ASN_932_B,"LEU_928_B,SER_931_B,LEU_933_B,ARG_936_B"
LEU_933_B,"HIS_929_B,ASN_932_B,ILE_934_B,GLU_937_B"
ILE_934_B,"PHE_911_B,LEU_930_B,LEU_933_B,SER_935_B,LEU_938_B"
SER_935_B,"SER_931_B,ILE_934_B,ARG_936_B,ASN_939_B"
ARG_936_B,"HIS_929_B,ASN_932_B,SER_935_B,GLU_937_B,LEU_940_B"
GLU_937_B,"VAL_894_B,LEU_933_B,ARG_936_B,LEU_938_B,CYS_941_B"
LEU_938_B,"ILE_934_B,GLU_937_B,ASN_939_B,PHE_951_B"
ASN_939_B,"SER_935_B,LEU_938_B,LEU_940_B"
LEU_940_B,"ARG_936_B,ASN_939_B,CYS_941_B"
CYS_941_B,"GLU_937_B,LEU_940_B,ALA_942_B,ASN_945_B"
ALA_942_B,"CYS_941_B,PHE_943_B"
PHE_943_B,"ALA_942_B,LEU_944_B"
LEU_944_B,"PHE_943_B,ASN_945_B"
ASN_945_B,"CYS_941_B,LEU_944_B,GLN_946_B"
GLN_946_B,"ASN_945_B,ASP_947_B,HIS_948_B"
ASP_947_B,"GLN_946_B,HIS_948_B"
HIS_948_B,"GLN_946_B,ASP_947_B,SER_949_B,GLY_950_B"
SER_949_B,"HIS_948_B,GLY_950_B"
GLY_950_B,"HIS_948_B,SER_949_B,PHE_951_B"
PHE_951_B,"LEU_938_B,GLY_950_B,GLN_952_B,GLU_955_B"
GLN_952_B,"PHE_951_B,THR_953_B,ARG_956_B"
THR_953_B,"GLN_952_B,TRP_954_B,ILE_957_B"
TRP_954_B,"VAL_894_B,THR_953_B,GLU_955_B,LEU_958_B"
GLU_955_B,"PHE_951_B,TRP_954_B,ARG_956_B,LEU_959_B"
ARG_956_B,"GLN_952_B,GLU_955_B,ILE_957_B,ASN_960_B"
ILE_957_B,"THR_953_B,ARG_956_B,LEU_958_B,ASP_961_B"
LEU_958_B,"TRP_954_B,ILE_957_B,LEU_959_B"
LEU_959_B,"GLU_955_B,LEU_958_B,ASN_960_B,ILE_963_B"
ASN_960_B,"ARG_956_B,LEU_959_B,ASP_961_B"
ASP_961_B,"ILE_957_B,ASN_960_B,ILE_962_B"
ILE_962_B,"ASP_961_B,ILE_963_B,LEU_965_B"
ILE_963_B,"LEU_959_B,ILE_962_B"
PRO_964_B,"LEU_965_B,ARG_968_B"
LEU_965_B,"ILE_962_B,PRO_964_B,LEU_966_B"
LEU_966_B,"LEU_965_B,ASN_967_B,PHE_983_B"
ASN_967_B,"LEU_966_B,ARG_968_B"
ARG_968_B,"PRO_964_B,ASN_967_B,ASN_969_B"
ASN_969_B,"ARG_968_B,LYS_970_B,HIS_971_B"
LYS_970_B,"ASN_969_B,HIS_971_B"
HIS_971_B,"ASN_969_B,LYS_970_B,THR_972_B"
THR_972_B,"HIS_971_B,TYR_973_B,ARG_977_B"
TYR_973_B,"THR_972_B,GLN_974_B"
GLN_974_B,"TYR_973_B,THR_975_B"
THR_975_B,"GLN_974_B,VAL_976_B"
VAL_976_B,"THR_975_B,ARG_977_B"
ARG_977_B,"THR_972_B,VAL_976_B,LYS_978_B"
LYS_978_B,"ARG_977_B,LEU_979_B"
LEU_979_B,"LYS_978_B,ASP_980_B"
ASP_980_B,"LEU_979_B,MET_981_B"
MET_981_B,"ASP_980_B,ASP_982_B,PHE_983_B"
ASP_982_B,"MET_981_B,PHE_983_B"
PHE_983_B,"VAL_924_B,LEU_966_B,MET_981_B,ASP_982_B,GLU_984_B"
GLU_984_B,"PHE_983_B,VAL_985_B"
VAL_985_B,GLU_984_B
