residue_id,neighbors
SER_30_D,"MET_31_D,ARG_35_D"
MET_31_D,"SER_30_D,GLN_32_D"
GLN_32_D,"MET_31_D,ALA_33_D,LEU_36_D"
ALA_33_D,"GLN_32_D,ALA_34_D,ALA_37_D"
ALA_34_D,"ALA_33_D,ARG_35_D,LYS_38_D"
ARG_35_D,"SER_30_D,ALA_34_D,LEU_36_D,ALA_39_D,ASP_120_D"
LEU_36_D,"GLN_32_D,ARG_35_D,ALA_37_D,LEU_40_D,PHE_104_D"
ALA_37_D,"ALA_33_D,LEU_36_D,LYS_38_D,ARG_41_D"
LYS_38_D,"ALA_34_D,ALA_37_D,ALA_39_D,GLU_42_D"
ALA_39_D,"ARG_35_D,LYS_38_D,LEU_40_D,PHE_104_D"
LEU_40_D,"LEU_36_D,ALA_39_D,ARG_41_D,LEU_81_D"
ARG_41_D,"ALA_37_D,LEU_40_D,GLU_42_D,GLY_44_D"
GLU_42_D,"LYS_38_D,ARG_41_D,LEU_43_D,GLN_45_D,SER_121_D"
LEU_43_D,"GLU_42_D,GLY_44_D,THR_46_D,TYR_49_D,LEU_82_D"
GLY_44_D,"ARG_41_D,LEU_43_D,GLN_45_D"
GLN_45_D,"GLU_42_D,GLY_44_D,THR_46_D,HIS_165_D"
THR_46_D,"LEU_43_D,GLN_45_D,GLY_47_D,TRP_48_D,VAL_123_D"
GLY_47_D,"THR_46_D,TRP_48_D,THR_158_D"
TRP_48_D,"THR_46_D,GLY_47_D,TYR_49_D,ILE_72_D,PRO_155_D"
TYR_49_D,"LEU_43_D,TRP_48_D,TRP_50_D,ASP_74_D"
TRP_50_D,"TYR_49_D,GLY_51_D,MET_53_D,ILE_72_D,LEU_156_D"
GLY_51_D,"TRP_50_D,SER_52_D,ASP_74_D"
SER_52_D,"GLY_51_D,MET_53_D"
MET_53_D,"TRP_50_D,SER_52_D,THR_54_D"
THR_54_D,"MET_53_D,VAL_55_D,GLU_57_D,ALA_58_D"
VAL_55_D,"THR_54_D,ASN_56_D,LYS_59_D"
ASN_56_D,"VAL_55_D,GLU_57_D,GLU_60_D"
GLU_57_D,"THR_54_D,ASN_56_D,ALA_58_D,LYS_61_D"
ALA_58_D,"THR_54_D,GLU_57_D,LYS_59_D,LEU_62_D"
LYS_59_D,"VAL_55_D,ALA_58_D,GLU_60_D,LYS_63_D"
GLU_60_D,"ASN_56_D,LYS_59_D,LYS_61_D,LYS_63_D"
LYS_61_D,"GLU_57_D,GLU_60_D,LEU_62_D,LEU_156_D"
LEU_62_D,"ALA_58_D,LYS_61_D,LYS_63_D,THR_69_D"
LYS_63_D,"LYS_59_D,GLU_60_D,LEU_62_D,GLU_64_D,LYS_87_D"
GLU_64_D,"LYS_63_D,ALA_65_D,LYS_87_D"
ALA_65_D,GLU_64_D
PRO_66_D,"GLU_67_D,THR_69_D"
GLU_67_D,"PRO_66_D,GLY_68_D,TYR_151_D"
GLY_68_D,"GLU_67_D,THR_69_D,LYS_87_D,THR_153_D"
THR_69_D,"LEU_62_D,PRO_66_D,GLY_68_D,PHE_70_D,LYS_87_D"
PHE_70_D,"THR_69_D,LEU_71_D,ILE_126_D,PRO_155_D,LEU_156_D"
LEU_71_D,"PHE_70_D,ILE_72_D,SER_85_D,LEU_156_D"
ILE_72_D,"TRP_48_D,TRP_50_D,LEU_71_D,ARG_73_D,ILE_97_D,ILE_126_D"
ARG_73_D,"ILE_72_D,ASP_74_D,THR_83_D,SER_85_D,ASN_94_D"
ASP_74_D,"TYR_49_D,GLY_51_D,ARG_73_D,SER_75_D"
SER_75_D,"ASP_74_D,SER_76_D,HIS_77_D,LEU_81_D"
SER_76_D,"SER_75_D,HIS_77_D"
HIS_77_D,"SER_75_D,SER_76_D,SER_78_D,ASP_79_D,ARG_96_D"
SER_78_D,"HIS_77_D,ASP_79_D"
ASP_79_D,"HIS_77_D,SER_78_D,TYR_80_D"
TYR_80_D,"ASP_79_D,LEU_81_D,ARG_96_D,GLU_98_D"
LEU_81_D,"LEU_40_D,SER_75_D,TYR_80_D,LEU_82_D"
LEU_82_D,"LEU_43_D,LEU_81_D,THR_83_D,ILE_97_D"
THR_83_D,"ARG_73_D,LEU_82_D,ILE_84_D"
ILE_84_D,"THR_83_D,SER_85_D,LEU_95_D,ILE_126_D"
SER_85_D,"LEU_71_D,ARG_73_D,ILE_84_D,VAL_86_D,ASN_94_D"
VAL_86_D,"SER_85_D,LYS_87_D,THR_93_D,LEU_152_D"
LYS_87_D,"LYS_63_D,GLU_64_D,GLY_68_D,THR_69_D,VAL_86_D,THR_88_D"
THR_88_D,"LYS_87_D,SER_89_D,GLY_91_D,THR_93_D"
SER_89_D,"THR_88_D,ALA_90_D"
ALA_90_D,"SER_89_D,GLY_91_D"
GLY_91_D,"THR_88_D,ALA_90_D"
PRO_92_D,THR_93_D
THR_93_D,"VAL_86_D,THR_88_D,PRO_92_D,ASN_94_D"
ASN_94_D,"ARG_73_D,SER_85_D,THR_93_D,LEU_95_D"
LEU_95_D,"ILE_84_D,ASN_94_D,ARG_96_D,ASP_107_D"
ARG_96_D,"HIS_77_D,TYR_80_D,LEU_95_D,ILE_97_D,ASP_107_D"
ILE_97_D,"ILE_72_D,LEU_82_D,ARG_96_D,GLU_98_D,VAL_122_D"
GLU_98_D,"TYR_80_D,ILE_97_D,TYR_99_D,ARG_105_D,ASP_107_D"
TYR_99_D,"GLU_98_D,GLN_100_D,PHE_104_D"
GLN_100_D,"TYR_99_D,ASP_101_D,LYS_103_D"
ASP_101_D,"GLN_100_D,GLY_102_D"
GLY_102_D,"ASP_101_D,LYS_103_D"
LYS_103_D,"GLN_100_D,GLY_102_D,PHE_104_D,ALA_118_D,ASP_120_D"
PHE_104_D,"LEU_36_D,ALA_39_D,TYR_99_D,LYS_103_D,ARG_105_D,PHE_119_D,VAL_122_D"
ARG_105_D,"GLU_98_D,PHE_104_D,LEU_106_D"
LEU_106_D,"ARG_105_D,ASP_107_D,TYR_129_D"
ASP_107_D,"LEU_95_D,ARG_96_D,GLU_98_D,LEU_106_D,SER_108_D"
SER_108_D,"ASP_107_D,ILE_109_D"
ILE_109_D,SER_108_D
LEU_116_D,ALA_117_D
ALA_117_D,"LEU_116_D,ALA_118_D,TYR_128_D"
ALA_118_D,"LYS_103_D,ALA_117_D,PHE_119_D"
PHE_119_D,"PHE_104_D,ALA_118_D,ASP_120_D,TYR_128_D"
ASP_120_D,"ARG_35_D,LYS_103_D,PHE_119_D,SER_121_D"
SER_121_D,"GLU_42_D,ASP_120_D,VAL_122_D,HIS_124_D"
VAL_122_D,"ILE_97_D,PHE_104_D,SER_121_D,VAL_123_D,LEU_125_D,ILE_126_D"
VAL_123_D,"THR_46_D,VAL_122_D,HIS_124_D,ASP_127_D,PHE_196_D"
HIS_124_D,"SER_121_D,VAL_123_D,LEU_125_D,ASP_127_D,TYR_128_D,PHE_196_D"
LEU_125_D,"VAL_122_D,HIS_124_D,ILE_126_D,TYR_129_D"
ILE_126_D,"PHE_70_D,ILE_72_D,ILE_84_D,VAL_122_D,LEU_125_D,ASP_127_D,VAL_130_D"
ASP_127_D,"VAL_123_D,HIS_124_D,ILE_126_D,TYR_128_D,GLN_131_D,GLN_197_D"
TYR_128_D,"ALA_117_D,PHE_119_D,HIS_124_D,ASP_127_D,TYR_129_D,MET_132_D"
TYR_129_D,"LEU_106_D,LEU_125_D,TYR_128_D,VAL_130_D,LEU_152_D"
VAL_130_D,"ILE_126_D,TYR_129_D,GLN_131_D"
GLN_131_D,"ASP_127_D,VAL_130_D,MET_132_D"
MET_132_D,"TYR_128_D,GLN_131_D"
THR_147_D,VAL_148_D
VAL_148_D,"THR_147_D,HIS_149_D"
HIS_149_D,"VAL_148_D,LEU_150_D"
LEU_150_D,"HIS_149_D,TYR_151_D"
TYR_151_D,"GLU_67_D,LEU_150_D,LEU_152_D,THR_153_D"
LEU_152_D,"VAL_86_D,TYR_129_D,TYR_151_D,THR_153_D"
THR_153_D,"GLY_68_D,TYR_151_D,LEU_152_D,LYS_154_D"
LYS_154_D,"THR_153_D,LYS_173_D"
PRO_155_D,"TRP_48_D,PHE_70_D,LEU_156_D"
LEU_156_D,"TRP_50_D,LYS_61_D,PHE_70_D,LEU_71_D,PRO_155_D,TYR_157_D"
TYR_157_D,"LEU_156_D,THR_158_D,PRO_161_D"
THR_158_D,"GLY_47_D,TYR_157_D,SER_159_D"
SER_159_D,"THR_158_D,ALA_160_D"
ALA_160_D,SER_159_D
PRO_161_D,"TYR_157_D,SER_162_D,LEU_166_D"
SER_162_D,"PRO_161_D,LEU_163_D,LEU_166_D"
LEU_163_D,"SER_162_D,GLN_164_D,CYS_167_D"
GLN_164_D,"LEU_163_D,HIS_165_D,ARG_168_D"
HIS_165_D,"GLN_45_D,GLN_164_D,LEU_166_D,ARG_168_D,LEU_169_D"
LEU_166_D,"PRO_161_D,SER_162_D,HIS_165_D,CYS_167_D"
CYS_167_D,"LEU_163_D,LEU_166_D,ARG_168_D,ILE_171_D"
ARG_168_D,"GLN_164_D,HIS_165_D,CYS_167_D,LEU_169_D,ASN_172_D,TYR_190_D,LEU_191_D,GLU_193_D"
LEU_169_D,"HIS_165_D,ARG_168_D,THR_170_D,LYS_173_D,TYR_194_D"
THR_170_D,"LEU_169_D,ILE_171_D"
ILE_171_D,"CYS_167_D,THR_170_D,ASN_172_D,THR_175_D"
ASN_172_D,"ARG_168_D,ILE_171_D,LYS_173_D,TYR_194_D,PHE_196_D"
LYS_173_D,"LYS_154_D,LEU_169_D,ASN_172_D"
THR_175_D,"ILE_171_D,GLY_176_D,ALA_177_D"
GLY_176_D,"THR_175_D,ALA_177_D"
ALA_177_D,"THR_175_D,GLY_176_D,ILE_178_D"
ILE_178_D,"ALA_177_D,TRP_179_D,LYS_188_D"
TRP_179_D,"ILE_178_D,GLY_180_D,LYS_188_D"
GLY_180_D,"TRP_179_D,LEU_181_D"
LEU_181_D,"GLY_180_D,LEU_183_D"
PRO_182_D,LEU_183_D
LEU_183_D,"LEU_181_D,PRO_182_D,LEU_191_D"
PRO_184_D,"THR_185_D,LEU_187_D"
THR_185_D,"PRO_184_D,ARG_186_D,ASP_189_D"
ARG_186_D,"THR_185_D,LEU_187_D"
LEU_187_D,"PRO_184_D,ARG_186_D,LYS_188_D,LEU_191_D"
LYS_188_D,"ILE_178_D,TRP_179_D,LEU_187_D,ASP_189_D,GLU_192_D"
ASP_189_D,"THR_185_D,LYS_188_D,TYR_190_D"
TYR_190_D,"ARG_168_D,ASP_189_D,LEU_191_D"
LEU_191_D,"ARG_168_D,LEU_183_D,LEU_187_D,TYR_190_D,GLU_192_D"
GLU_192_D,"LYS_188_D,LEU_191_D,GLU_193_D,LYS_195_D"
GLU_193_D,"ARG_168_D,GLU_192_D,TYR_194_D"
TYR_194_D,"LEU_169_D,ASN_172_D,GLU_193_D,LYS_195_D,VAL_198_D"
LYS_195_D,"GLU_192_D,TYR_194_D,PHE_196_D"
PHE_196_D,"VAL_123_D,HIS_124_D,ASN_172_D,LYS_195_D,GLN_197_D"
GLN_197_D,"ASP_127_D,PHE_196_D,VAL_198_D"
VAL_198_D,"TYR_194_D,GLN_197_D"
