residue_id,neighbors
ASP_1_L,ILE_2_L
ILE_2_L,"ASP_1_L,GLN_3_L,THR_97_L"
GLN_3_L,"ILE_2_L,MET_4_L,SER_26_L"
MET_4_L,"GLN_3_L,THR_5_L,LEU_33_L"
THR_5_L,"MET_4_L,GLN_6_L,ARG_24_L"
GLN_6_L,"THR_5_L,SER_7_L,TYR_86_L,GLN_100_L,GLY_101_L"
SER_7_L,GLN_6_L
PRO_8_L,"SER_9_L,THR_102_L"
SER_9_L,"PRO_8_L,SER_10_L"
SER_10_L,"SER_9_L,LEU_11_L"
LEU_11_L,"SER_10_L,SER_12_L,LEU_104_L,GLU_105_L"
SER_12_L,"LEU_11_L,ALA_13_L"
ALA_13_L,"SER_12_L,SER_14_L,VAL_19_L,LEU_78_L,LYS_107_L"
SER_14_L,"ALA_13_L,VAL_15_L,ASP_17_L"
VAL_15_L,"SER_14_L,GLY_16_L"
GLY_16_L,"VAL_15_L,ASP_17_L,LEU_78_L"
ASP_17_L,"SER_14_L,GLY_16_L,ARG_18_L"
ARG_18_L,"ASP_17_L,VAL_19_L,ARG_63_L"
VAL_19_L,"ALA_13_L,ARG_18_L,THR_20_L,LEU_78_L"
THR_20_L,"VAL_19_L,ILE_21_L"
ILE_21_L,"THR_20_L,THR_22_L,TRP_35_L,LEU_73_L,THR_102_L"
THR_22_L,"ILE_21_L,CYS_23_L"
CYS_23_L,"THR_22_L,ARG_24_L,TRP_35_L,CYS_88_L"
ARG_24_L,"THR_5_L,CYS_23_L,ALA_25_L,ASP_70_L"
ALA_25_L,"ARG_24_L,SER_26_L,GLY_27_L,ILE_29_L,THR_69_L"
SER_26_L,"GLN_3_L,ALA_25_L,GLY_27_L"
GLY_27_L,"ALA_25_L,SER_26_L,ASN_28_L"
ASN_28_L,"GLY_27_L,ILE_29_L"
ILE_29_L,"ALA_25_L,ASN_28_L,HIS_30_L,TYR_32_L,LEU_33_L,PHE_71_L,HIS_90_L"
HIS_30_L,"ILE_29_L,ASN_31_L,GLY_68_L"
ASN_31_L,"HIS_30_L,TYR_32_L,LEU_33_L"
TYR_32_L,"ILE_29_L,ASN_31_L,LEU_33_L,PHE_91_L"
LEU_33_L,"MET_4_L,ILE_29_L,ASN_31_L,TYR_32_L,ALA_34_L"
ALA_34_L,"LEU_33_L,TRP_35_L,GLN_89_L"
TRP_35_L,"ILE_21_L,CYS_23_L,ALA_34_L,TYR_36_L,LEU_73_L"
TYR_36_L,"TRP_35_L,GLN_37_L,PHE_46_L,TYR_87_L,GLN_89_L,PHE_98_L"
GLN_37_L,"TYR_36_L,GLN_38_L,LYS_45_L,ALA_84_L,TYR_86_L"
GLN_38_L,"GLN_37_L,LYS_39_L,THR_85_L"
LYS_39_L,GLN_38_L
PRO_40_L,GLY_41_L
GLY_41_L,"PRO_40_L,LYS_42_L"
LYS_42_L,"GLY_41_L,ALA_43_L"
ALA_43_L,LYS_42_L
PRO_44_L,LYS_45_L
LYS_45_L,"GLN_37_L,PRO_44_L,PHE_46_L"
PHE_46_L,"TYR_36_L,LYS_45_L,LEU_47_L,TYR_49_L"
LEU_47_L,"PHE_46_L,ILE_48_L,SER_55_L,TYR_86_L"
ILE_48_L,"LEU_47_L,TYR_49_L,LEU_73_L"
TYR_49_L,"PHE_46_L,ILE_48_L,ASN_50_L,THR_53_L"
ASN_50_L,"TYR_49_L,ALA_51_L,GLU_52_L"
ALA_51_L,"ASN_50_L,GLU_52_L"
GLU_52_L,"ASN_50_L,ALA_51_L,THR_53_L"
THR_53_L,"TYR_49_L,GLU_52_L,LEU_54_L"
LEU_54_L,"THR_53_L,SER_55_L"
SER_55_L,"LEU_47_L,LEU_54_L,ASP_56_L"
ASP_56_L,"SER_55_L,GLY_57_L"
GLY_57_L,"ASP_56_L,VAL_58_L"
VAL_58_L,GLY_57_L
PRO_59_L,"SER_60_L,PHE_62_L"
SER_60_L,"PRO_59_L,ARG_61_L"
ARG_61_L,"SER_60_L,PHE_62_L,GLU_81_L,ASP_82_L"
PHE_62_L,"PRO_59_L,ARG_61_L,ARG_63_L,ILE_75_L"
ARG_63_L,"ARG_18_L,PHE_62_L,GLY_64_L,SER_74_L"
GLY_64_L,"ARG_63_L,SER_65_L"
SER_65_L,"GLY_64_L,GLY_66_L,ALA_72_L"
GLY_66_L,"SER_65_L,SER_67_L"
SER_67_L,"GLY_66_L,GLY_68_L"
GLY_68_L,"HIS_30_L,SER_67_L,THR_69_L"
THR_69_L,"ALA_25_L,GLY_68_L,ASP_70_L"
ASP_70_L,"ARG_24_L,THR_69_L,PHE_71_L"
PHE_71_L,"ILE_29_L,ASP_70_L,ALA_72_L"
ALA_72_L,"SER_65_L,PHE_71_L,LEU_73_L"
LEU_73_L,"ILE_21_L,TRP_35_L,ILE_48_L,ALA_72_L,SER_74_L,TYR_86_L"
SER_74_L,"ARG_63_L,LEU_73_L,ILE_75_L"
ILE_75_L,"PHE_62_L,SER_74_L,SER_76_L,LEU_78_L"
SER_76_L,"ILE_75_L,SER_77_L"
SER_77_L,"SER_76_L,LEU_78_L"
LEU_78_L,"ALA_13_L,GLY_16_L,VAL_19_L,ILE_75_L,SER_77_L,GLN_79_L,ASP_82_L,LEU_104_L"
GLN_79_L,"LEU_78_L,ASP_82_L"
PRO_80_L,GLU_81_L
GLU_81_L,"ARG_61_L,PRO_80_L,ASP_82_L"
ASP_82_L,"ARG_61_L,LEU_78_L,GLN_79_L,GLU_81_L,PHE_83_L,TYR_86_L"
PHE_83_L,"ASP_82_L,ALA_84_L,ILE_106_L"
ALA_84_L,"GLN_37_L,PHE_83_L,THR_85_L,LEU_104_L"
THR_85_L,"GLN_38_L,ALA_84_L,TYR_86_L,TYR_87_L"
TYR_86_L,"GLN_6_L,GLN_37_L,LEU_47_L,LEU_73_L,ASP_82_L,THR_85_L,TYR_87_L,THR_102_L"
TYR_87_L,"TYR_36_L,THR_85_L,TYR_86_L,CYS_88_L"
CYS_88_L,"CYS_23_L,TYR_87_L,GLN_89_L,GLY_99_L"
GLN_89_L,"ALA_34_L,TYR_36_L,CYS_88_L,HIS_90_L,PHE_91_L,PHE_96_L,PHE_98_L"
HIS_90_L,"ILE_29_L,GLN_89_L,PHE_91_L,PRO_95_L"
PHE_91_L,"TYR_32_L,GLN_89_L,HIS_90_L,MET_92_L"
MET_92_L,"PHE_91_L,TYR_93_L"
TYR_93_L,MET_92_L
PRO_95_L,"HIS_90_L,PHE_96_L"
PHE_96_L,"GLN_89_L,PRO_95_L,THR_97_L"
THR_97_L,"ILE_2_L,PHE_96_L,PHE_98_L"
PHE_98_L,"TYR_36_L,GLN_89_L,THR_97_L,GLY_99_L"
GLY_99_L,"CYS_88_L,PHE_98_L,GLN_100_L"
GLN_100_L,"GLN_6_L,GLY_99_L,GLY_101_L"
GLY_101_L,"GLN_6_L,GLN_100_L,THR_102_L"
THR_102_L,"PRO_8_L,ILE_21_L,TYR_86_L,GLY_101_L,LYS_103_L"
LYS_103_L,"THR_102_L,LEU_104_L,GLU_105_L,GLU_165_L"
LEU_104_L,"LEU_11_L,LEU_78_L,ALA_84_L,LYS_103_L,GLU_105_L"
GLU_105_L,"LEU_11_L,LYS_103_L,LEU_104_L,ILE_106_L,GLU_165_L,TYR_173_L"
ILE_106_L,"PHE_83_L,GLU_105_L,LYS_107_L,GLN_166_L"
LYS_107_L,"ALA_13_L,ILE_106_L,ARG_108_L"
ARG_108_L,"LYS_107_L,THR_109_L,TYR_140_L,ASP_170_L"
THR_109_L,"ARG_108_L,VAL_110_L"
VAL_110_L,"THR_109_L,ALA_111_L"
ALA_111_L,"VAL_110_L,ALA_112_L,HIS_198_L"
ALA_112_L,ALA_111_L
PRO_113_L,"SER_114_L,PHE_139_L"
SER_114_L,"PRO_113_L,VAL_115_L,ASN_137_L"
VAL_115_L,"SER_114_L,PHE_116_L,VAL_196_L,LYS_207_L"
PHE_116_L,"VAL_115_L,ILE_117_L,LEU_135_L"
ILE_117_L,"PHE_116_L,PHE_118_L,TRP_148_L"
PHE_118_L,"ILE_117_L,VAL_133_L"
PRO_119_L,PHE_209_L
PRO_120_L,SER_121_L
SER_121_L,"PRO_120_L,ASP_122_L"
ASP_122_L,"SER_121_L,GLU_123_L"
GLU_123_L,"ASP_122_L,GLN_124_L"
GLN_124_L,"GLU_123_L,LEU_125_L,SER_127_L,SER_131_L"
LEU_125_L,"GLN_124_L,LYS_126_L,ALA_130_L"
LYS_126_L,"LEU_125_L,SER_127_L"
SER_127_L,"GLN_124_L,LYS_126_L,GLY_128_L"
GLY_128_L,"SER_127_L,THR_129_L"
THR_129_L,"GLY_128_L,ALA_130_L"
ALA_130_L,"LEU_125_L,THR_129_L,SER_131_L,LEU_181_L,TYR_186_L"
SER_131_L,"GLN_124_L,ALA_130_L,VAL_132_L"
VAL_132_L,"SER_131_L,VAL_133_L,TRP_148_L,LEU_179_L"
VAL_133_L,"PHE_118_L,VAL_132_L,CYS_134_L"
CYS_134_L,"VAL_133_L,LEU_135_L,TRP_148_L,SER_177_L,CYS_194_L"
LEU_135_L,"PHE_116_L,CYS_134_L,LEU_136_L"
LEU_136_L,"LEU_135_L,ASN_137_L,PHE_139_L,VAL_146_L,LEU_175_L,VAL_196_L"
ASN_137_L,"SER_114_L,LEU_136_L,ASN_138_L,SER_174_L"
ASN_138_L,"ASN_137_L,PHE_139_L"
PHE_139_L,"PRO_113_L,LEU_136_L,ASN_138_L,TYR_140_L,TYR_173_L"
TYR_140_L,"ARG_108_L,PHE_139_L,PRO_141_L,HIS_198_L"
PRO_141_L,"TYR_140_L,ARG_142_L"
ARG_142_L,"PRO_141_L,GLU_143_L"
GLU_143_L,"ARG_142_L,ALA_144_L"
ALA_144_L,"GLU_143_L,LYS_145_L"
LYS_145_L,"ALA_144_L,VAL_146_L,THR_197_L"
VAL_146_L,"LEU_136_L,LYS_145_L,GLN_147_L"
GLN_147_L,"VAL_146_L,TRP_148_L,GLU_195_L"
TRP_148_L,"ILE_117_L,VAL_132_L,CYS_134_L,GLN_147_L,LYS_149_L,LEU_179_L"
LYS_149_L,"TRP_148_L,VAL_150_L,ALA_193_L"
VAL_150_L,"LYS_149_L,ASP_151_L,TYR_192_L"
ASP_151_L,"VAL_150_L,ASN_152_L,HIS_189_L,VAL_191_L"
ASN_152_L,"ASP_151_L,ALA_153_L"
ALA_153_L,"ASN_152_L,LEU_154_L"
LEU_154_L,"ALA_153_L,GLN_155_L"
GLN_155_L,"LEU_154_L,SER_156_L"
SER_156_L,"GLN_155_L,GLY_157_L"
GLY_157_L,"SER_156_L,ASN_158_L"
ASN_158_L,"GLY_157_L,SER_159_L"
SER_159_L,"ASN_158_L,GLN_160_L"
GLN_160_L,"SER_159_L,GLU_161_L"
GLU_161_L,"GLN_160_L,SER_162_L"
SER_162_L,"GLU_161_L,VAL_163_L"
VAL_163_L,"SER_162_L,THR_164_L,LEU_175_L"
THR_164_L,"VAL_163_L,GLU_165_L,SER_174_L"
GLU_165_L,"LYS_103_L,GLU_105_L,THR_164_L,GLN_166_L"
GLN_166_L,"ILE_106_L,GLU_165_L,ASP_167_L,SER_171_L,TYR_173_L"
ASP_167_L,"GLN_166_L,SER_168_L,LYS_169_L,ASP_170_L,SER_171_L,THR_172_L"
SER_168_L,"ASP_167_L,LYS_169_L"
LYS_169_L,"ASP_167_L,SER_168_L,ASP_170_L"
ASP_170_L,"ARG_108_L,ASP_167_L,LYS_169_L,SER_171_L,THR_172_L"
SER_171_L,"GLN_166_L,ASP_167_L,ASP_170_L,THR_172_L"
THR_172_L,"ASP_167_L,ASP_170_L,SER_171_L,TYR_173_L"
TYR_173_L,"GLU_105_L,PHE_139_L,GLN_166_L,THR_172_L,SER_174_L"
SER_174_L,"ASN_137_L,THR_164_L,TYR_173_L,LEU_175_L"
LEU_175_L,"LEU_136_L,VAL_163_L,SER_174_L,SER_176_L"
SER_176_L,"LEU_175_L,SER_177_L"
SER_177_L,"CYS_134_L,SER_176_L,THR_178_L"
THR_178_L,"SER_177_L,LEU_179_L"
LEU_179_L,"VAL_132_L,TRP_148_L,THR_178_L,THR_180_L"
THR_180_L,"LEU_179_L,LEU_181_L"
LEU_181_L,"ALA_130_L,THR_180_L,SER_182_L"
SER_182_L,"LEU_181_L,LYS_183_L,ASP_185_L,TYR_186_L"
LYS_183_L,"SER_182_L,ALA_184_L,GLU_187_L"
ALA_184_L,"LYS_183_L,ASP_185_L"
ASP_185_L,"SER_182_L,ALA_184_L,TYR_186_L,LYS_188_L"
TYR_186_L,"ALA_130_L,SER_182_L,ASP_185_L,GLU_187_L,TYR_192_L"
GLU_187_L,"LYS_183_L,TYR_186_L,LYS_188_L"
LYS_188_L,"ASP_185_L,GLU_187_L,HIS_189_L"
HIS_189_L,"ASP_151_L,LYS_188_L,LYS_190_L"
LYS_190_L,"HIS_189_L,VAL_191_L"
VAL_191_L,"ASP_151_L,LYS_190_L,TYR_192_L"
TYR_192_L,"VAL_150_L,TYR_186_L,VAL_191_L,ALA_193_L"
ALA_193_L,"LYS_149_L,TYR_192_L,CYS_194_L"
CYS_194_L,"CYS_134_L,ALA_193_L,GLU_195_L,LYS_207_L"
GLU_195_L,"GLN_147_L,CYS_194_L,VAL_196_L"
VAL_196_L,"VAL_115_L,LEU_136_L,GLU_195_L,THR_197_L"
THR_197_L,"LYS_145_L,VAL_196_L,HIS_198_L"
HIS_198_L,"ALA_111_L,TYR_140_L,THR_197_L,GLN_199_L,LEU_201_L"
GLN_199_L,"HIS_198_L,GLY_200_L"
GLY_200_L,"GLN_199_L,LEU_201_L"
LEU_201_L,"HIS_198_L,GLY_200_L,SER_202_L"
SER_202_L,"LEU_201_L,SER_203_L"
SER_203_L,SER_202_L
PRO_204_L,VAL_205_L
VAL_205_L,"PRO_204_L,THR_206_L"
THR_206_L,"VAL_205_L,LYS_207_L"
LYS_207_L,"VAL_115_L,CYS_194_L,THR_206_L,SER_208_L"
SER_208_L,"LYS_207_L,PHE_209_L"
PHE_209_L,"PRO_119_L,SER_208_L,ASN_210_L"
ASN_210_L,"PHE_209_L,ARG_211_L"
ARG_211_L,"ASN_210_L,GLY_212_L"
GLY_212_L,ARG_211_L
