residue_id,neighbors
GLN_2_A,"VAL_3_A,GLU_4_A"
VAL_3_A,"GLN_2_A,GLU_4_A,GLY_30_A,TYR_270_A"
GLU_4_A,"GLN_2_A,VAL_3_A,GLY_5_A,TYR_270_A"
GLY_5_A,"GLU_4_A,LEU_6_A,GLN_244_A"
LEU_6_A,"GLY_5_A,SER_7_A,ILE_31_A,VAL_246_A"
SER_7_A,"LEU_6_A,ILE_8_A,THR_61_A,GLN_244_A,VAL_246_A"
ILE_8_A,"SER_7_A,ASN_9_A,ALA_35_A,ILE_263_A"
ASN_9_A,"ILE_8_A,LEU_10_A,THR_12_A,TRP_37_A,GLU_245_A,VAL_246_A,GLU_247_A"
LEU_10_A,"ASN_9_A,ALA_11_A,ALA_35_A"
ALA_11_A,"LEU_10_A,THR_12_A,PHE_249_A,TRP_255_A"
THR_12_A,"ASN_9_A,ALA_11_A,ILE_13_A,VAL_246_A,VAL_262_A"
ILE_13_A,"THR_12_A,ARG_14_A"
ARG_14_A,"ILE_13_A,GLU_15_A,ASP_39_A"
GLU_15_A,"ARG_14_A,GLN_16_A,TRP_255_A"
GLN_16_A,"GLU_15_A,CYS_17_A,TRP_254_A,ARG_257_A,ALA_259_A"
CYS_17_A,"GLN_16_A,GLY_18_A"
GLY_18_A,"CYS_17_A,PHE_19_A"
PHE_19_A,"GLY_18_A,ALA_20_A,PRO_36_A"
ALA_20_A,"PHE_19_A,GLU_21_A"
GLU_21_A,"ALA_20_A,ALA_22_A,ILE_25_A"
ALA_22_A,"GLU_21_A,VAL_23_A,CYS_26_A"
VAL_23_A,"ALA_22_A,ASP_24_A,LEU_27_A,ILE_52_A"
ASP_24_A,"VAL_23_A,ILE_25_A,LYS_28_A"
ILE_25_A,"GLU_21_A,ASP_24_A,CYS_26_A,ALA_259_A"
CYS_26_A,"ALA_22_A,ILE_25_A,LEU_27_A,ILE_31_A"
LEU_27_A,"VAL_23_A,CYS_26_A,LYS_28_A"
LYS_28_A,"ASP_24_A,LEU_27_A,HIS_29_A,ASP_260_A"
HIS_29_A,"LYS_28_A,GLY_30_A,ASP_260_A"
GLY_30_A,"VAL_3_A,HIS_29_A,ILE_31_A"
ILE_31_A,"LEU_6_A,CYS_26_A,GLY_30_A,THR_32_A,ILE_263_A"
THR_32_A,"ILE_31_A,ALA_33_A"
ALA_33_A,"THR_32_A,ILE_34_A"
ILE_34_A,"ALA_33_A,ALA_35_A,LYS_59_A,THR_61_A"
ALA_35_A,"ILE_8_A,LEU_10_A,ILE_34_A"
PRO_36_A,"PHE_19_A,TRP_37_A,LEU_60_A"
TRP_37_A,"ASN_9_A,PRO_36_A,ARG_38_A,GLN_40_A,CYS_64_A"
ARG_38_A,"TRP_37_A,ASP_39_A,ALA_42_A,CYS_64_A,ASP_83_A,ARG_86_A,GLU_90_A"
ASP_39_A,"ARG_14_A,ARG_38_A,GLN_40_A,ALA_43_A"
GLN_40_A,"TRP_37_A,ASP_39_A,VAL_41_A"
VAL_41_A,"GLN_40_A,ALA_42_A,GLY_45_A"
ALA_42_A,"ARG_38_A,VAL_41_A,ALA_43_A"
ALA_43_A,"ASP_39_A,ALA_42_A,ILE_44_A"
ILE_44_A,"ALA_43_A,GLY_45_A,GLU_48_A"
GLY_45_A,"VAL_41_A,ILE_44_A,LEU_46_A,ALA_49_A"
LEU_46_A,"GLY_45_A,GLY_47_A,GLY_50_A,LEU_94_A"
GLY_47_A,"LEU_46_A,GLU_48_A"
GLU_48_A,"ILE_44_A,GLY_47_A,ALA_49_A,ARG_51_A"
ALA_49_A,"GLY_45_A,GLU_48_A,GLY_50_A,VAL_53_A"
GLY_50_A,"LEU_46_A,ALA_49_A,ARG_51_A,ARG_54_A"
ARG_51_A,"GLU_48_A,GLY_50_A,ILE_52_A,ALA_55_A"
ILE_52_A,"VAL_23_A,ARG_51_A,VAL_53_A,ASN_56_A"
VAL_53_A,"ALA_49_A,ILE_52_A,ARG_54_A,GLY_57_A,LEU_58_A,LEU_60_A"
ARG_54_A,"GLY_50_A,VAL_53_A,ALA_55_A,ASN_56_A,GLY_57_A,GLU_93_A"
ALA_55_A,"ARG_51_A,ARG_54_A,ASN_56_A"
ASN_56_A,"ILE_52_A,ARG_54_A,ALA_55_A,GLY_57_A"
GLY_57_A,"VAL_53_A,ARG_54_A,ASN_56_A,LEU_58_A"
LEU_58_A,"VAL_53_A,GLY_57_A,LYS_59_A"
LYS_59_A,"ILE_34_A,LEU_58_A,LEU_60_A,ASP_97_A"
LEU_60_A,"PRO_36_A,VAL_53_A,LYS_59_A,THR_61_A,LEU_94_A,ASP_97_A"
THR_61_A,"SER_7_A,ILE_34_A,LEU_60_A,GLY_62_A,GLU_245_A"
GLY_62_A,"THR_61_A,LEU_63_A"
LEU_63_A,"GLY_62_A,CYS_64_A"
CYS_64_A,"TRP_37_A,ARG_38_A,LEU_63_A,ARG_65_A"
ARG_65_A,"CYS_64_A,GLY_66_A,ARG_151_A"
GLY_66_A,"ARG_65_A,GLY_67_A,VAL_100_A,VAL_102_A"
GLY_67_A,"GLY_66_A,PHE_68_A,ASN_84_A"
PHE_68_A,"GLY_67_A,PHE_69_A,VAL_102_A"
PHE_69_A,"PHE_68_A,ALA_103_A,ILE_124_A"
PRO_70_A,ALA_71_A
ALA_71_A,PRO_70_A
PRO_72_A,ASP_73_A
ASP_73_A,"PRO_72_A,ALA_74_A,ARG_77_A"
ALA_74_A,"ASP_73_A,SER_75_A,GLU_78_A"
SER_75_A,"ALA_74_A,GLY_76_A,LYS_79_A"
GLY_76_A,"SER_75_A,ARG_77_A"
ARG_77_A,"ASP_73_A,GLY_76_A,GLU_78_A,ILE_81_A"
GLU_78_A,"ALA_74_A,ARG_77_A,LYS_79_A,ASP_82_A,ARG_85_A"
LYS_79_A,"SER_75_A,GLU_78_A,ALA_80_A"
ALA_80_A,"LYS_79_A,ILE_81_A,ASN_84_A"
ILE_81_A,"ARG_77_A,ALA_80_A,ASP_82_A,ALA_126_A"
ASP_82_A,"GLU_78_A,ILE_81_A,ASP_83_A,ARG_85_A,ARG_86_A"
ASP_83_A,"ARG_38_A,ASP_82_A,ASN_84_A,ARG_86_A,ALA_87_A"
ASN_84_A,"GLY_67_A,ALA_80_A,ASP_83_A,ARG_85_A,VAL_88_A,VAL_127_A"
ARG_85_A,"GLU_78_A,ASP_82_A,ASN_84_A,ARG_86_A,HIS_130_A"
ARG_86_A,"ARG_38_A,ASP_82_A,ASP_83_A,ARG_85_A,ALA_87_A"
ALA_87_A,"ASP_83_A,ARG_86_A,VAL_88_A"
VAL_88_A,"ASN_84_A,ALA_87_A,ASP_89_A,ALA_92_A"
ASP_89_A,"VAL_88_A,GLU_90_A,HIS_130_A"
GLU_90_A,"ARG_38_A,ASP_89_A,ALA_91_A"
ALA_91_A,"GLU_90_A,ALA_92_A,GLY_95_A,ALA_96_A,VAL_136_A"
ALA_92_A,"VAL_88_A,ALA_91_A,GLU_93_A,VAL_136_A"
GLU_93_A,"ARG_54_A,ALA_92_A,LEU_94_A"
LEU_94_A,"LEU_46_A,LEU_60_A,GLU_93_A,GLY_95_A"
GLY_95_A,"ALA_91_A,LEU_94_A,ALA_96_A"
ALA_96_A,"ALA_91_A,GLY_95_A,ASP_97_A"
ASP_97_A,"LYS_59_A,LEU_60_A,ALA_96_A,CYS_98_A"
CYS_98_A,"ASP_97_A,LEU_99_A"
LEU_99_A,"CYS_98_A,VAL_100_A,PRO_137_A,ALA_139_A"
VAL_100_A,"GLY_66_A,LEU_99_A,LEU_101_A"
LEU_101_A,"VAL_100_A,VAL_102_A,ALA_139_A,GLU_141_A"
VAL_102_A,"GLY_66_A,PHE_68_A,LEU_101_A,ALA_103_A"
ALA_103_A,"PHE_69_A,VAL_102_A,GLY_104_A,VAL_120_A,VAL_154_A"
GLY_104_A,"ALA_103_A,GLY_105_A,ARG_151_A"
GLY_105_A,"GLY_104_A,LEU_106_A"
LEU_106_A,"GLY_105_A,ALA_149_A"
PRO_107_A,"GLY_108_A,SER_110_A"
GLY_108_A,"PRO_107_A,GLY_109_A"
GLY_109_A,"GLY_108_A,SER_110_A"
SER_110_A,"PRO_107_A,GLY_109_A,LYS_111_A,ASN_112_A"
LYS_111_A,"SER_110_A,ASN_112_A"
ASN_112_A,"SER_110_A,LYS_111_A,ILE_113_A"
ILE_113_A,"ASN_112_A,ASP_114_A,ARG_117_A"
ASP_114_A,"ILE_113_A,ALA_115_A,ARG_117_A,ARG_118_A"
ALA_115_A,"ASP_114_A,ALA_116_A,MET_119_A"
ALA_116_A,"ALA_115_A,ARG_117_A"
ARG_117_A,"ILE_113_A,ASP_114_A,ALA_116_A,ARG_118_A,CYS_153_A,ASN_155_A"
ARG_118_A,"ASP_114_A,ARG_117_A,MET_119_A,GLU_122_A"
MET_119_A,"ALA_115_A,ARG_118_A,VAL_120_A,GLY_123_A"
VAL_120_A,"ALA_103_A,MET_119_A,VAL_121_A,ILE_124_A"
VAL_121_A,"VAL_120_A,GLU_122_A,ALA_125_A,ILE_163_A"
GLU_122_A,"ARG_118_A,VAL_121_A,GLY_123_A,ALA_126_A"
GLY_123_A,"MET_119_A,GLU_122_A,ILE_124_A"
ILE_124_A,"PHE_69_A,VAL_120_A,GLY_123_A,ALA_125_A,LEU_128_A,LEU_167_A"
ALA_125_A,"VAL_121_A,ILE_124_A,ALA_126_A"
ALA_126_A,"ILE_81_A,GLU_122_A,ALA_125_A,VAL_127_A"
VAL_127_A,"ASN_84_A,ALA_126_A,LEU_128_A"
LEU_128_A,"ILE_124_A,VAL_127_A,ARG_132_A"
PRO_129_A,"HIS_130_A,ALA_133_A"
HIS_130_A,"ARG_85_A,ASP_89_A,PRO_129_A,ALA_131_A"
ALA_131_A,"HIS_130_A,ARG_132_A,VAL_136_A,LEU_138_A"
ARG_132_A,"LEU_128_A,ALA_131_A,ALA_133_A,PRO_169_A"
ALA_133_A,"PRO_129_A,ARG_132_A,ALA_134_A"
ALA_134_A,"ALA_133_A,GLY_135_A"
GLY_135_A,"ALA_134_A,VAL_136_A"
VAL_136_A,"ALA_91_A,ALA_92_A,ALA_131_A,GLY_135_A"
PRO_137_A,"LEU_99_A,LEU_138_A,LEU_200_A"
LEU_138_A,"ALA_131_A,PRO_137_A,ALA_139_A,GLY_172_A"
ALA_139_A,"LEU_99_A,LEU_101_A,LEU_138_A,ILE_140_A"
ILE_140_A,"ALA_139_A,GLU_141_A,ALA_160_A,ILE_163_A,VAL_171_A,GLY_172_A,ALA_174_A"
GLU_141_A,"LEU_101_A,ILE_140_A,ASP_176_A,HIS_179_A,HIS_203_A,ARG_218_A,GLU_247_A"
PRO_142_A,LEU_143_A
LEU_143_A,"PRO_142_A,HIS_144_A,ALA_152_A,VAL_154_A"
HIS_144_A,"LEU_143_A,TYR_147_A"
PRO_145_A,"MET_146_A,TRP_182_A"
MET_146_A,"PRO_145_A,TYR_147_A,TRP_207_A"
TYR_147_A,"HIS_144_A,MET_146_A,ALA_148_A,MET_214_A"
ALA_148_A,"TYR_147_A,ALA_149_A"
ALA_149_A,"LEU_106_A,ALA_148_A,ASP_150_A"
ASP_150_A,"ALA_149_A,ARG_151_A"
ARG_151_A,"ARG_65_A,GLY_104_A,ASP_150_A,ALA_152_A"
ALA_152_A,"LEU_143_A,ARG_151_A,CYS_153_A,ASN_155_A"
CYS_153_A,"ARG_117_A,ALA_152_A,VAL_154_A"
VAL_154_A,"ALA_103_A,LEU_143_A,CYS_153_A,ASN_155_A"
ASN_155_A,"ARG_117_A,ALA_152_A,VAL_154_A,THR_156_A,GLN_159_A"
THR_156_A,"ASN_155_A,LEU_157_A,GLN_159_A,ALA_160_A"
LEU_157_A,"THR_156_A,GLY_158_A,LEU_161_A"
GLY_158_A,"LEU_157_A,GLN_159_A,ASP_162_A"
GLN_159_A,"ASN_155_A,THR_156_A,GLY_158_A,ALA_160_A"
ALA_160_A,"ILE_140_A,THR_156_A,GLN_159_A,LEU_161_A,VAL_173_A"
LEU_161_A,"LEU_157_A,ALA_160_A,ASP_162_A,GLU_165_A,VAL_173_A"
ASP_162_A,"GLY_158_A,LEU_161_A,ILE_163_A,GLU_165_A,THR_166_A,ARG_192_A"
ILE_163_A,"VAL_121_A,ILE_140_A,ASP_162_A,CYS_164_A,LEU_167_A"
CYS_164_A,"ILE_163_A,GLU_165_A,GLY_168_A"
GLU_165_A,"LEU_161_A,ASP_162_A,CYS_164_A,THR_166_A,ARG_192_A"
THR_166_A,"ASP_162_A,GLU_165_A,LEU_167_A"
LEU_167_A,"ILE_124_A,ILE_163_A,THR_166_A,GLY_168_A"
GLY_168_A,"CYS_164_A,LEU_167_A"
PRO_169_A,"ARG_132_A,GLY_170_A"
GLY_170_A,"PRO_169_A,VAL_171_A"
VAL_171_A,"ILE_140_A,GLY_170_A,GLY_172_A"
GLY_172_A,"LEU_138_A,ILE_140_A,VAL_171_A,VAL_173_A"
VAL_173_A,"ALA_160_A,LEU_161_A,GLY_172_A,ALA_174_A,ALA_198_A,LEU_200_A"
ALA_174_A,"ILE_140_A,VAL_173_A,ILE_175_A"
ILE_175_A,"ALA_174_A,ASP_176_A,ALA_201_A,HIS_203_A"
ASP_176_A,"GLU_141_A,ILE_175_A,VAL_177_A,TYR_178_A,HIS_179_A,HIS_203_A,ARG_218_A,GLU_247_A"
VAL_177_A,"ASP_176_A,TYR_178_A,TRP_181_A,LEU_228_A"
TYR_178_A,"ASP_176_A,VAL_177_A,HIS_179_A,TRP_207_A,ARG_218_A"
HIS_179_A,"GLU_141_A,ASP_176_A,TYR_178_A,VAL_180_A,TRP_182_A,ARG_218_A,GLU_247_A"
VAL_180_A,"HIS_179_A,TRP_181_A,ASP_183_A"
TRP_181_A,"VAL_177_A,VAL_180_A,TRP_182_A,ILE_226_A"
TRP_182_A,"PRO_145_A,HIS_179_A,TRP_181_A,ASP_183_A"
ASP_183_A,"VAL_180_A,TRP_182_A,ASP_185_A,LEU_186_A"
PRO_184_A,ASP_185_A
ASP_185_A,"ASP_183_A,PRO_184_A,LEU_186_A,ASN_188_A,GLN_189_A"
LEU_186_A,"ASP_183_A,ASP_185_A,ALA_187_A,ILE_190_A"
ALA_187_A,"LEU_186_A,ASN_188_A"
ASN_188_A,"ASP_185_A,ALA_187_A,GLN_189_A,ARG_192_A"
GLN_189_A,"ASP_185_A,ASN_188_A,ILE_190_A,ARG_192_A,ALA_193_A"
ILE_190_A,"LEU_186_A,GLN_189_A,ALA_191_A,GLY_194_A"
ALA_191_A,"ILE_190_A,ARG_192_A"
ARG_192_A,"ASP_162_A,GLU_165_A,ASN_188_A,GLN_189_A,ALA_191_A,ALA_193_A"
ALA_193_A,"GLN_189_A,ARG_192_A,GLY_194_A,ALA_198_A,ILE_199_A"
GLY_194_A,"ILE_190_A,ALA_193_A,LYS_195_A,LYS_197_A"
LYS_195_A,"GLY_194_A,MET_196_A"
MET_196_A,"LYS_195_A,LYS_197_A"
LYS_197_A,"GLY_194_A,MET_196_A,ALA_198_A"
ALA_198_A,"VAL_173_A,ALA_193_A,LYS_197_A,ILE_199_A"
ILE_199_A,"ALA_193_A,ALA_198_A,LEU_200_A,PHE_240_A"
LEU_200_A,"PRO_137_A,VAL_173_A,ILE_199_A,ALA_201_A"
ALA_201_A,"ILE_175_A,LEU_200_A,HIS_202_A"
HIS_202_A,"ALA_201_A,HIS_203_A,ARG_232_A,PHE_240_A,GLU_245_A"
HIS_203_A,"GLU_141_A,ILE_175_A,ASP_176_A,HIS_202_A,ILE_204_A,ARG_218_A,GLU_245_A,GLU_247_A"
ILE_204_A,"HIS_203_A,CYS_205_A,GLN_244_A,GLU_245_A"
CYS_205_A,"ILE_204_A,ASP_206_A"
ASP_206_A,"CYS_205_A,TRP_207_A,GLY_219_A,GLY_222_A,GLY_224_A,ILE_226_A"
TRP_207_A,"MET_146_A,TYR_178_A,ASP_206_A,LEU_208_A,ILE_226_A"
LEU_208_A,"TRP_207_A,VAL_209_A,THR_211_A"
VAL_209_A,"LEU_208_A,VAL_225_A"
PRO_210_A,THR_211_A
THR_211_A,"LEU_208_A,PRO_210_A,LYS_212_A"
LYS_212_A,"THR_211_A,ASP_213_A,ASP_217_A"
ASP_213_A,"LYS_212_A,MET_214_A,LEU_215_A,THR_216_A"
MET_214_A,"TYR_147_A,ASP_213_A,LEU_215_A"
LEU_215_A,"ASP_213_A,MET_214_A,THR_216_A"
THR_216_A,"ASP_213_A,LEU_215_A,ASP_217_A,ALA_251_A"
ASP_217_A,"LYS_212_A,THR_216_A,ARG_218_A"
ARG_218_A,"GLU_141_A,ASP_176_A,TYR_178_A,HIS_179_A,HIS_203_A,ASP_217_A,GLY_219_A,GLU_247_A,PHE_249_A"
GLY_219_A,"ASP_206_A,ARG_218_A,MET_220_A"
MET_220_A,"GLY_219_A,MET_221_A,ASP_223_A,ILE_248_A,TRP_254_A,ARG_269_A"
MET_221_A,"MET_220_A,GLY_222_A,LEU_228_A,VAL_246_A,ARG_269_A"
GLY_222_A,"ASP_206_A,MET_221_A,ASP_223_A"
ASP_223_A,"MET_220_A,GLY_222_A,GLY_224_A,ARG_269_A"
GLY_224_A,"ASP_206_A,ASP_223_A,VAL_225_A"
VAL_225_A,"VAL_209_A,GLY_224_A,ILE_226_A"
ILE_226_A,"TRP_181_A,ASP_206_A,TRP_207_A,VAL_225_A,ASP_227_A,LEU_228_A,ILE_231_A"
ASP_227_A,"ILE_226_A,LEU_228_A,GLY_230_A,ILE_231_A,ARG_233_A"
LEU_228_A,"VAL_177_A,MET_221_A,ILE_226_A,ASP_227_A,LYS_229_A,ARG_232_A"
LYS_229_A,"LEU_228_A,GLY_230_A,ARG_233_A"
GLY_230_A,"ASP_227_A,LYS_229_A,ILE_231_A"
ILE_231_A,"ILE_226_A,ASP_227_A,GLY_230_A,ARG_232_A,ILE_235_A"
ARG_232_A,"HIS_202_A,LEU_228_A,ILE_231_A,ARG_233_A,GLU_236_A,HIS_241_A,GLY_242_A"
ARG_233_A,"ASP_227_A,LYS_229_A,ARG_232_A,ARG_234_A,ALA_237_A"
ARG_234_A,"ARG_233_A,ILE_235_A,ALA_238_A"
ILE_235_A,"ILE_231_A,ARG_234_A,GLU_236_A,PHE_240_A"
GLU_236_A,"ARG_232_A,ILE_235_A,ALA_237_A,GLY_239_A,HIS_241_A"
ALA_237_A,"ARG_233_A,GLU_236_A,ALA_238_A"
ALA_238_A,"ARG_234_A,ALA_237_A,GLY_239_A"
GLY_239_A,"GLU_236_A,ALA_238_A,PHE_240_A"
PHE_240_A,"ILE_199_A,HIS_202_A,ILE_235_A,GLY_239_A,HIS_241_A"
HIS_241_A,"ARG_232_A,GLU_236_A,PHE_240_A,GLY_242_A"
GLY_242_A,"ARG_232_A,HIS_241_A,ALA_243_A"
ALA_243_A,"GLY_242_A,GLN_244_A"
GLN_244_A,"GLY_5_A,SER_7_A,ILE_204_A,ALA_243_A,GLU_245_A"
GLU_245_A,"ASN_9_A,THR_61_A,HIS_202_A,HIS_203_A,ILE_204_A,GLN_244_A,VAL_246_A,GLU_247_A"
VAL_246_A,"LEU_6_A,SER_7_A,ASN_9_A,THR_12_A,MET_221_A,GLU_245_A,GLU_247_A,ILE_248_A"
GLU_247_A,"ASN_9_A,GLU_141_A,ASP_176_A,HIS_179_A,HIS_203_A,ARG_218_A,GLU_245_A,VAL_246_A,ILE_248_A,PHE_249_A"
ILE_248_A,"MET_220_A,VAL_246_A,GLU_247_A,PHE_249_A"
PHE_249_A,"ALA_11_A,ARG_218_A,GLU_247_A,ILE_248_A,SER_250_A"
SER_250_A,"PHE_249_A,ALA_251_A,TRP_254_A,TRP_255_A"
ALA_251_A,"THR_216_A,SER_250_A,ASP_252_A"
ASP_252_A,"ALA_251_A,ASN_253_A,LYS_256_A"
ASN_253_A,"ASP_252_A,TRP_254_A,ARG_257_A"
TRP_254_A,"GLN_16_A,MET_220_A,SER_250_A,ASN_253_A,TRP_255_A,THR_265_A"
TRP_255_A,"ALA_11_A,GLU_15_A,SER_250_A,TRP_254_A,LYS_256_A"
LYS_256_A,"ASP_252_A,TRP_255_A,ARG_257_A"
ARG_257_A,"GLN_16_A,ASN_253_A,LYS_256_A,GLU_261_A"
PRO_258_A,"ALA_259_A,GLU_261_A"
ALA_259_A,"GLN_16_A,ILE_25_A,PRO_258_A,ASP_260_A"
ASP_260_A,"LYS_28_A,HIS_29_A,ALA_259_A,GLU_261_A"
GLU_261_A,"ARG_257_A,PRO_258_A,ASP_260_A,VAL_262_A,THR_265_A"
VAL_262_A,"THR_12_A,GLU_261_A,ILE_263_A,CYS_266_A"
ILE_263_A,"ILE_8_A,ILE_31_A,VAL_262_A,ALA_264_A"
ALA_264_A,"ILE_263_A,THR_265_A"
THR_265_A,"TRP_254_A,GLU_261_A,ALA_264_A,CYS_266_A,ARG_269_A"
CYS_266_A,"VAL_262_A,THR_265_A,VAL_267_A,TYR_270_A"
VAL_267_A,"CYS_266_A,GLU_268_A"
GLU_268_A,"VAL_267_A,ARG_269_A,ASN_272_A"
ARG_269_A,"MET_220_A,MET_221_A,ASP_223_A,THR_265_A,GLU_268_A,TYR_270_A,CYS_273_A"
TYR_270_A,"VAL_3_A,GLU_4_A,CYS_266_A,ARG_269_A,ARG_271_A"
ARG_271_A,"TYR_270_A,ASN_272_A,GLU_275_A"
ASN_272_A,"GLU_268_A,ARG_271_A,CYS_273_A"
CYS_273_A,"ARG_269_A,ASN_272_A,CYS_274_A"
CYS_274_A,"CYS_273_A,GLU_275_A"
GLU_275_A,"ARG_271_A,CYS_274_A,GLY_276_A"
GLY_276_A,GLU_275_A
