residue_id,neighbors
GLY_24_A,LEU_25_A
LEU_25_A,"GLY_24_A,TYR_26_A"
TYR_26_A,"LEU_25_A,ALA_107_A"
PRO_27_A,SER_28_A
SER_28_A,"PRO_27_A,TYR_29_A"
TYR_29_A,"SER_28_A,ASN_30_A,SER_106_A,GLU_163_A,GLN_164_A"
ASN_30_A,"TYR_29_A,THR_31_A"
THR_31_A,"ASN_30_A,SER_32_A"
SER_32_A,"THR_31_A,ARG_170_A"
PRO_33_A,ALA_34_A
ALA_34_A,"PRO_33_A,ALA_35_A"
ALA_35_A,ALA_34_A
PRO_36_A,"ASP_37_A,ALA_214_A"
ASP_37_A,"PRO_36_A,SER_38_A,THR_39_A,LYS_212_A"
SER_38_A,"ASP_37_A,THR_39_A,MET_41_A,GLN_42_A"
THR_39_A,"ASP_37_A,SER_38_A,GLY_40_A"
GLY_40_A,"THR_39_A,MET_41_A"
MET_41_A,"SER_38_A,GLY_40_A,GLN_42_A,TYR_215_A,ARG_245_A"
GLN_42_A,"SER_38_A,MET_41_A,SER_43_A"
SER_43_A,"GLN_42_A,THR_44_A,GLU_174_A"
THR_44_A,"SER_43_A,ALA_45_A,GLN_47_A,LEU_48_A"
ALA_45_A,"THR_44_A,VAL_46_A,ALA_49_A,ASP_244_A"
VAL_46_A,"ALA_45_A,GLN_47_A"
GLN_47_A,"THR_44_A,VAL_46_A,LEU_48_A"
LEU_48_A,"THR_44_A,GLN_47_A,ALA_49_A,LYS_51_A,TYR_130_A,VAL_217_A"
ALA_49_A,"ALA_45_A,LEU_48_A,GLY_50_A,PRO_313_A"
GLY_50_A,"ALA_49_A,LYS_51_A"
LYS_51_A,"LEU_48_A,GLY_50_A,ILE_52_A,GLU_174_A"
ILE_52_A,"LYS_51_A,ARG_53_A"
ARG_53_A,"ILE_52_A,LEU_54_A,ASP_90_A"
LEU_54_A,"ARG_53_A,GLY_55_A,PHE_89_A,ASP_90_A"
GLY_55_A,"LEU_54_A,TRP_56_A,PRO_357_A,TYR_359_A"
TRP_56_A,"GLY_55_A,ASN_57_A,ILE_58_A,VAL_84_A,PHE_89_A,ALA_91_A,ARG_93_A,ASP_361_A,PHE_373_A"
ASN_57_A,"TRP_56_A,ILE_58_A,GLY_59_A,ARG_93_A,GLY_317_A,TYR_359_A,TRP_360_A"
ILE_58_A,"TRP_56_A,ASN_57_A,GLY_59_A,ARG_93_A,ILE_94_A"
GLY_59_A,"ASN_57_A,ILE_58_A,ASN_60_A,THR_61_A,ASP_361_A"
ASN_60_A,"GLY_59_A,THR_61_A,GLU_63_A,ASN_73_A"
THR_61_A,"GLY_59_A,ASN_60_A,MET_62_A,GLU_63_A,ALA_64_A,VAL_76_A,ARG_375_A"
MET_62_A,"THR_61_A,GLU_63_A,VAL_120_A"
GLU_63_A,"ASN_60_A,THR_61_A,MET_62_A,ALA_64_A,PRO_95_A,HIS_136_A"
ALA_64_A,"THR_61_A,GLU_63_A,ILE_65_A,TRP_71_A"
ILE_65_A,"ALA_64_A,GLY_66_A,TRP_137_A"
GLY_66_A,"ILE_65_A,GLY_67_A,GLN_100_A"
GLY_67_A,"GLY_66_A,GLU_68_A,ALA_70_A"
GLU_68_A,"GLY_67_A,THR_69_A,VAL_76_A,ARG_116_A"
THR_69_A,"GLU_68_A,ALA_70_A"
ALA_70_A,"GLY_67_A,THR_69_A,TRP_71_A"
TRP_71_A,"ALA_64_A,ALA_70_A,GLY_72_A"
GLY_72_A,"TRP_71_A,ASN_73_A"
ASN_73_A,"ASN_60_A,GLY_72_A"
PRO_74_A,"MET_75_A,ARG_375_A"
MET_75_A,"PRO_74_A,VAL_76_A"
VAL_76_A,"THR_61_A,GLU_68_A,MET_75_A,SER_77_A,ARG_116_A"
SER_77_A,"VAL_76_A,ASN_78_A"
ASN_78_A,"SER_77_A,GLU_79_A,LYS_82_A,ASN_127_A"
GLU_79_A,"ASN_78_A,LEU_80_A"
LEU_80_A,"GLU_79_A,LEU_81_A,VAL_84_A"
LEU_81_A,"LEU_80_A,LYS_82_A,MET_123_A"
LYS_82_A,"ASN_78_A,LEU_81_A,LEU_83_A,ASP_86_A"
LEU_83_A,"LYS_82_A,VAL_84_A,SER_87_A,PHE_373_A"
VAL_84_A,"TRP_56_A,LEU_80_A,LEU_83_A,LYS_85_A,PHE_89_A"
LYS_85_A,"VAL_84_A,ASP_86_A,GLY_88_A,ASP_90_A,LEU_129_A"
ASP_86_A,"LYS_82_A,LYS_85_A,SER_87_A"
SER_87_A,"LEU_83_A,ASP_86_A,GLY_88_A"
GLY_88_A,"LYS_85_A,SER_87_A,PHE_89_A"
PHE_89_A,"LEU_54_A,TRP_56_A,VAL_84_A,GLY_88_A,ASP_90_A,LEU_386_A"
ASP_90_A,"ARG_53_A,LEU_54_A,LYS_85_A,PHE_89_A,ALA_91_A"
ALA_91_A,"TRP_56_A,ASP_90_A,VAL_92_A,TYR_130_A,PHE_358_A"
VAL_92_A,"ALA_91_A,ARG_93_A,TYR_130_A,LEU_132_A"
ARG_93_A,"TRP_56_A,ASN_57_A,ILE_58_A,VAL_92_A,ILE_94_A,HIS_136_A,ASN_182_A,GLU_249_A,HIS_251_A,GLU_318_A,PHE_358_A"
ILE_94_A,"ILE_58_A,ARG_93_A,VAL_96_A,VAL_131_A,LEU_132_A"
PRO_95_A,"GLU_63_A,VAL_96_A,TRP_360_A"
VAL_96_A,"ILE_94_A,PRO_95_A,ALA_97_A,TRP_98_A,HIS_136_A"
ALA_97_A,"VAL_96_A,TRP_98_A,TRP_113_A"
TRP_98_A,"VAL_96_A,ALA_97_A,ASP_99_A,TYR_101_A,LEU_114_A,VAL_117_A,ASN_134_A,ASP_138_A,ILE_165_A"
ASP_99_A,"TRP_98_A,GLN_100_A,ALA_102_A,GLN_104_A,ASP_138_A,LYS_157_A"
GLN_100_A,"GLY_66_A,ASP_99_A,TYR_101_A"
TYR_101_A,"TRP_98_A,GLN_100_A,ALA_102_A,SER_110_A,TRP_113_A"
ALA_102_A,"ASP_99_A,TYR_101_A,ASN_103_A,PHE_161_A"
ASN_103_A,"ALA_102_A,GLN_104_A,GLU_105_A,SER_106_A,ALA_107_A,GLU_108_A"
GLN_104_A,"ASP_99_A,ASN_103_A,GLU_105_A"
GLU_105_A,"ASN_103_A,GLN_104_A,SER_106_A"
SER_106_A,"TYR_29_A,ASN_103_A,GLU_105_A,ALA_107_A"
ALA_107_A,"TYR_26_A,ASN_103_A,SER_106_A,GLU_108_A,GLN_164_A"
GLU_108_A,"ASN_103_A,ALA_107_A,ILE_109_A"
ILE_109_A,"GLU_108_A,SER_110_A,GLN_164_A"
SER_110_A,"TYR_101_A,ILE_109_A,ALA_111_A"
ALA_111_A,"SER_110_A,ALA_112_A,ASN_115_A"
ALA_112_A,"ALA_111_A,TRP_113_A,ARG_116_A"
TRP_113_A,"ALA_97_A,TYR_101_A,ALA_112_A,LEU_114_A,VAL_117_A"
LEU_114_A,"TRP_98_A,TRP_113_A,ASN_115_A,LYS_118_A"
ASN_115_A,"ALA_111_A,LEU_114_A,ARG_116_A,GLN_119_A,HIS_168_A"
ARG_116_A,"GLU_68_A,VAL_76_A,ALA_112_A,ASN_115_A,VAL_117_A"
VAL_117_A,"TRP_98_A,TRP_113_A,ARG_116_A,LYS_118_A,VAL_121_A"
LYS_118_A,"LEU_114_A,VAL_117_A,GLN_119_A,GLN_122_A,HIS_168_A,LEU_169_A"
GLN_119_A,"ASN_115_A,LYS_118_A,VAL_120_A,MET_123_A"
VAL_120_A,"MET_62_A,GLN_119_A,VAL_121_A,ALA_124_A"
VAL_121_A,"VAL_117_A,VAL_120_A,GLN_122_A,ILE_125_A,ILE_133_A,PHE_172_A"
GLN_122_A,"LYS_118_A,VAL_121_A,MET_123_A,ASP_126_A"
MET_123_A,"LEU_81_A,GLN_119_A,GLN_122_A,ALA_124_A,ASN_127_A"
ALA_124_A,"VAL_120_A,MET_123_A,ILE_125_A,VAL_131_A"
ILE_125_A,"VAL_121_A,ALA_124_A,ASP_126_A,GLU_128_A,PHE_172_A"
ASP_126_A,"GLN_122_A,ILE_125_A,ASN_127_A"
ASN_127_A,"ASN_78_A,MET_123_A,ASP_126_A,GLU_128_A"
GLU_128_A,"ILE_125_A,ASN_127_A,LEU_129_A,HIS_175_A"
LEU_129_A,"LYS_85_A,GLU_128_A,TYR_130_A"
TYR_130_A,"LEU_48_A,ALA_91_A,VAL_92_A,LEU_129_A,VAL_131_A"
VAL_131_A,"ILE_94_A,ALA_124_A,TYR_130_A,LEU_132_A,HIS_175_A,LEU_177_A"
LEU_132_A,"VAL_92_A,ILE_94_A,VAL_131_A,ILE_133_A,LEU_177_A,ALA_179_A,VAL_219_A"
ILE_133_A,"VAL_121_A,LEU_132_A,ASN_134_A,LEU_176_A,ALA_179_A"
ASN_134_A,"TRP_98_A,ILE_133_A,ILE_135_A,ALA_179_A"
ILE_135_A,"ASN_134_A,HIS_136_A"
HIS_136_A,"GLU_63_A,ARG_93_A,VAL_96_A,ILE_135_A,TRP_137_A,GLU_143_A,GLU_318_A"
TRP_137_A,"ILE_65_A,HIS_136_A,ASP_138_A,GLY_140_A,ASN_144_A"
ASP_138_A,"TRP_98_A,ASP_99_A,TRP_137_A,GLY_139_A,TRP_141_A"
GLY_139_A,"ASP_138_A,GLY_140_A"
GLY_140_A,"TRP_137_A,GLY_139_A,TRP_141_A,ASN_145_A"
TRP_141_A,"ASP_138_A,GLY_140_A,LEU_142_A,ASN_154_A,LYS_157_A"
LEU_142_A,"TRP_141_A,GLU_143_A,ASN_145_A,TYR_198_A"
GLU_143_A,"HIS_136_A,LEU_142_A,ASN_144_A,GLU_183_A,ASN_185_A"
ASN_144_A,"TRP_137_A,GLU_143_A,ASN_145_A,ASN_185_A"
ASN_145_A,"GLY_140_A,LEU_142_A,ASN_144_A,ILE_146_A,TYR_198_A"
ILE_146_A,"ASN_145_A,THR_147_A,PRO_184_A,TYR_198_A"
THR_147_A,"ILE_146_A,LYS_151_A"
PRO_148_A,ALA_149_A
ALA_149_A,"PRO_148_A,LYS_150_A"
LYS_150_A,"ALA_149_A,LYS_151_A,GLU_153_A,ASN_154_A"
LYS_151_A,"THR_147_A,LYS_150_A,ASP_152_A,ASN_155_A"
ASP_152_A,"LYS_151_A,GLU_153_A"
GLU_153_A,"LYS_150_A,ASP_152_A,ASN_154_A"
ASN_154_A,"TRP_141_A,LYS_150_A,GLU_153_A,ASN_155_A,GLN_158_A,TYR_198_A"
ASN_155_A,"LYS_151_A,ASN_154_A,ALA_156_A,LYS_159_A,SER_197_A,THR_201_A"
ALA_156_A,"ASN_155_A,LYS_157_A,ALA_160_A"
LYS_157_A,"ASP_99_A,TRP_141_A,ALA_156_A,GLN_158_A,PHE_161_A"
GLN_158_A,"ASN_154_A,LYS_157_A,LYS_159_A,TRP_162_A"
LYS_159_A,"ASN_155_A,GLN_158_A,ALA_160_A,GLU_163_A,THR_201_A"
ALA_160_A,"ALA_156_A,LYS_159_A,PHE_161_A,GLN_164_A"
PHE_161_A,"ALA_102_A,LYS_157_A,ALA_160_A,TRP_162_A,ILE_165_A"
TRP_162_A,"GLN_158_A,PHE_161_A,GLU_163_A,ILE_165_A,ALA_166_A,PHE_178_A,PHE_202_A"
GLU_163_A,"TYR_29_A,LYS_159_A,TRP_162_A,GLN_164_A,THR_167_A"
GLN_164_A,"TYR_29_A,ALA_107_A,ILE_109_A,ALA_160_A,GLU_163_A,ILE_165_A,HIS_168_A"
ILE_165_A,"TRP_98_A,PHE_161_A,TRP_162_A,GLN_164_A,ALA_166_A"
ALA_166_A,"TRP_162_A,ILE_165_A,THR_167_A,ARG_170_A,ASN_213_A"
THR_167_A,"GLU_163_A,ALA_166_A,HIS_168_A"
HIS_168_A,"ASN_115_A,LYS_118_A,GLN_164_A,THR_167_A,LEU_169_A"
LEU_169_A,"LYS_118_A,HIS_168_A,ARG_170_A"
ARG_170_A,"SER_32_A,ALA_166_A,LEU_169_A,ASP_171_A,THR_209_A"
ASP_171_A,"ARG_170_A,PHE_172_A,LYS_212_A"
PHE_172_A,"VAL_121_A,ILE_125_A,ASP_171_A,ASP_173_A,LEU_176_A,ARG_216_A"
ASP_173_A,"PHE_172_A,GLU_174_A,HIS_175_A,ARG_216_A"
GLU_174_A,"SER_43_A,LYS_51_A,ASP_173_A,HIS_175_A,ARG_245_A"
HIS_175_A,"GLU_128_A,VAL_131_A,ASP_173_A,GLU_174_A,LEU_176_A"
LEU_176_A,"ILE_133_A,PHE_172_A,HIS_175_A,LEU_177_A,PHE_178_A,ARG_216_A"
LEU_177_A,"VAL_131_A,LEU_132_A,LEU_176_A,PHE_178_A"
PHE_178_A,"TRP_162_A,LEU_176_A,LEU_177_A,ALA_179_A,PHE_202_A,VAL_219_A"
ALA_179_A,"LEU_132_A,ILE_133_A,ASN_134_A,PHE_178_A,GLY_180_A"
GLY_180_A,"ALA_179_A,THR_181_A"
THR_181_A,"GLY_180_A,ASN_182_A,GLN_221_A"
ASN_182_A,"ARG_93_A,THR_181_A,GLU_183_A"
GLU_183_A,"GLU_143_A,ASN_182_A,ASN_185_A,HIS_251_A,TYR_253_A,GLU_318_A"
PRO_184_A,"ILE_146_A,ASN_185_A,ALA_186_A,LEU_195_A,VAL_224_A"
ASN_185_A,"GLU_143_A,ASN_144_A,GLU_183_A,PRO_184_A,ALA_186_A"
ALA_186_A,"PRO_184_A,ASN_185_A,GLU_187_A"
GLU_187_A,"ALA_186_A,ASN_188_A,GLN_191_A"
ASN_188_A,"GLU_187_A,ALA_189_A,GLN_191_A,MET_192_A"
ALA_189_A,"ASN_188_A,GLU_190_A,ASP_193_A"
GLU_190_A,"ALA_189_A,GLN_191_A"
GLN_191_A,"GLU_187_A,ASN_188_A,GLU_190_A,MET_192_A,LEU_195_A"
MET_192_A,"ASN_188_A,GLN_191_A,ASP_193_A,LEU_195_A,ASN_196_A,TRP_234_A"
ASP_193_A,"ALA_189_A,MET_192_A,VAL_194_A"
VAL_194_A,"ASP_193_A,LEU_195_A,TYR_198_A"
LEU_195_A,"PRO_184_A,GLN_191_A,MET_192_A,VAL_194_A,ASN_196_A,LEU_199_A"
ASN_196_A,"MET_192_A,LEU_195_A,SER_197_A,GLN_200_A"
SER_197_A,"ASN_155_A,ASN_196_A,TYR_198_A,THR_201_A"
TYR_198_A,"LEU_142_A,ASN_145_A,ILE_146_A,ASN_154_A,VAL_194_A,SER_197_A,LEU_199_A"
LEU_199_A,"LEU_195_A,TYR_198_A,GLN_200_A"
GLN_200_A,"ASN_196_A,LEU_199_A,THR_201_A,ASP_204_A,ALA_239_A"
THR_201_A,"ASN_155_A,LYS_159_A,SER_197_A,GLN_200_A,PHE_202_A,ALA_205_A"
PHE_202_A,"TRP_162_A,PHE_178_A,THR_201_A,VAL_203_A,VAL_206_A,LEU_220_A"
VAL_203_A,"PHE_202_A,ASP_204_A,ARG_207_A"
ASP_204_A,"GLN_200_A,VAL_203_A,ALA_205_A,SER_208_A"
ALA_205_A,"THR_201_A,ASP_204_A,VAL_206_A,SER_208_A"
VAL_206_A,"PHE_202_A,ALA_205_A,ARG_207_A,THR_209_A"
ARG_207_A,"VAL_203_A,VAL_206_A,SER_208_A,ASN_213_A,ARG_216_A,ASP_240_A"
SER_208_A,"ASP_204_A,ALA_205_A,ARG_207_A,THR_209_A"
THR_209_A,"ARG_170_A,VAL_206_A,SER_208_A,GLY_210_A,ASN_213_A"
GLY_210_A,"THR_209_A,GLY_211_A,ASN_213_A"
GLY_211_A,"GLY_210_A,LYS_212_A,ALA_214_A"
LYS_212_A,"ASP_37_A,ASP_171_A,GLY_211_A,ASN_213_A,TYR_215_A"
ASN_213_A,"ALA_166_A,ARG_207_A,THR_209_A,GLY_210_A,LYS_212_A,ALA_214_A,ARG_216_A"
ALA_214_A,"PRO_36_A,GLY_211_A,ASN_213_A,TYR_215_A"
TYR_215_A,"MET_41_A,LYS_212_A,ALA_214_A,ARG_216_A,ARG_245_A"
ARG_216_A,"PHE_172_A,ASP_173_A,LEU_176_A,ARG_207_A,ASN_213_A,TYR_215_A,VAL_217_A"
VAL_217_A,"LEU_48_A,ARG_216_A,LEU_218_A"
LEU_218_A,"VAL_217_A,VAL_219_A,ARG_245_A,MET_247_A"
VAL_219_A,"LEU_132_A,PHE_178_A,LEU_218_A,LEU_220_A,GLU_249_A"
LEU_220_A,"PHE_202_A,VAL_219_A,GLN_221_A,MET_247_A,GLU_249_A"
GLN_221_A,"THR_181_A,LEU_220_A,GLY_222_A,THR_225_A,GLU_249_A"
GLY_222_A,"GLN_221_A,THR_225_A"
PRO_223_A,"VAL_224_A,THR_225_A,ASP_226_A"
VAL_224_A,"PRO_184_A,PRO_223_A,THR_225_A,ASP_226_A"
THR_225_A,"GLN_221_A,GLY_222_A,PRO_223_A,VAL_224_A,ASP_226_A,HIS_251_A"
ASP_226_A,"PRO_223_A,VAL_224_A,THR_225_A,ILE_227_A,GLU_228_A,LYS_229_A,THR_230_A"
ILE_227_A,"ASP_226_A,GLU_228_A,ASN_231_A,MET_303_A"
GLU_228_A,"ASP_226_A,ILE_227_A,LYS_229_A,GLU_232_A,LEU_299_A"
LYS_229_A,"ASP_226_A,GLU_228_A,THR_230_A,LEU_233_A"
THR_230_A,"ASP_226_A,LYS_229_A,ASN_231_A,TRP_234_A,PHE_307_A"
ASN_231_A,"ILE_227_A,THR_230_A,GLU_232_A"
GLU_232_A,"GLU_228_A,ASN_231_A,LEU_233_A"
LEU_233_A,"LYS_229_A,GLU_232_A,TRP_234_A"
TRP_234_A,"MET_192_A,THR_230_A,LEU_233_A,THR_235_A"
THR_235_A,"TRP_234_A,HIS_236_A"
HIS_236_A,"THR_235_A,MET_237_A"
MET_237_A,HIS_236_A
PRO_238_A,ALA_239_A
ALA_239_A,"GLN_200_A,PRO_238_A,ASP_240_A"
ASP_240_A,"ARG_207_A,ALA_239_A,THR_241_A"
THR_241_A,"ASP_240_A,ALA_242_A"
ALA_242_A,"THR_241_A,THR_243_A,ARG_245_A"
THR_243_A,"ALA_242_A,ASP_244_A"
ASP_244_A,"ALA_45_A,THR_243_A,ARG_245_A"
ARG_245_A,"MET_41_A,GLU_174_A,TYR_215_A,LEU_218_A,ALA_242_A,ASP_244_A,LEU_246_A"
LEU_246_A,"ARG_245_A,MET_247_A"
MET_247_A,"LEU_218_A,LEU_220_A,LEU_246_A,ALA_248_A"
ALA_248_A,"MET_247_A,GLU_249_A,VAL_315_A"
GLU_249_A,"ARG_93_A,VAL_219_A,LEU_220_A,GLN_221_A,ALA_248_A,VAL_250_A,HIS_251_A,GLU_318_A"
VAL_250_A,"GLU_249_A,HIS_251_A,GLY_317_A"
HIS_251_A,"ARG_93_A,GLU_183_A,THR_225_A,GLU_249_A,VAL_250_A,PHE_252_A,GLU_318_A"
PHE_252_A,"HIS_251_A,TYR_253_A,ILE_296_A,PHE_300_A,LEU_316_A,GLU_318_A"
TYR_253_A,"GLU_183_A,PHE_252_A,THR_254_A,LEU_260_A,GLU_318_A"
THR_254_A,"TYR_253_A,TYR_342_A"
PRO_255_A,"TYR_256_A,PHE_258_A,TRP_290_A"
TYR_256_A,"PRO_255_A,ASN_257_A,LEU_260_A,MET_261_A"
ASN_257_A,"TYR_256_A,PHE_258_A,LYS_269_A,PHE_271_A"
PHE_258_A,"PRO_255_A,ASN_257_A,ALA_259_A,TRP_274_A,ALA_321_A"
ALA_259_A,"PHE_258_A,LEU_260_A,MET_322_A"
LEU_260_A,"TYR_253_A,TYR_256_A,ALA_259_A,MET_261_A"
MET_261_A,"TYR_256_A,LEU_260_A,ARG_262_A,GLU_265_A,TRP_267_A,ARG_324_A"
ARG_262_A,"MET_261_A,GLN_263_A,PHE_368_A"
GLN_263_A,"ARG_262_A,ASP_264_A,GLU_265_A"
ASP_264_A,"GLN_263_A,GLU_265_A,LYS_269_A,GLN_270_A,ARG_286_A"
GLU_265_A,"MET_261_A,GLN_263_A,ASP_264_A,SER_266_A,TRP_267_A,GLY_268_A"
SER_266_A,"GLU_265_A,TRP_267_A"
TRP_267_A,"MET_261_A,GLU_265_A,SER_266_A,GLY_268_A"
GLY_268_A,"GLU_265_A,TRP_267_A,LYS_269_A"
LYS_269_A,"ASN_257_A,ASP_264_A,GLY_268_A,GLN_270_A"
GLN_270_A,"ASP_264_A,LYS_269_A,PHE_271_A,TYR_272_A,ARG_324_A"
PHE_271_A,"ASN_257_A,GLN_270_A,TYR_272_A,PRO_288_A"
TYR_272_A,"GLN_270_A,PHE_271_A,TYR_273_A,ARG_286_A,LEU_327_A,HIS_335_A"
TYR_273_A,"TYR_272_A,TRP_274_A,ARG_286_A,LEU_334_A"
TRP_274_A,"PHE_258_A,TYR_273_A,GLY_275_A,GLY_291_A,ILE_296_A,TYR_341_A,TYR_342_A"
GLY_275_A,"TRP_274_A,GLU_276_A,PHE_278_A"
GLU_276_A,"GLY_275_A,GLY_277_A,GLU_293_A"
GLY_277_A,"GLU_276_A,PHE_278_A"
PHE_278_A,"GLY_275_A,GLY_277_A,LEU_279_A,ALA_337_A,TYR_341_A"
LEU_279_A,"PHE_278_A,SER_280_A"
SER_280_A,"LEU_279_A,THR_281_A,ASP_283_A,ASN_287_A"
THR_281_A,"SER_280_A,THR_282_A"
THR_282_A,"THR_281_A,ASP_283_A"
ASP_283_A,"SER_280_A,THR_282_A,THR_284_A,GLU_285_A,ARG_286_A"
THR_284_A,"ASP_283_A,GLU_285_A"
GLU_285_A,"ASP_283_A,THR_284_A,ARG_286_A"
ARG_286_A,"ASP_264_A,TYR_272_A,TYR_273_A,ASP_283_A,GLU_285_A,ASN_287_A"
ASN_287_A,"SER_280_A,ARG_286_A"
PRO_288_A,"PHE_271_A,THR_289_A"
THR_289_A,"PRO_288_A,TRP_290_A"
TRP_290_A,"PRO_255_A,THR_289_A,GLY_291_A"
GLY_291_A,"TRP_274_A,TRP_290_A,GLU_292_A"
GLU_292_A,"GLY_291_A,GLU_293_A,THR_295_A"
GLU_293_A,"GLU_276_A,GLU_292_A,ALA_294_A,ASP_297_A"
ALA_294_A,"GLU_293_A,THR_295_A,GLN_298_A"
THR_295_A,"GLU_292_A,ALA_294_A,ILE_296_A,LEU_299_A"
ILE_296_A,"PHE_252_A,TRP_274_A,THR_295_A,ASP_297_A,PHE_300_A,VAL_346_A"
ASP_297_A,"GLU_293_A,ILE_296_A,GLN_298_A,ASP_301_A,TYR_345_A,ARG_353_A"
GLN_298_A,"ALA_294_A,ASP_297_A,LEU_299_A"
LEU_299_A,"GLU_228_A,THR_295_A,GLN_298_A,PHE_300_A"
PHE_300_A,"PHE_252_A,ILE_296_A,LEU_299_A,ASP_301_A,MET_303_A,LYS_304_A,ALA_350_A"
ASP_301_A,"ASP_297_A,PHE_300_A,LEU_302_A,THR_305_A,ARG_353_A"
LEU_302_A,"ASP_301_A,MET_303_A,LYS_306_A"
MET_303_A,"ILE_227_A,PHE_300_A,LEU_302_A,LYS_304_A,PHE_307_A"
LYS_304_A,"PHE_300_A,MET_303_A,THR_305_A,ASP_309_A"
THR_305_A,"ASP_301_A,LYS_304_A,LYS_306_A"
LYS_306_A,"LEU_302_A,THR_305_A,PHE_307_A,GLN_310_A"
PHE_307_A,"THR_230_A,MET_303_A,LYS_306_A,VAL_308_A,GLN_310_A,ILE_312_A,VAL_314_A"
VAL_308_A,"PHE_307_A,ASP_309_A,GLY_311_A"
ASP_309_A,"LYS_304_A,VAL_308_A,GLN_310_A"
GLN_310_A,"LYS_306_A,PHE_307_A,ASP_309_A,GLY_311_A"
GLY_311_A,"VAL_308_A,GLN_310_A,ILE_312_A"
ILE_312_A,"PHE_307_A,GLY_311_A"
PRO_313_A,"ALA_49_A,VAL_314_A"
VAL_314_A,"PHE_307_A,PRO_313_A,VAL_315_A,LEU_355_A,LEU_356_A"
VAL_315_A,"ALA_248_A,VAL_314_A,LEU_316_A"
LEU_316_A,"PHE_252_A,VAL_315_A,GLY_317_A,LEU_356_A,PHE_358_A"
GLY_317_A,"ASN_57_A,VAL_250_A,LEU_316_A,GLU_318_A"
GLU_318_A,"ARG_93_A,HIS_136_A,GLU_183_A,GLU_249_A,HIS_251_A,PHE_252_A,TYR_253_A,GLY_317_A,PHE_319_A,TRP_360_A"
PHE_319_A,"GLU_318_A,SER_320_A,VAL_346_A,PRO_357_A,TRP_360_A"
SER_320_A,"PHE_319_A,ALA_321_A,TRP_360_A"
ALA_321_A,"PHE_258_A,SER_320_A,MET_322_A,ARG_339_A,TYR_342_A"
MET_322_A,"ALA_259_A,ALA_321_A,ARG_323_A,PHE_368_A"
ARG_323_A,"MET_322_A,ARG_324_A,ARG_339_A,PHE_368_A,SER_369_A,GLY_371_A,ASP_382_A"
ARG_324_A,"MET_261_A,GLN_270_A,ARG_323_A,THR_325_A,LEU_327_A,HIS_335_A"
THR_325_A,"ARG_324_A,ASN_326_A"
ASN_326_A,"THR_325_A,LEU_327_A"
LEU_327_A,"TYR_272_A,ARG_324_A,ASN_326_A,THR_328_A,HIS_335_A"
THR_328_A,"LEU_327_A,GLY_329_A"
GLY_329_A,"THR_328_A,ASP_330_A"
ASP_330_A,"GLY_329_A,ALA_331_A,LEU_334_A"
ALA_331_A,"ASP_330_A,LEU_332_A,HIS_335_A"
LEU_332_A,"ALA_331_A,THR_333_A,LEU_336_A"
THR_333_A,"LEU_332_A,LEU_334_A"
LEU_334_A,"TYR_273_A,ASP_330_A,THR_333_A,HIS_335_A"
HIS_335_A,"TYR_272_A,ARG_324_A,LEU_327_A,ALA_331_A,LEU_334_A,LEU_336_A,ARG_339_A"
LEU_336_A,"LEU_332_A,HIS_335_A,ALA_337_A,ALA_340_A"
ALA_337_A,"PHE_278_A,LEU_336_A,GLY_338_A"
GLY_338_A,"ALA_337_A,ARG_339_A,TYR_342_A"
ARG_339_A,"ALA_321_A,ARG_323_A,HIS_335_A,GLY_338_A,ALA_340_A,HIS_343_A,ASP_382_A"
ALA_340_A,"LEU_336_A,ARG_339_A,TYR_341_A,LYS_344_A"
TYR_341_A,"TRP_274_A,PHE_278_A,ALA_340_A,TYR_342_A,TYR_345_A"
TYR_342_A,"THR_254_A,TRP_274_A,ALA_321_A,GLY_338_A,TYR_341_A,HIS_343_A,VAL_346_A"
HIS_343_A,"ARG_339_A,TYR_342_A,LYS_344_A,THR_347_A,TYR_359_A"
LYS_344_A,"ALA_340_A,HIS_343_A,TYR_345_A,GLN_348_A,GLU_391_A"
TYR_345_A,"ASP_297_A,TYR_341_A,LYS_344_A,VAL_346_A,GLN_349_A"
VAL_346_A,"ILE_296_A,PHE_319_A,TYR_342_A,TYR_345_A,THR_347_A,ALA_350_A"
THR_347_A,"HIS_343_A,VAL_346_A,GLN_348_A"
GLN_348_A,"LYS_344_A,THR_347_A,GLN_349_A"
GLN_349_A,"TYR_345_A,GLN_348_A,ALA_350_A,ARG_353_A"
ALA_350_A,"PHE_300_A,VAL_346_A,GLN_349_A,LEU_351_A,ARG_353_A,LEU_355_A"
LEU_351_A,"ALA_350_A,ALA_352_A"
ALA_352_A,"LEU_351_A,ARG_353_A"
ARG_353_A,"ASP_297_A,ASP_301_A,GLN_349_A,ALA_350_A,ALA_352_A,GLY_354_A"
GLY_354_A,"ARG_353_A,LEU_355_A"
LEU_355_A,"VAL_314_A,ALA_350_A,GLY_354_A,LEU_356_A"
LEU_356_A,"VAL_314_A,LEU_316_A,LEU_355_A"
PRO_357_A,"GLY_55_A,PHE_319_A,PHE_358_A"
PHE_358_A,"ALA_91_A,ARG_93_A,LEU_316_A,PRO_357_A,TYR_359_A"
TYR_359_A,"GLY_55_A,ASN_57_A,HIS_343_A,PHE_358_A,TRP_360_A,ASP_361_A,SER_370_A,ILE_372_A"
TRP_360_A,"ASN_57_A,PRO_95_A,GLU_318_A,PHE_319_A,SER_320_A,TYR_359_A,ASP_361_A"
ASP_361_A,"TRP_56_A,GLY_59_A,TYR_359_A,TRP_360_A,ASN_362_A,GLY_363_A,ILE_372_A,ARG_375_A"
ASN_362_A,"ASP_361_A,GLY_363_A,SER_370_A"
GLY_363_A,"ASP_361_A,ASN_362_A,GLY_364_A"
GLY_364_A,"GLY_363_A,ASN_365_A,GLY_371_A"
ASN_365_A,"GLY_364_A,ASP_366_A,PHE_381_A"
ASP_366_A,"ASN_365_A,ASN_367_A,SER_369_A"
ASN_367_A,"ASP_366_A,PHE_368_A"
PHE_368_A,"ARG_262_A,MET_322_A,ARG_323_A,ASN_367_A,SER_369_A"
SER_369_A,"ARG_323_A,ASP_366_A,PHE_368_A,SER_370_A"
SER_370_A,"TYR_359_A,ASN_362_A,SER_369_A,GLY_371_A"
GLY_371_A,"ARG_323_A,GLY_364_A,SER_370_A,ILE_372_A"
ILE_372_A,"TYR_359_A,ASP_361_A,GLY_371_A,PHE_373_A,PHE_381_A,ASP_382_A"
PHE_373_A,"TRP_56_A,LEU_83_A,ILE_372_A,ASN_374_A"
ASN_374_A,"PHE_373_A,ARG_375_A,GLN_376_A,ASN_378_A,THR_379_A"
ARG_375_A,"THR_61_A,PRO_74_A,ASP_361_A,ASN_374_A,GLN_376_A"
GLN_376_A,"ASN_374_A,ARG_375_A,GLN_377_A"
GLN_377_A,"GLN_376_A,ASN_378_A"
ASN_378_A,"ASN_374_A,GLN_377_A,THR_379_A"
THR_379_A,"ASN_374_A,ASN_378_A,VAL_380_A"
VAL_380_A,"THR_379_A,PHE_381_A"
PHE_381_A,"ASN_365_A,ILE_372_A,VAL_380_A,ASP_382_A"
ASP_382_A,"ARG_323_A,ARG_339_A,ILE_372_A,PHE_381_A,GLN_383_A,VAL_385_A"
GLN_383_A,"ASP_382_A,GLN_384_A,ASP_387_A"
GLN_384_A,"GLN_383_A,VAL_385_A"
VAL_385_A,"ASP_382_A,GLN_384_A,LEU_386_A"
LEU_386_A,"PHE_89_A,VAL_385_A,ASP_387_A,LEU_390_A"
ASP_387_A,"GLN_383_A,LEU_386_A,ALA_388_A,GLU_391_A"
ALA_388_A,"ASP_387_A,LEU_389_A,GLY_392_A"
LEU_389_A,"ALA_388_A,LEU_390_A"
LEU_390_A,"LEU_386_A,LEU_389_A,GLU_391_A,ALA_395_A,GLN_396_A"
GLU_391_A,"LYS_344_A,ASP_387_A,LEU_390_A,GLY_392_A"
GLY_392_A,"ALA_388_A,GLU_391_A,ALA_393_A"
ALA_393_A,"GLY_392_A,GLY_394_A"
GLY_394_A,"ALA_393_A,ALA_395_A"
ALA_395_A,"LEU_390_A,GLY_394_A,GLN_396_A"
GLN_396_A,"LEU_390_A,ALA_395_A"
