PDB,HET,IS_NOT_ION,deepsite_DCC,deepsite_DCA,puresnetv2_DCC,puresnetv2_DCA,p2rank_DCC,p2rank_DCA,deepsurf_DCC,deepsurf_DCA,puresnetv1_DCC,puresnetv1_DCA
1vcjA,IBA,True,255.0,255.0,1.196906452251761,1.7746734085466824,255.0,255.0,4.783783957830859,2.7874472192312454,22.83231200864402,20.10983865888112
3bynA,CA,False,16.139121227625747,16.139121227625747,16.078480473019255,16.078480473019255,15.3671274052765,15.3671274052765,16.97812265829176,16.97812265829176,15.942694678843573,15.942694678843573
3cpaA,III,True,4.991570647542892,2.597371556015812,0.8940994502639841,1.3112881734615092,7.024005115987016,3.6494431821854674,1.329443514717166,1.2281009730474115,2.830717658328469,1.4780440080383086
1mmbA,CA,False,255.0,255.0,16.2676287820729,16.2676287820729,17.270128497784835,17.270128497784835,18.43070432729037,18.43070432729037,20.24311266001575,20.24311266001575
2q71A,CP3,True,2.7678935811797607,3.485502689713496,3.0136351516906714,1.2790587770016455,2.378852168603466,2.2234753382936345,1.6927740428271636,1.0725791346096634,0.8192011942894499,2.515710962764822
3cagA,ARG,True,255.0,255.0,15.438362768179172,11.536416489463589,255.0,255.0,255.0,255.0,255.0,255.0
3maqA,DGT,True,23.529279882074388,18.29034931323073,28.308547016109035,22.30200332306993,4.849576359611252,1.5293179067806677,20.11356668843895,15.501114734108643,27.23365281477129,22.426377000527225
3ldkA,SUC,True,2.740175133075335,1.6813809800280188,2.1763811617432256,1.0822766269366748,2.3014561709667496,1.7475596298839169,3.787676277879526,0.8594917102567078,2.894083760034027,2.0385115986157603
3maqA,MG,False,28.096963412440143,28.096963412440143,32.63792218502207,32.63792218502207,3.3484798431527105,3.3484798431527105,24.72843911370065,24.72843911370065,31.589113680425985,31.589113680425985
3hp8A,SUC,True,27.400906589978757,23.970919736213716,255.0,255.0,255.0,255.0,255.0,255.0,255.0,255.0
2hobA,3IH,True,255.0,255.0,2.150748105745662,1.5071772201169649,5.040640940795456,1.458566676569846,4.351205933843786,1.656625485739008,2.8406093453234376,0.6676449907310894
1pphE,0ZG,True,6.175260744922264,2.4712494815376287,3.929142483857312,0.9129258504369822,4.454366340769225,2.7769915898324213,7.155723932706685,3.4823609807140903,5.330385209977393,3.042336137805679
2ihzA,LBT,True,12.627359098162644,10.40203686784468,9.823948681088863,6.938406681937192,8.816140070251759,6.382617303269874,10.793432562887627,8.187253690951563,8.615125005501412,6.283164622546685
1ettH,0ZG,True,255.0,255.0,0.937896629392628,0.737878219062973,3.069009823033737,0.7082079920475405,2.170373142939213,1.3184559150764217,3.533267060297629,0.7202388564778327
1sgcA,III,True,10.877878502439852,5.511036653842905,5.31848167655675,0.7826776211814387,10.209238437015909,4.55112320751702,5.297198383470551,1.818534299923979,3.7538023672154863,1.8684187020480585
1fthA,A3P,False,255.0,255.0,19.91255692742081,15.60977093641992,23.154054582959,18.59240131505341,21.86082060691414,17.07144976268858,23.352229876243683,18.83588753456751
2e6uX,CA,False,255.0,255.0,20.69370418582155,20.69370418582155,18.258232804135236,18.258232804135236,16.89302184335295,16.89302184335295,19.983072614751222,19.983072614751222
2ihzA,CSF,False,3.59275263859187,1.988689015406884,1.483144568849012,1.4982080507445152,1.5813130018209205,1.639722671673475,1.2408458321853288,1.1050447954721112,1.4697044585163943,1.3299471503459024
3g1xA,U,False,255.0,255.0,27.723425672999305,24.72652297800949,30.39629963567777,27.5075532023479,27.8543642352932,24.88842487985128,25.48667015886084,22.65050370683599
1p4nA,MG,False,24.00571638172875,24.00571638172875,24.910398779090897,24.910398779090897,25.734268059534934,25.734268059534934,24.510354832192863,24.510354832192863,25.87022941130192,25.87022941130192
2dyaB,ADP,True,4.74665261563324,1.67632872671204,2.756281670641923,1.11446088126959,3.97831534099382,2.011777972341879,3.722178924015711,1.486683557452624,2.200661582587525,1.1262208076982452
830cA,ZN,False,7.433744951234207,7.433744951234207,13.955228665394026,13.955228665394026,9.627612689550826,9.627612689550826,10.939795473408086,10.939795473408086,13.798083963073584,13.798083963073584
3cagA,ARG,True,255.0,255.0,20.128133484630748,18.103862097545345,255.0,255.0,255.0,255.0,255.0,255.0
1p4nA,MG,False,14.98359669772248,14.98359669772248,14.359871668414495,14.359871668414495,18.96408928369617,18.96408928369617,19.31378070187192,19.31378070187192,17.425908012672302,17.425908012672302
1mmbA,ZN,False,255.0,255.0,11.589216279673142,11.589216279673142,11.09747714257615,11.09747714257615,13.225461617652526,13.225461617652526,13.663955134674405,13.663955134674405
830cA,CA,False,14.007262580533006,14.007262580533006,11.18675619530534,11.18675619530534,10.945307455709049,10.945307455709049,12.968222931458268,12.968222931458268,11.221559746701876,11.221559746701876
2simA,DAN,True,255.0,255.0,2.1736380421948245,1.0850145956859671,255.0,255.0,3.736780524395293,1.4508652590781792,1.1541120514876122,0.9757126722743472
2z09A,ACP,True,255.0,255.0,0.6475071370634273,1.37485899256686,0.757425825204542,1.2364534524194568,1.8538855461182344,1.3458904115863215,2.2083038497015344,1.422590837018617
1znzA,GDP,True,6.121475784636232,3.91793019335465,4.927233448800998,2.7581154318732173,1.9617744017384733,1.7412129967353225,5.773730676498932,1.253286080669532,4.311041581437469,2.974329255598545
1xdhA,UUU,True,23.858285520685364,21.09170853676866,22.045276557744423,18.6970343862112,23.392051122725675,18.43269667737198,21.811387126985107,18.53644078565246,20.20126683290049,17.173345603468707
3a2sX,SUC,True,255.0,255.0,20.08976054482936,16.52389301385522,6.283635672461796,4.785319531650943,28.713801395403383,26.47449704904703,5.972460751628392,4.4959305673760825
3gplA,ANP,True,6.425287702616464,1.2595717526207049,2.7182258209986547,1.145878069634052,4.839593353729101,1.5838780603316678,6.502376845588049,1.1963147579128162,4.5899632134096295,0.9174391662767354
1sthA,CO,False,5.6837982898762345,5.6837982898762345,9.819663670789664,9.819663670789664,5.448181180907991,5.448181180907991,7.649795487462395,7.649795487462395,8.753181253791606,8.753181253791606
1of1A,SCT,True,255.0,255.0,0.3813410783445736,0.9813579790469288,255.0,255.0,1.8261369712193884,1.4135140607719503,3.1518560293660225,0.6871652326535936
2qwiA,UUU,True,255.0,255.0,31.218964471930327,20.86139650590896,33.159669789717704,22.871360632896327,36.27021588540972,26.65917661894305,34.389224037794094,23.93409835494693
2zgmB,LAT,True,8.459587214699084,4.484645916903585,8.187462667527535,3.917740577677964,5.702758729396578,1.7489363338898316,7.916778636133196,4.396978166877794,5.477753988723336,1.352390065361657
2dveA,BT5,False,6.916085330579826,2.6272413288466665,4.217432477871263,0.6894792075842217,1.6821541679044554,1.831956290417433,7.73047958169604,1.6769168136792,8.904054592973308,5.4426988209897855
3hpiA,SUC,True,2.564159126588093,1.9463943588081,0.8347737018300742,1.019705462766384,1.269437240065462,1.879380185061025,1.6298437723037118,0.9583574489719388,2.9237243244853914,1.5546552319417537
1j9kA,CA,False,5.536208811090856,5.536208811090856,4.4941826264173805,4.4941826264173805,7.143002899341425,7.143002899341425,8.133224391346893,8.133224391346893,6.38373417366356,6.38373417366356
2c6zA,CIR,True,1.5381118678612289,0.4548417307152015,2.7076008762355115,0.7652053474338202,15.858620271261165,11.187192719355467,10.017065810475088,5.386451336455199,17.119831462517524,12.51386165333595
2e6uX,COA,True,255.0,255.0,3.659041427222783,3.128100423134069,4.630336935199445,0.5657200102524197,4.580751485306636,2.7414961243817246,0.4557885202218332,1.6427986228977918
3h72A,SIA,True,1.865515460126982,1.4490859187777652,1.539224741805145,0.8527551219360472,0.8704422650208892,0.9617829796788908,2.4170061919599566,1.667233336998751,1.2784676543710347,1.4565971590603657
830cA,ZN,False,5.513284864760754,5.513284864760754,5.212248406616045,5.212248406616045,3.311439067837429,3.311439067837429,7.491376442283488,7.491376442283488,4.326473385478727,4.326473385478727
1rn8A,DUP,True,255.0,255.0,16.338461943601054,12.082268053639597,16.6690437057846,12.857005614061151,14.206469142298216,10.541254716588533,18.393029689700253,14.699129992760188
1zt9A,TRP,True,255.0,255.0,4.4903354649351686,3.736953203223109,6.816487612562807,4.901280072593281,5.179403092592372,2.829198296337669,6.69284486663024,4.549047618063045
2q6vA,UDP,False,0.7775059253793497,0.8739227654661414,7.567073998400409,3.95515770341824,8.154975508240355,5.134750048444429,7.115261025710858,4.838000206696973,4.094386443852116,2.0995584613625224
2qyqA,PTR,True,1.5932834424632945,1.0506379014674845,2.611418487126016,1.2697928551976967,0.9580968263259836,0.9250122864048892,2.8110787041576906,1.1965496228740358,1.3149798233500365,0.9990499490888128
2zasA,1OH,True,0.870386430881421,1.3219096035659943,0.9585637345246044,0.3757281428460264,1.1212120212352814,0.5628811775144047,0.9770445430288704,1.2633942377579503,7.250556184715197,2.800470322239609
2r68A,SUP,True,12.679387936939952,7.892387788242541,2.8582344894094605,0.9600352268528998,18.7903989689044,12.961353199801325,12.957863740396318,8.106389948676293,255.0,255.0
1eswA,ACR,True,20.556113309753112,17.794054091184506,20.814855849575697,18.030014647152367,21.97124337673616,18.16251436420629,9.152342645651403,4.2441024964060405,20.86140601587514,18.09272275076553
1eswA,ACR,True,4.409585893080032,0.8194668998806482,5.195261057100565,1.4692840972212016,6.040288248035803,2.962142067828618,7.051620028133794,1.864854954145229,3.904742964821567,1.4896174025406537
1sthA,THP,False,3.585399092095613,0.9826418472668464,4.831072329931147,0.8033367839074028,2.9503828479707583,1.5436651774267651,4.303337803333599,1.1092529017316108,1.9970827713874968,0.7443786040536022
1p4nA,MG,False,27.039867529261308,27.039867529261308,18.083863335172406,18.083863335172406,28.45986590903056,28.45986590903056,28.551180798699026,28.551180798699026,19.89936259423414,19.89936259423414
2dptA,PUY,False,6.789671186892972,2.4021669384120665,3.4587882054739203,1.6066271396507903,6.855218754025027,2.4529457617322072,2.8828136995172997,1.340934375724628,3.170828493806405,1.3431208309031593
1xdhA,UUU,True,9.439470548000166,7.531693833394983,2.655543404286901,0.5324560918670163,10.702055173807915,3.4031460150866297,2.338933655157646,0.6747777411859426,1.7522908851460652,0.436706023264514
1mmbA,CA,False,255.0,255.0,12.337902147675358,12.337902147675358,10.884322345924897,10.884322345924897,11.064606274061452,11.064606274061452,9.826710271211232,9.826710271211232
1zu0A,CBS,False,255.0,255.0,1.963221352266254,1.5026093418119608,10.590509723207864,5.288640976659319,3.745660229557844,1.4321721265266985,2.411537763327395,1.1269314387225724
3cagA,ARG,True,255.0,255.0,18.442765599122083,16.824772381939724,255.0,255.0,255.0,255.0,255.0,255.0
1ytjA,III,True,255.0,255.0,5.215118170999983,2.0703753902144912,6.824049918901954,4.222441192012034,6.073990582547678,2.235920615764343,5.840389464715066,2.9760727113275083
1pphE,CA,False,10.294055517627635,10.294055517627635,23.74390644974984,23.74390644974984,21.96479075907622,21.96479075907622,19.43947810513441,19.43947810513441,20.694507427230864,20.694507427230864
3bynA,RAF,True,2.535572015273219,0.5932992499573866,3.0830559942828133,1.4283550528063538,1.1042511433446085,0.6754147540585693,4.749949953660963,1.0782606363954883,1.7939311880931068,0.8851662675676609
2qwiA,G20,True,255.0,255.0,1.440246900032939,1.0469987795390585,2.340529803434226,0.5878132356454723,6.602912871914722,1.9625121655673865,4.229013439150285,1.3566042401053622
3g1xA,U,False,255.0,255.0,1.765816755066457,1.6067140635568151,16.46075602136688,14.993458953156871,1.919787025815571,1.573608909481641,1.074501496379372,0.9016901379618908
3i0dA,UDP,False,255.0,255.0,13.09242288875998,7.7023371187952625,8.947488615091947,4.463705829240991,7.740188573103373,3.619499412902288,2.740004835614793,1.0345601111137803
1lpzB,CA,False,255.0,255.0,26.302515594595093,26.302515594595093,255.0,255.0,24.470321616194585,24.470321616194585,18.70121379664691,18.70121379664691
2z1sA,CTT,True,255.0,255.0,9.852862489362892,0.914983229786773,2.431370979458524,0.8565437408562397,5.235140919442354,1.4227610481032993,2.988433763953192,1.454153455319224
1j9kA,WO4,False,3.158612486519991,2.5837989472867267,1.3499335982157912,1.083426136789003,4.901710193391691,3.4171966024798754,4.629398258953317,3.795719958058021,4.225940089494894,2.735870793732795
3ftfA,SAH,True,9.043060417414988,6.403286812255094,0.2805179957971269,0.7118631408656796,1.343634667872953,0.8363517800543028,1.4030724601396631,1.282132598446822,1.542562383530824,0.9782803051129578
3maqA,MG,False,29.397293089670686,29.397293089670686,33.566090734880376,33.566090734880376,2.032146761432353,2.032146761432353,25.985076582530983,25.985076582530983,32.42695751939348,32.42695751939348
2qwiA,CA,False,255.0,255.0,13.179610916455196,13.179610916455196,12.551946263428633,12.551946263428633,13.976575725119512,13.976575725119512,12.02150487302217,12.02150487302217
1x55A,NSS,True,7.684730506419568,4.471334588240963,1.5215739605344984,0.6280996714577426,2.814060377502768,1.4596564356039412,2.102785139616571,1.3838876399476954,3.617404626381148,2.210632534037058
3cagA,ARG,True,255.0,255.0,9.679041754657694,7.616041368890606,255.0,255.0,255.0,255.0,255.0,255.0
2dptA,TAR,True,8.63930597270405,7.03706686056058,14.83367938340576,13.782307162613426,11.041452930660896,9.594477479779709,14.729700128991094,13.7941328469752,12.779146708378851,12.089905111908392
3crrA,DPO,True,4.528631397379717,2.68391542340663,3.92210501427829,1.9994606637903023,4.966020832954029,3.140178558617328,5.119452140827403,3.202870431347479,5.285951572833652,3.515170842006377
5galB,UUU,True,14.272694039648163,9.838283996714065,7.931217961958579,3.670532322820664,8.946996911995353,4.593489309881979,6.607142422830166,2.1401198564566437,10.994947770210624,6.832419388026296
1xpyC,NLQ,True,9.016466467314846,6.591423973619056,1.30505538911735,1.2176891582606075,1.2315099434549452,0.7840874951177308,1.835915161245188,1.5089512914603982,2.708948263377431,1.87103855444051
1x8xA,TYR,True,255.0,255.0,4.719686206748634,0.8071601145305015,255.0,255.0,3.867992410791525,2.8842113306760315,8.001639679751605,4.069588103307084
1u7zA,PMT,False,1.2149237374030606,1.6256524843889566,4.382290410344217,1.5911422555153412,1.2437871761279349,0.7964538781373364,3.1599449963588104,1.6331720668686442,1.3551164719828466,0.3954549259436684
1mmbA,BAT,True,255.0,255.0,4.866332881932926,1.4350459594076608,3.1402448110805934,0.4649147556273054,4.860234056911554,1.629131670553367,2.7589447645619813,1.2782531895169038
1lpzB,CMB,True,255.0,255.0,2.782974295983012,2.4419398270779524,255.0,255.0,4.794567174686171,2.3560008488962816,1.6397363846070532,1.3634208802085697
1p4nA,UUU,True,9.608487494058387,4.071238263722723,7.715034832057059,3.712614425872005,11.217305523365631,5.789873622109552,11.66366997188064,5.008666489196499,6.075393286891207,1.8788302117267148
3cpaA,ZN,False,6.0607005370666505,6.0607005370666505,5.380078317390672,5.380078317390672,6.038625649930618,6.038625649930618,4.606017802831422,4.606017802831422,5.000755516272913,5.000755516272913
3hp8A,SUC,True,10.129926398327814,6.759493250237032,255.0,255.0,255.0,255.0,255.0,255.0,255.0,255.0
1einA,PLC,True,6.421067797747134,0.9248232263519316,5.821744322199418,1.3087754831544454,4.0745517804829365,1.0197170293762798,6.252334139109555,0.8806826897356345,4.488842418625056,1.444507425776989
1zu0A,MN,False,255.0,255.0,36.25309920926553,36.25309920926553,39.220776644273634,39.220776644273634,36.50123911595331,36.50123911595331,36.1206648516692,36.1206648516692
1xpyC,MG,False,11.86285332455898,11.86285332455898,3.6756838026426566,3.6756838026426566,5.391031107311478,5.391031107311478,4.716790964204372,4.716790964204372,6.57175987873732,6.57175987873732
3gdlA,UP6,True,2.9413909523716595,2.139610478568468,0.8249722407660874,1.4520166425590126,1.8932225136318388,1.1273511342966744,1.8019419739689215,1.4034792481543892,0.7638723318578077,1.4175997438178445
2x4oA,III,True,255.0,255.0,7.459682805896582,1.045172083319297,26.50619099518435,17.65698362858164,5.496499491517384,4.28485110593122,3.451587815391908,0.816108275568606
1kpeB,ADW,True,4.493183979579343,3.3501822338493747,4.3631484710005015,2.0425497916754383,3.643863138500976,1.602849500109102,4.39958159798309,3.0464576150013944,1.3529163907349715,0.777966017240581
1tvpB,CBI,True,10.02652826416682,5.964067990893461,7.137868607419874,2.2492726823120583,6.660576231825756,3.4140456587456445,10.382239407714152,5.4751594497329465,6.56855576144865,3.171314283066053
830cA,RS1,True,4.907364751631524,2.0179819127038794,2.5491027761260336,0.4167814788455577,4.067319756984391,1.02065082177991,5.420524802903208,1.1245590246847872,1.410417454237889,1.5111732102521596
3m4eA,BCD,True,30.821256066675428,24.584483907538104,27.0784138023751,20.889108583904267,48.99344197853363,43.990144479644535,48.39415331564307,43.21458754865074,45.7137513633414,40.72094248663704
1c3jA,UDP,False,3.353658004269364,2.059639531568572,1.1920288099527705,0.6280599707278824,2.3804592308208075,1.6063984250490306,2.4536923217062068,1.2776439253563563,2.6984042483537354,2.20850700222706
1mmbA,ZN,False,255.0,255.0,1.4791038232314768,1.4791038232314768,2.565764628721817,2.565764628721817,4.695603369110302,4.695603369110302,5.188002993951415,5.188002993951415
1epbB,REA,True,255.0,255.0,0.6015848771355772,1.0276431714084138,255.0,255.0,3.157354953489645,2.687785333690174,2.938890975523313,1.78428659009192
2qwiA,NAG,True,255.0,255.0,34.73984433085935,33.40647969395978,36.87572528396382,35.42512044580795,37.93414904038797,36.02708404797702,38.82443888310841,37.31096936179007
3gdlA,UP6,True,22.624684405310703,20.15331181220595,27.488012618830687,24.726210385518005,25.07032719297389,22.261485691211178,28.00981317004563,25.299281333666386,26.199462858658013,23.396070706753807
1zt9A,TRP,True,255.0,255.0,14.860480772750186,13.49614163348637,23.327604170810165,22.12473886738553,19.357904999250305,18.052241661356074,23.05628447051572,21.828208508394603
1f7bA,NAU,True,255.0,255.0,4.548998800200341,0.8164043419548159,0.9512702440717028,1.2416179243229384,1.551547122688481,0.8972207086330533,2.731701737767228,0.8729897417378485
2rkmA,III,True,255.0,255.0,5.1440999686802105,2.396358533352299,9.280204411789557,6.121709792206749,4.376296018248216,1.9517387120206435,2.133483789294459,1.675964976387125
