residue_id,neighbors
SER_-1_B,ASN_0_B
ASN_0_B,"SER_-1_B,MET_1_B"
MET_1_B,"ASN_0_B,ASN_2_B"
ASN_2_B,"MET_1_B,THR_3_B"
THR_3_B,"ASN_2_B,ARG_4_B,PHE_6_B"
ARG_4_B,"THR_3_B,ASN_5_B,ASP_207_B"
ASN_5_B,"ARG_4_B,PHE_6_B,ASP_71_B"
PHE_6_B,"THR_3_B,ASN_5_B,SER_7_B,ASP_72_B"
SER_7_B,"PHE_6_B,LEU_8_B,LEU_11_B,ASP_72_B"
LEU_8_B,"SER_7_B,GLN_12_B"
PRO_9_B,GLN_10_B
GLN_10_B,"PRO_9_B,LEU_11_B,VAL_66_B,SER_70_B"
LEU_11_B,"SER_7_B,GLN_10_B,GLN_12_B,LEU_63_B,VAL_66_B"
GLN_12_B,"LEU_8_B,LEU_11_B,ASN_13_B"
ASN_13_B,"GLN_12_B,LEU_14_B"
LEU_14_B,"ASN_13_B,ILE_16_B,LEU_63_B"
PRO_15_B,ILE_16_B
ILE_16_B,"LEU_14_B,PRO_15_B,GLU_17_B,ALA_19_B,ALA_59_B"
GLU_17_B,"ILE_16_B,GLU_18_B"
GLU_18_B,"GLU_17_B,ALA_19_B,VAL_22_B"
ALA_19_B,"ILE_16_B,GLU_18_B,ARG_20_B,ALA_23_B"
ARG_20_B,"ALA_19_B,ILE_21_B,ASP_24_B"
ILE_21_B,"ARG_20_B,VAL_22_B"
VAL_22_B,"GLU_18_B,ILE_21_B,ALA_23_B,ALA_25_B,LEU_26_B,LEU_67_B"
ALA_23_B,"ALA_19_B,VAL_22_B,ASP_24_B"
ASP_24_B,"ARG_20_B,ALA_23_B,ALA_25_B"
ALA_25_B,"VAL_22_B,ASP_24_B,LEU_26_B,ALA_38_B"
LEU_26_B,"VAL_22_B,ALA_25_B,ALA_27_B,ARG_79_B"
ALA_27_B,"LEU_26_B,VAL_28_B"
VAL_28_B,"ALA_27_B,HIS_29_B"
HIS_29_B,"VAL_28_B,ALA_30_B"
ALA_30_B,"HIS_29_B,THR_31_B"
THR_31_B,"ALA_30_B,SER_32_B,GLN_34_B"
SER_32_B,"THR_31_B,ARG_33_B,ASP_36_B"
ARG_33_B,"SER_32_B,GLN_34_B,SER_37_B"
GLN_34_B,"THR_31_B,ARG_33_B,ILE_35_B,ALA_38_B"
ILE_35_B,"GLN_34_B,ASP_36_B,ALA_39_B"
ASP_36_B,"SER_32_B,ILE_35_B,SER_37_B,SER_40_B"
SER_37_B,"ARG_33_B,ASP_36_B,ALA_38_B,LYS_41_B"
ALA_38_B,"ALA_25_B,GLN_34_B,SER_37_B,ALA_39_B,LEU_42_B"
ALA_39_B,"ILE_35_B,ALA_38_B,SER_40_B,ALA_43_B"
SER_40_B,"ASP_36_B,ALA_39_B,LYS_41_B,ALA_44_B"
LYS_41_B,"SER_37_B,SER_40_B,LEU_42_B,LEU_45_B"
LEU_42_B,"ALA_38_B,LYS_41_B,ALA_43_B,ALA_46_B,LEU_63_B,LEU_67_B"
ALA_43_B,"ALA_39_B,LEU_42_B,ALA_44_B,GLU_47_B"
ALA_44_B,"SER_40_B,ALA_43_B,LEU_45_B,ALA_48_B"
LEU_45_B,"LYS_41_B,ALA_44_B,ALA_46_B,GLY_49_B,ALA_56_B,TYR_60_B,LEU_63_B"
ALA_46_B,"LEU_42_B,LEU_45_B,GLU_47_B,LEU_50_B"
GLU_47_B,"ALA_43_B,ALA_46_B,ALA_48_B,LYS_51_B,ARG_92_B"
ALA_48_B,"ALA_44_B,GLU_47_B,GLY_49_B"
GLY_49_B,"LEU_45_B,ALA_48_B,LEU_50_B"
LEU_50_B,"ALA_46_B,GLY_49_B,LYS_51_B"
LYS_51_B,"GLU_47_B,LEU_50_B,GLY_52_B"
GLY_52_B,"LYS_51_B,ASP_53_B"
ASP_53_B,"GLY_52_B,ARG_54_B,GLN_55_B,ALA_56_B,TYR_57_B"
ARG_54_B,"ASP_53_B,GLN_55_B"
GLN_55_B,"ASP_53_B,ARG_54_B,ALA_56_B,ALA_59_B"
ALA_56_B,"LEU_45_B,ASP_53_B,GLN_55_B,TYR_57_B,TYR_60_B"
TYR_57_B,"ASP_53_B,ALA_56_B,ALA_58_B,TYR_60_B"
ALA_58_B,"TYR_57_B,ALA_59_B,GLN_62_B"
ALA_59_B,"ILE_16_B,GLN_55_B,ALA_58_B,TYR_60_B,LEU_63_B"
TYR_60_B,"LEU_45_B,ALA_56_B,TYR_57_B,ALA_59_B,GLN_61_B,LEU_64_B,ILE_86_B,GLU_90_B"
GLN_61_B,"TYR_60_B,GLN_62_B,TYR_65_B"
GLN_62_B,"ALA_58_B,GLN_61_B,LEU_63_B"
LEU_63_B,"LEU_11_B,LEU_14_B,LEU_42_B,LEU_45_B,ALA_59_B,GLN_62_B,LEU_64_B,LEU_67_B"
LEU_64_B,"TYR_60_B,LEU_63_B,TYR_65_B,SER_68_B,TYR_87_B"
TYR_65_B,"GLN_61_B,LEU_64_B,VAL_66_B,LEU_69_B,SER_212_B,ILE_218_B"
VAL_66_B,"GLN_10_B,LEU_11_B,TYR_65_B,LEU_67_B,SER_70_B"
LEU_67_B,"VAL_22_B,LEU_42_B,LEU_63_B,VAL_66_B,SER_68_B,ARG_79_B"
SER_68_B,"LEU_64_B,LEU_67_B,LEU_69_B,ARG_229_B"
LEU_69_B,"TYR_65_B,SER_68_B,SER_70_B,LEU_221_B"
SER_70_B,"GLN_10_B,VAL_66_B,LEU_69_B,ASP_71_B"
ASP_71_B,"ASN_5_B,SER_70_B,ASP_72_B,ARG_153_B,ARG_156_B"
ASP_72_B,"PHE_6_B,SER_7_B,ASP_71_B,VAL_73_B,ALA_74_B,THR_75_B,ARG_79_B"
VAL_73_B,"ASP_72_B,ALA_74_B,ALA_76_B"
ALA_74_B,"ASP_72_B,VAL_73_B,THR_75_B"
THR_75_B,"ASP_72_B,ALA_74_B,ALA_76_B,ARG_79_B"
ALA_76_B,"VAL_73_B,THR_75_B,GLN_77_B,ARG_80_B"
GLN_77_B,"ALA_76_B,THR_78_B,TRP_81_B"
THR_78_B,"GLN_77_B,ARG_79_B,LEU_82_B"
ARG_79_B,"LEU_26_B,LEU_67_B,ASP_72_B,THR_75_B,THR_78_B,ARG_80_B,ALA_83_B"
ARG_80_B,"ALA_76_B,ARG_79_B,TRP_81_B,ASP_160_B,ARG_229_B"
TRP_81_B,"GLN_77_B,ARG_80_B,LEU_82_B"
LEU_82_B,"THR_78_B,TRP_81_B,ALA_83_B,ALA_85_B"
ALA_83_B,"ARG_79_B,LEU_82_B,ARG_84_B,ILE_86_B,TYR_87_B"
ARG_84_B,"ALA_83_B,ALA_85_B,ARG_88_B"
ALA_85_B,"LEU_82_B,ARG_84_B,ILE_86_B"
ILE_86_B,"TYR_60_B,ALA_83_B,ALA_85_B,TYR_87_B,VAL_89_B,GLU_90_B"
TYR_87_B,"LEU_64_B,ALA_83_B,ILE_86_B,ARG_88_B,GLU_91_B,ARG_226_B"
ARG_88_B,"ARG_84_B,TYR_87_B,VAL_89_B"
VAL_89_B,"ILE_86_B,ARG_88_B,GLU_90_B,ARG_92_B"
GLU_90_B,"TYR_60_B,ILE_86_B,VAL_89_B,GLU_91_B,PHE_93_B,ARG_226_B"
GLU_91_B,"TYR_87_B,GLU_90_B,ARG_92_B,ARG_226_B,HIS_230_B"
ARG_92_B,"GLU_47_B,VAL_89_B,GLU_91_B,PHE_93_B"
PHE_93_B,"GLU_90_B,ARG_92_B,MET_94_B"
MET_94_B,PHE_93_B
PRO_95_B,ALA_96_B
ALA_96_B,"PRO_95_B,ALA_97_B,THR_304_B"
ALA_97_B,"ALA_96_B,ASP_98_B,LEU_99_B"
ASP_98_B,"ALA_97_B,LEU_99_B"
LEU_99_B,"ALA_97_B,ASP_98_B,SER_100_B,LEU_103_B"
SER_100_B,"LEU_99_B,ARG_101_B"
ARG_101_B,"SER_100_B,ALA_102_B"
ALA_102_B,"ARG_101_B,LEU_103_B"
LEU_103_B,"LEU_99_B,ALA_102_B,SER_104_B,GLN_299_B"
SER_104_B,"LEU_103_B,GLU_105_B,ASP_107_B,PHE_108_B"
GLU_105_B,"SER_104_B,GLU_106_B,GLN_109_B"
GLU_106_B,"GLU_105_B,ASP_107_B,LYS_110_B"
ASP_107_B,"SER_104_B,GLU_106_B,PHE_108_B,ARG_111_B"
PHE_108_B,"SER_104_B,ASP_107_B,GLN_109_B,LEU_112_B,GLN_299_B,PHE_302_B"
GLN_109_B,"GLU_105_B,PHE_108_B,LYS_110_B,GLU_113_B"
LYS_110_B,"GLU_106_B,GLN_109_B,ARG_111_B,GLN_114_B"
ARG_111_B,"ASP_107_B,LYS_110_B,LEU_112_B,GLU_115_B"
LEU_112_B,"PHE_108_B,ARG_111_B,GLU_113_B,ILE_116_B,PHE_302_B,LEU_303_B"
GLU_113_B,"GLN_109_B,LEU_112_B,GLN_114_B,ALA_117_B"
GLN_114_B,"LYS_110_B,GLU_113_B,GLU_115_B,ALA_118_B"
GLU_115_B,"ARG_111_B,GLN_114_B,ILE_116_B"
ILE_116_B,"LEU_112_B,GLU_115_B,ALA_117_B,GLN_119_B"
ALA_117_B,"GLU_113_B,ILE_116_B,ALA_118_B"
ALA_118_B,"GLN_114_B,ALA_117_B,GLN_119_B"
GLN_119_B,"ILE_116_B,ALA_118_B,SER_120_B,ARG_121_B,PHE_310_B"
SER_120_B,"GLN_119_B,ARG_121_B"
ARG_121_B,"GLN_119_B,SER_120_B,GLU_122_B,SER_127_B,GLU_313_B,ARG_314_B"
GLU_122_B,"ARG_121_B,ARG_123_B,GLN_128_B,LYS_253_B"
ARG_123_B,"GLU_122_B,HIS_124_B"
HIS_124_B,"ARG_123_B,SER_127_B,GLN_128_B,TYR_317_B,ASP_318_B"
PRO_125_B,"MET_126_B,TYR_129_B"
MET_126_B,"PRO_125_B,SER_127_B,VAL_130_B,TYR_317_B,ILE_320_B,TRP_321_B"
SER_127_B,"ARG_121_B,HIS_124_B,MET_126_B,GLN_128_B,PHE_131_B,TYR_317_B"
GLN_128_B,"GLU_122_B,HIS_124_B,SER_127_B,TYR_129_B,SER_132_B"
TYR_129_B,"PRO_125_B,GLN_128_B,VAL_130_B,SER_132_B,GLN_139_B,TRP_321_B"
VAL_130_B,"MET_126_B,TYR_129_B,PHE_131_B,LEU_254_B"
PHE_131_B,"SER_127_B,VAL_130_B,SER_132_B,LYS_253_B,LEU_254_B"
SER_132_B,"GLN_128_B,TYR_129_B,PHE_131_B,GLY_133_B,SER_134_B"
GLY_133_B,"SER_132_B,SER_134_B,ALA_135_B"
SER_134_B,"SER_132_B,GLY_133_B,ALA_135_B"
ALA_135_B,"GLY_133_B,SER_134_B,SER_136_B"
SER_136_B,"ALA_135_B,ARG_137_B,LEU_140_B"
ARG_137_B,"SER_136_B,ALA_138_B,GLN_141_B,LYS_328_B"
ALA_138_B,"ARG_137_B,GLN_139_B,VAL_327_B,LYS_328_B"
GLN_139_B,"TYR_129_B,ALA_138_B,LEU_140_B,MET_324_B,VAL_327_B"
LEU_140_B,"SER_136_B,GLN_139_B,GLN_141_B,LEU_144_B"
GLN_141_B,"ARG_137_B,LEU_140_B,VAL_142_B,ARG_145_B,ILE_202_B"
VAL_142_B,"GLN_141_B,PHE_143_B"
PHE_143_B,"VAL_142_B,LEU_144_B,GLN_147_B,MET_324_B"
LEU_144_B,"LEU_140_B,PHE_143_B,ARG_145_B,TRP_148_B,LEU_198_B,LEU_199_B"
ARG_145_B,"GLN_141_B,LEU_144_B,HIS_146_B,GLU_323_B"
HIS_146_B,"ARG_145_B,GLN_147_B,PHE_149_B,GLU_217_B,ILE_320_B,GLU_323_B"
GLN_147_B,"PHE_143_B,HIS_146_B,TRP_148_B,THR_151_B,LEU_195_B,TYR_271_B"
TRP_148_B,"LEU_144_B,GLN_147_B,PHE_149_B,PHE_152_B,LEU_199_B,ALA_206_B,ASP_207_B,PHE_208_B"
PHE_149_B,"HIS_146_B,TRP_148_B,ARG_150_B,ALA_210_B"
ARG_150_B,"PHE_149_B,THR_151_B,TYR_220_B,ARG_224_B,HIS_309_B,GLU_313_B,TYR_316_B"
THR_151_B,"GLN_147_B,ARG_150_B,PHE_152_B,TYR_270_B"
PHE_152_B,"TRP_148_B,THR_151_B,ARG_153_B"
ARG_153_B,"ASP_71_B,PHE_152_B,LEU_154_B,TYR_155_B,ARG_156_B,PHE_208_B"
LEU_154_B,"ARG_153_B,TYR_155_B,ASP_157_B"
TYR_155_B,"ARG_153_B,LEU_154_B,ARG_156_B,ALA_159_B,GLU_181_B"
ARG_156_B,"ASP_71_B,ARG_153_B,TYR_155_B,ASP_157_B"
ASP_157_B,"LEU_154_B,ARG_156_B,ALA_158_B,ASP_160_B,ARG_224_B,PHE_228_B,ARG_229_B"
ALA_158_B,"ASP_157_B,ALA_159_B,LEU_162_B,TYR_177_B"
ALA_159_B,"TYR_155_B,ALA_158_B,ASP_160_B,VAL_163_B"
ASP_160_B,"ARG_80_B,ASP_157_B,ALA_159_B,LEU_161_B,ARG_229_B"
LEU_161_B,"ASP_160_B,LEU_162_B,ASN_164_B,PHE_228_B"
LEU_162_B,"ALA_158_B,LEU_161_B,VAL_163_B,LEU_174_B,LEU_178_B"
VAL_163_B,"ALA_159_B,LEU_162_B,ASN_164_B"
ASN_164_B,"LEU_161_B,VAL_163_B,LEU_165_B"
LEU_165_B,"ASN_164_B,THR_166_B,LEU_174_B"
THR_166_B,"LEU_165_B,ASP_167_B"
ASP_167_B,"THR_166_B,VAL_168_B,ASP_169_B,GLU_170_B,ALA_171_B,ARG_291_B"
VAL_168_B,"ASP_167_B,ASP_169_B,ALA_172_B"
ASP_169_B,"ASP_167_B,VAL_168_B,GLU_170_B,ARG_291_B"
GLU_170_B,"ASP_167_B,ASP_169_B,ALA_171_B,ARG_291_B,ARG_292_B"
ALA_171_B,"ASP_167_B,GLU_170_B,ALA_172_B,ALA_175_B"
ALA_172_B,"VAL_168_B,ALA_171_B,ALA_173_B,ARG_176_B"
ALA_173_B,"ALA_172_B,LEU_174_B"
LEU_174_B,"LEU_162_B,LEU_165_B,ALA_173_B,ALA_175_B,LEU_178_B"
ALA_175_B,"ALA_171_B,LEU_174_B,ARG_176_B,TYR_179_B"
ARG_176_B,"ALA_172_B,ALA_175_B,TYR_177_B,ARG_284_B,GLU_285_B"
TYR_177_B,"ALA_158_B,ARG_176_B,LEU_178_B,GLU_181_B,PHE_240_B"
LEU_178_B,"LEU_162_B,LEU_174_B,TYR_177_B,TYR_179_B,LEU_182_B"
TYR_179_B,"ALA_175_B,LEU_178_B,GLY_180_B,GLU_184_B,GLU_185_B"
GLY_180_B,"TYR_179_B,GLU_181_B"
GLU_181_B,"TYR_155_B,TYR_177_B,GLY_180_B,LEU_182_B,HIS_191_B,GLU_244_B,HIS_274_B"
LEU_182_B,"LEU_178_B,GLU_181_B,GLY_183_B"
GLY_183_B,"LEU_182_B,GLU_184_B"
GLU_184_B,"TYR_179_B,GLY_183_B,GLU_185_B"
GLU_185_B,"TYR_179_B,GLU_184_B,ASP_186_B"
ASP_186_B,"GLU_185_B,GLU_187_B,LYS_188_B,GLY_189_B"
GLU_187_B,"ASP_186_B,LYS_188_B"
LYS_188_B,"ASP_186_B,GLU_187_B,GLY_189_B"
GLY_189_B,"ASP_186_B,LYS_188_B,SER_190_B"
SER_190_B,"GLY_189_B,HIS_191_B,ARG_193_B,LEU_194_B"
HIS_191_B,"GLU_181_B,SER_190_B,LEU_195_B,HIS_274_B"
PRO_192_B,"ARG_193_B,ALA_196_B,PHE_208_B"
ARG_193_B,"SER_190_B,PRO_192_B,LEU_194_B,LYS_197_B"
LEU_194_B,"SER_190_B,ARG_193_B,LEU_195_B"
LEU_195_B,"GLN_147_B,HIS_191_B,LEU_194_B,ALA_196_B,LEU_199_B"
ALA_196_B,"PRO_192_B,LEU_195_B,LYS_197_B,GLU_200_B,ALA_206_B"
LYS_197_B,"ARG_193_B,ALA_196_B,LEU_198_B,ALA_201_B,ASP_266_B,GLU_269_B"
LEU_198_B,"LEU_144_B,LYS_197_B,LEU_199_B,TYR_271_B"
LEU_199_B,"LEU_144_B,TRP_148_B,LEU_195_B,LEU_198_B,GLU_200_B,ILE_202_B,LEU_204_B"
GLU_200_B,"ALA_196_B,LEU_199_B,ALA_201_B"
ALA_201_B,"LYS_197_B,GLU_200_B,ILE_202_B,GLN_267_B"
ILE_202_B,"GLN_141_B,LEU_199_B,ALA_201_B,GLY_203_B,LEU_263_B"
GLY_203_B,"ILE_202_B,LEU_204_B"
LEU_204_B,"LEU_199_B,GLY_203_B,GLU_205_B"
GLU_205_B,"LEU_204_B,ALA_206_B"
ALA_206_B,"TRP_148_B,ALA_196_B,GLU_205_B,ASP_207_B"
ASP_207_B,"ARG_4_B,TRP_148_B,ALA_206_B,PHE_208_B,GLN_209_B"
PHE_208_B,"TRP_148_B,ARG_153_B,PRO_192_B,ASP_207_B,GLN_209_B"
GLN_209_B,"ASP_207_B,PHE_208_B,ALA_210_B"
ALA_210_B,"PHE_149_B,GLN_209_B,VAL_211_B"
VAL_211_B,"ALA_210_B,SER_212_B"
SER_212_B,"TYR_65_B,VAL_211_B,THR_213_B,GLU_217_B"
THR_213_B,"SER_212_B,MET_214_B"
MET_214_B,"THR_213_B,GLU_217_B,ILE_218_B"
PRO_215_B,"GLU_216_B,ALA_219_B"
GLU_216_B,"PRO_215_B,GLU_217_B,ALA_319_B"
GLU_217_B,"HIS_146_B,SER_212_B,MET_214_B,GLU_216_B,ILE_218_B,LEU_221_B,TYR_316_B"
ILE_218_B,"TYR_65_B,MET_214_B,GLU_217_B,ALA_219_B,ASN_222_B"
ALA_219_B,"PRO_215_B,ILE_218_B,TYR_220_B"
TYR_220_B,"ARG_150_B,ALA_219_B,LEU_221_B,ARG_224_B,GLU_313_B,TYR_316_B"
LEU_221_B,"LEU_69_B,GLU_217_B,TYR_220_B,ASN_222_B,ALA_225_B"
ASN_222_B,"ILE_218_B,LEU_221_B,ASN_223_B,ARG_226_B"
ASN_223_B,"ASN_222_B,ARG_224_B,ARG_226_B,ALA_227_B"
ARG_224_B,"ARG_150_B,ASP_157_B,TYR_220_B,ASN_223_B,ALA_225_B,PHE_228_B"
ALA_225_B,"LEU_221_B,ARG_224_B,ARG_226_B"
ARG_226_B,"TYR_87_B,GLU_90_B,GLU_91_B,ASN_222_B,ASN_223_B,ALA_225_B,ALA_227_B,HIS_230_B"
ALA_227_B,"ASN_223_B,ARG_226_B,PHE_228_B,VAL_239_B"
PHE_228_B,"ASP_157_B,LEU_161_B,ARG_224_B,ALA_227_B,ARG_229_B,VAL_239_B,PHE_240_B"
ARG_229_B,"SER_68_B,ARG_80_B,ASP_157_B,ASP_160_B,PHE_228_B,HIS_230_B"
HIS_230_B,"GLU_91_B,ARG_226_B,ARG_229_B,ALA_231_B,GLU_232_B,TRP_235_B"
ALA_231_B,"HIS_230_B,GLU_232_B"
GLU_232_B,"HIS_230_B,ALA_231_B,VAL_233_B"
VAL_233_B,"GLU_232_B,GLY_234_B,LEU_237_B"
GLY_234_B,"VAL_233_B,TRP_235_B,ALA_238_B"
TRP_235_B,"HIS_230_B,GLY_234_B,GLY_236_B,THR_304_B,SER_305_B"
GLY_236_B,"TRP_235_B,LEU_237_B,PHE_240_B"
LEU_237_B,"VAL_233_B,GLY_236_B,ALA_238_B,TYR_241_B"
ALA_238_B,"GLY_234_B,LEU_237_B,VAL_239_B"
VAL_239_B,"ALA_227_B,PHE_228_B,ALA_238_B,PHE_240_B,THR_243_B"
PHE_240_B,"TYR_177_B,PHE_228_B,GLY_236_B,VAL_239_B,TYR_241_B,GLU_244_B"
TYR_241_B,"LEU_237_B,PHE_240_B,ILE_242_B,LEU_245_B,VAL_246_B,PRO_280_B,TRP_286_B,ILE_289_B"
ILE_242_B,"TYR_241_B,THR_243_B,PHE_310_B"
THR_243_B,"VAL_239_B,ILE_242_B,GLU_244_B"
GLU_244_B,"GLU_181_B,PHE_240_B,THR_243_B,LEU_245_B,HIS_274_B,LYS_283_B,GLU_285_B"
LEU_245_B,"TYR_241_B,GLU_244_B,VAL_246_B,LYS_283_B,GLU_285_B"
VAL_246_B,"TYR_241_B,LEU_245_B,VAL_247_B,PRO_280_B"
VAL_247_B,VAL_246_B
GLY_249_B,ASN_250_B
ASN_250_B,"GLY_249_B,HIS_251_B"
HIS_251_B,"ASN_250_B,GLU_252_B,TYR_255_B,HIS_274_B"
GLU_252_B,"HIS_251_B,LYS_253_B,ARG_256_B"
LYS_253_B,"GLU_122_B,PHE_131_B,GLU_252_B,LEU_254_B,ALA_257_B"
LEU_254_B,"VAL_130_B,PHE_131_B,LYS_253_B,TYR_255_B,LEU_258_B,TYR_271_B"
TYR_255_B,"HIS_251_B,LEU_254_B,ARG_256_B,LEU_259_B,ALA_268_B,LYS_272_B"
ARG_256_B,"GLU_252_B,TYR_255_B,ALA_257_B,GLN_260_B"
ALA_257_B,"LYS_253_B,ARG_256_B,LEU_258_B,ALA_261_B"
LEU_258_B,"LEU_254_B,ALA_257_B,LEU_259_B,TYR_271_B"
LEU_259_B,"TYR_255_B,LEU_258_B,GLN_260_B"
GLN_260_B,"ARG_256_B,LEU_259_B,ALA_261_B"
ALA_261_B,"ALA_257_B,GLN_260_B,GLY_262_B"
GLY_262_B,"ALA_261_B,LEU_263_B"
LEU_263_B,"ILE_202_B,GLY_262_B,SER_264_B"
SER_264_B,"LEU_263_B,GLU_265_B"
GLU_265_B,"SER_264_B,ASP_266_B,LYS_272_B"
ASP_266_B,"LYS_197_B,GLU_265_B,GLN_267_B,GLU_269_B"
GLN_267_B,"ALA_201_B,ASP_266_B,ALA_268_B"
ALA_268_B,"TYR_255_B,GLN_267_B,GLU_269_B"
GLU_269_B,"LYS_197_B,ASP_266_B,ALA_268_B,TYR_270_B,LYS_272_B"
TYR_270_B,"THR_151_B,GLU_269_B,TYR_271_B"
TYR_271_B,"GLN_147_B,LEU_198_B,LEU_254_B,LEU_258_B,TYR_270_B,LYS_272_B"
LYS_272_B,"TYR_255_B,GLU_265_B,GLU_269_B,TYR_271_B,VAL_273_B"
VAL_273_B,"LYS_272_B,HIS_274_B"
HIS_274_B,"GLU_181_B,HIS_191_B,GLU_244_B,HIS_251_B,VAL_273_B,ILE_275_B"
ILE_275_B,"HIS_274_B,SER_276_B"
SER_276_B,"ILE_275_B,LEU_277_B"
LEU_277_B,"SER_276_B,VAL_278_B"
VAL_278_B,LEU_277_B
PRO_279_B,ALA_282_B
PRO_280_B,"TYR_241_B,VAL_246_B,ARG_281_B"
ARG_281_B,"PRO_280_B,ALA_282_B"
ALA_282_B,"PRO_279_B,ARG_281_B,LYS_283_B"
LYS_283_B,"GLU_244_B,LEU_245_B,ALA_282_B,ARG_284_B"
ARG_284_B,"ARG_176_B,LYS_283_B,GLU_285_B"
GLU_285_B,"ARG_176_B,GLU_244_B,LEU_245_B,ARG_284_B,TRP_286_B,LEU_288_B"
TRP_286_B,"TYR_241_B,GLU_285_B,GLN_287_B,ILE_289_B,ALA_290_B"
GLN_287_B,"TRP_286_B,LEU_288_B,ARG_291_B"
LEU_288_B,"GLU_285_B,GLN_287_B,ILE_289_B,ARG_292_B"
ILE_289_B,"TYR_241_B,TRP_286_B,LEU_288_B,ALA_290_B,ARG_292_B"
ALA_290_B,"TRP_286_B,ILE_289_B,ARG_291_B"
ARG_291_B,"ASP_167_B,ASP_169_B,GLU_170_B,GLN_287_B,ALA_290_B,ARG_292_B"
ARG_292_B,"GLU_170_B,LEU_288_B,ILE_289_B,ARG_291_B,ILE_293_B,ASP_295_B,PHE_298_B"
ILE_293_B,"ARG_292_B,ASP_295_B,GLN_299_B"
PRO_294_B,ASP_295_B
ASP_295_B,"ARG_292_B,ILE_293_B,PRO_294_B,VAL_296_B,GLN_297_B"
VAL_296_B,"ASP_295_B,GLN_297_B,ASN_300_B"
GLN_297_B,"ASP_295_B,VAL_296_B,PHE_298_B"
PHE_298_B,"ARG_292_B,GLN_297_B,GLN_299_B,PHE_302_B"
GLN_299_B,"LEU_103_B,PHE_108_B,ILE_293_B,PHE_298_B,ASN_300_B,LEU_303_B"
ASN_300_B,"VAL_296_B,GLN_299_B,ALA_301_B,THR_304_B"
ALA_301_B,"ASN_300_B,PHE_302_B,SER_305_B"
PHE_302_B,"PHE_108_B,LEU_112_B,PHE_298_B,ALA_301_B,LEU_303_B,LEU_306_B"
LEU_303_B,"LEU_112_B,GLN_299_B,PHE_302_B,THR_304_B"
THR_304_B,"ALA_96_B,TRP_235_B,ASN_300_B,LEU_303_B,SER_305_B,GLN_308_B"
SER_305_B,"TRP_235_B,ALA_301_B,THR_304_B,LEU_306_B,HIS_309_B"
LEU_306_B,"PHE_302_B,SER_305_B,SER_307_B,PHE_310_B"
SER_307_B,"LEU_306_B,GLN_308_B,ARG_311_B"
GLN_308_B,"THR_304_B,SER_307_B,HIS_309_B"
HIS_309_B,"ARG_150_B,SER_305_B,GLN_308_B,PHE_310_B,GLU_313_B"
PHE_310_B,"GLN_119_B,ILE_242_B,LEU_306_B,HIS_309_B,ARG_311_B,ARG_314_B"
ARG_311_B,"SER_307_B,PHE_310_B,VAL_312_B,ARG_314_B"
VAL_312_B,"ARG_311_B,GLU_313_B,TYR_316_B"
GLU_313_B,"ARG_121_B,ARG_150_B,TYR_220_B,HIS_309_B,VAL_312_B,ARG_314_B,TYR_317_B"
ARG_314_B,"ARG_121_B,PHE_310_B,ARG_311_B,GLU_313_B,ALA_315_B"
ALA_315_B,"ARG_314_B,TYR_316_B"
TYR_316_B,"ARG_150_B,GLU_217_B,TYR_220_B,VAL_312_B,ALA_315_B,TYR_317_B,ILE_320_B"
TYR_317_B,"HIS_124_B,MET_126_B,SER_127_B,GLU_313_B,TYR_316_B,ASP_318_B,TRP_321_B"
ASP_318_B,"HIS_124_B,TYR_317_B,ALA_319_B,GLU_322_B"
ALA_319_B,"GLU_216_B,ASP_318_B,ILE_320_B,GLU_323_B"
ILE_320_B,"MET_126_B,HIS_146_B,TYR_316_B,ALA_319_B,TRP_321_B,MET_324_B"
TRP_321_B,"MET_126_B,TYR_129_B,TYR_317_B,ILE_320_B,GLU_322_B,GLN_325_B"
GLU_322_B,"ASP_318_B,TRP_321_B,GLU_323_B"
GLU_323_B,"ARG_145_B,HIS_146_B,ALA_319_B,GLU_322_B,MET_324_B,SER_326_B"
MET_324_B,"GLN_139_B,PHE_143_B,ILE_320_B,GLU_323_B,GLN_325_B"
GLN_325_B,"TRP_321_B,MET_324_B,SER_326_B"
SER_326_B,"GLU_323_B,GLN_325_B,VAL_327_B"
VAL_327_B,"ALA_138_B,GLN_139_B,SER_326_B,LYS_328_B"
LYS_328_B,"ARG_137_B,ALA_138_B,VAL_327_B"
