residue_id,neighbors
ALA_1_A,THR_2_A
THR_2_A,"ALA_1_A,SER_3_A"
SER_3_A,"THR_2_A,LEU_4_A"
LEU_4_A,"SER_3_A,ASN_5_A"
ASN_5_A,"LEU_4_A,THR_6_A"
THR_6_A,"ASN_5_A,ASP_7_A,THR_51_A,PHE_178_A"
ASP_7_A,"THR_6_A,ASP_8_A,THR_51_A"
ASP_8_A,"ASP_7_A,ILE_9_A,SER_440_A"
ILE_9_A,"ASP_8_A,GLN_10_A,VAL_50_A"
GLN_10_A,"ILE_9_A,GLY_11_A,ILE_66_A,PRO_437_A"
GLY_11_A,"GLN_10_A,ASP_12_A,VAL_15_A,ALA_48_A"
ASP_12_A,"GLY_11_A,ILE_13_A,ASN_65_A,SER_333_A,TYR_362_A"
ILE_13_A,"ASP_12_A,LEU_14_A,TYR_362_A"
LEU_14_A,"ILE_13_A,VAL_15_A,VAL_50_A"
VAL_15_A,"GLY_11_A,LEU_14_A,GLY_16_A,LEU_53_A"
GLY_16_A,"VAL_15_A,MET_17_A,HIS_18_A"
MET_17_A,"GLY_16_A,HIS_18_A,ASN_65_A,ILE_119_A,ALA_121_A"
HIS_18_A,"GLY_16_A,MET_17_A,LYS_19_A"
LYS_19_A,"HIS_18_A,GLN_20_A,PRO_60_A,ALA_121_A,ASP_123_A"
GLN_20_A,"LYS_19_A,LYS_21_A,ASP_123_A,ILE_153_A"
LYS_21_A,"GLN_20_A,GLN_22_A,SER_122_A"
GLN_22_A,"LYS_21_A,LEU_23_A,ALA_121_A"
LEU_23_A,"GLN_22_A,PHE_24_A,LEU_120_A,VAL_132_A"
PHE_24_A,"LEU_23_A,TYR_25_A,PHE_26_A,ILE_119_A,LEU_149_A,ALA_358_A,VAL_360_A"
TYR_25_A,"PHE_24_A,PHE_26_A,ILE_118_A,GLU_136_A,LYS_145_A"
PHE_26_A,"PHE_24_A,TYR_25_A,PHE_27_A,PHE_109_A,VAL_117_A,LEU_146_A,TYR_147_A,PHE_216_A,PHE_434_A"
PHE_27_A,"PHE_26_A,ALA_28_A,HIS_115_A,GLY_116_A,ILE_118_A"
ALA_28_A,"PHE_27_A,ILE_29_A,SER_144_A,LEU_146_A"
ILE_29_A,"ALA_28_A,ASN_30_A"
ASN_30_A,"ILE_29_A,ASP_31_A,SER_141_A,SER_142_A"
ASP_31_A,"ASN_30_A,THR_34_A,PHE_35_A"
PRO_32_A,"ALA_33_A,LYS_36_A"
ALA_33_A,"PRO_32_A,THR_34_A,THR_37_A"
THR_34_A,"ASP_31_A,ALA_33_A,PHE_35_A,THR_37_A,PHE_38_A"
PHE_35_A,"ASP_31_A,THR_34_A,LYS_36_A,LEU_39_A,LEU_76_A,PHE_139_A,ILE_143_A"
LYS_36_A,"PRO_32_A,PHE_35_A,THR_37_A,ALA_40_A,ARG_445_A,LEU_446_A"
THR_37_A,"ALA_33_A,THR_34_A,LYS_36_A,PHE_38_A,SER_41_A"
PHE_38_A,"THR_34_A,THR_37_A,LEU_39_A,ASP_42_A,THR_138_A,PHE_139_A"
LEU_39_A,"PHE_35_A,PHE_38_A,ALA_40_A,ALA_44_A,ILE_442_A"
ALA_40_A,"LYS_36_A,LEU_39_A,SER_41_A"
SER_41_A,"THR_37_A,ALA_40_A,ASP_42_A"
ASP_42_A,"PHE_38_A,SER_41_A,ILE_43_A"
ILE_43_A,"ASP_42_A,ALA_44_A,VAL_46_A,VAL_47_A,PHE_139_A"
ALA_44_A,"LEU_39_A,ILE_43_A"
PRO_45_A,VAL_46_A
VAL_46_A,"ILE_43_A,PRO_45_A,VAL_47_A"
VAL_47_A,"ILE_43_A,VAL_46_A,ALA_48_A,LEU_64_A,ILE_439_A,ILE_442_A"
ALA_48_A,"GLY_11_A,VAL_47_A,SER_49_A"
SER_49_A,"ALA_48_A,VAL_50_A,GLN_52_A,LEU_53_A"
VAL_50_A,"ILE_9_A,LEU_14_A,SER_49_A,THR_51_A,SER_54_A"
THR_51_A,"THR_6_A,ASP_7_A,VAL_50_A,GLN_52_A"
GLN_52_A,"SER_49_A,THR_51_A,LEU_53_A,THR_58_A"
LEU_53_A,"VAL_15_A,SER_49_A,GLN_52_A,SER_54_A"
SER_54_A,"VAL_50_A,LEU_53_A,ASN_55_A"
ASN_55_A,"SER_54_A,VAL_56_A,THR_58_A"
VAL_56_A,"ASN_55_A,ALA_57_A"
ALA_57_A,"VAL_56_A,THR_58_A"
THR_58_A,"GLN_52_A,ASN_55_A,ALA_57_A,GLN_59_A"
GLN_59_A,THR_58_A
PRO_60_A,"LYS_19_A,LEU_61_A"
LEU_61_A,"PRO_60_A,VAL_62_A,SER_122_A,LEU_127_A"
VAL_62_A,"LEU_61_A,ALA_63_A"
ALA_63_A,"VAL_62_A,LEU_64_A,ALA_121_A"
LEU_64_A,"VAL_47_A,ALA_63_A,ASN_65_A,ILE_118_A,LEU_120_A"
ASN_65_A,"ASP_12_A,MET_17_A,LEU_64_A,ILE_66_A,ILE_119_A"
ILE_66_A,"GLN_10_A,ASN_65_A,ALA_67_A,PHE_68_A,ILE_442_A"
ALA_67_A,"ILE_66_A,PHE_68_A,VAL_117_A,PHE_434_A"
PHE_68_A,"ILE_66_A,ALA_67_A,SER_69_A,LEU_76_A,PHE_435_A"
SER_69_A,"PHE_68_A,ASN_70_A,GLY_72_A,LEU_73_A,ILE_114_A"
ASN_70_A,"SER_69_A,THR_71_A,LEU_74_A"
THR_71_A,"ASN_70_A,GLY_72_A,THR_112_A"
GLY_72_A,"SER_69_A,THR_71_A,LEU_73_A"
LEU_73_A,"SER_69_A,GLY_72_A,LEU_74_A,VAL_78_A,LEU_446_A"
LEU_74_A,"ASN_70_A,LEU_73_A,ALA_75_A,GLY_77_A"
ALA_75_A,"LEU_74_A,LEU_76_A"
LEU_76_A,"PHE_35_A,PHE_68_A,ALA_75_A,GLY_77_A"
GLY_77_A,"LEU_74_A,LEU_76_A,VAL_78_A"
VAL_78_A,"LEU_73_A,GLY_77_A,THR_79_A,TRP_207_A"
THR_79_A,"VAL_78_A,ASP_80_A"
ASP_80_A,"THR_79_A,ASN_81_A,TRP_207_A,ARG_445_A"
ASN_81_A,"ASP_80_A,LEU_82_A,GLY_83_A"
LEU_82_A,"ASN_81_A,GLY_83_A,ARG_204_A,PRO_205_A,TRP_207_A,PHE_435_A"
GLY_83_A,"ASN_81_A,LEU_82_A,ASP_84_A"
ASP_84_A,"GLY_83_A,SER_85_A,PHE_87_A,ARG_204_A,PHE_213_A,LEU_366_A"
SER_85_A,"ASP_84_A,LEU_86_A,ASN_89_A"
LEU_86_A,"SER_85_A,PHE_87_A,GLY_90_A,HIS_371_A"
PHE_87_A,"ASP_84_A,LEU_86_A,ALA_88_A,PHE_213_A,LEU_366_A"
ALA_88_A,"PHE_87_A,ASN_89_A"
ASN_89_A,"SER_85_A,ALA_88_A,GLY_90_A"
GLY_90_A,"LEU_86_A,ASN_89_A,GLN_91_A"
GLN_91_A,"GLY_90_A,ALA_92_A,ASP_94_A,ARG_217_A,GLY_431_A,GLU_432_A"
ALA_92_A,"GLN_91_A,LYS_93_A"
LYS_93_A,"ALA_92_A,ASP_94_A"
ASP_94_A,"GLN_91_A,LYS_93_A,ALA_95_A,SER_97_A,HIS_371_A,TYR_433_A"
ALA_95_A,"ASP_94_A,THR_96_A"
THR_96_A,"ALA_95_A,SER_97_A,PHE_98_A,LYS_99_A"
SER_97_A,"ASP_94_A,THR_96_A,PHE_98_A"
PHE_98_A,"THR_96_A,SER_97_A,LYS_99_A,PHE_370_A,GLN_374_A"
LYS_99_A,"THR_96_A,PHE_98_A,GLU_100_A,ASP_379_A,ASN_402_A"
GLU_100_A,"LYS_99_A,SER_101_A,TRP_105_A,ARG_217_A,SER_428_A"
SER_101_A,"GLU_100_A,THR_102_A"
THR_102_A,"SER_101_A,SER_103_A"
SER_103_A,"THR_102_A,SER_104_A"
SER_104_A,"SER_103_A,TRP_105_A,SER_428_A,HIS_429_A"
TRP_105_A,"GLU_100_A,SER_104_A,VAL_106_A,PHE_109_A"
VAL_106_A,"TRP_105_A,GLN_108_A,PHE_109_A,HIS_429_A"
PRO_107_A,GLN_108_A
GLN_108_A,"VAL_106_A,PRO_107_A,PHE_109_A"
PHE_109_A,"PHE_26_A,TRP_105_A,VAL_106_A,GLN_108_A,ALA_110_A,GLY_111_A,ILE_114_A,PHE_216_A"
ALA_110_A,"PHE_109_A,GLY_111_A"
GLY_111_A,"PHE_109_A,ALA_110_A,THR_112_A"
THR_112_A,"THR_71_A,GLY_111_A,GLY_113_A"
GLY_113_A,"THR_112_A,ILE_114_A"
ILE_114_A,"SER_69_A,PHE_109_A,GLY_113_A,HIS_115_A"
HIS_115_A,"PHE_27_A,ILE_114_A,GLY_116_A"
GLY_116_A,"PHE_27_A,HIS_115_A,VAL_117_A"
VAL_117_A,"PHE_26_A,ALA_67_A,GLY_116_A,ILE_118_A"
ILE_118_A,"TYR_25_A,PHE_27_A,LEU_64_A,VAL_117_A,ILE_119_A"
ILE_119_A,"MET_17_A,PHE_24_A,ASN_65_A,ILE_118_A,LEU_120_A"
LEU_120_A,"LEU_23_A,LEU_64_A,ILE_119_A,ALA_121_A"
ALA_121_A,"MET_17_A,LYS_19_A,GLN_22_A,ALA_63_A,LEU_120_A,SER_122_A"
SER_122_A,"LYS_21_A,LEU_61_A,ALA_121_A,ASP_123_A"
ASP_123_A,"LYS_19_A,GLN_20_A,SER_122_A,THR_124_A"
THR_124_A,"ASP_123_A,THR_125_A"
THR_125_A,"THR_124_A,ASP_126_A,ASP_129_A"
ASP_126_A,"THR_125_A,LEU_127_A,ASP_129_A"
LEU_127_A,"LEU_61_A,ASP_126_A,ILE_128_A"
ILE_128_A,"LEU_127_A,ASP_129_A,VAL_132_A"
ASP_129_A,"THR_125_A,ASP_126_A,ILE_128_A,GLN_130_A"
GLN_130_A,"ASP_129_A,GLN_131_A,SER_134_A"
GLN_131_A,"GLN_130_A,VAL_132_A,ILE_135_A"
VAL_132_A,"LEU_23_A,ILE_128_A,GLN_131_A,ALA_133_A,GLU_136_A"
ALA_133_A,"VAL_132_A,SER_134_A,SER_137_A"
SER_134_A,"GLN_130_A,ALA_133_A,ILE_135_A,SER_137_A,THR_138_A"
ILE_135_A,"GLN_131_A,SER_134_A,GLU_136_A,PHE_139_A"
GLU_136_A,"TYR_25_A,VAL_132_A,ILE_135_A,SER_137_A,GLY_140_A,LYS_145_A"
SER_137_A,"ALA_133_A,SER_134_A,GLU_136_A,THR_138_A"
THR_138_A,"PHE_38_A,SER_134_A,SER_137_A,PHE_139_A"
PHE_139_A,"PHE_35_A,PHE_38_A,ILE_43_A,ILE_135_A,THR_138_A,GLY_140_A,SER_142_A,ILE_143_A"
GLY_140_A,"GLU_136_A,PHE_139_A,SER_141_A"
SER_141_A,"ASN_30_A,GLY_140_A,SER_142_A"
SER_142_A,"ASN_30_A,PHE_139_A,SER_141_A,ILE_143_A"
ILE_143_A,"PHE_35_A,PHE_139_A,SER_142_A,SER_144_A"
SER_144_A,"ALA_28_A,ILE_143_A,LYS_145_A"
LYS_145_A,"TYR_25_A,GLU_136_A,SER_144_A,LEU_146_A"
LEU_146_A,"PHE_26_A,ALA_28_A,LYS_145_A,TYR_147_A"
TYR_147_A,"PHE_26_A,LEU_146_A,SER_148_A,GLN_218_A"
SER_148_A,"TYR_147_A,LEU_149_A"
LEU_149_A,"PHE_24_A,SER_148_A,SER_150_A,PHE_216_A,ALA_358_A"
SER_150_A,"LEU_149_A,ALA_151_A"
ALA_151_A,"SER_150_A,SER_152_A,ILE_335_A"
SER_152_A,"ALA_151_A,ILE_153_A"
ILE_153_A,"GLN_20_A,SER_152_A,ARG_154_A,ALA_159_A"
ARG_154_A,"ILE_153_A,GLU_158_A,HIS_161_A,GLU_162_A,GLU_340_A"
PRO_155_A,"GLY_156_A,GLU_340_A"
GLY_156_A,"PRO_155_A,ASN_157_A"
ASN_157_A,"GLY_156_A,GLU_158_A"
GLU_158_A,"ARG_154_A,ASN_157_A,ALA_159_A,HIS_161_A"
ALA_159_A,"ILE_153_A,GLU_158_A,GLY_160_A"
GLY_160_A,"ALA_159_A,HIS_161_A,ASP_168_A"
HIS_161_A,"ARG_154_A,GLU_158_A,GLY_160_A,GLU_162_A,GLY_165_A"
GLU_162_A,"ARG_154_A,HIS_161_A,MET_163_A,PHE_164_A,GLY_165_A,PHE_166_A,GLN_221_A"
MET_163_A,"GLU_162_A,PHE_164_A"
PHE_164_A,"GLU_162_A,MET_163_A,GLY_165_A,PHE_226_A"
GLY_165_A,"HIS_161_A,GLU_162_A,PHE_164_A,PHE_166_A"
PHE_166_A,"GLU_162_A,GLY_165_A,LEU_167_A,VAL_253_A,LYS_257_A"
LEU_167_A,"PHE_166_A,ASP_168_A,LYS_257_A"
ASP_168_A,"GLY_160_A,LEU_167_A,GLY_169_A,ARG_332_A"
GLY_169_A,"ASP_168_A,ILE_170_A"
ILE_170_A,"GLY_169_A,ALA_171_A"
ALA_171_A,"ILE_170_A,GLN_172_A,ARG_332_A"
GLN_172_A,"ALA_171_A,GLN_185_A,ARG_332_A"
PRO_173_A,ALA_174_A
ALA_174_A,"PRO_173_A,ILE_175_A,ASN_186_A,VAL_188_A"
ILE_175_A,"ALA_174_A,ASN_176_A,PHE_178_A,ASN_179_A,VAL_188_A,ALA_190_A,ILE_193_A"
ASN_176_A,"ILE_175_A,GLY_177_A,ILE_187_A"
GLY_177_A,"ASN_176_A,PHE_178_A"
PHE_178_A,"THR_6_A,ILE_175_A,GLY_177_A,ASN_179_A"
ASN_179_A,"ILE_175_A,PHE_178_A,THR_180_A"
THR_180_A,ASN_179_A
PRO_181_A,"LEU_182_A,ILE_187_A"
LEU_182_A,"PRO_181_A,GLN_185_A"
PRO_183_A,"GLY_184_A,ASN_282_A"
GLY_184_A,"PRO_183_A,GLN_185_A,ARG_309_A"
GLN_185_A,"GLN_172_A,LEU_182_A,GLY_184_A,ASN_186_A"
ASN_186_A,"ALA_174_A,GLN_185_A,ILE_187_A"
ILE_187_A,"ASN_176_A,PRO_181_A,ASN_186_A,VAL_188_A"
VAL_188_A,"ALA_174_A,ILE_175_A,ILE_187_A,ASP_189_A"
ASP_189_A,"VAL_188_A,ALA_190_A,GLY_191_A,VAL_192_A"
ALA_190_A,"ILE_175_A,ASP_189_A,GLY_191_A,ILE_193_A,ILE_194_A,ALA_197_A"
GLY_191_A,"ASP_189_A,ALA_190_A,VAL_192_A,THR_198_A"
VAL_192_A,"ASP_189_A,GLY_191_A,ILE_193_A"
ILE_193_A,"ILE_175_A,ALA_190_A,VAL_192_A,ILE_194_A,SER_212_A"
ILE_194_A,"ALA_190_A,ILE_193_A,THR_195_A,ALA_197_A"
THR_195_A,"ILE_194_A,GLY_196_A,ALA_208_A,GLY_211_A,PHE_213_A"
GLY_196_A,"THR_195_A,ALA_197_A,ASP_200_A"
ALA_197_A,"ALA_190_A,ILE_194_A,GLY_196_A,THR_198_A,ASP_200_A"
THR_198_A,"GLY_191_A,ALA_197_A,ASN_199_A"
ASN_199_A,"THR_198_A,ASP_200_A"
ASP_200_A,"GLY_196_A,ALA_197_A,ASN_199_A,ARG_204_A"
PRO_201_A,ILE_202_A
ILE_202_A,"PRO_201_A,THR_203_A"
THR_203_A,"ILE_202_A,ARG_204_A"
ARG_204_A,"LEU_82_A,ASP_84_A,ASP_200_A,THR_203_A,ALA_364_A"
PRO_205_A,"LEU_82_A,SER_206_A,ALA_208_A"
SER_206_A,"PRO_205_A,TRP_207_A"
TRP_207_A,"VAL_78_A,ASP_80_A,LEU_82_A,SER_206_A,ALA_208_A"
ALA_208_A,"THR_195_A,PRO_205_A,TRP_207_A,VAL_209_A,PHE_435_A"
VAL_209_A,"ALA_208_A,GLY_210_A"
GLY_210_A,"VAL_209_A,GLY_211_A"
GLY_211_A,"THR_195_A,GLY_210_A,SER_212_A"
SER_212_A,"ILE_193_A,GLY_211_A,PHE_213_A,SER_436_A"
PHE_213_A,"ASP_84_A,PHE_87_A,THR_195_A,SER_212_A,LEU_214_A,GLN_363_A,PHE_435_A"
LEU_214_A,"PHE_213_A,ALA_215_A,VAL_360_A,TYR_362_A,PHE_434_A"
ALA_215_A,"LEU_214_A,PHE_216_A,ALA_361_A"
PHE_216_A,"PHE_26_A,PHE_109_A,LEU_149_A,ALA_215_A,ARG_217_A"
ARG_217_A,"GLN_91_A,GLU_100_A,PHE_216_A,GLN_218_A,LEU_219_A,PHE_359_A"
GLN_218_A,"TYR_147_A,ARG_217_A,LEU_219_A,HIS_429_A,GLY_430_A"
LEU_219_A,"ARG_217_A,GLN_218_A,GLU_220_A,LEU_357_A,PHE_359_A"
GLU_220_A,"LEU_219_A,GLN_221_A,GLU_354_A,VAL_427_A,HIS_429_A"
GLN_221_A,"GLU_162_A,GLU_220_A,LEU_222_A,ARG_355_A"
LEU_222_A,"GLN_221_A,VAL_223_A,PHE_226_A,PHE_425_A"
VAL_223_A,"LEU_222_A,ASN_227_A,VAL_341_A"
PRO_224_A,GLU_225_A
GLU_225_A,"PRO_224_A,PHE_226_A,TYR_229_A,THR_351_A"
PHE_226_A,"PHE_164_A,LEU_222_A,GLU_225_A,ASN_227_A,LEU_230_A,PHE_425_A"
ASN_227_A,"VAL_223_A,PHE_226_A,LYS_228_A"
LYS_228_A,"ASN_227_A,TYR_229_A,ASP_232_A,ASN_349_A"
TYR_229_A,"GLU_225_A,LYS_228_A,LEU_230_A,ASN_233_A,PHE_425_A"
LEU_230_A,"PHE_226_A,TYR_229_A,LEU_231_A,ALA_234_A"
LEU_231_A,"LEU_230_A,ASP_232_A,LEU_241_A"
ASP_232_A,"LYS_228_A,LEU_231_A,ASN_233_A"
ASN_233_A,"TYR_229_A,ASP_232_A,ALA_234_A"
ALA_234_A,"LEU_230_A,ASN_233_A"
PRO_235_A,"ALA_236_A,ARG_244_A"
ALA_236_A,"PRO_235_A,GLY_237_A"
GLY_237_A,"ALA_236_A,SER_238_A"
SER_238_A,"GLY_237_A,GLY_239_A"
GLY_239_A,"SER_238_A,SER_240_A,ARG_244_A"
SER_240_A,"GLY_239_A,LEU_241_A,ALA_243_A,ARG_244_A"
LEU_241_A,"LEU_231_A,SER_240_A,GLN_242_A,ALA_245_A"
GLN_242_A,"LEU_241_A,ALA_243_A,ASP_246_A"
ALA_243_A,"SER_240_A,GLN_242_A,ARG_244_A,LEU_247_A"
ARG_244_A,"PRO_235_A,GLY_239_A,SER_240_A,ALA_243_A,ALA_245_A"
ALA_245_A,"LEU_241_A,ARG_244_A,ASP_246_A"
ASP_246_A,"GLN_242_A,ALA_245_A,LEU_247_A,ALA_250_A,LYS_257_A"
LEU_247_A,"ALA_243_A,ASP_246_A,LEU_248_A,ARG_251_A"
LEU_248_A,"LEU_247_A,GLY_249_A"
GLY_249_A,"LEU_248_A,ALA_250_A"
ALA_250_A,"ASP_246_A,GLY_249_A,ARG_251_A,GLY_254_A,TRP_256_A,ILE_262_A"
ARG_251_A,"LEU_247_A,ALA_250_A,MET_252_A,GLN_296_A,GLY_410_A,LEU_411_A"
MET_252_A,"ARG_251_A,VAL_253_A,HIS_304_A,PRO_396_A,ILE_422_A"
VAL_253_A,"PHE_166_A,MET_252_A,GLY_254_A"
GLY_254_A,"ALA_250_A,VAL_253_A,ARG_255_A"
ARG_255_A,"GLY_254_A,TRP_256_A,GLY_259_A,ASN_280_A,ASN_281_A,ARG_311_A"
TRP_256_A,"ALA_250_A,ARG_255_A,LYS_257_A,GLY_259_A,ALA_260_A,THR_265_A,ASP_269_A"
LYS_257_A,"PHE_166_A,LEU_167_A,ASP_246_A,TRP_256_A,SER_258_A"
SER_258_A,"LYS_257_A,GLY_259_A,ASP_269_A"
GLY_259_A,"ARG_255_A,TRP_256_A,SER_258_A,ALA_260_A"
ALA_260_A,"TRP_256_A,GLY_259_A"
PRO_261_A,"ILE_262_A,PHE_283_A"
ILE_262_A,"ALA_250_A,PRO_261_A,ASP_263_A,THR_265_A"
ASP_263_A,"ILE_262_A,LEU_264_A,HIS_287_A,HIS_298_A,ARG_306_A"
LEU_264_A,"ASP_263_A,THR_265_A"
THR_265_A,"TRP_256_A,ILE_262_A,LEU_264_A,ALA_268_A"
PRO_266_A,THR_267_A
THR_267_A,"PRO_266_A,ALA_268_A"
ALA_268_A,"THR_265_A,THR_267_A,ASP_269_A"
ASP_269_A,"TRP_256_A,SER_258_A,ALA_268_A,ASP_270_A"
ASP_270_A,"ASP_269_A,GLY_274_A,ARG_279_A"
PRO_271_A,"ALA_272_A,ALA_275_A"
ALA_272_A,"PRO_271_A,LEU_273_A"
LEU_273_A,"ALA_272_A,GLY_274_A,ASP_276_A,ARG_279_A"
GLY_274_A,"ASP_270_A,LEU_273_A,ALA_275_A"
ALA_275_A,"PRO_271_A,GLY_274_A,ASP_276_A"
ASP_276_A,"LEU_273_A,ALA_275_A,ALA_277_A,GLN_278_A,ARG_279_A,ASN_280_A"
ALA_277_A,"ASP_276_A,GLN_278_A"
GLN_278_A,"ASP_276_A,ALA_277_A,ARG_279_A"
ARG_279_A,"ASP_270_A,LEU_273_A,ASP_276_A,GLN_278_A,ASN_280_A"
ASN_280_A,"ARG_255_A,ASP_276_A,ARG_279_A,ASN_281_A"
ASN_281_A,"ARG_255_A,ASN_280_A,ASN_282_A,ARG_311_A"
ASN_282_A,"PRO_183_A,ASN_281_A,PHE_283_A"
PHE_283_A,"PRO_261_A,ASN_282_A,THR_284_A,TYR_285_A,ARG_311_A"
THR_284_A,"PHE_283_A,TYR_285_A,LEU_318_A"
TYR_285_A,"PHE_283_A,THR_284_A,SER_286_A,ARG_311_A"
SER_286_A,"TYR_285_A,HIS_287_A"
HIS_287_A,"ASP_263_A,SER_286_A,ALA_288_A,PHE_290_A,ASP_295_A,HIS_298_A"
ALA_288_A,"HIS_287_A,GLY_289_A"
GLY_289_A,"ALA_288_A,PHE_290_A"
PHE_290_A,"HIS_287_A,GLY_289_A,ASP_291_A"
ASP_291_A,"PHE_290_A,LEU_292_A,GLY_293_A,SER_294_A"
LEU_292_A,"ASP_291_A,GLY_293_A,LYS_387_A"
GLY_293_A,"ASP_291_A,LEU_292_A,SER_294_A,THR_388_A"
SER_294_A,"ASP_291_A,GLY_293_A,ASP_295_A"
ASP_295_A,"HIS_287_A,SER_294_A,GLN_296_A,SER_297_A,HIS_298_A"
GLN_296_A,"ARG_251_A,ASP_295_A,SER_297_A,PHE_301_A"
SER_297_A,"ASP_295_A,GLN_296_A,HIS_298_A"
HIS_298_A,"ASP_263_A,HIS_287_A,ASP_295_A,SER_297_A,CYS_299_A"
CYS_299_A,"HIS_298_A,ARG_306_A"
PRO_300_A,PHE_301_A
PHE_301_A,"GLN_296_A,PRO_300_A,SER_302_A,LYS_387_A,VAL_392_A"
SER_302_A,"PHE_301_A,ALA_303_A,ASN_409_A"
ALA_303_A,"SER_302_A,HIS_304_A,LYS_307_A"
HIS_304_A,"MET_252_A,ALA_303_A,ILE_305_A,ASP_395_A,ILE_397_A"
ILE_305_A,"HIS_304_A,ARG_306_A,ARG_309_A"
ARG_306_A,"ASP_263_A,CYS_299_A,ILE_305_A,LYS_307_A,ASP_313_A,LYS_387_A"
LYS_307_A,"ALA_303_A,ARG_306_A,THR_308_A,TRP_377_A,ASN_380_A,PHE_383_A"
THR_308_A,"LYS_307_A,ARG_309_A"
ARG_309_A,"GLY_184_A,ILE_305_A,THR_308_A,ARG_311_A,ASN_322_A"
PRO_310_A,"ARG_311_A,TRP_377_A,PHE_383_A"
ARG_311_A,"ARG_255_A,ASN_281_A,PHE_283_A,TYR_285_A,ARG_309_A,PRO_310_A,ALA_312_A,ASP_313_A,LEU_314_A,SER_324_A"
ALA_312_A,"ARG_311_A,ASP_313_A"
ASP_313_A,"ARG_306_A,ARG_311_A,ALA_312_A,LEU_314_A,LYS_387_A"
LEU_314_A,"ARG_311_A,ASP_313_A,GLY_315_A,ALA_325_A,TRP_377_A"
GLY_315_A,"LEU_314_A,GLY_316_A,ASN_322_A"
GLY_316_A,"GLY_315_A,SER_317_A"
SER_317_A,"GLY_316_A,LEU_318_A,THR_319_A,ASN_322_A"
LEU_318_A,"THR_284_A,SER_317_A,THR_319_A"
THR_319_A,"SER_317_A,LEU_318_A"
PRO_321_A,ASN_322_A
ASN_322_A,"ARG_309_A,GLY_315_A,SER_317_A,PRO_321_A,LEU_323_A,SER_324_A"
LEU_323_A,"ASN_322_A,SER_324_A"
SER_324_A,"ARG_311_A,ASN_322_A,LEU_323_A,ALA_325_A"
ALA_325_A,"LEU_314_A,SER_324_A,GLY_326_A,ASN_328_A"
GLY_326_A,"ALA_325_A,ALA_327_A,ASN_328_A,SER_329_A"
ALA_327_A,"GLY_326_A,ASN_328_A"
ASN_328_A,"ALA_325_A,GLY_326_A,ALA_327_A,SER_329_A,TRP_377_A"
SER_329_A,"GLY_326_A,ASN_328_A,ILE_330_A"
ILE_330_A,"SER_329_A,MET_331_A,ARG_332_A"
MET_331_A,"ILE_330_A,ARG_332_A,TYR_362_A"
ARG_332_A,"ASP_168_A,ALA_171_A,GLN_172_A,ILE_330_A,MET_331_A,SER_333_A"
SER_333_A,"ASP_12_A,ARG_332_A,GLY_334_A,VAL_360_A"
GLY_334_A,"SER_333_A,ILE_335_A"
ILE_335_A,"ALA_151_A,GLY_334_A,ALA_358_A"
PRO_336_A,TYR_337_A
TYR_337_A,"PRO_336_A,GLY_338_A,GLU_354_A,GLY_356_A"
GLY_338_A,TYR_337_A
PRO_339_A,"GLU_340_A,ARG_355_A"
GLU_340_A,"ARG_154_A,PRO_155_A,PRO_339_A,VAL_341_A"
VAL_341_A,"VAL_223_A,GLU_340_A,THR_342_A"
THR_342_A,"VAL_341_A,SER_343_A"
SER_343_A,"THR_342_A,ALA_344_A"
ALA_344_A,"SER_343_A,GLU_345_A"
GLU_345_A,"ALA_344_A,SER_346_A,ASN_349_A,THR_352_A,GLN_353_A,ARG_355_A"
SER_346_A,"GLU_345_A,ALA_347_A"
ALA_347_A,"SER_346_A,SER_348_A"
SER_348_A,"ALA_347_A,ASN_349_A,THR_350_A"
ASN_349_A,"LYS_228_A,GLU_345_A,SER_348_A,THR_350_A"
THR_350_A,"SER_348_A,ASN_349_A,THR_351_A"
THR_351_A,"GLU_225_A,THR_350_A,THR_352_A"
THR_352_A,"GLU_345_A,THR_351_A,GLN_353_A"
GLN_353_A,"GLU_345_A,THR_352_A,GLU_354_A"
GLU_354_A,"GLU_220_A,TYR_337_A,GLN_353_A,ARG_355_A,HIS_429_A"
ARG_355_A,"GLN_221_A,PRO_339_A,GLU_345_A,GLU_354_A,GLY_356_A"
GLY_356_A,"TYR_337_A,ARG_355_A,LEU_357_A"
LEU_357_A,"LEU_219_A,GLY_356_A,ALA_358_A,PHE_359_A"
ALA_358_A,"PHE_24_A,LEU_149_A,ILE_335_A,LEU_357_A,PHE_359_A"
PHE_359_A,"ARG_217_A,LEU_219_A,LEU_357_A,ALA_358_A,VAL_360_A,ALA_361_A"
VAL_360_A,"PHE_24_A,LEU_214_A,SER_333_A,PHE_359_A,ALA_361_A,TYR_362_A"
ALA_361_A,"ALA_215_A,PHE_359_A,VAL_360_A,TYR_362_A,GLN_363_A"
TYR_362_A,"ASP_12_A,ILE_13_A,LEU_214_A,MET_331_A,VAL_360_A,ALA_361_A,GLN_363_A"
GLN_363_A,"PHE_213_A,ALA_361_A,TYR_362_A,ALA_364_A,PHE_370_A"
ALA_364_A,"ARG_204_A,GLN_363_A,GLN_365_A"
GLN_365_A,"ALA_364_A,LEU_366_A,SER_367_A,GLN_368_A"
LEU_366_A,"ASP_84_A,PHE_87_A,GLN_365_A,SER_367_A,TYR_433_A"
SER_367_A,"GLN_365_A,LEU_366_A,GLN_368_A"
GLN_368_A,"GLN_365_A,SER_367_A,GLY_369_A"
GLY_369_A,"GLN_368_A,PHE_370_A,LEU_373_A"
PHE_370_A,"PHE_98_A,GLN_363_A,GLY_369_A,HIS_371_A,GLN_374_A"
HIS_371_A,"LEU_86_A,ASP_94_A,PHE_370_A,PHE_372_A"
PHE_372_A,"HIS_371_A,LEU_373_A,THR_376_A,TRP_377_A"
LEU_373_A,"GLY_369_A,PHE_372_A,GLN_374_A,TRP_377_A,ALA_378_A"
GLN_374_A,"PHE_98_A,PHE_370_A,LEU_373_A,GLN_375_A,ASP_379_A,ILE_398_A"
GLN_375_A,"GLN_374_A,THR_376_A"
THR_376_A,"PHE_372_A,GLN_375_A,TRP_377_A"
TRP_377_A,"LYS_307_A,PRO_310_A,LEU_314_A,ASN_328_A,PHE_372_A,LEU_373_A,THR_376_A,ALA_378_A,PHE_383_A"
ALA_378_A,"LEU_373_A,TRP_377_A,ASP_379_A,ILE_398_A"
ASP_379_A,"LYS_99_A,GLN_374_A,ALA_378_A,ASN_380_A,GLN_400_A"
ASN_380_A,"LYS_307_A,ASP_379_A,ALA_381_A,ASN_382_A"
ALA_381_A,"ASN_380_A,ASN_382_A,VAL_392_A"
ASN_382_A,"ASN_380_A,ALA_381_A,PHE_383_A"
PHE_383_A,"LYS_307_A,PRO_310_A,TRP_377_A,ASN_382_A"
PRO_385_A,GLY_386_A
GLY_386_A,"PRO_385_A,LYS_387_A"
LYS_387_A,"LEU_292_A,PHE_301_A,ARG_306_A,ASP_313_A,GLY_386_A,THR_388_A"
THR_388_A,"GLY_293_A,LYS_387_A"
PRO_389_A,ALA_390_A
ALA_390_A,"PRO_389_A,THR_391_A"
THR_391_A,"ALA_390_A,VAL_392_A,ASN_409_A"
VAL_392_A,"PHE_301_A,ALA_381_A,THR_391_A,GLY_393_A"
GLY_393_A,"VAL_392_A,LEU_394_A"
LEU_394_A,"GLY_393_A,ASP_395_A,ARG_406_A"
ASP_395_A,"HIS_304_A,LEU_394_A,ILE_397_A,GLY_399_A"
PRO_396_A,"MET_252_A,ILE_397_A,ARG_406_A"
ILE_397_A,"HIS_304_A,ASP_395_A,PRO_396_A,ILE_398_A"
ILE_398_A,"GLN_374_A,ALA_378_A,ILE_397_A,GLY_399_A"
GLY_399_A,"ASP_395_A,ILE_398_A,GLN_400_A,ARG_406_A"
GLN_400_A,"ASP_379_A,GLY_399_A,ASN_401_A"
ASN_401_A,"GLN_400_A,ASN_402_A"
ASN_402_A,"LYS_99_A,ASN_401_A,GLY_403_A,GLN_404_A"
GLY_403_A,"ASN_402_A,GLN_404_A"
GLN_404_A,"ASN_402_A,GLY_403_A"
PRO_405_A,ARG_406_A
ARG_406_A,"LEU_394_A,PRO_396_A,GLY_399_A,PRO_405_A,VAL_407_A,ILE_422_A,PRO_423_A"
VAL_407_A,"ARG_406_A,VAL_408_A"
VAL_408_A,"VAL_407_A,ASN_409_A,LEU_411_A,LEU_420_A"
ASN_409_A,"SER_302_A,THR_391_A,VAL_408_A,GLY_410_A,SER_419_A"
GLY_410_A,"ARG_251_A,ASN_409_A,LEU_411_A"
LEU_411_A,"ARG_251_A,VAL_408_A,GLY_410_A,LEU_412_A,LEU_420_A,ILE_422_A"
LEU_412_A,LEU_411_A
PRO_413_A,SER_414_A
SER_414_A,"PRO_413_A,ASN_415_A"
ASN_415_A,"SER_414_A,SER_416_A,SER_417_A"
SER_416_A,"ASN_415_A,SER_417_A"
SER_417_A,"ASN_415_A,SER_416_A,ALA_418_A"
ALA_418_A,"SER_417_A,SER_419_A"
SER_419_A,"ASN_409_A,ALA_418_A,LEU_420_A"
LEU_420_A,"VAL_408_A,LEU_411_A,SER_419_A,SER_421_A"
SER_421_A,"LEU_420_A,ILE_422_A"
ILE_422_A,"MET_252_A,ARG_406_A,LEU_411_A,SER_421_A"
PRO_423_A,"ARG_406_A,GLN_424_A"
GLN_424_A,"PRO_423_A,PHE_425_A,VAL_426_A"
PHE_425_A,"LEU_222_A,PHE_226_A,TYR_229_A,GLN_424_A,VAL_426_A"
VAL_426_A,"GLN_424_A,PHE_425_A,VAL_427_A"
VAL_427_A,"GLU_220_A,VAL_426_A,SER_428_A"
SER_428_A,"GLU_100_A,SER_104_A,VAL_427_A,HIS_429_A"
HIS_429_A,"SER_104_A,VAL_106_A,GLN_218_A,GLU_220_A,GLU_354_A,SER_428_A,GLY_430_A"
GLY_430_A,"GLN_218_A,HIS_429_A,GLY_431_A"
GLY_431_A,"GLN_91_A,GLY_430_A,GLU_432_A"
GLU_432_A,"GLN_91_A,GLY_431_A,TYR_433_A,PHE_434_A"
TYR_433_A,"ASP_94_A,LEU_366_A,GLU_432_A,PHE_434_A"
PHE_434_A,"PHE_26_A,ALA_67_A,LEU_214_A,GLU_432_A,TYR_433_A,PHE_435_A"
PHE_435_A,"PHE_68_A,LEU_82_A,ALA_208_A,PHE_213_A,PHE_434_A,SER_436_A"
SER_436_A,"SER_212_A,PHE_435_A"
PRO_437_A,GLN_10_A
PRO_438_A,ILE_439_A
ILE_439_A,"VAL_47_A,PRO_438_A,SER_440_A,ILE_442_A"
SER_440_A,"ASP_8_A,ILE_439_A,ALA_441_A"
ALA_441_A,"SER_440_A,ILE_442_A,LEU_446_A"
ILE_442_A,"LEU_39_A,VAL_47_A,ILE_66_A,ILE_439_A,ALA_441_A,GLY_443_A"
GLY_443_A,"ILE_442_A,GLY_444_A,SER_447_A"
GLY_444_A,"GLY_443_A,ARG_445_A"
ARG_445_A,"LYS_36_A,ASP_80_A,GLY_444_A,LEU_446_A"
LEU_446_A,"LYS_36_A,LEU_73_A,ALA_441_A,ARG_445_A,SER_447_A"
SER_447_A,"GLY_443_A,LEU_446_A,ALA_448_A"
ALA_448_A,SER_447_A
