residue_id,neighbors
GLY_1_A,SER_2_A
SER_2_A,"GLY_1_A,HIS_3_A,VAL_103_A"
HIS_3_A,"SER_2_A,SER_4_A,ASP_29_A,VAL_103_A"
SER_4_A,"HIS_3_A,MET_5_A,ASP_29_A"
MET_5_A,"SER_4_A,ARG_6_A,LEU_168_A"
ARG_6_A,"MET_5_A,TYR_7_A,PHE_8_A,TYR_27_A,ASP_102_A,TYR_113_A"
TYR_7_A,"ARG_6_A,PHE_8_A,TYR_99_A"
PHE_8_A,"ARG_6_A,TYR_7_A,TYR_9_A,VAL_25_A,TYR_27_A"
TYR_9_A,"PHE_8_A,THR_10_A,PHE_22_A,ALA_24_A,PHE_74_A,ARG_97_A,TYR_99_A"
THR_10_A,"TYR_9_A,ALA_11_A,ILE_23_A"
ALA_11_A,"THR_10_A,VAL_12_A,PHE_74_A,LEU_95_A"
VAL_12_A,"ALA_11_A,SER_13_A,ARG_21_A,THR_94_A"
SER_13_A,"VAL_12_A,ARG_14_A,HIS_93_A"
ARG_14_A,"SER_13_A,ARG_17_A,GLU_19_A,ARG_21_A,ASP_39_A,ARG_75_A"
PRO_15_A,GLY_16_A
GLY_16_A,"PRO_15_A,ARG_17_A"
ARG_17_A,"ARG_14_A,GLY_16_A,GLY_18_A"
GLY_18_A,"ARG_17_A,GLU_19_A"
GLU_19_A,"ARG_14_A,GLY_18_A,ARG_75_A"
PRO_20_A,"ARG_21_A,ARG_75_A,LEU_78_A"
ARG_21_A,"VAL_12_A,ARG_14_A,PRO_20_A,PHE_22_A,ASP_37_A,ASP_39_A"
PHE_22_A,"TYR_9_A,ARG_21_A,ILE_23_A,SER_38_A,MET_67_A,ALA_70_A,THR_71_A,PHE_74_A"
ILE_23_A,"THR_10_A,PHE_22_A,ALA_24_A"
ALA_24_A,"TYR_9_A,ILE_23_A,VAL_25_A,PHE_36_A,MET_67_A"
VAL_25_A,"PHE_8_A,ALA_24_A,GLY_26_A,TYR_27_A"
GLY_26_A,"VAL_25_A,TYR_27_A,VAL_34_A"
TYR_27_A,"ARG_6_A,PHE_8_A,VAL_25_A,GLY_26_A,VAL_28_A,GLN_32_A"
VAL_28_A,"TYR_27_A,ASP_29_A,THR_31_A,PHE_33_A,TRP_51_A"
ASP_29_A,"HIS_3_A,SER_4_A,VAL_28_A,ASP_30_A"
ASP_30_A,"ASP_29_A,THR_31_A,TYR_209_A,GLU_211_A"
THR_31_A,"VAL_28_A,ASP_30_A,GLN_32_A,TYR_209_A"
GLN_32_A,"TYR_27_A,THR_31_A,PHE_33_A"
PHE_33_A,"VAL_28_A,GLN_32_A,VAL_34_A,ARG_48_A,TRP_51_A"
VAL_34_A,"GLY_26_A,PHE_33_A,ARG_35_A,MET_45_A"
ARG_35_A,"VAL_34_A,PHE_36_A,ASP_37_A,GLU_46_A,ARG_48_A"
PHE_36_A,"ALA_24_A,ARG_35_A,ASP_37_A,PRO_43_A,MET_67_A,THR_71_A"
ASP_37_A,"ARG_21_A,ARG_35_A,PHE_36_A,SER_38_A,ASP_39_A,ALA_40_A"
SER_38_A,"PHE_22_A,ASP_37_A,ASP_39_A"
ASP_39_A,"ARG_14_A,ARG_21_A,ASP_37_A,SER_38_A,ALA_40_A"
ALA_40_A,"ASP_37_A,ASP_39_A,ALA_41_A"
ALA_41_A,"ALA_40_A,SER_42_A"
SER_42_A,"ALA_41_A,ARG_44_A"
PRO_43_A,"PHE_36_A,ARG_44_A"
ARG_44_A,"SER_42_A,PRO_43_A,MET_45_A,GLU_61_A"
MET_45_A,"VAL_34_A,ARG_44_A,GLU_46_A,GLU_63_A,MET_67_A"
GLU_46_A,"ARG_35_A,MET_45_A,ARG_48_A"
PRO_47_A,"ARG_48_A,VAL_52_A,GLU_53_A,TRP_60_A"
ARG_48_A,"PHE_33_A,ARG_35_A,GLU_46_A,PRO_47_A,ALA_49_A,ARG_239_A"
ALA_49_A,ARG_48_A
PRO_50_A,"TRP_51_A,VAL_52_A"
TRP_51_A,"VAL_28_A,PHE_33_A,PRO_50_A,VAL_52_A,TYR_171_A,LEU_179_A"
VAL_52_A,"PRO_47_A,PRO_50_A,TRP_51_A,GLU_53_A,GLU_55_A"
GLU_53_A,"PRO_47_A,VAL_52_A,GLN_54_A"
GLN_54_A,"GLU_53_A,GLU_55_A"
GLU_55_A,"VAL_52_A,GLN_54_A,GLY_56_A,TYR_59_A,ARG_170_A"
GLY_56_A,GLU_55_A
PRO_57_A,"GLU_58_A,GLU_61_A"
GLU_58_A,"PRO_57_A,TYR_59_A"
TYR_59_A,"GLU_55_A,GLU_58_A,TRP_60_A,GLU_63_A,TYR_171_A"
TRP_60_A,"PRO_47_A,TYR_59_A,GLU_61_A,THR_64_A"
GLU_61_A,"ARG_44_A,PRO_57_A,TRP_60_A,ARG_62_A"
ARG_62_A,"GLU_61_A,GLU_63_A,ARG_65_A"
GLU_63_A,"MET_45_A,TYR_59_A,ARG_62_A,THR_64_A,MET_67_A"
THR_64_A,"TRP_60_A,GLU_63_A,ARG_65_A"
ARG_65_A,"ARG_62_A,THR_64_A,ASN_66_A,GLU_69_A"
ASN_66_A,"ARG_65_A,MET_67_A,ALA_70_A"
MET_67_A,"PHE_22_A,ALA_24_A,PHE_36_A,MET_45_A,GLU_63_A,ASN_66_A,LYS_68_A,THR_71_A"
LYS_68_A,"MET_67_A,GLU_69_A"
GLU_69_A,"ARG_65_A,LYS_68_A,ALA_70_A,ASN_73_A"
ALA_70_A,"PHE_22_A,ASN_66_A,GLU_69_A,THR_71_A,ASN_73_A,PHE_74_A"
THR_71_A,"PHE_22_A,PHE_36_A,MET_67_A,ALA_70_A,GLN_72_A,ARG_75_A"
GLN_72_A,"THR_71_A,ASN_73_A"
ASN_73_A,"GLU_69_A,ALA_70_A,GLN_72_A,PHE_74_A,GLY_77_A"
PHE_74_A,"TYR_9_A,ALA_11_A,PHE_22_A,ALA_70_A,ASN_73_A,ARG_75_A,LEU_78_A,LEU_95_A,ARG_97_A"
ARG_75_A,"ARG_14_A,GLU_19_A,PRO_20_A,THR_71_A,PHE_74_A,VAL_76_A"
VAL_76_A,"ARG_75_A,GLY_77_A,THR_80_A"
GLY_77_A,"ASN_73_A,VAL_76_A,LEU_78_A,LEU_81_A"
LEU_78_A,"PRO_20_A,PHE_74_A,GLY_77_A,ASN_79_A,LEU_95_A"
ASN_79_A,"LEU_78_A,THR_80_A"
THR_80_A,"VAL_76_A,ASN_79_A,LEU_81_A"
LEU_81_A,"GLY_77_A,THR_80_A,HIS_82_A,LEU_95_A,TYR_118_A,TYR_123_A"
HIS_82_A,"LEU_81_A,GLY_83_A,SER_88_A,GLU_89_A,HIS_93_A"
GLY_83_A,"HIS_82_A,TYR_84_A"
TYR_84_A,"GLY_83_A,TYR_85_A"
TYR_85_A,"TYR_84_A,ASN_86_A,GLN_87_A,TYR_123_A,ASP_137_A,ALA_139_A"
ASN_86_A,"TYR_85_A,GLN_87_A"
GLN_87_A,"TYR_85_A,ASN_86_A,SER_88_A,TYR_118_A"
SER_88_A,"HIS_82_A,GLN_87_A,GLU_89_A,ALA_90_A"
GLU_89_A,"HIS_82_A,SER_88_A,ALA_90_A"
ALA_90_A,"SER_88_A,GLU_89_A,GLY_91_A"
GLY_91_A,"ALA_90_A,SER_92_A"
SER_92_A,"GLY_91_A,HIS_93_A"
HIS_93_A,"SER_13_A,HIS_82_A,SER_92_A,THR_94_A,ASP_119_A"
THR_94_A,"VAL_12_A,HIS_93_A,LEU_95_A,ASP_119_A"
LEU_95_A,"ALA_11_A,PHE_74_A,LEU_78_A,LEU_81_A,THR_94_A,GLN_96_A"
GLN_96_A,"LEU_95_A,ARG_97_A,ALA_117_A"
ARG_97_A,"TYR_9_A,PHE_74_A,GLN_96_A,MET_98_A,ARG_114_A,ASP_116_A,ARG_147_A,GLU_152_A"
MET_98_A,"ARG_97_A,TYR_99_A,TYR_113_A,GLN_115_A"
TYR_99_A,"TYR_7_A,TYR_9_A,MET_98_A,GLY_100_A,ARG_114_A,TYR_159_A"
GLY_100_A,"TYR_99_A,CYS_101_A"
CYS_101_A,"GLY_100_A,ASP_102_A,CYS_164_A"
ASP_102_A,"ARG_6_A,CYS_101_A,VAL_103_A,LEU_110_A,ARG_111_A,TYR_113_A"
VAL_103_A,"SER_2_A,HIS_3_A,ASP_102_A,GLY_104_A,LEU_168_A"
GLY_104_A,"VAL_103_A,ASP_106_A,ARG_108_A"
PRO_105_A,ASP_106_A
ASP_106_A,"GLY_104_A,PRO_105_A,GLY_107_A,ARG_108_A"
GLY_107_A,"ASP_106_A,ARG_108_A"
ARG_108_A,"GLY_104_A,ASP_106_A,GLY_107_A,LEU_109_A"
LEU_109_A,"ARG_108_A,LEU_110_A,GLU_161_A"
LEU_110_A,"ASP_102_A,LEU_109_A,ARG_111_A"
ARG_111_A,"ASP_102_A,LEU_110_A,GLY_112_A,GLU_128_A"
GLY_112_A,"ARG_111_A,TYR_113_A"
TYR_113_A,"ARG_6_A,MET_98_A,ASP_102_A,GLY_112_A,ARG_114_A"
ARG_114_A,"ARG_97_A,TYR_99_A,TYR_113_A,GLN_115_A,ASP_116_A,ARG_147_A,GLU_152_A"
GLN_115_A,"MET_98_A,ARG_114_A,ASP_116_A"
ASP_116_A,"ARG_97_A,ARG_114_A,GLN_115_A,ALA_117_A,TYR_123_A,ILE_124_A,ARG_147_A"
ALA_117_A,"GLN_96_A,ASP_116_A,TYR_118_A"
TYR_118_A,"LEU_81_A,GLN_87_A,ALA_117_A,ASP_119_A,ALA_121_A"
ASP_119_A,"HIS_93_A,THR_94_A,TYR_118_A,GLY_120_A"
GLY_120_A,"ASP_119_A,ALA_121_A"
ALA_121_A,"TYR_118_A,GLY_120_A,ASP_122_A"
ASP_122_A,"ALA_121_A,TYR_123_A"
TYR_123_A,"LEU_81_A,TYR_85_A,ASP_116_A,ASP_122_A,ILE_124_A,ALA_136_A"
ILE_124_A,"ASP_116_A,TYR_123_A,ALA_125_A"
ALA_125_A,"ILE_124_A,LEU_126_A"
LEU_126_A,"ALA_125_A,ASN_127_A,TRP_133_A,LEU_160_A"
ASN_127_A,"LEU_126_A,GLU_128_A,ASP_129_A,LEU_130_A,SER_132_A,THR_134_A"
GLU_128_A,"ARG_111_A,ASN_127_A,ASP_129_A"
ASP_129_A,"ASN_127_A,GLU_128_A,LEU_130_A,ARG_131_A"
LEU_130_A,"ASN_127_A,ASP_129_A,ARG_131_A,ARG_157_A"
ARG_131_A,"ASP_129_A,LEU_130_A,SER_132_A,ARG_157_A,GLU_161_A"
SER_132_A,"ASN_127_A,ARG_131_A,TRP_133_A"
TRP_133_A,"LEU_126_A,SER_132_A,THR_134_A"
THR_134_A,"ASN_127_A,TRP_133_A,ALA_135_A"
ALA_135_A,"THR_134_A,ALA_136_A,ALA_140_A,GLN_141_A"
ALA_136_A,"TYR_123_A,ALA_135_A,ASP_137_A"
ASP_137_A,"TYR_85_A,ALA_136_A,ALA_138_A,ALA_140_A"
ALA_138_A,"ASP_137_A,ALA_139_A"
ALA_139_A,"TYR_85_A,ALA_138_A,ALA_140_A"
ALA_140_A,"ALA_135_A,ASP_137_A,ALA_139_A,GLN_141_A,ARG_144_A"
GLN_141_A,"ALA_135_A,ALA_140_A,ILE_142_A"
ILE_142_A,"GLN_141_A,THR_143_A"
THR_143_A,"ILE_142_A,ARG_144_A,ARG_147_A"
ARG_144_A,"ALA_140_A,THR_143_A,ARG_145_A,ARG_147_A,GLU_148_A"
ARG_145_A,"ARG_144_A,LYS_146_A,GLU_148_A,GLU_149_A"
LYS_146_A,"ARG_145_A,ARG_147_A"
ARG_147_A,"ARG_97_A,ARG_114_A,ASP_116_A,THR_143_A,ARG_144_A,LYS_146_A,GLU_148_A,GLU_152_A"
GLU_148_A,"ARG_144_A,ARG_145_A,ARG_147_A,GLU_149_A"
GLU_149_A,"ARG_145_A,GLU_148_A,ALA_150_A"
ALA_150_A,"GLU_149_A,GLY_151_A"
GLY_151_A,"ALA_150_A,GLU_152_A"
GLU_152_A,"ARG_97_A,ARG_114_A,ARG_147_A,GLY_151_A,ALA_153_A,GLN_155_A"
ALA_153_A,"GLU_152_A,GLU_154_A,ARG_157_A"
GLU_154_A,"ALA_153_A,GLN_155_A,ARG_157_A,ASN_158_A"
GLN_155_A,"GLU_152_A,GLU_154_A,CYS_156_A,TYR_159_A"
CYS_156_A,"GLN_155_A,ARG_157_A,LEU_160_A"
ARG_157_A,"LEU_130_A,ARG_131_A,ALA_153_A,GLU_154_A,CYS_156_A,ASN_158_A,LEU_160_A,GLU_161_A"
ASN_158_A,"GLU_154_A,ARG_157_A,TYR_159_A,GLY_162_A"
TYR_159_A,"TYR_99_A,GLN_155_A,ASN_158_A,LEU_160_A,CYS_164_A"
LEU_160_A,"LEU_126_A,CYS_156_A,ARG_157_A,TYR_159_A,GLU_161_A"
GLU_161_A,"LEU_109_A,ARG_131_A,ARG_157_A,LEU_160_A,GLY_162_A"
GLY_162_A,"ASN_158_A,GLU_161_A,THR_163_A"
THR_163_A,"GLY_162_A,CYS_164_A"
CYS_164_A,"CYS_101_A,TYR_159_A,THR_163_A,VAL_165_A"
VAL_165_A,"CYS_164_A,GLU_166_A,LEU_169_A"
GLU_166_A,"VAL_165_A,TRP_167_A,ARG_170_A"
TRP_167_A,"GLU_166_A,LEU_168_A,TYR_171_A"
LEU_168_A,"MET_5_A,VAL_103_A,TRP_167_A,LEU_169_A,LEU_172_A"
LEU_169_A,"VAL_165_A,LEU_168_A,ARG_170_A"
ARG_170_A,"GLU_55_A,GLU_166_A,LEU_169_A,TYR_171_A,ASN_174_A"
TYR_171_A,"TRP_51_A,TYR_59_A,TRP_167_A,ARG_170_A,LEU_172_A"
LEU_172_A,"LEU_168_A,TYR_171_A,GLU_173_A"
GLU_173_A,"LEU_172_A,ASN_174_A"
ASN_174_A,"ARG_170_A,GLU_173_A,GLY_175_A"
GLY_175_A,"ASN_174_A,ASN_176_A,LEU_179_A"
ASN_176_A,"GLY_175_A,GLU_177_A,GLN_180_A"
GLU_177_A,"ASN_176_A,THR_178_A"
THR_178_A,"GLU_177_A,LEU_179_A"
LEU_179_A,"TRP_51_A,GLY_175_A,THR_178_A,GLN_180_A"
GLN_180_A,"ASN_176_A,LEU_179_A,ARG_181_A"
ARG_181_A,"GLN_180_A,ALA_182_A,ASP_183_A"
ALA_182_A,"ARG_181_A,ASP_183_A"
ASP_183_A,"ARG_181_A,ALA_182_A,ALA_184_A,TYR_209_A"
ALA_184_A,ASP_183_A
PRO_185_A,"LYS_186_A,PHE_208_A"
LYS_186_A,"PRO_185_A,THR_187_A,LEU_206_A"
THR_187_A,"LYS_186_A,HIS_188_A"
HIS_188_A,"THR_187_A,VAL_189_A,TRP_204_A"
VAL_189_A,"HIS_188_A,THR_190_A,TRP_274_A"
THR_190_A,"VAL_189_A,HIS_191_A,HIS_192_A,ARG_202_A"
HIS_191_A,"THR_190_A,HIS_192_A,GLU_254_A,TRP_274_A"
HIS_192_A,"THR_190_A,HIS_191_A,THR_200_A,ARG_202_A"
PRO_193_A,ILE_194_A
ILE_194_A,"PRO_193_A,SER_195_A,GLU_198_A"
SER_195_A,"ILE_194_A,ASP_196_A"
ASP_196_A,"SER_195_A,HIS_197_A"
HIS_197_A,"ASP_196_A,GLU_198_A,SER_251_A"
GLU_198_A,"ILE_194_A,HIS_197_A,VAL_199_A"
VAL_199_A,"GLU_198_A,THR_200_A,VAL_249_A"
THR_200_A,"HIS_192_A,VAL_199_A,LEU_201_A"
LEU_201_A,"THR_200_A,ARG_202_A,VAL_247_A"
ARG_202_A,"THR_190_A,HIS_192_A,LEU_201_A,CYS_203_A,GLU_229_A,TRP_244_A"
CYS_203_A,"ARG_202_A,TRP_204_A,TRP_217_A,ALA_245_A,CYS_259_A"
TRP_204_A,"HIS_188_A,CYS_203_A,ALA_205_A"
ALA_205_A,"TRP_204_A,LEU_206_A,PHE_208_A,ILE_213_A,LYS_243_A"
LEU_206_A,"LYS_186_A,ALA_205_A,GLY_207_A,GLN_242_A"
GLY_207_A,"LEU_206_A,PHE_208_A"
PHE_208_A,"PRO_185_A,ALA_205_A,GLY_207_A,TYR_209_A,ILE_213_A,PHE_241_A"
TYR_209_A,"ASP_30_A,THR_31_A,ASP_183_A,PHE_208_A,HIS_263_A"
PRO_210_A,GLU_211_A
GLU_211_A,"ASP_30_A,PRO_210_A,GLU_212_A,ILE_213_A,PHE_241_A"
GLU_212_A,"GLU_211_A,ILE_213_A"
ILE_213_A,"ALA_205_A,PHE_208_A,GLU_211_A,GLU_212_A,SER_214_A,LEU_215_A,LYS_243_A"
SER_214_A,"ILE_213_A,LEU_215_A,GLN_262_A"
LEU_215_A,"ILE_213_A,SER_214_A,SER_216_A"
SER_216_A,"LEU_215_A,TRP_217_A,HIS_260_A"
TRP_217_A,"CYS_203_A,SER_216_A,GLN_218_A,ALA_245_A,VAL_247_A"
GLN_218_A,"TRP_217_A,ARG_219_A,THR_258_A"
ARG_219_A,"GLN_218_A,ASP_220_A,GLY_221_A,GLU_222_A,GLU_253_A,ARG_256_A"
ASP_220_A,"ARG_219_A,GLY_221_A,ARG_256_A"
GLY_221_A,"ARG_219_A,ASP_220_A,GLU_222_A"
GLU_222_A,"ARG_219_A,GLY_221_A,ASP_223_A"
ASP_223_A,"GLU_222_A,VAL_224_A"
VAL_224_A,"ASP_223_A,THR_225_A,ASP_227_A"
THR_225_A,"VAL_224_A,GLN_226_A,ASP_227_A,THR_228_A"
GLN_226_A,"THR_225_A,ASP_227_A"
ASP_227_A,"VAL_224_A,THR_225_A,GLN_226_A,THR_228_A"
THR_228_A,"THR_225_A,ASP_227_A,GLU_229_A"
GLU_229_A,"ARG_202_A,THR_228_A,PHE_230_A,ALA_246_A"
PHE_230_A,"GLU_229_A,VAL_231_A"
VAL_231_A,"PHE_230_A,GLU_232_A,TRP_244_A"
GLU_232_A,"VAL_231_A,THR_233_A,LYS_243_A"
THR_233_A,"GLU_232_A,ARG_234_A"
ARG_234_A,"THR_233_A,GLN_242_A"
PRO_235_A,ALA_236_A
ALA_236_A,"PRO_235_A,GLY_237_A,THR_240_A"
GLY_237_A,"ALA_236_A,ASP_238_A"
ASP_238_A,"GLY_237_A,ARG_239_A,THR_240_A"
ARG_239_A,"ARG_48_A,ASP_238_A,THR_240_A"
THR_240_A,"ALA_236_A,ASP_238_A,ARG_239_A,PHE_241_A"
PHE_241_A,"PHE_208_A,GLU_211_A,THR_240_A,GLN_242_A"
GLN_242_A,"LEU_206_A,ARG_234_A,PHE_241_A,LYS_243_A"
LYS_243_A,"ALA_205_A,ILE_213_A,GLU_232_A,GLN_242_A,TRP_244_A"
TRP_244_A,"ARG_202_A,VAL_231_A,LYS_243_A,ALA_245_A,ALA_246_A"
ALA_245_A,"CYS_203_A,TRP_217_A,TRP_244_A,ALA_246_A"
ALA_246_A,"GLU_229_A,TRP_244_A,ALA_245_A,VAL_247_A"
VAL_247_A,"LEU_201_A,TRP_217_A,ALA_246_A,VAL_248_A"
VAL_248_A,"VAL_247_A,VAL_249_A"
VAL_249_A,"VAL_199_A,VAL_248_A,TYR_257_A"
PRO_250_A,"SER_251_A,GLY_252_A,GLU_253_A"
SER_251_A,"HIS_197_A,PRO_250_A,GLY_252_A"
GLY_252_A,"PRO_250_A,SER_251_A,GLU_253_A,GLU_254_A"
GLU_253_A,"ARG_219_A,PRO_250_A,GLY_252_A,GLU_254_A,ARG_256_A"
GLU_254_A,"HIS_191_A,GLY_252_A,GLU_253_A,GLN_255_A"
GLN_255_A,"GLU_254_A,ARG_256_A"
ARG_256_A,"ARG_219_A,ASP_220_A,GLU_253_A,GLN_255_A,TYR_257_A"
TYR_257_A,"VAL_249_A,ARG_256_A,THR_258_A"
THR_258_A,"GLN_218_A,TYR_257_A,CYS_259_A,HIS_260_A"
CYS_259_A,"CYS_203_A,THR_258_A,HIS_260_A,LEU_272_A"
HIS_260_A,"SER_216_A,THR_258_A,CYS_259_A,VAL_261_A"
VAL_261_A,"HIS_260_A,GLN_262_A"
GLN_262_A,"SER_214_A,VAL_261_A,HIS_263_A"
HIS_263_A,"TYR_209_A,GLN_262_A,GLU_264_A"
GLU_264_A,"HIS_263_A,GLY_265_A"
GLY_265_A,"GLU_264_A,LEU_266_A"
LEU_266_A,"GLY_265_A,ALA_267_A,VAL_270_A"
ALA_267_A,"LEU_266_A,GLU_268_A"
GLU_268_A,ALA_267_A
PRO_269_A,VAL_270_A
VAL_270_A,"LEU_266_A,PRO_269_A,THR_271_A,LEU_272_A"
THR_271_A,"VAL_270_A,LEU_272_A"
LEU_272_A,"CYS_259_A,VAL_270_A,THR_271_A,ARG_273_A"
ARG_273_A,"LEU_272_A,TRP_274_A"
TRP_274_A,"VAL_189_A,HIS_191_A,ARG_273_A"
