residue_id,neighbors
SER_15_B,HIS_16_B
HIS_16_B,"SER_15_B,ILE_17_B,ASP_83_B,LYS_149_B"
ILE_17_B,"HIS_16_B,THR_18_B,ILE_19_B,ARG_64_B,ASP_83_B,THR_84_B"
THR_18_B,"ILE_17_B,ILE_19_B"
ILE_19_B,"ILE_17_B,THR_18_B,ASN_20_B,ASP_62_B,ALA_79_B,THR_84_B,SER_86_B"
ASN_20_B,"ILE_19_B,VAL_21_B,SER_60_B,ASP_61_B"
VAL_21_B,"ASN_20_B,LEU_77_B,SER_86_B,PHE_87_B,PHE_88_B"
THR_23_B,"VAL_24_B,ILE_56_B,PHE_88_B"
VAL_24_B,"THR_23_B,ILE_25_B,TYR_57_B"
ILE_25_B,"VAL_24_B,ASP_26_B,VAL_27_B,ILE_30_B,CYS_89_B,ALA_90_B,ALA_100_B,TRP_183_B"
ASP_26_B,"ILE_25_B,VAL_27_B"
VAL_27_B,"ILE_25_B,ASP_26_B,ALA_28_B,TYR_98_B"
ALA_28_B,"VAL_27_B,ALA_29_B,ASP_32_B"
ALA_29_B,"ALA_28_B,ILE_30_B,GLU_33_B,TYR_55_B"
ILE_30_B,"ILE_25_B,ALA_29_B,ILE_31_B,ILE_51_B,TYR_55_B"
ILE_31_B,"ILE_30_B,ASP_32_B"
ASP_32_B,"ALA_28_B,ILE_31_B,GLU_33_B,LYS_35_B,ALA_36_B"
GLU_33_B,"ALA_29_B,ASP_32_B,LEU_34_B,LYS_54_B"
LEU_34_B,"GLU_33_B,LYS_35_B,LYS_39_B,LEU_41_B"
LYS_35_B,"ASP_32_B,LEU_34_B,ALA_36_B"
ALA_36_B,"ASP_32_B,LYS_35_B,GLN_37_B"
GLN_37_B,"ALA_36_B,GLU_38_B"
GLU_38_B,"GLN_37_B,LYS_39_B"
LYS_39_B,"LEU_34_B,GLU_38_B,LYS_40_B,THR_49_B"
LYS_40_B,"LYS_39_B,LEU_41_B"
LEU_41_B,"LEU_34_B,LYS_40_B,GLY_42_B,VAL_181_B"
GLY_42_B,"LEU_41_B,GLN_43_B,THR_49_B,TYR_180_B"
GLN_43_B,"GLY_42_B,THR_44_B,ALA_178_B"
THR_44_B,"GLN_43_B,THR_47_B"
PRO_45_B,"ASP_46_B,TYR_103_B"
ASP_46_B,"PRO_45_B,THR_47_B,ARG_104_B"
THR_47_B,"THR_44_B,ASP_46_B,ALA_48_B"
ALA_48_B,"THR_47_B,THR_49_B,TRP_162_B,TYR_180_B"
THR_49_B,"LYS_39_B,GLY_42_B,ALA_48_B,SER_50_B,LYS_182_B"
SER_50_B,"THR_49_B,ILE_51_B"
ILE_51_B,"ILE_30_B,SER_50_B,GLY_52_B,LYS_182_B"
GLY_52_B,"ILE_51_B,HIS_53_B"
HIS_53_B,"GLY_52_B,LYS_54_B,ASP_184_B"
LYS_54_B,"GLU_33_B,HIS_53_B,TYR_55_B"
TYR_55_B,"ALA_29_B,ILE_30_B,LYS_54_B,ILE_56_B"
ILE_56_B,"THR_23_B,TYR_55_B,TYR_57_B,TRP_183_B"
TYR_57_B,"VAL_24_B,ILE_56_B"
SER_59_B,SER_60_B
SER_60_B,"ASN_20_B,SER_59_B,ASP_61_B"
ASP_61_B,"ASN_20_B,SER_60_B,ASP_62_B"
ASP_62_B,"ILE_19_B,ASP_61_B,ARG_64_B,GLY_65_B"
PRO_63_B,ARG_64_B
ARG_64_B,"ILE_17_B,ASP_62_B,PRO_63_B,GLY_65_B,ASN_78_B,HIS_80_B,ASP_83_B"
GLY_65_B,"ASP_62_B,ARG_64_B,TRP_66_B,ASN_78_B"
TRP_66_B,"GLY_65_B,SER_67_B,VAL_68_B"
SER_67_B,"TRP_66_B,VAL_68_B,THR_76_B"
VAL_68_B,"TRP_66_B,SER_67_B,GLY_69_B"
GLY_69_B,"VAL_68_B,ASN_70_B"
ASN_70_B,"GLY_69_B,ASP_71_B"
ASP_71_B,ASN_70_B
PRO_72_B,GLY_73_B
GLY_73_B,"PRO_72_B,ASN_74_B,THR_186_B"
ASN_74_B,"GLY_73_B,ILE_75_B"
ILE_75_B,"ASN_74_B,THR_76_B,LEU_77_B,ASN_188_B"
THR_76_B,"SER_67_B,ILE_75_B,LEU_77_B"
LEU_77_B,"VAL_21_B,ILE_75_B,THR_76_B,ASN_78_B,ASN_188_B,ALA_190_B"
ASN_78_B,"ARG_64_B,GLY_65_B,LEU_77_B,ALA_79_B"
ALA_79_B,"ILE_19_B,ASN_78_B,HIS_80_B,GLN_153_B,VAL_189_B"
HIS_80_B,"ARG_64_B,ALA_79_B,VAL_81_B,ASP_83_B"
VAL_81_B,"HIS_80_B,GLY_82_B"
GLY_82_B,"VAL_81_B,ASP_83_B,VAL_150_B"
ASP_83_B,"HIS_16_B,ILE_17_B,ARG_64_B,HIS_80_B,GLY_82_B,THR_84_B,VAL_150_B"
THR_84_B,"ILE_17_B,ILE_19_B,ASP_83_B,LEU_85_B,ASP_147_B"
LEU_85_B,"THR_84_B,SER_86_B,PHE_87_B,ALA_148_B"
SER_86_B,"ILE_19_B,VAL_21_B,LEU_85_B,PHE_87_B,ASP_147_B"
PHE_87_B,"VAL_21_B,LEU_85_B,SER_86_B,PHE_88_B,CYS_146_B,PHE_159_B"
PHE_88_B,"VAL_21_B,THR_23_B,PHE_87_B,CYS_89_B"
CYS_89_B,"ILE_25_B,PHE_88_B,ALA_90_B"
ALA_90_B,"ILE_25_B,CYS_89_B,SER_91_B"
SER_91_B,"ALA_90_B,THR_92_B,ASN_95_B,TYR_98_B"
THR_92_B,"SER_91_B,SER_93_B"
SER_93_B,"THR_92_B,ASP_94_B,SER_96_B"
ASP_94_B,"SER_93_B,ASN_95_B"
ASN_95_B,"SER_91_B,ASP_94_B,SER_96_B,ALA_99_B,GLN_175_B"
SER_96_B,"SER_93_B,ASN_95_B,GLU_97_B"
GLU_97_B,"SER_96_B,TYR_98_B,GLN_175_B"
TYR_98_B,"VAL_27_B,SER_91_B,GLU_97_B,ALA_99_B,THR_167_B"
ALA_99_B,"ASN_95_B,TYR_98_B,ALA_100_B,PHE_166_B"
ALA_100_B,"ILE_25_B,ALA_99_B,PHE_101_B"
PHE_101_B,"ALA_100_B,ILE_102_B,ALA_164_B,PHE_166_B"
ILE_102_B,"PHE_101_B,TYR_103_B,SER_144_B,VAL_161_B"
TYR_103_B,"PRO_45_B,ILE_102_B,ARG_104_B,TYR_180_B"
ARG_104_B,"ASP_46_B,TYR_103_B,LEU_105_B,TRP_162_B"
LEU_105_B,"ARG_104_B,THR_106_B,PRO_114_B,PHE_159_B,VAL_161_B"
THR_106_B,"LEU_105_B,GLY_107_B,TYR_160_B,TRP_162_B"
GLY_107_B,"THR_106_B,GLY_108_B"
GLY_108_B,"GLY_107_B,ASP_109_B,HIS_111_B,LEU_112_B,ASN_158_B"
ASP_109_B,"GLY_108_B,ASN_158_B"
PRO_110_B,HIS_111_B
HIS_111_B,"GLY_108_B,PRO_110_B,LEU_112_B,ALA_151_B"
LEU_112_B,"GLY_108_B,HIS_111_B,ASP_113_B"
ASP_113_B,"LEU_112_B,LYS_149_B"
PRO_114_B,"LEU_105_B,SER_115_B"
SER_115_B,"PRO_114_B,HIS_116_B,ASP_147_B"
HIS_116_B,"SER_115_B,VAL_117_B"
VAL_117_B,"HIS_116_B,GLU_118_B"
GLU_118_B,"VAL_117_B,VAL_119_B,SER_145_B,ASP_147_B"
VAL_119_B,"GLU_118_B,ILE_120_B"
ILE_120_B,"VAL_119_B,LYS_121_B,PHE_143_B"
LYS_121_B,"ILE_120_B,LEU_122_B"
LEU_122_B,"LYS_121_B,GLN_123_B,PHE_143_B"
GLN_123_B,"LEU_122_B,ASN_124_B"
ASN_124_B,"GLN_123_B,ALA_125_B,THR_138_B"
ALA_125_B,"ASN_124_B,ALA_126_B,ALA_139_B"
ALA_126_B,"ALA_125_B,GLN_127_B"
GLN_127_B,"ALA_126_B,THR_137_B"
PRO_128_B,THR_129_B
THR_129_B,"PRO_128_B,GLY_133_B,PRO_135_B,THR_137_B"
PRO_130_B,SER_131_B
SER_131_B,"PRO_130_B,ASN_132_B"
ASN_132_B,"SER_131_B,GLY_133_B,TYR_134_B"
GLY_133_B,"THR_129_B,ASN_132_B,TYR_134_B"
TYR_134_B,"ASN_132_B,GLY_133_B,PHE_136_B"
PRO_135_B,"THR_129_B,PHE_136_B"
PHE_136_B,"TYR_134_B,PRO_135_B,THR_137_B"
THR_137_B,"GLN_127_B,THR_129_B,PHE_136_B,THR_138_B"
THR_138_B,"ASN_124_B,THR_137_B,ALA_139_B"
ALA_139_B,"ALA_125_B,THR_138_B"
PRO_140_B,VAL_141_B
VAL_141_B,"PRO_140_B,ALA_142_B,PHE_143_B"
ALA_142_B,"VAL_141_B,PHE_143_B"
PHE_143_B,"ILE_120_B,LEU_122_B,VAL_141_B,ALA_142_B,SER_144_B"
SER_144_B,"ILE_102_B,PHE_143_B,SER_145_B"
SER_145_B,"GLU_118_B,SER_144_B,CYS_146_B"
CYS_146_B,"PHE_87_B,SER_145_B,ASP_147_B"
ASP_147_B,"THR_84_B,SER_86_B,SER_115_B,GLU_118_B,CYS_146_B,ALA_148_B"
ALA_148_B,"LEU_85_B,ASP_147_B,LYS_149_B"
LYS_149_B,"HIS_16_B,ASP_113_B,ALA_148_B,VAL_150_B"
VAL_150_B,"GLY_82_B,ASP_83_B,LYS_149_B,ALA_151_B,VAL_189_B"
ALA_151_B,"HIS_111_B,VAL_150_B,GLN_152_B"
GLN_152_B,"ALA_151_B,GLN_153_B"
GLN_153_B,"ALA_79_B,GLN_152_B,GLY_154_B"
GLY_154_B,"GLN_153_B,GLN_155_B,VAL_189_B"
GLN_155_B,"GLY_154_B,ALA_156_B,ASN_188_B"
ALA_156_B,"GLN_155_B,LYS_157_B"
LYS_157_B,"ALA_156_B,ASN_158_B"
ASN_158_B,"GLY_108_B,ASP_109_B,LYS_157_B,PHE_159_B"
PHE_159_B,"PHE_87_B,LEU_105_B,ASN_158_B,TYR_160_B,PRO_185_B"
TYR_160_B,"THR_106_B,PHE_159_B,VAL_161_B,ASP_184_B"
VAL_161_B,"ILE_102_B,LEU_105_B,TYR_160_B,TRP_162_B,TRP_183_B"
TRP_162_B,"ALA_48_B,ARG_104_B,THR_106_B,VAL_161_B,ALA_163_B,LYS_182_B"
ALA_163_B,"TRP_162_B,ALA_164_B,VAL_181_B,TRP_183_B"
ALA_164_B,"PHE_101_B,ALA_163_B,LEU_165_B,PHE_166_B,TYR_180_B"
LEU_165_B,"ALA_164_B,PHE_166_B,ALA_178_B,GLY_179_B"
PHE_166_B,"ALA_99_B,PHE_101_B,ALA_164_B,LEU_165_B,THR_167_B,LEU_177_B"
THR_167_B,"TYR_98_B,PHE_166_B,LEU_168_B,VAL_176_B"
LEU_168_B,"THR_167_B,ASP_169_B"
ASP_169_B,"LEU_168_B,ASP_170_B,SER_171_B"
ASP_170_B,"ASP_169_B,SER_171_B"
SER_171_B,"ASP_169_B,ASP_170_B,GLY_172_B"
GLY_172_B,"SER_171_B,GLU_173_B"
GLU_173_B,"GLY_172_B,LYS_174_B"
LYS_174_B,"GLU_173_B,GLN_175_B"
GLN_175_B,"ASN_95_B,GLU_97_B,LYS_174_B,VAL_176_B"
VAL_176_B,"THR_167_B,GLN_175_B,LEU_177_B"
LEU_177_B,"PHE_166_B,VAL_176_B,ALA_178_B"
ALA_178_B,"GLN_43_B,LEU_165_B,LEU_177_B,GLY_179_B"
GLY_179_B,"LEU_165_B,ALA_178_B,TYR_180_B"
TYR_180_B,"GLY_42_B,ALA_48_B,TYR_103_B,ALA_164_B,GLY_179_B,VAL_181_B"
VAL_181_B,"LEU_41_B,ALA_163_B,TYR_180_B,LYS_182_B"
LYS_182_B,"THR_49_B,ILE_51_B,TRP_162_B,VAL_181_B,TRP_183_B"
TRP_183_B,"ILE_25_B,ILE_56_B,VAL_161_B,ALA_163_B,LYS_182_B,ASP_184_B"
ASP_184_B,"HIS_53_B,TYR_160_B,TRP_183_B"
PRO_185_B,"PHE_159_B,THR_186_B"
THR_186_B,"GLY_73_B,PRO_185_B,VAL_187_B"
VAL_187_B,"THR_186_B,ASN_188_B"
ASN_188_B,"ILE_75_B,LEU_77_B,GLN_155_B,VAL_187_B,VAL_189_B"
VAL_189_B,"ALA_79_B,VAL_150_B,GLY_154_B,ASN_188_B,ALA_190_B"
ALA_190_B,"LEU_77_B,VAL_189_B"
