residue_id,neighbors
GLY_-8_A,"LEU_-7_A,VAL_-6_A,ARG_-4_A"
LEU_-7_A,"GLY_-8_A,VAL_-6_A"
VAL_-6_A,"GLY_-8_A,LEU_-7_A,GLY_-3_A,SER_-2_A"
PRO_-5_A,"ARG_-4_A,GLY_-3_A,SER_-2_A,HIS_-1_A"
ARG_-4_A,"GLY_-8_A,PRO_-5_A,GLY_-3_A"
GLY_-3_A,"VAL_-6_A,PRO_-5_A,ARG_-4_A,SER_-2_A,TYR_2_A"
SER_-2_A,"VAL_-6_A,PRO_-5_A,GLY_-3_A,HIS_-1_A,ALA_3_A"
HIS_-1_A,"PRO_-5_A,SER_-2_A,MET_1_A,GLU_4_A"
MET_1_A,"HIS_-1_A,TYR_2_A,GLU_4_A"
TYR_2_A,"GLY_-3_A,MET_1_A,ALA_3_A,GLU_4_A,LEU_5_A,LYS_10_A,TYR_13_A"
ALA_3_A,"SER_-2_A,TYR_2_A,GLU_4_A"
GLU_4_A,"HIS_-1_A,MET_1_A,TYR_2_A,ALA_3_A,LEU_5_A"
LEU_5_A,"TYR_2_A,GLU_4_A,SER_6_A,LYS_10_A"
SER_6_A,"LEU_5_A,THR_9_A"
PRO_7_A,"GLY_8_A,LYS_11_A"
GLY_8_A,"PRO_7_A,THR_9_A,VAL_12_A"
THR_9_A,"SER_6_A,GLY_8_A,LYS_10_A,TYR_13_A"
LYS_10_A,"TYR_2_A,LEU_5_A,THR_9_A,LYS_11_A,THR_14_A"
LYS_11_A,"PRO_7_A,LYS_10_A,VAL_12_A"
VAL_12_A,"GLY_8_A,LYS_11_A,TYR_13_A,GLN_15_A,ILE_31_A,LEU_89_A"
TYR_13_A,"TYR_2_A,THR_9_A,VAL_12_A,THR_14_A,ARG_17_A,ILE_26_A,ILE_31_A"
THR_14_A,"LYS_10_A,TYR_13_A,GLN_15_A"
GLN_15_A,"VAL_12_A,THR_14_A,VAL_16_A,TYR_86_A"
VAL_16_A,"GLN_15_A,ARG_17_A,TYR_18_A,LEU_19_A,TRP_24_A,LEU_89_A,LEU_93_A"
ARG_17_A,"TYR_13_A,VAL_16_A,TYR_18_A"
TYR_18_A,"VAL_16_A,ARG_17_A,LEU_19_A,ASP_20_A"
LEU_19_A,"VAL_16_A,TYR_18_A,ASP_20_A,ASP_21_A,TYR_22_A,LEU_93_A"
ASP_20_A,"TYR_18_A,LEU_19_A,ASP_21_A,LYS_36_A"
ASP_21_A,"LEU_19_A,ASP_20_A,TYR_22_A,HIS_35_A,LYS_36_A,LYS_37_A"
TYR_22_A,"LEU_19_A,ASP_21_A,HIS_23_A,TRP_24_A,LEU_93_A"
HIS_23_A,"TYR_22_A,TRP_24_A,GLU_25_A,ILE_34_A,LYS_36_A"
TRP_24_A,"VAL_16_A,TYR_22_A,HIS_23_A,GLU_25_A,ILE_31_A,LEU_93_A"
GLU_25_A,"HIS_23_A,TRP_24_A,ILE_26_A,THR_32_A"
ILE_26_A,"TYR_13_A,GLU_25_A,GLU_27_A"
GLU_27_A,"ILE_26_A,GLY_28_A,THR_30_A"
GLY_28_A,"GLU_27_A,SER_29_A"
SER_29_A,"GLY_28_A,THR_30_A,VAL_46_A"
THR_30_A,"GLU_27_A,SER_29_A,ILE_31_A,VAL_43_A,ASP_45_A"
ILE_31_A,"VAL_12_A,TYR_13_A,TRP_24_A,THR_30_A,THR_32_A,ILE_44_A"
THR_32_A,"GLU_25_A,ILE_31_A,GLY_33_A"
GLY_33_A,"THR_32_A,ILE_34_A,VAL_42_A"
ILE_34_A,"HIS_23_A,GLY_33_A,HIS_35_A,LYS_36_A"
HIS_35_A,"ASP_21_A,ILE_34_A,LYS_36_A,SER_38_A,ASN_39_A,VAL_40_A,ASN_97_A"
LYS_36_A,"ASP_20_A,ASP_21_A,HIS_23_A,ILE_34_A,HIS_35_A,LYS_37_A"
LYS_37_A,"ASP_21_A,LYS_36_A,SER_38_A"
SER_38_A,"HIS_35_A,LYS_37_A,ASN_39_A"
ASN_39_A,"HIS_35_A,SER_38_A,VAL_40_A"
VAL_40_A,"HIS_35_A,ASN_39_A,LYS_41_A,ILE_100_A"
LYS_41_A,"VAL_40_A,VAL_42_A,VAL_43_A,ILE_64_A"
VAL_42_A,"GLY_33_A,LYS_41_A,VAL_43_A,ILE_66_A"
VAL_43_A,"THR_30_A,LYS_41_A,VAL_42_A,ILE_44_A,VAL_61_A,ILE_64_A,ILE_66_A"
ILE_44_A,"ILE_31_A,VAL_43_A,ASP_45_A"
ASP_45_A,"THR_30_A,ILE_44_A,VAL_46_A,LYS_59_A,HIS_65_A,ILE_66_A,ALA_68_A"
VAL_46_A,"SER_29_A,ASP_45_A,ALA_47_A"
ALA_47_A,"VAL_46_A,LYS_48_A,GLU_52_A,ALA_68_A"
LYS_48_A,"ALA_47_A,ASN_49_A"
ASN_49_A,"LYS_48_A,ARG_50_A,GLU_52_A,ALA_53_A"
ARG_50_A,"ASN_49_A,GLU_51_A,ASP_54_A,ILE_69_A"
GLU_51_A,"ARG_50_A,GLU_52_A,SER_55_A"
GLU_52_A,"ALA_47_A,ASN_49_A,GLU_51_A,ALA_53_A,SER_55_A,LEU_56_A"
ALA_53_A,"ASN_49_A,GLU_52_A,ASP_54_A,ALA_57_A,VAL_67_A,ILE_69_A"
ASP_54_A,"ARG_50_A,ALA_53_A,SER_55_A,TYR_76_A,LYS_78_A"
SER_55_A,"GLU_51_A,GLU_52_A,ASP_54_A,LEU_56_A"
LEU_56_A,"GLU_52_A,SER_55_A,ALA_57_A,GLY_58_A"
ALA_57_A,"ALA_53_A,LEU_56_A,GLY_58_A,LYS_59_A,LYS_78_A,SER_81_A"
GLY_58_A,"LEU_56_A,ALA_57_A,LYS_59_A"
LYS_59_A,"ASP_45_A,ALA_57_A,GLY_58_A,ASP_60_A,HIS_65_A"
ASP_60_A,"LYS_59_A,VAL_61_A"
VAL_61_A,"VAL_43_A,ASP_60_A,ASN_62_A,HIS_65_A"
ASN_62_A,"VAL_61_A,GLY_63_A"
GLY_63_A,"ASN_62_A,ILE_64_A"
ILE_64_A,"LYS_41_A,VAL_43_A,GLY_63_A,HIS_65_A,ILE_96_A,TYR_122_A"
HIS_65_A,"ASP_45_A,LYS_59_A,VAL_61_A,ILE_64_A,ILE_66_A"
ILE_66_A,"VAL_42_A,VAL_43_A,ASP_45_A,HIS_65_A,VAL_67_A"
VAL_67_A,"ALA_53_A,ILE_66_A,ALA_68_A,PHE_82_A"
ALA_68_A,"ASP_45_A,ALA_47_A,VAL_67_A,ILE_69_A"
ILE_69_A,"ARG_50_A,ALA_53_A,ALA_68_A,VAL_74_A,LEU_84_A,TYR_86_A"
PRO_70_A,ASP_71_A
ASP_71_A,"PRO_70_A,ASN_72_A,THR_85_A"
ASN_72_A,"ASP_71_A,GLY_73_A"
GLY_73_A,"ASN_72_A,VAL_74_A"
VAL_74_A,"ILE_69_A,GLY_73_A,PHE_75_A,TYR_76_A,THR_85_A"
PHE_75_A,"VAL_74_A,TYR_76_A,LEU_84_A"
TYR_76_A,"ASP_54_A,VAL_74_A,PHE_75_A,ILE_77_A,VAL_83_A"
ILE_77_A,"TYR_76_A,LYS_78_A"
LYS_78_A,"ASP_54_A,ALA_57_A,ILE_77_A,ASN_79_A,SER_81_A"
ASN_79_A,"LYS_78_A,GLY_80_A"
GLY_80_A,"ASN_79_A,SER_81_A"
SER_81_A,"ALA_57_A,LYS_78_A,GLY_80_A,PHE_82_A"
PHE_82_A,"VAL_67_A,SER_81_A,VAL_83_A"
VAL_83_A,"TYR_76_A,PHE_82_A,LEU_84_A"
LEU_84_A,"ILE_69_A,PHE_75_A,VAL_83_A,THR_85_A"
THR_85_A,"ASP_71_A,VAL_74_A,LEU_84_A,TYR_86_A,ARG_87_A,TYR_88_A"
TYR_86_A,"GLN_15_A,ILE_69_A,THR_85_A,ARG_87_A"
ARG_87_A,"THR_85_A,TYR_86_A,TYR_88_A,LYS_90_A"
TYR_88_A,"THR_85_A,ARG_87_A,LEU_89_A,THR_92_A"
LEU_89_A,"VAL_12_A,VAL_16_A,TYR_88_A,LYS_90_A,THR_92_A,LEU_93_A"
LYS_90_A,"ARG_87_A,LEU_89_A,ALA_91_A"
ALA_91_A,"LYS_90_A,THR_92_A"
THR_92_A,"TYR_88_A,LEU_89_A,ALA_91_A,LEU_93_A,ILE_96_A"
LEU_93_A,"VAL_16_A,LEU_19_A,TYR_22_A,TRP_24_A,LEU_89_A,THR_92_A,ALA_94_A,ASN_97_A"
ALA_94_A,"LEU_93_A,ASP_95_A,ASP_98_A"
ASP_95_A,"ALA_94_A,ILE_96_A,ASP_98_A,HIS_99_A,LEU_127_A"
ILE_96_A,"ILE_64_A,THR_92_A,ASP_95_A,ASN_97_A,HIS_99_A"
ASN_97_A,"HIS_35_A,LEU_93_A,ILE_96_A,ASP_98_A"
ASP_98_A,"ALA_94_A,ASP_95_A,ASN_97_A,HIS_99_A,ALA_137_A"
HIS_99_A,"ASP_95_A,ILE_96_A,ASP_98_A,ILE_100_A,LEU_123_A,HIS_130_A"
ILE_100_A,"VAL_40_A,HIS_99_A,VAL_101_A"
VAL_101_A,"ILE_100_A,TRP_102_A,GLU_121_A,PHE_143_A,VAL_182_A"
TRP_102_A,"VAL_101_A,SER_103_A,TYR_180_A"
SER_103_A,"TRP_102_A,GLY_104_A,VAL_119_A,TYR_180_A"
GLY_104_A,"SER_103_A,PHE_105_A,VAL_119_A"
PHE_105_A,"GLY_104_A,LYS_106_A,VAL_107_A,GLU_178_A"
LYS_106_A,"PHE_105_A,VAL_107_A,GLU_117_A,GLU_177_A,HIS_179_A"
VAL_107_A,"PHE_105_A,LYS_106_A,VAL_108_A,LEU_114_A,SER_176_A"
VAL_108_A,"VAL_107_A,GLU_109_A,VAL_115_A"
GLU_109_A,"VAL_108_A,ASP_110_A,GLY_112_A"
ASP_110_A,"GLU_109_A,ASN_111_A,LYS_113_A"
ASN_111_A,"ASP_110_A,GLY_112_A"
GLY_112_A,"GLU_109_A,ASN_111_A,LYS_113_A"
LYS_113_A,"ASP_110_A,GLY_112_A,LEU_114_A"
LEU_114_A,"VAL_107_A,LYS_113_A,VAL_115_A"
VAL_115_A,"VAL_108_A,LEU_114_A,GLN_116_A"
GLN_116_A,"VAL_115_A,GLU_117_A"
GLU_117_A,"LYS_106_A,GLN_116_A,ASP_118_A"
ASP_118_A,"GLU_117_A,VAL_119_A,TYR_120_A"
VAL_119_A,"SER_103_A,GLY_104_A,ASP_118_A,TYR_120_A"
TYR_120_A,"ASP_118_A,VAL_119_A,GLU_121_A"
GLU_121_A,"VAL_101_A,TYR_120_A,TYR_122_A,LYS_195_A"
TYR_122_A,"ILE_64_A,GLU_121_A,LEU_123_A"
LEU_123_A,"HIS_99_A,TYR_122_A,GLY_124_A,LEU_127_A,PHE_143_A"
GLY_124_A,"LEU_123_A,ALA_125_A"
ALA_125_A,"GLY_124_A,ALA_126_A,ASN_129_A"
ALA_126_A,"ALA_125_A,LEU_127_A,HIS_130_A"
LEU_127_A,"ASP_95_A,LEU_123_A,ALA_126_A,VAL_128_A,ILE_131_A"
VAL_128_A,"LEU_127_A,ASN_129_A"
ASN_129_A,"ALA_125_A,VAL_128_A,HIS_130_A"
HIS_130_A,"HIS_99_A,ALA_126_A,ASN_129_A,ILE_131_A,ASN_134_A,ALA_135_A,TYR_141_A,PHE_143_A,GLU_184_A"
ILE_131_A,"LEU_127_A,HIS_130_A,LYS_132_A"
LYS_132_A,"ILE_131_A,ASN_133_A"
ASN_133_A,"LYS_132_A,ASN_134_A,ALA_135_A"
ASN_134_A,"HIS_130_A,ASN_133_A,ALA_135_A"
ALA_135_A,"HIS_130_A,ASN_133_A,ASN_134_A,LEU_136_A"
LEU_136_A,"ALA_135_A,ALA_137_A,GLN_139_A,ASP_140_A"
ALA_137_A,"ASP_98_A,LEU_136_A,GLY_138_A"
GLY_138_A,"ALA_137_A,GLN_139_A,TYR_141_A"
GLN_139_A,"LEU_136_A,GLY_138_A,ASP_140_A"
ASP_140_A,"LEU_136_A,GLN_139_A,TYR_141_A,ARG_188_A"
TYR_141_A,"HIS_130_A,GLY_138_A,ASP_140_A,ILE_142_A,PHE_143_A,GLU_184_A"
ILE_142_A,"TYR_141_A,PHE_143_A,LEU_185_A"
PHE_143_A,"VAL_101_A,LEU_123_A,HIS_130_A,TYR_141_A,ILE_142_A,TRP_144_A,VAL_182_A"
TRP_144_A,"PHE_143_A,GLN_145_A,PHE_183_A"
GLN_145_A,"TRP_144_A,PHE_146_A,TYR_180_A"
PHE_146_A,"GLN_145_A,TYR_147_A,ASP_157_A,GLU_181_A,PHE_183_A,PHE_205_A"
TYR_147_A,"PHE_146_A,LYS_148_A,VAL_156_A,LEU_161_A,LYS_175_A,TYR_180_A"
LYS_148_A,"TYR_147_A,CYS_149_A,TYR_155_A,GLU_181_A"
CYS_149_A,"LYS_148_A,GLU_150_A,GLU_151_A,GLY_153_A"
GLU_150_A,"CYS_149_A,GLU_151_A,LYS_175_A"
GLU_151_A,"CYS_149_A,GLU_150_A,CYS_152_A,HIS_168_A,ILE_170_A"
CYS_152_A,"GLU_151_A,GLY_153_A,LYS_154_A"
GLY_153_A,"CYS_149_A,CYS_152_A,LYS_154_A"
LYS_154_A,"CYS_152_A,GLY_153_A,TYR_155_A,ASP_203_A"
TYR_155_A,"LYS_148_A,LYS_154_A,VAL_156_A,GLU_181_A,PHE_183_A,LYS_204_A,PHE_205_A,SER_206_A"
VAL_156_A,"TYR_147_A,TYR_155_A,ASP_157_A"
ASP_157_A,"PHE_146_A,VAL_156_A,ILE_158_A,GLU_159_A,ASN_160_A,PHE_212_A"
ILE_158_A,"ASP_157_A,GLU_159_A,TYR_180_A"
GLU_159_A,"ASP_157_A,ILE_158_A,ASN_160_A"
ASN_160_A,"ASP_157_A,GLU_159_A,LEU_161_A,HIS_164_A"
LEU_161_A,"TYR_147_A,ASN_160_A,GLU_162_A,LEU_165_A,LEU_172_A"
GLU_162_A,"LEU_161_A,ALA_163_A,ARG_166_A,LEU_172_A"
ALA_163_A,"GLU_162_A,HIS_164_A"
HIS_164_A,"ASN_160_A,ALA_163_A,LEU_165_A,GLU_167_A,HIS_168_A,GLU_208_A"
LEU_165_A,"LEU_161_A,HIS_164_A,ARG_166_A,HIS_168_A,ILE_170_A"
ARG_166_A,"GLU_162_A,LEU_165_A,GLU_167_A,HIS_168_A,GLY_169_A"
GLU_167_A,"HIS_164_A,ARG_166_A,HIS_168_A,GLU_208_A"
HIS_168_A,"GLU_151_A,HIS_164_A,LEU_165_A,ARG_166_A,GLU_167_A,GLY_169_A"
GLY_169_A,"ARG_166_A,HIS_168_A,ILE_170_A"
ILE_170_A,"GLU_151_A,LEU_165_A,GLY_169_A,LYS_171_A"
LYS_171_A,"ILE_170_A,LEU_172_A,HIS_173_A,GLU_174_A"
LEU_172_A,"LEU_161_A,GLU_162_A,LYS_171_A,HIS_173_A,LYS_175_A"
HIS_173_A,"LYS_171_A,LEU_172_A,GLU_174_A"
GLU_174_A,"LYS_171_A,HIS_173_A,LYS_175_A"
LYS_175_A,"TYR_147_A,GLU_150_A,LEU_172_A,GLU_174_A,SER_176_A,GLU_178_A"
SER_176_A,"VAL_107_A,LYS_175_A,GLU_177_A"
GLU_177_A,"LYS_106_A,SER_176_A,GLU_178_A,HIS_179_A"
GLU_178_A,"PHE_105_A,LYS_175_A,GLU_177_A,HIS_179_A,TYR_180_A"
HIS_179_A,"LYS_106_A,GLU_177_A,GLU_178_A,TYR_180_A"
TYR_180_A,"TRP_102_A,SER_103_A,GLN_145_A,TYR_147_A,ILE_158_A,GLU_178_A,HIS_179_A,GLU_181_A"
GLU_181_A,"PHE_146_A,LYS_148_A,TYR_155_A,TYR_180_A,VAL_182_A,LYS_195_A"
VAL_182_A,"VAL_101_A,PHE_143_A,GLU_181_A,PHE_183_A"
PHE_183_A,"TRP_144_A,PHE_146_A,TYR_155_A,VAL_182_A,GLU_184_A,PHE_205_A"
GLU_184_A,"HIS_130_A,TYR_141_A,PHE_183_A,LEU_185_A,PHE_193_A"
LEU_185_A,"ILE_142_A,GLU_184_A,ASN_186_A,VAL_216_A"
ASN_186_A,"LEU_185_A,PHE_187_A,GLY_190_A,PHE_193_A"
PHE_187_A,"ASN_186_A,ARG_188_A"
ARG_188_A,"ASP_140_A,PHE_187_A,GLU_189_A"
GLU_189_A,"ARG_188_A,GLY_190_A,LYS_191_A,PHE_193_A"
GLY_190_A,"ASN_186_A,GLU_189_A,LYS_191_A"
LYS_191_A,"GLU_189_A,GLY_190_A,VAL_192_A,GLU_199_A"
VAL_192_A,"LYS_191_A,PHE_193_A,VAL_200_A,PHE_205_A,ILE_213_A"
PHE_193_A,"GLU_184_A,ASN_186_A,GLU_189_A,VAL_192_A,ASP_194_A"
ASP_194_A,"PHE_193_A,LYS_195_A,PHE_196_A,GLY_197_A,GLY_198_A"
LYS_195_A,"GLU_121_A,GLU_181_A,ASP_194_A,PHE_196_A"
PHE_196_A,"ASP_194_A,LYS_195_A,GLY_197_A"
GLY_197_A,"ASP_194_A,PHE_196_A,GLY_198_A"
GLY_198_A,"ASP_194_A,GLY_197_A,GLU_199_A"
GLU_199_A,"LYS_191_A,GLY_198_A,VAL_200_A"
VAL_200_A,"VAL_192_A,GLU_199_A,LYS_204_A,PHE_205_A"
PRO_201_A,MET_202_A
MET_202_A,"PRO_201_A,ASP_203_A,LYS_204_A,PHE_205_A,ARG_210_A,ILE_213_A"
ASP_203_A,"LYS_154_A,MET_202_A,LYS_204_A,ARG_210_A"
LYS_204_A,"TYR_155_A,VAL_200_A,MET_202_A,ASP_203_A,PHE_205_A"
PHE_205_A,"PHE_146_A,TYR_155_A,PHE_183_A,VAL_192_A,VAL_200_A,MET_202_A,LYS_204_A,SER_206_A,ALA_209_A,ILE_213_A"
SER_206_A,"TYR_155_A,PHE_205_A,SER_207_A,GLU_208_A,ARG_210_A"
SER_207_A,"SER_206_A,GLU_208_A"
GLU_208_A,"HIS_164_A,GLU_167_A,SER_206_A,SER_207_A,ALA_209_A"
ALA_209_A,"PHE_205_A,GLU_208_A,ARG_210_A,PHE_212_A,ILE_213_A"
ARG_210_A,"MET_202_A,ASP_203_A,SER_206_A,ALA_209_A,GLU_211_A,LYS_214_A"
GLU_211_A,"ARG_210_A,PHE_212_A,GLU_215_A"
PHE_212_A,"ASP_157_A,ALA_209_A,GLU_211_A,ILE_213_A,VAL_216_A"
ILE_213_A,"VAL_192_A,MET_202_A,PHE_205_A,ALA_209_A,PHE_212_A,LYS_214_A,LEU_217_A"
LYS_214_A,"ARG_210_A,ILE_213_A,GLU_215_A"
GLU_215_A,"GLU_211_A,LYS_214_A,VAL_216_A"
VAL_216_A,"LEU_185_A,PHE_212_A,GLU_215_A,LEU_217_A,SER_218_A"
LEU_217_A,"ILE_213_A,VAL_216_A,SER_218_A"
SER_218_A,"VAL_216_A,LEU_217_A"
