residue_id,neighbors
LEU_177_B,THR_178_B
THR_178_B,LEU_177_B
PRO_179_B,PHE_180_B
PHE_180_B,"PRO_179_B,GLN_181_B"
GLN_181_B,"PHE_180_B,LYS_182_B"
LYS_182_B,"GLN_181_B,GLN_183_B"
GLN_183_B,"LYS_182_B,ALA_184_B"
ALA_184_B,"GLN_183_B,HIS_185_B"
HIS_185_B,"ALA_184_B,ASN_186_B,LYS_187_B,ILE_188_B,GLU_189_B"
ASN_186_B,"HIS_185_B,LYS_187_B"
LYS_187_B,"HIS_185_B,ASN_186_B,ILE_188_B"
ILE_188_B,"HIS_185_B,LYS_187_B,GLU_189_B,ARG_191_B"
GLU_189_B,"HIS_185_B,ILE_188_B,LYS_190_B,ARG_193_B"
LYS_190_B,"GLU_189_B,ARG_191_B,ILE_194_B"
ARG_191_B,"ILE_188_B,LYS_190_B,TYR_192_B,ASN_195_B"
TYR_192_B,"ARG_191_B,ARG_193_B,ILE_196_B"
ARG_193_B,"GLU_189_B,TYR_192_B,ILE_194_B,ASN_197_B"
ILE_194_B,"LYS_190_B,ARG_193_B,ASN_195_B,THR_198_B"
ASN_195_B,"ARG_191_B,ILE_194_B,ILE_196_B,THR_198_B"
ILE_196_B,"TYR_192_B,ASN_195_B,ASN_197_B,ILE_200_B"
ASN_197_B,"ARG_193_B,ILE_196_B,THR_198_B,ALA_201_B,GLU_218_B,LYS_251_B"
THR_198_B,"ILE_194_B,ASN_195_B,ASN_197_B,LYS_199_B,ARG_202_B"
LYS_199_B,"THR_198_B,ILE_200_B,ARG_202_B"
ILE_200_B,"ILE_196_B,LYS_199_B,ALA_201_B,GLN_204_B,PHE_217_B,ILE_254_B"
ALA_201_B,"ASN_197_B,ILE_200_B,ARG_202_B,GLN_205_B,VAL_219_B"
ARG_202_B,"THR_198_B,LYS_199_B,ALA_201_B,LEU_203_B"
LEU_203_B,"ARG_202_B,GLN_204_B"
GLN_204_B,"ILE_200_B,LEU_203_B,GLN_205_B,VAL_210_B,GLU_213_B,ILE_254_B"
GLN_205_B,"ALA_201_B,GLN_204_B,ILE_206_B"
ILE_206_B,"GLN_205_B,ILE_207_B"
ILE_207_B,"ILE_206_B,VAL_210_B"
PRO_208_B,TRP_209_B
TRP_209_B,"PRO_208_B,VAL_210_B,TYR_261_B,TYR_264_B"
VAL_210_B,"GLN_204_B,ILE_207_B,TRP_209_B,ALA_211_B,LEU_249_B"
ALA_211_B,"VAL_210_B,SER_212_B"
SER_212_B,"ALA_211_B,GLU_213_B"
GLU_213_B,"GLN_204_B,SER_212_B,GLN_214_B,LEU_249_B"
GLN_214_B,"GLU_213_B,THR_215_B,LEU_249_B"
THR_215_B,"GLN_214_B,ALA_216_B"
ALA_216_B,"THR_215_B,PHE_217_B,LEU_249_B"
PHE_217_B,"ILE_200_B,ALA_216_B,GLU_218_B,LYS_251_B"
GLU_218_B,"ASN_197_B,PHE_217_B,VAL_219_B"
VAL_219_B,"ALA_201_B,GLU_218_B,GLY_220_B"
GLY_220_B,VAL_219_B
SER_246_B,THR_247_B
THR_247_B,"SER_246_B,LYS_248_B"
LYS_248_B,"THR_247_B,LEU_249_B"
LEU_249_B,"VAL_210_B,GLU_213_B,GLN_214_B,ALA_216_B,LYS_248_B,ASN_250_B,MET_253_B"
ASN_250_B,"LEU_249_B,LYS_251_B,MET_253_B"
LYS_251_B,"ASN_197_B,PHE_217_B,ASN_250_B,SER_252_B"
SER_252_B,"LYS_251_B,MET_253_B,GLU_256_B"
MET_253_B,"LEU_249_B,ASN_250_B,SER_252_B,ILE_254_B,GLU_256_B,LYS_257_B"
ILE_254_B,"ILE_200_B,GLN_204_B,MET_253_B,LEU_255_B,ALA_258_B"
LEU_255_B,"ILE_254_B,GLU_256_B"
GLU_256_B,"SER_252_B,MET_253_B,LEU_255_B,LYS_257_B"
LYS_257_B,"MET_253_B,GLU_256_B,ALA_258_B,ASP_260_B,TYR_261_B"
ALA_258_B,"ILE_254_B,LYS_257_B,VAL_259_B"
VAL_259_B,"ALA_258_B,ASP_260_B"
ASP_260_B,"LYS_257_B,VAL_259_B,TYR_261_B,TYR_264_B"
TYR_261_B,"TRP_209_B,LYS_257_B,ASP_260_B,ILE_262_B,LEU_265_B"
ILE_262_B,"TYR_261_B,LEU_263_B,GLN_266_B"
LEU_263_B,"ILE_262_B,TYR_264_B,ASN_267_B"
TYR_264_B,"TRP_209_B,ASP_260_B,LEU_263_B,LEU_265_B,ASN_268_B"
LEU_265_B,"TYR_261_B,TYR_264_B,GLN_266_B"
GLN_266_B,"ILE_262_B,LEU_265_B,ASN_267_B"
ASN_267_B,"LEU_263_B,GLN_266_B,ASN_268_B,ARG_270_B,LEU_271_B"
ASN_268_B,"TYR_264_B,ASN_267_B,GLU_269_B,TYR_272_B"
GLU_269_B,"ASN_268_B,ARG_270_B,GLU_273_B"
ARG_270_B,"ASN_267_B,GLU_269_B,LEU_271_B,MET_274_B"
LEU_271_B,"ASN_267_B,ARG_270_B,TYR_272_B,GLU_275_B"
TYR_272_B,"ASN_268_B,LEU_271_B,GLU_273_B"
GLU_273_B,"GLU_269_B,TYR_272_B,MET_274_B"
MET_274_B,"ARG_270_B,GLU_273_B,GLU_275_B,ARG_278_B"
GLU_275_B,"LEU_271_B,MET_274_B,VAL_276_B,ARG_278_B,LEU_279_B"
VAL_276_B,"GLU_275_B,GLN_277_B,LEU_279_B,LYS_280_B"
GLN_277_B,"VAL_276_B,ARG_278_B,SER_281_B"
ARG_278_B,"MET_274_B,GLU_275_B,GLN_277_B,LEU_279_B,GLU_282_B"
LEU_279_B,"GLU_275_B,VAL_276_B,ARG_278_B,LYS_280_B,ILE_283_B"
LYS_280_B,"VAL_276_B,LEU_279_B,SER_281_B,ASP_284_B"
SER_281_B,"GLN_277_B,LYS_280_B,GLU_282_B,THR_285_B"
GLU_282_B,"ARG_278_B,SER_281_B,ILE_283_B"
ILE_283_B,"LEU_279_B,GLU_282_B,ASP_284_B,LYS_287_B"
ASP_284_B,"LYS_280_B,ILE_283_B,THR_285_B,GLN_288_B"
THR_285_B,"SER_281_B,ASP_284_B,LEU_286_B"
LEU_286_B,"THR_285_B,LYS_287_B"
LYS_287_B,"ILE_283_B,LEU_286_B,GLN_288_B,LYS_291_B"
GLN_288_B,"ASP_284_B,LYS_287_B,ASP_289_B,GLN_290_B,LYS_291_B,LEU_292_B"
ASP_289_B,"GLN_288_B,GLN_290_B"
GLN_290_B,"GLN_288_B,ASP_289_B,LYS_291_B"
LYS_291_B,"LYS_287_B,GLN_288_B,GLN_290_B,LEU_292_B"
LEU_292_B,"GLN_288_B,LYS_291_B,GLU_293_B"
GLU_293_B,"LEU_292_B,HIS_294_B"
HIS_294_B,"GLU_293_B,HIS_295_B"
HIS_295_B,HIS_294_B
