residue_id,neighbors
HIS_35_J,"LEU_36_J,ARG_201_J"
LEU_36_J,"HIS_35_J,ALA_37_J"
ALA_37_J,"LEU_36_J,THR_38_J,VAL_40_J,TYR_55_J"
THR_38_J,"ALA_37_J,HIS_39_J,ASP_56_J"
HIS_39_J,"THR_38_J,VAL_40_J,ALA_54_J,ASP_56_J"
VAL_40_J,"ALA_37_J,HIS_39_J,ALA_41_J,THR_167_J"
ALA_41_J,"VAL_40_J,LYS_42_J,ILE_52_J"
LYS_42_J,"ALA_41_J,PHE_43_J"
PHE_43_J,"LYS_42_J,THR_44_J,PRO_165_J,VAL_203_J"
THR_44_J,"PHE_43_J,GLU_45_J"
GLU_45_J,"THR_44_J,THR_46_J,LYS_148_J"
THR_46_J,"GLU_45_J,ASN_47_J"
ASN_47_J,"THR_46_J,SER_48_J"
SER_48_J,ASN_47_J
PRO_49_J,GLY_50_J
GLY_50_J,"PRO_49_J,ASN_51_J"
ASN_51_J,"GLY_50_J,ILE_52_J,GLY_53_J"
ILE_52_J,"ALA_41_J,ASN_51_J,GLY_53_J"
GLY_53_J,"ASN_51_J,ILE_52_J,ALA_54_J"
ALA_54_J,"HIS_39_J,GLY_53_J,TYR_55_J"
TYR_55_J,"ALA_37_J,ALA_54_J,ASP_56_J"
ASP_56_J,"THR_38_J,HIS_39_J,TYR_55_J,ILE_57_J,ASP_68_J"
ILE_57_J,"ASP_56_J,LEU_58_J"
LEU_58_J,"ILE_57_J,SER_59_J"
SER_59_J,"LEU_58_J,SER_60_J,ASP_61_J"
SER_60_J,"SER_59_J,ASP_61_J"
ASP_61_J,"SER_59_J,SER_60_J,MET_62_J"
MET_62_J,"ASP_61_J,ASN_63_J"
ASN_63_J,"MET_62_J,CYS_64_J"
CYS_64_J,"ASN_63_J,GLY_65_J,TYR_66_J"
GLY_65_J,"CYS_64_J,TYR_66_J"
TYR_66_J,"CYS_64_J,GLY_65_J,LEU_67_J"
LEU_67_J,"TYR_66_J,ASP_68_J,ASN_71_J"
ASP_68_J,"ASP_56_J,LEU_67_J,THR_69_J"
THR_69_J,"ASP_68_J,ALA_70_J"
ALA_70_J,"THR_69_J,ASN_71_J"
ASN_71_J,"LEU_67_J,ALA_70_J,ALA_72_J"
ALA_72_J,"ASN_71_J,GLY_73_J"
GLY_73_J,"ALA_72_J,TRP_74_J"
TRP_74_J,"GLY_73_J,LYS_75_J,GLU_76_J"
LYS_75_J,"TRP_74_J,GLU_76_J,GLU_172_J,ARG_176_J"
GLU_76_J,"TRP_74_J,LYS_75_J,LYS_205_J"
TYR_141_J,ARG_142_J
ARG_142_J,"TYR_141_J,THR_143_J"
THR_143_J,"ARG_142_J,ASN_144_J"
ASN_144_J,"THR_143_J,GLN_145_J,ILE_147_J,SER_162_J"
GLN_145_J,"ASN_144_J,PHE_146_J"
PHE_146_J,"GLN_145_J,ILE_147_J"
ILE_147_J,"ASN_144_J,PHE_146_J,LYS_148_J"
LYS_148_J,"GLU_45_J,ILE_147_J,GLN_149_J"
GLN_149_J,"LYS_148_J,VAL_150_J"
VAL_150_J,"GLN_149_J,PHE_151_J,LEU_161_J"
PHE_151_J,"VAL_150_J,PHE_152_J,LEU_160_J"
PHE_152_J,"PHE_151_J,HIS_159_J,LEU_161_J"
PRO_153_J,"VAL_154_J,TYR_158_J"
VAL_154_J,"PRO_153_J,GLY_155_J,SER_157_J"
GLY_155_J,"VAL_154_J,GLY_156_J"
GLY_156_J,"GLY_155_J,SER_157_J"
SER_157_J,"VAL_154_J,GLY_156_J,TYR_158_J"
TYR_158_J,"PRO_153_J,SER_157_J,HIS_159_J"
HIS_159_J,"PHE_152_J,TYR_158_J,LEU_160_J"
LEU_160_J,"PHE_151_J,HIS_159_J,LEU_161_J"
LEU_161_J,"VAL_150_J,PHE_152_J,LEU_160_J,SER_162_J"
SER_162_J,"ASN_144_J,LEU_161_J,ILE_163_J"
ILE_163_J,"SER_162_J,LEU_164_J"
LEU_164_J,ILE_163_J
PRO_165_J,"PHE_43_J,SER_166_J"
SER_166_J,"PRO_165_J,THR_167_J,LEU_169_J,ASN_170_J"
THR_167_J,"VAL_40_J,SER_166_J,VAL_168_J,TYR_171_J"
VAL_168_J,"THR_167_J,LEU_169_J,GLU_172_J"
LEU_169_J,"SER_166_J,VAL_168_J,ASN_170_J,VAL_173_J"
ASN_170_J,"SER_166_J,LEU_169_J,TYR_171_J"
TYR_171_J,"THR_167_J,ASN_170_J,GLU_172_J,SER_174_J,LEU_202_J,LYS_205_J,ASN_206_J"
GLU_172_J,"LYS_75_J,VAL_168_J,TYR_171_J,VAL_173_J,ASP_175_J,ARG_176_J"
VAL_173_J,"LEU_169_J,GLU_172_J,SER_174_J,LEU_177_J,PHE_212_J"
SER_174_J,"TYR_171_J,VAL_173_J,ASP_175_J,TYR_178_J"
ASP_175_J,"GLU_172_J,SER_174_J,ARG_176_J,ARG_179_J"
ARG_176_J,"LYS_75_J,GLU_172_J,ASP_175_J,LEU_177_J,ARG_179_J"
LEU_177_J,"VAL_173_J,ARG_176_J,TYR_178_J,ILE_182_J"
TYR_178_J,"SER_174_J,LEU_177_J,ARG_179_J"
ARG_179_J,"ASP_175_J,ARG_176_J,TYR_178_J,SER_180_J"
SER_180_J,"ARG_179_J,LYS_181_J"
LYS_181_J,"SER_180_J,ILE_182_J"
ILE_182_J,"LEU_177_J,LYS_181_J"
PRO_183_J,LYS_184_J
LYS_184_J,"PRO_183_J,ILE_185_J,LEU_210_J"
ILE_185_J,"LYS_184_J,ARG_186_J,GLN_213_J"
ARG_186_J,"ILE_185_J,LEU_187_J,ARG_188_J,LEU_210_J"
LEU_187_J,"ARG_186_J,ARG_188_J"
ARG_188_J,"ARG_186_J,LEU_187_J,LEU_189_J,TRP_208_J"
LEU_189_J,"ARG_188_J,LEU_190_J"
LEU_190_J,"LEU_189_J,SER_191_J,LYS_207_J,TRP_208_J"
SER_191_J,"LEU_190_J,SER_192_J,ASN_193_J"
SER_192_J,"SER_191_J,ASN_193_J,SER_196_J"
ASN_193_J,"SER_191_J,SER_192_J,ALA_194_J,SER_196_J,THR_197_J"
ALA_194_J,"ASN_193_J,ALA_195_J,THR_198_J"
ALA_195_J,"ALA_194_J,SER_196_J"
SER_196_J,"SER_192_J,ASN_193_J,ALA_195_J,THR_197_J"
THR_197_J,"ASN_193_J,SER_196_J,THR_198_J"
THR_198_J,"ALA_194_J,THR_197_J,GLY_199_J"
GLY_199_J,"THR_198_J,SER_200_J"
SER_200_J,"GLY_199_J,ARG_201_J"
ARG_201_J,"HIS_35_J,SER_200_J,LEU_202_J,SER_204_J"
LEU_202_J,"TYR_171_J,ARG_201_J,VAL_203_J"
VAL_203_J,"PHE_43_J,LEU_202_J,SER_204_J,LYS_207_J"
SER_204_J,"ARG_201_J,VAL_203_J,LYS_205_J"
LYS_205_J,"GLU_76_J,TYR_171_J,SER_204_J,ASN_206_J"
ASN_206_J,"TYR_171_J,LYS_205_J,LYS_207_J"
LYS_207_J,"LEU_190_J,VAL_203_J,ASN_206_J,TRP_208_J"
TRP_208_J,"ARG_188_J,LEU_190_J,LYS_207_J"
PRO_209_J,"LEU_210_J,VAL_211_J"
LEU_210_J,"LYS_184_J,ARG_186_J,PRO_209_J,VAL_211_J"
VAL_211_J,"PRO_209_J,LEU_210_J,PHE_212_J"
PHE_212_J,"VAL_173_J,VAL_211_J,GLN_213_J"
GLN_213_J,"ILE_185_J,PHE_212_J,ALA_214_J"
ALA_214_J,"GLN_213_J,LEU_215_J"
LEU_215_J,ALA_214_J
PRO_216_J,LEU_220_J
PRO_217_J,"LYS_218_J,PHE_219_J,LEU_220_J"
LYS_218_J,"PRO_217_J,PHE_219_J,GLU_221_J"
PHE_219_J,"PRO_217_J,LYS_218_J,LEU_220_J,LYS_226_J"
LEU_220_J,"PRO_216_J,PRO_217_J,PHE_219_J,GLU_221_J"
GLU_221_J,"LYS_218_J,LEU_220_J,LYS_222_J"
LYS_222_J,"GLU_221_J,ASN_223_J,LYS_230_J"
ASN_223_J,"LYS_222_J,LEU_224_J,ALA_227_J"
LEU_224_J,"ASN_223_J,ALA_225_J,LEU_228_J"
ALA_225_J,"LEU_224_J,LYS_226_J,ASP_229_J"
LYS_226_J,"PHE_219_J,ALA_225_J,ALA_227_J"
ALA_227_J,"ASN_223_J,LYS_226_J,LEU_228_J"
LEU_228_J,"LEU_224_J,ALA_227_J,ASP_229_J"
ASP_229_J,"ALA_225_J,LEU_228_J,LYS_230_J"
LYS_230_J,"LYS_222_J,ASP_229_J,GLU_231_J"
GLU_231_J,"LYS_230_J,TYR_232_J"
TYR_232_J,"GLU_231_J,LEU_233_J,ASP_278_J,ALA_314_J"
LEU_233_J,"TYR_232_J,LEU_234_J,ASN_319_J"
LEU_234_J,"LEU_233_J,LYS_266_J,ASN_319_J"
PRO_235_J,ASP_236_J
ASP_236_J,"PRO_235_J,ILE_237_J,LYS_266_J"
ILE_237_J,"ASP_236_J,ASN_238_J"
ASN_238_J,"ILE_237_J,ILE_239_J"
ILE_239_J,"ASN_238_J,ASP_240_J"
ASP_240_J,"ILE_239_J,GLU_241_J,LEU_242_J"
GLU_241_J,"ASP_240_J,LEU_242_J,ASP_246_J,GLY_248_J"
LEU_242_J,"ASP_240_J,GLU_241_J,GLU_243_J"
GLU_243_J,"LEU_242_J,GLY_244_J,ASP_252_J"
GLY_244_J,"GLU_243_J,VAL_245_J,ILE_251_J"
VAL_245_J,"GLY_244_J,ASP_246_J"
ASP_246_J,"GLU_241_J,VAL_245_J,ASN_247_J"
ASN_247_J,"ASP_246_J,GLY_248_J,CYS_249_J,TYR_294_J"
GLY_248_J,"GLU_241_J,ASN_247_J,CYS_249_J"
CYS_249_J,"ASN_247_J,GLY_248_J,LEU_250_J,TYR_301_J"
LEU_250_J,"CYS_249_J,ILE_251_J,ILE_259_J,ILE_321_J"
ILE_251_J,"GLY_244_J,LEU_250_J,ASP_252_J"
ASP_252_J,"GLU_243_J,ILE_251_J,GLU_253_J"
GLU_253_J,"ASP_252_J,ALA_254_J,GLU_326_J,HIS_327_J,ARG_330_J"
ALA_254_J,"GLU_253_J,LEU_255_J"
LEU_255_J,"ALA_254_J,LEU_256_J,LEU_258_J"
LEU_256_J,"LEU_255_J,ILE_260_J"
PRO_257_J,"LEU_258_J,ASP_261_J"
LEU_258_J,"LEU_255_J,PRO_257_J,ILE_259_J,GLU_262_J"
ILE_259_J,"LEU_250_J,LEU_258_J,ILE_260_J,GLY_263_J"
ILE_260_J,"LEU_256_J,ILE_259_J,ASP_261_J,LYS_264_J,ALA_334_J"
ASP_261_J,"PRO_257_J,ILE_260_J,GLU_262_J,ARG_265_J"
GLU_262_J,"LEU_258_J,ASP_261_J,GLY_263_J,ARG_265_J"
GLY_263_J,"ILE_259_J,GLU_262_J,LYS_264_J"
LYS_264_J,"ILE_260_J,GLY_263_J,ARG_265_J,LYS_266_J"
ARG_265_J,"ASP_261_J,GLU_262_J,LYS_264_J,LYS_266_J,GLU_268_J"
LYS_266_J,"LEU_234_J,ASP_236_J,LYS_264_J,ARG_265_J,GLY_267_J,GLU_268_J"
GLY_267_J,"LYS_266_J,GLU_268_J"
GLU_268_J,"ARG_265_J,LYS_266_J,GLY_267_J,GLY_269_J"
GLY_269_J,"GLU_268_J,ASN_270_J,GLN_311_J"
ASN_270_J,"GLY_269_J,TYR_271_J,GLN_311_J"
TYR_271_J,"ASN_270_J,ARG_272_J"
ARG_272_J,"TYR_271_J,ARG_277_J"
PRO_273_J,ARG_274_J
ARG_274_J,"PRO_273_J,HIS_275_J"
HIS_275_J,"ARG_274_J,LEU_276_J"
LEU_276_J,"HIS_275_J,ARG_277_J"
ARG_277_J,"ARG_272_J,LEU_276_J,ASP_278_J,GLY_312_J"
ASP_278_J,"TYR_232_J,ARG_277_J,GLU_279_J,ASP_315_J"
GLU_279_J,"ASP_278_J,ARG_280_J,ASP_315_J"
ARG_280_J,"GLU_279_J,LYS_281_J,HIS_305_J,ASP_315_J"
LYS_281_J,"ARG_280_J,GLU_282_J,GLU_283_J,ASP_315_J"
GLU_282_J,"LYS_281_J,GLU_283_J"
GLU_283_J,"LYS_281_J,GLU_282_J,THR_284_J,GLN_286_J,ALA_287_J,ASP_290_J"
THR_284_J,"GLU_283_J,VAL_285_J,PHE_288_J"
VAL_285_J,"THR_284_J,GLN_286_J,LEU_289_J"
GLN_286_J,"GLU_283_J,VAL_285_J,ALA_287_J,ASP_290_J"
ALA_287_J,"GLU_283_J,GLN_286_J,PHE_288_J,LYS_291_J"
PHE_288_J,"THR_284_J,ALA_287_J,LEU_289_J"
LEU_289_J,"VAL_285_J,PHE_288_J,ASP_290_J"
ASP_290_J,"GLU_283_J,GLN_286_J,LEU_289_J,LYS_291_J"
LYS_291_J,"ALA_287_J,ASP_290_J,TYR_292_J"
TYR_292_J,"LYS_291_J,GLY_293_J,TYR_294_J"
GLY_293_J,"TYR_292_J,TYR_294_J"
TYR_294_J,"ASN_247_J,TYR_292_J,GLY_293_J,CYS_295_J"
CYS_295_J,"TYR_294_J,ASN_296_J"
ASN_296_J,"CYS_295_J,ILE_297_J"
ILE_297_J,ASN_296_J
PRO_298_J,VAL_299_J
VAL_299_J,"PRO_298_J,GLY_300_J"
GLY_300_J,"VAL_299_J,TYR_301_J"
TYR_301_J,"CYS_249_J,GLY_300_J,GLU_302_J"
GLU_302_J,"TYR_301_J,VAL_303_J,HIS_328_J"
VAL_303_J,"GLU_302_J,HIS_304_J"
HIS_304_J,"VAL_303_J,HIS_305_J,ILE_321_J,HIS_328_J,HIS_335_J"
HIS_305_J,"ARG_280_J,HIS_304_J,ILE_306_J,ASP_315_J"
ILE_306_J,"HIS_305_J,VAL_307_J,ILE_321_J"
VAL_307_J,ILE_306_J
PRO_308_J,LEU_309_J
LEU_309_J,"PRO_308_J,SER_310_J"
SER_310_J,"LEU_309_J,GLN_311_J"
GLN_311_J,"GLY_269_J,ASN_270_J,SER_310_J,GLY_312_J"
GLY_312_J,"ARG_277_J,GLN_311_J,GLY_313_J"
GLY_313_J,"GLY_312_J,ALA_314_J"
ALA_314_J,"TYR_232_J,GLY_313_J,ASP_315_J"
ASP_315_J,"ASP_278_J,GLU_279_J,ARG_280_J,LYS_281_J,HIS_305_J,ALA_314_J,SER_316_J"
SER_316_J,"ASP_315_J,ILE_317_J"
ILE_317_J,"SER_316_J,LYS_318_J"
LYS_318_J,"ILE_317_J,ASN_319_J"
ASN_319_J,"LEU_233_J,LEU_234_J,LYS_318_J,MET_320_J"
MET_320_J,"ASN_319_J,ILE_321_J"
ILE_321_J,"LEU_250_J,HIS_304_J,ILE_306_J,MET_320_J,MET_322_J,LEU_323_J"
MET_322_J,"ILE_321_J,LEU_323_J"
LEU_323_J,"ILE_321_J,MET_322_J,SER_324_J"
SER_324_J,"LEU_323_J,ILE_325_J,HIS_327_J"
ILE_325_J,"SER_324_J,GLU_326_J,GLU_329_J"
GLU_326_J,"GLU_253_J,ILE_325_J,HIS_327_J,ARG_330_J"
HIS_327_J,"GLU_253_J,SER_324_J,GLU_326_J,HIS_328_J,ARG_330_J,VAL_331_J"
HIS_328_J,"GLU_302_J,HIS_304_J,HIS_327_J,GLU_329_J,THR_332_J"
GLU_329_J,"ILE_325_J,HIS_328_J,ARG_330_J,THR_332_J,GLU_333_J"
ARG_330_J,"GLU_253_J,GLU_326_J,HIS_327_J,GLU_329_J,VAL_331_J,ALA_334_J"
VAL_331_J,"HIS_327_J,ARG_330_J,THR_332_J,HIS_335_J"
THR_332_J,"HIS_328_J,GLU_329_J,VAL_331_J,GLU_333_J"
GLU_333_J,"GLU_329_J,THR_332_J,ALA_334_J,SER_337_J"
ALA_334_J,"ILE_260_J,ARG_330_J,GLU_333_J,HIS_335_J,SER_337_J"
HIS_335_J,"HIS_304_J,VAL_331_J,ALA_334_J,ALA_336_J,TYR_338_J,PHE_339_J"
ALA_336_J,"HIS_335_J,SER_337_J"
SER_337_J,"GLU_333_J,ALA_334_J,ALA_336_J,TYR_338_J"
TYR_338_J,"HIS_335_J,SER_337_J,PHE_339_J"
PHE_339_J,"HIS_335_J,TYR_338_J,LYS_340_J"
LYS_340_J,PHE_339_J
