residue_id,neighbors
MET_1_A,"GLU_2_A,TYR_3_A,ASP_35_A"
GLU_2_A,"MET_1_A,TYR_3_A,HIS_4_A,ILE_38_A"
TYR_3_A,"MET_1_A,GLU_2_A,HIS_4_A,PHE_21_A,THR_36_A,ILE_38_A"
HIS_4_A,"GLU_2_A,TYR_3_A,VAL_5_A,GLY_15_A,PHE_21_A,HIS_40_A"
VAL_5_A,"HIS_4_A,ALA_6_A,ILE_38_A,HIS_40_A,TYR_44_A"
ALA_6_A,"VAL_5_A,LYS_7_A,GLY_9_A,PHE_21_A"
LYS_7_A,"ALA_6_A,THR_8_A,VAL_43_A"
THR_8_A,"LYS_7_A,GLY_9_A"
GLY_9_A,"ALA_6_A,THR_8_A,SER_10_A"
SER_10_A,"GLY_9_A,ASP_11_A,GLU_12_A,GLY_13_A,PRO_20_A"
ASP_11_A,"SER_10_A,GLU_12_A,LEU_22_A,THR_23_A"
GLU_12_A,"SER_10_A,ASP_11_A,GLY_13_A"
GLY_13_A,"SER_10_A,GLU_12_A,LYS_14_A"
LYS_14_A,"GLY_13_A,GLY_15_A,ASP_19_A"
GLY_15_A,"HIS_4_A,LYS_14_A,THR_16_A,ASP_19_A"
THR_16_A,"GLY_15_A,LEU_17_A,ASP_19_A"
LEU_17_A,"THR_16_A,LYS_18_A"
LYS_18_A,"LEU_17_A,ASP_19_A"
ASP_19_A,"LYS_14_A,GLY_15_A,THR_16_A,LYS_18_A"
PRO_20_A,"SER_10_A,PHE_21_A"
PHE_21_A,"TYR_3_A,HIS_4_A,ALA_6_A,PRO_20_A,LEU_22_A,LYS_26_A"
LEU_22_A,"ASP_11_A,PHE_21_A,THR_23_A"
THR_23_A,"ASP_11_A,LEU_22_A,ILE_24_A"
ILE_24_A,"THR_23_A,ASN_25_A,ALA_28_A,GLU_46_A"
ASN_25_A,"ILE_24_A,LYS_26_A,GLU_46_A,LYS_49_A"
LYS_26_A,"PHE_21_A,ASN_25_A,ALA_27_A,SER_29_A"
ALA_27_A,"LYS_26_A,ALA_28_A,ALA_31_A,ILE_37_A"
ALA_28_A,"ILE_24_A,ALA_27_A,SER_29_A"
SER_29_A,"LYS_26_A,ALA_28_A,VAL_30_A"
VAL_30_A,"SER_29_A,ALA_31_A"
ALA_31_A,"ALA_27_A,VAL_30_A,MET_32_A,ILE_37_A"
MET_32_A,"ALA_31_A,ALA_33_A,ASP_35_A,TYR_52_A"
ALA_33_A,"MET_32_A,GLY_34_A,LEU_55_A"
GLY_34_A,"ALA_33_A,ASP_35_A,ARG_60_A"
ASP_35_A,"MET_1_A,MET_32_A,GLY_34_A,THR_36_A"
THR_36_A,"TYR_3_A,ASP_35_A,ILE_37_A"
ILE_37_A,"ALA_27_A,ALA_31_A,THR_36_A,ILE_38_A,ILE_61_A,THR_62_A,LYS_64_A"
ILE_38_A,"GLU_2_A,TYR_3_A,VAL_5_A,ILE_37_A,VAL_39_A,ALA_66_A"
VAL_39_A,"ILE_38_A,HIS_40_A,TYR_44_A,LYS_64_A,ALA_66_A,VAL_71_A"
HIS_40_A,"HIS_4_A,VAL_5_A,VAL_39_A,GLU_41_A,TYR_44_A,GLU_69_A"
GLU_41_A,"HIS_40_A,GLY_42_A,GLU_69_A"
GLY_42_A,"GLU_41_A,VAL_43_A,VAL_72_A"
VAL_43_A,"LYS_7_A,GLY_42_A,TYR_44_A"
TYR_44_A,"VAL_5_A,VAL_39_A,HIS_40_A,VAL_43_A,ARG_45_A,VAL_72_A"
ARG_45_A,"TYR_44_A,GLU_46_A,LYS_74_A,GLU_77_A,GLU_198_A,ARG_202_A,HIS_225_A"
GLU_46_A,"ILE_24_A,ASN_25_A,ARG_45_A,TRP_47_A"
TRP_47_A,"GLU_46_A,VAL_48_A,TYR_207_A"
VAL_48_A,"TRP_47_A,LYS_49_A,CYS_205_A,PHE_206_A"
LYS_49_A,"ASN_25_A,VAL_48_A,VAL_209_A"
PRO_50_A,"LYS_51_A,PHE_206_A"
LYS_51_A,"PRO_50_A,TYR_52_A"
TYR_52_A,"MET_32_A,LYS_51_A,LYS_53_A"
LYS_53_A,"TYR_52_A,GLY_54_A,ASP_214_A"
GLY_54_A,"LYS_53_A,LEU_55_A,ASP_214_A"
LEU_55_A,"ALA_33_A,GLY_54_A,SER_56_A,ARG_59_A"
SER_56_A,"LEU_55_A,ASP_57_A,ARG_59_A"
ASP_57_A,"SER_56_A,LYS_58_A,ARG_60_A"
LYS_58_A,"ASP_57_A,ARG_59_A"
ARG_59_A,"LEU_55_A,SER_56_A,LYS_58_A,ARG_60_A"
ARG_60_A,"GLY_34_A,ASP_57_A,ARG_59_A,ILE_61_A,GLY_248_A"
ILE_61_A,"ILE_37_A,ARG_60_A,THR_62_A,TYR_63_A,THR_217_A"
THR_62_A,"ILE_37_A,ILE_61_A,TYR_63_A"
TYR_63_A,"ILE_61_A,THR_62_A,LYS_64_A,PHE_206_A,ILE_216_A,THR_217_A,LYS_219_A"
LYS_64_A,"ILE_37_A,VAL_39_A,TYR_63_A,ALA_65_A,LYS_219_A"
ALA_65_A,"LYS_64_A,ALA_66_A,VAL_71_A"
ALA_66_A,"ILE_38_A,VAL_39_A,ALA_65_A,GLU_67_A,GLU_69_A"
GLU_67_A,"ALA_66_A,GLY_68_A"
GLY_68_A,"GLU_67_A,GLU_69_A"
GLU_69_A,"HIS_40_A,GLU_41_A,ALA_66_A,GLY_68_A,LYS_70_A"
LYS_70_A,"GLU_69_A,VAL_71_A,GLU_222_A"
VAL_71_A,"VAL_39_A,ALA_65_A,LYS_70_A,VAL_72_A,PHE_221_A,GLU_222_A"
VAL_72_A,"GLY_42_A,TYR_44_A,VAL_71_A,ILE_73_A,LYS_74_A"
ILE_73_A,"VAL_72_A,LYS_74_A,GLU_222_A,MET_223_A"
LYS_74_A,"ARG_45_A,VAL_72_A,ILE_73_A,GLY_75_A,GLU_198_A,ARG_202_A,GLU_222_A,HIS_225_A"
GLY_75_A,"LYS_74_A,SER_76_A,ARG_202_A"
SER_76_A,"GLY_75_A,GLU_77_A,ARG_202_A,HIS_225_A"
GLU_77_A,"ARG_45_A,SER_76_A,ARG_78_A,PHE_98_A,VAL_201_A,ARG_202_A"
ARG_78_A,"GLU_77_A,ILE_79_A,GLU_195_A"
ILE_79_A,"ARG_78_A,GLN_80_A,VAL_197_A,ILE_199_A"
GLN_80_A,"ILE_79_A,SER_81_A"
SER_81_A,"GLN_80_A,TRP_82_A"
TRP_82_A,"SER_81_A,GLN_83_A,PHE_187_A,PRO_192_A,ASN_193_A,VAL_197_A"
GLN_83_A,"TRP_82_A,ARG_84_A,ARG_91_A"
ARG_84_A,"GLN_83_A,VAL_85_A,GLY_87_A"
VAL_85_A,"ARG_84_A,GLU_86_A,VAL_89_A,ARG_91_A"
GLU_86_A,"VAL_85_A,GLY_87_A,VAL_89_A"
GLY_87_A,"ARG_84_A,GLU_86_A,ASN_88_A"
ASN_88_A,"GLY_87_A,VAL_89_A,PHE_187_A"
VAL_89_A,"VAL_85_A,GLU_86_A,ASN_88_A,TRP_90_A,PHE_143_A"
TRP_90_A,"VAL_89_A,ARG_91_A,ALA_185_A,PRO_192_A"
ARG_91_A,"GLN_83_A,VAL_85_A,TRP_90_A,CYS_92_A,THR_182_A,TYR_184_A"
CYS_92_A,"ARG_91_A,GLN_93_A,ILE_183_A"
GLN_93_A,"CYS_92_A,LEU_94_A"
LEU_94_A,"GLN_93_A,PHE_99_A,THR_181_A,ILE_199_A"
PRO_95_A,"ASN_96_A,PHE_98_A"
ASN_96_A,"PRO_95_A,SER_97_A,ASP_177_A,GLU_179_A,THR_181_A"
SER_97_A,"ASN_96_A,PHE_98_A"
PHE_98_A,"GLU_77_A,PRO_95_A,SER_97_A,PHE_99_A"
PHE_99_A,"LEU_94_A,PHE_98_A,GLY_100_A,TYR_105_A"
GLY_100_A,"PHE_99_A,GLU_101_A"
GLU_101_A,"GLY_100_A,PHE_102_A"
PHE_102_A,"GLU_101_A,ASN_103_A,LEU_123_A,ARG_203_A,ALA_227_A"
ASN_103_A,"PHE_102_A,TYR_105_A,LYS_106_A,GLU_107_A,THR_181_A"
PRO_104_A,TYR_105_A
TYR_105_A,"PHE_99_A,ASN_103_A,PRO_104_A,LYS_106_A,TRP_172_A,ALA_174_A,VAL_176_A,ILE_183_A,ASN_200_A"
LYS_106_A,"ASN_103_A,TYR_105_A,GLU_107_A"
GLU_107_A,"ASN_103_A,LYS_106_A,GLU_108_A,LEU_123_A"
GLU_108_A,"GLU_107_A,VAL_109_A,LYS_120_A,HIS_122_A"
VAL_109_A,"GLU_108_A,PHE_110_A,LEU_114_A,LYS_121_A"
PHE_110_A,"VAL_109_A,GLY_111_A"
GLY_111_A,"PHE_110_A,ASP_112_A"
ASP_112_A,"GLY_111_A,TRP_113_A,TRP_230_A,THR_234_A,ARG_277_A,SER_278_A"
TRP_113_A,"ASP_112_A,LEU_114_A,PRO_233_A,THR_234_A,HIS_352_A"
LEU_114_A,"VAL_109_A,TRP_113_A,LEU_115_A"
LEU_115_A,"LEU_114_A,THR_116_A,VAL_117_A,TYR_350_A"
THR_116_A,"LEU_115_A,VAL_117_A,TYR_350_A"
VAL_117_A,"LEU_115_A,THR_116_A,ASN_118_A,LYS_120_A"
ASN_118_A,"VAL_117_A,GLU_119_A"
GLU_119_A,"ASN_118_A,LYS_120_A,LYS_121_A,THR_137_A,ASP_141_A"
LYS_120_A,"GLU_108_A,VAL_117_A,GLU_119_A,LYS_121_A"
LYS_121_A,"VAL_109_A,GLU_119_A,LYS_120_A,HIS_122_A,GLU_135_A,GLU_348_A"
HIS_122_A,"GLU_108_A,LYS_121_A,LEU_123_A,GLU_135_A"
LEU_123_A,"PHE_102_A,GLU_107_A,HIS_122_A,GLY_124_A"
GLY_124_A,"LEU_123_A,ASP_125_A,LYS_260_A"
ASP_125_A,"GLY_124_A,VAL_126_A,ASN_200_A,ASP_258_A,LYS_260_A,LYS_346_A,GLU_348_A"
VAL_126_A,"ASP_125_A,TYR_127_A,PHE_133_A,TRP_172_A"
TYR_127_A,"VAL_126_A,LEU_128_A,GLU_198_A,ASN_200_A,HIS_225_A"
LEU_128_A,"TYR_127_A,ASN_129_A,MET_131_A,PHE_133_A,TYR_170_A,GLU_195_A"
ASN_129_A,"LEU_128_A,GLY_130_A,PHE_196_A"
GLY_130_A,"ASN_129_A,MET_131_A"
MET_131_A,"LEU_128_A,GLY_130_A,SER_132_A,TYR_170_A"
SER_132_A,"MET_131_A,PHE_133_A,GLN_167_A,LYS_346_A"
PHE_133_A,"VAL_126_A,LEU_128_A,SER_132_A,TYR_134_A,TYR_170_A,PHE_187_A,LYS_346_A"
TYR_134_A,"PHE_133_A,GLU_135_A,THR_168_A,TYR_170_A,LYS_346_A"
GLU_135_A,"LYS_121_A,HIS_122_A,TYR_134_A,VAL_136_A,TRP_172_A,LYS_260_A,GLU_348_A"
VAL_136_A,"GLU_135_A,THR_137_A,ASP_141_A,VAL_171_A,TRP_172_A"
THR_137_A,"GLU_119_A,VAL_136_A,ASN_138_A"
ASN_138_A,"THR_137_A,TYR_139_A,ASP_141_A"
TYR_139_A,"ASN_138_A,GLU_140_A,LEU_142_A,PHE_143_A"
GLU_140_A,"TYR_139_A,ASP_141_A"
ASP_141_A,"GLU_119_A,VAL_136_A,ASN_138_A,GLU_140_A,LEU_142_A"
LEU_142_A,"TYR_139_A,ASP_141_A,PHE_143_A,TYR_173_A,TYR_184_A"
PHE_143_A,"VAL_89_A,TYR_139_A,LEU_142_A,ASN_144_A"
ASN_144_A,PHE_143_A
PRO_145_A,GLN_146_A
GLN_146_A,"PRO_145_A,LEU_147_A"
LEU_147_A,"GLN_146_A,ARG_148_A,LYS_169_A"
ARG_148_A,"LEU_147_A,THR_149_A,ILE_162_A,THR_168_A"
THR_149_A,"ARG_148_A,GLU_150_A,ILE_162_A"
GLU_150_A,"THR_149_A,VAL_151_A,ILE_159_A"
VAL_151_A,"GLU_150_A,LEU_152_A,VAL_160_A,ILE_162_A"
LEU_152_A,"VAL_151_A,ASP_153_A,ILE_159_A"
ASP_153_A,"LEU_152_A,HIS_154_A,THR_156_A,GLN_157_A,LYS_158_A,ARG_347_A,ARG_400_A"
HIS_154_A,"ASP_153_A,TRP_155_A,GLN_157_A,ARG_347_A,TYR_350_A"
TRP_155_A,"HIS_154_A,THR_156_A,PHE_403_A"
THR_156_A,"ASP_153_A,TRP_155_A,GLN_157_A"
GLN_157_A,"ASP_153_A,HIS_154_A,THR_156_A,LYS_158_A"
LYS_158_A,"ASP_153_A,GLN_157_A,ILE_159_A"
ILE_159_A,"GLU_150_A,LEU_152_A,LYS_158_A,VAL_160_A"
VAL_160_A,"VAL_151_A,ILE_159_A"
PRO_161_A,ILE_162_A
ILE_162_A,"ARG_148_A,THR_149_A,VAL_151_A,PRO_161_A,LYS_163_A"
LYS_163_A,"ILE_162_A,ASN_164_A,ASN_342_A,LEU_345_A,ASP_374_A"
ASN_164_A,"LYS_163_A,ALA_165_A"
ALA_165_A,"ASN_164_A,GLU_166_A,THR_168_A"
GLU_166_A,"ALA_165_A,GLN_167_A,LYS_169_A"
GLN_167_A,"SER_132_A,GLU_166_A,THR_168_A,LYS_169_A,TYR_170_A"
THR_168_A,"TYR_134_A,ARG_148_A,ALA_165_A,GLN_167_A,LYS_169_A"
LYS_169_A,"LEU_147_A,GLU_166_A,GLN_167_A,THR_168_A,TYR_170_A,GLN_188_A"
TYR_170_A,"LEU_128_A,MET_131_A,PHE_133_A,TYR_134_A,GLN_167_A,LYS_169_A,VAL_171_A,GLN_188_A"
VAL_171_A,"VAL_136_A,TYR_170_A,TRP_172_A,ASN_186_A"
TRP_172_A,"TYR_105_A,VAL_126_A,GLU_135_A,VAL_136_A,VAL_171_A,TYR_173_A,ALA_174_A"
TYR_173_A,"LEU_142_A,TRP_172_A,ALA_174_A,GLU_175_A,TYR_184_A"
ALA_174_A,"TYR_105_A,TRP_172_A,TYR_173_A,GLU_175_A"
GLU_175_A,"TYR_173_A,ALA_174_A,VAL_176_A,THR_182_A"
VAL_176_A,"TYR_105_A,GLU_175_A,ASP_177_A"
ASP_177_A,"ASN_96_A,VAL_176_A,ARG_178_A,GLU_179_A,LYS_180_A"
ARG_178_A,"ASP_177_A,GLU_179_A"
GLU_179_A,"ASN_96_A,ASP_177_A,ARG_178_A,LYS_180_A"
LYS_180_A,"ASP_177_A,GLU_179_A,THR_181_A"
THR_181_A,"LEU_94_A,ASN_96_A,ASN_103_A,LYS_180_A,THR_182_A"
THR_182_A,"ARG_91_A,GLU_175_A,THR_181_A,ILE_183_A,TYR_184_A"
ILE_183_A,"CYS_92_A,TYR_105_A,THR_182_A,TYR_184_A"
TYR_184_A,"ARG_91_A,LEU_142_A,TYR_173_A,THR_182_A,ILE_183_A,ALA_185_A"
ALA_185_A,"TRP_90_A,TYR_184_A,ASN_186_A,PHE_187_A"
ASN_186_A,"VAL_171_A,ALA_185_A,PHE_187_A,GLN_188_A"
PHE_187_A,"TRP_82_A,ASN_88_A,PHE_133_A,ALA_185_A,ASN_186_A,GLN_188_A,GLY_189_A,PRO_192_A,VAL_197_A"
GLN_188_A,"LYS_169_A,TYR_170_A,ASN_186_A,PHE_187_A,GLY_189_A"
GLY_189_A,"PHE_187_A,GLN_188_A,ALA_190_A"
ALA_190_A,"GLY_189_A,ASP_191_A"
ASP_191_A,"ALA_190_A,ASN_193_A,GLU_194_A,GLU_195_A"
PRO_192_A,"TRP_82_A,TRP_90_A,PHE_187_A,ASN_193_A"
ASN_193_A,"TRP_82_A,ASP_191_A,PRO_192_A,GLU_194_A"
GLU_194_A,"ASP_191_A,ASN_193_A,GLU_195_A"
GLU_195_A,"ARG_78_A,LEU_128_A,ASP_191_A,GLU_194_A,PHE_196_A"
PHE_196_A,"ASN_129_A,GLU_195_A,VAL_197_A,GLU_198_A"
VAL_197_A,"ILE_79_A,TRP_82_A,PHE_187_A,PHE_196_A,GLU_198_A"
GLU_198_A,"ARG_45_A,LYS_74_A,TYR_127_A,PHE_196_A,VAL_197_A,ILE_199_A,HIS_225_A"
ILE_199_A,"ILE_79_A,LEU_94_A,GLU_198_A,ASN_200_A"
ASN_200_A,"TYR_105_A,ASP_125_A,TYR_127_A,ILE_199_A,VAL_201_A"
VAL_201_A,"GLU_77_A,ASN_200_A,ARG_202_A"
ARG_202_A,"ARG_45_A,LYS_74_A,GLY_75_A,SER_76_A,GLU_77_A,VAL_201_A,ARG_203_A"
ARG_203_A,"PHE_102_A,ARG_202_A,SER_204_A,ASP_236_A"
SER_204_A,"ARG_203_A,CYS_205_A,GLY_239_A"
CYS_205_A,"VAL_48_A,SER_204_A,PHE_206_A,LEU_240_A"
PHE_206_A,"VAL_48_A,PRO_50_A,TYR_63_A,CYS_205_A,TYR_207_A,VAL_218_A"
TYR_207_A,"TRP_47_A,PHE_206_A,ASN_244_A"
PRO_208_A,"VAL_209_A,ILE_213_A,ASN_244_A,TRP_249_A"
VAL_209_A,"LYS_49_A,PRO_208_A,GLU_210_A"
GLU_210_A,"VAL_209_A,THR_211_A"
THR_211_A,"GLU_210_A,GLY_212_A"
GLY_212_A,"THR_211_A,ILE_213_A,ASP_214_A,TRP_245_A"
ILE_213_A,"PRO_208_A,GLY_212_A,ASP_214_A,TRP_249_A"
ASP_214_A,"LYS_53_A,GLY_54_A,GLY_212_A,ILE_213_A,TYR_215_A,LYS_247_A"
TYR_215_A,"ASP_214_A,ILE_216_A,LYS_247_A"
ILE_216_A,"TYR_63_A,TYR_215_A,THR_217_A,TRP_249_A,ILE_250_A"
THR_217_A,"ILE_61_A,TYR_63_A,ILE_216_A,VAL_218_A"
VAL_218_A,"PHE_206_A,THR_217_A,LYS_219_A,PHE_221_A,MET_223_A,ILE_250_A,GLU_252_A"
LYS_219_A,"TYR_63_A,LYS_64_A,VAL_218_A,GLY_220_A,GLU_252_A,ASP_253_A"
GLY_220_A,"LYS_219_A,PHE_221_A"
PHE_221_A,"VAL_71_A,VAL_218_A,GLY_220_A,GLU_222_A,MET_223_A,ASN_254_A,ILE_255_A"
GLU_222_A,"LYS_70_A,VAL_71_A,ILE_73_A,LYS_74_A,PHE_221_A,MET_223_A,HIS_257_A"
MET_223_A,"ILE_73_A,VAL_218_A,PHE_221_A,GLU_222_A,ALA_224_A,LEU_240_A,ILE_255_A,HIS_257_A"
ALA_224_A,"MET_223_A,HIS_225_A"
HIS_225_A,"ARG_45_A,LYS_74_A,SER_76_A,TYR_127_A,GLU_198_A,ALA_224_A,ALA_226_A,HIS_257_A,ASP_258_A"
ALA_226_A,"HIS_225_A,ALA_227_A,LEU_240_A,LYS_260_A"
ALA_227_A,"PHE_102_A,ALA_226_A,THR_228_A"
THR_228_A,"ALA_227_A,CYS_261_A"
PRO_229_A,"TRP_230_A,PRO_238_A"
TRP_230_A,"ASP_112_A,PRO_229_A,ALA_231_A,GLU_353_A"
ALA_231_A,"TRP_230_A,GLN_321_A"
PRO_232_A,ALA_235_A
PRO_233_A,"TRP_113_A,THR_234_A,HIS_327_A"
THR_234_A,"ASP_112_A,TRP_113_A,PRO_233_A,ALA_235_A,ASN_275_A,GLN_289_A"
ALA_235_A,"PRO_232_A,THR_234_A,ASP_236_A"
ASP_236_A,"ARG_203_A,ALA_235_A,GLN_237_A"
GLN_237_A,"ASP_236_A,SER_265_A,HIS_327_A"
PRO_238_A,"PRO_229_A,GLY_239_A"
GLY_239_A,"SER_204_A,PRO_238_A,LEU_240_A"
LEU_240_A,"CYS_205_A,MET_223_A,ALA_226_A,GLY_239_A,ILE_241_A,ALA_263_A"
ILE_241_A,"LEU_240_A,GLY_242_A,ILE_264_A"
GLY_242_A,ILE_241_A
PRO_243_A,"ASN_244_A,SER_246_A,TRP_249_A"
ASN_244_A,"TYR_207_A,PRO_208_A,PRO_243_A,TRP_245_A"
TRP_245_A,"GLY_212_A,ASN_244_A,SER_246_A,GLU_269_A,ILE_306_A"
SER_246_A,"PRO_243_A,TRP_245_A,LYS_247_A,GLY_307_A"
LYS_247_A,"ASP_214_A,TYR_215_A,SER_246_A,GLY_248_A,LYS_303_A"
GLY_248_A,"ARG_60_A,LYS_247_A,TRP_249_A,GLY_307_A"
TRP_249_A,"PRO_208_A,ILE_213_A,ILE_216_A,PRO_243_A,GLY_248_A,ILE_250_A,HIS_309_A,ILE_310_A"
ILE_250_A,"ILE_216_A,VAL_218_A,TRP_249_A,ILE_251_A"
ILE_251_A,"ILE_250_A,GLU_252_A,ILE_310_A,ASN_314_A"
GLU_252_A,"VAL_218_A,LYS_219_A,ILE_251_A,ASP_253_A,ARG_312_A"
ASP_253_A,"LYS_219_A,GLU_252_A,ASN_254_A"
ASN_254_A,"PHE_221_A,ASP_253_A,ILE_255_A,ASN_314_A,THR_315_A"
ILE_255_A,"PHE_221_A,MET_223_A,ASN_254_A,ILE_256_A"
ILE_256_A,"ILE_255_A,HIS_257_A,THR_315_A"
HIS_257_A,"GLU_222_A,MET_223_A,HIS_225_A,ILE_256_A,ASP_258_A,TYR_317_A,ASP_318_A"
ASP_258_A,"ASP_125_A,HIS_225_A,HIS_257_A,ALA_259_A,ASP_318_A"
ALA_259_A,"ASP_258_A,LYS_260_A"
LYS_260_A,"GLY_124_A,ASP_125_A,GLU_135_A,ALA_226_A,ALA_259_A,CYS_261_A,LYS_346_A,GLU_348_A"
CYS_261_A,"THR_228_A,LYS_260_A,SER_262_A,GLN_321_A"
SER_262_A,"CYS_261_A,ALA_263_A,ASN_322_A"
ALA_263_A,"LEU_240_A,SER_262_A,ILE_264_A,ILE_316_A"
ILE_264_A,"ILE_241_A,ALA_263_A,SER_265_A,ILE_311_A,ILE_316_A,ALA_323_A,VAL_325_A"
SER_265_A,"GLN_237_A,ILE_264_A,ILE_266_A"
ILE_266_A,"SER_265_A,GLY_267_A,VAL_325_A,GLY_330_A"
GLY_267_A,"ILE_266_A,LYS_268_A"
LYS_268_A,"GLY_267_A,GLU_269_A,THR_272_A,GLY_273_A,HIS_327_A"
GLU_269_A,"TRP_245_A,LYS_268_A,ALA_270_A,THR_271_A"
ALA_270_A,"GLU_269_A,THR_271_A,GLY_273_A"
THR_271_A,"GLU_269_A,ALA_270_A,THR_272_A"
THR_272_A,"LYS_268_A,THR_271_A,GLY_273_A"
GLY_273_A,"LYS_268_A,ALA_270_A,THR_272_A,ASN_274_A"
ASN_274_A,"GLY_273_A,ASN_275_A"
ASN_275_A,"THR_234_A,ASN_274_A,TYR_276_A,ILE_279_A"
TYR_276_A,"ASN_275_A,ARG_277_A,ARG_280_A,TYR_288_A"
ARG_277_A,"ASP_112_A,TYR_276_A,SER_278_A,LYS_281_A"
SER_278_A,"ASP_112_A,ARG_277_A,ILE_279_A"
ILE_279_A,"ASN_275_A,SER_278_A,ARG_280_A"
ARG_280_A,"TYR_276_A,ILE_279_A,LYS_281_A,ASP_282_A"
LYS_281_A,"ARG_277_A,ARG_280_A,ASP_282_A"
ASP_282_A,"ARG_280_A,LYS_281_A,LYS_283_A,TYR_288_A"
LYS_283_A,"ASP_282_A,TYR_288_A,GLU_291_A"
PRO_284_A,"GLY_285_A,GLN_287_A,TYR_288_A"
GLY_285_A,"PRO_284_A,TYR_286_A,GLN_289_A"
TYR_286_A,"GLY_285_A,GLN_287_A,LEU_290_A,TRP_383_A,ARG_450_A,SER_451_A"
GLN_287_A,"PRO_284_A,TYR_286_A,TYR_288_A"
TYR_288_A,"TYR_276_A,ASP_282_A,LYS_283_A,PRO_284_A,GLN_287_A,GLN_289_A,ALA_292_A"
GLN_289_A,"THR_234_A,GLY_285_A,TYR_288_A,LEU_290_A"
LEU_290_A,"TYR_286_A,GLN_289_A,GLU_291_A"
GLU_291_A,"LYS_283_A,LEU_290_A,ALA_292_A,ASN_295_A"
ALA_292_A,"TYR_288_A,GLU_291_A,VAL_293_A,ALA_296_A"
VAL_293_A,"ALA_292_A,PHE_294_A,LYS_297_A"
PHE_294_A,"VAL_293_A,ASN_295_A,ARG_298_A"
ASN_295_A,"GLU_291_A,PHE_294_A,ALA_296_A"
ALA_296_A,"ALA_292_A,ASN_295_A,LYS_297_A,ASN_299_A,TRP_301_A,LEU_328_A"
LYS_297_A,"VAL_293_A,ALA_296_A,ARG_298_A,THR_460_A,GLU_461_A"
ARG_298_A,"PHE_294_A,LYS_297_A,ASN_299_A"
ASN_299_A,"ALA_296_A,ARG_298_A,GLY_300_A,LYS_305_A"
GLY_300_A,"ASN_299_A,TRP_301_A,SER_302_A"
TRP_301_A,"ALA_296_A,GLY_300_A,SER_302_A,LEU_328_A,VAL_331_A,THR_460_A"
SER_302_A,"GLY_300_A,TRP_301_A,LYS_303_A,ILE_306_A"
LYS_303_A,"LYS_247_A,SER_302_A,GLU_304_A,PHE_332_A,ASP_364_A"
GLU_304_A,"LYS_303_A,LYS_305_A"
LYS_305_A,"ASN_299_A,GLU_304_A,ILE_306_A"
ILE_306_A,"TRP_245_A,SER_302_A,LYS_305_A,GLY_307_A"
GLY_307_A,"SER_246_A,GLY_248_A,ILE_306_A,SER_308_A"
SER_308_A,"GLY_307_A,HIS_309_A,VAL_331_A"
HIS_309_A,"TRP_249_A,SER_308_A,ILE_310_A,GLU_334_A"
ILE_310_A,"TRP_249_A,ILE_251_A,HIS_309_A,ILE_311_A"
ILE_311_A,"ILE_264_A,ILE_310_A,ARG_312_A,GLU_334_A,ASN_338_A"
ARG_312_A,"GLU_252_A,ILE_311_A,ASN_313_A,TYR_336_A"
ASN_313_A,"ARG_312_A,ASN_314_A"
ASN_314_A,"ILE_251_A,ASN_254_A,ASN_313_A,THR_315_A,HIS_339_A"
THR_315_A,"ASN_254_A,ILE_256_A,ASN_314_A,ILE_316_A,TYR_341_A"
ILE_316_A,"ALA_263_A,ILE_264_A,THR_315_A,TYR_317_A,ALA_323_A,HIS_339_A"
TYR_317_A,"HIS_257_A,ILE_316_A,ASP_318_A,TYR_341_A"
ASP_318_A,"HIS_257_A,ASP_258_A,TYR_317_A,CYS_319_A,ASN_342_A"
CYS_319_A,"ASP_318_A,GLY_320_A,ALA_344_A"
GLY_320_A,"CYS_319_A,GLN_321_A"
GLN_321_A,"ALA_231_A,CYS_261_A,GLY_320_A,ASN_322_A"
ASN_322_A,"SER_262_A,GLN_321_A,ALA_323_A,GLU_353_A,ALA_355_A"
ALA_323_A,"ILE_264_A,ILE_316_A,ASN_322_A,ILE_324_A,ILE_340_A,GLY_356_A"
ILE_324_A,"ALA_323_A,VAL_325_A,ILE_335_A,LYS_358_A"
VAL_325_A,"ILE_264_A,ILE_266_A,ILE_324_A,GLY_326_A"
GLY_326_A,"VAL_325_A,HIS_327_A,HIS_360_A"
HIS_327_A,"PRO_233_A,GLN_237_A,LYS_268_A,GLY_326_A,LEU_328_A,GLY_329_A,HIS_360_A,GLU_384_A"
LEU_328_A,"ALA_296_A,TRP_301_A,HIS_327_A,GLY_329_A"
GLY_329_A,"HIS_327_A,LEU_328_A,GLY_330_A"
GLY_330_A,"ILE_266_A,GLY_329_A,VAL_331_A,SER_333_A"
VAL_331_A,"TRP_301_A,SER_308_A,GLY_330_A,PHE_332_A"
PHE_332_A,"LYS_303_A,VAL_331_A,SER_333_A,ILE_363_A"
SER_333_A,"GLY_330_A,PHE_332_A,GLU_334_A,GLN_366_A"
GLU_334_A,"HIS_309_A,ILE_311_A,SER_333_A,ILE_335_A,HIS_368_A"
ILE_335_A,"ILE_324_A,GLU_334_A,TYR_336_A,LEU_359_A,GLN_366_A,HIS_368_A"
TYR_336_A,"ARG_312_A,ILE_335_A,ASN_337_A"
ASN_337_A,"TYR_336_A,ASN_338_A,HIS_369_A"
ASN_338_A,"ILE_311_A,ASN_337_A,HIS_339_A,ASN_370_A,ARG_371_A"
HIS_339_A,"ASN_314_A,ILE_316_A,ASN_338_A,ILE_340_A,TYR_341_A,ARG_371_A,HIS_373_A,ASP_559_A"
ILE_340_A,"ALA_323_A,HIS_339_A,TYR_341_A,ILE_357_A,ARG_371_A"
TYR_341_A,"THR_315_A,TYR_317_A,HIS_339_A,ILE_340_A,ASN_342_A"
ASN_342_A,"LYS_163_A,ASP_318_A,TYR_341_A,ILE_343_A,ASP_374_A"
ILE_343_A,"ASN_342_A,ALA_344_A"
ALA_344_A,"CYS_319_A,ILE_343_A,LEU_345_A,ILE_354_A"
LEU_345_A,"LYS_163_A,ALA_344_A,LYS_346_A"
LYS_346_A,"ASP_125_A,SER_132_A,PHE_133_A,TYR_134_A,LYS_260_A,LEU_345_A,ARG_347_A,GLU_348_A"
ARG_347_A,"ASP_153_A,HIS_154_A,LYS_346_A,GLU_348_A"
GLU_348_A,"LYS_121_A,ASP_125_A,GLU_135_A,LYS_260_A,LYS_346_A,ARG_347_A,PHE_349_A"
PHE_349_A,"GLU_348_A,TYR_350_A"
TYR_350_A,"LEU_115_A,THR_116_A,HIS_154_A,PHE_349_A,GLY_351_A"
GLY_351_A,"TYR_350_A,HIS_352_A"
HIS_352_A,"TRP_113_A,GLY_351_A,GLU_353_A,LYS_358_A,TRP_380_A"
GLU_353_A,"TRP_230_A,ASN_322_A,HIS_352_A,ILE_354_A,LYS_358_A,HIS_360_A,ASP_382_A"
ILE_354_A,"ALA_344_A,GLU_353_A,ALA_355_A"
ALA_355_A,"ASN_322_A,ILE_354_A,GLY_356_A"
GLY_356_A,"ALA_323_A,ALA_355_A,ILE_357_A,LEU_377_A"
ILE_357_A,"ILE_340_A,GLY_356_A,LYS_358_A,LEU_379_A,TRP_380_A"
LYS_358_A,"ILE_324_A,HIS_352_A,GLU_353_A,ILE_357_A,LEU_359_A,HIS_360_A,TRP_380_A,ASP_382_A,GLU_405_A"
LEU_359_A,"ILE_335_A,LYS_358_A,HIS_360_A,TRP_380_A"
HIS_360_A,"GLY_326_A,HIS_327_A,GLU_353_A,LYS_358_A,LEU_359_A,ALA_361_A,ASP_382_A"
ALA_361_A,"HIS_360_A,ALA_362_A,ILE_363_A,TRP_383_A"
ALA_362_A,"ALA_361_A,ILE_363_A,VAL_365_A,THR_388_A"
ILE_363_A,"PHE_332_A,ALA_361_A,ALA_362_A,ASP_364_A,VAL_365_A"
ASP_364_A,"LYS_303_A,ILE_363_A,VAL_365_A,GLN_366_A,GLN_386_A,HIS_458_A"
VAL_365_A,"ALA_362_A,ILE_363_A,ASP_364_A,GLN_366_A,ILE_367_A,ARG_389_A"
GLN_366_A,"SER_333_A,ILE_335_A,ASP_364_A,VAL_365_A,ILE_367_A"
ILE_367_A,"VAL_365_A,GLN_366_A,HIS_368_A,ARG_389_A,SER_391_A,ASN_393_A"
HIS_368_A,"GLU_334_A,ILE_335_A,ILE_367_A,HIS_369_A"
HIS_369_A,"ASN_337_A,HIS_368_A,ASN_370_A,LYS_392_A,ASP_613_A"
ASN_370_A,"ASN_338_A,HIS_369_A,ARG_371_A,ASN_393_A,LEU_394_A"
ARG_371_A,"ASN_338_A,HIS_339_A,ILE_340_A,ASN_370_A,ILE_372_A,HIS_373_A,TYR_396_A,ASP_559_A,GLY_561_A,TRP_638_A"
ILE_372_A,"ARG_371_A,HIS_373_A,LEU_394_A,PHE_395_A"
HIS_373_A,"HIS_339_A,ARG_371_A,ILE_372_A,ASP_374_A,TYR_396_A,ASP_559_A"
ASP_374_A,"LYS_163_A,ASN_342_A,HIS_373_A,CYS_375_A,ASN_397_A,ASN_398_A,ASP_559_A"
CYS_375_A,"ASP_374_A,SER_376_A,ASN_398_A"
SER_376_A,"CYS_375_A,LEU_377_A"
LEU_377_A,"GLY_356_A,SER_376_A,GLY_378_A,TRP_380_A,ARG_400_A"
GLY_378_A,"LEU_377_A,LEU_379_A,ARG_400_A"
LEU_379_A,"ILE_357_A,GLY_378_A,TRP_380_A,VAL_390_A,ASP_401_A,PHE_403_A"
TRP_380_A,"HIS_352_A,ILE_357_A,LYS_358_A,LEU_359_A,LEU_377_A,LEU_379_A,LEU_381_A,PHE_403_A"
LEU_381_A,"TRP_380_A,ASP_382_A,PHE_403_A,GLU_405_A"
ASP_382_A,"GLU_353_A,LYS_358_A,HIS_360_A,LEU_381_A,TRP_383_A,GLU_405_A,ARG_450_A"
TRP_383_A,"TYR_286_A,ALA_361_A,ASP_382_A,GLU_384_A,GLU_405_A,THR_452_A"
GLU_384_A,"HIS_327_A,TRP_383_A,ALA_385_A,GLN_386_A,HIS_455_A"
ALA_385_A,"GLU_384_A,GLN_386_A"
GLN_386_A,"ASP_364_A,GLU_384_A,ALA_385_A,GLY_387_A,HIS_455_A"
GLY_387_A,"GLN_386_A,THR_388_A,PRO_410_A"
THR_388_A,"ALA_362_A,GLY_387_A,ARG_389_A,LEU_412_A"
ARG_389_A,"VAL_365_A,ILE_367_A,THR_388_A,VAL_390_A,LYS_392_A,ASP_414_A,HIS_415_A"
VAL_390_A,"LEU_379_A,ARG_389_A,SER_391_A,LEU_412_A,ASP_414_A,ASN_416_A"
SER_391_A,"ILE_367_A,VAL_390_A,LYS_392_A,ASP_414_A"
LYS_392_A,"HIS_369_A,ARG_389_A,SER_391_A,ASN_393_A,ASP_414_A,HIS_415_A,THR_609_A,ASP_613_A"
ASN_393_A,"ILE_367_A,ASN_370_A,LYS_392_A,LEU_394_A,PHE_395_A,ASN_416_A,ILE_417_A"
LEU_394_A,"ASN_370_A,ILE_372_A,ASN_393_A,PHE_395_A,TYR_396_A"
PHE_395_A,"ILE_372_A,ASN_393_A,LEU_394_A,TYR_396_A,VAL_402_A,ILE_417_A,LEU_418_A,SER_419_A"
TYR_396_A,"ARG_371_A,HIS_373_A,LEU_394_A,PHE_395_A,ASN_397_A,ILE_557_A,ASP_559_A"
ASN_397_A,"ASP_374_A,TYR_396_A,ASN_398_A"
ASN_398_A,"ASP_374_A,CYS_375_A,ASN_397_A,ASN_399_A,ASP_401_A,SER_420_A"
ASN_399_A,"ASN_398_A,ARG_400_A"
ARG_400_A,"ASP_153_A,LEU_377_A,GLY_378_A,ASN_399_A,ASP_401_A,TYR_422_A,ASP_425_A"
ASP_401_A,"LEU_379_A,ASN_398_A,ARG_400_A,VAL_402_A,SER_420_A"
VAL_402_A,"PHE_395_A,ASP_401_A,PHE_403_A,ALA_423_A,ASP_425_A"
PHE_403_A,"TRP_155_A,LEU_379_A,TRP_380_A,LEU_381_A,VAL_402_A,VAL_404_A,GLU_405_A,ASP_425_A,MET_427_A"
VAL_404_A,"PHE_403_A,GLU_405_A,TYR_411_A,ASP_425_A,MET_427_A,SER_428_A"
GLU_405_A,"LYS_358_A,LEU_381_A,ASP_382_A,TRP_383_A,PHE_403_A,VAL_404_A,VAL_406_A,SER_407_A,ARG_450_A"
VAL_406_A,"GLU_405_A,SER_407_A,MET_427_A,VAL_447_A,THR_452_A"
SER_407_A,"GLU_405_A,VAL_406_A,HIS_408_A,GLN_429_A"
HIS_408_A,"SER_407_A,GLY_409_A,GLN_429_A,THR_452_A,VAL_593_A"
GLY_409_A,HIS_408_A
PRO_410_A,"GLY_387_A,TYR_411_A,TYR_597_A"
TYR_411_A,"VAL_404_A,PRO_410_A,LEU_412_A,ALA_432_A,TYR_433_A"
LEU_412_A,"THR_388_A,VAL_390_A,TYR_411_A,VAL_413_A,ILE_434_A,LEU_605_A"
VAL_413_A,"LEU_412_A,ASP_414_A,ALA_432_A,TYR_433_A,ILE_434_A,ASN_436_A"
ASP_414_A,"ARG_389_A,VAL_390_A,SER_391_A,LYS_392_A,VAL_413_A,HIS_415_A"
HIS_415_A,"ARG_389_A,LYS_392_A,ASP_414_A,ASN_416_A,ILE_434_A,LYS_616_A"
ASN_416_A,"VAL_390_A,ASN_393_A,HIS_415_A,ILE_417_A,ASN_436_A"
ILE_417_A,"ASN_393_A,PHE_395_A,ASN_416_A,LEU_418_A"
LEU_418_A,"PHE_395_A,ILE_417_A,SER_419_A,LEU_437_A"
SER_419_A,"PHE_395_A,LEU_418_A,SER_420_A"
SER_420_A,"ASN_398_A,ASP_401_A,SER_419_A,GLU_421_A"
GLU_421_A,"SER_420_A,TYR_422_A,LYS_441_A,LYS_483_A"
TYR_422_A,"ARG_400_A,GLU_421_A,ALA_423_A,ASP_425_A"
ALA_423_A,"VAL_402_A,TYR_422_A,ILE_424_A,LYS_441_A"
ILE_424_A,"ALA_423_A,ASP_425_A,LYS_441_A,ASN_443_A"
ASP_425_A,"ARG_400_A,VAL_402_A,PHE_403_A,VAL_404_A,TYR_422_A,ILE_424_A,ASN_426_A,ASN_443_A,ARG_445_A"
ASN_426_A,"ASP_425_A,MET_427_A,ASN_443_A,ARG_445_A"
MET_427_A,"PHE_403_A,VAL_404_A,VAL_406_A,ASN_426_A,SER_428_A"
SER_428_A,"VAL_404_A,MET_427_A,GLN_429_A"
GLN_429_A,"SER_407_A,HIS_408_A,SER_428_A,GLY_430_A,PHE_467_A,TYR_469_A,GLN_523_A"
GLY_430_A,"GLN_429_A,GLY_431_A,ASP_472_A,TYR_597_A"
GLY_431_A,"GLY_430_A,ALA_432_A,ASP_473_A,ARG_474_A"
ALA_432_A,"TYR_411_A,VAL_413_A,GLY_431_A,TYR_433_A,TYR_597_A"
TYR_433_A,"TYR_411_A,VAL_413_A,ALA_432_A,ILE_434_A,ARG_474_A,PHE_475_A,ASN_478_A"
ILE_434_A,"LEU_412_A,VAL_413_A,HIS_415_A,TYR_433_A,ASN_435_A,TYR_476_A"
ASN_435_A,"ILE_434_A,ASN_436_A,TYR_476_A,ASN_477_A,GLY_623_A"
ASN_436_A,"VAL_413_A,ASN_416_A,ASN_435_A,LEU_437_A,ILE_438_A,ASN_478_A,ILE_479_A"
LEU_437_A,"LEU_418_A,ASN_436_A,ILE_438_A,ILE_479_A"
ILE_438_A,"ASN_436_A,LEU_437_A,ALA_439_A,ILE_479_A,PHE_480_A,ILE_481_A"
ALA_439_A,"ILE_438_A,GLY_440_A,LEU_555_A"
GLY_440_A,"ALA_439_A,LYS_441_A"
LYS_441_A,"GLU_421_A,ALA_423_A,ILE_424_A,GLY_440_A,MET_442_A"
MET_442_A,"LYS_441_A,ASN_443_A,HIS_493_A,TYR_494_A"
ASN_443_A,"ILE_424_A,ASP_425_A,ASN_426_A,MET_442_A,GLN_444_A"
GLN_444_A,"ASN_443_A,ARG_445_A"
ARG_445_A,"ASP_425_A,ASN_426_A,GLN_444_A,LYS_446_A"
LYS_446_A,"ARG_445_A,VAL_447_A,GLU_522_A"
VAL_447_A,"VAL_406_A,LYS_446_A,LEU_448_A,VAL_468_A"
LEU_448_A,"VAL_447_A,ASN_449_A"
ASN_449_A,"LEU_448_A,ARG_450_A"
ARG_450_A,"TYR_286_A,ASP_382_A,GLU_405_A,ASN_449_A,SER_451_A"
SER_451_A,"TYR_286_A,ARG_450_A,THR_452_A"
THR_452_A,"TRP_383_A,VAL_406_A,HIS_408_A,SER_451_A,GLN_453_A,ALA_466_A"
GLN_453_A,"THR_452_A,TYR_454_A"
TYR_454_A,"GLN_453_A,HIS_455_A,ALA_463_A,GLY_464_A,ILE_592_A,VAL_593_A"
HIS_455_A,"GLU_384_A,GLN_386_A,TYR_454_A,LEU_456_A,THR_460_A"
LEU_456_A,"HIS_455_A,GLU_461_A"
PRO_457_A,HIS_458_A
HIS_458_A,"ASP_364_A,PRO_457_A,SER_459_A,GLU_598_A"
SER_459_A,"HIS_458_A,THR_460_A,GLU_461_A"
THR_460_A,"LYS_297_A,TRP_301_A,HIS_455_A,SER_459_A,GLU_461_A"
GLU_461_A,"LYS_297_A,LEU_456_A,SER_459_A,THR_460_A,VAL_462_A"
VAL_462_A,"GLU_461_A,ALA_463_A"
ALA_463_A,"TYR_454_A,VAL_462_A,GLY_464_A"
GLY_464_A,"TYR_454_A,ALA_463_A,PHE_465_A"
PHE_465_A,"GLY_464_A,ALA_466_A"
ALA_466_A,"THR_452_A,PHE_465_A,PHE_467_A"
PHE_467_A,"GLN_429_A,ALA_466_A,VAL_468_A"
VAL_468_A,"VAL_447_A,PHE_467_A,TYR_469_A"
TYR_469_A,"GLN_429_A,VAL_468_A,GLY_470_A"
GLY_470_A,"TYR_469_A,GLY_471_A,GLN_523_A"
GLY_471_A,"GLY_470_A,ASP_472_A"
ASP_472_A,"GLY_430_A,GLY_471_A,ASP_473_A,ARG_474_A,PRO_524_A,ARG_591_A"
ASP_473_A,"GLY_431_A,ASP_472_A,ARG_474_A,TYR_494_A,TYR_526_A"
ARG_474_A,"GLY_431_A,TYR_433_A,ASP_472_A,ASP_473_A,PHE_475_A,TYR_526_A,GLU_588_A"
PHE_475_A,"TYR_433_A,ARG_474_A,TYR_476_A,PHE_480_A,TYR_494_A,TYR_526_A"
TYR_476_A,"ILE_434_A,ASN_435_A,PHE_475_A,ASN_477_A,HIS_582_A"
ASN_477_A,"ASN_435_A,TYR_476_A,ASN_478_A,ASP_580_A,GLY_623_A"
ASN_478_A,"TYR_433_A,ASN_436_A,ASN_477_A,ILE_479_A,ASN_530_A,ALA_531_A"
ILE_479_A,"ASN_436_A,LEU_437_A,ILE_438_A,ASN_478_A,PHE_480_A,PHE_574_A"
PHE_480_A,"ILE_438_A,PHE_475_A,ILE_479_A,ILE_481_A,THR_491_A,ALA_531_A,TYR_532_A,PHE_533_A,ALA_536_A"
ILE_481_A,"ILE_438_A,PHE_480_A,GLY_482_A,PRO_553_A"
GLY_482_A,"ILE_481_A,LYS_483_A,PHE_533_A,ASN_534_A"
LYS_483_A,"GLU_421_A,GLY_482_A,GLU_484_A"
GLU_484_A,"LYS_483_A,GLY_485_A"
GLY_485_A,"GLU_484_A,LEU_486_A"
LEU_486_A,"GLY_485_A,GLU_487_A"
GLU_487_A,"LEU_486_A,ASN_488_A"
ASN_488_A,"GLU_487_A,VAL_489_A,HIS_493_A"
VAL_489_A,"ASN_488_A,GLY_490_A,ALA_536_A,GLU_537_A"
GLY_490_A,"VAL_489_A,THR_491_A"
THR_491_A,"PHE_480_A,GLY_490_A,SER_492_A,TYR_532_A,GLU_537_A,PHE_539_A"
SER_492_A,"THR_491_A,HIS_493_A"
HIS_493_A,"MET_442_A,ASN_488_A,SER_492_A,TYR_494_A"
TYR_494_A,"MET_442_A,ASP_473_A,PHE_475_A,HIS_493_A,ASN_495_A,ASN_496_A,CYS_497_A,VAL_525_A,ILE_527_A"
ASN_495_A,"TYR_494_A,ASN_496_A,GLU_540_A"
ASN_496_A,"TYR_494_A,ASN_495_A,CYS_497_A"
CYS_497_A,"TYR_494_A,ASN_496_A,THR_498_A,LYS_541_A"
THR_498_A,"CYS_497_A,THR_499_A,GLU_503_A,GLU_522_A"
THR_499_A,"THR_498_A,SER_500_A,GLU_503_A,PHE_539_A"
SER_500_A,"THR_499_A,LEU_501_A,GLU_503_A,TYR_504_A"
LEU_501_A,"SER_500_A,GLU_502_A,ILE_505_A"
GLU_502_A,"LEU_501_A,GLU_503_A,GLU_588_A"
GLU_503_A,"THR_498_A,THR_499_A,SER_500_A,GLU_502_A,TYR_504_A,LYS_507_A,LYS_541_A"
TYR_504_A,"SER_500_A,GLU_503_A,ILE_505_A,VAL_521_A"
ILE_505_A,"LEU_501_A,TYR_504_A,GLU_506_A,ASN_509_A"
GLU_506_A,"ILE_505_A,LYS_507_A,GLU_510_A"
LYS_507_A,"GLU_503_A,GLU_506_A,VAL_508_A,GLU_510_A"
VAL_508_A,"LYS_507_A,ASN_509_A,PHE_518_A,VAL_521_A"
ASN_509_A,"ILE_505_A,VAL_508_A,GLU_510_A"
GLU_510_A,"GLU_506_A,LYS_507_A,ASN_509_A,VAL_511_A,ARG_520_A"
VAL_511_A,GLU_510_A
PRO_512_A,GLY_513_A
GLY_513_A,"PRO_512_A,ASP_514_A"
ASP_514_A,"GLY_513_A,LEU_515_A,GLU_517_A"
LEU_515_A,"ASP_514_A,GLY_516_A,PHE_518_A,GLU_519_A"
GLY_516_A,"LEU_515_A,GLU_517_A"
GLU_517_A,"ASP_514_A,GLY_516_A,PHE_518_A,ARG_520_A"
PHE_518_A,"VAL_508_A,LEU_515_A,GLU_517_A,GLU_519_A"
GLU_519_A,"LEU_515_A,PHE_518_A,ARG_520_A"
ARG_520_A,"GLU_510_A,GLU_517_A,GLU_519_A,VAL_521_A"
VAL_521_A,"TYR_504_A,VAL_508_A,ARG_520_A,GLU_522_A"
GLU_522_A,"LYS_446_A,THR_498_A,VAL_521_A,GLN_523_A"
GLN_523_A,"GLN_429_A,GLY_470_A,GLU_522_A,ARG_591_A"
PRO_524_A,"ASP_472_A,VAL_525_A"
VAL_525_A,"TYR_494_A,PRO_524_A,TYR_526_A,ILE_527_A,PHE_539_A"
TYR_526_A,"ASP_473_A,ARG_474_A,PHE_475_A,VAL_525_A,ILE_527_A,GLU_588_A"
ILE_527_A,"TYR_494_A,VAL_525_A,TYR_526_A,ASN_528_A"
ASN_528_A,"ILE_527_A,LYS_529_A,ASP_544_A"
LYS_529_A,"ASN_528_A,ASN_530_A,ASP_544_A,VAL_578_A,ASP_580_A"
ASN_530_A,"ASN_478_A,LYS_529_A,ALA_531_A,TYR_532_A,GLU_542_A"
ALA_531_A,"ASN_478_A,PHE_480_A,ASN_530_A,TYR_532_A,PHE_533_A,ILE_622_A"
TYR_532_A,"PHE_480_A,THR_491_A,ASN_530_A,ALA_531_A,PHE_533_A,PRO_538_A,GLU_542_A,LEU_546_A,LYS_548_A"
PHE_533_A,"PHE_480_A,GLY_482_A,ALA_531_A,TYR_532_A,ASN_534_A,PRO_553_A,LEU_570_A,PRO_571_A"
ASN_534_A,"GLY_482_A,PHE_533_A,GLY_535_A,PHE_551_A"
GLY_535_A,"ASN_534_A,ALA_536_A"
ALA_536_A,"PHE_480_A,VAL_489_A,GLY_535_A,GLU_537_A"
GLU_537_A,"VAL_489_A,THR_491_A,ALA_536_A,LYS_549_A"
PRO_538_A,"TYR_532_A,PHE_539_A"
PHE_539_A,"THR_491_A,THR_499_A,VAL_525_A,PRO_538_A,GLU_540_A,LYS_541_A"
GLU_540_A,"ASN_495_A,PHE_539_A,LYS_541_A"
LYS_541_A,"CYS_497_A,GLU_503_A,PHE_539_A,GLU_540_A,GLU_542_A"
GLU_542_A,"ASN_530_A,TYR_532_A,LYS_541_A,LYS_543_A"
LYS_543_A,"GLU_542_A,ASP_544_A"
ASP_544_A,"ASN_528_A,LYS_529_A,LYS_543_A,ASN_545_A"
ASN_545_A,"ASP_544_A,LEU_546_A"
LEU_546_A,"TYR_532_A,ASN_545_A,VAL_547_A,GLU_573_A"
VAL_547_A,"LEU_546_A,LYS_548_A"
LYS_548_A,"TYR_532_A,VAL_547_A,LYS_549_A,GLU_573_A"
LYS_549_A,"GLU_537_A,LYS_548_A,ASP_550_A"
ASP_550_A,"LYS_549_A,PHE_551_A"
PHE_551_A,"ASN_534_A,ASP_550_A,ASP_552_A,PRO_571_A"
ASP_552_A,"PHE_551_A,LYS_554_A"
PRO_553_A,"ILE_481_A,PHE_533_A,LYS_554_A,LEU_568_A,GLN_569_A"
LYS_554_A,"ASP_552_A,PRO_553_A,LEU_555_A"
LEU_555_A,"ALA_439_A,LYS_554_A,ALA_556_A,LEU_566_A"
ALA_556_A,"LEU_555_A,ILE_557_A,SER_567_A"
ILE_557_A,"TYR_396_A,ALA_556_A,ILE_558_A,VAL_564_A,LEU_566_A"
ILE_558_A,"ILE_557_A,ASP_559_A,TYR_565_A"
ASP_559_A,"HIS_339_A,ARG_371_A,HIS_373_A,ASP_374_A,TYR_396_A,ILE_558_A,GLU_560_A,GLY_561_A"
GLU_560_A,"ASP_559_A,GLY_561_A,GLU_563_A"
GLY_561_A,"ARG_371_A,ASP_559_A,GLU_560_A,ASP_562_A"
ASP_562_A,"GLY_561_A,GLU_563_A"
GLU_563_A,"GLU_560_A,ASP_562_A,VAL_564_A,TYR_565_A,LYS_636_A"
VAL_564_A,"ILE_557_A,GLU_563_A,TYR_565_A,VAL_637_A,TRP_638_A"
TYR_565_A,"ILE_558_A,GLU_563_A,VAL_564_A,LEU_566_A,TYR_634_A"
LEU_566_A,"LEU_555_A,ILE_557_A,TYR_565_A,SER_567_A,ILE_625_A,ILE_635_A,VAL_637_A"
SER_567_A,"ALA_556_A,LEU_566_A,LEU_568_A"
LEU_568_A,"PRO_553_A,SER_567_A,GLN_569_A,ASN_633_A"
GLN_569_A,"PRO_553_A,LEU_568_A,LEU_570_A,ASN_632_A"
LEU_570_A,"PHE_533_A,GLN_569_A,PHE_574_A,GLY_631_A"
PRO_571_A,"PHE_533_A,PHE_551_A,ASP_572_A,PHE_574_A"
ASP_572_A,"PRO_571_A,GLU_573_A,LYS_630_A"
GLU_573_A,"LEU_546_A,LYS_548_A,ASP_572_A,PHE_574_A,ASN_576_A"
PHE_574_A,"ILE_479_A,LEU_570_A,PRO_571_A,GLU_573_A,GLU_575_A,ILE_622_A"
GLU_575_A,"PHE_574_A,ASN_576_A,LYS_630_A"
ASN_576_A,"GLU_573_A,GLU_575_A,ILE_577_A"
ILE_577_A,"ASN_576_A,VAL_578_A"
VAL_578_A,"LYS_529_A,ILE_577_A,GLY_579_A,ASN_619_A"
GLY_579_A,"VAL_578_A,ASP_580_A,SER_620_A"
ASP_580_A,"ASN_477_A,LYS_529_A,GLY_579_A,ILE_581_A,HIS_582_A"
ILE_581_A,"ASP_580_A,HIS_582_A,VAL_606_A,ASP_608_A"
HIS_582_A,"TYR_476_A,ASP_580_A,ILE_581_A,SER_583_A,THR_586_A,LEU_607_A"
SER_583_A,"HIS_582_A,THR_584_A,THR_586_A"
THR_584_A,"SER_583_A,LYS_585_A,TYR_597_A,LEU_605_A"
LYS_585_A,"THR_584_A,THR_586_A,GLU_604_A"
THR_586_A,"HIS_582_A,SER_583_A,LYS_585_A,LEU_587_A"
LEU_587_A,"THR_586_A,GLU_588_A,TYR_597_A"
GLU_588_A,"ARG_474_A,GLU_502_A,TYR_526_A,LEU_587_A,ARG_589_A,GLU_596_A"
ARG_589_A,"GLU_588_A,VAL_590_A,ASP_594_A"
VAL_590_A,"ARG_589_A,ARG_591_A,VAL_593_A"
ARG_591_A,"ASP_472_A,GLN_523_A,VAL_590_A,ILE_592_A"
ILE_592_A,"TYR_454_A,ARG_591_A,VAL_593_A"
VAL_593_A,"HIS_408_A,TYR_454_A,VAL_590_A,ILE_592_A,ASP_594_A"
ASP_594_A,"ARG_589_A,VAL_593_A,ALA_595_A,GLU_596_A"
ALA_595_A,"ASP_594_A,GLU_596_A"
GLU_596_A,"GLU_588_A,ASP_594_A,ALA_595_A,TYR_597_A,GLU_598_A"
TYR_597_A,"PRO_410_A,GLY_430_A,ALA_432_A,THR_584_A,LEU_587_A,GLU_596_A,GLU_598_A"
GLU_598_A,"HIS_458_A,GLU_596_A,TYR_597_A,SER_599_A"
SER_599_A,"GLU_598_A,GLY_602_A,LYS_603_A"
PRO_600_A,ASP_601_A
ASP_601_A,"PRO_600_A,GLY_602_A,LYS_603_A"
GLY_602_A,"SER_599_A,ASP_601_A,LYS_603_A"
LYS_603_A,"SER_599_A,ASP_601_A,GLY_602_A,GLU_604_A"
GLU_604_A,"LYS_585_A,LYS_603_A,LEU_605_A"
LEU_605_A,"LEU_412_A,THR_584_A,GLU_604_A,VAL_606_A"
VAL_606_A,"ILE_581_A,LEU_605_A,LEU_607_A"
LEU_607_A,"HIS_582_A,VAL_606_A,ASP_608_A"
ASP_608_A,"ILE_581_A,LEU_607_A,THR_609_A,LYS_615_A,LYS_616_A"
THR_609_A,"LYS_392_A,ASP_608_A,ASP_610_A"
ASP_610_A,"THR_609_A,TYR_611_A,LEU_612_A,ASP_613_A,ALA_614_A,ALA_626_A"
TYR_611_A,"ASP_610_A,LEU_612_A,PRO_624_A,ILE_625_A,VAL_637_A"
LEU_612_A,"ASP_610_A,TYR_611_A,ASP_613_A"
ASP_613_A,"HIS_369_A,LYS_392_A,ASP_610_A,LEU_612_A,ALA_614_A"
ALA_614_A,"ASP_610_A,ASP_613_A,LYS_615_A"
LYS_615_A,"ASP_608_A,ALA_614_A,LYS_616_A"
LYS_616_A,"HIS_415_A,ASP_608_A,LYS_615_A"
PRO_617_A,GLU_618_A
GLU_618_A,"PRO_617_A,ASN_619_A"
ASN_619_A,"VAL_578_A,GLU_618_A,SER_620_A"
SER_620_A,"GLY_579_A,ASN_619_A,SER_621_A"
SER_621_A,"SER_620_A,ILE_622_A,LEU_628_A"
ILE_622_A,"ALA_531_A,PHE_574_A,SER_621_A,GLY_623_A"
GLY_623_A,"ASN_435_A,ASN_477_A,ILE_622_A"
PRO_624_A,"TYR_611_A,ILE_625_A"
ILE_625_A,"LEU_566_A,TYR_611_A,PRO_624_A,ALA_626_A,LEU_627_A"
ALA_626_A,"ASP_610_A,ILE_625_A,LEU_627_A"
LEU_627_A,"ILE_625_A,ALA_626_A,LEU_628_A"
LEU_628_A,"SER_621_A,LEU_627_A,LYS_629_A,ASN_633_A"
LYS_629_A,"LEU_628_A,LYS_630_A,ASN_633_A"
LYS_630_A,"ASP_572_A,GLU_575_A,LYS_629_A,GLY_631_A"
GLY_631_A,"LEU_570_A,LYS_630_A,ASN_632_A"
ASN_632_A,"GLN_569_A,GLY_631_A,ASN_633_A"
ASN_633_A,"LEU_568_A,LEU_628_A,LYS_629_A,ASN_632_A,TYR_634_A"
TYR_634_A,"TYR_565_A,ASN_633_A,ILE_635_A"
ILE_635_A,"LEU_566_A,TYR_634_A,LYS_636_A"
LYS_636_A,"GLU_563_A,ILE_635_A,VAL_637_A"
VAL_637_A,"VAL_564_A,LEU_566_A,TYR_611_A,LYS_636_A,TRP_638_A"
TRP_638_A,"ARG_371_A,VAL_564_A,VAL_637_A"
