residue_id,neighbors
GLY_2_B,ILE_3_B
ILE_3_B,"GLY_2_B,ARG_4_B,ARG_170_B,ILE_208_B,ILE_219_B"
ARG_4_B,"ILE_3_B,ILE_5_B,GLU_209_B,THR_211_B,LYS_214_B,GLU_218_B,HIS_366_B"
ILE_5_B,"ARG_4_B,THR_6_B,PHE_217_B"
THR_6_B,"ILE_5_B,GLY_7_B,ILE_207_B,GLU_209_B"
GLY_7_B,"THR_6_B,THR_8_B,ILE_207_B"
THR_8_B,"GLY_7_B,GLY_9_B,ASN_109_B,HIS_335_B"
GLY_9_B,"THR_8_B,LEU_10_B,ALA_205_B"
LEU_10_B,"GLY_9_B,PHE_11_B"
PHE_11_B,"LEU_10_B,HIS_12_B,TRP_98_B,ALA_203_B"
HIS_12_B,"PHE_11_B,PRO_13_B,TYR_67_B,GLU_321_B,ARG_336_B"
PRO_13_B,"HIS_12_B,THR_14_B,TRP_98_B"
THR_14_B,"PRO_13_B,GLU_15_B"
GLU_15_B,"THR_14_B,ILE_16_B,GLU_70_B"
ILE_16_B,"GLU_15_B,ILE_17_B,TYR_67_B,LYS_71_B"
ILE_17_B,"ILE_16_B,SER_18_B,ARG_66_B,LYS_71_B,ILE_74_B"
SER_18_B,"ILE_17_B,ASN_19_B,GLU_21_B"
ASN_19_B,"SER_18_B,GLU_20_B,ALA_23_B,ALA_54_B,ILE_63_B"
GLU_20_B,"ASN_19_B,GLU_21_B,ASP_24_B"
GLU_21_B,"SER_18_B,GLU_20_B,LEU_22_B,SER_25_B,LYS_71_B"
LEU_22_B,"GLU_21_B,ALA_23_B,LEU_26_B"
ALA_23_B,"ASN_19_B,LEU_22_B,ASP_24_B,ASN_27_B"
ASP_24_B,"GLU_20_B,ALA_23_B,SER_25_B"
SER_25_B,"GLU_21_B,ASP_24_B,LEU_26_B,LEU_75_B"
LEU_26_B,"LEU_22_B,SER_25_B,ASN_27_B,TYR_29_B,VAL_30_B"
ASN_27_B,"ALA_23_B,LEU_26_B,ALA_28_B,SER_52_B"
ALA_28_B,"ASN_27_B,TYR_29_B,PRO_77_B"
TYR_29_B,"LEU_26_B,ALA_28_B,VAL_30_B,TYR_33_B,LEU_49_B,LEU_80_B,ARG_191_B"
VAL_30_B,"LEU_26_B,TYR_29_B,GLU_31_B,ASN_34_B,LEU_49_B"
GLU_31_B,"VAL_30_B,GLN_32_B,GLN_35_B"
GLN_32_B,"GLU_31_B,TYR_33_B"
TYR_33_B,"TYR_29_B,GLN_32_B,ASN_34_B,ASN_37_B,LEU_49_B"
ASN_34_B,"VAL_30_B,TYR_33_B,GLN_35_B,LEU_49_B"
GLN_35_B,"GLU_31_B,ASN_34_B,GLU_36_B"
GLU_36_B,"GLN_35_B,ASN_37_B,ALA_38_B,GLU_39_B"
ASN_37_B,"TYR_33_B,GLU_36_B,ALA_38_B"
ALA_38_B,"GLU_36_B,ASN_37_B,GLU_39_B"
GLU_39_B,"GLU_36_B,ALA_38_B,LYS_40_B,ALA_42_B,ALA_43_B"
LYS_40_B,"GLU_39_B,ILE_41_B,GLU_45_B,LEU_46_B"
ILE_41_B,"LYS_40_B,ALA_42_B,GLU_48_B"
ALA_42_B,"GLU_39_B,ILE_41_B,ALA_43_B,GLY_44_B"
ALA_43_B,"GLU_39_B,ALA_42_B,GLY_44_B"
GLY_44_B,"ALA_42_B,ALA_43_B,GLU_45_B"
GLU_45_B,"LYS_40_B,GLY_44_B,LEU_46_B"
LEU_46_B,"LYS_40_B,GLU_45_B,GLU_47_B"
GLU_47_B,"LEU_46_B,GLU_48_B"
GLU_48_B,"ILE_41_B,GLU_47_B,LEU_49_B"
LEU_49_B,"TYR_29_B,VAL_30_B,TYR_33_B,ASN_34_B,GLU_48_B,ARG_50_B"
ARG_50_B,"LEU_49_B,GLY_51_B,ARG_193_B"
GLY_51_B,"ARG_50_B,SER_52_B"
SER_52_B,"ASN_27_B,GLY_51_B,SER_53_B,HIS_196_B"
SER_53_B,"SER_52_B,ALA_54_B"
ALA_54_B,"ASN_19_B,SER_53_B,GLU_55_B"
GLU_55_B,"ALA_54_B,PHE_56_B"
PHE_56_B,"GLU_55_B,ILE_57_B,ALA_60_B"
ILE_57_B,"PHE_56_B,GLU_58_B,SER_61_B,PHE_197_B"
GLU_58_B,"ILE_57_B,LYS_59_B,GLY_62_B,LYS_64_B"
LYS_59_B,"GLU_58_B,ALA_60_B"
ALA_60_B,"PHE_56_B,LYS_59_B,SER_61_B"
SER_61_B,"ILE_57_B,ALA_60_B,GLY_62_B,ALA_295_B"
GLY_62_B,"GLU_58_B,SER_61_B,ILE_63_B"
ILE_63_B,"ASN_19_B,GLY_62_B,LYS_64_B,ALA_323_B"
LYS_64_B,"GLU_58_B,ILE_63_B,ARG_65_B,ASP_320_B"
ARG_65_B,"LYS_64_B,ARG_66_B,TYR_67_B,GLU_321_B"
ARG_66_B,"ILE_17_B,ARG_65_B,TYR_67_B,PHE_197_B,ALA_323_B"
TYR_67_B,"HIS_12_B,ILE_16_B,ARG_65_B,ARG_66_B,VAL_68_B,ASP_201_B,GLU_321_B,PHE_322_B"
VAL_68_B,"TYR_67_B,ILE_69_B,ILE_74_B"
ILE_69_B,"VAL_68_B,GLU_70_B,LEU_84_B,ILE_94_B,TRP_98_B,ASP_201_B"
GLU_70_B,"GLU_15_B,ILE_69_B,LYS_71_B,SER_72_B,GLY_73_B,ARG_79_B,ARG_83_B"
LYS_71_B,"ILE_16_B,ILE_17_B,GLU_21_B,GLU_70_B,SER_72_B"
SER_72_B,"GLU_70_B,LYS_71_B,GLY_73_B,ASP_76_B,ARG_83_B"
GLY_73_B,"GLU_70_B,SER_72_B,ILE_74_B,LEU_80_B,ARG_81_B"
ILE_74_B,"ILE_17_B,VAL_68_B,GLY_73_B,LEU_75_B,TYR_190_B"
LEU_75_B,"SER_25_B,ILE_74_B,ASP_76_B"
ASP_76_B,"SER_72_B,LEU_75_B,THR_78_B,LEU_80_B,ARG_83_B"
PRO_77_B,"ALA_28_B,THR_78_B"
THR_78_B,"ASP_76_B,PRO_77_B,ARG_79_B"
ARG_79_B,"GLU_70_B,THR_78_B,LEU_80_B,ARG_81_B,PRO_82_B,ARG_83_B"
LEU_80_B,"TYR_29_B,GLY_73_B,ASP_76_B,ARG_79_B,ARG_81_B"
ARG_81_B,"GLY_73_B,ARG_79_B,LEU_80_B"
PRO_82_B,"ARG_79_B,ARG_83_B"
ARG_83_B,"GLU_70_B,SER_72_B,ASP_76_B,ARG_79_B,PRO_82_B,LEU_84_B"
LEU_84_B,"ILE_69_B,ARG_83_B,SER_85_B"
SER_85_B,"LEU_84_B,GLU_86_B"
GLU_86_B,"SER_85_B,ARG_87_B"
ARG_87_B,"GLU_86_B,SER_88_B,GLU_91_B,LEU_92_B,GLU_97_B"
SER_88_B,"ARG_87_B,ASN_89_B,ASP_90_B,GLU_91_B"
ASN_89_B,"SER_88_B,ASP_90_B"
ASP_90_B,"SER_88_B,ASN_89_B,GLU_91_B"
GLU_91_B,"ARG_87_B,SER_88_B,ASP_90_B,LEU_92_B"
LEU_92_B,"ARG_87_B,GLU_91_B,SER_93_B,GLU_97_B"
SER_93_B,"LEU_92_B,ILE_94_B,GLU_97_B,GLU_137_B"
ILE_94_B,"ILE_69_B,SER_93_B,GLN_95_B,ILE_183_B"
GLN_95_B,"ILE_94_B,ALA_96_B,ASN_126_B,GLN_128_B,VAL_181_B"
ALA_96_B,"GLN_95_B,GLU_97_B,VAL_100_B,ILE_138_B"
GLU_97_B,"ARG_87_B,LEU_92_B,SER_93_B,ALA_96_B,TRP_98_B"
TRP_98_B,"PHE_11_B,PRO_13_B,ILE_69_B,GLU_97_B,GLY_99_B,ASP_201_B"
GLY_99_B,"TRP_98_B,VAL_100_B,ALA_103_B"
VAL_100_B,"ALA_96_B,GLY_99_B,ILE_101_B,LYS_104_B,ALA_141_B,LEU_142_B"
ILE_101_B,"VAL_100_B,ALA_102_B"
ALA_102_B,"ILE_101_B,ALA_103_B,ALA_106_B"
ALA_103_B,"GLY_99_B,ALA_102_B,LYS_104_B,MET_107_B,LEU_142_B,LEU_177_B"
LYS_104_B,"VAL_100_B,ALA_103_B,GLN_105_B,GLU_108_B,LEU_142_B"
GLN_105_B,"LYS_104_B,ALA_106_B,ASN_109_B"
ALA_106_B,"ALA_102_B,GLN_105_B,MET_107_B,ALA_110_B"
MET_107_B,"ALA_103_B,ALA_106_B,GLU_108_B,GLY_111_B,ILE_207_B"
GLU_108_B,"LYS_104_B,MET_107_B,ASN_109_B"
ASN_109_B,"THR_8_B,GLN_105_B,GLU_108_B,ALA_110_B"
ALA_110_B,"ALA_106_B,ASN_109_B,GLY_111_B,ILE_207_B,LYS_214_B"
GLY_111_B,"MET_107_B,ALA_110_B,VAL_112_B"
VAL_112_B,"GLY_111_B,THR_113_B"
THR_113_B,"VAL_112_B,ALA_114_B,GLU_115_B,ASP_116_B"
ALA_114_B,"THR_113_B,GLU_115_B,ASP_116_B"
GLU_115_B,"THR_113_B,ALA_114_B,ASP_116_B,ARG_174_B"
ASP_116_B,"THR_113_B,ALA_114_B,GLU_115_B,ILE_117_B,ARG_174_B,ARG_175_B"
ILE_117_B,"ASP_116_B,ASP_118_B"
ASP_118_B,"ILE_117_B,VAL_119_B,ARG_174_B,ARG_175_B"
VAL_119_B,"ASP_118_B,VAL_120_B,TYR_147_B,LEU_177_B"
VAL_120_B,"VAL_119_B,ILE_121_B"
ILE_121_B,"VAL_120_B,LEU_122_B,TYR_149_B,LEU_177_B,VAL_179_B"
LEU_122_B,"ILE_121_B,ALA_123_B,VAL_134_B,ALA_135_B,MET_151_B"
ALA_123_B,"LEU_122_B,CYS_124_B,MET_151_B,ALA_157_B,LEU_178_B,VAL_179_B,ASN_180_B"
CYS_124_B,"ALA_123_B,SER_125_B"
SER_125_B,"CYS_124_B,ASN_126_B,ASN_152_B,GLU_182_B"
ASN_126_B,"GLN_95_B,SER_125_B,MET_127_B"
MET_127_B,"ASN_126_B,GLN_128_B,ASN_152_B"
GLN_128_B,"GLN_95_B,MET_127_B,ARG_129_B"
ARG_129_B,"GLN_128_B,ALA_130_B,PRO_132_B,GLU_137_B"
ALA_130_B,"ARG_129_B,TYR_131_B"
TYR_131_B,ALA_130_B
PRO_132_B,"ARG_129_B,ALA_133_B"
ALA_133_B,"PRO_132_B,VAL_134_B"
VAL_134_B,"LEU_122_B,ALA_133_B,ALA_135_B,ILE_138_B,ASP_150_B"
ALA_135_B,"LEU_122_B,VAL_134_B,ILE_136_B,GLN_139_B,ASP_150_B"
ILE_136_B,"ALA_135_B,GLU_137_B,SER_140_B"
GLU_137_B,"SER_93_B,ARG_129_B,ILE_136_B,ILE_138_B"
ILE_138_B,"ALA_96_B,VAL_134_B,GLU_137_B,GLN_139_B"
GLN_139_B,"ALA_135_B,ILE_138_B,SER_140_B,ILE_144_B"
SER_140_B,"ILE_136_B,GLN_139_B,ALA_141_B,LEU_142_B,GLY_143_B"
ALA_141_B,"VAL_100_B,SER_140_B,LEU_142_B"
LEU_142_B,"VAL_100_B,ALA_103_B,LYS_104_B,SER_140_B,ALA_141_B,GLY_143_B,LEU_177_B"
GLY_143_B,"SER_140_B,LEU_142_B,ILE_144_B"
ILE_144_B,"GLN_139_B,GLY_143_B,GLN_145_B"
GLN_145_B,"ILE_144_B,GLY_146_B"
GLY_146_B,"GLN_145_B,TYR_147_B"
TYR_147_B,"VAL_119_B,GLY_146_B,ALA_148_B"
ALA_148_B,"TYR_147_B,TYR_149_B"
TYR_149_B,"ILE_121_B,ALA_148_B,ASP_150_B,GLN_164_B"
ASP_150_B,"VAL_134_B,ALA_135_B,TYR_149_B,MET_151_B"
MET_151_B,"LEU_122_B,ALA_123_B,ASP_150_B,ASN_152_B"
ASN_152_B,"SER_125_B,MET_127_B,MET_151_B,VAL_153_B,ALA_154_B"
VAL_153_B,"ASN_152_B,ALA_154_B,PHE_160_B"
ALA_154_B,"ASN_152_B,VAL_153_B,ALA_155_B,SER_156_B"
ALA_155_B,"ALA_154_B,SER_156_B"
SER_156_B,"ALA_154_B,ALA_155_B,ALA_157_B,PHE_160_B,SER_357_B"
ALA_157_B,"ALA_123_B,SER_156_B,ALA_158_B,GLY_161_B"
ALA_158_B,"ALA_157_B,THR_159_B,LEU_162_B,ILE_331_B"
THR_159_B,"ALA_158_B,PHE_160_B,SER_351_B"
PHE_160_B,"VAL_153_B,SER_156_B,THR_159_B,GLY_161_B,GLN_164_B,LEU_224_B,THR_226_B"
GLY_161_B,"ALA_157_B,PHE_160_B,LEU_162_B,ALA_165_B"
LEU_162_B,"ALA_158_B,GLY_161_B,LYS_163_B,ALA_166_B,LEU_178_B,ILE_361_B"
LYS_163_B,"LEU_162_B,GLN_164_B,ASP_167_B,ILE_222_B,LEU_224_B"
GLN_164_B,"TYR_149_B,PHE_160_B,LYS_163_B,ALA_165_B"
ALA_165_B,"GLY_161_B,GLN_164_B,ALA_166_B,VAL_176_B"
ALA_166_B,"LEU_162_B,ALA_165_B,ASP_167_B"
ASP_167_B,"LYS_163_B,ALA_166_B,ALA_168_B,ARG_170_B"
ALA_168_B,"ASP_167_B,ILE_169_B,ALA_173_B"
ILE_169_B,"ALA_168_B,ARG_170_B,GLY_172_B,ILE_208_B,GLU_210_B"
ARG_170_B,"ILE_3_B,ASP_167_B,ILE_169_B,SER_171_B"
SER_171_B,"ARG_170_B,GLY_172_B"
GLY_172_B,"ILE_169_B,SER_171_B,ALA_173_B"
ALA_173_B,"ALA_168_B,GLY_172_B,ARG_174_B"
ARG_174_B,"GLU_115_B,ASP_116_B,ASP_118_B,ALA_173_B,ARG_175_B"
ARG_175_B,"ASP_116_B,ASP_118_B,ARG_174_B,VAL_176_B,GLU_209_B,LYS_214_B"
VAL_176_B,"ALA_165_B,ARG_175_B,LEU_177_B,ILE_208_B"
LEU_177_B,"ALA_103_B,VAL_119_B,ILE_121_B,LEU_142_B,VAL_176_B,LEU_178_B,VAL_179_B"
LEU_178_B,"ALA_123_B,LEU_162_B,LEU_177_B,VAL_179_B,SER_206_B"
VAL_179_B,"ILE_121_B,ALA_123_B,LEU_177_B,LEU_178_B,ASN_180_B,VAL_181_B"
ASN_180_B,"ALA_123_B,VAL_179_B,VAL_181_B,THR_204_B"
VAL_181_B,"GLN_95_B,VAL_179_B,ASN_180_B,GLU_182_B"
GLU_182_B,"SER_125_B,VAL_181_B,ILE_183_B,HIS_187_B,VAL_202_B,SER_327_B"
ILE_183_B,"ILE_94_B,GLU_182_B,THR_184_B,GLY_186_B"
THR_184_B,"ILE_183_B,SER_185_B,HIS_187_B,LEU_188_B,GLY_200_B,ASP_201_B"
SER_185_B,"THR_184_B,GLY_186_B,ASP_201_B"
GLY_186_B,"ILE_183_B,SER_185_B,HIS_187_B"
HIS_187_B,"GLU_182_B,THR_184_B,GLY_186_B,LEU_188_B,PHE_252_B"
LEU_188_B,"THR_184_B,HIS_187_B,ASP_189_B"
ASP_189_B,"LEU_188_B,TYR_190_B,ARG_191_B,ASP_248_B,ARG_253_B"
TYR_190_B,"ILE_74_B,ASP_189_B,ARG_191_B"
ARG_191_B,"TYR_29_B,ASP_189_B,TYR_190_B,ASN_192_B,ASP_248_B,ARG_253_B"
ASN_192_B,"ARG_191_B,ARG_193_B,ASP_194_B,HIS_196_B"
ARG_193_B,"ARG_50_B,ASN_192_B,ASP_194_B"
ASP_194_B,"ASN_192_B,ARG_193_B,CYS_195_B"
CYS_195_B,"ASP_194_B,HIS_196_B"
HIS_196_B,"SER_52_B,ASN_192_B,CYS_195_B,PHE_197_B"
PHE_197_B,"ILE_57_B,ARG_66_B,HIS_196_B,ILE_198_B"
ILE_198_B,"PHE_197_B,PHE_199_B,ASN_324_B"
PHE_199_B,"ILE_198_B,GLY_200_B,PHE_252_B"
GLY_200_B,"THR_184_B,PHE_199_B,ASP_201_B,ASN_324_B"
ASP_201_B,"TYR_67_B,ILE_69_B,TRP_98_B,THR_184_B,SER_185_B,GLY_200_B,VAL_202_B"
VAL_202_B,"GLU_182_B,ASP_201_B,ALA_203_B,THR_325_B,ALA_328_B"
ALA_203_B,"PHE_11_B,VAL_202_B,THR_204_B"
THR_204_B,"ASN_180_B,ALA_203_B,ALA_205_B,ILE_332_B"
ALA_205_B,"GLY_9_B,THR_204_B,SER_206_B"
SER_206_B,"LEU_178_B,ALA_205_B,ILE_207_B"
ILE_207_B,"THR_6_B,GLY_7_B,MET_107_B,ALA_110_B,SER_206_B,ILE_208_B,GLU_209_B"
ILE_208_B,"ILE_3_B,ILE_169_B,VAL_176_B,ILE_207_B,GLU_209_B"
GLU_209_B,"ARG_4_B,THR_6_B,ARG_175_B,ILE_207_B,ILE_208_B,GLU_210_B,LYS_214_B"
GLU_210_B,"ILE_169_B,GLU_209_B,THR_211_B"
THR_211_B,"ARG_4_B,GLU_210_B,THR_212_B"
THR_212_B,"THR_211_B,THR_213_B"
THR_213_B,"THR_212_B,LYS_214_B"
LYS_214_B,"ARG_4_B,ALA_110_B,ARG_175_B,GLU_209_B,THR_213_B,THR_215_B"
THR_215_B,"LYS_214_B,GLY_216_B"
GLY_216_B,"THR_215_B,PHE_217_B,HIS_366_B"
PHE_217_B,"ILE_5_B,GLY_216_B,GLU_218_B,TRP_289_B,LEU_334_B,LYS_365_B"
GLU_218_B,"ARG_4_B,PHE_217_B,ILE_219_B,GLN_364_B,HIS_366_B"
ILE_219_B,"ILE_3_B,GLU_218_B,LEU_220_B,ILE_222_B"
LEU_220_B,"ILE_219_B,ASP_221_B,VAL_362_B,GLN_364_B"
ASP_221_B,"LEU_220_B,ILE_222_B,GLN_274_B,LYS_277_B"
ILE_222_B,"LYS_163_B,ILE_219_B,ASP_221_B,HIS_223_B,LEU_224_B"
HIS_223_B,"ILE_222_B,LEU_224_B,SER_360_B"
LEU_224_B,"PHE_160_B,LYS_163_B,ILE_222_B,HIS_223_B,PHE_225_B"
PHE_225_B,"LEU_224_B,THR_226_B,GLN_227_B,LEU_266_B,VAL_358_B"
THR_226_B,"PHE_160_B,PHE_225_B,GLN_227_B"
GLN_227_B,"PHE_225_B,THR_226_B,PHE_228_B"
PHE_228_B,"GLN_227_B,SER_229_B"
SER_229_B,"PHE_228_B,ASN_230_B"
ASN_230_B,"SER_229_B,ASN_231_B,ARG_233_B"
ASN_231_B,"ASN_230_B,ILE_232_B,ASP_255_B,TYR_356_B"
ILE_232_B,"ASN_231_B,ARG_233_B,PHE_252_B,GLN_254_B,VAL_259_B,ALA_354_B"
ARG_233_B,"ASN_230_B,ILE_232_B,ASN_234_B,ASN_235_B,ARG_253_B"
ASN_234_B,"ARG_233_B,ASN_235_B,PHE_236_B"
ASN_235_B,"ARG_233_B,ASN_234_B,PHE_236_B,ASP_249_B"
PHE_236_B,"ASN_234_B,ASN_235_B,GLY_237_B"
GLY_237_B,"PHE_236_B,PHE_238_B,ASN_240_B"
PHE_238_B,"GLY_237_B,LEU_239_B"
LEU_239_B,"PHE_238_B,ASN_240_B,GLU_243_B"
ASN_240_B,"GLY_237_B,LEU_239_B,ARG_241_B"
ARG_241_B,"ASN_240_B,SER_242_B"
SER_242_B,"ARG_241_B,GLU_243_B"
GLU_243_B,"LEU_239_B,SER_242_B,ASP_244_B,LYS_250_B"
ASP_244_B,"GLU_243_B,ALA_245_B"
ALA_245_B,"ASP_244_B,VAL_246_B"
VAL_246_B,"ALA_245_B,VAL_247_B"
VAL_247_B,"VAL_246_B,ASP_248_B"
ASP_248_B,"ASP_189_B,ARG_191_B,VAL_247_B,ASP_249_B,ARG_253_B"
ASP_249_B,"ASN_235_B,ASP_248_B,LYS_250_B"
LYS_250_B,"GLU_243_B,ASP_249_B,LEU_251_B"
LEU_251_B,"LYS_250_B,PHE_252_B"
PHE_252_B,"HIS_187_B,PHE_199_B,ILE_232_B,LEU_251_B,ARG_253_B,GLN_254_B"
ARG_253_B,"ASP_189_B,ARG_191_B,ARG_233_B,ASP_248_B,PHE_252_B,GLN_254_B"
GLN_254_B,"ILE_232_B,PHE_252_B,ARG_253_B,ASP_255_B"
ASP_255_B,"ASN_231_B,GLN_254_B,GLY_256_B,LYS_258_B"
GLY_256_B,"ASP_255_B,ARG_257_B"
ARG_257_B,"GLY_256_B,LYS_258_B,LYS_261_B"
LYS_258_B,"ASP_255_B,ARG_257_B,VAL_259_B"
VAL_259_B,"ILE_232_B,LYS_258_B,PHE_260_B,VAL_263_B"
PHE_260_B,"VAL_259_B,LYS_261_B,MET_297_B"
LYS_261_B,"ARG_257_B,PHE_260_B,ASP_262_B"
ASP_262_B,"LYS_261_B,VAL_263_B,TYR_356_B"
VAL_263_B,"VAL_259_B,ASP_262_B,CYS_264_B,VAL_267_B,TYR_356_B"
CYS_264_B,VAL_263_B
PRO_265_B,"LEU_266_B,LYS_269_B"
LEU_266_B,"PHE_225_B,PRO_265_B,VAL_267_B,ILE_270_B"
VAL_267_B,"VAL_263_B,LEU_266_B,ALA_268_B,ILE_271_B,ILE_301_B,PHE_352_B"
ALA_268_B,"VAL_267_B,LYS_269_B"
LYS_269_B,"PRO_265_B,ALA_268_B,ILE_270_B,ALA_273_B"
ILE_270_B,"LEU_266_B,LYS_269_B,ILE_271_B,GLN_274_B,VAL_358_B"
ILE_271_B,"VAL_267_B,ILE_270_B,ASN_272_B,LEU_275_B,VAL_305_B"
ASN_272_B,"ILE_271_B,ALA_273_B"
ALA_273_B,"LYS_269_B,ASN_272_B,GLN_274_B"
GLN_274_B,"ASP_221_B,ILE_270_B,ALA_273_B,LEU_275_B,SER_360_B,VAL_362_B"
LEU_275_B,"ILE_271_B,GLN_274_B,GLU_276_B,LEU_280_B,ILE_285_B"
GLU_276_B,"LEU_275_B,LYS_277_B,GLN_279_B"
LYS_277_B,"ASP_221_B,GLU_276_B,MET_278_B"
MET_278_B,"LYS_277_B,GLN_279_B"
GLN_279_B,"GLU_276_B,MET_278_B,LEU_280_B"
LEU_280_B,"LEU_275_B,GLN_279_B,THR_281_B"
THR_281_B,"LEU_280_B,ALA_282_B,ASP_284_B"
ALA_282_B,"THR_281_B,ASN_283_B,ARG_314_B"
ASN_283_B,"ALA_282_B,ASP_284_B"
ASP_284_B,"THR_281_B,ASN_283_B,ILE_285_B"
ILE_285_B,"LEU_275_B,ASP_284_B,LYS_286_B,PHE_288_B,VAL_348_B"
LYS_286_B,"ILE_285_B,ARG_287_B,ASP_342_B,GLU_345_B,TYR_346_B"
ARG_287_B,"LYS_286_B,PHE_288_B,TRP_289_B,ARG_314_B,GLU_340_B,VAL_341_B"
PHE_288_B,"ILE_285_B,ARG_287_B,TRP_289_B,LEU_302_B,ARG_314_B,VAL_348_B"
TRP_289_B,"PHE_217_B,ARG_287_B,PHE_288_B,LEU_290_B,LEU_334_B,THR_337_B,VAL_341_B,VAL_348_B,ILE_349_B"
LEU_290_B,"TRP_289_B,HIS_291_B,GLN_292_B"
HIS_291_B,"LEU_290_B,GLN_292_B,ASN_298_B,SER_350_B,PHE_352_B"
GLN_292_B,"LEU_290_B,HIS_291_B,ALA_293_B,ILE_318_B"
ALA_293_B,"GLN_292_B,ASN_294_B"
ASN_294_B,"ALA_293_B,ALA_295_B,MET_297_B"
ALA_295_B,"SER_61_B,ASN_294_B,ASN_296_B,GLU_299_B"
ASN_296_B,"ALA_295_B,MET_297_B"
MET_297_B,"PHE_260_B,ASN_294_B,ASN_296_B,ASN_298_B,ILE_301_B"
ASN_298_B,"HIS_291_B,MET_297_B,GLU_299_B,LEU_302_B"
GLU_299_B,"ALA_295_B,ASN_298_B,LEU_300_B,LYS_303_B"
LEU_300_B,"GLU_299_B,ILE_301_B"
ILE_301_B,"VAL_267_B,MET_297_B,LEU_300_B,LEU_302_B"
LEU_302_B,"PHE_288_B,ASN_298_B,ILE_301_B,LYS_303_B,ALA_306_B"
LYS_303_B,"GLU_299_B,LEU_302_B,TYR_304_B"
TYR_304_B,"LYS_303_B,VAL_305_B"
VAL_305_B,"ILE_271_B,TYR_304_B,ALA_306_B"
ALA_306_B,"LEU_302_B,VAL_305_B,GLY_307_B,ALA_310_B"
GLY_307_B,"ALA_306_B,LYS_308_B,ALA_310_B"
LYS_308_B,"GLY_307_B,ASP_309_B"
ASP_309_B,"LYS_308_B,ALA_310_B"
ALA_310_B,"ALA_306_B,GLY_307_B,ASP_309_B,ASP_311_B"
ASP_311_B,"ALA_310_B,LEU_312_B,SER_313_B,ARG_314_B"
LEU_312_B,"ASP_311_B,SER_313_B"
SER_313_B,"ASP_311_B,LEU_312_B,ARG_314_B"
ARG_314_B,"ALA_282_B,ARG_287_B,PHE_288_B,ASP_311_B,SER_313_B,ALA_315_B"
ALA_315_B,ARG_314_B
PRO_316_B,"ILE_317_B,THR_337_B"
ILE_317_B,"PRO_316_B,ILE_318_B,LEU_319_B"
ILE_318_B,"GLN_292_B,ILE_317_B,LEU_319_B,GLU_321_B,ILE_332_B"
LEU_319_B,"ILE_317_B,ILE_318_B,ASP_320_B,ALA_323_B"
ASP_320_B,"LYS_64_B,LEU_319_B,GLU_321_B"
GLU_321_B,"HIS_12_B,ARG_65_B,TYR_67_B,ILE_318_B,ASP_320_B,PHE_322_B,ARG_336_B"
PHE_322_B,"TYR_67_B,GLU_321_B,ALA_323_B,ILE_332_B"
ALA_323_B,"ILE_63_B,ARG_66_B,LEU_319_B,PHE_322_B,ASN_324_B"
ASN_324_B,"ILE_198_B,GLY_200_B,ALA_323_B,THR_325_B,SER_326_B"
THR_325_B,"VAL_202_B,ASN_324_B,SER_326_B,ALA_328_B,ILE_332_B"
SER_326_B,"ASN_324_B,THR_325_B,SER_327_B"
SER_327_B,"GLU_182_B,SER_326_B,ALA_328_B"
ALA_328_B,"VAL_202_B,THR_325_B,SER_327_B,GLY_329_B,ILE_331_B,ILE_332_B"
GLY_329_B,"ALA_328_B,VAL_330_B"
VAL_330_B,"GLY_329_B,ILE_331_B,LEU_334_B,ILE_349_B"
ILE_331_B,"ALA_158_B,ALA_328_B,VAL_330_B,ILE_332_B,HIS_335_B"
ILE_332_B,"THR_204_B,ILE_318_B,PHE_322_B,THR_325_B,ALA_328_B,ILE_331_B,ALA_333_B,ARG_336_B"
ALA_333_B,"ILE_332_B,LEU_334_B,THR_337_B"
LEU_334_B,"PHE_217_B,TRP_289_B,VAL_330_B,ALA_333_B,HIS_335_B,GLY_338_B"
HIS_335_B,"THR_8_B,ILE_331_B,LEU_334_B,ARG_336_B"
ARG_336_B,"HIS_12_B,GLU_321_B,ILE_332_B,HIS_335_B,THR_337_B"
THR_337_B,"TRP_289_B,PRO_316_B,ALA_333_B,ARG_336_B,GLY_338_B"
GLY_338_B,"LEU_334_B,THR_337_B,HIS_339_B,LYS_365_B"
HIS_339_B,"GLY_338_B,GLU_340_B"
GLU_340_B,"ARG_287_B,HIS_339_B,VAL_341_B"
VAL_341_B,"ARG_287_B,TRP_289_B,GLU_340_B,ASP_342_B,GLU_345_B,LYS_365_B"
ASP_342_B,"LYS_286_B,VAL_341_B,ASP_343_B,GLU_345_B"
ASP_343_B,"ASP_342_B,GLY_344_B,HIS_366_B,VAL_367_B"
GLY_344_B,"ASP_343_B,GLU_345_B,LYS_365_B"
GLU_345_B,"LYS_286_B,VAL_341_B,ASP_342_B,GLY_344_B,TYR_346_B,LYS_365_B"
TYR_346_B,"LYS_286_B,GLU_345_B,GLY_347_B"
GLY_347_B,"TYR_346_B,VAL_348_B,VAL_363_B"
VAL_348_B,"ILE_285_B,PHE_288_B,TRP_289_B,GLY_347_B,ILE_349_B"
ILE_349_B,"TRP_289_B,VAL_330_B,VAL_348_B,SER_350_B,ILE_361_B"
SER_350_B,"HIS_291_B,ILE_349_B,SER_351_B"
SER_351_B,"THR_159_B,SER_350_B,PHE_352_B,GLY_359_B"
PHE_352_B,"VAL_267_B,HIS_291_B,SER_351_B,GLY_353_B"
GLY_353_B,"PHE_352_B,ALA_354_B,SER_357_B"
ALA_354_B,"ILE_232_B,GLY_353_B,GLY_355_B"
GLY_355_B,"ALA_354_B,TYR_356_B"
TYR_356_B,"ASN_231_B,ASP_262_B,VAL_263_B,GLY_355_B,SER_357_B"
SER_357_B,"SER_156_B,GLY_353_B,TYR_356_B,VAL_358_B"
VAL_358_B,"PHE_225_B,ILE_270_B,SER_357_B,GLY_359_B"
GLY_359_B,"SER_351_B,VAL_358_B,SER_360_B"
SER_360_B,"HIS_223_B,GLN_274_B,GLY_359_B,ILE_361_B"
ILE_361_B,"LEU_162_B,ILE_349_B,SER_360_B,VAL_362_B"
VAL_362_B,"LEU_220_B,GLN_274_B,ILE_361_B,VAL_363_B"
VAL_363_B,"GLY_347_B,VAL_362_B,GLN_364_B"
GLN_364_B,"GLU_218_B,LEU_220_B,VAL_363_B,LYS_365_B"
LYS_365_B,"PHE_217_B,GLY_338_B,VAL_341_B,GLY_344_B,GLU_345_B,GLN_364_B,HIS_366_B"
HIS_366_B,"ARG_4_B,GLY_216_B,GLU_218_B,ASP_343_B,LYS_365_B,VAL_367_B"
VAL_367_B,"ASP_343_B,HIS_366_B"
