residue_id,neighbors
ASN_534_A,VAL_535_A
VAL_535_A,ASN_534_A
PRO_536_A,"THR_537_A,ILE_573_A"
THR_537_A,"PRO_536_A,PHE_538_A"
PHE_538_A,"THR_537_A,GLN_539_A,ALA_620_A,VAL_632_A"
GLN_539_A,"PHE_538_A,LYS_540_A"
LYS_540_A,"GLN_539_A,ASP_541_A,TYR_543_A"
ASP_541_A,"LYS_540_A,ALA_542_A"
ALA_542_A,"ASP_541_A,TYR_543_A"
TYR_543_A,"LYS_540_A,ALA_542_A,VAL_544_A,LEU_560_A,VAL_632_A,PRO_633_A"
VAL_544_A,"TYR_543_A,GLY_545_A"
GLY_545_A,"VAL_544_A,ALA_546_A,THR_635_A,GLU_637_A"
ALA_546_A,"GLY_545_A,LEU_547_A,PHE_639_A"
LEU_547_A,"ALA_546_A,ARG_548_A,ILE_636_A,PHE_639_A"
ARG_548_A,"LEU_547_A,GLU_549_A,GLU_551_A,GLU_641_A"
GLU_549_A,"ARG_548_A,ASN_550_A,ASP_605_A,TYR_606_A,GLU_607_A,ASP_640_A,GLU_641_A,ASP_643_A,ASP_676_A"
ASN_550_A,"GLU_549_A,GLU_551_A,LEU_604_A,ASP_643_A"
GLU_551_A,"ARG_548_A,ASN_550_A,GLU_641_A"
PRO_552_A,SER_553_A
SER_553_A,"PRO_552_A,VAL_554_A"
VAL_554_A,"SER_553_A,THR_555_A,LEU_557_A,VAL_600_A"
THR_555_A,"VAL_554_A,GLN_556_A"
GLN_556_A,"THR_555_A,LEU_557_A"
LEU_557_A,"VAL_554_A,GLN_556_A,VAL_558_A,PHE_587_A,ILE_598_A,ILE_636_A"
VAL_558_A,"LEU_557_A,ARG_559_A,LEU_560_A,ILE_598_A,VAL_634_A"
ARG_559_A,"VAL_558_A,LEU_560_A"
LEU_560_A,"TYR_543_A,VAL_558_A,ARG_559_A,ARG_561_A,GLY_596_A"
ARG_561_A,"LEU_560_A,ALA_562_A,TYR_595_A"
ALA_562_A,"ARG_561_A,THR_563_A,ALA_620_A"
THR_563_A,"ALA_562_A,ASP_564_A"
ASP_564_A,"THR_563_A,GLU_565_A,ASP_566_A,ASP_622_A"
GLU_565_A,"ASP_564_A,ASP_566_A"
ASP_566_A,"ASP_564_A,GLU_565_A,ASP_622_A"
GLN_572_A,ILE_573_A
ILE_573_A,"PRO_536_A,GLN_572_A,THR_574_A,ALA_620_A"
THR_574_A,"ILE_573_A,TYR_575_A,MET_621_A"
TYR_575_A,"THR_574_A,SER_576_A,ILE_589_A,LEU_591_A"
SER_576_A,"TYR_575_A,ILE_577_A,MET_619_A"
ILE_577_A,"SER_576_A,VAL_578_A"
VAL_578_A,"ILE_577_A,SER_579_A,THR_617_A,MET_619_A"
SER_579_A,"VAL_578_A,ALA_580_A"
ALA_580_A,"SER_579_A,SER_581_A,LEU_616_A"
SER_581_A,"ALA_580_A,ALA_582_A,TYR_615_A"
ALA_582_A,"SER_581_A,PHE_583_A"
PHE_583_A,"ALA_582_A,GLY_584_A,TYR_586_A,LEU_604_A"
GLY_584_A,"PHE_583_A,SER_585_A,TYR_586_A,PHE_587_A"
SER_585_A,"GLY_584_A,TYR_586_A"
TYR_586_A,"PHE_583_A,GLY_584_A,SER_585_A,PHE_587_A,ARG_602_A,LEU_604_A"
PHE_587_A,"LEU_557_A,GLY_584_A,TYR_586_A,ASP_588_A"
ASP_588_A,"PHE_587_A,ILE_589_A,SER_599_A"
ILE_589_A,"TYR_575_A,ASP_588_A,SER_590_A"
SER_590_A,"ILE_589_A,LEU_591_A,VAL_597_A"
LEU_591_A,"TYR_575_A,SER_590_A,TYR_592_A"
TYR_592_A,"LEU_591_A,GLU_593_A,TYR_595_A"
GLU_593_A,"TYR_592_A,GLY_594_A"
GLY_594_A,"GLU_593_A,TYR_595_A"
TYR_595_A,"ARG_561_A,TYR_592_A,GLY_594_A,GLY_596_A"
GLY_596_A,"LEU_560_A,TYR_595_A,VAL_597_A"
VAL_597_A,"SER_590_A,GLY_596_A,ILE_598_A"
ILE_598_A,"LEU_557_A,VAL_558_A,VAL_597_A,SER_599_A"
SER_599_A,"ASP_588_A,ILE_598_A,VAL_600_A"
VAL_600_A,"VAL_554_A,SER_599_A,SER_601_A"
SER_601_A,"VAL_600_A,ARG_602_A"
ARG_602_A,"TYR_586_A,SER_601_A"
PRO_603_A,LEU_604_A
LEU_604_A,"ASN_550_A,PHE_583_A,TYR_586_A,PRO_603_A,ASP_605_A"
ASP_605_A,"GLU_549_A,LEU_604_A,TYR_606_A,GLU_607_A,GLN_608_A,ASP_643_A"
TYR_606_A,"GLU_549_A,ASP_605_A,GLU_607_A,ASP_640_A,ARG_677_A"
GLU_607_A,"GLU_549_A,ASP_605_A,TYR_606_A,GLN_608_A,ASP_640_A,ASP_643_A,ASP_676_A"
GLN_608_A,"ASP_605_A,GLU_607_A,ILE_609_A"
ILE_609_A,"GLN_608_A,SER_610_A,ARG_677_A"
SER_610_A,"ILE_609_A,ASN_611_A"
ASN_611_A,"SER_610_A,GLY_612_A"
GLY_612_A,"ASN_611_A,LEU_613_A,VAL_638_A"
LEU_613_A,"GLY_612_A,ILE_614_A"
ILE_614_A,"LEU_613_A,TYR_615_A,ILE_636_A"
TYR_615_A,"SER_581_A,ILE_614_A,LEU_616_A"
LEU_616_A,"ALA_580_A,TYR_615_A,THR_617_A,VAL_634_A"
THR_617_A,"VAL_578_A,LEU_616_A,VAL_618_A"
VAL_618_A,"THR_617_A,MET_619_A,VAL_632_A,VAL_634_A"
MET_619_A,"SER_576_A,VAL_578_A,VAL_618_A,ALA_620_A,MET_621_A,ASN_629_A"
ALA_620_A,"PHE_538_A,ALA_562_A,ILE_573_A,MET_619_A,MET_621_A"
MET_621_A,"THR_574_A,MET_619_A,ALA_620_A,ASP_622_A,PRO_627_A"
ASP_622_A,"ASP_564_A,ASP_566_A,MET_621_A,ALA_623_A,LEU_628_A"
ALA_623_A,"ASP_622_A,GLY_624_A"
GLY_624_A,"ALA_623_A,ASN_625_A"
ASN_625_A,GLY_624_A
PRO_627_A,"MET_621_A,LEU_628_A"
LEU_628_A,"ASP_622_A,PRO_627_A,ASN_629_A"
ASN_629_A,"MET_619_A,LEU_628_A,SER_630_A"
SER_630_A,"ASN_629_A,THR_631_A"
THR_631_A,"SER_630_A,VAL_632_A"
VAL_632_A,"PHE_538_A,TYR_543_A,VAL_618_A,THR_631_A"
PRO_633_A,"TYR_543_A,VAL_634_A"
VAL_634_A,"VAL_558_A,LEU_616_A,VAL_618_A,PRO_633_A,THR_635_A,ILE_636_A"
THR_635_A,"GLY_545_A,VAL_634_A,ILE_636_A"
ILE_636_A,"LEU_547_A,LEU_557_A,ILE_614_A,VAL_634_A,THR_635_A,GLU_637_A"
GLU_637_A,"GLY_545_A,ILE_636_A,VAL_638_A,PHE_639_A"
VAL_638_A,"GLY_612_A,GLU_637_A,PHE_639_A"
PHE_639_A,"ALA_546_A,LEU_547_A,GLU_637_A,VAL_638_A,ASP_640_A"
ASP_640_A,"GLU_549_A,TYR_606_A,GLU_607_A,PHE_639_A,GLU_641_A,ASP_643_A,ASP_676_A,SER_678_A"
GLU_641_A,"ARG_548_A,GLU_549_A,GLU_551_A,ASP_640_A,ASN_642_A,ASP_643_A"
ASN_642_A,"GLU_641_A,ASP_643_A,TYR_681_A,ASP_727_A,ASN_733_A,LYS_735_A"
ASP_643_A,"GLU_549_A,ASN_550_A,ASP_605_A,GLU_607_A,ASP_640_A,GLU_641_A,ASN_642_A,ASN_644_A,ASP_676_A"
ASN_644_A,"ASP_643_A,ASP_676_A"
PRO_646_A,THR_647_A
THR_647_A,"PRO_646_A,PHE_648_A,THR_673_A"
PHE_648_A,"THR_647_A,SER_649_A,ALA_672_A,ALA_725_A"
SER_649_A,"PHE_648_A,LYS_650_A,TYR_653_A"
LYS_650_A,"SER_649_A,TYR_653_A"
PRO_651_A,"ALA_652_A,THR_740_A"
ALA_652_A,"PRO_651_A,TYR_653_A,PHE_654_A"
TYR_653_A,"SER_649_A,LYS_650_A,ALA_652_A,PHE_654_A,LEU_670_A,THR_740_A,ASN_742_A"
PHE_654_A,"ALA_652_A,TYR_653_A,VAL_655_A,ASN_742_A"
VAL_655_A,"PHE_654_A,SER_656_A"
SER_656_A,"VAL_655_A,VAL_657_A"
VAL_657_A,"SER_656_A,VAL_658_A,ILE_661_A,THR_744_A,LEU_746_A"
VAL_658_A,"VAL_657_A,GLU_659_A"
GLU_659_A,"VAL_658_A,ASN_660_A,ASP_712_A,ARG_713_A,GLU_714_A,ASP_747_A,ILE_748_A,ASP_750_A,ASP_783_A"
ASN_660_A,"GLU_659_A,ILE_661_A"
ILE_661_A,"VAL_657_A,ASN_660_A,MET_662_A,LEU_711_A"
MET_662_A,"ILE_661_A,ALA_663_A,ALA_665_A"
ALA_663_A,"MET_662_A,GLY_664_A"
GLY_664_A,"ALA_663_A,ALA_665_A,THR_707_A"
ALA_665_A,"MET_662_A,GLY_664_A,THR_666_A"
THR_666_A,"ALA_665_A,VAL_667_A,PHE_669_A"
VAL_667_A,"THR_666_A,LEU_668_A,ILE_705_A,THR_707_A"
LEU_668_A,"VAL_667_A,PHE_669_A,ILE_705_A"
PHE_669_A,"THR_666_A,LEU_668_A,LEU_670_A"
LEU_670_A,"TYR_653_A,PHE_669_A,ASN_671_A,VAL_723_A"
ASN_671_A,"LEU_670_A,ALA_672_A"
ALA_672_A,"PHE_648_A,ASN_671_A,THR_673_A,GLN_683_A,TYR_688_A,ALA_725_A"
THR_673_A,"THR_647_A,ALA_672_A,ASP_674_A"
ASP_674_A,"THR_673_A,LEU_675_A,ASP_676_A,ASP_727_A"
LEU_675_A,"ASP_674_A,ASP_676_A"
ASP_676_A,"GLU_549_A,GLU_607_A,ASP_640_A,ASP_643_A,ASN_644_A,ASP_674_A,LEU_675_A,ARG_677_A,ASP_727_A"
ARG_677_A,"TYR_606_A,ILE_609_A,ASP_676_A,SER_678_A"
SER_678_A,"ASP_640_A,ARG_677_A,ARG_679_A,GLY_682_A"
ARG_679_A,"SER_678_A,GLU_680_A"
GLU_680_A,"ARG_679_A,TYR_681_A"
TYR_681_A,"ASN_642_A,GLU_680_A,GLY_682_A"
GLY_682_A,"SER_678_A,TYR_681_A,GLN_683_A,SER_685_A"
GLN_683_A,"ALA_672_A,GLY_682_A,GLU_684_A,SER_685_A"
GLU_684_A,"GLN_683_A,SER_685_A,ARG_701_A"
SER_685_A,"GLY_682_A,GLN_683_A,GLU_684_A,ILE_686_A"
ILE_686_A,"SER_685_A,ILE_687_A,ALA_725_A"
ILE_687_A,"ILE_686_A,TYR_688_A,VAL_726_A"
TYR_688_A,"ALA_672_A,ILE_687_A,SER_689_A,ALA_700_A"
SER_689_A,"TYR_688_A,LEU_690_A,ARG_724_A"
LEU_690_A,"SER_689_A,GLU_691_A,ILE_698_A,ILE_705_A"
GLU_691_A,"LEU_690_A,GLY_692_A,ILE_722_A,ARG_724_A"
GLY_692_A,"GLU_691_A,SER_693_A"
SER_693_A,"GLY_692_A,THR_694_A"
THR_694_A,"SER_693_A,GLN_695_A,THR_708_A"
GLN_695_A,"THR_694_A,PHE_696_A,THR_708_A,TYR_719_A"
PHE_696_A,"GLN_695_A,ARG_697_A,TYR_719_A,ILE_743_A"
ARG_697_A,"PHE_696_A,ILE_698_A,GLU_704_A,THR_706_A"
ILE_698_A,"LEU_690_A,ARG_697_A,ASN_699_A,ILE_705_A"
ASN_699_A,"ILE_698_A,ALA_700_A,SER_702_A,GLY_703_A"
ALA_700_A,"TYR_688_A,ASN_699_A,ARG_701_A"
ARG_701_A,"GLU_684_A,ALA_700_A,SER_702_A"
SER_702_A,"ASN_699_A,ARG_701_A,GLY_703_A"
GLY_703_A,"ASN_699_A,SER_702_A,GLU_704_A"
GLU_704_A,"ARG_697_A,GLY_703_A,ILE_705_A,THR_706_A"
ILE_705_A,"VAL_667_A,LEU_668_A,LEU_690_A,ILE_698_A,GLU_704_A,THR_706_A"
THR_706_A,"ARG_697_A,GLU_704_A,ILE_705_A,THR_707_A"
THR_707_A,"GLY_664_A,VAL_667_A,THR_706_A,THR_708_A"
THR_708_A,"THR_694_A,GLN_695_A,THR_707_A,SER_709_A"
SER_709_A,"THR_708_A,LEU_710_A"
LEU_710_A,"SER_709_A,LEU_711_A"
LEU_711_A,"ILE_661_A,LEU_710_A,ASP_712_A"
ASP_712_A,"GLU_659_A,LEU_711_A,ARG_713_A,GLU_714_A,THR_715_A,LYS_716_A,ASP_750_A"
ARG_713_A,"GLU_659_A,ASP_712_A,GLU_714_A,ASP_747_A,ASP_783_A"
GLU_714_A,"GLU_659_A,ASP_712_A,ARG_713_A,THR_715_A,ASP_747_A,ASP_750_A,ASP_783_A"
THR_715_A,"ASP_712_A,GLU_714_A,LYS_716_A"
LYS_716_A,"ASP_712_A,THR_715_A,SER_717_A,TYR_719_A"
SER_717_A,"LYS_716_A,GLU_718_A"
GLU_718_A,"SER_717_A,TYR_719_A"
TYR_719_A,"GLN_695_A,PHE_696_A,LYS_716_A,GLU_718_A,ILE_720_A,ILE_743_A"
ILE_720_A,"TYR_719_A,LEU_721_A"
LEU_721_A,"ILE_720_A,ILE_722_A,VAL_741_A,ILE_743_A"
ILE_722_A,"GLU_691_A,LEU_721_A,VAL_723_A"
VAL_723_A,"LEU_670_A,ILE_722_A,ARG_724_A,ALA_739_A"
ARG_724_A,"SER_689_A,GLU_691_A,VAL_723_A,ALA_725_A"
ALA_725_A,"PHE_648_A,ALA_672_A,ILE_686_A,ARG_724_A,VAL_726_A,GLY_737_A"
VAL_726_A,"ILE_687_A,ALA_725_A,ASP_727_A"
ASP_727_A,"ASN_642_A,ASP_674_A,ASP_676_A,VAL_726_A,GLY_728_A,LYS_735_A"
GLY_728_A,"ASP_727_A,GLY_729_A"
GLY_729_A,"GLY_728_A,VAL_730_A"
VAL_730_A,"GLY_729_A,GLY_731_A"
GLY_731_A,"VAL_730_A,HIS_732_A"
HIS_732_A,"GLY_731_A,ASN_733_A"
ASN_733_A,"ASN_642_A,HIS_732_A,GLN_734_A"
GLN_734_A,"ASN_733_A,LYS_735_A"
LYS_735_A,"ASN_642_A,ASP_727_A,GLN_734_A,THR_736_A"
THR_736_A,"LYS_735_A,GLY_737_A"
GLY_737_A,"ALA_725_A,THR_736_A,ILE_738_A"
ILE_738_A,"GLY_737_A,ALA_739_A"
ALA_739_A,"VAL_723_A,ILE_738_A,THR_740_A"
THR_740_A,"PRO_651_A,TYR_653_A,ALA_739_A,VAL_741_A"
VAL_741_A,"LEU_721_A,THR_740_A,ASN_742_A"
ASN_742_A,"TYR_653_A,PHE_654_A,VAL_741_A,ILE_743_A"
ILE_743_A,"PHE_696_A,TYR_719_A,LEU_721_A,ASN_742_A,THR_744_A"
THR_744_A,"VAL_657_A,ILE_743_A,LEU_745_A"
LEU_745_A,"THR_744_A,LEU_746_A"
LEU_746_A,"VAL_657_A,LEU_745_A,ASP_747_A"
ASP_747_A,"GLU_659_A,ARG_713_A,GLU_714_A,LEU_746_A,ILE_748_A,ASP_750_A,ASP_783_A,LEU_784_A"
ILE_748_A,"GLU_659_A,ASP_747_A,ASN_749_A,ASP_750_A"
ASN_749_A,"ILE_748_A,ASP_750_A,ASN_787_A"
ASP_750_A,"GLU_659_A,ASP_712_A,GLU_714_A,ASP_747_A,ILE_748_A,ASN_749_A,ASN_751_A,ASP_783_A"
ASN_751_A,"ASP_750_A,HIS_752_A"
HIS_752_A,ASN_751_A
PRO_753_A,"THR_754_A,LEU_790_A"
THR_754_A,"PRO_753_A,TRP_755_A,VAL_780_A"
TRP_755_A,"THR_754_A,LYS_756_A,ALA_758_A,VAL_837_A,ALA_851_A"
LYS_756_A,"TRP_755_A,ASP_757_A,TYR_760_A,VAL_778_A"
ASP_757_A,"LYS_756_A,ALA_758_A"
ALA_758_A,"TRP_755_A,ASP_757_A"
PRO_759_A,"TYR_760_A,PHE_854_A"
TYR_760_A,"LYS_756_A,PRO_759_A,TYR_761_A,VAL_777_A,VAL_778_A,THR_852_A,PHE_854_A"
TYR_761_A,"TYR_760_A,ILE_762_A,PHE_854_A"
ILE_762_A,"TYR_761_A,ASN_763_A"
ASN_763_A,"ILE_762_A,LEU_764_A"
LEU_764_A,"ASN_763_A,VAL_765_A"
VAL_765_A,"LEU_764_A,GLU_766_A"
GLU_766_A,"VAL_765_A,MET_767_A,THR_768_A,ARG_819_A"
MET_767_A,"GLU_766_A,THR_768_A,LEU_817_A"
THR_768_A,"GLU_766_A,MET_767_A,THR_812_A"
PRO_769_A,THR_812_A
PRO_770_A,ASP_771_A
ASP_771_A,"PRO_770_A,SER_772_A,ARG_811_A,HIS_814_A"
SER_772_A,"ASP_771_A,ASP_773_A"
ASP_773_A,"SER_772_A,VAL_774_A,LYS_809_A,ARG_811_A"
VAL_774_A,"ASP_773_A,THR_775_A,ILE_810_A,THR_812_A"
THR_775_A,"VAL_774_A,THR_776_A,ILE_810_A"
THR_776_A,"THR_775_A,VAL_777_A"
VAL_777_A,"TYR_760_A,THR_776_A,VAL_778_A,GLY_808_A"
VAL_778_A,"LYS_756_A,TYR_760_A,VAL_777_A,ALA_779_A"
ALA_779_A,"VAL_778_A,VAL_780_A,TYR_792_A,VAL_837_A"
VAL_780_A,"THR_754_A,ALA_779_A,ASP_781_A"
ASP_781_A,"VAL_780_A,ASP_783_A,ASP_839_A"
PRO_782_A,ASP_783_A
ASP_783_A,"GLU_659_A,ARG_713_A,GLU_714_A,ASP_747_A,ASP_750_A,ASP_781_A,PRO_782_A,LEU_784_A,ASN_787_A,ASP_839_A"
LEU_784_A,"ASP_747_A,ASP_783_A,GLY_785_A,ASN_787_A,GLY_788_A"
GLY_785_A,"LEU_784_A,GLU_786_A,THR_789_A"
GLU_786_A,"GLY_785_A,ASN_787_A,ARG_842_A"
ASN_787_A,"ASN_749_A,ASP_783_A,LEU_784_A,GLU_786_A,GLY_788_A"
GLY_788_A,"LEU_784_A,ASN_787_A,THR_789_A"
THR_789_A,"GLY_785_A,GLY_788_A,LEU_790_A"
LEU_790_A,"PRO_753_A,THR_789_A,VAL_791_A"
VAL_791_A,"LEU_790_A,TYR_792_A,THR_838_A"
TYR_792_A,"ALA_779_A,VAL_791_A,SER_793_A,SER_805_A,VAL_837_A"
SER_793_A,"TYR_792_A,ILE_794_A,SER_836_A"
ILE_794_A,"SER_793_A,GLN_795_A"
GLN_795_A,ILE_794_A
PRO_797_A,ASN_798_A
ASN_798_A,"PRO_797_A,LYS_799_A,LEU_829_A"
LYS_799_A,"ASN_798_A,PHE_800_A,THR_813_A,GLU_826_A"
PHE_800_A,"LYS_799_A,TYR_801_A,ALA_815_A,GLU_826_A,LEU_829_A,MET_830_A"
TYR_801_A,"PHE_800_A,SER_802_A,MET_830_A,ILE_833_A"
SER_802_A,"TYR_801_A,LEU_803_A,ARG_811_A"
LEU_803_A,"SER_802_A,ASN_804_A,VAL_835_A"
ASN_804_A,"LEU_803_A,SER_805_A,THR_806_A,GLY_808_A"
SER_805_A,"TYR_792_A,ASN_804_A,THR_806_A"
THR_806_A,"ASN_804_A,SER_805_A,THR_807_A"
THR_807_A,"THR_806_A,GLY_808_A"
GLY_808_A,"VAL_777_A,ASN_804_A,THR_807_A,LYS_809_A"
LYS_809_A,"ASP_773_A,GLY_808_A,ILE_810_A,ARG_811_A"
ILE_810_A,"VAL_774_A,THR_775_A,LYS_809_A,ARG_811_A"
ARG_811_A,"ASP_771_A,ASP_773_A,SER_802_A,LYS_809_A,ILE_810_A,THR_812_A"
THR_812_A,"THR_768_A,PRO_769_A,VAL_774_A,ARG_811_A,THR_813_A"
THR_813_A,"LYS_799_A,THR_812_A,HIS_814_A"
HIS_814_A,"ASP_771_A,THR_813_A,ALA_815_A"
ALA_815_A,"PHE_800_A,HIS_814_A,MET_816_A"
MET_816_A,"ALA_815_A,LEU_817_A"
LEU_817_A,"MET_767_A,MET_816_A,ASP_818_A"
ASP_818_A,"LEU_817_A,ARG_819_A"
ARG_819_A,"GLU_766_A,ASP_818_A,GLU_820_A"
GLU_820_A,"ARG_819_A,ASN_821_A"
ASN_821_A,GLU_820_A
PRO_822_A,ASP_823_A
ASP_823_A,"PRO_822_A,HIS_825_A,GLU_826_A,ALA_827_A"
PRO_824_A,HIS_825_A
HIS_825_A,"ASP_823_A,PRO_824_A,GLU_826_A,GLU_828_A"
GLU_826_A,"LYS_799_A,PHE_800_A,ASP_823_A,HIS_825_A,ALA_827_A"
ALA_827_A,"ASP_823_A,GLU_826_A,GLU_828_A"
GLU_828_A,"HIS_825_A,ALA_827_A,LEU_829_A,LYS_832_A"
LEU_829_A,"ASN_798_A,PHE_800_A,GLU_828_A,MET_830_A"
MET_830_A,"PHE_800_A,TYR_801_A,LEU_829_A,ARG_831_A"
ARG_831_A,"MET_830_A,LYS_832_A"
LYS_832_A,"GLU_828_A,ARG_831_A,ILE_833_A,THR_852_A"
ILE_833_A,"TYR_801_A,LYS_832_A,VAL_834_A,VAL_853_A"
VAL_834_A,"ILE_833_A,VAL_835_A"
VAL_835_A,"LEU_803_A,VAL_834_A,SER_836_A,ALA_851_A"
SER_836_A,"SER_793_A,VAL_835_A,VAL_837_A"
VAL_837_A,"TRP_755_A,ALA_779_A,TYR_792_A,SER_836_A,THR_838_A,ALA_847_A"
THR_838_A,"VAL_791_A,VAL_837_A,ASP_839_A"
ASP_839_A,"ASP_781_A,ASP_783_A,THR_838_A,CYS_840_A,GLY_841_A,LEU_845_A"
CYS_840_A,"ASP_839_A,GLY_841_A"
GLY_841_A,"ASP_839_A,CYS_840_A,ARG_842_A"
ARG_842_A,"GLU_786_A,GLY_841_A"
PRO_844_A,LEU_845_A
LEU_845_A,"ASP_839_A,PRO_844_A,LYS_846_A"
LYS_846_A,"LEU_845_A,ALA_847_A"
ALA_847_A,"VAL_837_A,LYS_846_A,THR_848_A"
THR_848_A,"ALA_847_A,SER_849_A"
SER_849_A,"THR_848_A,SER_850_A"
SER_850_A,"SER_849_A,ALA_851_A"
ALA_851_A,"TRP_755_A,VAL_835_A,SER_850_A,THR_852_A"
THR_852_A,"TYR_760_A,LYS_832_A,ALA_851_A,VAL_853_A,PHE_854_A"
VAL_853_A,"ILE_833_A,THR_852_A,PHE_854_A"
PHE_854_A,"PRO_759_A,TYR_760_A,TYR_761_A,THR_852_A,VAL_853_A,VAL_855_A"
VAL_855_A,"PHE_854_A,ASN_856_A"
ASN_856_A,"VAL_855_A,LEU_857_A"
LEU_857_A,"ASN_856_A,LEU_858_A"
LEU_858_A,LEU_857_A
