residue_id,neighbors
PRO_41_A,GLN_42_A
GLN_42_A,"PRO_41_A,ALA_43_A"
ALA_43_A,"GLN_42_A,GLU_44_A,SER_86_A"
GLU_44_A,"ALA_43_A,THR_45_A"
THR_45_A,"GLU_44_A,LEU_46_A,VAL_50_A,ASP_79_A,ALA_83_A,ALA_84_A"
LEU_46_A,"THR_45_A,LYS_47_A"
LYS_47_A,"LEU_46_A,HIS_48_A,ASP_79_A"
HIS_48_A,"LYS_47_A,LYS_49_A,ASP_79_A,ALA_83_A"
LYS_49_A,"HIS_48_A,VAL_50_A"
VAL_50_A,"THR_45_A,LYS_49_A,SER_51_A"
SER_51_A,"VAL_50_A,ASN_52_A,SER_54_A"
ASN_52_A,"SER_51_A,ASP_53_A"
ASP_53_A,"ASN_52_A,SER_54_A,LYS_110_A"
SER_54_A,"SER_51_A,ASP_53_A,ILE_55_A,ARG_56_A"
ILE_55_A,"SER_54_A,ARG_56_A,ALA_84_A,THR_85_A,LYS_110_A,LEU_354_A"
ARG_56_A,"SER_54_A,ILE_55_A,ILE_57_A,TRP_98_A,GLN_102_A,PRO_109_A,PHE_112_A"
ILE_57_A,"ARG_56_A,ALA_58_A,ILE_74_A,THR_87_A"
ALA_58_A,"ILE_57_A,LEU_59_A,LEU_99_A,ILE_113_A,ALA_115_A"
LEU_59_A,"ALA_58_A,THR_60_A,ILE_74_A,ILE_88_A,ALA_115_A"
THR_60_A,"LEU_59_A,ASP_61_A"
ASP_61_A,"THR_60_A,ASP_63_A,LYS_90_A,GLU_117_A,ARG_141_A"
PRO_62_A,"ASP_63_A,ILE_88_A"
ASP_63_A,"ASP_61_A,PRO_62_A,ASN_64_A,LYS_90_A"
ASN_64_A,ASP_63_A
PRO_65_A,"ARG_66_A,SER_69_A"
ARG_66_A,"PRO_65_A,TRP_67_A,ASP_140_A,ASP_321_A,LYS_341_A,ASP_343_A"
TRP_67_A,"ARG_66_A,ILE_68_A,ALA_70_A,GLN_71_A,ALA_115_A,ASP_140_A"
ILE_68_A,"TRP_67_A,SER_69_A"
SER_69_A,"PRO_65_A,ILE_68_A,ALA_70_A,ASP_73_A"
ALA_70_A,"TRP_67_A,SER_69_A,GLN_71_A,ASP_343_A"
GLN_71_A,"TRP_67_A,ALA_70_A,LYS_72_A,SER_86_A,ILE_88_A"
LYS_72_A,"GLN_71_A,ASP_73_A,SER_76_A"
ASP_73_A,"SER_69_A,LYS_72_A,ILE_74_A,TYR_77_A,ASP_343_A,LYS_344_A"
ILE_74_A,"ILE_57_A,LEU_59_A,ASP_73_A,ILE_75_A,VAL_78_A"
ILE_75_A,"ILE_74_A,SER_76_A,ASP_79_A"
SER_76_A,"LYS_72_A,ILE_75_A,TYR_77_A"
TYR_77_A,"ASP_73_A,SER_76_A,VAL_78_A,LYS_348_A,VAL_351_A"
VAL_78_A,"ILE_74_A,TYR_77_A,ASP_79_A,GLU_80_A,THR_81_A,GLU_82_A,ALA_84_A"
ASP_79_A,"THR_45_A,LYS_47_A,HIS_48_A,ILE_75_A,VAL_78_A,GLU_80_A"
GLU_80_A,"VAL_78_A,ASP_79_A,THR_81_A"
THR_81_A,"VAL_78_A,GLU_80_A,GLU_82_A"
GLU_82_A,"VAL_78_A,THR_81_A,ALA_83_A,LYS_110_A,ARG_355_A"
ALA_83_A,"THR_45_A,HIS_48_A,GLU_82_A,ALA_84_A"
ALA_84_A,"THR_45_A,ILE_55_A,VAL_78_A,ALA_83_A,THR_85_A"
THR_85_A,"ILE_55_A,ALA_84_A,SER_86_A"
SER_86_A,"ALA_43_A,GLN_71_A,THR_85_A,THR_87_A"
THR_87_A,"ILE_57_A,SER_86_A,ILE_88_A,TRP_98_A"
ILE_88_A,"LEU_59_A,PRO_62_A,GLN_71_A,THR_87_A,THR_89_A"
THR_89_A,"ILE_88_A,LYS_90_A"
LYS_90_A,"ASP_61_A,ASP_63_A,THR_89_A,ASN_91_A,GLU_117_A,GLY_250_A"
ASN_91_A,"LYS_90_A,GLN_92_A,ASP_93_A,ALA_94_A"
GLN_92_A,"ASN_91_A,ASP_93_A,GLN_95_A,ASN_96_A,GLU_117_A"
ASP_93_A,"ASN_91_A,GLN_92_A,ALA_94_A"
ALA_94_A,"ASN_91_A,ASP_93_A,GLN_95_A"
GLN_95_A,"GLN_92_A,ALA_94_A,ASN_96_A,ALA_115_A"
ASN_96_A,"GLN_92_A,GLN_95_A,ASN_97_A,THR_100_A,GLY_121_A,THR_124_A"
ASN_97_A,"ASN_96_A,TRP_98_A"
TRP_98_A,"ARG_56_A,THR_87_A,ASN_97_A,LEU_99_A,GLN_102_A"
LEU_99_A,"ALA_58_A,TRP_98_A,THR_100_A,PHE_112_A"
THR_100_A,"ASN_96_A,LEU_99_A,GLN_101_A,ALA_125_A"
GLN_101_A,"THR_100_A,GLN_102_A"
GLN_102_A,"ARG_56_A,TRP_98_A,GLN_101_A,ALA_103_A"
ALA_103_A,"GLN_102_A,ASN_104_A,LEU_105_A"
ASN_104_A,"ALA_103_A,LEU_105_A,LYS_132_A"
LEU_105_A,"ALA_103_A,ASN_104_A,SER_106_A"
SER_106_A,LEU_105_A
PRO_107_A,ALA_108_A
ALA_108_A,"PRO_107_A,ILE_134_A"
PRO_109_A,"ARG_56_A,LYS_110_A"
LYS_110_A,"ASP_53_A,ILE_55_A,GLU_82_A,PRO_109_A,GLY_111_A"
GLY_111_A,"LYS_110_A,PHE_112_A"
PHE_112_A,"ARG_56_A,LEU_99_A,GLY_111_A,ILE_113_A,ILE_129_A"
ILE_113_A,"ALA_58_A,PHE_112_A,ILE_114_A,TYR_139_A,LEU_354_A"
ILE_114_A,"ILE_113_A,ALA_115_A,VAL_137_A,TYR_139_A"
ALA_115_A,"ALA_58_A,LEU_59_A,TRP_67_A,GLN_95_A,ILE_114_A"
PRO_116_A,"GLU_117_A,VAL_122_A,ARG_141_A"
GLU_117_A,"ASP_61_A,LYS_90_A,GLN_92_A,PRO_116_A,ASN_118_A,ARG_141_A,ASP_209_A"
ASN_118_A,"GLU_117_A,GLY_119_A"
GLY_119_A,"ASN_118_A,SER_120_A,GLY_145_A"
SER_120_A,"GLY_119_A,GLY_121_A"
GLY_121_A,"ASN_96_A,SER_120_A,VAL_122_A"
VAL_122_A,"PRO_116_A,GLY_121_A,GLY_123_A,THR_124_A,ALA_125_A,VAL_126_A,ILE_143_A"
GLY_123_A,"VAL_122_A,THR_124_A"
THR_124_A,"ASN_96_A,VAL_122_A,GLY_123_A,ALA_125_A"
ALA_125_A,"THR_100_A,VAL_122_A,THR_124_A,VAL_126_A,ASN_127_A,THR_128_A"
VAL_126_A,"VAL_122_A,ALA_125_A,ASN_127_A,ILE_136_A"
ASN_127_A,"ALA_125_A,VAL_126_A,THR_128_A,ASP_131_A"
THR_128_A,"ALA_125_A,ASN_127_A,ILE_129_A"
ILE_129_A,"PHE_112_A,THR_128_A,ALA_130_A,ILE_136_A"
ALA_130_A,"ILE_129_A,ASP_131_A,LYS_148_A"
ASP_131_A,"ASN_127_A,ALA_130_A,LYS_132_A,LYS_148_A"
LYS_132_A,"ASN_104_A,ASP_131_A,GLY_133_A"
GLY_133_A,"LYS_132_A,ILE_134_A"
ILE_134_A,"ALA_108_A,GLY_133_A"
PRO_135_A,"ILE_136_A,LEU_357_A,ILE_358_A"
ILE_136_A,"VAL_126_A,ILE_129_A,PRO_135_A,VAL_137_A"
VAL_137_A,"ILE_114_A,ILE_136_A,ALA_138_A,VAL_353_A"
ALA_138_A,"VAL_137_A,TYR_139_A,ILE_143_A,TYR_152_A,VAL_153_A"
TYR_139_A,"ILE_113_A,ILE_114_A,ALA_138_A,ASP_140_A,ARG_141_A,ASP_343_A,LEU_346_A,ALA_350_A"
ASP_140_A,"ARG_66_A,TRP_67_A,TYR_139_A,ARG_141_A,TYR_152_A,VAL_153_A,ASP_210_A,ASN_212_A,LYS_341_A,ASP_343_A"
ARG_141_A,"ASP_61_A,PRO_116_A,GLU_117_A,TYR_139_A,ASP_140_A,LEU_142_A,ASP_210_A"
LEU_142_A,"ARG_141_A,ILE_143_A,THR_144_A,TYR_152_A,ASN_211_A,TYR_389_A"
ILE_143_A,"VAL_122_A,ALA_138_A,LEU_142_A,THR_144_A,TYR_149_A"
THR_144_A,"LEU_142_A,ILE_143_A,GLY_145_A"
GLY_145_A,"GLY_119_A,THR_144_A,SER_146_A"
SER_146_A,"GLY_145_A,ASP_147_A"
ASP_147_A,"SER_146_A,LYS_148_A,TYR_149_A"
LYS_148_A,"ALA_130_A,ASP_131_A,ASP_147_A,TYR_149_A"
TYR_149_A,"ILE_143_A,ASP_147_A,LYS_148_A,ASP_150_A"
ASP_150_A,"TYR_149_A,TRP_151_A,ARG_366_A,THR_398_A"
TRP_151_A,"ASP_150_A,TYR_152_A,VAL_369_A,THR_398_A"
TYR_152_A,"ALA_138_A,ASP_140_A,LEU_142_A,TRP_151_A,VAL_153_A,TYR_389_A,ILE_399_A,LEU_400_A"
VAL_153_A,"ALA_138_A,ASP_140_A,TYR_152_A,SER_154_A,LEU_346_A,VAL_349_A"
SER_154_A,"VAL_153_A,PHE_155_A"
PHE_155_A,"SER_154_A,ASP_156_A,ASN_157_A,LYS_341_A,LEU_346_A"
ASP_156_A,"PHE_155_A,ASN_157_A,LYS_383_A"
ASN_157_A,"PHE_155_A,ASP_156_A,GLU_158_A,TYR_215_A,PHE_216_A,TYR_389_A"
GLU_158_A,"ASN_157_A,LYS_159_A,GLU_162_A,LYS_222_A"
LYS_159_A,"GLU_158_A,VAL_160_A,LEU_163_A,LYS_383_A"
VAL_160_A,"LYS_159_A,GLY_161_A,GLN_164_A,PHE_216_A,ILE_339_A,VAL_404_A"
GLY_161_A,"VAL_160_A,GLU_162_A,GLY_165_A"
GLU_162_A,"GLU_158_A,GLY_161_A,LEU_163_A,LEU_166_A,LYS_222_A"
LEU_163_A,"LYS_159_A,GLU_162_A,GLN_164_A,SER_167_A"
GLN_164_A,"VAL_160_A,LEU_163_A,GLY_165_A,SER_167_A,MET_337_A"
GLY_165_A,"GLY_161_A,GLN_164_A,LEU_166_A,ALA_169_A"
LEU_166_A,"GLU_162_A,GLY_165_A,SER_167_A"
SER_167_A,"LEU_163_A,GLN_164_A,LEU_166_A,LEU_168_A"
LEU_168_A,"SER_167_A,ALA_169_A,LEU_172_A,LEU_224_A,LEU_291_A,PHE_316_A"
ALA_169_A,"GLY_165_A,LEU_168_A,ALA_170_A,LEU_227_A"
ALA_170_A,"ALA_169_A,GLY_171_A,LEU_173_A,PHE_180_A"
GLY_171_A,"ALA_170_A,LEU_172_A"
LEU_172_A,"LEU_168_A,GLY_171_A,LEU_173_A,ILE_199_A,LEU_227_A"
LEU_173_A,"ALA_170_A,LEU_172_A,GLY_174_A"
GLY_174_A,"LEU_173_A,LYS_175_A,GLU_176_A"
LYS_175_A,"GLY_174_A,GLU_176_A,ASP_177_A,PHE_180_A"
GLU_176_A,"GLY_174_A,LYS_175_A,ASP_177_A"
ASP_177_A,"LYS_175_A,GLU_176_A,GLY_178_A,LYS_408_A"
GLY_178_A,"ASP_177_A,ALA_179_A"
ALA_179_A,"GLY_178_A,PHE_180_A"
PHE_180_A,"ALA_170_A,LYS_175_A,ALA_179_A,ASP_181_A,GLN_185_A,MET_186_A,TYR_189_A"
ASP_181_A,"PHE_180_A,SER_182_A"
SER_182_A,"ASP_181_A,ILE_183_A"
ILE_183_A,"SER_182_A,ASP_184_A"
ASP_184_A,"ILE_183_A,GLN_185_A"
GLN_185_A,"PHE_180_A,ASP_184_A,MET_186_A,TYR_189_A"
MET_186_A,"PHE_180_A,GLN_185_A,ASN_187_A,LEU_190_A"
ASN_187_A,"MET_186_A,GLU_188_A,LYS_191_A"
GLU_188_A,"ASN_187_A,TYR_189_A,LYS_191_A"
TYR_189_A,"PHE_180_A,GLN_185_A,GLU_188_A,LEU_190_A,HIS_193_A"
LEU_190_A,"MET_186_A,TYR_189_A,LYS_191_A,ASN_230_A"
LYS_191_A,"ASN_187_A,GLU_188_A,LEU_190_A,SER_192_A"
SER_192_A,"LYS_191_A,HIS_193_A"
HIS_193_A,"TYR_189_A,SER_192_A,MET_194_A"
MET_194_A,HIS_193_A
PRO_195_A,"GLN_196_A,LYS_234_A"
GLN_196_A,"PRO_195_A,GLU_197_A"
GLU_197_A,"GLN_196_A,THR_198_A,LYS_275_A"
THR_198_A,"GLU_197_A,ILE_199_A"
ILE_199_A,"LEU_172_A,THR_198_A,SER_200_A,LYS_234_A,ILE_286_A,LYS_288_A"
SER_200_A,"ILE_199_A,PHE_201_A"
PHE_201_A,"SER_200_A,TYR_202_A,THR_203_A,LEU_224_A,ILE_235_A,ASP_237_A,LEU_238_A"
TYR_202_A,"PHE_201_A,THR_203_A,ILE_204_A,PHE_263_A,PHE_287_A,PHE_290_A,LEU_291_A"
THR_203_A,"PHE_201_A,TYR_202_A,ILE_204_A,SER_239_A,LEU_291_A"
ILE_204_A,"TYR_202_A,THR_203_A,ALA_205_A,MET_297_A"
ALA_205_A,"ILE_204_A,GLY_206_A,TYR_247_A,VAL_248_A"
GLY_206_A,"ALA_205_A,SER_207_A"
SER_207_A,"GLY_206_A,GLN_208_A,SER_213_A"
GLN_208_A,"SER_207_A,ASP_209_A"
ASP_209_A,"GLU_117_A,GLN_208_A,ASP_210_A"
ASP_210_A,"ASP_140_A,ARG_141_A,ASP_209_A,ASN_211_A,SER_213_A"
ASN_211_A,"LEU_142_A,ASP_210_A,ASN_212_A"
ASN_212_A,"ASP_140_A,ASN_211_A,SER_213_A,TYR_215_A,PHE_216_A"
SER_213_A,"SER_207_A,ASP_210_A,ASN_212_A,GLN_214_A"
GLN_214_A,"SER_213_A,TYR_215_A,TYR_217_A,ASN_218_A"
TYR_215_A,"ASN_157_A,ASN_212_A,GLN_214_A,PHE_216_A"
PHE_216_A,"ASN_157_A,VAL_160_A,ASN_212_A,TYR_215_A,TYR_217_A"
TYR_217_A,"GLN_214_A,PHE_216_A,ASN_218_A,ALA_220_A,MET_221_A"
ASN_218_A,"GLN_214_A,TYR_217_A,GLY_219_A"
GLY_219_A,"ASN_218_A,ALA_220_A"
ALA_220_A,"TYR_217_A,GLY_219_A,MET_221_A,LEU_224_A,LEU_291_A"
MET_221_A,"TYR_217_A,ALA_220_A,LYS_222_A,LYS_225_A"
LYS_222_A,"GLU_158_A,GLU_162_A,MET_221_A,VAL_223_A"
VAL_223_A,"LYS_222_A,LEU_224_A"
LEU_224_A,"LEU_168_A,PHE_201_A,ALA_220_A,VAL_223_A,LYS_225_A,MET_228_A"
LYS_225_A,"MET_221_A,LEU_224_A,GLU_226_A"
GLU_226_A,"LYS_225_A,LEU_227_A,LYS_229_A"
LEU_227_A,"ALA_169_A,LEU_172_A,GLU_226_A,MET_228_A,SER_231_A"
MET_228_A,"LEU_224_A,LEU_227_A,LYS_229_A"
LYS_229_A,"GLU_226_A,MET_228_A,ASN_230_A,GLN_232_A"
ASN_230_A,"LEU_190_A,LYS_229_A,SER_231_A"
SER_231_A,"LEU_227_A,ASN_230_A,GLN_232_A"
GLN_232_A,"LYS_229_A,SER_231_A,ASN_233_A"
ASN_233_A,"GLN_232_A,LYS_234_A"
LYS_234_A,"PRO_195_A,ILE_199_A,ASN_233_A,ILE_235_A"
ILE_235_A,"PHE_201_A,LYS_234_A,ILE_236_A"
ILE_236_A,"ILE_235_A,ASP_237_A"
ASP_237_A,"PHE_201_A,ILE_236_A,LEU_238_A,SER_239_A,LYS_282_A"
LEU_238_A,"PHE_201_A,ASP_237_A,SER_239_A,PHE_263_A,ILE_276_A,VAL_279_A"
SER_239_A,"THR_203_A,ASP_237_A,LEU_238_A"
PRO_240_A,GLU_241_A
GLU_241_A,"PRO_240_A,GLY_242_A,LYS_282_A"
GLY_242_A,"GLU_241_A,GLU_243_A,ASN_244_A"
GLU_243_A,"GLY_242_A,ASN_244_A"
ASN_244_A,"GLY_242_A,GLU_243_A,ALA_245_A,VAL_246_A"
ALA_245_A,"ASN_244_A,VAL_246_A,ARG_259_A"
VAL_246_A,"ASN_244_A,ALA_245_A,TYR_247_A"
TYR_247_A,"ALA_205_A,VAL_246_A,VAL_248_A"
VAL_248_A,"ALA_205_A,TYR_247_A,THR_255_A"
PRO_249_A,GLY_250_A
GLY_250_A,"LYS_90_A,PRO_249_A,TRP_251_A"
TRP_251_A,"GLY_250_A,ASN_252_A,TYR_253_A,ASN_294_A"
ASN_252_A,"TRP_251_A,TYR_253_A,GLY_254_A,THR_255_A"
TYR_253_A,"TRP_251_A,ASN_252_A,GLY_254_A,MET_297_A"
GLY_254_A,"ASN_252_A,TYR_253_A,THR_255_A,GLY_257_A,GLN_258_A"
THR_255_A,"VAL_248_A,ASN_252_A,GLY_254_A,ALA_256_A"
ALA_256_A,"THR_255_A,GLY_257_A,ARG_259_A,ILE_260_A,MET_297_A"
GLY_257_A,"GLY_254_A,ALA_256_A,GLN_258_A"
GLN_258_A,"GLY_254_A,GLY_257_A,ARG_259_A"
ARG_259_A,"ALA_245_A,ALA_256_A,GLN_258_A,ILE_260_A,PHE_263_A"
ILE_260_A,"ALA_256_A,ARG_259_A,GLN_261_A,LYS_304_A"
GLN_261_A,"ILE_260_A,SER_262_A,THR_265_A"
SER_262_A,"GLN_261_A,PHE_263_A"
PHE_263_A,"TYR_202_A,LEU_238_A,ARG_259_A,SER_262_A,LEU_264_A"
LEU_264_A,"PHE_263_A,THR_265_A,LYS_268_A,LEU_305_A,GLU_308_A"
THR_265_A,"GLN_261_A,LEU_264_A,ILE_266_A"
ILE_266_A,"THR_265_A,ASN_267_A"
ASN_267_A,"ILE_266_A,LYS_268_A,LYS_277_A"
LYS_268_A,"LEU_264_A,ASN_267_A,ASP_269_A,GLU_308_A,PHE_310_A"
ASP_269_A,"LYS_268_A,ALA_271_A,GLY_272_A"
PRO_270_A,ALA_271_A
ALA_271_A,"ASP_269_A,PRO_270_A,GLY_272_A"
GLY_272_A,"ASP_269_A,ALA_271_A,GLY_273_A"
GLY_273_A,"GLY_272_A,ASN_274_A,LYS_275_A"
ASN_274_A,"GLY_273_A,LYS_275_A,PHE_287_A,ASP_311_A"
LYS_275_A,"GLU_197_A,GLY_273_A,ASN_274_A,ILE_276_A"
ILE_276_A,"LEU_238_A,LYS_275_A,LYS_277_A,SER_285_A,PHE_287_A,PHE_310_A"
LYS_277_A,"ASN_267_A,ILE_276_A,ALA_278_A"
ALA_278_A,"LYS_277_A,VAL_279_A"
VAL_279_A,"LEU_238_A,ALA_278_A,GLY_280_A,SER_281_A,LYS_282_A"
GLY_280_A,"VAL_279_A,SER_281_A"
SER_281_A,"VAL_279_A,GLY_280_A,LYS_282_A"
LYS_282_A,"ASP_237_A,GLU_241_A,VAL_279_A,SER_281_A"
PRO_283_A,"ALA_284_A,SER_285_A"
ALA_284_A,"PRO_283_A,SER_285_A"
SER_285_A,"ILE_276_A,PRO_283_A,ALA_284_A,ILE_286_A"
ILE_286_A,"ILE_199_A,SER_285_A,PHE_287_A"
PHE_287_A,"TYR_202_A,ASN_274_A,ILE_276_A,ILE_286_A,LYS_288_A,ILE_315_A"
LYS_288_A,"ILE_199_A,PHE_287_A,GLY_289_A"
GLY_289_A,"LYS_288_A,PHE_290_A"
PHE_290_A,"TYR_202_A,GLY_289_A,LEU_291_A,ALA_301_A,PHE_316_A,VAL_317_A"
LEU_291_A,"LEU_168_A,TYR_202_A,THR_203_A,ALA_220_A,PHE_290_A,ALA_292_A"
ALA_292_A,"LEU_291_A,ALA_298_A,THR_318_A"
PRO_293_A,"ASN_294_A,GLN_320_A"
ASN_294_A,"TRP_251_A,PRO_293_A,ASP_295_A,GLY_296_A,MET_297_A,ALA_298_A"
ASP_295_A,"ASN_294_A,GLY_296_A,GLU_299_A,GLN_320_A,ASP_321_A,TYR_322_A"
GLY_296_A,"ASN_294_A,ASP_295_A,MET_297_A"
MET_297_A,"ILE_204_A,TYR_253_A,ALA_256_A,ASN_294_A,GLY_296_A,ALA_298_A,ALA_301_A"
ALA_298_A,"ALA_292_A,ASN_294_A,MET_297_A,GLU_299_A"
GLU_299_A,"ASP_295_A,ALA_298_A,GLN_300_A,THR_303_A"
GLN_300_A,"GLU_299_A,ALA_301_A"
ALA_301_A,"PHE_290_A,MET_297_A,GLN_300_A,ILE_302_A"
ILE_302_A,"ALA_301_A,THR_303_A,LYS_304_A,LEU_305_A,LYS_306_A,THR_312_A,VAL_317_A,PHE_329_A"
THR_303_A,"GLU_299_A,ILE_302_A,LYS_304_A"
LYS_304_A,"ILE_260_A,ILE_302_A,THR_303_A,LEU_305_A,GLU_308_A"
LEU_305_A,"LEU_264_A,ILE_302_A,LYS_304_A,LYS_306_A,GLU_308_A,GLY_309_A,PHE_310_A"
LYS_306_A,"ILE_302_A,LEU_305_A,LEU_307_A,ASP_332_A,ASP_334_A"
LEU_307_A,"LYS_306_A,GLU_308_A"
GLU_308_A,"LEU_264_A,LYS_268_A,LYS_304_A,LEU_305_A,LEU_307_A,GLY_309_A"
GLY_309_A,"LEU_305_A,GLU_308_A,PHE_310_A"
PHE_310_A,"LYS_268_A,ILE_276_A,LEU_305_A,GLY_309_A,ASP_311_A"
ASP_311_A,"ASN_274_A,PHE_310_A,THR_312_A,LYS_314_A,ASP_334_A"
THR_312_A,"ILE_302_A,ASP_311_A,GLN_313_A,ASP_334_A"
GLN_313_A,"THR_312_A,LYS_314_A"
LYS_314_A,"ASP_311_A,GLN_313_A,ILE_315_A"
ILE_315_A,"PHE_287_A,LYS_314_A,PHE_316_A,VAL_317_A"
PHE_316_A,"LEU_168_A,PHE_290_A,ILE_315_A,VAL_317_A,ASN_336_A"
VAL_317_A,"PHE_290_A,ILE_302_A,ILE_315_A,PHE_316_A,THR_318_A,ASN_336_A"
THR_318_A,"ALA_292_A,VAL_317_A,GLY_319_A"
GLY_319_A,"THR_318_A,GLN_320_A"
GLN_320_A,"PRO_293_A,ASP_295_A,GLY_319_A,ASP_321_A,TYR_322_A,THR_338_A,ILE_339_A"
ASP_321_A,"ARG_66_A,ASP_295_A,GLN_320_A,TYR_322_A,LYS_341_A"
TYR_322_A,"ASP_295_A,GLN_320_A,ASP_321_A,ASN_323_A,LYS_327_A,TYR_340_A,VAL_411_A"
ASN_323_A,"TYR_322_A,ASP_324_A"
ASP_324_A,"ASN_323_A,LYS_325_A,LYS_327_A"
LYS_325_A,"ASP_324_A,ALA_326_A,THR_328_A,PHE_329_A"
ALA_326_A,"LYS_325_A,LYS_327_A,PHE_329_A,ILE_330_A"
LYS_327_A,"TYR_322_A,ASP_324_A,ALA_326_A,THR_328_A,LYS_331_A,VAL_411_A,ASP_412_A"
THR_328_A,"LYS_325_A,LYS_327_A,PHE_329_A"
PHE_329_A,"ILE_302_A,LYS_325_A,ALA_326_A,THR_328_A,ILE_330_A,GLN_335_A"
ILE_330_A,"ALA_326_A,PHE_329_A,LYS_331_A,GLN_335_A,VAL_411_A"
LYS_331_A,"LYS_327_A,ILE_330_A,ASP_332_A,ASP_412_A"
ASP_332_A,"LYS_306_A,LYS_331_A,GLY_333_A,ASP_334_A"
GLY_333_A,"ASP_332_A,ASP_334_A"
ASP_334_A,"LYS_306_A,ASP_311_A,THR_312_A,ASP_332_A,GLY_333_A,GLN_335_A"
GLN_335_A,"PHE_329_A,ILE_330_A,ASP_334_A,ASN_336_A"
ASN_336_A,"PHE_316_A,VAL_317_A,GLN_335_A,MET_337_A"
MET_337_A,"GLN_164_A,ASN_336_A,THR_338_A"
THR_338_A,"GLN_320_A,MET_337_A,ILE_339_A,THR_407_A"
ILE_339_A,"VAL_160_A,GLN_320_A,THR_338_A,TYR_340_A,VAL_406_A"
TYR_340_A,"TYR_322_A,ILE_339_A,LYS_341_A,PRO_342_A,ILE_405_A"
LYS_341_A,"ARG_66_A,ASP_140_A,PHE_155_A,ASP_321_A,TYR_340_A"
PRO_342_A,"TYR_340_A,ASP_343_A,VAL_345_A"
ASP_343_A,"ARG_66_A,ALA_70_A,ASP_73_A,TYR_139_A,ASP_140_A,PRO_342_A,LYS_344_A,GLY_347_A"
LYS_344_A,"ASP_73_A,ASP_343_A,VAL_345_A"
VAL_345_A,"PRO_342_A,LYS_344_A,LEU_346_A"
LEU_346_A,"TYR_139_A,VAL_153_A,PHE_155_A,VAL_345_A,GLY_347_A"
GLY_347_A,"ASP_343_A,LEU_346_A,LYS_348_A"
LYS_348_A,"TYR_77_A,GLY_347_A,VAL_349_A,LEU_377_A"
VAL_349_A,"VAL_153_A,LYS_348_A,ALA_350_A,VAL_353_A,LEU_373_A,LEU_377_A"
ALA_350_A,"TYR_139_A,VAL_349_A,VAL_351_A"
VAL_351_A,"TYR_77_A,ALA_350_A,GLU_352_A,LEU_354_A,ARG_355_A"
GLU_352_A,"VAL_351_A,VAL_353_A,ARG_355_A,VAL_356_A,GLU_372_A,LEU_373_A"
VAL_353_A,"VAL_137_A,VAL_349_A,GLU_352_A,LEU_354_A"
LEU_354_A,"ILE_55_A,ILE_113_A,VAL_351_A,VAL_353_A,ARG_355_A,ILE_358_A"
ARG_355_A,"GLU_82_A,VAL_351_A,GLU_352_A,LEU_354_A,VAL_356_A"
VAL_356_A,"GLU_352_A,ARG_355_A,LEU_357_A,LYS_360_A,VAL_369_A"
LEU_357_A,"PRO_135_A,VAL_356_A,ILE_358_A,ASN_362_A"
ILE_358_A,"PRO_135_A,LEU_354_A,LEU_357_A,ALA_359_A"
ALA_359_A,"ILE_358_A,LYS_360_A"
LYS_360_A,"VAL_356_A,ALA_359_A,LYS_361_A,GLU_368_A"
LYS_361_A,"LYS_360_A,ASN_362_A,LYS_363_A"
ASN_362_A,"LEU_357_A,LYS_361_A,LYS_363_A"
LYS_363_A,"LYS_361_A,ASN_362_A,ALA_364_A,SER_365_A"
ALA_364_A,"LYS_363_A,SER_365_A"
SER_365_A,"LYS_363_A,ALA_364_A,ARG_366_A"
ARG_366_A,"ASP_150_A,SER_365_A,SER_367_A,THR_398_A"
SER_367_A,"ARG_366_A,GLU_368_A,ASN_371_A"
GLU_368_A,"LYS_360_A,SER_367_A,VAL_369_A"
VAL_369_A,"TRP_151_A,VAL_356_A,GLU_368_A,GLU_370_A"
GLU_370_A,"VAL_369_A,ASN_371_A"
ASN_371_A,"SER_367_A,GLU_370_A,GLU_372_A,ALA_375_A"
GLU_372_A,"GLU_352_A,ASN_371_A,LEU_373_A,LYS_376_A"
LEU_373_A,"VAL_349_A,GLU_352_A,GLU_372_A,LYS_374_A,LEU_377_A,LEU_400_A"
LYS_374_A,"LEU_373_A,ALA_375_A"
ALA_375_A,"ASN_371_A,LYS_374_A,LYS_376_A"
LYS_376_A,"GLU_372_A,ALA_375_A,LEU_377_A"
LEU_377_A,"LYS_348_A,VAL_349_A,LEU_373_A,LYS_376_A,ILE_380_A"
PRO_378_A,ASN_379_A
ASN_379_A,"PRO_378_A,ILE_380_A"
ILE_380_A,"LEU_377_A,ASN_379_A,SER_381_A"
SER_381_A,"ILE_380_A,PHE_382_A"
PHE_382_A,"SER_381_A,LYS_383_A,LEU_400_A"
LYS_383_A,"ASP_156_A,LYS_159_A,PHE_382_A,TYR_384_A,VAL_401_A"
TYR_384_A,"LYS_383_A,ASP_385_A,ASN_386_A,THR_398_A"
ASP_385_A,"TYR_384_A,ASN_386_A,GLN_387_A,THR_388_A,ILE_399_A"
ASN_386_A,"TYR_384_A,ASP_385_A,GLN_387_A,ILE_396_A"
GLN_387_A,"ASP_385_A,ASN_386_A,THR_388_A,LYS_390_A"
THR_388_A,"ASP_385_A,GLN_387_A,TYR_389_A"
TYR_389_A,"LEU_142_A,TYR_152_A,ASN_157_A,THR_388_A,LYS_390_A,ILE_399_A"
LYS_390_A,"GLN_387_A,TYR_389_A,VAL_391_A"
VAL_391_A,"LYS_390_A,GLN_392_A"
GLN_392_A,"VAL_391_A,GLY_393_A"
GLY_393_A,"GLN_392_A,LYS_394_A,ASN_395_A"
LYS_394_A,"GLY_393_A,ASN_395_A,ILE_396_A"
ASN_395_A,"GLY_393_A,LYS_394_A,ILE_396_A"
ILE_396_A,"ASN_386_A,LYS_394_A,ASN_395_A,ASN_397_A"
ASN_397_A,"ILE_396_A,THR_398_A"
THR_398_A,"ASP_150_A,TRP_151_A,ARG_366_A,TYR_384_A,ASN_397_A,ILE_399_A"
ILE_399_A,"TYR_152_A,ASP_385_A,TYR_389_A,THR_398_A,LEU_400_A,VAL_401_A"
LEU_400_A,"TYR_152_A,LEU_373_A,PHE_382_A,ILE_399_A,VAL_401_A"
VAL_401_A,"LYS_383_A,ILE_399_A,LEU_400_A,SER_402_A"
SER_402_A,VAL_401_A
PRO_403_A,VAL_404_A
VAL_404_A,"VAL_160_A,PRO_403_A,ILE_405_A"
ILE_405_A,"TYR_340_A,VAL_404_A,VAL_406_A"
VAL_406_A,"ILE_339_A,ILE_405_A,THR_407_A"
THR_407_A,"THR_338_A,VAL_406_A,LYS_408_A"
LYS_408_A,"ASP_177_A,THR_407_A,ALA_409_A"
ALA_409_A,"LYS_408_A,ASN_410_A"
ASN_410_A,"ALA_409_A,VAL_411_A"
VAL_411_A,"TYR_322_A,LYS_327_A,ILE_330_A,ASN_410_A,ASP_412_A,ASN_413_A"
ASP_412_A,"LYS_327_A,LYS_331_A,VAL_411_A,ASN_413_A"
ASN_413_A,"VAL_411_A,ASP_412_A"
