residue_id,neighbors
SER_2_A,THR_3_A
THR_3_A,"SER_2_A,LEU_4_A"
LEU_4_A,"THR_3_A,ALA_5_A"
ALA_5_A,"LEU_4_A,ASN_6_A,GLN_153_A,LEU_178_A"
ASN_6_A,"ALA_5_A,LEU_7_A,THR_8_A,VAL_10_A,ILE_74_A,HIS_151_A"
LEU_7_A,"ASN_6_A,THR_8_A,LEU_11_A,LEU_178_A"
THR_8_A,"ASN_6_A,LEU_7_A,GLU_9_A,PHE_12_A,LEU_71_A"
GLU_9_A,"THR_8_A,VAL_10_A,ARG_13_A,PHE_150_A,ARG_152_A"
VAL_10_A,"ASN_6_A,GLU_9_A,LEU_11_A"
LEU_11_A,"LEU_7_A,VAL_10_A,PHE_12_A"
PHE_12_A,"THR_8_A,LEU_11_A,ARG_13_A,ARG_36_A,ILE_39_A"
ARG_13_A,"GLU_9_A,PHE_12_A,LEU_14_A,ARG_152_A"
LEU_14_A,"ARG_13_A,ASP_15_A,PHE_16_A"
ASP_15_A,"LEU_14_A,PHE_16_A"
PHE_16_A,"LEU_14_A,ASP_15_A,ASP_17_A"
ASP_17_A,"PHE_16_A,ASP_19_A,THR_20_A"
PRO_18_A,"ASP_19_A,LEU_33_A"
ASP_19_A,"ASP_17_A,PRO_18_A,THR_20_A"
THR_20_A,"ASP_17_A,ASP_19_A,ALA_21_A,ARG_32_A"
ALA_21_A,"THR_20_A,VAL_22_A,THR_29_A"
VAL_22_A,"ALA_21_A,TYR_23_A,LEU_30_A,PRO_220_A"
TYR_23_A,"VAL_22_A,HIS_24_A,LEU_30_A,ALA_67_A,LEU_217_A,TRP_221_A,LEU_229_A"
HIS_24_A,"TYR_23_A,TYR_25_A,ARG_200_A,SER_226_A,ALA_227_A,LEU_229_A,PHE_246_A"
TYR_25_A,"HIS_24_A,ARG_26_A,GLN_28_A,PRO_64_A,ASP_231_A"
ARG_26_A,"TYR_25_A,GLY_27_A,ARG_128_A,ASP_231_A"
GLY_27_A,"ARG_26_A,GLN_28_A"
GLN_28_A,"TYR_25_A,GLY_27_A,THR_29_A"
THR_29_A,"ALA_21_A,GLN_28_A,LEU_30_A"
LEU_30_A,"VAL_22_A,TYR_23_A,THR_29_A,SER_31_A,PRO_64_A,LEU_130_A"
SER_31_A,"LEU_30_A,ARG_32_A,GLN_34_A"
ARG_32_A,"THR_20_A,SER_31_A,LEU_33_A,ARG_36_A,TRP_221_A"
LEU_33_A,"PRO_18_A,ARG_32_A,GLN_34_A,THR_37_A"
GLN_34_A,"SER_31_A,LEU_33_A,CYS_35_A"
CYS_35_A,"GLN_34_A,ARG_36_A,ILE_39_A,TRP_221_A"
ARG_36_A,"PHE_12_A,ARG_32_A,CYS_35_A,THR_37_A,LEU_40_A"
THR_37_A,"LEU_33_A,ARG_36_A,TYR_38_A"
TYR_38_A,"THR_37_A,ILE_39_A,GLN_42_A,ASP_132_A"
ILE_39_A,"PHE_12_A,CYS_35_A,TYR_38_A,LEU_40_A,ALA_43_A,CYS_68_A"
LEU_40_A,"ARG_36_A,ILE_39_A,SER_41_A,TRP_147_A,PHE_150_A"
SER_41_A,"LEU_40_A,GLN_42_A,SER_44_A"
GLN_42_A,"TYR_38_A,SER_41_A,ALA_43_A,LEU_46_A"
ALA_43_A,"ILE_39_A,GLN_42_A,SER_44_A,ALA_47_A,VAL_76_A,TRP_147_A"
SER_44_A,"SER_41_A,ALA_43_A,GLN_45_A,ASP_144_A"
GLN_45_A,"SER_44_A,LEU_46_A,ASP_137_A,VAL_140_A,GLY_141_A"
LEU_46_A,"GLN_42_A,GLN_45_A,ALA_47_A,LEU_49_A,LEU_50_A,ALA_72_A"
ALA_47_A,"ALA_43_A,LEU_46_A,ARG_48_A"
ARG_48_A,"ALA_47_A,LEU_49_A,VAL_140_A,PRO_142_A,ASP_144_A"
LEU_49_A,"LEU_46_A,ARG_48_A,LEU_50_A"
LEU_50_A,"LEU_46_A,LEU_49_A,LYS_51_A,VAL_56_A"
LYS_51_A,"LEU_50_A,ASP_54_A"
PRO_52_A,GLY_53_A
GLY_53_A,"PRO_52_A,ASP_54_A,ARG_55_A,GLY_77_A"
ASP_54_A,"LYS_51_A,GLY_53_A,ARG_55_A,ILE_79_A"
ARG_55_A,"GLY_53_A,ASP_54_A,VAL_56_A,CYS_99_A,SER_102_A"
VAL_56_A,"LEU_50_A,ARG_55_A,VAL_57_A,LEU_58_A,ILE_79_A,ALA_81_A"
VAL_57_A,"VAL_56_A,LEU_58_A,LEU_103_A,VAL_105_A"
LEU_58_A,"VAL_56_A,VAL_57_A,ALA_59_A,LEU_66_A,LEU_69_A,ALA_81_A,ILE_83_A,VAL_105_A"
ALA_59_A,"LEU_58_A,LEU_60_A,VAL_105_A"
LEU_60_A,"ALA_59_A,ASN_61_A,PHE_134_A"
ASN_61_A,"LEU_60_A,ASP_62_A,GLU_107_A,ASP_231_A"
ASP_62_A,"ASN_61_A,SER_63_A,LYS_206_A,MET_207_A"
SER_63_A,ASP_62_A
PRO_64_A,"TYR_25_A,LEU_30_A,SER_65_A,CYS_68_A"
SER_65_A,"PRO_64_A,LEU_66_A,LEU_69_A,ASP_132_A"
LEU_66_A,"LEU_58_A,SER_65_A,ALA_67_A,PHE_70_A"
ALA_67_A,"TYR_23_A,LEU_66_A,CYS_68_A"
CYS_68_A,"ILE_39_A,PRO_64_A,ALA_67_A,LEU_69_A,ALA_72_A"
LEU_69_A,"LEU_58_A,SER_65_A,CYS_68_A,PHE_70_A,CYS_73_A,PHE_134_A"
PHE_70_A,"LEU_66_A,LEU_69_A,LEU_71_A,ILE_74_A,PRO_80_A,VAL_82_A,PHE_160_A,MET_213_A,LEU_217_A,PHE_218_A"
LEU_71_A,"THR_8_A,PHE_70_A,ALA_72_A,ALA_75_A"
ALA_72_A,"LEU_46_A,CYS_68_A,LEU_71_A,CYS_73_A"
CYS_73_A,"LEU_69_A,ALA_72_A,ILE_74_A,ALA_78_A"
ILE_74_A,"ASN_6_A,PHE_70_A,CYS_73_A,ALA_75_A,GLY_77_A"
ALA_75_A,"LEU_71_A,ILE_74_A,VAL_76_A"
VAL_76_A,"ALA_43_A,ALA_75_A,GLY_77_A"
GLY_77_A,"GLY_53_A,ILE_74_A,VAL_76_A,ALA_78_A"
ALA_78_A,"CYS_73_A,GLY_77_A,ILE_79_A"
ILE_79_A,"ASP_54_A,VAL_56_A,ALA_78_A"
PRO_80_A,"PHE_70_A,ALA_81_A,LEU_161_A"
ALA_81_A,"VAL_56_A,LEU_58_A,PRO_80_A,VAL_82_A"
VAL_82_A,"PHE_70_A,ALA_81_A,ILE_83_A,MET_213_A"
ILE_83_A,"LEU_58_A,VAL_82_A,ASN_84_A,LEU_92_A"
ASN_84_A,"ILE_83_A,LYS_86_A,SER_87_A"
PRO_85_A,LYS_86_A
LYS_86_A,"ASN_84_A,PRO_85_A,SER_87_A,GLU_107_A,TRP_233_A"
SER_87_A,"ASN_84_A,LYS_86_A,ARG_88_A"
ARG_88_A,"SER_87_A,GLU_89_A,ALA_91_A,ASP_94_A"
GLU_89_A,"ARG_88_A,GLN_90_A,ALA_93_A,ARG_106_A"
GLN_90_A,"GLU_89_A,ALA_91_A,ASP_94_A"
ALA_91_A,"ARG_88_A,GLN_90_A,LEU_92_A"
LEU_92_A,"ILE_83_A,ALA_91_A,ALA_93_A,ALA_96_A,LEU_113_A"
ALA_93_A,"GLU_89_A,LEU_92_A,ASP_94_A,ALA_97_A"
ASP_94_A,"ARG_88_A,GLN_90_A,ALA_93_A,ILE_95_A,ASP_98_A"
ILE_95_A,"ASP_94_A,ALA_96_A,PRO_171_A"
ALA_96_A,"LEU_92_A,ILE_95_A,ALA_97_A,GLN_100_A,ALA_101_A"
ALA_97_A,"ALA_93_A,ALA_96_A,ASP_98_A"
ASP_98_A,"ASP_94_A,ALA_97_A,CYS_99_A,TYR_163_A,ARG_364_A"
CYS_99_A,"ARG_55_A,ASP_98_A,GLN_100_A,LEU_161_A"
GLN_100_A,"ALA_96_A,CYS_99_A,ALA_101_A"
ALA_101_A,"ALA_96_A,GLN_100_A,SER_102_A"
SER_102_A,"ARG_55_A,ALA_101_A,LEU_103_A"
LEU_103_A,"VAL_57_A,SER_102_A,VAL_104_A,LEU_122_A"
VAL_104_A,"LEU_103_A,VAL_105_A,ARG_106_A,PRO_119_A,LEU_120_A,LEU_122_A"
VAL_105_A,"VAL_57_A,LEU_58_A,ALA_59_A,VAL_104_A,ARG_106_A,PHE_134_A"
ARG_106_A,"GLU_89_A,VAL_104_A,VAL_105_A,GLU_107_A,ALA_110_A,PRO_111_A,LEU_122_A,ALA_124_A"
GLU_107_A,"ASN_61_A,LYS_86_A,ARG_106_A,ALA_108_A"
ALA_108_A,"GLU_107_A,ASP_109_A"
ASP_109_A,"ALA_108_A,ALA_110_A"
ALA_110_A,"ARG_106_A,ASP_109_A,ARG_123_A"
PRO_111_A,"ARG_106_A,SER_112_A"
SER_112_A,"PRO_111_A,LEU_113_A,ARG_123_A"
LEU_113_A,"LEU_92_A,SER_112_A,SER_114_A,PRO_119_A"
SER_114_A,"LEU_113_A,GLY_115_A"
GLY_115_A,SER_114_A
PRO_116_A,LEU_117_A
LEU_117_A,"PRO_116_A,ALA_118_A"
ALA_118_A,LEU_117_A
PRO_119_A,"VAL_104_A,LEU_113_A,LEU_120_A"
LEU_120_A,"VAL_104_A,PRO_119_A,THR_121_A"
THR_121_A,"LEU_120_A,LEU_122_A"
LEU_122_A,"LEU_103_A,VAL_104_A,ARG_106_A,THR_121_A,ARG_123_A"
ARG_123_A,"ALA_110_A,SER_112_A,LEU_122_A,ALA_124_A"
ALA_124_A,"ARG_106_A,ARG_123_A,ALA_125_A,PHE_134_A"
ALA_125_A,"ALA_124_A,ALA_126_A,ASP_132_A"
ALA_126_A,"ALA_125_A,GLY_127_A"
GLY_127_A,"ALA_126_A,ARG_128_A"
ARG_128_A,"ARG_26_A,GLY_127_A,ASP_230_A,ASP_231_A,ARG_238_A"
PRO_129_A,LEU_130_A
LEU_130_A,"LEU_30_A,PRO_129_A,LEU_131_A"
LEU_131_A,"LEU_130_A,ASP_132_A"
ASP_132_A,"TYR_38_A,SER_65_A,ALA_125_A,LEU_131_A,ASP_133_A,PHE_134_A"
ASP_133_A,"ASP_132_A,PHE_134_A,LEU_136_A,ASP_137_A"
PHE_134_A,"LEU_60_A,LEU_69_A,VAL_105_A,ALA_124_A,ASP_132_A,ASP_133_A,SER_135_A"
SER_135_A,"PHE_134_A,LEU_136_A,LEU_139_A"
LEU_136_A,"ASP_133_A,SER_135_A,ASP_137_A,VAL_140_A"
ASP_137_A,"GLN_45_A,ASP_133_A,LEU_136_A,ALA_138_A,GLY_141_A"
ALA_138_A,"ASP_137_A,LEU_139_A"
LEU_139_A,"SER_135_A,ALA_138_A,VAL_140_A"
VAL_140_A,"GLN_45_A,ARG_48_A,LEU_136_A,LEU_139_A,GLY_141_A"
GLY_141_A,"GLN_45_A,ASP_137_A,VAL_140_A"
PRO_142_A,"ARG_48_A,ALA_143_A"
ALA_143_A,"PRO_142_A,ASP_144_A"
ASP_144_A,"SER_44_A,ARG_48_A,ALA_143_A,LEU_145_A"
LEU_145_A,"ASP_144_A,ASP_146_A"
ASP_146_A,"LEU_145_A,TRP_147_A"
TRP_147_A,"LEU_40_A,ALA_43_A,ASP_146_A,SER_148_A,ALA_149_A"
SER_148_A,"TRP_147_A,ALA_149_A,PHE_150_A"
ALA_149_A,"TRP_147_A,SER_148_A,PHE_150_A"
PHE_150_A,"GLU_9_A,LEU_40_A,SER_148_A,ALA_149_A,HIS_151_A"
HIS_151_A,"ASN_6_A,PHE_150_A,ARG_152_A"
ARG_152_A,"GLU_9_A,ARG_13_A,HIS_151_A,GLN_153_A"
GLN_153_A,"ALA_5_A,ARG_152_A,ASP_154_A,ALA_158_A"
ASP_154_A,"GLN_153_A,ALA_156_A,ALA_157_A,ARG_179_A"
PRO_155_A,"ALA_156_A,ARG_179_A"
ALA_156_A,"ASP_154_A,PRO_155_A,ALA_157_A"
ALA_157_A,"ASP_154_A,ALA_156_A,ALA_158_A"
ALA_158_A,"GLN_153_A,ALA_157_A,CYS_159_A"
CYS_159_A,"ALA_158_A,PHE_160_A,HIS_176_A"
PHE_160_A,"PHE_70_A,CYS_159_A,LEU_161_A,HIS_176_A,PHE_218_A"
LEU_161_A,"PRO_80_A,CYS_99_A,PHE_160_A,GLN_162_A"
GLN_162_A,"LEU_161_A,TYR_163_A,VAL_174_A,HIS_176_A,THR_304_A"
TYR_163_A,"ASP_98_A,GLN_162_A,THR_164_A,PRO_171_A"
THR_164_A,TYR_163_A
GLY_169_A,ALA_170_A
ALA_170_A,GLY_169_A
PRO_171_A,"ILE_95_A,TYR_163_A,LYS_172_A"
LYS_172_A,"PRO_171_A,GLY_173_A,GLU_305_A,ARG_372_A"
GLY_173_A,"LYS_172_A,VAL_174_A,TRP_363_A"
VAL_174_A,"GLN_162_A,GLY_173_A,MET_175_A,THR_304_A,TYR_362_A"
MET_175_A,"VAL_174_A,HIS_176_A,SER_359_A,GLY_361_A"
HIS_176_A,"CYS_159_A,PHE_160_A,GLN_162_A,MET_175_A,SER_177_A,THR_304_A"
SER_177_A,"HIS_176_A,LEU_178_A,ASN_180_A,THR_181_A"
LEU_178_A,"ALA_5_A,LEU_7_A,SER_177_A,ARG_179_A,LEU_182_A"
ARG_179_A,"ASP_154_A,PRO_155_A,LEU_178_A,ASN_180_A,GLY_183_A"
ASN_180_A,"SER_177_A,ARG_179_A,THR_181_A,PHE_184_A,GLY_357_A"
THR_181_A,"SER_177_A,ASN_180_A,LEU_182_A,CYS_185_A"
LEU_182_A,"LEU_178_A,THR_181_A,GLY_183_A,ARG_186_A"
GLY_183_A,"ARG_179_A,LEU_182_A,PHE_184_A"
PHE_184_A,"ASN_180_A,GLY_183_A,CYS_185_A,HIS_308_A"
CYS_185_A,"THR_181_A,PHE_184_A,ARG_186_A,ALA_189_A,PHE_222_A"
ARG_186_A,"LEU_182_A,CYS_185_A,ALA_187_A,GLU_191_A"
ALA_187_A,"ARG_186_A,PHE_188_A,TYR_330_A"
PHE_188_A,"ALA_187_A,ALA_189_A,LEU_192_A,LEU_193_A,PHE_219_A,PHE_252_A,PHE_276_A,VAL_309_A"
ALA_189_A,"CYS_185_A,PHE_188_A,THR_190_A,LEU_195_A"
THR_190_A,"ALA_189_A,GLU_191_A"
GLU_191_A,"ARG_186_A,THR_190_A,LEU_192_A"
LEU_192_A,"PHE_188_A,GLU_191_A,LEU_193_A,ALA_312_A"
LEU_193_A,"PHE_188_A,LEU_192_A,ALA_194_A,PHE_252_A"
ALA_194_A,"LEU_193_A,LEU_195_A,GLN_196_A"
LEU_195_A,"ALA_189_A,ALA_194_A,GLN_196_A"
GLN_196_A,"ALA_194_A,LEU_195_A,ALA_197_A,ASP_199_A"
ALA_197_A,"GLN_196_A,GLY_198_A"
GLY_198_A,"ALA_197_A,ASP_199_A,GLY_224_A"
ASP_199_A,"GLN_196_A,GLY_198_A,ARG_200_A,SER_226_A,ARG_249_A"
ARG_200_A,"HIS_24_A,ASP_199_A,LEU_201_A,PHE_246_A,ARG_249_A"
LEU_201_A,"ARG_200_A,TYR_202_A,SER_226_A,LEU_228_A,VAL_250_A"
TYR_202_A,"LEU_201_A,SER_203_A,ASN_242_A,PRO_248_A,VAL_250_A,LEU_251_A,PHE_252_A"
SER_203_A,"TYR_202_A,ILE_204_A,PRO_205_A"
ILE_204_A,"SER_203_A,PRO_234_A,VAL_239_A,ILE_257_A"
PRO_205_A,"SER_203_A,LYS_206_A,TYR_211_A"
LYS_206_A,"ASP_62_A,PRO_205_A,MET_207_A,PHE_208_A,ASP_230_A,THR_232_A"
MET_207_A,"ASP_62_A,LYS_206_A,PHE_208_A"
PHE_208_A,"LYS_206_A,MET_207_A,PHE_209_A"
PHE_209_A,"PHE_208_A,GLY_210_A,TYR_211_A,GLY_212_A,MET_213_A"
GLY_210_A,"PHE_209_A,TYR_211_A"
TYR_211_A,"PRO_205_A,PHE_209_A,GLY_210_A,GLY_212_A,GLY_253_A,ALA_278_A"
GLY_212_A,"PHE_209_A,TYR_211_A,MET_213_A,SER_216_A"
MET_213_A,"PHE_70_A,VAL_82_A,PHE_209_A,GLY_212_A,GLY_214_A,LEU_217_A,PHE_218_A"
GLY_214_A,"MET_213_A,ASN_215_A,PHE_219_A"
ASN_215_A,"GLY_214_A,SER_216_A,PHE_252_A"
SER_216_A,"GLY_212_A,ASN_215_A,LEU_217_A"
LEU_217_A,"TYR_23_A,PHE_70_A,MET_213_A,SER_216_A,PHE_218_A"
PHE_218_A,"PHE_70_A,PHE_160_A,MET_213_A,LEU_217_A,PHE_219_A,TRP_221_A,PHE_222_A"
PHE_219_A,"PHE_188_A,GLY_214_A,PHE_218_A,SER_223_A"
PRO_220_A,"VAL_22_A,TRP_221_A,GLY_224_A,ALA_227_A"
TRP_221_A,"TYR_23_A,ARG_32_A,CYS_35_A,PHE_218_A,PRO_220_A,PHE_222_A"
PHE_222_A,"CYS_185_A,PHE_218_A,TRP_221_A,SER_223_A"
SER_223_A,"PHE_219_A,PHE_222_A,GLY_224_A"
GLY_224_A,"GLY_198_A,PRO_220_A,SER_223_A,ALA_225_A"
ALA_225_A,"GLY_224_A,SER_226_A"
SER_226_A,"HIS_24_A,ASP_199_A,LEU_201_A,ALA_225_A,ALA_227_A"
ALA_227_A,"HIS_24_A,PRO_220_A,SER_226_A,LEU_228_A"
LEU_228_A,"LEU_201_A,ALA_227_A,LEU_229_A,ASN_242_A,PHE_246_A"
LEU_229_A,"TYR_23_A,HIS_24_A,LEU_228_A,ASP_230_A"
ASP_230_A,"ARG_128_A,LYS_206_A,LEU_229_A,ASP_231_A,THR_232_A,ARG_238_A,ASN_242_A"
ASP_231_A,"TYR_25_A,ARG_26_A,ASN_61_A,ARG_128_A,ASP_230_A,THR_232_A,ARG_238_A"
THR_232_A,"LYS_206_A,ASP_230_A,ASP_231_A,TRP_233_A"
TRP_233_A,"LYS_86_A,THR_232_A"
PRO_234_A,"ILE_204_A,SER_235_A"
SER_235_A,"PRO_234_A,ARG_238_A,VAL_239_A"
PRO_236_A,"GLU_237_A,LEU_240_A"
GLU_237_A,"PRO_236_A,ARG_238_A,GLU_241_A"
ARG_238_A,"ARG_128_A,ASP_230_A,ASP_231_A,SER_235_A,GLU_237_A,VAL_239_A,GLU_241_A,ASN_242_A"
VAL_239_A,"ILE_204_A,SER_235_A,ARG_238_A,LEU_240_A,LEU_243_A"
LEU_240_A,"PRO_236_A,VAL_239_A,GLU_241_A,VAL_244_A,GLN_264_A"
GLU_241_A,"GLU_237_A,ARG_238_A,LEU_240_A,ASN_242_A,ALA_245_A"
ASN_242_A,"TYR_202_A,LEU_228_A,ASP_230_A,ARG_238_A,GLU_241_A,LEU_243_A,PHE_246_A"
LEU_243_A,"VAL_239_A,ASN_242_A,VAL_244_A,ARG_247_A,PRO_248_A,LEU_261_A"
VAL_244_A,"LEU_240_A,LEU_243_A,ALA_245_A"
ALA_245_A,"GLU_241_A,VAL_244_A,PHE_246_A"
PHE_246_A,"HIS_24_A,ARG_200_A,LEU_228_A,ASN_242_A,ALA_245_A,ARG_247_A,PRO_248_A"
ARG_247_A,"LEU_243_A,PHE_246_A,GLU_267_A"
PRO_248_A,"TYR_202_A,LEU_243_A,PHE_246_A,ARG_249_A,SER_271_A"
ARG_249_A,"ASP_199_A,ARG_200_A,PRO_248_A,VAL_250_A,ARG_273_A"
VAL_250_A,"LEU_201_A,TYR_202_A,ARG_249_A,LEU_251_A,PHE_252_A"
LEU_251_A,"TYR_202_A,VAL_250_A,PHE_252_A,LEU_274_A,PHE_276_A"
PHE_252_A,"PHE_188_A,LEU_193_A,TYR_202_A,ASN_215_A,VAL_250_A,LEU_251_A,GLY_253_A"
GLY_253_A,"TYR_211_A,PHE_252_A,VAL_254_A,PHE_276_A"
VAL_254_A,"GLY_253_A,ILE_257_A"
PRO_255_A,ALA_256_A
ALA_256_A,"PRO_255_A,ILE_257_A,SER_260_A"
ILE_257_A,"ILE_204_A,VAL_254_A,ALA_256_A,TYR_258_A,SER_260_A,LEU_261_A"
TYR_258_A,"ILE_257_A,ALA_259_A,PHE_276_A,ILE_297_A"
ALA_259_A,"TYR_258_A,SER_260_A"
SER_260_A,"ALA_256_A,ILE_257_A,ALA_259_A,LEU_261_A"
LEU_261_A,"LEU_243_A,ILE_257_A,SER_260_A,ARG_262_A,GLN_264_A,LEU_268_A"
ARG_262_A,"LEU_261_A,GLU_286_A,PHE_289_A"
PRO_263_A,GLN_264_A
GLN_264_A,"LEU_240_A,LEU_261_A,PRO_263_A,ALA_265_A,LEU_268_A"
ALA_265_A,"GLN_264_A,ARG_266_A,LEU_269_A,TRP_290_A"
ARG_266_A,"ALA_265_A,GLU_267_A,HIS_293_A"
GLU_267_A,"ARG_247_A,ARG_266_A,LEU_268_A"
LEU_268_A,"LEU_261_A,GLN_264_A,GLU_267_A,LEU_269_A,VAL_272_A,LEU_295_A"
LEU_269_A,"ALA_265_A,LEU_268_A,SER_270_A,ARG_273_A"
SER_270_A,"LEU_269_A,SER_271_A,ARG_273_A"
SER_271_A,"PRO_248_A,SER_270_A,VAL_272_A"
VAL_272_A,"LEU_268_A,SER_271_A,ARG_273_A"
ARG_273_A,"ARG_249_A,LEU_269_A,SER_270_A,VAL_272_A,LEU_274_A"
LEU_274_A,"LEU_251_A,ARG_273_A,ALA_275_A"
ALA_275_A,"LEU_274_A,PHE_276_A,CYS_298_A"
PHE_276_A,"PHE_188_A,LEU_251_A,GLY_253_A,TYR_258_A,ALA_275_A,SER_277_A,CYS_298_A"
SER_277_A,"PHE_276_A,ALA_278_A,CYS_298_A"
ALA_278_A,"TYR_211_A,SER_277_A,GLY_279_A"
GLY_279_A,"ALA_278_A,SER_280_A"
SER_280_A,GLY_279_A
PRO_281_A,LEU_282_A
LEU_282_A,"PRO_281_A,ILE_297_A"
PRO_283_A,ARG_284_A
ARG_284_A,"PRO_283_A,GLY_285_A,GLU_288_A,ASP_321_A"
GLY_285_A,"ARG_284_A,GLU_286_A,PHE_289_A"
GLU_286_A,"ARG_262_A,GLY_285_A,PHE_287_A,TRP_290_A"
PHE_287_A,"GLU_286_A,GLU_288_A,ALA_291_A,ALA_318_A,ALA_320_A"
GLU_288_A,"ARG_284_A,PHE_287_A,PHE_289_A"
PHE_289_A,"ARG_262_A,GLY_285_A,GLU_288_A,TRP_290_A"
TRP_290_A,"ALA_265_A,GLU_286_A,PHE_289_A,ALA_291_A,HIS_293_A,LEU_295_A,ILE_297_A"
ALA_291_A,"PHE_287_A,TRP_290_A,ALA_292_A,GLY_294_A"
ALA_292_A,"ALA_291_A,HIS_293_A"
HIS_293_A,"ARG_266_A,TRP_290_A,ALA_292_A,GLY_294_A"
GLY_294_A,"ALA_291_A,HIS_293_A,LEU_295_A"
LEU_295_A,"LEU_268_A,TRP_290_A,GLY_294_A,GLU_296_A"
GLU_296_A,"LEU_295_A,ILE_297_A,GLY_316_A,ALA_318_A"
ILE_297_A,"TYR_258_A,LEU_282_A,TRP_290_A,GLU_296_A,CYS_298_A"
CYS_298_A,"ALA_275_A,PHE_276_A,SER_277_A,ILE_297_A,ASP_299_A"
ASP_299_A,"CYS_298_A,GLY_300_A,ASN_313_A"
GLY_300_A,"ASP_299_A,ILE_301_A"
ILE_301_A,"GLY_300_A,GLY_302_A,LEU_311_A,THR_323_A,PHE_384_A"
GLY_302_A,"ILE_301_A,ALA_303_A"
ALA_303_A,"GLY_302_A,THR_304_A,VAL_306_A"
THR_304_A,"GLN_162_A,VAL_174_A,HIS_176_A,ALA_303_A,GLU_305_A"
GLU_305_A,"LYS_172_A,THR_304_A,VAL_306_A,SER_359_A,TYR_362_A,ARG_372_A,PHE_373_A,TYR_378_A"
VAL_306_A,"ALA_303_A,GLU_305_A,GLY_307_A,HIS_308_A,PHE_310_A,TYR_330_A,TYR_378_A"
GLY_307_A,"VAL_306_A,HIS_308_A"
HIS_308_A,"PHE_184_A,VAL_306_A,GLY_307_A,VAL_309_A"
VAL_309_A,"PHE_188_A,HIS_308_A,PHE_310_A,ALA_312_A"
PHE_310_A,"VAL_306_A,VAL_309_A,LEU_311_A,LEU_327_A,TYR_330_A,VAL_353_A"
LEU_311_A,"ILE_301_A,PHE_310_A,ALA_312_A"
ALA_312_A,"LEU_192_A,VAL_309_A,LEU_311_A,ASN_313_A,LEU_325_A"
ASN_313_A,"ASP_299_A,ALA_312_A,ARG_314_A,ALA_318_A,ARG_319_A,SER_322_A"
ARG_314_A,"ASN_313_A,GLN_317_A"
PRO_315_A,GLY_316_A
GLY_316_A,"GLU_296_A,PRO_315_A,GLN_317_A"
GLN_317_A,"ARG_314_A,GLY_316_A,ALA_318_A"
ALA_318_A,"PHE_287_A,GLU_296_A,ASN_313_A,GLN_317_A,ARG_319_A"
ARG_319_A,"ASN_313_A,ALA_318_A,ALA_320_A,ASP_387_A"
ALA_320_A,"PHE_287_A,ARG_319_A,ASP_321_A"
ASP_321_A,"ARG_284_A,ALA_320_A,SER_322_A,ARG_393_A"
SER_322_A,"ASN_313_A,ASP_321_A,THR_323_A"
THR_323_A,"ILE_301_A,SER_322_A,GLY_324_A,TYR_392_A"
GLY_324_A,"THR_323_A,LEU_325_A,TYR_392_A"
LEU_325_A,"ALA_312_A,GLY_324_A"
PRO_326_A,LEU_327_A
LEU_327_A,"PHE_310_A,PRO_326_A,TYR_330_A"
PRO_328_A,GLY_329_A
GLY_329_A,"PRO_328_A,TYR_330_A"
TYR_330_A,"ALA_187_A,VAL_306_A,PHE_310_A,LEU_327_A,GLY_329_A,GLU_331_A"
GLU_331_A,"TYR_330_A,CYS_332_A,ARG_354_A"
CYS_332_A,"GLU_331_A,ARG_333_A,LEU_351_A"
ARG_333_A,"CYS_332_A,LEU_334_A,LEU_352_A"
LEU_334_A,"ARG_333_A,VAL_335_A,ILE_342_A,PHE_384_A"
VAL_335_A,"LEU_334_A,ASP_336_A,VAL_350_A"
ASP_336_A,"VAL_335_A,ARG_337_A,GLU_338_A,HIS_340_A,ARG_347_A"
ARG_337_A,"ASP_336_A,GLU_338_A"
GLU_338_A,"ASP_336_A,ARG_337_A,GLY_339_A,HIS_340_A"
GLY_339_A,"GLU_338_A,HIS_340_A"
HIS_340_A,"ASP_336_A,GLU_338_A,GLY_339_A,THR_341_A"
THR_341_A,"HIS_340_A,ILE_342_A"
ILE_342_A,"LEU_334_A,THR_341_A,GLU_343_A,ARG_386_A"
GLU_343_A,"ILE_342_A,GLU_344_A,ARG_386_A"
GLU_344_A,"GLU_343_A,ALA_345_A,ARG_347_A"
ALA_345_A,"GLU_344_A,GLY_346_A"
GLY_346_A,"ALA_345_A,ARG_347_A,ARG_386_A"
ARG_347_A,"ASP_336_A,GLU_344_A,GLY_346_A,GLN_348_A"
GLN_348_A,"ARG_347_A,GLY_349_A"
GLY_349_A,"GLN_348_A,VAL_350_A,PHE_384_A"
VAL_350_A,"VAL_335_A,GLY_349_A,LEU_351_A,GLU_398_A"
LEU_351_A,"CYS_332_A,VAL_350_A,LEU_352_A,THR_380_A,ASP_382_A,PHE_384_A"
LEU_352_A,"ARG_333_A,LEU_351_A,VAL_353_A,TRP_377_A"
VAL_353_A,"PHE_310_A,LEU_352_A,ARG_354_A,TYR_378_A"
ARG_354_A,"GLU_331_A,VAL_353_A,GLY_355_A,TRP_377_A"
GLY_355_A,ARG_354_A
PRO_356_A,GLY_357_A
GLY_357_A,"ASN_180_A,PRO_356_A,LEU_358_A"
LEU_358_A,"GLY_357_A,SER_359_A,TYR_378_A"
SER_359_A,"MET_175_A,GLU_305_A,LEU_358_A,GLY_361_A"
PRO_360_A,GLY_361_A
GLY_361_A,"MET_175_A,SER_359_A,PRO_360_A,TYR_362_A"
TYR_362_A,"VAL_174_A,GLU_305_A,GLY_361_A,TRP_363_A,ALA_365_A,PHE_373_A"
TRP_363_A,"GLY_173_A,TYR_362_A,ARG_364_A"
ARG_364_A,"ASP_98_A,TRP_363_A,ALA_365_A"
ALA_365_A,"TYR_362_A,ARG_364_A,SER_366_A,GLN_369_A"
SER_366_A,"ALA_365_A,GLU_367_A,GLN_369_A,GLN_370_A"
GLU_367_A,"SER_366_A,GLU_368_A,ALA_371_A"
GLU_368_A,"GLU_367_A,GLN_369_A"
GLN_369_A,"ALA_365_A,SER_366_A,GLU_368_A,GLN_370_A"
GLN_370_A,"SER_366_A,GLN_369_A,ALA_371_A,PHE_373_A"
ALA_371_A,"GLU_367_A,GLN_370_A,ARG_372_A,ALA_374_A"
ARG_372_A,"LYS_172_A,GLU_305_A,ALA_371_A,PHE_373_A,ARG_379_A,ARG_397_A,GLU_398_A"
PHE_373_A,"GLU_305_A,TYR_362_A,GLN_370_A,ARG_372_A,ALA_374_A"
ALA_374_A,"ALA_371_A,PHE_373_A,GLY_375_A"
GLY_375_A,"ALA_374_A,GLY_376_A"
GLY_376_A,"GLY_375_A,TRP_377_A"
TRP_377_A,"LEU_352_A,ARG_354_A,GLY_376_A,TYR_378_A"
TYR_378_A,"GLU_305_A,VAL_306_A,VAL_353_A,LEU_358_A,TRP_377_A,ARG_379_A"
ARG_379_A,"ARG_372_A,TYR_378_A,THR_380_A,GLU_398_A"
THR_380_A,"LEU_351_A,ARG_379_A,GLY_381_A,ARG_397_A"
GLY_381_A,"THR_380_A,ASP_382_A,GLU_398_A"
ASP_382_A,"LEU_351_A,GLY_381_A,LEU_383_A,PHE_384_A,HIS_394_A,ARG_397_A"
LEU_383_A,"ASP_382_A,PHE_384_A,CYS_395_A,GLY_396_A"
PHE_384_A,"ILE_301_A,LEU_334_A,GLY_349_A,LEU_351_A,ASP_382_A,LEU_383_A,GLU_385_A,HIS_394_A"
GLU_385_A,"PHE_384_A,ARG_386_A,ARG_393_A"
ARG_386_A,"ILE_342_A,GLU_343_A,GLY_346_A,GLU_385_A,ASP_387_A,TYR_392_A"
ASP_387_A,"ARG_319_A,ARG_386_A,GLU_388_A,SER_389_A,GLY_390_A,ALA_391_A"
GLU_388_A,"ASP_387_A,SER_389_A"
SER_389_A,"ASP_387_A,GLU_388_A,GLY_390_A"
GLY_390_A,"ASP_387_A,SER_389_A,ALA_391_A"
ALA_391_A,"ASP_387_A,GLY_390_A,TYR_392_A"
TYR_392_A,"THR_323_A,GLY_324_A,ARG_386_A,ALA_391_A,ARG_393_A"
ARG_393_A,"ASP_321_A,GLU_385_A,TYR_392_A,HIS_394_A"
HIS_394_A,"ASP_382_A,PHE_384_A,ARG_393_A,CYS_395_A,ARG_397_A"
CYS_395_A,"LEU_383_A,HIS_394_A,GLY_396_A"
GLY_396_A,"LEU_383_A,CYS_395_A,ARG_397_A"
ARG_397_A,"ARG_372_A,THR_380_A,ASP_382_A,HIS_394_A,GLY_396_A,GLU_398_A"
GLU_398_A,"VAL_350_A,ARG_372_A,ARG_379_A,GLY_381_A,ARG_397_A,ASP_399_A"
ASP_399_A,GLU_398_A
