residue_id,neighbors
SER_-2_D,ASN_-1_D
ASN_-1_D,"SER_-2_D,ALA_0_D"
ALA_0_D,ASN_-1_D
ASP_2_D,LYS_3_D
LYS_3_D,"ASP_2_D,TYR_4_D"
TYR_4_D,"LYS_3_D,LEU_7_D"
PRO_5_D,PHE_6_D
PHE_6_D,"PRO_5_D,LEU_7_D"
LEU_7_D,"TYR_4_D,PHE_6_D,ARG_8_D"
ARG_8_D,"LEU_7_D,GLU_9_D,SER_13_D"
GLU_9_D,"ARG_8_D,ALA_10_D,SER_12_D"
ALA_10_D,"GLU_9_D,GLY_11_D"
GLY_11_D,"ALA_10_D,SER_12_D"
SER_12_D,"GLU_9_D,GLY_11_D,SER_13_D"
SER_13_D,"ARG_8_D,SER_12_D,PHE_14_D"
PHE_14_D,"SER_13_D,LYS_15_D"
LYS_15_D,"PHE_14_D,ASP_16_D,ASP_24_D"
ASP_16_D,"LYS_15_D,ARG_17_D,ASP_18_D,VAL_19_D"
ARG_17_D,"ASP_16_D,ASP_18_D"
ASP_18_D,"ASP_16_D,ARG_17_D,VAL_19_D"
VAL_19_D,"ASP_16_D,ASP_18_D,THR_20_D,LYS_21_D"
THR_20_D,"VAL_19_D,LYS_21_D"
LYS_21_D,"VAL_19_D,THR_20_D,ASP_24_D,HIS_67_D"
SER_23_D,ASP_24_D
ASP_24_D,"LYS_15_D,LYS_21_D,SER_23_D,LEU_25_D"
LEU_25_D,"ASP_24_D,ILE_26_D,ALA_70_D,LEU_84_D"
ILE_26_D,"LEU_25_D,ALA_27_D,LEU_39_D"
ALA_27_D,"ILE_26_D,THR_28_D,ASP_86_D"
THR_28_D,"ALA_27_D,TRP_29_D"
TRP_29_D,"THR_28_D,ASP_30_D,GLN_32_D,ILE_34_D,TYR_85_D,ASP_86_D,LEU_87_D,HIS_115_D"
ASP_30_D,"TRP_29_D,GLY_31_D,GLN_32_D"
GLY_31_D,"ASP_30_D,GLN_32_D"
GLN_32_D,"TRP_29_D,ASP_30_D,GLY_31_D,ASP_33_D,TYR_85_D"
ASP_33_D,"GLN_32_D,ILE_34_D,HIS_115_D"
ILE_34_D,"TRP_29_D,ASP_33_D,LYS_35_D,ALA_38_D"
LYS_35_D,"ILE_34_D,GLY_36_D,GLU_82_D"
GLY_36_D,"LYS_35_D,ASP_117_D"
PRO_37_D,"ALA_38_D,LEU_84_D,LEU_310_D"
ALA_38_D,"ILE_34_D,PRO_37_D,LEU_39_D"
LEU_39_D,"ILE_26_D,ALA_38_D,ILE_40_D,TYR_85_D,LEU_87_D"
ILE_40_D,"LEU_39_D,GLY_41_D,ILE_90_D,LEU_123_D"
GLY_41_D,"ILE_40_D,VAL_42_D,GLY_88_D,ILE_90_D"
VAL_42_D,"GLY_41_D,LEU_44_D,ILE_90_D,ILE_104_D,ILE_122_D,LEU_123_D,ILE_129_D"
PRO_43_D,LEU_44_D
LEU_44_D,"VAL_42_D,PRO_43_D,SER_45_D,ILE_92_D,ASP_126_D"
SER_45_D,"LEU_44_D,LYS_46_D"
LYS_46_D,"SER_45_D,SER_47_D"
SER_47_D,"LYS_46_D,SER_48_D,ASP_126_D,SER_128_D"
SER_48_D,"SER_47_D,ILE_49_D"
ILE_49_D,"SER_48_D,SER_50_D"
SER_50_D,"ILE_49_D,HIS_51_D"
HIS_51_D,"SER_50_D,SER_52_D"
SER_52_D,"HIS_51_D,GLY_53_D"
GLY_53_D,"SER_52_D,ALA_54_D,PHE_56_D,ASP_289_D"
ALA_54_D,"GLY_53_D,SER_55_D"
SER_55_D,"ALA_54_D,PHE_56_D"
PHE_56_D,"GLY_53_D,SER_55_D,ALA_57_D"
ALA_57_D,"PHE_56_D,ILE_61_D"
PRO_58_D,"GLY_59_D,ARG_62_D"
GLY_59_D,"PRO_58_D,THR_60_D"
THR_60_D,"GLY_59_D,ILE_61_D,ALA_64_D,SER_299_D"
ILE_61_D,"ALA_57_D,THR_60_D,ARG_62_D,LEU_65_D,LEU_306_D"
ARG_62_D,"PRO_58_D,ILE_61_D,GLN_63_D,LYS_66_D,ASP_86_D,ASP_89_D"
GLN_63_D,"ARG_62_D,ALA_64_D,HIS_67_D"
ALA_64_D,"THR_60_D,GLN_63_D,LEU_65_D,SER_68_D,ALA_303_D"
LEU_65_D,"ILE_61_D,ALA_64_D,LYS_66_D,HIS_67_D,SER_68_D"
LYS_66_D,"ARG_62_D,LEU_65_D,HIS_67_D,ASP_86_D"
HIS_67_D,"LYS_21_D,GLN_63_D,LEU_65_D,LYS_66_D,SER_68_D"
SER_68_D,"ALA_64_D,LEU_65_D,HIS_67_D,SER_69_D"
SER_69_D,"SER_68_D,ALA_70_D,TYR_71_D"
ALA_70_D,"LEU_25_D,SER_69_D,TYR_71_D"
TYR_71_D,"SER_69_D,ALA_70_D,SER_72_D"
SER_72_D,"TYR_71_D,ALA_73_D,GLY_76_D"
ALA_73_D,"SER_72_D,GLU_74_D"
GLU_74_D,"ALA_73_D,LEU_75_D,GLU_269_D,LYS_272_D,LYS_311_D"
LEU_75_D,"GLU_74_D,GLY_76_D,GLU_77_D,LYS_311_D,LEU_315_D"
GLY_76_D,"SER_72_D,LEU_75_D,GLU_77_D"
GLU_77_D,"LEU_75_D,GLY_76_D,HIS_78_D,LYS_314_D"
HIS_78_D,"GLU_77_D,VAL_79_D"
VAL_79_D,"HIS_78_D,VAL_80_D"
VAL_80_D,"VAL_79_D,SER_81_D"
SER_81_D,"VAL_80_D,GLU_82_D"
GLU_82_D,"LYS_35_D,SER_81_D,LEU_83_D"
LEU_83_D,"GLU_82_D,LEU_84_D,TYR_85_D"
LEU_84_D,"LEU_25_D,PRO_37_D,LEU_83_D,TYR_85_D"
TYR_85_D,"TRP_29_D,GLN_32_D,LEU_39_D,LEU_83_D,LEU_84_D,ASP_86_D"
ASP_86_D,"ALA_27_D,TRP_29_D,ARG_62_D,LYS_66_D,TYR_85_D,LEU_87_D,ASP_89_D"
LEU_87_D,"TRP_29_D,LEU_39_D,ASP_86_D,GLY_88_D,TRP_118_D"
GLY_88_D,"GLY_41_D,LEU_87_D,ASP_89_D"
ASP_89_D,"ARG_62_D,ASP_86_D,GLY_88_D,ILE_90_D"
ILE_90_D,"ILE_40_D,GLY_41_D,VAL_42_D,ASP_89_D,ASP_91_D"
ASP_91_D,"ILE_90_D,ILE_92_D,HIS_103_D"
ILE_92_D,"LEU_44_D,ASP_91_D,HIS_93_D"
HIS_93_D,"ILE_92_D,VAL_94_D,ASP_96_D,LYS_99_D,SER_100_D,HIS_103_D"
VAL_94_D,"HIS_93_D,THR_95_D"
THR_95_D,"VAL_94_D,ASP_96_D"
ASP_96_D,"HIS_93_D,THR_95_D,ILE_97_D,VAL_98_D,LYS_99_D"
ILE_97_D,"ASP_96_D,VAL_98_D"
VAL_98_D,"ASP_96_D,ILE_97_D,LYS_99_D,HIS_102_D"
LYS_99_D,"HIS_93_D,ASP_96_D,VAL_98_D,SER_100_D,HIS_103_D"
SER_100_D,"HIS_93_D,LYS_99_D,HIS_101_D"
HIS_101_D,"SER_100_D,HIS_102_D,PHE_105_D,ASP_126_D"
HIS_102_D,"VAL_98_D,HIS_101_D,HIS_103_D,GLN_106_D,LYS_135_D"
HIS_103_D,"ASP_91_D,HIS_93_D,LYS_99_D,HIS_102_D,ILE_104_D,THR_107_D"
ILE_104_D,"VAL_42_D,HIS_103_D,PHE_105_D"
PHE_105_D,"HIS_101_D,ILE_104_D,GLN_106_D,HIS_109_D,LYS_135_D"
GLN_106_D,"HIS_102_D,PHE_105_D,THR_107_D,ALA_110_D"
THR_107_D,"HIS_103_D,GLN_106_D,LEU_111_D"
HIS_109_D,"PHE_105_D,ALA_110_D,SER_113_D"
ALA_110_D,"GLN_106_D,HIS_109_D,LEU_111_D,ASP_114_D"
LEU_111_D,"THR_107_D,ALA_110_D,LEU_112_D,HIS_115_D,TRP_118_D"
LEU_112_D,"LEU_111_D,SER_113_D,TRP_118_D,THR_140_D"
SER_113_D,"HIS_109_D,LEU_112_D,ASP_114_D"
ASP_114_D,"ALA_110_D,SER_113_D,HIS_115_D"
HIS_115_D,"TRP_29_D,ASP_33_D,LEU_111_D,ASP_114_D,ASP_117_D,TRP_118_D"
PRO_116_D,"ASP_117_D,LYS_141_D"
ASP_117_D,"GLY_36_D,HIS_115_D,PRO_116_D,TRP_118_D"
TRP_118_D,"LEU_87_D,LEU_111_D,LEU_112_D,HIS_115_D,ASP_117_D,VAL_119_D,PRO_120_D"
VAL_119_D,TRP_118_D
PRO_120_D,"TRP_118_D,LEU_121_D,ILE_122_D,ILE_283_D"
LEU_121_D,"PRO_120_D,ILE_122_D"
ILE_122_D,"VAL_42_D,PRO_120_D,LEU_121_D,LEU_123_D,THR_133_D,ILE_283_D,GLU_284_D,ILE_285_D"
LEU_123_D,"ILE_40_D,VAL_42_D,ILE_122_D,GLY_124_D,LEU_306_D"
GLY_124_D,"LEU_123_D,GLY_125_D,ILE_285_D"
GLY_125_D,"GLY_124_D,ASP_126_D"
ASP_126_D,"LEU_44_D,SER_47_D,HIS_101_D,GLY_125_D,ASN_127_D,SER_128_D,GLU_287_D"
ASN_127_D,"ASP_126_D,SER_128_D,GLU_287_D"
SER_128_D,"SER_47_D,ASP_126_D,ASN_127_D,ILE_129_D"
ILE_129_D,"VAL_42_D,SER_128_D,SER_130_D"
SER_130_D,"ILE_129_D,TYR_131_D,GLU_284_D"
TYR_131_D,"SER_130_D,SER_132_D,ARG_171_D,GLU_175_D,ILE_177_D"
SER_132_D,"TYR_131_D,THR_133_D"
THR_133_D,"ILE_122_D,SER_132_D,ILE_134_D,GLU_284_D"
ILE_134_D,"THR_133_D,LYS_135_D,ALA_138_D,PHE_238_D"
LYS_135_D,"HIS_102_D,PHE_105_D,ILE_134_D,ALA_136_D,GLN_139_D,GLU_175_D,ILE_177_D"
ALA_136_D,"LYS_135_D,ILE_137_D,THR_140_D"
ILE_137_D,"ALA_136_D,ALA_138_D,LYS_141_D"
ALA_138_D,"ILE_134_D,ILE_137_D,GLN_139_D,ILE_177_D"
GLN_139_D,"LYS_135_D,ALA_138_D,THR_140_D"
THR_140_D,"LEU_112_D,ALA_136_D,GLN_139_D,LYS_141_D"
LYS_141_D,"PRO_116_D,ILE_137_D,THR_140_D,GLY_142_D"
GLY_142_D,"LYS_141_D,THR_143_D,THR_144_D"
THR_143_D,"GLY_142_D,THR_144_D,ASP_235_D"
THR_144_D,"GLY_142_D,THR_143_D,ALA_145_D"
ALA_145_D,"THR_144_D,VAL_146_D,VAL_230_D,PHE_236_D,PHE_238_D"
VAL_146_D,"ALA_145_D,ILE_147_D,ILE_178_D,HIS_182_D,ILE_184_D"
ILE_147_D,"VAL_146_D,GLN_148_D,PHE_149_D,LEU_186_D,LEU_227_D,PHE_238_D,SER_240_D,ILE_274_D"
GLN_148_D,"ILE_147_D,PHE_149_D,ILE_184_D,GLN_185_D,LEU_186_D"
PHE_149_D,"ILE_147_D,GLN_148_D,ASP_150_D,LEU_186_D,SER_240_D,LEU_267_D"
ASP_150_D,"PHE_149_D,ALA_151_D,HIS_152_D,ASP_154_D,LEU_186_D,ASP_242_D,ASP_244_D"
ALA_151_D,"ASP_150_D,HIS_152_D,ARG_189_D"
HIS_152_D,"ASP_150_D,ALA_151_D,HIS_153_D,ASP_154_D,ASP_242_D,ASP_244_D"
HIS_153_D,"HIS_152_D,ASP_154_D,GLN_185_D,GLU_198_D"
ASP_154_D,"ASP_150_D,HIS_152_D,HIS_153_D,VAL_155_D,PHE_169_D,ASP_242_D"
VAL_155_D,"ASP_154_D,ARG_156_D,ARG_170_D,TYR_197_D,TYR_200_D"
ARG_156_D,"VAL_155_D,ASN_157_D,GLY_166_D,TYR_197_D"
ASN_157_D,"ARG_156_D,THR_158_D,TYR_197_D"
THR_158_D,"ASN_157_D,GLU_159_D,GLY_162_D"
GLU_159_D,"THR_158_D,ASP_160_D,ARG_170_D"
ASP_160_D,"GLU_159_D,GLY_161_D"
GLY_161_D,"ASP_160_D,GLY_162_D"
GLY_162_D,"THR_158_D,GLY_161_D,THR_164_D"
PRO_163_D,THR_164_D
THR_164_D,"GLY_162_D,PRO_163_D,ASN_165_D"
ASN_165_D,"THR_164_D,GLY_166_D"
GLY_166_D,"ARG_156_D,ASN_165_D,THR_167_D"
THR_167_D,GLY_166_D
PRO_168_D,"PHE_169_D,LEU_172_D"
PHE_169_D,"ASP_154_D,PRO_168_D,ARG_170_D,LEU_172_D,LEU_173_D"
ARG_170_D,"VAL_155_D,GLU_159_D,PHE_169_D,ARG_171_D,ASP_174_D"
ARG_171_D,"TYR_131_D,ARG_170_D,LEU_172_D,GLU_175_D"
LEU_172_D,"PRO_168_D,PHE_169_D,ARG_171_D,LEU_173_D"
LEU_173_D,"PHE_169_D,LEU_172_D,ASP_174_D"
ASP_174_D,"ARG_170_D,LEU_173_D,GLU_175_D,TYR_200_D,HIS_204_D"
GLU_175_D,"TYR_131_D,LYS_135_D,ARG_171_D,ASP_174_D,GLU_176_D"
GLU_176_D,"GLU_175_D,ILE_177_D"
ILE_177_D,"TYR_131_D,LYS_135_D,ALA_138_D,GLU_176_D,ILE_178_D"
ILE_178_D,"VAL_146_D,ILE_177_D,GLU_179_D"
GLU_179_D,"ILE_178_D,GLY_180_D,GLN_181_D,HIS_182_D"
GLY_180_D,"GLU_179_D,GLN_181_D"
GLN_181_D,"GLU_179_D,GLY_180_D,HIS_182_D,ASN_207_D"
HIS_182_D,"VAL_146_D,GLU_179_D,GLN_181_D,LEU_183_D,LYS_233_D"
LEU_183_D,"HIS_182_D,ILE_184_D,VAL_206_D"
ILE_184_D,"VAL_146_D,GLN_148_D,LEU_183_D,GLN_185_D,ILE_226_D,VAL_230_D"
GLN_185_D,"GLN_148_D,HIS_153_D,ILE_184_D,LEU_186_D,VAL_206_D,ASN_207_D,HIS_209_D"
LEU_186_D,"ILE_147_D,GLN_148_D,PHE_149_D,ASP_150_D,GLN_185_D,GLY_187_D"
GLY_187_D,"LEU_186_D,ILE_188_D,HIS_209_D"
ILE_188_D,"GLY_187_D,ARG_189_D,ILE_208_D"
ARG_189_D,"ALA_151_D,ILE_188_D,GLU_190_D,ASP_244_D,ASP_247_D,GLY_258_D"
GLU_190_D,"ARG_189_D,PHE_191_D"
PHE_191_D,"GLU_190_D,SER_192_D"
SER_192_D,"PHE_191_D,ASN_193_D"
ASN_193_D,"SER_192_D,SER_194_D"
SER_194_D,"ASN_193_D,GLN_195_D"
GLN_195_D,"SER_194_D,ALA_196_D,ALA_199_D"
ALA_196_D,"GLN_195_D,TYR_197_D,TYR_200_D"
TYR_197_D,"VAL_155_D,ARG_156_D,ASN_157_D,ALA_196_D,GLU_198_D"
GLU_198_D,"HIS_153_D,TYR_197_D,ALA_199_D,LYS_202_D"
ALA_199_D,"GLN_195_D,GLU_198_D,TYR_200_D,LYS_203_D"
TYR_200_D,"VAL_155_D,ASP_174_D,ALA_196_D,ALA_199_D,ALA_201_D,HIS_204_D"
ALA_201_D,"TYR_200_D,LYS_202_D,VAL_206_D"
LYS_202_D,"GLU_198_D,ALA_201_D,LYS_203_D,ASN_205_D"
LYS_203_D,"ALA_199_D,LYS_202_D,HIS_204_D"
HIS_204_D,"ASP_174_D,TYR_200_D,LYS_203_D,ASN_205_D"
ASN_205_D,"LYS_202_D,HIS_204_D,VAL_206_D"
VAL_206_D,"LEU_183_D,GLN_185_D,ALA_201_D,ASN_205_D,ASN_207_D"
ASN_207_D,"GLN_181_D,GLN_185_D,VAL_206_D,ILE_208_D"
ILE_208_D,"ILE_188_D,ASN_207_D,HIS_209_D"
HIS_209_D,"GLN_185_D,GLY_187_D,ILE_208_D,THR_210_D"
THR_210_D,"HIS_209_D,ILE_214_D"
ASP_212_D,GLU_216_D
ILE_214_D,"THR_210_D,ARG_215_D,GLY_218_D"
ARG_215_D,"ILE_214_D,GLU_216_D,GLU_266_D"
GLU_216_D,"ASP_212_D,ARG_215_D,LYS_217_D"
LYS_217_D,"GLU_216_D,GLY_218_D,GLU_225_D"
GLY_218_D,"ILE_214_D,LYS_217_D,LEU_219_D,THR_222_D"
LEU_219_D,"GLY_218_D,ILE_220_D,ALA_270_D"
ILE_220_D,LEU_219_D
PRO_221_D,"THR_222_D,GLU_225_D"
THR_222_D,"GLY_218_D,PRO_221_D,ILE_223_D"
ILE_223_D,"THR_222_D,LYS_224_D,LEU_227_D"
LYS_224_D,"ILE_223_D,GLU_225_D"
GLU_225_D,"LYS_217_D,PRO_221_D,LYS_224_D,ILE_226_D"
ILE_226_D,"ILE_184_D,GLU_225_D,LEU_227_D"
LEU_227_D,"ILE_147_D,ILE_223_D,ILE_226_D,VAL_230_D,GLN_231_D"
PRO_228_D,VAL_229_D
VAL_229_D,"PRO_228_D,VAL_230_D"
VAL_230_D,"ALA_145_D,ILE_184_D,LEU_227_D,VAL_229_D,GLN_231_D,LYS_233_D,THR_234_D"
GLN_231_D,"LEU_227_D,VAL_230_D,ASP_232_D"
ASP_232_D,"GLN_231_D,LYS_233_D"
LYS_233_D,"HIS_182_D,VAL_230_D,ASP_232_D,THR_234_D"
THR_234_D,"VAL_230_D,LYS_233_D,ASP_235_D"
ASP_235_D,"THR_143_D,THR_234_D,PHE_236_D"
PHE_236_D,"ALA_145_D,ASP_235_D,ILE_237_D"
ILE_237_D,"PHE_236_D,PHE_238_D,VAL_280_D,ALA_281_D"
PHE_238_D,"ILE_134_D,ALA_145_D,ILE_147_D,ILE_237_D,ILE_239_D,GLU_284_D"
ILE_239_D,"PHE_238_D,SER_240_D,ILE_274_D,GLY_282_D,ILE_283_D,GLU_284_D"
SER_240_D,"ILE_147_D,PHE_149_D,ILE_239_D,VAL_241_D,GLU_284_D"
VAL_241_D,"SER_240_D,ASP_242_D,GLU_284_D,VAL_286_D"
ASP_242_D,"ASP_150_D,HIS_152_D,ASP_154_D,VAL_241_D,ASP_244_D,VAL_286_D,GLU_287_D"
ASP_244_D,"ASP_150_D,HIS_152_D,ARG_189_D,ASP_242_D,VAL_245_D,CYS_254_D,GLU_287_D"
VAL_245_D,"ASP_244_D,LEU_246_D,LEU_262_D"
LEU_246_D,"VAL_245_D,ASP_247_D"
ASP_247_D,"ARG_189_D,LEU_246_D,GLN_248_D,SER_249_D,HIS_250_D,ALA_251_D,GLY_260_D,LEU_262_D,TYR_263_D"
GLN_248_D,"ASP_247_D,SER_249_D,ILE_257_D"
SER_249_D,"ASP_247_D,GLN_248_D,HIS_250_D"
HIS_250_D,"ASP_247_D,SER_249_D,ALA_251_D,TYR_263_D,ASP_265_D"
ALA_251_D,"ASP_247_D,HIS_250_D,THR_298_D"
PRO_252_D,GLY_253_D
GLY_253_D,"PRO_252_D,CYS_254_D,ASP_289_D,THR_298_D"
CYS_254_D,"ASP_244_D,GLY_253_D"
PRO_255_D,ALA_256_D
ALA_256_D,"PRO_255_D,ILE_257_D"
ILE_257_D,"GLN_248_D,ALA_256_D,GLY_258_D"
GLY_258_D,"ARG_189_D,ILE_257_D"
PRO_259_D,GLY_260_D
GLY_260_D,"ASP_247_D,PRO_259_D,GLY_261_D"
GLY_261_D,"GLY_260_D,LEU_262_D"
LEU_262_D,"VAL_245_D,ASP_247_D,GLY_261_D,TYR_263_D"
TYR_263_D,"ASP_247_D,HIS_250_D,LEU_262_D,THR_264_D"
THR_264_D,"TYR_263_D,ASP_265_D,LEU_267_D,LEU_268_D"
ASP_265_D,"HIS_250_D,THR_264_D,GLU_266_D"
GLU_266_D,"ARG_215_D,ASP_265_D,LEU_267_D"
LEU_267_D,"PHE_149_D,THR_264_D,GLU_266_D,LEU_268_D,VAL_271_D"
LEU_268_D,"THR_264_D,LEU_267_D,GLU_269_D,LYS_272_D,HIS_304_D"
GLU_269_D,"GLU_74_D,LEU_268_D,ALA_270_D,LYS_272_D,TYR_273_D,HIS_308_D,LYS_311_D"
ALA_270_D,"LEU_219_D,GLU_269_D,VAL_271_D,ILE_274_D"
VAL_271_D,"LEU_267_D,ALA_270_D,LYS_272_D,ALA_275_D,ALA_309_D"
LYS_272_D,"GLU_74_D,LEU_268_D,GLU_269_D,VAL_271_D,TYR_273_D,HIS_308_D,LYS_311_D"
TYR_273_D,"GLU_269_D,LYS_272_D,ILE_274_D,GLN_277_D"
ILE_274_D,"ILE_147_D,ILE_239_D,ALA_270_D,TYR_273_D,ALA_275_D,GLN_277_D"
ALA_275_D,"VAL_271_D,ILE_274_D,GLN_276_D"
GLN_276_D,"ALA_275_D,GLN_277_D"
GLN_277_D,"TYR_273_D,ILE_274_D,GLN_276_D"
PRO_278_D,"ASN_279_D,PHE_318_D"
ASN_279_D,"PRO_278_D,VAL_280_D"
VAL_280_D,"ILE_237_D,ASN_279_D,ALA_281_D"
ALA_281_D,"ILE_237_D,VAL_280_D,GLY_282_D"
GLY_282_D,"ILE_239_D,ALA_281_D,ILE_283_D"
ILE_283_D,"PRO_120_D,ILE_122_D,ILE_239_D,GLY_282_D,GLU_284_D"
GLU_284_D,"ILE_122_D,SER_130_D,THR_133_D,PHE_238_D,ILE_239_D,SER_240_D,VAL_241_D,ILE_283_D,ILE_285_D"
ILE_285_D,"ILE_122_D,GLY_124_D,GLU_284_D,VAL_286_D,LEU_306_D"
VAL_286_D,"VAL_241_D,ASP_242_D,ILE_285_D,GLU_287_D"
GLU_287_D,"ASP_126_D,ASN_127_D,ASP_242_D,ASP_244_D,VAL_286_D,VAL_288_D"
VAL_288_D,"GLU_287_D,ASP_289_D"
ASP_289_D,"GLY_53_D,GLY_253_D,VAL_288_D,THR_291_D,LEU_292_D"
PRO_290_D,THR_291_D
THR_291_D,"ASP_289_D,PRO_290_D,LEU_292_D"
LEU_292_D,"ASP_289_D,THR_291_D,ASP_293_D"
ASP_293_D,"LEU_292_D,PHE_294_D,ASP_296_D,THR_298_D"
PHE_294_D,"ASP_293_D,ARG_295_D"
ARG_295_D,"PHE_294_D,ASP_296_D,ARG_300_D"
ASP_296_D,"ASP_293_D,ARG_295_D,SER_299_D,ARG_300_D"
THR_298_D,"ALA_251_D,GLY_253_D,ASP_293_D,SER_299_D"
SER_299_D,"THR_60_D,ASP_296_D,THR_298_D,ARG_300_D,ALA_303_D"
ARG_300_D,"ARG_295_D,ASP_296_D,SER_299_D,ALA_301_D,HIS_304_D"
ALA_301_D,"ARG_300_D,ALA_302_D"
ALA_302_D,"ALA_301_D,ALA_303_D"
ALA_303_D,"ALA_64_D,SER_299_D,ALA_302_D,HIS_304_D,LEU_307_D"
HIS_304_D,"LEU_268_D,ARG_300_D,ALA_303_D,VAL_305_D,HIS_308_D"
VAL_305_D,"HIS_304_D,LEU_306_D,ALA_309_D"
LEU_306_D,"ILE_61_D,LEU_123_D,ILE_285_D,VAL_305_D,LEU_307_D,LEU_310_D"
LEU_307_D,"ALA_303_D,LEU_306_D,HIS_308_D,LYS_311_D"
HIS_308_D,"GLU_269_D,LYS_272_D,HIS_304_D,LEU_307_D,ALA_309_D,LYS_311_D,GLY_312_D"
ALA_309_D,"VAL_271_D,VAL_305_D,HIS_308_D,LEU_310_D"
LEU_310_D,"PRO_37_D,LEU_306_D,ALA_309_D,LYS_311_D,LYS_314_D"
LYS_311_D,"GLU_74_D,LEU_75_D,GLU_269_D,LYS_272_D,LEU_307_D,HIS_308_D,LEU_310_D,GLY_312_D"
GLY_312_D,"HIS_308_D,LYS_311_D"
LYS_314_D,"GLU_77_D,LEU_310_D,LEU_315_D"
LEU_315_D,"LEU_75_D,LYS_314_D,SER_316_D"
SER_316_D,LEU_315_D
PRO_317_D,PHE_318_D
PHE_318_D,"PRO_278_D,PRO_317_D"
