residue_id,neighbors
ASP_24_A,"HIS_25_A,GLU_212_A"
HIS_25_A,"ASP_24_A,VAL_26_A"
VAL_26_A,"HIS_25_A,SER_27_A,PHE_61_A"
SER_27_A,"VAL_26_A,VAL_28_A"
VAL_28_A,"SER_27_A,GLY_29_A"
GLY_29_A,"VAL_28_A,GLU_30_A"
GLU_30_A,"GLY_29_A,THR_31_A"
THR_31_A,"GLU_30_A,GLN_32_A"
GLN_32_A,"THR_31_A,ILE_33_A"
ILE_33_A,"GLN_32_A,ILE_149_A,MET_157_A"
PRO_34_A,"LYS_35_A,SER_37_A"
LYS_35_A,"PRO_34_A,ALA_36_A,THR_38_A,GLN_39_A,GLU_55_A,ARG_59_A"
ALA_36_A,"LYS_35_A,SER_37_A,GLN_39_A,HIS_40_A"
SER_37_A,"PRO_34_A,ALA_36_A,THR_38_A,LEU_41_A"
THR_38_A,"LYS_35_A,SER_37_A,GLN_39_A,LEU_42_A,ARG_59_A"
GLN_39_A,"LYS_35_A,ALA_36_A,THR_38_A,HIS_40_A,ARG_43_A"
HIS_40_A,"ALA_36_A,GLN_39_A,LEU_41_A,LYS_44_A,GLU_137_A"
LEU_41_A,"SER_37_A,HIS_40_A,LEU_42_A,ALA_45_A,ILE_148_A"
LEU_42_A,"THR_38_A,LEU_41_A,ARG_43_A,GLY_46_A,SER_47_A,ALA_50_A,LEU_191_A"
ARG_43_A,"GLN_39_A,LEU_42_A,LYS_44_A,GLY_46_A,ARG_120_A,GLU_137_A"
LYS_44_A,"HIS_40_A,ARG_43_A,ALA_45_A,GLN_141_A"
ALA_45_A,"LEU_41_A,LYS_44_A,GLY_46_A,LEU_191_A"
GLY_46_A,"LEU_42_A,ARG_43_A,ALA_45_A,SER_47_A"
SER_47_A,"LEU_42_A,GLY_46_A,LEU_48_A"
LEU_48_A,"SER_47_A,SER_49_A,THR_204_A"
SER_49_A,"LEU_48_A,ALA_50_A,VAL_206_A"
ALA_50_A,"LEU_42_A,SER_49_A,ALA_51_A"
ALA_51_A,"ALA_50_A,GLY_52_A,ASP_53_A,THR_54_A,VAL_206_A"
GLY_52_A,"ALA_51_A,ASP_53_A"
ASP_53_A,"ALA_51_A,GLY_52_A,THR_54_A,GLU_55_A"
THR_54_A,"ALA_51_A,ASP_53_A,GLU_55_A"
GLU_55_A,"LYS_35_A,ASP_53_A,THR_54_A,VAL_56_A,ARG_59_A"
VAL_56_A,"GLU_55_A,GLY_60_A"
PRO_57_A,"ILE_58_A,GLY_60_A,PHE_61_A"
ILE_58_A,"PRO_57_A,ARG_59_A,VAL_62_A,ILE_211_A"
ARG_59_A,"LYS_35_A,THR_38_A,GLU_55_A,ILE_58_A,GLY_60_A,HIS_63_A"
GLY_60_A,"VAL_56_A,PRO_57_A,ARG_59_A,PHE_61_A,MET_64_A"
PHE_61_A,"VAL_26_A,PRO_57_A,GLY_60_A,VAL_62_A,LYS_65_A,GLU_212_A,PHE_215_A"
VAL_62_A,"ILE_58_A,PHE_61_A,HIS_63_A,LEU_66_A,VAL_183_A"
HIS_63_A,"ARG_59_A,VAL_62_A,MET_64_A,HIS_67_A,LYS_164_A"
MET_64_A,"GLY_60_A,HIS_63_A,LYS_65_A,LYS_68_A"
LYS_65_A,"PHE_61_A,MET_64_A,LEU_66_A,LYS_68_A,LEU_69_A,MET_97_A,CYS_186_A,GLU_218_A,HIS_219_A"
LEU_66_A,"VAL_62_A,LYS_65_A,HIS_67_A,VAL_70_A,PHE_154_A"
HIS_67_A,"HIS_63_A,LEU_66_A,LYS_68_A,GLN_71_A,ILE_161_A,LYS_164_A,GLU_165_A"
LYS_68_A,"MET_64_A,LYS_65_A,HIS_67_A,LEU_69_A,LYS_72_A,GLU_218_A,HIS_219_A"
LEU_69_A,"LYS_65_A,LYS_68_A,VAL_70_A,SER_73_A"
VAL_70_A,"LEU_66_A,LEU_69_A,GLN_71_A,SER_73_A,LEU_74_A"
GLN_71_A,"HIS_67_A,VAL_70_A,LYS_72_A,LEU_75_A"
LYS_72_A,"LYS_68_A,GLN_71_A,SER_73_A,ALA_76_A"
SER_73_A,"LEU_69_A,VAL_70_A,LYS_72_A,LEU_74_A,MET_77_A"
LEU_74_A,"VAL_70_A,SER_73_A,LEU_75_A,GLN_78_A"
LEU_75_A,"GLN_71_A,LEU_74_A,ALA_76_A,LEU_79_A"
ALA_76_A,"LYS_72_A,LEU_75_A,MET_77_A,ALA_80_A"
MET_77_A,"SER_73_A,ALA_76_A,GLN_78_A,ALA_80_A,ARG_82_A,VAL_169_A"
GLN_78_A,"LEU_74_A,MET_77_A,LEU_79_A"
LEU_79_A,"LEU_75_A,GLN_78_A,ALA_80_A,LYS_81_A"
ALA_80_A,"ALA_76_A,MET_77_A,LEU_79_A,LYS_81_A,ARG_82_A"
LYS_81_A,"LEU_79_A,ALA_80_A,ARG_82_A"
ARG_82_A,"MET_77_A,ALA_80_A,LYS_81_A,LYS_83_A"
LYS_83_A,"ARG_82_A,THR_84_A"
THR_84_A,"LYS_83_A,ILE_85_A,HIS_170_A"
ILE_85_A,"THR_84_A,MET_86_A,VAL_90_A,VAL_169_A,ILE_171_A"
MET_86_A,"ILE_85_A,LYS_87_A,ASP_89_A"
LYS_87_A,"MET_86_A,SER_88_A,LYS_91_A"
SER_88_A,"LYS_87_A,ASP_89_A,LYS_92_A"
ASP_89_A,"MET_86_A,SER_88_A,VAL_90_A,LYS_92_A,ALA_93_A"
VAL_90_A,"ILE_85_A,ASP_89_A,LYS_91_A,ALA_94_A,MET_178_A"
LYS_91_A,"LYS_87_A,VAL_90_A,LYS_92_A,GLU_95_A"
LYS_92_A,"SER_88_A,ASP_89_A,LYS_91_A,ALA_93_A,LEU_96_A"
ALA_93_A,"ASP_89_A,LYS_92_A,ALA_94_A,MET_97_A"
ALA_94_A,"VAL_90_A,ALA_93_A,GLU_95_A,MET_97_A,VAL_101_A"
GLU_95_A,"LYS_91_A,ALA_94_A,LEU_96_A"
LEU_96_A,"LYS_92_A,GLU_95_A,MET_97_A,HIS_98_A"
MET_97_A,"LYS_65_A,ALA_93_A,ALA_94_A,LEU_96_A,HIS_98_A,LEU_99_A"
HIS_98_A,"LEU_96_A,MET_97_A,LEU_99_A"
LEU_99_A,"MET_97_A,HIS_98_A"
PRO_100_A,VAL_101_A
VAL_101_A,"ALA_94_A,PRO_100_A,PHE_102_A,ILE_182_A"
PHE_102_A,"VAL_101_A,ALA_103_A"
ALA_103_A,"PHE_102_A,ILE_104_A,MET_178_A"
ILE_104_A,"ALA_103_A,ASP_108_A"
PRO_105_A,THR_106_A
THR_106_A,"PRO_105_A,LYS_107_A"
LYS_107_A,"THR_106_A,ASP_108_A"
ASP_108_A,"ILE_104_A,LYS_107_A,SER_109_A"
SER_109_A,"ASP_108_A,GLY_110_A"
GLY_110_A,"SER_109_A,ALA_111_A,LEU_147_A"
ALA_111_A,"GLY_110_A,LYS_112_A"
LYS_112_A,"ALA_111_A,GLY_113_A"
GLY_113_A,"LYS_112_A,SER_114_A"
SER_114_A,"GLY_113_A,VAL_115_A"
VAL_115_A,"SER_114_A,PHE_116_A"
PHE_116_A,"VAL_115_A,LEU_117_A"
LEU_117_A,"PHE_116_A,SER_118_A"
SER_118_A,"LEU_117_A,CYS_119_A"
CYS_119_A,"SER_118_A,ARG_120_A"
ARG_120_A,"ARG_43_A,CYS_119_A,GLN_121_A,GLU_137_A"
GLN_121_A,"ARG_120_A,LYS_122_A"
LYS_122_A,"GLN_121_A,GLY_123_A,GLN_136_A"
GLY_123_A,"LYS_122_A,ALA_124_A"
ALA_124_A,"GLY_123_A,GLY_125_A"
GLY_125_A,"ALA_124_A,SER_126_A"
SER_126_A,"GLY_125_A,ALA_127_A"
ALA_127_A,"SER_126_A,GLY_128_A,GLN_136_A"
GLY_128_A,"ALA_127_A,THR_129_A"
THR_129_A,"GLY_128_A,GLY_130_A"
GLY_130_A,"THR_129_A,SER_131_A"
SER_131_A,"GLY_130_A,GLU_132_A"
GLU_132_A,"SER_131_A,THR_133_A,SER_135_A,ARG_139_A"
THR_133_A,"GLU_132_A,ASN_134_A"
ASN_134_A,"THR_133_A,SER_135_A,GLN_136_A,GLU_137_A"
SER_135_A,"GLU_132_A,ASN_134_A,GLN_136_A"
GLN_136_A,"LYS_122_A,ALA_127_A,ASN_134_A,SER_135_A,GLU_137_A,SER_140_A"
GLU_137_A,"HIS_40_A,ARG_43_A,ARG_120_A,ASN_134_A,GLN_136_A,VAL_138_A,GLN_141_A"
VAL_138_A,"GLU_137_A,ARG_139_A,MET_142_A"
ARG_139_A,"GLU_132_A,VAL_138_A,SER_140_A,LYS_143_A"
SER_140_A,"GLN_136_A,ARG_139_A,GLN_141_A"
GLN_141_A,"LYS_44_A,GLU_137_A,SER_140_A,MET_142_A"
MET_142_A,"VAL_138_A,GLN_141_A,LYS_143_A,SER_144_A"
LYS_143_A,"ARG_139_A,MET_142_A,SER_144_A"
SER_144_A,"MET_142_A,LYS_143_A,THR_145_A"
THR_145_A,"SER_144_A,CYS_146_A"
CYS_146_A,"THR_145_A,LEU_147_A"
LEU_147_A,"GLY_110_A,CYS_146_A,ILE_148_A,GLN_180_A"
ILE_148_A,"LEU_41_A,LEU_147_A,ILE_149_A"
ILE_149_A,"ILE_33_A,ILE_148_A"
PRO_150_A,LYS_151_A
LYS_151_A,"PRO_150_A,GLU_152_A,ARG_155_A"
GLU_152_A,"LYS_151_A,ARG_153_A,THR_156_A"
ARG_153_A,"GLU_152_A,PHE_154_A,MET_157_A"
PHE_154_A,"LEU_66_A,ARG_153_A,ARG_155_A,ALA_158_A,LEU_176_A,LEU_179_A,GLN_180_A"
ARG_155_A,"LYS_151_A,PHE_154_A,THR_156_A,LYS_159_A,LEU_176_A"
THR_156_A,"GLU_152_A,ARG_155_A,MET_157_A,GLU_160_A"
MET_157_A,"ILE_33_A,ARG_153_A,THR_156_A,ALA_158_A,ILE_161_A"
ALA_158_A,"PHE_154_A,MET_157_A,LYS_159_A,SER_162_A"
LYS_159_A,"ARG_155_A,ALA_158_A,GLU_160_A,SER_162_A,LYS_163_A,ASP_168_A,HIS_170_A"
GLU_160_A,"THR_156_A,LYS_159_A,ILE_161_A,LYS_164_A"
ILE_161_A,"HIS_67_A,MET_157_A,GLU_160_A,SER_162_A,GLU_165_A"
SER_162_A,"ALA_158_A,LYS_159_A,ILE_161_A,LYS_163_A,GLY_166_A,HIS_167_A,ASP_168_A"
LYS_163_A,"LYS_159_A,SER_162_A,LYS_164_A,ASP_168_A"
LYS_164_A,"HIS_63_A,HIS_67_A,GLU_160_A,LYS_163_A,GLU_165_A"
GLU_165_A,"HIS_67_A,ILE_161_A,LYS_164_A,GLY_166_A"
GLY_166_A,"SER_162_A,GLU_165_A,HIS_167_A"
HIS_167_A,"SER_162_A,GLY_166_A,ASP_168_A"
ASP_168_A,"LYS_159_A,SER_162_A,LYS_163_A,HIS_167_A,VAL_169_A"
VAL_169_A,"MET_77_A,ILE_85_A,ASP_168_A,HIS_170_A"
HIS_170_A,"THR_84_A,LYS_159_A,VAL_169_A,ILE_171_A"
ILE_171_A,"ILE_85_A,HIS_170_A,ALA_172_A,LEU_176_A"
ALA_172_A,"ILE_171_A,GLU_173_A,LEU_176_A"
GLU_173_A,"ALA_172_A,ALA_174_A,ASP_177_A"
ALA_174_A,"GLU_173_A,ALA_175_A,MET_178_A"
ALA_175_A,"ALA_174_A,LEU_176_A,LEU_179_A"
LEU_176_A,"PHE_154_A,ARG_155_A,ILE_171_A,ALA_172_A,ALA_175_A,ASP_177_A,GLN_180_A"
ASP_177_A,"GLU_173_A,LEU_176_A,MET_178_A,VAL_181_A"
MET_178_A,"VAL_90_A,ALA_103_A,ALA_174_A,ASP_177_A,LEU_179_A,ILE_182_A"
LEU_179_A,"PHE_154_A,ALA_175_A,MET_178_A,GLN_180_A,VAL_183_A"
GLN_180_A,"LEU_147_A,PHE_154_A,LEU_176_A,LEU_179_A,VAL_181_A,GLU_184_A"
VAL_181_A,"ASP_177_A,GLN_180_A,ILE_182_A,SER_185_A"
ILE_182_A,"VAL_101_A,MET_178_A,VAL_181_A,VAL_183_A,CYS_186_A"
VAL_183_A,"VAL_62_A,LEU_179_A,ILE_182_A,GLU_184_A,THR_187_A"
GLU_184_A,"GLN_180_A,VAL_183_A,SER_185_A,VAL_188_A"
SER_185_A,"VAL_181_A,GLU_184_A,CYS_186_A,ARG_189_A"
CYS_186_A,"LYS_65_A,ILE_182_A,SER_185_A,THR_187_A,LEU_190_A"
THR_187_A,"VAL_183_A,CYS_186_A,VAL_188_A,LEU_191_A"
VAL_188_A,"GLU_184_A,THR_187_A,ARG_189_A,GLU_192_A"
ARG_189_A,"SER_185_A,VAL_188_A,LEU_190_A,LYS_193_A"
LEU_190_A,"CYS_186_A,ARG_189_A,LEU_191_A,ALA_194_A,ILE_211_A"
LEU_191_A,"LEU_42_A,ALA_45_A,THR_187_A,LEU_190_A,GLU_192_A,LEU_195_A"
GLU_192_A,"VAL_188_A,LEU_191_A,LYS_193_A,VAL_196_A"
LYS_193_A,"ARG_189_A,GLU_192_A,ALA_194_A,ILE_197_A"
ALA_194_A,"LEU_190_A,LYS_193_A,LEU_195_A,THR_198_A"
LEU_195_A,"LEU_191_A,ALA_194_A,VAL_196_A,THR_198_A,TYR_199_A"
VAL_196_A,"GLU_192_A,LEU_195_A,ILE_197_A,SER_200_A"
ILE_197_A,"LYS_193_A,VAL_196_A,THR_198_A,SER_200_A,GLY_201_A,ALA_214_A"
THR_198_A,"ALA_194_A,LEU_195_A,ILE_197_A,TYR_199_A,GLY_201_A,LYS_202_A,VAL_206_A"
TYR_199_A,"LEU_195_A,THR_198_A,SER_200_A,LYS_202_A"
SER_200_A,"VAL_196_A,ILE_197_A,TYR_199_A,GLY_201_A"
GLY_201_A,"ILE_197_A,THR_198_A,SER_200_A,LYS_202_A"
LYS_202_A,"THR_198_A,TYR_199_A,GLY_201_A,ARG_203_A"
ARG_203_A,"LYS_202_A,THR_204_A"
THR_204_A,"LEU_48_A,ARG_203_A,ARG_205_A"
ARG_205_A,"THR_204_A,VAL_206_A"
VAL_206_A,"SER_49_A,ALA_51_A,THR_198_A,ARG_205_A,THR_207_A"
THR_207_A,"VAL_206_A,SER_208_A,ASP_210_A"
SER_208_A,"THR_207_A,LYS_209_A,ASP_210_A,ILE_211_A"
LYS_209_A,"SER_208_A,ASP_210_A,THR_213_A"
ASP_210_A,"THR_207_A,SER_208_A,LYS_209_A,ILE_211_A,THR_213_A,ALA_214_A"
ILE_211_A,"ILE_58_A,LEU_190_A,SER_208_A,ASP_210_A,GLU_212_A,PHE_215_A"
GLU_212_A,"ASP_24_A,PHE_61_A,ILE_211_A,THR_213_A,MET_216_A"
THR_213_A,"LYS_209_A,ASP_210_A,GLU_212_A,ALA_214_A,LEU_217_A"
ALA_214_A,"ILE_197_A,ASP_210_A,THR_213_A,PHE_215_A,GLU_218_A"
PHE_215_A,"PHE_61_A,ILE_211_A,ALA_214_A,MET_216_A,GLU_218_A,HIS_219_A"
MET_216_A,"GLU_212_A,PHE_215_A,LEU_217_A,GLY_220_A"
LEU_217_A,"THR_213_A,MET_216_A,GLU_218_A"
GLU_218_A,"LYS_65_A,LYS_68_A,ALA_214_A,PHE_215_A,LEU_217_A,HIS_219_A"
HIS_219_A,"LYS_65_A,LYS_68_A,PHE_215_A,GLU_218_A,GLY_220_A"
GLY_220_A,"MET_216_A,HIS_219_A"
