residue_id,neighbors
GLY_2_R,ARG_3_R
ARG_3_R,"GLY_2_R,VAL_4_R"
VAL_4_R,"ARG_3_R,ARG_5_R"
ARG_5_R,"VAL_4_R,THR_6_R,VAL_9_R,LYS_10_R"
THR_6_R,"ARG_5_R,ARG_7_R,LYS_10_R"
ARG_7_R,"THR_6_R,THR_8_R,ARG_11_R"
THR_8_R,"ARG_7_R,VAL_9_R"
VAL_9_R,"ARG_5_R,THR_8_R,LYS_10_R"
LYS_10_R,"ARG_5_R,THR_6_R,VAL_9_R,ARG_11_R,ARG_14_R,PHE_53_R"
ARG_11_R,"ARG_7_R,LYS_10_R,ALA_12_R,GLN_15_R"
ALA_12_R,"ARG_11_R,ALA_13_R"
ALA_13_R,"ALA_12_R,ARG_14_R,PHE_53_R"
ARG_14_R,"LYS_10_R,ALA_13_R,GLN_15_R,GLU_18_R,ARG_60_R"
GLN_15_R,"ARG_11_R,ARG_14_R,ILE_16_R"
ILE_16_R,"GLN_15_R,VAL_17_R,TYR_20_R"
VAL_17_R,"ILE_16_R,GLU_18_R"
GLU_18_R,"ARG_14_R,VAL_17_R,LYS_19_R,ILE_69_R"
LYS_19_R,"GLU_18_R,TYR_20_R"
TYR_20_R,"ILE_16_R,LYS_19_R,TYR_21_R,VAL_38_R"
TYR_21_R,"TYR_20_R,ALA_22_R,ILE_61_R"
ALA_22_R,"TYR_21_R,LYS_23_R"
LYS_23_R,"ALA_22_R,LEU_24_R"
LEU_24_R,"LYS_23_R,THR_25_R,ILE_34_R,VAL_54_R,MET_58_R"
THR_25_R,"LEU_24_R,LEU_26_R"
LEU_26_R,"THR_25_R,ASP_27_R"
ASP_27_R,"LEU_26_R,PHE_28_R,GLN_29_R,ASN_31_R"
PHE_28_R,"ASP_27_R,GLN_29_R,ASN_31_R,LYS_32_R"
GLN_29_R,"ASP_27_R,PHE_28_R,ILE_30_R"
ILE_30_R,"GLN_29_R,ASN_31_R,ILE_34_R"
ASN_31_R,"ASP_27_R,PHE_28_R,ILE_30_R,LYS_32_R,ILE_34_R,SER_35_R"
LYS_32_R,"PHE_28_R,ASN_31_R,LYS_33_R,ARG_47_R"
LYS_33_R,"LYS_32_R,ILE_34_R,ARG_47_R"
ILE_34_R,"LEU_24_R,ILE_30_R,ASN_31_R,LYS_33_R,SER_35_R"
SER_35_R,"ASN_31_R,ILE_34_R,GLU_36_R"
GLU_36_R,"SER_35_R,GLU_37_R,ARG_47_R"
GLU_37_R,"GLU_36_R,VAL_38_R"
VAL_38_R,"TYR_20_R,GLU_37_R,ALA_39_R"
ALA_39_R,"VAL_38_R,VAL_40_R"
VAL_40_R,"ALA_39_R,ILE_41_R"
ILE_41_R,"VAL_40_R,VAL_50_R"
PRO_42_R,SER_43_R
SER_43_R,"PRO_42_R,LYS_44_R"
LYS_44_R,"SER_43_R,ARG_45_R,ARG_47_R"
ARG_45_R,"LYS_44_R,MET_46_R,ARG_49_R"
MET_46_R,"ARG_45_R,ARG_47_R"
ARG_47_R,"LYS_32_R,LYS_33_R,GLU_36_R,LYS_44_R,MET_46_R,ASN_48_R"
ASN_48_R,"ARG_47_R,ARG_49_R,GLY_52_R"
ARG_49_R,"ARG_45_R,ASN_48_R,VAL_50_R"
VAL_50_R,"ILE_41_R,ARG_49_R,ALA_51_R,VAL_54_R"
ALA_51_R,"VAL_50_R,GLY_52_R"
GLY_52_R,"ASN_48_R,ALA_51_R,PHE_53_R,THR_55_R"
PHE_53_R,"LYS_10_R,ALA_13_R,GLY_52_R,VAL_54_R,LEU_57_R"
VAL_54_R,"LEU_24_R,VAL_50_R,PHE_53_R,THR_55_R,MET_58_R"
THR_55_R,"GLY_52_R,VAL_54_R,HIS_56_R"
HIS_56_R,"THR_55_R,LEU_57_R,ARG_60_R"
LEU_57_R,"PHE_53_R,HIS_56_R,MET_58_R,ILE_61_R"
MET_58_R,"LEU_24_R,VAL_54_R,LEU_57_R,LYS_59_R,GLN_62_R"
LYS_59_R,"MET_58_R,ARG_60_R,LYS_63_R"
ARG_60_R,"ARG_14_R,HIS_56_R,LYS_59_R,ILE_61_R"
ILE_61_R,"TYR_21_R,LEU_57_R,ARG_60_R,GLN_62_R"
GLN_62_R,"MET_58_R,ILE_61_R,LYS_63_R"
LYS_63_R,"LYS_59_R,GLN_62_R,GLY_64_R"
GLY_64_R,LYS_63_R
PRO_65_R,VAL_66_R
VAL_66_R,"PRO_65_R,ARG_67_R,ILE_69_R"
ARG_67_R,"VAL_66_R,GLY_68_R"
GLY_68_R,"ARG_67_R,ILE_69_R"
ILE_69_R,"GLU_18_R,VAL_66_R,GLY_68_R,SER_70_R,LEU_71_R"
SER_70_R,"ILE_69_R,LEU_71_R,LYS_72_R"
LEU_71_R,"ILE_69_R,SER_70_R,LYS_72_R"
LYS_72_R,"SER_70_R,LEU_71_R,LEU_73_R,GLU_76_R"
LEU_73_R,"LYS_72_R,GLN_74_R,GLU_77_R"
GLN_74_R,"LEU_73_R,GLU_75_R,GLU_77_R,ARG_78_R"
GLU_75_R,"GLN_74_R,GLU_76_R,GLU_79_R"
GLU_76_R,"LYS_72_R,GLU_75_R,GLU_77_R"
GLU_77_R,"LEU_73_R,GLN_74_R,GLU_76_R,ARG_78_R,ARG_80_R"
ARG_78_R,"GLN_74_R,GLU_77_R,GLU_79_R,ARG_81_R,MET_82_R"
GLU_79_R,"GLU_75_R,ARG_78_R,ARG_80_R,ASP_83_R"
ARG_80_R,"GLU_77_R,GLU_79_R,ARG_81_R"
ARG_81_R,"ARG_78_R,ARG_80_R,MET_82_R"
MET_82_R,"ARG_78_R,ARG_81_R,ASP_83_R"
ASP_83_R,"GLU_79_R,MET_82_R,PHE_84_R"
PHE_84_R,"ASP_83_R,VAL_85_R"
VAL_85_R,PHE_84_R
PRO_86_R,GLU_87_R
GLU_87_R,"PRO_86_R,ARG_88_R"
ARG_88_R,"GLU_87_R,SER_89_R,GLU_90_R"
SER_89_R,"ARG_88_R,GLU_90_R"
GLU_90_R,"ARG_88_R,SER_89_R,VAL_91_R,ASP_92_R"
VAL_91_R,"GLU_90_R,ASP_92_R"
ASP_92_R,"GLU_90_R,VAL_91_R,VAL_93_R"
VAL_93_R,"ASP_92_R,ALA_94_R,THR_95_R"
ALA_94_R,"VAL_93_R,THR_95_R"
THR_95_R,"VAL_93_R,ALA_94_R,ILE_96_R"
ILE_96_R,"THR_95_R,THR_97_R,VAL_98_R"
THR_97_R,"ILE_96_R,VAL_98_R"
VAL_98_R,"ILE_96_R,THR_97_R,ASP_99_R"
ASP_99_R,"VAL_98_R,GLN_100_R"
GLN_100_R,"ASP_99_R,ASP_101_R"
ASP_101_R,"GLN_100_R,THR_102_R"
THR_102_R,"ASP_101_R,ALA_103_R"
ALA_103_R,"THR_102_R,ASP_104_R"
ASP_104_R,"ALA_103_R,MET_105_R,ARG_107_R"
MET_105_R,"ASP_104_R,LEU_106_R,LEU_109_R"
LEU_106_R,"MET_105_R,ARG_107_R,ASP_110_R"
ARG_107_R,"ASP_104_R,LEU_106_R,ALA_108_R"
ALA_108_R,"ARG_107_R,LEU_109_R"
LEU_109_R,"MET_105_R,ALA_108_R,ASP_110_R"
ASP_110_R,"LEU_106_R,LEU_109_R,ILE_111_R"
ILE_111_R,"ASP_110_R,ASN_112_R"
ASN_112_R,"ILE_111_R,LEU_113_R"
LEU_113_R,ASN_112_R
PRO_114_R,ASN_115_R
ASN_115_R,"PRO_114_R,VAL_116_R"
VAL_116_R,"ASN_115_R,VAL_117_R,VAL_118_R"
VAL_117_R,"VAL_116_R,VAL_118_R"
VAL_118_R,"VAL_116_R,VAL_117_R"
