residue_id,neighbors
GLU_81_C,LEU_82_C
LEU_82_C,"GLU_81_C,SER_83_C"
SER_83_C,"LEU_82_C,ASP_84_C"
ASP_84_C,"SER_83_C,GLU_85_C,ARG_115_C,PHE_152_C,ASP_155_C"
GLU_85_C,"ASP_84_C,ASP_86_C"
ASP_86_C,"GLU_85_C,LEU_87_C,HIS_106_C,HIS_108_C"
LEU_87_C,"ASP_86_C,GLU_88_C,VAL_104_C,MET_113_C"
GLU_88_C,"LEU_87_C,LYS_89_C,HIS_106_C"
LYS_89_C,"GLU_88_C,LEU_90_C,MET_102_C"
LEU_90_C,"LYS_89_C,GLY_91_C"
GLY_91_C,"LEU_90_C,GLU_92_C"
GLU_92_C,"GLY_91_C,LEU_93_C"
LEU_93_C,"GLU_92_C,GLY_94_C"
GLY_94_C,"LEU_93_C,SER_95_C"
SER_95_C,"GLY_94_C,GLY_96_C"
GLY_96_C,"SER_95_C,ASN_97_C"
ASN_97_C,"GLY_96_C,GLY_98_C"
GLY_98_C,"ASN_97_C,GLY_99_C"
GLY_99_C,"GLY_98_C,VAL_100_C"
VAL_100_C,"GLY_99_C,VAL_101_C,LEU_117_C"
VAL_101_C,"VAL_100_C,MET_102_C,LYS_116_C"
MET_102_C,"LYS_89_C,VAL_101_C,LYS_103_C"
LYS_103_C,"MET_102_C,VAL_104_C"
VAL_104_C,"LEU_87_C,LYS_103_C,ARG_105_C,MET_113_C"
ARG_105_C,"VAL_104_C,HIS_106_C,HIS_110_C"
HIS_106_C,"ASP_86_C,GLU_88_C,ARG_105_C,THR_107_C,HIS_108_C,LEU_111_C"
THR_107_C,"HIS_106_C,HIS_108_C"
HIS_108_C,"ASP_86_C,HIS_106_C,THR_107_C,THR_109_C,HIS_110_C"
THR_109_C,"HIS_108_C,HIS_110_C"
HIS_110_C,"ARG_105_C,HIS_108_C,THR_109_C,LEU_111_C"
LEU_111_C,"HIS_106_C,HIS_110_C,ILE_112_C"
ILE_112_C,"LEU_111_C,MET_113_C,TYR_164_C"
MET_113_C,"LEU_87_C,VAL_104_C,ILE_112_C,ALA_114_C,CYS_161_C"
ALA_114_C,"MET_113_C,ARG_115_C"
ARG_115_C,"ASP_84_C,ALA_114_C,LYS_116_C,LEU_117_C"
LYS_116_C,"VAL_101_C,ARG_115_C,LEU_117_C,ILE_160_C,ASP_227_C"
LEU_117_C,"VAL_100_C,ARG_115_C,LYS_116_C,ILE_118_C"
ILE_118_C,"LEU_117_C,HIS_119_C,LEU_120_C,ILE_158_C"
HIS_119_C,"ILE_118_C,LEU_120_C,GLU_157_C"
LEU_120_C,"ILE_118_C,HIS_119_C,GLU_121_C,VAL_122_C"
GLU_121_C,"LEU_120_C,VAL_122_C"
VAL_122_C,"LEU_120_C,GLU_121_C,LYS_123_C"
LYS_123_C,"VAL_122_C,ILE_126_C"
PRO_124_C,ALA_125_C
ALA_125_C,"PRO_124_C,ILE_126_C"
ILE_126_C,"LYS_123_C,ALA_125_C,LYS_127_C,ILE_130_C"
LYS_127_C,"ILE_126_C,LYS_128_C,LEU_131_C"
LYS_128_C,"LYS_127_C,GLN_129_C,ARG_132_C"
GLN_129_C,"LYS_128_C,ILE_130_C"
ILE_130_C,"ILE_126_C,GLN_129_C,LEU_131_C,LEU_234_C"
LEU_131_C,"LYS_127_C,ILE_130_C,ARG_132_C"
ARG_132_C,"LYS_128_C,LEU_131_C,GLU_133_C,LYS_135_C"
GLU_133_C,"ARG_132_C,LEU_134_C"
LEU_134_C,"GLU_133_C,LYS_135_C,ILE_160_C"
LYS_135_C,"ARG_132_C,LEU_134_C,VAL_136_C,HIS_138_C,GLU_139_C"
VAL_136_C,"LYS_135_C,LEU_137_C"
LEU_137_C,"VAL_136_C,HIS_138_C,PHE_148_C,PHE_228_C"
HIS_138_C,"LYS_135_C,LEU_137_C,GLU_139_C,PHE_148_C"
GLU_139_C,"LYS_135_C,HIS_138_C,CYS_140_C"
CYS_140_C,"GLU_139_C,ASN_141_C"
ASN_141_C,"CYS_140_C,PHE_142_C"
PHE_142_C,"ASN_141_C,TYR_198_C"
PRO_143_C,HIS_144_C
HIS_144_C,"PRO_143_C,ILE_145_C"
ILE_145_C,"HIS_144_C,VAL_146_C,LEU_199_C,ILE_225_C"
VAL_146_C,"ILE_145_C,GLY_147_C,LYS_224_C,CYS_226_C"
GLY_147_C,"VAL_146_C,PHE_148_C"
PHE_148_C,"LEU_137_C,HIS_138_C,GLY_147_C,TYR_149_C,ILE_160_C"
TYR_149_C,"PHE_148_C,GLY_150_C"
GLY_150_C,"TYR_149_C,ALA_151_C"
ALA_151_C,"GLY_150_C,PHE_152_C,ILE_160_C"
PHE_152_C,"ASP_84_C,ALA_151_C,TYR_153_C,SER_159_C"
TYR_153_C,"PHE_152_C,SER_154_C,GLY_156_C"
SER_154_C,"TYR_153_C,ASP_155_C"
ASP_155_C,"ASP_84_C,SER_154_C,GLY_156_C,GLU_157_C"
GLY_156_C,"TYR_153_C,ASP_155_C,GLU_157_C"
GLU_157_C,"HIS_119_C,ASP_155_C,GLY_156_C,ILE_158_C"
ILE_158_C,"ILE_118_C,GLU_157_C,SER_159_C"
SER_159_C,"PHE_152_C,ILE_158_C,ILE_160_C"
ILE_160_C,"LYS_116_C,LEU_134_C,PHE_148_C,ALA_151_C,SER_159_C,CYS_161_C"
CYS_161_C,"MET_113_C,ILE_160_C,MET_162_C"
MET_162_C,"CYS_161_C,GLU_163_C"
GLU_163_C,"MET_162_C,TYR_164_C,GLU_222_C,LYS_224_C"
TYR_164_C,"ILE_112_C,GLU_163_C,MET_165_C"
MET_165_C,"TYR_164_C,ASP_166_C,LEU_216_C,LYS_224_C"
ASP_166_C,"MET_165_C,GLY_167_C"
GLY_167_C,"ASP_166_C,GLY_168_C"
GLY_168_C,"GLY_167_C,SER_169_C"
SER_169_C,"GLY_168_C,LEU_170_C"
LEU_170_C,"SER_169_C,ASP_171_C,LEU_174_C,ILE_180_C,ILE_215_C"
ASP_171_C,"LEU_170_C,LEU_172_C,LYS_175_C,SER_213_C,ARG_246_C,GLU_274_C"
LEU_172_C,"ASP_171_C,ILE_173_C,ARG_176_C"
ILE_173_C,"LEU_172_C,LEU_174_C,ALA_177_C,THR_381_C"
LEU_174_C,"LEU_170_C,ILE_173_C,LYS_175_C,GLY_178_C"
LYS_175_C,"ASP_171_C,LEU_174_C,ARG_176_C"
ARG_176_C,"LEU_172_C,LYS_175_C,ALA_177_C"
ALA_177_C,"ILE_173_C,ARG_176_C,GLY_178_C"
GLY_178_C,"LEU_174_C,ALA_177_C,ARG_179_C"
ARG_179_C,"GLY_178_C,ILE_180_C"
ILE_180_C,"LEU_170_C,ARG_179_C,ILE_184_C"
PRO_181_C,GLU_182_C
GLU_182_C,"PRO_181_C,SER_183_C,GLY_186_C"
SER_183_C,"GLU_182_C,ILE_184_C,ARG_187_C"
ILE_184_C,"ILE_180_C,SER_183_C,LEU_185_C,ILE_188_C,ILE_374_C"
LEU_185_C,"ILE_184_C,GLY_186_C,THR_189_C,PHE_337_C"
GLY_186_C,"GLU_182_C,LEU_185_C,ARG_187_C,THR_189_C,LEU_190_C"
ARG_187_C,"SER_183_C,GLY_186_C,ILE_188_C,ALA_191_C"
ILE_188_C,"ILE_184_C,ARG_187_C,THR_189_C,VAL_192_C,ILE_223_C"
THR_189_C,"LEU_185_C,GLY_186_C,ILE_188_C,LEU_190_C,LEU_193_C,LEU_272_C"
LEU_190_C,"GLY_186_C,THR_189_C,ALA_191_C,LYS_194_C"
ALA_191_C,"ARG_187_C,LEU_190_C,VAL_192_C,GLY_195_C,ILE_223_C"
VAL_192_C,"ILE_188_C,ALA_191_C,LEU_193_C,LEU_196_C,ILE_225_C"
LEU_193_C,"THR_189_C,VAL_192_C,LYS_194_C,SER_197_C,LEU_355_C"
LYS_194_C,"LEU_190_C,LEU_193_C,GLY_195_C,SER_197_C,TYR_198_C,GLU_368_C"
GLY_195_C,"ALA_191_C,LYS_194_C,LEU_196_C,LEU_199_C"
LEU_196_C,"VAL_192_C,GLY_195_C,SER_197_C,ARG_200_C,LEU_355_C"
SER_197_C,"LEU_193_C,LYS_194_C,LEU_196_C,TYR_198_C,ASP_201_C"
TYR_198_C,"PHE_142_C,LYS_194_C,SER_197_C,LEU_199_C,ASN_202_C"
LEU_199_C,"ILE_145_C,GLY_195_C,TYR_198_C,ARG_200_C,HIS_203_C"
ARG_200_C,"LEU_196_C,LEU_199_C,ASP_201_C,ASP_354_C,LYS_356_C"
ASP_201_C,"SER_197_C,ARG_200_C,ASN_202_C,LYS_356_C"
ASN_202_C,"TYR_198_C,ASP_201_C,HIS_203_C"
HIS_203_C,"LEU_199_C,ASN_202_C,ALA_204_C"
ALA_204_C,"HIS_203_C,ILE_205_C"
ILE_205_C,"ALA_204_C,ILE_206_C"
ILE_206_C,"ILE_205_C,HIS_207_C,TYR_259_C"
HIS_207_C,"ILE_206_C,ARG_208_C,ASP_209_C,ASP_264_C"
ARG_208_C,"HIS_207_C,ASP_209_C,ARG_253_C"
ASP_209_C,"HIS_207_C,ARG_208_C,VAL_210_C,LYS_211_C,ARG_253_C"
VAL_210_C,"ASP_209_C,LYS_211_C"
LYS_211_C,"ASP_209_C,VAL_210_C,SER_213_C,ASN_214_C,TYR_248_C"
PRO_212_C,SER_213_C
SER_213_C,"ASP_171_C,LYS_211_C,PRO_212_C,ASN_214_C"
ASN_214_C,"LYS_211_C,SER_213_C,ILE_215_C"
ILE_215_C,"LEU_170_C,ASN_214_C,LEU_216_C"
LEU_216_C,"MET_165_C,ILE_215_C,VAL_217_C,LYS_224_C"
VAL_217_C,"LEU_216_C,ASN_218_C"
ASN_218_C,"VAL_217_C,SER_219_C"
SER_219_C,"ASN_218_C,SER_220_C"
SER_220_C,"SER_219_C,GLY_221_C,GLU_222_C"
GLY_221_C,"SER_220_C,GLU_222_C"
GLU_222_C,"GLU_163_C,SER_220_C,GLY_221_C,ILE_223_C,LYS_224_C"
ILE_223_C,"ILE_188_C,ALA_191_C,GLU_222_C,LYS_224_C"
LYS_224_C,"VAL_146_C,GLU_163_C,MET_165_C,LEU_216_C,GLU_222_C,ILE_223_C,ILE_225_C"
ILE_225_C,"ILE_145_C,VAL_192_C,LYS_224_C,CYS_226_C"
CYS_226_C,"VAL_146_C,ILE_225_C,ASP_227_C"
ASP_227_C,"LYS_116_C,CYS_226_C,PHE_228_C"
PHE_228_C,"LEU_137_C,ASP_227_C,GLY_229_C"
GLY_229_C,"PHE_228_C,VAL_230_C"
VAL_230_C,"GLY_229_C,SER_231_C"
SER_231_C,"VAL_230_C,GLY_232_C"
GLY_232_C,"SER_231_C,GLN_233_C"
GLN_233_C,"GLY_232_C,LEU_234_C"
LEU_234_C,"ILE_130_C,GLN_233_C,ILE_235_C,MET_238_C"
ILE_235_C,"LEU_234_C,ASP_236_C"
ASP_236_C,"ILE_235_C,SER_237_C"
SER_237_C,"ASP_236_C,MET_238_C"
MET_238_C,"LEU_234_C,SER_237_C,ALA_239_C"
ALA_239_C,"MET_238_C,ASN_240_C"
ASN_240_C,"ALA_239_C,SER_241_C"
SER_241_C,"ASN_240_C,PHE_242_C"
PHE_242_C,"SER_241_C,VAL_243_C"
VAL_243_C,"PHE_242_C,GLY_244_C,ILE_313_C"
GLY_244_C,"VAL_243_C,THR_245_C"
THR_245_C,"GLY_244_C,ARG_246_C"
ARG_246_C,"ASP_171_C,THR_245_C,SER_247_C,GLU_274_C"
SER_247_C,"ARG_246_C,TYR_248_C,TYR_280_C"
TYR_248_C,"LYS_211_C,SER_247_C,MET_249_C,GLU_274_C"
MET_249_C,"TYR_248_C,SER_250_C,LEU_254_C,TRP_266_C"
SER_250_C,"MET_249_C,ARG_253_C"
PRO_251_C,GLU_252_C
GLU_252_C,"PRO_251_C,ARG_253_C,THR_257_C,ARG_352_C"
ARG_253_C,"ARG_208_C,ASP_209_C,SER_250_C,GLU_252_C,LEU_254_C"
LEU_254_C,"MET_249_C,ARG_253_C,GLN_255_C,LEU_317_C"
GLN_255_C,"LEU_254_C,GLY_256_C"
GLY_256_C,"GLN_255_C,THR_257_C"
THR_257_C,"GLU_252_C,GLY_256_C,HIS_258_C"
HIS_258_C,"THR_257_C,TYR_259_C"
TYR_259_C,"ILE_206_C,HIS_258_C,SER_260_C"
SER_260_C,"TYR_259_C,VAL_261_C"
VAL_261_C,"SER_260_C,GLN_262_C,LEU_355_C"
GLN_262_C,"VAL_261_C,SER_263_C,ARG_352_C"
SER_263_C,"GLN_262_C,ASP_264_C"
ASP_264_C,"HIS_207_C,SER_263_C,ILE_265_C,LEU_268_C"
ILE_265_C,"ASP_264_C,TRP_266_C,GLY_269_C,LEU_355_C"
TRP_266_C,"MET_249_C,ILE_265_C,SER_267_C,LEU_270_C,LEU_345_C"
SER_267_C,"TRP_266_C,LEU_268_C,SER_271_C"
LEU_268_C,"ASP_264_C,SER_267_C,GLY_269_C,LEU_272_C"
GLY_269_C,"ILE_265_C,LEU_268_C,LEU_270_C,VAL_273_C"
LEU_270_C,"TRP_266_C,GLY_269_C,SER_271_C,GLU_274_C,PRO_281_C"
SER_271_C,"SER_267_C,LEU_270_C,LEU_272_C,MET_275_C"
LEU_272_C,"THR_189_C,LEU_268_C,SER_271_C,VAL_273_C,ALA_276_C"
VAL_273_C,"GLY_269_C,LEU_272_C,GLU_274_C,ILE_277_C,LEU_328_C,VAL_341_C"
GLU_274_C,"ASP_171_C,ARG_246_C,TYR_248_C,LEU_270_C,VAL_273_C,MET_275_C,GLY_278_C"
MET_275_C,"SER_271_C,GLU_274_C,ALA_276_C"
ALA_276_C,"LEU_272_C,MET_275_C,ILE_277_C"
ILE_277_C,"VAL_273_C,ALA_276_C,GLY_278_C"
GLY_278_C,"GLU_274_C,ILE_277_C,MET_279_C"
MET_279_C,"GLY_278_C,TYR_280_C"
TYR_280_C,"SER_247_C,MET_279_C,ILE_282_C"
PRO_281_C,"LEU_270_C,ILE_282_C"
ILE_282_C,"TYR_280_C,PRO_281_C,LEU_316_C,ILE_320_C"
ALA_310_C,MET_311_C
MET_311_C,"ALA_310_C,ALA_312_C,LEU_316_C"
ALA_312_C,"MET_311_C,ILE_313_C"
ILE_313_C,"VAL_243_C,ALA_312_C,PHE_314_C,LEU_317_C"
PHE_314_C,"ILE_313_C,GLU_315_C,ASP_318_C"
GLU_315_C,"PHE_314_C,LEU_316_C"
LEU_316_C,"ILE_282_C,MET_311_C,GLU_315_C,LEU_317_C,ILE_320_C"
LEU_317_C,"LEU_254_C,ILE_313_C,LEU_316_C,ASP_318_C"
ASP_318_C,"PHE_314_C,LEU_317_C,TYR_319_C,ASN_322_C"
TYR_319_C,"ASP_318_C,ILE_320_C,GLU_323_C"
ILE_320_C,"ILE_282_C,LEU_316_C,TYR_319_C,VAL_321_C"
VAL_321_C,"ILE_320_C,ASN_322_C"
ASN_322_C,"ASP_318_C,VAL_321_C,GLU_323_C"
GLU_323_C,"TYR_319_C,ASN_322_C,LYS_347_C"
PRO_326_C,LYS_327_C
LYS_327_C,"PRO_326_C,LEU_328_C,GLU_329_C,ASP_342_C"
LEU_328_C,"VAL_273_C,LYS_327_C,GLU_329_C,PHE_333_C,VAL_341_C"
GLU_329_C,"LYS_327_C,LEU_328_C,HIS_330_C"
HIS_330_C,"GLU_329_C,LYS_331_C"
LYS_331_C,"HIS_330_C,ILE_332_C"
ILE_332_C,"LYS_331_C,PHE_333_C"
PHE_333_C,"LEU_328_C,ILE_332_C,SER_334_C"
SER_334_C,"PHE_333_C,THR_335_C"
THR_335_C,"SER_334_C,GLU_336_C,LYS_338_C,ASP_339_C"
GLU_336_C,"THR_335_C,PHE_337_C,ASP_339_C,PHE_340_C,TRP_363_C,LYS_366_C"
PHE_337_C,"LEU_185_C,GLU_336_C,LYS_338_C,VAL_341_C,TRP_363_C"
LYS_338_C,"THR_335_C,PHE_337_C,ASP_339_C,ASP_342_C"
ASP_339_C,"THR_335_C,GLU_336_C,LYS_338_C,PHE_340_C,ILE_343_C"
PHE_340_C,"GLU_336_C,ASP_339_C,VAL_341_C,CYS_344_C,LEU_358_C"
VAL_341_C,"VAL_273_C,LEU_328_C,PHE_337_C,PHE_340_C,ASP_342_C,LEU_345_C"
ASP_342_C,"LYS_327_C,LYS_338_C,VAL_341_C,ILE_343_C,LYS_346_C"
ILE_343_C,"ASP_339_C,ASP_342_C,CYS_344_C"
CYS_344_C,"PHE_340_C,ILE_343_C,LEU_345_C"
LEU_345_C,"TRP_266_C,VAL_341_C,CYS_344_C,LYS_346_C"
LYS_346_C,"ASP_342_C,LEU_345_C,LYS_347_C,GLU_351_C,ARG_352_C"
LYS_347_C,"GLU_323_C,LYS_346_C,GLN_348_C"
GLN_348_C,LYS_347_C
PRO_349_C,ASP_350_C
ASP_350_C,"PRO_349_C,GLU_351_C"
GLU_351_C,"LYS_346_C,ASP_350_C,ARG_352_C"
ARG_352_C,"GLU_252_C,GLN_262_C,LYS_346_C,GLU_351_C,ALA_353_C"
ALA_353_C,"ARG_352_C,ASP_354_C,THR_357_C"
ASP_354_C,"ARG_200_C,ALA_353_C,LEU_355_C,LYS_356_C,THR_357_C"
LEU_355_C,"LEU_193_C,LEU_196_C,VAL_261_C,ILE_265_C,ASP_354_C,LYS_356_C"
LYS_356_C,"ARG_200_C,ASP_201_C,ASP_354_C,LEU_355_C,THR_357_C"
THR_357_C,"ALA_353_C,ASP_354_C,LYS_356_C,LEU_358_C"
LEU_358_C,"PHE_340_C,THR_357_C,LEU_359_C"
LEU_359_C,"LEU_358_C,SER_360_C"
SER_360_C,"LEU_359_C,HIS_361_C"
HIS_361_C,SER_360_C
PRO_362_C,"TRP_363_C,LYS_366_C"
TRP_363_C,"GLU_336_C,PHE_337_C,PRO_362_C,ILE_364_C,ALA_367_C"
ILE_364_C,"TRP_363_C,ARG_365_C,GLU_368_C"
ARG_365_C,"ILE_364_C,LYS_366_C,GLU_368_C,LEU_369_C"
LYS_366_C,"GLU_336_C,PRO_362_C,ARG_365_C,ALA_367_C"
ALA_367_C,"TRP_363_C,LYS_366_C,GLU_368_C"
GLU_368_C,"LYS_194_C,ILE_364_C,ARG_365_C,ALA_367_C,LEU_369_C"
LEU_369_C,"ARG_365_C,GLU_368_C,GLU_370_C"
GLU_370_C,"LEU_369_C,GLU_371_C"
GLU_371_C,"GLU_370_C,VAL_372_C"
VAL_372_C,"GLU_371_C,ASP_373_C"
ASP_373_C,"VAL_372_C,ILE_374_C"
ILE_374_C,"ILE_184_C,ASP_373_C,SER_375_C,VAL_378_C"
SER_375_C,"ILE_374_C,GLY_376_C,CYS_379_C"
GLY_376_C,"SER_375_C,TRP_377_C,LYS_380_C"
TRP_377_C,"GLY_376_C,VAL_378_C,THR_381_C"
VAL_378_C,"ILE_374_C,TRP_377_C,CYS_379_C"
CYS_379_C,"SER_375_C,VAL_378_C,LYS_380_C"
LYS_380_C,"GLY_376_C,CYS_379_C,THR_381_C"
THR_381_C,"ILE_173_C,TRP_377_C,LYS_380_C,MET_382_C"
MET_382_C,"THR_381_C,ASP_383_C,LEU_384_C"
ASP_383_C,"MET_382_C,LEU_384_C"
LEU_384_C,"MET_382_C,ASP_383_C"
