residue_id,neighbors
PRO_2_A,THR_3_A
THR_3_A,"PRO_2_A,VAL_4_A,GLY_345_A"
VAL_4_A,"THR_3_A,SER_5_A,LEU_312_A"
SER_5_A,"VAL_4_A,GLN_6_A,LYS_343_A"
GLN_6_A,"SER_5_A,LEU_7_A"
LEU_7_A,"GLN_6_A,GLN_8_A,TRP_38_A,TYR_331_A,LEU_341_A"
GLN_8_A,"LEU_7_A,ASP_9_A,LEU_341_A"
ASP_9_A,"GLN_8_A,GLY_10_A,ASP_338_A,LYS_340_A"
GLY_10_A,"ASP_9_A,LEU_11_A,ASP_338_A"
LEU_11_A,"GLY_10_A,GLU_12_A,GLY_339_A"
GLU_12_A,"LEU_11_A,HIS_13_A,GLU_30_A,ARG_34_A,ARG_337_A"
HIS_13_A,"GLU_12_A,ARG_31_A,ASP_335_A,GLU_336_A,ARG_337_A"
PRO_14_A,TRP_15_A
TRP_15_A,"PRO_14_A,SER_16_A,THR_29_A,LEU_63_A,LYS_128_A"
SER_16_A,"TRP_15_A,LEU_17_A,THR_29_A,GLU_64_A,VAL_65_A"
LEU_17_A,"SER_16_A,ALA_18_A,ARG_323_A"
ALA_18_A,"LEU_17_A,PHE_19_A,LEU_27_A"
PHE_19_A,"ALA_18_A,LEU_20_A,LEU_26_A,TYR_331_A"
LEU_20_A,"PHE_19_A,GLY_25_A,LEU_37_A,PHE_71_A"
PRO_21_A,ALA_22_A
ALA_22_A,"PRO_21_A,GLU_23_A"
GLU_23_A,"ALA_22_A,GLN_24_A,GLN_39_A"
GLN_24_A,"GLU_23_A,GLY_25_A"
GLY_25_A,"LEU_20_A,GLN_24_A,LEU_26_A"
LEU_26_A,"PHE_19_A,GLY_25_A,LEU_27_A,TRP_38_A"
LEU_27_A,"ALA_18_A,LEU_26_A,ILE_28_A"
ILE_28_A,"LEU_27_A,THR_29_A,ARG_36_A"
THR_29_A,"TRP_15_A,SER_16_A,ILE_28_A,GLU_30_A,LEU_63_A,VAL_65_A"
GLU_30_A,"GLU_12_A,THR_29_A,ARG_31_A,GLY_33_A,ARG_34_A,ARG_36_A"
ARG_31_A,"HIS_13_A,GLU_30_A,GLY_33_A,LEU_62_A,ARG_320_A,ASP_335_A"
PRO_32_A,GLY_33_A
GLY_33_A,"GLU_30_A,ARG_31_A,PRO_32_A,ARG_34_A"
ARG_34_A,"GLU_12_A,GLU_30_A,GLY_33_A,LEU_35_A,ARG_36_A"
LEU_35_A,"ARG_34_A,ARG_36_A,ILE_48_A,VAL_51_A"
ARG_36_A,"ILE_28_A,GLU_30_A,ARG_34_A,LEU_35_A,LEU_37_A,LEU_44_A,SER_45_A"
LEU_37_A,"LEU_20_A,ARG_36_A,TRP_38_A,SER_45_A,ASP_103_A"
TRP_38_A,"LEU_7_A,LEU_26_A,LEU_37_A,GLN_39_A"
GLN_39_A,"GLU_23_A,TRP_38_A,GLN_40_A,ASP_41_A,GLY_43_A"
GLN_40_A,"GLN_39_A,ASP_41_A"
ASP_41_A,"GLN_39_A,GLN_40_A,LYS_42_A"
LYS_42_A,"ASP_41_A,GLY_43_A,ASP_103_A"
GLY_43_A,"GLN_39_A,LYS_42_A,LEU_44_A"
LEU_44_A,"ARG_36_A,GLY_43_A,SER_45_A"
SER_45_A,"ARG_36_A,LEU_37_A,LEU_44_A,PRO_46_A"
PRO_46_A,SER_45_A
PRO_47_A,ILE_48_A
ILE_48_A,"LEU_35_A,PRO_47_A,ALA_49_A"
ALA_49_A,"ILE_48_A,GLY_50_A,LEU_106_A"
GLY_50_A,"ALA_49_A,VAL_51_A"
VAL_51_A,"LEU_35_A,GLY_50_A"
PRO_52_A,"GLN_53_A,PHE_109_A"
GLN_53_A,"PRO_52_A,VAL_54_A"
VAL_54_A,"GLN_53_A,TYR_55_A,PHE_81_A"
TYR_55_A,"VAL_54_A,ALA_56_A,GLU_57_A,ALA_82_A,ALA_90_A"
ALA_56_A,"TYR_55_A,GLU_57_A"
GLU_57_A,"TYR_55_A,ALA_56_A,GLY_58_A,GLY_60_A"
GLY_58_A,"GLU_57_A,GLN_59_A"
GLN_59_A,"GLY_58_A,GLY_60_A,GLY_122_A,HIS_124_A"
GLY_60_A,"GLU_57_A,GLN_59_A,GLY_61_A"
GLY_61_A,"GLY_60_A,LEU_62_A,ALA_82_A"
LEU_62_A,"ARG_31_A,GLY_61_A,LEU_63_A"
LEU_63_A,"TRP_15_A,THR_29_A,LEU_62_A,GLU_64_A,SER_80_A"
GLU_64_A,"SER_16_A,LEU_63_A,VAL_65_A,SER_80_A,LYS_128_A,GLU_321_A,ARG_323_A"
VAL_65_A,"SER_16_A,THR_29_A,GLU_64_A,LEU_66_A,VAL_77_A"
LEU_66_A,"VAL_65_A,TYR_78_A,LEU_129_A,PHE_131_A"
PRO_67_A,ALA_68_A
ALA_68_A,"PRO_67_A,PHE_71_A,ARG_76_A"
PRO_69_A,"ASP_70_A,PHE_131_A"
ASP_70_A,"PRO_69_A,PHE_71_A,ALA_73_A,SER_74_A"
PHE_71_A,"LEU_20_A,ALA_68_A,ASP_70_A,ALA_72_A,ARG_75_A,VAL_77_A"
ALA_72_A,"PHE_71_A,ALA_73_A"
ALA_73_A,"ASP_70_A,ALA_72_A,SER_74_A"
SER_74_A,"ASP_70_A,ALA_73_A,ARG_75_A"
ARG_75_A,"PHE_71_A,SER_74_A,ARG_76_A,ARG_98_A,LEU_99_A,SER_100_A,ASP_101_A,ASP_103_A"
ARG_76_A,"ALA_68_A,ARG_75_A,VAL_77_A,TYR_96_A,GLU_166_A"
VAL_77_A,"VAL_65_A,PHE_71_A,ARG_76_A,TYR_78_A,GLY_97_A"
TYR_78_A,"LEU_66_A,VAL_77_A,LEU_79_A,TYR_96_A,PHE_131_A,ALA_165_A"
LEU_79_A,"TYR_78_A,SER_80_A,GLY_95_A,LEU_106_A"
SER_80_A,"LEU_63_A,GLU_64_A,LEU_79_A,PHE_81_A,GLY_127_A"
PHE_81_A,"VAL_54_A,SER_80_A,ALA_82_A,GLU_83_A,ALA_93_A"
ALA_82_A,"TYR_55_A,GLY_61_A,PHE_81_A,GLU_83_A,PHE_125_A"
GLU_83_A,"PHE_81_A,ALA_82_A,GLY_91_A,ARG_114_A,LYS_118_A"
PRO_84_A,GLY_85_A
GLY_85_A,"PRO_84_A,GLU_86_A,LYS_89_A"
GLU_86_A,"GLY_85_A,GLY_87_A"
GLY_87_A,"GLU_86_A,GLY_88_A"
GLY_88_A,"GLY_87_A,LYS_89_A"
LYS_89_A,"GLY_85_A,GLY_88_A,ALA_90_A,VAL_121_A"
ALA_90_A,"TYR_55_A,LYS_89_A,GLY_91_A,SER_120_A"
GLY_91_A,"GLU_83_A,ALA_90_A,THR_92_A"
THR_92_A,"GLY_91_A,ALA_93_A,GLN_115_A,PHE_125_A,LEU_141_A"
ALA_93_A,"PHE_81_A,THR_92_A,VAL_94_A"
VAL_94_A,"ALA_93_A,GLY_95_A,ILE_112_A,PHE_113_A"
GLY_95_A,"LEU_79_A,VAL_94_A,TYR_96_A"
TYR_96_A,"ARG_76_A,TYR_78_A,GLY_95_A,GLY_97_A,LYS_110_A,GLU_166_A"
GLY_97_A,"VAL_77_A,TYR_96_A,ARG_98_A"
ARG_98_A,"ARG_75_A,GLY_97_A,LEU_99_A,ASP_101_A,GLU_107_A"
LEU_99_A,"ARG_75_A,ARG_98_A,SER_100_A"
SER_100_A,"ARG_75_A,LEU_99_A,ASP_101_A,ASP_102_A,ASP_103_A,ARG_105_A"
ASP_101_A,"ARG_75_A,ARG_98_A,SER_100_A,ASP_102_A,GLU_107_A"
ASP_102_A,"SER_100_A,ASP_101_A,ASP_103_A,ALA_104_A"
ASP_103_A,"LEU_37_A,LYS_42_A,ARG_75_A,SER_100_A,ASP_102_A,ALA_104_A"
ALA_104_A,"ASP_102_A,ASP_103_A,ARG_105_A"
ARG_105_A,"SER_100_A,ALA_104_A,LEU_106_A"
LEU_106_A,"ALA_49_A,LEU_79_A,ARG_105_A,GLU_107_A"
GLU_107_A,"ARG_98_A,ASP_101_A,LEU_106_A,ASN_108_A"
ASN_108_A,"GLU_107_A,PHE_109_A"
PHE_109_A,"PRO_52_A,ASN_108_A,LYS_110_A"
LYS_110_A,"TYR_96_A,PHE_109_A,VAL_111_A,GLU_166_A"
VAL_111_A,"LYS_110_A,ILE_112_A,ARG_114_A"
ILE_112_A,"VAL_94_A,VAL_111_A,PHE_113_A"
PHE_113_A,"VAL_94_A,ILE_112_A,ARG_114_A,LEU_141_A,LEU_163_A"
ARG_114_A,"GLU_83_A,VAL_111_A,PHE_113_A,GLN_115_A,LYS_118_A"
GLN_115_A,"THR_92_A,ARG_114_A,GLN_116_A,GLY_142_A"
GLN_116_A,GLN_115_A
PRO_117_A,"LYS_118_A,GLN_157_A"
LYS_118_A,"GLU_83_A,ARG_114_A,PRO_117_A,LEU_119_A"
LEU_119_A,"LYS_118_A,SER_120_A"
SER_120_A,"ALA_90_A,LEU_119_A,VAL_121_A,GLY_122_A,ASN_123_A"
VAL_121_A,"LYS_89_A,SER_120_A,GLY_122_A"
GLY_122_A,"GLN_59_A,SER_120_A,VAL_121_A,ASN_123_A"
ASN_123_A,"SER_120_A,GLY_122_A,HIS_124_A"
HIS_124_A,"GLN_59_A,ASN_123_A,PHE_125_A,GLU_143_A,ASN_144_A,ARG_191_A"
PHE_125_A,"ALA_82_A,THR_92_A,HIS_124_A,GLY_126_A"
GLY_126_A,"PHE_125_A,GLY_127_A,ASN_192_A"
GLY_127_A,"SER_80_A,GLY_126_A,LYS_128_A,ALA_140_A"
LYS_128_A,"TRP_15_A,GLU_64_A,GLY_127_A,LEU_129_A,LEU_196_A,GLU_321_A,ARG_323_A"
LEU_129_A,"LEU_66_A,LYS_128_A,ALA_130_A,ILE_139_A"
ALA_130_A,"LEU_129_A,PHE_131_A,PHE_138_A"
PHE_131_A,"LEU_66_A,PRO_69_A,TYR_78_A,ALA_130_A,ASP_132_A"
ASP_132_A,"PHE_131_A,ARG_133_A,GLN_134_A,TYR_136_A,ARG_162_A"
ARG_133_A,"ASP_132_A,GLN_134_A"
GLN_134_A,"ASP_132_A,ARG_133_A,GLY_135_A,TYR_136_A"
GLY_135_A,"GLN_134_A,TYR_136_A"
TYR_136_A,"ASP_132_A,GLN_134_A,GLY_135_A,LEU_137_A"
LEU_137_A,"TYR_136_A,PHE_138_A,LEU_163_A"
PHE_138_A,"ALA_130_A,LEU_137_A,ILE_139_A,TRP_186_A"
ILE_139_A,"LEU_129_A,PHE_138_A,ALA_140_A,VAL_161_A,LEU_163_A"
ALA_140_A,"GLY_127_A,ILE_139_A,LEU_141_A,PRO_193_A"
LEU_141_A,"THR_92_A,PHE_113_A,ALA_140_A,GLY_142_A,LYS_159_A"
GLY_142_A,"GLN_115_A,LEU_141_A,GLU_143_A,GLY_158_A"
GLU_143_A,"HIS_124_A,GLY_142_A,ASN_144_A,ASN_145_A,GLN_157_A,ARG_191_A,TRP_229_A"
ASN_144_A,"HIS_124_A,GLU_143_A,ASN_145_A,GLN_157_A"
ASN_145_A,"GLU_143_A,ASN_144_A,GLN_146_A"
GLN_146_A,"ASN_145_A,ARG_147_A,THR_149_A"
ARG_147_A,"GLN_146_A,TRP_229_A,GLU_245_A"
PRO_148_A,THR_149_A
THR_149_A,"GLN_146_A,PRO_148_A,ALA_150_A"
ALA_150_A,"THR_149_A,GLN_151_A"
GLN_151_A,"ALA_150_A,GLU_152_A,ASN_226_A,TRP_229_A"
GLU_152_A,"GLN_151_A,THR_153_A,ASP_154_A,LYS_155_A,LYS_159_A"
THR_153_A,"GLU_152_A,ASP_154_A,TRP_175_A,GLY_180_A,ARG_182_A"
ASP_154_A,"GLU_152_A,THR_153_A,LYS_155_A"
LYS_155_A,"GLU_152_A,ASP_154_A,LEU_156_A,LYS_159_A"
LEU_156_A,"LYS_155_A,GLN_157_A"
GLN_157_A,"PRO_117_A,GLU_143_A,ASN_144_A,LEU_156_A,GLY_158_A,LYS_159_A"
GLY_158_A,"GLY_142_A,GLN_157_A,LYS_159_A"
LYS_159_A,"LEU_141_A,GLU_152_A,LYS_155_A,GLN_157_A,GLY_158_A,LEU_160_A,TYR_188_A"
LEU_160_A,"LYS_159_A,VAL_161_A,TRP_186_A,SER_187_A,PRO_221_A"
VAL_161_A,"ILE_139_A,LEU_160_A,ARG_162_A,LEU_163_A"
ARG_162_A,"ASP_132_A,VAL_161_A,LEU_163_A,ASP_172_A,ASN_173_A"
LEU_163_A,"PHE_113_A,LEU_137_A,ILE_139_A,VAL_161_A,ARG_162_A,THR_164_A"
THR_164_A,"LEU_163_A,ALA_165_A,GLY_167_A,ALA_168_A"
ALA_165_A,"TYR_78_A,THR_164_A,GLU_166_A"
GLU_166_A,"ARG_76_A,TYR_96_A,LYS_110_A,ALA_165_A,GLY_167_A"
GLY_167_A,"THR_164_A,GLU_166_A,ALA_168_A"
ALA_168_A,"THR_164_A,GLY_167_A,VAL_169_A"
VAL_169_A,"ALA_168_A,VAL_176_A"
PRO_171_A,ASP_172_A
ASP_172_A,"ARG_162_A,PRO_171_A,ASN_173_A"
ASN_173_A,"ARG_162_A,ASP_172_A,VAL_176_A"
PRO_174_A,TRP_175_A
TRP_175_A,"THR_153_A,PRO_174_A,VAL_176_A,LYS_181_A,VAL_185_A,TYR_188_A"
VAL_176_A,"VAL_169_A,ASN_173_A,TRP_175_A,GLY_177_A"
GLY_177_A,"VAL_176_A,GLN_178_A"
GLN_178_A,"GLY_177_A,ALA_179_A,LYS_181_A"
ALA_179_A,"GLN_178_A,GLY_180_A"
GLY_180_A,"THR_153_A,ALA_179_A,LYS_181_A"
LYS_181_A,"TRP_175_A,GLN_178_A,GLY_180_A,ARG_182_A"
ARG_182_A,"THR_153_A,LYS_181_A,GLU_184_A"
PRO_183_A,GLU_184_A
GLU_184_A,"ARG_182_A,PRO_183_A,VAL_185_A"
VAL_185_A,"TRP_175_A,GLU_184_A,TRP_186_A"
TRP_186_A,"PHE_138_A,LEU_160_A,VAL_185_A,SER_187_A,PRO_221_A,PRO_223_A,GLY_224_A"
SER_187_A,"LEU_160_A,TRP_186_A,TYR_188_A,HIS_190_A"
TYR_188_A,"LYS_159_A,TRP_175_A,SER_187_A,GLY_189_A,ASN_226_A,TYR_227_A"
GLY_189_A,"TYR_188_A,HIS_190_A,TRP_229_A"
HIS_190_A,"SER_187_A,GLY_189_A,ARG_191_A,GLU_207_A,GLU_209_A,GLU_217_A"
ARG_191_A,"HIS_124_A,GLU_143_A,HIS_190_A,ASN_192_A,GLU_209_A,HIS_210_A,TRP_229_A"
ASN_192_A,"GLY_126_A,ARG_191_A"
PRO_193_A,"ALA_140_A,GLN_194_A"
GLN_194_A,"PRO_193_A,GLY_195_A,HIS_210_A,GLY_269_A"
GLY_195_A,"GLN_194_A,LEU_196_A,HIS_208_A"
LEU_196_A,"LYS_128_A,GLY_195_A,ALA_197_A,ILE_205_A"
ALA_197_A,"LEU_196_A,LEU_198_A,TRP_206_A,MET_270_A"
LEU_198_A,"ALA_197_A,ASN_199_A"
ASN_199_A,"LEU_198_A,TRP_201_A,SER_202_A,GLY_203_A,ALA_204_A"
PRO_200_A,TRP_201_A
TRP_201_A,"ASN_199_A,PRO_200_A,SER_202_A,HIS_283_A"
SER_202_A,"ASN_199_A,TRP_201_A,GLY_203_A"
GLY_203_A,"ASN_199_A,SER_202_A,ALA_204_A"
ALA_204_A,"ASN_199_A,GLY_203_A,ILE_205_A"
ILE_205_A,"LEU_196_A,ALA_204_A,TRP_206_A"
TRP_206_A,"ALA_197_A,ILE_205_A,GLU_207_A,ILE_220_A,LEU_258_A,PHE_272_A"
GLU_207_A,"HIS_190_A,TRP_206_A,HIS_208_A,GLU_209_A,GLU_217_A,ASN_219_A"
HIS_208_A,"GLY_195_A,GLU_207_A,GLU_209_A,GLY_269_A"
GLU_209_A,"HIS_190_A,ARG_191_A,GLU_207_A,HIS_208_A,HIS_210_A,GLU_217_A"
HIS_210_A,"ARG_191_A,GLN_194_A,GLU_209_A,GLY_211_A,ASP_216_A,ARG_320_A"
GLY_211_A,"HIS_210_A,ASP_216_A"
PRO_212_A,ARG_213_A
ARG_213_A,"PRO_212_A,GLY_214_A,ILE_236_A"
GLY_214_A,"ARG_213_A,GLY_215_A"
GLY_215_A,"GLY_214_A,ASP_216_A,TRP_261_A"
ASP_216_A,"HIS_210_A,GLY_211_A,GLY_215_A,GLU_217_A,TRP_261_A,SER_264_A,GLY_266_A,LEU_267_A"
GLU_217_A,"HIS_190_A,GLU_207_A,GLU_209_A,ASP_216_A,LEU_218_A"
LEU_218_A,"GLU_217_A,ASN_219_A,LEU_258_A,HIS_259_A"
ASN_219_A,"GLU_207_A,LEU_218_A,ILE_220_A"
ILE_220_A,"TRP_206_A,ASN_219_A"
PRO_221_A,"LEU_160_A,TRP_186_A,LEU_222_A"
LEU_222_A,"PRO_221_A,TYR_227_A"
PRO_223_A,"TRP_186_A,GLY_224_A"
GLY_224_A,"TRP_186_A,PRO_223_A,LYS_225_A"
LYS_225_A,"GLY_224_A,ASN_226_A,TYR_227_A,GLU_255_A"
ASN_226_A,"GLN_151_A,TYR_188_A,LYS_225_A,TYR_227_A,GLY_228_A,GLU_255_A"
TYR_227_A,"TYR_188_A,LEU_222_A,LYS_225_A,ASN_226_A,GLY_228_A,GLU_255_A"
GLY_228_A,"ASN_226_A,TYR_227_A,TRP_229_A,LEU_231_A,ALA_232_A"
TRP_229_A,"GLU_143_A,ARG_147_A,GLN_151_A,GLY_189_A,ARG_191_A,GLY_228_A,PRO_230_A"
PRO_230_A,"TRP_229_A,LEU_231_A,GLU_245_A"
LEU_231_A,"GLY_228_A,PRO_230_A,ALA_232_A,LYS_247_A"
ALA_232_A,"GLY_228_A,LEU_231_A,THR_233_A,VAL_251_A"
THR_233_A,"ALA_232_A,TYR_234_A"
TYR_234_A,"THR_233_A,GLY_235_A,GLU_249_A,GLN_256_A,TYR_260_A"
GLY_235_A,"TYR_234_A,ILE_236_A"
ILE_236_A,"ARG_213_A,GLY_235_A,ASN_237_A"
ASN_237_A,"ILE_236_A,TYR_238_A,GLY_240_A,GLN_241_A"
TYR_238_A,"ASN_237_A,SER_239_A"
SER_239_A,"TYR_238_A,GLY_240_A"
GLY_240_A,"ASN_237_A,SER_239_A,GLN_241_A"
GLN_241_A,"ASN_237_A,GLY_240_A"
PRO_242_A,ILE_243_A
ILE_243_A,PRO_242_A
PRO_244_A,GLU_245_A
GLU_245_A,"ARG_147_A,PRO_230_A,PRO_244_A,ALA_246_A"
ALA_246_A,"GLU_245_A,LYS_247_A"
LYS_247_A,"LEU_231_A,ALA_246_A,GLY_248_A"
GLY_248_A,"LYS_247_A,GLU_249_A"
GLU_249_A,"TYR_234_A,GLY_248_A,ARG_250_A,ARG_262_A"
ARG_250_A,"GLU_249_A,VAL_251_A"
VAL_251_A,"ALA_232_A,ARG_250_A,THR_254_A"
PRO_252_A,GLY_253_A
GLY_253_A,"PRO_252_A,THR_254_A"
THR_254_A,"VAL_251_A,GLY_253_A,GLU_255_A"
GLU_255_A,"LYS_225_A,ASN_226_A,TYR_227_A,THR_254_A,GLN_256_A"
GLN_256_A,"TYR_234_A,GLU_255_A"
PRO_257_A,LEU_258_A
LEU_258_A,"TRP_206_A,LEU_218_A,PRO_257_A,HIS_259_A"
HIS_259_A,"LEU_218_A,LEU_258_A,TYR_260_A,GLU_308_A"
TYR_260_A,"TYR_234_A,HIS_259_A,TRP_261_A"
TRP_261_A,"GLY_215_A,ASP_216_A,TYR_260_A,ARG_262_A,LEU_267_A,GLU_308_A"
ARG_262_A,"GLU_249_A,TRP_261_A,VAL_263_A"
VAL_263_A,"ARG_262_A,SER_264_A"
SER_264_A,"ASP_216_A,VAL_263_A"
PRO_265_A,"GLY_266_A,ALA_289_A"
GLY_266_A,"ASP_216_A,PRO_265_A,LEU_267_A,LEU_290_A"
LEU_267_A,"ASP_216_A,TRP_261_A,GLY_266_A,SER_268_A,ILE_287_A,ILE_296_A"
SER_268_A,"LEU_267_A,GLY_269_A,GLY_288_A,ARG_320_A"
GLY_269_A,"GLN_194_A,HIS_208_A,SER_268_A,MET_270_A"
MET_270_A,"ALA_197_A,GLY_269_A,ALA_271_A,LEU_285_A"
ALA_271_A,"MET_270_A,PHE_272_A,PHE_286_A"
PHE_272_A,"TRP_206_A,ALA_271_A,TYR_273_A,LEU_300_A"
TYR_273_A,"PHE_272_A,ASP_274_A,TRP_281_A,SER_284_A,PHE_286_A,GLY_328_A"
ASP_274_A,"TYR_273_A,GLY_275_A,ARG_282_A,HIS_283_A"
GLY_275_A,"ASP_274_A,GLN_276_A"
GLN_276_A,"GLY_275_A,ARG_277_A"
ARG_277_A,"GLN_276_A,PHE_278_A,ASP_327_A"
PHE_278_A,"ARG_277_A,TRP_281_A,TYR_329_A,ALA_346_A"
PRO_279_A,ALA_280_A
ALA_280_A,"PRO_279_A,TRP_281_A"
TRP_281_A,"TYR_273_A,PHE_278_A,ALA_280_A,ARG_282_A,PHE_286_A,LEU_330_A,ALA_346_A"
ARG_282_A,"ASP_274_A,TRP_281_A,HIS_283_A"
HIS_283_A,"TRP_201_A,ASP_274_A,ARG_282_A,SER_284_A,LEU_300_A"
SER_284_A,"TYR_273_A,HIS_283_A,LEU_285_A,ARG_297_A"
LEU_285_A,"MET_270_A,SER_284_A,PHE_286_A,LEU_298_A"
PHE_286_A,"ALA_271_A,TYR_273_A,TRP_281_A,LEU_285_A,ILE_287_A,ARG_297_A,LEU_330_A"
ILE_287_A,"LEU_267_A,PHE_286_A,GLY_288_A,ILE_296_A"
GLY_288_A,"SER_268_A,ILE_287_A,ALA_289_A"
ALA_289_A,"PRO_265_A,GLY_288_A,LEU_290_A,ALA_294_A"
LEU_290_A,"GLY_266_A,ALA_289_A,ALA_291_A"
ALA_291_A,"LEU_290_A,GLN_292_A"
GLN_292_A,"ALA_291_A,LYS_293_A,ARG_310_A"
LYS_293_A,"GLN_292_A,ALA_294_A"
ALA_294_A,"ALA_289_A,LYS_293_A,LEU_295_A"
LEU_295_A,"ALA_294_A,ILE_296_A,LEU_311_A"
ILE_296_A,"LEU_267_A,ILE_287_A,LEU_295_A,ARG_297_A"
ARG_297_A,"SER_284_A,PHE_286_A,ILE_296_A,LEU_298_A,GLU_309_A,LEU_311_A"
LEU_298_A,"LEU_285_A,ARG_297_A,THR_299_A,GLU_308_A"
THR_299_A,"LEU_298_A,LEU_300_A,VAL_306_A,ALA_307_A"
LEU_300_A,"PHE_272_A,HIS_283_A,THR_299_A,GLU_301_A"
GLU_301_A,"LEU_300_A,GLY_302_A,LYS_304_A"
GLY_302_A,"GLU_301_A,ASP_303_A"
ASP_303_A,"GLY_302_A,LYS_304_A"
LYS_304_A,"GLU_301_A,ASP_303_A,VAL_305_A"
VAL_305_A,"LYS_304_A,VAL_306_A"
VAL_306_A,"THR_299_A,VAL_305_A,ALA_307_A"
ALA_307_A,"THR_299_A,VAL_306_A,GLU_308_A"
GLU_308_A,"HIS_259_A,TRP_261_A,LEU_298_A,ALA_307_A,GLU_309_A,ARG_310_A"
GLU_309_A,"ARG_297_A,GLU_308_A,ARG_310_A"
ARG_310_A,"GLN_292_A,GLU_308_A,GLU_309_A,LEU_311_A"
LEU_311_A,"LEU_295_A,ARG_297_A,ARG_310_A,LEU_312_A"
LEU_312_A,"VAL_4_A,LEU_311_A,GLY_313_A,LEU_332_A"
GLY_313_A,"LEU_312_A,ASP_314_A"
ASP_314_A,"GLY_313_A,ARG_315_A"
ARG_315_A,"ASP_314_A,GLY_316_A,GLU_317_A"
GLY_316_A,"ARG_315_A,GLU_317_A"
GLU_317_A,"ARG_315_A,GLY_316_A,ARG_318_A,THR_334_A,GLU_336_A,LYS_340_A"
ARG_318_A,"GLU_317_A,ILE_319_A,ARG_320_A,ASP_335_A"
ILE_319_A,"ARG_318_A,ARG_320_A"
ARG_320_A,"ARG_31_A,HIS_210_A,SER_268_A,ARG_318_A,ILE_319_A,GLU_321_A,LEU_333_A,ASP_335_A"
GLU_321_A,"GLU_64_A,LYS_128_A,ARG_320_A,VAL_322_A,ARG_323_A,LEU_333_A"
VAL_322_A,"GLU_321_A,ARG_323_A,LEU_332_A"
ARG_323_A,"LEU_17_A,GLU_64_A,LYS_128_A,GLU_321_A,VAL_322_A,SER_324_A,TYR_331_A"
SER_324_A,"ARG_323_A,GLY_325_A"
GLY_325_A,"SER_324_A,TYR_329_A"
PRO_326_A,ASP_327_A
ASP_327_A,"ARG_277_A,PRO_326_A,GLY_328_A,TYR_331_A,LYS_343_A"
GLY_328_A,"TYR_273_A,ASP_327_A,TYR_329_A"
TYR_329_A,"PHE_278_A,GLY_325_A,GLY_328_A,LEU_330_A"
LEU_330_A,"TRP_281_A,PHE_286_A,TYR_329_A,TYR_331_A,VAL_344_A"
TYR_331_A,"LEU_7_A,PHE_19_A,ARG_323_A,ASP_327_A,LEU_330_A,LEU_332_A"
LEU_332_A,"LEU_312_A,VAL_322_A,TYR_331_A,LEU_333_A,LEU_342_A"
LEU_333_A,"ARG_320_A,GLU_321_A,LEU_332_A,THR_334_A"
THR_334_A,"GLU_317_A,LEU_333_A,ASP_335_A,GLU_336_A,LYS_340_A"
ASP_335_A,"HIS_13_A,ARG_31_A,ARG_318_A,ARG_320_A,THR_334_A,GLU_336_A"
GLU_336_A,"HIS_13_A,GLU_317_A,THR_334_A,ASP_335_A,ARG_337_A,ASP_338_A,LYS_340_A"
ARG_337_A,"GLU_12_A,HIS_13_A,GLU_336_A,ASP_338_A"
ASP_338_A,"ASP_9_A,GLY_10_A,GLU_336_A,ARG_337_A,GLY_339_A,LYS_340_A"
GLY_339_A,"LEU_11_A,ASP_338_A,LYS_340_A"
LYS_340_A,"ASP_9_A,GLU_317_A,THR_334_A,GLU_336_A,ASP_338_A,GLY_339_A,LEU_341_A"
LEU_341_A,"LEU_7_A,GLN_8_A,LYS_340_A,LEU_342_A"
LEU_342_A,"LEU_332_A,LEU_341_A,LYS_343_A"
LYS_343_A,"SER_5_A,ASP_327_A,LEU_342_A,VAL_344_A"
VAL_344_A,"LEU_330_A,LYS_343_A,GLY_345_A"
GLY_345_A,"THR_3_A,VAL_344_A,ALA_346_A"
ALA_346_A,"PHE_278_A,TRP_281_A,GLY_345_A,SER_347_A"
SER_347_A,ALA_346_A
