residue_id,neighbors
ARG_2_A,"LYS_3_A,LYS_326_A,ASP_392_A"
LYS_3_A,"ARG_2_A,ASP_435_A"
PRO_4_A,"THR_5_A,ILE_431_A,LYS_434_A,VAL_437_A"
THR_5_A,"PRO_4_A,ALA_6_A,ASP_392_A,VAL_437_A"
ALA_6_A,"THR_5_A,LEU_7_A,VAL_437_A,LEU_439_A"
LEU_7_A,"ALA_6_A,ILE_8_A,ILE_68_A,PHE_343_A,ILE_394_A,ILE_395_A,LEU_439_A,ILE_486_A"
ILE_8_A,"LEU_7_A,ILE_9_A,LEU_10_A,VAL_427_A,VAL_428_A,LEU_439_A,THR_441_A"
ILE_9_A,"ILE_8_A,LEU_10_A,LEU_396_A,PHE_398_A"
LEU_10_A,"ILE_8_A,ILE_9_A,ASP_11_A,PHE_13_A,THR_441_A"
ASP_11_A,"LEU_10_A,GLY_12_A,HIS_65_A,LYS_335_A,ASN_397_A,ASP_402_A,ASP_443_A,HIS_444_A"
GLY_12_A,"ASP_11_A,PHE_13_A,ALA_447_A"
PHE_13_A,"LEU_10_A,GLY_12_A,GLY_14_A,VAL_24_A,PHE_32_A,PRO_467_A"
GLY_14_A,"PHE_13_A,LEU_15_A,ASP_448_A"
LEU_15_A,"GLY_14_A,ARG_16_A,TRP_36_A,THR_43_A,PRO_465_A,PRO_467_A"
ARG_16_A,"LEU_15_A,GLU_17_A,GLU_18_A,ASN_22_A,ASP_448_A,GLU_449_A"
GLU_17_A,"ARG_16_A,GLU_18_A"
GLU_18_A,"ARG_16_A,GLU_17_A,THR_19_A"
THR_19_A,"GLU_18_A,TYR_20_A,GLN_26_A"
TYR_20_A,"THR_19_A,GLY_21_A"
GLY_21_A,"TYR_20_A,ASN_22_A,GLU_450_A"
ASN_22_A,"ARG_16_A,GLY_21_A,ALA_23_A"
ALA_23_A,"ASN_22_A,VAL_24_A,THR_413_A"
VAL_24_A,"PHE_13_A,ALA_23_A,ALA_25_A,LYS_29_A"
ALA_25_A,"VAL_24_A,GLN_26_A"
GLN_26_A,"THR_19_A,ALA_25_A,ALA_27_A"
ALA_27_A,"GLN_26_A,LYS_28_A,LYS_29_A,VAL_417_A"
LYS_28_A,"ALA_27_A,LYS_29_A,GLU_418_A"
LYS_29_A,"VAL_24_A,ALA_27_A,LYS_28_A,ASP_33_A"
PRO_30_A,"ASN_31_A,GLY_34_A"
ASN_31_A,"PRO_30_A,PHE_32_A"
PHE_32_A,"PHE_13_A,ASN_31_A,ASP_33_A,TRP_36_A,PRO_467_A"
ASP_33_A,"LYS_29_A,PHE_32_A,GLY_34_A"
GLY_34_A,"PRO_30_A,ASP_33_A,TYR_35_A"
TYR_35_A,"GLY_34_A,TRP_36_A,PHE_39_A,LEU_424_A,VAL_428_A"
TRP_36_A,"LEU_15_A,PHE_32_A,TYR_35_A,ASN_37_A,HIS_41_A,PRO_467_A"
ASN_37_A,"TRP_36_A,LYS_38_A"
LYS_38_A,"ASN_37_A,PHE_39_A"
PHE_39_A,"TYR_35_A,LYS_38_A,ILE_469_A,THR_471_A"
PRO_40_A,HIS_41_A
HIS_41_A,"TRP_36_A,PRO_40_A,THR_42_A"
THR_42_A,"HIS_41_A,THR_43_A,PHE_468_A,ARG_478_A"
THR_43_A,"LEU_15_A,THR_42_A,LEU_44_A"
LEU_44_A,"THR_43_A,THR_45_A,VAL_466_A,PHE_468_A,ILE_486_A"
THR_45_A,"LEU_44_A,ALA_46_A,ILE_482_A"
ALA_46_A,"THR_45_A,CYS_47_A"
CYS_47_A,"ALA_46_A,GLY_48_A"
GLY_48_A,"CYS_47_A,GLU_49_A,LEU_53_A,GLN_57_A"
GLU_49_A,"GLY_48_A,ALA_50_A,GLU_55_A,THR_79_A,ARG_86_A"
ALA_50_A,"GLU_49_A,VAL_51_A"
VAL_51_A,"ALA_50_A,GLY_52_A,VAL_63_A,LEU_483_A"
GLY_52_A,"VAL_51_A,LEU_53_A,GLN_76_A"
LEU_53_A,"GLY_48_A,GLY_52_A"
PRO_54_A,GLU_55_A
GLU_55_A,"GLU_49_A,PRO_54_A,GLY_56_A"
GLY_56_A,"GLU_55_A,GLN_57_A,THR_463_A"
GLN_57_A,"GLY_48_A,GLY_56_A,MET_58_A"
MET_58_A,"GLN_57_A,GLY_59_A"
GLY_59_A,"MET_58_A,ASN_60_A,HIS_461_A"
ASN_60_A,"GLY_59_A,SER_61_A,GLU_62_A,GLY_64_A"
SER_61_A,"ASN_60_A,GLU_62_A,HIS_65_A,LYS_335_A"
GLU_62_A,"ASN_60_A,SER_61_A,VAL_63_A,HIS_338_A"
VAL_63_A,"VAL_51_A,GLU_62_A,GLY_64_A,ASN_67_A"
GLY_64_A,"ASN_60_A,VAL_63_A,HIS_65_A,ILE_68_A"
HIS_65_A,"ASP_11_A,SER_61_A,GLY_64_A,LEU_66_A,GLY_69_A,HIS_338_A,ASP_443_A"
LEU_66_A,"HIS_65_A,ASN_67_A"
ASN_67_A,"VAL_63_A,LEU_66_A,ILE_68_A,ARG_72_A"
ILE_68_A,"LEU_7_A,GLY_64_A,ASN_67_A,GLY_69_A,PHE_343_A,ASP_443_A"
GLY_69_A,"HIS_65_A,ILE_68_A,ALA_70_A,LEU_316_A"
ALA_70_A,"GLY_69_A,GLY_71_A,ARG_72_A,VAL_74_A"
GLY_71_A,"ALA_70_A,ARG_72_A"
ARG_72_A,"ASN_67_A,ALA_70_A,GLY_71_A,ILE_73_A,ASN_314_A"
ILE_73_A,"ARG_72_A,VAL_74_A,TYR_75_A"
VAL_74_A,"ALA_70_A,ILE_73_A,TYR_75_A"
TYR_75_A,"ILE_73_A,VAL_74_A,GLN_76_A"
GLN_76_A,"GLY_52_A,TYR_75_A,SER_77_A,ARG_80_A"
SER_77_A,"GLN_76_A,LEU_78_A"
LEU_78_A,"SER_77_A,THR_79_A,PHE_259_A"
THR_79_A,"GLU_49_A,LEU_78_A,ARG_80_A,VAL_83_A"
ARG_80_A,"GLN_76_A,THR_79_A,VAL_81_A,LYS_308_A"
VAL_81_A,"ARG_80_A,ASN_82_A,ALA_84_A,ILE_85_A,PHE_307_A"
ASN_82_A,"VAL_81_A,VAL_83_A,ARG_86_A"
VAL_83_A,"THR_79_A,ASN_82_A,ALA_84_A,GLU_87_A"
ALA_84_A,"VAL_81_A,VAL_83_A,ILE_85_A,GLU_89_A,PHE_90_A"
ILE_85_A,"VAL_81_A,ALA_84_A,ARG_86_A,PHE_90_A"
ARG_86_A,"GLU_49_A,ASN_82_A,ILE_85_A,GLU_87_A"
GLU_87_A,"VAL_83_A,ARG_86_A,GLY_88_A"
GLY_88_A,"GLU_87_A,GLU_89_A"
GLU_89_A,"ALA_84_A,GLY_88_A,PHE_90_A,LYS_92_A"
PHE_90_A,"ALA_84_A,ILE_85_A,GLU_89_A,ASP_91_A,PHE_96_A,ALA_130_A,LEU_131_A,MET_294_A"
ASP_91_A,"PHE_90_A,LYS_92_A"
LYS_92_A,"GLU_89_A,ASP_91_A,ASN_93_A"
ASN_93_A,"LYS_92_A,GLU_94_A,PHE_96_A"
GLU_94_A,"ASN_93_A,THR_95_A,SER_98_A"
THR_95_A,"GLU_94_A,PHE_96_A,VAL_292_A,TYR_304_A"
PHE_96_A,"PHE_90_A,ASN_93_A,THR_95_A,GLN_97_A,ILE_100_A,ALA_306_A"
GLN_97_A,"PHE_96_A,SER_98_A,LYS_101_A"
SER_98_A,"GLU_94_A,GLN_97_A,ALA_99_A"
ALA_99_A,"SER_98_A,ILE_100_A,GLU_290_A"
ILE_100_A,"PHE_96_A,ALA_99_A,LYS_101_A,LEU_134_A,GLU_138_A"
LYS_101_A,"GLN_97_A,ILE_100_A,SER_102_A,LYS_104_A,GLU_105_A"
SER_102_A,"LYS_101_A,VAL_103_A,LYS_106_A"
VAL_103_A,"SER_102_A,LYS_104_A,GLY_107_A,ALA_253_A"
LYS_104_A,"LYS_101_A,VAL_103_A,GLU_105_A,GLU_138_A"
GLU_105_A,"LYS_101_A,LYS_104_A,LYS_106_A"
LYS_106_A,"SER_102_A,GLU_105_A,GLY_107_A,ASP_251_A"
GLY_107_A,"VAL_103_A,LYS_106_A,THR_108_A"
THR_108_A,"GLY_107_A,ALA_109_A,ASP_251_A"
ALA_109_A,"THR_108_A,LEU_110_A,TYR_144_A,ASP_252_A"
LEU_110_A,"ALA_109_A,HIS_111_A,TYR_144_A,ALA_253_A"
HIS_111_A,"LEU_110_A,LEU_112_A,HIS_146_A,ASP_252_A,ALA_253_A,ILE_255_A"
LEU_112_A,"HIS_111_A,PHE_113_A,MET_128_A,LEU_132_A,TYR_144_A,HIS_146_A"
PHE_113_A,"LEU_112_A,GLY_114_A,HIS_146_A,PHE_148_A,VAL_254_A,PHE_256_A,TYR_257_A,PHE_291_A"
GLY_114_A,"PHE_113_A,LEU_115_A,TYR_257_A"
LEU_115_A,"GLY_114_A,LEU_116_A,SER_123_A,ASP_150_A,ASN_258_A"
LEU_116_A,"LEU_115_A,SER_117_A,MET_128_A,PHE_148_A,TYR_162_A"
SER_117_A,"LEU_116_A,ASP_118_A,MET_125_A,ASP_150_A"
ASP_118_A,"SER_117_A,GLY_119_A,HIS_124_A,TYR_162_A"
GLY_119_A,"ASP_118_A,GLY_120_A"
GLY_120_A,"GLY_119_A,VAL_121_A"
VAL_121_A,"GLY_120_A,HIS_122_A"
HIS_122_A,"VAL_121_A,SER_123_A,ASP_153_A,ARG_184_A,MET_188_A,PHE_259_A,ARG_260_A,ASP_262_A,ARG_263_A"
SER_123_A,"LEU_115_A,HIS_122_A,HIS_124_A"
HIS_124_A,"ASP_118_A,SER_123_A,MET_125_A,HIS_127_A"
MET_125_A,"SER_117_A,HIS_124_A,ASN_126_A,MET_128_A,PHE_129_A"
ASN_126_A,"MET_125_A,HIS_127_A"
HIS_127_A,"HIS_124_A,ASN_126_A,MET_128_A,MET_294_A"
MET_128_A,"LEU_112_A,LEU_116_A,MET_125_A,HIS_127_A,PHE_129_A,LEU_132_A,ILE_145_A,TYR_257_A"
PHE_129_A,"MET_125_A,MET_128_A,ALA_130_A,LEU_132_A,ARG_133_A,VAL_169_A"
ALA_130_A,"PHE_90_A,PHE_129_A,LEU_131_A"
LEU_131_A,"PHE_90_A,ALA_130_A,LEU_132_A,TYR_257_A"
LEU_132_A,"LEU_112_A,MET_128_A,PHE_129_A,LEU_131_A,ARG_133_A,ALA_136_A,VAL_143_A"
ARG_133_A,"PHE_129_A,LEU_132_A,LEU_134_A,LYS_137_A,GLU_172_A"
LEU_134_A,"ILE_100_A,ARG_133_A,ALA_135_A,GLU_138_A"
ALA_135_A,"LEU_134_A,ALA_136_A,GLY_139_A,VAL_140_A"
ALA_136_A,"LEU_132_A,ALA_135_A,LYS_137_A,THR_173_A,VAL_175_A"
LYS_137_A,"ARG_133_A,ALA_136_A,GLU_138_A"
GLU_138_A,"ILE_100_A,LYS_104_A,LEU_134_A,LYS_137_A,GLY_139_A"
GLY_139_A,"ALA_135_A,GLU_138_A,VAL_140_A"
VAL_140_A,"ALA_135_A,GLY_139_A,GLU_141_A,VAL_143_A"
GLU_141_A,"VAL_140_A,LYS_142_A"
LYS_142_A,"GLU_141_A,VAL_143_A,TYR_144_A,ASP_252_A"
VAL_143_A,"LEU_132_A,VAL_140_A,LYS_142_A,TYR_144_A"
TYR_144_A,"ALA_109_A,LEU_110_A,LEU_112_A,LYS_142_A,VAL_143_A,ILE_145_A,VAL_245_A,ALA_246_A"
ILE_145_A,"MET_128_A,TYR_144_A,HIS_146_A,THR_166_A,GLN_177_A,ALA_179_A"
HIS_146_A,"HIS_111_A,LEU_112_A,PHE_113_A,ILE_145_A,ALA_147_A"
ALA_147_A,"HIS_146_A,PHE_148_A,PHE_178_A,THR_180_A,SER_182_A"
PHE_148_A,"PHE_113_A,LEU_116_A,ALA_147_A,LEU_149_A"
LEU_149_A,"PHE_148_A,ASP_150_A,ALA_159_A,ILE_181_A,SER_182_A,ARG_184_A,VAL_232_A"
ASP_150_A,"LEU_115_A,SER_117_A,LEU_149_A,GLY_151_A,ARG_152_A,ASP_153_A,ARG_184_A"
GLY_151_A,"ASP_150_A,ARG_152_A"
ARG_152_A,"ASP_150_A,GLY_151_A,ASP_153_A,ARG_184_A,GLU_230_A,ARG_263_A"
ASP_153_A,"HIS_122_A,ASP_150_A,ARG_152_A,VAL_154_A,ARG_184_A"
VAL_154_A,"ASP_153_A,GLY_155_A,TYR_162_A"
GLY_155_A,"VAL_154_A,THR_158_A"
PRO_156_A,LYS_157_A
LYS_157_A,"PRO_156_A,THR_158_A"
THR_158_A,"GLY_155_A,LYS_157_A,ALA_159_A,SER_161_A,ASP_229_A"
ALA_159_A,"LEU_149_A,THR_158_A,GLN_160_A,ILE_163_A"
GLN_160_A,"ALA_159_A,SER_161_A,ASP_164_A"
SER_161_A,"THR_158_A,GLN_160_A,TYR_162_A"
TYR_162_A,"LEU_116_A,ASP_118_A,VAL_154_A,SER_161_A,ILE_163_A,THR_166_A"
ILE_163_A,"ALA_159_A,TYR_162_A,ASP_164_A,ASN_167_A,VAL_219_A"
ASP_164_A,"GLN_160_A,ILE_163_A,ALA_165_A,GLU_216_A"
ALA_165_A,"ASP_164_A,THR_166_A"
THR_166_A,"ILE_145_A,TYR_162_A,ALA_165_A,ASN_167_A,ILE_170_A,PHE_178_A"
ASN_167_A,"ILE_163_A,THR_166_A,GLU_168_A,ILE_170_A,LYS_171_A"
GLU_168_A,"ASN_167_A,VAL_169_A,GLU_172_A"
VAL_169_A,"PHE_129_A,GLU_168_A,ILE_170_A"
ILE_170_A,"THR_166_A,ASN_167_A,VAL_169_A,LYS_171_A,GLY_174_A"
LYS_171_A,"ASN_167_A,ILE_170_A,GLU_172_A"
GLU_172_A,"ARG_133_A,GLU_168_A,LYS_171_A,THR_173_A"
THR_173_A,"ALA_136_A,GLU_172_A,GLY_174_A,VAL_175_A"
GLY_174_A,"ILE_170_A,THR_173_A,VAL_175_A"
VAL_175_A,"ALA_136_A,THR_173_A,GLY_174_A,GLY_176_A"
GLY_176_A,"VAL_175_A,GLN_177_A"
GLN_177_A,"ILE_145_A,GLY_176_A,PHE_178_A"
PHE_178_A,"ALA_147_A,THR_166_A,GLN_177_A,ALA_179_A"
ALA_179_A,"ILE_145_A,PHE_178_A,THR_180_A"
THR_180_A,"ALA_147_A,ALA_179_A,ILE_181_A"
ILE_181_A,"LEU_149_A,THR_180_A,SER_182_A,VAL_232_A,SER_235_A"
SER_182_A,"ALA_147_A,LEU_149_A,ILE_181_A,GLY_183_A"
GLY_183_A,"SER_182_A,ARG_184_A,TYR_186_A,SER_187_A,VAL_232_A"
ARG_184_A,"HIS_122_A,LEU_149_A,ASP_150_A,ARG_152_A,ASP_153_A,GLY_183_A,TYR_185_A,MET_188_A,GLU_230_A,ARG_263_A"
TYR_185_A,"ARG_184_A,TYR_186_A,GLU_230_A"
TYR_186_A,"GLY_183_A,TYR_185_A,SER_187_A,LYS_199_A"
SER_187_A,"GLY_183_A,TYR_186_A,MET_188_A"
MET_188_A,"HIS_122_A,ARG_184_A,SER_187_A,ASP_189_A,ARG_263_A"
ASP_189_A,"MET_188_A,ARG_190_A,ASP_191_A,ARG_193_A,ARG_196_A"
ARG_190_A,"ASP_189_A,ASP_191_A,ARG_260_A,ASP_262_A,ARG_263_A"
ASP_191_A,"ASP_189_A,ARG_190_A,LYS_192_A,ARG_193_A,ARG_263_A"
LYS_192_A,"ASP_191_A,ARG_193_A,ARG_269_A"
ARG_193_A,"ASP_189_A,ASP_191_A,LYS_192_A,TRP_194_A,ARG_196_A,ARG_263_A"
TRP_194_A,"ARG_193_A,ASP_195_A,VAL_197_A,GLU_198_A,GLN_266_A,PHE_276_A"
ASP_195_A,"TRP_194_A,ARG_196_A,GLU_198_A"
ARG_196_A,"ASP_189_A,ARG_193_A,ASP_195_A,VAL_197_A"
VAL_197_A,"TRP_194_A,ARG_196_A,GLU_198_A"
GLU_198_A,"TRP_194_A,ASP_195_A,VAL_197_A,LYS_199_A,ARG_202_A,PHE_279_A"
LYS_199_A,"TYR_186_A,GLU_198_A,CYS_200_A,PRO_234_A"
CYS_200_A,"LYS_199_A,TYR_201_A"
TYR_201_A,"CYS_200_A,ARG_202_A,MET_204_A,VAL_205_A,VAL_270_A,ARG_281_A"
ARG_202_A,"GLU_198_A,TYR_201_A,ALA_203_A,GLU_208_A"
ALA_203_A,"ARG_202_A,MET_204_A"
MET_204_A,"TYR_201_A,ALA_203_A,VAL_205_A,ILE_248_A,PHE_271_A"
VAL_205_A,"TYR_201_A,MET_204_A,ASN_206_A,PHE_271_A"
ASN_206_A,"VAL_205_A,GLY_207_A"
GLY_207_A,"ASN_206_A,GLU_208_A"
GLU_208_A,"ARG_202_A,GLY_207_A,GLY_209_A"
GLY_209_A,GLU_208_A
PRO_210_A,"THR_211_A,VAL_236_A"
THR_211_A,"PRO_210_A,TYR_212_A"
TYR_212_A,"THR_211_A,LYS_213_A,CYS_218_A,ASP_221_A,VAL_236_A,VAL_238_A"
LYS_213_A,"TYR_212_A,SER_214_A,GLU_217_A"
SER_214_A,"LYS_213_A,ALA_215_A"
ALA_215_A,"SER_214_A,GLU_216_A,VAL_219_A"
GLU_216_A,"ASP_164_A,ALA_215_A,GLU_217_A,GLU_220_A"
GLU_217_A,"LYS_213_A,GLU_216_A,CYS_218_A,ASP_221_A"
CYS_218_A,"TYR_212_A,GLU_217_A,VAL_219_A,SER_222_A"
VAL_219_A,"ILE_163_A,ALA_215_A,CYS_218_A,GLU_220_A,TYR_223_A"
GLU_220_A,"GLU_216_A,VAL_219_A,ASP_221_A"
ASP_221_A,"TYR_212_A,GLU_217_A,GLU_220_A,SER_222_A"
SER_222_A,"CYS_218_A,ASP_221_A,TYR_223_A"
TYR_223_A,"VAL_219_A,SER_222_A,ALA_224_A,ASP_229_A"
ALA_224_A,"TYR_223_A,ASN_225_A"
ASN_225_A,"ALA_224_A,GLY_226_A"
GLY_226_A,"ASN_225_A,ILE_227_A"
ILE_227_A,"GLY_226_A,TYR_228_A"
TYR_228_A,"ILE_227_A,ASP_229_A,GLU_230_A,PHE_231_A"
ASP_229_A,"THR_158_A,TYR_223_A,TYR_228_A,GLU_230_A"
GLU_230_A,"ARG_152_A,ARG_184_A,TYR_185_A,TYR_228_A,ASP_229_A,PHE_231_A"
PHE_231_A,"TYR_228_A,GLU_230_A,VAL_232_A"
VAL_232_A,"LEU_149_A,ILE_181_A,GLY_183_A,PHE_231_A,LEU_233_A"
LEU_233_A,"VAL_232_A,SER_235_A"
PRO_234_A,"LYS_199_A,SER_235_A"
SER_235_A,"ILE_181_A,LEU_233_A,PRO_234_A,VAL_236_A"
VAL_236_A,"PRO_210_A,TYR_212_A,SER_235_A,ILE_237_A"
ILE_237_A,"VAL_236_A,VAL_238_A,VAL_245_A"
VAL_238_A,"TYR_212_A,ILE_237_A,ASN_239_A"
ASN_239_A,"VAL_238_A,GLU_240_A"
GLU_240_A,"ASN_239_A,ASP_241_A"
ASP_241_A,"GLU_240_A,ASN_242_A"
ASN_242_A,"ASP_241_A,THR_243_A"
THR_243_A,ASN_242_A
PRO_244_A,VAL_245_A
VAL_245_A,"TYR_144_A,ILE_237_A,PRO_244_A,ALA_246_A"
ALA_246_A,"TYR_144_A,VAL_245_A,THR_247_A"
THR_247_A,"ALA_246_A,ILE_248_A,ASN_249_A"
ILE_248_A,"MET_204_A,THR_247_A,ASN_249_A,PHE_271_A"
ASN_249_A,"THR_247_A,ILE_248_A,ASP_250_A"
ASP_250_A,"ASN_249_A,ASP_251_A"
ASP_251_A,"LYS_106_A,THR_108_A,ASP_250_A,ASP_252_A"
ASP_252_A,"ALA_109_A,HIS_111_A,LYS_142_A,ASP_251_A,ALA_253_A"
ALA_253_A,"VAL_103_A,LEU_110_A,HIS_111_A,ASP_252_A,VAL_254_A"
VAL_254_A,"PHE_113_A,ALA_253_A,ILE_255_A,VAL_292_A"
ILE_255_A,"HIS_111_A,VAL_254_A,PHE_256_A"
PHE_256_A,"PHE_113_A,ILE_255_A,TYR_257_A,ASN_258_A,ILE_267_A,VAL_292_A,PHE_297_A"
TYR_257_A,"PHE_113_A,GLY_114_A,MET_128_A,LEU_131_A,PHE_256_A,ASN_258_A"
ASN_258_A,"LEU_115_A,PHE_256_A,TYR_257_A,PHE_259_A"
PHE_259_A,"LEU_78_A,HIS_122_A,ASN_258_A,ARG_260_A,THR_295_A"
ARG_260_A,"HIS_122_A,ARG_190_A,PHE_259_A,ASP_262_A"
PRO_261_A,"ASP_262_A,ILE_265_A"
ASP_262_A,"HIS_122_A,ARG_190_A,ARG_260_A,PRO_261_A,ARG_263_A"
ARG_263_A,"HIS_122_A,ARG_152_A,ARG_184_A,MET_188_A,ARG_190_A,ASP_191_A,ARG_193_A,ASP_262_A,ALA_264_A"
ALA_264_A,"ARG_263_A,ILE_265_A,PHE_297_A"
ILE_265_A,"PRO_261_A,ALA_264_A,GLN_266_A,ARG_269_A"
GLN_266_A,"TRP_194_A,ILE_265_A,ILE_267_A"
ILE_267_A,"PHE_256_A,GLN_266_A,ALA_268_A,VAL_270_A"
ALA_268_A,"ILE_267_A,ARG_269_A,THR_272_A"
ARG_269_A,"LYS_192_A,ILE_265_A,ALA_268_A,VAL_270_A,GLU_278_A"
VAL_270_A,"TYR_201_A,ILE_267_A,ARG_269_A,PHE_271_A,PHE_276_A,PHE_279_A,ARG_281_A"
PHE_271_A,"MET_204_A,VAL_205_A,ILE_248_A,VAL_270_A,THR_272_A,PHE_291_A"
THR_272_A,"ALA_268_A,PHE_271_A,ASN_273_A,PHE_291_A"
ASN_273_A,"THR_272_A,GLY_274_A"
GLY_274_A,"ASN_273_A,ASP_275_A"
ASP_275_A,"GLY_274_A,PHE_276_A"
PHE_276_A,"TRP_194_A,VAL_270_A,ASP_275_A,ARG_277_A,GLU_278_A"
ARG_277_A,"PHE_276_A,GLU_278_A"
GLU_278_A,"ARG_269_A,PHE_276_A,ARG_277_A,PHE_279_A"
PHE_279_A,"GLU_198_A,VAL_270_A,GLU_278_A,ASP_280_A,ARG_281_A"
ASP_280_A,"PHE_279_A,ARG_281_A"
ARG_281_A,"TYR_201_A,VAL_270_A,PHE_279_A,ASP_280_A,GLY_282_A,HIS_287_A"
GLY_282_A,"ARG_281_A,GLU_283_A"
GLU_283_A,"GLY_282_A,LYS_284_A"
LYS_284_A,"GLU_283_A,VAL_285_A"
VAL_285_A,LYS_284_A
PRO_286_A,HIS_287_A
HIS_287_A,"ARG_281_A,PRO_286_A,ILE_288_A,ASP_302_A"
ILE_288_A,HIS_287_A
PRO_289_A,GLU_290_A
GLU_290_A,"ALA_99_A,PRO_289_A,PHE_291_A"
PHE_291_A,"PHE_113_A,PHE_271_A,THR_272_A,GLU_290_A,VAL_292_A,TYR_304_A"
VAL_292_A,"THR_95_A,VAL_254_A,PHE_256_A,PHE_291_A,CYS_293_A"
CYS_293_A,"VAL_292_A,MET_294_A,PHE_297_A,TYR_304_A,ALA_306_A"
MET_294_A,"PHE_90_A,HIS_127_A,CYS_293_A,THR_295_A,PHE_307_A"
THR_295_A,"PHE_259_A,MET_294_A,HIS_296_A"
HIS_296_A,"THR_295_A,PHE_297_A,GLU_299_A,PRO_309_A"
PHE_297_A,"PHE_256_A,ALA_264_A,CYS_293_A,HIS_296_A,SER_298_A"
SER_298_A,"PHE_297_A,GLU_299_A,THR_300_A"
GLU_299_A,"HIS_296_A,SER_298_A,THR_300_A"
THR_300_A,"SER_298_A,GLU_299_A,VAL_301_A"
VAL_301_A,"THR_300_A,ASP_302_A"
ASP_302_A,"HIS_287_A,VAL_301_A,GLY_303_A"
GLY_303_A,"ASP_302_A,TYR_304_A"
TYR_304_A,"THR_95_A,PHE_291_A,CYS_293_A,GLY_303_A,VAL_305_A"
VAL_305_A,"TYR_304_A,ALA_306_A,LYS_308_A"
ALA_306_A,"PHE_96_A,CYS_293_A,VAL_305_A,PHE_307_A"
PHE_307_A,"VAL_81_A,MET_294_A,ALA_306_A,LYS_308_A"
LYS_308_A,"ARG_80_A,VAL_305_A,PHE_307_A"
PRO_309_A,"HIS_296_A,MET_310_A"
MET_310_A,"PRO_309_A,ASN_311_A"
ASN_311_A,"MET_310_A,LEU_312_A"
LEU_312_A,"ASN_311_A,ASP_313_A"
ASP_313_A,"LEU_312_A,ASN_314_A"
ASN_314_A,"ARG_72_A,ASP_313_A,THR_315_A,VAL_319_A,PRO_499_A"
THR_315_A,"ASN_314_A,LEU_316_A"
LEU_316_A,"GLY_69_A,THR_315_A,GLY_317_A"
GLY_317_A,"LEU_316_A,GLU_318_A"
GLU_318_A,"GLY_317_A,VAL_319_A,ARG_347_A,PHE_351_A"
VAL_319_A,"ASN_314_A,GLU_318_A,VAL_320_A,PRO_499_A"
VAL_320_A,"VAL_319_A,ALA_321_A,LEU_325_A,VAL_393_A"
ALA_321_A,"VAL_320_A,GLN_322_A"
GLN_322_A,"ALA_321_A,ALA_323_A,GLY_324_A"
ALA_323_A,"GLN_322_A,GLY_324_A,VAL_496_A"
GLY_324_A,"GLN_322_A,ALA_323_A,LEU_325_A"
LEU_325_A,"VAL_320_A,GLY_324_A,LYS_326_A"
LYS_326_A,"ARG_2_A,LEU_325_A,GLN_327_A,ASP_392_A"
GLN_327_A,"LYS_326_A,LEU_328_A,GLY_353_A,GLU_355_A,VAL_393_A"
LEU_328_A,"GLN_327_A,ARG_329_A,ILE_357_A,VAL_393_A,ILE_395_A"
ARG_329_A,"LEU_328_A,ILE_330_A,VAL_339_A,SER_344_A,GLU_354_A,ARG_356_A,ILE_357_A"
ILE_330_A,"ARG_329_A,ALA_331_A,ILE_357_A,LEU_382_A,ILE_395_A"
ALA_331_A,"ILE_330_A,GLU_332_A,VAL_339_A"
GLU_332_A,"ALA_331_A,THR_333_A,GLU_334_A,LYS_335_A,SER_361_A,SER_374_A"
THR_333_A,"GLU_332_A,GLU_334_A,SER_361_A"
GLU_334_A,"GLU_332_A,THR_333_A,LYS_335_A"
LYS_335_A,"ASP_11_A,SER_61_A,GLU_332_A,GLU_334_A,TYR_336_A,HIS_338_A,ALA_399_A,ASP_402_A,HIS_406_A,ASP_443_A,HIS_444_A,HIS_461_A"
TYR_336_A,"LYS_335_A,THR_340_A,LEU_358_A"
PRO_337_A,"HIS_338_A,PHE_342_A"
HIS_338_A,"GLU_62_A,HIS_65_A,LYS_335_A,PRO_337_A,VAL_339_A"
VAL_339_A,"ARG_329_A,ALA_331_A,HIS_338_A,THR_340_A,ASN_397_A"
THR_340_A,"TYR_336_A,VAL_339_A,PHE_341_A,SER_344_A"
PHE_341_A,"THR_340_A,PHE_342_A"
PHE_342_A,"PRO_337_A,PHE_341_A,PHE_343_A"
PHE_343_A,"LEU_7_A,ILE_68_A,PHE_342_A,SER_344_A,ILE_395_A"
SER_344_A,"ARG_329_A,THR_340_A,PHE_343_A,GLY_345_A"
GLY_345_A,"SER_344_A,GLY_346_A"
GLY_346_A,"GLY_345_A,ARG_347_A"
ARG_347_A,"GLU_318_A,GLY_346_A,GLU_348_A,ALA_349_A,GLU_354_A,ARG_356_A"
GLU_348_A,"ARG_347_A,ALA_349_A,ARG_356_A"
ALA_349_A,"ARG_347_A,GLU_348_A,GLU_350_A"
GLU_350_A,"ALA_349_A,PHE_351_A,GLU_354_A,ARG_356_A"
PHE_351_A,"GLU_318_A,GLU_350_A"
PRO_352_A,GLY_353_A
GLY_353_A,"GLN_327_A,PRO_352_A,GLU_354_A"
GLU_354_A,"ARG_329_A,ARG_347_A,GLU_350_A,GLY_353_A,GLU_355_A,ARG_356_A"
GLU_355_A,"GLN_327_A,GLU_354_A,ARG_356_A,GLU_385_A,LYS_390_A,HIS_391_A"
ARG_356_A,"ARG_329_A,ARG_347_A,GLU_348_A,GLU_350_A,GLU_354_A,GLU_355_A,ILE_357_A"
ILE_357_A,"LEU_328_A,ARG_329_A,ILE_330_A,ARG_356_A,LEU_358_A,ILE_359_A"
LEU_358_A,"TYR_336_A,ILE_357_A,ILE_359_A"
ILE_359_A,"ILE_357_A,LEU_358_A,ASN_360_A,GLU_377_A,VAL_378_A"
ASN_360_A,"ILE_359_A,SER_361_A,SER_374_A"
SER_361_A,"GLU_332_A,THR_333_A,ASN_360_A"
PRO_362_A,"LYS_363_A,VAL_364_A,LYS_370_A"
LYS_363_A,"PRO_362_A,VAL_364_A"
VAL_364_A,"PRO_362_A,LYS_363_A,ALA_365_A,TYR_367_A,LEU_369_A"
ALA_365_A,"VAL_364_A,THR_366_A"
THR_366_A,"ALA_365_A,TYR_367_A,ASP_368_A"
TYR_367_A,"VAL_364_A,THR_366_A,ASP_368_A,MET_373_A"
ASP_368_A,"THR_366_A,TYR_367_A,LEU_369_A"
LEU_369_A,"VAL_364_A,ASP_368_A,LYS_370_A"
LYS_370_A,"PRO_362_A,LEU_369_A,GLU_372_A,MET_373_A"
PRO_371_A,"GLU_372_A,LYS_415_A"
GLU_372_A,"LYS_370_A,PRO_371_A,MET_373_A,ILE_375_A"
MET_373_A,"TYR_367_A,LYS_370_A,GLU_372_A,SER_374_A,MET_403_A"
SER_374_A,"GLU_332_A,ASN_360_A,MET_373_A,ILE_375_A"
ILE_375_A,"GLU_372_A,SER_374_A,TYR_376_A,THR_379_A,PHE_398_A,ALA_419_A"
TYR_376_A,"ILE_375_A,GLU_377_A,ASP_380_A,GLU_422_A"
GLU_377_A,"ILE_359_A,TYR_376_A,VAL_378_A"
VAL_378_A,"ILE_359_A,GLU_377_A,THR_379_A"
THR_379_A,"ILE_375_A,VAL_378_A,ASP_380_A"
ASP_380_A,"TYR_376_A,THR_379_A,ALA_381_A"
ALA_381_A,"ASP_380_A,LEU_382_A"
LEU_382_A,"ILE_330_A,ALA_381_A,VAL_383_A,ILE_386_A,LEU_396_A"
VAL_383_A,"LEU_382_A,ASN_384_A,GLU_387_A"
ASN_384_A,"VAL_383_A,GLU_385_A,ASN_388_A"
GLU_385_A,"GLU_355_A,ASN_384_A,ILE_386_A,LYS_390_A,HIS_391_A"
ILE_386_A,"LEU_382_A,GLU_385_A,GLU_387_A,ASN_388_A,ASP_389_A,ILE_431_A,LYS_434_A"
GLU_387_A,"VAL_383_A,ILE_386_A,ASN_388_A"
ASN_388_A,"ASN_384_A,ILE_386_A,GLU_387_A,ASP_389_A"
ASP_389_A,"ILE_386_A,ASN_388_A,LYS_390_A,LYS_434_A"
LYS_390_A,"GLU_355_A,GLU_385_A,ASP_389_A,HIS_391_A"
HIS_391_A,"GLU_355_A,GLU_385_A,LYS_390_A,ASP_392_A"
ASP_392_A,"ARG_2_A,THR_5_A,LYS_326_A,HIS_391_A,VAL_393_A"
VAL_393_A,"VAL_320_A,GLN_327_A,LEU_328_A,ASP_392_A,ILE_394_A"
ILE_394_A,"LEU_7_A,VAL_393_A,ILE_395_A,ILE_431_A"
ILE_395_A,"LEU_7_A,LEU_328_A,ILE_330_A,PHE_343_A,ILE_394_A,LEU_396_A"
LEU_396_A,"ILE_9_A,LEU_382_A,ILE_395_A,ASN_397_A,PHE_398_A"
ASN_397_A,"ASP_11_A,VAL_339_A,LEU_396_A,PHE_398_A"
PHE_398_A,"ILE_9_A,ILE_375_A,LEU_396_A,ASN_397_A,ALA_399_A,CYS_423_A,VAL_427_A"
ALA_399_A,"LYS_335_A,PHE_398_A,ASN_400_A"
ASN_400_A,"ALA_399_A,CYS_401_A,VAL_404_A"
CYS_401_A,"ASN_400_A,ASP_402_A,GLY_405_A,ALA_447_A"
ASP_402_A,"ASP_11_A,LYS_335_A,CYS_401_A,MET_403_A,HIS_406_A,ASP_443_A,HIS_444_A,HIS_461_A"
MET_403_A,"MET_373_A,ASP_402_A,VAL_404_A"
VAL_404_A,"ASN_400_A,MET_403_A,GLY_405_A,SER_407_A,ALA_416_A"
GLY_405_A,"CYS_401_A,VAL_404_A,HIS_406_A"
HIS_406_A,"LYS_335_A,ASP_402_A,GLY_405_A,SER_407_A,THR_459_A,HIS_461_A"
SER_407_A,"VAL_404_A,HIS_406_A,GLY_408_A"
GLY_408_A,"SER_407_A,MET_409_A"
MET_409_A,"GLY_408_A,MET_410_A,PRO_412_A,THR_413_A"
MET_410_A,"MET_409_A,GLU_411_A,ILE_414_A,LEU_451_A"
GLU_411_A,MET_410_A
PRO_412_A,"MET_409_A,THR_413_A"
THR_413_A,"ALA_23_A,MET_409_A,PRO_412_A,ILE_414_A,ALA_447_A"
ILE_414_A,"MET_410_A,THR_413_A,LYS_415_A,GLU_418_A"
LYS_415_A,"PRO_371_A,ILE_414_A,ALA_416_A,ALA_419_A"
ALA_416_A,"VAL_404_A,LYS_415_A,VAL_417_A,THR_420_A"
VAL_417_A,"ALA_27_A,ALA_416_A,GLU_418_A,ASP_421_A"
GLU_418_A,"LYS_28_A,ILE_414_A,VAL_417_A,ALA_419_A"
ALA_419_A,"ILE_375_A,LYS_415_A,GLU_418_A,THR_420_A"
THR_420_A,"ALA_416_A,ALA_419_A,ASP_421_A"
ASP_421_A,"VAL_417_A,THR_420_A,GLU_422_A"
GLU_422_A,"TYR_376_A,ASP_421_A,CYS_423_A,LYS_426_A"
CYS_423_A,"PHE_398_A,GLU_422_A,LEU_424_A,VAL_427_A"
LEU_424_A,"TYR_35_A,CYS_423_A,GLY_425_A,VAL_428_A"
GLY_425_A,"LEU_424_A,LYS_426_A,GLU_429_A"
LYS_426_A,"GLU_422_A,GLY_425_A,VAL_427_A"
VAL_427_A,"ILE_8_A,PHE_398_A,CYS_423_A,LYS_426_A,VAL_428_A"
VAL_428_A,"ILE_8_A,TYR_35_A,LEU_424_A,VAL_427_A,GLU_429_A,LEU_432_A"
GLU_429_A,"GLY_425_A,VAL_428_A,ALA_430_A,ALA_433_A"
ALA_430_A,"GLU_429_A,ILE_431_A"
ILE_431_A,"PRO_4_A,ILE_386_A,ILE_394_A,ALA_430_A,LEU_432_A,LYS_434_A"
LEU_432_A,"VAL_428_A,ILE_431_A,ALA_433_A"
ALA_433_A,"GLU_429_A,LEU_432_A,LYS_434_A"
LYS_434_A,"PRO_4_A,ILE_386_A,ASP_389_A,ILE_431_A,ALA_433_A,ASP_435_A"
ASP_435_A,"LYS_3_A,LYS_434_A,GLY_436_A"
GLY_436_A,"ASP_435_A,VAL_437_A"
VAL_437_A,"PRO_4_A,THR_5_A,ALA_6_A,GLY_436_A,ALA_438_A,LEU_493_A"
ALA_438_A,"VAL_437_A,LEU_439_A,THR_471_A"
LEU_439_A,"ALA_6_A,LEU_7_A,ILE_8_A,ALA_438_A,ILE_440_A,PHE_468_A,MET_490_A,LEU_493_A"
ILE_440_A,"LEU_439_A,THR_441_A,ILE_469_A"
THR_441_A,"ILE_8_A,LEU_10_A,ILE_440_A,ALA_442_A"
ALA_442_A,"THR_441_A,ASP_443_A"
ASP_443_A,"ASP_11_A,HIS_65_A,ILE_68_A,LYS_335_A,ASP_402_A,ALA_442_A,HIS_444_A"
HIS_444_A,"ASP_11_A,LYS_335_A,ASP_402_A,ASP_443_A,GLY_445_A,HIS_461_A"
GLY_445_A,"HIS_444_A,ASN_446_A,THR_462_A"
ASN_446_A,"GLY_445_A,ALA_447_A,ASP_448_A"
ALA_447_A,"GLY_12_A,CYS_401_A,THR_413_A,ASN_446_A,ASP_448_A"
ASP_448_A,"GLY_14_A,ARG_16_A,ASN_446_A,ALA_447_A,GLU_449_A,THR_462_A,ASN_464_A"
GLU_449_A,"ARG_16_A,ASP_448_A,GLU_450_A,THR_462_A"
GLU_450_A,"GLY_21_A,GLU_449_A,LEU_451_A,MET_458_A"
LEU_451_A,"MET_410_A,GLU_450_A,THR_452_A"
THR_452_A,"LEU_451_A,SER_453_A,GLU_456_A,MET_458_A"
SER_453_A,"THR_452_A,GLU_454_A"
GLU_454_A,"SER_453_A,GLY_455_A"
GLY_455_A,"GLU_454_A,GLU_456_A"
GLU_456_A,"THR_452_A,GLY_455_A"
PRO_457_A,MET_458_A
MET_458_A,"GLU_450_A,THR_452_A,PRO_457_A,THR_459_A,ALA_460_A"
THR_459_A,"HIS_406_A,MET_458_A,ALA_460_A"
ALA_460_A,"MET_458_A,THR_459_A,HIS_461_A"
HIS_461_A,"GLY_59_A,LYS_335_A,ASP_402_A,HIS_406_A,HIS_444_A,ALA_460_A,THR_462_A"
THR_462_A,"GLY_445_A,ASP_448_A,GLU_449_A,HIS_461_A,THR_463_A"
THR_463_A,"GLY_56_A,THR_462_A,ASN_464_A"
ASN_464_A,"ASP_448_A,THR_463_A"
PRO_465_A,"LEU_15_A,VAL_466_A"
VAL_466_A,"LEU_44_A,PRO_465_A"
PRO_467_A,"PHE_13_A,LEU_15_A,PHE_32_A,TRP_36_A,PHE_468_A"
PHE_468_A,"THR_42_A,LEU_44_A,LEU_439_A,PRO_467_A,ILE_469_A,VAL_470_A,ILE_486_A"
ILE_469_A,"PHE_39_A,ILE_440_A,PHE_468_A,VAL_470_A"
VAL_470_A,"PHE_468_A,ILE_469_A,THR_471_A,LYS_472_A"
THR_471_A,"PHE_39_A,ALA_438_A,VAL_470_A,LYS_472_A"
LYS_472_A,"VAL_470_A,THR_471_A,ASN_473_A,LEU_493_A"
ASN_473_A,"LYS_472_A,ASP_474_A"
ASP_474_A,"ASN_473_A,VAL_475_A"
VAL_475_A,"ASP_474_A,GLU_476_A"
GLU_476_A,"VAL_475_A,LEU_477_A,LYS_509_A"
LEU_477_A,"GLU_476_A,ARG_478_A,ILE_507_A"
ARG_478_A,"THR_42_A,LEU_477_A,GLU_479_A,ASP_480_A,ASP_485_A,LYS_505_A,THR_506_A,ILE_507_A"
GLU_479_A,"ARG_478_A,ASP_480_A"
ASP_480_A,"ARG_478_A,GLU_479_A,GLY_481_A"
GLY_481_A,"ASP_480_A,ILE_482_A"
ILE_482_A,"THR_45_A,GLY_481_A,LEU_483_A,ASP_485_A"
LEU_483_A,"VAL_51_A,ILE_482_A,GLY_484_A"
GLY_484_A,"LEU_483_A,ASP_485_A"
ASP_485_A,"ARG_478_A,ILE_482_A,GLY_484_A,ILE_486_A,LYS_505_A,ILE_507_A"
ILE_486_A,"LEU_7_A,LEU_44_A,PHE_468_A,ASP_485_A,ALA_487_A"
ALA_487_A,"ILE_486_A,MET_490_A"
PRO_488_A,"THR_489_A,THR_492_A,MET_502_A"
THR_489_A,"PRO_488_A,MET_490_A,ILE_507_A"
MET_490_A,"LEU_439_A,ALA_487_A,THR_489_A,LEU_491_A,LEU_494_A"
LEU_491_A,"MET_490_A,THR_492_A,GLY_495_A,MET_502_A"
THR_492_A,"PRO_488_A,LEU_491_A,LEU_493_A,THR_506_A"
LEU_493_A,"VAL_437_A,LEU_439_A,LYS_472_A,THR_492_A,LEU_494_A"
LEU_494_A,"MET_490_A,LEU_493_A,GLY_495_A"
GLY_495_A,"LEU_491_A,LEU_494_A,VAL_496_A"
VAL_496_A,"ALA_323_A,GLY_495_A,GLU_497_A"
GLU_497_A,"VAL_496_A,GLN_498_A"
GLN_498_A,"GLU_497_A,MET_502_A"
PRO_499_A,"ASN_314_A,VAL_319_A,LYS_500_A"
LYS_500_A,"PRO_499_A,GLU_501_A"
GLU_501_A,"LYS_500_A,MET_502_A"
MET_502_A,"PRO_488_A,LEU_491_A,GLN_498_A,GLU_501_A,THR_503_A"
THR_503_A,"MET_502_A,GLY_504_A"
GLY_504_A,"THR_503_A,LYS_505_A"
LYS_505_A,"ARG_478_A,ASP_485_A,GLY_504_A,THR_506_A"
THR_506_A,"ARG_478_A,THR_492_A,LYS_505_A,ILE_507_A"
ILE_507_A,"LEU_477_A,ARG_478_A,ASP_485_A,THR_489_A,THR_506_A,ILE_508_A"
ILE_508_A,"ILE_507_A,LYS_509_A"
LYS_509_A,"GLU_476_A,ILE_508_A"
