residue_id,neighbors
ASP_37_B,ASP_38_B
ASP_38_B,"ASP_37_B,LEU_39_B,SER_40_B,LYS_126_B,LYS_130_B"
LEU_39_B,"ASP_38_B,SER_40_B,PHE_123_B"
SER_40_B,"ASP_38_B,LEU_39_B,GLY_41_B,LYS_130_B"
GLY_41_B,"SER_40_B,PHE_42_B,SER_127_B"
PHE_42_B,"GLY_41_B,LYS_43_B,LEU_55_B,LYS_130_B"
LYS_43_B,"PHE_42_B,LYS_44_B,ILE_54_B,ASN_330_B"
LYS_44_B,"LYS_43_B,ILE_45_B,GLU_51_B,PHE_53_B"
ILE_45_B,"LYS_44_B,LYS_46_B,LEU_52_B"
LYS_46_B,"ILE_45_B,LEU_47_B,GLU_51_B"
LEU_47_B,"LYS_46_B,GLY_48_B,LEU_50_B,ILE_246_B,GLU_251_B"
GLY_48_B,"LEU_47_B,GLU_49_B"
GLU_49_B,"GLY_48_B,LEU_50_B,LYS_103_B,HIS_228_B,SER_248_B"
LEU_50_B,"LEU_47_B,GLU_49_B,GLU_51_B,LEU_52_B,THR_102_B,ILE_246_B"
GLU_51_B,"LYS_44_B,LYS_46_B,LEU_50_B,LEU_52_B,LYS_101_B"
LEU_52_B,"ILE_45_B,LEU_50_B,GLU_51_B,PHE_53_B,LEU_253_B"
PHE_53_B,"LYS_44_B,LEU_52_B,ILE_54_B,LEU_99_B,PHE_133_B"
ILE_54_B,"LYS_43_B,PHE_53_B,LEU_55_B,LEU_98_B,PHE_302_B,TRP_308_B"
LEU_55_B,"PHE_42_B,ILE_54_B,THR_56_B,ILE_97_B,LEU_124_B"
THR_56_B,"LEU_55_B,ASP_57_B,GLY_58_B,SER_127_B"
ASP_57_B,"THR_56_B,GLY_58_B,ILE_95_B,MET_113_B,GLY_122_B,PHE_123_B,LEU_124_B"
GLY_58_B,"THR_56_B,ASP_57_B,TYR_59_B"
TYR_59_B,"GLY_58_B,ILE_60_B,ARG_120_B"
ILE_60_B,"TYR_59_B,HIS_61_B,MET_93_B"
HIS_61_B,"ILE_60_B,GLU_62_B,GLU_63_B,TYR_90_B,ASP_92_B"
GLU_62_B,"HIS_61_B,GLU_63_B,ASN_64_B,ILE_91_B"
GLU_63_B,"HIS_61_B,GLU_62_B,ASN_64_B"
ASN_64_B,"GLU_62_B,GLU_63_B,LEU_65_B"
LEU_65_B,"ASN_64_B,ILE_66_B"
ILE_66_B,"LEU_65_B,SER_67_B"
SER_67_B,"ILE_66_B,PHE_68_B"
PHE_68_B,"SER_67_B,ALA_69_B,ILE_91_B,PHE_274_B,SER_275_B"
ALA_69_B,"PHE_68_B,GLY_72_B"
PRO_70_B,ARG_71_B
ARG_71_B,"PRO_70_B,GLY_72_B,TRP_272_B,ASP_281_B"
GLY_72_B,"ALA_69_B,ARG_71_B,ASN_73_B"
ASN_73_B,"GLY_72_B,VAL_74_B,ALA_75_B,LEU_77_B"
VAL_74_B,"ASN_73_B,ALA_75_B"
ALA_75_B,"ASN_73_B,VAL_74_B,GLU_76_B,THR_79_B"
GLU_76_B,"ALA_75_B,LEU_77_B,ILE_80_B,HIS_269_B"
LEU_77_B,"ASN_73_B,GLU_76_B,LYS_78_B,ILE_265_B"
LYS_78_B,"LEU_77_B,THR_79_B,ASP_88_B"
THR_79_B,"ALA_75_B,LYS_78_B,ILE_80_B,ASP_83_B"
ILE_80_B,"GLU_76_B,THR_79_B,LEU_81_B,ASN_84_B,VAL_264_B"
LEU_81_B,"ILE_80_B,LYS_82_B"
LYS_82_B,"LEU_81_B,ASP_83_B,PHE_85_B,ASP_88_B"
ASP_83_B,"THR_79_B,LYS_82_B,ASN_84_B"
ASN_84_B,"ILE_80_B,ASP_83_B,PHE_85_B"
PHE_85_B,"LYS_82_B,ASN_84_B,ARG_86_B"
ARG_86_B,"PHE_85_B,ALA_87_B,ASP_263_B"
ALA_87_B,"ARG_86_B,ASP_88_B,TYR_90_B"
ASP_88_B,"LYS_78_B,LYS_82_B,ALA_87_B,HIS_89_B"
HIS_89_B,"ASP_88_B,TYR_90_B"
TYR_90_B,"HIS_61_B,ALA_87_B,HIS_89_B,ILE_91_B"
ILE_91_B,"GLU_62_B,PHE_68_B,TYR_90_B,ASP_92_B,ILE_265_B"
ASP_92_B,"HIS_61_B,ILE_91_B,MET_93_B"
MET_93_B,"ILE_60_B,ASP_92_B,ALA_94_B"
ALA_94_B,"MET_93_B,ILE_95_B,HIS_305_B"
ILE_95_B,"ASP_57_B,ALA_94_B,ASN_96_B,THR_121_B"
ASN_96_B,"ILE_95_B,ILE_97_B,PHE_302_B,SER_304_B,LEU_306_B"
ILE_97_B,"LEU_55_B,ASN_96_B,LEU_98_B,LEU_108_B"
LEU_98_B,"ILE_54_B,ILE_97_B,LEU_99_B,MET_109_B,PHE_302_B"
LEU_99_B,"PHE_53_B,LEU_98_B,VAL_100_B,LEU_106_B,LEU_128_B,PHE_133_B,ILE_138_B"
VAL_100_B,"LEU_99_B,LYS_101_B,ILE_107_B"
LYS_101_B,"GLU_51_B,VAL_100_B,THR_102_B,LEU_106_B"
THR_102_B,"LEU_50_B,LYS_101_B,LYS_103_B"
LYS_103_B,"GLU_49_B,THR_102_B,GLU_104_B"
GLU_104_B,"LYS_103_B,LYS_105_B"
LYS_105_B,"GLU_104_B,LEU_106_B,ASP_140_B"
LEU_106_B,"LEU_99_B,LYS_101_B,LYS_105_B,ILE_107_B,PHE_133_B,ASP_137_B,THR_139_B"
ILE_107_B,"VAL_100_B,LEU_106_B,LEU_108_B,PHE_142_B,TYR_226_B,PHE_229_B"
LEU_108_B,"ILE_97_B,ILE_107_B,MET_109_B,ASP_140_B,PHE_142_B,PHE_163_B"
MET_109_B,"LEU_98_B,LEU_108_B,ASP_110_B,PHE_229_B"
ASP_110_B,"MET_109_B,THR_111_B,PHE_142_B,SER_144_B,HIS_145_B,HIS_150_B,TYR_255_B,ASP_258_B"
THR_111_B,"ASP_110_B,GLY_112_B,ILE_141_B,HIS_150_B"
GLY_112_B,"THR_111_B,MET_113_B"
MET_113_B,"ASP_57_B,GLY_112_B,GLY_114_B,PHE_116_B"
GLY_114_B,"MET_113_B,ILE_115_B,ALA_117_B"
ILE_115_B,"GLY_114_B,PHE_116_B,ILE_208_B"
PHE_116_B,"MET_113_B,ILE_115_B,ALA_117_B,PRO_148_B,ILE_208_B"
ALA_117_B,"GLY_114_B,PHE_116_B,ASP_118_B"
ASP_118_B,"ALA_117_B,GLU_119_B,ARG_120_B"
GLU_119_B,"ASP_118_B,ARG_120_B"
ARG_120_B,"TYR_59_B,ASP_118_B,GLU_119_B,THR_121_B"
THR_121_B,"ILE_95_B,ARG_120_B,GLY_122_B"
GLY_122_B,"ASP_57_B,THR_121_B,PHE_123_B"
PHE_123_B,"LEU_39_B,ASP_57_B,GLY_122_B,LEU_124_B,SER_127_B"
LEU_124_B,"LEU_55_B,ASP_57_B,PHE_123_B,LEU_125_B,LEU_128_B"
LEU_125_B,"LEU_124_B,LYS_126_B,GLN_129_B"
LYS_126_B,"ASP_38_B,LEU_125_B,SER_127_B"
SER_127_B,"GLY_41_B,THR_56_B,PHE_123_B,LYS_126_B,LEU_128_B,ALA_131_B"
LEU_128_B,"LEU_99_B,LEU_124_B,SER_127_B,GLN_129_B,PHE_133_B"
GLN_129_B,"LEU_125_B,LEU_128_B,LYS_130_B,GLY_132_B"
LYS_130_B,"ASP_38_B,SER_40_B,PHE_42_B,GLN_129_B,ALA_131_B"
ALA_131_B,"SER_127_B,LYS_130_B,GLY_132_B"
GLY_132_B,"GLN_129_B,ALA_131_B,PHE_133_B"
PHE_133_B,"PHE_53_B,LEU_99_B,LEU_106_B,LEU_128_B,GLY_132_B,SER_134_B"
SER_134_B,"PHE_133_B,ALA_135_B,ASP_137_B"
ALA_135_B,"SER_134_B,HIS_136_B,PHE_163_B"
HIS_136_B,"ALA_135_B,ASP_137_B,ASN_165_B"
ASP_137_B,"LEU_106_B,SER_134_B,HIS_136_B,ILE_138_B"
ILE_138_B,"LEU_99_B,ASP_137_B,THR_139_B,PHE_163_B"
THR_139_B,"LEU_106_B,ILE_138_B,ASP_140_B"
ASP_140_B,"LYS_105_B,LEU_108_B,THR_139_B,ILE_141_B,LYS_217_B,TYR_226_B"
ILE_141_B,"THR_111_B,ASP_140_B,PHE_142_B,PHE_163_B,SER_167_B,PHE_169_B"
PHE_142_B,"ILE_107_B,LEU_108_B,ASP_110_B,ILE_141_B,LEU_143_B,PHE_169_B,LEU_225_B,PHE_229_B,PHE_231_B"
LEU_143_B,"PHE_142_B,SER_144_B,ILE_151_B,ILE_168_B,PHE_169_B,TYR_219_B"
SER_144_B,"ASP_110_B,LEU_143_B,HIS_145_B,THR_242_B"
HIS_145_B,"ASP_110_B,SER_144_B,ALA_146_B,HIS_147_B,ASP_149_B,HIS_150_B,GLU_174_B,HIS_237_B,ASP_258_B,HIS_305_B"
ALA_146_B,"HIS_145_B,HIS_147_B,GLU_174_B"
HIS_147_B,"HIS_145_B,ALA_146_B,ASP_149_B,HIS_150_B,ILE_151_B,HIS_237_B,ASP_258_B"
PRO_148_B,"PHE_116_B,ASP_149_B"
ASP_149_B,"HIS_145_B,HIS_147_B,PRO_148_B,HIS_150_B,ASP_258_B,HIS_261_B,HIS_305_B"
HIS_150_B,"ASP_110_B,THR_111_B,HIS_145_B,HIS_147_B,ASP_149_B,ILE_151_B,HIS_237_B,ASP_258_B,HIS_305_B"
ILE_151_B,"LEU_143_B,HIS_147_B,HIS_150_B,GLY_152_B,LEU_205_B"
GLY_152_B,"ILE_151_B,GLY_153_B"
GLY_153_B,"GLY_152_B,VAL_154_B"
VAL_154_B,"GLY_153_B,VAL_155_B,ILE_208_B,ILE_212_B"
VAL_155_B,"VAL_154_B,ASP_156_B"
ASP_156_B,"VAL_155_B,LYS_157_B,GLN_158_B,ASN_159_B,LYS_160_B"
LYS_157_B,"ASP_156_B,GLN_158_B"
GLN_158_B,"ASP_156_B,LYS_157_B,ASN_159_B"
ASN_159_B,"ASP_156_B,GLN_158_B,LYS_160_B"
LYS_160_B,"ASP_156_B,ASN_159_B,LEU_161_B"
LEU_161_B,"LYS_160_B,VAL_162_B,ILE_212_B,LYS_215_B"
VAL_162_B,"LEU_161_B,PHE_163_B"
PHE_163_B,"LEU_108_B,ALA_135_B,ILE_138_B,ILE_141_B,VAL_162_B"
PRO_164_B,ASN_165_B
ASN_165_B,"HIS_136_B,PRO_164_B,ALA_166_B"
ALA_166_B,"ASN_165_B,SER_167_B"
SER_167_B,"ILE_141_B,ALA_166_B,ILE_168_B"
ILE_168_B,"LEU_143_B,SER_167_B,PHE_169_B,ILE_212_B,LYS_215_B,LYS_217_B"
PHE_169_B,"ILE_141_B,PHE_142_B,LEU_143_B,ILE_168_B,ILE_170_B,LYS_217_B,TYR_219_B"
ILE_170_B,"PHE_169_B,SER_171_B,LEU_216_B,PHE_218_B"
SER_171_B,"ILE_170_B,LYS_172_B,GLY_240_B"
LYS_172_B,"SER_171_B,ILE_173_B,ASP_176_B"
ILE_173_B,"LYS_172_B,GLU_174_B,PHE_177_B,LEU_233_B"
GLU_174_B,"HIS_145_B,ALA_146_B,ILE_173_B,HIS_175_B,TRP_178_B,THR_238_B,GLY_240_B"
HIS_175_B,"GLU_174_B,ASP_176_B,LYS_210_B,PHE_218_B"
ASP_176_B,"LYS_172_B,HIS_175_B,PHE_177_B"
PHE_177_B,"ILE_173_B,ASP_176_B,TRP_178_B,ALA_181_B,ASP_185_B,PRO_239_B"
TRP_178_B,"GLU_174_B,PHE_177_B,ILE_179_B,LEU_205_B,GLN_206_B,LEU_209_B"
ILE_179_B,"TRP_178_B,ASN_180_B"
ASN_180_B,"ILE_179_B,ALA_181_B"
ALA_181_B,"PHE_177_B,ASN_180_B,SER_182_B"
SER_182_B,"ALA_181_B,ILE_183_B,ASP_185_B"
ILE_183_B,"SER_182_B,LYS_184_B,PHE_186_B,LEU_198_B"
LYS_184_B,"ILE_183_B,ASP_185_B"
ASP_185_B,"PHE_177_B,SER_182_B,LYS_184_B,PHE_186_B"
PHE_186_B,"ILE_183_B,ASP_185_B,ASN_187_B"
ASN_187_B,"PHE_186_B,ASN_188_B,LYS_192_B"
ASN_188_B,"ASN_187_B,SER_189_B,LEU_280_B"
SER_189_B,"ASN_188_B,ALA_190_B,LEU_191_B,ASP_277_B"
ALA_190_B,"SER_189_B,LEU_191_B"
LEU_191_B,"SER_189_B,ALA_190_B,LYS_192_B,ALA_193_B,HIS_194_B"
LYS_192_B,"ASN_187_B,LEU_191_B,ALA_193_B"
ALA_193_B,"LEU_191_B,LYS_192_B,HIS_194_B"
HIS_194_B,"LEU_191_B,ALA_193_B,ARG_197_B,LEU_198_B"
PRO_195_B,"GLU_196_B,ASN_199_B"
GLU_196_B,"PRO_195_B,ARG_197_B"
ARG_197_B,"HIS_194_B,GLU_196_B,LEU_198_B,ILE_201_B"
LEU_198_B,"ILE_183_B,HIS_194_B,ARG_197_B,ASN_199_B,ILE_202_B"
ASN_199_B,"PRO_195_B,LEU_198_B,GLN_200_B"
GLN_200_B,"ASN_199_B,ILE_201_B"
ILE_201_B,"ARG_197_B,GLN_200_B,ILE_202_B,LEU_205_B"
ILE_202_B,"LEU_198_B,ILE_201_B,GLN_206_B"
PRO_203_B,"ALA_204_B,ASN_207_B"
ALA_204_B,"PRO_203_B,LEU_205_B"
LEU_205_B,"ILE_151_B,TRP_178_B,ILE_201_B,ALA_204_B,GLN_206_B,LEU_209_B"
GLN_206_B,"TRP_178_B,ILE_202_B,LEU_205_B,ASN_207_B,LYS_210_B"
ASN_207_B,"PRO_203_B,GLN_206_B,ILE_208_B,ALA_211_B"
ILE_208_B,"ILE_115_B,PHE_116_B,VAL_154_B,ASN_207_B,LEU_209_B,ALA_211_B"
LEU_209_B,"TRP_178_B,LEU_205_B,ILE_208_B,LYS_210_B"
LYS_210_B,"HIS_175_B,GLN_206_B,LEU_209_B,ALA_211_B"
ALA_211_B,"ASN_207_B,ILE_208_B,LYS_210_B,ILE_212_B"
ILE_212_B,"VAL_154_B,LEU_161_B,ILE_168_B,ALA_211_B,GLN_213_B,LYS_215_B"
GLN_213_B,ILE_212_B
PRO_214_B,LYS_215_B
LYS_215_B,"LEU_161_B,ILE_168_B,ILE_212_B,PRO_214_B,LEU_216_B"
LEU_216_B,"ILE_170_B,LYS_215_B,LYS_217_B"
LYS_217_B,"ASP_140_B,ILE_168_B,PHE_169_B,LEU_216_B,PHE_218_B"
PHE_218_B,"ILE_170_B,HIS_175_B,LYS_217_B,TYR_219_B"
TYR_219_B,"LEU_143_B,PHE_169_B,PHE_218_B,ASP_220_B,PHE_231_B,THR_242_B"
ASP_220_B,"TYR_219_B,LEU_221_B,ASN_222_B,LYS_223_B"
LEU_221_B,"ASP_220_B,ASN_222_B,LEU_233_B"
ASN_222_B,"ASP_220_B,LEU_221_B,LYS_223_B"
LYS_223_B,"ASP_220_B,ASN_222_B,THR_224_B"
THR_224_B,"LYS_223_B,LEU_225_B"
LEU_225_B,"PHE_142_B,THR_224_B,TYR_226_B,PHE_229_B"
TYR_226_B,"ILE_107_B,ASP_140_B,LEU_225_B,SER_227_B,HIS_228_B"
SER_227_B,"TYR_226_B,HIS_228_B"
HIS_228_B,"GLU_49_B,TYR_226_B,SER_227_B,PHE_229_B,SER_247_B"
PHE_229_B,"ILE_107_B,MET_109_B,PHE_142_B,LEU_225_B,HIS_228_B,ASN_230_B"
ASN_230_B,"PHE_229_B,PHE_231_B,THR_245_B"
PHE_231_B,"PHE_142_B,TYR_219_B,ASN_230_B,GLN_232_B,THR_244_B"
GLN_232_B,"PHE_231_B,LEU_233_B,VAL_243_B"
LEU_233_B,"ILE_173_B,LEU_221_B,GLN_232_B,ALA_234_B"
ALA_234_B,"LEU_233_B,LEU_241_B,VAL_243_B,PHE_290_B"
PRO_235_B,"GLY_236_B,SER_286_B"
GLY_236_B,"PRO_235_B,HIS_237_B,THR_238_B"
HIS_237_B,"HIS_145_B,HIS_147_B,HIS_150_B,GLY_236_B,THR_238_B,ASP_258_B,HIS_261_B,ASP_277_B,THR_278_B,ARG_287_B"
THR_238_B,"GLU_174_B,GLY_236_B,HIS_237_B"
PRO_239_B,"PHE_177_B,GLY_240_B"
GLY_240_B,"SER_171_B,GLU_174_B,PRO_239_B,LEU_241_B,THR_242_B"
LEU_241_B,"ALA_234_B,GLY_240_B,THR_242_B"
THR_242_B,"SER_144_B,TYR_219_B,GLY_240_B,LEU_241_B,VAL_243_B"
VAL_243_B,"GLN_232_B,ALA_234_B,THR_242_B,THR_244_B,MET_254_B"
THR_244_B,"PHE_231_B,VAL_243_B,THR_245_B,TYR_255_B"
THR_245_B,"ASN_230_B,THR_244_B,ILE_246_B"
ILE_246_B,"LEU_47_B,LEU_50_B,THR_245_B,SER_247_B,LEU_253_B"
SER_247_B,"HIS_228_B,ILE_246_B,SER_248_B"
SER_248_B,"GLU_49_B,SER_247_B,GLY_249_B,GLU_251_B"
GLY_249_B,"SER_248_B,ASN_250_B"
ASN_250_B,"GLY_249_B,GLU_251_B"
GLU_251_B,"LEU_47_B,SER_248_B,ASN_250_B,LYS_252_B,ARG_300_B"
LYS_252_B,"GLU_251_B,LEU_253_B"
LEU_253_B,"LEU_52_B,ILE_246_B,LYS_252_B,MET_254_B,LEU_311_B"
MET_254_B,"VAL_243_B,LEU_253_B,TYR_255_B,VAL_256_B,PHE_302_B"
TYR_255_B,"ASP_110_B,THR_244_B,MET_254_B,VAL_256_B,PHE_302_B,SER_304_B"
VAL_256_B,"MET_254_B,TYR_255_B,ALA_257_B,ASP_258_B,THR_303_B"
ALA_257_B,"VAL_256_B,ASP_258_B"
ASP_258_B,"ASP_110_B,HIS_145_B,HIS_147_B,ASP_149_B,HIS_150_B,HIS_237_B,VAL_256_B,ALA_257_B,LEU_259_B,HIS_261_B,HIS_305_B"
LEU_259_B,"ASP_258_B,ILE_260_B,ARG_287_B,PHE_290_B"
ILE_260_B,"LEU_259_B,HIS_261_B,LEU_266_B,PHE_267_B"
HIS_261_B,"ASP_149_B,HIS_237_B,ASP_258_B,ILE_260_B,SER_262_B,PHE_274_B,ASP_277_B,ARG_287_B,HIS_305_B"
SER_262_B,"HIS_261_B,ASP_263_B,ILE_265_B"
ASP_263_B,"ARG_86_B,SER_262_B,VAL_264_B"
VAL_264_B,"ILE_80_B,ASP_263_B,ILE_265_B"
ILE_265_B,"LEU_77_B,ILE_91_B,SER_262_B,VAL_264_B,LEU_266_B,TRP_272_B"
LEU_266_B,"ILE_260_B,ILE_265_B,PHE_267_B"
PHE_267_B,"ILE_260_B,LEU_266_B,LEU_291_B,LEU_306_B,PHE_321_B,TRP_323_B"
PRO_268_B,HIS_269_B
HIS_269_B,"GLU_76_B,PRO_268_B,ASP_271_B,TRP_272_B"
PRO_270_B,"ASP_271_B,ARG_287_B"
ASP_271_B,"HIS_269_B,PRO_270_B,TRP_272_B,LYS_288_B"
TRP_272_B,"ARG_71_B,ILE_265_B,HIS_269_B,ASP_271_B,GLY_273_B"
GLY_273_B,"TRP_272_B,PHE_274_B"
PHE_274_B,"PHE_68_B,HIS_261_B,GLY_273_B,SER_275_B"
SER_275_B,"PHE_68_B,PHE_274_B,GLY_276_B"
GLY_276_B,"SER_275_B,ASP_277_B"
ASP_277_B,"SER_189_B,HIS_237_B,HIS_261_B,GLY_276_B,THR_278_B,ARG_287_B"
THR_278_B,"HIS_237_B,ASP_277_B,ASP_279_B"
ASP_279_B,"THR_278_B,LEU_280_B,ASP_281_B,ALA_283_B"
LEU_280_B,"ASN_188_B,ASP_279_B,ASP_281_B,THR_284_B"
ASP_281_B,"ARG_71_B,ASP_279_B,LEU_280_B,ILE_282_B"
ILE_282_B,"ASP_281_B,ALA_283_B"
ALA_283_B,"ASP_279_B,ILE_282_B,THR_284_B,ARG_287_B"
THR_284_B,"LEU_280_B,ALA_283_B,ALA_285_B,LYS_288_B"
ALA_285_B,"THR_284_B,SER_286_B,LYS_289_B"
SER_286_B,"PRO_235_B,ALA_285_B,ARG_287_B,PHE_290_B"
ARG_287_B,"HIS_237_B,LEU_259_B,HIS_261_B,PRO_270_B,ASP_277_B,ALA_283_B,SER_286_B,LYS_288_B,LEU_291_B"
LYS_288_B,"ASP_271_B,THR_284_B,ARG_287_B,LYS_289_B"
LYS_289_B,"ALA_285_B,LYS_288_B,PHE_290_B,GLN_293_B"
PHE_290_B,"ALA_234_B,LEU_259_B,SER_286_B,LYS_289_B,LEU_291_B,LEU_294_B"
LEU_291_B,"PHE_267_B,ARG_287_B,PHE_290_B,LYS_292_B,ALA_295_B,PHE_321_B"
LYS_292_B,"LEU_291_B,GLN_293_B,ASP_296_B"
GLN_293_B,"LYS_289_B,LYS_292_B,LEU_294_B,THR_297_B"
LEU_294_B,"PHE_290_B,GLN_293_B,ALA_295_B,LYS_298_B"
ALA_295_B,"LEU_291_B,LEU_294_B,ASP_296_B"
ASP_296_B,"LYS_292_B,ALA_295_B,THR_297_B"
THR_297_B,"GLN_293_B,ASP_296_B,LYS_298_B"
LYS_298_B,"LEU_294_B,THR_297_B,ALA_299_B"
ALA_299_B,"LYS_298_B,ARG_300_B"
ARG_300_B,"GLU_251_B,ALA_299_B,ALA_301_B,PHE_313_B,GLU_326_B"
ALA_301_B,"ARG_300_B,PHE_302_B,GLY_312_B"
PHE_302_B,"ILE_54_B,ASN_96_B,LEU_98_B,MET_254_B,TYR_255_B,ALA_301_B,THR_303_B"
THR_303_B,"VAL_256_B,PHE_302_B,SER_304_B,GLY_310_B"
SER_304_B,"ASN_96_B,TYR_255_B,THR_303_B,HIS_305_B"
HIS_305_B,"ALA_94_B,HIS_145_B,ASP_149_B,HIS_150_B,ASP_258_B,HIS_261_B,SER_304_B,LEU_306_B"
LEU_306_B,"ASN_96_B,PHE_267_B,HIS_305_B,TRP_323_B"
PRO_307_B,"TRP_308_B,GLY_310_B"
TRP_308_B,"ILE_54_B,PRO_307_B"
PRO_309_B,"GLY_310_B,PHE_328_B"
GLY_310_B,"THR_303_B,PRO_307_B,PRO_309_B,LEU_311_B"
LEU_311_B,"LEU_253_B,GLY_310_B,GLY_312_B,GLU_326_B"
GLY_312_B,"ALA_301_B,LEU_311_B,PHE_313_B"
PHE_313_B,"ARG_300_B,GLY_312_B,THR_314_B,ILE_324_B"
THR_314_B,"PHE_313_B,LYS_315_B"
LYS_315_B,"THR_314_B,VAL_316_B,GLU_322_B"
VAL_316_B,"LYS_315_B,LYS_317_B"
LYS_317_B,"VAL_316_B,ALA_318_B,GLY_320_B,GLU_322_B"
ALA_318_B,LYS_317_B
PRO_319_B,GLY_320_B
GLY_320_B,"LYS_317_B,PRO_319_B,PHE_321_B"
PHE_321_B,"PHE_267_B,LEU_291_B,GLY_320_B,GLU_322_B"
GLU_322_B,"LYS_315_B,LYS_317_B,PHE_321_B,TRP_323_B"
TRP_323_B,"PHE_267_B,LEU_306_B,GLU_322_B,ILE_324_B"
ILE_324_B,"PHE_313_B,TRP_323_B"
PRO_325_B,GLU_326_B
GLU_326_B,"ARG_300_B,LEU_311_B,PRO_325_B,SER_327_B,PHE_328_B"
SER_327_B,"GLU_326_B,PHE_328_B"
PHE_328_B,"PRO_309_B,GLU_326_B,SER_327_B,MET_329_B"
MET_329_B,"PHE_328_B,ASN_330_B"
ASN_330_B,"LYS_43_B,MET_329_B"
