residue_id,neighbors
SER_285_A,GLY_286_A
GLY_286_A,"SER_285_A,HIS_287_A"
HIS_287_A,"GLY_286_A,ILE_288_A,ALA_294_A"
ILE_288_A,"HIS_287_A,GLU_289_A"
GLU_289_A,"ILE_288_A,GLY_290_A,HIS_292_A"
GLY_290_A,"GLU_289_A,ARG_291_A"
ARG_291_A,"GLY_290_A,HIS_292_A,GLU_436_A,PHE_441_A"
HIS_292_A,"GLU_289_A,ARG_291_A,MET_293_A"
MET_293_A,"HIS_292_A,ALA_294_A,MET_446_A,MET_447_A"
ALA_294_A,"HIS_287_A,MET_293_A,GLY_295_A"
GLY_295_A,"ALA_294_A,SER_296_A,MET_447_A"
SER_296_A,"GLY_295_A,ALA_297_A,ASP_299_A"
ALA_297_A,"SER_296_A,GLU_298_A,ALA_301_A"
GLU_298_A,"ALA_297_A,ASP_299_A,PHE_302_A"
ASP_299_A,"SER_296_A,GLU_298_A,ALA_300_A,ILE_303_A"
ALA_300_A,"ASP_299_A,ALA_301_A,MET_304_A,LEU_448_A,ILE_459_A"
ALA_301_A,"ALA_297_A,ALA_300_A,PHE_302_A,LYS_305_A,MET_463_A"
PHE_302_A,"GLU_298_A,ALA_301_A,ILE_303_A,ASN_306_A"
ILE_303_A,"ASP_299_A,PHE_302_A,MET_304_A,VAL_385_A"
MET_304_A,"ALA_300_A,ILE_303_A,LYS_305_A,ALA_307_A,PHE_387_A"
LYS_305_A,"ALA_301_A,MET_304_A,ASN_306_A"
ASN_306_A,"PHE_302_A,LYS_305_A,ALA_307_A"
ALA_307_A,"MET_304_A,ASN_306_A,SER_308_A,ASP_384_A"
SER_308_A,"ALA_307_A,LYS_309_A,GLU_340_A,ASP_384_A"
LYS_309_A,"SER_308_A,VAL_310_A,GLU_340_A,THR_382_A,ASP_384_A"
VAL_310_A,"LYS_309_A,ILE_311_A,VAL_339_A,GLU_340_A"
ILE_311_A,"VAL_310_A,ILE_312_A,PHE_380_A,ALA_383_A,VAL_385_A,PHE_387_A"
ILE_312_A,"ILE_311_A,VAL_313_A,VAL_341_A,SER_342_A,TYR_343_A,ALA_344_A"
VAL_313_A,"ILE_312_A,PHE_380_A,PHE_387_A,ILE_389_A,LEU_413_A"
PRO_314_A,"GLY_315_A,ILE_345_A"
GLY_315_A,"PRO_314_A,TYR_316_A,MET_318_A"
TYR_316_A,"GLY_315_A,GLY_317_A,ALA_319_A,VAL_320_A,ARG_351_A"
GLY_317_A,"TYR_316_A,MET_318_A,GLY_390_A"
MET_318_A,"GLY_315_A,GLY_317_A,ALA_319_A,GLN_322_A"
ALA_319_A,"TYR_316_A,MET_318_A,VAL_320_A,GLN_322_A,LEU_359_A"
VAL_320_A,"TYR_316_A,ALA_319_A,ALA_321_A"
ALA_321_A,"VAL_320_A,GLN_322_A"
GLN_322_A,"MET_318_A,ALA_319_A,ALA_321_A,ALA_323_A,GLN_324_A"
ALA_323_A,"GLN_322_A,GLN_324_A,LEU_327_A,LYS_453_A"
GLN_324_A,"GLN_322_A,ALA_323_A,HIS_325_A,ARG_328_A,GLU_362_A"
HIS_325_A,"GLN_324_A,ALA_326_A,ARG_328_A,GLU_362_A"
ALA_326_A,"HIS_325_A,LEU_327_A,MET_330_A"
LEU_327_A,"ALA_323_A,ALA_326_A,ARG_328_A,ALA_331_A,PHE_387_A"
ARG_328_A,"GLN_324_A,HIS_325_A,LEU_327_A,GLU_329_A,ASP_332_A,VAL_365_A"
GLU_329_A,"ARG_328_A,MET_330_A"
MET_330_A,"ALA_326_A,GLU_329_A,ALA_331_A,LEU_334_A,PHE_387_A,VAL_460_A,MET_463_A"
ALA_331_A,"LEU_327_A,MET_330_A,ASP_332_A,LYS_335_A"
ASP_332_A,"ARG_328_A,ALA_331_A,VAL_333_A,LYS_335_A,LYS_336_A"
VAL_333_A,"ASP_332_A,LEU_334_A"
LEU_334_A,"MET_330_A,VAL_333_A,LYS_335_A,GLU_337_A"
LYS_335_A,"ALA_331_A,ASP_332_A,LEU_334_A,LYS_336_A,GLY_338_A,GLU_369_A"
LYS_336_A,"ASP_332_A,LYS_335_A,GLU_337_A"
GLU_337_A,"LEU_334_A,LYS_336_A,GLY_338_A"
GLY_338_A,"LYS_335_A,GLU_337_A,VAL_339_A"
VAL_339_A,"VAL_310_A,GLY_338_A,GLU_340_A"
GLU_340_A,"SER_308_A,LYS_309_A,VAL_310_A,VAL_339_A,VAL_341_A"
VAL_341_A,"ILE_312_A,GLU_340_A,SER_342_A"
SER_342_A,"ILE_312_A,VAL_341_A,TYR_343_A"
TYR_343_A,"ILE_312_A,SER_342_A,ALA_344_A,VAL_365_A,GLU_369_A,PHE_371_A"
ALA_344_A,"ILE_312_A,TYR_343_A,ILE_345_A,ILE_376_A"
ILE_345_A,"PRO_314_A,ALA_344_A,HIS_346_A,VAL_370_A,PHE_371_A,LEU_373_A"
HIS_346_A,"ILE_345_A,VAL_348_A,VAL_394_A"
PRO_347_A,"VAL_348_A,MET_410_A"
VAL_348_A,"HIS_346_A,PRO_347_A,ALA_349_A,ILE_407_A"
ALA_349_A,"VAL_348_A,GLY_350_A,MET_356_A"
GLY_350_A,"ALA_349_A,ARG_351_A"
ARG_351_A,"TYR_316_A,GLY_350_A,MET_352_A,HIS_355_A"
MET_352_A,"ARG_351_A,HIS_355_A"
PRO_353_A,GLY_354_A
GLY_354_A,"PRO_353_A,HIS_355_A"
HIS_355_A,"ARG_351_A,MET_352_A,GLY_354_A,MET_356_A"
MET_356_A,"ALA_349_A,HIS_355_A,ASN_357_A,LEU_360_A"
ASN_357_A,"MET_356_A,VAL_358_A"
VAL_358_A,"ASN_357_A,LEU_359_A,GLU_362_A"
LEU_359_A,"ALA_319_A,VAL_358_A,LEU_360_A"
LEU_360_A,"MET_356_A,LEU_359_A,ALA_361_A"
ALA_361_A,"LEU_360_A,GLU_362_A,ASN_364_A"
GLU_362_A,"GLN_324_A,HIS_325_A,VAL_358_A,ALA_361_A,ALA_363_A"
ALA_363_A,"GLU_362_A,ASN_364_A"
ASN_364_A,"ALA_361_A,ALA_363_A,VAL_365_A"
VAL_365_A,"ARG_328_A,TYR_343_A,ASN_364_A"
PRO_366_A,"TYR_367_A,GLU_369_A"
TYR_367_A,"PRO_366_A,ASP_368_A"
ASP_368_A,"TYR_367_A,GLU_369_A"
GLU_369_A,"LYS_335_A,TYR_343_A,PRO_366_A,ASP_368_A,VAL_370_A"
VAL_370_A,"ILE_345_A,GLU_369_A,PHE_371_A"
PHE_371_A,"TYR_343_A,ILE_345_A,VAL_370_A,GLU_372_A,ILE_376_A"
GLU_372_A,"PHE_371_A,LEU_373_A,GLU_375_A"
LEU_373_A,"ILE_345_A,GLU_372_A,GLU_374_A,GLU_375_A,ASN_377_A,PRO_411_A,LEU_413_A"
GLU_374_A,"LEU_373_A,GLU_375_A"
GLU_375_A,"GLU_372_A,LEU_373_A,GLU_374_A,ILE_376_A"
ILE_376_A,"ALA_344_A,PHE_371_A,GLU_375_A,ASN_377_A,SER_379_A"
ASN_377_A,"LEU_373_A,ILE_376_A,SER_378_A,ILE_412_A,ASP_414_A"
SER_378_A,"ASN_377_A,SER_379_A"
SER_379_A,"ILE_376_A,SER_378_A,PHE_380_A,THR_382_A"
PHE_380_A,"ILE_311_A,VAL_313_A,SER_379_A,GLN_381_A,ALA_383_A"
GLN_381_A,"PHE_380_A,THR_382_A"
THR_382_A,"LYS_309_A,SER_379_A,GLN_381_A,ALA_383_A"
ALA_383_A,"ILE_311_A,PHE_380_A,THR_382_A,ASP_384_A,GLY_419_A"
ASP_384_A,"ALA_307_A,SER_308_A,LYS_309_A,ALA_383_A,VAL_385_A,THR_420_A"
VAL_385_A,"ILE_303_A,ILE_311_A,ASP_384_A,ALA_386_A,LEU_422_A"
ALA_386_A,"VAL_385_A,PHE_387_A,THR_420_A,LEU_422_A"
PHE_387_A,"MET_304_A,ILE_311_A,VAL_313_A,LEU_327_A,MET_330_A,ALA_386_A,VAL_388_A,ILE_424_A"
VAL_388_A,"PHE_387_A,ILE_389_A,ALA_391_A,LEU_422_A,PHE_423_A,ILE_424_A"
ILE_389_A,"VAL_313_A,VAL_388_A,GLY_390_A"
GLY_390_A,"GLY_317_A,ILE_389_A,ALA_391_A,ILE_424_A"
ALA_391_A,"VAL_388_A,GLY_390_A,ASN_392_A"
ASN_392_A,"ALA_391_A,ASP_393_A,VAL_394_A,THR_395_A,ASN_437_A"
ASP_393_A,"ASN_392_A,VAL_394_A,ALA_433_A"
VAL_394_A,"HIS_346_A,ASN_392_A,ASP_393_A,THR_395_A"
THR_395_A,"ASN_392_A,VAL_394_A,ASN_396_A"
ASN_396_A,"THR_395_A,ALA_398_A,GLU_436_A"
PRO_397_A,ALA_398_A
ALA_398_A,"ASN_396_A,PRO_397_A,ALA_399_A"
ALA_399_A,"ALA_398_A,LYS_400_A"
LYS_400_A,"ALA_399_A,THR_401_A,ILE_412_A"
THR_401_A,"LYS_400_A,ASP_402_A"
ASP_402_A,"THR_401_A,SER_404_A"
PRO_403_A,SER_404_A
SER_404_A,"ASP_402_A,PRO_403_A,SER_405_A"
SER_405_A,SER_404_A
PRO_406_A,ILE_407_A
ILE_407_A,"VAL_348_A,PRO_406_A,TYR_408_A,ILE_412_A"
TYR_408_A,"ILE_407_A,GLY_409_A"
GLY_409_A,"TYR_408_A,MET_410_A"
MET_410_A,"PRO_347_A,GLY_409_A"
PRO_411_A,"LEU_373_A,ILE_412_A"
ILE_412_A,"ASN_377_A,LYS_400_A,ILE_407_A,PRO_411_A,LEU_413_A"
LEU_413_A,"VAL_313_A,LEU_373_A,ILE_412_A,ASP_414_A,VAL_415_A"
ASP_414_A,"ASN_377_A,LEU_413_A,VAL_415_A,GLU_416_A,LYS_417_A"
VAL_415_A,"LEU_413_A,ASP_414_A,GLU_416_A,LEU_439_A"
GLU_416_A,"ASP_414_A,VAL_415_A,LYS_417_A,ALA_418_A,LEU_439_A,ARG_442_A,ASN_444_A"
LYS_417_A,"ASP_414_A,GLU_416_A,ALA_418_A"
ALA_418_A,"GLU_416_A,LYS_417_A,GLY_419_A,ASN_444_A"
GLY_419_A,"ALA_383_A,ALA_418_A,THR_420_A"
THR_420_A,"ASP_384_A,ALA_386_A,GLY_419_A,VAL_421_A,LEU_422_A"
VAL_421_A,"THR_420_A,LEU_422_A,PHE_423_A,ASN_444_A,MET_446_A"
LEU_422_A,"VAL_385_A,ALA_386_A,VAL_388_A,THR_420_A,VAL_421_A,PHE_423_A,MET_446_A"
PHE_423_A,"VAL_388_A,VAL_421_A,LEU_422_A,ILE_424_A,THR_445_A,LEU_448_A"
ILE_424_A,"PHE_387_A,VAL_388_A,GLY_390_A,PHE_423_A,LYS_425_A"
LYS_425_A,"ILE_424_A,ARG_426_A,SER_427_A,ALA_429_A,GLY_450_A"
ARG_426_A,"LYS_425_A,SER_427_A"
SER_427_A,"LYS_425_A,ARG_426_A,MET_428_A"
MET_428_A,"SER_427_A,ALA_429_A,PHE_440_A"
ALA_429_A,"LYS_425_A,MET_428_A,SER_430_A"
SER_430_A,"ALA_429_A,GLY_431_A"
GLY_431_A,"SER_430_A,TYR_432_A,GLY_434_A"
TYR_432_A,"GLY_431_A,ALA_433_A"
ALA_433_A,"ASP_393_A,TYR_432_A,GLY_434_A"
GLY_434_A,"GLY_431_A,ALA_433_A,VAL_435_A"
VAL_435_A,"GLY_434_A,GLU_436_A"
GLU_436_A,"ARG_291_A,ASN_396_A,VAL_435_A,ASN_437_A"
ASN_437_A,"ASN_392_A,GLU_436_A,GLU_438_A,LEU_439_A,PHE_440_A"
GLU_438_A,"ASN_437_A,LEU_439_A"
LEU_439_A,"VAL_415_A,GLU_416_A,ASN_437_A,GLU_438_A,PHE_440_A,THR_445_A"
PHE_440_A,"MET_428_A,ASN_437_A,LEU_439_A,PHE_441_A,MET_447_A"
PHE_441_A,"ARG_291_A,PHE_440_A,ARG_442_A"
ARG_442_A,"GLU_416_A,PHE_441_A,ASN_443_A"
ASN_443_A,"ARG_442_A,ASN_444_A"
ASN_444_A,"GLU_416_A,ALA_418_A,VAL_421_A,ASN_443_A,THR_445_A"
THR_445_A,"PHE_423_A,LEU_439_A,ASN_444_A,MET_446_A"
MET_446_A,"MET_293_A,VAL_421_A,LEU_422_A,THR_445_A,MET_447_A"
MET_447_A,"MET_293_A,GLY_295_A,PHE_440_A,MET_446_A,LEU_448_A,PHE_449_A"
LEU_448_A,"ALA_300_A,PHE_423_A,MET_447_A,PHE_449_A"
PHE_449_A,"MET_447_A,LEU_448_A,GLY_450_A"
GLY_450_A,"LYS_425_A,PHE_449_A,ASP_451_A"
ASP_451_A,"GLY_450_A,ALA_452_A,LYS_453_A,MET_455_A"
ALA_452_A,"ASP_451_A,LYS_453_A,THR_456_A"
LYS_453_A,"ALA_323_A,ASP_451_A,ALA_452_A,LYS_454_A,GLU_457_A"
LYS_454_A,"LYS_453_A,MET_455_A,GLU_457_A,GLN_458_A"
MET_455_A,"ASP_451_A,LYS_454_A,THR_456_A,ILE_459_A"
THR_456_A,"ALA_452_A,MET_455_A,GLU_457_A,VAL_460_A"
GLU_457_A,"LYS_453_A,LYS_454_A,THR_456_A,GLN_458_A,GLN_461_A"
GLN_458_A,"LYS_454_A,GLU_457_A,ILE_459_A,ALA_462_A"
ILE_459_A,"ALA_300_A,MET_455_A,GLN_458_A,VAL_460_A,MET_463_A"
VAL_460_A,"MET_330_A,THR_456_A,ILE_459_A,GLN_461_A,ASN_464_A"
GLN_461_A,"GLU_457_A,VAL_460_A,ALA_462_A"
ALA_462_A,"GLN_458_A,GLN_461_A,MET_463_A"
MET_463_A,"ALA_301_A,MET_330_A,ILE_459_A,ALA_462_A,ASN_464_A"
ASN_464_A,"VAL_460_A,MET_463_A"
