residue_id,neighbors
SER_276_A,TRP_277_A
TRP_277_A,"SER_276_A,ARG_278_A,LEU_577_A"
ARG_278_A,"TRP_277_A,ALA_279_A,GLN_280_A"
ALA_279_A,"ARG_278_A,GLN_280_A"
GLN_280_A,"ARG_278_A,ALA_279_A,ALA_281_A,ARG_284_A"
ALA_281_A,"GLN_280_A,ALA_282_A,SER_283_A,ARG_284_A,ARG_581_A"
ALA_282_A,"ALA_281_A,SER_283_A,ALA_580_A"
SER_283_A,"ALA_281_A,ALA_282_A,ARG_284_A"
ARG_284_A,"GLN_280_A,ALA_281_A,SER_283_A,LEU_285_A,ASP_588_A"
LEU_285_A,"ARG_284_A,LEU_286_A,ALA_287_A"
LEU_286_A,"LEU_285_A,ALA_287_A,ALA_580_A"
ALA_287_A,"LEU_285_A,LEU_286_A"
PRO_288_A,LEU_289_A
LEU_289_A,"PRO_288_A,LYS_290_A"
LYS_290_A,"LEU_289_A,LEU_291_A,VAL_294_A"
LEU_291_A,"LYS_290_A,LEU_295_A"
PRO_292_A,"LEU_293_A,SER_296_A,ILE_358_A"
LEU_293_A,"PRO_292_A,VAL_294_A,GLY_297_A"
VAL_294_A,"LYS_290_A,LEU_293_A,LEU_295_A,VAL_298_A"
LEU_295_A,"LEU_291_A,VAL_294_A,SER_296_A,LEU_299_A"
SER_296_A,"PRO_292_A,LEU_295_A,GLY_297_A,ALA_300_A"
GLY_297_A,"LEU_293_A,SER_296_A,VAL_298_A,ALA_301_A"
VAL_298_A,"VAL_294_A,GLY_297_A,LEU_299_A"
LEU_299_A,"LEU_295_A,VAL_298_A,ALA_300_A"
ALA_300_A,"SER_296_A,LEU_299_A,ALA_301_A,LEU_351_A"
ALA_301_A,"GLY_297_A,ALA_300_A,LEU_302_A,LEU_305_A"
LEU_302_A,"ALA_301_A,VAL_303_A,ALA_306_A"
VAL_303_A,"LEU_302_A,THR_304_A,LEU_347_A"
THR_304_A,"VAL_303_A,LEU_305_A,VAL_417_A"
LEU_305_A,"ALA_301_A,THR_304_A,ALA_306_A"
ALA_306_A,"LEU_302_A,LEU_305_A,GLN_307_A"
GLN_307_A,"ALA_306_A,LEU_308_A"
LEU_308_A,"GLN_307_A,ALA_309_A,VAL_422_A"
ALA_309_A,"LEU_308_A,LEU_340_A"
PRO_310_A,"PHE_311_A,LEU_314_A"
PHE_311_A,"PRO_310_A,VAL_312_A"
VAL_312_A,"PHE_311_A,LEU_313_A"
LEU_313_A,"VAL_312_A,LEU_314_A,LEU_317_A,LEU_340_A"
LEU_314_A,"PRO_310_A,LEU_313_A,VAL_315_A,SER_318_A"
VAL_315_A,"LEU_314_A,GLU_316_A,PHE_554_A"
GLU_316_A,"VAL_315_A,LEU_317_A,ARG_319_A,ARG_329_A"
LEU_317_A,"LEU_313_A,GLU_316_A,SER_318_A"
SER_318_A,"LEU_314_A,LEU_317_A,ARG_319_A,VAL_322_A"
ARG_319_A,"GLU_316_A,SER_318_A,LEU_320_A,SER_323_A,ARG_329_A"
LEU_320_A,"ARG_319_A,LEU_321_A,LEU_330_A"
LEU_321_A,"LEU_320_A,VAL_322_A"
VAL_322_A,"SER_318_A,LEU_321_A,SER_323_A,GLY_324_A"
SER_323_A,"ARG_319_A,VAL_322_A,GLY_324_A"
GLY_324_A,"VAL_322_A,SER_323_A,ALA_325_A"
ALA_325_A,"GLY_324_A,GLY_326_A"
GLY_326_A,"ALA_325_A,ALA_327_A"
ALA_327_A,"GLY_326_A,HIS_328_A"
HIS_328_A,"ALA_327_A,ARG_329_A"
ARG_329_A,"GLU_316_A,ARG_319_A,HIS_328_A,LEU_330_A"
LEU_330_A,"LEU_320_A,ARG_329_A,PHE_331_A"
PHE_331_A,"LEU_330_A,THR_332_A,PHE_335_A"
THR_332_A,"PHE_331_A,VAL_333_A"
VAL_333_A,"THR_332_A,GLY_334_A,ALA_337_A"
GLY_334_A,"VAL_333_A,PHE_335_A,VAL_338_A"
PHE_335_A,"PHE_331_A,GLY_334_A,ALA_336_A,GLY_339_A"
ALA_336_A,"PHE_335_A,ALA_337_A,LEU_340_A"
ALA_337_A,"VAL_333_A,ALA_336_A,VAL_338_A,LEU_341_A"
VAL_338_A,"GLY_334_A,ALA_337_A,GLY_339_A,GLY_342_A"
GLY_339_A,"PHE_335_A,VAL_338_A,LEU_340_A,THR_343_A"
LEU_340_A,"ALA_309_A,LEU_313_A,ALA_336_A,GLY_339_A,LEU_341_A,GLY_344_A"
LEU_341_A,"ALA_337_A,LEU_340_A,GLY_342_A,ALA_345_A"
GLY_342_A,"VAL_338_A,LEU_341_A,THR_343_A,LEU_346_A"
THR_343_A,"GLY_339_A,GLY_342_A,GLY_344_A"
GLY_344_A,"LEU_340_A,THR_343_A,ALA_345_A"
ALA_345_A,"LEU_341_A,GLY_344_A,LEU_346_A,ALA_349_A"
LEU_346_A,"GLY_342_A,ALA_345_A,LEU_347_A,ALA_350_A"
LEU_347_A,"VAL_303_A,LEU_346_A,ALA_348_A,LEU_351_A"
ALA_348_A,"LEU_347_A,ALA_349_A,THR_352_A"
ALA_349_A,"ALA_345_A,ALA_348_A,ALA_350_A"
ALA_350_A,"LEU_346_A,ALA_349_A,LEU_351_A,TRP_354_A"
LEU_351_A,"ALA_300_A,LEU_347_A,ALA_350_A,THR_352_A,LEU_355_A"
THR_352_A,"ALA_348_A,LEU_351_A,LEU_353_A,HIS_356_A"
LEU_353_A,"THR_352_A,TRP_354_A,VAL_357_A"
TRP_354_A,"ALA_350_A,LEU_353_A,LEU_355_A,ILE_358_A"
LEU_355_A,"LEU_351_A,TRP_354_A,HIS_356_A,PRO_410_A"
HIS_356_A,"THR_352_A,LEU_355_A,VAL_357_A,ALA_360_A,HIS_402_A,HIS_407_A"
VAL_357_A,"LEU_353_A,HIS_356_A,ILE_358_A"
ILE_358_A,"PRO_292_A,TRP_354_A,VAL_357_A,ASP_359_A"
ASP_359_A,"ILE_358_A,ALA_360_A,ALA_363_A,HIS_402_A,VAL_405_A"
ALA_360_A,"HIS_356_A,ASP_359_A,ARG_361_A,ARG_364_A"
ARG_361_A,"ALA_360_A,PHE_362_A,ALA_365_A"
PHE_362_A,"ARG_361_A,ALA_363_A,LEU_366_A"
ALA_363_A,"ASP_359_A,PHE_362_A,ARG_364_A,ARG_367_A"
ARG_364_A,"ALA_360_A,ALA_363_A,ALA_365_A,ARG_367_A"
ALA_365_A,"ARG_361_A,ARG_364_A,LEU_366_A"
LEU_366_A,"PHE_362_A,ALA_365_A,ARG_367_A"
ARG_367_A,"ALA_363_A,ARG_364_A,LEU_366_A,LEU_368_A,LEU_371_A"
LEU_368_A,"ARG_367_A,ARG_369_A"
ARG_369_A,"LEU_368_A,LEU_370_A,LYS_373_A"
LEU_370_A,"ARG_369_A,LEU_371_A"
LEU_371_A,"ARG_367_A,LEU_370_A,SER_372_A"
SER_372_A,"LEU_371_A,LYS_373_A"
LYS_373_A,"ARG_369_A,SER_372_A,LEU_374_A,ARG_376_A,GLU_589_A,GLU_591_A"
LEU_374_A,"LYS_373_A,SER_375_A"
SER_375_A,"LEU_374_A,ARG_376_A"
ARG_376_A,"LYS_373_A,SER_375_A,LEU_377_A,GLU_591_A"
LEU_377_A,"ARG_376_A,TRP_381_A,GLU_589_A"
PRO_378_A,"LEU_379_A,LEU_592_A"
LEU_379_A,"PRO_378_A,GLY_380_A,PHE_382_A,PHE_659_A"
GLY_380_A,"LEU_379_A,TRP_381_A,THR_383_A,PHE_659_A"
TRP_381_A,"LEU_377_A,GLY_380_A,PHE_382_A,SER_384_A"
PHE_382_A,"LEU_379_A,TRP_381_A,THR_383_A"
THR_383_A,"GLY_380_A,PHE_382_A,SER_384_A"
SER_384_A,"TRP_381_A,THR_383_A,ARG_385_A"
ARG_385_A,"SER_384_A,GLY_386_A,GLU_589_A"
GLY_386_A,"ARG_385_A,SER_387_A"
SER_387_A,"GLY_386_A,GLY_388_A"
GLY_388_A,"SER_387_A,SER_389_A,LYS_392_A"
SER_389_A,"GLY_388_A,ILE_390_A"
ILE_390_A,"SER_389_A,LYS_391_A,VAL_394_A"
LYS_391_A,"ILE_390_A,LYS_392_A,LEU_393_A,THR_395_A,ASP_396_A"
LYS_392_A,"GLY_388_A,LYS_391_A,LEU_393_A"
LEU_393_A,"LYS_391_A,LYS_392_A,VAL_394_A,LEU_583_A"
VAL_394_A,"ILE_390_A,LEU_393_A,THR_395_A,THR_398_A"
THR_395_A,"LYS_391_A,VAL_394_A,ASP_396_A,THR_398_A,LEU_399_A"
ASP_396_A,"LYS_391_A,THR_395_A,ASP_397_A,ALA_400_A"
ASP_397_A,"ASP_396_A,THR_398_A,HIS_582_A"
THR_398_A,"VAL_394_A,THR_395_A,ASP_397_A,LEU_399_A"
LEU_399_A,"THR_395_A,THR_398_A,ALA_400_A,TYR_403_A"
ALA_400_A,"ASP_396_A,LEU_399_A,LEU_401_A,LEU_404_A,ALA_579_A"
LEU_401_A,"ALA_400_A,HIS_402_A,VAL_405_A,ALA_580_A,LEU_583_A"
HIS_402_A,"HIS_356_A,ASP_359_A,LEU_401_A,TYR_403_A,THR_406_A,HIS_407_A"
TYR_403_A,"LEU_399_A,HIS_402_A,LEU_404_A,HIS_407_A"
LEU_404_A,"ALA_400_A,TYR_403_A,VAL_405_A"
VAL_405_A,"ASP_359_A,LEU_401_A,LEU_404_A,THR_406_A"
THR_406_A,"HIS_402_A,VAL_405_A,HIS_407_A"
HIS_407_A,"HIS_356_A,HIS_402_A,TYR_403_A,THR_406_A,ALA_408_A,ASP_411_A"
ALA_408_A,"HIS_407_A,VAL_409_A"
VAL_409_A,ALA_408_A
PRO_410_A,"LEU_355_A,ASP_411_A"
ASP_411_A,"HIS_407_A,PRO_410_A,ALA_412_A,ALA_415_A"
ALA_412_A,"ASP_411_A,VAL_413_A"
VAL_413_A,"ALA_412_A,ALA_414_A,VAL_417_A"
ALA_414_A,"VAL_413_A,ALA_415_A,ALA_418_A"
ALA_415_A,"ASP_411_A,ALA_414_A,VAL_416_A"
VAL_416_A,"ALA_415_A,VAL_417_A,LEU_570_A"
VAL_417_A,"THR_304_A,VAL_413_A,VAL_416_A,ALA_418_A,GLY_421_A"
ALA_418_A,"ALA_414_A,VAL_417_A,VAL_422_A"
PRO_419_A,"VAL_420_A,LEU_423_A,ILE_566_A"
VAL_420_A,"PRO_419_A,GLY_421_A"
GLY_421_A,"VAL_417_A,VAL_420_A,VAL_422_A,TYR_425_A"
VAL_422_A,"LEU_308_A,ALA_418_A,GLY_421_A,LEU_423_A,LEU_426_A"
LEU_423_A,"PRO_419_A,VAL_422_A,VAL_424_A,PHE_427_A,PHE_559_A"
VAL_424_A,"LEU_423_A,TYR_425_A"
TYR_425_A,"GLY_421_A,VAL_424_A,LEU_426_A,VAL_429_A"
LEU_426_A,"VAL_422_A,TYR_425_A,PHE_427_A"
PHE_427_A,"LEU_423_A,LEU_426_A,VAL_428_A,ALA_434_A"
VAL_428_A,"PHE_427_A,VAL_429_A"
VAL_429_A,"TYR_425_A,VAL_428_A,ASP_430_A,PHE_552_A"
ASP_430_A,"VAL_429_A,TRP_431_A,ARG_432_A"
TRP_431_A,"ASP_430_A,ARG_432_A,LEU_435_A"
ARG_432_A,"ASP_430_A,TRP_431_A,VAL_433_A,ARG_543_A"
VAL_433_A,"ARG_432_A,ALA_434_A,LEU_538_A"
ALA_434_A,"PHE_427_A,VAL_433_A,LEU_435_A"
LEU_435_A,"TRP_431_A,ALA_434_A,VAL_436_A"
VAL_436_A,"LEU_435_A,LEU_437_A"
LEU_437_A,"VAL_436_A,PHE_438_A"
PHE_438_A,"LEU_437_A,GLY_439_A,LEU_442_A"
GLY_439_A,"PHE_438_A,VAL_443_A"
PRO_440_A,"VAL_441_A,PHE_527_A,LEU_530_A"
VAL_441_A,"PRO_440_A,LEU_442_A,LEU_445_A"
LEU_442_A,"PHE_438_A,VAL_441_A,VAL_443_A,THR_446_A"
VAL_443_A,"GLY_439_A,LEU_442_A,TYR_444_A"
TYR_444_A,"VAL_443_A,LEU_445_A,THR_448_A,MET_518_A,THR_522_A"
LEU_445_A,"VAL_441_A,TYR_444_A,THR_446_A"
THR_446_A,"LEU_442_A,LEU_445_A,ILE_447_A,SER_449_A"
ILE_447_A,"THR_446_A,THR_448_A,SER_449_A,SER_450_A,LEU_451_A,LEU_517_A,MET_518_A"
THR_448_A,"TYR_444_A,ILE_447_A,SER_449_A,THR_452_A"
SER_449_A,"THR_446_A,ILE_447_A,THR_448_A,SER_450_A,LEU_451_A,ILE_453_A"
SER_450_A,"ILE_447_A,SER_449_A,LEU_451_A"
LEU_451_A,"ILE_447_A,SER_449_A,SER_450_A,THR_452_A,LYS_514_A,MET_518_A"
THR_452_A,"THR_448_A,LEU_451_A,ILE_453_A"
ILE_453_A,"SER_449_A,THR_452_A,GLN_454_A"
GLN_454_A,"ILE_453_A,SER_455_A"
SER_455_A,"GLN_454_A,GLY_456_A"
GLY_456_A,SER_455_A
PRO_457_A,"ARG_458_A,ILE_459_A,GLN_461_A"
ARG_458_A,"PRO_457_A,ILE_459_A"
ILE_459_A,"PRO_457_A,ARG_458_A,VAL_460_A"
VAL_460_A,"ILE_459_A,GLN_461_A,ARG_464_A"
GLN_461_A,"PRO_457_A,VAL_460_A,ALA_462_A,TRP_465_A"
ALA_462_A,"GLN_461_A,GLN_463_A,PHE_503_A,TRP_507_A"
GLN_463_A,"ALA_462_A,ARG_464_A"
ARG_464_A,"VAL_460_A,GLN_463_A,TRP_465_A,LYS_468_A"
TRP_465_A,"GLN_461_A,ARG_464_A,ALA_466_A,MET_469_A,GLU_499_A,TYR_500_A"
ALA_466_A,"TRP_465_A,GLU_467_A"
GLU_467_A,"ALA_466_A,LYS_468_A"
LYS_468_A,"ARG_464_A,GLU_467_A,MET_469_A"
MET_469_A,"TRP_465_A,LYS_468_A,ASN_470_A,TYR_500_A"
ASN_470_A,"MET_469_A,GLY_471_A,GLY_474_A"
GLY_471_A,"ASN_470_A,GLU_472_A,SER_475_A"
GLU_472_A,"GLY_471_A,ALA_473_A,TYR_476_A,ARG_496_A"
ALA_473_A,"GLU_472_A,GLY_474_A,LEU_477_A"
GLY_474_A,"ASN_470_A,ALA_473_A,SER_475_A,GLU_478_A"
SER_475_A,"GLY_471_A,GLY_474_A,TYR_476_A,GLY_479_A"
TYR_476_A,"GLU_472_A,SER_475_A,LEU_477_A,GLN_480_A,ILE_483_A,PHE_493_A"
LEU_477_A,"ALA_473_A,TYR_476_A,GLU_478_A"
GLU_478_A,"GLY_474_A,LEU_477_A,GLY_479_A"
GLY_479_A,"SER_475_A,GLU_478_A,GLN_480_A"
GLN_480_A,"TYR_476_A,GLY_479_A,ILE_483_A"
PRO_481_A,"VAL_482_A,ARG_484_A"
VAL_482_A,"PRO_481_A,ILE_483_A,VAL_485_A,PHE_486_A"
ILE_483_A,"TYR_476_A,GLN_480_A,VAL_482_A,ARG_484_A"
ARG_484_A,"PRO_481_A,ILE_483_A,VAL_485_A"
VAL_485_A,"VAL_482_A,ARG_484_A,PHE_486_A"
PHE_486_A,"VAL_482_A,VAL_485_A,GLY_487_A"
GLY_487_A,"PHE_486_A,ALA_488_A"
ALA_488_A,"GLY_487_A,ALA_489_A"
ALA_489_A,"ALA_488_A,SER_490_A"
SER_490_A,"ALA_489_A,SER_491_A,ARG_494_A"
SER_491_A,"SER_490_A,SER_492_A,ARG_495_A"
SER_492_A,"SER_491_A,PHE_493_A,ARG_496_A"
PHE_493_A,"TYR_476_A,SER_492_A,ARG_494_A,LEU_497_A"
ARG_494_A,"SER_490_A,PHE_493_A,ARG_495_A,ASP_498_A"
ARG_495_A,"SER_491_A,ARG_494_A,ARG_496_A,GLU_499_A"
ARG_496_A,"GLU_472_A,SER_492_A,ARG_495_A,LEU_497_A,GLU_499_A"
LEU_497_A,"PHE_493_A,ARG_496_A,ASP_498_A,ILE_501_A"
ASP_498_A,"ARG_494_A,LEU_497_A,GLU_499_A"
GLU_499_A,"TRP_465_A,ARG_495_A,ARG_496_A,ASP_498_A,TYR_500_A,PHE_503_A"
TYR_500_A,"TRP_465_A,MET_469_A,GLU_499_A,ILE_501_A,LEU_504_A"
ILE_501_A,"LEU_497_A,TYR_500_A,GLY_502_A"
GLY_502_A,"ILE_501_A,PHE_503_A,ALA_506_A"
PHE_503_A,"ALA_462_A,GLU_499_A,GLY_502_A,LEU_504_A,TRP_507_A"
LEU_504_A,"TYR_500_A,PHE_503_A,VAL_505_A,TRP_507_A,GLN_508_A"
VAL_505_A,"LEU_504_A,ALA_506_A,ARG_509_A"
ALA_506_A,"GLY_502_A,VAL_505_A,TRP_507_A"
TRP_507_A,"ALA_462_A,PHE_503_A,LEU_504_A,ALA_506_A,GLN_508_A"
GLN_508_A,"LEU_504_A,TRP_507_A,ARG_509_A"
ARG_509_A,"VAL_505_A,GLN_508_A"
PRO_510_A,"LEU_511_A,ALA_512_A"
LEU_511_A,"PRO_510_A,ALA_512_A"
ALA_512_A,"PRO_510_A,LEU_511_A,GLY_513_A,THR_516_A"
GLY_513_A,"ALA_512_A,LYS_514_A"
LYS_514_A,"LEU_451_A,GLY_513_A,LYS_515_A,MET_518_A"
LYS_515_A,"LYS_514_A,THR_516_A"
THR_516_A,"ALA_512_A,LYS_515_A,LEU_517_A,LEU_520_A"
LEU_517_A,"ILE_447_A,THR_516_A,MET_518_A"
MET_518_A,"TYR_444_A,ILE_447_A,LEU_451_A,LYS_514_A,LEU_517_A,ASP_519_A"
ASP_519_A,"MET_518_A,LEU_520_A,ARG_523_A"
LEU_520_A,"THR_516_A,ASP_519_A,ALA_521_A,THR_526_A"
ALA_521_A,"LEU_520_A,THR_522_A"
THR_522_A,"TYR_444_A,ALA_521_A,ARG_523_A"
ARG_523_A,"ASP_519_A,THR_522_A"
PRO_524_A,"ALA_525_A,LEU_528_A"
ALA_525_A,"PRO_524_A,THR_526_A"
THR_526_A,"LEU_520_A,ALA_525_A,PHE_527_A"
PHE_527_A,"PRO_440_A,THR_526_A,LEU_528_A,ILE_531_A"
LEU_528_A,"PRO_524_A,PHE_527_A,TRP_529_A,ALA_532_A"
TRP_529_A,"LEU_528_A,LEU_530_A,ALA_533_A"
LEU_530_A,"PRO_440_A,TRP_529_A,ILE_531_A,THR_534_A"
ILE_531_A,"PHE_527_A,LEU_530_A,ALA_532_A,GLY_535_A"
ALA_532_A,"LEU_528_A,ILE_531_A,ALA_533_A,THR_536_A"
ALA_533_A,"TRP_529_A,ALA_532_A,THR_534_A"
THR_534_A,"LEU_530_A,ALA_533_A,GLY_535_A"
GLY_535_A,"ILE_531_A,THR_534_A,THR_536_A,VAL_539_A"
THR_536_A,"ALA_532_A,GLY_535_A,LEU_537_A"
LEU_537_A,"THR_536_A,LEU_538_A,THR_541_A"
LEU_538_A,"VAL_433_A,LEU_537_A,VAL_539_A,ARG_543_A,MET_544_A"
VAL_539_A,"GLY_535_A,LEU_538_A,ALA_540_A,HIS_542_A,MET_544_A,PRO_546_A"
ALA_540_A,"VAL_539_A,THR_541_A"
THR_541_A,"LEU_537_A,ALA_540_A,HIS_542_A"
HIS_542_A,"VAL_539_A,THR_541_A,ARG_543_A"
ARG_543_A,"ARG_432_A,LEU_538_A,HIS_542_A,MET_544_A"
MET_544_A,"LEU_538_A,VAL_539_A,ARG_543_A,ASP_545_A"
ASP_545_A,"MET_544_A,VAL_547_A,ASN_548_A"
PRO_546_A,"VAL_539_A,VAL_547_A"
VAL_547_A,"ASP_545_A,PRO_546_A,ASN_548_A"
ASN_548_A,"ASP_545_A,VAL_547_A,LEU_549_A"
LEU_549_A,"ASN_548_A,LEU_550_A"
LEU_550_A,"LEU_549_A,PHE_554_A"
PRO_551_A,"PHE_552_A,LEU_555_A"
PHE_552_A,"VAL_429_A,PRO_551_A,MET_553_A,GLY_556_A"
MET_553_A,"PHE_552_A,PHE_554_A"
PHE_554_A,"VAL_315_A,LEU_550_A,MET_553_A,LEU_555_A"
LEU_555_A,"PRO_551_A,PHE_554_A,GLY_556_A"
GLY_556_A,"PHE_552_A,LEU_555_A,THR_557_A"
THR_557_A,"GLY_556_A,THR_558_A"
THR_558_A,"THR_557_A,PHE_559_A"
PHE_559_A,"LEU_423_A,THR_558_A,GLY_560_A,LEU_563_A"
GLY_560_A,"PHE_559_A,ALA_561_A,LEU_564_A"
ALA_561_A,"GLY_560_A,ARG_562_A,GLY_565_A"
ARG_562_A,"ALA_561_A,LEU_563_A,ILE_566_A"
LEU_563_A,"PHE_559_A,ARG_562_A,LEU_564_A"
LEU_564_A,"GLY_560_A,LEU_563_A,GLY_565_A"
GLY_565_A,"ALA_561_A,LEU_564_A,ILE_566_A,GLY_569_A"
ILE_566_A,"PRO_419_A,ARG_562_A,GLY_565_A,ALA_567_A,LEU_570_A"
ALA_567_A,"ILE_566_A,TYR_568_A,GLY_571_A"
TYR_568_A,"ALA_567_A,GLY_569_A"
GLY_569_A,"GLY_565_A,TYR_568_A,LEU_570_A"
LEU_570_A,"VAL_416_A,ILE_566_A,GLY_569_A,GLY_571_A"
GLY_571_A,"ALA_567_A,LEU_570_A,GLY_572_A"
GLY_572_A,"GLY_571_A,LEU_573_A"
LEU_573_A,"GLY_572_A,ARG_574_A,LEU_577_A"
ARG_574_A,"LEU_573_A,THR_575_A,LEU_578_A"
THR_575_A,"ARG_574_A,GLY_576_A"
GLY_576_A,"THR_575_A,LEU_577_A,ALA_580_A"
LEU_577_A,"TRP_277_A,LEU_573_A,GLY_576_A,LEU_578_A,ARG_581_A"
LEU_578_A,"ARG_574_A,LEU_577_A,ALA_579_A,HIS_582_A"
ALA_579_A,"ALA_400_A,LEU_578_A,ALA_580_A,LEU_583_A"
ALA_580_A,"ALA_282_A,LEU_286_A,LEU_401_A,GLY_576_A,ALA_579_A,ARG_581_A"
ARG_581_A,"ALA_281_A,LEU_577_A,ALA_580_A,HIS_582_A,VAL_585_A"
HIS_582_A,"ASP_397_A,LEU_578_A,ARG_581_A,LEU_583_A"
LEU_583_A,"LEU_393_A,LEU_401_A,ALA_579_A,HIS_582_A,GLN_584_A,LEU_587_A"
GLN_584_A,"LEU_583_A,VAL_585_A"
VAL_585_A,"ARG_581_A,GLN_584_A,THR_586_A,GLU_589_A"
THR_586_A,"VAL_585_A,LEU_587_A"
LEU_587_A,"LEU_583_A,THR_586_A,ASP_588_A"
ASP_588_A,"ARG_284_A,LEU_587_A,GLU_589_A"
GLU_589_A,"LYS_373_A,LEU_377_A,ARG_385_A,VAL_585_A,ASP_588_A,THR_590_A"
THR_590_A,"GLU_589_A,GLU_591_A"
GLU_591_A,"LYS_373_A,ARG_376_A,THR_590_A,LEU_592_A"
LEU_592_A,"PRO_378_A,GLU_591_A,ALA_593_A"
ALA_593_A,"LEU_592_A,VAL_594_A"
VAL_594_A,"ALA_593_A,ARG_595_A"
ARG_595_A,"VAL_594_A,GLU_596_A"
GLU_596_A,"ARG_595_A,HIS_597_A,ASP_673_A,ARG_675_A"
HIS_597_A,"GLU_596_A,ARG_599_A"
PRO_598_A,ARG_599_A
ARG_599_A,"HIS_597_A,PRO_598_A,GLU_600_A"
GLU_600_A,"ARG_599_A,ASP_603_A"
PRO_601_A,"LEU_602_A,ASP_603_A"
LEU_602_A,"PRO_601_A,ASP_603_A,GLY_604_A"
ASP_603_A,"GLU_600_A,PRO_601_A,LEU_602_A,GLY_604_A"
GLY_604_A,"LEU_602_A,ASP_603_A,GLU_605_A"
GLU_605_A,"GLY_604_A,ALA_606_A,ARG_668_A"
ALA_606_A,"GLU_605_A,ALA_608_A"
PRO_607_A,ALA_608_A
ALA_608_A,"ALA_606_A,PRO_607_A,THR_609_A"
THR_609_A,"ALA_608_A,VAL_610_A,GLY_670_A"
VAL_610_A,"THR_609_A,VAL_611_A,LEU_633_A"
VAL_611_A,"VAL_610_A,PHE_612_A"
PHE_612_A,"VAL_611_A,ASP_613_A,LEU_631_A,LEU_652_A,ILE_667_A"
ASP_613_A,"PHE_612_A,HIS_614_A,ARG_668_A"
HIS_614_A,"ASP_613_A,VAL_615_A,ASP_628_A,ARG_664_A"
VAL_615_A,"HIS_614_A,THR_616_A,ASP_628_A,VAL_662_A,ILE_667_A"
THR_616_A,"VAL_615_A,PHE_617_A"
PHE_617_A,"THR_616_A,GLY_618_A,VAL_625_A,ILE_626_A,THR_651_A,HIS_660_A"
GLY_618_A,"PHE_617_A,TYR_619_A"
TYR_619_A,"GLY_618_A,ARG_620_A,VAL_625_A,THR_651_A"
ARG_620_A,"TYR_619_A,GLY_622_A"
PRO_621_A,GLY_622_A
GLY_622_A,"ARG_620_A,PRO_621_A,VAL_623_A"
VAL_623_A,GLY_622_A
PRO_624_A,VAL_625_A
VAL_625_A,"PHE_617_A,TYR_619_A,PRO_624_A,ILE_626_A"
ILE_626_A,"PHE_617_A,VAL_625_A,GLN_627_A,VAL_629_A"
GLN_627_A,"ILE_626_A,ASP_628_A"
ASP_628_A,"HIS_614_A,VAL_615_A,GLN_627_A,VAL_629_A,ARG_664_A"
VAL_629_A,"ILE_626_A,ASP_628_A,SER_630_A,LEU_652_A"
SER_630_A,"VAL_629_A,LEU_631_A"
LEU_631_A,"PHE_612_A,SER_630_A,THR_632_A,LEU_633_A"
THR_632_A,"LEU_631_A,LEU_633_A"
LEU_633_A,"VAL_610_A,LEU_631_A,THR_632_A,ARG_634_A,THR_639_A"
ARG_634_A,"LEU_633_A,THR_796_A"
PRO_635_A,GLY_636_A
GLY_636_A,"PRO_635_A,THR_637_A,THR_796_A"
THR_637_A,"GLY_636_A,VAL_638_A,VAL_797_A"
VAL_638_A,"THR_637_A,THR_639_A"
THR_639_A,"LEU_633_A,VAL_638_A,ALA_640_A,VAL_799_A"
ALA_640_A,"THR_639_A,LEU_641_A,ILE_807_A"
LEU_641_A,"ALA_640_A,VAL_642_A,VAL_799_A"
VAL_642_A,"LEU_641_A,GLY_643_A,ILE_807_A,VAL_814_A,VAL_815_A"
GLY_643_A,VAL_642_A
PRO_644_A,SER_645_A
SER_645_A,"PRO_644_A,GLY_646_A"
GLY_646_A,"SER_645_A,SER_647_A"
SER_647_A,"GLY_646_A,GLY_648_A,LEU_816_A"
GLY_648_A,"SER_647_A,LYS_649_A,LEU_652_A"
LYS_649_A,"GLY_648_A,SER_650_A,ALA_653_A,HIS_802_A"
SER_650_A,"LYS_649_A,THR_651_A,THR_654_A"
THR_651_A,"PHE_617_A,TYR_619_A,SER_650_A,LEU_652_A,LEU_655_A"
LEU_652_A,"PHE_612_A,VAL_629_A,GLY_648_A,THR_651_A,ALA_653_A"
ALA_653_A,"LYS_649_A,LEU_652_A,THR_654_A,LEU_656_A,ILE_800_A"
THR_654_A,"SER_650_A,ALA_653_A,LEU_655_A"
LEU_655_A,"THR_651_A,THR_654_A,LEU_656_A"
LEU_656_A,"ALA_653_A,LEU_655_A,ALA_657_A,ILE_667_A"
ALA_657_A,"LEU_656_A,ARG_658_A,PHE_659_A,TYR_683_A"
ARG_658_A,"ALA_657_A,PHE_659_A,ASP_661_A"
PHE_659_A,"LEU_379_A,GLY_380_A,ALA_657_A,ARG_658_A,HIS_660_A"
HIS_660_A,"PHE_617_A,PHE_659_A,ASP_661_A"
ASP_661_A,"ARG_658_A,HIS_660_A,VAL_662_A,ARG_675_A"
VAL_662_A,"VAL_615_A,ASP_661_A,GLU_663_A"
GLU_663_A,"VAL_662_A,ARG_664_A"
ARG_664_A,"HIS_614_A,ASP_628_A,GLU_663_A,GLY_665_A"
GLY_665_A,"ARG_664_A,ALA_666_A"
ALA_666_A,"GLY_665_A,ILE_667_A"
ILE_667_A,"PHE_612_A,VAL_615_A,LEU_656_A,ALA_666_A,ARG_668_A"
ARG_668_A,"GLU_605_A,ASP_613_A,ILE_667_A,VAL_669_A"
VAL_669_A,"ARG_668_A,GLY_670_A"
GLY_670_A,"THR_609_A,VAL_669_A,GLY_671_A"
GLY_671_A,"GLY_670_A,GLN_672_A"
GLN_672_A,"GLY_671_A,ASP_673_A"
ASP_673_A,"GLU_596_A,GLN_672_A,ILE_674_A,ARG_675_A,SER_676_A"
ILE_674_A,"ASP_673_A,ARG_675_A"
ARG_675_A,"GLU_596_A,ASP_661_A,ASP_673_A,ILE_674_A,SER_676_A"
SER_676_A,"ASP_673_A,ARG_675_A,LEU_677_A"
LEU_677_A,"SER_676_A,ALA_678_A"
ALA_678_A,"LEU_677_A,ALA_679_A,LEU_682_A"
ALA_679_A,"ALA_678_A,ASP_680_A"
ASP_680_A,"ALA_679_A,GLU_681_A,THR_684_A"
GLU_681_A,"ASP_680_A,LEU_682_A,ARG_685_A"
LEU_682_A,"ALA_678_A,GLU_681_A,TYR_683_A,ARG_685_A,VAL_686_A"
TYR_683_A,"ALA_657_A,LEU_682_A,THR_684_A,PHE_688_A"
THR_684_A,"ASP_680_A,TYR_683_A,ARG_685_A"
ARG_685_A,"GLU_681_A,LEU_682_A,THR_684_A,VAL_686_A"
VAL_686_A,"LEU_682_A,ARG_685_A,GLY_687_A"
GLY_687_A,"VAL_686_A,PHE_688_A,VAL_766_A,ILE_768_A"
PHE_688_A,"TYR_683_A,GLY_687_A,VAL_689_A,ILE_768_A"
VAL_689_A,"PHE_688_A,LEU_690_A,ILE_768_A,LEU_791_A"
LEU_690_A,"VAL_689_A,GLN_691_A"
GLN_691_A,"LEU_690_A,GLU_692_A"
GLU_692_A,"GLN_691_A,ALA_693_A,GLN_694_A"
ALA_693_A,"GLU_692_A,GLN_694_A"
GLN_694_A,"GLU_692_A,ALA_693_A,LEU_695_A"
LEU_695_A,"GLN_694_A,VAL_696_A,ARG_751_A"
VAL_696_A,"LEU_695_A,HIS_697_A"
HIS_697_A,"VAL_696_A,GLY_698_A"
GLY_698_A,"HIS_697_A,THR_699_A,LEU_740_A"
THR_699_A,"GLY_698_A,ALA_700_A,ALA_701_A,GLU_702_A"
ALA_700_A,"THR_699_A,ALA_701_A,THR_738_A"
ALA_701_A,"THR_699_A,ALA_700_A,GLU_702_A"
GLU_702_A,"THR_699_A,ALA_701_A,ASN_703_A"
ASN_703_A,"GLU_702_A,ILE_704_A"
ILE_704_A,"ASN_703_A,ALA_705_A,ALA_720_A,LEU_754_A,ALA_757_A"
ALA_705_A,"ILE_704_A,LEU_706_A,VAL_716_A"
LEU_706_A,"ALA_705_A,ALA_707_A"
ALA_707_A,"LEU_706_A,VAL_708_A"
VAL_708_A,"ALA_707_A,ASP_710_A"
PRO_709_A,ASP_710_A
ASP_710_A,"VAL_708_A,PRO_709_A,ALA_711_A"
ALA_711_A,"ASP_710_A,ALA_713_A,VAL_716_A"
PRO_712_A,ALA_713_A
ALA_713_A,"ALA_711_A,PRO_712_A,GLU_714_A"
GLU_714_A,"ALA_713_A,GLN_715_A,VAL_718_A,ARG_721_A"
GLN_715_A,"GLU_714_A,VAL_716_A"
VAL_716_A,"ALA_705_A,ALA_711_A,GLN_715_A,GLN_717_A"
GLN_717_A,"VAL_716_A,VAL_718_A,ARG_721_A"
VAL_718_A,"GLU_714_A,GLN_717_A,ALA_719_A"
ALA_719_A,"VAL_718_A,ALA_720_A"
ALA_720_A,"ILE_704_A,ALA_719_A,ARG_721_A,ILE_725_A"
ARG_721_A,"GLU_714_A,GLN_717_A,ALA_720_A,GLU_722_A,HIS_726_A"
GLU_722_A,"ARG_721_A,ALA_723_A,ARG_790_A,ARG_793_A"
ALA_723_A,"GLU_722_A,GLN_724_A,ALA_757_A"
GLN_724_A,"ALA_723_A,ILE_725_A,ARG_753_A"
ILE_725_A,"ALA_720_A,GLN_724_A,HIS_726_A"
HIS_726_A,"ARG_721_A,ILE_725_A,ASP_727_A,LEU_730_A,TYR_736_A"
ASP_727_A,"HIS_726_A,ARG_728_A"
ARG_728_A,"ASP_727_A,VAL_729_A,ARG_731_A,GLY_745_A,GLU_750_A"
VAL_729_A,"ARG_728_A,LEU_730_A,LEU_732_A,TYR_736_A"
LEU_730_A,"HIS_726_A,VAL_729_A,ARG_731_A"
ARG_731_A,"ARG_728_A,LEU_730_A,LEU_732_A,GLU_750_A"
LEU_732_A,"VAL_729_A,ARG_731_A"
PRO_733_A,ASP_734_A
ASP_734_A,"PRO_733_A,GLY_735_A"
GLY_735_A,"ASP_734_A,TYR_736_A,THR_738_A"
TYR_736_A,"HIS_726_A,VAL_729_A,GLY_735_A,ASP_737_A"
ASP_737_A,"TYR_736_A,THR_738_A"
THR_738_A,"ALA_700_A,GLY_735_A,ASP_737_A,VAL_739_A"
VAL_739_A,"THR_738_A,LEU_740_A"
LEU_740_A,"GLY_698_A,VAL_739_A,GLY_741_A"
GLY_741_A,"LEU_740_A,ALA_742_A"
ALA_742_A,"GLY_741_A,ASN_743_A"
ASN_743_A,"ALA_742_A,SER_744_A"
SER_744_A,"ASN_743_A,GLY_745_A"
GLY_745_A,"ARG_728_A,SER_744_A,LEU_746_A"
LEU_746_A,"GLY_745_A,SER_747_A"
SER_747_A,"LEU_746_A,GLY_748_A,GLY_749_A,GLU_750_A,ARG_751_A"
GLY_748_A,"SER_747_A,GLY_749_A"
GLY_749_A,"SER_747_A,GLY_748_A,GLU_750_A"
GLU_750_A,"ARG_728_A,ARG_731_A,SER_747_A,GLY_749_A,ARG_751_A,ARG_753_A"
ARG_751_A,"LEU_695_A,SER_747_A,GLU_750_A,GLN_752_A"
GLN_752_A,"ARG_751_A,ARG_753_A"
ARG_753_A,"GLN_724_A,GLU_750_A,GLN_752_A,LEU_754_A"
LEU_754_A,"ILE_704_A,ARG_753_A,THR_755_A,ALA_757_A,ARG_758_A"
THR_755_A,"LEU_754_A,ILE_756_A"
ILE_756_A,"THR_755_A,ALA_757_A,ALA_787_A,LEU_788_A"
ALA_757_A,"ILE_704_A,ALA_723_A,LEU_754_A,ILE_756_A,ARG_758_A,ILE_760_A"
ARG_758_A,"LEU_754_A,ALA_757_A,ALA_759_A,LEU_761_A"
ALA_759_A,"ARG_758_A,ILE_760_A"
ILE_760_A,"ALA_757_A,ALA_759_A,LEU_761_A"
LEU_761_A,"ARG_758_A,ILE_760_A,GLY_762_A"
GLY_762_A,"LEU_761_A,ASP_763_A"
ASP_763_A,"GLY_762_A,THR_764_A,ARG_790_A,ARG_795_A"
THR_764_A,ASP_763_A
PRO_765_A,VAL_766_A
VAL_766_A,"GLY_687_A,PRO_765_A,LEU_767_A"
LEU_767_A,"VAL_766_A,ILE_768_A,THR_792_A,THR_796_A"
ILE_768_A,"GLY_687_A,PHE_688_A,VAL_689_A,LEU_767_A,LEU_769_A"
LEU_769_A,"ILE_768_A,ASP_770_A,LEU_798_A,ILE_800_A"
ASP_770_A,"LEU_769_A,GLU_771_A,ALA_772_A,THR_773_A,HIS_802_A"
GLU_771_A,"ASP_770_A,ALA_772_A,VAL_799_A,HIS_802_A,ARG_803_A"
ALA_772_A,"ASP_770_A,GLU_771_A,THR_773_A"
THR_773_A,"ASP_770_A,ALA_772_A,ALA_774_A"
ALA_774_A,"THR_773_A,PHE_775_A"
PHE_775_A,"ALA_774_A,ALA_776_A"
ALA_776_A,"PHE_775_A,ASP_777_A"
ASP_777_A,"ALA_776_A,GLU_779_A,SER_780_A"
PRO_778_A,GLU_779_A
GLU_779_A,"ASP_777_A,PRO_778_A,SER_780_A"
SER_780_A,"ASP_777_A,GLU_779_A,GLU_781_A"
GLU_781_A,"SER_780_A,TYR_782_A,GLN_785_A,ARG_803_A"
TYR_782_A,"GLU_781_A,LEU_783_A"
LEU_783_A,"TYR_782_A,VAL_784_A,ALA_787_A"
VAL_784_A,"LEU_783_A,GLN_785_A,LEU_788_A"
GLN_785_A,"GLU_781_A,VAL_784_A,GLN_786_A"
GLN_786_A,"GLN_785_A,ALA_787_A"
ALA_787_A,"ILE_756_A,LEU_783_A,GLN_786_A,LEU_788_A,LEU_791_A"
LEU_788_A,"ILE_756_A,VAL_784_A,ALA_787_A,ASN_789_A"
ASN_789_A,"LEU_788_A,ARG_790_A"
ARG_790_A,"GLU_722_A,ASP_763_A,ASN_789_A,LEU_791_A,ARG_793_A,ARG_795_A"
LEU_791_A,"VAL_689_A,ALA_787_A,ARG_790_A,THR_792_A"
THR_792_A,"LEU_767_A,LEU_791_A,ARG_793_A"
ARG_793_A,"GLU_722_A,ARG_790_A,THR_792_A,ASP_794_A"
ASP_794_A,"ARG_793_A,ARG_795_A"
ARG_795_A,"ASP_763_A,ARG_790_A,ASP_794_A,THR_796_A"
THR_796_A,"ARG_634_A,GLY_636_A,LEU_767_A,ARG_795_A,VAL_797_A"
VAL_797_A,"THR_637_A,THR_796_A,LEU_798_A,VAL_799_A"
LEU_798_A,"LEU_769_A,VAL_797_A,VAL_799_A"
VAL_799_A,"THR_639_A,LEU_641_A,GLU_771_A,VAL_797_A,LEU_798_A,ILE_800_A"
ILE_800_A,"ALA_653_A,LEU_769_A,VAL_799_A,ALA_801_A"
ALA_801_A,"ILE_800_A,HIS_802_A,ILE_807_A"
HIS_802_A,"LYS_649_A,ASP_770_A,GLU_771_A,ALA_801_A,ARG_803_A"
ARG_803_A,"GLU_771_A,GLU_781_A,HIS_802_A,LEU_804_A,HIS_805_A"
LEU_804_A,"ARG_803_A,HIS_805_A,TYR_837_A,TRP_841_A"
HIS_805_A,"ARG_803_A,LEU_804_A,THR_806_A"
THR_806_A,"HIS_805_A,ILE_807_A"
ILE_807_A,"ALA_640_A,VAL_642_A,ALA_801_A,THR_806_A,THR_808_A"
THR_808_A,"ILE_807_A,ARG_809_A"
ARG_809_A,"THR_808_A,ALA_810_A"
ALA_810_A,"ARG_809_A,ASP_811_A"
ASP_811_A,"ALA_810_A,GLN_812_A"
GLN_812_A,"ASP_811_A,ILE_813_A"
ILE_813_A,"GLN_812_A,VAL_814_A,GLY_825_A,HIS_827_A"
VAL_814_A,"VAL_642_A,ILE_813_A,VAL_815_A,ILE_821_A"
VAL_815_A,"VAL_642_A,VAL_814_A,LEU_816_A,VAL_822_A"
LEU_816_A,"SER_647_A,VAL_815_A,ASP_817_A"
ASP_817_A,"LEU_816_A,HIS_818_A,ARG_836_A"
HIS_818_A,"ASP_817_A,GLY_819_A"
GLY_819_A,"HIS_818_A,ARG_820_A"
ARG_820_A,"GLY_819_A,ILE_821_A"
ILE_821_A,"VAL_814_A,ARG_820_A,VAL_822_A"
VAL_822_A,"VAL_815_A,ILE_821_A,GLU_823_A"
GLU_823_A,"VAL_822_A,ARG_824_A,GLU_829_A,LEU_830_A"
ARG_824_A,"GLU_823_A,GLY_825_A"
GLY_825_A,"ILE_813_A,ARG_824_A,THR_826_A"
THR_826_A,"GLY_825_A,HIS_827_A,GLU_829_A,LEU_830_A"
HIS_827_A,"ILE_813_A,THR_826_A,GLU_828_A,LEU_831_A,TYR_837_A"
GLU_828_A,"HIS_827_A,GLU_829_A"
GLU_829_A,"GLU_823_A,THR_826_A,GLU_828_A,LEU_830_A,LEU_831_A,ALA_832_A"
LEU_830_A,"GLU_823_A,THR_826_A,GLU_829_A,LEU_831_A,TYR_837_A"
LEU_831_A,"HIS_827_A,GLU_829_A,LEU_830_A,ALA_832_A"
ALA_832_A,"GLU_829_A,LEU_831_A,ALA_833_A,GLY_834_A"
ALA_833_A,"ALA_832_A,GLY_834_A"
GLY_834_A,"ALA_832_A,ALA_833_A,GLY_835_A"
GLY_835_A,"GLY_834_A,ARG_836_A,TYR_837_A"
ARG_836_A,"ASP_817_A,GLY_835_A,TYR_837_A,ARG_839_A,LEU_840_A"
TYR_837_A,"LEU_804_A,HIS_827_A,LEU_830_A,GLY_835_A,ARG_836_A,CYS_838_A,TRP_841_A"
CYS_838_A,"TYR_837_A,ARG_839_A,ASP_842_A"
ARG_839_A,"ARG_836_A,CYS_838_A,LEU_840_A,THR_843_A"
LEU_840_A,"ARG_836_A,ARG_839_A,TRP_841_A"
TRP_841_A,"LEU_804_A,TYR_837_A,LEU_840_A,ASP_842_A,THR_843_A,GLY_846_A"
ASP_842_A,"CYS_838_A,TRP_841_A,THR_843_A,GLY_844_A"
THR_843_A,"ARG_839_A,TRP_841_A,ASP_842_A,GLY_844_A"
GLY_844_A,"ASP_842_A,THR_843_A,GLN_845_A"
GLN_845_A,"GLY_844_A,GLY_846_A"
GLY_846_A,"TRP_841_A,GLN_845_A"
