residue_id,neighbors
SER_2_A,LYS_3_A
LYS_3_A,"SER_2_A,ILE_4_A,ASP_34_A,GLU_36_A,ARG_60_A"
ILE_4_A,"LYS_3_A,LEU_5_A,ASP_34_A"
LEU_5_A,"ILE_4_A,VAL_6_A,PHE_7_A,ILE_74_A"
VAL_6_A,"LEU_5_A,PHE_7_A,VAL_38_A,ILE_74_A"
PHE_7_A,"LEU_5_A,VAL_6_A,GLY_8_A,THR_76_A,ILE_85_A"
GLY_8_A,"PHE_7_A,HIS_9_A"
HIS_9_A,"GLY_8_A,GLN_10_A,ASP_13_A,ASP_77_A,HIS_78_A,HIS_100_A,ASP_205_A,LYS_207_A,ARG_297_A"
GLN_10_A,"HIS_9_A,ASN_11_A,SER_84_A"
ASN_11_A,"GLN_10_A,ASP_203_A"
PRO_12_A,"ASP_13_A,ILE_17_A"
ASP_13_A,"HIS_9_A,PRO_12_A,SER_14_A,ASP_15_A,ALA_16_A,ILE_17_A,ASP_77_A,ASP_151_A,ASP_205_A,LYS_207_A,ARG_297_A"
SER_14_A,"ASP_13_A,ASP_15_A,GLY_18_A,GLU_46_A"
ASP_15_A,"ASP_13_A,SER_14_A,ALA_16_A,SER_19_A,ASP_77_A,HIS_99_A,SER_122_A,ASP_151_A"
ALA_16_A,"ASP_13_A,ASP_15_A,ILE_17_A,SER_20_A"
ILE_17_A,"PRO_12_A,ASP_13_A,ALA_16_A,GLY_18_A,SER_20_A,VAL_21_A,ALA_39_A,PRO_59_A"
GLY_18_A,"SER_14_A,ILE_17_A,SER_19_A,ALA_22_A"
SER_19_A,"ASP_15_A,GLY_18_A,SER_20_A"
SER_20_A,"ALA_16_A,ILE_17_A,SER_19_A,VAL_21_A"
VAL_21_A,"ILE_17_A,SER_20_A,ALA_22_A,PHE_23_A,PRO_59_A"
ALA_22_A,"GLY_18_A,VAL_21_A,PHE_23_A,VAL_125_A,LEU_144_A"
PHE_23_A,"VAL_21_A,ALA_22_A,ALA_24_A,TYR_25_A,LEU_26_A,ALA_27_A,VAL_125_A,MET_128_A"
ALA_24_A,"PHE_23_A,TYR_25_A,THR_35_A,ALA_37_A"
TYR_25_A,"PHE_23_A,ALA_24_A,LEU_26_A,LEU_140_A"
LEU_26_A,"PHE_23_A,TYR_25_A,ALA_27_A,ALA_30_A,MET_128_A,PHE_129_A"
ALA_27_A,"PHE_23_A,LEU_26_A,LYS_28_A,TRP_31_A"
LYS_28_A,"ALA_27_A,GLU_29_A,GLY_32_A,ASP_34_A"
GLU_29_A,"LYS_28_A,ALA_30_A"
ALA_30_A,"LEU_26_A,GLU_29_A,TRP_31_A"
TRP_31_A,"ALA_27_A,ALA_30_A,GLY_32_A"
GLY_32_A,"LYS_28_A,TRP_31_A,LEU_33_A"
LEU_33_A,"GLY_32_A,ASP_34_A"
ASP_34_A,"LYS_3_A,ILE_4_A,LYS_28_A,LEU_33_A,THR_35_A"
THR_35_A,"ALA_24_A,ASP_34_A,GLU_36_A"
GLU_36_A,"LYS_3_A,THR_35_A,ALA_37_A,ARG_60_A,GLU_68_A"
ALA_37_A,"ALA_24_A,GLU_36_A,VAL_38_A"
VAL_38_A,"VAL_6_A,ALA_37_A,ALA_39_A,VAL_62_A"
ALA_39_A,"ILE_17_A,VAL_38_A,LEU_40_A,VAL_62_A"
LEU_40_A,"ALA_39_A,GLY_41_A,ILE_85_A"
GLY_41_A,"LEU_40_A,THR_42_A"
THR_42_A,GLY_41_A
PRO_43_A,"ASN_44_A,LEU_51_A,ALA_58_A"
ASN_44_A,"PRO_43_A,GLU_45_A,GLU_46_A,THR_47_A,ALA_48_A"
GLU_45_A,"ASN_44_A,GLU_46_A,SER_195_A,LYS_196_A"
GLU_46_A,"SER_14_A,ASN_44_A,GLU_45_A,THR_47_A,TYR_49_A,SER_150_A"
THR_47_A,"ASN_44_A,GLU_46_A,ALA_48_A,VAL_50_A,LEU_51_A"
ALA_48_A,"ASN_44_A,THR_47_A,TYR_49_A,ASP_52_A"
TYR_49_A,"GLU_46_A,ALA_48_A,VAL_50_A,TYR_53_A,MET_186_A,ALA_189_A"
VAL_50_A,"THR_47_A,TYR_49_A,LEU_51_A"
LEU_51_A,"PRO_43_A,THR_47_A,VAL_50_A,ASP_52_A,VAL_56_A,ALA_58_A"
ASP_52_A,"ALA_48_A,LEU_51_A,TYR_53_A"
TYR_53_A,"TYR_49_A,ASP_52_A,PHE_54_A,TYR_182_A"
PHE_54_A,"TYR_53_A,GLY_55_A"
GLY_55_A,"PHE_54_A,VAL_56_A"
VAL_56_A,"LEU_51_A,GLY_55_A,GLN_57_A"
GLN_57_A,"VAL_56_A,ALA_58_A"
ALA_58_A,"PRO_43_A,LEU_51_A,GLN_57_A"
PRO_59_A,"ILE_17_A,VAL_21_A,ARG_60_A"
ARG_60_A,"LYS_3_A,GLU_36_A,PRO_59_A,VAL_61_A,GLU_68_A"
VAL_61_A,"ARG_60_A,VAL_62_A"
VAL_62_A,"VAL_38_A,ALA_39_A,VAL_61_A,GLU_63_A,GLU_68_A"
GLU_63_A,"VAL_62_A,SER_64_A,SER_86_A"
SER_64_A,"GLU_63_A,ALA_65_A"
ALA_65_A,"SER_64_A,LYS_66_A,GLU_68_A,GLY_69_A,ASP_87_A"
LYS_66_A,"ALA_65_A,ALA_67_A,GLY_69_A"
ALA_67_A,"LYS_66_A,GLU_68_A"
GLU_68_A,"GLU_36_A,ARG_60_A,VAL_62_A,ALA_65_A,ALA_67_A,GLY_69_A,VAL_70_A"
GLY_69_A,"ALA_65_A,LYS_66_A,GLU_68_A,VAL_70_A"
VAL_70_A,"GLU_68_A,GLY_69_A,GLU_71_A"
GLU_71_A,"VAL_70_A,THR_72_A,THR_92_A"
THR_72_A,"GLU_71_A,VAL_73_A,TYR_94_A"
VAL_73_A,"THR_72_A,ILE_74_A,LEU_75_A,THR_92_A,TYR_94_A"
ILE_74_A,"LEU_5_A,VAL_6_A,VAL_73_A,LEU_75_A,TYR_94_A"
LEU_75_A,"VAL_73_A,ILE_74_A,THR_76_A,VAL_97_A"
THR_76_A,"PHE_7_A,LEU_75_A,ASP_77_A,HIS_78_A"
ASP_77_A,"HIS_9_A,ASP_13_A,ASP_15_A,THR_76_A,HIS_78_A,VAL_97_A,ASP_98_A,HIS_99_A,HIS_100_A,ASP_151_A,LYS_207_A,LYS_298_A"
HIS_78_A,"HIS_9_A,THR_76_A,ASP_77_A,ASN_79_A"
ASN_79_A,"HIS_78_A,GLU_80_A,ASP_98_A"
GLU_80_A,"ASN_79_A,PHE_81_A,GLN_82_A,GLN_83_A,ARG_101_A"
PHE_81_A,"GLU_80_A,GLN_82_A,ILE_88_A"
GLN_82_A,"GLU_80_A,PHE_81_A,GLN_83_A"
GLN_83_A,"GLU_80_A,GLN_82_A,SER_84_A"
SER_84_A,"GLN_10_A,GLN_83_A,ILE_85_A"
ILE_85_A,"PHE_7_A,LEU_40_A,SER_84_A,SER_86_A"
SER_86_A,"GLU_63_A,ILE_85_A,ASP_87_A"
ASP_87_A,"ALA_65_A,SER_86_A,ILE_88_A,ASP_90_A"
ILE_88_A,"PHE_81_A,ASP_87_A,LYS_89_A,VAL_91_A"
LYS_89_A,"ILE_88_A,ASP_90_A"
ASP_90_A,"ASP_87_A,LYS_89_A,VAL_91_A"
VAL_91_A,"ILE_88_A,ASP_90_A,THR_92_A"
THR_92_A,"GLU_71_A,VAL_73_A,VAL_91_A,VAL_93_A"
VAL_93_A,"THR_92_A,TYR_94_A,VAL_96_A,LEU_111_A"
TYR_94_A,"THR_72_A,VAL_73_A,ILE_74_A,VAL_93_A,GLY_95_A,TYR_112_A"
GLY_95_A,"TYR_94_A,VAL_96_A"
VAL_96_A,"VAL_93_A,GLY_95_A,VAL_97_A,TYR_112_A,ARG_114_A"
VAL_97_A,"LEU_75_A,ASP_77_A,VAL_96_A,ASP_98_A,TRP_1031_A"
ASP_98_A,"ASP_77_A,ASN_79_A,VAL_97_A,HIS_99_A,HIS_100_A"
HIS_99_A,"ASP_15_A,ASP_77_A,ASP_98_A,HIS_100_A,VAL_118_A,ASP_151_A,LYS_298_A"
HIS_100_A,"HIS_9_A,ASP_77_A,ASP_98_A,HIS_99_A,ARG_101_A,LYS_207_A,LYS_298_A"
ARG_101_A,"GLU_80_A,HIS_100_A,VAL_102_A,THR_306_A"
VAL_102_A,"ARG_101_A,ALA_103_A"
ALA_103_A,"VAL_102_A,ASN_104_A,PHE_105_A"
ASN_104_A,"ALA_103_A,PHE_105_A"
PHE_105_A,"ALA_103_A,ASN_104_A,GLU_106_A,LEU_111_A,MET_113_A"
GLU_106_A,"PHE_105_A,THR_107_A"
THR_107_A,"GLU_106_A,ALA_108_A"
ALA_108_A,"THR_107_A,ASN_109_A"
ASN_109_A,ALA_108_A
PRO_110_A,LEU_111_A
LEU_111_A,"VAL_93_A,PHE_105_A,PRO_110_A,TYR_112_A,MET_113_A"
TYR_112_A,"TYR_94_A,VAL_96_A,LEU_111_A,MET_113_A,TRP_1031_A"
MET_113_A,"PHE_105_A,LEU_111_A,TYR_112_A,ARG_114_A"
ARG_114_A,"VAL_96_A,MET_113_A,LEU_115_A,GLU_116_A,ARG_127_A,GLU_131_A"
LEU_115_A,"ARG_114_A,GLU_116_A"
GLU_116_A,"ARG_114_A,LEU_115_A,ARG_127_A,GLU_131_A"
PRO_117_A,VAL_118_A
VAL_118_A,"HIS_99_A,PRO_117_A,GLY_119_A,ILE_124_A"
GLY_119_A,"VAL_118_A,SER_120_A"
SER_120_A,"GLY_119_A,ALA_121_A,SER_122_A"
ALA_121_A,"SER_120_A,SER_122_A"
SER_122_A,"ASP_15_A,SER_120_A,ALA_121_A,SER_123_A,TYR_126_A"
SER_123_A,"SER_122_A,ILE_124_A"
ILE_124_A,"VAL_118_A,SER_123_A,VAL_125_A,MET_128_A"
VAL_125_A,"ALA_22_A,PHE_23_A,ILE_124_A,TYR_126_A,PHE_129_A"
TYR_126_A,"SER_122_A,VAL_125_A,ARG_127_A,MET_128_A,PHE_129_A,VAL_167_A,GLU_170_A"
ARG_127_A,"ARG_114_A,GLU_116_A,TYR_126_A,MET_128_A,HIS_161_A,SER_163_A,ASP_164_A"
MET_128_A,"PHE_23_A,LEU_26_A,ILE_124_A,TYR_126_A,ARG_127_A,PHE_129_A,ASN_132_A"
PHE_129_A,"LEU_26_A,VAL_125_A,TYR_126_A,MET_128_A,LYS_130_A"
LYS_130_A,"PHE_129_A,GLU_131_A,GLU_170_A"
GLU_131_A,"ARG_114_A,GLU_116_A,LYS_130_A,ASN_132_A"
ASN_132_A,"MET_128_A,GLU_131_A,GLY_133_A,VAL_134_A"
GLY_133_A,"ASN_132_A,VAL_134_A"
VAL_134_A,"ASN_132_A,GLY_133_A,SER_135_A"
SER_135_A,"VAL_134_A,VAL_136_A"
VAL_136_A,SER_135_A
PRO_137_A,LYS_138_A
LYS_138_A,"PRO_137_A,GLU_139_A,ALA_141_A,GLY_142_A"
GLU_139_A,"LYS_138_A,LEU_140_A"
LEU_140_A,"TYR_25_A,GLU_139_A,ALA_141_A,LEU_144_A"
ALA_141_A,"LYS_138_A,LEU_140_A,GLY_142_A,LEU_174_A"
GLY_142_A,"LYS_138_A,ALA_141_A,LEU_143_A,SER_146_A"
LEU_143_A,"GLY_142_A,LEU_144_A,SER_146_A,GLY_147_A"
LEU_144_A,"ALA_22_A,LEU_140_A,LEU_143_A,LEU_145_A"
LEU_145_A,"LEU_144_A,SER_146_A,LEU_148_A,ILE_149_A"
SER_146_A,"GLY_142_A,LEU_143_A,LEU_145_A,GLY_147_A,LEU_148_A,ILE_149_A,SER_150_A,TYR_182_A"
GLY_147_A,"LEU_143_A,SER_146_A,LEU_148_A"
LEU_148_A,"LEU_145_A,SER_146_A,GLY_147_A,ILE_149_A,THR_152_A"
ILE_149_A,"LEU_145_A,SER_146_A,LEU_148_A,SER_150_A,LEU_153_A,LEU_179_A,MET_186_A"
SER_150_A,"GLU_46_A,SER_146_A,ILE_149_A,ASP_151_A"
ASP_151_A,"ASP_13_A,ASP_15_A,ASP_77_A,HIS_99_A,SER_150_A,THR_152_A,LYS_298_A"
THR_152_A,"LEU_148_A,ASP_151_A,LEU_153_A,SER_157_A"
LEU_153_A,"ILE_149_A,THR_152_A,LEU_154_A,VAL_295_A"
LEU_154_A,"LEU_153_A,LEU_155_A"
LEU_155_A,"LEU_154_A,LYS_156_A,THR_160_A,ALA_168_A"
LYS_156_A,"LEU_155_A,SER_157_A"
SER_157_A,"THR_152_A,LYS_156_A,THR_159_A,THR_160_A"
PRO_158_A,"THR_159_A,LYS_299_A"
THR_159_A,"SER_157_A,PRO_158_A,THR_160_A,LYS_298_A"
THR_160_A,"LEU_155_A,SER_157_A,THR_159_A,HIS_161_A"
HIS_161_A,"ARG_127_A,THR_160_A,ALA_162_A,ASP_164_A"
ALA_162_A,"HIS_161_A,SER_163_A,ASP_164_A"
SER_163_A,"ARG_127_A,ALA_162_A,ASP_164_A"
ASP_164_A,"ARG_127_A,HIS_161_A,ALA_162_A,SER_163_A,ILE_165_A,ALA_168_A"
ILE_165_A,"ASP_164_A,ALA_168_A"
PRO_166_A,VAL_167_A
VAL_167_A,"TYR_126_A,PRO_166_A,ALA_168_A"
ALA_168_A,"LEU_155_A,ASP_164_A,ILE_165_A,VAL_167_A,LYS_169_A,ALA_172_A"
LYS_169_A,"ALA_168_A,GLU_170_A,GLU_173_A"
GLU_170_A,"TYR_126_A,LYS_130_A,LYS_169_A,LEU_171_A"
LEU_171_A,"GLU_170_A,ALA_172_A,ALA_175_A"
ALA_172_A,"ALA_168_A,LEU_171_A,GLU_173_A,GLY_176_A"
GLU_173_A,"LYS_169_A,ALA_172_A,LEU_174_A"
LEU_174_A,"ALA_141_A,GLU_173_A,ALA_175_A"
ALA_175_A,"LEU_171_A,LEU_174_A,GLY_176_A"
GLY_176_A,"ALA_172_A,ALA_175_A,VAL_177_A"
VAL_177_A,"GLY_176_A,ASN_178_A,TYR_182_A"
ASN_178_A,"VAL_177_A,LEU_179_A,GLU_181_A,TYR_182_A"
LEU_179_A,"ILE_149_A,ASN_178_A,GLU_180_A,GLY_183_A"
GLU_180_A,"LEU_179_A,GLU_181_A"
GLU_181_A,"ASN_178_A,GLU_180_A,TYR_182_A"
TYR_182_A,"TYR_53_A,SER_146_A,VAL_177_A,ASN_178_A,GLU_181_A,GLY_183_A"
GLY_183_A,"LEU_179_A,TYR_182_A,LEU_184_A"
LEU_184_A,"GLY_183_A,GLU_185_A,LYS_188_A"
GLU_185_A,"LEU_184_A,MET_186_A,LYS_188_A"
MET_186_A,"TYR_49_A,ILE_149_A,GLU_185_A,LEU_187_A,ALA_189_A"
LEU_187_A,"MET_186_A,LYS_188_A"
LYS_188_A,"LEU_184_A,GLU_185_A,LEU_187_A,ALA_189_A,THR_191_A"
ALA_189_A,"TYR_49_A,MET_186_A,LYS_188_A,GLY_190_A"
GLY_190_A,"ALA_189_A,THR_191_A"
THR_191_A,"LYS_188_A,GLY_190_A,ASN_192_A,ILE_259_A"
ASN_192_A,"THR_191_A,LEU_193_A,SER_194_A"
LEU_193_A,"ASN_192_A,SER_194_A,LEU_201_A,ILE_204_A,ILE_229_A"
SER_194_A,"ASN_192_A,LEU_193_A,SER_195_A"
SER_195_A,"GLU_45_A,SER_194_A,LYS_196_A"
LYS_196_A,"GLU_45_A,SER_195_A,THR_197_A,GLU_200_A,ARG_232_A"
THR_197_A,"LYS_196_A,ALA_198_A,ALA_199_A,GLU_200_A,LEU_201_A"
ALA_198_A,"THR_197_A,ALA_199_A"
ALA_199_A,"THR_197_A,ALA_198_A,GLU_200_A"
GLU_200_A,"LYS_196_A,THR_197_A,ALA_199_A,LEU_201_A,ASP_203_A"
LEU_201_A,"LEU_193_A,THR_197_A,GLU_200_A,ILE_202_A,ASP_203_A,VAL_221_A"
ILE_202_A,"LEU_201_A,ASP_203_A,ILE_240_A,PHE_252_A"
ASP_203_A,"ASN_11_A,GLU_200_A,LEU_201_A,ILE_202_A,ILE_204_A,ARG_217_A"
ILE_204_A,"LEU_193_A,ASP_203_A,ASP_205_A"
ASP_205_A,"HIS_9_A,ASP_13_A,ILE_204_A,ALA_206_A,LYS_207_A,GLN_220_A,ARG_297_A"
ALA_206_A,"ASP_205_A,LYS_207_A,ALA_219_A"
LYS_207_A,"HIS_9_A,ASP_13_A,ASP_77_A,HIS_100_A,ASP_205_A,ALA_206_A,THR_208_A,ARG_297_A"
THR_208_A,"LYS_207_A,PHE_209_A,ARG_217_A"
PHE_209_A,"THR_208_A,GLU_210_A,VAL_216_A,VAL_218_A,VAL_302_A"
GLU_210_A,"PHE_209_A,LEU_211_A"
LEU_211_A,"GLU_210_A,ASN_212_A,GLU_214_A,LEU_305_A"
ASN_212_A,"LEU_211_A,GLY_213_A"
GLY_213_A,"ASN_212_A,GLU_214_A"
GLU_214_A,"LEU_211_A,GLY_213_A,ALA_215_A,ASP_251_A,ASN_272_A"
ALA_215_A,"GLU_214_A,VAL_216_A,SER_250_A"
VAL_216_A,"PHE_209_A,ALA_215_A,ARG_217_A"
ARG_217_A,"ASP_203_A,THR_208_A,VAL_216_A,VAL_218_A,TYR_249_A,PHE_252_A,VAL_253_A"
VAL_218_A,"PHE_209_A,ARG_217_A,ALA_219_A"
ALA_219_A,"ALA_206_A,VAL_218_A,GLN_220_A,PHE_252_A,VAL_253_A,MET_255_A"
GLN_220_A,"ASP_205_A,ALA_219_A,VAL_221_A,MET_255_A"
VAL_221_A,"LEU_201_A,GLN_220_A,ASN_222_A,ILE_256_A"
ASN_222_A,"VAL_221_A,THR_223_A"
THR_223_A,"ASN_222_A,VAL_224_A,THR_257_A"
VAL_224_A,"THR_223_A,ASP_225_A"
ASP_225_A,"VAL_224_A,ILE_226_A,ASP_228_A"
ILE_226_A,"ASP_225_A,ASN_227_A"
ASN_227_A,"ILE_226_A,ASP_228_A,ALA_231_A"
ASP_228_A,"ASP_225_A,ASN_227_A,ILE_229_A"
ILE_229_A,"LEU_193_A,ASP_228_A,LEU_230_A,ARG_232_A,ILE_236_A"
LEU_230_A,"ILE_229_A,ALA_231_A"
ALA_231_A,"ASN_227_A,LEU_230_A,ARG_232_A"
ARG_232_A,"LYS_196_A,ILE_229_A,ALA_231_A,GLN_233_A,GLU_235_A"
GLN_233_A,"ARG_232_A,GLU_234_A,GLU_237_A"
GLU_234_A,"GLN_233_A,GLU_235_A,VAL_238_A"
GLU_235_A,"ARG_232_A,GLU_234_A,ILE_236_A,GLU_237_A,VAL_238_A,ALA_239_A"
ILE_236_A,"ILE_229_A,GLU_235_A,GLU_237_A"
GLU_237_A,"GLN_233_A,GLU_235_A,ILE_236_A,VAL_238_A,GLN_241_A,ASN_287_A"
VAL_238_A,"GLU_234_A,GLU_235_A,GLU_237_A,ALA_239_A"
ALA_239_A,"GLU_235_A,VAL_238_A,ILE_240_A"
ILE_240_A,"ILE_202_A,ALA_239_A,GLN_241_A"
GLN_241_A,"GLU_237_A,ILE_240_A,GLU_242_A,ILE_244_A"
GLU_242_A,"GLN_241_A,ALA_243_A,THR_246_A"
ALA_243_A,"GLU_242_A,ILE_244_A,GLU_247_A"
ILE_244_A,"GLN_241_A,ALA_243_A,VAL_245_A"
VAL_245_A,"ILE_244_A,THR_246_A"
THR_246_A,"GLU_242_A,VAL_245_A,GLU_247_A"
GLU_247_A,"ALA_243_A,THR_246_A,GLY_248_A,TYR_249_A"
GLY_248_A,"GLU_247_A,TYR_249_A"
TYR_249_A,"ARG_217_A,GLU_247_A,GLY_248_A,SER_250_A"
SER_250_A,"ALA_215_A,TYR_249_A,ASP_251_A"
ASP_251_A,"GLU_214_A,SER_250_A,PHE_252_A,SER_271_A,ASN_272_A,TYR_309_A"
PHE_252_A,"ILE_202_A,ARG_217_A,ALA_219_A,ASP_251_A,VAL_253_A,LEU_269_A"
VAL_253_A,"ARG_217_A,ALA_219_A,PHE_252_A,LEU_254_A,ILE_266_A"
LEU_254_A,"VAL_253_A,MET_255_A,LEU_267_A"
MET_255_A,"ALA_219_A,GLN_220_A,LEU_254_A,ILE_256_A"
ILE_256_A,"VAL_221_A,MET_255_A,THR_257_A,GLU_265_A"
THR_257_A,"THR_223_A,ILE_256_A,ASP_258_A"
ASP_258_A,"THR_257_A,ILE_259_A,VAL_260_A,ASN_261_A,SER_262_A,ASN_263_A"
ILE_259_A,"THR_191_A,ASP_258_A,VAL_260_A"
VAL_260_A,"ASP_258_A,ILE_259_A,ASN_261_A"
ASN_261_A,"ASP_258_A,VAL_260_A,SER_262_A"
SER_262_A,"ASP_258_A,ASN_261_A,ASN_263_A"
ASN_263_A,"ASP_258_A,SER_262_A,SER_264_A,PHE_290_A,GLY_293_A"
SER_264_A,"ASN_263_A,GLU_265_A,LEU_291_A,ALA_294_A"
GLU_265_A,"ILE_256_A,SER_264_A,ILE_266_A,HIS_288_A"
ILE_266_A,"VAL_253_A,GLU_265_A,LEU_267_A,PHE_282_A,ALA_289_A"
LEU_267_A,"LEU_254_A,ILE_266_A,ALA_268_A"
ALA_268_A,"LEU_267_A,LEU_269_A"
LEU_269_A,"PHE_252_A,ALA_268_A,GLY_270_A,ASN_287_A"
GLY_270_A,"LEU_269_A,SER_271_A"
SER_271_A,"ASP_251_A,GLY_270_A,ASN_272_A"
ASN_272_A,"GLU_214_A,ASP_251_A,SER_271_A,MET_273_A,LYS_275_A"
MET_273_A,"ASN_272_A,ALA_274_A,VAL_276_A,GLU_277_A"
ALA_274_A,"MET_273_A,LYS_275_A"
LYS_275_A,"ASN_272_A,ALA_274_A,VAL_276_A,SER_308_A,TYR_309_A"
VAL_276_A,"MET_273_A,LYS_275_A,GLU_277_A,ALA_279_A"
GLU_277_A,"MET_273_A,VAL_276_A,ALA_278_A,PHE_280_A,GLU_281_A,LEU_284_A"
ALA_278_A,"GLU_277_A,ALA_279_A"
ALA_279_A,"VAL_276_A,ALA_278_A,PHE_280_A,GLN_304_A"
PHE_280_A,"GLU_277_A,ALA_279_A,GLU_281_A,PHE_282_A,LEU_291_A"
GLU_281_A,"GLU_277_A,PHE_280_A,PHE_282_A"
PHE_282_A,"ILE_266_A,PHE_280_A,GLU_281_A,THR_283_A,ALA_289_A,LEU_291_A"
THR_283_A,"PHE_282_A,LEU_284_A,GLU_285_A"
LEU_284_A,"GLU_277_A,THR_283_A,GLU_285_A"
GLU_285_A,"THR_283_A,LEU_284_A,ASN_286_A,HIS_288_A"
ASN_286_A,"GLU_285_A,ASN_287_A"
ASN_287_A,"GLU_237_A,LEU_269_A,ASN_286_A,HIS_288_A"
HIS_288_A,"GLU_265_A,GLU_285_A,ASN_287_A,ALA_289_A"
ALA_289_A,"ILE_266_A,PHE_282_A,HIS_288_A,PHE_290_A"
PHE_290_A,"ASN_263_A,ALA_289_A,LEU_291_A,ALA_292_A"
LEU_291_A,"SER_264_A,PHE_280_A,PHE_282_A,PHE_290_A,ALA_292_A,ALA_294_A"
ALA_292_A,"PHE_290_A,LEU_291_A,GLY_293_A"
GLY_293_A,"ASN_263_A,ALA_292_A,ALA_294_A"
ALA_294_A,"SER_264_A,LEU_291_A,GLY_293_A,VAL_295_A"
VAL_295_A,"LEU_153_A,ALA_294_A,SER_296_A,GLN_300_A"
SER_296_A,"VAL_295_A,ARG_297_A,GLN_300_A"
ARG_297_A,"HIS_9_A,ASP_13_A,ASP_205_A,LYS_207_A,SER_296_A,LYS_298_A,VAL_302_A"
LYS_298_A,"ASP_77_A,HIS_99_A,HIS_100_A,ASP_151_A,THR_159_A,ARG_297_A,LYS_299_A"
LYS_299_A,"PRO_158_A,LYS_298_A,GLN_300_A"
GLN_300_A,"VAL_295_A,SER_296_A,LYS_299_A,VAL_301_A"
VAL_301_A,"GLN_300_A,VAL_302_A,LEU_305_A"
VAL_302_A,"PHE_209_A,ARG_297_A,VAL_301_A,THR_306_A"
PRO_303_A,GLN_304_A
GLN_304_A,"ALA_279_A,PRO_303_A,LEU_305_A,SER_308_A"
LEU_305_A,"LEU_211_A,VAL_301_A,GLN_304_A,THR_306_A,GLU_307_A,TYR_309_A"
THR_306_A,"ARG_101_A,VAL_302_A,LEU_305_A,GLU_307_A,ASN_310_A"
GLU_307_A,"LEU_305_A,THR_306_A,SER_308_A,ALA_311_A"
SER_308_A,"LYS_275_A,GLN_304_A,GLU_307_A,TYR_309_A"
TYR_309_A,"ASP_251_A,LYS_275_A,LEU_305_A,SER_308_A,ASN_310_A"
ASN_310_A,"THR_306_A,TYR_309_A,ALA_311_A"
ALA_311_A,"GLU_307_A,ASN_310_A"
TRP_1031_A,"VAL_97_A,TYR_112_A"
