residue_id,neighbors
LEU_2_B,SER_3_B
SER_3_B,"LEU_2_B,LYS_4_B,ARG_5_B,ASP_6_B,ALA_7_B"
LYS_4_B,"SER_3_B,ARG_5_B,ALA_7_B,ILE_8_B"
ARG_5_B,"SER_3_B,LYS_4_B,ASP_6_B"
ASP_6_B,"SER_3_B,ARG_5_B,ALA_7_B"
ALA_7_B,"SER_3_B,LYS_4_B,ASP_6_B,ILE_8_B,ALA_11_B"
ILE_8_B,"LYS_4_B,ALA_7_B,LEU_9_B,ALA_11_B,ALA_12_B,PHE_44_B"
LEU_9_B,"ILE_8_B,LYS_10_B,VAL_13_B"
LYS_10_B,"LEU_9_B,ALA_11_B,GLU_14_B"
ALA_11_B,"ALA_7_B,ILE_8_B,LYS_10_B,ALA_12_B,VAL_15_B,ALA_33_B"
ALA_12_B,"ILE_8_B,ALA_11_B,VAL_13_B,PHE_16_B"
VAL_13_B,"LEU_9_B,ALA_12_B,GLU_14_B,GLY_17_B,PHE_102_B"
GLU_14_B,"LYS_10_B,VAL_13_B,VAL_15_B,LYS_18_B"
VAL_15_B,"ALA_11_B,GLU_14_B,PHE_16_B,LYS_19_B,ALA_24_B,ILE_29_B"
PHE_16_B,"ALA_12_B,VAL_15_B,GLY_17_B,GLY_20_B,PHE_102_B"
GLY_17_B,"VAL_13_B,PHE_16_B,LYS_18_B"
LYS_18_B,"GLU_14_B,GLY_17_B,LYS_19_B"
LYS_19_B,"VAL_15_B,LYS_18_B,GLY_20_B,GLU_28_B"
GLY_20_B,"PHE_16_B,LYS_19_B,TYR_21_B"
TYR_21_B,"GLY_20_B,ASP_22_B,LYS_47_B,TYR_51_B"
ASP_22_B,"TYR_21_B,ARG_23_B,LYS_47_B"
ARG_23_B,"ASP_22_B,ALA_24_B"
ALA_24_B,"VAL_15_B,ARG_23_B,THR_25_B,LYS_47_B"
THR_25_B,"ALA_24_B,THR_26_B"
THR_26_B,"THR_25_B,ASP_27_B,ALA_30_B"
ASP_27_B,"THR_26_B,GLU_28_B,GLU_31_B"
GLU_28_B,"LYS_19_B,ASP_27_B,ILE_29_B,LYS_32_B"
ILE_29_B,"VAL_15_B,GLU_28_B,ALA_30_B,ALA_33_B"
ALA_30_B,"THR_26_B,ILE_29_B,GLU_31_B,GLY_34_B,VAL_35_B"
GLU_31_B,"ASP_27_B,ALA_30_B,LYS_32_B,GLY_34_B"
LYS_32_B,"GLU_28_B,GLU_31_B,ALA_33_B"
ALA_33_B,"ALA_11_B,ILE_29_B,LYS_32_B,GLY_34_B,VAL_35_B"
GLY_34_B,"ALA_30_B,GLU_31_B,ALA_33_B,VAL_35_B"
VAL_35_B,"ALA_30_B,ALA_33_B,GLY_34_B,ALA_36_B,LEU_39_B"
ALA_36_B,"VAL_35_B,LYS_37_B,LEU_39_B"
LYS_37_B,"ALA_36_B,GLY_38_B,LEU_39_B,ILE_40_B"
GLY_38_B,"LYS_37_B,LEU_39_B,HIS_42_B"
LEU_39_B,"VAL_35_B,ALA_36_B,LYS_37_B,GLY_38_B,ILE_40_B,HIS_42_B,TYR_43_B"
ILE_40_B,"LYS_37_B,LEU_39_B,PHE_41_B,PHE_44_B"
PHE_41_B,"ILE_40_B,HIS_42_B"
HIS_42_B,"GLY_38_B,LEU_39_B,PHE_41_B,TYR_43_B"
TYR_43_B,"LEU_39_B,HIS_42_B,PHE_44_B"
PHE_44_B,"ILE_8_B,ILE_40_B,TYR_43_B,LYS_45_B,ASN_46_B,LEU_50_B,GLN_53_B"
LYS_45_B,"PHE_44_B,ASN_46_B"
ASN_46_B,"PHE_44_B,LYS_45_B,LYS_47_B,GLU_48_B,GLU_49_B,LEU_50_B"
LYS_47_B,"TYR_21_B,ASP_22_B,ALA_24_B,ASN_46_B,GLU_48_B,TYR_51_B"
GLU_48_B,"ASN_46_B,LYS_47_B,GLU_49_B,TYR_52_B,ASP_110_B,LEU_113_B"
GLU_49_B,"ASN_46_B,GLU_48_B,LEU_50_B,GLN_53_B,ARG_116_B"
LEU_50_B,"PHE_44_B,ASN_46_B,GLU_49_B,TYR_51_B,ALA_54_B"
TYR_51_B,"TYR_21_B,LYS_47_B,LEU_50_B,TYR_52_B,TYR_55_B,THR_105_B"
TYR_52_B,"GLU_48_B,TYR_51_B,GLN_53_B,TYR_55_B,ILE_117_B,ASP_120_B"
GLN_53_B,"PHE_44_B,GLU_49_B,TYR_52_B,ALA_54_B,SER_57_B"
ALA_54_B,"LEU_50_B,GLN_53_B,TYR_55_B,PHE_102_B"
TYR_55_B,"TYR_51_B,TYR_52_B,ALA_54_B,THR_59_B,PHE_102_B,LEU_103_B"
SER_57_B,"GLN_53_B,VAL_58_B"
VAL_58_B,"SER_57_B,THR_59_B,LEU_103_B"
THR_59_B,"TYR_55_B,VAL_58_B,GLU_60_B,GLN_63_B"
GLU_60_B,"THR_59_B,LYS_61_B,LYS_64_B"
LYS_61_B,"GLU_60_B,LEU_62_B,GLU_65_B,GLU_99_B"
LEU_62_B,"LYS_61_B,GLN_63_B,GLU_65_B,PHE_66_B"
GLN_63_B,"THR_59_B,LEU_62_B,LYS_64_B,GLU_67_B"
LYS_64_B,"GLU_60_B,GLN_63_B,GLU_65_B,GLU_67_B"
GLU_65_B,"LYS_61_B,LEU_62_B,LYS_64_B,PHE_66_B"
PHE_66_B,"LEU_62_B,GLU_65_B,GLU_67_B,PHE_69_B,LEU_70_B,TRP_85_B,PHE_128_B"
GLU_67_B,"GLN_63_B,LYS_64_B,PHE_66_B,ASN_68_B"
ASN_68_B,"GLU_67_B,PHE_69_B"
PHE_69_B,"PHE_66_B,ASN_68_B,LEU_70_B,ASN_73_B,PHE_81_B,TRP_85_B"
LEU_70_B,"PHE_66_B,PHE_69_B,ARG_74_B,PHE_81_B,PHE_131_B"
LYS_72_B,ASN_73_B
ASN_73_B,"PHE_69_B,LYS_72_B,ARG_74_B,ASN_75_B,ARG_76_B,PHE_81_B"
ARG_74_B,"LEU_70_B,ASN_73_B,ASN_75_B"
ASN_75_B,"ASN_73_B,ARG_74_B,ARG_76_B"
ARG_76_B,"ASN_73_B,ASN_75_B,ASP_77_B,ASP_80_B"
ASP_77_B,"ARG_76_B,ILE_78_B,PHE_79_B,ASP_80_B,PHE_81_B"
ILE_78_B,"ASP_77_B,PHE_79_B"
PHE_79_B,"ASP_77_B,ILE_78_B,ASP_80_B,PHE_81_B,GLU_83_B,LEU_139_B"
ASP_80_B,"ARG_76_B,ASP_77_B,PHE_79_B,PHE_81_B"
PHE_81_B,"PHE_69_B,LEU_70_B,ASN_73_B,ASP_77_B,PHE_79_B,ASP_80_B,TRP_85_B,PHE_128_B"
GLU_83_B,"PHE_79_B,ARG_84_B"
ARG_84_B,"GLU_83_B,TRP_85_B"
TRP_85_B,"PHE_66_B,PHE_69_B,PHE_81_B,ARG_84_B,ILE_86_B,LYS_88_B,LYS_89_B,PHE_158_B"
ILE_86_B,"TRP_85_B,GLU_87_B,LYS_89_B"
GLU_87_B,"ILE_86_B,LYS_88_B"
LYS_88_B,"TRP_85_B,GLU_87_B,LYS_89_B,TYR_92_B"
LYS_89_B,"TRP_85_B,ILE_86_B,LYS_88_B,LEU_90_B,SER_93_B"
LEU_90_B,"LYS_89_B,GLU_91_B,TYR_92_B,SER_93_B,ALA_94_B,TYR_165_B"
GLU_91_B,"LEU_90_B,TYR_92_B,SER_95_B"
TYR_92_B,"LYS_88_B,LEU_90_B,GLU_91_B,SER_93_B,SER_95_B,HIS_96_B"
SER_93_B,"LYS_89_B,LEU_90_B,TYR_92_B,ALA_94_B"
ALA_94_B,"LEU_90_B,SER_93_B,SER_95_B"
SER_95_B,"GLU_91_B,TYR_92_B,ALA_94_B,HIS_96_B"
HIS_96_B,"TYR_92_B,SER_95_B,GLU_98_B,GLU_99_B"
PRO_97_B,"GLU_98_B,ASP_101_B"
GLU_98_B,"HIS_96_B,PRO_97_B,GLU_99_B,PHE_102_B"
GLU_99_B,"LYS_61_B,HIS_96_B,GLU_98_B,ALA_100_B,PHE_102_B,LEU_103_B"
ALA_100_B,"GLU_99_B,ASP_101_B"
ASP_101_B,"PRO_97_B,ALA_100_B,PHE_102_B"
PHE_102_B,"VAL_13_B,PHE_16_B,ALA_54_B,TYR_55_B,GLU_98_B,GLU_99_B,ASP_101_B,LEU_103_B,THR_105_B"
LEU_103_B,"TYR_55_B,VAL_58_B,GLU_99_B,PHE_102_B,ILE_104_B"
ILE_104_B,"LEU_103_B,THR_105_B"
THR_105_B,"TYR_51_B,PHE_102_B,ILE_104_B,LEU_106_B,VAL_107_B,SER_108_B"
LEU_106_B,"THR_105_B,VAL_107_B,ILE_117_B"
VAL_107_B,"THR_105_B,LEU_106_B,SER_108_B,ARG_114_B"
SER_108_B,"THR_105_B,VAL_107_B,VAL_109_B"
VAL_109_B,"SER_108_B,ASP_110_B,LEU_113_B,ARG_114_B"
ASP_110_B,"GLU_48_B,VAL_109_B,GLU_111_B,GLY_112_B,LEU_113_B"
GLU_111_B,"ASP_110_B,GLY_112_B,LYS_115_B"
GLY_112_B,"ASP_110_B,GLU_111_B,LEU_113_B"
LEU_113_B,"GLU_48_B,VAL_109_B,ASP_110_B,GLY_112_B,ARG_114_B"
ARG_114_B,"VAL_107_B,VAL_109_B,LEU_113_B,LYS_115_B,ILE_117_B,LEU_118_B"
LYS_115_B,"GLU_111_B,ARG_114_B,ARG_116_B"
ARG_116_B,"GLU_49_B,LYS_115_B,ILE_117_B,ASP_120_B"
ILE_117_B,"TYR_52_B,LEU_106_B,ARG_114_B,ARG_116_B,LEU_118_B,ASP_120_B,LEU_121_B"
LEU_118_B,"ARG_114_B,ILE_117_B,LEU_119_B,GLU_122_B"
LEU_119_B,"LEU_118_B,ASP_120_B,LEU_121_B"
ASP_120_B,"TYR_52_B,ARG_116_B,ILE_117_B,LEU_119_B,LEU_121_B"
LEU_121_B,"ILE_117_B,LEU_119_B,ASP_120_B,GLU_122_B,LYS_123_B,SER_124_B,GLN_125_B"
GLU_122_B,"LEU_118_B,LEU_121_B,LYS_123_B,GLN_125_B,ARG_126_B"
LYS_123_B,"LEU_121_B,GLU_122_B,SER_124_B,ARG_126_B"
SER_124_B,"LEU_121_B,LYS_123_B,GLN_125_B"
GLN_125_B,"LEU_121_B,GLU_122_B,SER_124_B,ARG_126_B,VAL_127_B,PHE_129_B"
ARG_126_B,"GLU_122_B,LYS_123_B,GLN_125_B,VAL_127_B,ASP_130_B"
VAL_127_B,"GLN_125_B,ARG_126_B,PHE_128_B,ASP_130_B,PHE_131_B"
PHE_128_B,"PHE_66_B,PHE_81_B,VAL_127_B,PHE_129_B,PHE_158_B"
PHE_129_B,"GLN_125_B,PHE_128_B,ASP_130_B,LEU_151_B"
ASP_130_B,"ARG_126_B,VAL_127_B,PHE_129_B,PHE_131_B,ARG_133_B"
PHE_131_B,"LEU_70_B,VAL_127_B,ASP_130_B,VAL_132_B"
VAL_132_B,"PHE_131_B,ARG_133_B,GLU_134_B,LEU_151_B"
ARG_133_B,"ASP_130_B,VAL_132_B,GLU_134_B"
GLU_134_B,"VAL_132_B,ARG_133_B,LYS_135_B,LEU_136_B,LYS_137_B"
LYS_135_B,"GLU_134_B,LEU_136_B"
LEU_136_B,"GLU_134_B,LYS_135_B,LYS_137_B,LEU_139_B"
LYS_137_B,"GLU_134_B,LEU_136_B,ASP_138_B,LEU_139_B"
ASP_138_B,"LYS_137_B,LEU_139_B"
LEU_139_B,"PHE_79_B,LEU_136_B,LYS_137_B,ASP_138_B,ASP_140_B"
ASP_140_B,"LEU_139_B,LEU_141_B"
LEU_141_B,"ASP_140_B,ALA_142_B"
ALA_142_B,"LEU_141_B,GLU_143_B,ASP_144_B,VAL_145_B"
GLU_143_B,"ALA_142_B,ASP_144_B"
ASP_144_B,"ALA_142_B,GLU_143_B,VAL_145_B"
VAL_145_B,"ALA_142_B,ASP_144_B,THR_146_B"
THR_146_B,"VAL_145_B,GLU_147_B,ILE_149_B,ALA_150_B"
GLU_147_B,"THR_146_B,GLU_148_B,LEU_151_B"
GLU_148_B,"GLU_147_B,ILE_149_B,LEU_151_B"
ILE_149_B,"THR_146_B,GLU_148_B,ALA_150_B"
ALA_150_B,"THR_146_B,ILE_149_B,LEU_151_B"
LEU_151_B,"PHE_129_B,VAL_132_B,GLU_147_B,GLU_148_B,ALA_150_B,LYS_152_B"
LYS_152_B,"LEU_151_B,PHE_153_B,TRP_156_B"
PHE_153_B,"LYS_152_B,LEU_154_B,PHE_157_B"
LEU_154_B,"PHE_153_B,PHE_158_B"
TRP_156_B,"LYS_152_B,PHE_157_B,GLY_160_B"
PHE_157_B,"PHE_153_B,TRP_156_B,PHE_158_B,GLY_160_B,PHE_161_B,LEU_191_B"
PHE_158_B,"TRP_85_B,PHE_128_B,LEU_154_B,PHE_157_B,SER_159_B"
SER_159_B,"PHE_158_B,GLY_160_B"
GLY_160_B,"TRP_156_B,PHE_157_B,SER_159_B,PHE_161_B,VAL_164_B"
PHE_161_B,"PHE_157_B,GLY_160_B,GLU_162_B,VAL_164_B,TYR_165_B"
GLU_162_B,"PHE_161_B,GLU_163_B,LEU_166_B"
GLU_163_B,"GLU_162_B,VAL_164_B"
VAL_164_B,"GLY_160_B,PHE_161_B,GLU_163_B,TYR_165_B,THR_168_B"
TYR_165_B,"LEU_90_B,PHE_161_B,VAL_164_B,LEU_166_B,ARG_167_B,THR_168_B,TYR_169_B"
LEU_166_B,"GLU_162_B,TYR_165_B,ARG_167_B"
ARG_167_B,"TYR_165_B,LEU_166_B,THR_168_B"
THR_168_B,"VAL_164_B,TYR_165_B,ARG_167_B,TYR_169_B"
TYR_169_B,"TYR_165_B,THR_168_B,GLN_170_B,ASP_179_B"
GLN_170_B,"TYR_169_B,GLY_171_B"
GLY_171_B,"GLN_170_B,LYS_172_B"
LYS_172_B,"GLY_171_B,LEU_175_B"
PRO_173_B,"GLU_174_B,LEU_176_B,LYS_177_B"
GLU_174_B,"PRO_173_B,LEU_175_B"
LEU_175_B,"LYS_172_B,GLU_174_B,LEU_176_B"
LEU_176_B,"PRO_173_B,LEU_175_B,LYS_177_B,ASP_179_B"
LYS_177_B,"PRO_173_B,LEU_176_B,ARG_178_B"
ARG_178_B,"LYS_177_B,ASP_179_B"
ASP_179_B,"TYR_169_B,LEU_176_B,ARG_178_B,ASN_181_B"
ASN_181_B,"ASP_179_B,THR_182_B"
THR_182_B,"ASN_181_B,LEU_183_B,GLU_185_B,GLU_186_B"
LEU_183_B,"THR_182_B,VAL_184_B,GLU_186_B,VAL_187_B"
VAL_184_B,"LEU_183_B,GLU_185_B"
GLU_185_B,"THR_182_B,VAL_184_B,GLU_186_B,VAL_187_B,LYS_188_B,VAL_189_B"
GLU_186_B,"THR_182_B,LEU_183_B,GLU_185_B,VAL_187_B"
VAL_187_B,"LEU_183_B,GLU_185_B,GLU_186_B,LYS_188_B,LEU_191_B"
LYS_188_B,"GLU_185_B,VAL_187_B,VAL_189_B,ARG_192_B"
VAL_189_B,"GLU_185_B,LYS_188_B,ILE_193_B"
LEU_191_B,"PHE_157_B,VAL_187_B,ARG_192_B,LEU_194_B,LYS_195_B"
ARG_192_B,"LYS_188_B,LEU_191_B,ILE_193_B"
ILE_193_B,"VAL_189_B,ARG_192_B,LEU_194_B"
LEU_194_B,"LEU_191_B,ILE_193_B,LYS_195_B,GLY_197_B"
LYS_195_B,"LEU_191_B,LEU_194_B,LYS_196_B,THR_199_B"
LYS_196_B,"LYS_195_B,GLY_197_B"
GLY_197_B,"LEU_194_B,LYS_196_B"
THR_199_B,"LYS_195_B,LYS_200_B"
LYS_200_B,THR_199_B
