residue_id,neighbors
HIS_-3_A,HIS_-2_A
HIS_-2_A,"HIS_-3_A,HIS_-1_A"
HIS_-1_A,"HIS_-2_A,HIS_0_A"
HIS_0_A,"HIS_-1_A,MET_1_A,ASP_81_A,GLU_82_A,GLN_85_A"
MET_1_A,"HIS_0_A,LEU_2_A"
LEU_2_A,"MET_1_A,LYS_3_A,ALA_32_A,ALA_86_A"
LYS_3_A,"LEU_2_A,GLU_4_A,TYR_6_A,THR_33_A"
GLU_4_A,"LYS_3_A,THR_5_A"
THR_5_A,"GLU_4_A,TYR_6_A"
TYR_6_A,"LYS_3_A,THR_5_A,ARG_34_A,VAL_35_A,ALA_36_A,LEU_187_A"
PRO_7_A,"TYR_8_A,ALA_14_A"
TYR_8_A,"PRO_7_A,TYR_9_A,VAL_15_A,ALA_17_A,ALA_36_A,LEU_206_A"
TYR_9_A,"TYR_8_A,LEU_10_A,ALA_14_A,ILE_205_A"
LEU_10_A,"TYR_9_A,ALA_11_A,GLU_13_A,ALA_46_A"
ALA_11_A,"LEU_10_A,ASN_12_A,SER_204_A"
ASN_12_A,"ALA_11_A,GLU_13_A,LYS_200_A,GLY_201_A,PHE_203_A"
GLU_13_A,"LEU_10_A,ASN_12_A,ALA_14_A,LYS_200_A"
ALA_14_A,"PRO_7_A,TYR_9_A,GLU_13_A,VAL_15_A"
VAL_15_A,"TYR_8_A,ALA_14_A,TYR_16_A"
TYR_16_A,"VAL_15_A,ALA_17_A"
ALA_17_A,"TYR_8_A,TYR_16_A,ASN_18_A"
ASN_18_A,"ALA_17_A,ALA_19_A,GLU_20_A,LEU_37_A"
ALA_19_A,"ASN_18_A,GLU_20_A"
GLU_20_A,"ASN_18_A,ALA_19_A,LEU_21_A"
LEU_21_A,"GLU_20_A,GLU_22_A,VAL_35_A,PRO_207_A"
GLU_22_A,"LEU_21_A,VAL_23_A,ARG_34_A"
VAL_23_A,"GLU_22_A,THR_24_A,ALA_32_A,THR_33_A,PRO_183_A"
THR_24_A,"VAL_23_A,ASP_25_A,LYS_26_A"
ASP_25_A,"THR_24_A,LYS_26_A,TYR_27_A,GLY_29_A,LYS_30_A,ILE_89_A,LYS_318_A"
LYS_26_A,"THR_24_A,ASP_25_A,TYR_27_A,GLU_90_A,ARG_181_A"
TYR_27_A,"ASP_25_A,LYS_26_A,THR_28_A,ASP_316_A"
THR_28_A,"TYR_27_A,GLY_29_A"
GLY_29_A,"ASP_25_A,THR_28_A,LYS_30_A"
LYS_30_A,"ASP_25_A,GLY_29_A,VAL_31_A"
VAL_31_A,"LYS_30_A,ALA_32_A"
ALA_32_A,"LEU_2_A,VAL_23_A,VAL_31_A,THR_33_A,ILE_89_A"
THR_33_A,"LYS_3_A,VAL_23_A,ALA_32_A,ARG_34_A,ILE_184_A"
ARG_34_A,"TYR_6_A,GLU_22_A,THR_33_A,VAL_35_A"
VAL_35_A,"TYR_6_A,LEU_21_A,ARG_34_A,ALA_36_A"
ALA_36_A,"TYR_6_A,TYR_8_A,VAL_35_A,LEU_37_A"
LEU_37_A,"ASN_18_A,ALA_36_A,ALA_38_A"
ALA_38_A,"LEU_37_A,ASP_39_A,LEU_206_A,PRO_207_A"
ASP_39_A,"ALA_38_A,ALA_40_A,ILE_43_A"
ALA_40_A,"ASP_39_A,SER_41_A,ASP_44_A"
SER_41_A,"ALA_40_A,ALA_42_A"
ALA_42_A,"SER_41_A,ILE_43_A,ALA_46_A"
ILE_43_A,"ASP_39_A,ALA_42_A,ASP_44_A,ILE_47_A,LEU_215_A,PHE_216_A"
ASP_44_A,"ALA_40_A,ILE_43_A,ALA_45_A,ALA_48_A,ASP_219_A,ARG_221_A"
ALA_45_A,"ASP_44_A,ALA_46_A,ALA_49_A"
ALA_46_A,"LEU_10_A,ALA_42_A,ALA_45_A,ILE_47_A,ALA_50_A,LEU_206_A"
ILE_47_A,"ILE_43_A,ALA_46_A,ALA_48_A,ASP_219_A,ARG_221_A,PHE_222_A"
ALA_48_A,"ASP_44_A,ILE_47_A,ALA_49_A"
ALA_49_A,"ALA_45_A,ALA_48_A,ALA_50_A"
ALA_50_A,"ALA_46_A,ALA_49_A,VAL_51_A"
VAL_51_A,"ALA_50_A,GLY_52_A"
GLY_52_A,"VAL_51_A,ALA_53_A"
ALA_53_A,"GLY_52_A,GLN_54_A,LEU_57_A"
GLN_54_A,"ALA_53_A,LYS_55_A,ARG_58_A"
LYS_55_A,GLN_54_A
PRO_56_A,"LEU_57_A,PRO_199_A"
LEU_57_A,"ALA_53_A,PRO_56_A,ARG_58_A,LEU_198_A"
ARG_58_A,"GLN_54_A,LEU_57_A,ALA_59_A,LYS_140_A,ARG_470_A"
ALA_59_A,"ARG_58_A,LEU_60_A"
LEU_60_A,ALA_59_A
PRO_61_A,"ALA_62_A,PHE_63_A,ARG_64_A"
ALA_62_A,"PRO_61_A,PHE_63_A,GLN_66_A"
PHE_63_A,"PRO_61_A,ALA_62_A,ARG_64_A"
ARG_64_A,"PRO_61_A,PHE_63_A,ARG_65_A,ASP_197_A"
ARG_65_A,"ARG_64_A,GLN_66_A"
GLN_66_A,"ALA_62_A,ARG_65_A,ALA_67_A,GLU_70_A"
ALA_67_A,"GLN_66_A,ILE_68_A,HIS_71_A"
ILE_68_A,"ALA_67_A,LEU_69_A,LEU_198_A"
LEU_69_A,"ILE_68_A,GLU_70_A,PHE_109_A,LEU_168_A"
GLU_70_A,"GLN_66_A,LEU_69_A,HIS_71_A,ALA_74_A"
HIS_71_A,"ALA_67_A,GLU_70_A,CYS_72_A,ARG_75_A,GLU_195_A"
CYS_72_A,"HIS_71_A,VAL_73_A,PHE_76_A,PHE_109_A"
VAL_73_A,"CYS_72_A,ALA_74_A,PHE_109_A"
ALA_74_A,"GLU_70_A,VAL_73_A,ARG_75_A"
ARG_75_A,"HIS_71_A,ALA_74_A,PHE_76_A,GLU_78_A,ARG_79_A,GLU_191_A,VAL_192_A,GLU_195_A"
PHE_76_A,"CYS_72_A,ARG_75_A,ARG_77_A,PHE_109_A"
ARG_77_A,"PHE_76_A,GLU_78_A,ARG_110_A"
GLU_78_A,"ARG_75_A,ARG_77_A,ARG_79_A"
ARG_79_A,"ARG_75_A,GLU_78_A,PHE_80_A,GLU_82_A,LEU_83_A,GLU_191_A,GLU_195_A"
PHE_80_A,"ARG_79_A,ASP_81_A,ALA_84_A,VAL_102_A"
ASP_81_A,"HIS_0_A,PHE_80_A,GLU_82_A,GLN_85_A,LYS_99_A"
GLU_82_A,"HIS_0_A,ARG_79_A,ASP_81_A,LEU_83_A,GLU_191_A"
LEU_83_A,"ARG_79_A,GLU_82_A,ALA_84_A,LEU_87_A,ILE_188_A"
ALA_84_A,"PHE_80_A,LEU_83_A,GLN_85_A,CYS_88_A"
GLN_85_A,"HIS_0_A,ASP_81_A,ALA_84_A,ALA_86_A"
ALA_86_A,"LEU_2_A,GLN_85_A,LEU_87_A,GLU_90_A"
LEU_87_A,"LEU_83_A,ALA_86_A,CYS_88_A,ALA_91_A,GLU_101_A,PRO_156_A"
CYS_88_A,"ALA_84_A,LEU_87_A,ILE_89_A,GLY_92_A"
ILE_89_A,"ASP_25_A,ALA_32_A,CYS_88_A,GLU_90_A"
GLU_90_A,"LYS_26_A,ALA_86_A,ILE_89_A,ALA_91_A,ILE_184_A"
ALA_91_A,"LEU_87_A,GLU_90_A,GLY_92_A"
GLY_92_A,"CYS_88_A,ALA_91_A,LYS_93_A"
LYS_93_A,"GLY_92_A,SER_98_A,GLU_101_A"
PRO_94_A,"ILE_95_A,ASP_97_A,SER_98_A"
ILE_95_A,"PRO_94_A,ASN_96_A,LYS_99_A,PRO_317_A"
ASN_96_A,"ILE_95_A,ASP_97_A,PRO_320_A"
ASP_97_A,"PRO_94_A,ASN_96_A,SER_98_A,GLU_101_A,TYR_279_A"
SER_98_A,"LYS_93_A,PRO_94_A,ASP_97_A,LYS_99_A"
LYS_99_A,"ASP_81_A,ILE_95_A,SER_98_A,GLY_100_A"
GLY_100_A,"LYS_99_A,GLU_101_A"
GLU_101_A,"LEU_87_A,LYS_93_A,ASP_97_A,GLY_100_A,VAL_102_A,LEU_105_A,LEU_157_A,ASN_158_A"
VAL_102_A,"PHE_80_A,GLU_101_A,THR_103_A,LEU_157_A"
THR_103_A,"VAL_102_A,ARG_104_A,ASP_107_A"
ARG_104_A,"THR_103_A,LEU_105_A,ASP_107_A,THR_108_A,HIS_162_A,ARG_440_A,ASP_442_A"
LEU_105_A,"GLU_101_A,ARG_104_A,ILE_106_A,PHE_109_A,ALA_161_A"
ILE_106_A,"LEU_105_A,ASP_107_A,ARG_110_A"
ASP_107_A,"THR_103_A,ARG_104_A,ILE_106_A,THR_108_A,ARG_110_A,VAL_111_A,ASP_442_A"
THR_108_A,"ARG_104_A,ASP_107_A,PHE_109_A,ASN_158_A,ILE_459_A"
PHE_109_A,"LEU_69_A,CYS_72_A,VAL_73_A,PHE_76_A,LEU_105_A,THR_108_A,ARG_110_A,ALA_113_A,ALA_161_A"
ARG_110_A,"ARG_77_A,ILE_106_A,ASP_107_A,PHE_109_A,VAL_111_A,GLU_114_A"
VAL_111_A,"ASP_107_A,ARG_110_A,ALA_112_A,GLU_115_A,ILE_459_A"
ALA_112_A,"VAL_111_A,ALA_113_A,SER_116_A,ALA_165_A"
ALA_113_A,"PHE_109_A,ALA_112_A,GLU_114_A,SER_116_A"
GLU_114_A,"ARG_110_A,ALA_113_A,GLU_115_A,ARG_118_A"
GLU_115_A,"VAL_111_A,GLU_114_A,SER_116_A,ARG_118_A,ILE_459_A,ARG_460_A"
SER_116_A,"ALA_112_A,ALA_113_A,GLU_115_A,VAL_117_A"
VAL_117_A,"SER_116_A,ARG_118_A"
ARG_118_A,"GLU_114_A,GLU_115_A,VAL_117_A,ILE_119_A"
ILE_119_A,"ARG_118_A,GLU_120_A"
GLU_120_A,"ILE_119_A,GLY_121_A"
GLY_121_A,"GLU_120_A,GLY_122_A"
GLY_122_A,"GLY_121_A,LEU_123_A,TYR_139_A"
LEU_123_A,"GLY_122_A,VAL_124_A,TYR_138_A"
VAL_124_A,"LEU_123_A,ASN_125_A,LEU_126_A,GLY_137_A,TYR_139_A"
ASN_125_A,"VAL_124_A,LEU_126_A"
LEU_126_A,"VAL_124_A,ASN_125_A,GLU_127_A,ILE_128_A,VAL_473_A"
GLU_127_A,"LEU_126_A,ILE_128_A,GLY_134_A"
ILE_128_A,"LEU_126_A,GLU_127_A,SER_129_A"
SER_129_A,"ILE_128_A,ALA_132_A"
PRO_130_A,ARG_131_A
ARG_131_A,"PRO_130_A,ALA_132_A"
ALA_132_A,"SER_129_A,ARG_131_A,GLN_133_A"
GLN_133_A,"ALA_132_A,GLY_134_A"
GLY_134_A,"GLU_127_A,GLN_133_A,TYR_135_A,ARG_476_A"
TYR_135_A,"GLY_134_A,SER_136_A,VAL_473_A"
SER_136_A,"TYR_135_A,GLY_137_A,VAL_474_A"
GLY_137_A,"VAL_124_A,SER_136_A,TYR_138_A"
TYR_138_A,"LEU_123_A,GLY_137_A,TYR_139_A,MET_472_A"
TYR_139_A,"GLY_122_A,VAL_124_A,TYR_138_A,LYS_140_A,LEU_469_A"
LYS_140_A,"ARG_58_A,TYR_139_A,ARG_141_A,ARG_470_A"
ARG_141_A,"LYS_140_A,VAL_142_A,GLU_464_A,THR_467_A"
VAL_142_A,"ARG_141_A,GLU_468_A"
PRO_143_A,ILE_144_A
ILE_144_A,"PRO_143_A,GLY_145_A,MET_466_A"
GLY_145_A,ILE_144_A
PRO_146_A,"CYS_147_A,LYS_223_A"
CYS_147_A,"PRO_146_A,SER_148_A,PHE_149_A,PRO_173_A,VAL_175_A"
SER_148_A,"CYS_147_A,PHE_149_A,PHE_216_A,LEU_224_A,SER_226_A"
PHE_149_A,"CYS_147_A,SER_148_A,ILE_150_A,LYS_163_A,ALA_167_A,PHE_174_A,VAL_175_A,LEU_176_A,LYS_177_A,MET_466_A"
ILE_150_A,"PHE_149_A,SER_151_A,PHE_227_A,THR_228_A"
SER_151_A,ILE_150_A
PRO_152_A,"PHE_153_A,LEU_159_A"
PHE_153_A,"PRO_152_A,ASN_154_A,ILE_328_A,PHE_381_A"
ASN_154_A,"PHE_153_A,PHE_155_A,GLN_280_A,GLN_283_A"
PHE_155_A,"ASN_154_A,LEU_159_A,TYR_279_A"
PRO_156_A,"LEU_87_A,LEU_157_A"
LEU_157_A,"GLU_101_A,VAL_102_A,PRO_156_A,ASN_158_A,ALA_161_A"
ASN_158_A,"GLU_101_A,THR_108_A,LEU_157_A,LEU_159_A,ASP_442_A"
LEU_159_A,"PRO_152_A,PHE_155_A,ASN_158_A,ALA_160_A"
ALA_160_A,"LEU_159_A,ALA_161_A,VAL_164_A"
ALA_161_A,"LEU_105_A,PHE_109_A,LEU_157_A,ALA_160_A,HIS_162_A,ALA_165_A"
HIS_162_A,"ARG_104_A,ALA_161_A,LYS_163_A,ARG_440_A,ASP_442_A,GLU_457_A"
LYS_163_A,"PHE_149_A,HIS_162_A,VAL_164_A,SER_226_A,THR_228_A,GLU_457_A"
VAL_164_A,"ALA_160_A,LYS_163_A,ALA_165_A,LEU_168_A,PHE_174_A"
ALA_165_A,"ALA_112_A,ALA_161_A,VAL_164_A,ALA_169_A"
PRO_166_A,"ALA_167_A,ALA_170_A,ILE_459_A,ALA_462_A"
ALA_167_A,"PHE_149_A,PRO_166_A,LEU_168_A,GLY_171_A,CYS_172_A,PHE_174_A"
LEU_168_A,"LEU_69_A,VAL_164_A,ALA_167_A,ALA_169_A,LEU_193_A,LEU_198_A"
ALA_169_A,"ALA_165_A,LEU_168_A,ALA_170_A,ILE_463_A"
ALA_170_A,"PRO_166_A,ALA_169_A,GLY_171_A,THR_467_A"
GLY_171_A,"ALA_167_A,ALA_170_A,CYS_172_A"
CYS_172_A,"ALA_167_A,GLY_171_A"
PRO_173_A,"CYS_147_A,PHE_174_A"
PHE_174_A,"PHE_149_A,VAL_164_A,ALA_167_A,PRO_173_A,VAL_175_A,ALA_202_A,PHE_203_A"
VAL_175_A,"CYS_147_A,PHE_149_A,PHE_174_A,LEU_176_A,PHE_216_A"
LEU_176_A,"PHE_149_A,VAL_175_A,LYS_177_A,SER_204_A,LEU_206_A"
LYS_177_A,"PHE_149_A,LEU_176_A,PRO_178_A,ALA_208_A,ALA_213_A,PHE_216_A"
PRO_178_A,"LYS_177_A,ALA_179_A,ALA_186_A"
ALA_179_A,"PRO_178_A,SER_180_A,THR_182_A"
SER_180_A,"ALA_179_A,ARG_181_A"
ARG_181_A,"LYS_26_A,SER_180_A,THR_182_A,ARG_210_A"
THR_182_A,"ALA_179_A,ARG_181_A"
PRO_183_A,"VAL_23_A,ILE_184_A"
ILE_184_A,"THR_33_A,GLU_90_A,PRO_183_A,GLY_185_A,ILE_188_A"
GLY_185_A,"ILE_184_A,ALA_186_A,ILE_189_A"
ALA_186_A,"PRO_178_A,GLY_185_A,LEU_187_A,GLY_190_A"
LEU_187_A,"TYR_6_A,ALA_186_A,ILE_188_A,GLU_191_A"
ILE_188_A,"LEU_83_A,ILE_184_A,LEU_187_A,ILE_189_A"
ILE_189_A,"GLY_185_A,ILE_188_A,GLY_190_A,LEU_193_A"
GLY_190_A,"ALA_186_A,ILE_189_A,GLU_191_A,ALA_194_A"
GLU_191_A,"ARG_75_A,ARG_79_A,GLU_82_A,LEU_187_A,GLY_190_A,VAL_192_A,GLU_195_A"
VAL_192_A,"ARG_75_A,GLU_191_A,LEU_193_A"
LEU_193_A,"LEU_168_A,ILE_189_A,VAL_192_A,ALA_194_A,THR_196_A,PHE_203_A"
ALA_194_A,"GLY_190_A,LEU_193_A,GLU_195_A"
GLU_195_A,"HIS_71_A,ARG_75_A,ARG_79_A,GLU_191_A,ALA_194_A,THR_196_A"
THR_196_A,"LEU_193_A,GLU_195_A,ASP_197_A"
ASP_197_A,"ARG_64_A,THR_196_A,LEU_198_A"
LEU_198_A,"LEU_57_A,ILE_68_A,LEU_168_A,ASP_197_A"
PRO_199_A,"PRO_56_A,LYS_200_A"
LYS_200_A,"ASN_12_A,GLU_13_A,PRO_199_A,GLY_201_A"
GLY_201_A,"ASN_12_A,LYS_200_A,ALA_202_A"
ALA_202_A,"PHE_174_A,GLY_201_A,PHE_203_A"
PHE_203_A,"ASN_12_A,PHE_174_A,LEU_193_A,ALA_202_A,SER_204_A"
SER_204_A,"ALA_11_A,LEU_176_A,PHE_203_A,ILE_205_A"
ILE_205_A,"TYR_9_A,SER_204_A,LEU_206_A"
LEU_206_A,"TYR_8_A,ALA_38_A,ALA_46_A,LEU_176_A,ILE_205_A"
PRO_207_A,"LEU_21_A,ALA_38_A,ALA_208_A"
ALA_208_A,"LYS_177_A,PRO_207_A,HIS_209_A"
HIS_209_A,"ALA_208_A,ARG_210_A,ASP_211_A,GLY_212_A"
ARG_210_A,"ARG_181_A,HIS_209_A,ASP_211_A,GLY_212_A"
ASP_211_A,"HIS_209_A,ARG_210_A,GLY_212_A"
GLY_212_A,"HIS_209_A,ARG_210_A,ASP_211_A,ALA_213_A"
ALA_213_A,"LYS_177_A,GLY_212_A,ASP_214_A"
ASP_214_A,"ALA_213_A,LEU_215_A,THR_217_A,THR_218_A"
LEU_215_A,"ILE_43_A,ASP_214_A,PHE_216_A"
PHE_216_A,"ILE_43_A,SER_148_A,VAL_175_A,LYS_177_A,LEU_215_A,THR_217_A"
THR_217_A,"ASP_214_A,PHE_216_A,THR_218_A,LYS_244_A"
THR_218_A,"ASP_214_A,THR_217_A,ASP_219_A"
ASP_219_A,"ASP_44_A,ILE_47_A,THR_218_A,GLU_220_A,ARG_221_A,LYS_244_A"
GLU_220_A,"ASP_219_A,ARG_221_A,LYS_243_A"
ARG_221_A,"ASP_44_A,ILE_47_A,ASP_219_A,GLU_220_A,PHE_222_A"
PHE_222_A,"ILE_47_A,ARG_221_A,LYS_223_A"
LYS_223_A,"PRO_146_A,PHE_222_A,LEU_224_A"
LEU_224_A,"SER_148_A,LYS_223_A,LEU_225_A,MET_466_A"
LEU_225_A,"LEU_224_A,SER_226_A,LYS_244_A,LYS_245_A,VAL_247_A"
SER_226_A,"SER_148_A,LYS_163_A,LEU_225_A,PHE_227_A"
PHE_227_A,"ILE_150_A,SER_226_A,THR_228_A,VAL_233_A,LEU_237_A,VAL_247_A,GLU_249_A,LEU_250_A"
THR_228_A,"ILE_150_A,LYS_163_A,PHE_227_A,GLY_229_A"
GLY_229_A,"THR_228_A,SER_230_A,GLU_249_A"
SER_230_A,"GLY_229_A,GLY_234_A"
PRO_231_A,THR_232_A
THR_232_A,"PRO_231_A,VAL_233_A"
VAL_233_A,"PHE_227_A,THR_232_A,GLY_234_A,LEU_237_A"
GLY_234_A,"SER_230_A,VAL_233_A,TRP_235_A"
TRP_235_A,"GLY_234_A,GLU_236_A,LEU_248_A"
GLU_236_A,"TRP_235_A,LEU_237_A,LYS_239_A"
LEU_237_A,"PHE_227_A,VAL_233_A,GLU_236_A,LYS_238_A,LYS_240_A"
LYS_238_A,"LEU_237_A,LYS_239_A"
LYS_239_A,"GLU_236_A,LYS_238_A,LYS_240_A"
LYS_240_A,"LEU_237_A,LYS_239_A,ALA_241_A"
ALA_241_A,"LYS_240_A,GLY_242_A,LYS_244_A,VAL_246_A"
GLY_242_A,"ALA_241_A,LYS_243_A"
LYS_243_A,"GLU_220_A,GLY_242_A,LYS_244_A"
LYS_244_A,"THR_217_A,ASP_219_A,LEU_225_A,ALA_241_A,LYS_243_A,LYS_245_A"
LYS_245_A,"LEU_225_A,LYS_244_A,VAL_246_A,ASP_465_A"
VAL_246_A,"ALA_241_A,LYS_245_A,VAL_247_A,LEU_248_A"
VAL_247_A,"LEU_225_A,PHE_227_A,VAL_246_A,LEU_248_A"
LEU_248_A,"TRP_235_A,VAL_246_A,VAL_247_A,GLU_249_A,LEU_454_A"
GLU_249_A,"PHE_227_A,GLY_229_A,LEU_248_A,LEU_250_A,ARG_440_A,GLU_457_A"
LEU_250_A,"PHE_227_A,GLU_249_A,GLY_251_A"
GLY_251_A,"LEU_250_A,GLY_252_A,SER_452_A"
GLY_252_A,"GLY_251_A,ASN_253_A"
ASN_253_A,"GLY_252_A,ALA_254_A,ARG_290_A,TYR_376_A,SER_403_A"
ALA_254_A,"ASN_253_A,ALA_255_A,GLN_289_A,PRO_437_A"
ALA_255_A,"ALA_254_A,ALA_256_A,GLY_410_A"
ALA_256_A,"ALA_255_A,ILE_257_A,LEU_273_A,ARG_290_A,ILE_292_A"
ILE_257_A,"ALA_256_A,VAL_258_A,VAL_400_A,GLY_410_A,PHE_412_A"
VAL_258_A,"ILE_257_A,ASP_259_A,VAL_269_A,ILE_292_A,HIS_294_A"
ASP_259_A,"VAL_258_A,ALA_260_A,ASP_261_A,HIS_294_A,PHE_412_A,THR_413_A,HIS_418_A"
ALA_260_A,"ASP_259_A,ASP_261_A"
ASP_261_A,"ASP_259_A,ALA_260_A,GLN_262_A,ASP_414_A"
GLN_262_A,"ASP_261_A,ARG_263_A,VAL_265_A"
ARG_263_A,"GLN_262_A,GLU_264_A"
GLU_264_A,"ARG_263_A,VAL_265_A"
VAL_265_A,"GLN_262_A,GLU_264_A,LEU_266_A"
LEU_266_A,"VAL_265_A,ASP_267_A,VAL_270_A,ALA_300_A"
ASP_267_A,"LEU_266_A,TYR_268_A,LYS_304_A"
TYR_268_A,"ASP_267_A,VAL_269_A,ARG_272_A,PHE_412_A,ASN_434_A"
VAL_269_A,"VAL_258_A,TYR_268_A,VAL_270_A,LEU_273_A,PHE_412_A"
VAL_270_A,"LEU_266_A,VAL_269_A,GLU_271_A,ALA_274_A,LEU_301_A,LYS_304_A,LEU_305_A,LYS_308_A"
GLU_271_A,"VAL_270_A,ARG_272_A,PHE_275_A,LYS_308_A"
ARG_272_A,"TYR_268_A,GLU_271_A,LEU_273_A,GLY_276_A,ASP_435_A"
LEU_273_A,"ALA_256_A,VAL_269_A,ARG_272_A,ALA_274_A,ALA_277_A"
ALA_274_A,"VAL_270_A,LEU_273_A,PHE_275_A,LYS_308_A"
PHE_275_A,"GLU_271_A,ALA_274_A,GLY_276_A,TYR_279_A"
GLY_276_A,"ARG_272_A,PHE_275_A,ALA_277_A,VAL_288_A"
ALA_277_A,"LEU_273_A,GLY_276_A,TYR_278_A"
TYR_278_A,"ALA_277_A,TYR_279_A,SER_281_A,LEU_312_A,ALA_363_A,THR_364_A"
TYR_279_A,"ASP_97_A,PHE_155_A,PHE_275_A,TYR_278_A,GLN_280_A,GLY_282_A"
GLN_280_A,"ASN_154_A,TYR_279_A,SER_281_A,GLN_283_A"
SER_281_A,"TYR_278_A,GLN_280_A,GLY_282_A,GLY_325_A"
GLY_282_A,"TYR_279_A,SER_281_A,GLN_283_A,SER_284_A"
GLN_283_A,"ASN_154_A,GLN_280_A,GLY_282_A,SER_284_A,ILE_328_A,PHE_381_A"
SER_284_A,"GLY_282_A,GLN_283_A,CYS_285_A"
CYS_285_A,"SER_284_A,ILE_286_A"
ILE_286_A,"CYS_285_A,GLY_287_A,SER_438_A"
GLY_287_A,"ILE_286_A,VAL_288_A"
VAL_288_A,"GLY_276_A,GLY_287_A,GLN_289_A,ILE_291_A,VAL_436_A"
GLN_289_A,"ALA_254_A,VAL_288_A,ARG_290_A,LEU_375_A,LYS_378_A,ALA_380_A,LEU_386_A"
ARG_290_A,"ASN_253_A,ALA_256_A,GLN_289_A,ILE_291_A,GLU_388_A,ARG_399_A,VAL_400_A,ASP_402_A"
ILE_291_A,"VAL_288_A,ARG_290_A,ILE_292_A,LEU_305_A,LEU_386_A,GLU_388_A"
ILE_292_A,"ALA_256_A,VAL_258_A,ILE_291_A,ALA_293_A,GLU_388_A,PHE_390_A,VAL_400_A"
ALA_293_A,"ILE_292_A,HIS_294_A,LEU_301_A,GLU_388_A"
HIS_294_A,"VAL_258_A,ASP_259_A,ALA_293_A,ALA_295_A,ASP_296_A,VAL_297_A,TYR_298_A,SER_391_A"
ALA_295_A,"HIS_294_A,ASP_296_A,PHE_390_A"
ASP_296_A,"HIS_294_A,ALA_295_A,VAL_297_A"
VAL_297_A,"HIS_294_A,ASP_296_A,TYR_298_A,LEU_301_A"
TYR_298_A,"HIS_294_A,VAL_297_A,ASP_299_A,ARG_302_A,GLU_367_A,LEU_387_A,ARG_389_A"
ASP_299_A,"TYR_298_A,ALA_300_A,ARG_389_A"
ALA_300_A,"LEU_266_A,ASP_299_A,LEU_301_A"
LEU_301_A,"VAL_270_A,ALA_293_A,VAL_297_A,ALA_300_A,ARG_302_A,LEU_305_A"
ARG_302_A,"TYR_298_A,LEU_301_A,GLU_303_A,ILE_306_A,GLU_367_A"
GLU_303_A,"ARG_302_A,LYS_304_A"
LYS_304_A,"ASP_267_A,VAL_270_A,GLU_303_A,LEU_305_A,LYS_308_A"
LEU_305_A,"VAL_270_A,ILE_291_A,LEU_301_A,LYS_304_A,ILE_306_A,THR_309_A"
ILE_306_A,"ARG_302_A,LEU_305_A,ALA_307_A,ARG_310_A"
ALA_307_A,"ILE_306_A,LYS_308_A"
LYS_308_A,"VAL_270_A,GLU_271_A,ALA_274_A,LYS_304_A,ALA_307_A,THR_309_A,SER_311_A"
THR_309_A,"LEU_305_A,LYS_308_A,ARG_310_A,ALA_352_A"
ARG_310_A,"ILE_306_A,THR_309_A,SER_311_A"
SER_311_A,"LYS_308_A,ARG_310_A,LEU_312_A"
LEU_312_A,"TYR_278_A,SER_311_A,LYS_313_A"
LYS_313_A,"LEU_312_A,MET_314_A,ASP_319_A,PHE_323_A,VAL_324_A"
MET_314_A,"LYS_313_A,GLY_315_A,MET_360_A"
GLY_315_A,"MET_314_A,ASP_316_A"
ASP_316_A,"TYR_27_A,GLY_315_A,LYS_318_A,ASP_319_A,THR_322_A"
PRO_317_A,"ILE_95_A,LYS_318_A"
LYS_318_A,"ASP_25_A,ASP_316_A,PRO_317_A,ASP_319_A"
ASP_319_A,"LYS_313_A,ASP_316_A,LYS_318_A,THR_322_A"
PRO_320_A,"ASN_96_A,ALA_321_A"
ALA_321_A,"PRO_320_A,THR_322_A"
THR_322_A,"ASP_316_A,ASP_319_A,ALA_321_A,PHE_323_A"
PHE_323_A,"LYS_313_A,THR_322_A,VAL_324_A"
VAL_324_A,"LYS_313_A,PHE_323_A,GLY_325_A"
GLY_325_A,"SER_281_A,VAL_324_A"
PRO_326_A,MET_327_A
MET_327_A,"PRO_326_A,ILE_328_A,SER_329_A,ALA_359_A"
ILE_328_A,"PHE_153_A,GLN_283_A,MET_327_A,SER_329_A"
SER_329_A,"MET_327_A,ILE_328_A,GLU_330_A"
GLU_330_A,"SER_329_A,SER_331_A,ARG_334_A"
SER_331_A,"GLU_330_A,GLU_332_A,ARG_335_A"
GLU_332_A,"SER_331_A,ALA_333_A,ARG_335_A"
ALA_333_A,"GLU_332_A,ARG_334_A,ALA_337_A"
ARG_334_A,"GLU_330_A,ALA_333_A,ARG_335_A,GLY_338_A"
ARG_335_A,"SER_331_A,GLU_332_A,ARG_334_A,LEU_336_A,TRP_339_A,ALA_380_A"
LEU_336_A,"ARG_335_A,ALA_337_A,MET_340_A,PHE_361_A,LEU_375_A,VAL_384_A"
ALA_337_A,"ALA_333_A,LEU_336_A,GLY_338_A,GLU_341_A"
GLY_338_A,"ARG_334_A,ALA_337_A,TRP_339_A,ALA_342_A"
TRP_339_A,"ARG_335_A,GLY_338_A,MET_340_A,ALA_343_A,LYS_378_A"
MET_340_A,"LEU_336_A,TRP_339_A,GLU_341_A,VAL_344_A"
GLU_341_A,"ALA_337_A,MET_340_A,ALA_342_A,ALA_345_A"
ALA_342_A,"GLY_338_A,GLU_341_A,ALA_343_A"
ALA_343_A,"TRP_339_A,ALA_342_A,VAL_344_A"
VAL_344_A,"MET_340_A,ALA_343_A,ALA_345_A,GLY_347_A"
ALA_345_A,"GLU_341_A,VAL_344_A,ALA_346_A"
ALA_346_A,"ALA_345_A,GLY_347_A"
GLY_347_A,"VAL_344_A,ALA_346_A,ALA_348_A"
ALA_348_A,"GLY_347_A,LYS_349_A,VAL_369_A"
LYS_349_A,"ALA_348_A,ILE_350_A,GLU_367_A"
ILE_350_A,"LYS_349_A,VAL_351_A,LEU_366_A"
VAL_351_A,"ILE_350_A,ALA_352_A,LEU_365_A"
ALA_352_A,"THR_309_A,VAL_351_A,GLY_353_A,LEU_365_A"
GLY_353_A,"ALA_352_A,GLY_354_A"
GLY_354_A,"GLY_353_A,LYS_355_A,THR_364_A"
LYS_355_A,"GLY_354_A,VAL_356_A,GLU_362_A"
VAL_356_A,"LYS_355_A,ASP_357_A,PHE_361_A"
ASP_357_A,"VAL_356_A,GLY_358_A,MET_360_A"
GLY_358_A,"ASP_357_A,ALA_359_A"
ALA_359_A,"MET_327_A,GLY_358_A,MET_360_A"
MET_360_A,"MET_314_A,ASP_357_A,ALA_359_A,PHE_361_A"
PHE_361_A,"LEU_336_A,VAL_356_A,MET_360_A,GLU_362_A,PRO_383_A,VAL_384_A"
GLU_362_A,"LYS_355_A,PHE_361_A,ALA_363_A,THR_364_A"
ALA_363_A,"TYR_278_A,GLU_362_A,THR_364_A"
THR_364_A,"TYR_278_A,GLY_354_A,GLU_362_A,ALA_363_A,LEU_365_A,LEU_366_A,PRO_383_A"
LEU_365_A,"VAL_351_A,ALA_352_A,THR_364_A,LEU_366_A"
LEU_366_A,"ILE_350_A,THR_364_A,LEU_365_A,GLU_367_A,VAL_384_A,LEU_387_A"
GLU_367_A,"TYR_298_A,ARG_302_A,LYS_349_A,LEU_366_A,GLY_368_A"
GLY_368_A,"GLU_367_A,VAL_369_A"
VAL_369_A,"ALA_348_A,GLY_368_A,GLY_370_A"
GLY_370_A,"VAL_369_A,ARG_371_A"
ARG_371_A,"GLY_370_A,ASP_372_A,ARG_377_A,ASP_402_A"
ASP_372_A,"ARG_371_A,GLN_373_A"
GLN_373_A,"ASP_372_A,ASP_374_A,TYR_376_A"
ASP_374_A,"GLN_373_A,LEU_375_A,LYS_378_A"
LEU_375_A,"GLN_289_A,LEU_336_A,ASP_374_A,TYR_376_A,LEU_386_A"
TYR_376_A,"ASN_253_A,GLN_373_A,LEU_375_A,ARG_377_A,GLU_388_A"
ARG_377_A,"ARG_371_A,TYR_376_A,LYS_378_A,ASP_402_A,ASP_404_A"
LYS_378_A,"GLN_289_A,TRP_339_A,ASP_374_A,ARG_377_A,GLU_379_A"
GLU_379_A,"LYS_378_A,ALA_380_A"
ALA_380_A,"GLN_289_A,ARG_335_A,GLU_379_A,PHE_381_A"
PHE_381_A,"PHE_153_A,GLN_283_A,ALA_380_A,GLY_382_A"
GLY_382_A,"PHE_381_A,VAL_384_A"
PRO_383_A,"PHE_361_A,THR_364_A,VAL_384_A"
VAL_384_A,"LEU_336_A,PHE_361_A,LEU_366_A,GLY_382_A,PRO_383_A,ALA_385_A"
ALA_385_A,"VAL_384_A,LEU_386_A"
LEU_386_A,"GLN_289_A,ILE_291_A,LEU_375_A,ALA_385_A,LEU_387_A"
LEU_387_A,"TYR_298_A,LEU_366_A,LEU_386_A,GLU_388_A"
GLU_388_A,"ARG_290_A,ILE_291_A,ILE_292_A,ALA_293_A,TYR_376_A,LEU_387_A,ARG_389_A,ARG_399_A"
ARG_389_A,"TYR_298_A,ASP_299_A,GLU_388_A,PHE_390_A,ARG_399_A"
PHE_390_A,"ILE_292_A,ALA_295_A,ARG_389_A,SER_391_A,ALA_396_A"
SER_391_A,"HIS_294_A,PHE_390_A,ASP_392_A"
ASP_392_A,"SER_391_A,PHE_393_A,ASP_394_A,ASP_395_A,ARG_421_A"
PHE_393_A,"ASP_392_A,ASP_394_A,HIS_418_A"
ASP_394_A,"ASP_392_A,PHE_393_A,ASP_395_A,ALA_398_A,ARG_421_A,GLU_425_A"
ASP_395_A,"ASP_392_A,ASP_394_A,ALA_396_A,ARG_399_A"
ALA_396_A,"PHE_390_A,ASP_395_A,LEU_397_A"
LEU_397_A,"ALA_396_A,ALA_398_A,LEU_426_A"
ALA_398_A,"ASP_394_A,LEU_397_A,ARG_399_A,ASP_402_A"
ARG_399_A,"ARG_290_A,GLU_388_A,ARG_389_A,ASP_395_A,ALA_398_A,VAL_400_A"
VAL_400_A,"ILE_257_A,ARG_290_A,ILE_292_A,ARG_399_A,ASN_401_A,ALA_409_A,LEU_426_A"
ASN_401_A,"VAL_400_A,ASP_402_A,SER_403_A,GLU_425_A,GLU_427_A"
ASP_402_A,"ARG_290_A,ARG_371_A,ARG_377_A,ALA_398_A,ASN_401_A,SER_403_A"
SER_403_A,"ASN_253_A,ASN_401_A,ASP_402_A,ASP_404_A,PHE_405_A,LYS_450_A"
ASP_404_A,"ARG_377_A,SER_403_A,PHE_405_A,ASP_451_A"
PHE_405_A,"SER_403_A,ASP_404_A,GLY_406_A"
GLY_406_A,"PHE_405_A,LEU_407_A,VAL_449_A,SER_452_A"
LEU_407_A,"GLY_406_A,GLN_408_A,GLY_429_A,TYR_446_A"
GLN_408_A,"LEU_407_A,ALA_409_A,PRO_437_A"
ALA_409_A,"VAL_400_A,GLN_408_A,GLY_410_A,VAL_432_A"
GLY_410_A,"ALA_255_A,ILE_257_A,ALA_409_A,VAL_411_A"
VAL_411_A,"GLY_410_A,PHE_412_A,THR_413_A,VAL_432_A,ASN_434_A"
PHE_412_A,"ILE_257_A,ASP_259_A,TYR_268_A,VAL_269_A,VAL_411_A,THR_413_A,VAL_436_A"
THR_413_A,"ASP_259_A,VAL_411_A,PHE_412_A,ASP_414_A,SER_415_A,ASN_434_A"
ASP_414_A,"ASP_261_A,THR_413_A,SER_415_A"
SER_415_A,"THR_413_A,ASP_414_A,LEU_416_A,ALA_419_A"
LEU_416_A,"SER_415_A,SER_417_A"
SER_417_A,"LEU_416_A,HIS_418_A,ARG_421_A"
HIS_418_A,"ASP_259_A,PHE_393_A,SER_417_A,ALA_419_A,ARG_421_A,ALA_422_A"
ALA_419_A,"SER_415_A,HIS_418_A,GLN_420_A,TRP_423_A"
GLN_420_A,"ALA_419_A,ARG_421_A,ASP_424_A"
ARG_421_A,"ASP_392_A,ASP_394_A,SER_417_A,HIS_418_A,GLN_420_A,ALA_422_A,GLU_425_A"
ALA_422_A,"HIS_418_A,ARG_421_A,TRP_423_A"
TRP_423_A,"ALA_419_A,ALA_422_A,ASP_424_A"
ASP_424_A,"GLN_420_A,TRP_423_A,GLU_425_A"
GLU_425_A,"ASP_394_A,ASN_401_A,ARG_421_A,ASP_424_A,LEU_426_A"
LEU_426_A,"LEU_397_A,VAL_400_A,GLU_425_A,GLU_427_A,VAL_428_A"
GLU_427_A,"ASN_401_A,LEU_426_A,VAL_428_A,LYS_450_A"
VAL_428_A,"LEU_426_A,GLU_427_A,GLY_429_A,VAL_431_A"
GLY_429_A,"LEU_407_A,VAL_428_A,GLY_430_A"
GLY_430_A,"GLY_429_A,VAL_431_A"
VAL_431_A,"VAL_428_A,GLY_430_A,VAL_432_A"
VAL_432_A,"ALA_409_A,VAL_411_A,VAL_431_A,ILE_433_A,ASP_435_A"
ILE_433_A,"VAL_432_A,ASN_434_A"
ASN_434_A,"TYR_268_A,VAL_411_A,THR_413_A,ILE_433_A,ASP_435_A"
ASP_435_A,"ARG_272_A,VAL_432_A,ASN_434_A,VAL_436_A"
VAL_436_A,"VAL_288_A,PHE_412_A,ASP_435_A"
PRO_437_A,"ALA_254_A,GLN_408_A,SER_438_A"
SER_438_A,"ILE_286_A,PRO_437_A,PHE_439_A"
PHE_439_A,"SER_438_A,ARG_440_A"
ARG_440_A,"ARG_104_A,HIS_162_A,GLU_249_A,PHE_439_A,VAL_441_A,ASP_442_A,GLU_457_A"
VAL_441_A,"ARG_440_A,ASP_442_A"
ASP_442_A,"ARG_104_A,ASP_107_A,ASN_158_A,HIS_162_A,ARG_440_A,VAL_441_A,ASN_443_A"
ASN_443_A,"ASP_442_A,MET_444_A"
MET_444_A,ASN_443_A
PRO_445_A,"TYR_446_A,TYR_461_A"
TYR_446_A,"LEU_407_A,PRO_445_A,GLY_447_A,GLU_457_A"
GLY_447_A,"TYR_446_A,GLY_448_A"
GLY_448_A,"GLY_447_A,VAL_449_A"
VAL_449_A,"GLY_406_A,GLY_448_A,LYS_450_A,SER_452_A"
LYS_450_A,"SER_403_A,GLU_427_A,VAL_449_A,ASP_451_A"
ASP_451_A,"ASP_404_A,LYS_450_A,SER_452_A"
SER_452_A,"GLY_251_A,GLY_406_A,VAL_449_A,ASP_451_A,GLY_453_A"
GLY_453_A,"SER_452_A,LEU_454_A"
LEU_454_A,"LEU_248_A,GLY_453_A,GLY_455_A"
GLY_455_A,"LEU_454_A,ARG_456_A"
ARG_456_A,"GLY_455_A,GLU_457_A"
GLU_457_A,"HIS_162_A,LYS_163_A,GLU_249_A,ARG_440_A,TYR_446_A,ARG_456_A,GLY_458_A"
GLY_458_A,"GLU_457_A,ILE_459_A,TYR_461_A,ALA_462_A"
ILE_459_A,"THR_108_A,VAL_111_A,GLU_115_A,PRO_166_A,GLY_458_A,ARG_460_A,ILE_463_A"
ARG_460_A,"GLU_115_A,ILE_459_A,TYR_461_A"
TYR_461_A,"PRO_445_A,GLY_458_A,ARG_460_A,ALA_462_A"
ALA_462_A,"PRO_166_A,GLY_458_A,TYR_461_A,ILE_463_A"
ILE_463_A,"ALA_169_A,ILE_459_A,ALA_462_A,GLU_464_A,THR_467_A"
GLU_464_A,"ARG_141_A,ILE_463_A,ASP_465_A"
ASP_465_A,"LYS_245_A,GLU_464_A,MET_466_A"
MET_466_A,"ILE_144_A,PHE_149_A,LEU_224_A,ASP_465_A,THR_467_A"
THR_467_A,"ARG_141_A,ALA_170_A,ILE_463_A,MET_466_A,GLU_468_A"
GLU_468_A,"VAL_142_A,THR_467_A,LEU_469_A"
LEU_469_A,"TYR_139_A,GLU_468_A,ARG_470_A"
ARG_470_A,"ARG_58_A,LYS_140_A,LEU_469_A,LEU_471_A"
LEU_471_A,"ARG_470_A,MET_472_A,VAL_473_A"
MET_472_A,"TYR_138_A,LEU_471_A,VAL_473_A"
VAL_473_A,"LEU_126_A,TYR_135_A,LEU_471_A,MET_472_A,VAL_474_A"
VAL_474_A,"SER_136_A,VAL_473_A,ARG_475_A"
ARG_475_A,"VAL_474_A,ARG_476_A,ARG_477_A"
ARG_476_A,"GLY_134_A,ARG_475_A,ARG_477_A"
ARG_477_A,"ARG_475_A,ARG_476_A"
