residue_id,neighbors
ALA_1_C,"ASN_2_C,ILE_21_C"
ASN_2_C,"ALA_1_C,SER_3_C"
SER_3_C,"ASN_2_C,PHE_4_C"
PHE_4_C,"SER_3_C,LEU_5_C"
LEU_5_C,PHE_4_C
LEU_8_C,ARG_9_C
ARG_9_C,"LEU_8_C,HIS_10_C,ARG_15_C"
HIS_10_C,"ARG_9_C,SER_11_C,ARG_15_C"
SER_11_C,"HIS_10_C,SER_12_C"
SER_12_C,"SER_11_C,LEU_13_C"
LEU_13_C,"SER_12_C,CYS_17_C"
ARG_15_C,"ARG_9_C,HIS_10_C"
CYS_17_C,"LEU_13_C,ILE_18_C,CYS_22_C"
ILE_18_C,CYS_17_C
ILE_21_C,"ALA_1_C,CYS_22_C"
CYS_22_C,"CYS_17_C,ILE_21_C,ASP_23_C"
ASP_23_C,"CYS_22_C,PHE_24_C,ALA_27_C"
PHE_24_C,"ASP_23_C,LYS_28_C"
ALA_27_C,"ASP_23_C,LYS_28_C,ILE_30_C,PHE_31_C"
LYS_28_C,"PHE_24_C,ALA_27_C,GLN_32_C"
ILE_30_C,"ALA_27_C,PHE_31_C"
PHE_31_C,"ALA_27_C,ILE_30_C,GLN_32_C"
GLN_32_C,"LYS_28_C,PHE_31_C,ASN_33_C"
ASN_33_C,GLN_32_C
