residue_id,neighbors
PRO_18_A,LEU_19_A
LEU_19_A,"PRO_18_A,SER_20_A"
SER_20_A,"LEU_19_A,HIS_21_A,LEU_50_A"
HIS_21_A,"SER_20_A,LEU_22_A,ARG_706_A"
LEU_22_A,"HIS_21_A,ARG_23_A,VAL_102_A"
ARG_23_A,"LEU_22_A,LEU_24_A"
LEU_24_A,"ARG_23_A,THR_25_A,VAL_100_A"
THR_25_A,"LEU_24_A,ALA_26_A,ALA_82_A"
ALA_26_A,"THR_25_A,ARG_27_A,ASN_97_A,ALA_98_A,VAL_100_A"
ARG_27_A,"ALA_26_A,LEU_28_A,THR_81_A,ALA_82_A,LEU_83_A,LEU_84_A"
LEU_28_A,"ARG_27_A,ASN_29_A,LEU_89_A"
ASN_29_A,"LEU_28_A,THR_30_A,LEU_84_A"
THR_30_A,"ASN_29_A,SER_31_A"
SER_31_A,"THR_30_A,ALA_32_A"
ALA_32_A,"SER_31_A,LEU_33_A,ARG_37_A"
LEU_33_A,"ALA_32_A,ASP_34_A,ARG_440_A"
ASP_34_A,"LEU_33_A,SER_35_A,ARG_41_A,ARG_440_A"
SER_35_A,"ASP_34_A,ARG_36_A,ARG_37_A"
ARG_36_A,"SER_35_A,ARG_37_A,ASP_85_A,ASP_86_A"
ARG_37_A,"ALA_32_A,SER_35_A,ARG_36_A,GLY_38_A,GLU_436_A,ARG_440_A"
GLY_38_A,"ARG_37_A,VAL_39_A"
VAL_39_A,"GLY_38_A,VAL_40_A"
VAL_40_A,"VAL_39_A,ARG_41_A,VAL_58_A,ALA_68_A,VAL_69_A,GLY_71_A,LEU_84_A"
ARG_41_A,"ASP_34_A,VAL_40_A,LEU_42_A,GLU_54_A,VAL_72_A,LEU_83_A,THR_464_A"
LEU_42_A,"ARG_41_A,HIS_43_A,GLY_71_A,ALA_73_A,ALA_82_A"
HIS_43_A,"LEU_42_A,GLU_45_A,VAL_46_A"
PRO_44_A,"GLU_45_A,ALA_48_A"
GLU_45_A,"HIS_43_A,PRO_44_A,VAL_46_A,ALA_49_A,ASP_713_A"
VAL_46_A,"HIS_43_A,GLU_45_A,LEU_47_A,LEU_50_A,MET_705_A"
LEU_47_A,"VAL_46_A,ALA_48_A,ILE_52_A,VAL_72_A"
ALA_48_A,"PRO_44_A,LEU_47_A,ALA_49_A,ILE_670_A"
ALA_49_A,"GLU_45_A,ALA_48_A,LEU_50_A"
LEU_50_A,"SER_20_A,VAL_46_A,ALA_49_A,GLY_51_A"
GLY_51_A,"LEU_50_A,ILE_52_A"
ILE_52_A,"LEU_47_A,GLY_51_A,ARG_53_A,VAL_58_A"
ARG_53_A,"ILE_52_A,GLU_54_A,ASP_56_A,ARG_471_A,GLU_476_A,ASP_486_A"
GLU_54_A,"ARG_41_A,ARG_53_A,TRP_55_A,VAL_72_A,ARG_471_A"
TRP_55_A,"GLU_54_A,ASP_56_A,VAL_69_A,ALA_70_A,ARG_467_A"
ASP_56_A,"ARG_53_A,TRP_55_A,ALA_57_A,ALA_70_A,ARG_467_A,ARG_471_A"
ALA_57_A,"ASP_56_A,VAL_58_A,VAL_107_A"
VAL_58_A,"VAL_40_A,ILE_52_A,ALA_57_A,ALA_59_A,ALA_68_A"
ALA_59_A,"VAL_58_A,LEU_60_A,SER_103_A"
LEU_60_A,"ALA_59_A,THR_61_A,THR_66_A,THR_88_A,VAL_100_A,VAL_102_A"
THR_61_A,"LEU_60_A,GLY_62_A,LEU_101_A"
GLY_62_A,"THR_61_A,THR_63_A,ARG_64_A,ALA_92_A"
THR_63_A,"GLY_62_A,ARG_64_A"
ARG_64_A,"GLY_62_A,THR_63_A,THR_65_A,ASP_143_A"
THR_65_A,"ARG_64_A,THR_66_A"
THR_66_A,"LEU_60_A,THR_65_A,ALA_67_A,ALA_92_A,ASP_143_A"
ALA_67_A,"THR_66_A,ALA_68_A,THR_188_A"
ALA_68_A,"VAL_40_A,VAL_58_A,ALA_67_A,VAL_69_A"
VAL_69_A,"VAL_40_A,TRP_55_A,ALA_68_A,ALA_70_A"
ALA_70_A,"TRP_55_A,ASP_56_A,VAL_69_A,GLY_71_A"
GLY_71_A,"VAL_40_A,LEU_42_A,ALA_70_A,VAL_72_A"
VAL_72_A,"ARG_41_A,LEU_47_A,GLU_54_A,GLY_71_A,ALA_73_A"
ALA_73_A,"LEU_42_A,VAL_72_A,GLY_74_A"
GLY_74_A,ALA_73_A
PRO_75_A,GLY_76_A
GLY_76_A,"PRO_75_A,VAL_77_A"
VAL_77_A,GLY_76_A
PRO_78_A,ALA_79_A
ALA_79_A,"PRO_78_A,GLY_80_A,ALA_712_A"
GLY_80_A,"ALA_79_A,THR_81_A"
THR_81_A,"ARG_27_A,GLY_80_A,ALA_82_A"
ALA_82_A,"THR_25_A,ARG_27_A,LEU_42_A,THR_81_A,LEU_83_A,LEU_84_A"
LEU_83_A,"ARG_27_A,ARG_41_A,ALA_82_A,LEU_84_A"
LEU_84_A,"ARG_27_A,ASN_29_A,VAL_40_A,ALA_82_A,LEU_83_A,ASP_85_A,THR_88_A,LEU_89_A"
ASP_85_A,"ARG_36_A,LEU_84_A,ASP_86_A,THR_88_A"
ASP_86_A,"ARG_36_A,ASP_85_A,VAL_87_A"
VAL_87_A,"ASP_86_A,THR_88_A,ASN_91_A"
THR_88_A,"LEU_60_A,LEU_84_A,ASP_85_A,VAL_87_A,LEU_89_A,ALA_92_A"
LEU_89_A,"LEU_28_A,LEU_84_A,THR_88_A,SER_90_A,VAL_94_A"
SER_90_A,"LEU_89_A,ASN_91_A"
ASN_91_A,"VAL_87_A,SER_90_A,ALA_92_A,THR_144_A"
ALA_92_A,"GLY_62_A,THR_66_A,THR_88_A,ASN_91_A,GLY_93_A"
GLY_93_A,"ALA_92_A,VAL_94_A"
VAL_94_A,"LEU_89_A,GLY_93_A,ARG_95_A"
ARG_95_A,"VAL_94_A,GLU_96_A"
GLU_96_A,"ARG_95_A,ASN_97_A"
ASN_97_A,"ALA_26_A,GLU_96_A,ALA_98_A"
ALA_98_A,"ALA_26_A,ASN_97_A,ALA_99_A"
ALA_99_A,"ALA_98_A,VAL_100_A"
VAL_100_A,"LEU_24_A,ALA_26_A,LEU_60_A,ALA_99_A,LEU_101_A"
LEU_101_A,"THR_61_A,VAL_100_A,VAL_102_A"
VAL_102_A,"LEU_22_A,LEU_60_A,LEU_101_A,SER_103_A"
SER_103_A,"ALA_59_A,VAL_102_A"
PRO_104_A,VAL_105_A
VAL_105_A,"PRO_104_A,THR_106_A,VAL_107_A"
THR_106_A,"VAL_105_A,VAL_107_A,TYR_108_A"
VAL_107_A,"ALA_57_A,VAL_105_A,THR_106_A,TYR_108_A"
TYR_108_A,"THR_106_A,VAL_107_A,GLY_109_A,SER_190_A"
GLY_109_A,"TYR_108_A,ALA_110_A"
ALA_110_A,"GLY_109_A,ARG_111_A,VAL_113_A,VAL_189_A,SER_190_A,SER_195_A"
ARG_111_A,"ALA_110_A,SER_112_A,ASP_184_A,ARG_339_A"
SER_112_A,"ARG_111_A,VAL_113_A"
VAL_113_A,"ALA_110_A,SER_112_A,THR_114_A,VAL_196_A"
THR_114_A,"VAL_113_A,VAL_115_A,THR_181_A,ALA_182_A"
VAL_115_A,"THR_114_A,SER_116_A,GLY_200_A"
SER_116_A,"VAL_115_A,GLY_117_A,THR_179_A"
GLY_117_A,"SER_116_A,SER_118_A"
SER_118_A,"GLY_117_A,ARG_119_A,THR_122_A,GLU_176_A"
ARG_119_A,"SER_118_A,LEU_120_A"
LEU_120_A,"ARG_119_A,ALA_121_A,SER_124_A"
ALA_121_A,"LEU_120_A,THR_122_A"
THR_122_A,"SER_118_A,ALA_121_A,GLN_123_A,TRP_199_A,PRO_209_A"
GLN_123_A,"THR_122_A,SER_124_A"
SER_124_A,"LEU_120_A,GLN_123_A,ILE_125_A"
ILE_125_A,"SER_124_A,SER_126_A,THR_129_A,TRP_199_A"
SER_126_A,"ILE_125_A,THR_129_A"
PRO_127_A,ALA_128_A
ALA_128_A,"PRO_127_A,THR_129_A"
THR_129_A,"ILE_125_A,SER_126_A,ALA_128_A,LEU_130_A,ALA_133_A,TRP_173_A"
LEU_130_A,"THR_129_A,ARG_131_A,VAL_197_A"
ARG_131_A,"LEU_130_A,MET_132_A,LEU_135_A,SER_195_A,ASP_293_A,GLU_296_A,ASP_327_A"
MET_132_A,"ARG_131_A,ALA_133_A"
ALA_133_A,"THR_129_A,MET_132_A,LEU_134_A,TRP_173_A"
LEU_134_A,"ALA_133_A,LEU_135_A,MET_139_A,LEU_147_A"
LEU_135_A,"ARG_131_A,LEU_134_A,GLY_136_A"
GLY_136_A,"LEU_135_A,LYS_137_A,VAL_191_A,ARG_467_A"
LYS_137_A,"GLY_136_A,VAL_138_A"
VAL_138_A,"LYS_137_A,MET_139_A"
MET_139_A,"LEU_134_A,VAL_138_A,THR_140_A,VAL_189_A"
THR_140_A,"MET_139_A,VAL_141_A"
VAL_141_A,"THR_140_A,GLY_142_A,VAL_183_A"
GLY_142_A,"VAL_141_A,ASP_143_A,VAL_180_A"
ASP_143_A,"ARG_64_A,THR_66_A,GLY_142_A,THR_144_A,VAL_180_A"
THR_144_A,"ASN_91_A,ASP_143_A,VAL_145_A,LEU_177_A"
VAL_145_A,"THR_144_A,SER_146_A,LEU_178_A"
SER_146_A,"VAL_145_A,LEU_147_A"
LEU_147_A,"LEU_134_A,SER_146_A,LEU_148_A"
LEU_148_A,LEU_147_A
PRO_149_A,ARG_150_A
ARG_150_A,"PRO_149_A,ASP_151_A"
ASP_151_A,"ARG_150_A,SER_175_A"
SER_159_A,"ALA_160_A,THR_162_A,SER_163_A"
ALA_160_A,"SER_159_A,ALA_161_A"
ALA_161_A,"ALA_160_A,THR_162_A"
THR_162_A,"SER_159_A,ALA_161_A,SER_163_A,ALA_166_A,PRO_452_A"
SER_163_A,"SER_159_A,THR_162_A,ALA_164_A"
ALA_164_A,"SER_163_A,LEU_165_A"
LEU_165_A,"ALA_164_A,ALA_166_A,SER_168_A,PRO_452_A"
ALA_166_A,"THR_162_A,LEU_165_A,SER_167_A,ILE_171_A"
SER_167_A,"ALA_166_A,SER_168_A"
SER_168_A,"LEU_165_A,SER_167_A,VAL_169_A"
VAL_169_A,"SER_168_A,GLY_170_A,VAL_434_A,ARG_435_A"
GLY_170_A,"VAL_169_A,ILE_171_A"
ILE_171_A,"ALA_166_A,GLY_170_A,THR_172_A"
THR_172_A,"ILE_171_A,TRP_173_A"
TRP_173_A,"THR_129_A,ALA_133_A,THR_172_A,THR_174_A"
THR_174_A,"TRP_173_A,SER_175_A"
SER_175_A,"ASP_151_A,THR_174_A,GLU_176_A"
GLU_176_A,"SER_118_A,SER_175_A,LEU_177_A"
LEU_177_A,"THR_144_A,GLU_176_A,LEU_178_A"
LEU_178_A,"VAL_145_A,LEU_177_A,THR_179_A,TRP_199_A"
THR_179_A,"SER_116_A,LEU_178_A,VAL_180_A"
VAL_180_A,"GLY_142_A,ASP_143_A,THR_179_A,THR_181_A,VAL_183_A"
THR_181_A,"THR_114_A,VAL_180_A,ALA_182_A"
ALA_182_A,"THR_114_A,THR_181_A,VAL_183_A"
VAL_183_A,"VAL_141_A,VAL_180_A,ALA_182_A,ASP_184_A,VAL_189_A"
ASP_184_A,"ARG_111_A,VAL_183_A"
PRO_186_A,GLY_187_A
GLY_187_A,"PRO_186_A,THR_188_A"
THR_188_A,"ALA_67_A,GLY_187_A,VAL_189_A"
VAL_189_A,"ALA_110_A,MET_139_A,VAL_183_A,THR_188_A,SER_190_A"
SER_190_A,"TYR_108_A,ALA_110_A,VAL_189_A,VAL_191_A,GLN_192_A"
VAL_191_A,"GLY_136_A,SER_190_A,GLN_192_A"
GLN_192_A,"SER_190_A,VAL_191_A,SER_195_A,SER_472_A"
PRO_193_A,ASN_194_A
ASN_194_A,"PRO_193_A,SER_195_A,ASP_329_A"
SER_195_A,"ALA_110_A,ARG_131_A,GLN_192_A,ASN_194_A,VAL_196_A"
VAL_196_A,"VAL_113_A,SER_195_A,VAL_197_A,PRO_295_A"
VAL_197_A,"LEU_130_A,VAL_196_A,SER_198_A"
SER_198_A,"VAL_197_A,TRP_199_A"
TRP_199_A,"THR_122_A,ILE_125_A,LEU_178_A,SER_198_A,GLY_200_A"
GLY_200_A,"VAL_115_A,TRP_199_A,THR_201_A"
THR_201_A,"GLY_200_A,GLY_202_A,PRO_209_A"
GLY_202_A,"THR_201_A,THR_203_A"
THR_203_A,"GLY_202_A,ASP_206_A"
PRO_204_A,GLU_205_A
GLU_205_A,"PRO_204_A,ASP_206_A"
ASP_206_A,"THR_203_A,GLU_205_A"
PRO_207_A,ALA_208_A
ALA_208_A,PRO_207_A
PRO_209_A,"THR_122_A,THR_201_A"
PRO_211_A,THR_212_A
THR_212_A,"PRO_211_A,GLY_213_A"
GLY_213_A,"THR_212_A,ARG_214_A,SER_308_A"
ARG_214_A,"GLY_213_A,HIS_215_A,GLU_304_A,ARG_307_A"
HIS_215_A,"ARG_214_A,THR_216_A,LEU_292_A"
THR_216_A,"HIS_215_A,VAL_217_A,GLU_291_A"
VAL_217_A,"THR_216_A,SER_218_A"
SER_218_A,"VAL_217_A,VAL_289_A"
PRO_219_A,"GLN_220_A,SER_222_A"
GLN_220_A,"PRO_219_A,ARG_221_A"
ARG_221_A,"GLN_220_A,SER_222_A"
SER_222_A,"PRO_219_A,ARG_221_A,GLU_223_A"
GLU_223_A,"SER_222_A,GLN_224_A"
GLN_224_A,GLU_223_A
PRO_225_A,VAL_226_A
VAL_226_A,"PRO_225_A,SER_227_A,THR_278_A"
SER_227_A,"VAL_226_A,PHE_228_A,ASP_230_A"
PHE_228_A,"SER_227_A,ASP_229_A,LYS_232_A"
ASP_229_A,"PHE_228_A,ASP_230_A,LYS_232_A"
ASP_230_A,"SER_227_A,ASP_229_A,VAL_231_A,MET_403_A,ARG_406_A"
VAL_231_A,"ASP_230_A,LYS_232_A,ALA_238_A,MET_279_A,ALA_282_A"
LYS_232_A,"PHE_228_A,ASP_229_A,VAL_231_A,VAL_233_A"
VAL_233_A,"LYS_232_A,THR_234_A"
THR_234_A,"VAL_233_A,HIS_235_A"
HIS_235_A,THR_234_A
PRO_236_A,GLN_237_A
GLN_237_A,"PRO_236_A,ALA_238_A,SER_577_A"
ALA_238_A,"VAL_231_A,GLN_237_A,VAL_239_A,ASP_242_A,MET_279_A"
VAL_239_A,"ALA_238_A,LYS_240_A"
LYS_240_A,"VAL_239_A,LEU_241_A,TRP_244_A,ASP_576_A"
LEU_241_A,"LYS_240_A,ASP_242_A,LEU_387_A"
ASP_242_A,"ALA_238_A,LEU_241_A,GLU_243_A,ARG_246_A,ARG_287_A"
GLU_243_A,"ASP_242_A,TRP_244_A"
TRP_244_A,"LYS_240_A,GLU_243_A,LEU_245_A,ARG_385_A,LEU_387_A"
LEU_245_A,"TRP_244_A,ARG_246_A,LEU_249_A,LEU_264_A,VAL_283_A,ALA_362_A"
ARG_246_A,"ASP_242_A,LEU_245_A,LEU_247_A,ASP_250_A,GLU_251_A,ARG_287_A"
LEU_247_A,"ARG_246_A,SER_248_A"
SER_248_A,"LEU_247_A,LEU_249_A,PRO_262_A"
LEU_249_A,"LEU_245_A,SER_248_A,ASP_250_A"
ASP_250_A,"ARG_246_A,LEU_249_A,GLU_251_A,ARG_287_A"
GLU_251_A,"ARG_246_A,ASP_250_A"
PRO_252_A,GLU_253_A
GLU_253_A,"PRO_252_A,LEU_254_A,LYS_256_A,THR_257_A"
LEU_254_A,"GLU_253_A,LEU_255_A"
LEU_255_A,"LEU_254_A,LYS_256_A,ALA_260_A"
LYS_256_A,"GLU_253_A,LEU_255_A,THR_257_A"
THR_257_A,"GLU_253_A,LYS_256_A,LEU_258_A"
LEU_258_A,"THR_257_A,GLY_259_A"
GLY_259_A,"LEU_258_A,ALA_260_A"
ALA_260_A,"LEU_255_A,GLY_259_A,THR_261_A"
THR_261_A,ALA_260_A
PRO_262_A,"SER_248_A,HIS_263_A"
HIS_263_A,"PRO_262_A,LEU_264_A"
LEU_264_A,"LEU_245_A,HIS_263_A,GLY_265_A,VAL_266_A,PHE_363_A"
GLY_265_A,"LEU_264_A,VAL_266_A"
VAL_266_A,"LEU_264_A,GLY_265_A,LEU_267_A,PHE_363_A,ALA_365_A"
LEU_267_A,"VAL_266_A,VAL_268_A,LEU_387_A"
VAL_268_A,"LEU_267_A,SER_269_A,MET_279_A,ALA_365_A,SER_367_A"
SER_269_A,"VAL_268_A,GLY_270_A,LEU_387_A,LEU_389_A"
GLY_270_A,SER_269_A
PRO_271_A,"ALA_272_A,LEU_391_A"
ALA_272_A,"PRO_271_A,GLY_273_A,LEU_469_A"
GLY_273_A,"ALA_272_A,VAL_274_A"
VAL_274_A,"GLY_273_A,GLY_275_A,LYS_276_A"
GLY_275_A,"VAL_274_A,LYS_276_A"
LYS_276_A,"VAL_274_A,GLY_275_A,ALA_277_A,ASP_327_A,LEU_389_A"
ALA_277_A,"LYS_276_A,THR_278_A"
THR_278_A,"VAL_226_A,ALA_277_A,MET_279_A"
MET_279_A,"VAL_231_A,ALA_238_A,VAL_268_A,THR_278_A,VAL_280_A,VAL_283_A,LEU_389_A"
VAL_280_A,"MET_279_A,ARG_281_A,CYS_284_A,PHE_324_A,ILE_364_A"
ARG_281_A,"VAL_280_A,ALA_282_A,GLU_291_A"
ALA_282_A,"VAL_231_A,ARG_281_A,VAL_283_A"
VAL_283_A,"LEU_245_A,MET_279_A,ALA_282_A,CYS_284_A"
CYS_284_A,"VAL_280_A,VAL_283_A,ALA_285_A,ARG_287_A,VAL_289_A"
ALA_285_A,"CYS_284_A,SER_286_A"
SER_286_A,"ALA_285_A,ARG_287_A"
ARG_287_A,"ASP_242_A,ARG_246_A,ASP_250_A,CYS_284_A,SER_286_A,ARG_288_A"
ARG_288_A,"ARG_287_A,VAL_289_A,VAL_322_A"
VAL_289_A,"SER_218_A,CYS_284_A,ARG_288_A,VAL_290_A"
VAL_290_A,"VAL_289_A,GLU_291_A,VAL_316_A,VAL_322_A,LEU_323_A,PHE_324_A"
GLU_291_A,"THR_216_A,ARG_281_A,VAL_290_A,LEU_292_A,PHE_324_A"
LEU_292_A,"HIS_215_A,GLU_291_A,ASP_293_A,VAL_297_A,PHE_324_A"
ASP_293_A,"ARG_131_A,LEU_292_A,GLY_294_A,GLU_296_A,ASP_327_A"
GLY_294_A,"ASP_293_A,GLY_298_A,ALA_326_A"
PRO_295_A,"VAL_196_A,GLU_296_A"
GLU_296_A,"ARG_131_A,ASP_293_A,PRO_295_A,VAL_297_A"
VAL_297_A,"LEU_292_A,GLU_296_A,GLY_298_A"
GLY_298_A,"GLY_294_A,VAL_297_A,ALA_299_A"
ALA_299_A,"GLY_298_A,LEU_300_A"
LEU_300_A,"ALA_299_A,GLN_301_A,ARG_305_A"
GLN_301_A,"LEU_300_A,VAL_302_A,ASP_303_A,GLU_304_A,ARG_305_A"
VAL_302_A,"GLN_301_A,ASP_303_A,VAL_344_A"
ASP_303_A,"GLN_301_A,VAL_302_A,GLU_304_A"
GLU_304_A,"ARG_214_A,GLN_301_A,ASP_303_A,ARG_305_A,ARG_307_A"
ARG_305_A,"LEU_300_A,GLN_301_A,GLU_304_A,LEU_306_A,GLU_342_A"
LEU_306_A,"ARG_305_A,ARG_307_A,THR_310_A,LEU_347_A"
ARG_307_A,"ARG_214_A,GLU_304_A,LEU_306_A,SER_308_A,SER_311_A"
SER_308_A,"GLY_213_A,ARG_307_A,VAL_309_A"
VAL_309_A,"SER_308_A,THR_310_A,VAL_313_A"
THR_310_A,"LEU_306_A,VAL_309_A,SER_311_A"
SER_311_A,"ARG_307_A,THR_310_A,ALA_312_A"
ALA_312_A,"SER_311_A,VAL_313_A"
VAL_313_A,"VAL_309_A,ALA_312_A,ALA_314_A,THR_317_A"
ALA_314_A,"VAL_313_A,ALA_315_A"
ALA_315_A,"ALA_314_A,VAL_316_A"
VAL_316_A,"VAL_290_A,ALA_315_A,THR_317_A,GLY_320_A"
THR_317_A,"VAL_313_A,VAL_316_A,GLU_318_A"
GLU_318_A,"THR_317_A,SER_319_A"
SER_319_A,"GLU_318_A,GLY_320_A"
GLY_320_A,"VAL_316_A,SER_319_A,GLY_321_A"
GLY_321_A,"GLY_320_A,VAL_322_A,GLY_360_A,ALA_362_A"
VAL_322_A,"ARG_288_A,VAL_290_A,GLY_321_A,LEU_323_A"
LEU_323_A,"VAL_290_A,VAL_322_A,PHE_324_A,ALA_362_A"
PHE_324_A,"VAL_280_A,VAL_290_A,GLU_291_A,LEU_292_A,LEU_323_A,ILE_325_A,ALA_326_A,THR_366_A"
ILE_325_A,"PHE_324_A,ALA_326_A"
ALA_326_A,"GLY_294_A,PHE_324_A,ILE_325_A,ASP_327_A"
ASP_327_A,"ARG_131_A,LYS_276_A,ASP_293_A,ALA_326_A,VAL_328_A,ASP_329_A,THR_366_A"
VAL_328_A,"ASP_327_A,ASP_329_A,LEU_332_A,THR_366_A,VAL_373_A"
ASP_329_A,"ASN_194_A,ASP_327_A,VAL_328_A,ALA_330_A,VAL_373_A"
ALA_330_A,"ASP_329_A,LEU_331_A"
LEU_331_A,"ALA_330_A,LEU_332_A"
LEU_332_A,"VAL_328_A,LEU_331_A,ASP_374_A,LEU_377_A"
PRO_333_A,ALA_334_A
ALA_334_A,"PRO_333_A,GLY_335_A,ASN_372_A"
GLY_335_A,"ALA_334_A,ASN_336_A"
ASN_336_A,"GLY_335_A,GLU_337_A,MET_338_A"
GLU_337_A,"ASN_336_A,MET_338_A,VAL_560_A"
MET_338_A,"ASN_336_A,GLU_337_A,ARG_339_A"
ARG_339_A,"ARG_111_A,MET_338_A"
PRO_341_A,GLU_342_A
GLU_342_A,"ARG_305_A,PRO_341_A"
PRO_343_A,VAL_344_A
VAL_344_A,"VAL_302_A,PRO_343_A,ALA_345_A,ILE_348_A"
ALA_345_A,"VAL_344_A,THR_346_A,LEU_349_A"
THR_346_A,"ALA_345_A,LEU_347_A,ARG_376_A"
LEU_347_A,"LEU_306_A,THR_346_A,ILE_348_A"
ILE_348_A,"VAL_344_A,LEU_347_A,LEU_349_A"
LEU_349_A,"ALA_345_A,ILE_348_A,ALA_350_A,ARG_353_A,ARG_376_A"
ALA_350_A,"LEU_349_A,GLU_351_A"
GLU_351_A,"ALA_350_A,LEU_352_A,LYS_354_A"
LEU_352_A,"GLU_351_A,ARG_353_A,ALA_355_A,VAL_356_A,PHE_363_A"
ARG_353_A,"LEU_349_A,LEU_352_A,LYS_354_A,GLU_381_A"
LYS_354_A,"GLU_351_A,ARG_353_A,ALA_355_A,THR_358_A"
ALA_355_A,"LEU_352_A,LYS_354_A,VAL_356_A"
VAL_356_A,"LEU_352_A,ALA_355_A,ALA_357_A"
ALA_357_A,"VAL_356_A,THR_358_A"
THR_358_A,"LYS_354_A,ALA_357_A,VAL_361_A"
PRO_359_A,GLY_360_A
GLY_360_A,"GLY_321_A,PRO_359_A,VAL_361_A"
VAL_361_A,"THR_358_A,GLY_360_A,ALA_362_A"
ALA_362_A,"LEU_245_A,GLY_321_A,LEU_323_A,VAL_361_A,PHE_363_A"
PHE_363_A,"LEU_264_A,VAL_266_A,LEU_352_A,ALA_362_A,ILE_364_A,VAL_382_A"
ILE_364_A,"VAL_280_A,PHE_363_A,ALA_365_A"
ALA_365_A,"VAL_266_A,VAL_268_A,ILE_364_A,THR_366_A"
THR_366_A,"PHE_324_A,ASP_327_A,VAL_328_A,ALA_365_A,SER_367_A"
SER_367_A,"VAL_268_A,THR_366_A,ALA_368_A,VAL_369_A"
ALA_368_A,"SER_367_A,VAL_369_A"
VAL_369_A,"SER_367_A,ALA_368_A,GLU_371_A"
PRO_370_A,GLU_371_A
GLU_371_A,"VAL_369_A,PRO_370_A,ASN_372_A,ARG_378_A,TRP_559_A,GLU_569_A,ARG_573_A"
ASN_372_A,"ALA_334_A,GLU_371_A,VAL_373_A"
VAL_373_A,"VAL_328_A,ASP_329_A,ASN_372_A,ASP_374_A,LEU_377_A"
ASP_374_A,"LEU_332_A,VAL_373_A,ALA_375_A,ARG_376_A,LEU_377_A"
ALA_375_A,"ASP_374_A,ARG_376_A"
ARG_376_A,"THR_346_A,LEU_349_A,ASP_374_A,ALA_375_A,LEU_377_A"
LEU_377_A,"LEU_332_A,VAL_373_A,ASP_374_A,ARG_376_A,ARG_378_A,ALA_379_A,CYS_383_A"
ARG_378_A,"GLU_371_A,LEU_377_A,ALA_379_A,GLU_386_A,GLU_569_A,ARG_573_A"
ALA_379_A,"LEU_377_A,ARG_378_A"
PRO_380_A,GLU_381_A
GLU_381_A,"ARG_353_A,PRO_380_A,VAL_382_A"
VAL_382_A,"PHE_363_A,GLU_381_A,CYS_383_A"
CYS_383_A,"LEU_377_A,VAL_382_A,ASP_384_A"
ASP_384_A,"CYS_383_A,ARG_385_A"
ARG_385_A,"TRP_244_A,ASP_384_A,GLU_386_A"
GLU_386_A,"ARG_378_A,ARG_385_A,LEU_387_A,GLU_569_A,ARG_573_A"
LEU_387_A,"LEU_241_A,TRP_244_A,LEU_267_A,SER_269_A,GLU_386_A,GLY_388_A"
GLY_388_A,"LEU_387_A,LEU_389_A,SER_577_A"
LEU_389_A,"SER_269_A,LYS_276_A,MET_279_A,GLY_388_A,SER_390_A"
SER_390_A,"LEU_389_A,LEU_391_A,LEU_545_A"
LEU_391_A,"PRO_271_A,SER_390_A,VAL_426_A,VAL_479_A"
PRO_392_A,"ASP_393_A,ALA_396_A,ARG_397_A"
ASP_393_A,"PRO_392_A,ALA_394_A,ALA_396_A,ARG_397_A,ARG_544_A"
ALA_394_A,"ASP_393_A,THR_395_A"
THR_395_A,"ALA_394_A,ALA_396_A"
ALA_396_A,"PRO_392_A,ASP_393_A,THR_395_A,ARG_397_A,LEU_400_A"
ARG_397_A,"PRO_392_A,ASP_393_A,ALA_396_A,ARG_398_A,LEU_401_A,ALA_419_A,ASP_420_A,THR_422_A"
ARG_398_A,"ARG_397_A,SER_399_A,GLU_402_A,ASP_414_A"
SER_399_A,"ARG_398_A,LEU_400_A"
LEU_400_A,"ALA_396_A,SER_399_A,LEU_401_A,LEU_404_A"
LEU_401_A,"ARG_397_A,LEU_400_A,GLU_402_A,LEU_405_A,ILE_418_A"
GLU_402_A,"ARG_398_A,LEU_401_A,MET_403_A,LEU_415_A"
MET_403_A,"ASP_230_A,GLU_402_A,LEU_404_A"
LEU_404_A,"LEU_400_A,MET_403_A,LEU_405_A,LEU_430_A"
LEU_405_A,"LEU_401_A,LEU_404_A,ARG_406_A,LEU_413_A,VAL_434_A,LEU_454_A"
ARG_406_A,"ASP_230_A,LEU_405_A,GLY_407_A"
GLY_407_A,"ARG_406_A,VAL_408_A"
VAL_408_A,GLY_407_A
PRO_409_A,"SER_410_A,LEU_454_A"
SER_410_A,"PRO_409_A,GLU_411_A"
GLU_411_A,"SER_410_A,ASP_412_A,VAL_453_A,LEU_454_A,ARG_455_A"
ASP_412_A,"GLU_411_A,LEU_413_A"
LEU_413_A,"LEU_405_A,ASP_412_A,ASP_414_A,LEU_415_A,HIS_456_A"
ASP_414_A,"ARG_398_A,LEU_413_A,LEU_415_A,ASP_417_A,HIS_456_A"
LEU_415_A,"GLU_402_A,LEU_413_A,ASP_414_A,GLY_416_A,ALA_419_A,LEU_459_A"
GLY_416_A,"LEU_415_A,ASP_417_A,ASP_420_A"
ASP_417_A,"ASP_414_A,GLY_416_A,ILE_418_A,ASP_420_A,HIS_421_A,HIS_456_A,GLU_460_A"
ILE_418_A,"LEU_401_A,ASP_417_A,ALA_419_A"
ALA_419_A,"ARG_397_A,LEU_415_A,ILE_418_A,ASP_420_A"
ASP_420_A,"ARG_397_A,GLY_416_A,ASP_417_A,ALA_419_A,HIS_421_A"
HIS_421_A,"ASP_417_A,ASP_420_A,THR_422_A"
THR_422_A,"ARG_397_A,HIS_421_A,LEU_463_A"
PRO_423_A,GLY_424_A
GLY_424_A,"PRO_423_A,PHE_425_A,SER_470_A"
PHE_425_A,"GLY_424_A,VAL_426_A,ASP_429_A,VAL_433_A,PRO_468_A"
VAL_426_A,"LEU_391_A,PHE_425_A,VAL_427_A,LEU_430_A"
VAL_427_A,"VAL_426_A,ALA_428_A,ALA_431_A"
ALA_428_A,"VAL_427_A,ASP_429_A"
ASP_429_A,"PHE_425_A,ALA_428_A,LEU_430_A,VAL_433_A,LEU_469_A"
LEU_430_A,"LEU_404_A,VAL_426_A,ASP_429_A,ALA_431_A,VAL_434_A"
ALA_431_A,"VAL_427_A,LEU_430_A,ALA_432_A,ARG_435_A"
ALA_432_A,"ALA_431_A,VAL_433_A,GLU_436_A"
VAL_433_A,"PHE_425_A,ASP_429_A,ALA_432_A,VAL_434_A,GLY_437_A"
VAL_434_A,"VAL_169_A,LEU_405_A,LEU_430_A,VAL_433_A,ARG_435_A,ALA_438_A"
ARG_435_A,"VAL_169_A,ALA_431_A,VAL_434_A,GLU_436_A"
GLU_436_A,"ARG_37_A,ALA_432_A,ARG_435_A,GLY_437_A,ARG_440_A,ALA_462_A"
GLY_437_A,"VAL_433_A,GLU_436_A,ALA_438_A"
ALA_438_A,"VAL_434_A,GLY_437_A,LEU_439_A,ALA_442_A"
LEU_439_A,"ALA_438_A,ARG_440_A,ALA_443_A"
ARG_440_A,"LEU_33_A,ASP_34_A,ARG_37_A,GLU_436_A,LEU_439_A,ALA_441_A"
ALA_441_A,"ARG_440_A,ALA_442_A,ALA_445_A,LEU_454_A"
ALA_442_A,"ALA_438_A,ALA_441_A,ALA_443_A"
ALA_443_A,"LEU_439_A,ALA_442_A,ARG_444_A"
ARG_444_A,"ALA_443_A,ALA_445_A,SER_447_A,ARG_455_A,ASP_458_A"
ALA_445_A,"ALA_441_A,ARG_444_A,SER_446_A,ASP_449_A"
SER_446_A,"ALA_445_A,SER_447_A"
SER_447_A,"ARG_444_A,SER_446_A,SER_448_A"
SER_448_A,"SER_447_A,ASP_449_A,ASP_450_A"
ASP_449_A,"ALA_445_A,SER_448_A,ASP_450_A"
ASP_450_A,"SER_448_A,ASP_449_A,ASP_451_A"
ASP_451_A,ASP_450_A
PRO_452_A,"THR_162_A,LEU_165_A,VAL_453_A"
VAL_453_A,"GLU_411_A,PRO_452_A,LEU_454_A"
LEU_454_A,"LEU_405_A,PRO_409_A,GLU_411_A,ALA_441_A,VAL_453_A,ARG_455_A"
ARG_455_A,"GLU_411_A,ARG_444_A,LEU_454_A,HIS_456_A,ASP_458_A"
HIS_456_A,"LEU_413_A,ASP_414_A,ASP_417_A,ARG_455_A,ALA_457_A,GLU_460_A"
ALA_457_A,"HIS_456_A,ASP_458_A,GLY_461_A"
ASP_458_A,"ARG_444_A,ARG_455_A,ALA_457_A,LEU_459_A,ALA_462_A"
LEU_459_A,"LEU_415_A,ASP_458_A,GLU_460_A"
GLU_460_A,"ASP_417_A,HIS_456_A,LEU_459_A,GLY_461_A"
GLY_461_A,"ALA_457_A,GLU_460_A,ALA_462_A,THR_464_A"
ALA_462_A,"GLU_436_A,ASP_458_A,GLY_461_A,LEU_463_A"
LEU_463_A,"THR_422_A,ALA_462_A,THR_464_A"
THR_464_A,"ARG_41_A,GLY_461_A,LEU_463_A,VAL_465_A"
VAL_465_A,"THR_464_A,ILE_466_A"
ILE_466_A,"VAL_465_A,ARG_467_A"
ARG_467_A,"TRP_55_A,ASP_56_A,GLY_136_A,ILE_466_A"
PRO_468_A,"PHE_425_A,LEU_469_A,ARG_471_A"
LEU_469_A,"ALA_272_A,ASP_429_A,PRO_468_A,SER_470_A,SER_472_A"
SER_470_A,"GLY_424_A,LEU_469_A,ARG_471_A"
ARG_471_A,"ARG_53_A,GLU_54_A,ASP_56_A,PRO_468_A,SER_470_A,SER_472_A,ASP_486_A"
SER_472_A,"GLN_192_A,LEU_469_A,ARG_471_A,ALA_473_A"
ALA_473_A,SER_472_A
GLU_476_A,"ARG_53_A,VAL_477_A,SER_478_A,VAL_482_A,ARG_537_A"
VAL_477_A,"GLU_476_A,SER_478_A"
SER_478_A,"GLU_476_A,VAL_477_A,VAL_479_A,SER_481_A"
VAL_479_A,"LEU_391_A,SER_478_A,GLY_480_A"
GLY_480_A,"VAL_479_A,SER_481_A"
SER_481_A,"SER_478_A,GLY_480_A,VAL_482_A"
VAL_482_A,"GLU_476_A,SER_481_A,THR_483_A,PHE_534_A,ALA_538_A,SER_541_A"
THR_483_A,"VAL_482_A,LEU_484_A,ASP_486_A"
LEU_484_A,"THR_483_A,ASP_485_A,ALA_538_A"
ASP_485_A,"LEU_484_A,ASP_486_A"
ASP_486_A,"ARG_53_A,ARG_471_A,THR_483_A,ASP_485_A,VAL_487_A"
VAL_487_A,"ASP_486_A,GLY_488_A,MET_490_A,PHE_534_A,ALA_538_A"
GLY_488_A,"VAL_487_A,ASP_489_A"
ASP_489_A,"GLY_488_A,MET_490_A,ASP_655_A,ASP_661_A"
MET_490_A,"VAL_487_A,ASP_489_A,VAL_491_A,LYS_494_A,VAL_535_A"
VAL_491_A,"MET_490_A,GLU_492_A,ARG_495_A"
GLU_492_A,"VAL_491_A,THR_493_A,ARG_495_A,ALA_496_A"
THR_493_A,"GLU_492_A,LYS_494_A,LEU_497_A"
LYS_494_A,"MET_490_A,THR_493_A,ARG_495_A,THR_498_A"
ARG_495_A,"VAL_491_A,GLU_492_A,LYS_494_A,ALA_496_A,GLU_499_A"
ALA_496_A,"GLU_492_A,ARG_495_A,LEU_497_A,ALA_500_A"
LEU_497_A,"THR_493_A,ALA_496_A,THR_498_A,VAL_501_A"
THR_498_A,"LYS_494_A,LEU_497_A,GLU_499_A,TRP_503_A"
GLU_499_A,"ARG_495_A,THR_498_A,ALA_500_A,TRP_503_A"
ALA_500_A,"ALA_496_A,GLU_499_A,VAL_501_A"
VAL_501_A,"LEU_497_A,ALA_500_A,LEU_502_A"
LEU_502_A,"VAL_501_A,TRP_503_A,GLN_506_A,LEU_539_A"
TRP_503_A,"THR_498_A,GLU_499_A,LEU_502_A"
PRO_504_A,"LEU_505_A,PRO_519_A"
LEU_505_A,"PRO_504_A,GLN_506_A,LEU_545_A,VAL_624_A"
GLN_506_A,"LEU_502_A,LEU_505_A,HIS_507_A"
HIS_507_A,GLN_506_A
PRO_508_A,ASP_509_A
ASP_509_A,"PRO_508_A,THR_510_A,SER_512_A,ARG_513_A"
THR_510_A,"ASP_509_A,PHE_511_A,LEU_514_A"
PHE_511_A,"THR_510_A,SER_512_A,ILE_516_A"
SER_512_A,"ASP_509_A,PHE_511_A,ARG_513_A"
ARG_513_A,"ASP_509_A,SER_512_A,LEU_514_A"
LEU_514_A,"THR_510_A,ARG_513_A,GLY_515_A"
GLY_515_A,"LEU_514_A,ILE_516_A"
ILE_516_A,"PHE_511_A,GLY_515_A,ASP_517_A,ARG_621_A"
ASP_517_A,"ILE_516_A,ARG_520_A"
PRO_519_A,"PRO_504_A,ARG_520_A,VAL_624_A"
ARG_520_A,"ASP_517_A,PRO_519_A,GLY_521_A,GLU_618_A,GLU_646_A"
GLY_521_A,"ARG_520_A,VAL_522_A,ARG_647_A"
VAL_522_A,"GLY_521_A,LEU_523_A,LEU_626_A,GLY_627_A"
LEU_523_A,"VAL_522_A,LEU_524_A,LEU_640_A,VAL_649_A"
LEU_524_A,"LEU_523_A,TYR_525_A,VAL_536_A,GLY_627_A,VAL_649_A,VAL_651_A"
TYR_525_A,"LEU_524_A,GLY_526_A,LEU_648_A,PHE_650_A,VAL_651_A"
GLY_526_A,TYR_525_A
PRO_528_A,GLY_529_A
GLY_529_A,"PRO_528_A,CYS_530_A,ALA_690_A,ALA_691_A"
CYS_530_A,"GLY_529_A,GLY_531_A"
GLY_531_A,"CYS_530_A,LYS_532_A,VAL_535_A"
LYS_532_A,"GLY_531_A,THR_533_A,ASP_585_A"
THR_533_A,"LYS_532_A,PHE_534_A"
PHE_534_A,"VAL_482_A,VAL_487_A,THR_533_A,VAL_535_A"
VAL_535_A,"MET_490_A,GLY_531_A,PHE_534_A,VAL_536_A,LEU_539_A"
VAL_536_A,"LEU_524_A,VAL_535_A,ARG_537_A,ALA_540_A,PHE_583_A"
ARG_537_A,"GLU_476_A,VAL_536_A,ALA_538_A,SER_541_A,ASP_585_A"
ALA_538_A,"VAL_482_A,LEU_484_A,VAL_487_A,ARG_537_A,LEU_539_A"
LEU_539_A,"LEU_502_A,VAL_535_A,ALA_538_A,ALA_540_A,SER_542_A"
ALA_540_A,"VAL_536_A,LEU_539_A,SER_541_A,VAL_547_A"
SER_541_A,"VAL_482_A,ARG_537_A,ALA_540_A,SER_542_A"
SER_542_A,"LEU_539_A,SER_541_A,GLY_543_A"
GLY_543_A,"SER_542_A,ARG_544_A"
ARG_544_A,"ASP_393_A,GLY_543_A,LEU_545_A"
LEU_545_A,"SER_390_A,LEU_505_A,ARG_544_A,SER_546_A"
SER_546_A,"LEU_545_A,VAL_547_A,SER_577_A,PRO_579_A,SER_580_A,LEU_581_A"
VAL_547_A,"ALA_540_A,SER_546_A,HIS_548_A"
HIS_548_A,"VAL_547_A,ALA_549_A,LEU_570_A,ARG_573_A,LEU_581_A,PHE_583_A"
ALA_549_A,"HIS_548_A,VAL_550_A,PHE_583_A"
VAL_550_A,"ALA_549_A,LYS_551_A,TRP_559_A,PHE_583_A,LEU_584_A,ASP_585_A"
LYS_551_A,"VAL_550_A,GLY_552_A,GLU_554_A,ASP_585_A,GLU_586_A"
GLY_552_A,"LYS_551_A,SER_553_A,ASP_585_A"
SER_553_A,"GLY_552_A,GLU_554_A,ASP_557_A,GLU_586_A"
GLU_554_A,"LYS_551_A,SER_553_A,LEU_555_A,LYS_558_A,TRP_559_A"
LEU_555_A,"GLU_554_A,MET_556_A,TRP_559_A,ALA_566_A"
MET_556_A,"LEU_555_A,ASP_557_A"
ASP_557_A,"SER_553_A,MET_556_A,LYS_558_A"
LYS_558_A,"GLU_554_A,ASP_557_A,TRP_559_A"
TRP_559_A,"GLU_371_A,VAL_550_A,GLU_554_A,LEU_555_A,LYS_558_A,VAL_560_A"
VAL_560_A,"GLU_337_A,TRP_559_A,GLY_561_A"
GLY_561_A,"VAL_560_A,SER_562_A"
SER_562_A,"GLY_561_A,SER_563_A"
SER_563_A,"SER_562_A,GLU_564_A"
GLU_564_A,"SER_563_A,LYS_565_A,ARG_568_A"
LYS_565_A,"GLU_564_A,ALA_566_A,ARG_568_A,GLU_569_A"
ALA_566_A,"LEU_555_A,LYS_565_A,VAL_567_A,LEU_570_A"
VAL_567_A,"ALA_566_A,ARG_568_A"
ARG_568_A,"GLU_564_A,LYS_565_A,VAL_567_A,GLU_569_A,ALA_572_A,GLU_613_A"
GLU_569_A,"GLU_371_A,ARG_378_A,GLU_386_A,LYS_565_A,ARG_568_A,LEU_570_A,ARG_573_A"
LEU_570_A,"HIS_548_A,ALA_566_A,GLU_569_A,PHE_571_A,LEU_584_A"
PHE_571_A,"LEU_570_A,ALA_572_A,ARG_575_A,LEU_610_A,GLU_613_A,ILE_617_A"
ALA_572_A,"ARG_568_A,PHE_571_A,ARG_573_A"
ARG_573_A,"GLU_371_A,ARG_378_A,GLU_386_A,HIS_548_A,GLU_569_A,ALA_572_A,ALA_574_A,SER_577_A"
ALA_574_A,"ARG_573_A,ARG_575_A,SER_580_A,VAL_582_A"
ARG_575_A,"PHE_571_A,ALA_574_A,ASP_576_A,GLU_613_A,ILE_617_A,LEU_620_A"
ASP_576_A,"LYS_240_A,ARG_575_A,SER_577_A"
SER_577_A,"GLN_237_A,GLY_388_A,SER_546_A,ARG_573_A,ASP_576_A,ALA_578_A"
ALA_578_A,"SER_577_A,ASP_622_A"
PRO_579_A,"SER_546_A,SER_580_A"
SER_580_A,"SER_546_A,ALA_574_A,PRO_579_A,LEU_581_A,ASP_622_A,VAL_624_A"
LEU_581_A,"SER_546_A,HIS_548_A,SER_580_A,VAL_582_A"
VAL_582_A,"ALA_574_A,LEU_581_A,PHE_583_A,VAL_624_A,LEU_626_A"
PHE_583_A,"VAL_536_A,HIS_548_A,ALA_549_A,VAL_550_A,VAL_582_A,LEU_584_A,ASP_585_A,LEU_626_A,ALA_628_A"
LEU_584_A,"VAL_550_A,LEU_570_A,PHE_583_A,ASP_585_A,ILE_587_A,LEU_626_A"
ASP_585_A,"LYS_532_A,ARG_537_A,VAL_550_A,LYS_551_A,GLY_552_A,PHE_583_A,LEU_584_A,GLU_586_A"
GLU_586_A,"LYS_551_A,SER_553_A,ASP_585_A,ILE_587_A,ASP_588_A,ALA_628_A"
ILE_587_A,"LEU_584_A,GLU_586_A,ASP_588_A,ALA_591_A,ALA_628_A,ILE_635_A"
ASP_588_A,"GLU_586_A,ILE_587_A,ALA_589_A"
ALA_589_A,"ASP_588_A,LEU_590_A"
LEU_590_A,"ALA_589_A,ALA_591_A,LEU_610_A"
ALA_591_A,"ILE_587_A,LEU_590_A"
PRO_592_A,ARG_593_A
ARG_593_A,"PRO_592_A,ARG_594_A,ASP_633_A"
ARG_594_A,"ARG_593_A,GLY_595_A"
GLY_595_A,"ARG_594_A,GLN_596_A"
GLN_596_A,"GLY_595_A,ASN_597_A"
ASN_597_A,"GLN_596_A,PHE_598_A"
PHE_598_A,"ASN_597_A,ASP_599_A"
ASP_599_A,"PHE_598_A,SER_600_A,THR_603_A"
SER_600_A,"ASP_599_A,GLY_601_A"
GLY_601_A,"SER_600_A,VAL_602_A"
VAL_602_A,"GLY_601_A,THR_603_A"
THR_603_A,"ASP_599_A,VAL_602_A,ASP_604_A,VAL_607_A"
ASP_604_A,"THR_603_A,LYS_605_A,ALA_608_A"
LYS_605_A,"ASP_604_A,VAL_606_A,SER_609_A"
VAL_606_A,"LYS_605_A,VAL_607_A,LEU_610_A"
VAL_607_A,"THR_603_A,VAL_606_A,ALA_608_A,LEU_611_A"
ALA_608_A,"ASP_604_A,VAL_607_A,SER_609_A,THR_612_A"
SER_609_A,"LYS_605_A,ALA_608_A,LEU_610_A,GLU_613_A"
LEU_610_A,"PHE_571_A,LEU_590_A,VAL_606_A,SER_609_A,LEU_611_A,LEU_614_A"
LEU_611_A,"VAL_607_A,LEU_610_A,THR_612_A,LEU_639_A"
THR_612_A,"ALA_608_A,LEU_611_A,GLU_613_A"
GLU_613_A,"ARG_568_A,PHE_571_A,ARG_575_A,SER_609_A,THR_612_A,LEU_614_A"
LEU_614_A,"LEU_610_A,GLU_613_A,ASP_615_A,VAL_625_A,LEU_639_A"
ASP_615_A,"LEU_614_A,GLY_616_A,ARG_644_A"
GLY_616_A,"ASP_615_A,ILE_617_A"
ILE_617_A,"PHE_571_A,ARG_575_A,GLY_616_A,GLU_618_A,LEU_620_A,VAL_623_A"
GLU_618_A,"ARG_520_A,ILE_617_A"
PRO_619_A,LEU_620_A
LEU_620_A,"ARG_575_A,ILE_617_A,PRO_619_A,ARG_621_A"
ARG_621_A,"ILE_516_A,LEU_620_A,ASP_622_A"
ASP_622_A,"ALA_578_A,SER_580_A,ARG_621_A,VAL_623_A"
VAL_623_A,"ILE_617_A,ASP_622_A,VAL_624_A"
VAL_624_A,"LEU_505_A,PRO_519_A,SER_580_A,VAL_582_A,VAL_623_A,VAL_625_A"
VAL_625_A,"LEU_614_A,VAL_624_A,LEU_626_A"
LEU_626_A,"VAL_522_A,VAL_582_A,PHE_583_A,LEU_584_A,VAL_625_A,GLY_627_A"
GLY_627_A,"VAL_522_A,LEU_524_A,LEU_626_A,ALA_628_A"
ALA_628_A,"PHE_583_A,GLU_586_A,ILE_587_A,GLY_627_A,THR_629_A"
THR_629_A,"ALA_628_A,ASN_630_A,ARG_631_A,ILE_635_A"
ASN_630_A,"THR_629_A,ARG_631_A"
ARG_631_A,"THR_629_A,ASN_630_A,ASP_633_A,LEU_634_A"
PRO_632_A,"ASP_633_A,PHE_741_A"
ASP_633_A,"ARG_593_A,ARG_631_A,PRO_632_A,LEU_634_A"
LEU_634_A,"ARG_631_A,ASP_633_A,ILE_635_A"
ILE_635_A,"ILE_587_A,THR_629_A,LEU_634_A,ASP_636_A,LEU_639_A"
ASP_636_A,"ILE_635_A,ALA_638_A,LEU_639_A"
PRO_637_A,"ALA_638_A,LEU_640_A"
ALA_638_A,"ASP_636_A,PRO_637_A,LEU_639_A,ARG_644_A"
LEU_639_A,"LEU_611_A,LEU_614_A,ILE_635_A,ASP_636_A,ALA_638_A,LEU_640_A"
LEU_640_A,"LEU_523_A,PRO_637_A,LEU_639_A,ARG_641_A,PHE_741_A"
ARG_641_A,"LEU_640_A,ARG_644_A"
PRO_642_A,GLY_643_A
GLY_643_A,"PRO_642_A,ARG_644_A,GLU_646_A"
ARG_644_A,"ASP_615_A,ALA_638_A,ARG_641_A,GLY_643_A,LEU_645_A,GLU_646_A"
LEU_645_A,"ARG_644_A,GLU_646_A"
GLU_646_A,"ARG_520_A,GLY_643_A,ARG_644_A,LEU_645_A,ARG_647_A"
ARG_647_A,"GLY_521_A,GLU_646_A,LEU_648_A"
LEU_648_A,"TYR_525_A,ARG_647_A,VAL_649_A,PHE_741_A"
VAL_649_A,"LEU_523_A,LEU_524_A,LEU_648_A,PHE_650_A"
PHE_650_A,"TYR_525_A,VAL_649_A,VAL_651_A,GLU_652_A,LEU_738_A,ARG_739_A"
VAL_651_A,"LEU_524_A,TYR_525_A,PHE_650_A,GLU_652_A"
GLU_652_A,"PHE_650_A,VAL_651_A,ARG_739_A"
PRO_653_A,"LEU_730_A,VAL_735_A"
PRO_654_A,"ASP_655_A,ALA_658_A,ARG_659_A,ILE_662_A"
ASP_655_A,"ASP_489_A,PRO_654_A,ALA_656_A,ALA_658_A,ARG_659_A"
ALA_656_A,"ASP_655_A,ALA_657_A"
ALA_657_A,"ALA_656_A,ALA_658_A"
ALA_658_A,"PRO_654_A,ASP_655_A,ALA_657_A,ARG_659_A"
ARG_659_A,"PRO_654_A,ASP_655_A,ALA_658_A,ARG_660_A,LEU_663_A,ALA_682_A,ASP_683_A,ASP_686_A"
ARG_660_A,"ARG_659_A,ASP_661_A,ARG_664_A,ASP_679_A,ALA_682_A,ASP_683_A"
ASP_661_A,"ASP_489_A,ARG_660_A,ILE_662_A,THR_665_A"
ILE_662_A,"PRO_654_A,ASP_661_A,LEU_663_A,ALA_690_A"
LEU_663_A,"ARG_659_A,ILE_662_A,ARG_664_A,GLY_667_A,LEU_697_A"
ARG_664_A,"ARG_660_A,LEU_663_A,THR_665_A,ASP_677_A,ASP_679_A"
THR_665_A,"ASP_661_A,ARG_664_A,ALA_666_A"
ALA_666_A,"THR_665_A,GLY_667_A,LEU_697_A"
GLY_667_A,"LEU_663_A,ALA_666_A,LYS_668_A"
LYS_668_A,"GLY_667_A,SER_669_A"
SER_669_A,"LYS_668_A,ILE_670_A"
ILE_670_A,"ALA_48_A,SER_669_A,VAL_714_A"
PRO_671_A,LEU_672_A
LEU_672_A,"PRO_671_A,ALA_673_A"
ALA_673_A,"LEU_672_A,ASP_674_A,VAL_714_A"
ASP_674_A,"ALA_673_A,ASP_675_A"
ASP_675_A,"ASP_674_A,VAL_676_A"
VAL_676_A,"ASP_675_A,ASP_677_A"
ASP_677_A,"ARG_664_A,VAL_676_A,LEU_678_A,ASP_679_A,SER_680_A,LEU_681_A"
LEU_678_A,"ASP_677_A,ASP_679_A"
ASP_679_A,"ARG_660_A,ARG_664_A,ASP_677_A,LEU_678_A,SER_680_A"
SER_680_A,"ASP_677_A,ASP_679_A,LEU_681_A"
LEU_681_A,"ASP_677_A,SER_680_A,ALA_682_A"
ALA_682_A,"ARG_659_A,ARG_660_A,LEU_681_A,ASP_683_A"
ASP_683_A,"ARG_659_A,ARG_660_A,ALA_682_A,ASP_684_A"
ASP_684_A,"ASP_683_A,LEU_685_A,ARG_723_A"
LEU_685_A,"ASP_684_A,ASP_686_A,TYR_688_A,LEU_696_A"
ASP_686_A,"ARG_659_A,LEU_685_A,GLY_687_A"
GLY_687_A,"ASP_686_A,TYR_688_A"
TYR_688_A,"LEU_685_A,GLY_687_A,SER_689_A,ASP_692_A,VAL_726_A"
SER_689_A,"TYR_688_A,ALA_690_A"
ALA_690_A,"GLY_529_A,ILE_662_A,SER_689_A,ALA_691_A"
ALA_691_A,"GLY_529_A,ALA_690_A,ASP_692_A,ALA_695_A"
ASP_692_A,"TYR_688_A,ALA_691_A,CYS_693_A,LEU_696_A,SER_729_A"
CYS_693_A,"ASP_692_A,VAL_694_A"
VAL_694_A,"CYS_693_A,ALA_695_A"
ALA_695_A,"ALA_691_A,VAL_694_A,LEU_696_A,GLU_699_A"
LEU_696_A,"LEU_685_A,ASP_692_A,ALA_695_A,LEU_697_A,SER_700_A,ALA_722_A,ARG_723_A"
LEU_697_A,"LEU_663_A,ALA_666_A,LEU_696_A,ARG_698_A,ALA_701_A"
ARG_698_A,"LEU_697_A,GLU_699_A"
GLU_699_A,"ALA_695_A,ARG_698_A,SER_700_A,THR_703_A,ALA_722_A,VAL_726_A"
SER_700_A,"LEU_696_A,GLU_699_A,ALA_701_A"
ALA_701_A,"LEU_697_A,SER_700_A,MET_702_A,MET_705_A"
MET_702_A,"ALA_701_A,THR_703_A"
THR_703_A,"GLU_699_A,MET_702_A,ALA_704_A,LYS_721_A"
ALA_704_A,"THR_703_A,MET_705_A"
MET_705_A,"VAL_46_A,ALA_701_A,ALA_704_A,ARG_706_A"
ARG_706_A,"HIS_21_A,MET_705_A,ARG_707_A"
ARG_707_A,"ARG_706_A,SER_708_A,ASP_718_A"
SER_708_A,"ARG_707_A,ILE_709_A"
ILE_709_A,"SER_708_A,ASP_710_A"
ASP_710_A,"ILE_709_A,ALA_711_A"
ALA_711_A,"ASP_710_A,ALA_712_A"
ALA_712_A,"ALA_79_A,ALA_711_A,ASP_713_A"
ASP_713_A,"GLU_45_A,ALA_712_A,VAL_714_A"
VAL_714_A,"ILE_670_A,ALA_673_A,ASP_713_A,THR_715_A"
THR_715_A,"VAL_714_A,ALA_716_A,ASP_718_A"
ALA_716_A,"THR_715_A,ALA_717_A,ALA_720_A"
ALA_717_A,"ALA_716_A,ASP_718_A,LYS_721_A"
ASP_718_A,"ARG_707_A,THR_715_A,ALA_717_A,VAL_719_A,ALA_722_A"
VAL_719_A,"ASP_718_A,ALA_720_A,ARG_723_A"
ALA_720_A,"ALA_716_A,VAL_719_A,LYS_721_A"
LYS_721_A,"THR_703_A,ALA_717_A,ALA_720_A,ALA_722_A,GLU_724_A"
ALA_722_A,"LEU_696_A,GLU_699_A,ASP_718_A,LYS_721_A,ARG_723_A,VAL_726_A"
ARG_723_A,"ASP_684_A,LEU_696_A,VAL_719_A,ALA_722_A,GLU_724_A,ARG_727_A"
GLU_724_A,"LYS_721_A,ARG_723_A,THR_725_A"
THR_725_A,"GLU_724_A,VAL_726_A"
VAL_726_A,"TYR_688_A,GLU_699_A,ALA_722_A,THR_725_A,ARG_727_A"
ARG_727_A,"ARG_723_A,VAL_726_A"
PRO_728_A,SER_729_A
SER_729_A,"ASP_692_A,PRO_728_A,LEU_730_A"
LEU_730_A,"PRO_653_A,SER_729_A,ASP_731_A"
ASP_731_A,"LEU_730_A,ALA_733_A,VAL_735_A"
PRO_732_A,ALA_733_A
ALA_733_A,"ASP_731_A,PRO_732_A,GLN_734_A,SER_737_A"
GLN_734_A,"ALA_733_A,VAL_735_A"
VAL_735_A,"PRO_653_A,ASP_731_A,GLN_734_A,GLU_736_A"
GLU_736_A,"VAL_735_A,SER_737_A,ARG_739_A,GLU_740_A"
SER_737_A,"ALA_733_A,GLU_736_A,LEU_738_A"
LEU_738_A,"PHE_650_A,SER_737_A,ARG_739_A"
ARG_739_A,"PHE_650_A,GLU_652_A,GLU_736_A,LEU_738_A,GLU_740_A"
GLU_740_A,"GLU_736_A,ARG_739_A,PHE_741_A,LYS_744_A"
PHE_741_A,"PRO_632_A,LEU_640_A,LEU_648_A,GLU_740_A,ALA_742_A"
ALA_742_A,"PHE_741_A,GLU_743_A"
GLU_743_A,"ALA_742_A,LYS_744_A"
LYS_744_A,"GLU_740_A,GLU_743_A"
