residue_id,neighbors
HIS_29_A,HIS_30_A
HIS_30_A,"HIS_29_A,HIS_31_A"
HIS_31_A,"HIS_30_A,MET_32_A,ILE_33_A"
MET_32_A,"HIS_31_A,ILE_33_A,GLN_67_A"
ILE_33_A,"HIS_31_A,MET_32_A,THR_34_A"
THR_34_A,"ILE_33_A,LEU_35_A,GLU_36_A,ILE_69_A"
LEU_35_A,"THR_34_A,GLU_36_A"
GLU_36_A,"THR_34_A,LEU_35_A,ASN_37_A,HIS_68_A"
ASN_37_A,"GLU_36_A,ASP_39_A,ILE_40_A"
PRO_38_A,ASP_39_A
ASP_39_A,"ASN_37_A,PRO_38_A,ILE_40_A"
ILE_40_A,"ASN_37_A,ASP_39_A,LYS_41_A,TYR_42_A"
LYS_41_A,"ILE_40_A,TYR_42_A,GLU_140_A,ARG_142_A"
TYR_42_A,"ILE_40_A,LYS_41_A,PHE_141_A"
PRO_43_A,LEU_44_A
LEU_44_A,"PRO_43_A,ARG_45_A,ILE_139_A,PHE_141_A"
ARG_45_A,"LEU_44_A,LEU_46_A,ALA_62_A"
LEU_46_A,"ARG_45_A,ILE_47_A,GLY_136_A,ASP_137_A"
ILE_47_A,"LEU_46_A,ASP_48_A,ARG_60_A"
ASP_48_A,"ILE_47_A,LYS_49_A,ARG_58_A,ARG_60_A"
LYS_49_A,"ASP_48_A,GLU_50_A,ARG_57_A,GLU_131_A"
GLU_50_A,"LYS_49_A,ILE_51_A,LEU_52_A,ARG_58_A"
ILE_51_A,"GLU_50_A,LEU_52_A"
LEU_52_A,"GLU_50_A,ILE_51_A,SER_53_A"
SER_53_A,"LEU_52_A,HIS_54_A,THR_56_A,ARG_57_A"
HIS_54_A,"SER_53_A,ASP_55_A"
ASP_55_A,"HIS_54_A,THR_56_A,LYS_110_A,VAL_111_A,LYS_213_A,ASP_214_A"
THR_56_A,"SER_53_A,ASP_55_A,ARG_57_A"
ARG_57_A,"LYS_49_A,SER_53_A,THR_56_A,ARG_58_A,PHE_59_A,VAL_109_A,GLU_131_A"
ARG_58_A,"ASP_48_A,GLU_50_A,ARG_57_A,PHE_59_A,ARG_60_A,ASP_106_A"
PHE_59_A,"ARG_57_A,ARG_58_A,ARG_60_A,PHE_61_A,LEU_107_A,LEU_130_A"
ARG_60_A,"ILE_47_A,ASP_48_A,ARG_58_A,PHE_59_A,PHE_61_A,PHE_104_A,ASP_106_A"
PHE_61_A,"PHE_59_A,ARG_60_A,ALA_62_A,VAL_105_A,ILE_139_A,PHE_141_A"
ALA_62_A,"ARG_45_A,PHE_61_A,LEU_63_A"
LEU_63_A,"ALA_62_A,GLY_103_A"
PRO_64_A,SER_65_A
SER_65_A,"PRO_64_A,HIS_68_A"
PRO_66_A,GLN_67_A
GLN_67_A,"MET_32_A,PRO_66_A,HIS_68_A"
HIS_68_A,"GLU_36_A,SER_65_A,GLN_67_A,ILE_69_A,GLY_103_A"
ILE_69_A,"THR_34_A,HIS_68_A,LEU_70_A"
LEU_70_A,"ILE_69_A,GLY_71_A"
GLY_71_A,"LEU_70_A,LEU_72_A,ASP_99_A"
LEU_72_A,"GLY_71_A,PRO_144_A"
PRO_73_A,ILE_74_A
ILE_74_A,"PRO_73_A,GLY_75_A,TYR_150_A"
GLY_75_A,"ILE_74_A,GLN_76_A,GLN_188_A"
GLN_76_A,"GLY_75_A,HIS_77_A"
HIS_77_A,"GLN_76_A,ILE_78_A,TYR_79_A,ASN_145_A"
ILE_78_A,"HIS_77_A,TYR_79_A,TYR_93_A"
TYR_79_A,"HIS_77_A,ILE_78_A,LEU_80_A,ILE_90_A,PRO_92_A,ARG_142_A,ASN_145_A"
LEU_80_A,"TYR_79_A,SER_81_A,PHE_141_A"
SER_81_A,"LEU_80_A,THR_82_A,GLU_140_A"
THR_82_A,"SER_81_A,ARG_83_A,ILE_84_A,VAL_89_A"
ARG_83_A,"THR_82_A,ILE_84_A"
ILE_84_A,"THR_82_A,ARG_83_A,ASP_85_A,ASN_87_A,VAL_89_A"
ASP_85_A,"ILE_84_A,GLY_86_A"
GLY_86_A,"ASP_85_A,ASN_87_A"
ASN_87_A,"ILE_84_A,GLY_86_A,LEU_88_A"
LEU_88_A,"ASN_87_A,VAL_89_A"
VAL_89_A,"THR_82_A,ILE_84_A,LEU_88_A,ILE_90_A"
ILE_90_A,"TYR_79_A,VAL_89_A,ARG_91_A"
ARG_91_A,"ILE_90_A,TYR_93_A,LYS_125_A,MET_126_A"
PRO_92_A,"TYR_79_A,TYR_93_A"
TYR_93_A,"ILE_78_A,ARG_91_A,PRO_92_A,THR_94_A"
THR_94_A,TYR_93_A
PRO_95_A,"VAL_96_A,VAL_105_A"
VAL_96_A,"PRO_95_A,SER_97_A,ASP_106_A,VAL_108_A"
SER_97_A,"VAL_96_A,SER_98_A,ASP_106_A"
SER_98_A,"SER_97_A,ASP_99_A,ASP_101_A,LYS_195_A"
ASP_99_A,"GLY_71_A,SER_98_A,ASP_100_A"
ASP_100_A,"ASP_99_A,ASP_101_A,LYS_195_A"
ASP_101_A,"SER_98_A,ASP_100_A,LYS_102_A"
LYS_102_A,"ASP_101_A,GLY_103_A"
GLY_103_A,"LEU_63_A,HIS_68_A,LYS_102_A,PHE_104_A"
PHE_104_A,"ARG_60_A,GLY_103_A,VAL_105_A"
VAL_105_A,"PHE_61_A,PRO_95_A,PHE_104_A,ASP_106_A"
ASP_106_A,"ARG_58_A,ARG_60_A,VAL_96_A,SER_97_A,VAL_105_A,LEU_107_A"
LEU_107_A,"PHE_59_A,ASP_106_A,VAL_108_A"
VAL_108_A,"VAL_96_A,LEU_107_A,VAL_109_A"
VAL_109_A,"ARG_57_A,VAL_108_A,LYS_110_A"
LYS_110_A,"ASP_55_A,VAL_109_A,VAL_111_A,LYS_213_A,ASP_214_A"
VAL_111_A,"ASP_55_A,LYS_110_A,TYR_112_A,PHE_113_A"
TYR_112_A,"VAL_111_A,PHE_113_A,GLY_124_A"
PHE_113_A,"VAL_111_A,TYR_112_A,LYS_114_A"
LYS_114_A,"PHE_113_A,GLU_115_A,GLN_128_A"
GLU_115_A,"LYS_114_A,THR_116_A,PRO_121_A"
THR_116_A,"GLU_115_A,HIS_117_A"
HIS_117_A,"THR_116_A,PHE_120_A"
PRO_118_A,LYS_119_A
LYS_119_A,"PRO_118_A,PHE_120_A"
PHE_120_A,"HIS_117_A,LYS_119_A"
PRO_121_A,"GLU_115_A,ALA_122_A"
ALA_122_A,"PRO_121_A,GLY_123_A"
GLY_123_A,"ALA_122_A,GLY_124_A"
GLY_124_A,"TYR_112_A,GLY_123_A,LYS_125_A,GLN_128_A"
LYS_125_A,"ARG_91_A,GLY_124_A,MET_126_A"
MET_126_A,"ARG_91_A,LYS_125_A,SER_127_A"
SER_127_A,"MET_126_A,GLN_128_A"
GLN_128_A,"LYS_114_A,GLY_124_A,SER_127_A,TYR_129_A"
TYR_129_A,"GLN_128_A,LEU_130_A"
LEU_130_A,"PHE_59_A,TYR_129_A,GLU_131_A"
GLU_131_A,"LYS_49_A,ARG_57_A,LEU_130_A,ASN_132_A"
ASN_132_A,"GLU_131_A,MET_133_A"
MET_133_A,"ASN_132_A,ASN_134_A,ASP_137_A"
ASN_134_A,"MET_133_A,ILE_135_A,ASP_137_A"
ILE_135_A,"ASN_134_A,GLY_136_A"
GLY_136_A,"LEU_46_A,ILE_135_A,ASP_137_A"
ASP_137_A,"LEU_46_A,MET_133_A,ASN_134_A,GLY_136_A,THR_138_A"
THR_138_A,"ASP_137_A,ILE_139_A"
ILE_139_A,"LEU_44_A,PHE_61_A,THR_138_A,GLU_140_A"
GLU_140_A,"LYS_41_A,SER_81_A,ILE_139_A,PHE_141_A,ARG_142_A"
PHE_141_A,"TYR_42_A,LEU_44_A,PHE_61_A,LEU_80_A,GLU_140_A,ARG_142_A"
ARG_142_A,"LYS_41_A,TYR_79_A,GLU_140_A,PHE_141_A,GLY_143_A"
GLY_143_A,ARG_142_A
PRO_144_A,"LEU_72_A,ASN_145_A"
ASN_145_A,"HIS_77_A,TYR_79_A,PRO_144_A,GLY_146_A"
GLY_146_A,"ASN_145_A,LEU_147_A"
LEU_147_A,"GLY_146_A,LEU_148_A,ARG_159_A"
LEU_148_A,"LEU_147_A,VAL_149_A,PHE_298_A"
VAL_149_A,"LEU_148_A,TYR_150_A,ALA_157_A"
TYR_150_A,"ILE_74_A,VAL_149_A,GLN_151_A,GLY_154_A,PHE_156_A,VAL_193_A,ASP_199_A"
GLN_151_A,"TYR_150_A,GLY_152_A,LYS_155_A"
GLY_152_A,"GLN_151_A,LYS_153_A"
LYS_153_A,"GLY_152_A,GLY_154_A,ASP_196_A"
GLY_154_A,"TYR_150_A,LYS_153_A,LYS_155_A,VAL_171_A"
LYS_155_A,"GLN_151_A,GLY_154_A,PHE_156_A"
PHE_156_A,"TYR_150_A,LYS_155_A,ALA_157_A,ARG_169_A,VAL_171_A"
ALA_157_A,"VAL_149_A,PHE_156_A,ILE_158_A"
ILE_158_A,"ALA_157_A,ARG_159_A,VAL_167_A"
ARG_159_A,"LEU_147_A,ILE_158_A,ALA_160_A"
ALA_160_A,"ARG_159_A,ASP_161_A"
ASP_161_A,"ALA_160_A,LYS_162_A,LYS_163_A"
LYS_162_A,"ASP_161_A,LYS_163_A"
LYS_163_A,"ASP_161_A,LYS_162_A,SER_164_A"
SER_164_A,"LYS_163_A,ASN_165_A"
ASN_165_A,SER_164_A
PRO_166_A,VAL_167_A
VAL_167_A,"ILE_158_A,PRO_166_A,VAL_168_A"
VAL_168_A,"VAL_167_A,ARG_169_A"
ARG_169_A,"PHE_156_A,VAL_168_A,THR_170_A,ARG_296_A"
THR_170_A,"ARG_169_A,VAL_171_A"
VAL_171_A,"GLY_154_A,PHE_156_A,THR_170_A,LYS_172_A"
LYS_172_A,"VAL_171_A,SER_173_A,GLU_267_A"
SER_173_A,"LYS_172_A,VAL_174_A"
VAL_174_A,"SER_173_A,GLY_175_A,THR_201_A,VAL_202_A,TYR_204_A,LEU_271_A"
GLY_175_A,"VAL_174_A,MET_176_A,LEU_269_A,LEU_271_A"
MET_176_A,"GLY_175_A,ILE_177_A,VAL_189_A,ILE_190_A,TYR_204_A,LEU_206_A"
ILE_177_A,"MET_176_A,ALA_178_A,LEU_206_A,LEU_261_A,LEU_271_A"
ALA_178_A,"ILE_177_A,GLY_179_A,ALA_208_A"
GLY_179_A,"ALA_178_A,GLY_180_A"
GLY_180_A,"GLY_179_A,THR_181_A,GLY_182_A"
THR_181_A,"GLY_180_A,GLY_182_A,ILE_183_A"
GLY_182_A,"GLY_180_A,THR_181_A,ILE_183_A"
ILE_183_A,"THR_181_A,GLY_182_A,THR_184_A,LEU_187_A,LEU_205_A,PHE_207_A"
THR_184_A,ILE_183_A
PRO_185_A,MET_186_A
MET_186_A,"PRO_185_A,LEU_187_A,ILE_190_A,PHE_300_A"
LEU_187_A,"ILE_183_A,MET_186_A,GLN_188_A"
GLN_188_A,"GLY_75_A,LEU_187_A,VAL_189_A"
VAL_189_A,"MET_176_A,GLN_188_A,ILE_190_A"
ILE_190_A,"MET_176_A,MET_186_A,VAL_189_A,ARG_191_A,LEU_194_A,CYS_203_A"
ARG_191_A,"ILE_190_A,ALA_192_A,LYS_195_A,GLU_220_A"
ALA_192_A,"ARG_191_A,VAL_193_A"
VAL_193_A,"TYR_150_A,ALA_192_A,LEU_194_A"
LEU_194_A,"ILE_190_A,VAL_193_A,LYS_195_A,HIS_228_A,ARG_231_A"
LYS_195_A,"SER_98_A,ASP_100_A,ARG_191_A,LEU_194_A,ASP_196_A"
ASP_196_A,"LYS_153_A,LYS_195_A,ASN_198_A,ASP_199_A"
PRO_197_A,ASN_198_A
ASN_198_A,"ASP_196_A,PRO_197_A,ASP_199_A"
ASP_199_A,"TYR_150_A,ASP_196_A,ASN_198_A,HIS_200_A,THR_201_A,ARG_231_A"
HIS_200_A,"ASP_199_A,THR_201_A"
THR_201_A,"VAL_174_A,ASP_199_A,HIS_200_A,VAL_202_A"
VAL_202_A,"VAL_174_A,THR_201_A,CYS_203_A,TYR_204_A"
CYS_203_A,"ILE_190_A,VAL_202_A,TYR_204_A,ARG_231_A,LYS_233_A"
TYR_204_A,"VAL_174_A,MET_176_A,VAL_202_A,CYS_203_A,LEU_205_A,LYS_233_A"
LEU_205_A,"ILE_183_A,TYR_204_A,LEU_206_A,LYS_233_A,TRP_235_A"
LEU_206_A,"MET_176_A,ILE_177_A,LEU_205_A,PHE_207_A"
PHE_207_A,"ILE_183_A,LEU_206_A,ALA_208_A,ILE_215_A,LEU_221_A,TRP_235_A"
ALA_208_A,"ALA_178_A,PHE_207_A,ASN_209_A,THR_237_A"
ASN_209_A,"ALA_208_A,GLN_210_A,ILE_215_A"
GLN_210_A,"ASN_209_A,SER_211_A,LYS_240_A"
SER_211_A,"GLN_210_A,GLU_212_A,ASP_214_A"
GLU_212_A,"SER_211_A,LYS_213_A,ARG_218_A"
LYS_213_A,"ASP_55_A,LYS_110_A,GLU_212_A,ASP_214_A"
ASP_214_A,"ASP_55_A,LYS_110_A,SER_211_A,LYS_213_A,ILE_215_A,LYS_240_A"
ILE_215_A,"PHE_207_A,ASN_209_A,ASP_214_A,LEU_216_A"
LEU_216_A,"ILE_215_A,LEU_217_A"
LEU_217_A,"LEU_216_A,ARG_218_A"
ARG_218_A,"GLU_212_A,LEU_217_A,GLU_222_A"
PRO_219_A,GLU_220_A
GLU_220_A,"ARG_191_A,PRO_219_A,LEU_221_A"
LEU_221_A,"PHE_207_A,GLU_220_A,GLU_222_A"
GLU_222_A,"ARG_218_A,LEU_221_A,GLU_223_A,ARG_225_A,TYR_236_A"
GLU_223_A,"GLU_222_A,LEU_224_A,GLU_227_A"
LEU_224_A,"GLU_223_A,ARG_225_A,HIS_228_A"
ARG_225_A,"GLU_222_A,LEU_224_A,ASN_226_A"
ASN_226_A,"ARG_225_A,GLU_227_A"
GLU_227_A,"GLU_223_A,ASN_226_A,HIS_228_A"
HIS_228_A,"LEU_194_A,LEU_224_A,GLU_227_A,SER_229_A,ARG_231_A"
SER_229_A,"HIS_228_A,SER_230_A,LYS_233_A"
SER_230_A,"SER_229_A,ARG_231_A"
ARG_231_A,"LEU_194_A,ASP_199_A,CYS_203_A,HIS_228_A,SER_230_A,PHE_232_A"
PHE_232_A,"ARG_231_A,LYS_233_A"
LYS_233_A,"CYS_203_A,TYR_204_A,LEU_205_A,SER_229_A,PHE_232_A,LEU_234_A"
LEU_234_A,"LYS_233_A,TRP_235_A"
TRP_235_A,"LEU_205_A,PHE_207_A,LEU_234_A,TYR_236_A,TYR_247_A,SER_248_A,HIS_260_A"
TYR_236_A,"GLU_222_A,TRP_235_A,THR_237_A,TYR_247_A"
THR_237_A,"ALA_208_A,TYR_236_A,VAL_238_A,GLY_250_A"
VAL_238_A,"THR_237_A,ASP_239_A,GLY_250_A"
ASP_239_A,"VAL_238_A,LYS_240_A"
LYS_240_A,"GLN_210_A,ASP_214_A,ASP_239_A,ALA_241_A"
ALA_241_A,LYS_240_A
PRO_242_A,"ASP_243_A,TRP_245_A"
ASP_243_A,"PRO_242_A,ALA_244_A"
ALA_244_A,"ASP_243_A,TRP_245_A"
TRP_245_A,"PRO_242_A,ALA_244_A,ASP_246_A,TYR_247_A,SER_248_A"
ASP_246_A,"TRP_245_A,TYR_247_A"
TYR_247_A,"TRP_235_A,TYR_236_A,TRP_245_A,ASP_246_A,SER_248_A"
SER_248_A,"TRP_235_A,TRP_245_A,TYR_247_A,GLN_249_A"
GLN_249_A,"SER_248_A,GLY_250_A"
GLY_250_A,"THR_237_A,VAL_238_A,GLN_249_A,PHE_251_A"
PHE_251_A,"GLY_250_A,VAL_252_A"
VAL_252_A,"PHE_251_A,ASN_253_A"
ASN_253_A,"VAL_252_A,GLU_254_A,MET_256_A"
GLU_254_A,"ASN_253_A,GLU_255_A,ARG_258_A,ARG_289_A,VAL_290_A"
GLU_255_A,"GLU_254_A,MET_256_A,ASP_259_A"
MET_256_A,"ASN_253_A,GLU_255_A,ILE_257_A,HIS_260_A"
ILE_257_A,"MET_256_A,ARG_258_A,LEU_261_A,VAL_290_A"
ARG_258_A,"GLU_254_A,ILE_257_A,ASP_259_A"
ASP_259_A,"GLU_255_A,ARG_258_A,HIS_260_A"
HIS_260_A,"TRP_235_A,MET_256_A,ASP_259_A,LEU_261_A"
LEU_261_A,"ILE_177_A,ILE_257_A,HIS_260_A"
PRO_262_A,THR_268_A
PRO_264_A,GLY_265_A
GLY_265_A,"PRO_264_A,GLU_266_A,THR_268_A"
GLU_266_A,"GLY_265_A,GLU_267_A,ARG_296_A"
GLU_267_A,"LYS_172_A,GLU_266_A,THR_268_A"
THR_268_A,"PRO_262_A,GLY_265_A,GLU_267_A,LEU_269_A"
LEU_269_A,"GLY_175_A,THR_268_A,ILE_270_A,LEU_271_A"
ILE_270_A,"LEU_269_A,LEU_271_A,PHE_298_A"
LEU_271_A,"VAL_174_A,GLY_175_A,ILE_177_A,LEU_269_A,ILE_270_A,MET_272_A"
MET_272_A,"LEU_271_A,CYS_273_A,LEU_284_A,PHE_298_A,PHE_300_A"
CYS_273_A,"MET_272_A,GLY_274_A"
GLY_274_A,CYS_273_A
PRO_275_A,MET_278_A
PRO_276_A,GLN_280_A
PRO_277_A,"MET_278_A,PHE_281_A"
MET_278_A,"PRO_275_A,PRO_277_A,ILE_279_A,ALA_282_A"
ILE_279_A,"MET_278_A,GLN_280_A,THR_299_A"
GLN_280_A,"PRO_276_A,ILE_279_A,PHE_281_A"
PHE_281_A,"PRO_277_A,GLN_280_A,ALA_282_A"
ALA_282_A,"MET_278_A,PHE_281_A,CYS_283_A,ASN_286_A"
CYS_283_A,"ALA_282_A,LEU_284_A,LEU_287_A"
LEU_284_A,"MET_272_A,CYS_283_A"
PRO_285_A,ASN_286_A
ASN_286_A,"ALA_282_A,PRO_285_A,LEU_287_A,ARG_289_A,VAL_290_A"
LEU_287_A,"CYS_283_A,ASN_286_A,GLU_288_A,HIS_292_A"
GLU_288_A,"LEU_287_A,ARG_289_A,LYS_294_A"
ARG_289_A,"GLU_254_A,ASN_286_A,GLU_288_A,VAL_290_A"
VAL_290_A,"GLU_254_A,ILE_257_A,ASN_286_A,ARG_289_A,GLY_291_A"
GLY_291_A,"VAL_290_A,HIS_292_A"
HIS_292_A,"LEU_287_A,GLY_291_A"
PRO_293_A,"LYS_294_A,ARG_296_A"
LYS_294_A,"GLU_288_A,PRO_293_A,GLU_295_A"
GLU_295_A,"LYS_294_A,ARG_296_A"
ARG_296_A,"ARG_169_A,GLU_266_A,PRO_293_A,GLU_295_A,CYS_297_A"
CYS_297_A,"ARG_296_A,PHE_298_A"
PHE_298_A,"LEU_148_A,ILE_270_A,MET_272_A,CYS_297_A,THR_299_A"
THR_299_A,"ILE_279_A,PHE_298_A,PHE_300_A"
PHE_300_A,"MET_186_A,MET_272_A,THR_299_A"
