residue_id,neighbors
ASP_-3_A,PHE_-1_A
PRO_-2_A,"PHE_-1_A,LYS_3_A"
PHE_-1_A,"ASP_-3_A,PRO_-2_A,THR_0_A"
THR_0_A,"PHE_-1_A,GLN_1_A,LYS_3_A"
GLN_1_A,"THR_0_A,PHE_2_A"
PHE_2_A,"GLN_1_A,LYS_3_A,LEU_38_A,ASN_39_A,ILE_42_A,ILE_52_A"
LYS_3_A,"PRO_-2_A,THR_0_A,PHE_2_A,GLN_4_A"
GLN_4_A,"LYS_3_A,THR_5_A"
THR_5_A,"GLN_4_A,TYR_27_A,GLU_77_A"
PRO_6_A,LEU_7_A
LEU_7_A,"PRO_6_A,TYR_9_A,TYR_11_A,TYR_27_A,TRP_80_A"
PRO_8_A,TYR_9_A
TYR_9_A,"LEU_7_A,PRO_8_A,ALA_10_A,ALA_13_A,LEU_14_A,TRP_80_A"
ALA_10_A,"TYR_9_A,TYR_11_A,ALA_13_A"
TYR_11_A,"LEU_7_A,ALA_10_A,ASP_12_A"
ASP_12_A,"TYR_11_A,ALA_13_A,ALA_20_A"
ALA_13_A,"TYR_9_A,ALA_10_A,ASP_12_A,LEU_14_A"
LEU_14_A,"TYR_9_A,ALA_13_A,GLU_15_A,GLY_16_A,ALA_17_A,ILE_18_A,MET_23_A,LEU_83_A"
GLU_15_A,"LEU_14_A,GLY_16_A,ALA_20_A,ARG_172_A"
GLY_16_A,"LEU_14_A,GLU_15_A,ALA_17_A"
ALA_17_A,"LEU_14_A,GLY_16_A,ILE_18_A,TYR_173_A"
ILE_18_A,"LEU_14_A,ALA_17_A,ASP_19_A"
ASP_19_A,"ILE_18_A,ALA_20_A,THR_22_A,ARG_172_A"
ALA_20_A,"ASP_12_A,GLU_15_A,ASP_19_A,LYS_21_A,GLU_24_A"
LYS_21_A,"ALA_20_A,THR_22_A,GLU_24_A,ILE_25_A"
THR_22_A,"ASP_19_A,LYS_21_A,MET_23_A,HIS_26_A"
MET_23_A,"LEU_14_A,THR_22_A,GLU_24_A"
GLU_24_A,"ALA_20_A,LYS_21_A,MET_23_A,ILE_25_A,SER_28_A,LYS_29_A"
ILE_25_A,"LYS_21_A,GLU_24_A,HIS_26_A,LYS_29_A"
HIS_26_A,"THR_22_A,ILE_25_A,TYR_27_A,ALA_31_A,HIS_76_A,ASP_163_A,HIS_167_A"
TYR_27_A,"THR_5_A,LEU_7_A,HIS_26_A,SER_28_A,TRP_80_A"
SER_28_A,"GLU_24_A,TYR_27_A,LYS_29_A"
LYS_29_A,"GLU_24_A,ILE_25_A,SER_28_A,HIS_30_A,GLY_33_A"
HIS_30_A,"LYS_29_A,ALA_31_A,HIS_167_A"
ALA_31_A,"HIS_26_A,HIS_30_A,ALA_32_A,HIS_76_A,TRP_80_A"
ALA_32_A,"ALA_31_A,GLY_33_A"
GLY_33_A,"LYS_29_A,ALA_32_A,TYR_34_A,ASN_37_A"
TYR_34_A,"GLY_33_A,THR_35_A,LEU_38_A,HIS_76_A"
THR_35_A,"TYR_34_A,ALA_36_A,HIS_73_A"
ALA_36_A,"THR_35_A,ASN_37_A"
ASN_37_A,"GLY_33_A,ALA_36_A,LEU_38_A,ALA_41_A"
LEU_38_A,"PHE_2_A,TYR_34_A,ASN_37_A,ASN_39_A,ILE_42_A,HIS_73_A"
ASN_39_A,"PHE_2_A,LEU_38_A,LYS_40_A"
LYS_40_A,"ASN_39_A,ALA_41_A"
ALA_41_A,"ASN_37_A,LYS_40_A,ILE_42_A,VAL_66_A"
ILE_42_A,"PHE_2_A,LEU_38_A,ALA_41_A,ALA_43_A,THR_45_A,ALA_47_A"
ALA_43_A,"ILE_42_A,GLY_44_A"
GLY_44_A,"ALA_43_A,THR_45_A,GLU_48_A"
THR_45_A,"ILE_42_A,GLY_44_A,ALA_47_A"
PRO_46_A,ALA_47_A
ALA_47_A,"ILE_42_A,THR_45_A,PRO_46_A,GLU_48_A"
GLU_48_A,"GLY_44_A,ALA_47_A,LYS_49_A"
LYS_49_A,"GLU_48_A,GLU_50_A"
GLU_50_A,"LYS_49_A,SER_51_A,ILE_55_A,LYS_58_A,TYR_62_A"
SER_51_A,"GLU_50_A,ILE_52_A,ILE_55_A"
ILE_52_A,"PHE_2_A,SER_51_A,GLU_53_A,LEU_56_A"
GLU_53_A,"ILE_52_A,ASN_54_A,ALA_57_A"
ASN_54_A,"GLU_53_A,ILE_55_A"
ILE_55_A,"GLU_50_A,SER_51_A,ASN_54_A,LEU_56_A,VAL_59_A,VAL_66_A"
LEU_56_A,"ILE_52_A,ILE_55_A,ALA_57_A,TYR_74_A,MET_149_A"
ALA_57_A,"GLU_53_A,LEU_56_A,LYS_58_A"
LYS_58_A,"GLU_50_A,ALA_57_A,VAL_59_A,GLN_61_A"
VAL_59_A,"ILE_55_A,LYS_58_A,SER_60_A,PHE_151_A"
SER_60_A,"VAL_59_A,GLN_61_A,ASP_150_A"
GLN_61_A,"LYS_58_A,SER_60_A,TYR_62_A"
TYR_62_A,"GLU_50_A,GLN_61_A,SER_63_A,VAL_66_A"
SER_63_A,"TYR_62_A,ASP_64_A"
ASP_64_A,"SER_63_A,ALA_65_A,ARG_67_A,ASN_68_A"
ALA_65_A,"ASP_64_A,VAL_66_A,ASN_69_A"
VAL_66_A,"ALA_41_A,ILE_55_A,TYR_62_A,ALA_65_A,ARG_67_A,ALA_70_A"
ARG_67_A,"ASP_64_A,VAL_66_A,ASN_68_A,GLY_71_A,ASP_145_A"
ASN_68_A,"ASP_64_A,ARG_67_A,ASN_69_A,GLY_72_A"
ASN_69_A,"ALA_65_A,ASN_68_A,ALA_70_A,HIS_73_A"
ALA_70_A,"VAL_66_A,ASN_69_A,GLY_71_A"
GLY_71_A,"ARG_67_A,ALA_70_A,GLY_72_A,ASN_75_A"
GLY_72_A,"ASN_68_A,GLY_71_A,HIS_73_A,HIS_76_A"
HIS_73_A,"THR_35_A,LEU_38_A,ASN_69_A,GLY_72_A,TYR_74_A,GLU_77_A"
TYR_74_A,"LEU_56_A,HIS_73_A,ASN_75_A,LEU_148_A"
ASN_75_A,"GLY_71_A,TYR_74_A,HIS_76_A,PHE_79_A,TRP_125_A,GLN_144_A,ASN_146_A"
HIS_76_A,"HIS_26_A,ALA_31_A,TYR_34_A,GLY_72_A,ASN_75_A,GLU_77_A,ASP_163_A,HIS_167_A"
GLU_77_A,"THR_5_A,HIS_73_A,HIS_76_A,LEU_78_A"
LEU_78_A,"GLU_77_A,PHE_79_A,SER_81_A,PRO_158_A"
PHE_79_A,"ASN_75_A,LEU_78_A,TRP_80_A,TRP_125_A"
TRP_80_A,"LEU_7_A,TYR_9_A,TYR_27_A,ALA_31_A,PHE_79_A,SER_81_A"
SER_81_A,"LEU_78_A,TRP_80_A,ILE_82_A,ARG_196_A"
ILE_82_A,"SER_81_A,LEU_83_A,LEU_160_A,ASN_189_A,GLU_192_A"
LEU_83_A,"LEU_14_A,ILE_82_A,THR_84_A"
THR_84_A,"LEU_83_A,VAL_187_A,ASN_189_A"
PRO_85_A,ASN_86_A
ASN_86_A,"PRO_85_A,LYS_87_A"
LYS_87_A,"ASN_86_A,GLY_88_A"
GLY_88_A,"LYS_87_A,THR_89_A"
THR_89_A,"GLY_88_A,LYS_90_A,TRP_190_A"
LYS_90_A,THR_89_A
PRO_91_A,SER_92_A
SER_92_A,"PRO_91_A,ALA_93_A,GLN_96_A,SER_194_A"
ALA_93_A,"SER_92_A,ALA_94_A,LYS_97_A"
ALA_94_A,"ALA_93_A,LEU_95_A"
LEU_95_A,"ALA_94_A,GLN_96_A,ILE_99_A"
GLN_96_A,"SER_92_A,LEU_95_A,LYS_97_A,ASP_100_A"
LYS_97_A,"ALA_93_A,GLN_96_A,ALA_98_A,GLU_101_A"
ALA_98_A,"LYS_97_A,ILE_99_A,THR_102_A"
ILE_99_A,"LEU_95_A,ALA_98_A,ASP_100_A,PHE_103_A,LEU_109_A"
ASP_100_A,"GLN_96_A,ILE_99_A,GLU_101_A,GLY_104_A"
GLU_101_A,"LYS_97_A,ASP_100_A,THR_102_A"
THR_102_A,"ALA_98_A,GLU_101_A,PHE_103_A"
PHE_103_A,"ILE_99_A,THR_102_A,GLY_104_A,LEU_109_A,LYS_112_A"
GLY_104_A,"ASP_100_A,PHE_103_A,SER_105_A"
SER_105_A,"GLY_104_A,LEU_106_A,ALA_108_A"
LEU_106_A,"SER_105_A,ASP_107_A,LYS_110_A,TRP_190_A"
ASP_107_A,"LEU_106_A,ALA_108_A,LYS_110_A,GLU_111_A"
ALA_108_A,"SER_105_A,ASP_107_A,LEU_109_A"
LEU_109_A,"ILE_99_A,PHE_103_A,ALA_108_A,LYS_110_A,ILE_113_A,VAL_138_A"
LYS_110_A,"LEU_106_A,ASP_107_A,LEU_109_A,GLU_111_A,ASN_114_A,TRP_185_A"
GLU_111_A,"ASP_107_A,LYS_110_A,LYS_112_A,ALA_115_A"
LYS_112_A,"PHE_103_A,GLU_111_A,ILE_113_A,ALA_116_A"
ILE_113_A,"LEU_109_A,LYS_112_A,ASN_114_A,GLY_117_A,VAL_138_A,TRP_185_A"
ASN_114_A,"LYS_110_A,ILE_113_A,ALA_115_A,ALA_118_A,TRP_185_A"
ALA_115_A,"GLU_111_A,ASN_114_A,ALA_116_A,ALA_119_A"
ALA_116_A,"LYS_112_A,ALA_115_A,GLY_117_A,VAL_138_A"
GLY_117_A,"ILE_113_A,ALA_116_A,ALA_118_A,ARG_177_A"
ALA_118_A,"ASN_114_A,GLY_117_A,ALA_119_A"
ALA_119_A,"ALA_115_A,ALA_118_A,ARG_120_A"
ARG_120_A,"ALA_119_A,PHE_121_A,SER_140_A,ARG_177_A"
PHE_121_A,"ARG_120_A,GLY_122_A"
GLY_122_A,"PHE_121_A,SER_123_A"
SER_123_A,"GLY_122_A,GLY_124_A,ASN_143_A"
GLY_124_A,"SER_123_A,TRP_125_A,VAL_164_A"
TRP_125_A,"ASN_75_A,PHE_79_A,GLY_124_A,ALA_126_A,TRP_127_A,THR_141_A,GLN_144_A,ASP_163_A"
ALA_126_A,"TRP_125_A,TRP_127_A,ILE_162_A"
TRP_127_A,"TRP_125_A,ALA_126_A,LEU_128_A,THR_139_A,THR_141_A,ASN_146_A,PRO_147_A,PRO_158_A"
LEU_128_A,"TRP_127_A,ILE_129_A,ILE_159_A,LEU_160_A"
ILE_129_A,"LEU_128_A,VAL_130_A,GLN_137_A,PRO_147_A"
VAL_130_A,"ILE_129_A,ASP_131_A,THR_157_A,TYR_197_A"
ASP_131_A,"VAL_130_A,ASN_132_A,GLY_134_A,LYS_135_A,GLN_137_A,GLU_154_A"
ASN_132_A,"ASP_131_A,GLY_133_A"
GLY_133_A,"ASN_132_A,GLY_134_A"
GLY_134_A,"ASP_131_A,GLY_133_A,LYS_135_A"
LYS_135_A,"ASP_131_A,GLY_134_A,LEU_136_A"
LEU_136_A,"LYS_135_A,GLN_137_A"
GLN_137_A,"ILE_129_A,ASP_131_A,LEU_136_A,VAL_138_A"
VAL_138_A,"LEU_109_A,ILE_113_A,ALA_116_A,GLN_137_A,THR_139_A"
THR_139_A,"TRP_127_A,VAL_138_A,SER_140_A,GLU_154_A"
SER_140_A,"ARG_120_A,THR_139_A,THR_141_A"
THR_141_A,"TRP_125_A,TRP_127_A,SER_140_A,ASP_145_A"
PRO_142_A,"ASN_143_A,ASP_145_A"
ASN_143_A,"SER_123_A,PRO_142_A,GLN_144_A,TRP_165_A"
GLN_144_A,"ASN_75_A,TRP_125_A,ASN_143_A,ASP_145_A"
ASP_145_A,"ARG_67_A,THR_141_A,PRO_142_A,GLN_144_A,ASN_146_A"
ASN_146_A,"ASN_75_A,TRP_127_A,ASP_145_A,THR_152_A"
PRO_147_A,"TRP_127_A,ILE_129_A,LEU_148_A"
LEU_148_A,"TYR_74_A,PRO_147_A,MET_149_A"
MET_149_A,"LEU_56_A,LEU_148_A,ASP_150_A"
ASP_150_A,"SER_60_A,MET_149_A,PHE_151_A,LYS_155_A"
PHE_151_A,"VAL_59_A,ASP_150_A,THR_152_A"
THR_152_A,"ASN_146_A,PHE_151_A,LYS_153_A"
LYS_153_A,"THR_152_A,GLU_154_A"
GLU_154_A,"ASP_131_A,THR_139_A,LYS_153_A,LYS_155_A"
LYS_155_A,"ASP_150_A,GLU_154_A,GLY_156_A"
GLY_156_A,"LYS_155_A,THR_157_A"
THR_157_A,"VAL_130_A,GLY_156_A"
PRO_158_A,"LEU_78_A,TRP_127_A,ILE_159_A"
ILE_159_A,"LEU_128_A,PRO_158_A,LEU_160_A"
LEU_160_A,"ILE_82_A,LEU_128_A,ILE_159_A,GLY_161_A"
GLY_161_A,"LEU_160_A,ILE_162_A"
ILE_162_A,"ALA_126_A,GLY_161_A,ASP_163_A,LEU_181_A"
ASP_163_A,"HIS_26_A,HIS_76_A,TRP_125_A,ILE_162_A,VAL_164_A,HIS_167_A,TYR_180_A"
VAL_164_A,"GLY_124_A,ASP_163_A,TRP_165_A"
TRP_165_A,"ASN_143_A,VAL_164_A,GLU_166_A,HIS_167_A,ALA_168_A"
GLU_166_A,"TRP_165_A,HIS_167_A,TYR_170_A,ARG_177_A"
HIS_167_A,"HIS_26_A,HIS_30_A,HIS_76_A,ASP_163_A,TRP_165_A,GLU_166_A,ALA_168_A"
ALA_168_A,"TRP_165_A,HIS_167_A,TYR_169_A"
TYR_169_A,"ALA_168_A,TYR_170_A,TYR_173_A,ARG_177_A,TYR_180_A"
TYR_170_A,"GLU_166_A,TYR_169_A,LEU_171_A,GLN_174_A"
LEU_171_A,"TYR_170_A,ARG_172_A,GLN_174_A"
ARG_172_A,"GLU_15_A,ASP_19_A,LEU_171_A,TYR_173_A"
TYR_173_A,"ALA_17_A,TYR_169_A,ARG_172_A,GLN_174_A,LYS_176_A,TYR_180_A"
GLN_174_A,"TYR_170_A,LEU_171_A,TYR_173_A,ASN_175_A"
ASN_175_A,"GLN_174_A,LYS_176_A,ARG_177_A"
LYS_176_A,"TYR_173_A,ASN_175_A,ARG_177_A,ASP_179_A"
ARG_177_A,"GLY_117_A,ARG_120_A,GLU_166_A,TYR_169_A,ASN_175_A,LYS_176_A,ALA_178_A,LEU_181_A"
ALA_178_A,"ARG_177_A,ASP_179_A,THR_182_A"
ASP_179_A,"LYS_176_A,ALA_178_A,TYR_180_A,THR_183_A"
TYR_180_A,"ASP_163_A,TYR_169_A,TYR_173_A,ASP_179_A,LEU_181_A,ILE_184_A"
LEU_181_A,"ILE_162_A,ARG_177_A,TYR_180_A,THR_182_A"
THR_182_A,"ALA_178_A,LEU_181_A,THR_183_A"
THR_183_A,"ASP_179_A,THR_182_A,ILE_184_A,ASP_186_A"
ILE_184_A,"TYR_180_A,THR_183_A,TRP_185_A,ASP_186_A,VAL_187_A"
TRP_185_A,"LYS_110_A,ILE_113_A,ASN_114_A,ILE_184_A,ASP_186_A,ILE_188_A,TRP_190_A"
ASP_186_A,"THR_183_A,ILE_184_A,TRP_185_A,VAL_187_A"
VAL_187_A,"THR_84_A,ILE_184_A,ASP_186_A,ILE_188_A"
ILE_188_A,"TRP_185_A,VAL_187_A,ASN_189_A"
ASN_189_A,"ILE_82_A,THR_84_A,ILE_188_A,TRP_190_A"
TRP_190_A,"THR_89_A,LEU_106_A,TRP_185_A,ASN_189_A,GLU_191_A,SER_194_A"
GLU_191_A,"TRP_190_A,GLU_192_A,ALA_195_A"
GLU_192_A,"ILE_82_A,GLU_191_A,VAL_193_A,ARG_196_A,LYS_199_A"
VAL_193_A,"GLU_192_A,SER_194_A,TYR_197_A"
SER_194_A,"SER_92_A,TRP_190_A,VAL_193_A,ALA_195_A,GLU_198_A"
ALA_195_A,"GLU_191_A,SER_194_A,ARG_196_A"
ARG_196_A,"SER_81_A,GLU_192_A,ALA_195_A,TYR_197_A,LYS_199_A,ALA_200_A"
TYR_197_A,"VAL_130_A,VAL_193_A,ARG_196_A,GLU_198_A,LEU_201_A"
GLU_198_A,"SER_194_A,TYR_197_A,LYS_199_A,LYS_202_A"
LYS_199_A,"GLU_192_A,ARG_196_A,GLU_198_A,ALA_200_A"
ALA_200_A,"ARG_196_A,LYS_199_A,LEU_201_A"
LEU_201_A,"TYR_197_A,ALA_200_A,LYS_202_A"
LYS_202_A,"GLU_198_A,LEU_201_A"
