residue_id,neighbors
MET_1_B,"THR_2_B,LYS_5_B,GLU_355_B,LEU_358_B"
THR_2_B,"MET_1_B,SER_3_B,LYS_5_B,ILE_6_B"
SER_3_B,"THR_2_B,GLU_4_B,ALA_7_B"
GLU_4_B,"SER_3_B,LYS_5_B,SER_8_B"
LYS_5_B,"MET_1_B,THR_2_B,GLU_4_B,ILE_6_B,LEU_9_B,GLU_362_B"
ILE_6_B,"THR_2_B,LYS_5_B,ALA_7_B,ILE_419_B"
ALA_7_B,"SER_3_B,ILE_6_B,SER_8_B,GLN_11_B"
SER_8_B,"GLU_4_B,ALA_7_B,LEU_9_B"
LEU_9_B,"LYS_5_B,SER_8_B,ARG_10_B"
ARG_10_B,"LEU_9_B,GLN_11_B,GLU_14_B,ASP_417_B"
GLN_11_B,"ALA_7_B,ARG_10_B,GLU_12_B,THR_15_B"
GLU_12_B,"GLN_11_B,ILE_13_B,HIS_365_B,ARG_366_B,ASP_370_B"
ILE_13_B,"GLU_12_B,GLU_14_B,LEU_17_B,MET_409_B,ILE_413_B,LEU_416_B"
GLU_14_B,"ARG_10_B,ILE_13_B,THR_15_B,ASN_18_B"
THR_15_B,"GLN_11_B,GLU_14_B,TYR_16_B,THR_19_B"
TYR_16_B,"THR_15_B,LEU_17_B,GLY_20_B,LEU_21_B,PHE_369_B,ILE_373_B,GLY_378_B,TRP_380_B"
LEU_17_B,"ILE_13_B,TYR_16_B,ASN_18_B,LEU_22_B,TYR_73_B,ILE_410_B"
ASN_18_B,"GLU_14_B,LEU_17_B,THR_19_B"
THR_19_B,"THR_15_B,ASN_18_B,GLY_20_B"
GLY_20_B,"TYR_16_B,THR_19_B,LEU_21_B"
LEU_21_B,"TYR_16_B,GLY_20_B,LEU_22_B,VAL_406_B"
LEU_22_B,"LEU_17_B,LEU_21_B,TRP_25_B,ILE_26_B"
PRO_23_B,"PHE_24_B,THR_27_B"
PHE_24_B,"PRO_23_B,TRP_25_B,GLU_379_B"
TRP_25_B,"LEU_22_B,PHE_24_B,ILE_26_B,ARG_28_B,THR_29_B"
ILE_26_B,"LEU_22_B,TRP_25_B,THR_27_B"
THR_27_B,"PRO_23_B,ILE_26_B,ARG_28_B"
ARG_28_B,"TRP_25_B,THR_27_B,THR_29_B,PHE_41_B,GLY_45_B"
THR_29_B,"TRP_25_B,ARG_28_B,VAL_30_B,LEU_38_B,MET_81_B"
VAL_30_B,"THR_29_B,ASP_31_B,MET_81_B"
ASP_31_B,"VAL_30_B,LYS_32_B,GLU_33_B,ASN_34_B,GLY_35_B,GLY_36_B,LYS_53_B"
LYS_32_B,"ASP_31_B,GLU_33_B"
GLU_33_B,"ASP_31_B,LYS_32_B,ASN_34_B"
ASN_34_B,"ASP_31_B,GLU_33_B,GLY_35_B"
GLY_35_B,"ASP_31_B,ASN_34_B,GLY_36_B,LYS_53_B"
GLY_36_B,"ASP_31_B,GLY_35_B,PHE_37_B,HIS_84_B"
PHE_37_B,"GLY_36_B,LEU_38_B,GLN_58_B"
LEU_38_B,"THR_29_B,PHE_37_B,THR_39_B"
THR_39_B,"LEU_38_B,HIS_40_B,SER_396_B"
HIS_40_B,"THR_39_B,PHE_41_B,ASP_47_B,GLU_50_B,GLU_52_B,ARG_107_B,HIS_397_B,SER_398_B"
PHE_41_B,"ARG_28_B,HIS_40_B,ASP_42_B,MET_395_B"
ASP_42_B,"PHE_41_B,GLN_43_B,PHE_44_B,GLY_45_B,ASN_46_B"
GLN_43_B,"ASP_42_B,PHE_44_B"
PHE_44_B,"ASP_42_B,GLN_43_B,GLY_45_B"
GLY_45_B,"ARG_28_B,ASP_42_B,PHE_44_B,ASN_46_B"
ASN_46_B,"ASP_42_B,GLY_45_B,ASP_47_B"
ASP_47_B,"HIS_40_B,ASN_46_B,SER_48_B,GLY_49_B,GLU_50_B,ARG_107_B"
SER_48_B,"ASP_47_B,GLY_49_B,GLU_50_B"
GLY_49_B,"ASP_47_B,SER_48_B,GLU_50_B"
GLU_50_B,"HIS_40_B,ASP_47_B,SER_48_B,GLY_49_B,ASP_51_B,ARG_107_B"
ASP_51_B,"GLU_50_B,GLU_52_B,ARG_107_B"
GLU_52_B,"HIS_40_B,ASP_51_B,LYS_53_B,SER_398_B"
LYS_53_B,"ASP_31_B,GLY_35_B,GLU_52_B,SER_54_B,THR_105_B,ARG_107_B"
SER_54_B,"LYS_53_B,LEU_55_B,ALA_57_B,GLN_58_B,SER_398_B"
LEU_55_B,"SER_54_B,ILE_56_B,SER_59_B,PHE_101_B,TRP_103_B"
ILE_56_B,"LEU_55_B,ALA_57_B,ARG_60_B,TRP_103_B,TYR_119_B"
ALA_57_B,"SER_54_B,ILE_56_B,GLN_58_B,SER_61_B"
GLN_58_B,"PHE_37_B,SER_54_B,ALA_57_B,SER_59_B,LEU_89_B"
SER_59_B,"LEU_55_B,GLN_58_B,ARG_60_B,PHE_63_B"
ARG_60_B,"ILE_56_B,SER_59_B,SER_61_B,THR_64_B,PHE_123_B,HIS_191_B,TRP_399_B,TYR_403_B,HIS_404_B"
SER_61_B,"ALA_57_B,ARG_60_B,VAL_62_B,TYR_65_B"
VAL_62_B,"SER_61_B,PHE_63_B,SER_66_B,VAL_86_B"
PHE_63_B,"SER_59_B,VAL_62_B,THR_64_B,SER_67_B,TYR_126_B"
THR_64_B,"ARG_60_B,PHE_63_B,TYR_65_B,ALA_68_B,ASN_402_B"
TYR_65_B,"SER_61_B,THR_64_B,SER_66_B,MET_81_B,ASN_402_B"
SER_66_B,"VAL_62_B,TYR_65_B,SER_67_B,ARG_70_B"
SER_67_B,"PHE_63_B,SER_66_B,ALA_68_B,ALA_71_B"
ALA_68_B,"THR_64_B,SER_67_B,HIS_69_B,TYR_73_B,LEU_78_B,ILE_410_B"
HIS_69_B,"ALA_68_B,ARG_70_B,GLY_72_B"
ARG_70_B,"SER_66_B,HIS_69_B,ALA_71_B,GLU_130_B,GLU_201_B,HIS_283_B"
ALA_71_B,"SER_67_B,ARG_70_B,GLY_72_B,ILE_410_B"
GLY_72_B,"HIS_69_B,ALA_71_B,TYR_73_B"
TYR_73_B,"LEU_17_B,ALA_68_B,GLY_72_B,GLY_74_B"
GLY_74_B,"TYR_73_B,GLY_75_B"
GLY_75_B,"GLY_74_B,GLY_76_B"
GLY_76_B,"GLY_75_B,VAL_77_B"
VAL_77_B,"GLY_76_B,LEU_78_B,MET_81_B"
LEU_78_B,"ALA_68_B,VAL_77_B,ALA_79_B,ALA_82_B"
ALA_79_B,"LEU_78_B,GLU_80_B,ARG_83_B"
GLU_80_B,"ALA_79_B,MET_81_B,ARG_83_B"
MET_81_B,"THR_29_B,VAL_30_B,TYR_65_B,VAL_77_B,GLU_80_B,ALA_82_B,GLY_85_B"
ALA_82_B,"LEU_78_B,MET_81_B,ARG_83_B,GLY_85_B,VAL_86_B"
ARG_83_B,"ALA_79_B,GLU_80_B,ALA_82_B,HIS_84_B,ASP_87_B,ASP_137_B,ARG_139_B"
HIS_84_B,"GLY_36_B,ARG_83_B,GLY_85_B,ASP_87_B"
GLY_85_B,"MET_81_B,ALA_82_B,HIS_84_B,VAL_86_B,TYR_88_B,LEU_89_B"
VAL_86_B,"VAL_62_B,ALA_82_B,GLY_85_B,ASP_87_B,ILE_90_B,TYR_131_B"
ASP_87_B,"ARG_83_B,HIS_84_B,VAL_86_B,TYR_88_B,ASN_91_B,ASP_137_B,ARG_139_B"
TYR_88_B,"GLY_85_B,ASP_87_B,LEU_89_B,ASN_92_B,MET_93_B,THR_105_B"
LEU_89_B,"GLN_58_B,GLY_85_B,TYR_88_B,ILE_90_B,MET_93_B"
ILE_90_B,"VAL_86_B,LEU_89_B,ASN_91_B,TYR_143_B"
ASN_91_B,"ASP_87_B,ILE_90_B,ASN_92_B"
ASN_92_B,"TYR_88_B,ASN_91_B,MET_93_B,GLY_109_B"
MET_93_B,"TYR_88_B,LEU_89_B,ASN_92_B,TRP_94_B,TYR_102_B"
TRP_94_B,"MET_93_B,ASP_95_B,PHE_101_B,TYR_143_B,LYS_146_B"
ASP_95_B,"TRP_94_B,ASN_96_B,GLU_97_B,HIS_98_B,GLY_99_B,GLY_100_B,TYR_102_B,LYS_116_B,ARG_169_B"
ASN_96_B,"ASP_95_B,GLU_97_B"
GLU_97_B,"ASP_95_B,ASN_96_B,HIS_98_B,ARG_169_B"
HIS_98_B,"ASP_95_B,GLU_97_B,GLY_99_B,ARG_169_B,TRP_171_B"
GLY_99_B,"ASP_95_B,HIS_98_B,GLY_100_B,LYS_116_B"
GLY_100_B,"ASP_95_B,GLY_99_B,PHE_101_B"
PHE_101_B,"LEU_55_B,TRP_94_B,GLY_100_B,TYR_102_B,CYS_124_B,LEU_128_B"
TYR_102_B,"MET_93_B,ASP_95_B,PHE_101_B,TRP_103_B,VAL_111_B,ASP_114_B"
TRP_103_B,"LEU_55_B,ILE_56_B,TYR_102_B,MET_104_B,ILE_117_B,ILE_249_B,TRP_251_B"
MET_104_B,"TRP_103_B,THR_105_B,THR_112_B,ILE_113_B,TRP_399_B"
THR_105_B,"LYS_53_B,TYR_88_B,MET_104_B,ASN_106_B"
ASN_106_B,"THR_105_B,ARG_107_B,GLY_109_B,GLU_110_B"
ARG_107_B,"HIS_40_B,ASP_47_B,GLU_50_B,ASP_51_B,LYS_53_B,ASN_106_B,LYS_108_B"
LYS_108_B,"ARG_107_B,GLY_109_B"
GLY_109_B,"ASN_92_B,ASN_106_B,LYS_108_B,GLU_110_B"
GLU_110_B,"ASN_106_B,GLY_109_B,VAL_111_B"
VAL_111_B,"TYR_102_B,GLU_110_B,THR_112_B"
THR_112_B,"MET_104_B,VAL_111_B,ILE_113_B"
ILE_113_B,"MET_104_B,THR_112_B,ASP_114_B"
ASP_114_B,"TYR_102_B,ILE_113_B,GLN_115_B,ARG_169_B"
GLN_115_B,"ASP_114_B,LYS_116_B,ILE_117_B,LYS_174_B"
LYS_116_B,"ASP_95_B,GLY_99_B,GLN_115_B,ILE_117_B,PHE_167_B,ARG_169_B"
ILE_117_B,"TRP_103_B,GLN_115_B,LYS_116_B,VAL_118_B,GLY_120_B,LEU_121_B"
VAL_118_B,"ILE_117_B,TYR_119_B,SER_122_B,GLU_165_B,PHE_167_B,VAL_188_B"
TYR_119_B,"ILE_56_B,VAL_118_B,GLY_120_B,VAL_188_B,TRP_251_B"
GLY_120_B,"ILE_117_B,TYR_119_B,LEU_121_B,PHE_123_B,CYS_124_B"
LEU_121_B,"ILE_117_B,GLY_120_B,SER_122_B,LEU_151_B,TRP_171_B"
SER_122_B,"VAL_118_B,LEU_121_B,PHE_123_B,TYR_126_B,HIS_191_B"
PHE_123_B,"ARG_60_B,GLY_120_B,SER_122_B,CYS_124_B,SER_127_B,HIS_191_B,TYR_403_B"
CYS_124_B,"PHE_101_B,GLY_120_B,PHE_123_B,ILE_125_B,LEU_128_B"
ILE_125_B,"CYS_124_B,TYR_126_B,SER_129_B,ALA_195_B"
TYR_126_B,"PHE_63_B,SER_122_B,ILE_125_B,SER_127_B,GLU_130_B,GLU_194_B,ARG_407_B"
SER_127_B,"PHE_123_B,TYR_126_B,LEU_128_B,TYR_131_B"
LEU_128_B,"PHE_101_B,CYS_124_B,SER_127_B,SER_129_B,TYR_143_B"
SER_129_B,"ILE_125_B,LEU_128_B,GLU_130_B"
GLU_130_B,"ARG_70_B,TYR_126_B,SER_129_B,TYR_131_B,ALA_134_B,GLU_201_B"
TYR_131_B,"VAL_86_B,SER_127_B,GLU_130_B,THR_132_B,THR_135_B,ASP_137_B"
THR_132_B,"TYR_131_B,LEU_133_B,GLY_136_B,ASP_137_B,ARG_141_B"
LEU_133_B,"THR_132_B,ALA_134_B,THR_198_B"
ALA_134_B,"GLU_130_B,LEU_133_B,THR_135_B"
THR_135_B,"TYR_131_B,ALA_134_B,GLY_136_B"
GLY_136_B,"THR_132_B,THR_135_B,ASP_137_B"
ASP_137_B,"ARG_83_B,ASP_87_B,TYR_131_B,THR_132_B,GLY_136_B,ARG_139_B"
PRO_138_B,ARG_139_B
ARG_139_B,"ARG_83_B,ASP_87_B,ASP_137_B,PRO_138_B,GLY_140_B"
GLY_140_B,"ARG_139_B,ARG_141_B,ALA_144_B"
ARG_141_B,"THR_132_B,GLY_140_B,GLU_142_B,GLU_145_B"
GLU_142_B,"ARG_141_B,TYR_143_B,LYS_146_B"
TYR_143_B,"ILE_90_B,TRP_94_B,LEU_128_B,GLU_142_B,ALA_144_B,THR_147_B"
ALA_144_B,"GLY_140_B,TYR_143_B,GLU_145_B,PHE_148_B"
GLU_145_B,"ARG_141_B,ALA_144_B,LYS_146_B,ASP_149_B,HIS_208_B"
LYS_146_B,"TRP_94_B,GLU_142_B,GLU_145_B,THR_147_B"
THR_147_B,"TYR_143_B,LYS_146_B,PHE_148_B,LEU_151_B"
PHE_148_B,"ALA_144_B,THR_147_B,ASP_149_B,GLN_152_B,TYR_196_B,LEU_199_B"
ASP_149_B,"GLU_145_B,PHE_148_B,LEU_150_B,LYS_153_B,HIS_208_B"
LEU_150_B,"ASP_149_B,LEU_151_B,TYR_154_B"
LEU_151_B,"LEU_121_B,THR_147_B,LEU_150_B,GLN_152_B,ALA_155_B"
GLN_152_B,"PHE_148_B,LEU_151_B,LYS_153_B,LYS_211_B"
LYS_153_B,"ASP_149_B,GLN_152_B,TYR_154_B"
TYR_154_B,"LEU_150_B,LYS_153_B,ALA_155_B,TRP_171_B"
ALA_155_B,"LEU_151_B,TYR_154_B,VAL_156_B,PHE_164_B,PHE_167_B"
VAL_156_B,"ALA_155_B,ASP_157_B,TYR_163_B"
ASP_157_B,"VAL_156_B,THR_158_B,HIS_159_B,TYR_160_B,GLY_161_B,GLY_162_B,PHE_164_B,LYS_184_B"
THR_158_B,"ASP_157_B,HIS_159_B"
HIS_159_B,"ASP_157_B,THR_158_B,TYR_160_B"
TYR_160_B,"ASP_157_B,HIS_159_B,GLY_161_B,ASP_238_B,TRP_239_B"
GLY_161_B,"ASP_157_B,TYR_160_B,GLY_162_B,LYS_184_B"
GLY_162_B,"ASP_157_B,GLY_161_B,TYR_163_B"
TYR_163_B,"VAL_156_B,GLY_162_B,PHE_164_B,LEU_192_B,TYR_196_B"
PHE_164_B,"ALA_155_B,ASP_157_B,TYR_163_B,GLU_165_B,LEU_173_B"
GLU_165_B,"VAL_118_B,PHE_164_B,MET_166_B,THR_185_B,HIS_189_B"
MET_166_B,"GLU_165_B,PHE_167_B,PHE_247_B"
PHE_167_B,"LYS_116_B,VAL_118_B,ALA_155_B,MET_166_B,ASN_168_B,LEU_173_B"
ASN_168_B,"PHE_167_B,ARG_169_B,TRP_171_B,THR_172_B"
ARG_169_B,"ASP_95_B,GLU_97_B,HIS_98_B,ASP_114_B,LYS_116_B,ASN_168_B,ASP_170_B"
ASP_170_B,"ARG_169_B,TRP_171_B,THR_172_B"
TRP_171_B,"HIS_98_B,LEU_121_B,TYR_154_B,ASN_168_B,ASP_170_B,THR_172_B"
THR_172_B,"ASN_168_B,ASP_170_B,TRP_171_B,LEU_173_B"
LEU_173_B,"PHE_164_B,PHE_167_B,THR_172_B,LYS_174_B"
LYS_174_B,"GLN_115_B,LEU_173_B,GLY_175_B,ASP_248_B"
GLY_175_B,"LYS_174_B,GLY_181_B"
PRO_176_B,GLY_177_B
GLY_177_B,"PRO_176_B,ALA_178_B,ALA_179_B,GLY_180_B"
ALA_178_B,"GLY_177_B,ALA_179_B,ASP_248_B"
ALA_179_B,"GLY_177_B,ALA_178_B,GLY_180_B"
GLY_180_B,"GLY_177_B,ALA_179_B,GLY_181_B"
GLY_181_B,"GLY_175_B,GLY_180_B,ASP_182_B"
ASP_182_B,"GLY_181_B,ARG_183_B"
ARG_183_B,"ASP_182_B,LYS_184_B,GLN_234_B,PRO_243_B"
LYS_184_B,"ASP_157_B,GLY_161_B,ARG_183_B,THR_185_B,PHE_235_B,ALA_237_B,TRP_239_B"
THR_185_B,"GLU_165_B,LYS_184_B,LEU_186_B"
LEU_186_B,"THR_185_B,ASP_187_B,MET_190_B,VAL_223_B,PRO_233_B"
ASP_187_B,"LEU_186_B,VAL_188_B,HIS_191_B,HIS_273_B,GLU_276_B"
VAL_188_B,"VAL_118_B,TYR_119_B,ASP_187_B,HIS_189_B,LEU_192_B"
HIS_189_B,"GLU_165_B,VAL_188_B,MET_190_B"
MET_190_B,"LEU_186_B,HIS_189_B,HIS_191_B"
HIS_191_B,"ARG_60_B,SER_122_B,PHE_123_B,ASP_187_B,MET_190_B,LEU_192_B,GLU_194_B,ALA_195_B,HIS_273_B,GLU_276_B,HIS_404_B"
LEU_192_B,"TYR_163_B,VAL_188_B,HIS_191_B,MET_193_B,TYR_196_B"
MET_193_B,"LEU_192_B,GLU_194_B,THR_197_B,ILE_216_B,LEU_219_B,LEU_280_B"
GLU_194_B,"TYR_126_B,HIS_191_B,MET_193_B,ALA_195_B,GLU_276_B,TYR_403_B,ARG_407_B"
ALA_195_B,"ILE_125_B,HIS_191_B,GLU_194_B,TYR_196_B,LEU_199_B"
TYR_196_B,"PHE_148_B,TYR_163_B,LEU_192_B,ALA_195_B,THR_197_B,TYR_200_B"
THR_197_B,"MET_193_B,TYR_196_B,THR_198_B,GLU_201_B,ILE_287_B"
THR_198_B,"LEU_133_B,THR_197_B,LEU_199_B,CYS_202_B"
LEU_199_B,"PHE_148_B,ALA_195_B,THR_198_B,TYR_200_B,THR_203_B"
TYR_200_B,"TYR_196_B,LEU_199_B,GLU_201_B,GLY_204_B,ARG_209_B"
GLU_201_B,"ARG_70_B,GLU_130_B,THR_197_B,TYR_200_B,CYS_202_B,HIS_283_B"
CYS_202_B,"THR_198_B,GLU_201_B,THR_203_B"
THR_203_B,"LEU_199_B,CYS_202_B,GLY_204_B,GLN_205_B,HIS_208_B"
GLY_204_B,"TYR_200_B,THR_203_B,GLN_205_B"
GLN_205_B,"THR_203_B,GLY_204_B,GLU_206_B"
GLU_206_B,"GLN_205_B,ILE_207_B,ARG_210_B"
ILE_207_B,"GLU_206_B,HIS_208_B,LYS_211_B"
HIS_208_B,"GLU_145_B,ASP_149_B,THR_203_B,ILE_207_B,ARG_209_B,LEU_212_B"
ARG_209_B,"TYR_200_B,HIS_208_B,ARG_210_B"
ARG_210_B,"GLU_206_B,ARG_209_B,LYS_211_B,GLU_214_B"
LYS_211_B,"GLN_152_B,ILE_207_B,ARG_210_B,LEU_212_B,GLU_214_B,THR_215_B"
LEU_212_B,"HIS_208_B,LYS_211_B,LEU_213_B"
LEU_213_B,"LEU_212_B,GLU_214_B,GLU_217_B,LEU_288_B"
GLU_214_B,"ARG_210_B,LYS_211_B,LEU_213_B,THR_215_B,LEU_218_B"
THR_215_B,"LYS_211_B,GLU_214_B,ILE_216_B,LEU_219_B"
ILE_216_B,"MET_193_B,THR_215_B,GLU_217_B,VAL_220_B,LEU_281_B,TYR_295_B"
GLU_217_B,"LEU_213_B,ILE_216_B,LEU_218_B,ASN_221_B,TYR_295_B"
LEU_218_B,"GLU_214_B,GLU_217_B,LEU_219_B,LYS_222_B,TRP_239_B"
LEU_219_B,"MET_193_B,THR_215_B,LEU_218_B,VAL_220_B,VAL_223_B,MET_224_B"
VAL_220_B,"ILE_216_B,LEU_219_B,ASN_221_B"
ASN_221_B,"GLU_217_B,VAL_220_B,LYS_222_B"
LYS_222_B,"LEU_218_B,ASN_221_B,VAL_223_B"
VAL_223_B,"LEU_186_B,LEU_219_B,LYS_222_B,MET_224_B"
MET_224_B,"LEU_219_B,VAL_223_B,HIS_225_B,PHE_277_B"
HIS_225_B,"MET_224_B,GLU_227_B,TYR_228_B,GLY_229_B,THR_230_B,HIS_324_B"
PRO_226_B,GLU_227_B
GLU_227_B,"HIS_225_B,PRO_226_B,TYR_228_B"
TYR_228_B,"HIS_225_B,GLU_227_B,GLY_229_B,HIS_324_B"
GLY_229_B,"HIS_225_B,TYR_228_B,THR_230_B,GLN_298_B"
THR_230_B,"HIS_225_B,GLY_229_B,GLY_231_B,HIS_305_B,HIS_324_B"
GLY_231_B,"THR_230_B,ILE_232_B,THR_269_B,ASN_274_B"
ILE_232_B,"GLY_231_B,PHE_235_B"
PRO_233_B,"LEU_186_B,GLN_234_B"
GLN_234_B,"ARG_183_B,PRO_233_B,PHE_235_B,ALA_242_B,ILE_245_B"
PHE_235_B,"LYS_184_B,ILE_232_B,GLN_234_B,TRP_236_B,TRP_239_B"
TRP_236_B,"PHE_235_B,ALA_237_B,TRP_239_B,SER_240_B,ALA_242_B"
ALA_237_B,"LYS_184_B,TRP_236_B,ASP_238_B"
ASP_238_B,"TYR_160_B,ALA_237_B,TRP_239_B,SER_240_B"
TRP_239_B,"TYR_160_B,LYS_184_B,LEU_218_B,PHE_235_B,TRP_236_B,ASP_238_B,SER_240_B"
SER_240_B,"TRP_236_B,ASP_238_B,TRP_239_B,VAL_241_B"
VAL_241_B,"SER_240_B,ALA_242_B"
ALA_242_B,"GLN_234_B,TRP_236_B,VAL_241_B"
PRO_243_B,"ARG_183_B,GLN_244_B"
GLN_244_B,"PRO_243_B,ILE_245_B,LYS_262_B,ALA_265_B"
ILE_245_B,"GLN_234_B,GLN_244_B,LYS_246_B,LEU_261_B"
LYS_246_B,"ILE_245_B,PHE_247_B,PHE_256_B,GLY_260_B"
PHE_247_B,"MET_166_B,LYS_246_B,ASP_248_B"
ASP_248_B,"LYS_174_B,ALA_178_B,PHE_247_B,ILE_249_B"
ILE_249_B,"TRP_103_B,ASP_248_B,VAL_250_B"
VAL_250_B,"ILE_249_B,TRP_251_B"
TRP_251_B,"TRP_103_B,TYR_119_B,VAL_250_B,GLY_252_B"
GLY_252_B,"TRP_251_B,TRP_253_B"
TRP_253_B,"GLY_252_B,ASP_254_B,ARG_255_B,TRP_392_B,HIS_394_B,HIS_397_B"
ASP_254_B,"TRP_253_B,ARG_255_B,PHE_256_B,LYS_262_B,GLU_334_B"
ARG_255_B,"TRP_253_B,ASP_254_B,PHE_256_B,LYS_262_B,ASP_330_B,GLU_332_B,GLU_334_B"
PHE_256_B,"LYS_246_B,ASP_254_B,ARG_255_B,ASN_257_B"
ASN_257_B,"PHE_256_B,ASP_259_B,GLY_260_B,LEU_261_B"
PRO_258_B,ASP_259_B
ASP_259_B,"ASN_257_B,PRO_258_B,GLY_260_B"
GLY_260_B,"LYS_246_B,ASN_257_B,ASP_259_B,LEU_261_B"
LEU_261_B,"ILE_245_B,ASN_257_B,GLY_260_B,LYS_262_B"
LYS_262_B,"GLN_244_B,ASP_254_B,ARG_255_B,LEU_261_B,SER_263_B,GLU_321_B"
SER_263_B,"LYS_262_B,ALA_264_B"
ALA_264_B,"SER_263_B,ALA_265_B,GLU_266_B,ASP_267_B"
ALA_265_B,"GLN_244_B,ALA_264_B,GLU_266_B"
GLU_266_B,"ALA_264_B,ALA_265_B,ASP_267_B"
ASP_267_B,"ALA_264_B,GLU_266_B,ASN_268_B,SER_323_B,HIS_324_B,TYR_329_B"
ASN_268_B,"ASP_267_B,THR_269_B"
THR_269_B,"GLY_231_B,ASN_268_B,SER_270_B,GLY_322_B"
SER_270_B,"THR_269_B,TYR_271_B,ASN_274_B"
TYR_271_B,"SER_270_B,GLY_272_B,SER_275_B,ASN_309_B"
GLY_272_B,"TYR_271_B,HIS_273_B,GLU_276_B"
HIS_273_B,"ASP_187_B,HIS_191_B,GLY_272_B,ASN_274_B,GLU_276_B,PHE_277_B,TRP_336_B"
ASN_274_B,"GLY_231_B,SER_270_B,HIS_273_B,SER_275_B"
SER_275_B,"TYR_271_B,ASN_274_B,GLU_276_B,GLU_340_B"
GLU_276_B,"ASP_187_B,HIS_191_B,GLU_194_B,GLY_272_B,HIS_273_B,SER_275_B,PHE_277_B,LEU_280_B,GLU_340_B,HIS_404_B,ARG_407_B"
PHE_277_B,"MET_224_B,HIS_273_B,GLU_276_B,ALA_278_B,LEU_281_B,GLN_298_B"
ALA_278_B,"PHE_277_B,TRP_279_B,TYR_303_B"
TRP_279_B,"ALA_278_B,LEU_280_B,HIS_283_B,GLU_340_B,ILE_343_B"
LEU_280_B,"MET_193_B,GLU_276_B,TRP_279_B,LEU_281_B,ALA_284_B"
LEU_281_B,"ILE_216_B,PHE_277_B,LEU_280_B,MET_282_B,LEU_285_B"
MET_282_B,"LEU_281_B,HIS_283_B,ASP_286_B,TYR_292_B,ILE_299_B,ASP_347_B"
HIS_283_B,"ARG_70_B,GLU_201_B,TRP_279_B,MET_282_B,ALA_284_B,ASP_286_B,ARG_415_B"
ALA_284_B,"LEU_280_B,HIS_283_B,LEU_285_B,LEU_288_B"
LEU_285_B,"LEU_281_B,ALA_284_B,ASP_286_B,GLY_289_B,LEU_290_B"
ASP_286_B,"MET_282_B,HIS_283_B,LEU_285_B,ILE_287_B,GLY_289_B,TYR_292_B,ARG_350_B,ARG_415_B,LYS_418_B"
ILE_287_B,"THR_197_B,ASP_286_B,LEU_288_B"
LEU_288_B,"LEU_213_B,ALA_284_B,ILE_287_B,GLY_289_B"
GLY_289_B,"LEU_285_B,ASP_286_B,LEU_288_B,LEU_290_B"
LEU_290_B,"LEU_285_B,GLY_289_B"
PRO_291_B,"TYR_292_B,THR_294_B"
TYR_292_B,"MET_282_B,ASP_286_B,PRO_291_B,ASP_293_B,THR_294_B,ARG_350_B,PHE_351_B"
ASP_293_B,"TYR_292_B,THR_294_B,ARG_296_B"
THR_294_B,"PRO_291_B,TYR_292_B,ASP_293_B,TYR_295_B"
TYR_295_B,"ILE_216_B,GLU_217_B,THR_294_B,ARG_296_B"
ARG_296_B,"ASP_293_B,TYR_295_B,GLU_297_B,THR_300_B"
GLU_297_B,"ARG_296_B,GLN_298_B,LYS_301_B"
GLN_298_B,"GLY_229_B,PHE_277_B,GLU_297_B,ILE_299_B,SER_302_B"
ILE_299_B,"MET_282_B,GLN_298_B,THR_300_B,TYR_303_B,PHE_351_B"
THR_300_B,"ARG_296_B,ILE_299_B,LYS_301_B,THR_304_B"
LYS_301_B,"GLU_297_B,THR_300_B,SER_302_B,HIS_305_B"
SER_302_B,"GLN_298_B,LYS_301_B,TYR_303_B"
TYR_303_B,"ALA_278_B,ILE_299_B,SER_302_B,THR_304_B,ALA_348_B"
THR_304_B,"THR_300_B,TYR_303_B,HIS_305_B,GLU_308_B"
HIS_305_B,"THR_230_B,LYS_301_B,THR_304_B,ALA_306_B,ASN_309_B,HIS_324_B"
ALA_306_B,"HIS_305_B,VAL_307_B,GLY_310_B"
VAL_307_B,"ALA_306_B,GLU_308_B,TYR_357_B"
GLU_308_B,"THR_304_B,VAL_307_B,ASN_309_B,LYS_356_B"
ASN_309_B,"TYR_271_B,HIS_305_B,GLU_308_B,GLY_310_B"
GLY_310_B,"ALA_306_B,ASN_309_B,VAL_311_B,TYR_319_B"
VAL_311_B,"GLY_310_B,ASP_312_B,TRP_313_B,MET_341_B"
ASP_312_B,"VAL_311_B,TRP_313_B,GLU_314_B,GLY_316_B,GLY_317_B,TYR_319_B,LYS_333_B,ARG_386_B"
TRP_313_B,"VAL_311_B,ASP_312_B,GLU_314_B,GLN_359_B,ALA_360_B"
GLU_314_B,"ASP_312_B,TRP_313_B,PHE_315_B,ARG_386_B"
PHE_315_B,"GLU_314_B,GLY_316_B"
GLY_316_B,"ASP_312_B,PHE_315_B,GLY_317_B,LYS_333_B"
GLY_317_B,"ASP_312_B,GLY_316_B,VAL_318_B,ASN_363_B"
VAL_318_B,"GLY_317_B,TYR_319_B,GLN_338_B,MET_341_B"
TYR_319_B,"GLY_310_B,ASP_312_B,VAL_318_B,VAL_320_B,VAL_328_B,LYS_331_B"
VAL_320_B,"TYR_319_B,GLU_321_B,ASP_330_B"
GLU_321_B,"LYS_262_B,VAL_320_B,GLY_322_B,TYR_329_B,ASP_330_B"
GLY_322_B,"THR_269_B,GLU_321_B,SER_323_B"
SER_323_B,"ASP_267_B,GLY_322_B,HIS_324_B,GLN_327_B"
HIS_324_B,"HIS_225_B,TYR_228_B,THR_230_B,ASP_267_B,HIS_305_B,SER_323_B,ALA_325_B"
ALA_325_B,"HIS_324_B,GLY_326_B"
GLY_326_B,"ALA_325_B,GLN_327_B"
GLN_327_B,"SER_323_B,GLY_326_B,VAL_328_B"
VAL_328_B,"TYR_319_B,GLN_327_B,TYR_329_B,LYS_331_B"
TYR_329_B,"ASP_267_B,GLU_321_B,VAL_328_B,ASP_330_B"
ASP_330_B,"ARG_255_B,VAL_320_B,GLU_321_B,TYR_329_B,LYS_331_B,GLU_332_B"
LYS_331_B,"TYR_319_B,VAL_328_B,ASP_330_B,GLU_332_B,ARG_386_B"
GLU_332_B,"ARG_255_B,ASP_330_B,LYS_331_B,LYS_333_B"
LYS_333_B,"ASP_312_B,GLY_316_B,GLU_332_B,GLU_334_B,PHE_367_B,MET_384_B,ARG_386_B"
GLU_334_B,"ASP_254_B,ARG_255_B,LYS_333_B,PHE_335_B,GLN_337_B,GLN_338_B"
PHE_335_B,"GLU_334_B,TRP_336_B,LYS_400_B"
TRP_336_B,"HIS_273_B,PHE_335_B,GLN_337_B,GLU_340_B"
GLN_337_B,"GLU_334_B,TRP_336_B,GLN_338_B"
GLN_338_B,"VAL_318_B,GLU_334_B,GLN_337_B,ALA_339_B,LEU_342_B,VAL_368_B"
ALA_339_B,"GLN_338_B,GLU_340_B"
GLU_340_B,"SER_275_B,GLU_276_B,TRP_279_B,TRP_336_B,ALA_339_B,MET_341_B,HIS_404_B,ARG_407_B"
MET_341_B,"VAL_311_B,VAL_318_B,GLU_340_B,LEU_342_B,MET_345_B,ILE_364_B"
LEU_342_B,"GLN_338_B,MET_341_B,ILE_343_B,TYR_361_B,ILE_364_B,MET_409_B"
ILE_343_B,"TRP_279_B,LEU_342_B,GLY_344_B"
GLY_344_B,"ILE_343_B,MET_345_B,ALA_348_B"
MET_345_B,"MET_341_B,GLY_344_B,LEU_346_B,TYR_349_B"
LEU_346_B,"MET_345_B,ASP_347_B,ARG_350_B,TYR_361_B,LEU_416_B"
ASP_347_B,"MET_282_B,LEU_346_B,ALA_348_B,ARG_350_B,PHE_351_B,ARG_415_B"
ALA_348_B,"TYR_303_B,GLY_344_B,ASP_347_B,TYR_349_B,LEU_352_B,TYR_357_B"
TYR_349_B,"MET_345_B,ALA_348_B,ARG_350_B,LYS_353_B,LEU_358_B"
ARG_350_B,"ASP_286_B,TYR_292_B,LEU_346_B,ASP_347_B,TYR_349_B,PHE_351_B,LYS_353_B,ARG_415_B,LYS_418_B,ILE_419_B"
PHE_351_B,"TYR_292_B,ILE_299_B,ASP_347_B,ARG_350_B,LEU_352_B"
LEU_352_B,"ALA_348_B,PHE_351_B,LYS_353_B,TYR_357_B"
LYS_353_B,"TYR_349_B,ARG_350_B,LEU_352_B,ASP_354_B"
ASP_354_B,"LYS_353_B,GLU_355_B,LYS_356_B,TYR_357_B"
GLU_355_B,"MET_1_B,ASP_354_B,LYS_356_B,LEU_358_B,GLN_359_B"
LYS_356_B,"GLU_308_B,ASP_354_B,GLU_355_B,TYR_357_B,ALA_360_B"
TYR_357_B,"VAL_307_B,ALA_348_B,LEU_352_B,ASP_354_B,LYS_356_B,LEU_358_B,TYR_361_B"
LEU_358_B,"MET_1_B,TYR_349_B,GLU_355_B,TYR_357_B,GLN_359_B"
GLN_359_B,"TRP_313_B,GLU_355_B,LEU_358_B,ALA_360_B"
ALA_360_B,"TRP_313_B,LYS_356_B,GLN_359_B,TYR_361_B"
TYR_361_B,"LEU_342_B,LEU_346_B,TYR_357_B,ALA_360_B,GLU_362_B,HIS_365_B"
GLU_362_B,"LYS_5_B,TYR_361_B,ASN_363_B,ARG_366_B"
ASN_363_B,"GLY_317_B,GLU_362_B,ILE_364_B"
ILE_364_B,"MET_341_B,LEU_342_B,ASN_363_B,HIS_365_B,VAL_368_B"
HIS_365_B,"GLU_12_B,TYR_361_B,ILE_364_B,ARG_366_B,PHE_369_B"
ARG_366_B,"GLU_12_B,GLU_362_B,HIS_365_B,PHE_367_B,ASP_370_B"
PHE_367_B,"LYS_333_B,ARG_366_B,VAL_368_B,LYS_371_B"
VAL_368_B,"GLN_338_B,ILE_364_B,PHE_367_B,PHE_369_B,ILE_373_B,TRP_380_B"
PHE_369_B,"TYR_16_B,HIS_365_B,VAL_368_B,ASP_370_B,ILE_373_B,HIS_375_B"
ASP_370_B,"GLU_12_B,ARG_366_B,PHE_369_B,LYS_371_B"
LYS_371_B,"PHE_367_B,ASP_370_B,MET_372_B"
MET_372_B,"LYS_371_B,ILE_373_B,TRP_381_B"
ILE_373_B,"TYR_16_B,VAL_368_B,PHE_369_B,MET_372_B,ASN_374_B"
ASN_374_B,"ILE_373_B,HIS_375_B,GLY_378_B,GLU_379_B,MET_395_B"
HIS_375_B,"PHE_369_B,ASN_374_B,SER_376_B"
SER_376_B,"HIS_375_B,LEU_377_B"
LEU_377_B,"SER_376_B,GLY_378_B,MET_395_B"
GLY_378_B,"TYR_16_B,ASN_374_B,LEU_377_B,GLU_379_B"
GLU_379_B,"PHE_24_B,ASN_374_B,GLY_378_B,TRP_380_B,MET_395_B,LYS_400_B,ASP_405_B"
TRP_380_B,"TYR_16_B,VAL_368_B,GLU_379_B,TRP_381_B,LYS_400_B,ASP_405_B"
TRP_381_B,"MET_372_B,TRP_380_B"
PRO_382_B,"LEU_383_B,TRP_392_B,LYS_400_B"
LEU_383_B,"PRO_382_B,MET_384_B,ILE_391_B,TRP_392_B"
MET_384_B,"LYS_333_B,LEU_383_B,THR_385_B,PRO_390_B"
THR_385_B,"MET_384_B,ARG_386_B,GLU_387_B,GLY_388_B,VAL_389_B"
ARG_386_B,"ASP_312_B,GLU_314_B,LYS_331_B,LYS_333_B,THR_385_B,GLU_387_B"
GLU_387_B,"THR_385_B,ARG_386_B,GLY_388_B"
GLY_388_B,"THR_385_B,GLU_387_B,VAL_389_B"
VAL_389_B,"THR_385_B,GLY_388_B"
PRO_390_B,"MET_384_B,ILE_391_B"
ILE_391_B,"LEU_383_B,PRO_390_B,TRP_392_B"
TRP_392_B,"TRP_253_B,PRO_382_B,LEU_383_B,ILE_391_B,LYS_393_B"
LYS_393_B,"TRP_392_B,HIS_394_B"
HIS_394_B,"TRP_253_B,LYS_393_B,MET_395_B,HIS_397_B,LYS_400_B"
MET_395_B,"PHE_41_B,ASN_374_B,LEU_377_B,GLU_379_B,HIS_394_B,SER_396_B,LYS_400_B"
SER_396_B,"THR_39_B,MET_395_B,HIS_397_B"
HIS_397_B,"HIS_40_B,TRP_253_B,HIS_394_B,SER_396_B,SER_398_B,LYS_400_B"
SER_398_B,"HIS_40_B,GLU_52_B,SER_54_B,HIS_397_B,TRP_399_B"
TRP_399_B,"ARG_60_B,MET_104_B,SER_398_B,LYS_400_B"
LYS_400_B,"PHE_335_B,GLU_379_B,TRP_380_B,PRO_382_B,HIS_394_B,MET_395_B,HIS_397_B,TRP_399_B,ILE_401_B,ASP_405_B"
ILE_401_B,"LYS_400_B,ASN_402_B"
ASN_402_B,"THR_64_B,TYR_65_B,ILE_401_B,TYR_403_B"
TYR_403_B,"ARG_60_B,PHE_123_B,GLU_194_B,ASN_402_B,HIS_404_B"
HIS_404_B,"ARG_60_B,HIS_191_B,GLU_276_B,GLU_340_B,TYR_403_B,ASP_405_B,ARG_407_B,SER_408_B"
ASP_405_B,"GLU_379_B,TRP_380_B,LYS_400_B,HIS_404_B,VAL_406_B,MET_409_B"
VAL_406_B,"LEU_21_B,ASP_405_B,ARG_407_B,ILE_410_B"
ARG_407_B,"TYR_126_B,GLU_194_B,GLU_276_B,GLU_340_B,HIS_404_B,VAL_406_B,SER_408_B,GLN_411_B"
SER_408_B,"HIS_404_B,ARG_407_B,MET_409_B,SER_412_B"
MET_409_B,"ILE_13_B,LEU_342_B,ASP_405_B,SER_408_B,ILE_410_B"
ILE_410_B,"LEU_17_B,ALA_68_B,ALA_71_B,VAL_406_B,MET_409_B,GLN_411_B,VAL_414_B"
GLN_411_B,"ARG_407_B,ILE_410_B,SER_412_B,ARG_415_B"
SER_412_B,"SER_408_B,GLN_411_B,ILE_413_B,LEU_416_B"
ILE_413_B,"ILE_13_B,SER_412_B,VAL_414_B,ASP_417_B"
VAL_414_B,"ILE_410_B,ILE_413_B,ARG_415_B"
ARG_415_B,"HIS_283_B,ASP_286_B,ASP_347_B,ARG_350_B,GLN_411_B,VAL_414_B,LEU_416_B,LYS_418_B,ILE_419_B"
LEU_416_B,"ILE_13_B,LEU_346_B,SER_412_B,ARG_415_B,ASP_417_B,ALA_420_B"
ASP_417_B,"ARG_10_B,ILE_413_B,LEU_416_B,LYS_418_B,LYS_421_B"
LYS_418_B,"ASP_286_B,ARG_350_B,ARG_415_B,ASP_417_B,ILE_419_B"
ILE_419_B,"ILE_6_B,ARG_350_B,ARG_415_B,LYS_418_B,ALA_420_B"
ALA_420_B,"LEU_416_B,ILE_419_B,LYS_421_B"
LYS_421_B,"ASP_417_B,ALA_420_B,GLY_422_B,VAL_423_B"
GLY_422_B,"LYS_421_B,VAL_423_B"
VAL_423_B,"LYS_421_B,GLY_422_B"
