residue_id,neighbors
ARG_2_B,"VAL_3_B,PHE_35_B,PHE_135_B,ASP_136_B,ARG_138_B"
VAL_3_B,"ARG_2_B,LEU_4_B,PHE_35_B,PRO_141_B"
LEU_4_B,"VAL_3_B,THR_5_B,PHE_37_B,PHE_135_B,THR_137_B,TRP_331_B"
THR_5_B,"LEU_4_B,GLY_6_B,PHE_35_B"
GLY_6_B,"THR_5_B,LEU_7_B"
LEU_7_B,"GLY_6_B,GLN_8_B,PHE_37_B,ALA_39_B"
GLN_8_B,LEU_7_B
PRO_9_B,"SER_10_B,ALA_60_B,PHE_64_B"
SER_10_B,"PRO_9_B,GLY_11_B"
GLY_11_B,"SER_10_B,ASP_12_B"
ASP_12_B,"GLY_11_B,LEU_13_B,LYS_59_B,ASP_199_B"
LEU_13_B,"ASP_12_B,HIS_14_B,ALA_63_B"
HIS_14_B,"LEU_13_B,ILE_15_B,GLY_16_B,ASN_17_B,LYS_192_B"
ILE_15_B,"HIS_14_B,GLY_16_B,PHE_19_B,ILE_198_B,ILE_235_B,PHE_274_B"
GLY_16_B,"HIS_14_B,ILE_15_B,ASN_17_B,GLY_20_B"
ASN_17_B,"HIS_14_B,GLY_16_B,TYR_18_B,ILE_22_B"
TYR_18_B,"ASN_17_B,PHE_19_B,LYS_23_B,ILE_200_B"
PHE_19_B,"ILE_15_B,TYR_18_B,GLY_20_B,GLN_24_B,PHE_239_B"
GLY_20_B,"GLY_16_B,PHE_19_B,ALA_21_B"
ALA_21_B,"GLY_20_B,ILE_22_B"
ILE_22_B,"ASN_17_B,ALA_21_B,LYS_23_B,VAL_26_B,PHE_64_B"
LYS_23_B,"TYR_18_B,ILE_22_B,GLN_24_B,ASP_27_B"
GLN_24_B,"PHE_19_B,LYS_23_B"
VAL_26_B,"ILE_22_B,ASP_27_B"
ASP_27_B,"LYS_23_B,VAL_26_B,ALA_28_B"
ALA_28_B,"ASP_27_B,GLN_29_B,SER_32_B"
GLN_29_B,"ALA_28_B,GLU_30_B,GLY_68_B,ASP_70_B,SER_74_B"
GLU_30_B,"GLN_29_B,LYS_31_B,LYS_73_B"
LYS_31_B,"GLU_30_B,SER_32_B"
SER_32_B,"ALA_28_B,LYS_31_B,GLN_33_B"
GLN_33_B,SER_32_B
PHE_35_B,"ARG_2_B,VAL_3_B,THR_5_B,ILE_305_B"
PHE_37_B,"LEU_4_B,LEU_7_B,ILE_38_B,ALA_39_B,TRP_77_B,ASP_131_B,TRP_331_B"
ILE_38_B,"PHE_37_B,ALA_39_B,ASN_40_B,TRP_77_B,LEU_78_B,GLN_79_B"
ALA_39_B,"LEU_7_B,PHE_37_B,ILE_38_B,ASN_40_B"
ASN_40_B,"ILE_38_B,ALA_39_B,TYR_41_B,SER_80_B"
TYR_41_B,"ASN_40_B,HIS_42_B,GLN_79_B,VAL_85_B,LEU_127_B"
HIS_42_B,"TYR_41_B,ALA_43_B,ASP_131_B,TRP_331_B"
ALA_43_B,HIS_42_B
THR_45_B,SER_46_B
SER_46_B,"THR_45_B,SER_47_B"
SER_47_B,"SER_46_B,GLN_48_B"
GLN_48_B,"SER_47_B,ASP_49_B"
ASP_49_B,"GLN_48_B,GLY_50_B,GLU_51_B,LYS_52_B,LEU_53_B"
GLY_50_B,"ASP_49_B,GLU_51_B,LYS_54_B"
GLU_51_B,"ASP_49_B,GLY_50_B,LYS_52_B"
LYS_52_B,"ASP_49_B,GLU_51_B,LEU_53_B,ASN_56_B"
LEU_53_B,"ASP_49_B,LYS_52_B,LYS_54_B"
LYS_54_B,"GLY_50_B,LEU_53_B,GLN_55_B"
GLN_55_B,"LYS_54_B,ASN_56_B,LYS_59_B"
ASN_56_B,"LYS_52_B,GLN_55_B,SER_57_B,ALA_60_B"
SER_57_B,"ASN_56_B,LEU_58_B,ALA_61_B"
LEU_58_B,"SER_57_B,LYS_59_B,ALA_62_B"
LYS_59_B,"ASP_12_B,GLN_55_B,LEU_58_B,ALA_60_B,ALA_63_B"
ALA_60_B,"PRO_9_B,ASN_56_B,LYS_59_B,ALA_61_B"
ALA_61_B,"SER_57_B,ALA_60_B,ALA_62_B"
ALA_62_B,"LEU_58_B,ALA_61_B,ALA_63_B,SER_66_B,TYR_281_B"
ALA_63_B,"LEU_13_B,LYS_59_B,ALA_62_B,PHE_64_B,PHE_201_B"
PHE_64_B,"PRO_9_B,ILE_22_B,ALA_63_B,LEU_65_B,ILE_69_B"
LEU_65_B,"PHE_64_B,SER_66_B,PRO_71_B,PHE_76_B,LEU_291_B,ILE_294_B"
SER_66_B,"ALA_62_B,LEU_65_B,LEU_67_B"
LEU_67_B,"SER_66_B,GLY_68_B,PHE_201_B,PHE_274_B"
GLY_68_B,"GLN_29_B,LEU_67_B,ILE_69_B"
ILE_69_B,"PHE_64_B,GLY_68_B,ASP_70_B,PHE_76_B"
ASP_70_B,"GLN_29_B,ILE_69_B,LYS_73_B,SER_74_B"
PRO_71_B,"LEU_65_B,GLN_72_B,LYS_301_B"
GLN_72_B,"PRO_71_B,LYS_73_B"
LYS_73_B,"GLU_30_B,ASP_70_B,GLN_72_B,SER_74_B"
SER_74_B,"GLN_29_B,ASP_70_B,LYS_73_B,VAL_75_B,LYS_301_B"
VAL_75_B,"SER_74_B,PHE_76_B,TRP_77_B"
PHE_76_B,"LEU_65_B,ILE_69_B,VAL_75_B,TRP_77_B"
TRP_77_B,"PHE_37_B,ILE_38_B,VAL_75_B,PHE_76_B,LEU_78_B,PHE_135_B,ALA_302_B"
LEU_78_B,"ILE_38_B,TRP_77_B,GLN_79_B,ASP_81_B"
GLN_79_B,"ILE_38_B,TYR_41_B,LEU_78_B,SER_80_B,ASP_131_B"
SER_80_B,"ASN_40_B,GLN_79_B,ASP_81_B,LYS_83_B"
ASP_81_B,"LEU_78_B,SER_80_B,VAL_82_B,LYS_83_B,ASP_296_B,ARG_303_B"
VAL_82_B,"ASP_81_B,LYS_83_B,ALA_306_B"
LYS_83_B,"SER_80_B,ASP_81_B,VAL_82_B,GLU_84_B,VAL_85_B"
GLU_84_B,"LYS_83_B,VAL_85_B,LEU_88_B,ARG_303_B"
VAL_85_B,"TYR_41_B,LYS_83_B,GLU_84_B,TYR_89_B,ALA_130_B"
GLU_87_B,"LEU_88_B,TYR_314_B"
LEU_88_B,"GLU_84_B,GLU_87_B,TYR_89_B,LEU_92_B,LEU_134_B"
TYR_89_B,"VAL_85_B,LEU_88_B,TRP_90_B,VAL_126_B"
TRP_90_B,"TYR_89_B,ILE_91_B,GLN_94_B"
ILE_91_B,"TRP_90_B,LEU_92_B,ILE_313_B"
LEU_92_B,"LEU_88_B,ILE_91_B,SER_93_B,PHE_95_B,THR_96_B"
SER_93_B,"LEU_92_B,GLN_94_B"
GLN_94_B,"TRP_90_B,SER_93_B,PHE_95_B"
PHE_95_B,"LEU_92_B,GLN_94_B,THR_96_B,VAL_160_B,TRP_164_B"
THR_96_B,"LEU_92_B,PHE_95_B"
GLY_99_B,LEU_100_B
LEU_100_B,"GLY_99_B,LEU_101_B"
LEU_101_B,"LEU_100_B,GLU_102_B,PHE_122_B,PRO_125_B,VAL_126_B"
GLU_102_B,"LEU_101_B,ARG_103_B"
ARG_103_B,"GLU_102_B,ALA_104_B"
ALA_104_B,"ARG_103_B,HIS_105_B,LYS_108_B"
HIS_105_B,"ALA_104_B,SER_106_B,ASP_109_B,GLN_148_B"
SER_106_B,"HIS_105_B,TYR_107_B,HIS_149_B"
TYR_107_B,"SER_106_B,LYS_108_B,ALA_117_B,PHE_122_B"
LYS_108_B,"ALA_104_B,TYR_107_B,ASP_109_B,ALA_112_B"
ASP_109_B,"HIS_105_B,LYS_108_B,LYS_110_B"
LYS_110_B,"ASP_109_B,VAL_111_B,LEU_115_B,LEU_121_B"
VAL_111_B,"LYS_110_B,ALA_112_B"
ALA_112_B,"LYS_108_B,VAL_111_B,LYS_113_B"
LYS_113_B,"ALA_112_B,GLY_114_B"
GLY_114_B,"LYS_113_B,LEU_115_B"
LEU_115_B,"LYS_110_B,GLY_114_B,SER_116_B"
SER_116_B,"LEU_115_B,ALA_117_B"
ALA_117_B,"TYR_107_B,SER_116_B,SER_118_B"
SER_118_B,"ALA_117_B,HIS_119_B"
HIS_119_B,"SER_118_B,GLY_120_B,SER_123_B"
GLY_120_B,"HIS_119_B,LEU_121_B"
LEU_121_B,"LYS_110_B,GLY_120_B,PHE_122_B,TYR_124_B"
PHE_122_B,"LEU_101_B,TYR_107_B,LEU_121_B,SER_123_B"
SER_123_B,"HIS_119_B,PHE_122_B,TYR_124_B,VAL_126_B"
TYR_124_B,"LEU_121_B,SER_123_B"
PRO_125_B,"LEU_101_B,VAL_126_B,ALA_129_B"
VAL_126_B,"TYR_89_B,LEU_101_B,SER_123_B,PRO_125_B,LEU_127_B,ALA_130_B"
LEU_127_B,"TYR_41_B,VAL_126_B,ALA_130_B,ASP_131_B"
ALA_129_B,"PRO_125_B,ALA_130_B,LEU_133_B,ALA_153_B,ILE_156_B"
ALA_130_B,"VAL_85_B,VAL_126_B,LEU_127_B,ALA_129_B,ASP_131_B,LEU_134_B"
ASP_131_B,"PHE_37_B,HIS_42_B,GLN_79_B,LEU_127_B,ALA_130_B,ILE_132_B,TRP_331_B"
ILE_132_B,"ASP_131_B,LEU_133_B,THR_137_B,PRO_171_B,TRP_331_B"
LEU_133_B,"ALA_129_B,ILE_132_B,LEU_134_B,ALA_157_B,PHE_168_B"
LEU_134_B,"LEU_88_B,ALA_130_B,LEU_133_B,PHE_135_B,ALA_306_B"
PHE_135_B,"ARG_2_B,LEU_4_B,TRP_77_B,LEU_134_B,ASP_136_B"
ASP_136_B,"ARG_2_B,PHE_135_B,THR_137_B,THR_169_B,LYS_309_B"
THR_137_B,"LEU_4_B,ILE_132_B,ASP_136_B,ARG_138_B,VAL_140_B"
ARG_138_B,"ARG_2_B,THR_137_B,ILE_139_B,GLU_172_B"
ILE_139_B,"ARG_138_B,VAL_140_B,ARG_174_B"
VAL_140_B,"THR_137_B,ILE_139_B,VAL_142_B,GLU_172_B,ARG_174_B,TRP_331_B"
PRO_141_B,"VAL_3_B,VAL_142_B"
VAL_142_B,"VAL_140_B,PRO_141_B,GLY_143_B,GLN_146_B,ILE_147_B,ALA_173_B"
GLY_143_B,"VAL_142_B,LYS_144_B,ASP_145_B,GLN_146_B"
LYS_144_B,"GLY_143_B,ASP_145_B,GLU_178_B"
ASP_145_B,"GLY_143_B,LYS_144_B,GLN_146_B"
GLN_146_B,"VAL_142_B,GLY_143_B,ASP_145_B,ILE_147_B,HIS_149_B,TRP_331_B"
ILE_147_B,"VAL_142_B,GLN_146_B,GLN_148_B,ALA_173_B,VAL_175_B"
GLN_148_B,"HIS_105_B,ILE_147_B,HIS_149_B,ILE_152_B"
HIS_149_B,"SER_106_B,GLN_146_B,GLN_148_B,VAL_150_B,ALA_153_B"
VAL_150_B,"HIS_149_B,GLU_151_B,ARG_154_B"
GLU_151_B,"VAL_150_B,ILE_152_B,ASP_155_B"
ILE_152_B,"GLN_148_B,GLU_151_B,ALA_153_B,ILE_156_B"
ALA_153_B,"ALA_129_B,HIS_149_B,ILE_152_B,ARG_154_B,ALA_157_B"
ARG_154_B,"VAL_150_B,ALA_153_B,ASP_155_B,PRO_171_B,GLU_172_B"
ASP_155_B,"GLU_151_B,ARG_154_B,ILE_156_B"
ILE_156_B,"ALA_129_B,ILE_152_B,ASP_155_B,ALA_157_B,VAL_160_B"
ALA_157_B,"LEU_133_B,ALA_153_B,ILE_156_B,LEU_158_B,ASN_161_B"
LEU_158_B,"ALA_157_B,LYS_159_B,ASN_162_B"
LYS_159_B,"LEU_158_B,VAL_160_B"
VAL_160_B,"PHE_95_B,ILE_156_B,LYS_159_B,ASN_161_B,TRP_164_B,PHE_168_B"
ASN_161_B,"ALA_157_B,VAL_160_B,ASN_162_B,GLY_165_B,PHE_168_B"
ASN_162_B,"LEU_158_B,ASN_161_B,GLU_163_B"
GLU_163_B,"ASN_162_B,TRP_164_B"
TRP_164_B,"PHE_95_B,VAL_160_B,GLU_163_B,GLY_165_B,ILE_167_B,LYS_316_B,ILE_317_B"
GLY_165_B,"ASN_161_B,TRP_164_B,GLU_166_B,ILE_167_B"
GLU_166_B,"GLY_165_B,ILE_167_B"
ILE_167_B,"TRP_164_B,GLY_165_B,GLU_166_B,PHE_168_B,LYS_309_B,ILE_313_B"
PHE_168_B,"LEU_133_B,VAL_160_B,ASN_161_B,ILE_167_B,THR_169_B"
THR_169_B,"ASP_136_B,PHE_168_B,LEU_170_B"
LEU_170_B,THR_169_B
PRO_171_B,"ILE_132_B,ARG_154_B,GLU_172_B"
GLU_172_B,"ARG_138_B,VAL_140_B,ARG_154_B,PRO_171_B,ALA_173_B"
ALA_173_B,"VAL_142_B,ILE_147_B,GLU_172_B,ARG_174_B"
ARG_174_B,"ILE_139_B,VAL_140_B,ALA_173_B,VAL_175_B"
VAL_175_B,"ILE_147_B,ARG_174_B,ASN_176_B"
ASN_176_B,"VAL_175_B,GLU_177_B"
GLU_177_B,"ASN_176_B,GLU_178_B"
GLU_178_B,"LYS_144_B,GLU_177_B,VAL_179_B"
VAL_179_B,"GLU_178_B,ALA_180_B"
ALA_180_B,"VAL_179_B,VAL_181_B"
VAL_181_B,"ALA_180_B,VAL_182_B,LYS_189_B"
VAL_182_B,"VAL_181_B,VAL_183_B"
VAL_183_B,"VAL_182_B,GLY_184_B,ILE_235_B"
GLY_184_B,"VAL_183_B,THR_185_B,ASP_186_B,ALA_188_B"
THR_185_B,"GLY_184_B,ASP_186_B,ASN_196_B,VAL_215_B"
ASP_186_B,"GLY_184_B,THR_185_B,GLY_187_B,ALA_188_B,ASN_196_B"
GLY_187_B,"ASP_186_B,ALA_188_B"
ALA_188_B,"GLY_184_B,ASP_186_B,GLY_187_B,LYS_189_B"
LYS_189_B,"VAL_181_B,ALA_188_B,ASN_196_B"
SER_191_B,"LYS_192_B,ASN_196_B"
LYS_192_B,"HIS_14_B,SER_191_B,SER_193_B"
SER_193_B,"LYS_192_B,TYR_194_B"
TYR_194_B,"SER_193_B,GLN_195_B"
GLN_195_B,"TYR_194_B,ASN_196_B"
ASN_196_B,"THR_185_B,ASP_186_B,LYS_189_B,SER_191_B,GLN_195_B,THR_197_B"
THR_197_B,"ASN_196_B,ILE_198_B,ASP_199_B"
ILE_198_B,"ILE_15_B,THR_197_B,ASP_199_B,LEU_207_B"
ASP_199_B,"ASP_12_B,THR_197_B,ILE_198_B,ILE_200_B,GLN_210_B"
ILE_200_B,"TYR_18_B,ASP_199_B,PHE_201_B,ARG_278_B"
PHE_201_B,"ALA_63_B,LEU_67_B,ILE_200_B,SER_202_B,TYR_281_B"
SER_202_B,"PHE_201_B,SER_203_B"
SER_203_B,"SER_202_B,GLU_204_B"
GLU_204_B,"SER_203_B,LYS_205_B,LYS_208_B,ARG_278_B"
LYS_205_B,"GLU_204_B,THR_206_B,LYS_209_B"
THR_206_B,"LYS_205_B,LEU_207_B,GLN_210_B"
LEU_207_B,"ILE_198_B,THR_206_B,LYS_208_B,ILE_211_B,VAL_270_B"
LYS_208_B,"GLU_204_B,LEU_207_B,LYS_209_B,SER_212_B"
LYS_209_B,"LYS_205_B,LYS_208_B,GLN_210_B"
GLN_210_B,"ASP_199_B,THR_206_B,LYS_209_B,ILE_211_B,SER_213_B"
ILE_211_B,"LEU_207_B,GLN_210_B,SER_212_B"
SER_212_B,"LYS_208_B,ILE_211_B,SER_213_B,LYS_263_B"
SER_213_B,"GLN_210_B,SER_212_B,ILE_214_B"
ILE_214_B,"SER_213_B,VAL_215_B,ASN_231_B,LEU_266_B"
VAL_215_B,"THR_185_B,ILE_214_B,THR_216_B"
THR_216_B,"VAL_215_B,ASP_217_B"
ASP_217_B,"THR_216_B,SER_218_B,THR_219_B,ASP_226_B"
SER_218_B,"ASP_217_B,THR_219_B"
THR_219_B,"ASP_217_B,SER_218_B,ALA_220_B,ASP_223_B,LYS_225_B"
ALA_220_B,"THR_219_B,LEU_221_B"
LEU_221_B,"ALA_220_B,GLU_222_B,LYS_225_B"
GLU_222_B,"LEU_221_B,ASP_223_B,GLY_256_B"
ASP_223_B,"THR_219_B,GLU_222_B,LYS_225_B"
PRO_224_B,LYS_225_B
LYS_225_B,"THR_219_B,LEU_221_B,ASP_223_B,PRO_224_B,ASP_226_B,TYR_252_B,GLU_257_B,TYR_259_B"
ASP_226_B,"ASP_217_B,LYS_225_B,HIS_227_B,GLU_228_B,ASN_229_B"
HIS_227_B,"ASP_226_B,GLU_228_B,PHE_233_B,TYR_252_B,GLU_253_B"
GLU_228_B,"ASP_226_B,HIS_227_B,ASN_229_B,LYS_234_B"
ASN_229_B,"ASP_226_B,GLU_228_B,CYS_230_B"
CYS_230_B,"ASN_229_B,ASN_231_B,LYS_234_B,TYR_252_B"
ASN_231_B,"ILE_214_B,CYS_230_B,ILE_232_B,ILE_235_B"
ILE_232_B,"ASN_231_B,PHE_233_B,ALA_236_B,TYR_259_B,LYS_263_B"
PHE_233_B,"HIS_227_B,ILE_232_B,LYS_234_B,LYS_237_B,LEU_248_B"
LYS_234_B,"GLU_228_B,CYS_230_B,PHE_233_B,ILE_235_B"
ILE_235_B,"ILE_15_B,VAL_183_B,ASN_231_B,LYS_234_B,ALA_236_B"
ALA_236_B,"ILE_232_B,ILE_235_B,LYS_237_B,PHE_239_B,LEU_248_B"
LYS_237_B,"PHE_233_B,ALA_236_B,LEU_238_B"
LEU_238_B,"LYS_237_B,PHE_239_B"
PHE_239_B,"PHE_19_B,ALA_236_B,LEU_238_B,LEU_240_B,VAL_270_B,TYR_273_B,PHE_274_B"
LEU_240_B,"PHE_239_B,ASP_241_B,GLN_245_B"
ASP_241_B,"LEU_240_B,GLU_242_B,GLY_244_B,GLN_245_B"
GLU_242_B,"ASP_241_B,SER_243_B"
SER_243_B,"GLU_242_B,GLY_244_B"
GLY_244_B,"ASP_241_B,SER_243_B,GLN_245_B"
GLN_245_B,"LEU_240_B,ASP_241_B,GLY_244_B,LYS_246_B,GLN_249_B"
LYS_246_B,"GLN_245_B,GLU_247_B,ILE_250_B,GLU_253_B"
GLU_247_B,"LYS_246_B,LEU_248_B"
LEU_248_B,"PHE_233_B,ALA_236_B,GLU_247_B,GLN_249_B,ARG_251_B,TYR_252_B"
GLN_249_B,"GLN_245_B,LEU_248_B,ILE_250_B,GLU_253_B"
ILE_250_B,"LYS_246_B,GLN_249_B,ARG_251_B,LYS_254_B"
ARG_251_B,"LEU_248_B,ILE_250_B,TYR_252_B,GLU_257_B,HIS_261_B"
TYR_252_B,"LYS_225_B,HIS_227_B,CYS_230_B,LEU_248_B,ARG_251_B,GLU_253_B,PHE_262_B"
GLU_253_B,"HIS_227_B,LYS_246_B,GLN_249_B,TYR_252_B,LYS_254_B"
LYS_254_B,"ILE_250_B,GLU_253_B,GLY_255_B"
GLY_255_B,"LYS_254_B,GLY_256_B"
GLY_256_B,"GLU_222_B,GLY_255_B,GLU_257_B"
GLU_257_B,"LYS_225_B,ARG_251_B,GLY_256_B,GLY_258_B,HIS_261_B,PHE_262_B"
GLY_258_B,"GLU_257_B,TYR_259_B"
TYR_259_B,"LYS_225_B,ILE_232_B,GLY_258_B,GLY_260_B,LYS_263_B"
GLY_260_B,"TYR_259_B,HIS_261_B"
HIS_261_B,"ARG_251_B,GLU_257_B,GLY_260_B,PHE_262_B,TYR_265_B"
PHE_262_B,"TYR_252_B,GLU_257_B,HIS_261_B,LYS_263_B,LEU_266_B"
LYS_263_B,"SER_212_B,ILE_232_B,TYR_259_B,PHE_262_B,ILE_264_B,ASN_267_B"
ILE_264_B,"LYS_263_B,TYR_265_B"
TYR_265_B,"HIS_261_B,ILE_264_B,LEU_266_B,LEU_269_B"
LEU_266_B,"ILE_214_B,PHE_262_B,TYR_265_B,ASN_267_B,VAL_270_B"
ASN_267_B,"LYS_263_B,LEU_266_B,GLU_268_B,ASN_271_B"
GLU_268_B,"ASN_267_B,LEU_269_B"
LEU_269_B,"TYR_265_B,GLU_268_B,VAL_270_B,TYR_273_B"
VAL_270_B,"LEU_207_B,PHE_239_B,LEU_266_B,LEU_269_B,ASN_271_B"
ASN_271_B,"ASN_267_B,VAL_270_B,ALA_272_B,ARG_278_B"
ALA_272_B,"ASN_271_B,TYR_273_B"
TYR_273_B,"PHE_239_B,LEU_269_B,ALA_272_B,PHE_274_B"
PHE_274_B,"ILE_15_B,LEU_67_B,PHE_239_B,TYR_273_B,LYS_275_B,ARG_278_B"
LYS_275_B,"PHE_274_B,GLU_276_B,GLU_279_B"
GLU_276_B,"LYS_275_B,ALA_277_B,GLU_279_B,LYS_280_B"
ALA_277_B,"GLU_276_B,ARG_278_B,TYR_281_B"
ARG_278_B,"ILE_200_B,GLU_204_B,ASN_271_B,PHE_274_B,ALA_277_B,GLU_279_B,ASN_282_B"
GLU_279_B,"LYS_275_B,GLU_276_B,ARG_278_B,LYS_280_B"
LYS_280_B,"GLU_276_B,GLU_279_B,TYR_281_B,LEU_284_B"
TYR_281_B,"ALA_62_B,PHE_201_B,ALA_277_B,LYS_280_B,ASN_282_B,LEU_285_B"
ASN_282_B,"ARG_278_B,TYR_281_B,GLU_283_B,GLU_286_B"
GLU_283_B,"ASN_282_B,LEU_284_B,LYS_287_B,HIS_290_B"
LEU_284_B,"LYS_280_B,GLU_283_B,LEU_285_B"
LEU_285_B,"TYR_281_B,LEU_284_B,GLU_286_B"
GLU_286_B,"ASN_282_B,LEU_285_B,LYS_287_B"
LYS_287_B,"GLU_283_B,GLU_286_B"
PRO_288_B,SER_289_B
SER_289_B,"PRO_288_B,HIS_290_B,GLU_293_B"
HIS_290_B,"GLU_283_B,SER_289_B,LEU_291_B,GLU_293_B"
LEU_291_B,"LEU_65_B,HIS_290_B,LYS_292_B,LEU_295_B"
LYS_292_B,"LEU_291_B,GLU_293_B,ASP_296_B"
GLU_293_B,"SER_289_B,HIS_290_B,LYS_292_B,ILE_294_B"
ILE_294_B,"LEU_65_B,GLU_293_B,LEU_295_B"
LEU_295_B,"LEU_291_B,ILE_294_B,ASP_296_B,ALA_299_B"
ASP_296_B,"ASP_81_B,LYS_292_B,LEU_295_B,PHE_297_B"
PHE_297_B,"ASP_296_B,GLY_298_B,THR_300_B"
GLY_298_B,"PHE_297_B,ALA_299_B"
ALA_299_B,"LEU_295_B,GLY_298_B,THR_300_B,ARG_303_B"
THR_300_B,"PHE_297_B,ALA_299_B,LYS_301_B"
LYS_301_B,"PRO_71_B,SER_74_B,THR_300_B,ALA_302_B"
ALA_302_B,"TRP_77_B,LYS_301_B,ARG_303_B,ALA_306_B"
ARG_303_B,"ASP_81_B,GLU_84_B,ALA_299_B,ALA_302_B,LYS_304_B,GLN_307_B"
LYS_304_B,"ARG_303_B,ILE_305_B,GLU_308_B"
ILE_305_B,"PHE_35_B,LYS_304_B,ALA_306_B"
ALA_306_B,"VAL_82_B,LEU_134_B,ALA_302_B,ILE_305_B,GLN_307_B"
GLN_307_B,"ARG_303_B,ALA_306_B,GLU_308_B,GLN_311_B"
GLU_308_B,"LYS_304_B,GLN_307_B,LYS_309_B"
LYS_309_B,"ASP_136_B,ILE_167_B,GLU_308_B,LYS_312_B,ILE_313_B"
GLN_311_B,"GLN_307_B,LYS_312_B"
LYS_312_B,"LYS_309_B,GLN_311_B,ILE_313_B"
ILE_313_B,"ILE_91_B,ILE_167_B,LYS_309_B,LYS_312_B,TYR_314_B,LYS_316_B,ILE_317_B"
TYR_314_B,"GLU_87_B,ILE_313_B,GLU_315_B,GLY_318_B,LEU_319_B"
GLU_315_B,"TYR_314_B,LYS_316_B"
LYS_316_B,"TRP_164_B,ILE_313_B,GLU_315_B,ILE_317_B"
ILE_317_B,"TRP_164_B,ILE_313_B,LYS_316_B,GLY_318_B"
GLY_318_B,"TYR_314_B,ILE_317_B,LEU_319_B"
LEU_319_B,"TYR_314_B,GLY_318_B"
TRP_331_B,"LEU_4_B,PHE_37_B,HIS_42_B,ASP_131_B,ILE_132_B,VAL_140_B,GLN_146_B"
