residue_id,neighbors
MET_1_A,"TYR_2_A,GLU_3_A"
TYR_2_A,"MET_1_A,GLU_3_A,TYR_5_A,HIS_72_A,ASP_205_A"
GLU_3_A,"MET_1_A,TYR_2_A,LEU_4_A,ASP_205_A"
LEU_4_A,"GLU_3_A,TYR_5_A"
TYR_5_A,"TYR_2_A,LEU_4_A,THR_6_A,TYR_12_A,MET_75_A,TYR_118_A"
THR_6_A,"TYR_5_A,LEU_7_A"
LEU_7_A,"THR_6_A,LEU_8_A"
LEU_8_A,"LEU_7_A,ALA_9_A,TYR_11_A,PHE_201_A"
ALA_9_A,"LEU_8_A,GLU_10_A,GLU_74_A"
GLU_10_A,"ALA_9_A,TYR_11_A,ARG_77_A,ARG_81_A,LYS_163_A"
TYR_11_A,"LEU_8_A,GLU_10_A,TYR_12_A,ILE_15_A,LYS_163_A,GLU_166_A,ILE_191_A"
TYR_12_A,"TYR_5_A,TYR_11_A,ASP_13_A,TYR_16_A,MET_75_A"
ASP_13_A,"TYR_12_A,THR_14_A,THR_52_A,LYS_82_A"
THR_14_A,"ASP_13_A,ILE_15_A,GLU_161_A"
ILE_15_A,"TYR_11_A,THR_14_A,TYR_16_A,TRP_159_A"
TYR_16_A,"TYR_12_A,ILE_15_A,ARG_17_A,PHE_113_A,ARG_187_A"
ARG_17_A,"TYR_16_A,ARG_18_A,GLU_21_A,GLU_161_A"
ARG_18_A,"ARG_17_A,ARG_19_A,GLU_161_A"
ARG_19_A,"ARG_18_A,ILE_20_A,ARG_22_A,GLU_26_A,ASP_144_A"
ILE_20_A,"ARG_19_A,GLU_21_A,ILE_54_A"
GLU_21_A,"ARG_17_A,ILE_20_A,ARG_22_A"
ARG_22_A,"ARG_19_A,GLU_21_A,VAL_23_A,GLU_26_A,ARG_242_A"
VAL_23_A,"ARG_22_A,LYS_24_A,ILE_27_A"
LYS_24_A,"VAL_23_A,ALA_25_A,GLU_58_A,GLU_61_A,ARG_62_A,ARG_86_A"
ALA_25_A,"LYS_24_A,GLU_26_A"
GLU_26_A,"ARG_19_A,ARG_22_A,ALA_25_A,ILE_27_A,VAL_30_A,ASP_144_A,ARG_242_A"
ILE_27_A,"VAL_23_A,GLU_26_A,ASP_28_A,GLU_31_A,GLU_58_A"
ASP_28_A,"ILE_27_A,PHE_29_A,GLU_31_A,GLU_58_A,ARG_62_A"
PHE_29_A,"ASP_28_A,VAL_30_A,ILE_33_A,LEU_232_A,TRP_244_A"
VAL_30_A,"GLU_26_A,PHE_29_A,GLU_31_A,PHE_34_A,PHE_112_A"
GLU_31_A,"ILE_27_A,ASP_28_A,VAL_30_A,GLU_32_A,LYS_35_A,ARG_62_A,TYR_64_A"
GLU_32_A,"GLU_31_A,ILE_33_A,GLU_36_A,ARG_234_A"
ILE_33_A,"PHE_29_A,GLU_32_A,PHE_34_A,ASP_37_A,ILE_142_A,VAL_246_A"
PHE_34_A,"VAL_30_A,ILE_33_A,LYS_35_A,VAL_42_A,ALA_108_A,ILE_142_A"
LYS_35_A,"GLU_31_A,PHE_34_A,GLU_36_A"
GLU_36_A,"GLU_32_A,LYS_35_A,ASP_37_A,ARG_234_A"
ASP_37_A,"ILE_33_A,GLU_36_A,ALA_38_A,LYS_227_A,TYR_229_A,ARG_234_A"
ALA_38_A,"ASP_37_A,LYS_39_A,VAL_140_A"
LYS_39_A,"ALA_38_A,ARG_40_A,GLY_138_A"
ARG_40_A,"LYS_39_A,GLU_41_A,ASP_107_A,LYS_136_A,PRO_137_A"
GLU_41_A,"ARG_40_A,VAL_42_A,ARG_43_A"
VAL_42_A,"PHE_34_A,GLU_41_A,ARG_43_A"
ARG_43_A,"GLU_41_A,VAL_42_A,ARG_44_A,GLU_65_A,ASP_107_A"
ARG_44_A,"ARG_43_A,VAL_45_A,GLU_65_A,GLU_91_A,GLU_105_A,PHE_106_A,ASP_107_A"
VAL_45_A,"ARG_44_A,LEU_46_A,GLU_65_A,VAL_67_A"
LEU_46_A,"VAL_45_A,ASP_47_A,LEU_48_A,PHE_102_A,PHE_106_A,ALA_108_A,THR_110_A"
ASP_47_A,"LEU_46_A,LEU_48_A,THR_56_A,VAL_67_A,THR_110_A"
LEU_48_A,"LEU_46_A,ASP_47_A,ALA_49_A,VAL_97_A,VAL_109_A,THR_110_A,MET_111_A,VAL_131_A"
ALA_49_A,"LEU_48_A,CYS_50_A,LEU_69_A,THR_115_A"
CYS_50_A,"ALA_49_A,GLY_51_A,GLY_53_A,LEU_69_A"
GLY_51_A,"CYS_50_A,THR_52_A,ASP_70_A"
THR_52_A,"ASP_13_A,GLY_51_A,GLY_53_A,MET_75_A,VAL_78_A,LYS_82_A"
GLY_53_A,"CYS_50_A,THR_52_A,ILE_54_A,LEU_57_A"
ILE_54_A,"ILE_20_A,GLY_53_A"
PRO_55_A,"THR_56_A,LEU_59_A,PHE_112_A"
THR_56_A,"ASP_47_A,PRO_55_A,LEU_57_A,ALA_60_A,VAL_66_A"
LEU_57_A,"GLY_53_A,THR_56_A,GLU_58_A,GLU_61_A,LYS_82_A,ILE_90_A"
GLU_58_A,"LYS_24_A,ILE_27_A,ASP_28_A,LEU_57_A,LEU_59_A,GLU_61_A,ARG_62_A,ARG_86_A"
LEU_59_A,"PRO_55_A,GLU_58_A,ALA_60_A,TYR_64_A"
ALA_60_A,"THR_56_A,LEU_59_A,GLU_61_A,ARG_62_A,GLY_63_A,ILE_90_A"
GLU_61_A,"LYS_24_A,LEU_57_A,GLU_58_A,ALA_60_A,ARG_62_A,ARG_86_A"
ARG_62_A,"LYS_24_A,ASP_28_A,GLU_31_A,GLU_58_A,ALA_60_A,GLU_61_A,GLY_63_A"
GLY_63_A,"ALA_60_A,ARG_62_A,TYR_64_A"
TYR_64_A,"GLU_31_A,LEU_59_A,GLY_63_A,GLU_65_A"
GLU_65_A,"ARG_43_A,ARG_44_A,VAL_45_A,TYR_64_A,VAL_66_A"
VAL_66_A,"THR_56_A,GLU_65_A,VAL_67_A"
VAL_67_A,"VAL_45_A,ASP_47_A,VAL_66_A,GLY_68_A,LEU_93_A,PHE_106_A"
GLY_68_A,"VAL_67_A,LEU_69_A,GLU_91_A,LEU_93_A"
LEU_69_A,"ALA_49_A,CYS_50_A,GLY_68_A,ASP_70_A,ILE_100_A"
ASP_70_A,"GLY_51_A,LEU_69_A,LEU_71_A,HIS_72_A,LEU_76_A,LEU_93_A,GLY_95_A"
LEU_71_A,"ASP_70_A,HIS_72_A,GLN_94_A"
HIS_72_A,"TYR_2_A,ASP_70_A,LEU_71_A,GLU_73_A,GLU_74_A"
GLU_73_A,"HIS_72_A,GLU_74_A,ARG_77_A,ARG_80_A"
GLU_74_A,"ALA_9_A,HIS_72_A,GLU_73_A,MET_75_A"
MET_75_A,"TYR_5_A,TYR_12_A,THR_52_A,GLU_74_A,LEU_76_A"
LEU_76_A,"ASP_70_A,MET_75_A,ARG_77_A,ARG_80_A,GLN_94_A"
ARG_77_A,"GLU_10_A,GLU_73_A,LEU_76_A,VAL_78_A,ARG_81_A"
VAL_78_A,"THR_52_A,ARG_77_A,ALA_79_A"
ALA_79_A,"VAL_78_A,ARG_80_A,ALA_83_A,PHE_92_A"
ARG_80_A,"GLU_73_A,LEU_76_A,ALA_79_A,ARG_81_A,LYS_84_A,PHE_92_A"
ARG_81_A,"GLU_10_A,ARG_77_A,ARG_80_A,LYS_82_A,GLU_85_A"
LYS_82_A,"ASP_13_A,THR_52_A,LEU_57_A,ARG_81_A,ALA_83_A,ARG_86_A"
ALA_83_A,"ALA_79_A,LYS_82_A,LYS_84_A,ASN_87_A,LEU_88_A"
LYS_84_A,"ARG_80_A,ALA_83_A,GLU_85_A"
GLU_85_A,"ARG_81_A,LYS_84_A,ARG_86_A"
ARG_86_A,"LYS_24_A,GLU_58_A,GLU_61_A,LYS_82_A,GLU_85_A,ASN_87_A"
ASN_87_A,"ALA_83_A,ARG_86_A,LEU_88_A"
LEU_88_A,"ALA_83_A,ASN_87_A,LYS_89_A"
LYS_89_A,"LEU_88_A,ILE_90_A"
ILE_90_A,"LEU_57_A,ALA_60_A,LYS_89_A,GLU_91_A,PHE_92_A"
GLU_91_A,"ARG_44_A,GLY_68_A,ILE_90_A,PHE_92_A"
PHE_92_A,"ALA_79_A,ARG_80_A,ILE_90_A,GLU_91_A,LEU_93_A"
LEU_93_A,"VAL_67_A,GLY_68_A,ASP_70_A,PHE_92_A,GLN_94_A"
GLN_94_A,"LEU_71_A,LEU_76_A,LEU_93_A,GLY_95_A"
GLY_95_A,"ASP_70_A,GLN_94_A,ASP_96_A"
ASP_96_A,"GLY_95_A,VAL_97_A,LEU_98_A,GLU_99_A"
VAL_97_A,"LEU_48_A,ASP_96_A,LEU_98_A,PHE_119_A"
LEU_98_A,"ASP_96_A,VAL_97_A,GLU_99_A"
GLU_99_A,"ASP_96_A,LEU_98_A,ILE_100_A"
ILE_100_A,"LEU_69_A,GLU_99_A,ALA_101_A,LYS_130_A"
ALA_101_A,"ILE_100_A,PHE_102_A"
PHE_102_A,"LEU_46_A,ALA_101_A,LYS_103_A,PHE_106_A"
LYS_103_A,"PHE_102_A,ASN_104_A"
ASN_104_A,"LYS_103_A,GLU_105_A,GLU_133_A"
GLU_105_A,"ARG_44_A,ASN_104_A,PHE_106_A,ALA_134_A"
PHE_106_A,"ARG_44_A,LEU_46_A,VAL_67_A,PHE_102_A,GLU_105_A,ASP_107_A,LYS_136_A"
ASP_107_A,"ARG_40_A,ARG_43_A,ARG_44_A,PHE_106_A,ALA_108_A,LYS_136_A"
ALA_108_A,"PHE_34_A,LEU_46_A,ASP_107_A,VAL_109_A"
VAL_109_A,"LEU_48_A,ALA_108_A,THR_110_A,LEU_135_A,VAL_140_A,ILE_142_A"
THR_110_A,"LEU_46_A,ASP_47_A,LEU_48_A,VAL_109_A,MET_111_A,PHE_112_A"
MET_111_A,"LEU_48_A,THR_110_A,PHE_112_A,THR_143_A"
PHE_112_A,"VAL_30_A,PRO_55_A,THR_110_A,MET_111_A,PHE_113_A"
PHE_113_A,"TYR_16_A,PHE_112_A,SER_114_A,ASP_144_A"
SER_114_A,"PHE_113_A,THR_115_A,ASP_144_A"
THR_115_A,"ALA_49_A,SER_114_A,ILE_116_A,MET_117_A"
ILE_116_A,"THR_115_A,MET_117_A,PHE_145_A"
MET_117_A,"THR_115_A,ILE_116_A,TYR_118_A,ASN_208_A"
TYR_118_A,"TYR_5_A,MET_117_A,PHE_119_A,LEU_207_A"
PHE_119_A,"VAL_97_A,TYR_118_A,ASP_120_A,TYR_210_A"
ASP_120_A,"PHE_119_A,GLU_121_A,GLU_122_A,ASP_123_A,LEU_124_A,LYS_182_A"
GLU_121_A,"ASP_120_A,GLU_122_A,ARG_125_A"
GLU_122_A,"ASP_120_A,GLU_121_A,ASP_123_A"
ASP_123_A,"ASP_120_A,GLU_122_A,LEU_124_A,LYS_126_A,LEU_127_A"
LEU_124_A,"ASP_120_A,ASP_123_A,ARG_125_A,PHE_128_A,TYR_210_A"
ARG_125_A,"GLU_121_A,LEU_124_A,LYS_126_A,SER_129_A,LYS_221_A"
LYS_126_A,"ASP_123_A,ARG_125_A,LEU_127_A"
LEU_127_A,"ASP_123_A,LYS_126_A,PHE_128_A,VAL_131_A"
PHE_128_A,"LEU_124_A,LEU_127_A,SER_129_A,ALA_132_A,PHE_141_A,TYR_222_A"
SER_129_A,"ARG_125_A,PHE_128_A,LYS_130_A"
LYS_130_A,"ILE_100_A,SER_129_A,VAL_131_A,GLU_133_A"
VAL_131_A,"LEU_48_A,LEU_127_A,LYS_130_A,ALA_132_A,ALA_134_A,PHE_141_A"
ALA_132_A,"PHE_128_A,VAL_131_A,GLU_133_A"
GLU_133_A,"ASN_104_A,LYS_130_A,ALA_132_A,ALA_134_A"
ALA_134_A,"GLU_105_A,VAL_131_A,GLU_133_A,LEU_135_A"
LEU_135_A,"VAL_109_A,ALA_134_A,LYS_136_A"
LYS_136_A,"ARG_40_A,PHE_106_A,ASP_107_A,LEU_135_A,GLY_139_A"
PRO_137_A,"ARG_40_A,GLY_138_A"
GLY_138_A,"LYS_39_A,PRO_137_A,GLY_139_A"
GLY_139_A,"LYS_136_A,GLY_138_A,VAL_140_A,ALA_249_A"
VAL_140_A,"ALA_38_A,VAL_109_A,GLY_139_A,PHE_141_A"
PHE_141_A,"PHE_128_A,VAL_131_A,VAL_140_A,ILE_142_A,PHE_223_A,GLY_247_A"
ILE_142_A,"ILE_33_A,PHE_34_A,VAL_109_A,PHE_141_A,THR_143_A,TRP_244_A"
THR_143_A,"MET_111_A,ILE_142_A,ASP_144_A,ILE_245_A"
ASP_144_A,"ARG_19_A,GLU_26_A,PHE_113_A,SER_114_A,THR_143_A,PHE_145_A,ARG_242_A,TRP_244_A"
PHE_145_A,"ILE_116_A,ASP_144_A,VAL_215_A,TYR_243_A,ILE_245_A"
PRO_146_A,CYS_147_A
CYS_147_A,"PRO_146_A,MET_241_A"
PRO_156_A,VAL_157_A
VAL_157_A,"PRO_156_A,VAL_158_A,ASP_172_A"
VAL_158_A,"VAL_157_A,TRP_159_A"
TRP_159_A,"ILE_15_A,VAL_158_A,ASN_160_A,GLU_161_A,ILE_170_A,ASP_172_A"
ASN_160_A,"TRP_159_A,GLU_161_A"
GLU_161_A,"THR_14_A,ARG_17_A,ARG_18_A,TRP_159_A,ASN_160_A,GLN_162_A,LEU_168_A"
GLN_162_A,"GLU_161_A,LYS_163_A,GLY_164_A"
LYS_163_A,"GLU_10_A,TYR_11_A,GLN_162_A,GLY_164_A,GLU_166_A"
GLY_164_A,"GLN_162_A,LYS_163_A,GLU_165_A"
GLU_165_A,"GLY_164_A,GLU_166_A,ARG_193_A"
GLU_166_A,"TYR_11_A,LYS_163_A,GLU_165_A,LYS_167_A,ARG_193_A"
LYS_167_A,"GLU_166_A,LEU_168_A,LEU_192_A"
LEU_168_A,"GLU_161_A,LYS_167_A,VAL_169_A"
VAL_169_A,"LEU_168_A,ILE_170_A,GLN_190_A"
ILE_170_A,"TRP_159_A,VAL_169_A,MET_171_A,ARG_187_A"
MET_171_A,"ILE_170_A,ASP_172_A,LEU_188_A"
ASP_172_A,"VAL_157_A,TRP_159_A,MET_171_A,TRP_173_A,ARG_187_A"
TRP_173_A,"ASP_172_A,ARG_174_A,LYS_186_A,LEU_202_A"
ARG_174_A,"TRP_173_A,GLU_175_A"
GLU_175_A,"ARG_174_A,VAL_176_A,ARG_184_A,LYS_186_A"
VAL_176_A,"GLU_175_A,GLU_177_A,ILE_209_A"
GLU_177_A,"VAL_176_A,VAL_180_A,LYS_182_A,GLU_206_A"
PRO_178_A,"ALA_179_A,GLN_181_A"
ALA_179_A,"PRO_178_A,VAL_180_A"
VAL_180_A,"GLU_177_A,ALA_179_A,GLN_181_A,LYS_182_A"
GLN_181_A,"PRO_178_A,VAL_180_A,LYS_182_A,ILE_209_A,GLU_214_A"
LYS_182_A,"ASP_120_A,GLU_177_A,VAL_180_A,GLN_181_A,LEU_183_A,GLU_206_A,ASN_208_A"
LEU_183_A,"LYS_182_A,ARG_184_A,PHE_185_A,LEU_207_A"
ARG_184_A,"GLU_175_A,LEU_183_A,PHE_185_A,LYS_186_A,ASP_204_A,GLU_206_A"
PHE_185_A,"LEU_183_A,ARG_184_A,LYS_186_A,ASP_205_A"
LYS_186_A,"TRP_173_A,GLU_175_A,ARG_184_A,PHE_185_A,ARG_187_A,ASP_204_A"
ARG_187_A,"TYR_16_A,ILE_170_A,ASP_172_A,LYS_186_A,LEU_188_A,VAL_189_A,VAL_203_A"
LEU_188_A,"MET_171_A,ARG_187_A,VAL_189_A"
VAL_189_A,"ARG_187_A,LEU_188_A,GLN_190_A,PHE_201_A"
GLN_190_A,"VAL_169_A,VAL_189_A,ILE_191_A"
ILE_191_A,"TYR_11_A,GLN_190_A,LEU_192_A,LYS_199_A"
LEU_192_A,"LYS_167_A,ILE_191_A,ARG_193_A"
ARG_193_A,"GLU_165_A,GLU_166_A,LEU_192_A,GLY_196_A,GLU_197_A"
PRO_194_A,ASN_195_A
ASN_195_A,"PRO_194_A,GLY_196_A,GLU_197_A"
GLY_196_A,"ARG_193_A,ASN_195_A,GLU_197_A"
GLU_197_A,"ARG_193_A,ASN_195_A,GLY_196_A,VAL_198_A"
VAL_198_A,"GLU_197_A,LYS_199_A"
LYS_199_A,"ILE_191_A,VAL_198_A,ALA_200_A"
ALA_200_A,"LYS_199_A,PHE_201_A"
PHE_201_A,"LEU_8_A,VAL_189_A,ALA_200_A,LEU_202_A"
LEU_202_A,"TRP_173_A,PHE_201_A,VAL_203_A"
VAL_203_A,"ARG_187_A,LEU_202_A,ASP_204_A"
ASP_204_A,"ARG_184_A,LYS_186_A,VAL_203_A,ASP_205_A"
ASP_205_A,"TYR_2_A,GLU_3_A,PHE_185_A,ASP_204_A,GLU_206_A"
GLU_206_A,"GLU_177_A,LYS_182_A,ARG_184_A,ASP_205_A,LEU_207_A"
LEU_207_A,"TYR_118_A,LEU_183_A,GLU_206_A,ASN_208_A"
ASN_208_A,"MET_117_A,LYS_182_A,LEU_207_A,ILE_209_A,TYR_210_A"
ILE_209_A,"VAL_176_A,GLN_181_A,ASN_208_A,TYR_210_A"
TYR_210_A,"PHE_119_A,LEU_124_A,ASN_208_A,ILE_209_A,THR_211_A"
THR_211_A,"TYR_210_A,GLU_214_A"
PRO_212_A,"ARG_213_A,TYR_243_A"
ARG_213_A,"PRO_212_A,GLU_214_A,ARG_216_A,LEU_217_A"
GLU_214_A,"GLN_181_A,THR_211_A,ARG_213_A,VAL_215_A,LEU_218_A"
VAL_215_A,"PHE_145_A,GLU_214_A,ARG_216_A,ALA_219_A,ILE_245_A"
ARG_216_A,"ARG_213_A,VAL_215_A,LEU_217_A,GLU_220_A,ILE_228_A"
LEU_217_A,"ARG_213_A,ARG_216_A,LEU_218_A"
LEU_218_A,"GLU_214_A,LEU_217_A,ALA_219_A"
ALA_219_A,"VAL_215_A,LEU_218_A,GLU_220_A,LYS_221_A,TYR_222_A,VAL_226_A"
GLU_220_A,"ARG_216_A,ALA_219_A,LYS_221_A"
LYS_221_A,"ARG_125_A,ALA_219_A,GLU_220_A,TYR_222_A"
TYR_222_A,"PHE_128_A,ALA_219_A,LYS_221_A,PHE_223_A"
PHE_223_A,"PHE_141_A,TYR_222_A,GLU_224_A"
GLU_224_A,"PHE_223_A,LYS_225_A,LYS_250_A"
LYS_225_A,"GLU_224_A,VAL_226_A,LYS_227_A,ILE_248_A"
VAL_226_A,"ALA_219_A,LYS_225_A,LYS_227_A"
LYS_227_A,"ASP_37_A,LYS_225_A,VAL_226_A,ILE_228_A,ARG_234_A,VAL_246_A"
ILE_228_A,"ARG_216_A,LYS_227_A,TYR_229_A,ILE_245_A"
TYR_229_A,"ASP_37_A,ILE_228_A,GLY_230_A,TRP_244_A"
GLY_230_A,"TYR_229_A,ASN_231_A,GLU_235_A"
ASN_231_A,"GLY_230_A,LEU_232_A"
LEU_232_A,"PHE_29_A,ASN_231_A,LYS_233_A"
LYS_233_A,"LEU_232_A,ARG_234_A,GLU_235_A"
ARG_234_A,"GLU_32_A,GLU_36_A,ASP_37_A,LYS_227_A,LYS_233_A,GLU_235_A"
GLU_235_A,"GLY_230_A,LYS_233_A,ARG_234_A,LEU_236_A"
LEU_236_A,"GLU_235_A,SER_237_A"
SER_237_A,"LEU_236_A,ASP_240_A"
PRO_238_A,ASN_239_A
ASN_239_A,"PRO_238_A,ASP_240_A"
ASP_240_A,"SER_237_A,ASN_239_A,MET_241_A,TYR_243_A"
MET_241_A,"CYS_147_A,ASP_240_A,ARG_242_A"
ARG_242_A,"ARG_22_A,GLU_26_A,ASP_144_A,MET_241_A,TYR_243_A"
TYR_243_A,"PHE_145_A,PRO_212_A,ASP_240_A,ARG_242_A,TRP_244_A"
TRP_244_A,"PHE_29_A,ILE_142_A,ASP_144_A,TYR_229_A,TYR_243_A,ILE_245_A"
ILE_245_A,"THR_143_A,PHE_145_A,VAL_215_A,ILE_228_A,TRP_244_A,VAL_246_A"
VAL_246_A,"ILE_33_A,LYS_227_A,ILE_245_A,GLY_247_A"
GLY_247_A,"PHE_141_A,VAL_246_A,ILE_248_A"
ILE_248_A,"LYS_225_A,GLY_247_A,ALA_249_A"
ALA_249_A,"GLY_139_A,ILE_248_A,LYS_250_A"
LYS_250_A,"GLU_224_A,ALA_249_A,SER_251_A"
SER_251_A,LYS_250_A
