residue_id,neighbors
THR_3_A,ASP_4_A
ASP_4_A,"THR_3_A,PHE_5_A,SER_6_A"
PHE_5_A,"ASP_4_A,SER_6_A"
SER_6_A,"ASP_4_A,PHE_5_A,LYS_7_A"
LYS_7_A,"SER_6_A,LEU_8_A"
LEU_8_A,"LYS_7_A,SER_9_A,LYS_10_A,TYR_11_A,VAL_12_A,LEU_46_A"
SER_9_A,"LEU_8_A,LYS_10_A"
LYS_10_A,"LEU_8_A,SER_9_A,TYR_11_A"
TYR_11_A,"LEU_8_A,LYS_10_A,VAL_12_A,THR_14_A,PHE_260_A"
VAL_12_A,"LEU_8_A,TYR_11_A,GLU_13_A,LEU_15_A,ILE_268_A"
GLU_13_A,"VAL_12_A,THR_14_A"
THR_14_A,"TYR_11_A,GLU_13_A,LEU_15_A"
LEU_15_A,"VAL_12_A,THR_14_A,ARG_16_A"
ARG_16_A,"LEU_15_A,VAL_17_A,PHE_251_A,GLU_272_A,LYS_275_A"
VAL_17_A,"ARG_16_A,LYS_18_A,SER_244_A,TRP_250_A,VAL_252_A"
LYS_18_A,"VAL_17_A,GLN_21_A"
PRO_19_A,LYS_20_A
LYS_20_A,"PRO_19_A,GLN_21_A"
GLN_21_A,"LYS_18_A,LYS_20_A,SER_22_A"
SER_22_A,"GLN_21_A,ILE_23_A"
ILE_23_A,"SER_22_A,ASP_24_A,PHE_29_A"
ASP_24_A,"ILE_23_A,LEU_25_A,ASP_28_A,ARG_233_A,GLU_237_A"
LEU_25_A,"ASP_24_A,LYS_26_A,GLU_237_A"
LYS_26_A,"LEU_25_A,LYS_27_A,ARG_233_A"
LYS_27_A,"LYS_26_A,ASP_28_A"
ASP_28_A,"ASP_24_A,LYS_27_A,PHE_29_A"
PHE_29_A,"ILE_23_A,ASP_28_A,ASP_30_A"
ASP_30_A,"PHE_29_A,THR_31_A,ASP_32_A"
THR_31_A,"ASP_30_A,ASP_32_A,ASP_256_A"
ASP_32_A,"ASP_30_A,THR_31_A,TYR_33_A,ASP_256_A,ASP_257_A"
TYR_33_A,"ASP_32_A,ASP_34_A,TRP_259_A,PHE_260_A"
ASP_34_A,"TYR_33_A,HIS_35_A"
HIS_35_A,"ASP_34_A,LYS_36_A"
LYS_36_A,HIS_35_A
LEU_38_A,THR_39_A
THR_39_A,"LEU_38_A,LYS_40_A,GLU_42_A,GLY_43_A"
LYS_40_A,"THR_39_A,GLU_41_A,GLU_44_A"
GLU_41_A,"LYS_40_A,GLU_42_A"
GLU_42_A,"THR_39_A,GLU_41_A,GLY_43_A"
GLY_43_A,"THR_39_A,GLU_42_A,GLU_44_A,LEU_47_A"
GLU_44_A,"LYS_40_A,GLY_43_A,GLU_45_A"
GLU_45_A,"GLU_44_A,LEU_46_A"
LEU_46_A,"LEU_8_A,GLU_45_A,LEU_47_A,LEU_49_A,GLY_50_A,LEU_263_A"
LEU_47_A,"GLY_43_A,LEU_46_A,ASN_48_A"
ASN_48_A,"LEU_47_A,LEU_49_A,SER_52_A"
LEU_49_A,"LEU_46_A,ASN_48_A,GLY_50_A,LYS_53_A"
GLY_50_A,"LEU_46_A,LEU_49_A,ILE_51_A,LEU_54_A"
ILE_51_A,"GLY_50_A,SER_52_A,SER_55_A"
SER_52_A,"ASN_48_A,ILE_51_A,LYS_53_A"
LYS_53_A,"LEU_49_A,SER_52_A,LEU_54_A,LYS_60_A,GLU_274_A"
LEU_54_A,"GLY_50_A,LYS_53_A,SER_55_A,GLN_58_A"
SER_55_A,"ILE_51_A,LEU_54_A,GLU_56_A,GLU_59_A,GLY_91_A"
GLU_56_A,"SER_55_A,ILE_57_A,LYS_60_A"
ILE_57_A,"GLU_56_A,GLN_58_A,LEU_61_A"
GLN_58_A,"LEU_54_A,ILE_57_A,GLU_59_A,TYR_62_A"
GLU_59_A,"SER_55_A,GLN_58_A,LYS_60_A,PHE_280_A"
LYS_60_A,"LYS_53_A,GLU_56_A,GLU_59_A,LEU_61_A,SER_64_A"
LEU_61_A,"ILE_57_A,LYS_60_A,TYR_62_A,VAL_69_A"
TYR_62_A,"GLN_58_A,LEU_61_A,ALA_63_A"
ALA_63_A,"TYR_62_A,SER_64_A"
SER_64_A,"LYS_60_A,ALA_63_A,GLY_65_A,THR_66_A"
GLY_65_A,"SER_64_A,THR_66_A"
THR_66_A,"SER_64_A,GLY_65_A,LYS_67_A"
LYS_67_A,"THR_66_A,SER_68_A,GLY_126_A"
SER_68_A,"LYS_67_A,VAL_69_A,GLY_186_A,ILE_188_A"
VAL_69_A,"LEU_61_A,SER_68_A,LEU_70_A,ILE_71_A,GLY_129_A,LEU_273_A"
LEU_70_A,"VAL_69_A,ILE_71_A,ILE_188_A,LEU_190_A"
ILE_71_A,"VAL_69_A,LEU_70_A,VAL_72_A,GLY_129_A,PHE_131_A"
VAL_72_A,"ILE_71_A,PHE_73_A,LEU_190_A,PHE_192_A"
PHE_73_A,"VAL_72_A,GLN_74_A,VAL_85_A,PHE_192_A"
GLN_74_A,"PHE_73_A,ALA_75_A,SER_134_A,GLU_137_A,PHE_192_A,LEU_194_A"
ALA_75_A,"GLN_74_A,ALA_79_A,LEU_194_A"
ASP_77_A,"ALA_78_A,ARG_133_A,ASP_222_A"
ALA_78_A,"ASP_77_A,ALA_79_A,ARG_204_A,PHE_205_A"
ALA_79_A,"ALA_75_A,ALA_78_A,GLY_80_A,ARG_204_A"
GLY_80_A,"ALA_79_A,LYS_81_A,THR_84_A"
LYS_81_A,"GLY_80_A,ASP_82_A,VAL_85_A,ARG_133_A"
ASP_82_A,"LYS_81_A,GLY_83_A,LYS_86_A"
GLY_83_A,"ASP_82_A,THR_84_A,HIS_87_A"
THR_84_A,"GLY_80_A,GLY_83_A,VAL_85_A,ILE_265_A"
VAL_85_A,"PHE_73_A,LYS_81_A,THR_84_A,LYS_86_A,VAL_99_A"
LYS_86_A,"ASP_82_A,VAL_85_A,HIS_87_A"
HIS_87_A,"GLY_83_A,LYS_86_A,ILE_88_A,THR_90_A,ARG_262_A"
ILE_88_A,"HIS_87_A,ILE_265_A"
THR_90_A,"HIS_87_A,GLY_91_A"
GLY_91_A,"SER_55_A,THR_90_A,LEU_92_A"
LEU_92_A,"GLY_91_A,ASN_93_A,VAL_97_A"
ASN_93_A,LEU_92_A
PRO_94_A,GLN_95_A
GLN_95_A,"PRO_94_A,GLY_96_A"
GLY_96_A,"GLN_95_A,VAL_97_A,ILE_128_A"
VAL_97_A,"LEU_92_A,GLY_96_A,LYS_98_A"
LYS_98_A,"VAL_97_A,VAL_99_A,ILE_128_A,ILE_130_A"
VAL_99_A,"VAL_85_A,LYS_98_A,THR_100_A"
THR_100_A,"VAL_99_A,SER_101_A,PHE_102_A,ILE_130_A"
SER_101_A,"THR_100_A,PHE_102_A"
PHE_102_A,"THR_100_A,SER_101_A,LYS_103_A,HIS_118_A,ALA_121_A,PHE_131_A"
LYS_103_A,"PHE_102_A,VAL_104_A,ARG_117_A"
VAL_104_A,LYS_103_A
PRO_105_A,"SER_106_A,LEU_110_A"
SER_106_A,"PRO_105_A,LYS_107_A,GLU_109_A,LEU_110_A"
LYS_107_A,"SER_106_A,ILE_108_A"
ILE_108_A,"LYS_107_A,GLU_109_A,SER_111_A"
GLU_109_A,"SER_106_A,ILE_108_A,LEU_110_A,ARG_117_A"
LEU_110_A,"PRO_105_A,SER_106_A,GLU_109_A,SER_111_A"
SER_111_A,"ILE_108_A,LEU_110_A,HIS_112_A"
HIS_112_A,"SER_111_A,ASP_113_A,TRP_116_A"
ASP_113_A,"HIS_112_A,TYR_114_A,LEU_115_A"
TYR_114_A,"ASP_113_A,LEU_115_A,ASN_138_A,GLN_174_A"
LEU_115_A,"ASP_113_A,TYR_114_A,TRP_116_A,HIS_118_A,TYR_119_A,HIS_135_A"
TRP_116_A,"HIS_112_A,LEU_115_A,ARG_117_A,VAL_120_A"
ARG_117_A,"LYS_103_A,GLU_109_A,TRP_116_A,HIS_118_A"
HIS_118_A,"PHE_102_A,LEU_115_A,ARG_117_A,TYR_119_A,HIS_135_A"
TYR_119_A,"LEU_115_A,HIS_118_A,VAL_120_A,LEU_122_A,PHE_178_A"
VAL_120_A,"TRP_116_A,TYR_119_A,ALA_121_A"
ALA_121_A,"PHE_102_A,VAL_120_A,LEU_122_A"
LEU_122_A,"TYR_119_A,ALA_121_A"
PRO_123_A,ALA_124_A
ALA_124_A,"PRO_123_A,THR_125_A,GLU_127_A"
THR_125_A,"ALA_124_A,GLY_126_A"
GLY_126_A,"LYS_67_A,THR_125_A,GLU_127_A"
GLU_127_A,"ALA_124_A,GLY_126_A,ILE_128_A"
ILE_128_A,"GLY_96_A,LYS_98_A,GLU_127_A,GLY_129_A"
GLY_129_A,"VAL_69_A,ILE_71_A,ILE_128_A,ILE_130_A"
ILE_130_A,"LYS_98_A,THR_100_A,GLY_129_A,PHE_131_A"
PHE_131_A,"ILE_71_A,PHE_102_A,ILE_130_A,ASN_132_A"
ASN_132_A,"PHE_131_A,ARG_133_A"
ARG_133_A,"ASP_77_A,LYS_81_A,ASN_132_A,SER_134_A,GLU_137_A"
SER_134_A,"GLN_74_A,ARG_133_A,HIS_135_A"
HIS_135_A,"LEU_115_A,HIS_118_A,SER_134_A,TYR_136_A,GLU_179_A"
TYR_136_A,"HIS_135_A,GLU_137_A,ILE_175_A,GLU_179_A,LYS_191_A,TRP_250_A"
GLU_137_A,"GLN_74_A,ARG_133_A,TYR_136_A,ASN_138_A"
ASN_138_A,"TYR_114_A,GLU_137_A,VAL_139_A,ARG_171_A"
VAL_139_A,"ASN_138_A,LEU_140_A"
LEU_140_A,"VAL_139_A,VAL_141_A,ARG_143_A,VAL_144_A"
VAL_141_A,"LEU_140_A,THR_142_A,HIS_145_A"
THR_142_A,"VAL_141_A,ARG_143_A,LEU_149_A"
ARG_143_A,"LEU_140_A,THR_142_A,VAL_144_A,GLN_165_A,TRP_168_A,ASP_238_A"
VAL_144_A,"LEU_140_A,ARG_143_A,HIS_145_A,HIS_228_A,TYR_232_A"
HIS_145_A,"VAL_141_A,VAL_144_A,GLU_147_A,TYR_148_A,GLU_225_A,HIS_228_A"
PRO_146_A,GLU_147_A
GLU_147_A,"HIS_145_A,PRO_146_A,TYR_148_A"
TYR_148_A,"HIS_145_A,GLU_147_A,LEU_149_A,SER_151_A"
LEU_149_A,"THR_142_A,TYR_148_A,LEU_150_A,SER_155_A,VAL_163_A"
LEU_150_A,"LEU_149_A,SER_151_A,ILE_160_A"
SER_151_A,"TYR_148_A,LEU_150_A,GLU_152_A"
GLU_152_A,"SER_151_A,GLN_153_A,THR_154_A,SER_155_A,ARG_171_A"
GLN_153_A,"GLU_152_A,THR_154_A"
THR_154_A,"GLU_152_A,GLN_153_A,SER_155_A"
SER_155_A,"LEU_149_A,GLU_152_A,THR_154_A,GLY_156_A"
GLY_156_A,"SER_155_A,VAL_157_A"
VAL_157_A,"GLY_156_A,THR_158_A,VAL_163_A,PHE_167_A"
THR_158_A,"VAL_157_A,ALA_159_A,GLN_162_A"
ALA_159_A,"THR_158_A,ILE_160_A,GLN_162_A"
ILE_160_A,"LEU_150_A,ALA_159_A,GLU_161_A"
GLU_161_A,"ILE_160_A,GLN_162_A"
GLN_162_A,"THR_158_A,ALA_159_A,GLU_161_A,VAL_163_A"
VAL_163_A,"LEU_149_A,VAL_157_A,GLN_162_A,ASN_164_A,TRP_168_A"
ASN_164_A,"VAL_163_A,GLN_165_A,PHE_167_A"
GLN_165_A,"ARG_143_A,ASN_164_A,LYS_166_A,ASP_169_A,ASP_238_A"
LYS_166_A,"GLN_165_A,PHE_167_A"
PHE_167_A,"VAL_157_A,ASN_164_A,LYS_166_A,TRP_168_A"
TRP_168_A,"ARG_143_A,VAL_163_A,PHE_167_A,ASP_169_A,PHE_172_A"
ASP_169_A,"GLN_165_A,TRP_168_A,LYS_170_A,ASP_238_A"
LYS_170_A,"ASP_169_A,ARG_171_A"
ARG_171_A,"ASN_138_A,GLU_152_A,LYS_170_A,PHE_172_A,ILE_175_A"
PHE_172_A,"TRP_168_A,ARG_171_A,GLN_173_A,ASN_176_A,ASN_242_A,THR_243_A"
GLN_173_A,"PHE_172_A,GLN_174_A,ASN_177_A"
GLN_174_A,"TYR_114_A,GLN_173_A,ILE_175_A,PHE_178_A"
ILE_175_A,"TYR_136_A,ARG_171_A,GLN_174_A,ASN_176_A,GLU_179_A"
ASN_176_A,"PHE_172_A,ILE_175_A,ASN_177_A,GLN_180_A,ASN_242_A"
ASN_177_A,"GLN_173_A,ASN_176_A,PHE_178_A,HIS_181_A"
PHE_178_A,"TYR_119_A,GLN_174_A,ASN_177_A,GLU_179_A"
GLU_179_A,"HIS_135_A,TYR_136_A,ILE_175_A,PHE_178_A,GLN_180_A,SER_183_A,LYS_191_A"
GLN_180_A,"ASN_176_A,GLU_179_A,HIS_181_A,GLU_184_A"
HIS_181_A,"ASN_177_A,GLN_180_A,ILE_182_A,ASN_185_A"
ILE_182_A,"HIS_181_A,SER_183_A,THR_187_A"
SER_183_A,"GLU_179_A,ILE_182_A,GLU_184_A"
GLU_184_A,"GLN_180_A,SER_183_A,ASN_185_A"
ASN_185_A,"HIS_181_A,GLU_184_A,GLY_186_A"
GLY_186_A,"SER_68_A,ASN_185_A,THR_187_A"
THR_187_A,"ILE_182_A,GLY_186_A,ILE_188_A"
ILE_188_A,"SER_68_A,LEU_70_A,THR_187_A,VAL_189_A"
VAL_189_A,"ILE_188_A,LEU_190_A"
LEU_190_A,"LEU_70_A,VAL_72_A,VAL_189_A,LYS_191_A"
LYS_191_A,"TYR_136_A,GLU_179_A,LEU_190_A,PHE_192_A,THR_243_A,ALA_248_A,TRP_250_A,PHE_251_A"
PHE_192_A,"VAL_72_A,PHE_73_A,GLN_74_A,LYS_191_A,PHE_193_A,ILE_253_A,ILE_269_A"
PHE_193_A,"PHE_192_A,LEU_194_A,TYR_236_A,PHE_251_A,ILE_253_A"
LEU_194_A,"GLN_74_A,ALA_75_A,PHE_193_A,HIS_195_A"
HIS_195_A,"LEU_194_A,VAL_196_A,ILE_253_A,ALA_255_A"
VAL_196_A,"HIS_195_A,SER_197_A"
SER_197_A,"VAL_196_A,LYS_198_A,GLN_201_A,ASP_256_A"
LYS_198_A,"SER_197_A,LYS_199_A,LYS_202_A,ARG_226_A,TRP_229_A"
LYS_199_A,"LYS_198_A,GLU_200_A"
GLU_200_A,"LYS_199_A,GLN_201_A,ARG_204_A,ASP_256_A"
GLN_201_A,"SER_197_A,GLU_200_A,LYS_202_A,PHE_205_A,ARG_226_A"
LYS_202_A,"LYS_198_A,GLN_201_A,LYS_203_A,ILE_206_A,ARG_226_A"
LYS_203_A,"LYS_202_A,ARG_204_A,GLU_207_A"
ARG_204_A,"ALA_78_A,ALA_79_A,GLU_200_A,LYS_203_A,PHE_205_A,ARG_208_A,ALA_255_A,ASP_256_A,LYS_258_A"
PHE_205_A,"ALA_78_A,GLN_201_A,ARG_204_A,ILE_206_A,ILE_209_A,ASP_222_A"
ILE_206_A,"LYS_202_A,PHE_205_A,GLU_207_A,ILE_209_A,GLU_210_A"
GLU_207_A,"LYS_203_A,ILE_206_A,ARG_208_A"
ARG_208_A,"ARG_204_A,GLU_207_A,ILE_209_A,ASP_222_A,LYS_258_A"
ILE_209_A,"PHE_205_A,ILE_206_A,ARG_208_A,GLU_210_A,ASN_215_A,PHE_218_A"
GLU_210_A,"ILE_206_A,ILE_209_A,LEU_211_A"
LEU_211_A,"GLU_210_A,ASP_212_A,LYS_214_A,ASN_215_A"
ASP_212_A,"LEU_211_A,THR_213_A"
THR_213_A,"ASP_212_A,LYS_214_A,TRP_216_A"
LYS_214_A,"LEU_211_A,THR_213_A,ASN_215_A,LYS_217_A"
ASN_215_A,"ILE_209_A,LEU_211_A,LYS_214_A,TRP_216_A,LYS_217_A"
TRP_216_A,"THR_213_A,ASN_215_A,LYS_217_A"
LYS_217_A,"LYS_214_A,ASN_215_A,TRP_216_A,PHE_218_A"
PHE_218_A,"ILE_209_A,LYS_217_A,SER_219_A,LEU_223_A"
SER_219_A,"PHE_218_A,THR_220_A"
THR_220_A,"SER_219_A,GLY_221_A"
GLY_221_A,"THR_220_A,ASP_222_A,LYS_224_A"
ASP_222_A,"ASP_77_A,PHE_205_A,ARG_208_A,GLY_221_A,LEU_223_A"
LEU_223_A,"PHE_218_A,ASP_222_A,LYS_224_A"
LYS_224_A,"GLY_221_A,LEU_223_A,GLU_225_A"
GLU_225_A,"HIS_145_A,LYS_224_A,ARG_226_A,HIS_228_A,TYR_232_A"
ARG_226_A,"LYS_198_A,GLN_201_A,LYS_202_A,GLU_225_A,ALA_227_A,TRP_229_A"
ALA_227_A,"ARG_226_A,HIS_228_A"
HIS_228_A,"VAL_144_A,HIS_145_A,GLU_225_A,ALA_227_A,TRP_229_A,ASP_231_A,TYR_232_A"
TRP_229_A,"LYS_198_A,ARG_226_A,HIS_228_A,LYS_230_A,ARG_233_A"
LYS_230_A,"TRP_229_A,ASP_231_A"
ASP_231_A,"HIS_228_A,LYS_230_A,TYR_232_A"
TYR_232_A,"VAL_144_A,GLU_225_A,HIS_228_A,ASP_231_A,ARG_233_A,TYR_236_A"
ARG_233_A,"ASP_24_A,LYS_26_A,TRP_229_A,TYR_232_A,ASN_234_A,GLU_237_A"
ASN_234_A,"ARG_233_A,ALA_235_A"
ALA_235_A,"ASN_234_A,TYR_236_A"
TYR_236_A,"PHE_193_A,TYR_232_A,ALA_235_A,GLU_237_A,LEU_240_A"
GLU_237_A,"ASP_24_A,LEU_25_A,ARG_233_A,TYR_236_A,ASP_238_A"
ASP_238_A,"ARG_143_A,GLN_165_A,ASP_169_A,GLU_237_A"
LEU_240_A,"TYR_236_A,ALA_241_A"
ALA_241_A,"LEU_240_A,ASN_242_A"
ASN_242_A,"PHE_172_A,ASN_176_A,ALA_241_A,THR_243_A"
THR_243_A,"PHE_172_A,LYS_191_A,ASN_242_A,SER_244_A,TRP_250_A"
SER_244_A,"VAL_17_A,THR_243_A,THR_245_A,TRP_250_A"
THR_245_A,"SER_244_A,LYS_246_A,ALA_248_A"
LYS_246_A,"THR_245_A,GLN_247_A"
GLN_247_A,"LYS_246_A,ALA_248_A"
ALA_248_A,"LYS_191_A,THR_245_A,GLN_247_A"
PRO_249_A,"TRP_250_A,PHE_251_A"
TRP_250_A,"VAL_17_A,TYR_136_A,LYS_191_A,THR_243_A,SER_244_A,PRO_249_A,PHE_251_A"
PHE_251_A,"ARG_16_A,LYS_191_A,PHE_193_A,PRO_249_A,TRP_250_A,VAL_252_A,ILE_268_A"
VAL_252_A,"VAL_17_A,PHE_251_A,ILE_253_A"
ILE_253_A,"PHE_192_A,PHE_193_A,HIS_195_A,VAL_252_A,THR_261_A,ILE_268_A"
PRO_254_A,"ALA_255_A,THR_261_A,LEU_264_A"
ALA_255_A,"HIS_195_A,ARG_204_A,PRO_254_A,ASP_256_A"
ASP_256_A,"THR_31_A,ASP_32_A,SER_197_A,GLU_200_A,ARG_204_A,ALA_255_A,ASP_257_A"
ASP_257_A,"ASP_32_A,ASP_256_A,LYS_258_A,THR_261_A"
LYS_258_A,"ARG_204_A,ARG_208_A,ASP_257_A,TRP_259_A,ARG_262_A"
TRP_259_A,"TYR_33_A,LYS_258_A,PHE_260_A,LEU_263_A"
PHE_260_A,"TYR_11_A,TYR_33_A,TRP_259_A,THR_261_A,LEU_264_A"
THR_261_A,"ILE_253_A,PRO_254_A,ASP_257_A,PHE_260_A,ARG_262_A"
ARG_262_A,"HIS_87_A,LYS_258_A,THR_261_A,LEU_263_A"
LEU_263_A,"LEU_46_A,TRP_259_A,ARG_262_A,LEU_264_A,GLU_267_A"
LEU_264_A,"PRO_254_A,PHE_260_A,LEU_263_A,ILE_265_A,ILE_268_A"
ILE_265_A,"THR_84_A,ILE_88_A,LEU_264_A,ALA_266_A,ILE_269_A"
ALA_266_A,"ILE_265_A,GLU_267_A"
GLU_267_A,"LEU_263_A,ALA_266_A,ILE_268_A"
ILE_268_A,"VAL_12_A,PHE_251_A,ILE_253_A,LEU_264_A,GLU_267_A,ILE_269_A,GLU_272_A"
ILE_269_A,"PHE_192_A,ILE_265_A,ILE_268_A,CYS_270_A,LEU_273_A"
CYS_270_A,"ILE_269_A,THR_271_A,GLU_274_A"
THR_271_A,"CYS_270_A,GLU_272_A"
GLU_272_A,"ARG_16_A,ILE_268_A,THR_271_A,LEU_273_A,LYS_275_A"
LEU_273_A,"VAL_69_A,ILE_269_A,GLU_272_A,GLU_274_A"
GLU_274_A,"LYS_53_A,CYS_270_A,LEU_273_A,LYS_275_A"
LYS_275_A,"ARG_16_A,GLU_272_A,GLU_274_A,LEU_276_A"
LEU_276_A,"LYS_275_A,ASN_277_A"
ASN_277_A,"LEU_276_A,LEU_278_A"
LEU_278_A,"ASN_277_A,THR_279_A"
THR_279_A,"LEU_278_A,PHE_280_A"
PHE_280_A,"GLU_59_A,THR_279_A"
PRO_281_A,THR_282_A
THR_282_A,"PRO_281_A,VAL_283_A"
VAL_283_A,"THR_282_A,SER_284_A,GLN_287_A"
SER_284_A,"VAL_283_A,LEU_285_A,LYS_288_A"
LEU_285_A,"SER_284_A,GLU_286_A,ALA_289_A"
GLU_286_A,"LEU_285_A,GLN_287_A"
GLN_287_A,"VAL_283_A,GLU_286_A,LYS_288_A,GLU_290_A,LEU_291_A"
LYS_288_A,"SER_284_A,GLN_287_A,ALA_289_A,GLU_292_A"
ALA_289_A,"LEU_285_A,LYS_288_A,GLU_290_A,LYS_293_A"
GLU_290_A,"GLN_287_A,ALA_289_A,LEU_291_A"
LEU_291_A,"GLN_287_A,GLU_290_A,GLU_292_A"
GLU_292_A,"LYS_288_A,LEU_291_A,LYS_293_A"
LYS_293_A,"ALA_289_A,GLU_292_A,ALA_294_A,GLU_297_A"
ALA_294_A,"LYS_293_A,LYS_295_A,LEU_298_A"
LYS_295_A,"ALA_294_A,ALA_296_A,VAL_299_A"
ALA_296_A,"LYS_295_A,GLU_297_A,ALA_300_A"
GLU_297_A,"LYS_293_A,ALA_296_A,LEU_298_A"
LEU_298_A,"ALA_294_A,GLU_297_A,VAL_299_A"
VAL_299_A,"LYS_295_A,LEU_298_A,ALA_300_A"
ALA_300_A,"ALA_296_A,VAL_299_A,GLU_301_A"
GLU_301_A,"ALA_300_A,LYS_302_A"
LYS_302_A,GLU_301_A
