residue_id,neighbors
ARG_23_E,GLN_24_E
GLN_24_E,"ARG_23_E,LEU_25_E"
LEU_25_E,"GLN_24_E,VAL_26_E"
VAL_26_E,"LEU_25_E,GLU_27_E,ALA_44_E"
GLU_27_E,"VAL_26_E,SER_28_E,CYS_117_E,GLY_139_E"
SER_28_E,"GLU_27_E,GLY_29_E,SER_42_E"
GLY_29_E,"SER_28_E,GLY_30_E"
GLY_30_E,"GLY_29_E,GLY_31_E"
GLY_31_E,"GLY_30_E,LEU_32_E"
LEU_32_E,"GLY_31_E,VAL_33_E"
VAL_33_E,"LEU_32_E,GLN_34_E,LEU_107_E,VAL_144_E"
GLN_34_E,"VAL_33_E,GLY_37_E"
PRO_35_E,GLY_36_E
GLY_36_E,"PRO_35_E,GLY_37_E"
GLY_37_E,"GLN_34_E,GLY_36_E,SER_38_E,LEU_107_E"
SER_38_E,"GLY_37_E,LEU_39_E"
LEU_39_E,"SER_38_E,ARG_40_E,GLN_103_E,MET_104_E,VAL_142_E"
ARG_40_E,"LEU_39_E,LEU_41_E"
LEU_41_E,"ARG_40_E,SER_42_E,TRP_57_E,LEU_102_E,TYR_115_E,THR_140_E"
SER_42_E,"SER_28_E,LEU_41_E,CYS_43_E"
CYS_43_E,"SER_42_E,ALA_44_E,TRP_57_E,VAL_100_E,CYS_117_E"
ALA_44_E,"VAL_26_E,CYS_43_E,ALA_45_E,THR_99_E"
ALA_45_E,"ALA_44_E,SER_46_E"
SER_46_E,"ALA_45_E,GLY_47_E"
GLY_47_E,"SER_46_E,PHE_48_E"
PHE_48_E,"GLY_47_E,THR_49_E,TYR_53_E,TYR_135_E"
THR_49_E,PHE_48_E
PRO_50_E,"GLY_51_E,ILE_52_E"
GLY_51_E,"PRO_50_E,ILE_52_E"
ILE_52_E,"PRO_50_E,GLY_51_E,TYR_53_E"
TYR_53_E,"PHE_48_E,ILE_52_E,ASP_54_E"
ASP_54_E,"TYR_53_E,ILE_55_E,SER_74_E,ILE_120_E"
ILE_55_E,"ASP_54_E,GLY_56_E,ILE_72_E,ALA_119_E"
GLY_56_E,"ILE_55_E,TRP_57_E,ALA_118_E"
TRP_57_E,"LEU_41_E,CYS_43_E,GLY_56_E,PHE_58_E,VAL_69_E,SER_70_E"
PHE_58_E,"TRP_57_E,ARG_59_E,TYR_116_E,ALA_118_E,TYR_133_E,TRP_136_E"
ARG_59_E,"PHE_58_E,GLN_60_E,GLU_67_E,VAL_69_E,ARG_88_E,ASP_111_E,TYR_115_E"
GLN_60_E,"ARG_59_E,ALA_61_E"
ALA_61_E,"GLN_60_E,LYS_64_E"
PRO_62_E,GLY_63_E
GLY_63_E,"PRO_62_E,LYS_64_E"
LYS_64_E,"ALA_61_E,GLY_63_E,GLU_65_E,GLU_67_E"
GLU_65_E,"LYS_64_E,ARG_66_E"
ARG_66_E,"GLU_65_E,GLU_67_E"
GLU_67_E,"ARG_59_E,LYS_64_E,ARG_66_E,GLY_68_E"
GLY_68_E,"GLU_67_E,VAL_69_E"
VAL_69_E,"TRP_57_E,ARG_59_E,GLY_68_E,SER_70_E,ALA_82_E,PHE_89_E"
SER_70_E,"TRP_57_E,VAL_69_E,CYS_71_E"
CYS_71_E,"SER_70_E,ILE_72_E,CYS_127_E"
ILE_72_E,"ILE_55_E,CYS_71_E,SER_73_E"
SER_73_E,"ILE_72_E,SER_74_E,SER_77_E,SER_78_E"
SER_74_E,"ASP_54_E,SER_73_E,ARG_75_E"
ARG_75_E,"SER_74_E,GLY_76_E,SER_124_E"
GLY_76_E,"ARG_75_E,SER_77_E"
SER_77_E,"SER_73_E,GLY_76_E,SER_78_E"
SER_78_E,"SER_73_E,SER_77_E,THR_79_E"
THR_79_E,"SER_78_E,ASN_80_E,ILE_91_E"
ASN_80_E,"THR_79_E,TYR_81_E"
TYR_81_E,"ASN_80_E,ALA_82_E,ILE_91_E"
ALA_82_E,"VAL_69_E,TYR_81_E,ASP_83_E"
ASP_83_E,"ALA_82_E,SER_84_E,VAL_85_E"
SER_84_E,"ASP_83_E,VAL_85_E,ARG_88_E"
VAL_85_E,"ASP_83_E,SER_84_E,LYS_86_E,ARG_88_E,PHE_89_E"
LYS_86_E,"VAL_85_E,GLY_87_E,ARG_88_E"
GLY_87_E,"LYS_86_E,ARG_88_E"
ARG_88_E,"ARG_59_E,SER_84_E,VAL_85_E,LYS_86_E,GLY_87_E,PHE_89_E,GLU_110_E,ASP_111_E"
PHE_89_E,"VAL_69_E,VAL_85_E,ARG_88_E,ILE_90_E,MET_104_E,LEU_107_E"
ILE_90_E,"PHE_89_E,ILE_91_E,GLN_103_E"
ILE_91_E,"THR_79_E,TYR_81_E,ILE_90_E,SER_92_E,LEU_102_E"
SER_92_E,"ILE_91_E,ARG_93_E,TYR_101_E"
ARG_93_E,"SER_92_E,ASP_94_E"
ASP_94_E,"ARG_93_E,ASN_95_E,TYR_101_E"
ASN_95_E,"ASP_94_E,VAL_96_E"
VAL_96_E,"ASN_95_E,LYS_97_E"
LYS_97_E,"VAL_96_E,ASN_98_E,THR_99_E"
ASN_98_E,"LYS_97_E,THR_99_E"
THR_99_E,"ALA_44_E,LYS_97_E,ASN_98_E,VAL_100_E"
VAL_100_E,"CYS_43_E,THR_99_E,TYR_101_E"
TYR_101_E,"SER_92_E,ASP_94_E,VAL_100_E,LEU_102_E"
LEU_102_E,"LEU_41_E,ILE_91_E,TYR_101_E,GLN_103_E"
GLN_103_E,"LEU_39_E,ILE_90_E,LEU_102_E,MET_104_E"
MET_104_E,"LEU_39_E,PHE_89_E,GLN_103_E,ASN_105_E,LEU_107_E,TYR_115_E"
ASN_105_E,"MET_104_E,SER_106_E"
SER_106_E,"ASN_105_E,LEU_107_E"
LEU_107_E,"VAL_33_E,GLY_37_E,PHE_89_E,MET_104_E,SER_106_E,GLU_108_E"
GLU_108_E,"LEU_107_E,GLU_110_E"
PRO_109_E,GLU_110_E
GLU_110_E,"ARG_88_E,GLU_108_E,PRO_109_E,ASP_111_E"
ASP_111_E,"ARG_59_E,ARG_88_E,GLU_110_E,THR_112_E,TYR_115_E"
THR_112_E,"ASP_111_E,ALA_113_E"
ALA_113_E,"THR_112_E,VAL_114_E,VAL_142_E"
VAL_114_E,"ALA_113_E,TYR_115_E,TYR_116_E"
TYR_115_E,"LEU_41_E,ARG_59_E,MET_104_E,ASP_111_E,VAL_114_E,TYR_116_E,THR_140_E,VAL_142_E"
TYR_116_E,"PHE_58_E,VAL_114_E,TYR_115_E,CYS_117_E"
CYS_117_E,"GLU_27_E,CYS_43_E,TYR_116_E,ALA_118_E,GLY_137_E"
ALA_118_E,"GLY_56_E,PHE_58_E,CYS_117_E,ALA_119_E,TYR_133_E,TRP_136_E"
ALA_119_E,"ILE_55_E,ALA_118_E,ILE_120_E,TYR_135_E"
ILE_120_E,"ASP_54_E,ALA_119_E,TYR_121_E"
TYR_121_E,"ILE_120_E,GLN_122_E,PRO_123_E"
GLN_122_E,TYR_121_E
PRO_123_E,"TYR_121_E,SER_124_E"
SER_124_E,"ARG_75_E,PRO_123_E,ASN_125_E"
ASN_125_E,"SER_124_E,GLY_126_E"
GLY_126_E,"ASN_125_E,CYS_127_E"
CYS_127_E,"CYS_71_E,GLY_126_E,VAL_128_E"
VAL_128_E,"CYS_127_E,LEU_129_E"
LEU_129_E,"VAL_128_E,ARG_130_E"
ARG_130_E,"LEU_129_E,GLU_132_E"
PRO_131_E,GLU_132_E
GLU_132_E,"ARG_130_E,PRO_131_E,TYR_133_E"
TYR_133_E,"PHE_58_E,ALA_118_E,GLU_132_E,SER_134_E,TRP_136_E"
SER_134_E,"TYR_133_E,TYR_135_E"
TYR_135_E,"PHE_48_E,ALA_119_E,SER_134_E,TRP_136_E"
TRP_136_E,"PHE_58_E,ALA_118_E,TYR_133_E,TYR_135_E,GLY_137_E"
GLY_137_E,"CYS_117_E,TRP_136_E,LYS_138_E"
LYS_138_E,"GLY_137_E,GLY_139_E"
GLY_139_E,"GLU_27_E,LYS_138_E,THR_140_E"
THR_140_E,"LEU_41_E,TYR_115_E,GLY_139_E"
PRO_141_E,VAL_142_E
VAL_142_E,"LEU_39_E,ALA_113_E,TYR_115_E,PRO_141_E,THR_143_E"
THR_143_E,"VAL_142_E,VAL_144_E"
VAL_144_E,"VAL_33_E,THR_143_E,SER_145_E"
SER_145_E,"VAL_144_E,SER_146_E"
SER_146_E,"SER_145_E,HIS_147_E"
HIS_147_E,SER_146_E
