residue_id,neighbors
SER_61_A,LYS_62_A
LYS_62_A,"SER_61_A,PHE_63_A"
PHE_63_A,"LYS_62_A,SER_64_A"
SER_64_A,"PHE_63_A,ARG_65_A"
ARG_65_A,"SER_64_A,GLU_66_A"
GLU_66_A,"ARG_65_A,ASN_67_A"
ASN_67_A,"GLU_66_A,HIS_68_A,ILE_71_A"
HIS_68_A,"ASN_67_A,SER_69_A,GLU_72_A"
SER_69_A,"HIS_68_A,GLU_70_A,ARG_73_A"
GLU_70_A,"SER_69_A,ILE_71_A,ARG_73_A,ARG_74_A"
ILE_71_A,"ASN_67_A,GLU_70_A,GLU_72_A"
GLU_72_A,"HIS_68_A,ILE_71_A,ARG_73_A,ARG_75_A,ARG_76_A"
ARG_73_A,"SER_69_A,GLU_70_A,GLU_72_A,ARG_74_A,ARG_76_A,ASN_77_A"
ARG_74_A,"GLU_70_A,ARG_73_A,ARG_75_A,LYS_78_A"
ARG_75_A,"GLU_72_A,ARG_74_A,ARG_76_A"
ARG_76_A,"GLU_72_A,ARG_73_A,ARG_75_A,ASN_77_A,THR_80_A"
ASN_77_A,"ARG_73_A,ARG_76_A,LYS_78_A,GLN_81_A"
LYS_78_A,"ARG_74_A,ASN_77_A,MET_79_A,TYR_82_A"
MET_79_A,"LYS_78_A,THR_80_A,ILE_83_A"
THR_80_A,"ARG_76_A,MET_79_A,GLN_81_A,THR_84_A"
GLN_81_A,"ASN_77_A,THR_80_A,TYR_82_A,GLU_85_A"
TYR_82_A,"LYS_78_A,GLN_81_A,ILE_83_A,GLU_85_A,LEU_86_A"
ILE_83_A,"MET_79_A,TYR_82_A,THR_84_A,LYS_102_A,ILE_105_A,LEU_106_A"
THR_84_A,"THR_80_A,ILE_83_A,GLU_85_A,SER_87_A,ASP_88_A"
GLU_85_A,"GLN_81_A,TYR_82_A,THR_84_A,LEU_86_A,ASP_88_A"
LEU_86_A,"TYR_82_A,GLU_85_A,SER_87_A,ALA_109_A"
SER_87_A,"THR_84_A,LEU_86_A,ASP_88_A"
ASP_88_A,"THR_84_A,GLU_85_A,SER_87_A,MET_89_A,LYS_99_A"
MET_89_A,"ASP_88_A,VAL_90_A"
VAL_90_A,"MET_89_A,CYS_93_A,SER_94_A,HIS_112_A"
PRO_91_A,"THR_92_A,CYS_93_A"
THR_92_A,"PRO_91_A,CYS_93_A"
CYS_93_A,"VAL_90_A,PRO_91_A,THR_92_A,SER_94_A,ALA_95_A"
SER_94_A,"VAL_90_A,CYS_93_A,ALA_95_A"
ALA_95_A,"CYS_93_A,SER_94_A,LEU_96_A"
LEU_96_A,"ALA_95_A,ALA_97_A"
ALA_97_A,"LEU_96_A,ARG_98_A"
ARG_98_A,"ALA_97_A,LYS_99_A"
LYS_99_A,"ASP_88_A,ARG_98_A"
PRO_100_A,"ASP_101_A,ILE_105_A"
ASP_101_A,"PRO_100_A,LYS_102_A,THR_104_A,ILE_105_A"
LYS_102_A,"ILE_83_A,ASP_101_A,LEU_103_A,LEU_106_A"
LEU_103_A,"LYS_102_A,THR_104_A,ARG_107_A"
THR_104_A,"ASP_101_A,LEU_103_A,ILE_105_A,MET_108_A"
ILE_105_A,"ILE_83_A,PRO_100_A,ASP_101_A,THR_104_A,LEU_106_A,ALA_109_A"
LEU_106_A,"ILE_83_A,LYS_102_A,ILE_105_A,ARG_107_A,VAL_110_A"
ARG_107_A,"LEU_103_A,LEU_106_A,MET_108_A,SER_111_A"
MET_108_A,"THR_104_A,ARG_107_A,ALA_109_A,HIS_112_A"
ALA_109_A,"LEU_86_A,ILE_105_A,MET_108_A,VAL_110_A,MET_113_A"
VAL_110_A,"LEU_106_A,ALA_109_A,SER_111_A,LYS_114_A"
SER_111_A,"ARG_107_A,VAL_110_A,HIS_112_A"
HIS_112_A,"VAL_90_A,MET_108_A,SER_111_A,MET_113_A"
MET_113_A,"ALA_109_A,HIS_112_A,LYS_114_A"
LYS_114_A,"VAL_110_A,MET_113_A,SER_115_A"
SER_115_A,"LYS_114_A,MET_116_A"
MET_116_A,"SER_115_A,ARG_117_A"
ARG_117_A,"MET_116_A,GLY_118_A"
GLY_118_A,ARG_117_A
PRO_130_A,SER_131_A
SER_131_A,"PRO_130_A,PHE_132_A"
PHE_132_A,"SER_131_A,LEU_133_A"
LEU_133_A,"PHE_132_A,THR_134_A,GLU_137_A,LEU_138_A,LEU_141_A"
THR_134_A,"LEU_133_A,GLU_135_A,GLU_137_A"
GLU_135_A,"THR_134_A,GLN_136_A"
GLN_136_A,"GLU_135_A,GLU_137_A"
GLU_137_A,"LEU_133_A,THR_134_A,GLN_136_A,LEU_138_A,LEU_141_A"
LEU_138_A,"LEU_133_A,GLU_137_A,LYS_139_A,ILE_142_A"
LYS_139_A,"LEU_138_A,HIS_140_A,LEU_143_A"
HIS_140_A,"LYS_139_A,LEU_141_A,GLU_144_A"
LEU_141_A,"LEU_133_A,GLU_137_A,HIS_140_A,ILE_142_A,ALA_145_A"
ILE_142_A,"LEU_138_A,LEU_141_A,LEU_143_A,ALA_146_A"
LEU_143_A,"LYS_139_A,ILE_142_A,GLU_144_A,LEU_150_A,ILE_314_A"
GLU_144_A,"HIS_140_A,LEU_143_A,ALA_145_A"
ALA_145_A,"LEU_141_A,GLU_144_A,ALA_146_A,ASP_147_A"
ALA_146_A,"ILE_142_A,ALA_145_A,ASP_147_A"
ASP_147_A,"ALA_145_A,ALA_146_A,GLY_148_A,ARG_316_A"
GLY_148_A,"ASP_147_A,PHE_149_A"
PHE_149_A,"GLY_148_A,LEU_150_A,PHE_151_A,GLY_315_A"
LEU_150_A,"LEU_143_A,PHE_149_A,PHE_151_A,VAL_312_A,ILE_314_A"
PHE_151_A,"PHE_149_A,LEU_150_A,VAL_152_A,ALA_313_A"
VAL_152_A,"PHE_151_A,VAL_153_A,ILE_161_A,TYR_162_A,TRP_289_A,VAL_312_A"
VAL_153_A,"VAL_152_A,ALA_154_A,VAL_160_A,LEU_311_A"
ALA_154_A,"VAL_153_A,ALA_155_A,GLY_158_A,ARG_159_A"
ALA_155_A,"ALA_154_A,GLU_156_A,THR_201_A,TYR_309_A"
GLU_156_A,"ALA_155_A,THR_157_A,GLY_306_A"
THR_157_A,"GLU_156_A,GLY_158_A"
GLY_158_A,"ALA_154_A,THR_157_A,ARG_159_A,LEU_183_A"
ARG_159_A,"ALA_154_A,GLY_158_A,VAL_160_A"
VAL_160_A,"VAL_153_A,ARG_159_A,ILE_161_A,SER_181_A"
ILE_161_A,"VAL_152_A,VAL_160_A,TYR_162_A,TRP_289_A"
TYR_162_A,"VAL_152_A,ILE_161_A,VAL_163_A"
VAL_163_A,"TYR_162_A,SER_164_A,GLN_175_A,PHE_179_A"
SER_164_A,"VAL_163_A,ASP_165_A,SER_166_A"
ASP_165_A,"SER_164_A,SER_166_A,VAL_167_A,THR_168_A"
SER_166_A,"SER_164_A,ASP_165_A,VAL_167_A"
VAL_167_A,"ASP_165_A,SER_166_A,THR_168_A,LEU_171_A"
THR_168_A,"ASP_165_A,VAL_167_A,ASN_172_A"
PRO_169_A,VAL_170_A
VAL_170_A,"PRO_169_A,LEU_171_A,LEU_317_A"
LEU_171_A,"VAL_167_A,VAL_170_A,ASN_172_A,TRP_178_A,GLY_244_A"
ASN_172_A,"THR_168_A,LEU_171_A,GLN_173_A"
GLN_173_A,"ASN_172_A,ARG_242_A"
PRO_174_A,GLN_175_A
GLN_175_A,"VAL_163_A,PRO_174_A,SER_176_A"
SER_176_A,"GLN_175_A,GLU_177_A"
GLU_177_A,"SER_176_A,TRP_178_A,ARG_242_A"
TRP_178_A,"LEU_171_A,GLU_177_A,PHE_179_A,GLN_186_A"
PHE_179_A,"VAL_163_A,TRP_178_A,GLY_180_A"
GLY_180_A,"PHE_179_A,SER_181_A"
SER_181_A,"VAL_160_A,GLY_180_A,THR_182_A"
THR_182_A,"SER_181_A,LEU_183_A"
LEU_183_A,"GLY_158_A,THR_182_A,TYR_184_A,LEU_195_A,MET_241_A"
TYR_184_A,"LEU_183_A,GLU_185_A,LEU_195_A"
GLU_185_A,"TYR_184_A,GLN_186_A"
GLN_186_A,"TRP_178_A,GLU_185_A,VAL_187_A,ARG_242_A"
VAL_187_A,"GLN_186_A,HIS_188_A,VAL_192_A"
HIS_188_A,"VAL_187_A,ASP_190_A,ASP_191_A,ARG_240_A,TYR_277_A"
PRO_189_A,ASP_190_A
ASP_190_A,"HIS_188_A,PRO_189_A,ASP_191_A,ARG_240_A"
ASP_191_A,"HIS_188_A,ASP_190_A,VAL_192_A,LYS_194_A,LEU_195_A,ARG_240_A"
VAL_192_A,"VAL_187_A,ASP_191_A,GLU_193_A,ARG_196_A"
GLU_193_A,"VAL_192_A,LYS_194_A,GLU_197_A"
LYS_194_A,"ASP_191_A,GLU_193_A,LEU_195_A,GLU_197_A"
LEU_195_A,"LEU_183_A,TYR_184_A,ASP_191_A,LYS_194_A,ARG_196_A,PHE_237_A"
ARG_196_A,"VAL_192_A,LEU_195_A,GLU_197_A"
GLU_197_A,"GLU_193_A,LYS_194_A,ARG_196_A,GLN_198_A"
GLN_198_A,"GLU_197_A,LEU_199_A"
LEU_199_A,"GLN_198_A,CYS_200_A,LEU_311_A"
CYS_200_A,"LEU_199_A,THR_201_A"
THR_201_A,"ALA_155_A,CYS_200_A,SER_202_A,TYR_309_A"
SER_202_A,"THR_201_A,GLU_203_A"
GLU_203_A,"SER_202_A,ASN_204_A"
ASN_204_A,GLU_203_A
MET_231_A,GLY_232_A
GLY_232_A,"MET_231_A,SER_233_A"
SER_233_A,"GLY_232_A,ARG_234_A,ILE_286_A"
ARG_234_A,"SER_233_A,ARG_235_A,ARG_316_A"
ARG_235_A,"ARG_234_A,SER_236_A,GLY_284_A"
SER_236_A,"ARG_235_A,PHE_237_A"
PHE_237_A,"LEU_195_A,SER_236_A,ILE_238_A,CYS_282_A"
ILE_238_A,"PHE_237_A,CYS_239_A,VAL_279_A"
CYS_239_A,"ILE_238_A,ARG_240_A,VAL_280_A"
ARG_240_A,"HIS_188_A,ASP_190_A,ASP_191_A,CYS_239_A,MET_241_A"
MET_241_A,"LEU_183_A,ARG_240_A,ARG_242_A,ALA_278_A,VAL_280_A"
ARG_242_A,"GLN_173_A,GLU_177_A,GLN_186_A,MET_241_A,CYS_243_A,TYR_277_A"
CYS_243_A,"ARG_242_A,GLY_244_A,GLN_276_A"
GLY_244_A,"LEU_171_A,CYS_243_A,ASN_245_A"
ASN_245_A,GLY_244_A
ALA_275_A,GLN_276_A
GLN_276_A,"CYS_243_A,ALA_275_A,TYR_277_A"
TYR_277_A,"HIS_188_A,ARG_242_A,GLN_276_A,ALA_278_A"
ALA_278_A,"MET_241_A,TYR_277_A,VAL_279_A"
VAL_279_A,"ILE_238_A,ALA_278_A,VAL_280_A"
VAL_280_A,"CYS_239_A,MET_241_A,VAL_279_A,HIS_281_A"
HIS_281_A,"VAL_280_A,CYS_282_A,ARG_316_A"
CYS_282_A,"PHE_237_A,HIS_281_A,THR_283_A"
THR_283_A,"CYS_282_A,GLY_284_A,ILE_314_A"
GLY_284_A,"ARG_235_A,THR_283_A,TYR_285_A"
TYR_285_A,"GLY_284_A,ILE_286_A,VAL_312_A"
ILE_286_A,"SER_233_A,TYR_285_A,LYS_287_A,TYR_309_A,LEU_311_A"
LYS_287_A,"ILE_286_A,ALA_288_A,CYS_310_A"
ALA_288_A,"LYS_287_A,TRP_289_A"
TRP_289_A,"VAL_152_A,ILE_161_A,ALA_288_A"
GLY_306_A,"GLU_156_A,SER_307_A"
SER_307_A,"GLY_306_A,LYS_308_A"
LYS_308_A,"SER_307_A,TYR_309_A"
TYR_309_A,"ALA_155_A,THR_201_A,ILE_286_A,LYS_308_A,CYS_310_A"
CYS_310_A,"LYS_287_A,TYR_309_A,LEU_311_A"
LEU_311_A,"VAL_153_A,LEU_199_A,ILE_286_A,CYS_310_A,VAL_312_A"
VAL_312_A,"LEU_150_A,VAL_152_A,TYR_285_A,LEU_311_A,ALA_313_A"
ALA_313_A,"PHE_151_A,VAL_312_A,ILE_314_A"
ILE_314_A,"LEU_143_A,LEU_150_A,THR_283_A,ALA_313_A,GLY_315_A"
GLY_315_A,"PHE_149_A,ILE_314_A,ARG_316_A"
ARG_316_A,"ASP_147_A,ARG_234_A,HIS_281_A,GLY_315_A,LEU_317_A"
LEU_317_A,"VAL_170_A,ARG_316_A,GLN_318_A,VAL_319_A"
GLN_318_A,"LEU_317_A,VAL_319_A"
VAL_319_A,"LEU_317_A,GLN_318_A,THR_320_A,SER_321_A"
THR_320_A,"VAL_319_A,SER_321_A"
SER_321_A,"VAL_319_A,THR_320_A"
PRO_334_A,THR_335_A
THR_335_A,"PRO_334_A,GLU_336_A,ASN_437_A"
GLU_336_A,"THR_335_A,PHE_337_A,ARG_353_A"
PHE_337_A,"GLU_336_A,LEU_338_A,ARG_353_A,CYS_354_A,ASN_435_A"
LEU_338_A,"PHE_337_A,SER_339_A,ASP_351_A"
SER_339_A,"LEU_338_A,ARG_340_A,CYS_433_A"
ARG_340_A,"SER_339_A,HIS_341_A,THR_348_A,PHE_349_A"
HIS_341_A,"ARG_340_A,ASN_342_A,VAL_431_A"
ASN_342_A,"HIS_341_A,SER_343_A,ILE_346_A"
SER_343_A,"ASN_342_A,ASP_344_A"
ASP_344_A,"SER_343_A,GLY_345_A"
GLY_345_A,"ASP_344_A,ILE_346_A"
ILE_346_A,"ASN_342_A,GLY_345_A,ILE_347_A"
ILE_347_A,"ILE_346_A,THR_348_A,VAL_350_A,GLY_367_A"
THR_348_A,"ARG_340_A,ILE_347_A,PHE_349_A"
PHE_349_A,"ARG_340_A,THR_348_A,VAL_350_A"
VAL_350_A,"ILE_347_A,PHE_349_A,ASP_351_A,CYS_354_A"
ASP_351_A,"LEU_338_A,VAL_350_A,ARG_353_A"
PRO_352_A,ARG_353_A
ARG_353_A,"GLU_336_A,PHE_337_A,ASP_351_A,PRO_352_A,CYS_354_A"
CYS_354_A,"PHE_337_A,VAL_350_A,ARG_353_A,ILE_355_A,ILE_358_A"
ILE_355_A,"CYS_354_A,SER_356_A"
SER_356_A,"ILE_355_A,VAL_357_A"
VAL_357_A,"SER_356_A,ILE_358_A,ASN_437_A"
ILE_358_A,"CYS_354_A,VAL_357_A,GLY_359_A,PHE_403_A"
GLY_359_A,"ILE_358_A,TYR_360_A"
TYR_360_A,"GLY_359_A,GLN_361_A,ASP_364_A,PHE_373_A,LYS_406_A"
GLN_361_A,TYR_360_A
PRO_362_A,"GLN_363_A,LEU_365_A"
GLN_363_A,"PRO_362_A,ASP_364_A"
ASP_364_A,"TYR_360_A,GLN_363_A,LEU_365_A,LYS_406_A"
LEU_365_A,"PRO_362_A,ASP_364_A,LEU_366_A,PHE_373_A"
LEU_366_A,"LEU_365_A,GLY_367_A"
GLY_367_A,"ILE_347_A,LEU_366_A,LYS_368_A"
LYS_368_A,"GLY_367_A,ASP_369_A"
ASP_369_A,"LYS_368_A,ILE_370_A,GLU_372_A"
ILE_370_A,"ASP_369_A,LEU_371_A"
LEU_371_A,"ILE_370_A,GLU_372_A,LEU_382_A,ARG_383_A"
GLU_372_A,"ASP_369_A,LEU_371_A,PHE_373_A,ARG_404_A"
PHE_373_A,"TYR_360_A,LEU_365_A,GLU_372_A,CYS_374_A,PHE_403_A,ARG_404_A"
CYS_374_A,"PHE_373_A,HIS_375_A"
HIS_375_A,"CYS_374_A,GLU_377_A,ASP_378_A,ARG_402_A,TRP_410_A"
PRO_376_A,GLU_377_A
GLU_377_A,"HIS_375_A,PRO_376_A,ASP_378_A"
ASP_378_A,"HIS_375_A,GLU_377_A,GLN_379_A,ARG_402_A"
GLN_379_A,"ASP_378_A,SER_380_A,ARG_383_A"
SER_380_A,"GLN_379_A,HIS_381_A,GLU_384_A"
HIS_381_A,"SER_380_A,LEU_382_A,GLU_384_A,SER_385_A"
LEU_382_A,"LEU_371_A,HIS_381_A,ARG_383_A,PHE_386_A,VAL_399_A,TYR_401_A"
ARG_383_A,"LEU_371_A,GLN_379_A,LEU_382_A,GLU_384_A,GLN_387_A"
GLU_384_A,"SER_380_A,HIS_381_A,ARG_383_A,SER_385_A,GLN_388_A"
SER_385_A,"HIS_381_A,GLU_384_A,PHE_386_A,VAL_389_A"
PHE_386_A,"LEU_382_A,SER_385_A,GLN_387_A,VAL_390_A"
GLN_387_A,"ARG_383_A,PHE_386_A,GLN_388_A"
GLN_388_A,"GLU_384_A,GLN_387_A,VAL_389_A,LYS_391_A,LEU_392_A"
VAL_389_A,"SER_385_A,GLN_388_A,VAL_390_A,LEU_397_A"
VAL_390_A,"PHE_386_A,VAL_389_A,LYS_391_A,ILE_428_A"
LYS_391_A,"GLN_388_A,VAL_390_A,LEU_392_A"
LEU_392_A,"GLN_388_A,LYS_391_A,LYS_393_A,GLN_395_A,LEU_397_A"
LYS_393_A,"LEU_392_A,GLY_394_A,ASP_426_A"
GLY_394_A,"LYS_393_A,GLN_395_A"
GLN_395_A,"LEU_392_A,GLY_394_A,VAL_396_A"
VAL_396_A,"GLN_395_A,LEU_397_A"
LEU_397_A,"VAL_389_A,LEU_392_A,VAL_396_A,SER_398_A,SER_417_A"
SER_398_A,"LEU_397_A,VAL_399_A"
VAL_399_A,"LEU_382_A,SER_398_A,MET_400_A,THR_415_A"
MET_400_A,"VAL_399_A,TYR_401_A,VAL_438_A"
TYR_401_A,"LEU_382_A,MET_400_A,ARG_402_A,PHE_403_A,ILE_413_A"
ARG_402_A,"HIS_375_A,ASP_378_A,TYR_401_A,PHE_403_A"
PHE_403_A,"ILE_358_A,PHE_373_A,TYR_401_A,ARG_402_A,ARG_404_A,LEU_411_A"
ARG_404_A,"GLU_372_A,PHE_373_A,PHE_403_A,THR_405_A,TRP_410_A"
THR_405_A,"ARG_404_A,LYS_406_A,ASN_407_A,GLU_409_A"
LYS_406_A,"TYR_360_A,ASP_364_A,THR_405_A,ASN_407_A"
ASN_407_A,"THR_405_A,LYS_406_A,ARG_408_A"
ARG_408_A,"ASN_407_A,GLU_409_A"
GLU_409_A,"THR_405_A,ARG_408_A,TRP_410_A"
TRP_410_A,"HIS_375_A,ARG_404_A,GLU_409_A,LEU_411_A"
LEU_411_A,"PHE_403_A,TRP_410_A,LEU_412_A"
LEU_412_A,"LEU_411_A,ILE_413_A"
ILE_413_A,"TYR_401_A,LEU_412_A,ARG_414_A"
ARG_414_A,"ILE_413_A,THR_415_A,THR_436_A"
THR_415_A,"VAL_399_A,ARG_414_A,SER_416_A"
SER_416_A,"THR_415_A,SER_417_A,THR_434_A"
SER_417_A,"LEU_397_A,SER_416_A,PHE_418_A"
PHE_418_A,"SER_417_A,THR_419_A"
THR_419_A,"PHE_418_A,PHE_420_A"
PHE_420_A,"THR_419_A,GLN_421_A,TYR_430_A"
GLN_421_A,"PHE_420_A,ASN_422_A"
ASN_422_A,"GLN_421_A,TYR_424_A,SER_425_A"
PRO_423_A,TYR_424_A
TYR_424_A,"ASN_422_A,PRO_423_A,SER_425_A"
SER_425_A,"ASN_422_A,TYR_424_A,ASP_426_A"
ASP_426_A,"LYS_393_A,SER_425_A,GLU_427_A"
GLU_427_A,"ASP_426_A,ILE_428_A,GLU_429_A"
ILE_428_A,"VAL_390_A,GLU_427_A,GLU_429_A"
GLU_429_A,"GLU_427_A,ILE_428_A,TYR_430_A"
TYR_430_A,"PHE_420_A,GLU_429_A,VAL_431_A"
VAL_431_A,"HIS_341_A,TYR_430_A,THR_432_A"
THR_432_A,"VAL_431_A,CYS_433_A"
CYS_433_A,"SER_339_A,THR_432_A,THR_434_A"
THR_434_A,"SER_416_A,CYS_433_A,ASN_435_A"
ASN_435_A,"PHE_337_A,THR_434_A,THR_436_A"
THR_436_A,"ARG_414_A,ASN_435_A,ASN_437_A"
ASN_437_A,"THR_335_A,VAL_357_A,THR_436_A,VAL_438_A"
VAL_438_A,"MET_400_A,ASN_437_A,LYS_439_A"
LYS_439_A,VAL_438_A
