residue_id,neighbors
MET_1_D,SER_2_D
SER_2_D,"MET_1_D,GLU_3_D"
GLU_3_D,"SER_2_D,GLU_4_D"
GLU_4_D,"GLU_3_D,ALA_5_D,ARG_107_D,ARG_285_D"
ALA_5_D,"GLU_4_D,PHE_6_D,ILE_286_D"
PHE_6_D,"ALA_5_D,ILE_7_D,GLY_270_D"
ILE_7_D,"PHE_6_D,TYR_8_D,ARG_283_D,ALA_284_D,ILE_286_D"
TYR_8_D,"ILE_7_D,GLU_9_D,MET_268_D,SER_271_D,LEU_280_D"
GLU_9_D,"TYR_8_D,ALA_10_D,LEU_39_D,ARG_42_D,HIS_43_D,MET_268_D,ARG_283_D"
ALA_10_D,"GLU_9_D,ILE_11_D"
ILE_11_D,"ALA_10_D,ARG_12_D,LEU_39_D,LEU_266_D"
ARG_12_D,"ILE_11_D,THR_13_D,ARG_15_D,SER_190_D,VAL_192_D,ASP_206_D,ASP_374_D"
THR_13_D,"ARG_12_D,LEU_35_D,ALA_264_D"
PRO_14_D,ARG_15_D
ARG_15_D,"ARG_12_D,PRO_14_D,GLY_16_D,ASP_206_D,MET_367_D"
GLY_16_D,"ARG_15_D,LYS_17_D,ASP_262_D"
LYS_17_D,"GLY_16_D,GLN_18_D,GLU_207_D"
GLN_18_D,"LYS_17_D,LYS_19_D"
LYS_19_D,"GLN_18_D,ASN_20_D"
ASN_20_D,"LYS_19_D,GLY_21_D"
GLY_21_D,"ASN_20_D,SER_22_D"
SER_22_D,"GLY_21_D,LEU_23_D,GLU_207_D"
LEU_23_D,"SER_22_D,HIS_24_D,VAL_26_D"
HIS_24_D,"LEU_23_D,GLU_25_D,SER_123_D,ARG_124_D,ASP_262_D"
GLU_25_D,"HIS_24_D,VAL_26_D"
VAL_26_D,"LEU_23_D,GLU_25_D,LYS_27_D,LEU_31_D"
LYS_27_D,"VAL_26_D,SER_30_D"
PRO_28_D,"LEU_29_D,ASP_64_D,GLN_65_D"
LEU_29_D,"PRO_28_D,SER_30_D"
SER_30_D,"LYS_27_D,LEU_29_D,LEU_31_D,GLY_34_D"
LEU_31_D,"VAL_26_D,SER_30_D,VAL_32_D"
VAL_32_D,"LEU_31_D,VAL_33_D,LEU_56_D,ALA_73_D,VAL_119_D"
VAL_33_D,"VAL_32_D,GLY_34_D,ASP_37_D"
GLY_34_D,"SER_30_D,VAL_33_D,LEU_35_D"
LEU_35_D,"THR_13_D,GLY_34_D,ILE_36_D"
ILE_36_D,"LEU_35_D,ASP_37_D,LEU_266_D"
ASP_37_D,"VAL_33_D,ILE_36_D,GLU_38_D,ARG_40_D"
GLU_38_D,"ASP_37_D,LEU_39_D,LYS_41_D,ARG_42_D"
LEU_39_D,"GLU_9_D,ILE_11_D,GLU_38_D,ARG_40_D,HIS_43_D,LEU_266_D"
ARG_40_D,"ASP_37_D,LEU_39_D,LYS_41_D,GLU_48_D,SER_77_D"
LYS_41_D,"GLU_38_D,ARG_40_D,ARG_42_D"
ARG_42_D,"GLU_9_D,GLU_38_D,LYS_41_D,HIS_43_D,ARG_283_D"
HIS_43_D,"GLU_9_D,LEU_39_D,ARG_42_D"
PRO_44_D,ASP_45_D
ASP_45_D,"PRO_44_D,LEU_46_D"
LEU_46_D,"ASP_45_D,ASP_47_D,MET_268_D,GLN_278_D"
ASP_47_D,"LEU_46_D,GLU_48_D,ASN_49_D,GLN_278_D"
GLU_48_D,"ARG_40_D,ASP_47_D,ASN_49_D,ILE_51_D,PRO_80_D"
ASN_49_D,"ASP_47_D,GLU_48_D,LEU_50_D"
LEU_50_D,"ASN_49_D,ILE_51_D"
ILE_51_D,"GLU_48_D,LEU_50_D,SER_52_D"
SER_52_D,"ILE_51_D,ASP_53_D,ASP_111_D,LEU_113_D"
ASP_53_D,"SER_52_D,VAL_54_D,LYS_105_D,ASP_111_D,LEU_115_D"
VAL_54_D,"ASP_53_D,ILE_55_D,VAL_74_D,VAL_86_D"
ILE_55_D,"VAL_54_D,LEU_56_D,VAL_86_D,LEU_88_D,LEU_115_D,GLY_117_D"
LEU_56_D,"VAL_32_D,ILE_55_D,GLY_57_D"
GLY_57_D,"LEU_56_D,CYS_58_D,GLY_117_D"
CYS_58_D,"GLY_57_D,VAL_59_D,LEU_88_D"
VAL_59_D,"CYS_58_D,SER_60_D,GLU_120_D,LEU_361_D"
SER_60_D,"VAL_59_D,VAL_62_D,GLN_65_D"
PRO_61_D,VAL_62_D
VAL_62_D,"SER_60_D,PRO_61_D,GLY_63_D,GLN_65_D,VAL_125_D"
GLY_63_D,"VAL_62_D,ASP_64_D"
ASP_64_D,"PRO_28_D,GLY_63_D,GLN_65_D,ARG_124_D"
GLN_65_D,"PRO_28_D,SER_60_D,VAL_62_D,ASP_64_D,GLY_66_D,SER_121_D"
GLY_66_D,"GLN_65_D,GLY_67_D"
GLY_67_D,"GLY_66_D,ASP_68_D"
ASP_68_D,"GLY_67_D,ILE_69_D"
ILE_69_D,"ASP_68_D,ALA_70_D,ALA_73_D"
ALA_70_D,"ILE_69_D,ARG_71_D"
ARG_71_D,"ALA_70_D,ALA_72_D,GLY_84_D"
ALA_72_D,"ARG_71_D,ALA_73_D,ALA_76_D"
ALA_73_D,"VAL_32_D,ILE_69_D,ALA_72_D,VAL_74_D,SER_77_D"
VAL_74_D,"VAL_54_D,ALA_73_D,LEU_75_D,MET_79_D"
LEU_75_D,"VAL_74_D,ALA_76_D"
ALA_76_D,"ALA_72_D,LEU_75_D,SER_77_D"
SER_77_D,"ARG_40_D,ALA_73_D,ALA_76_D,GLY_78_D"
GLY_78_D,"SER_77_D,MET_79_D"
MET_79_D,"VAL_74_D,GLY_78_D"
PRO_80_D,"GLU_48_D,VAL_81_D,SER_83_D"
VAL_81_D,"PRO_80_D,THR_82_D"
THR_82_D,"VAL_81_D,SER_83_D"
SER_83_D,"PRO_80_D,THR_82_D,GLY_84_D"
GLY_84_D,"ARG_71_D,SER_83_D,GLY_85_D"
GLY_85_D,"GLY_84_D,VAL_86_D"
VAL_86_D,"VAL_54_D,ILE_55_D,GLY_85_D,GLN_87_D"
GLN_87_D,"VAL_86_D,LEU_88_D"
LEU_88_D,"ILE_55_D,CYS_58_D,GLN_87_D,ASN_89_D,GLU_97_D"
ASN_89_D,"LEU_88_D,ARG_90_D,PHE_91_D"
ARG_90_D,"ASN_89_D,PHE_91_D,SER_94_D,GLU_97_D"
PHE_91_D,"ASN_89_D,ARG_90_D,CYS_92_D,SER_94_D,ILE_390_D"
CYS_92_D,"PHE_91_D,ALA_93_D"
ALA_93_D,"CYS_92_D,SER_94_D,GLU_97_D,ILE_390_D"
SER_94_D,"ARG_90_D,PHE_91_D,ALA_93_D,GLY_95_D,ALA_98_D"
GLY_95_D,"SER_94_D,LEU_96_D"
LEU_96_D,"GLY_95_D,GLU_97_D,ASN_100_D,LEU_388_D"
GLU_97_D,"LEU_88_D,ARG_90_D,ALA_93_D,LEU_96_D,ALA_98_D,THR_101_D"
ALA_98_D,"SER_94_D,GLU_97_D,VAL_99_D,ALA_102_D"
VAL_99_D,"ALA_98_D,ASN_100_D,ALA_103_D,ILE_269_D,LEU_369_D"
ASN_100_D,"LEU_96_D,VAL_99_D,THR_101_D,GLN_104_D,THR_398_D"
THR_101_D,"GLU_97_D,ASN_100_D,ALA_102_D,LYS_105_D"
ALA_102_D,"ALA_98_D,THR_101_D,ALA_103_D,VAL_114_D,ALA_116_D,ILE_269_D"
ALA_103_D,"VAL_99_D,ALA_102_D,GLN_104_D,ARG_107_D"
GLN_104_D,"ASN_100_D,ALA_103_D,LYS_105_D,SER_108_D"
LYS_105_D,"ASP_53_D,THR_101_D,GLN_104_D,VAL_106_D,SER_108_D,ASP_111_D"
VAL_106_D,"LYS_105_D,ARG_107_D"
ARG_107_D,"GLU_4_D,ALA_103_D,VAL_106_D,SER_108_D,ARG_285_D"
SER_108_D,"GLN_104_D,LYS_105_D,ARG_107_D,GLY_109_D"
GLY_109_D,"SER_108_D,TRP_110_D"
TRP_110_D,"GLY_109_D,ASP_111_D"
ASP_111_D,"SER_52_D,ASP_53_D,LYS_105_D,TRP_110_D,ASP_112_D"
ASP_112_D,"ASP_111_D,LEU_113_D"
LEU_113_D,"SER_52_D,ASP_112_D,VAL_114_D"
VAL_114_D,"ALA_102_D,LEU_113_D,LEU_115_D,ILE_269_D"
LEU_115_D,"ASP_53_D,ILE_55_D,VAL_114_D,ALA_116_D,MET_268_D"
ALA_116_D,"ALA_102_D,LEU_115_D,GLY_117_D,VAL_267_D"
GLY_117_D,"ILE_55_D,GLY_57_D,ALA_116_D,GLY_118_D"
GLY_118_D,"GLY_117_D,VAL_119_D,ALA_265_D"
VAL_119_D,"VAL_32_D,GLY_118_D,GLU_120_D"
GLU_120_D,"VAL_59_D,VAL_119_D,SER_121_D,MET_122_D,GLY_362_D"
SER_121_D,"GLN_65_D,GLU_120_D,MET_122_D,ARG_124_D,VAL_125_D"
MET_122_D,"GLU_120_D,SER_121_D,SER_123_D,ILE_260_D,ASP_262_D,LEU_361_D"
SER_123_D,"HIS_24_D,MET_122_D,ARG_124_D,ASP_262_D"
ARG_124_D,"HIS_24_D,ASP_64_D,SER_121_D,SER_123_D,VAL_125_D"
VAL_125_D,"VAL_62_D,SER_121_D,ARG_124_D"
PRO_126_D,"MET_127_D,SER_129_D"
MET_127_D,"PRO_126_D,GLY_128_D"
GLY_128_D,"MET_127_D,SER_129_D"
SER_129_D,"PRO_126_D,GLY_128_D,ASP_130_D"
ASP_130_D,"SER_129_D,GLY_131_D"
GLY_131_D,"ASP_130_D,GLY_132_D"
GLY_132_D,"GLY_131_D,ALA_133_D"
ALA_133_D,"GLY_132_D,MET_134_D,GLY_135_D"
MET_134_D,"ALA_133_D,GLY_135_D"
GLY_135_D,"ALA_133_D,MET_134_D,LEU_136_D,ASN_141_D"
LEU_136_D,"GLY_135_D,ASP_137_D"
ASP_137_D,"LEU_136_D,THR_140_D,ASN_141_D"
PRO_138_D,"ALA_139_D,TYR_142_D"
ALA_139_D,"PRO_138_D,THR_140_D"
THR_140_D,"ASP_137_D,ALA_139_D,ASN_141_D,VAL_144_D"
ASN_141_D,"GLY_135_D,ASP_137_D,THR_140_D,TYR_142_D"
TYR_142_D,"PRO_138_D,ASN_141_D,ASP_143_D"
ASP_143_D,"TYR_142_D,VAL_144_D"
VAL_144_D,"THR_140_D,ASP_143_D,MET_145_D"
MET_145_D,"VAL_144_D,PHE_146_D"
PHE_146_D,"MET_145_D,VAL_147_D"
VAL_147_D,"PHE_146_D,ILE_151_D,VAL_237_D"
PRO_148_D,"GLN_149_D,LEU_228_D"
GLN_149_D,"PRO_148_D,SER_150_D"
SER_150_D,"GLN_149_D,ILE_151_D"
ILE_151_D,"VAL_147_D,SER_150_D,GLY_152_D,LEU_155_D,ALA_229_D"
GLY_152_D,"ILE_151_D,ALA_153_D,ILE_156_D"
ALA_153_D,"GLY_152_D,ASP_154_D,LEU_300_D,PHE_330_D,SER_332_D"
ASP_154_D,"ALA_153_D,LEU_155_D,THR_158_D,ILE_248_D,HIS_250_D,HIS_252_D"
LEU_155_D,"ILE_151_D,ASP_154_D,ILE_156_D,TYR_242_D"
ILE_156_D,"GLY_152_D,LEU_155_D,ALA_157_D,GLU_160_D,ILE_298_D,THR_301_D"
ALA_157_D,"ILE_156_D,THR_158_D,GLY_161_D,PHE_162_D,VAL_251_D"
THR_158_D,"ASP_154_D,ALA_157_D,ILE_159_D,ASN_249_D"
ILE_159_D,"THR_158_D,GLU_160_D"
GLU_160_D,"ILE_156_D,ILE_159_D,GLY_161_D,PHE_162_D,LYS_336_D,LYS_339_D,ASP_340_D"
GLY_161_D,"ALA_157_D,GLU_160_D,PHE_162_D"
PHE_162_D,"ALA_157_D,GLU_160_D,GLY_161_D,SER_163_D,LEU_335_D"
SER_163_D,"PHE_162_D,ARG_164_D,ASP_166_D"
ARG_164_D,"SER_163_D,GLU_165_D,ASP_168_D,LEU_218_D,LEU_221_D"
GLU_165_D,"ARG_164_D,ASP_166_D,ALA_169_D"
ASP_166_D,"SER_163_D,GLU_165_D,VAL_167_D"
VAL_167_D,"ASP_166_D,ASP_168_D,ALA_331_D"
ASP_168_D,"ARG_164_D,VAL_167_D,ALA_169_D,LEU_172_D,ASN_256_D"
ALA_169_D,"GLU_165_D,ASP_168_D,TYR_170_D"
TYR_170_D,"ALA_169_D,ALA_171_D,SER_174_D,GLU_328_D,VAL_334_D,ASN_349_D"
ALA_171_D,"TYR_170_D,LEU_172_D,ASN_256_D"
LEU_172_D,"ASP_168_D,ALA_171_D,ARG_173_D,GLN_176_D,LYS_215_D"
ARG_173_D,"LEU_172_D,SER_174_D,LYS_177_D,GLU_328_D,ASP_345_D,LEU_348_D"
SER_174_D,"TYR_170_D,ARG_173_D,GLN_175_D,GLU_328_D"
GLN_175_D,"SER_174_D,GLN_176_D,ARG_210_D"
GLN_176_D,"LEU_172_D,GLN_175_D,LYS_177_D,GLU_180_D"
LYS_177_D,"ARG_173_D,GLN_176_D,ALA_178_D,GLU_180_D,ALA_181_D,ASP_345_D"
ALA_178_D,"LYS_177_D,ALA_179_D,ALA_356_D"
ALA_179_D,"ALA_178_D,GLU_180_D,SER_183_D"
GLU_180_D,"GLN_176_D,LYS_177_D,ALA_179_D,ALA_181_D,GLY_184_D"
ALA_181_D,"LYS_177_D,GLU_180_D,TRP_182_D,TYR_186_D,PHE_187_D"
TRP_182_D,"ALA_181_D,SER_183_D,PHE_187_D,VAL_191_D,ASP_206_D"
SER_183_D,"ALA_179_D,TRP_182_D,GLY_184_D"
GLY_184_D,"GLU_180_D,SER_183_D,GLY_185_D"
GLY_185_D,"GLY_184_D,TYR_186_D"
TYR_186_D,"ALA_181_D,GLY_185_D,PHE_187_D"
PHE_187_D,"ALA_181_D,TRP_182_D,TYR_186_D,ALA_188_D,VAL_191_D"
ALA_188_D,"PHE_187_D,LYS_189_D"
LYS_189_D,"ALA_188_D,SER_190_D"
SER_190_D,"ARG_12_D,LYS_189_D,VAL_191_D,ASP_374_D"
VAL_191_D,"TRP_182_D,PHE_187_D,SER_190_D,VAL_192_D"
VAL_192_D,"ARG_12_D,VAL_191_D"
PRO_193_D,VAL_194_D
VAL_194_D,"PRO_193_D,ARG_195_D,ILE_202_D,LEU_203_D"
ARG_195_D,"VAL_194_D,ASP_196_D,GLY_199_D"
ASP_196_D,"ARG_195_D,GLN_197_D,ASN_198_D,LEU_200_D,ILE_202_D"
GLN_197_D,"ASP_196_D,ASN_198_D"
ASN_198_D,"ASP_196_D,GLN_197_D,GLY_199_D"
GLY_199_D,"ARG_195_D,ASN_198_D,LEU_200_D"
LEU_200_D,"ASP_196_D,GLY_199_D,LEU_201_D"
LEU_201_D,"LEU_200_D,ILE_202_D"
ILE_202_D,"VAL_194_D,ASP_196_D,LEU_201_D,LEU_203_D"
LEU_203_D,"VAL_194_D,ILE_202_D,ASP_204_D"
ASP_204_D,"LEU_203_D,HIS_205_D"
HIS_205_D,"ASP_204_D,ASP_206_D,GLU_207_D"
ASP_206_D,"ARG_12_D,ARG_15_D,TRP_182_D,HIS_205_D,GLU_207_D"
GLU_207_D,"LYS_17_D,SER_22_D,HIS_205_D,ASP_206_D,HIS_208_D"
HIS_208_D,"GLU_207_D,MET_209_D,ARG_210_D"
MET_209_D,"HIS_208_D,ARG_210_D,MET_357_D"
ARG_210_D,"GLN_175_D,HIS_208_D,MET_209_D,THR_213_D"
PRO_211_D,ASP_212_D
ASP_212_D,"PRO_211_D,THR_213_D"
THR_213_D,"ARG_210_D,ASP_212_D,THR_214_D,LEU_218_D"
THR_214_D,"THR_213_D,LYS_215_D"
LYS_215_D,"LEU_172_D,THR_214_D,GLU_216_D"
GLU_216_D,"LYS_215_D,GLY_217_D"
GLY_217_D,"GLU_216_D,LEU_218_D"
LEU_218_D,"ARG_164_D,THR_213_D,GLY_217_D,ALA_219_D"
ALA_219_D,"LEU_218_D,LYS_220_D"
LYS_220_D,"ALA_219_D,LEU_221_D"
LEU_221_D,"ARG_164_D,LYS_220_D,LYS_222_D"
LYS_222_D,LEU_221_D
PRO_223_D,ALA_224_D
ALA_224_D,"PRO_223_D,PHE_225_D"
PHE_225_D,"ALA_224_D,GLU_226_D,PHE_330_D"
GLU_226_D,"PHE_225_D,GLY_227_D,HIS_250_D"
GLY_227_D,"GLU_226_D,LEU_228_D"
LEU_228_D,"PRO_148_D,GLY_227_D,ALA_229_D"
ALA_229_D,"ILE_151_D,LEU_228_D,ALA_230_D"
ALA_230_D,"ALA_229_D,LEU_231_D"
LEU_231_D,"ALA_230_D,GLY_232_D"
GLY_232_D,"LEU_231_D,GLY_233_D"
GLY_233_D,"GLY_232_D,PHE_234_D"
PHE_234_D,"GLY_233_D,ASP_235_D"
ASP_235_D,"PHE_234_D,ASP_236_D,HIS_250_D"
ASP_236_D,"ASP_235_D,VAL_237_D"
VAL_237_D,"VAL_147_D,ASP_236_D,ALA_238_D"
ALA_238_D,"VAL_237_D,LEU_239_D"
LEU_239_D,"ALA_238_D,GLN_240_D,ILE_248_D"
GLN_240_D,"LEU_239_D,LYS_241_D"
LYS_241_D,"GLN_240_D,TYR_242_D,ASP_295_D"
TYR_242_D,"LEU_155_D,LYS_241_D,HIS_243_D,TRP_244_D,ASP_295_D"
HIS_243_D,"TYR_242_D,TRP_244_D"
TRP_244_D,"TYR_242_D,HIS_243_D,VAL_245_D"
VAL_245_D,"TRP_244_D,GLU_246_D"
GLU_246_D,"VAL_245_D,LYS_247_D"
LYS_247_D,"GLU_246_D,ILE_248_D"
ILE_248_D,"ASP_154_D,LEU_239_D,LYS_247_D,ASN_249_D"
ASN_249_D,"THR_158_D,ILE_248_D,HIS_250_D"
HIS_250_D,"ASP_154_D,GLU_226_D,ASP_235_D,ASN_249_D,VAL_251_D"
VAL_251_D,"ALA_157_D,HIS_250_D,HIS_252_D"
HIS_252_D,"ASP_154_D,VAL_251_D,THR_253_D,SER_332_D"
THR_253_D,"HIS_252_D,GLY_254_D,GLY_255_D,ASN_256_D,SER_257_D"
GLY_254_D,"THR_253_D,GLY_255_D"
GLY_255_D,"THR_253_D,GLY_254_D,ASN_256_D"
ASN_256_D,"ASP_168_D,ALA_171_D,THR_253_D,GLY_255_D,SER_257_D"
SER_257_D,"THR_253_D,ASN_256_D,SER_258_D"
SER_258_D,"SER_257_D,GLY_259_D,ALA_329_D"
GLY_259_D,"SER_258_D,ILE_260_D,HIS_359_D"
ILE_260_D,"MET_122_D,GLY_259_D,VAL_261_D"
VAL_261_D,"ILE_260_D,ASP_262_D"
ASP_262_D,"GLY_16_D,HIS_24_D,MET_122_D,SER_123_D,VAL_261_D,GLY_263_D"
GLY_263_D,"ASP_262_D,ALA_264_D"
ALA_264_D,"THR_13_D,GLY_263_D,ALA_265_D"
ALA_265_D,"GLY_118_D,ALA_264_D,LEU_266_D,ALA_366_D,MET_367_D"
LEU_266_D,"ILE_11_D,ILE_36_D,LEU_39_D,ALA_265_D,VAL_267_D"
VAL_267_D,"ALA_116_D,LEU_266_D,MET_268_D,ILE_269_D"
MET_268_D,"TYR_8_D,GLU_9_D,LEU_46_D,LEU_115_D,VAL_267_D,ILE_269_D"
ILE_269_D,"VAL_99_D,ALA_102_D,VAL_114_D,VAL_267_D,MET_268_D,GLY_270_D"
GLY_270_D,"PHE_6_D,ILE_269_D,SER_271_D"
SER_271_D,"TYR_8_D,GLY_270_D,ALA_272_D"
ALA_272_D,"SER_271_D,ALA_273_D"
ALA_273_D,"ALA_272_D,ALA_274_D"
ALA_274_D,"ALA_273_D,GLY_275_D"
GLY_275_D,"ALA_274_D,LYS_276_D,GLY_279_D,LEU_280_D"
LYS_276_D,"GLY_275_D,LEU_277_D"
LEU_277_D,"LYS_276_D,GLN_278_D"
GLN_278_D,"LEU_46_D,ASP_47_D,LEU_277_D,GLY_279_D"
GLY_279_D,"GLY_275_D,GLN_278_D,LEU_280_D"
LEU_280_D,"TYR_8_D,GLY_275_D,GLY_279_D,THR_281_D"
THR_281_D,LEU_280_D
PRO_282_D,ARG_283_D
ARG_283_D,"ILE_7_D,GLU_9_D,ARG_42_D,PRO_282_D,ALA_284_D,ASP_374_D,GLU_377_D"
ALA_284_D,"ILE_7_D,ARG_283_D,ARG_285_D"
ARG_285_D,"GLU_4_D,ARG_107_D,ALA_284_D,ILE_286_D,GLU_401_D"
ILE_286_D,"ALA_5_D,ILE_7_D,ARG_285_D,VAL_287_D,ILE_400_D"
VAL_287_D,"ILE_286_D,ALA_288_D,ILE_399_D,GLU_401_D"
ALA_288_D,"VAL_287_D,THR_289_D,VAL_310_D"
THR_289_D,"ALA_288_D,ALA_290_D,ARG_313_D"
ALA_290_D,"THR_289_D,THR_291_D,VAL_310_D"
THR_291_D,"ALA_290_D,SER_292_D,LYS_309_D"
SER_292_D,"THR_291_D,GLY_293_D,GLY_395_D"
GLY_293_D,"SER_292_D,ALA_294_D"
ALA_294_D,"GLY_293_D,ASP_295_D,GLY_393_D"
ASP_295_D,"LYS_241_D,TYR_242_D,ALA_294_D,MET_299_D"
PRO_296_D,VAL_297_D
VAL_297_D,"PRO_296_D,ILE_298_D"
ILE_298_D,"ILE_156_D,VAL_297_D,MET_299_D,LEU_300_D,THR_301_D"
MET_299_D,"ASP_295_D,ILE_298_D,LEU_300_D"
LEU_300_D,"ALA_153_D,ILE_298_D,MET_299_D,THR_301_D,PHE_330_D,VAL_333_D"
THR_301_D,"ILE_156_D,ILE_298_D,LEU_300_D,GLY_302_D"
GLY_302_D,THR_301_D
PRO_303_D,"THR_304_D,THR_307_D"
THR_304_D,PRO_303_D
PRO_305_D,ALA_306_D
ALA_306_D,"PRO_305_D,THR_307_D"
THR_307_D,"PRO_303_D,ALA_306_D,ARG_308_D,LEU_311_D,LEU_341_D,LEU_385_D"
ARG_308_D,"THR_307_D,LYS_309_D,ASP_340_D"
LYS_309_D,"THR_291_D,ARG_308_D,VAL_310_D,ARG_313_D"
VAL_310_D,"ALA_288_D,ALA_290_D,LYS_309_D,LEU_311_D,ALA_397_D,ILE_399_D"
LEU_311_D,"THR_307_D,VAL_310_D,ASP_312_D,GLY_315_D,LEU_316_D,LEU_385_D"
ASP_312_D,"LEU_311_D,ARG_313_D"
ARG_313_D,"THR_289_D,LYS_309_D,ASP_312_D,ALA_314_D"
ALA_314_D,"ARG_313_D,GLY_315_D"
GLY_315_D,"LEU_311_D,ALA_314_D,LEU_316_D"
LEU_316_D,"LEU_311_D,GLY_315_D,THR_317_D,ASP_320_D"
THR_317_D,"LEU_316_D,VAL_318_D,ASP_320_D"
VAL_318_D,"THR_317_D,ASP_319_D,PHE_324_D"
ASP_319_D,"VAL_318_D,ASP_320_D"
ASP_320_D,"LEU_316_D,THR_317_D,ASP_319_D,ILE_321_D,ARG_383_D"
ILE_321_D,"ASP_320_D,ASP_322_D,PHE_324_D"
ASP_322_D,"ILE_321_D,LEU_323_D,LYS_347_D,ARG_382_D,ARG_383_D"
LEU_323_D,"ASP_322_D,PHE_324_D,GLU_375_D,LEU_385_D"
PHE_324_D,"VAL_318_D,ILE_321_D,LEU_323_D,GLU_325_D,ILE_343_D,LYS_347_D,ASN_349_D"
GLU_325_D,"PHE_324_D,LEU_326_D,ILE_368_D,MET_372_D,LEU_385_D,THR_387_D"
LEU_326_D,"GLU_325_D,ASN_327_D,PHE_337_D,ASN_349_D,THR_387_D"
ASN_327_D,"LEU_326_D,GLU_328_D"
GLU_328_D,"TYR_170_D,ARG_173_D,SER_174_D,ASN_327_D,ALA_329_D"
ALA_329_D,"SER_258_D,GLU_328_D,PHE_330_D"
PHE_330_D,"ALA_153_D,PHE_225_D,LEU_300_D,ALA_329_D,ALA_331_D"
ALA_331_D,"VAL_167_D,PHE_330_D,SER_332_D"
SER_332_D,"ALA_153_D,HIS_252_D,ALA_331_D,VAL_333_D,LYS_336_D"
VAL_333_D,"LEU_300_D,SER_332_D,VAL_334_D,PHE_337_D"
VAL_334_D,"TYR_170_D,VAL_333_D,LEU_335_D,GLN_338_D,LEU_348_D"
LEU_335_D,"PHE_162_D,VAL_334_D,LYS_336_D,LYS_339_D"
LYS_336_D,"GLU_160_D,SER_332_D,LEU_335_D,PHE_337_D,ASP_340_D"
PHE_337_D,"LEU_326_D,VAL_333_D,LYS_336_D,GLN_338_D,LEU_341_D"
GLN_338_D,"VAL_334_D,PHE_337_D,LYS_339_D,ASN_342_D"
LYS_339_D,"GLU_160_D,LEU_335_D,GLN_338_D,ASP_340_D"
ASP_340_D,"GLU_160_D,ARG_308_D,LYS_336_D,LYS_339_D,LEU_341_D"
LEU_341_D,"THR_307_D,PHE_337_D,ASP_340_D,ASN_342_D,ILE_343_D"
ASN_342_D,"GLN_338_D,LEU_341_D,ILE_343_D"
ILE_343_D,"PHE_324_D,LEU_341_D,ASN_342_D"
PRO_344_D,"ASP_345_D,LYS_347_D"
ASP_345_D,"ARG_173_D,LYS_177_D,PRO_344_D,GLU_346_D"
GLU_346_D,"ASP_345_D,LYS_347_D"
LYS_347_D,"ASP_322_D,PHE_324_D,PRO_344_D,GLU_346_D,LEU_348_D"
LEU_348_D,"ARG_173_D,VAL_334_D,LYS_347_D,ASN_349_D"
ASN_349_D,"TYR_170_D,PHE_324_D,LEU_326_D,LEU_348_D,VAL_350_D"
VAL_350_D,"ASN_349_D,ASN_351_D"
ASN_351_D,"VAL_350_D,GLY_352_D"
GLY_352_D,"ASN_351_D,GLY_353_D"
GLY_353_D,"GLY_352_D,ALA_354_D,MET_357_D"
ALA_354_D,"GLY_353_D,ILE_355_D,GLY_358_D,HIS_359_D"
ILE_355_D,"ALA_354_D,ALA_356_D"
ALA_356_D,"ALA_178_D,ILE_355_D,MET_357_D"
MET_357_D,"MET_209_D,GLY_353_D,ALA_356_D,GLY_358_D"
GLY_358_D,"ALA_354_D,MET_357_D,HIS_359_D"
HIS_359_D,"GLY_259_D,ALA_354_D,GLY_358_D,LEU_361_D,THR_364_D"
PRO_360_D,"LEU_361_D,GLY_362_D,ALA_363_D"
LEU_361_D,"VAL_59_D,MET_122_D,HIS_359_D,PRO_360_D,GLY_362_D"
GLY_362_D,"GLU_120_D,PRO_360_D,LEU_361_D,ALA_363_D"
ALA_363_D,"PRO_360_D,GLY_362_D,THR_364_D"
THR_364_D,"HIS_359_D,ALA_363_D,GLY_365_D,ILE_368_D"
GLY_365_D,"THR_364_D,ALA_366_D"
ALA_366_D,"ALA_265_D,GLY_365_D,MET_367_D"
MET_367_D,"ARG_15_D,ALA_265_D,ALA_366_D,ILE_368_D,THR_371_D"
ILE_368_D,"GLU_325_D,THR_364_D,MET_367_D,LEU_369_D,ILE_386_D"
LEU_369_D,"VAL_99_D,ILE_368_D,GLY_370_D,ILE_386_D,ILE_400_D"
GLY_370_D,"LEU_369_D,THR_371_D"
THR_371_D,"MET_367_D,GLY_370_D,MET_372_D"
MET_372_D,"GLU_325_D,THR_371_D,VAL_373_D,LEU_376_D"
VAL_373_D,"MET_372_D,ASP_374_D,ILE_400_D"
ASP_374_D,"ARG_12_D,SER_190_D,ARG_283_D,VAL_373_D,GLU_375_D,GLU_377_D,ARG_378_D"
GLU_375_D,"LEU_323_D,ASP_374_D,LEU_376_D,ARG_378_D,ARG_379_D"
LEU_376_D,"MET_372_D,GLU_375_D,GLU_377_D,ASN_380_D,ALA_381_D,ALA_384_D"
GLU_377_D,"ARG_283_D,ASP_374_D,LEU_376_D,ARG_378_D"
ARG_378_D,"ASP_374_D,GLU_375_D,GLU_377_D,ARG_379_D"
ARG_379_D,"GLU_375_D,ARG_378_D,ASN_380_D"
ASN_380_D,"LEU_376_D,ARG_379_D,ALA_381_D"
ALA_381_D,"LEU_376_D,ASN_380_D,ARG_382_D,ARG_402_D"
ARG_382_D,"ASP_322_D,ALA_381_D,ARG_383_D,GLU_401_D,ARG_402_D"
ARG_383_D,"ASP_320_D,ASP_322_D,ARG_382_D,ALA_384_D,GLU_401_D"
ALA_384_D,"LEU_376_D,ARG_383_D,LEU_385_D,ILE_400_D"
LEU_385_D,"THR_307_D,LEU_311_D,LEU_323_D,GLU_325_D,ALA_384_D,ILE_386_D,ILE_399_D"
ILE_386_D,"ILE_368_D,LEU_369_D,LEU_385_D,THR_387_D,THR_398_D"
THR_387_D,"GLU_325_D,LEU_326_D,ILE_386_D,LEU_388_D,VAL_396_D"
LEU_388_D,"LEU_96_D,THR_387_D,CYS_389_D"
CYS_389_D,"LEU_388_D,ILE_390_D"
ILE_390_D,"PHE_91_D,ALA_93_D,CYS_389_D,GLY_391_D,MET_394_D,VAL_396_D"
GLY_391_D,"ILE_390_D,GLY_392_D"
GLY_392_D,"GLY_391_D,GLY_393_D"
GLY_393_D,"ALA_294_D,GLY_392_D,MET_394_D"
MET_394_D,"ILE_390_D,GLY_393_D,GLY_395_D"
GLY_395_D,"SER_292_D,MET_394_D,VAL_396_D"
VAL_396_D,"THR_387_D,ILE_390_D,GLY_395_D,ALA_397_D"
ALA_397_D,"VAL_310_D,VAL_396_D,THR_398_D"
THR_398_D,"ASN_100_D,ILE_386_D,ALA_397_D,ILE_399_D"
ILE_399_D,"VAL_287_D,VAL_310_D,LEU_385_D,THR_398_D,ILE_400_D"
ILE_400_D,"ILE_286_D,LEU_369_D,VAL_373_D,ALA_384_D,ILE_399_D,GLU_401_D"
GLU_401_D,"ARG_285_D,VAL_287_D,ARG_382_D,ARG_383_D,ILE_400_D,ARG_402_D"
ARG_402_D,"ALA_381_D,ARG_382_D,GLU_401_D,VAL_403_D"
VAL_403_D,ARG_402_D
