residue_id,neighbors
MET_1_B,LYS_2_B
LYS_2_B,"MET_1_B,LYS_3_B"
LYS_3_B,"LYS_2_B,ILE_4_B"
ILE_4_B,"LYS_3_B,GLN_6_B"
PRO_5_B,"GLN_6_B,ALA_56_B"
GLN_6_B,"ILE_4_B,PRO_5_B,ILE_7_B"
ILE_7_B,"GLN_6_B,SER_8_B,TYR_77_B"
SER_8_B,"ILE_7_B,ASP_9_B"
ASP_9_B,"SER_8_B,ALA_10_B,GLU_13_B"
ALA_10_B,"ASP_9_B,GLU_11_B,TRP_39_B"
GLU_11_B,"ALA_10_B,LEU_12_B"
LEU_12_B,"GLU_11_B,GLU_13_B,TYR_77_B"
GLU_13_B,"ASP_9_B,LEU_12_B,VAL_14_B,TRP_39_B"
VAL_14_B,"GLU_13_B,MET_15_B,LEU_33_B,TRP_39_B"
MET_15_B,"VAL_14_B,LYS_16_B,TRP_19_B"
LYS_16_B,"MET_15_B,VAL_17_B,LYS_20_B"
VAL_17_B,"LYS_16_B,ILE_18_B,ILE_24_B,GLU_32_B,LEU_33_B"
ILE_18_B,"VAL_17_B,TRP_19_B,ILE_24_B,LEU_57_B,PRO_70_B"
TRP_19_B,"MET_15_B,ILE_18_B,LYS_20_B,ILE_72_B,ASP_76_B"
LYS_20_B,"LYS_16_B,TRP_19_B,HIS_21_B"
HIS_21_B,"LYS_20_B,SER_22_B,GLU_28_B,GLU_32_B"
SER_22_B,"HIS_21_B,SER_23_B"
SER_23_B,"SER_22_B,ILE_24_B"
ILE_24_B,"VAL_17_B,ILE_18_B,SER_23_B,ASN_25_B,GLU_28_B,VAL_29_B,TYR_68_B"
ASN_25_B,"ILE_24_B,THR_26_B,ASN_27_B,GLU_28_B"
THR_26_B,"ASN_25_B,ASN_27_B,ILE_30_B,PHE_66_B,TYR_68_B"
ASN_27_B,"ASN_25_B,THR_26_B,GLU_28_B,LYS_31_B"
GLU_28_B,"HIS_21_B,ILE_24_B,ASN_25_B,ASN_27_B,VAL_29_B,GLU_32_B"
VAL_29_B,"ILE_24_B,GLU_28_B,ILE_30_B,LEU_33_B,LEU_48_B"
ILE_30_B,"THR_26_B,VAL_29_B,LYS_31_B,SER_34_B,ILE_44_B"
LYS_31_B,"ASN_27_B,ILE_30_B,GLU_32_B,LYS_35_B"
GLU_32_B,"VAL_17_B,HIS_21_B,GLU_28_B,LYS_31_B,LEU_33_B,THR_36_B"
LEU_33_B,"VAL_14_B,VAL_17_B,VAL_29_B,GLU_32_B,SER_34_B,SER_37_B,ILE_44_B"
SER_34_B,"ILE_30_B,LEU_33_B,LYS_35_B"
LYS_35_B,"LYS_31_B,SER_34_B,THR_36_B"
THR_36_B,"GLU_32_B,LYS_35_B,SER_37_B"
SER_37_B,"LEU_33_B,THR_36_B,THR_38_B"
THR_38_B,"SER_37_B,TRP_39_B"
TRP_39_B,"ALA_10_B,GLU_13_B,VAL_14_B,THR_38_B,SER_40_B,THR_43_B,MET_47_B"
SER_40_B,"TRP_39_B,THR_43_B,ILE_44_B"
PRO_41_B,LYS_42_B
LYS_42_B,"PRO_41_B,THR_43_B"
THR_43_B,"TRP_39_B,SER_40_B,LYS_42_B,ILE_44_B"
ILE_44_B,"ILE_30_B,LEU_33_B,SER_40_B,THR_43_B,GLN_45_B"
GLN_45_B,"ILE_44_B,THR_46_B,LEU_49_B"
THR_46_B,"GLN_45_B,MET_47_B,ARG_50_B"
MET_47_B,"TRP_39_B,THR_46_B,LEU_48_B"
LEU_48_B,"VAL_29_B,MET_47_B,LEU_49_B,ILE_52_B"
LEU_49_B,"GLN_45_B,LEU_48_B,ARG_50_B,LYS_53_B"
ARG_50_B,"THR_46_B,LEU_49_B,LEU_51_B,LYS_53_B,LYS_54_B"
LEU_51_B,"ARG_50_B,ILE_52_B,GLY_55_B,ALA_56_B"
ILE_52_B,"LEU_48_B,LEU_51_B,LYS_53_B,LEU_57_B,TYR_68_B"
LYS_53_B,"LEU_49_B,ARG_50_B,ILE_52_B,LYS_54_B"
LYS_54_B,"ARG_50_B,LYS_53_B,GLY_55_B"
GLY_55_B,"LEU_51_B,LYS_54_B,ALA_56_B"
ALA_56_B,"PRO_5_B,LEU_51_B,GLY_55_B,LEU_57_B"
LEU_57_B,"ILE_18_B,ILE_52_B,ALA_56_B,ASN_58_B"
ASN_58_B,"LEU_57_B,HIS_59_B,THR_69_B"
HIS_59_B,"ASN_58_B,HIS_60_B,PHE_66_B"
HIS_60_B,"HIS_59_B,LYS_61_B,GLU_62_B,VAL_67_B"
LYS_61_B,"HIS_60_B,GLU_62_B"
GLU_62_B,"HIS_60_B,LYS_61_B,GLY_63_B,ARG_64_B"
GLY_63_B,"GLU_62_B,ARG_64_B"
ARG_64_B,"GLU_62_B,GLY_63_B,VAL_65_B"
VAL_65_B,"ARG_64_B,PHE_66_B"
PHE_66_B,"THR_26_B,HIS_59_B,VAL_65_B,VAL_67_B,TYR_68_B"
VAL_67_B,"HIS_60_B,PHE_66_B,TYR_68_B"
TYR_68_B,"ILE_24_B,THR_26_B,ILE_52_B,PHE_66_B,VAL_67_B,THR_69_B"
THR_69_B,"ASN_58_B,TYR_68_B"
PRO_70_B,"ILE_18_B,ASN_71_B,ILE_72_B"
ASN_71_B,"PRO_70_B,ILE_72_B"
ILE_72_B,"TRP_19_B,PRO_70_B,ASN_71_B,ASP_73_B"
ASP_73_B,"ILE_72_B,GLU_74_B,ASP_76_B"
GLU_74_B,"ASP_73_B,SER_75_B"
SER_75_B,"GLU_74_B,ASP_76_B"
ASP_76_B,"TRP_19_B,ASP_73_B,SER_75_B,TYR_77_B"
TYR_77_B,"ILE_7_B,LEU_12_B,ASP_76_B,ILE_78_B"
ILE_78_B,"TYR_77_B,GLU_79_B"
GLU_79_B,"ILE_78_B,VAL_80_B"
VAL_80_B,"GLU_79_B,LYS_81_B"
LYS_81_B,"VAL_80_B,SER_82_B"
SER_82_B,LYS_81_B
