residue_id,neighbors
PRO_3_O,"LYS_4_O,GLU_28_O"
LYS_4_O,"PRO_3_O,VAL_5_O,GLU_28_O,GLU_92_O"
VAL_5_O,"LYS_4_O,GLY_6_O,VAL_27_O,GLU_28_O,VAL_30_O"
GLY_6_O,"VAL_5_O,ILE_7_O,TYR_93_O,VAL_95_O"
ILE_7_O,"GLY_6_O,ASN_8_O,ASN_33_O"
ASN_8_O,"ILE_7_O,GLY_9_O,ASN_33_O,VAL_95_O,GLU_96_O,SER_97_O"
GLY_9_O,"ASN_8_O,PHE_10_O,ASN_33_O,SER_97_O"
PHE_10_O,"GLY_9_O,GLY_11_O,ARG_15_O,LEU_18_O,LEU_32_O,ASP_34_O"
GLY_11_O,"PHE_10_O,ARG_12_O,ARG_15_O"
ARG_12_O,"GLY_11_O,ILE_13_O,ARG_15_O,VAL_16_O,ASP_49_O,HIS_52_O,GLU_315_O"
ILE_13_O,"ARG_12_O,GLY_14_O,VAL_17_O"
GLY_14_O,"ILE_13_O,ARG_15_O"
ARG_15_O,"PHE_10_O,GLY_11_O,ARG_12_O,GLY_14_O,VAL_16_O,ARG_19_O,ASP_49_O"
VAL_16_O,"ARG_12_O,ARG_15_O,VAL_17_O,ASN_20_O,TYR_316_O"
VAL_17_O,"ILE_13_O,VAL_16_O,LEU_18_O,ALA_21_O"
LEU_18_O,"PHE_10_O,VAL_17_O,ARG_19_O,LEU_22_O,VAL_29_O,PHE_46_O"
ARG_19_O,"ARG_15_O,LEU_18_O,ASN_20_O,GLU_23_O,PHE_46_O,ASP_49_O,GLY_53_O"
ASN_20_O,"VAL_16_O,ARG_19_O,ALA_21_O,THR_24_O,ARG_320_O"
ALA_21_O,"VAL_17_O,ASN_20_O,LEU_22_O,GLY_25_O,VAL_27_O,VAL_29_O"
LEU_22_O,"LEU_18_O,ALA_21_O,GLU_23_O,PHE_46_O"
GLU_23_O,"ARG_19_O,LEU_22_O,THR_24_O,TYR_316_O,ARG_320_O"
THR_24_O,"ASN_20_O,GLU_23_O,GLY_25_O"
GLY_25_O,"ALA_21_O,THR_24_O,ALA_26_O"
ALA_26_O,"GLY_25_O,VAL_27_O,VAL_323_O"
VAL_27_O,"VAL_5_O,ALA_21_O,ALA_26_O,GLU_28_O,VAL_327_O"
GLU_28_O,"PRO_3_O,LYS_4_O,VAL_5_O,VAL_27_O,VAL_29_O,VAL_30_O,LYS_71_O"
VAL_29_O,"LEU_18_O,ALA_21_O,GLU_28_O,VAL_30_O,LEU_32_O"
VAL_30_O,"VAL_5_O,GLU_28_O,VAL_29_O,ALA_31_O,ALA_91_O"
ALA_31_O,"VAL_30_O,LEU_32_O,TRP_86_O"
LEU_32_O,"PHE_10_O,VAL_29_O,ALA_31_O,ASN_33_O,ILE_73_O,LYS_74_O,PHE_75_O,TYR_76_O"
ASN_33_O,"ILE_7_O,ASN_8_O,GLY_9_O,LEU_32_O,ASP_34_O,GLU_78_O,ILE_84_O"
ASP_34_O,"PHE_10_O,ASN_33_O"
PRO_35_O,PHE_36_O
PHE_36_O,"PRO_35_O,ILE_37_O"
ILE_37_O,"PHE_36_O,GLU_38_O,ALA_42_O"
GLU_38_O,"ILE_37_O,TYR_41_O,ALA_42_O"
PRO_39_O,HIS_40_O
HIS_40_O,"PRO_39_O,TYR_41_O,GLU_43_O"
TYR_41_O,"GLU_38_O,HIS_40_O,ALA_42_O,TYR_44_O,MET_45_O"
ALA_42_O,"ILE_37_O,GLU_38_O,TYR_41_O,GLU_43_O,PHE_46_O,PHE_75_O"
GLU_43_O,"HIS_40_O,ALA_42_O,TYR_44_O,LYS_47_O"
TYR_44_O,"TYR_41_O,GLU_43_O,MET_45_O,TYR_48_O"
MET_45_O,"TYR_41_O,TYR_44_O,PHE_46_O"
PHE_46_O,"LEU_18_O,ARG_19_O,LEU_22_O,ALA_42_O,MET_45_O,LYS_47_O,PHE_55_O,ILE_59_O"
LYS_47_O,"GLU_43_O,PHE_46_O,TYR_48_O,PHE_55_O"
TYR_48_O,"TYR_44_O,LYS_47_O,ASP_49_O"
ASP_49_O,"ARG_12_O,ARG_15_O,ARG_19_O,TYR_48_O,SER_50_O,THR_51_O,HIS_52_O,GLU_315_O"
SER_50_O,"ASP_49_O,THR_51_O"
THR_51_O,"ASP_49_O,SER_50_O,HIS_52_O,ASN_237_O,LEU_285_O"
HIS_52_O,"ARG_12_O,ASP_49_O,THR_51_O,GLY_53_O,THR_286_O,ASP_313_O,GLU_315_O"
GLY_53_O,"ARG_19_O,HIS_52_O,ARG_54_O"
ARG_54_O,"GLY_53_O,PHE_55_O,LYS_56_O"
PHE_55_O,"PHE_46_O,LYS_47_O,ARG_54_O,LYS_56_O"
LYS_56_O,"ARG_54_O,PHE_55_O,GLY_57_O"
GLY_57_O,"LYS_56_O,ASP_58_O"
ASP_58_O,"GLY_57_O,ILE_59_O,ASP_69_O"
ILE_59_O,"PHE_46_O,ASP_58_O,LYS_60_O,ILE_68_O"
LYS_60_O,"ILE_59_O,VAL_61_O,ASP_62_O,VAL_67_O"
VAL_61_O,"LYS_60_O,ASP_62_O,LEU_66_O"
ASP_62_O,"LYS_60_O,VAL_61_O,GLY_63_O,ASP_65_O,ARG_72_O"
GLY_63_O,"ASP_62_O,LYS_64_O,ASP_65_O"
LYS_64_O,"GLY_63_O,ASP_65_O"
ASP_65_O,"ASP_62_O,GLY_63_O,LYS_64_O,LEU_66_O,ARG_72_O,LYS_74_O"
LEU_66_O,"VAL_61_O,ASP_65_O,VAL_67_O,ILE_73_O"
VAL_67_O,"LYS_60_O,LEU_66_O,ILE_68_O"
ILE_68_O,"ILE_59_O,VAL_67_O,ASP_69_O,LYS_71_O,ILE_73_O"
ASP_69_O,"ASP_58_O,ILE_68_O,GLY_70_O"
GLY_70_O,"ASP_69_O,LYS_71_O"
LYS_71_O,"GLU_28_O,ILE_68_O,GLY_70_O,ARG_72_O"
ARG_72_O,"ASP_62_O,ASP_65_O,LYS_71_O,ILE_73_O"
ILE_73_O,"LEU_32_O,LEU_66_O,ILE_68_O,ARG_72_O,LYS_74_O"
LYS_74_O,"LEU_32_O,ASP_65_O,ILE_73_O,PHE_75_O,TYR_76_O"
PHE_75_O,"LEU_32_O,ALA_42_O,LYS_74_O,TYR_76_O"
TYR_76_O,"LEU_32_O,LYS_74_O,PHE_75_O,GLN_77_O,PRO_85_O"
GLN_77_O,"TYR_76_O,GLU_78_O"
GLU_78_O,"ASN_33_O,GLN_77_O,ARG_79_O"
ARG_79_O,"GLU_78_O,ASP_80_O"
ASP_80_O,"ARG_79_O,ALA_82_O,ASN_83_O"
PRO_81_O,"ALA_82_O,ALA_109_O"
ALA_82_O,"ASP_80_O,PRO_81_O,ASN_83_O,LYS_112_O"
ASN_83_O,"ASP_80_O,ALA_82_O,ILE_84_O"
ILE_84_O,"ASN_33_O,ASN_83_O,TRP_86_O"
PRO_85_O,"TYR_76_O,TRP_86_O,LYS_87_O,ASP_88_O"
TRP_86_O,"ALA_31_O,ILE_84_O,PRO_85_O,LYS_87_O,ILE_94_O,HIS_110_O"
LYS_87_O,"PRO_85_O,TRP_86_O,ASP_88_O,GLY_90_O,GLY_113_O"
ASP_88_O,"PRO_85_O,LYS_87_O,SER_89_O"
SER_89_O,"ASP_88_O,GLY_90_O"
GLY_90_O,"LYS_87_O,SER_89_O,ALA_91_O"
ALA_91_O,"VAL_30_O,GLY_90_O,GLU_92_O"
GLU_92_O,"LYS_4_O,ALA_91_O,TYR_93_O,LYS_116_O"
TYR_93_O,"GLY_6_O,GLU_92_O,ILE_94_O,LYS_117_O,ILE_326_O"
ILE_94_O,"TRP_86_O,TYR_93_O,VAL_95_O,ALA_115_O,LYS_117_O,ILE_119_O"
VAL_95_O,"GLY_6_O,ASN_8_O,ILE_94_O,GLU_96_O,ILE_326_O"
GLU_96_O,"ASN_8_O,VAL_95_O,SER_97_O,THR_98_O,HIS_110_O,VAL_118_O,ILE_119_O,SER_121_O"
SER_97_O,"ASN_8_O,GLY_9_O,GLU_96_O,THR_98_O"
THR_98_O,"GLU_96_O,SER_97_O,GLY_99_O"
GLY_99_O,"THR_98_O,VAL_100_O"
VAL_100_O,"GLY_99_O,PHE_101_O"
PHE_101_O,"VAL_100_O,THR_102_O"
THR_102_O,"PHE_101_O,THR_103_O,SER_124_O"
THR_103_O,"THR_102_O,THR_104_O,ALA_107_O"
THR_104_O,"THR_103_O,GLU_105_O,SER_108_O,ASP_126_O"
GLU_105_O,"THR_104_O,LYS_106_O"
LYS_106_O,"GLU_105_O,ALA_107_O"
ALA_107_O,"THR_103_O,LYS_106_O,SER_108_O,VAL_144_O"
SER_108_O,"THR_104_O,ALA_107_O,ALA_109_O"
ALA_109_O,"PRO_81_O,SER_108_O,HIS_110_O"
HIS_110_O,"TRP_86_O,GLU_96_O,ALA_109_O,PHE_111_O,VAL_118_O"
PHE_111_O,"HIS_110_O,LYS_112_O,ASN_143_O,VAL_144_O"
LYS_112_O,"ALA_82_O,PHE_111_O,GLY_113_O"
GLY_113_O,"LYS_87_O,LYS_112_O,GLY_114_O"
GLY_114_O,"GLY_113_O,ALA_115_O"
ALA_115_O,"ILE_94_O,GLY_114_O,LYS_116_O"
LYS_116_O,"GLU_92_O,ALA_115_O,LYS_117_O,ASP_333_O"
LYS_117_O,"TYR_93_O,ILE_94_O,LYS_116_O,VAL_118_O,GLY_141_O,ALA_142_O,ASN_143_O,ASP_333_O"
VAL_118_O,"GLU_96_O,HIS_110_O,LYS_117_O,ILE_119_O,ASN_143_O,ILE_145_O"
ILE_119_O,"ILE_94_O,GLU_96_O,VAL_118_O,ILE_120_O,ILE_145_O,ILE_326_O"
ILE_120_O,"ILE_119_O,SER_121_O,ALA_122_O,VAL_144_O,ILE_145_O"
SER_121_O,"GLU_96_O,ILE_120_O,ALA_122_O"
ALA_122_O,"ILE_120_O,SER_121_O,SER_146_O"
PRO_123_O,SER_124_O
SER_124_O,"THR_102_O,PRO_123_O,ALA_125_O"
ALA_125_O,"SER_124_O,ASP_126_O"
ASP_126_O,"THR_104_O,ALA_125_O,ALA_127_O"
ALA_127_O,ASP_126_O
PRO_128_O,"MET_129_O,SER_146_O"
MET_129_O,"PRO_128_O,TYR_130_O"
TYR_130_O,"MET_129_O,VAL_131_O,ILE_145_O,SER_146_O"
VAL_131_O,"TYR_130_O,MET_132_O,VAL_134_O,ASN_135_O"
MET_132_O,"VAL_131_O,GLY_133_O"
GLY_133_O,"MET_132_O,VAL_134_O,GLU_136_O"
VAL_134_O,"VAL_131_O,GLY_133_O,ASN_135_O,ILE_219_O"
ASN_135_O,"VAL_131_O,VAL_134_O,GLU_136_O,THR_138_O"
GLU_136_O,"GLY_133_O,ASN_135_O,ASP_137_O,TYR_139_O,PHE_328_O"
ASP_137_O,"GLU_136_O,THR_138_O,LYS_332_O"
THR_138_O,"ASN_135_O,ASP_137_O,TYR_139_O"
TYR_139_O,"GLU_136_O,THR_138_O,ALA_140_O,VAL_329_O,ASP_333_O"
ALA_140_O,"TYR_139_O,GLY_141_O"
GLY_141_O,"LYS_117_O,ALA_140_O,ALA_142_O"
ALA_142_O,"LYS_117_O,GLY_141_O,ASN_143_O"
ASN_143_O,"PHE_111_O,LYS_117_O,VAL_118_O,ALA_142_O,VAL_144_O"
VAL_144_O,"ALA_107_O,PHE_111_O,ILE_120_O,ASN_143_O,ILE_145_O"
ILE_145_O,"VAL_118_O,ILE_119_O,ILE_120_O,TYR_130_O,VAL_144_O,SER_146_O"
SER_146_O,"ALA_122_O,PRO_128_O,TYR_130_O,ILE_145_O,ASN_147_O,ALA_148_O"
ASN_147_O,"SER_146_O,ALA_148_O,ASN_153_O"
ALA_148_O,"SER_146_O,ASN_147_O,SER_149_O,TYR_318_O"
SER_149_O,"ALA_148_O,CYS_150_O,ASN_153_O"
CYS_150_O,"SER_149_O,THR_151_O"
THR_151_O,"CYS_150_O,THR_152_O,CYS_154_O,LEU_155_O,ALA_211_O,TYR_312_O"
THR_152_O,"THR_151_O,ASN_153_O,ALA_156_O,ALA_211_O"
ASN_153_O,"ASN_147_O,SER_149_O,THR_152_O,CYS_154_O"
CYS_154_O,"THR_151_O,ASN_153_O,LEU_155_O,SER_291_O,TYR_312_O"
LEU_155_O,"THR_151_O,CYS_154_O,ALA_156_O,ALA_159_O,VAL_215_O,PHE_243_O"
ALA_156_O,"THR_152_O,LEU_155_O,LYS_160_O"
PRO_157_O,"LEU_158_O,THR_161_O"
LEU_158_O,"PRO_157_O,ALA_159_O,LEU_162_O,ILE_260_O,VAL_308_O"
ALA_159_O,"LEU_155_O,LEU_158_O,LYS_160_O,ASN_163_O"
LYS_160_O,"ALA_156_O,ALA_159_O,THR_161_O,ASP_164_O,ILE_219_O"
THR_161_O,"PRO_157_O,LYS_160_O,LEU_162_O"
LEU_162_O,"LEU_158_O,THR_161_O,ASN_163_O,PHE_166_O"
ASN_163_O,"ALA_159_O,LEU_162_O,ASP_164_O,THR_167_O,ILE_168_O"
ASP_164_O,"LYS_160_O,ASN_163_O,LYS_165_O,GLU_221_O"
LYS_165_O,"ASP_164_O,PHE_166_O,GLU_262_O"
PHE_166_O,"LEU_162_O,LYS_165_O,THR_167_O,PHE_247_O,VAL_251_O,ALA_259_O"
THR_167_O,"ASN_163_O,PHE_166_O,ILE_168_O,ALA_248_O"
ILE_168_O,"ASN_163_O,THR_167_O,VAL_169_O,VAL_245_O"
VAL_169_O,"ILE_168_O,GLU_170_O,ARG_246_O"
GLU_170_O,"VAL_169_O,GLY_171_O,ARG_246_O"
GLY_171_O,"GLU_170_O,LEU_172_O,LYS_225_O"
LEU_172_O,"GLY_171_O,MET_173_O,THR_227_O,THR_244_O"
MET_173_O,"LEU_172_O,THR_174_O,ALA_212_O,THR_227_O,MET_229_O"
THR_174_O,"MET_173_O,ALA_175_O,ASP_242_O"
ALA_175_O,"THR_174_O,ILE_176_O,VAL_231_O"
ILE_176_O,"ALA_175_O,HIS_177_O,LEU_240_O"
HIS_177_O,"ILE_176_O,ALA_178_O,VAL_231_O,ARG_232_O,VAL_233_O"
ALA_178_O,"HIS_177_O,TYR_179_O"
TYR_179_O,"ALA_178_O,THR_180_O"
THR_180_O,"TYR_179_O,ALA_181_O,ARG_232_O"
ALA_181_O,"THR_180_O,SER_182_O"
SER_182_O,"ALA_181_O,GLN_183_O"
GLN_183_O,"SER_182_O,LYS_184_O,ARG_232_O"
LYS_184_O,"GLN_183_O,THR_185_O,ALA_200_O"
THR_185_O,"LYS_184_O,VAL_186_O"
VAL_186_O,"THR_185_O,ASP_187_O"
ASP_187_O,"VAL_186_O,GLY_188_O,ARG_198_O,ALA_199_O"
GLY_188_O,"ASP_187_O,GLY_197_O"
PRO_189_O,SER_190_O
SER_190_O,"PRO_189_O,SER_191_O,ASP_193_O"
SER_191_O,"SER_190_O,LYS_192_O"
LYS_192_O,"SER_191_O,ASP_193_O"
ASP_193_O,"SER_190_O,LYS_192_O,TRP_194_O"
TRP_194_O,"ASP_193_O,ARG_195_O"
ARG_195_O,"TRP_194_O,GLY_196_O,ILE_205_O"
GLY_196_O,"ARG_195_O,GLY_197_O"
GLY_197_O,"GLY_188_O,GLY_196_O,ARG_198_O"
ARG_198_O,"ASP_187_O,GLY_197_O,ALA_199_O"
ALA_199_O,"ASP_187_O,ARG_198_O,ALA_200_O,ASN_203_O"
ALA_200_O,"LYS_184_O,ALA_199_O,ALA_201_O"
ALA_201_O,"ALA_200_O,GLN_202_O"
GLN_202_O,"ALA_201_O,ASN_203_O"
ASN_203_O,"ALA_199_O,GLN_202_O,LEU_204_O,ILE_205_O"
LEU_204_O,"ASN_203_O,ILE_205_O,VAL_233_O"
ILE_205_O,"ARG_195_O,ASN_203_O,LEU_204_O,ARG_232_O"
PRO_206_O,SER_207_O
SER_207_O,"PRO_206_O,SER_208_O,SER_230_O"
SER_208_O,"SER_207_O,THR_209_O"
THR_209_O,"SER_208_O,GLY_210_O,ALA_211_O"
GLY_210_O,"THR_209_O,ALA_211_O,ALA_214_O"
ALA_211_O,"THR_151_O,THR_152_O,THR_209_O,GLY_210_O,ALA_212_O"
ALA_212_O,"MET_173_O,ALA_211_O,LYS_213_O"
LYS_213_O,"ALA_212_O,ALA_214_O,GLY_216_O,LYS_217_O"
ALA_214_O,"GLY_210_O,LYS_213_O,VAL_215_O,LYS_217_O"
VAL_215_O,"LEU_155_O,ALA_214_O,GLY_216_O,ILE_219_O"
GLY_216_O,"LYS_213_O,VAL_215_O,LYS_217_O"
LYS_217_O,"LYS_213_O,ALA_214_O,GLY_216_O,VAL_218_O"
VAL_218_O,"LYS_217_O,ILE_219_O"
ILE_219_O,"VAL_134_O,LYS_160_O,VAL_215_O,VAL_218_O,GLU_221_O,LEU_222_O"
PRO_220_O,"GLU_221_O,ALA_223_O"
GLU_221_O,"ASP_164_O,ILE_219_O,PRO_220_O,LEU_222_O,LYS_225_O"
LEU_222_O,"ILE_219_O,GLU_221_O,ALA_223_O,LYS_225_O"
ALA_223_O,"PRO_220_O,LEU_222_O,GLY_224_O"
GLY_224_O,"ALA_223_O,LYS_225_O"
LYS_225_O,"GLY_171_O,GLU_221_O,LEU_222_O,GLY_224_O,VAL_226_O"
VAL_226_O,"LYS_225_O,THR_227_O"
THR_227_O,"LEU_172_O,MET_173_O,VAL_226_O,GLY_228_O"
GLY_228_O,"THR_227_O,MET_229_O"
MET_229_O,"MET_173_O,GLY_228_O,SER_230_O"
SER_230_O,"SER_207_O,MET_229_O,VAL_231_O"
VAL_231_O,"ALA_175_O,HIS_177_O,SER_230_O,ARG_232_O"
ARG_232_O,"HIS_177_O,THR_180_O,GLN_183_O,ILE_205_O,VAL_231_O,VAL_233_O"
VAL_233_O,"HIS_177_O,LEU_204_O,ARG_232_O,THR_235_O"
PRO_234_O,THR_235_O
THR_235_O,"VAL_233_O,PRO_234_O,VAL_236_O"
VAL_236_O,"THR_235_O,ASN_237_O"
ASN_237_O,"THR_51_O,VAL_236_O,VAL_238_O,ASP_313_O"
VAL_238_O,"ASN_237_O,SER_239_O,ASN_314_O"
SER_239_O,"VAL_238_O,LEU_240_O,TYR_312_O,ASN_314_O"
LEU_240_O,"ILE_176_O,SER_239_O,VAL_241_O,MET_309_O,TRP_311_O"
VAL_241_O,"LEU_240_O,ASP_242_O,SER_310_O,TYR_312_O"
ASP_242_O,"THR_174_O,VAL_241_O,PHE_243_O,LYS_307_O,MET_309_O"
PHE_243_O,"LEU_155_O,ASP_242_O,THR_244_O,VAL_245_O,VAL_308_O"
THR_244_O,"LEU_172_O,PHE_243_O,VAL_245_O,PHE_305_O"
VAL_245_O,"ILE_168_O,PHE_243_O,THR_244_O,ARG_246_O,PHE_247_O,VAL_306_O"
ARG_246_O,"VAL_169_O,GLU_170_O,VAL_245_O,PHE_247_O"
PHE_247_O,"PHE_166_O,VAL_245_O,ARG_246_O,ALA_248_O,ASN_304_O"
ALA_248_O,"THR_167_O,PHE_247_O,LYS_249_O"
LYS_249_O,"ALA_248_O,ASP_250_O,ASN_304_O"
ASP_250_O,"LYS_249_O,VAL_251_O,LYS_303_O,ASN_304_O"
VAL_251_O,"PHE_166_O,ASP_250_O,THR_252_O,LYS_303_O"
THR_252_O,"VAL_251_O,TYR_253_O,GLU_255_O"
TYR_253_O,"THR_252_O,ASP_254_O,LYS_257_O,ALA_295_O"
ASP_254_O,"TYR_253_O,GLU_255_O,LYS_257_O,ALA_258_O"
GLU_255_O,"THR_252_O,ASP_254_O,VAL_256_O"
VAL_256_O,"GLU_255_O,LYS_257_O"
LYS_257_O,"TYR_253_O,ASP_254_O,VAL_256_O,ALA_258_O,LYS_261_O,GLU_276_O,ALA_295_O"
ALA_258_O,"ASP_254_O,LYS_257_O,ALA_259_O,GLU_262_O"
ALA_259_O,"PHE_166_O,ALA_258_O,ILE_260_O"
ILE_260_O,"LEU_158_O,ALA_259_O,LYS_261_O,SER_264_O,PHE_293_O"
LYS_261_O,"LYS_257_O,ILE_260_O,GLU_262_O,SER_264_O,GLU_265_O,GLU_276_O"
GLU_262_O,"LYS_165_O,ALA_258_O,LYS_261_O,ALA_263_O"
ALA_263_O,"GLU_262_O,SER_264_O,LEU_268_O"
SER_264_O,"ILE_260_O,LYS_261_O,ALA_263_O,GLU_265_O"
GLU_265_O,"LYS_261_O,SER_264_O,GLY_266_O"
GLY_266_O,GLU_265_O
PRO_267_O,LEU_268_O
LEU_268_O,"ALA_263_O,PRO_267_O,LYS_269_O,ILE_271_O,LEU_272_O"
LYS_269_O,"LEU_268_O,GLY_270_O,HIS_289_O"
GLY_270_O,"LYS_269_O,ILE_271_O"
ILE_271_O,"LEU_268_O,GLY_270_O,LEU_272_O,SER_290_O"
LEU_272_O,"LEU_268_O,ILE_271_O,ALA_273_O"
ALA_273_O,"LEU_272_O,TYR_274_O,SER_291_O,PHE_293_O"
TYR_274_O,"ALA_273_O,THR_275_O,GLU_276_O,PHE_293_O"
THR_275_O,"TYR_274_O,GLU_276_O,ASP_277_O"
GLU_276_O,"LYS_257_O,LYS_261_O,TYR_274_O,THR_275_O,ASP_277_O"
ASP_277_O,"THR_275_O,GLU_276_O,ASP_278_O"
ASP_278_O,"ASP_277_O,ILE_279_O,LYS_296_O"
ILE_279_O,"ASP_278_O,VAL_280_O"
VAL_280_O,"ILE_279_O,SER_281_O,ASP_283_O"
SER_281_O,"VAL_280_O,THR_282_O,ILE_284_O"
THR_282_O,"SER_281_O,ASP_283_O"
ASP_283_O,"VAL_280_O,THR_282_O,ILE_284_O"
ILE_284_O,"SER_281_O,ASP_283_O,LEU_285_O,TRP_311_O"
LEU_285_O,"THR_51_O,ILE_284_O,THR_286_O"
THR_286_O,"HIS_52_O,LEU_285_O,ASP_287_O,ASP_313_O,TYR_316_O"
ASP_287_O,"THR_286_O,HIS_289_O"
PRO_288_O,"HIS_289_O,ARG_321_O"
HIS_289_O,"LYS_269_O,ASP_287_O,PRO_288_O,SER_290_O"
SER_290_O,"ILE_271_O,HIS_289_O,SER_291_O"
SER_291_O,"CYS_154_O,ALA_273_O,SER_290_O,THR_292_O,SER_310_O"
THR_292_O,"SER_291_O,PHE_293_O,SER_310_O,TRP_311_O"
PHE_293_O,"ILE_260_O,ALA_273_O,TYR_274_O,THR_292_O,ASP_294_O,ALA_295_O,VAL_308_O"
ASP_294_O,"PHE_293_O,ALA_295_O,MET_309_O,TRP_311_O"
ALA_295_O,"TYR_253_O,LYS_257_O,PHE_293_O,ASP_294_O,LYS_296_O"
LYS_296_O,"ASP_278_O,ALA_295_O,ALA_297_O"
ALA_297_O,"LYS_296_O,GLY_298_O"
GLY_298_O,"ALA_297_O,ILE_299_O"
ILE_299_O,"GLY_298_O,ALA_300_O,LYS_307_O"
ALA_300_O,"ILE_299_O,LEU_301_O"
LEU_301_O,"ALA_300_O,ASN_302_O,PHE_305_O"
ASN_302_O,"LEU_301_O,LYS_303_O,ASN_304_O,PHE_305_O"
LYS_303_O,"ASP_250_O,VAL_251_O,ASN_302_O,ASN_304_O"
ASN_304_O,"PHE_247_O,LYS_249_O,ASP_250_O,ASN_302_O,LYS_303_O,PHE_305_O"
PHE_305_O,"THR_244_O,LEU_301_O,ASN_302_O,ASN_304_O,VAL_306_O"
VAL_306_O,"VAL_245_O,PHE_305_O,LYS_307_O,VAL_308_O"
LYS_307_O,"ASP_242_O,ILE_299_O,VAL_306_O,VAL_308_O"
VAL_308_O,"LEU_158_O,PHE_243_O,PHE_293_O,VAL_306_O,LYS_307_O,MET_309_O"
MET_309_O,"LEU_240_O,ASP_242_O,ASP_294_O,VAL_308_O,SER_310_O"
SER_310_O,"VAL_241_O,SER_291_O,THR_292_O,MET_309_O,TRP_311_O"
TRP_311_O,"LEU_240_O,ILE_284_O,THR_292_O,ASP_294_O,SER_310_O,TYR_312_O"
TYR_312_O,"THR_151_O,CYS_154_O,SER_239_O,VAL_241_O,TRP_311_O,ASP_313_O"
ASP_313_O,"HIS_52_O,ASN_237_O,THR_286_O,TYR_312_O,ASN_314_O,GLU_315_O,TYR_316_O,GLY_317_O"
ASN_314_O,"VAL_238_O,SER_239_O,ASP_313_O,GLU_315_O"
GLU_315_O,"ARG_12_O,ASP_49_O,HIS_52_O,ASP_313_O,ASN_314_O,TYR_316_O,SER_319_O"
TYR_316_O,"VAL_16_O,GLU_23_O,THR_286_O,ASP_313_O,GLU_315_O,GLY_317_O"
GLY_317_O,"ASP_313_O,TYR_316_O,TYR_318_O"
TYR_318_O,"ALA_148_O,GLY_317_O,SER_319_O,VAL_322_O"
SER_319_O,"GLU_315_O,TYR_318_O,ARG_320_O"
ARG_320_O,"ASN_20_O,GLU_23_O,SER_319_O,ARG_321_O,ASP_324_O"
ARG_321_O,"PRO_288_O,ARG_320_O,VAL_322_O,ASP_324_O,LEU_325_O"
VAL_322_O,"TYR_318_O,ARG_321_O,VAL_323_O"
VAL_323_O,"ALA_26_O,VAL_322_O,ASP_324_O"
ASP_324_O,"ARG_320_O,ARG_321_O,VAL_323_O,LEU_325_O"
LEU_325_O,"ARG_321_O,ASP_324_O,ILE_326_O,VAL_329_O"
ILE_326_O,"TYR_93_O,VAL_95_O,ILE_119_O,LEU_325_O,VAL_327_O,SER_330_O"
VAL_327_O,"VAL_27_O,ILE_326_O,PHE_328_O,SER_330_O"
PHE_328_O,"GLU_136_O,VAL_327_O,VAL_329_O,LYS_332_O"
VAL_329_O,"TYR_139_O,LEU_325_O,PHE_328_O,SER_330_O,ASP_333_O"
SER_330_O,"ILE_326_O,VAL_327_O,VAL_329_O,LYS_331_O"
LYS_331_O,"SER_330_O,LYS_332_O"
LYS_332_O,"ASP_137_O,PHE_328_O,LYS_331_O,ASP_333_O,ALA_334_O,GLY_335_O"
ASP_333_O,"LYS_116_O,LYS_117_O,TYR_139_O,VAL_329_O,LYS_332_O,ALA_334_O"
ALA_334_O,"LYS_332_O,ASP_333_O,GLY_335_O"
GLY_335_O,"LYS_332_O,ALA_334_O"
