residue_id,neighbors
MET_4_A,SER_5_A
SER_5_A,"MET_4_A,SER_6_A"
SER_6_A,"SER_5_A,LEU_7_A"
LEU_7_A,"SER_6_A,TYR_11_A,LEU_135_A"
PRO_8_A,VAL_9_A
VAL_9_A,PRO_8_A
PRO_10_A,"TYR_11_A,TRP_130_A"
TYR_11_A,"LEU_7_A,PRO_10_A,LYS_12_A,LEU_13_A,VAL_129_A,LEU_135_A,VAL_138_A"
LYS_12_A,"TYR_11_A,LEU_13_A"
LEU_13_A,"TYR_11_A,LYS_12_A"
PRO_14_A,VAL_15_A
VAL_15_A,"PRO_14_A,SER_16_A,VAL_124_A,LYS_125_A"
SER_16_A,"VAL_15_A,LEU_17_A"
LEU_17_A,"SER_16_A,SER_18_A,VAL_124_A"
SER_18_A,"LEU_17_A,THR_19_A,ALA_21_A"
THR_19_A,"SER_18_A,GLY_20_A"
GLY_20_A,"THR_19_A,ALA_21_A,VAL_98_A"
ALA_21_A,"SER_18_A,GLY_20_A,CYS_22_A,VAL_98_A"
CYS_22_A,"ALA_21_A,VAL_23_A,TYR_141_A"
VAL_23_A,"CYS_22_A,ILE_24_A,ILE_96_A,ILE_127_A"
ILE_24_A,"VAL_23_A,ILE_25_A,CYS_139_A,TYR_141_A"
ILE_25_A,"ILE_24_A,LYS_26_A,LEU_94_A"
LYS_26_A,"ILE_25_A,GLY_27_A,GLU_93_A,THR_136_A"
GLY_27_A,"LYS_26_A,ARG_28_A,PHE_92_A"
ARG_28_A,"GLY_27_A,SER_134_A"
PRO_29_A,LYS_30_A
LYS_30_A,"PRO_29_A,LEU_31_A,ASP_132_A"
LEU_31_A,"LYS_30_A,SER_32_A"
SER_32_A,"LEU_31_A,PHE_33_A,ASN_35_A"
PHE_33_A,"SER_32_A,ILE_34_A,ASP_36_A,PHE_61_A,ASP_88_A"
ILE_34_A,"PHE_33_A,ASN_35_A"
ASN_35_A,"SER_32_A,ILE_34_A,ASP_36_A"
ASP_36_A,"PHE_33_A,ASN_35_A,HIS_63_A"
PRO_37_A,GLN_38_A
GLN_38_A,"PRO_37_A,LEU_39_A,ARG_58_A,ASP_132_A"
LEU_39_A,"GLN_38_A,GLN_40_A,VAL_59_A,PHE_61_A,VAL_133_A"
GLN_40_A,"LEU_39_A,VAL_41_A,ASP_42_A,TRP_130_A,ARG_131_A"
VAL_41_A,"GLN_40_A,ASP_42_A,PHE_43_A,PHE_57_A"
ASP_42_A,"GLN_40_A,VAL_41_A,PHE_43_A,TYR_44_A,HIS_56_A,GLN_128_A"
PHE_43_A,"VAL_41_A,ASP_42_A,TYR_44_A,ALA_54_A,PHE_55_A,ILE_96_A,ILE_127_A"
TYR_44_A,"ASP_42_A,PHE_43_A,THR_45_A,ILE_53_A,LYS_125_A,MET_126_A"
THR_45_A,"TYR_44_A,GLY_46_A,ASP_52_A,ALA_54_A"
GLY_46_A,"THR_45_A,THR_47_A"
THR_47_A,"GLY_46_A,ASP_48_A"
ASP_48_A,"THR_47_A,GLU_49_A,ASP_50_A"
GLU_49_A,"ASP_48_A,ASP_50_A"
ASP_50_A,"ASP_48_A,GLU_49_A,SER_51_A"
SER_51_A,"ASP_50_A,ASP_52_A"
ASP_52_A,"THR_45_A,SER_51_A,ILE_53_A,HIS_119_A"
ILE_53_A,"TYR_44_A,ASP_52_A,ALA_54_A,LEU_70_A"
ALA_54_A,"PHE_43_A,THR_45_A,ILE_53_A,PHE_55_A"
PHE_55_A,"PHE_43_A,ALA_54_A,HIS_56_A,TYR_103_A,PHE_115_A"
HIS_56_A,"ASP_42_A,PHE_55_A,PHE_57_A,ARG_58_A,ASN_68_A"
PHE_57_A,"VAL_41_A,HIS_56_A,ARG_58_A,VAL_59_A,VAL_65_A,MET_67_A"
ARG_58_A,"GLN_38_A,HIS_56_A,PHE_57_A,VAL_59_A,HIS_60_A,VAL_66_A,ARG_131_A"
VAL_59_A,"LEU_39_A,PHE_57_A,ARG_58_A,HIS_60_A,PHE_61_A,PHE_86_A"
HIS_60_A,"ARG_58_A,VAL_59_A,PHE_61_A,HIS_63_A,ARG_64_A"
PHE_61_A,"PHE_33_A,LEU_39_A,VAL_59_A,HIS_60_A,GLY_62_A,PHE_86_A"
GLY_62_A,"PHE_61_A,HIS_63_A"
HIS_63_A,"ASP_36_A,HIS_60_A,GLY_62_A,ARG_64_A"
ARG_64_A,"HIS_60_A,HIS_63_A,VAL_65_A,GLU_78_A,LYS_80_A"
VAL_65_A,"PHE_57_A,ARG_64_A,VAL_66_A,ILE_81_A,VAL_84_A"
VAL_66_A,"ARG_58_A,VAL_65_A,MET_67_A"
MET_67_A,"PHE_57_A,VAL_66_A,ASN_68_A,GLU_79_A,ILE_81_A,TYR_113_A,PHE_115_A"
ASN_68_A,"HIS_56_A,MET_67_A,SER_69_A,LYS_76_A,ARG_118_A"
SER_69_A,"ASN_68_A,LEU_70_A,GLU_71_A,ARG_118_A"
LEU_70_A,"ILE_53_A,SER_69_A,GLU_71_A,TRP_75_A"
GLU_71_A,"SER_69_A,LEU_70_A,PHE_72_A,VAL_74_A,LYS_76_A,ARG_118_A,HIS_119_A"
PHE_72_A,"GLU_71_A,GLY_73_A"
GLY_73_A,"PHE_72_A,VAL_74_A"
VAL_74_A,"GLU_71_A,GLY_73_A,TRP_75_A"
TRP_75_A,"LEU_70_A,VAL_74_A,LYS_76_A"
LYS_76_A,"ASN_68_A,GLU_71_A,TRP_75_A,LEU_77_A"
LEU_77_A,"LYS_76_A,GLU_78_A,ARG_118_A"
GLU_78_A,"ARG_64_A,LEU_77_A,GLU_79_A"
GLU_79_A,"MET_67_A,GLU_78_A,LYS_80_A,TYR_113_A,ARG_118_A"
LYS_80_A,"ARG_64_A,GLU_79_A,ILE_81_A,HIS_82_A"
ILE_81_A,"VAL_65_A,MET_67_A,LYS_80_A,HIS_82_A,VAL_84_A,ILE_112_A,TYR_113_A"
HIS_82_A,"LYS_80_A,ILE_81_A,TYR_83_A"
TYR_83_A,"HIS_82_A,VAL_84_A"
VAL_84_A,"VAL_65_A,ILE_81_A,TYR_83_A,PHE_86_A"
PRO_85_A,PHE_86_A
PHE_86_A,"VAL_59_A,PHE_61_A,VAL_84_A,PRO_85_A,GLU_87_A,PHE_92_A"
GLU_87_A,"PHE_86_A,ASP_88_A,GLU_90_A"
ASP_88_A,"PHE_33_A,GLU_87_A,GLY_89_A"
GLY_89_A,"ASP_88_A,GLU_90_A"
GLU_90_A,"GLU_87_A,GLY_89_A"
PRO_91_A,PHE_92_A
PHE_92_A,"GLY_27_A,PHE_86_A,PRO_91_A,GLU_93_A"
GLU_93_A,"LYS_26_A,PHE_92_A,LEU_94_A,ARG_95_A,ASN_108_A"
LEU_94_A,"ILE_25_A,GLU_93_A,ARG_95_A,VAL_105_A"
ARG_95_A,"GLU_93_A,LEU_94_A,ILE_96_A,TYR_97_A,LYS_106_A"
ILE_96_A,"VAL_23_A,PHE_43_A,ARG_95_A,TYR_97_A"
TYR_97_A,"ARG_95_A,ILE_96_A,VAL_98_A,GLU_104_A"
VAL_98_A,"GLY_20_A,ALA_21_A,TYR_97_A,ARG_99_A,PRO_121_A"
ARG_99_A,"VAL_98_A,HIS_100_A,GLU_102_A,GLU_104_A,LYS_106_A,HIS_117_A"
HIS_100_A,"ARG_99_A,SER_101_A"
SER_101_A,"HIS_100_A,GLU_102_A"
GLU_102_A,"ARG_99_A,SER_101_A,TYR_103_A,GLU_104_A"
TYR_103_A,"PHE_55_A,GLU_102_A,GLU_104_A,PHE_115_A,HIS_117_A"
GLU_104_A,"TYR_97_A,ARG_99_A,GLU_102_A,TYR_103_A,VAL_105_A,LYS_106_A"
VAL_105_A,"LEU_94_A,GLU_104_A,LYS_106_A,ILE_112_A,TYR_113_A"
LYS_106_A,"ARG_95_A,ARG_99_A,GLU_104_A,VAL_105_A,VAL_107_A"
VAL_107_A,"LYS_106_A,ASN_108_A,GLN_110_A,ILE_112_A"
ASN_108_A,"GLU_93_A,VAL_107_A,GLY_109_A"
GLY_109_A,"ASN_108_A,GLN_110_A"
GLN_110_A,"VAL_107_A,GLY_109_A,TYR_111_A"
TYR_111_A,"GLN_110_A,ILE_112_A"
ILE_112_A,"ILE_81_A,VAL_105_A,VAL_107_A,TYR_111_A,TYR_113_A"
TYR_113_A,"MET_67_A,GLU_79_A,ILE_81_A,VAL_105_A,ILE_112_A,GLY_114_A"
GLY_114_A,"TYR_113_A,PHE_115_A"
PHE_115_A,"PHE_55_A,MET_67_A,TYR_103_A,GLY_114_A,ALA_116_A"
ALA_116_A,"PHE_115_A,HIS_117_A"
HIS_117_A,"ARG_99_A,TYR_103_A,ALA_116_A,ARG_118_A"
ARG_118_A,"ASN_68_A,SER_69_A,GLU_71_A,LEU_77_A,GLU_79_A,HIS_117_A,HIS_119_A"
HIS_119_A,"ASP_52_A,GLU_71_A,ARG_118_A"
PRO_120_A,TYR_123_A
PRO_121_A,"VAL_98_A,SER_122_A,TYR_123_A,VAL_124_A"
SER_122_A,"PRO_121_A,TYR_123_A"
TYR_123_A,"PRO_120_A,PRO_121_A,SER_122_A,VAL_124_A"
VAL_124_A,"VAL_15_A,LEU_17_A,PRO_121_A,TYR_123_A,LYS_125_A"
LYS_125_A,"VAL_15_A,TYR_44_A,VAL_124_A,MET_126_A"
MET_126_A,"TYR_44_A,LYS_125_A,ILE_127_A"
ILE_127_A,"VAL_23_A,PHE_43_A,MET_126_A,GLN_128_A"
GLN_128_A,"ASP_42_A,ILE_127_A,VAL_129_A"
VAL_129_A,"TYR_11_A,GLN_128_A,TRP_130_A,LEU_135_A"
TRP_130_A,"PRO_10_A,GLN_40_A,VAL_129_A,ARG_131_A"
ARG_131_A,"GLN_40_A,ARG_58_A,TRP_130_A,ASP_132_A,VAL_133_A"
ASP_132_A,"LYS_30_A,GLN_38_A,ARG_131_A,VAL_133_A"
VAL_133_A,"LEU_39_A,ARG_131_A,ASP_132_A,SER_134_A"
SER_134_A,"ARG_28_A,VAL_133_A,LEU_135_A"
LEU_135_A,"LEU_7_A,TYR_11_A,VAL_129_A,SER_134_A,THR_136_A"
THR_136_A,"LYS_26_A,LEU_135_A,SER_137_A"
SER_137_A,"THR_136_A,VAL_138_A"
VAL_138_A,"TYR_11_A,SER_137_A,CYS_139_A"
CYS_139_A,"ILE_24_A,VAL_138_A,VAL_140_A"
VAL_140_A,"CYS_139_A,TYR_141_A"
TYR_141_A,"CYS_22_A,ILE_24_A,VAL_140_A,ASN_142_A"
ASN_142_A,TYR_141_A
