residue_id,neighbors
SER_3_A,VAL_4_A
VAL_4_A,"SER_3_A,ARG_5_A,ILE_8_A"
ARG_5_A,"VAL_4_A,GLU_6_A,ARG_163_A"
GLU_6_A,"ARG_5_A,ASN_7_A,LYS_161_A"
ASN_7_A,"GLU_6_A,ILE_8_A,LYS_82_A,ALA_83_A,THR_85_A,LYS_161_A"
ILE_8_A,"VAL_4_A,ASN_7_A,LEU_9_A,ALA_83_A,ARG_163_A,VAL_311_A"
LEU_9_A,"ILE_8_A,PHE_10_A,ILE_70_A,ALA_73_A,THR_85_A"
PHE_10_A,"LEU_9_A,GLY_11_A,MET_12_A,THR_85_A,PHE_87_A,VAL_159_A,ALA_162_A,VAL_164_A,TYR_166_A"
GLY_11_A,"PHE_10_A,MET_12_A,THR_85_A,PHE_87_A"
MET_12_A,"PHE_10_A,GLY_11_A,GLY_13_A,TYR_144_A"
GLY_13_A,"MET_12_A,ASN_14_A"
ASN_14_A,"GLY_13_A,LEU_16_A,ALA_141_A"
PRO_15_A,"LEU_16_A,ILE_90_A"
LEU_16_A,"ASN_14_A,PRO_15_A,LEU_17_A,GLY_63_A,LEU_138_A,ALA_141_A"
LEU_17_A,"LEU_16_A,ASP_18_A,PHE_95_A,GLY_121_A"
ASP_18_A,"LEU_17_A,ILE_19_A,HIS_61_A,ARG_332_A"
ILE_19_A,"ASP_18_A,SER_20_A,LEU_52_A,VAL_58_A,TYR_60_A,CYS_123_A,ALA_125_A"
SER_20_A,"ILE_19_A,ALA_21_A,GLU_59_A"
ALA_21_A,"SER_20_A,VAL_22_A,ILE_127_A"
VAL_22_A,"ALA_21_A,VAL_23_A"
VAL_23_A,"VAL_22_A,ASP_24_A,PHE_56_A,CYS_126_A,ILE_127_A,THR_128_A"
ASP_24_A,"VAL_23_A,LYS_25_A,ASP_26_A,PHE_27_A"
LYS_25_A,"ASP_24_A,ASP_26_A,ASP_29_A"
ASP_26_A,"ASP_24_A,LYS_25_A,PHE_27_A"
PHE_27_A,"ASP_24_A,ASP_26_A,LEU_28_A,GLU_51_A,PHE_56_A"
LEU_28_A,"PHE_27_A,ASP_29_A,SER_32_A,LEU_33_A"
ASP_29_A,"LYS_25_A,LEU_28_A,LYS_30_A"
LYS_30_A,"ASP_29_A,TYR_31_A"
TYR_31_A,"LYS_30_A,SER_32_A,LEU_33_A,GLU_47_A,LEU_48_A,GLU_51_A"
SER_32_A,"LEU_28_A,TYR_31_A,LEU_33_A"
LEU_33_A,"LEU_28_A,TYR_31_A,SER_32_A,LYS_34_A,LEU_48_A"
LYS_34_A,"LEU_33_A,ASP_37_A,SER_133_A"
PRO_35_A,ASN_36_A
ASN_36_A,"PRO_35_A,ASP_37_A,ARG_132_A"
ASP_37_A,"LYS_34_A,ASN_36_A,GLN_38_A,LEU_134_A"
GLN_38_A,"ASP_37_A,ILE_39_A"
ILE_39_A,"GLN_38_A,LEU_40_A,LEU_134_A,ALA_136_A"
LEU_40_A,"ILE_39_A,ALA_41_A,PHE_201_A"
ALA_41_A,"LEU_40_A,GLU_42_A,ALA_136_A"
GLU_42_A,"ALA_41_A,ASP_43_A,LYS_44_A,HIS_45_A"
ASP_43_A,"GLU_42_A,LYS_44_A,LYS_46_A"
LYS_44_A,"GLU_42_A,ASP_43_A,HIS_45_A"
HIS_45_A,"GLU_42_A,LYS_44_A,LYS_46_A,GLU_47_A,LEU_48_A"
LYS_46_A,"ASP_43_A,HIS_45_A,GLU_47_A"
GLU_47_A,"TYR_31_A,HIS_45_A,LYS_46_A,LEU_48_A,GLU_51_A"
LEU_48_A,"TYR_31_A,LEU_33_A,HIS_45_A,GLU_47_A,PHE_49_A"
PHE_49_A,"LEU_48_A,ASP_50_A,ALA_124_A"
ASP_50_A,"PHE_49_A,GLU_51_A,LYS_54_A"
GLU_51_A,"PHE_27_A,TYR_31_A,GLU_47_A,ASP_50_A,LEU_52_A,LYS_55_A"
LEU_52_A,"ILE_19_A,GLU_51_A,VAL_53_A,ALA_124_A"
VAL_53_A,"LEU_52_A,LYS_54_A,VAL_58_A"
LYS_54_A,"ASP_50_A,VAL_53_A,LYS_55_A"
LYS_55_A,"GLU_51_A,LYS_54_A,PHE_56_A"
PHE_56_A,"VAL_23_A,PHE_27_A,LYS_55_A,LYS_57_A"
LYS_57_A,"PHE_56_A,VAL_58_A"
VAL_58_A,"ILE_19_A,VAL_53_A,LYS_57_A,GLU_59_A"
GLU_59_A,"SER_20_A,VAL_58_A,TYR_60_A,HIS_61_A,GLY_335_A"
TYR_60_A,"ILE_19_A,GLU_59_A,HIS_61_A"
HIS_61_A,"ASP_18_A,GLU_59_A,TYR_60_A,ALA_62_A,ARG_332_A"
ALA_62_A,"HIS_61_A,GLY_63_A,LEU_99_A"
GLY_63_A,"LEU_16_A,ALA_62_A,GLY_64_A,GLN_67_A"
GLY_64_A,"GLY_63_A,SER_65_A,ASN_68_A"
SER_65_A,"GLY_64_A,THR_66_A,ASN_68_A"
THR_66_A,"SER_65_A,GLN_67_A,ILE_70_A,PHE_86_A,ALA_168_A"
GLN_67_A,"GLY_63_A,THR_66_A,ASN_68_A,LYS_71_A,PHE_86_A,TYR_112_A"
ASN_68_A,"GLY_64_A,SER_65_A,GLN_67_A,SER_69_A,VAL_72_A"
SER_69_A,"ASN_68_A,ILE_70_A,VAL_72_A,ALA_73_A,ASP_300_A"
ILE_70_A,"LEU_9_A,THR_66_A,SER_69_A,LYS_71_A,GLN_74_A,ALA_84_A,VAL_108_A"
LYS_71_A,"GLN_67_A,ILE_70_A,VAL_72_A,TRP_75_A"
VAL_72_A,"ASN_68_A,SER_69_A,LYS_71_A,ALA_73_A,MET_76_A,ALA_326_A"
ALA_73_A,"LEU_9_A,SER_69_A,VAL_72_A,GLN_74_A,MET_76_A,ILE_77_A"
GLN_74_A,"ILE_70_A,ALA_73_A,TRP_75_A,GLN_78_A,ALA_83_A"
TRP_75_A,"LYS_71_A,GLN_74_A,MET_76_A,GLN_78_A"
MET_76_A,"VAL_72_A,ALA_73_A,TRP_75_A,ILE_77_A,ALA_322_A"
ILE_77_A,"ALA_73_A,MET_76_A,GLN_78_A,GLN_79_A,ALA_83_A"
GLN_78_A,"GLN_74_A,TRP_75_A,ILE_77_A,GLN_79_A"
GLN_79_A,"ILE_77_A,GLN_78_A"
PRO_80_A,HIS_81_A
HIS_81_A,"PRO_80_A,LYS_82_A,HIS_107_A"
LYS_82_A,"ASN_7_A,HIS_81_A,ALA_83_A,HIS_107_A,ASP_109_A"
ALA_83_A,"ASN_7_A,ILE_8_A,GLN_74_A,ILE_77_A,LYS_82_A,ALA_84_A"
ALA_84_A,"ILE_70_A,ALA_83_A,THR_85_A"
THR_85_A,"ASN_7_A,LEU_9_A,PHE_10_A,GLY_11_A,ALA_84_A,PHE_86_A,PHE_87_A"
PHE_86_A,"THR_66_A,GLN_67_A,THR_85_A,PHE_87_A,HIS_111_A"
PHE_87_A,"PHE_10_A,GLY_11_A,THR_85_A,PHE_86_A,GLY_88_A,HIS_111_A,VAL_159_A"
GLY_88_A,"PHE_87_A,CYS_89_A,TYR_113_A"
CYS_89_A,"GLY_88_A,ILE_90_A"
ILE_90_A,"PRO_15_A,CYS_89_A,GLY_91_A,LEU_99_A,LYS_100_A,TYR_112_A,TYR_113_A"
GLY_91_A,"ILE_90_A,ILE_92_A"
ILE_92_A,"GLY_91_A,ASP_93_A,GLU_114_A,GLN_115_A"
ASP_93_A,"ILE_92_A,LYS_94_A,GLY_96_A,GLU_97_A,THR_120_A"
LYS_94_A,"ASP_93_A,PHE_95_A,GLU_340_A"
PHE_95_A,"LEU_17_A,LYS_94_A,GLY_96_A,LEU_99_A"
GLY_96_A,"ASP_93_A,PHE_95_A,GLU_97_A"
GLU_97_A,"ASP_93_A,GLY_96_A,ILE_98_A,LYS_100_A,GLU_114_A"
ILE_98_A,"GLU_97_A,LEU_99_A,LYS_102_A"
LEU_99_A,"ALA_62_A,ILE_90_A,PHE_95_A,ILE_98_A,LYS_100_A,ALA_103_A,THR_120_A"
LYS_100_A,"ILE_90_A,GLU_97_A,LEU_99_A,ARG_101_A,TYR_112_A,GLU_114_A"
ARG_101_A,"LYS_100_A,LYS_102_A,GLU_105_A"
LYS_102_A,"ILE_98_A,ARG_101_A,ALA_103_A,GLU_105_A"
ALA_103_A,"LEU_99_A,LYS_102_A,ALA_104_A"
ALA_104_A,"ALA_103_A,GLU_105_A,HIS_107_A"
GLU_105_A,"ARG_101_A,LYS_102_A,ALA_104_A,ALA_106_A"
ALA_106_A,"GLU_105_A,HIS_107_A,VAL_108_A"
HIS_107_A,"HIS_81_A,LYS_82_A,ALA_104_A,ALA_106_A,VAL_108_A"
VAL_108_A,"ILE_70_A,ALA_106_A,HIS_107_A,ASP_109_A"
ASP_109_A,"LYS_82_A,VAL_108_A,ALA_110_A,HIS_111_A"
ALA_110_A,"ASP_109_A,HIS_111_A,TYR_112_A"
HIS_111_A,"PHE_86_A,PHE_87_A,ASP_109_A,ALA_110_A,TYR_112_A"
TYR_112_A,"GLN_67_A,ILE_90_A,LYS_100_A,ALA_110_A,HIS_111_A,TYR_113_A"
TYR_113_A,"GLY_88_A,ILE_90_A,TYR_112_A,GLU_114_A,GLN_115_A"
GLU_114_A,"ILE_92_A,GLU_97_A,LYS_100_A,TYR_113_A,GLN_115_A"
GLN_115_A,"ILE_92_A,TYR_113_A,GLU_114_A,ASN_116_A"
ASN_116_A,"GLN_115_A,GLU_117_A"
GLU_117_A,"ASN_116_A,GLN_118_A"
GLN_118_A,"GLU_117_A,ALA_140_A"
PRO_119_A,"THR_120_A,ALA_140_A"
THR_120_A,"ASP_93_A,LEU_99_A,PRO_119_A,GLY_121_A"
GLY_121_A,"LEU_17_A,THR_120_A,THR_122_A"
THR_122_A,"GLY_121_A,CYS_123_A,ASN_137_A"
CYS_123_A,"ILE_19_A,THR_122_A,ALA_124_A"
ALA_124_A,"PHE_49_A,LEU_52_A,CYS_123_A,ALA_125_A,ILE_135_A"
ALA_125_A,"ILE_19_A,ALA_124_A,CYS_126_A,LEU_134_A"
CYS_126_A,"VAL_23_A,ALA_125_A,ILE_127_A,SER_133_A"
ILE_127_A,"ALA_21_A,VAL_23_A,CYS_126_A,THR_128_A"
THR_128_A,"VAL_23_A,ILE_127_A,GLY_129_A"
GLY_129_A,"THR_128_A,ASP_130_A"
ASP_130_A,"GLY_129_A,ASN_131_A,GLU_291_A"
ASN_131_A,"ASP_130_A,ARG_132_A"
ARG_132_A,"ASN_36_A,ASN_131_A,SER_133_A,ASP_294_A,ARG_332_A"
SER_133_A,"LYS_34_A,CYS_126_A,ARG_132_A,LEU_134_A"
LEU_134_A,"ASP_37_A,ILE_39_A,ALA_125_A,SER_133_A,ILE_135_A"
ILE_135_A,"ALA_124_A,LEU_134_A,ALA_136_A"
ALA_136_A,"ILE_39_A,ALA_41_A,ILE_135_A,ASN_137_A"
ASN_137_A,"THR_122_A,ALA_136_A,LEU_138_A"
LEU_138_A,"LEU_16_A,ASN_137_A,ALA_139_A,ALA_140_A,ALA_141_A"
ALA_139_A,"LEU_138_A,ALA_140_A"
ALA_140_A,"GLN_118_A,PRO_119_A,LEU_138_A,ALA_139_A,ALA_141_A,CYS_143_A"
ALA_141_A,"ASN_14_A,LEU_16_A,LEU_138_A,ALA_140_A,ASN_142_A"
ASN_142_A,"ALA_141_A,CYS_143_A"
CYS_143_A,"ALA_140_A,ASN_142_A,TYR_144_A"
TYR_144_A,"MET_12_A,CYS_143_A,LYS_145_A,HIS_149_A,PHE_171_A"
LYS_145_A,"TYR_144_A,LYS_146_A,GLU_147_A,LYS_148_A"
LYS_146_A,"LYS_145_A,GLU_147_A,LYS_148_A,ASP_151_A,LYS_181_A"
GLU_147_A,"LYS_145_A,LYS_146_A,LYS_148_A,ASP_151_A"
LYS_148_A,"LYS_145_A,LYS_146_A,GLU_147_A,HIS_149_A"
HIS_149_A,"TYR_144_A,LYS_148_A,LEU_150_A"
LEU_150_A,"HIS_149_A,ASP_151_A,TRP_156_A,LYS_181_A"
ASP_151_A,"LYS_146_A,GLU_147_A,LEU_150_A,LEU_152_A,LYS_181_A"
LEU_152_A,"ASP_151_A,GLU_153_A,TRP_156_A"
GLU_153_A,"LEU_152_A,LYS_154_A,MET_157_A"
LYS_154_A,"GLU_153_A,ASN_155_A"
ASN_155_A,"LYS_154_A,TRP_156_A"
TRP_156_A,"LEU_150_A,LEU_152_A,ASN_155_A,MET_157_A,LYS_181_A,HIS_185_A"
MET_157_A,"GLU_153_A,TRP_156_A,LEU_158_A"
LEU_158_A,"MET_157_A,VAL_159_A"
VAL_159_A,"PHE_10_A,PHE_87_A,LEU_158_A,GLU_160_A"
GLU_160_A,"VAL_159_A,LYS_161_A,HIS_185_A"
LYS_161_A,"GLU_6_A,ASN_7_A,GLU_160_A,ALA_162_A"
ALA_162_A,"PHE_10_A,LYS_161_A,ARG_163_A"
ARG_163_A,"ARG_5_A,ILE_8_A,ALA_162_A,VAL_164_A,ARG_191_A,ILE_192_A,ARG_258_A,ASP_313_A"
VAL_164_A,"PHE_10_A,ARG_163_A,CYS_165_A,LEU_310_A"
CYS_165_A,"VAL_164_A,TYR_166_A,ILE_192_A,THR_194_A"
TYR_166_A,"PHE_10_A,CYS_165_A,ILE_167_A,ASN_196_A,LEU_307_A"
ILE_167_A,"TYR_166_A,ALA_168_A,PHE_171_A"
ALA_168_A,"THR_66_A,ILE_167_A,GLY_169_A,PHE_170_A"
GLY_169_A,"ALA_168_A,PHE_170_A,PHE_171_A,LEU_172_A,ASN_196_A,SER_198_A"
PHE_170_A,"ALA_168_A,GLY_169_A,PHE_171_A,SER_198_A,ALA_199_A"
PHE_171_A,"TYR_144_A,ILE_167_A,GLY_169_A,PHE_170_A,LEU_172_A,VAL_174_A,SER_175_A,VAL_179_A"
LEU_172_A,"GLY_169_A,PHE_171_A,THR_173_A"
THR_173_A,"LEU_172_A,VAL_174_A,ILE_202_A,TYR_206_A"
VAL_174_A,"PHE_171_A,THR_173_A,SER_175_A"
SER_175_A,"PHE_171_A,VAL_174_A,SER_178_A"
PRO_176_A,"GLU_177_A,LEU_180_A"
GLU_177_A,"PRO_176_A,SER_178_A"
SER_178_A,"SER_175_A,GLU_177_A,VAL_179_A"
VAL_179_A,"PHE_171_A,SER_178_A,LEU_180_A,VAL_182_A,ALA_183_A,PHE_193_A"
LEU_180_A,"PRO_176_A,VAL_179_A,LYS_181_A,ALA_183_A,HIS_184_A"
LYS_181_A,"LYS_146_A,LEU_150_A,ASP_151_A,TRP_156_A,LEU_180_A,VAL_182_A"
VAL_182_A,"VAL_179_A,LYS_181_A,ALA_183_A"
ALA_183_A,"VAL_179_A,LEU_180_A,VAL_182_A,HIS_184_A,PHE_193_A,TYR_216_A"
HIS_184_A,"LEU_180_A,ALA_183_A,HIS_185_A,GLU_188_A"
HIS_185_A,"TRP_156_A,GLU_160_A,HIS_184_A,ALA_186_A,ASN_189_A,ARG_191_A"
ALA_186_A,"HIS_185_A,SER_187_A,ASN_190_A,ARG_191_A,PHE_193_A"
SER_187_A,"ALA_186_A,GLU_188_A"
GLU_188_A,"HIS_184_A,SER_187_A,ASN_189_A"
ASN_189_A,"HIS_185_A,GLU_188_A,ASN_190_A"
ASN_190_A,"ALA_186_A,ASN_189_A,ARG_191_A"
ARG_191_A,"ARG_163_A,HIS_185_A,ALA_186_A,ASN_190_A,ILE_192_A"
ILE_192_A,"ARG_163_A,CYS_165_A,ARG_191_A,PHE_193_A,THR_194_A"
PHE_193_A,"VAL_179_A,ALA_183_A,ALA_186_A,ILE_192_A,THR_194_A,ASP_218_A"
THR_194_A,"CYS_165_A,ILE_192_A,PHE_193_A,LEU_195_A,ILE_219_A"
LEU_195_A,"THR_194_A,ASN_196_A,LEU_210_A,VAL_217_A"
ASN_196_A,"TYR_166_A,GLY_169_A,LEU_195_A,LEU_197_A"
LEU_197_A,"ASN_196_A,SER_198_A,ALA_199_A,PHE_221_A,PHE_230_A"
SER_198_A,"GLY_169_A,PHE_170_A,LEU_197_A,ALA_199_A"
ALA_199_A,"PHE_170_A,LEU_197_A,SER_198_A,PHE_201_A"
PRO_200_A,PHE_201_A
PHE_201_A,"LEU_40_A,ALA_199_A,PRO_200_A,ILE_202_A,PHE_205_A"
ILE_202_A,"THR_173_A,PHE_201_A,SER_203_A"
SER_203_A,"ILE_202_A,GLN_204_A"
GLN_204_A,"SER_203_A,PHE_205_A,THR_229_A"
PHE_205_A,"PHE_201_A,GLN_204_A,TYR_206_A"
TYR_206_A,"THR_173_A,PHE_205_A,LYS_207_A,GLU_208_A,SER_209_A"
LYS_207_A,"TYR_206_A,GLU_208_A,MET_211_A,GLU_233_A"
GLU_208_A,"TYR_206_A,LYS_207_A,SER_209_A,LYS_212_A"
SER_209_A,"TYR_206_A,GLU_208_A,LEU_210_A"
LEU_210_A,"LEU_195_A,SER_209_A,MET_211_A,MET_214_A,PHE_230_A"
MET_211_A,"LYS_207_A,LEU_210_A,LYS_212_A"
LYS_212_A,"GLU_208_A,MET_211_A,VAL_213_A"
VAL_213_A,"LYS_212_A,MET_214_A"
MET_214_A,"LEU_210_A,VAL_213_A,PHE_230_A,ARG_260_A"
PRO_215_A,"TYR_216_A,MET_254_A"
TYR_216_A,"ALA_183_A,PRO_215_A,VAL_217_A,MET_254_A"
VAL_217_A,"LEU_195_A,TYR_216_A,ASP_218_A"
ASP_218_A,"PHE_193_A,VAL_217_A,ILE_219_A,LYS_253_A,ARG_258_A,ILE_261_A"
ILE_219_A,"THR_194_A,ASP_218_A,LEU_220_A,PHE_221_A,PHE_306_A"
LEU_220_A,"ILE_219_A,PHE_221_A,THR_248_A,ILE_261_A,ILE_263_A"
PHE_221_A,"LEU_197_A,ILE_219_A,LEU_220_A,GLY_222_A,PHE_306_A"
GLY_222_A,"PHE_221_A,ASN_223_A"
ASN_223_A,"GLY_222_A,GLU_224_A,ALA_227_A"
GLU_224_A,"ASN_223_A,THR_225_A,ALA_228_A,THR_265_A,GLN_266_A"
THR_225_A,"GLU_224_A,GLU_226_A"
GLU_226_A,"THR_225_A,ALA_227_A,PHE_230_A"
ALA_227_A,"ASN_223_A,GLU_226_A,ALA_228_A,ILE_241_A,PHE_264_A"
ALA_228_A,"GLU_224_A,ALA_227_A,THR_229_A"
THR_229_A,"GLN_204_A,ALA_228_A,PHE_230_A"
PHE_230_A,"LEU_197_A,LEU_210_A,MET_214_A,GLU_226_A,THR_229_A,ALA_231_A,GLN_234_A"
ALA_231_A,"PHE_230_A,ARG_232_A,GLY_235_A,PHE_236_A,ILE_244_A"
ARG_232_A,"ALA_231_A,GLU_233_A"
GLU_233_A,"LYS_207_A,ARG_232_A,GLN_234_A"
GLN_234_A,"PHE_230_A,GLU_233_A,GLY_235_A"
GLY_235_A,"ALA_231_A,GLN_234_A,PHE_236_A"
PHE_236_A,"ALA_231_A,GLY_235_A,GLU_237_A,THR_238_A,LYS_247_A"
GLU_237_A,"PHE_236_A,THR_238_A"
THR_238_A,"PHE_236_A,GLU_237_A,LYS_239_A"
LYS_239_A,"THR_238_A,ASP_240_A"
ASP_240_A,"LYS_239_A,ILE_241_A,GLU_243_A,ILE_244_A"
ILE_241_A,"ALA_227_A,ASP_240_A,LYS_242_A,ALA_245_A,PHE_264_A,ILE_272_A"
LYS_242_A,"ILE_241_A,GLU_243_A,VAL_279_A"
GLU_243_A,"ASP_240_A,LYS_242_A,ILE_244_A,LYS_246_A,LYS_247_A"
ILE_244_A,"ALA_231_A,ASP_240_A,GLU_243_A,ALA_245_A,THR_248_A,PHE_264_A"
ALA_245_A,"ILE_241_A,ILE_244_A,LYS_246_A,GLN_249_A,ALA_274_A"
LYS_246_A,"GLU_243_A,ALA_245_A,LYS_247_A"
LYS_247_A,"PHE_236_A,GLU_243_A,LYS_246_A,THR_248_A"
THR_248_A,"LEU_220_A,ILE_244_A,LYS_247_A,GLN_249_A,VAL_262_A"
GLN_249_A,"ALA_245_A,THR_248_A,ALA_250_A,ARG_260_A,VAL_262_A"
ALA_250_A,"GLN_249_A,LEU_251_A"
LEU_251_A,"ALA_250_A,ARG_260_A"
PRO_252_A,LYS_253_A
LYS_253_A,"ASP_218_A,PRO_252_A,MET_254_A,ASN_255_A"
MET_254_A,"PRO_215_A,TYR_216_A,LYS_253_A,ASN_255_A"
ASN_255_A,"LYS_253_A,MET_254_A,SER_256_A,LYS_257_A"
SER_256_A,"ASN_255_A,LYS_257_A"
LYS_257_A,"ASN_255_A,SER_256_A,ARG_258_A"
ARG_258_A,"ARG_163_A,ASP_218_A,LYS_257_A,GLN_259_A"
GLN_259_A,"ARG_258_A,ARG_260_A,GLU_276_A"
ARG_260_A,"MET_214_A,GLN_249_A,LEU_251_A,GLN_259_A,ILE_261_A"
ILE_261_A,"ASP_218_A,LEU_220_A,ARG_260_A,VAL_262_A,LEU_316_A"
VAL_262_A,"THR_248_A,GLN_249_A,ILE_261_A,ILE_263_A,PHE_264_A"
ILE_263_A,"LEU_220_A,VAL_262_A,PHE_264_A,MET_273_A,PHE_302_A,PHE_306_A"
PHE_264_A,"ALA_227_A,ILE_241_A,ILE_244_A,VAL_262_A,ILE_263_A,THR_265_A,ILE_272_A"
THR_265_A,"GLU_224_A,PHE_264_A,GLN_266_A,PHE_302_A"
GLN_266_A,"GLU_224_A,THR_265_A,GLY_267_A,ASP_269_A"
GLY_267_A,"GLN_266_A,ARG_268_A"
ARG_268_A,"GLY_267_A,ASP_269_A,ASP_288_A,LYS_290_A"
ASP_269_A,"GLN_266_A,ARG_268_A,ASP_270_A"
ASP_270_A,"ASP_269_A,THR_271_A"
THR_271_A,"ASP_270_A,ILE_272_A,PHE_282_A"
ILE_272_A,"ILE_241_A,PHE_264_A,THR_271_A,MET_273_A,VAL_279_A"
MET_273_A,"ILE_263_A,ILE_272_A,ALA_274_A,THR_280_A,LEU_316_A,ILE_320_A"
ALA_274_A,"ALA_245_A,MET_273_A,THR_275_A,VAL_279_A"
THR_275_A,"ALA_274_A,GLU_276_A,GLU_278_A"
GLU_276_A,"GLN_259_A,THR_275_A,SER_277_A"
SER_277_A,"GLU_276_A,GLU_278_A"
GLU_278_A,"THR_275_A,SER_277_A,VAL_279_A"
VAL_279_A,"LYS_242_A,ILE_272_A,ALA_274_A,GLU_278_A,THR_280_A"
THR_280_A,"MET_273_A,VAL_279_A,ALA_281_A,PHE_282_A"
ALA_281_A,"THR_280_A,PHE_282_A"
PHE_282_A,"THR_271_A,THR_280_A,ALA_281_A,ALA_283_A,ILE_320_A"
ALA_283_A,"PHE_282_A,VAL_284_A"
VAL_284_A,"ALA_283_A,LEU_285_A"
LEU_285_A,"VAL_284_A,ASP_286_A,GLN_287_A"
ASP_286_A,"LEU_285_A,GLN_287_A,ASP_288_A"
GLN_287_A,"LEU_285_A,ASP_286_A,ASP_288_A"
ASP_288_A,"ARG_268_A,ASP_286_A,GLN_287_A,GLN_289_A,LYS_290_A"
GLN_289_A,"ASP_288_A,LYS_290_A"
LYS_290_A,"ARG_268_A,ASP_288_A,GLN_289_A,GLU_291_A,ILE_292_A,ILE_293_A"
GLU_291_A,"ASP_130_A,LYS_290_A,ILE_292_A,ILE_293_A"
ILE_292_A,"LYS_290_A,GLU_291_A,ILE_293_A"
ILE_293_A,"LYS_290_A,GLU_291_A,ILE_292_A,ASP_294_A,THR_295_A,ILE_331_A"
ASP_294_A,"ARG_132_A,ILE_293_A,THR_295_A,ALA_298_A,ARG_332_A"
THR_295_A,"ILE_293_A,ASP_294_A,ASN_296_A,GLY_299_A"
ASN_296_A,"THR_295_A,GLY_297_A,GLY_299_A"
GLY_297_A,"ASN_296_A,ALA_298_A"
ALA_298_A,"ASP_294_A,GLY_297_A,GLY_299_A,PHE_302_A"
GLY_299_A,"THR_295_A,ASN_296_A,ALA_298_A,ASP_300_A"
ASP_300_A,"SER_69_A,GLY_299_A,ALA_301_A,GLY_304_A"
ALA_301_A,"ASP_300_A,PHE_302_A,GLY_305_A"
PHE_302_A,"ILE_263_A,THR_265_A,ALA_298_A,ALA_301_A,VAL_303_A,PHE_306_A"
VAL_303_A,"PHE_302_A,GLY_304_A,LEU_307_A"
GLY_304_A,"ASP_300_A,VAL_303_A,GLY_305_A,SER_308_A"
GLY_305_A,"ALA_301_A,GLY_304_A,PHE_306_A,SER_308_A"
PHE_306_A,"ILE_219_A,PHE_221_A,ILE_263_A,PHE_302_A,GLY_305_A,LEU_307_A,CYS_319_A"
LEU_307_A,"TYR_166_A,VAL_303_A,PHE_306_A,SER_308_A"
SER_308_A,"GLY_304_A,GLY_305_A,LEU_307_A,GLN_309_A"
GLN_309_A,"SER_308_A,LEU_310_A,VAL_311_A,SER_312_A,ALA_322_A"
LEU_310_A,"VAL_164_A,GLN_309_A,VAL_311_A,ASP_313_A"
VAL_311_A,"ILE_8_A,GLN_309_A,LEU_310_A,SER_312_A"
SER_312_A,"GLN_309_A,VAL_311_A,ASP_313_A"
ASP_313_A,"ARG_163_A,LEU_310_A,SER_312_A,LYS_314_A"
LYS_314_A,ASP_313_A
PRO_315_A,"LEU_316_A,GLU_318_A"
LEU_316_A,"ILE_261_A,MET_273_A,PRO_315_A,THR_317_A,ILE_320_A"
THR_317_A,"LEU_316_A,GLU_318_A"
GLU_318_A,"PRO_315_A,THR_317_A,CYS_319_A,ARG_321_A,ALA_322_A"
CYS_319_A,"PHE_306_A,GLU_318_A,ILE_320_A,GLY_323_A"
ILE_320_A,"MET_273_A,PHE_282_A,LEU_316_A,CYS_319_A,ARG_321_A,HIS_324_A"
ARG_321_A,"GLU_318_A,ILE_320_A,ALA_322_A"
ALA_322_A,"MET_76_A,GLN_309_A,GLU_318_A,ARG_321_A,GLY_323_A,ALA_326_A"
GLY_323_A,"CYS_319_A,ALA_322_A,HIS_324_A"
HIS_324_A,"ILE_320_A,GLY_323_A,TYR_325_A"
TYR_325_A,"HIS_324_A,ALA_326_A,SER_328_A,ILE_329_A"
ALA_326_A,"VAL_72_A,ALA_322_A,TYR_325_A,ALA_327_A"
ALA_327_A,"ALA_326_A,SER_328_A"
SER_328_A,"TYR_325_A,ALA_327_A,ILE_329_A"
ILE_329_A,"TYR_325_A,SER_328_A,ILE_330_A,ILE_331_A"
ILE_330_A,"ILE_329_A,ILE_331_A"
ILE_331_A,"ILE_293_A,ILE_329_A,ILE_330_A,ARG_332_A"
ARG_332_A,"ASP_18_A,HIS_61_A,ARG_132_A,ASP_294_A,ILE_331_A,ARG_333_A"
ARG_333_A,"ARG_332_A,THR_334_A,CYS_336_A"
THR_334_A,"ARG_333_A,GLY_335_A"
GLY_335_A,"GLU_59_A,THR_334_A,CYS_336_A"
CYS_336_A,"ARG_333_A,GLY_335_A,THR_337_A"
THR_337_A,"CYS_336_A,PHE_338_A"
PHE_338_A,THR_337_A
PRO_339_A,GLU_340_A
GLU_340_A,"LYS_94_A,PRO_339_A,LYS_341_A"
LYS_341_A,GLU_340_A
PRO_342_A,ASP_343_A
ASP_343_A,"PRO_342_A,PHE_344_A,HIS_345_A"
PHE_344_A,"ASP_343_A,HIS_345_A"
HIS_345_A,"ASP_343_A,PHE_344_A"
