residue_id,neighbors
GLU_8_A,"VAL_9_A,ARG_46_A"
VAL_9_A,"GLU_8_A,LEU_10_A"
LEU_10_A,VAL_9_A
PRO_11_A,TYR_34_A
PRO_12_A,VAL_13_A
VAL_13_A,"PRO_12_A,LEU_14_A,TYR_34_A,ASP_61_A"
LEU_14_A,"VAL_13_A,THR_15_A,VAL_58_A,PRO_59_A"
THR_15_A,"LEU_14_A,SER_16_A,SER_18_A"
SER_16_A,"THR_15_A,ASN_17_A,ASP_64_A"
ASN_17_A,"SER_16_A,SER_18_A"
SER_18_A,"THR_15_A,ASN_17_A,GLU_19_A"
GLU_19_A,SER_18_A
PRO_20_A,TRP_68_A
PRO_21_A,TRP_68_A
PRO_22_A,VAL_23_A
VAL_23_A,"PRO_22_A,PHE_24_A"
PHE_24_A,"VAL_23_A,ASP_25_A,GLU_83_A,VAL_88_A"
ASP_25_A,"PHE_24_A,GLY_26_A,THR_27_A,ARG_29_A,GLU_83_A"
GLY_26_A,"ASP_25_A,THR_27_A"
THR_27_A,"ASP_25_A,GLY_26_A,THR_28_A"
THR_28_A,"THR_27_A,ARG_29_A,LYS_56_A,HIS_84_A"
ARG_29_A,"ASP_25_A,THR_28_A,LEU_30_A,TYR_31_A,LYS_56_A,GLU_83_A"
LEU_30_A,"ARG_29_A,TYR_31_A,ILE_32_A,VAL_42_A,ILE_55_A,LYS_56_A,VAL_58_A"
TYR_31_A,"ARG_29_A,LEU_30_A,ILE_32_A,VAL_58_A,TYR_69_A,VAL_73_A,SER_81_A,GLU_83_A"
ILE_32_A,"LEU_30_A,TYR_31_A,SER_33_A,ALA_39_A,ILE_60_A"
SER_33_A,"ILE_32_A,TYR_34_A"
TYR_34_A,"PRO_11_A,VAL_13_A,SER_33_A,THR_35_A,TRP_43_A,PRO_59_A,PRO_221_A"
THR_35_A,"TYR_34_A,CYS_36_A,ARG_181_A"
CYS_36_A,"THR_35_A,GLN_40_A"
PRO_37_A,"TYR_38_A,PRO_177_A,PHE_178_A"
TYR_38_A,"PRO_37_A,ALA_39_A,PHE_178_A"
ALA_39_A,"ILE_32_A,TYR_38_A,GLN_40_A,VAL_42_A,TRP_43_A"
GLN_40_A,"CYS_36_A,ALA_39_A,ARG_41_A,ILE_44_A,GLU_180_A,ARG_181_A,THR_217_A"
ARG_41_A,"GLN_40_A,VAL_42_A,THR_45_A,SER_92_A,ALA_174_A"
VAL_42_A,"LEU_30_A,ALA_39_A,ARG_41_A,TRP_43_A,ARG_46_A,PRO_80_A,ILE_99_A"
TRP_43_A,"TYR_34_A,ALA_39_A,VAL_42_A,ILE_44_A,THR_217_A"
ILE_44_A,"GLN_40_A,TRP_43_A,THR_45_A,CYS_48_A,TYR_214_A,THR_217_A"
THR_45_A,"ARG_41_A,ILE_44_A,ARG_46_A"
ARG_46_A,"GLU_8_A,VAL_42_A,THR_45_A,ASN_47_A,LEU_51_A,ILE_55_A"
ASN_47_A,"ARG_46_A,CYS_48_A,GLY_50_A,ALA_213_A"
CYS_48_A,"ILE_44_A,ASN_47_A,LYS_49_A"
LYS_49_A,"CYS_48_A,GLY_50_A,LEU_51_A,ASP_100_A,PRO_106_A,LEU_108_A"
GLY_50_A,"ASN_47_A,LYS_49_A,LEU_51_A"
LEU_51_A,"ARG_46_A,LYS_49_A,GLY_50_A,GLN_52_A,LYS_54_A,ILE_55_A,ILE_99_A,PHE_103_A"
GLN_52_A,"LEU_51_A,ASP_53_A"
ASP_53_A,"GLN_52_A,LYS_54_A"
LYS_54_A,"LEU_51_A,ASP_53_A,ILE_55_A,HIS_84_A"
ILE_55_A,"LEU_30_A,ARG_46_A,LEU_51_A,LYS_54_A,LYS_56_A"
LYS_56_A,"THR_28_A,ARG_29_A,LEU_30_A,ILE_55_A,LEU_57_A"
LEU_57_A,"LYS_56_A,VAL_58_A"
VAL_58_A,"LEU_14_A,LEU_30_A,TYR_31_A,LEU_57_A"
PRO_59_A,"LEU_14_A,TYR_34_A,ILE_60_A"
ILE_60_A,"ILE_32_A,PRO_59_A,ASP_61_A,VAL_79_A"
ASP_61_A,"VAL_13_A,ILE_60_A,LEU_62_A,ASP_64_A"
LEU_62_A,"ASP_61_A,GLN_63_A"
GLN_63_A,"LEU_62_A,ASP_64_A"
ASP_64_A,"SER_16_A,ASP_61_A,GLN_63_A,ARG_65_A"
ARG_65_A,"ASP_64_A,ASN_77_A"
PRO_66_A,"ALA_67_A,TRP_68_A"
ALA_67_A,"PRO_66_A,TRP_68_A"
TRP_68_A,"PRO_20_A,PRO_21_A,PRO_66_A,ALA_67_A,TYR_69_A,LYS_72_A"
TYR_69_A,"TYR_31_A,TRP_68_A,LYS_70_A,TYR_74_A,LYS_78_A,SER_81_A"
LYS_70_A,"TYR_69_A,GLU_71_A"
GLU_71_A,"LYS_70_A,LYS_72_A"
LYS_72_A,"TRP_68_A,GLU_71_A,VAL_73_A"
VAL_73_A,"TYR_31_A,LYS_72_A,TYR_74_A"
TYR_74_A,"TYR_69_A,VAL_73_A,PRO_76_A,ASN_77_A,VAL_88_A"
PRO_75_A,ASN_77_A
PRO_76_A,"TYR_74_A,ASN_77_A"
ASN_77_A,"ARG_65_A,TYR_74_A,PRO_75_A,PRO_76_A,LYS_78_A"
LYS_78_A,"TYR_69_A,ASN_77_A,VAL_79_A"
VAL_79_A,"ILE_60_A,LYS_78_A"
PRO_80_A,"VAL_42_A,SER_81_A"
SER_81_A,"TYR_31_A,TYR_69_A,PRO_80_A,LEU_82_A"
LEU_82_A,"SER_81_A,GLU_83_A,LYS_89_A,TYR_98_A,ILE_99_A"
GLU_83_A,"PHE_24_A,ASP_25_A,ARG_29_A,TYR_31_A,LEU_82_A,HIS_84_A"
HIS_84_A,"THR_28_A,LYS_54_A,GLU_83_A,ASN_85_A,GLU_87_A,PHE_103_A"
ASN_85_A,"HIS_84_A,ASN_86_A"
ASN_86_A,"ASN_85_A,GLU_87_A"
GLU_87_A,"HIS_84_A,ASN_86_A,VAL_88_A,LYS_89_A"
VAL_88_A,"PHE_24_A,TYR_74_A,GLU_87_A,LYS_89_A"
LYS_89_A,"LEU_82_A,GLU_87_A,VAL_88_A,GLY_90_A"
GLY_90_A,"LYS_89_A,GLU_91_A"
GLU_91_A,"GLY_90_A,SER_92_A,ASP_94_A,LEU_95_A"
SER_92_A,"ARG_41_A,GLU_91_A,LEU_93_A,ILE_96_A"
LEU_93_A,"SER_92_A,ASP_94_A"
ASP_94_A,"GLU_91_A,LEU_93_A,LEU_95_A,LYS_97_A,TYR_98_A"
LEU_95_A,"GLU_91_A,ASP_94_A,ILE_96_A,ILE_99_A"
ILE_96_A,"SER_92_A,LEU_95_A,LYS_97_A"
LYS_97_A,"ASP_94_A,ILE_96_A,TYR_98_A,GLU_120_A"
TYR_98_A,"LEU_82_A,ASP_94_A,LYS_97_A,ILE_99_A,HIS_102_A"
ILE_99_A,"VAL_42_A,LEU_51_A,LEU_82_A,LEU_95_A,TYR_98_A,ASP_100_A"
ASP_100_A,"LYS_49_A,ILE_99_A,SER_101_A,LEU_108_A"
SER_101_A,"ASP_100_A,HIS_102_A"
HIS_102_A,"TYR_98_A,SER_101_A,PHE_103_A"
PHE_103_A,"LEU_51_A,HIS_84_A,HIS_102_A,ASP_104_A"
ASP_104_A,"PHE_103_A,GLY_105_A"
GLY_105_A,ASP_104_A
PRO_106_A,"LYS_49_A,SER_107_A"
SER_107_A,"PRO_106_A,LEU_108_A"
LEU_108_A,"LYS_49_A,ASP_100_A,SER_107_A,PHE_109_A,LEU_170_A,ILE_173_A"
PHE_109_A,"LEU_108_A,ALA_119_A,PHE_123_A"
PRO_110_A,"ASP_111_A,LEU_165_A"
ASP_111_A,"PRO_110_A,ASP_112_A"
ASP_112_A,"ASP_111_A,LYS_115_A,LYS_116_A"
PRO_113_A,"ALA_114_A,GLU_117_A"
ALA_114_A,"PRO_113_A,LYS_115_A"
LYS_115_A,"ASP_112_A,ALA_114_A,LYS_116_A,ALA_119_A,PHE_158_A,ASP_160_A"
LYS_116_A,"ASP_112_A,LYS_115_A,GLU_117_A"
GLU_117_A,"PRO_113_A,LYS_116_A,PHE_118_A,ASP_121_A"
PHE_118_A,"GLU_117_A,ALA_119_A,LEU_122_A,LYS_157_A,PHE_158_A"
ALA_119_A,"PHE_109_A,LYS_115_A,PHE_118_A,GLU_120_A,PHE_123_A,VAL_171_A"
GLU_120_A,"LYS_97_A,ALA_119_A,ASP_121_A,SER_124_A"
ASP_121_A,"GLU_117_A,GLU_120_A,LEU_122_A"
LEU_122_A,"PHE_118_A,ASP_121_A,PHE_123_A,PHE_164_A,VAL_171_A,TYR_175_A"
PHE_123_A,"PHE_109_A,ALA_119_A,LEU_122_A,SER_124_A,THR_126_A,VAL_171_A"
SER_124_A,"GLU_120_A,PHE_123_A,TYR_125_A"
TYR_125_A,"SER_124_A,THR_126_A,PHE_129_A,TYR_150_A"
THR_126_A,"PHE_123_A,TYR_125_A,GLY_127_A,TYR_175_A"
GLY_127_A,"THR_126_A,SER_128_A,LYS_131_A"
SER_128_A,"GLY_127_A,PHE_129_A,ALA_132_A"
PHE_129_A,"TYR_125_A,SER_128_A,SER_130_A,ASN_133_A,PHE_148_A,ILE_151_A,TYR_175_A,PHE_182_A"
SER_130_A,"PHE_129_A,LYS_131_A,ASN_134_A"
LYS_131_A,"GLY_127_A,SER_130_A,ALA_132_A,SER_135_A"
ALA_132_A,"SER_128_A,LYS_131_A,ASN_133_A,GLU_143_A,ALA_147_A"
ASN_133_A,"PHE_129_A,ALA_132_A,ASN_134_A,PHE_137_A,PHE_182_A"
ASN_134_A,"SER_130_A,ASN_133_A,SER_135_A,LYS_138_A"
SER_135_A,"LYS_131_A,ASN_134_A,THR_136_A,GLU_140_A"
THR_136_A,"SER_135_A,PHE_137_A,ALA_144_A"
PHE_137_A,"ASN_133_A,THR_136_A,LYS_138_A,PHE_182_A,ALA_185_A,LEU_186_A"
LYS_138_A,"ASN_134_A,PHE_137_A,GLY_139_A,GLU_140_A"
GLY_139_A,"LYS_138_A,GLU_140_A"
GLU_140_A,"SER_135_A,LYS_138_A,GLY_139_A,ALA_141_A"
ALA_141_A,"GLU_140_A,ASP_142_A,GLU_143_A"
ASP_142_A,"ALA_141_A,GLU_143_A,LYS_190_A"
GLU_143_A,"ALA_132_A,ALA_141_A,ASP_142_A,ALA_144_A"
ALA_144_A,"THR_136_A,GLU_143_A,GLY_145_A,PHE_148_A"
GLY_145_A,"ALA_144_A,ALA_146_A,ASP_149_A"
ALA_146_A,"GLY_145_A,ALA_147_A"
ALA_147_A,"ALA_132_A,ALA_146_A,PHE_148_A"
PHE_148_A,"PHE_129_A,ALA_144_A,ALA_147_A,ASP_149_A,GLU_152_A,LEU_186_A,ILE_194_A,LEU_201_A"
ASP_149_A,"GLY_145_A,PHE_148_A,TYR_150_A,THR_153_A,ARG_198_A"
TYR_150_A,"TYR_125_A,ASP_149_A,ILE_151_A,ALA_154_A"
ILE_151_A,"PHE_129_A,TYR_150_A,GLU_152_A,LEU_155_A"
GLU_152_A,"PHE_148_A,ILE_151_A,THR_153_A,ARG_198_A,LYS_200_A,LEU_201_A"
THR_153_A,"ASP_149_A,GLU_152_A,ALA_154_A,SER_156_A"
ALA_154_A,"TYR_150_A,THR_153_A,LEU_155_A"
LEU_155_A,"ILE_151_A,ALA_154_A,SER_156_A,PHE_164_A,LYS_200_A"
SER_156_A,"THR_153_A,LEU_155_A,LYS_157_A"
LYS_157_A,"PHE_118_A,SER_156_A,PHE_158_A"
PHE_158_A,"LYS_115_A,PHE_118_A,LYS_157_A,ASP_159_A"
ASP_159_A,"PHE_158_A,ASP_160_A"
ASP_160_A,"LYS_115_A,ASP_159_A,GLY_161_A"
GLY_161_A,ASP_160_A
PRO_162_A,PHE_163_A
PHE_163_A,"PRO_162_A,PHE_164_A,GLY_166_A,PHE_168_A"
PHE_164_A,"LEU_122_A,LEU_155_A,PHE_163_A,LEU_165_A,VAL_171_A,ASP_172_A"
LEU_165_A,"PRO_110_A,PHE_164_A,GLY_166_A"
GLY_166_A,"PHE_163_A,LEU_165_A,GLN_167_A"
GLN_167_A,"GLY_166_A,PHE_168_A"
PHE_168_A,"PHE_163_A,GLN_167_A,SER_169_A,ILE_173_A"
SER_169_A,"PHE_168_A,LEU_170_A,ASP_172_A"
LEU_170_A,"LEU_108_A,SER_169_A,VAL_171_A,ALA_174_A"
VAL_171_A,"ALA_119_A,LEU_122_A,PHE_123_A,PHE_164_A,LEU_170_A,ASP_172_A"
ASP_172_A,"PHE_164_A,SER_169_A,VAL_171_A,ILE_173_A,ALA_176_A,TRP_204_A"
ILE_173_A,"LEU_108_A,PHE_168_A,ASP_172_A,ALA_174_A"
ALA_174_A,"ARG_41_A,LEU_170_A,ILE_173_A,TYR_175_A"
TYR_175_A,"LEU_122_A,THR_126_A,PHE_129_A,ALA_174_A,ALA_176_A,ILE_179_A"
ALA_176_A,"ASP_172_A,TYR_175_A,GLU_180_A"
PRO_177_A,"PRO_37_A,PHE_178_A,ARG_181_A"
PHE_178_A,"PRO_37_A,TYR_38_A,PRO_177_A,ILE_179_A,PHE_182_A"
ILE_179_A,"TYR_175_A,PHE_178_A,GLU_180_A,GLN_183_A,TRP_204_A"
GLU_180_A,"GLN_40_A,ALA_176_A,ILE_179_A,ARG_181_A,TYR_214_A,ARG_218_A"
ARG_181_A,"THR_35_A,GLN_40_A,PRO_177_A,GLU_180_A,PHE_182_A"
PHE_182_A,"PHE_129_A,ASN_133_A,PHE_137_A,PHE_178_A,ARG_181_A,GLN_183_A,LEU_186_A"
GLN_183_A,"ILE_179_A,PHE_182_A,ILE_194_A"
PRO_184_A,"ALA_185_A,GLU_188_A"
ALA_185_A,"PHE_137_A,PRO_184_A,LEU_186_A,PHE_189_A"
LEU_186_A,"PHE_137_A,PHE_148_A,PHE_182_A,ALA_185_A,LEU_187_A,TYR_192_A,ILE_194_A"
LEU_187_A,"LEU_186_A,GLU_188_A"
GLU_188_A,"PRO_184_A,LEU_187_A,PHE_189_A,LYS_191_A"
PHE_189_A,"ALA_185_A,GLU_188_A,LYS_190_A"
LYS_190_A,"ASP_142_A,PHE_189_A,LYS_191_A"
LYS_191_A,"GLU_188_A,LYS_190_A,TYR_192_A"
TYR_192_A,"LEU_186_A,LYS_191_A,ASP_193_A,ARG_198_A"
ASP_193_A,"TYR_192_A,ILE_194_A,THR_195_A"
ILE_194_A,"PHE_148_A,GLN_183_A,LEU_186_A,ASP_193_A,THR_195_A,ARG_198_A"
THR_195_A,"ASP_193_A,ILE_194_A,ALA_196_A"
ALA_196_A,"THR_195_A,GLY_197_A"
GLY_197_A,"ALA_196_A,ARG_198_A"
ARG_198_A,"ASP_149_A,GLU_152_A,TYR_192_A,ILE_194_A,GLY_197_A,ALA_202_A"
PRO_199_A,"LYS_200_A,ALA_203_A"
LYS_200_A,"GLU_152_A,LEU_155_A,PRO_199_A,LEU_201_A,TRP_204_A"
LEU_201_A,"PHE_148_A,GLU_152_A,LYS_200_A,ALA_202_A,ILE_205_A"
ALA_202_A,"ARG_198_A,LEU_201_A,ALA_203_A"
ALA_203_A,"PRO_199_A,ALA_202_A,TRP_204_A,GLU_207_A"
TRP_204_A,"ASP_172_A,ILE_179_A,LYS_200_A,ALA_203_A,ILE_205_A,MET_208_A"
ILE_205_A,"LEU_201_A,TRP_204_A,GLU_206_A,ASN_209_A"
GLU_206_A,"ILE_205_A,GLU_207_A,LYS_210_A"
GLU_207_A,"ALA_203_A,GLU_206_A,MET_208_A,LYS_210_A"
MET_208_A,"TRP_204_A,GLU_207_A,ASN_209_A,VAL_211_A"
ASN_209_A,"ILE_205_A,MET_208_A,LYS_210_A,ASN_215_A"
LYS_210_A,"GLU_206_A,GLU_207_A,ASN_209_A,VAL_211_A"
VAL_211_A,"MET_208_A,LYS_210_A,GLU_212_A,ASN_215_A"
GLU_212_A,"VAL_211_A,ALA_213_A,GLN_216_A,HIS_219_A"
ALA_213_A,"ASN_47_A,GLU_212_A,TYR_214_A"
TYR_214_A,"ILE_44_A,GLU_180_A,ALA_213_A,ASN_215_A,THR_217_A"
ASN_215_A,"ASN_209_A,VAL_211_A,TYR_214_A,GLN_216_A,ARG_218_A"
GLN_216_A,"GLU_212_A,ASN_215_A,THR_217_A"
THR_217_A,"GLN_40_A,TRP_43_A,ILE_44_A,TYR_214_A,GLN_216_A,ARG_218_A"
ARG_218_A,"GLU_180_A,ASN_215_A,THR_217_A,HIS_219_A"
HIS_219_A,"GLU_212_A,ARG_218_A,GLU_220_A"
GLU_220_A,HIS_219_A
PRO_221_A,TYR_34_A
