residue_id,neighbors
LEU_7_A,ASP_8_A
ASP_8_A,"LEU_7_A,ARG_9_A,ILE_10_A"
ARG_9_A,"ASP_8_A,ILE_10_A,ASP_306_A,GLU_310_A,ASP_313_A,ASP_369_A"
ILE_10_A,"ASP_8_A,ARG_9_A,LYS_11_A"
LYS_11_A,"ILE_10_A,ARG_12_A,LEU_13_A,LYS_14_A,ASP_313_A"
ARG_12_A,"LYS_11_A,LEU_13_A,LYS_14_A"
LEU_13_A,"LYS_11_A,ARG_12_A,LYS_14_A"
LYS_14_A,"LYS_11_A,ARG_12_A,LEU_13_A,GLU_15_A,VAL_317_A"
GLU_15_A,"LYS_14_A,ARG_16_A"
ARG_16_A,"GLU_15_A,VAL_17_A,THR_20_A,ASP_65_A,ASP_66_A"
VAL_17_A,"ARG_16_A,LEU_18_A"
LEU_18_A,"VAL_17_A,ASN_19_A,LEU_372_A"
ASN_19_A,"LEU_18_A,THR_20_A"
THR_20_A,"ARG_16_A,ASN_19_A,ARG_21_A"
ARG_21_A,"THR_20_A,GLU_23_A"
PRO_22_A,"GLU_23_A,PHE_106_A,TYR_107_A"
GLU_23_A,"ARG_21_A,PRO_22_A,MET_24_A,LYS_76_A,TYR_107_A"
MET_24_A,"GLU_23_A,ASP_25_A,LYS_76_A,LEU_91_A,TYR_107_A,PHE_325_A"
ASP_25_A,"MET_24_A,LEU_26_A,GLU_27_A,SER_75_A,LYS_76_A,GLY_80_A,ASP_112_A,ARG_115_A"
LEU_26_A,"ASP_25_A,GLU_27_A,LEU_82_A,LEU_91_A,PHE_116_A"
GLU_27_A,"ASP_25_A,LEU_26_A,ASN_28_A,ALA_29_A,VAL_30_A,LEU_31_A,LYS_59_A,THR_60_A,ARG_115_A"
ASN_28_A,"GLU_27_A,ALA_29_A,LEU_32_A"
ALA_29_A,"GLU_27_A,ASN_28_A,VAL_30_A,THR_33_A,ILE_120_A"
VAL_30_A,"GLU_27_A,ALA_29_A,LEU_31_A,THR_33_A,ARG_34_A"
LEU_31_A,"GLU_27_A,VAL_30_A,LEU_32_A,ARG_34_A,GLY_35_A,GLN_55_A"
LEU_32_A,"ASN_28_A,LEU_31_A,THR_33_A,PHE_36_A,TRP_124_A"
THR_33_A,"ALA_29_A,VAL_30_A,LEU_32_A,ARG_34_A"
ARG_34_A,"VAL_30_A,LEU_31_A,THR_33_A,GLY_35_A,LYS_54_A,GLU_58_A,ARG_115_A,GLU_119_A"
GLY_35_A,"LEU_31_A,ARG_34_A,PHE_36_A,SER_39_A"
PHE_36_A,"LEU_32_A,GLY_35_A,LYS_37_A"
LYS_37_A,"PHE_36_A,GLU_38_A,GLU_40_A,TYR_123_A"
GLU_38_A,"LYS_37_A,SER_39_A,TYR_50_A,LYS_54_A,GLU_58_A"
SER_39_A,"GLY_35_A,GLU_38_A,GLU_40_A"
GLU_40_A,"LYS_37_A,SER_39_A,GLY_41_A,ARG_127_A"
GLY_41_A,"GLU_40_A,GLN_42_A"
GLN_42_A,"GLY_41_A,GLN_47_A"
PRO_43_A,"LEU_44_A,ALA_45_A,ILE_46_A"
LEU_44_A,"PRO_43_A,ALA_45_A,LYS_48_A"
ALA_45_A,"PRO_43_A,LEU_44_A,ILE_46_A"
ILE_46_A,"PRO_43_A,ALA_45_A,GLN_47_A,TYR_50_A"
GLN_47_A,"GLN_42_A,ILE_46_A,LYS_48_A,SER_51_A"
LYS_48_A,"LEU_44_A,GLN_47_A,ALA_49_A,ASP_85_A,GLU_275_A"
ALA_49_A,"LYS_48_A,TYR_50_A,ALA_205_A,VAL_209_A"
TYR_50_A,"GLU_38_A,ILE_46_A,ALA_49_A,SER_51_A,LEU_208_A"
SER_51_A,"GLN_47_A,TYR_50_A,PHE_52_A"
PHE_52_A,"SER_51_A,ARG_53_A,VAL_209_A,MET_274_A"
ARG_53_A,"PHE_52_A,LYS_54_A,THR_57_A,LYS_204_A,GLU_211_A,ILE_215_A"
LYS_54_A,"ARG_34_A,GLU_38_A,ARG_53_A,GLN_55_A,GLU_58_A"
GLN_55_A,"LEU_31_A,LYS_54_A,CYS_56_A"
CYS_56_A,"GLN_55_A,THR_57_A,GLY_212_A,LEU_216_A,ARG_219_A"
THR_57_A,"ARG_53_A,CYS_56_A,GLU_58_A"
GLU_58_A,"ARG_34_A,GLU_38_A,LYS_54_A,THR_57_A,LYS_59_A"
LYS_59_A,"GLU_27_A,GLU_58_A,THR_60_A,GLY_74_A,ARG_219_A"
THR_60_A,"GLU_27_A,LYS_59_A,VAL_61_A"
VAL_61_A,"THR_60_A,LYS_62_A,TYR_220_A"
LYS_62_A,"VAL_61_A,ILE_63_A,TRP_64_A,GLU_223_A"
ILE_63_A,"LYS_62_A,TRP_64_A,VAL_70_A,GLU_223_A"
TRP_64_A,"LYS_62_A,ILE_63_A,ASP_65_A,ASP_66_A,GLN_77_A"
ASP_65_A,"ARG_16_A,TRP_64_A,ASP_66_A,ARG_236_A"
ASP_66_A,"ARG_16_A,TRP_64_A,ASP_65_A,GLU_67_A,ARG_236_A,GLU_239_A"
GLU_67_A,"ASP_66_A,LEU_68_A,ARG_236_A,LYS_318_A,GLU_321_A"
LEU_68_A,"GLU_67_A,ILE_69_A"
ILE_69_A,"LEU_68_A,VAL_70_A"
VAL_70_A,"ILE_63_A,ILE_69_A,GLY_71_A,GLN_263_A"
GLY_71_A,"VAL_70_A,ASN_72_A,LYS_318_A"
ASN_72_A,"GLY_71_A,SER_73_A,GLY_74_A"
SER_73_A,"ASN_72_A,GLY_74_A"
GLY_74_A,"LYS_59_A,ASN_72_A,SER_73_A,SER_75_A"
SER_75_A,"ASP_25_A,GLY_74_A,LYS_76_A"
LYS_76_A,"GLU_23_A,MET_24_A,ASP_25_A,SER_75_A,GLN_77_A,ASP_112_A"
GLN_77_A,"TRP_64_A,LYS_76_A,ARG_78_A,GLY_79_A"
ARG_78_A,"GLN_77_A,GLY_79_A,GLU_773_A"
GLY_79_A,"GLN_77_A,ARG_78_A,GLY_80_A"
GLY_80_A,"ASP_25_A,GLY_79_A,LEU_81_A"
LEU_81_A,"GLY_80_A,LEU_82_A"
LEU_82_A,"LEU_26_A,LEU_81_A,ASN_83_A"
ASN_83_A,LEU_82_A
PRO_84_A,"ASP_85_A,TRP_124_A"
ASP_85_A,"LYS_48_A,PRO_84_A,THR_86_A,TRP_124_A"
THR_86_A,"ASP_85_A,CYS_87_A"
CYS_87_A,"THR_86_A,TRP_88_A"
TRP_88_A,"CYS_87_A,SER_89_A,VAL_90_A,GLU_92_A,LYS_121_A,LYS_125_A"
SER_89_A,"TRP_88_A,VAL_90_A"
VAL_90_A,"TRP_88_A,SER_89_A,LEU_91_A,PHE_325_A,ASP_327_A"
LEU_91_A,"MET_24_A,LEU_26_A,VAL_90_A,GLU_92_A,ASP_93_A,GLU_94_A,ILE_95_A,PHE_116_A"
GLU_92_A,"TRP_88_A,LEU_91_A,ASP_93_A,PHE_116_A,LYS_121_A"
ASP_93_A,"LEU_91_A,GLU_92_A,GLU_94_A"
GLU_94_A,"LEU_91_A,ASP_93_A,ILE_95_A,ASP_96_A,ILE_98_A,ARG_101_A,ASP_327_A,GLU_328_A"
ILE_95_A,"LEU_91_A,GLU_94_A,ASP_96_A,PHE_116_A"
ASP_96_A,"GLU_94_A,ILE_95_A,THR_97_A,ARG_113_A"
THR_97_A,"ASP_96_A,ILE_98_A,SER_99_A,GLU_100_A"
ILE_98_A,"GLU_94_A,THR_97_A,SER_99_A"
SER_99_A,"THR_97_A,ILE_98_A,GLU_100_A"
GLU_100_A,"THR_97_A,SER_99_A,ARG_101_A"
ARG_101_A,"GLU_94_A,GLU_100_A,LYS_102_A,TYR_103_A,ASP_104_A,GLN_326_A,GLU_328_A"
LYS_102_A,"ARG_101_A,TYR_103_A"
TYR_103_A,"ARG_101_A,LYS_102_A,ASP_104_A,GLU_777_A"
ASP_104_A,"ARG_101_A,TYR_103_A,GLN_326_A,ALA_331_A,GLY_336_A"
PRO_105_A,"PHE_106_A,TYR_337_A"
PHE_106_A,"PRO_22_A,PRO_105_A,TYR_107_A,CYS_323_A,TYR_337_A"
TYR_107_A,"PRO_22_A,GLU_23_A,MET_24_A,PHE_106_A,LEU_108_A,THR_109_A"
LEU_108_A,"TYR_107_A,THR_109_A,ARG_113_A"
THR_109_A,"TYR_107_A,LEU_108_A,ASP_110_A,ILE_111_A"
ASP_110_A,"THR_109_A,ILE_111_A"
ILE_111_A,"THR_109_A,ASP_110_A,ASP_112_A"
ASP_112_A,"ASP_25_A,LYS_76_A,ILE_111_A,ARG_113_A,ARG_115_A"
ARG_113_A,"ASP_96_A,LEU_108_A,ASP_112_A,LYS_114_A"
LYS_114_A,"ARG_113_A,ARG_115_A,GLU_118_A"
ARG_115_A,"ASP_25_A,GLU_27_A,ARG_34_A,ASP_112_A,LYS_114_A,PHE_116_A,GLU_119_A"
PHE_116_A,"LEU_26_A,LEU_91_A,GLU_92_A,ILE_95_A,ARG_115_A,ASN_117_A,LYS_121_A"
ASN_117_A,"PHE_116_A,GLU_118_A"
GLU_118_A,"LYS_114_A,ASN_117_A,GLU_119_A"
GLU_119_A,"ARG_34_A,ARG_115_A,GLU_118_A,ILE_120_A"
ILE_120_A,"ALA_29_A,GLU_119_A,LYS_121_A"
LYS_121_A,"TRP_88_A,GLU_92_A,PHE_116_A,ILE_120_A"
PRO_122_A,TYR_123_A
TYR_123_A,"LYS_37_A,PRO_122_A,TRP_124_A,ARG_127_A"
TRP_124_A,"LEU_32_A,PRO_84_A,ASP_85_A,TYR_123_A,LYS_125_A,GLY_126_A"
LYS_125_A,"TRP_88_A,TRP_124_A,GLY_126_A,GLU_131_A"
GLY_126_A,"TRP_124_A,LYS_125_A,ARG_127_A,GLU_131_A"
ARG_127_A,"GLU_40_A,TYR_123_A,GLY_126_A,SER_128_A,GLU_131_A"
SER_128_A,"ARG_127_A,THR_129_A,LYS_132_A"
THR_129_A,"SER_128_A,PHE_130_A,GLU_131_A,LYS_132_A"
PHE_130_A,"THR_129_A,GLU_131_A,LEU_134_A,ALA_156_A,VAL_157_A"
GLU_131_A,"LYS_125_A,GLY_126_A,ARG_127_A,THR_129_A,PHE_130_A,LYS_132_A"
LYS_132_A,"SER_128_A,THR_129_A,GLU_131_A,TRP_133_A,ARG_520_A"
TRP_133_A,"LYS_132_A,LEU_134_A,ILE_137_A,ILE_152_A,ASN_153_A,ALA_156_A"
LEU_134_A,"PHE_130_A,TRP_133_A,VAL_135_A"
VAL_135_A,"LEU_134_A,GLN_136_A"
GLN_136_A,"VAL_135_A,ILE_137_A"
ILE_137_A,"TRP_133_A,GLN_136_A,LYS_142_A"
PRO_138_A,"LYS_139_A,LYS_142_A,ALA_508_A,VAL_512_A"
LYS_139_A,"PRO_138_A,GLU_140_A,LYS_142_A"
GLU_140_A,"LYS_139_A,THR_141_A"
THR_141_A,"GLU_140_A,LYS_142_A,ARG_145_A,ILE_152_A,ALA_505_A"
LYS_142_A,"ILE_137_A,PRO_138_A,LYS_139_A,THR_141_A,ILE_143_A,ARG_145_A,ASP_146_A"
ILE_143_A,"LYS_142_A,LEU_144_A,ASP_146_A,CYS_147_A"
LEU_144_A,"ILE_143_A,ARG_145_A,VAL_149_A"
ARG_145_A,"THR_141_A,LYS_142_A,LEU_144_A,ASP_146_A"
ASP_146_A,"LYS_142_A,ILE_143_A,ARG_145_A,CYS_147_A,GLY_148_A"
CYS_147_A,"ILE_143_A,ASP_146_A,GLY_148_A"
GLY_148_A,"ASP_146_A,CYS_147_A,VAL_149_A"
VAL_149_A,"LEU_144_A,GLY_148_A,LEU_150_A,ASN_454_A,PHE_461_A"
LEU_150_A,"VAL_149_A,TYR_151_A,MET_506_A"
TYR_151_A,"LEU_150_A,ILE_152_A,ARG_154_A,THR_330_A,PHE_333_A"
ILE_152_A,"TRP_133_A,THR_141_A,TYR_151_A,ASN_153_A,TYR_450_A,ALA_451_A"
ASN_153_A,"TRP_133_A,ILE_152_A,ARG_154_A"
ARG_154_A,"TYR_151_A,ASN_153_A,LYS_155_A,ARG_158_A,THR_330_A,PHE_333_A,ASP_452_A"
LYS_155_A,"ARG_154_A,ALA_156_A,ARG_158_A,GLU_162_A,TYR_447_A"
ALA_156_A,"PHE_130_A,TRP_133_A,LYS_155_A,VAL_157_A"
VAL_157_A,"PHE_130_A,ALA_156_A,ARG_158_A"
ARG_158_A,"ARG_154_A,LYS_155_A,VAL_157_A,GLY_159_A"
GLY_159_A,"ARG_158_A,TRP_160_A"
TRP_160_A,"GLY_159_A,GLY_161_A,TYR_447_A,ILE_521_A,ALA_540_A"
GLY_161_A,"TRP_160_A,GLU_162_A,THR_163_A"
GLU_162_A,"LYS_155_A,GLY_161_A,THR_163_A,GLU_437_A,THR_448_A"
THR_163_A,"GLY_161_A,GLU_162_A,THR_164_A"
THR_164_A,"THR_163_A,ALA_165_A,ASN_282_A,GLY_442_A"
ALA_165_A,"THR_164_A,GLY_166_A,LEU_525_A"
GLY_166_A,"ALA_165_A,TYR_167_A"
TYR_167_A,"GLY_166_A,GLU_168_A,GLN_269_A"
GLU_168_A,"TYR_167_A,MET_169_A,TYR_289_A"
MET_169_A,"GLU_168_A,VAL_170_A,ASN_172_A,GLU_173_A"
VAL_170_A,"MET_169_A,ILE_171_A,ILE_175_A"
ILE_171_A,"VAL_170_A,ASN_172_A,ALA_255_A,TYR_289_A,TYR_293_A"
ASN_172_A,"MET_169_A,ILE_171_A,GLU_173_A,TYR_293_A"
GLU_173_A,"MET_169_A,ASN_172_A,GLY_174_A,ARG_181_A,LYS_530_A"
GLY_174_A,"GLU_173_A,ILE_175_A,GLU_176_A,GLY_177_A"
ILE_175_A,"VAL_170_A,GLY_174_A,GLU_176_A,ALA_210_A,PRO_251_A"
GLU_176_A,"GLY_174_A,ILE_175_A,GLY_177_A,ARG_180_A,GLU_252_A,LYS_253_A"
GLY_177_A,"GLY_174_A,GLU_176_A,ILE_178_A"
ILE_178_A,"GLY_177_A,LYS_179_A,LEU_527_A,ILE_533_A"
LYS_179_A,"ILE_178_A,ARG_180_A,GLU_183_A,GLU_252_A"
ARG_180_A,"GLU_176_A,LYS_179_A,ARG_181_A,GLU_183_A,GLU_184_A"
ARG_181_A,"GLU_173_A,ARG_180_A,ILE_182_A,LYS_530_A"
ILE_182_A,"ARG_181_A,GLU_183_A,LEU_206_A"
GLU_183_A,"LYS_179_A,ARG_180_A,ILE_182_A,GLU_184_A,LYS_186_A"
GLU_184_A,"ARG_180_A,GLU_183_A,THR_185_A,ASN_188_A"
THR_185_A,"GLU_184_A,LYS_186_A"
LYS_186_A,"GLU_183_A,THR_185_A,ASN_187_A"
ASN_187_A,"LYS_186_A,ASN_188_A"
ASN_188_A,"GLU_184_A,ASN_187_A,LEU_189_A"
LEU_189_A,"ASN_188_A,ASP_190_A,LYS_199_A,LEU_200_A"
ASP_190_A,"LEU_189_A,ILE_191_A,LYS_193_A,HIS_196_A"
ILE_191_A,"ASP_190_A,THR_192_A"
THR_192_A,"ILE_191_A,LYS_193_A"
LYS_193_A,"ASP_190_A,THR_192_A,SER_194_A,GLY_195_A,HIS_196_A"
SER_194_A,"LYS_193_A,GLY_195_A"
GLY_195_A,"LYS_193_A,SER_194_A,HIS_196_A"
HIS_196_A,"ASP_190_A,LYS_193_A,GLY_195_A,TYR_197_A,LEU_200_A"
TYR_197_A,"HIS_196_A,GLU_198_A,ALA_201_A"
GLU_198_A,"TYR_197_A,LYS_199_A,TYR_202_A"
LYS_199_A,"LEU_189_A,GLU_198_A,LEU_200_A,ALA_536_A,LYS_537_A"
LEU_200_A,"LEU_189_A,HIS_196_A,LYS_199_A,ALA_201_A"
ALA_201_A,"TYR_197_A,LEU_200_A,TYR_202_A"
TYR_202_A,"GLU_198_A,ALA_201_A,LEU_203_A,LYS_204_A,ALA_205_A,LEU_206_A,ASP_538_A"
LEU_203_A,"TYR_202_A,LYS_204_A"
LYS_204_A,"ARG_53_A,TYR_202_A,LEU_203_A,ALA_205_A,SER_207_A,LEU_208_A,GLU_211_A"
ALA_205_A,"ALA_49_A,TYR_202_A,LYS_204_A,LEU_206_A"
LEU_206_A,"ILE_182_A,TYR_202_A,ALA_205_A,SER_207_A"
SER_207_A,"LYS_204_A,LEU_206_A,LEU_208_A"
LEU_208_A,"TYR_50_A,LYS_204_A,SER_207_A,VAL_209_A,GLU_211_A,GLY_212_A"
VAL_209_A,"ALA_49_A,PHE_52_A,LEU_208_A,ALA_210_A,ALA_524_A,LEU_527_A"
ALA_210_A,"ILE_175_A,VAL_209_A,GLU_211_A"
GLU_211_A,"ARG_53_A,LYS_204_A,LEU_208_A,ALA_210_A,GLY_212_A"
GLY_212_A,"CYS_56_A,LEU_208_A,GLU_211_A,ILE_213_A"
ILE_213_A,"GLY_212_A,ILE_214_A,SER_217_A"
ILE_214_A,"ILE_213_A,ILE_215_A,SER_217_A,GLU_252_A"
ILE_215_A,"ARG_53_A,ILE_214_A,LEU_216_A"
LEU_216_A,"CYS_56_A,ILE_215_A,SER_217_A,TYR_220_A"
SER_217_A,"ILE_213_A,ILE_214_A,LEU_216_A,LYS_218_A"
LYS_218_A,"SER_217_A,ARG_219_A,LYS_222_A,ASP_248_A,GLU_252_A"
ARG_219_A,"CYS_56_A,LYS_59_A,LYS_218_A,TYR_220_A"
TYR_220_A,"VAL_61_A,LEU_216_A,ARG_219_A,ALA_221_A"
ALA_221_A,"TYR_220_A,LYS_222_A,ALA_224_A,LYS_225_A,CYS_247_A"
LYS_222_A,"LYS_218_A,ALA_221_A,GLU_223_A"
GLU_223_A,"LYS_62_A,ILE_63_A,LYS_222_A,ALA_224_A,ARG_226_A,LEU_227_A"
ALA_224_A,"ALA_221_A,GLU_223_A,LYS_225_A,ILE_243_A"
LYS_225_A,"ALA_221_A,ALA_224_A,ARG_226_A,ALA_228_A,GLN_229_A,GLU_241_A"
ARG_226_A,"GLU_223_A,LYS_225_A,LEU_227_A"
LEU_227_A,"GLU_223_A,ARG_226_A,ALA_228_A,LEU_240_A"
ALA_228_A,"LYS_225_A,LEU_227_A,GLN_229_A,LEU_230_A,GLU_231_A"
GLN_229_A,"LYS_225_A,ALA_228_A,LEU_230_A"
LEU_230_A,"ALA_228_A,GLN_229_A,GLU_231_A"
GLU_231_A,"ALA_228_A,LEU_230_A,THR_232_A,ARG_236_A,LYS_237_A"
THR_232_A,"GLU_231_A,ASP_233_A,SER_234_A"
ASP_233_A,"THR_232_A,SER_234_A,LYS_237_A"
SER_234_A,"THR_232_A,ASP_233_A,LYS_235_A"
LYS_235_A,"SER_234_A,ARG_236_A,LYS_237_A,LYS_238_A,GLU_239_A"
ARG_236_A,"ASP_65_A,ASP_66_A,GLU_67_A,GLU_231_A,LYS_235_A,LYS_237_A,GLU_239_A"
LYS_237_A,"GLU_231_A,ASP_233_A,LYS_235_A,ARG_236_A,LYS_238_A,GLU_241_A"
LYS_238_A,"LYS_235_A,LYS_237_A,GLU_239_A"
GLU_239_A,"ASP_66_A,LYS_235_A,ARG_236_A,LYS_238_A,LEU_240_A,ILE_243_A"
LEU_240_A,"LEU_227_A,GLU_239_A,GLU_241_A,ALA_244_A"
GLU_241_A,"LYS_225_A,LYS_237_A,LEU_240_A,ILE_242_A,LYS_245_A"
ILE_242_A,"GLU_241_A,ILE_243_A,THR_246_A"
ILE_243_A,"ALA_224_A,GLU_239_A,ILE_242_A,ALA_244_A,CYS_247_A"
ALA_244_A,"LEU_240_A,ILE_243_A,LYS_245_A"
LYS_245_A,"GLU_241_A,ALA_244_A,THR_246_A,ARG_256_A,GLU_260_A"
THR_246_A,"ILE_242_A,LYS_245_A,CYS_247_A,ASP_248_A,ARG_249_A,VAL_250_A,GLU_260_A"
CYS_247_A,"ALA_221_A,ILE_243_A,THR_246_A,ASP_248_A"
ASP_248_A,"LYS_218_A,THR_246_A,CYS_247_A,ARG_249_A,GLU_252_A"
ARG_249_A,"THR_246_A,ASP_248_A,VAL_250_A,LYS_253_A,ARG_256_A,GLU_260_A"
VAL_250_A,"THR_246_A,ARG_249_A,GLN_263_A"
PRO_251_A,"ILE_175_A,GLU_252_A,LYS_253_A"
GLU_252_A,"GLU_176_A,LYS_179_A,ILE_214_A,LYS_218_A,ASP_248_A,PRO_251_A,LYS_253_A"
LYS_253_A,"GLU_176_A,ARG_249_A,PRO_251_A,GLU_252_A"
PRO_254_A,ALA_255_A
ALA_255_A,"ILE_171_A,PRO_254_A,ARG_256_A"
ARG_256_A,"LYS_245_A,ARG_249_A,ALA_255_A,THR_257_A,GLU_260_A"
THR_257_A,"ARG_256_A,PHE_258_A,GLU_260_A,ALA_261_A"
PHE_258_A,"THR_257_A,ARG_259_A,ALA_261_A,LEU_262_A,TYR_294_A,ASP_297_A,LEU_312_A"
ARG_259_A,"PHE_258_A,GLU_260_A,GLU_307_A,LEU_311_A"
GLU_260_A,"LYS_245_A,THR_246_A,ARG_249_A,ARG_256_A,THR_257_A,ARG_259_A,ALA_261_A"
ALA_261_A,"THR_257_A,PHE_258_A,GLU_260_A,LEU_262_A,LEU_265_A,LEU_290_A"
LEU_262_A,"PHE_258_A,ALA_261_A,GLN_263_A,LEU_290_A,LEU_315_A"
GLN_263_A,"VAL_70_A,VAL_250_A,LEU_262_A,SER_264_A,PHE_267_A"
SER_264_A,"GLN_263_A,LEU_265_A"
LEU_265_A,"ALA_261_A,SER_264_A,TYR_266_A,TYR_268_A,GLN_269_A,MET_286_A"
TYR_266_A,"LEU_265_A,PHE_267_A,ILE_270_A,LEU_315_A,LYS_318_A"
PHE_267_A,"GLN_263_A,TYR_266_A,TYR_268_A"
TYR_268_A,"LEU_265_A,PHE_267_A,GLN_269_A,ILE_272_A,LEU_525_A,SER_528_A"
GLN_269_A,"TYR_167_A,LEU_265_A,TYR_268_A,ILE_270_A"
ILE_270_A,"TYR_266_A,GLN_269_A,CYS_271_A,MET_274_A"
CYS_271_A,"ILE_270_A,ILE_272_A,MET_274_A"
ILE_272_A,"TYR_268_A,CYS_271_A,PHE_273_A,TYR_281_A"
PHE_273_A,"ILE_272_A,MET_274_A,TYR_281_A,MET_339_A"
MET_274_A,"PHE_52_A,ILE_270_A,CYS_271_A,PHE_273_A,GLU_275_A"
GLU_275_A,"LYS_48_A,MET_274_A,GLN_276_A"
GLN_276_A,"GLU_275_A,ASN_277_A"
ASN_277_A,"GLN_276_A,ALA_278_A"
ALA_278_A,"ASN_277_A,ALA_279_A"
ALA_279_A,"ALA_278_A,SER_280_A"
SER_280_A,"ALA_279_A,TYR_281_A,MET_339_A"
TYR_281_A,"ILE_272_A,PHE_273_A,SER_280_A,ASN_282_A"
ASN_282_A,"THR_164_A,TYR_281_A,PHE_340_A,ASN_342_A"
PRO_283_A,"GLY_284_A,MET_286_A"
GLY_284_A,"PRO_283_A,ARG_285_A,MET_286_A,ASN_342_A"
ARG_285_A,"GLY_284_A,MET_286_A,ASP_287_A,ILE_348_A,ASP_349_A,ARG_380_A,ASP_410_A"
MET_286_A,"LEU_265_A,PRO_283_A,GLY_284_A,ARG_285_A,ASP_287_A,LEU_290_A,VAL_343_A"
ASP_287_A,"ARG_285_A,MET_286_A,GLN_288_A,VAL_345_A,SER_360_A"
GLN_288_A,"ASP_287_A,TYR_289_A,ALA_355_A"
TYR_289_A,"GLU_168_A,ILE_171_A,GLN_288_A,LEU_290_A"
LEU_290_A,"ALA_261_A,LEU_262_A,MET_286_A,TYR_289_A,TYR_291_A"
TYR_291_A,"LEU_290_A,TYR_294_A,LYS_295_A,ASN_357_A"
PRO_292_A,TYR_293_A
TYR_293_A,"ILE_171_A,ASN_172_A,PRO_292_A,TYR_294_A"
TYR_294_A,"PHE_258_A,TYR_291_A,TYR_293_A,LYS_295_A,ILE_298_A,ALA_308_A,MET_362_A"
LYS_295_A,"TYR_291_A,TYR_294_A,SER_296_A,ILE_298_A,GLU_299_A"
SER_296_A,"LYS_295_A,ASP_297_A,SER_300_A"
ASP_297_A,"PHE_258_A,SER_296_A,ILE_298_A,ARG_302_A"
ILE_298_A,"TYR_294_A,LYS_295_A,ASP_297_A,GLU_299_A,SER_300_A"
GLU_299_A,"LYS_295_A,ILE_298_A,SER_300_A"
SER_300_A,"SER_296_A,ILE_298_A,GLU_299_A,GLY_301_A"
GLY_301_A,"SER_300_A,ARG_302_A,ILE_303_A"
ARG_302_A,"ASP_297_A,GLY_301_A,ILE_303_A"
ILE_303_A,"GLY_301_A,ARG_302_A,THR_304_A"
THR_304_A,"ILE_303_A,LYS_305_A,ASP_306_A,GLU_307_A,ALA_308_A"
LYS_305_A,"THR_304_A,ASP_306_A,MET_362_A"
ASP_306_A,"ARG_9_A,THR_304_A,LYS_305_A,GLU_307_A"
GLU_307_A,"ARG_259_A,THR_304_A,ASP_306_A,ALA_308_A"
ALA_308_A,"TYR_294_A,THR_304_A,GLU_307_A,GLN_309_A,LEU_311_A"
GLN_309_A,"ALA_308_A,GLU_310_A"
GLU_310_A,"ARG_9_A,GLN_309_A,LEU_311_A,CYS_314_A"
LEU_311_A,"ARG_259_A,ALA_308_A,GLU_310_A,LEU_312_A,CYS_314_A,LEU_315_A"
LEU_312_A,"PHE_258_A,LEU_311_A,ASP_313_A,CYS_314_A,LEU_315_A,TRP_316_A"
ASP_313_A,"ARG_9_A,LYS_11_A,LEU_312_A,CYS_314_A,ASP_369_A,VAL_370_A"
CYS_314_A,"GLU_310_A,LEU_311_A,LEU_312_A,ASP_313_A,LEU_315_A,VAL_317_A,LYS_318_A"
LEU_315_A,"LEU_262_A,TYR_266_A,LEU_311_A,LEU_312_A,CYS_314_A,TRP_316_A,LYS_318_A,PHE_319_A"
TRP_316_A,"LEU_312_A,LEU_315_A,VAL_317_A,SER_320_A,ILE_363_A,PRO_375_A"
VAL_317_A,"LYS_14_A,CYS_314_A,TRP_316_A,LYS_318_A,VAL_370_A,LEU_372_A"
LYS_318_A,"GLU_67_A,GLY_71_A,TYR_266_A,CYS_314_A,LEU_315_A,VAL_317_A,PHE_319_A,GLU_321_A"
PHE_319_A,"LEU_315_A,LYS_318_A,SER_320_A,PRO_375_A"
SER_320_A,"TRP_316_A,PHE_319_A,GLU_321_A"
GLU_321_A,"GLU_67_A,LYS_318_A,SER_320_A"
PRO_322_A,"CYS_323_A,MET_339_A"
CYS_323_A,"PHE_106_A,PRO_322_A,LEU_324_A"
LEU_324_A,"CYS_323_A,PHE_325_A"
PHE_325_A,"MET_24_A,VAL_90_A,LEU_324_A,GLN_326_A"
GLN_326_A,"ARG_101_A,ASP_104_A,PHE_325_A,ASP_327_A"
ASP_327_A,"VAL_90_A,GLU_94_A,GLN_326_A,GLU_328_A,THR_330_A"
GLU_328_A,"GLU_94_A,ARG_101_A,ASP_327_A,VAL_329_A"
VAL_329_A,"GLU_328_A,THR_330_A,ALA_331_A,GLN_332_A"
THR_330_A,"TYR_151_A,ARG_154_A,ASP_327_A,VAL_329_A,ALA_331_A,SER_334_A"
ALA_331_A,"ASP_104_A,VAL_329_A,THR_330_A,GLN_332_A,SER_334_A,ALA_335_A"
GLN_332_A,"VAL_329_A,ALA_331_A,PHE_333_A"
PHE_333_A,"TYR_151_A,ARG_154_A,GLN_332_A,SER_334_A,PHE_651_A"
SER_334_A,"THR_330_A,ALA_331_A,PHE_333_A,ALA_335_A"
ALA_335_A,"ALA_331_A,SER_334_A,GLY_336_A,TYR_767_A"
GLY_336_A,"ASP_104_A,ALA_335_A,TYR_337_A"
TYR_337_A,"PRO_105_A,PHE_106_A,GLY_336_A"
PRO_338_A,"MET_339_A,PHE_340_A,TYR_767_A"
MET_339_A,"PHE_273_A,SER_280_A,PRO_322_A,PRO_338_A,PHE_340_A,GLN_341_A"
PHE_340_A,"ASN_282_A,PRO_338_A,MET_339_A,GLN_341_A,TYR_767_A"
GLN_341_A,"MET_339_A,PHE_340_A,ASN_342_A,GLN_374_A"
ASN_342_A,"ASN_282_A,GLY_284_A,GLN_341_A,VAL_343_A,SER_378_A,GLY_434_A"
VAL_343_A,"MET_286_A,ASN_342_A,CYS_344_A,SER_376_A,SER_378_A"
CYS_344_A,"VAL_343_A,VAL_345_A"
VAL_345_A,"ASP_287_A,CYS_344_A,GLY_346_A,ILE_363_A,LEU_364_A,PHE_390_A"
GLY_346_A,"VAL_345_A,GLY_347_A,ARG_380_A"
GLY_347_A,"GLY_346_A,ILE_348_A"
ILE_348_A,"ARG_285_A,GLY_347_A,ASP_349_A,ARG_385_A,TYR_428_A"
ASP_349_A,"ARG_285_A,ILE_348_A,GLU_350_A,ARG_351_A,GLY_352_A,MET_353_A"
GLU_350_A,"ASP_349_A,ARG_351_A"
ARG_351_A,"ASP_349_A,GLU_350_A,GLY_352_A,MET_353_A"
GLY_352_A,"ASP_349_A,ARG_351_A,MET_353_A"
MET_353_A,"ASP_349_A,ARG_351_A,GLY_352_A,ASP_354_A"
ASP_354_A,"MET_353_A,ALA_355_A,ASN_386_A"
ALA_355_A,"GLN_288_A,ASP_354_A,VAL_356_A"
VAL_356_A,"ALA_355_A,ASN_357_A,PHE_361_A,PHE_390_A"
ASN_357_A,"TYR_291_A,VAL_356_A,ASP_358_A,LEU_359_A,SER_360_A"
ASP_358_A,"ASN_357_A,LEU_359_A,MET_362_A"
LEU_359_A,"ASN_357_A,ASP_358_A,SER_360_A,ILE_363_A"
SER_360_A,"ASP_287_A,ASN_357_A,LEU_359_A,PHE_361_A"
PHE_361_A,"VAL_356_A,SER_360_A,MET_362_A,GLN_365_A"
MET_362_A,"TYR_294_A,LYS_305_A,ASP_358_A,PHE_361_A,ILE_363_A"
ILE_363_A,"TRP_316_A,VAL_345_A,LEU_359_A,MET_362_A,LEU_364_A"
LEU_364_A,"VAL_345_A,ILE_363_A,GLN_365_A,LEU_377_A,VAL_394_A"
GLN_365_A,"PHE_361_A,LEU_364_A,ALA_366_A,ASP_369_A"
ALA_366_A,"GLN_365_A,THR_367_A"
THR_367_A,"ALA_366_A,MET_368_A,PHE_404_A"
MET_368_A,"THR_367_A,ASP_369_A,LEU_400_A"
ASP_369_A,"ARG_9_A,ASP_313_A,GLN_365_A,MET_368_A,VAL_370_A"
VAL_370_A,"ASP_313_A,VAL_317_A,ASP_369_A,GLN_371_A"
GLN_371_A,"VAL_370_A,LEU_372_A"
LEU_372_A,"LEU_18_A,VAL_317_A,GLN_371_A,TYR_373_A"
TYR_373_A,"LEU_372_A,GLN_374_A,THR_768_A,TYR_770_A"
GLN_374_A,"GLN_341_A,TYR_373_A"
PRO_375_A,"TRP_316_A,PHE_319_A,SER_376_A,LEU_377_A"
SER_376_A,"VAL_343_A,PRO_375_A,LEU_377_A"
LEU_377_A,"LEU_364_A,PRO_375_A,SER_376_A,SER_378_A,PRO_405_A"
SER_378_A,"ASN_342_A,VAL_343_A,LEU_377_A,VAL_379_A"
VAL_379_A,"SER_378_A,ARG_380_A"
ARG_380_A,"ARG_285_A,GLY_346_A,VAL_379_A,TYR_381_A,ASP_410_A,TYR_428_A"
TYR_381_A,"ARG_380_A,ASN_382_A,MET_383_A,LEU_391_A,PHE_407_A"
ASN_382_A,"TYR_381_A,MET_383_A,SER_384_A,ARG_385_A,ASN_386_A"
MET_383_A,"TYR_381_A,ASN_382_A,SER_384_A,LYS_727_A,CYS_730_A"
SER_384_A,"ASN_382_A,MET_383_A,ARG_385_A"
ARG_385_A,"ILE_348_A,ASN_382_A,SER_384_A,ASN_386_A"
ASN_386_A,"ASP_354_A,ASN_382_A,ARG_385_A,SER_387_A"
SER_387_A,"ASN_386_A,ASN_388_A,ALA_389_A,PHE_390_A"
ASN_388_A,"SER_387_A,ALA_389_A,LEU_391_A,LYS_392_A"
ALA_389_A,"SER_387_A,ASN_388_A,PHE_390_A"
PHE_390_A,"VAL_345_A,VAL_356_A,SER_387_A,ALA_389_A,LEU_391_A,VAL_394_A"
LEU_391_A,"TYR_381_A,ASN_388_A,PHE_390_A,LYS_392_A"
LYS_392_A,"ASN_388_A,LEU_391_A,LYS_393_A,VAL_394_A,ALA_395_A,GLU_396_A,THR_719_A"
LYS_393_A,"LYS_392_A,VAL_394_A,GLU_396_A"
VAL_394_A,"LEU_364_A,PHE_390_A,LYS_392_A,LYS_393_A,ALA_395_A"
ALA_395_A,"LYS_392_A,VAL_394_A,GLU_396_A"
GLU_396_A,"LYS_392_A,LYS_393_A,ALA_395_A,VAL_397_A"
VAL_397_A,"GLU_396_A,MET_398_A,LEU_400_A"
MET_398_A,"VAL_397_A,LYS_399_A,LEU_400_A"
LYS_399_A,"MET_398_A,LEU_400_A,SER_718_A,THR_719_A"
LEU_400_A,"MET_368_A,VAL_397_A,MET_398_A,LYS_399_A,GLY_401_A,THR_402_A"
GLY_401_A,"LEU_400_A,THR_402_A"
THR_402_A,"LEU_400_A,GLY_401_A,GLY_403_A,PHE_404_A"
GLY_403_A,"THR_402_A,PHE_404_A,ARG_763_A"
PHE_404_A,"THR_367_A,THR_402_A,GLY_403_A"
PRO_405_A,"LEU_377_A,ALA_406_A"
ALA_406_A,"PRO_405_A,PHE_407_A"
PHE_407_A,"TYR_381_A,ALA_406_A,HIS_408_A,LEU_726_A,MET_729_A"
HIS_408_A,"PHE_407_A,SER_409_A,PHE_735_A,HIS_736_A"
SER_409_A,"HIS_408_A,ASP_410_A,GLU_411_A,VAL_412_A,PHE_735_A"
ASP_410_A,"ARG_285_A,ARG_380_A,SER_409_A,GLU_411_A"
GLU_411_A,"SER_409_A,ASP_410_A,VAL_412_A"
VAL_412_A,"SER_409_A,GLU_411_A,GLY_413_A"
GLY_413_A,"VAL_412_A,ILE_414_A"
ILE_414_A,"GLY_413_A,GLN_415_A,MET_417_A,LEU_418_A,MET_424_A"
GLN_415_A,"ILE_414_A,MET_416_A,ASN_419_A,ILE_696_A"
MET_416_A,"GLN_415_A,MET_417_A"
MET_417_A,"ILE_414_A,MET_416_A,LEU_418_A,ILE_422_A,TRP_430_A"
LEU_418_A,"ILE_414_A,MET_417_A,ASN_419_A,LYS_420_A,GLY_421_A,MET_424_A"
ASN_419_A,"GLN_415_A,LEU_418_A,LYS_420_A,ILE_696_A"
LYS_420_A,"LEU_418_A,ASN_419_A,GLY_421_A,THR_438_A,ASN_699_A"
GLY_421_A,"LEU_418_A,LYS_420_A,ILE_422_A"
ILE_422_A,"MET_417_A,GLY_421_A"
PRO_423_A,"MET_424_A,ARG_425_A,ALA_427_A"
MET_424_A,"ILE_414_A,LEU_418_A,PRO_423_A,ARG_425_A"
ARG_425_A,"PRO_423_A,MET_424_A,GLU_426_A,LYS_545_A"
GLU_426_A,"ARG_425_A,ALA_427_A,LYS_443_A,LYS_545_A,TYR_546_A"
ALA_427_A,"PRO_423_A,GLU_426_A,TYR_428_A"
TYR_428_A,"ILE_348_A,ARG_380_A,ALA_427_A,ASN_429_A"
ASN_429_A,"TYR_428_A,TRP_430_A,LEU_440_A"
TRP_430_A,"MET_417_A,ASN_429_A,ASN_431_A,PRO_432_A"
ASN_431_A,"TRP_430_A,ASN_439_A"
PRO_432_A,"TRP_430_A,CYS_433_A"
CYS_433_A,"PRO_432_A,GLY_434_A,GLU_437_A,ASN_439_A"
GLY_434_A,"ASN_342_A,CYS_433_A,CYS_435_A"
CYS_435_A,"GLY_434_A,VAL_436_A,GLU_437_A"
VAL_436_A,"CYS_435_A,GLU_437_A,LEU_703_A"
GLU_437_A,"GLU_162_A,CYS_433_A,CYS_435_A,VAL_436_A,THR_438_A,THR_448_A"
THR_438_A,"LYS_420_A,GLU_437_A,ASN_439_A"
ASN_439_A,"ASN_431_A,CYS_433_A,THR_438_A,LEU_440_A"
LEU_440_A,"ASN_429_A,ASN_439_A,ALA_441_A"
ALA_441_A,"LEU_440_A,GLY_442_A"
GLY_442_A,"THR_164_A,ALA_441_A,LYS_443_A"
LYS_443_A,"GLU_426_A,GLY_442_A,GLN_444_A,LYS_545_A"
GLN_444_A,"LYS_443_A,ARG_445_A"
ARG_445_A,"GLN_444_A,CYS_446_A,ASP_514_A,TYR_539_A,ALA_544_A"
CYS_446_A,"ARG_445_A,TYR_447_A"
TYR_447_A,"LYS_155_A,TRP_160_A,CYS_446_A,THR_448_A,SER_449_A"
THR_448_A,"GLU_162_A,GLU_437_A,TYR_447_A,SER_449_A"
SER_449_A,"TYR_447_A,THR_448_A,TYR_450_A,ASP_553_A"
TYR_450_A,"ILE_152_A,SER_449_A,ALA_451_A,GLY_509_A,GLY_551_A"
ALA_451_A,"ILE_152_A,TYR_450_A,ASP_452_A,MET_506_A"
ASP_452_A,"ARG_154_A,ALA_451_A,TYR_453_A,ASP_553_A"
TYR_453_A,"ASP_452_A,ASN_454_A,ALA_554_A"
ASN_454_A,"VAL_149_A,TYR_453_A,LEU_455_A,GLY_456_A,ALA_457_A,PHE_651_A"
LEU_455_A,"ASN_454_A,GLY_456_A,LEU_560_A"
GLY_456_A,"ASN_454_A,LEU_455_A,ALA_457_A"
ALA_457_A,"ASN_454_A,GLY_456_A,ILE_458_A,PHE_461_A"
ILE_458_A,"ALA_457_A,VAL_459_A,PHE_461_A"
VAL_459_A,"ILE_458_A,GLU_460_A,LEU_560_A,LEU_658_A"
GLU_460_A,"VAL_459_A,PHE_461_A,ARG_469_A,GLY_656_A"
PHE_461_A,"VAL_149_A,ALA_457_A,ILE_458_A,GLU_460_A,VAL_462_A,ASN_465_A,GLY_466_A,ALA_475_A"
VAL_462_A,"PHE_461_A,MET_463_A"
MET_463_A,"VAL_462_A,ASN_464_A"
ASN_464_A,"MET_463_A,ASN_465_A,ARG_469_A"
ASN_465_A,"PHE_461_A,ASN_464_A,GLY_466_A,GLY_480_A"
GLY_466_A,"PHE_461_A,ASN_465_A,LYS_467_A"
LYS_467_A,"GLY_466_A,SER_468_A,GLN_474_A"
SER_468_A,"LYS_467_A,ARG_469_A,ASN_472_A,THR_473_A"
ARG_469_A,"GLU_460_A,ASN_464_A,SER_468_A,LYS_470_A"
LYS_470_A,"ARG_469_A,TYR_471_A,GLU_654_A"
TYR_471_A,"LYS_470_A,ASN_472_A,GLU_654_A"
ASN_472_A,"SER_468_A,TYR_471_A,THR_473_A"
THR_473_A,"SER_468_A,ASN_472_A,GLN_474_A,ALA_475_A"
GLN_474_A,"LYS_467_A,THR_473_A,ALA_475_A"
ALA_475_A,"PHE_461_A,THR_473_A,GLN_474_A,SER_476_A"
SER_476_A,"ALA_475_A,ILE_477_A,GLN_498_A"
ILE_477_A,"SER_476_A,ALA_478_A"
ALA_478_A,"ILE_477_A,THR_479_A"
THR_479_A,"ALA_478_A,GLY_480_A,GLN_498_A"
GLY_480_A,"ASN_465_A,THR_479_A,ASP_481_A"
ASP_481_A,"GLY_480_A,CYS_483_A"
PRO_482_A,CYS_483_A
CYS_483_A,"ASP_481_A,PRO_482_A,THR_484_A"
THR_484_A,"CYS_483_A,PHE_485_A"
PHE_485_A,"THR_484_A,GLU_486_A,PHE_491_A,ALA_494_A"
GLU_486_A,"PHE_485_A,THR_487_A,GLU_490_A"
THR_487_A,"GLU_486_A,TYR_488_A"
TYR_488_A,"THR_487_A,ASN_489_A,PHE_491_A,LEU_492_A,TYR_572_A"
ASN_489_A,"TYR_488_A,GLU_490_A,PHE_491_A,GLY_493_A"
GLU_490_A,"GLU_486_A,ASN_489_A,PHE_491_A"
PHE_491_A,"PHE_485_A,TYR_488_A,ASN_489_A,GLU_490_A,LEU_492_A,GLY_493_A,ALA_494_A,VAL_495_A,VAL_567_A"
LEU_492_A,"TYR_488_A,PHE_491_A,GLY_493_A,LYS_496_A,LEU_620_A"
GLY_493_A,"ASN_489_A,PHE_491_A,LEU_492_A,ALA_494_A"
ALA_494_A,"PHE_485_A,PHE_491_A,GLY_493_A,VAL_495_A"
VAL_495_A,"PHE_491_A,ALA_494_A,LYS_496_A"
LYS_496_A,"LEU_492_A,VAL_495_A,ASN_497_A,GLN_498_A,ILE_499_A,ARG_500_A,PHE_623_A"
ASN_497_A,"LYS_496_A,GLN_498_A"
GLN_498_A,"SER_476_A,THR_479_A,LYS_496_A,ASN_497_A,ILE_499_A"
ILE_499_A,"LYS_496_A,GLN_498_A,ARG_500_A,ILE_624_A,LEU_627_A"
ARG_500_A,"LYS_496_A,ILE_499_A,TYR_501_A"
TYR_501_A,"ARG_500_A,VAL_502_A"
VAL_502_A,"TYR_501_A,ILE_503_A"
ILE_503_A,"VAL_502_A,ARG_504_A,MET_506_A,VAL_507_A,ILE_628_A,PHE_631_A"
ARG_504_A,"ILE_503_A,ALA_505_A,VAL_507_A,ALA_508_A"
ALA_505_A,"THR_141_A,ARG_504_A,MET_506_A,GLY_509_A"
MET_506_A,"LEU_150_A,ALA_451_A,ILE_503_A,ALA_505_A,VAL_507_A,SER_510_A,LEU_552_A"
VAL_507_A,"ILE_503_A,ARG_504_A,MET_506_A,ALA_508_A,HIS_511_A,PHE_631_A"
ALA_508_A,"PRO_138_A,ARG_504_A,VAL_507_A,GLY_509_A,VAL_512_A"
GLY_509_A,"TYR_450_A,ALA_505_A,ALA_508_A,SER_510_A,VAL_512_A,ASN_513_A"
SER_510_A,"MET_506_A,GLY_509_A,HIS_511_A,ASP_514_A,ASN_550_A"
HIS_511_A,"VAL_507_A,SER_510_A,VAL_512_A,ASP_514_A"
VAL_512_A,"PRO_138_A,ALA_508_A,GLY_509_A,HIS_511_A,ASN_513_A"
ASN_513_A,"GLY_509_A,VAL_512_A,ASP_514_A,GLY_517_A"
ASP_514_A,"ARG_445_A,SER_510_A,HIS_511_A,ASN_513_A,ASP_515_A,PHE_518_A,ASN_550_A"
ASP_515_A,"ASP_514_A,ILE_516_A,LYS_634_A"
ILE_516_A,"ASP_515_A,GLY_517_A"
GLY_517_A,"ASN_513_A,ILE_516_A,PHE_518_A,ILE_521_A"
PHE_518_A,"ASP_514_A,GLY_517_A,GLU_519_A,ARG_520_A,TRP_541_A,PHE_635_A"
GLU_519_A,"PHE_518_A,ARG_520_A"
ARG_520_A,"LYS_132_A,PHE_518_A,GLU_519_A,ILE_521_A"
ILE_521_A,"TRP_160_A,GLY_517_A,ARG_520_A,CYS_522_A"
CYS_522_A,ILE_521_A
PRO_523_A,ALA_524_A
ALA_524_A,"VAL_209_A,PRO_523_A,LEU_525_A"
LEU_525_A,"ALA_165_A,TYR_268_A,ALA_524_A,SER_526_A,LEU_527_A,SER_528_A"
SER_526_A,"LEU_525_A,LEU_527_A,SER_528_A,ASP_538_A"
LEU_527_A,"ILE_178_A,VAL_209_A,LEU_525_A,SER_526_A,SER_528_A"
SER_528_A,"TYR_268_A,LEU_525_A,SER_526_A,LEU_527_A,PHE_529_A"
PHE_529_A,"SER_528_A,LYS_530_A,TYR_539_A"
LYS_530_A,"GLU_173_A,ARG_181_A,PHE_529_A,GLU_531_A"
GLU_531_A,"LYS_530_A,CYS_532_A,ILE_533_A,SER_534_A,SER_535_A,LYS_545_A"
CYS_532_A,"GLU_531_A,ILE_533_A"
ILE_533_A,"ILE_178_A,GLU_531_A,CYS_532_A,SER_534_A"
SER_534_A,"GLU_531_A,ILE_533_A,SER_535_A"
SER_535_A,"GLU_531_A,SER_534_A,ALA_536_A"
ALA_536_A,"LYS_199_A,SER_535_A,LYS_537_A"
LYS_537_A,"LYS_199_A,ALA_536_A,ASP_538_A"
ASP_538_A,"TYR_202_A,SER_526_A,LYS_537_A,TYR_539_A,ALA_540_A,GLY_542_A"
TYR_539_A,"ARG_445_A,PHE_529_A,ASP_538_A,ALA_540_A"
ALA_540_A,"TRP_160_A,ASP_538_A,TYR_539_A,TRP_541_A"
TRP_541_A,"PHE_518_A,ALA_540_A,GLY_542_A"
GLY_542_A,"ASP_538_A,TRP_541_A,GLY_543_A,ALA_544_A"
GLY_543_A,"GLY_542_A,ALA_544_A"
ALA_544_A,"ARG_445_A,GLY_542_A,GLY_543_A,LYS_545_A"
LYS_545_A,"ARG_425_A,GLU_426_A,LYS_443_A,GLU_531_A,ALA_544_A,TYR_546_A"
TYR_546_A,"GLU_426_A,LYS_545_A,ASN_547_A"
ASN_547_A,"TYR_546_A,ILE_548_A"
ILE_548_A,"ASN_547_A,GLY_549_A"
GLY_549_A,"ILE_548_A,ASN_550_A"
ASN_550_A,"SER_510_A,ASP_514_A,GLY_549_A,GLY_551_A"
GLY_551_A,"TYR_450_A,ASN_550_A,LEU_552_A"
LEU_552_A,"MET_506_A,GLY_551_A,ASP_553_A,THR_639_A"
ASP_553_A,"SER_449_A,ASP_452_A,LEU_552_A,ALA_554_A"
ALA_554_A,"TYR_453_A,ASP_553_A,ILE_555_A,GLY_641_A"
ILE_555_A,"ALA_554_A,GLY_556_A,PRO_644_A,PHE_651_A"
GLY_556_A,"ILE_555_A,VAL_557_A,LEU_560_A"
VAL_557_A,"GLY_556_A,ALA_558_A,ASP_559_A,LEU_560_A,PHE_621_A,ILE_642_A"
ALA_558_A,"VAL_557_A,ASP_559_A,ALA_669_A"
ASP_559_A,"VAL_557_A,ALA_558_A,LEU_560_A,ARG_662_A"
LEU_560_A,"LEU_455_A,VAL_459_A,GLY_556_A,VAL_557_A,ASP_559_A,VAL_561_A,VAL_564_A"
VAL_561_A,"LEU_560_A,ASN_562_A,TYR_565_A,VAL_613_A,LEU_616_A"
ASN_562_A,"VAL_561_A,SER_563_A,TYR_606_A"
SER_563_A,"ASN_562_A,VAL_564_A"
VAL_564_A,"LEU_560_A,SER_563_A,TYR_565_A,VAL_567_A"
TYR_565_A,"VAL_561_A,VAL_564_A,ALA_566_A,TYR_569_A,GLU_612_A"
ALA_566_A,"TYR_565_A,VAL_567_A"
VAL_567_A,"PHE_491_A,VAL_564_A,ALA_566_A,LYS_568_A,VAL_571_A,TYR_572_A,MET_579_A"
LYS_568_A,"VAL_567_A,TYR_569_A,ASP_573_A,GLU_612_A"
TYR_569_A,"TYR_565_A,LYS_568_A,LEU_570_A,LYS_574_A"
LEU_570_A,"TYR_569_A,VAL_571_A,VAL_603_A"
VAL_571_A,"VAL_567_A,LEU_570_A,TYR_572_A,MET_579_A"
TYR_572_A,"TYR_488_A,VAL_567_A,VAL_571_A,ASP_573_A"
ASP_573_A,"LYS_568_A,TYR_572_A,LYS_574_A"
LYS_574_A,"TYR_569_A,ASP_573_A,LYS_575_A,LEU_576_A"
LYS_575_A,"LYS_574_A,LEU_576_A"
LEU_576_A,"LYS_574_A,LYS_575_A,ILE_577_A"
ILE_577_A,"LEU_576_A,SER_578_A,ILE_596_A,MET_599_A"
SER_578_A,"ILE_577_A,MET_579_A,LYS_581_A"
MET_579_A,"VAL_567_A,VAL_571_A,SER_578_A,GLU_580_A,LYS_581_A,LEU_582_A"
GLU_580_A,"MET_579_A,LYS_581_A"
LYS_581_A,"SER_578_A,MET_579_A,GLU_580_A,LEU_582_A,LYS_584_A,ALA_585_A"
LEU_582_A,"MET_579_A,LYS_581_A,VAL_583_A,ALA_585_A"
VAL_583_A,"LEU_582_A,LYS_584_A,SER_587_A"
LYS_584_A,"LYS_581_A,VAL_583_A,ALA_585_A"
ALA_585_A,"LYS_581_A,LEU_582_A,LYS_584_A,ILE_586_A,PHE_590_A"
ILE_586_A,"ALA_585_A,SER_587_A,ASP_589_A,PHE_590_A"
SER_587_A,"VAL_583_A,ILE_586_A,ASN_588_A"
ASN_588_A,"SER_587_A,ASP_589_A,PHE_590_A"
ASP_589_A,"ILE_586_A,ASN_588_A,PHE_590_A,GLU_591_A,ALA_664_A"
PHE_590_A,"ALA_585_A,ILE_586_A,ASN_588_A,ASP_589_A,GLU_591_A,GLN_597_A"
GLU_591_A,"ASP_589_A,PHE_590_A,GLY_592_A"
GLY_592_A,"GLU_591_A,TYR_593_A"
TYR_593_A,"GLY_592_A,GLU_594_A,GLU_595_A,ILE_596_A"
GLU_594_A,"TYR_593_A,GLU_595_A"
GLU_595_A,"TYR_593_A,GLU_594_A,ILE_596_A"
ILE_596_A,"ILE_577_A,TYR_593_A,GLU_595_A,GLN_597_A,LYS_598_A,MET_599_A"
GLN_597_A,"PHE_590_A,ILE_596_A,LYS_598_A,ASN_663_A"
LYS_598_A,"ILE_596_A,GLN_597_A,MET_599_A,ASP_602_A"
MET_599_A,"ILE_577_A,ILE_596_A,LYS_598_A,CYS_600_A"
CYS_600_A,"MET_599_A,LEU_601_A,ASP_602_A"
LEU_601_A,"CYS_600_A,ASP_602_A"
ASP_602_A,"LYS_598_A,CYS_600_A,LEU_601_A,VAL_603_A"
VAL_603_A,"LEU_570_A,ASP_602_A"
PRO_604_A,LYS_605_A
LYS_605_A,"PRO_604_A,TYR_606_A,THR_678_A"
TYR_606_A,"ASN_562_A,LYS_605_A,GLY_607_A,THR_617_A"
GLY_607_A,"TYR_606_A,ASN_608_A"
ASN_608_A,"GLY_607_A,ASP_609_A,THR_678_A,GLU_681_A"
ASP_609_A,"ASN_608_A,ASP_610_A,ASN_614_A,SER_689_A,HIS_692_A"
ASP_610_A,"ASP_609_A,GLU_611_A,VAL_613_A,ASN_614_A"
GLU_611_A,"ASP_610_A,GLU_612_A,VAL_613_A,GLU_615_A"
GLU_612_A,"TYR_565_A,LYS_568_A,GLU_611_A,VAL_613_A,GLU_615_A"
VAL_613_A,"VAL_561_A,ASP_610_A,GLU_611_A,GLU_612_A,ASN_614_A,THR_617_A"
ASN_614_A,"ASP_609_A,ASP_610_A,VAL_613_A,GLU_615_A,ALA_618_A"
GLU_615_A,"GLU_611_A,GLU_612_A,ASN_614_A,LEU_616_A,ALA_618_A,ASP_619_A"
LEU_616_A,"VAL_561_A,GLU_615_A,THR_617_A,LEU_620_A"
THR_617_A,"TYR_606_A,VAL_613_A,LEU_616_A,ALA_618_A,ILE_693_A"
ALA_618_A,"ASN_614_A,GLU_615_A,THR_617_A,ASP_619_A,THR_622_A"
ASP_619_A,"GLU_615_A,ALA_618_A,LEU_620_A,PHE_623_A"
LEU_620_A,"LEU_492_A,LEU_616_A,ASP_619_A,PHE_621_A,PHE_623_A,ILE_624_A"
PHE_621_A,"VAL_557_A,LEU_620_A,THR_622_A,ALA_625_A"
THR_622_A,"ALA_618_A,PHE_621_A,PHE_623_A"
PHE_623_A,"LYS_496_A,ASP_619_A,LEU_620_A,THR_622_A,ILE_624_A,LEU_627_A"
ILE_624_A,"ILE_499_A,LEU_620_A,PHE_623_A,ALA_625_A"
ALA_625_A,"PHE_621_A,ILE_624_A,ASP_626_A,LEU_627_A,ILE_628_A,ARG_697_A"
ASP_626_A,"ALA_625_A,LEU_627_A,GLU_629_A,ARG_697_A"
LEU_627_A,"ILE_499_A,PHE_623_A,ALA_625_A,ASP_626_A,ILE_628_A,SER_630_A"
ILE_628_A,"ILE_503_A,ALA_625_A,LEU_627_A,GLU_629_A,SER_630_A,PHE_631_A,MET_638_A,ALA_640_A"
GLU_629_A,"ASP_626_A,ILE_628_A,SER_630_A,HIS_637_A,ARG_697_A"
SER_630_A,"LEU_627_A,ILE_628_A,GLU_629_A,PHE_631_A"
PHE_631_A,"ILE_503_A,VAL_507_A,ILE_628_A,SER_630_A,SER_632_A"
SER_632_A,"PHE_631_A,GLY_633_A"
GLY_633_A,"SER_632_A,LYS_634_A"
LYS_634_A,"ASP_515_A,GLY_633_A,PHE_635_A"
PHE_635_A,"PHE_518_A,LYS_634_A,GLY_636_A"
GLY_636_A,"PHE_635_A,HIS_637_A"
HIS_637_A,"GLU_629_A,GLY_636_A,MET_638_A"
MET_638_A,"ILE_628_A,HIS_637_A,THR_639_A"
THR_639_A,"LEU_552_A,MET_638_A,ALA_640_A,GLN_700_A"
ALA_640_A,"ILE_628_A,THR_639_A,GLY_641_A,PHE_698_A"
GLY_641_A,"ALA_554_A,ALA_640_A,ILE_642_A"
ILE_642_A,"VAL_557_A,GLY_641_A,LEU_643_A,VAL_672_A,GLY_701_A"
LEU_643_A,ILE_642_A
PRO_644_A,"ILE_555_A,VAL_645_A,SER_646_A,GLY_647_A,ALA_765_A"
VAL_645_A,"PRO_644_A,SER_646_A"
SER_646_A,"PRO_644_A,VAL_645_A,GLY_647_A"
GLY_647_A,"PRO_644_A,SER_646_A,ASN_648_A,PHE_651_A"
ASN_648_A,"GLY_647_A,THR_649_A,LEU_668_A"
THR_649_A,"ASN_648_A,GLY_652_A,PRO_667_A"
PRO_650_A,PHE_651_A
PHE_651_A,"PHE_333_A,ASN_454_A,ILE_555_A,GLY_647_A,PRO_650_A,GLY_652_A"
GLY_652_A,"THR_649_A,PHE_651_A,LEU_653_A"
LEU_653_A,"GLY_652_A,GLU_654_A"
GLU_654_A,"LYS_470_A,TYR_471_A,LEU_653_A,VAL_655_A"
VAL_655_A,"GLU_654_A,GLY_656_A"
GLY_656_A,"GLU_460_A,VAL_655_A,ALA_657_A,ARG_662_A"
ALA_657_A,"GLY_656_A,LEU_658_A"
LEU_658_A,"VAL_459_A,ALA_657_A,SER_660_A"
PRO_659_A,SER_660_A
SER_660_A,"LEU_658_A,PRO_659_A,GLY_661_A"
GLY_661_A,"SER_660_A,ARG_662_A"
ARG_662_A,"ASP_559_A,GLY_656_A,GLY_661_A,ASN_663_A,VAL_666_A"
ASN_663_A,"GLN_597_A,ARG_662_A,ALA_664_A"
ALA_664_A,"ASP_589_A,ASN_663_A,PHE_665_A"
PHE_665_A,"ALA_664_A,VAL_666_A"
VAL_666_A,"ARG_662_A,PHE_665_A"
PRO_667_A,"THR_649_A,LEU_668_A"
LEU_668_A,"ASN_648_A,PRO_667_A,ALA_669_A"
ALA_669_A,"ALA_558_A,LEU_668_A,ASP_670_A"
ASP_670_A,"ALA_669_A,GLY_671_A,SER_673_A,ASN_705_A,ASP_781_A,ARG_785_A"
GLY_671_A,"ASP_670_A,VAL_672_A"
VAL_672_A,"ILE_642_A,GLY_671_A,SER_673_A,VAL_690_A,LEU_704_A"
SER_673_A,"ASP_670_A,VAL_672_A"
PRO_674_A,"THR_675_A,ILE_686_A"
THR_675_A,"PRO_674_A,ALA_676_A,THR_678_A"
ALA_676_A,"THR_675_A,GLY_677_A"
GLY_677_A,"ALA_676_A,THR_678_A"
THR_678_A,"LYS_605_A,ASN_608_A,THR_675_A,GLY_677_A,ASP_679_A"
ASP_679_A,"THR_678_A,ILE_680_A,ILE_686_A"
ILE_680_A,"ASP_679_A,GLU_681_A"
GLU_681_A,"ASN_608_A,ILE_680_A,GLY_682_A"
GLY_682_A,"GLU_681_A,MET_683_A"
MET_683_A,"GLY_682_A,GLY_684_A"
GLY_684_A,"MET_683_A,ALA_685_A"
ALA_685_A,"GLY_684_A,ILE_686_A"
ILE_686_A,"PRO_674_A,ASP_679_A,ALA_685_A,ILE_687_A"
ILE_687_A,"ILE_686_A,LYS_688_A,VAL_690_A,SER_691_A,PHE_725_A,MET_729_A,LEU_732_A,VAL_734_A"
LYS_688_A,"ILE_687_A,SER_689_A,SER_691_A,HIS_692_A"
SER_689_A,"ASP_609_A,LYS_688_A,VAL_690_A"
VAL_690_A,"VAL_672_A,ILE_687_A,SER_689_A,SER_691_A"
SER_691_A,"ILE_687_A,LYS_688_A,VAL_690_A,HIS_692_A"
HIS_692_A,"ASP_609_A,LYS_688_A,SER_691_A,ILE_693_A"
ILE_693_A,"THR_617_A,HIS_692_A,HIS_695_A"
PRO_694_A,HIS_695_A
HIS_695_A,"ILE_693_A,PRO_694_A,ILE_696_A,ARG_697_A,PHE_698_A"
ILE_696_A,"GLN_415_A,ASN_419_A,HIS_695_A,ARG_697_A"
ARG_697_A,"ALA_625_A,ASP_626_A,GLU_629_A,HIS_695_A,ILE_696_A,PHE_698_A"
PHE_698_A,"ALA_640_A,HIS_695_A,ARG_697_A,ASN_699_A"
ASN_699_A,"LYS_420_A,PHE_698_A,GLN_700_A"
GLN_700_A,"THR_639_A,ASN_699_A,GLY_701_A"
GLY_701_A,"ILE_642_A,GLN_700_A,THR_702_A"
THR_702_A,"GLY_701_A,LEU_703_A"
LEU_703_A,"VAL_436_A,THR_702_A,LEU_704_A"
LEU_704_A,"VAL_672_A,LEU_703_A,ASN_705_A,VAL_737_A"
ASN_705_A,"ASP_670_A,LEU_704_A,LEU_706_A"
LEU_706_A,"ASN_705_A,LYS_707_A,PHE_739_A"
LYS_707_A,"LEU_706_A,LEU_708_A,LYS_744_A,ARG_785_A"
LEU_708_A,"LYS_707_A,ASP_709_A,ASN_740_A"
ASP_709_A,"LEU_708_A,ASP_743_A"
PRO_710_A,"VAL_711_A,PHE_712_A"
VAL_711_A,"PRO_710_A,PHE_712_A"
PHE_712_A,"PRO_710_A,VAL_711_A,ASN_713_A,GLN_714_A"
ASN_713_A,"PHE_712_A,GLN_714_A"
GLN_714_A,"PHE_712_A,ASN_713_A,ASN_715_A"
ASN_715_A,"GLN_714_A,ALA_716_A,ASN_717_A"
ALA_716_A,"ASN_715_A,ASN_717_A"
ASN_717_A,"ASN_715_A,ALA_716_A,SER_718_A,THR_719_A,GLU_720_A,SER_721_A"
SER_718_A,"LYS_399_A,ASN_717_A,THR_719_A"
THR_719_A,"LYS_392_A,LYS_399_A,ASN_717_A,SER_718_A,GLU_720_A,SER_721_A"
GLU_720_A,"ASN_717_A,THR_719_A,SER_721_A"
SER_721_A,"ASN_717_A,THR_719_A,GLU_720_A,LEU_722_A"
LEU_722_A,"SER_721_A,MET_723_A"
MET_723_A,"LEU_722_A,ALA_724_A,PHE_725_A,LEU_726_A"
ALA_724_A,"MET_723_A,PHE_725_A"
PHE_725_A,"ILE_687_A,MET_723_A,ALA_724_A,LEU_726_A"
LEU_726_A,"PHE_407_A,MET_723_A,PHE_725_A,LYS_727_A"
LYS_727_A,"MET_383_A,LEU_726_A,SER_728_A,SER_731_A"
SER_728_A,"LYS_727_A,MET_729_A,LEU_732_A"
MET_729_A,"PHE_407_A,ILE_687_A,SER_728_A,CYS_730_A"
CYS_730_A,"MET_383_A,MET_729_A,SER_731_A"
SER_731_A,"LYS_727_A,CYS_730_A,LEU_732_A"
LEU_732_A,"ILE_687_A,SER_728_A,SER_731_A,GLY_733_A"
GLY_733_A,"LEU_732_A,VAL_734_A"
VAL_734_A,"ILE_687_A,GLY_733_A,PHE_735_A"
PHE_735_A,"HIS_408_A,SER_409_A,VAL_734_A,HIS_736_A"
HIS_736_A,"HIS_408_A,PHE_735_A,VAL_737_A"
VAL_737_A,"LEU_704_A,HIS_736_A,GLN_738_A"
GLN_738_A,"VAL_737_A,PHE_739_A,GLY_766_A"
PHE_739_A,"LEU_706_A,GLN_738_A,ASN_740_A"
ASN_740_A,"LEU_708_A,PHE_739_A,VAL_741_A"
VAL_741_A,"ASN_740_A,ILE_742_A"
ILE_742_A,"VAL_741_A,ASP_743_A,LEU_747_A"
ASP_743_A,"ASP_709_A,ILE_742_A,LYS_744_A,GLU_745_A,VAL_746_A"
LYS_744_A,"LYS_707_A,ASP_743_A,GLU_745_A,VAL_746_A"
GLU_745_A,"ASP_743_A,LYS_744_A,VAL_746_A"
VAL_746_A,"ASP_743_A,LYS_744_A,GLU_745_A,LEU_747_A,ALA_750_A,TYR_757_A"
LEU_747_A,"ILE_742_A,VAL_746_A,LEU_748_A,PHE_771_A,ILE_783_A"
LEU_748_A,"LEU_747_A,ASP_749_A"
ASP_749_A,"LEU_748_A,ALA_750_A,LYS_752_A,HIS_753_A,TYR_757_A"
ALA_750_A,"VAL_746_A,ASP_749_A,GLN_751_A,TYR_757_A"
GLN_751_A,"ALA_750_A,LYS_752_A,PHE_771_A"
LYS_752_A,"ASP_749_A,GLN_751_A,HIS_753_A"
HIS_753_A,"ASP_749_A,LYS_752_A,GLU_755_A"
PRO_754_A,GLU_755_A
GLU_755_A,"HIS_753_A,PRO_754_A,ASN_756_A,TYR_757_A"
ASN_756_A,"GLU_755_A,TYR_757_A"
TYR_757_A,"VAL_746_A,ASP_749_A,ALA_750_A,GLU_755_A,ASN_756_A,LYS_758_A"
LYS_758_A,"TYR_757_A,GLY_759_A,LEU_760_A"
GLY_759_A,"LYS_758_A,LEU_760_A"
LEU_760_A,"LYS_758_A,GLY_759_A,LEU_761_A"
LEU_761_A,"LEU_760_A,ILE_762_A,TYR_770_A"
ILE_762_A,"LEU_761_A,ARG_763_A,PHE_771_A"
ARG_763_A,"GLY_403_A,ILE_762_A,VAL_764_A,TYR_767_A"
VAL_764_A,"ARG_763_A,ALA_765_A,LEU_774_A"
ALA_765_A,"PRO_644_A,VAL_764_A,GLY_766_A"
GLY_766_A,"GLN_738_A,ALA_765_A,TYR_767_A"
TYR_767_A,"ALA_335_A,PRO_338_A,PHE_340_A,ARG_763_A,GLY_766_A,THR_768_A"
THR_768_A,"TYR_373_A,TYR_767_A,ALA_769_A"
ALA_769_A,"THR_768_A,TYR_770_A,LEU_774_A"
TYR_770_A,"TYR_373_A,LEU_761_A,ALA_769_A,PHE_771_A,GLU_773_A"
PHE_771_A,"LEU_747_A,GLN_751_A,ILE_762_A,TYR_770_A,VAL_772_A,GLN_779_A,ILE_783_A"
VAL_772_A,"PHE_771_A,GLU_773_A"
GLU_773_A,"ARG_78_A,TYR_770_A,VAL_772_A,LEU_774_A"
LEU_774_A,"VAL_764_A,ALA_769_A,GLU_773_A,GLY_775_A"
GLY_775_A,"LEU_774_A,LYS_776_A"
LYS_776_A,"GLY_775_A,GLU_777_A,GLN_779_A,ASP_780_A"
GLU_777_A,"TYR_103_A,LYS_776_A,VAL_778_A,ASP_780_A"
VAL_778_A,"GLU_777_A,GLN_779_A,ILE_782_A"
GLN_779_A,"PHE_771_A,LYS_776_A,VAL_778_A,ASP_780_A,ILE_783_A"
ASP_780_A,"LYS_776_A,GLU_777_A,GLN_779_A,ASP_781_A,ILE_783_A,ALA_784_A"
ASP_781_A,"ASP_670_A,ASP_780_A,ILE_782_A,ARG_785_A"
ILE_782_A,"VAL_778_A,ASP_781_A,ILE_783_A"
ILE_783_A,"LEU_747_A,PHE_771_A,GLN_779_A,ASP_780_A,ILE_782_A,ALA_784_A,ARG_785_A"
ALA_784_A,"ASP_780_A,ILE_783_A,ARG_785_A"
ARG_785_A,"ASP_670_A,LYS_707_A,ASP_781_A,ILE_783_A,ALA_784_A,THR_786_A"
THR_786_A,ARG_785_A
