residue_id,neighbors
ARG_21_X,"SER_22_X,PRO_141_X,TYR_187_X,ARG_188_X"
SER_22_X,"ARG_21_X,SER_23_X"
SER_23_X,"SER_22_X,LEU_24_X,GLU_26_X"
LEU_24_X,"SER_23_X,LYS_25_X,ILE_27_X,PHE_32_X,LEU_44_X,VAL_190_X"
LYS_25_X,"LEU_24_X,GLU_26_X,GLU_35_X"
GLU_26_X,"SER_23_X,LYS_25_X,ILE_27_X"
ILE_27_X,"LEU_24_X,GLU_26_X,GLU_28_X,LEU_61_X,ARG_64_X,LEU_74_X"
GLU_28_X,"ILE_27_X,PHE_32_X,HIS_60_X,LEU_61_X"
PRO_29_X,ASN_30_X
ASN_30_X,"PRO_29_X,LEU_31_X,HIS_268_X,PHE_279_X"
LEU_31_X,"ASN_30_X,PHE_32_X,LEU_255_X,HIS_268_X,PHE_279_X"
PHE_32_X,"LEU_24_X,GLU_28_X,LEU_31_X,ALA_33_X,LEU_44_X,MET_239_X"
ALA_33_X,"PHE_32_X,ASP_34_X"
ASP_34_X,"ALA_33_X,GLU_35_X,ASP_36_X,HIS_237_X,LYS_266_X"
GLU_35_X,"LYS_25_X,ASP_34_X,ASP_36_X"
ASP_36_X,"ASP_34_X,GLU_35_X,ASP_42_X,HIS_237_X"
VAL_39_X,"HIS_40_X,ASP_42_X"
HIS_40_X,"VAL_39_X,GLY_41_X,ASP_42_X"
GLY_41_X,"HIS_40_X,ASP_42_X"
ASP_42_X,"ASP_36_X,VAL_39_X,HIS_40_X,GLY_41_X,ILE_43_X,LYS_236_X,LYS_261_X"
ILE_43_X,"ASP_42_X,LEU_44_X,VAL_184_X,TRP_231_X,LEU_234_X,LYS_236_X"
LEU_44_X,"LEU_24_X,PHE_32_X,ILE_43_X,GLU_45_X,LEU_191_X,PHE_192_X,HIS_237_X"
GLU_45_X,"LEU_44_X,PHE_46_X,HIS_47_X,THR_195_X,TRP_231_X,VAL_235_X,HIS_237_X,ARG_238_X,MET_239_X"
PHE_46_X,"GLU_45_X,HIS_47_X,MET_57_X,LEU_58_X,LEU_61_X,PHE_192_X,THR_194_X,THR_195_X,MET_239_X,PHE_241_X"
HIS_47_X,"GLU_45_X,PHE_46_X,GLY_48_X,THR_197_X,TYR_223_X,ARG_238_X,MET_239_X,PHE_241_X"
GLY_48_X,HIS_47_X
PRO_49_X,"GLU_50_X,THR_52_X,LYS_54_X"
GLU_50_X,"PRO_49_X,GLY_51_X,LYS_243_X"
GLY_51_X,"GLU_50_X,THR_52_X"
THR_52_X,"PRO_49_X,GLY_51_X,GLY_53_X"
GLY_53_X,"THR_52_X,LYS_54_X,MET_57_X"
LYS_54_X,"PRO_49_X,GLY_53_X,THR_55_X,PHE_241_X"
THR_55_X,"LYS_54_X,GLU_56_X,TYR_59_X"
GLU_56_X,"THR_55_X,MET_57_X,ARG_91_X,ILE_272_X"
MET_57_X,"PHE_46_X,GLY_53_X,GLU_56_X,LEU_58_X,LEU_61_X,PHE_241_X,PHE_270_X,VAL_277_X,PHE_279_X"
LEU_58_X,"PHE_46_X,MET_57_X,TYR_59_X,THR_62_X,ILE_147_X,ASP_149_X,THR_194_X"
TYR_59_X,"THR_55_X,LEU_58_X,HIS_60_X,ALA_63_X,PHE_87_X,ILE_95_X"
HIS_60_X,"GLU_28_X,TYR_59_X,LEU_61_X,ARG_64_X,ARG_99_X"
LEU_61_X,"ILE_27_X,GLU_28_X,PHE_46_X,MET_57_X,HIS_60_X,THR_62_X,PHE_192_X"
THR_62_X,"LEU_58_X,LEU_61_X,ALA_63_X,ILE_66_X,PHE_115_X"
ALA_63_X,"TYR_59_X,THR_62_X,ARG_64_X,LEU_67_X,LEU_96_X"
ARG_64_X,"ILE_27_X,HIS_60_X,ALA_63_X,CYS_65_X,LEU_74_X"
CYS_65_X,"ARG_64_X,ILE_66_X,GLU_75_X,VAL_76_X,VAL_78_X"
ILE_66_X,"THR_62_X,CYS_65_X,LEU_67_X,VAL_78_X,LEU_96_X,ARG_114_X"
LEU_67_X,"ALA_63_X,ILE_66_X,LEU_96_X,ARG_99_X,LEU_100_X"
PRO_68_X,"LYS_69_X,GLU_71_X,GLY_73_X"
LYS_69_X,"PRO_68_X,SER_70_X,GLU_75_X"
SER_70_X,"LYS_69_X,GLU_71_X"
GLU_71_X,"PRO_68_X,SER_70_X,GLY_72_X,GLY_73_X"
GLY_72_X,"GLU_71_X,GLY_73_X"
GLY_73_X,"PRO_68_X,GLU_71_X,GLY_72_X,LEU_74_X"
LEU_74_X,"ILE_27_X,ARG_64_X,GLY_73_X,GLU_75_X"
GLU_75_X,"CYS_65_X,LYS_69_X,LEU_74_X,VAL_76_X,ARG_114_X"
VAL_76_X,"CYS_65_X,GLU_75_X,GLU_77_X"
GLU_77_X,"VAL_76_X,VAL_78_X,HIS_140_X"
VAL_78_X,"CYS_65_X,ILE_66_X,GLU_77_X,LEU_79_X,ARG_114_X,PHE_116_X,LEU_145_X"
LEU_79_X,"VAL_78_X,PHE_80_X,PHE_116_X,VAL_118_X,LEU_133_X,MET_136_X,PHE_137_X,LEU_143_X,LEU_146_X,ILE_147_X"
PHE_80_X,"LEU_79_X,ILE_81_X,ASP_82_X,PHE_115_X,PHE_116_X,LEU_117_X,VAL_118_X,ILE_147_X"
ILE_81_X,"PHE_80_X,ASP_82_X,THR_83_X,LEU_126_X,LEU_130_X,LEU_146_X,ILE_147_X"
ASP_82_X,"PHE_80_X,ILE_81_X,THR_83_X,TYR_85_X,HIS_86_X,PHE_87_X,LEU_117_X,VAL_118_X,TYR_119_X,ASP_149_X"
THR_83_X,"ILE_81_X,ASP_82_X,ASP_84_X,CYS_120_X,SER_150_X,PHE_154_X"
ASP_84_X,"THR_83_X,TYR_85_X,HIS_86_X,ASP_149_X,GLN_196_X"
TYR_85_X,"ASP_82_X,ASP_84_X,HIS_86_X,TYR_119_X"
HIS_86_X,"ASP_82_X,ASP_84_X,TYR_85_X,PHE_87_X"
PHE_87_X,"TYR_59_X,ASP_82_X,HIS_86_X,ASP_88_X,MET_89_X,LEU_92_X,PHE_115_X,LEU_117_X"
ASP_88_X,"PHE_87_X,MET_89_X,ARG_91_X"
MET_89_X,"PHE_87_X,ASP_88_X,LEU_90_X,VAL_93_X"
LEU_90_X,"MET_89_X,ARG_91_X,THR_94_X"
ARG_91_X,"GLU_56_X,ASP_88_X,LEU_90_X,LEU_92_X,ILE_95_X,HIS_98_X,GLY_273_X,GLU_274_X"
LEU_92_X,"PHE_87_X,ARG_91_X,VAL_93_X,LEU_96_X,LEU_112_X"
VAL_93_X,"MET_89_X,LEU_92_X,THR_94_X,GLU_97_X,ILE_108_X,LEU_112_X"
THR_94_X,"LEU_90_X,VAL_93_X,ILE_95_X,HIS_98_X"
ILE_95_X,"TYR_59_X,ARG_91_X,THR_94_X,LEU_96_X"
LEU_96_X,"ALA_63_X,ILE_66_X,LEU_67_X,LEU_92_X,ILE_95_X,GLU_97_X,ILE_108_X,CYS_111_X"
GLU_97_X,"VAL_93_X,LEU_96_X,HIS_98_X"
HIS_98_X,"ARG_91_X,THR_94_X,GLU_97_X,ARG_99_X,GLU_274_X"
ARG_99_X,"HIS_60_X,LEU_67_X,HIS_98_X,LEU_100_X,GLU_278_X"
LEU_100_X,"LEU_67_X,ARG_99_X,SER_101_X,ILE_107_X"
SER_101_X,"LEU_100_X,GLN_102_X"
GLN_102_X,"SER_101_X,SER_103_X"
SER_103_X,"GLN_102_X,SER_104_X"
SER_104_X,"SER_103_X,GLU_105_X,ILE_108_X"
GLU_105_X,"SER_104_X,GLU_106_X,LYS_109_X"
GLU_106_X,"GLU_105_X,ILE_107_X,TYR_110_X"
ILE_107_X,"LEU_100_X,GLU_106_X,ILE_108_X,CYS_111_X"
ILE_108_X,"VAL_93_X,LEU_96_X,SER_104_X,ILE_107_X,LYS_109_X"
LYS_109_X,"GLU_105_X,ILE_108_X,TYR_110_X,GLY_113_X"
TYR_110_X,"GLU_106_X,LYS_109_X,CYS_111_X"
CYS_111_X,"LEU_96_X,ILE_107_X,TYR_110_X,LEU_112_X"
LEU_112_X,"LEU_92_X,VAL_93_X,CYS_111_X,GLY_113_X,PHE_115_X"
GLY_113_X,"LYS_109_X,LEU_112_X,ARG_114_X"
ARG_114_X,"ILE_66_X,GLU_75_X,VAL_78_X,GLY_113_X,PHE_115_X"
PHE_115_X,"THR_62_X,PHE_80_X,PHE_87_X,LEU_112_X,ARG_114_X,PHE_116_X,LEU_117_X"
PHE_116_X,"VAL_78_X,LEU_79_X,PHE_80_X,PHE_115_X,LEU_117_X,HIS_140_X"
LEU_117_X,"PHE_80_X,ASP_82_X,PHE_87_X,PHE_115_X,PHE_116_X,VAL_118_X"
VAL_118_X,"LEU_79_X,PHE_80_X,ASP_82_X,LEU_117_X,TYR_119_X,THR_129_X"
TYR_119_X,"ASP_82_X,TYR_85_X,VAL_118_X,CYS_120_X"
CYS_120_X,"THR_83_X,TYR_119_X,SER_121_X"
SER_121_X,"CYS_120_X,SER_122_X"
SER_122_X,"SER_121_X,SER_123_X,LEU_126_X"
SER_123_X,"SER_122_X,THR_124_X,LEU_127_X"
THR_124_X,"SER_123_X,HIS_125_X,LEU_128_X"
HIS_125_X,"THR_124_X,LEU_126_X,THR_129_X"
LEU_126_X,"ILE_81_X,SER_122_X,HIS_125_X,LEU_127_X,LEU_130_X"
LEU_127_X,"SER_123_X,LEU_126_X,LEU_128_X,TYR_131_X,LYS_175_X"
LEU_128_X,"THR_124_X,LEU_127_X,THR_129_X"
THR_129_X,"VAL_118_X,HIS_125_X,LEU_128_X,LEU_130_X,SER_132_X,LEU_133_X"
LEU_130_X,"ILE_81_X,LEU_126_X,THR_129_X,TYR_131_X,LEU_133_X,LEU_180_X"
TYR_131_X,"LEU_127_X,LEU_130_X,SER_132_X"
SER_132_X,"THR_129_X,TYR_131_X,LEU_133_X,SER_135_X"
LEU_133_X,"LEU_79_X,THR_129_X,LEU_130_X,SER_132_X,GLU_134_X,MET_136_X,PHE_137_X"
GLU_134_X,"LEU_133_X,SER_135_X"
SER_135_X,"SER_132_X,GLU_134_X,MET_136_X"
MET_136_X,"LEU_79_X,LEU_133_X,SER_135_X,PHE_137_X,SER_139_X,HIS_140_X"
PHE_137_X,"LEU_79_X,LEU_133_X,MET_136_X,CYS_138_X,LEU_143_X,TYR_187_X,LEU_189_X"
CYS_138_X,"PHE_137_X,SER_139_X"
SER_139_X,"MET_136_X,CYS_138_X,HIS_140_X"
HIS_140_X,"GLU_77_X,PHE_116_X,MET_136_X,SER_139_X"
PRO_141_X,"ARG_21_X,SER_142_X"
SER_142_X,"PRO_141_X,LEU_143_X,CYS_144_X"
LEU_143_X,"LEU_79_X,PHE_137_X,SER_142_X,CYS_144_X"
CYS_144_X,"SER_142_X,LEU_143_X,LEU_145_X"
LEU_145_X,"VAL_78_X,CYS_144_X,LEU_146_X,ILE_147_X,PHE_192_X"
LEU_146_X,"LEU_79_X,ILE_81_X,LEU_145_X,ILE_147_X,VAL_190_X,LEU_191_X,PHE_192_X"
ILE_147_X,"LEU_58_X,LEU_79_X,PHE_80_X,ILE_81_X,LEU_145_X,LEU_146_X,LEU_148_X,PHE_192_X"
LEU_148_X,"ILE_147_X,ASP_149_X,LEU_180_X,ALA_193_X"
ASP_149_X,"LEU_58_X,ASP_82_X,ASP_84_X,LEU_148_X,SER_150_X,THR_194_X"
SER_150_X,"THR_83_X,ASP_149_X,LEU_151_X,GLN_196_X"
LEU_151_X,"SER_150_X,SER_152_X,LEU_173_X,THR_194_X,TRP_231_X"
SER_152_X,"LEU_151_X,ALA_153_X,TYR_226_X"
ALA_153_X,"SER_152_X,PHE_154_X"
PHE_154_X,"THR_83_X,ALA_153_X,TYR_155_X,ASP_158_X"
TYR_155_X,"PHE_154_X,TRP_156_X,ARG_159_X,ILE_198_X,TYR_226_X"
TRP_156_X,"TYR_155_X,ILE_157_X"
ILE_157_X,"TRP_156_X,ASP_158_X"
ASP_158_X,"PHE_154_X,ILE_157_X,ARG_159_X,GLY_162_X,THR_172_X"
ARG_159_X,"TYR_155_X,ASP_158_X,VAL_160_X,ARG_224_X"
VAL_160_X,"ARG_159_X,ASN_161_X"
ASN_161_X,"VAL_160_X,GLY_162_X"
GLY_162_X,"ASP_158_X,ASN_161_X,GLY_163_X"
GLY_163_X,"GLY_162_X,GLU_164_X,GLN_169_X"
GLU_164_X,"GLY_163_X,SER_165_X"
SER_165_X,"GLU_164_X,VAL_166_X"
VAL_166_X,"SER_165_X,ASN_167_X"
ASN_167_X,"VAL_166_X,LEU_168_X,SER_171_X"
LEU_168_X,"ASN_167_X,GLN_169_X,SER_171_X"
GLN_169_X,"GLY_163_X,LEU_168_X,GLU_170_X"
GLU_170_X,"GLN_169_X,SER_171_X,ARG_174_X,CYS_228_X"
SER_171_X,"ASN_167_X,LEU_168_X,GLU_170_X,THR_172_X"
THR_172_X,"ASP_158_X,SER_171_X,LEU_173_X"
LEU_173_X,"LEU_151_X,THR_172_X,ARG_174_X,SER_177_X,LEU_227_X"
ARG_174_X,"GLU_170_X,LEU_173_X,LYS_175_X,GLN_178_X,CYS_228_X"
LYS_175_X,"LEU_127_X,ARG_174_X,CYS_176_X,CYS_179_X"
CYS_176_X,"LYS_175_X,SER_177_X,LEU_180_X"
SER_177_X,"LEU_173_X,CYS_176_X,GLN_178_X,GLU_181_X"
GLN_178_X,"ARG_174_X,SER_177_X,CYS_179_X,LYS_182_X"
CYS_179_X,"LYS_175_X,GLN_178_X,LEU_180_X,LEU_183_X"
LEU_180_X,"LEU_130_X,LEU_148_X,CYS_176_X,CYS_179_X,GLU_181_X,VAL_184_X"
GLU_181_X,"SER_177_X,LEU_180_X,LYS_182_X,ASN_185_X,LEU_234_X"
LYS_182_X,"GLN_178_X,GLU_181_X,LEU_183_X,ASP_186_X"
LEU_183_X,"CYS_179_X,LYS_182_X,VAL_184_X,TYR_187_X"
VAL_184_X,"ILE_43_X,LEU_180_X,LEU_183_X,ASN_185_X,ARG_188_X,LEU_189_X"
ASN_185_X,"GLU_181_X,VAL_184_X,ASP_186_X"
ASP_186_X,"LYS_182_X,ASN_185_X,TYR_187_X"
TYR_187_X,"ARG_21_X,PHE_137_X,LEU_183_X,ASP_186_X,ARG_188_X"
ARG_188_X,"ARG_21_X,VAL_184_X,TYR_187_X,LEU_189_X"
LEU_189_X,"PHE_137_X,VAL_184_X,ARG_188_X,VAL_190_X"
VAL_190_X,"LEU_24_X,LEU_146_X,LEU_189_X,LEU_191_X,PHE_192_X"
LEU_191_X,"LEU_44_X,LEU_146_X,VAL_190_X,PHE_192_X,TRP_231_X"
PHE_192_X,"LEU_44_X,PHE_46_X,LEU_61_X,LEU_145_X,LEU_146_X,ILE_147_X,VAL_190_X,LEU_191_X,ALA_193_X"
ALA_193_X,"LEU_148_X,PHE_192_X,THR_194_X,TRP_231_X"
THR_194_X,"PHE_46_X,LEU_58_X,ASP_149_X,LEU_151_X,ALA_193_X,THR_195_X"
THR_195_X,"GLU_45_X,PHE_46_X,THR_194_X,GLN_196_X,LEU_227_X"
GLN_196_X,"ASP_84_X,SER_150_X,THR_195_X,THR_197_X,ILE_198_X,TYR_226_X"
THR_197_X,"HIS_47_X,GLN_196_X,ILE_198_X"
ILE_198_X,"TYR_155_X,GLN_196_X,THR_197_X,MET_199_X,TYR_226_X"
MET_199_X,"ILE_198_X,GLN_200_X,TYR_226_X"
GLN_200_X,"MET_199_X,LYS_201_X"
LYS_201_X,"GLN_200_X,ALA_202_X,ASP_222_X"
ALA_202_X,LYS_201_X
ILE_221_X,"ASP_222_X,PHE_240_X,LEU_265_X"
ASP_222_X,"LYS_201_X,ILE_221_X,TYR_223_X"
TYR_223_X,"HIS_47_X,ASP_222_X,ARG_224_X,GLN_232_X,PHE_240_X"
ARG_224_X,"ARG_159_X,TYR_223_X,PRO_225_X"
PRO_225_X,"ARG_224_X,TYR_226_X"
TYR_226_X,"SER_152_X,TYR_155_X,GLN_196_X,ILE_198_X,MET_199_X,PRO_225_X,LEU_227_X"
LEU_227_X,"LEU_173_X,THR_195_X,TYR_226_X,CYS_228_X"
CYS_228_X,"GLU_170_X,ARG_174_X,LEU_227_X,LYS_229_X,TRP_231_X"
LYS_229_X,"CYS_228_X,ALA_230_X"
ALA_230_X,"LYS_229_X,TRP_231_X"
TRP_231_X,"ILE_43_X,GLU_45_X,LEU_151_X,LEU_191_X,ALA_193_X,CYS_228_X,ALA_230_X,GLN_232_X"
GLN_232_X,"TYR_223_X,TRP_231_X,GLN_233_X"
GLN_233_X,"GLN_232_X,LEU_234_X"
LEU_234_X,"ILE_43_X,GLU_181_X,GLN_233_X,VAL_235_X"
VAL_235_X,"GLU_45_X,LEU_234_X,LYS_236_X"
LYS_236_X,"ASP_42_X,ILE_43_X,VAL_235_X,HIS_237_X,LEU_260_X,LYS_261_X"
HIS_237_X,"ASP_34_X,ASP_36_X,LEU_44_X,GLU_45_X,LYS_236_X,ARG_238_X"
ARG_238_X,"GLU_45_X,HIS_47_X,HIS_237_X,MET_239_X,PHE_240_X"
MET_239_X,"PHE_32_X,GLU_45_X,PHE_46_X,HIS_47_X,ARG_238_X,PHE_240_X,LEU_255_X"
PHE_240_X,"ILE_221_X,TYR_223_X,ARG_238_X,MET_239_X,PHE_241_X,VAL_256_X"
PHE_241_X,"PHE_46_X,HIS_47_X,LYS_54_X,MET_57_X,PHE_240_X,SER_242_X,LEU_255_X,PHE_270_X"
SER_242_X,"PHE_241_X,LYS_243_X,SER_254_X"
LYS_243_X,"GLU_50_X,SER_242_X,GLN_244_X"
GLN_244_X,"LYS_243_X,ASP_245_X,SER_254_X"
ASP_245_X,GLN_244_X
SER_250_X,ASN_251_X
ASN_251_X,"SER_250_X,GLN_252_X"
GLN_252_X,"ASN_251_X,PHE_253_X"
PHE_253_X,"GLN_252_X,SER_254_X,PHE_270_X,ILE_272_X"
SER_254_X,"SER_242_X,GLN_244_X,PHE_253_X,LEU_255_X"
LEU_255_X,"LEU_31_X,MET_239_X,PHE_241_X,SER_254_X,VAL_256_X,HIS_268_X,PHE_270_X"
VAL_256_X,"PHE_240_X,LEU_255_X,SER_257_X,LEU_265_X"
SER_257_X,"VAL_256_X,ARG_258_X,LYS_266_X"
ARG_258_X,"SER_257_X,CYS_259_X,ASN_263_X,LEU_265_X"
CYS_259_X,"ARG_258_X,LEU_260_X,SER_262_X,ASN_263_X"
LEU_260_X,"LYS_236_X,CYS_259_X,LYS_261_X"
LYS_261_X,"ASP_42_X,LYS_236_X,LEU_260_X,SER_262_X"
SER_262_X,"CYS_259_X,LYS_261_X,ASN_263_X"
ASN_263_X,"ARG_258_X,CYS_259_X,SER_262_X,SER_264_X"
SER_264_X,"ASN_263_X,LEU_265_X"
LEU_265_X,"ILE_221_X,VAL_256_X,ARG_258_X,SER_264_X,LYS_266_X"
LYS_266_X,"ASP_34_X,SER_257_X,LEU_265_X,LYS_267_X,HIS_268_X"
LYS_267_X,"LYS_266_X,HIS_268_X"
HIS_268_X,"ASN_30_X,LEU_31_X,LEU_255_X,LYS_266_X,LYS_267_X,PHE_269_X"
PHE_269_X,"HIS_268_X,PHE_270_X,CYS_280_X"
PHE_270_X,"MET_57_X,PHE_241_X,PHE_253_X,LEU_255_X,PHE_269_X,ILE_271_X,ILE_272_X,VAL_277_X,PHE_279_X"
ILE_271_X,"PHE_270_X,ILE_272_X,GLU_278_X"
ILE_272_X,"GLU_56_X,PHE_253_X,PHE_270_X,ILE_271_X,GLY_273_X"
GLY_273_X,"ARG_91_X,ILE_272_X,GLU_274_X"
GLU_274_X,"ARG_91_X,HIS_98_X,GLY_273_X,SER_275_X"
SER_275_X,"GLU_274_X,GLY_276_X"
GLY_276_X,"SER_275_X,VAL_277_X"
VAL_277_X,"MET_57_X,PHE_270_X,GLY_276_X,GLU_278_X,PHE_279_X"
GLU_278_X,"ARG_99_X,ILE_271_X,VAL_277_X,PHE_279_X"
PHE_279_X,"ASN_30_X,LEU_31_X,MET_57_X,PHE_270_X,VAL_277_X,GLU_278_X,CYS_280_X"
CYS_280_X,"PHE_269_X,PHE_279_X"
