residue_id,neighbors
GLY_1_A,SER_2_A
SER_2_A,"GLY_1_A,SER_3_A"
SER_3_A,"SER_2_A,GLY_4_A,SER_5_A"
GLY_4_A,"SER_3_A,SER_5_A"
SER_5_A,"SER_3_A,GLY_4_A,SER_6_A"
SER_6_A,"SER_5_A,GLY_7_A"
GLY_7_A,"SER_6_A,GLU_8_A"
GLU_8_A,"GLY_7_A,ILE_9_A"
ILE_9_A,"GLU_8_A,SER_10_A"
SER_10_A,"ILE_9_A,GLY_11_A"
GLY_11_A,"SER_10_A,PHE_12_A"
PHE_12_A,"GLY_11_A,GLY_13_A"
GLY_13_A,"PHE_12_A,GLN_14_A"
GLN_14_A,"GLY_13_A,CYS_15_A"
CYS_15_A,"GLN_14_A,LEU_16_A"
LEU_16_A,"CYS_15_A,VAL_17_A"
VAL_17_A,"LEU_16_A,TRP_18_A"
TRP_18_A,"VAL_17_A,VAL_19_A,TRP_29_A,ARG_31_A"
VAL_19_A,"TRP_18_A,GLN_20_A,ARG_30_A,LEU_32_A,LEU_41_A,TRP_45_A"
GLN_20_A,"VAL_19_A,CYS_21_A,TRP_29_A"
CYS_21_A,"GLN_20_A,SER_22_A,CYS_26_A,LYS_28_A"
SER_22_A,"CYS_21_A,PHE_23_A,TRP_45_A"
PHE_23_A,SER_22_A
PRO_24_A,"ASN_25_A,CYS_26_A"
ASN_25_A,"PRO_24_A,CYS_26_A"
CYS_26_A,"CYS_21_A,PRO_24_A,ASN_25_A,GLY_27_A,LYS_28_A"
GLY_27_A,"CYS_26_A,LYS_28_A"
LYS_28_A,"CYS_21_A,CYS_26_A,GLY_27_A,TRP_29_A,ARG_30_A,GLU_62_A"
TRP_29_A,"TRP_18_A,GLN_20_A,LYS_28_A,ARG_30_A"
ARG_30_A,"VAL_19_A,LYS_28_A,TRP_29_A,ARG_31_A,TRP_45_A,ILE_60_A,GLU_62_A"
ARG_31_A,"TRP_18_A,ARG_30_A,LEU_32_A,ASP_52_A,GLU_63_A"
LEU_32_A,"VAL_19_A,ARG_31_A,CYS_33_A,ILE_36_A"
CYS_33_A,"LEU_32_A,GLY_34_A"
GLY_34_A,"CYS_33_A,ASN_35_A"
ASN_35_A,"GLY_34_A,ILE_36_A"
ILE_36_A,"LEU_32_A,ASN_35_A,ASP_37_A,LEU_41_A"
ASP_37_A,ILE_36_A
PRO_38_A,SER_39_A
SER_39_A,"PRO_38_A,VAL_40_A"
VAL_40_A,"SER_39_A,LEU_41_A"
LEU_41_A,"VAL_19_A,ILE_36_A,VAL_40_A"
PRO_42_A,ASP_43_A
ASP_43_A,"PRO_42_A,ASN_44_A"
ASN_44_A,"ASP_43_A,TRP_45_A"
TRP_45_A,"VAL_19_A,SER_22_A,ARG_30_A,ASN_44_A,SER_46_A,GLN_49_A"
SER_46_A,"TRP_45_A,CYS_47_A,GLN_49_A"
CYS_47_A,"SER_46_A,ASP_48_A"
ASP_48_A,"CYS_47_A,GLN_49_A"
GLN_49_A,"TRP_45_A,SER_46_A,ASP_48_A,ASN_50_A"
ASN_50_A,"GLN_49_A,THR_51_A,TYR_55_A"
THR_51_A,"ASN_50_A,ASP_52_A"
ASP_52_A,"ARG_31_A,THR_51_A,VAL_53_A,GLN_54_A,TYR_55_A"
VAL_53_A,"ASP_52_A,GLN_54_A,ASN_56_A"
GLN_54_A,"ASP_52_A,VAL_53_A,TYR_55_A"
TYR_55_A,"ASN_50_A,ASP_52_A,GLN_54_A,ASN_56_A,ILE_60_A"
ASN_56_A,"VAL_53_A,TYR_55_A,ARG_57_A"
ARG_57_A,"ASN_56_A,CYS_58_A,ILE_60_A"
CYS_58_A,"ARG_57_A,ASP_59_A"
ASP_59_A,"CYS_58_A,ILE_60_A"
ILE_60_A,"ARG_30_A,TYR_55_A,ARG_57_A,ASP_59_A"
PRO_61_A,GLU_62_A
GLU_62_A,"LYS_28_A,ARG_30_A,PRO_61_A,GLU_63_A"
GLU_63_A,"ARG_31_A,GLU_62_A,THR_64_A"
THR_64_A,"GLU_63_A,TRP_65_A"
TRP_65_A,"THR_64_A,THR_66_A"
THR_66_A,"TRP_65_A,GLY_67_A"
GLY_67_A,"THR_66_A,LEU_68_A"
LEU_68_A,"GLY_67_A,GLU_69_A"
GLU_69_A,LEU_68_A
