residue_id,neighbors
ALA_67_B,LYS_68_B
LYS_68_B,"ALA_67_B,LEU_69_B"
LEU_69_B,"LYS_68_B,GLN_70_B,LEU_178_B,TYR_182_B"
GLN_70_B,"LEU_69_B,ASP_71_B"
ASP_71_B,"GLN_70_B,HIS_94_B,HIS_96_B,LYS_194_B"
PRO_72_B,ILE_73_B
ILE_73_B,PRO_72_B
PRO_74_B,ALA_75_B
ALA_75_B,"PRO_74_B,LYS_76_B,LEU_88_B"
LYS_76_B,"ALA_75_B,ILE_77_B,TYR_78_B,THR_87_B,ILE_331_B"
ILE_77_B,"LYS_76_B,TYR_78_B,VAL_85_B,LYS_86_B"
TYR_78_B,"LYS_76_B,ILE_77_B,ASP_79_B,LEU_84_B,LYS_330_B,ILE_331_B,THR_333_B"
ASP_79_B,"TYR_78_B,LYS_80_B,GLY_82_B,GLU_83_B,ASP_336_B,LYS_337_B"
LYS_80_B,"ASP_79_B,ASN_81_B,ASP_336_B"
ASN_81_B,"LYS_80_B,GLY_82_B"
GLY_82_B,"ASP_79_B,ASN_81_B,GLU_83_B"
GLU_83_B,"ASP_79_B,GLY_82_B,LEU_84_B,LYS_337_B"
LEU_84_B,"TYR_78_B,GLU_83_B,VAL_85_B"
VAL_85_B,"ILE_77_B,LEU_84_B,LYS_86_B,TYR_299_B"
LYS_86_B,"ILE_77_B,VAL_85_B,THR_87_B,LEU_88_B,ASP_296_B"
THR_87_B,"LYS_76_B,LYS_86_B,LEU_88_B,ASP_89_B"
LEU_88_B,"ALA_75_B,LYS_86_B,THR_87_B,ASP_89_B,VAL_303_B"
ASP_89_B,"THR_87_B,LEU_88_B,ASN_90_B"
ASN_90_B,"ASP_89_B,GLY_91_B"
GLY_91_B,"ASN_90_B,GLN_92_B"
GLN_92_B,"GLY_91_B,ARG_93_B,HIS_94_B"
ARG_93_B,"GLN_92_B,HIS_94_B,ASP_199_B,VAL_201_B,ARG_283_B"
HIS_94_B,"ASP_71_B,GLN_92_B,ARG_93_B,GLU_95_B,THR_202_B"
GLU_95_B,"HIS_94_B,HIS_96_B,LYS_205_B,LYS_209_B"
HIS_96_B,"ASP_71_B,GLU_95_B,VAL_97_B"
VAL_97_B,"HIS_96_B,ASN_98_B,VAL_102_B"
ASN_98_B,"VAL_97_B,LEU_99_B"
LEU_99_B,"ASN_98_B,LYS_100_B,LYS_107_B,ASP_185_B,GLN_189_B,LEU_192_B"
LYS_100_B,"LEU_99_B,ASP_101_B"
ASP_101_B,"LYS_100_B,VAL_102_B"
VAL_102_B,"VAL_97_B,ASP_101_B,LYS_107_B"
PRO_103_B,"LYS_104_B,LYS_107_B"
LYS_104_B,"PRO_103_B,SER_105_B,ASP_108_B"
SER_105_B,LYS_104_B
LYS_107_B,"LEU_99_B,VAL_102_B,PRO_103_B,ASP_108_B"
ASP_108_B,"LYS_104_B,LYS_107_B,ALA_109_B,VAL_110_B,LEU_111_B,ALA_112_B,ARG_262_B"
ALA_109_B,"ASP_108_B,VAL_110_B,ALA_228_B"
VAL_110_B,"ASP_108_B,ALA_109_B,LEU_111_B,THR_113_B,GLU_114_B,TYR_191_B"
LEU_111_B,"ASP_108_B,VAL_110_B,ALA_112_B,ASP_115_B,ASN_116_B,PHE_118_B"
ALA_112_B,"ASP_108_B,LEU_111_B,THR_113_B"
THR_113_B,"VAL_110_B,ALA_112_B,GLU_114_B"
GLU_114_B,"VAL_110_B,THR_113_B,ASP_115_B,ARG_128_B,ARG_249_B"
ASP_115_B,"LEU_111_B,GLU_114_B,ASN_116_B,HIS_121_B,ASP_125_B,ARG_128_B,LEU_149_B,LYS_184_B"
ASN_116_B,"LEU_111_B,ASP_115_B,ARG_117_B,ARG_262_B"
ARG_117_B,"ASN_116_B,PHE_118_B,GLU_120_B,ASP_125_B,LYS_127_B"
PHE_118_B,"LEU_111_B,ARG_117_B,TYR_119_B,LEU_149_B,LYS_184_B"
TYR_119_B,"PHE_118_B,GLU_120_B,LYS_184_B,ASP_185_B"
GLU_120_B,"ARG_117_B,TYR_119_B,HIS_121_B"
HIS_121_B,"ASP_115_B,GLU_120_B,GLY_122_B,ASP_125_B,ARG_128_B,THR_148_B,LYS_184_B"
GLY_122_B,"HIS_121_B,ALA_123_B"
ALA_123_B,"GLY_122_B,LEU_124_B"
LEU_124_B,"ALA_123_B,ASP_125_B"
ASP_125_B,"ASP_115_B,ARG_117_B,HIS_121_B,LEU_124_B,TYR_126_B,ARG_128_B"
TYR_126_B,"ASP_125_B,LYS_127_B,LEU_129_B,PHE_130_B"
LYS_127_B,"ARG_117_B,TYR_126_B,ARG_128_B"
ARG_128_B,"GLU_114_B,ASP_115_B,HIS_121_B,ASP_125_B,LYS_127_B,LEU_129_B"
LEU_129_B,"TYR_126_B,ARG_128_B,PHE_130_B"
PHE_130_B,"TYR_126_B,LEU_129_B,GLY_131_B"
GLY_131_B,"PHE_130_B,ALA_132_B"
ALA_132_B,"GLY_131_B,ILE_133_B"
ILE_133_B,"ALA_132_B,GLY_134_B,LYS_135_B,ASN_136_B"
GLY_134_B,"ILE_133_B,LYS_135_B"
LYS_135_B,"ILE_133_B,GLY_134_B,ASN_136_B"
ASN_136_B,"ILE_133_B,LYS_135_B"
GLY_145_B,ALA_146_B
ALA_146_B,"GLY_145_B,SER_147_B"
SER_147_B,"ALA_146_B,THR_148_B"
THR_148_B,"HIS_121_B,SER_147_B,LEU_149_B,GLN_151_B,GLN_152_B"
LEU_149_B,"ASP_115_B,PHE_118_B,THR_148_B,THR_150_B,GLN_152_B,VAL_153_B,PHE_188_B"
THR_150_B,"LEU_149_B,GLN_151_B"
GLN_151_B,"THR_148_B,THR_150_B,GLN_152_B,VAL_154_B,LYS_155_B,GLU_171_B"
GLN_152_B,"THR_148_B,LEU_149_B,GLN_151_B,VAL_153_B,TYR_191_B"
VAL_153_B,"LEU_149_B,GLN_152_B,VAL_154_B,ASP_156_B,ALA_157_B,VAL_190_B,TYR_191_B"
VAL_154_B,"GLN_151_B,VAL_153_B,LYS_155_B,ALA_157_B,LEU_174_B"
LYS_155_B,"GLN_151_B,VAL_154_B,ASP_156_B,ARG_167_B,GLU_171_B"
ASP_156_B,"VAL_153_B,LYS_155_B,ALA_157_B"
ALA_157_B,"VAL_153_B,VAL_154_B,ASP_156_B,PHE_158_B"
PHE_158_B,"ALA_157_B,LEU_159_B"
LEU_159_B,"PHE_158_B,SER_160_B,GLN_170_B,LEU_174_B"
SER_160_B,"LEU_159_B,GLN_161_B"
GLN_161_B,"SER_160_B,HIS_162_B"
HIS_162_B,"GLN_161_B,LYS_163_B"
LYS_163_B,"HIS_162_B,SER_164_B,GLY_166_B,ARG_167_B"
SER_164_B,"LYS_163_B,ILE_165_B,GLY_166_B"
ILE_165_B,"SER_164_B,GLY_166_B"
GLY_166_B,"LYS_163_B,SER_164_B,ILE_165_B,ARG_167_B,GLN_170_B"
ARG_167_B,"LYS_155_B,LYS_163_B,GLY_166_B,LYS_168_B,GLU_171_B"
LYS_168_B,"ARG_167_B,ALA_169_B"
ALA_169_B,"LYS_168_B,GLN_170_B"
GLN_170_B,"LEU_159_B,GLY_166_B,ALA_169_B,GLU_171_B,LEU_174_B"
GLU_171_B,"GLN_151_B,LYS_155_B,ARG_167_B,GLN_170_B,ALA_172_B"
ALA_172_B,"GLU_171_B,TYR_173_B"
TYR_173_B,"ALA_172_B,LEU_174_B"
LEU_174_B,"VAL_154_B,LEU_159_B,GLN_170_B,TYR_173_B,SER_175_B,LEU_178_B"
SER_175_B,"LEU_174_B,TYR_176_B,GLU_179_B"
TYR_176_B,"SER_175_B,ARG_177_B"
ARG_177_B,"TYR_176_B,LEU_178_B,GLU_181_B"
LEU_178_B,"LEU_69_B,LEU_174_B,ARG_177_B,GLU_179_B,TYR_182_B,ILE_187_B"
GLU_179_B,"SER_175_B,LEU_178_B,GLN_180_B,LYS_184_B"
GLN_180_B,"GLU_179_B,GLU_181_B"
GLU_181_B,"ARG_177_B,GLN_180_B,TYR_182_B"
TYR_182_B,"LEU_69_B,LEU_178_B,GLU_181_B,SER_183_B"
SER_183_B,"TYR_182_B,LYS_184_B"
LYS_184_B,"ASP_115_B,PHE_118_B,TYR_119_B,HIS_121_B,GLU_179_B,SER_183_B,ASP_185_B"
ASP_185_B,"LEU_99_B,TYR_119_B,LYS_184_B,ASP_186_B,GLN_189_B"
ASP_186_B,"ASP_185_B,ILE_187_B"
ILE_187_B,"LEU_178_B,ASP_186_B,PHE_188_B"
PHE_188_B,"LEU_149_B,ILE_187_B,GLN_189_B,LEU_192_B"
GLN_189_B,"LEU_99_B,ASP_185_B,PHE_188_B,VAL_190_B,LEU_192_B,ASN_193_B"
VAL_190_B,"VAL_153_B,GLN_189_B,TYR_191_B,LYS_194_B"
TYR_191_B,"VAL_110_B,GLN_152_B,VAL_153_B,VAL_190_B,LEU_192_B,ASN_193_B,ILE_195_B"
LEU_192_B,"LEU_99_B,PHE_188_B,GLN_189_B,TYR_191_B,ASN_193_B"
ASN_193_B,"GLN_189_B,TYR_191_B,LEU_192_B,LYS_194_B"
LYS_194_B,"ASP_71_B,VAL_190_B,ASN_193_B,ILE_195_B"
ILE_195_B,"TYR_191_B,LYS_194_B,TYR_196_B,TYR_197_B,GLY_203_B,PRO_231_B"
TYR_196_B,"ILE_195_B,TYR_197_B,GLY_200_B"
TYR_197_B,"ILE_195_B,TYR_196_B,SER_198_B,VAL_201_B,ALA_207_B,TYR_211_B,PRO_231_B"
SER_198_B,"TYR_197_B,ASP_199_B"
ASP_199_B,"ARG_93_B,SER_198_B,GLY_200_B,ASN_238_B,ASP_241_B,ARG_288_B"
GLY_200_B,"TYR_196_B,ASP_199_B,VAL_201_B"
VAL_201_B,"ARG_93_B,TYR_197_B,GLY_200_B,THR_202_B,ALA_206_B"
THR_202_B,"HIS_94_B,VAL_201_B,GLY_203_B"
GLY_203_B,"ILE_195_B,THR_202_B,ILE_204_B"
ILE_204_B,"GLY_203_B,LYS_205_B"
LYS_205_B,"GLU_95_B,ILE_204_B,ALA_206_B"
ALA_206_B,"VAL_201_B,LYS_205_B,ALA_207_B,TYR_210_B"
ALA_207_B,"TYR_197_B,ALA_206_B,ALA_208_B,TYR_211_B"
ALA_208_B,"ALA_207_B,LYS_209_B,LEU_216_B"
LYS_209_B,"GLU_95_B,ALA_208_B,TYR_210_B,ASN_213_B,ASP_215_B"
TYR_210_B,"ALA_206_B,LYS_209_B,TYR_211_B,ARG_283_B"
TYR_211_B,"TYR_197_B,ALA_207_B,TYR_210_B,PHE_212_B"
PHE_212_B,"TYR_211_B,ASN_213_B,GLU_223_B,LEU_227_B"
ASN_213_B,"LYS_209_B,PHE_212_B,LYS_214_B"
LYS_214_B,"ASN_213_B,ASP_215_B,LEU_219_B,GLU_223_B"
ASP_215_B,"LYS_209_B,LYS_214_B,LEU_216_B,LYS_217_B,ASP_218_B"
LEU_216_B,"ALA_208_B,ASP_215_B,LYS_217_B"
LYS_217_B,"ASP_215_B,LEU_216_B,ASP_218_B"
ASP_218_B,"ASP_215_B,LYS_217_B,LEU_219_B"
LEU_219_B,"LYS_214_B,ASP_218_B,ASN_220_B,GLU_224_B"
ASN_220_B,"LEU_219_B,LEU_221_B,GLU_223_B"
LEU_221_B,"ASN_220_B,ALA_222_B,ALA_225_B"
ALA_222_B,"LEU_221_B,GLU_223_B,TYR_226_B"
GLU_223_B,"PHE_212_B,LYS_214_B,ASN_220_B,ALA_222_B,GLU_224_B,LEU_227_B"
GLU_224_B,"LEU_219_B,GLU_223_B,ALA_225_B,ALA_228_B"
ALA_225_B,"LEU_221_B,GLU_224_B,TYR_226_B,GLY_229_B,LEU_254_B"
TYR_226_B,"ALA_222_B,ALA_225_B,LEU_227_B,GLY_229_B,LEU_230_B,TYR_237_B,ILE_239_B,ALA_246_B"
LEU_227_B,"PHE_212_B,GLU_223_B,TYR_226_B,ALA_228_B"
ALA_228_B,"ALA_109_B,GLU_224_B,LEU_227_B,GLY_229_B"
GLY_229_B,"ALA_225_B,TYR_226_B,ALA_228_B,LEU_230_B,ARG_249_B"
LEU_230_B,"TYR_226_B,GLY_229_B,GLN_232_B,TYR_237_B"
PRO_231_B,"ILE_195_B,TYR_197_B,GLN_232_B"
GLN_232_B,"LEU_230_B,PRO_231_B,VAL_233_B"
VAL_233_B,"GLN_232_B,ASN_236_B,TYR_237_B"
PRO_234_B,"ASN_235_B,TYR_237_B,ASN_238_B"
ASN_235_B,"PRO_234_B,ASN_236_B"
ASN_236_B,"VAL_233_B,ASN_235_B,TYR_237_B"
TYR_237_B,"TYR_226_B,LEU_230_B,VAL_233_B,PRO_234_B,ASN_236_B,ASN_238_B,ARG_249_B"
ASN_238_B,"ASP_199_B,PRO_234_B,TYR_237_B,ILE_239_B,TYR_240_B,HIS_242_B"
ILE_239_B,"TYR_226_B,ASN_238_B,TYR_240_B,ALA_246_B,LEU_280_B"
TYR_240_B,"ASN_238_B,ILE_239_B,ASP_241_B,VAL_281_B,ARG_283_B"
ASP_241_B,"ASP_199_B,TYR_240_B,HIS_242_B,ARG_288_B"
HIS_242_B,"ASN_238_B,ASP_241_B,ALA_245_B,ALA_246_B"
PRO_243_B,"LYS_244_B,GLU_247_B"
LYS_244_B,"PRO_243_B,ALA_245_B"
ALA_245_B,"HIS_242_B,LYS_244_B,ALA_246_B"
ALA_246_B,"TYR_226_B,ILE_239_B,HIS_242_B,ALA_245_B,GLU_247_B,LYS_250_B"
GLU_247_B,"PRO_243_B,ALA_246_B,ASP_248_B,LYS_250_B,ASN_251_B"
ASP_248_B,"GLU_247_B,ARG_249_B"
ARG_249_B,"GLU_114_B,GLY_229_B,TYR_237_B,ASP_248_B,LYS_250_B"
LYS_250_B,"ALA_246_B,GLU_247_B,ARG_249_B,ASN_251_B,LEU_254_B"
ASN_251_B,"GLU_247_B,LYS_250_B,THR_252_B"
THR_252_B,"ASN_251_B,VAL_253_B,LEU_256_B"
VAL_253_B,"THR_252_B,LEU_254_B"
LEU_254_B,"ALA_225_B,LYS_250_B,VAL_253_B,TYR_255_B,HIS_258_B"
TYR_255_B,"LEU_254_B,LEU_256_B,TYR_259_B"
LEU_256_B,"THR_252_B,TYR_255_B,HIS_260_B"
HIS_258_B,"LEU_254_B,TYR_259_B,LYS_261_B,ASP_265_B,TRP_268_B"
TYR_259_B,"TYR_255_B,HIS_258_B,HIS_260_B"
HIS_260_B,"LEU_256_B,TYR_259_B,LYS_261_B"
LYS_261_B,"HIS_258_B,HIS_260_B,ARG_262_B"
ARG_262_B,"ASP_108_B,ASN_116_B,LYS_261_B,ILE_263_B"
ILE_263_B,"ARG_262_B,THR_264_B,GLN_267_B"
THR_264_B,"ILE_263_B,ASP_265_B"
ASP_265_B,"HIS_258_B,THR_264_B,LYS_266_B"
LYS_266_B,"ASP_265_B,GLN_267_B,ASP_270_B"
GLN_267_B,"ILE_263_B,LYS_266_B,TRP_268_B,ALA_271_B"
TRP_268_B,"HIS_258_B,GLN_267_B,GLU_269_B,LYS_272_B"
GLU_269_B,"TRP_268_B,ASP_270_B,LYS_273_B"
ASP_270_B,"LYS_266_B,GLU_269_B,ALA_271_B,LYS_273_B"
ALA_271_B,"GLN_267_B,ASP_270_B,LYS_272_B"
LYS_272_B,"TRP_268_B,ALA_271_B,LYS_273_B"
LYS_273_B,"GLU_269_B,ASP_270_B,LYS_272_B,ILE_274_B"
ILE_274_B,"LYS_273_B,ASP_275_B"
ASP_275_B,"ILE_274_B,LEU_276_B,LYS_277_B"
LEU_276_B,"ASP_275_B,LYS_277_B,ALA_278_B"
LYS_277_B,"ASP_275_B,LEU_276_B,ALA_278_B"
ALA_278_B,"LEU_276_B,LYS_277_B,ASN_279_B"
ASN_279_B,"ALA_278_B,LEU_280_B"
LEU_280_B,"ILE_239_B,ASN_279_B,VAL_281_B"
VAL_281_B,"TYR_240_B,LEU_280_B,ASN_282_B"
ASN_282_B,"VAL_281_B,ARG_283_B"
ARG_283_B,"ARG_93_B,TYR_210_B,TYR_240_B,ASN_282_B,THR_284_B,GLU_287_B"
THR_284_B,"ARG_283_B,GLU_287_B"
PRO_285_B,"GLU_286_B,GLN_289_B"
GLU_286_B,"PRO_285_B,GLU_287_B"
GLU_287_B,"ARG_283_B,THR_284_B,GLU_286_B,ARG_288_B"
ARG_288_B,"ASP_199_B,ASP_241_B,GLU_287_B,GLN_289_B"
GLN_289_B,"PRO_285_B,ARG_288_B,ASN_290_B,ILE_291_B"
ASN_290_B,"GLN_289_B,ILE_291_B"
ILE_291_B,"GLN_289_B,ASN_290_B,ASP_292_B"
ASP_292_B,"ILE_291_B,THR_293_B,GLN_295_B"
THR_293_B,"ASP_292_B,ASN_294_B"
ASN_294_B,"THR_293_B,GLN_295_B,ASN_300_B"
GLN_295_B,"ASP_292_B,ASN_294_B,ASP_296_B"
ASP_296_B,"LYS_86_B,GLN_295_B,SER_297_B,GLU_298_B,TYR_299_B"
SER_297_B,"ASP_296_B,GLU_298_B"
GLU_298_B,"ASP_296_B,SER_297_B,TYR_299_B,LYS_341_B"
TYR_299_B,"VAL_85_B,ASP_296_B,GLU_298_B,ASN_300_B,SER_301_B,TYR_302_B,VAL_303_B,GLN_340_B"
ASN_300_B,"ASN_294_B,TYR_299_B,SER_301_B,ASN_304_B,PHE_381_B"
SER_301_B,"TYR_299_B,ASN_300_B,TYR_302_B,ASN_304_B,PHE_305_B,GLY_377_B"
TYR_302_B,"TYR_299_B,SER_301_B,VAL_303_B,VAL_306_B,LEU_372_B"
VAL_303_B,"LEU_88_B,TYR_299_B,TYR_302_B,ASN_304_B,VAL_306_B,LYS_307_B"
ASN_304_B,"ASN_300_B,SER_301_B,VAL_303_B,PHE_305_B,ASP_383_B"
PHE_305_B,"SER_301_B,ASN_304_B,VAL_306_B,LEU_372_B,THR_391_B"
VAL_306_B,"TYR_302_B,VAL_303_B,PHE_305_B,LYS_307_B,LEU_310_B,THR_333_B"
LYS_307_B,"VAL_303_B,VAL_306_B,SER_308_B,ASP_383_B"
SER_308_B,"LYS_307_B,GLU_309_B"
GLU_309_B,"SER_308_B,LEU_310_B,HIS_525_B,SER_526_B"
LEU_310_B,"VAL_306_B,GLU_309_B,VAL_324_B,ILE_329_B,TYR_540_B"
ASN_312_B,ASN_313_B
ASN_313_B,"ASN_312_B,LYS_314_B,ALA_315_B,PHE_316_B,TYR_540_B"
LYS_314_B,"ASN_313_B,ALA_315_B,PHE_316_B"
ALA_315_B,"ASN_313_B,LYS_314_B,PHE_316_B,ILE_538_B"
PHE_316_B,"ASN_313_B,LYS_314_B,ALA_315_B,LYS_317_B,ASP_318_B,VAL_324_B"
LYS_317_B,"PHE_316_B,ASP_318_B"
ASP_318_B,"PHE_316_B,LYS_317_B,GLU_319_B"
GLU_319_B,"ASP_318_B,ASN_320_B"
ASN_320_B,"GLU_319_B,LEU_321_B"
LEU_321_B,"ASN_320_B,GLY_322_B,ASN_323_B,VAL_324_B"
GLY_322_B,"LEU_321_B,ASN_323_B"
ASN_323_B,"LEU_321_B,GLY_322_B,VAL_324_B,GLN_326_B"
VAL_324_B,"LEU_310_B,PHE_316_B,LEU_321_B,ASN_323_B,LEU_325_B,SER_327_B,ILE_329_B"
LEU_325_B,"VAL_324_B,GLN_326_B"
GLN_326_B,"ASN_323_B,LEU_325_B,SER_327_B"
SER_327_B,"VAL_324_B,GLN_326_B,GLY_328_B"
GLY_328_B,"SER_327_B,ILE_329_B"
ILE_329_B,"LEU_310_B,VAL_324_B,GLY_328_B,LYS_330_B"
LYS_330_B,"TYR_78_B,ILE_329_B,ILE_331_B,TYR_332_B,VAL_531_B"
ILE_331_B,"LYS_76_B,TYR_78_B,LYS_330_B,TYR_332_B"
TYR_332_B,"LYS_330_B,ILE_331_B,THR_333_B,GLN_528_B"
THR_333_B,"TYR_78_B,VAL_306_B,TYR_332_B,ASN_334_B"
ASN_334_B,"THR_333_B,SER_526_B"
ASP_336_B,"ASP_79_B,LYS_80_B,LYS_337_B,ASP_338_B,VAL_339_B,GLN_340_B,VAL_373_B"
LYS_337_B,"ASP_79_B,GLU_83_B,ASP_336_B,ASP_338_B,GLN_340_B,LYS_341_B"
ASP_338_B,"ASP_336_B,LYS_337_B,VAL_339_B,LYS_341_B"
VAL_339_B,"ASP_336_B,ASP_338_B,GLN_340_B,THR_342_B,LEU_343_B,ILE_364_B,ALA_374_B,ILE_655_B"
GLN_340_B,"TYR_299_B,ASP_336_B,LYS_337_B,VAL_339_B,LYS_341_B,ILE_375_B"
LYS_341_B,"GLU_298_B,LYS_337_B,ASP_338_B,GLN_340_B,THR_342_B"
THR_342_B,"VAL_339_B,LYS_341_B,LEU_343_B"
LEU_343_B,"VAL_339_B,THR_342_B,GLN_344_B,ILE_364_B"
GLN_344_B,"LEU_343_B,ASN_345_B,ASP_348_B,SER_376_B"
ASN_345_B,"GLN_344_B,ASP_346_B,ASN_349_B"
ASP_346_B,"ASN_345_B,VAL_347_B,GLY_350_B,LYS_654_B"
VAL_347_B,"ASP_346_B,ASP_348_B,TYR_353_B,VAL_360_B"
ASP_348_B,"GLN_344_B,VAL_347_B,ASN_349_B,ASP_380_B"
ASN_349_B,"ASN_345_B,ASP_348_B,GLY_350_B"
GLY_350_B,"ASP_346_B,ASN_349_B,SER_351_B"
SER_351_B,"GLY_350_B,PHE_352_B"
PHE_352_B,"SER_351_B,TYR_353_B,TYR_643_B,PHE_646_B"
TYR_353_B,"VAL_347_B,PHE_352_B,LYS_354_B"
LYS_354_B,"TYR_353_B,ASN_355_B,GLN_358_B,GLY_631_B"
ASN_355_B,"LYS_354_B,LYS_356_B,ASP_357_B,GLN_358_B,GLU_632_B"
LYS_356_B,"ASN_355_B,ASP_357_B"
ASP_357_B,"ASN_355_B,LYS_356_B,GLN_358_B,SER_625_B,LYS_628_B,ASN_633_B"
GLN_358_B,"LYS_354_B,ASN_355_B,ASP_357_B,GLN_359_B,ARG_379_B,PHE_624_B"
GLN_359_B,"GLN_358_B,VAL_360_B,GLY_623_B"
VAL_360_B,"VAL_347_B,GLN_359_B,GLY_361_B"
GLY_361_B,"VAL_360_B,ALA_362_B,TRP_621_B"
ALA_362_B,"GLY_361_B,THR_363_B,SER_376_B"
THR_363_B,"ALA_362_B,ILE_364_B,LEU_372_B,THR_506_B,SER_619_B"
ILE_364_B,"VAL_339_B,LEU_343_B,THR_363_B,LEU_365_B,VAL_373_B,VAL_651_B"
LEU_365_B,"ILE_364_B,ASP_366_B,ALA_509_B,THR_617_B"
ASP_366_B,"LEU_365_B,SER_367_B,GLY_370_B,GLY_371_B"
SER_367_B,"ASP_366_B,LYS_368_B,ASN_517_B,THR_617_B"
LYS_368_B,"SER_367_B,THR_369_B,GLU_661_B"
THR_369_B,"LYS_368_B,GLY_370_B"
GLY_370_B,"ASP_366_B,THR_369_B,GLY_371_B"
GLY_371_B,"ASP_366_B,GLY_370_B,LEU_372_B"
LEU_372_B,"TYR_302_B,PHE_305_B,THR_363_B,GLY_371_B,VAL_373_B,HIS_525_B"
VAL_373_B,"ASP_336_B,ILE_364_B,LEU_372_B,ALA_374_B"
ALA_374_B,"VAL_339_B,VAL_373_B,ILE_375_B"
ILE_375_B,"GLN_340_B,ALA_374_B,SER_376_B,ALA_390_B"
SER_376_B,"GLN_344_B,ALA_362_B,ILE_375_B,GLY_377_B"
GLY_377_B,"SER_301_B,SER_376_B,GLY_378_B"
GLY_378_B,"GLY_377_B,ARG_379_B"
ARG_379_B,"GLN_358_B,GLY_378_B,ASP_380_B"
ASP_380_B,"ASP_348_B,ARG_379_B,PHE_381_B"
PHE_381_B,"ASN_300_B,ASP_380_B,LYS_382_B,ASN_386_B"
LYS_382_B,"PHE_381_B,ASP_383_B"
ASP_383_B,"ASN_304_B,LYS_307_B,LYS_382_B,VAL_384_B"
VAL_384_B,"ASP_383_B,VAL_385_B"
VAL_385_B,"VAL_384_B,ASN_386_B"
ASN_386_B,"PHE_381_B,VAL_385_B,ARG_387_B"
ARG_387_B,"ASN_386_B,ASN_388_B,ASP_392_B"
ASN_388_B,"ARG_387_B,GLN_389_B,ALA_390_B,THR_391_B,ASP_392_B"
GLN_389_B,"ASN_388_B,ALA_390_B,TRP_621_B"
ALA_390_B,"ILE_375_B,ASN_388_B,GLN_389_B,THR_391_B"
THR_391_B,"PHE_305_B,ASN_388_B,ALA_390_B,ASP_392_B"
ASP_392_B,"ARG_387_B,ASN_388_B,THR_391_B,HIS_394_B"
PRO_393_B,HIS_394_B
HIS_394_B,"ASP_392_B,PRO_393_B,ASP_606_B,TRP_621_B"
PRO_395_B,"THR_396_B,TRP_608_B"
THR_396_B,"PRO_395_B,GLY_397_B,SER_399_B,SER_501_B"
GLY_397_B,"THR_396_B,SER_398_B"
SER_398_B,"GLY_397_B,SER_399_B"
SER_399_B,"THR_396_B,SER_398_B,LEU_400_B"
LEU_400_B,"SER_399_B,LYS_401_B,PHE_503_B,LEU_508_B"
LYS_401_B,"LEU_400_B,SER_454_B,ALA_459_B,LYS_583_B"
PRO_402_B,"PHE_403_B,GLY_407_B"
PHE_403_B,"PRO_402_B,LEU_404_B,LEU_482_B,ALA_511_B,PHE_512_B,ILE_515_B"
LEU_404_B,"PHE_403_B,ALA_405_B,ILE_490_B"
ALA_405_B,"LEU_404_B,TYR_406_B"
TYR_406_B,"ALA_405_B,GLY_407_B,ILE_410_B,ILE_447_B,LEU_451_B"
GLY_407_B,"PRO_402_B,TYR_406_B,GLU_411_B"
PRO_408_B,"ALA_409_B,ASN_412_B"
ALA_409_B,"PRO_408_B,ILE_410_B,TRP_415_B,VAL_466_B"
ILE_410_B,"TYR_406_B,ALA_409_B,GLU_411_B,LYS_414_B,TYR_551_B"
GLU_411_B,"GLY_407_B,ILE_410_B,ASN_412_B,SER_549_B,THR_552_B"
ASN_412_B,"PRO_408_B,GLU_411_B,ALA_470_B"
LYS_414_B,"ILE_410_B,TRP_415_B,VAL_678_B"
TRP_415_B,"ALA_409_B,LYS_414_B,ALA_416_B,HIS_419_B"
ALA_416_B,"TRP_415_B,THR_417_B,ASN_677_B"
THR_417_B,"ALA_416_B,ASN_418_B,PRO_674_B,ILE_676_B"
ASN_418_B,"THR_417_B,HIS_419_B,ALA_420_B,THR_686_B"
HIS_419_B,"TRP_415_B,ASN_418_B,ALA_420_B,ASP_683_B"
ALA_420_B,"ASN_418_B,HIS_419_B,ILE_421_B,THR_444_B,ASN_685_B"
ILE_421_B,"ALA_420_B,GLN_422_B,VAL_445_B,ILE_447_B"
GLN_422_B,"ILE_421_B,ASP_423_B,LYS_461_B"
ASP_423_B,"GLN_422_B,GLU_424_B,HIS_442_B,GLY_443_B"
GLU_424_B,"ASP_423_B,SER_425_B,LYS_461_B"
SER_425_B,"GLU_424_B,SER_426_B"
SER_426_B,"SER_425_B,TYR_427_B"
TYR_427_B,"SER_426_B,GLN_428_B,VAL_429_B,ILE_457_B,GLN_464_B"
GLN_428_B,"TYR_427_B,VAL_429_B"
VAL_429_B,"TYR_427_B,GLN_428_B,ASP_430_B"
ASP_430_B,"VAL_429_B,GLY_431_B,SER_432_B"
GLY_431_B,"ASP_430_B,SER_432_B"
SER_432_B,"ASP_430_B,GLY_431_B,THR_433_B"
THR_433_B,"SER_432_B,PHE_434_B"
PHE_434_B,"THR_433_B,ARG_435_B,LEU_460_B,PRO_492_B"
ARG_435_B,"PHE_434_B,ASN_436_B"
ASN_436_B,"ARG_435_B,TYR_437_B,THR_439_B"
TYR_437_B,"ASN_436_B,ASP_438_B"
ASP_438_B,"TYR_437_B,THR_439_B,LYS_440_B,HIS_442_B"
THR_439_B,"ASN_436_B,ASP_438_B,LYS_440_B"
LYS_440_B,"ASP_438_B,THR_439_B,SER_441_B"
SER_441_B,"LYS_440_B,HIS_442_B"
HIS_442_B,"ASP_423_B,ASP_438_B,SER_441_B,GLY_443_B,HIS_692_B"
GLY_443_B,"ASP_423_B,HIS_442_B,THR_444_B"
THR_444_B,"ALA_420_B,GLY_443_B,VAL_445_B"
VAL_445_B,"ILE_421_B,THR_444_B,SER_446_B"
SER_446_B,"VAL_445_B,ILE_447_B,ALA_450_B"
ILE_447_B,"TYR_406_B,ILE_421_B,SER_446_B,TYR_448_B"
TYR_448_B,"ILE_447_B,ASP_449_B,ILE_673_B"
ASP_449_B,"TYR_448_B,ALA_450_B,ARG_452_B"
ALA_450_B,"SER_446_B,ASP_449_B,LEU_451_B,SER_454_B"
LEU_451_B,"TYR_406_B,ALA_450_B,ARG_452_B"
ARG_452_B,"ASP_449_B,LEU_451_B,GLN_453_B,PRO_566_B,SER_569_B"
GLN_453_B,"ARG_452_B,SER_454_B,PHE_455_B,THR_691_B"
SER_454_B,"LYS_401_B,ALA_450_B,GLN_453_B,PHE_455_B"
PHE_455_B,"GLN_453_B,SER_454_B,ASN_456_B"
ASN_456_B,"PHE_455_B,ILE_457_B,ALA_459_B"
ILE_457_B,"TYR_427_B,ASN_456_B,LYS_461_B"
PRO_458_B,"ALA_459_B,ALA_462_B"
ALA_459_B,"LYS_401_B,ASN_456_B,PRO_458_B,LEU_460_B"
LEU_460_B,"PHE_434_B,ALA_459_B,LYS_461_B,GLN_464_B,PRO_492_B"
LYS_461_B,"GLN_422_B,GLU_424_B,ILE_457_B,LEU_460_B,ALA_462_B,SER_465_B"
ALA_462_B,"PRO_458_B,LYS_461_B,TRP_463_B,VAL_466_B"
TRP_463_B,"ALA_462_B,GLN_464_B,LYS_467_B,VAL_495_B"
GLN_464_B,"TYR_427_B,LEU_460_B,TRP_463_B,SER_465_B,LYS_467_B,GLN_468_B"
SER_465_B,"LYS_461_B,GLN_464_B,VAL_466_B"
VAL_466_B,"ALA_409_B,ALA_462_B,SER_465_B,LYS_467_B,ALA_470_B,ALA_474_B"
LYS_467_B,"TRP_463_B,GLN_464_B,VAL_466_B,GLN_468_B"
GLN_468_B,"GLN_464_B,LYS_467_B,ASN_469_B"
ASN_469_B,"GLN_468_B,ALA_470_B"
ALA_470_B,"ASN_412_B,VAL_466_B,ASN_469_B,GLY_471_B,ALA_474_B"
GLY_471_B,"ALA_470_B,ASN_472_B"
ASN_472_B,"GLY_471_B,ASP_473_B"
ASP_473_B,"ASN_472_B,ALA_474_B,LYS_476_B,LYS_477_B,ASP_489_B"
ALA_474_B,"VAL_466_B,ALA_470_B,ASP_473_B"
PRO_475_B,"LYS_476_B,PHE_478_B,ALA_479_B"
LYS_476_B,"ASP_473_B,PRO_475_B,LYS_477_B,ALA_480_B,ASP_489_B"
LYS_477_B,"ASP_473_B,LYS_476_B,PHE_478_B"
PHE_478_B,"PRO_475_B,LYS_477_B,ALA_479_B"
ALA_479_B,"PRO_475_B,PHE_478_B,ALA_480_B,LEU_482_B"
ALA_480_B,"LYS_476_B,ALA_479_B,LYS_481_B"
LYS_481_B,"ALA_480_B,LEU_482_B,HIS_545_B"
LEU_482_B,"PHE_403_B,ALA_479_B,LYS_481_B,GLY_483_B,ALA_514_B,ALA_547_B"
GLY_483_B,"LEU_482_B,LEU_484_B"
LEU_484_B,"GLY_483_B,ASN_485_B,PHE_503_B,LEU_508_B"
ASN_485_B,"LEU_484_B,TYR_486_B"
TYR_486_B,"ASN_485_B,GLU_487_B,ILE_490_B,SER_501_B"
GLU_487_B,"TYR_486_B,GLY_488_B"
GLY_488_B,"GLU_487_B,ASP_489_B"
ASP_489_B,"ASP_473_B,LYS_476_B,GLY_488_B,ILE_490_B"
ILE_490_B,"LEU_404_B,TYR_486_B,ASP_489_B,GLY_491_B,GLU_494_B"
GLY_491_B,ILE_490_B
PRO_492_B,"PHE_434_B,LEU_460_B,SER_493_B"
SER_493_B,"PRO_492_B,GLU_494_B,GLY_498_B,SER_499_B"
GLU_494_B,"ILE_490_B,SER_493_B,VAL_495_B,SER_501_B"
VAL_495_B,"TRP_463_B,GLU_494_B,LEU_496_B"
LEU_496_B,"VAL_495_B,GLY_497_B"
GLY_497_B,"LEU_496_B,GLY_498_B"
GLY_498_B,"SER_493_B,GLY_497_B,SER_499_B"
SER_499_B,"SER_493_B,GLY_498_B,ALA_500_B,SER_501_B"
ALA_500_B,"SER_499_B,SER_501_B"
SER_501_B,"THR_396_B,TYR_486_B,GLU_494_B,SER_499_B,ALA_500_B,GLU_502_B"
GLU_502_B,"SER_501_B,PHE_503_B,LYS_605_B"
PHE_503_B,"LEU_400_B,LEU_484_B,GLU_502_B,SER_504_B"
SER_504_B,"PHE_503_B,GLN_507_B"
PRO_505_B,"THR_506_B,ALA_509_B"
THR_506_B,"THR_363_B,PRO_505_B,GLN_507_B,ALA_524_B"
GLN_507_B,"SER_504_B,THR_506_B,LEU_508_B"
LEU_508_B,"LEU_400_B,LEU_484_B,GLN_507_B,ALA_509_B,PHE_512_B,TRP_608_B"
ALA_509_B,"LEU_365_B,PRO_505_B,LEU_508_B,SER_510_B,ALA_513_B"
SER_510_B,"ALA_509_B,ALA_511_B,ASN_522_B"
ALA_511_B,"PHE_403_B,SER_510_B,PHE_512_B"
PHE_512_B,"PHE_403_B,LEU_508_B,ALA_511_B,ALA_513_B,LYS_583_B,ASN_610_B,PHE_612_B"
ALA_513_B,"ALA_509_B,PHE_512_B,ALA_514_B,ALA_516_B,ASN_517_B"
ALA_514_B,"LEU_482_B,ALA_513_B,ILE_515_B,GLY_519_B"
ILE_515_B,"PHE_403_B,ALA_514_B,ALA_516_B,PHE_612_B"
ALA_516_B,"ALA_513_B,ILE_515_B,ASN_517_B,PHE_612_B"
ASN_517_B,"SER_367_B,ALA_513_B,ALA_516_B,GLY_518_B,THR_520_B"
GLY_518_B,"ASN_517_B,GLY_519_B"
GLY_519_B,"ALA_514_B,GLY_518_B,THR_520_B,ALA_547_B"
THR_520_B,"ASN_517_B,GLY_519_B,TYR_521_B"
TYR_521_B,"THR_520_B,ASN_522_B,HIS_545_B"
ASN_522_B,"SER_510_B,TYR_521_B,ASN_523_B"
ASN_523_B,"ASN_522_B,ALA_524_B"
ALA_524_B,"THR_506_B,ASN_523_B,HIS_525_B"
HIS_525_B,"GLU_309_B,LEU_372_B,ALA_524_B,SER_526_B,HIS_542_B"
SER_526_B,"GLU_309_B,ASN_334_B,HIS_525_B,ILE_527_B"
ILE_527_B,"SER_526_B,GLN_528_B,VAL_530_B"
GLN_528_B,"TYR_332_B,ILE_527_B,LYS_529_B"
LYS_529_B,"GLN_528_B,VAL_530_B,GLU_539_B"
VAL_530_B,"ILE_527_B,LYS_529_B,VAL_531_B,ILE_538_B,TYR_540_B"
VAL_531_B,"LYS_330_B,VAL_530_B,THR_532_B"
THR_532_B,"VAL_531_B,ARG_533_B,ASP_534_B,GLU_536_B"
ARG_533_B,"THR_532_B,ASP_534_B"
ASP_534_B,"THR_532_B,ARG_533_B,GLY_535_B,GLU_536_B"
GLY_535_B,"ASP_534_B,GLU_536_B"
GLU_536_B,"THR_532_B,ASP_534_B,GLY_535_B,THR_537_B"
THR_537_B,"GLU_536_B,ILE_538_B"
ILE_538_B,"ALA_315_B,VAL_530_B,THR_537_B,GLU_539_B"
GLU_539_B,"LYS_529_B,ILE_538_B,TYR_540_B"
TYR_540_B,"LEU_310_B,ASN_313_B,VAL_530_B,GLU_539_B,ASP_541_B"
ASP_541_B,"TYR_540_B,HIS_542_B"
HIS_542_B,"HIS_525_B,ASP_541_B,THR_543_B,SER_544_B"
THR_543_B,"HIS_542_B,SER_544_B"
SER_544_B,"HIS_542_B,THR_543_B,HIS_545_B"
HIS_545_B,"LYS_481_B,TYR_521_B,SER_544_B,LYS_546_B"
LYS_546_B,"HIS_545_B,ALA_547_B,ASP_550_B"
ALA_547_B,"LEU_482_B,GLY_519_B,LYS_546_B"
SER_549_B,"GLU_411_B,ASP_550_B"
ASP_550_B,"LYS_546_B,SER_549_B,TYR_551_B,TYR_554_B,SER_668_B"
TYR_551_B,"ILE_410_B,ASP_550_B,THR_552_B,VAL_669_B,VAL_678_B"
THR_552_B,"GLU_411_B,TYR_551_B,ALA_553_B,LEU_556_B"
ALA_553_B,"THR_552_B,TYR_554_B"
TYR_554_B,"ASP_550_B,ALA_553_B,GLU_558_B"
LEU_556_B,"THR_552_B,ALA_557_B,LEU_560_B"
ALA_557_B,"LEU_556_B,GLU_558_B,LEU_560_B,LYS_561_B"
GLU_558_B,"TYR_554_B,ALA_557_B,LYS_561_B,ASP_662_B,ILE_673_B"
LEU_560_B,"LEU_556_B,ALA_557_B,LYS_561_B,PHE_612_B"
LYS_561_B,"ALA_557_B,GLU_558_B,LEU_560_B,GLY_562_B,ASP_662_B"
GLY_562_B,"LYS_561_B,THR_563_B,PHE_564_B,LYS_565_B"
THR_563_B,"GLY_562_B,PHE_564_B,ALA_570_B,ALA_582_B"
PHE_564_B,"GLY_562_B,THR_563_B,LYS_565_B,ALA_570_B,ALA_582_B,TYR_648_B"
LYS_565_B,"GLY_562_B,PHE_564_B,GLY_568_B"
PRO_566_B,"ARG_452_B,TYR_567_B"
TYR_567_B,"PRO_566_B,GLY_568_B,HIS_692_B"
GLY_568_B,"LYS_565_B,TYR_567_B,SER_569_B,TYR_571_B"
SER_569_B,"ARG_452_B,GLY_568_B,ALA_570_B"
ALA_570_B,"THR_563_B,PHE_564_B,SER_569_B,TYR_571_B,HIS_573_B"
TYR_571_B,"GLY_568_B,ALA_570_B,GLY_572_B"
GLY_572_B,"TYR_571_B,HIS_573_B"
HIS_573_B,"ALA_570_B,GLY_572_B,GLY_574_B,GLU_642_B,GLU_649_B"
GLY_574_B,"HIS_573_B,VAL_575_B"
VAL_575_B,"GLY_574_B,SER_576_B,VAL_578_B"
SER_576_B,"VAL_575_B,GLY_577_B"
GLY_577_B,"SER_576_B,VAL_578_B"
VAL_578_B,"VAL_575_B,GLY_577_B,ASN_579_B,THR_613_B"
ASN_579_B,"VAL_578_B,GLU_661_B"
GLY_581_B,"ALA_582_B,PHE_612_B"
ALA_582_B,"THR_563_B,PHE_564_B,GLY_581_B,LYS_583_B"
LYS_583_B,"LYS_401_B,PHE_512_B,ALA_582_B,THR_584_B,ASN_610_B"
THR_584_B,"LYS_583_B,GLY_585_B"
GLY_585_B,"THR_584_B,THR_586_B,TRP_608_B"
THR_586_B,"GLY_585_B,GLY_587_B"
GLY_587_B,"THR_586_B,THR_588_B,LYS_605_B,ASP_606_B"
THR_588_B,"GLY_587_B,TYR_589_B"
TYR_589_B,"THR_588_B,GLY_590_B,TYR_594_B,LEU_599_B,LYS_605_B,VAL_627_B,SER_634_B"
GLY_590_B,"TYR_589_B,ALA_591_B,GLU_592_B,THR_593_B"
ALA_591_B,"GLY_590_B,GLU_592_B"
GLU_592_B,"GLY_590_B,ALA_591_B,THR_593_B"
THR_593_B,"GLY_590_B,GLU_592_B,TYR_594_B,TYR_597_B"
TYR_594_B,"TYR_589_B,THR_593_B,SER_595_B,ASN_598_B,LEU_599_B,ALA_603_B"
SER_595_B,"TYR_594_B,GLN_596_B"
GLN_596_B,"SER_595_B,TYR_597_B"
TYR_597_B,"THR_593_B,GLN_596_B,ASN_598_B,LEU_599_B,VAL_627_B,TYR_630_B"
ASN_598_B,"TYR_594_B,TYR_597_B,LEU_599_B,GLN_629_B"
LEU_599_B,"TYR_589_B,TYR_594_B,TYR_597_B,ASN_598_B"
PRO_600_B,"ASP_601_B,ASN_602_B,ALA_603_B,VAL_636_B"
ASP_601_B,"PRO_600_B,ASN_602_B"
ASN_602_B,"PRO_600_B,ASP_601_B,ALA_603_B"
ALA_603_B,"TYR_594_B,PRO_600_B,ASN_602_B,ALA_604_B"
ALA_604_B,"ALA_603_B,LYS_605_B,PHE_635_B"
LYS_605_B,"GLU_502_B,GLY_587_B,TYR_589_B,ALA_604_B,ASP_606_B"
ASP_606_B,"HIS_394_B,GLY_587_B,LYS_605_B,VAL_607_B"
VAL_607_B,"ASP_606_B,TRP_608_B,PHE_635_B,PRO_644_B"
TRP_608_B,"PRO_395_B,LEU_508_B,GLY_585_B,VAL_607_B,ILE_609_B,TRP_621_B"
ILE_609_B,"TRP_608_B,ASN_610_B,GLN_645_B,TYR_648_B"
ASN_610_B,"PHE_512_B,LYS_583_B,ILE_609_B,GLY_611_B,SER_619_B"
GLY_611_B,"ASN_610_B,PHE_612_B"
PHE_612_B,"PHE_512_B,ILE_515_B,ALA_516_B,LEU_560_B,GLY_581_B,GLY_611_B,THR_613_B,PHE_663_B"
THR_613_B,"VAL_578_B,PHE_612_B,TYR_616_B"
PRO_614_B,GLN_615_B
GLN_615_B,"PRO_614_B,TYR_616_B"
TYR_616_B,"THR_613_B,GLN_615_B,THR_617_B,ILE_655_B"
THR_617_B,"LEU_365_B,SER_367_B,TYR_616_B"
SER_619_B,"THR_363_B,ASN_610_B,VAL_620_B"
VAL_620_B,"SER_619_B,TRP_621_B,LEU_647_B"
TRP_621_B,"GLY_361_B,GLN_389_B,HIS_394_B,TRP_608_B,VAL_620_B"
GLY_623_B,"GLN_359_B,PHE_624_B"
PHE_624_B,"GLN_358_B,GLY_623_B,SER_625_B,ASN_633_B,PHE_635_B"
SER_625_B,"ASP_357_B,PHE_624_B,LYS_626_B"
LYS_626_B,"SER_625_B,VAL_627_B,LYS_628_B"
VAL_627_B,"TYR_589_B,TYR_597_B,LYS_626_B,LYS_628_B"
LYS_628_B,"ASP_357_B,LYS_626_B,VAL_627_B,GLN_629_B,GLU_632_B"
GLN_629_B,"ASN_598_B,LYS_628_B,TYR_630_B"
TYR_630_B,"TYR_597_B,GLN_629_B,GLY_631_B"
GLY_631_B,"LYS_354_B,TYR_630_B,GLU_632_B,SER_634_B"
GLU_632_B,"ASN_355_B,LYS_628_B,GLY_631_B,ASN_633_B"
ASN_633_B,"ASP_357_B,PHE_624_B,GLU_632_B,SER_634_B"
SER_634_B,"TYR_589_B,GLY_631_B,ASN_633_B,PHE_635_B"
PHE_635_B,"ALA_604_B,VAL_607_B,PHE_624_B,SER_634_B,VAL_636_B,GLN_641_B"
VAL_636_B,"PRO_600_B,PHE_635_B,GLY_637_B,GLN_640_B"
GLY_637_B,"VAL_636_B,HIS_638_B"
HIS_638_B,"GLY_637_B,SER_639_B,GLN_641_B,GLU_642_B"
SER_639_B,"HIS_638_B,GLN_640_B"
GLN_640_B,"VAL_636_B,SER_639_B,GLN_641_B,TYR_643_B"
GLN_641_B,"PHE_635_B,HIS_638_B,GLN_640_B,GLU_642_B"
GLU_642_B,"HIS_573_B,HIS_638_B,GLN_641_B,TYR_643_B,GLN_645_B,PHE_646_B"
TYR_643_B,"PHE_352_B,GLN_640_B,GLU_642_B,GLN_645_B,PHE_646_B"
PRO_644_B,"VAL_607_B,GLN_645_B"
GLN_645_B,"ILE_609_B,GLU_642_B,TYR_643_B,PRO_644_B,PHE_646_B,GLU_649_B"
PHE_646_B,"PHE_352_B,GLU_642_B,TYR_643_B,GLN_645_B,LEU_647_B,GLU_649_B,ASN_650_B"
LEU_647_B,"VAL_620_B,PHE_646_B,TYR_648_B"
TYR_648_B,"PHE_564_B,ILE_609_B,LEU_647_B,GLU_649_B"
GLU_649_B,"HIS_573_B,GLN_645_B,PHE_646_B,TYR_648_B,ASN_650_B"
ASN_650_B,"PHE_646_B,GLU_649_B,VAL_651_B"
VAL_651_B,"ILE_364_B,ASN_650_B"
SER_653_B,"LYS_654_B,ARG_658_B"
LYS_654_B,"ASP_346_B,SER_653_B,ILE_655_B"
ILE_655_B,"VAL_339_B,TYR_616_B,LYS_654_B,SER_656_B"
SER_656_B,"ILE_655_B,SER_657_B"
SER_657_B,"SER_656_B,ARG_658_B"
ARG_658_B,"SER_653_B,SER_657_B,ASP_659_B,GLY_660_B"
ASP_659_B,"ARG_658_B,GLY_660_B,GLU_661_B"
GLY_660_B,"ARG_658_B,ASP_659_B,GLU_661_B"
GLU_661_B,"LYS_368_B,ASN_579_B,ASP_659_B,GLY_660_B,ASP_662_B"
ASP_662_B,"GLU_558_B,LYS_561_B,GLU_661_B,PHE_663_B"
PHE_663_B,"PHE_612_B,ASP_662_B,LYS_664_B"
LYS_664_B,"PHE_663_B,ARG_665_B"
ARG_665_B,LYS_664_B
PRO_666_B,"SER_667_B,VAL_669_B"
SER_667_B,"PRO_666_B,SER_668_B"
SER_668_B,"ASP_550_B,SER_667_B,VAL_669_B"
VAL_669_B,"TYR_551_B,PRO_666_B,SER_668_B,SER_670_B"
SER_670_B,"VAL_669_B,GLY_671_B,ASN_677_B"
GLY_671_B,"SER_670_B,SER_672_B"
SER_672_B,"GLY_671_B,ILE_673_B,SER_675_B"
ILE_673_B,"TYR_448_B,GLU_558_B,SER_672_B"
PRO_674_B,"THR_417_B,SER_675_B"
SER_675_B,"SER_672_B,PRO_674_B,ILE_676_B"
ILE_676_B,"THR_417_B,SER_675_B,ASN_677_B"
ASN_677_B,"ALA_416_B,SER_670_B,ILE_676_B,VAL_678_B"
VAL_678_B,"LYS_414_B,TYR_551_B,ASN_677_B,SER_679_B,GLY_680_B"
SER_679_B,"VAL_678_B,GLY_680_B"
GLY_680_B,"VAL_678_B,SER_679_B,SER_681_B"
SER_681_B,"GLY_680_B,GLN_682_B"
GLN_682_B,"SER_681_B,ASP_683_B"
ASP_683_B,"HIS_419_B,GLN_682_B,ASN_684_B"
ASN_684_B,"ASP_683_B,ASN_685_B"
ASN_685_B,"ALA_420_B,ASN_684_B,THR_686_B"
THR_686_B,"ASN_418_B,ASN_685_B,THR_687_B"
THR_687_B,"THR_686_B,ASN_688_B"
ASN_688_B,"THR_687_B,ARG_689_B"
ARG_689_B,"ASN_688_B,SER_690_B"
SER_690_B,"ARG_689_B,THR_691_B"
THR_691_B,"GLN_453_B,SER_690_B,HIS_692_B"
HIS_692_B,"HIS_442_B,TYR_567_B,THR_691_B"
