residue_id,neighbors
GLY_156_A,SER_157_A
SER_157_A,"GLY_156_A,LEU_158_A"
LEU_158_A,"SER_157_A,TYR_159_A,ILE_215_A"
TYR_159_A,"LEU_158_A,ALA_160_A,PHE_183_A,ILE_215_A,ILE_217_A"
ALA_160_A,"TYR_159_A,ILE_161_A,LEU_182_A,ILE_184_A"
ILE_161_A,"ALA_160_A,VAL_162_A,LEU_163_A,SER_213_A,ILE_215_A"
VAL_162_A,"ILE_161_A,LEU_163_A,THR_176_A,GLY_179_A,GLU_180_A,LEU_182_A,VAL_212_A"
LEU_163_A,"ILE_161_A,VAL_162_A,TYR_164_A"
TYR_164_A,"LEU_163_A,ASP_165_A"
ASP_165_A,"TYR_164_A,PHE_166_A,VAL_178_A"
PHE_166_A,"ASP_165_A,LYS_167_A,PHE_211_A"
LYS_167_A,"PHE_166_A,ALA_168_A"
ALA_168_A,"LYS_167_A,GLU_169_A,GLU_173_A"
GLU_169_A,"ALA_168_A,LYS_170_A"
LYS_170_A,"GLU_169_A,ALA_171_A,GLU_173_A,LEU_206_A"
ALA_171_A,"LYS_170_A,ASP_172_A"
ASP_172_A,"ALA_171_A,GLU_173_A,LEU_174_A,LEU_206_A"
GLU_173_A,"ALA_168_A,LYS_170_A,ASP_172_A,LEU_174_A"
LEU_174_A,"ASP_172_A,GLU_173_A,THR_175_A"
THR_175_A,"LEU_174_A,THR_176_A"
THR_176_A,"VAL_162_A,THR_175_A,TYR_177_A"
TYR_177_A,"THR_176_A,VAL_178_A"
VAL_178_A,"ASP_165_A,TYR_177_A,GLY_179_A"
GLY_179_A,"VAL_162_A,VAL_178_A,GLU_180_A"
GLU_180_A,"VAL_162_A,GLY_179_A,ASN_181_A"
ASN_181_A,"GLU_180_A,LEU_182_A"
LEU_182_A,"ALA_160_A,VAL_162_A,ASN_181_A,PHE_183_A,ALA_195_A,VAL_207_A"
PHE_183_A,"TYR_159_A,LEU_182_A,ILE_184_A,LYS_196_A"
ILE_184_A,"ALA_160_A,PHE_183_A,CYS_185_A,ALA_195_A"
CYS_185_A,"ILE_184_A,ALA_186_A,ILE_194_A,TRP_242_A"
ALA_186_A,"CYS_185_A,HIS_187_A,ILE_194_A,VAL_239_A,TRP_242_A"
HIS_187_A,"ALA_186_A,HIS_188_A,PHE_193_A,VAL_239_A"
HIS_188_A,"HIS_187_A,ASN_189_A,CYS_190_A,GLU_191_A,TRP_192_A,VAL_239_A"
ASN_189_A,"HIS_188_A,CYS_190_A,GLU_191_A"
CYS_190_A,"HIS_188_A,ASN_189_A,GLU_191_A"
GLU_191_A,"HIS_188_A,ASN_189_A,CYS_190_A,TRP_192_A,VAL_209_A"
TRP_192_A,"HIS_188_A,GLU_191_A,PHE_193_A,LEU_206_A,PRO_208_A"
PHE_193_A,"HIS_187_A,TRP_192_A,ILE_194_A,VAL_207_A,VAL_209_A,VAL_227_A,ILE_231_A"
ILE_194_A,"CYS_185_A,ALA_186_A,PHE_193_A,ALA_195_A,PRO_204_A,LEU_206_A,VAL_239_A"
ALA_195_A,"LEU_182_A,ILE_184_A,ILE_194_A,LYS_196_A,GLY_205_A,VAL_207_A"
LYS_196_A,"PHE_183_A,ALA_195_A"
PRO_197_A,ILE_198_A
ILE_198_A,"PRO_197_A,GLY_199_A"
GLY_199_A,"ILE_198_A,ARG_200_A"
ARG_200_A,"GLY_199_A,LEU_201_A,GLY_202_A"
LEU_201_A,"ARG_200_A,GLY_202_A"
GLY_202_A,"ARG_200_A,LEU_201_A,GLY_203_A"
GLY_203_A,GLY_202_A
PRO_204_A,"ILE_194_A,GLY_205_A"
GLY_205_A,"ALA_195_A,PRO_204_A,LEU_206_A"
LEU_206_A,"LYS_170_A,ASP_172_A,TRP_192_A,ILE_194_A,GLY_205_A,VAL_207_A"
VAL_207_A,"LEU_182_A,PHE_193_A,ALA_195_A,LEU_206_A,VAL_212_A"
PRO_208_A,"TRP_192_A,VAL_209_A,PHE_211_A"
VAL_209_A,"GLU_191_A,PHE_193_A,PRO_208_A,GLY_210_A"
GLY_210_A,"VAL_209_A,PHE_211_A"
PHE_211_A,"PHE_166_A,PRO_208_A,GLY_210_A,VAL_212_A"
VAL_212_A,"VAL_162_A,VAL_207_A,PHE_211_A,SER_213_A"
SER_213_A,"ILE_161_A,VAL_212_A,ILE_214_A"
ILE_214_A,"SER_213_A,ILE_215_A,VAL_227_A"
ILE_215_A,"LEU_158_A,TYR_159_A,ILE_161_A,ILE_214_A,ASP_216_A"
ASP_216_A,"ILE_215_A,ILE_217_A,ALA_218_A"
ILE_217_A,"TYR_159_A,ASP_216_A,ALA_218_A"
ALA_218_A,"ASP_216_A,ILE_217_A,THR_219_A"
THR_219_A,"ALA_218_A,GLY_220_A"
GLY_220_A,"THR_219_A,TYR_221_A"
TYR_221_A,"GLY_220_A,ALA_222_A,THR_223_A,GLY_224_A"
ALA_222_A,"TYR_221_A,THR_223_A,GLY_224_A,ASN_225_A"
THR_223_A,"TYR_221_A,ALA_222_A,GLY_224_A,ASN_225_A"
GLY_224_A,"TYR_221_A,ALA_222_A,THR_223_A,ASN_225_A"
ASN_225_A,"ALA_222_A,THR_223_A,GLY_224_A,ASP_226_A"
ASP_226_A,"ASN_225_A,VAL_227_A,GLU_229_A,ASP_230_A"
VAL_227_A,"PHE_193_A,ILE_214_A,ASP_226_A,ILE_228_A,ILE_231_A"
ILE_228_A,"VAL_227_A,GLU_229_A"
GLU_229_A,"ASP_226_A,ILE_228_A,ASP_230_A,LYS_232_A,SER_233_A"
ASP_230_A,"ASP_226_A,GLU_229_A,ILE_231_A"
ILE_231_A,"PHE_193_A,VAL_227_A,ASP_230_A,LYS_232_A,SER_233_A,VAL_234_A,ASN_235_A"
LYS_232_A,"GLU_229_A,ILE_231_A,SER_233_A,ASN_235_A"
SER_233_A,"GLU_229_A,ILE_231_A,LYS_232_A,VAL_234_A"
VAL_234_A,"ILE_231_A,SER_233_A,ASN_235_A,LEU_236_A"
ASN_235_A,"ILE_231_A,LYS_232_A,VAL_234_A,LEU_236_A"
LEU_236_A,"VAL_234_A,ASN_235_A"
PRO_237_A,THR_238_A
THR_238_A,"PRO_237_A,VAL_239_A,TRP_242_A"
VAL_239_A,"ALA_186_A,HIS_187_A,HIS_188_A,ILE_194_A,THR_238_A,GLN_240_A,LYS_243_A"
GLN_240_A,"VAL_239_A,GLU_241_A"
GLU_241_A,"GLN_240_A,TRP_242_A,ARG_248_A"
TRP_242_A,"CYS_185_A,ALA_186_A,THR_238_A,GLU_241_A,LYS_243_A"
LYS_243_A,"VAL_239_A,TRP_242_A,SER_244_A,ASN_245_A"
SER_244_A,"LYS_243_A,ASN_245_A"
ASN_245_A,"LYS_243_A,SER_244_A,ILE_246_A"
ILE_246_A,"ASN_245_A,ALA_247_A,ARG_248_A"
ALA_247_A,"ILE_246_A,ARG_248_A"
ARG_248_A,"GLU_241_A,ILE_246_A,ALA_247_A,TYR_249_A,LYS_250_A"
TYR_249_A,"ARG_248_A,LYS_250_A"
LYS_250_A,"ARG_248_A,TYR_249_A,ALA_251_A"
ALA_251_A,"LYS_250_A,SER_252_A"
SER_252_A,"ALA_251_A,ASN_253_A"
ASN_253_A,"SER_252_A,ILE_254_A"
ILE_254_A,"ASN_253_A,SER_255_A"
SER_255_A,"ILE_254_A,LEU_256_A"
LEU_256_A,"SER_255_A,GLY_257_A"
GLY_257_A,"LEU_256_A,SER_258_A"
SER_258_A,"GLY_257_A,VAL_259_A"
VAL_259_A,"SER_258_A,GLU_260_A"
GLU_260_A,VAL_259_A
