residue_id,neighbors
ALA_5_A,VAL_6_A
VAL_6_A,"ALA_5_A,GLU_7_A"
GLU_7_A,"VAL_6_A,SER_8_A,LYS_12_A"
SER_8_A,"GLU_7_A,GLU_9_A,SER_11_A"
GLU_9_A,"SER_8_A,PHE_10_A"
PHE_10_A,"GLU_9_A,SER_11_A,LEU_14_A"
SER_11_A,"SER_8_A,PHE_10_A,LYS_12_A,LYS_15_A"
LYS_12_A,"GLU_7_A,SER_11_A,VAL_13_A,LYS_16_A"
VAL_13_A,"LYS_12_A,LEU_14_A,LEU_35_A"
LEU_14_A,"PHE_10_A,VAL_13_A,LYS_15_A,PHE_18_A,PHE_23_A,LEU_47_A"
LYS_15_A,"SER_11_A,LEU_14_A,LYS_16_A"
LYS_16_A,"LYS_12_A,LYS_15_A,HIS_17_A,GLU_40_A"
HIS_17_A,"LYS_16_A,PHE_18_A,GLU_40_A"
PHE_18_A,"LEU_14_A,HIS_17_A"
PRO_19_A,GLY_20_A
GLY_20_A,"PRO_19_A,GLU_21_A"
GLU_21_A,"GLY_20_A,ARG_22_A,SER_51_A"
ARG_22_A,"GLU_21_A,PHE_23_A,GLU_54_A"
PHE_23_A,"LEU_14_A,ARG_22_A,ARG_24_A"
ARG_24_A,"PHE_23_A,SER_25_A,TYR_27_A,PRO_55_A,ASP_359_A"
SER_25_A,"ARG_24_A,SER_26_A,MET_28_A,LYS_29_A"
SER_26_A,"SER_25_A,TYR_27_A"
TYR_27_A,"ARG_24_A,SER_26_A,MET_28_A,GLY_31_A"
MET_28_A,"SER_25_A,TYR_27_A,LYS_29_A,GLY_32_A"
LYS_29_A,"SER_25_A,MET_28_A,ARG_30_A"
ARG_30_A,"LYS_29_A,GLY_31_A,LYS_33_A,TYR_46_A"
GLY_31_A,"TYR_27_A,ARG_30_A,GLY_32_A"
GLY_32_A,"MET_28_A,GLY_31_A,LYS_33_A"
LYS_33_A,"ARG_30_A,GLY_32_A,ILE_34_A,ALA_37_A"
ILE_34_A,"LYS_33_A,LEU_35_A,GLN_38_A"
LEU_35_A,"VAL_13_A,ILE_34_A,ALA_36_A"
ALA_36_A,"LEU_35_A,ALA_37_A"
ALA_37_A,"LYS_33_A,ALA_36_A,GLN_38_A"
GLN_38_A,"ILE_34_A,ALA_37_A,GLY_39_A"
GLY_39_A,"GLN_38_A,GLU_40_A"
GLU_40_A,"LYS_16_A,HIS_17_A,GLY_39_A,GLU_41_A"
GLU_41_A,"GLU_40_A,ALA_42_A"
ALA_42_A,"GLU_41_A,VAL_43_A"
VAL_43_A,"ALA_42_A,VAL_44_A,LEU_47_A"
VAL_44_A,"VAL_43_A,ALA_45_A,GLN_48_A"
ALA_45_A,"VAL_44_A,TYR_46_A"
TYR_46_A,"ARG_30_A,ALA_45_A,LEU_47_A"
LEU_47_A,"LEU_14_A,VAL_43_A,TYR_46_A,GLN_48_A"
GLN_48_A,"VAL_44_A,LEU_47_A,GLY_49_A"
GLY_49_A,"GLN_48_A,LYS_50_A"
LYS_50_A,"GLY_49_A,SER_51_A"
SER_51_A,"GLU_21_A,LYS_50_A,GLU_52_A"
GLU_52_A,"SER_51_A,GLU_53_A"
GLU_53_A,"GLU_52_A,GLU_54_A"
GLU_54_A,"ARG_22_A,GLU_53_A,TYR_364_A,ARG_366_A,LYS_381_A"
PRO_55_A,ARG_24_A
PRO_56_A,ASN_57_A
ASN_57_A,"PRO_56_A,PHE_58_A"
PHE_58_A,"ASN_57_A,GLN_59_A"
GLN_59_A,"PHE_58_A,LEU_358_A"
PRO_61_A,ALA_62_A
ALA_62_A,"PRO_61_A,LYS_63_A,LEU_316_A,PHE_339_A,PHE_354_A"
LYS_63_A,"ALA_62_A,CYS_64_A"
CYS_64_A,"LYS_63_A,HIS_65_A,VAL_352_A"
HIS_65_A,"CYS_64_A,VAL_66_A,ASP_312_A"
VAL_66_A,"HIS_65_A,VAL_67_A,ILE_311_A,VAL_352_A"
VAL_67_A,"VAL_66_A,THR_68_A,VAL_310_A,ASP_312_A"
THR_68_A,"VAL_67_A,LYS_69_A,PRO_218_A,VAL_310_A"
LYS_69_A,"THR_68_A,SER_70_A,ASP_72_A,PHE_73_A"
SER_70_A,"LYS_69_A,ARG_71_A"
ARG_71_A,"SER_70_A,ASP_72_A,GLU_75_A,ASP_307_A"
ASP_72_A,"LYS_69_A,ARG_71_A,PHE_73_A"
PHE_73_A,"LYS_69_A,ASP_72_A,ALA_74_A,TRP_76_A,PHE_198_A,VAL_347_A"
ALA_74_A,"PHE_73_A,GLU_75_A"
GLU_75_A,"ARG_71_A,ALA_74_A,TRP_76_A,LYS_80_A"
TRP_76_A,"PHE_73_A,GLU_75_A,MET_79_A,LYS_80_A,PHE_198_A,VAL_309_A"
PRO_77_A,"ILE_78_A,ALA_81_A,TYR_123_A"
ILE_78_A,"PRO_77_A,MET_79_A,SER_82_A,TYR_123_A,PHE_198_A,ILE_304_A"
MET_79_A,"TRP_76_A,ILE_78_A,LYS_80_A"
LYS_80_A,"GLU_75_A,TRP_76_A,MET_79_A,ALA_81_A,ALA_84_A,HIS_121_A"
ALA_81_A,"PRO_77_A,LYS_80_A,SER_82_A,ILE_85_A"
SER_82_A,"ILE_78_A,ALA_81_A,GLU_83_A,GLN_86_A"
GLU_83_A,"SER_82_A,ALA_84_A,ARG_87_A,ILE_194_A"
ALA_84_A,"LYS_80_A,GLU_83_A,ILE_85_A"
ILE_85_A,"ALA_81_A,ALA_84_A,GLN_86_A,ILE_89_A,PHE_113_A,PHE_133_A"
GLN_86_A,"SER_82_A,ILE_85_A,ARG_87_A,ASN_195_A"
ARG_87_A,"GLU_83_A,GLN_86_A,TYR_88_A"
TYR_88_A,"ARG_87_A,ILE_89_A"
ILE_89_A,"ILE_85_A,TYR_88_A,TYR_90_A,THR_136_A,LEU_137_A"
TYR_90_A,"ILE_89_A,ALA_91_A,THR_136_A,ARG_139_A"
ALA_91_A,"TYR_90_A,LEU_92_A"
LEU_92_A,"ALA_91_A,SER_93_A,TYR_140_A"
SER_93_A,"LEU_92_A,THR_94_A,TYR_140_A"
THR_94_A,"SER_93_A,THR_95_A,THR_182_A"
THR_95_A,"THR_94_A,GLU_96_A"
GLU_96_A,"THR_95_A,ARG_97_A,HIS_187_A"
ARG_97_A,"GLU_96_A,ALA_98_A,CYS_100_A,ASP_141_A"
ALA_98_A,"ARG_97_A,ALA_99_A"
ALA_99_A,"ALA_98_A,CYS_100_A"
CYS_100_A,"ARG_97_A,ALA_99_A,LYS_101_A,TRP_112_A"
LYS_101_A,CYS_100_A
PRO_102_A,"GLY_103_A,PHE_133_A"
GLY_103_A,"PRO_102_A,LYS_104_A,SER_108_A"
LYS_104_A,"GLY_103_A,SER_105_A,ASP_134_A"
SER_105_A,"LYS_104_A,SER_106_A"
SER_106_A,"SER_105_A,GLU_107_A"
GLU_107_A,"SER_106_A,SER_108_A"
SER_108_A,"GLY_103_A,GLU_107_A,HIS_109_A,TRP_112_A"
HIS_109_A,"SER_108_A,ALA_110_A,PHE_113_A"
ALA_110_A,"HIS_109_A,ALA_111_A"
ALA_111_A,"ALA_110_A,TRP_112_A"
TRP_112_A,"CYS_100_A,SER_108_A,ALA_111_A,PHE_113_A,ALA_114_A,VAL_118_A,PHE_133_A"
PHE_113_A,"ILE_85_A,HIS_109_A,TRP_112_A,ALA_114_A,VAL_118_A,ASN_120_A,LEU_129_A"
ALA_114_A,"TRP_112_A,PHE_113_A,ALA_115_A"
ALA_115_A,"ALA_114_A,THR_116_A"
THR_116_A,"ALA_115_A,GLY_117_A"
GLY_117_A,"THR_116_A,VAL_118_A"
VAL_118_A,"TRP_112_A,PHE_113_A,GLY_117_A,SER_119_A"
SER_119_A,"VAL_118_A,ASN_120_A"
ASN_120_A,"PHE_113_A,SER_119_A,HIS_121_A,GLY_122_A"
HIS_121_A,"LYS_80_A,ASN_120_A,GLY_122_A"
GLY_122_A,"ASN_120_A,HIS_121_A,TYR_123_A"
TYR_123_A,"PRO_77_A,ILE_78_A,GLY_122_A,SER_124_A,LEU_129_A,TYR_201_A"
SER_124_A,"TYR_123_A,HIS_125_A"
HIS_125_A,"SER_124_A,VAL_126_A,LEU_129_A,TYR_201_A"
VAL_126_A,"HIS_125_A,GLN_127_A,ASN_130_A"
GLN_127_A,"VAL_126_A,GLY_128_A,LEU_131_A,TYR_201_A,THR_203_A"
GLY_128_A,"GLN_127_A,LEU_129_A"
LEU_129_A,"PHE_113_A,TYR_123_A,HIS_125_A,GLY_128_A,ASN_130_A,PHE_133_A"
ASN_130_A,"VAL_126_A,LEU_129_A,LEU_131_A"
LEU_131_A,"GLN_127_A,ASN_130_A,ILE_132_A,TYR_199_A"
ILE_132_A,"LEU_131_A,PHE_133_A,THR_136_A"
PHE_133_A,"ILE_85_A,PRO_102_A,TRP_112_A,LEU_129_A,ILE_132_A,ASP_134_A,LEU_137_A"
ASP_134_A,"LYS_104_A,PHE_133_A,HIS_135_A,GLY_138_A"
HIS_135_A,"ASP_134_A,THR_136_A,ARG_139_A,TYR_199_A"
THR_136_A,"ILE_89_A,TYR_90_A,ILE_132_A,HIS_135_A,LEU_137_A"
LEU_137_A,"ILE_89_A,PHE_133_A,THR_136_A,GLY_138_A"
GLY_138_A,"ASP_134_A,LEU_137_A,ARG_139_A,GLY_142_A"
ARG_139_A,"TYR_90_A,HIS_135_A,GLY_138_A,TYR_140_A,ASN_195_A"
TYR_140_A,"LEU_92_A,SER_93_A,ARG_139_A,ASP_141_A"
ASP_141_A,"ARG_97_A,TYR_140_A,GLY_142_A,LYS_145_A"
GLY_142_A,"GLY_138_A,ASP_141_A,VAL_143_A,LYS_146_A"
VAL_143_A,"GLY_142_A,LEU_144_A,LEU_188_A"
LEU_144_A,"VAL_143_A,LYS_145_A"
LYS_145_A,"ASP_141_A,LEU_144_A,LYS_146_A,GLN_148_A,LEU_149_A"
LYS_146_A,"GLY_142_A,LYS_145_A,VAL_147_A,ARG_150_A"
VAL_147_A,"LYS_146_A,GLN_148_A,ASN_151_A,ALA_181_A"
GLN_148_A,"LYS_145_A,VAL_147_A,LEU_149_A,GLU_152_A"
LEU_149_A,"LYS_145_A,GLN_148_A,ARG_150_A,LYS_153_A"
ARG_150_A,"LYS_146_A,LEU_149_A,ASN_151_A,ALA_154_A,GLU_179_A"
ASN_151_A,"VAL_147_A,ARG_150_A,GLU_152_A"
GLU_152_A,"GLN_148_A,ASN_151_A,LYS_153_A,ARG_155_A,ALA_156_A"
LYS_153_A,"LEU_149_A,GLU_152_A,ALA_154_A,ARG_157_A"
ALA_154_A,"ARG_150_A,LYS_153_A,ARG_155_A,LEU_158_A"
ARG_155_A,"GLU_152_A,ALA_154_A,ALA_156_A,GLU_159_A"
ALA_156_A,"GLU_152_A,ARG_155_A,ARG_157_A"
ARG_157_A,"LYS_153_A,ALA_156_A,LEU_158_A"
LEU_158_A,"ALA_154_A,ARG_157_A,GLU_159_A"
GLU_159_A,"ARG_155_A,LEU_158_A,SER_160_A"
SER_160_A,"GLU_159_A,ILE_161_A,SER_164_A"
ILE_161_A,"SER_160_A,ASN_162_A,ARG_165_A"
ASN_162_A,"ILE_161_A,ALA_163_A,ALA_166_A,GLU_172_A"
ALA_163_A,"ASN_162_A,SER_164_A"
SER_164_A,"SER_160_A,ALA_163_A,ARG_165_A"
ARG_165_A,"ILE_161_A,SER_164_A,ALA_166_A,ASP_167_A,GLU_168_A,GLY_169_A"
ALA_166_A,"ASN_162_A,ARG_165_A,ASP_167_A"
ASP_167_A,"ARG_165_A,ALA_166_A,GLU_168_A"
GLU_168_A,"ARG_165_A,ASP_167_A,GLY_169_A"
GLY_169_A,"ARG_165_A,GLU_168_A,LEU_170_A"
LEU_170_A,GLY_169_A
PRO_171_A,GLU_172_A
GLU_172_A,"ASN_162_A,PRO_171_A,ILE_173_A,LYS_174_A"
ILE_173_A,"GLU_172_A,LYS_174_A"
LYS_174_A,"GLU_172_A,ILE_173_A,ALA_175_A"
ALA_175_A,"LYS_174_A,GLU_176_A"
GLU_176_A,"ALA_175_A,GLU_177_A"
GLU_177_A,"GLU_176_A,GLU_178_A"
GLU_178_A,"GLU_177_A,GLU_179_A"
GLU_179_A,"ARG_150_A,GLU_178_A,VAL_180_A"
VAL_180_A,"GLU_179_A,ALA_181_A"
ALA_181_A,"VAL_147_A,VAL_180_A,THR_182_A"
THR_182_A,"THR_94_A,ALA_181_A,ASN_183_A"
ASN_183_A,"THR_182_A,GLU_184_A,HIS_187_A"
GLU_184_A,"ASN_183_A,THR_185_A"
THR_185_A,"GLU_184_A,GLY_186_A"
GLY_186_A,"THR_185_A,HIS_187_A"
HIS_187_A,"GLU_96_A,ASN_183_A,GLY_186_A,LEU_188_A"
LEU_188_A,"VAL_143_A,HIS_187_A,LEU_189_A,PRO_191_A"
LEU_189_A,"LEU_188_A,GLN_190_A"
GLN_190_A,LEU_189_A
PRO_191_A,LEU_188_A
PRO_192_A,GLY_193_A
GLY_193_A,"PRO_192_A,ILE_194_A"
ILE_194_A,"GLU_83_A,GLY_193_A,ASN_195_A"
ASN_195_A,"GLN_86_A,ARG_139_A,ILE_194_A"
PRO_196_A,SER_197_A
SER_197_A,"PRO_196_A,PHE_198_A"
PHE_198_A,"PHE_73_A,TRP_76_A,ILE_78_A,SER_197_A,TYR_199_A,ILE_345_A"
TYR_199_A,"LEU_131_A,HIS_135_A,PHE_198_A,VAL_200_A,VAL_344_A"
VAL_200_A,"TYR_199_A,TYR_201_A"
TYR_201_A,"TYR_123_A,HIS_125_A,GLN_127_A,VAL_200_A,GLN_202_A,ILE_204_A"
GLN_202_A,"TYR_201_A,THR_203_A,ILE_204_A"
THR_203_A,"GLN_127_A,GLN_202_A,ILE_204_A"
ILE_204_A,"TYR_201_A,GLN_202_A,THR_203_A,SER_205_A,VAL_302_A"
SER_205_A,ILE_204_A
PRO_206_A,"GLN_207_A,VAL_302_A,PRO_343_A"
GLN_207_A,"PRO_206_A,ALA_208_A,THR_301_A"
ALA_208_A,"GLN_207_A,TYR_209_A,PRO_228_A,LEU_332_A"
TYR_209_A,"ALA_208_A,ARG_210_A,TYR_224_A,LEU_299_A,THR_301_A"
ARG_210_A,"TYR_209_A,ARG_212_A"
PRO_211_A,ARG_212_A
ARG_212_A,"ARG_210_A,PRO_211_A,ASP_213_A,GLU_214_A,ARG_303_A"
ASP_213_A,"ARG_212_A,GLU_214_A"
GLU_214_A,"ARG_212_A,ASP_213_A,ILE_215_A,ARG_303_A"
ILE_215_A,"GLU_214_A,VAL_216_A,TRP_308_A"
VAL_216_A,"ILE_215_A,LEU_217_A"
LEU_217_A,"VAL_216_A,TYR_221_A"
PRO_218_A,"THR_68_A,GLU_220_A"
PRO_219_A,GLU_220_A
GLU_220_A,"PRO_218_A,PRO_219_A,TYR_221_A,ALA_222_A,GLU_290_A"
TYR_221_A,"LEU_217_A,GLU_220_A,ALA_222_A,ALA_294_A,LEU_299_A"
ALA_222_A,"GLU_220_A,TYR_221_A,GLY_223_A"
GLY_223_A,"ALA_222_A,TYR_224_A"
TYR_224_A,"TYR_209_A,GLY_223_A,VAL_225_A,ALA_297_A,LEU_299_A"
VAL_225_A,"TYR_224_A,ARG_226_A"
ARG_226_A,"VAL_225_A,ASP_227_A,ASP_296_A,ALA_297_A"
ASP_227_A,"ARG_226_A,ASN_229_A,ALA_230_A"
PRO_228_A,"ALA_208_A,ASN_229_A"
ASN_229_A,"ASP_227_A,PRO_228_A,ALA_230_A"
ALA_230_A,"ASP_227_A,ASN_229_A"
PRO_231_A,ILE_232_A
ILE_232_A,"PRO_231_A,LEU_317_A,ILE_330_A"
PRO_233_A,LEU_234_A
LEU_234_A,"PRO_233_A,GLY_235_A"
GLY_235_A,"LEU_234_A,VAL_236_A"
VAL_236_A,"GLY_235_A,VAL_237_A,MET_283_A"
VAL_237_A,"VAL_236_A,ARG_238_A"
ARG_238_A,"VAL_237_A,ASN_239_A"
ASN_239_A,"ARG_238_A,ARG_240_A"
ARG_240_A,"ASN_239_A,CYS_241_A,ILE_251_A,LYS_281_A"
CYS_241_A,"ARG_240_A,ASP_242_A"
ASP_242_A,"CYS_241_A,ILE_243_A"
ILE_243_A,"ASP_242_A,GLN_244_A"
GLN_244_A,"ILE_243_A,LYS_245_A"
LYS_245_A,"GLN_244_A,GLY_246_A"
GLY_246_A,"LYS_245_A,CYS_247_A"
CYS_247_A,GLY_246_A
PRO_248_A,GLY_249_A
GLY_249_A,"PRO_248_A,TYR_250_A"
TYR_250_A,"GLY_249_A,ILE_251_A,GLU_253_A"
ILE_251_A,"ARG_240_A,TYR_250_A,LEU_275_A"
PRO_252_A,"GLU_253_A,GLN_255_A"
GLU_253_A,"TYR_250_A,PRO_252_A,TRP_254_A,GLN_255_A,ARG_256_A"
TRP_254_A,"GLU_253_A,GLN_255_A,VAL_272_A"
GLN_255_A,"PRO_252_A,GLU_253_A,TRP_254_A,ARG_256_A"
ARG_256_A,"GLU_253_A,GLN_255_A,GLU_257_A"
GLU_257_A,"ARG_256_A,ALA_258_A"
ALA_258_A,"GLU_257_A,GLY_259_A"
GLY_259_A,"ALA_258_A,THR_260_A,VAL_272_A"
THR_260_A,"GLY_259_A,ALA_261_A"
ALA_261_A,"THR_260_A,ILE_262_A"
ILE_262_A,"ALA_261_A,SER_263_A"
SER_263_A,ILE_262_A
PRO_264_A,LYS_265_A
LYS_265_A,"PRO_264_A,THR_266_A"
THR_266_A,"LYS_265_A,GLY_267_A"
GLY_267_A,"THR_266_A,LYS_268_A"
LYS_268_A,"GLY_267_A,ALA_269_A"
ALA_269_A,"LYS_268_A,VAL_270_A"
VAL_270_A,"ALA_269_A,THR_271_A"
THR_271_A,"VAL_270_A,VAL_272_A"
VAL_272_A,"TRP_254_A,GLY_259_A,THR_271_A"
PRO_273_A,GLY_274_A
GLY_274_A,"PRO_273_A,LEU_275_A"
LEU_275_A,"ILE_251_A,GLY_274_A,SER_276_A"
SER_276_A,LEU_275_A
PRO_277_A,LYS_278_A
LYS_278_A,"PRO_277_A,LYS_279_A"
LYS_279_A,"LYS_278_A,ASN_280_A"
ASN_280_A,"LYS_279_A,LYS_281_A"
LYS_281_A,"ARG_240_A,ASN_280_A,ARG_282_A,MET_283_A"
ARG_282_A,"LYS_281_A,MET_283_A,ARG_318_A"
MET_283_A,"VAL_236_A,LYS_281_A,ARG_282_A,ARG_284_A"
ARG_284_A,"MET_283_A,ARG_285_A"
ARG_285_A,"ARG_284_A,TYR_286_A,TRP_287_A,ASP_296_A"
TYR_286_A,"ARG_285_A,TRP_287_A"
TRP_287_A,"ARG_285_A,TYR_286_A,ARG_288_A,LYS_293_A"
ARG_288_A,"TRP_287_A,SER_289_A,GLU_292_A"
SER_289_A,"ARG_288_A,GLU_290_A"
GLU_290_A,"GLU_220_A,SER_289_A,LYS_291_A,LYS_293_A"
LYS_291_A,"GLU_290_A,GLU_292_A"
GLU_292_A,"ARG_288_A,LYS_291_A,LYS_293_A,ASP_296_A"
LYS_293_A,"TRP_287_A,GLU_290_A,GLU_292_A,ALA_294_A,ARG_314_A"
ALA_294_A,"TYR_221_A,LYS_293_A,GLN_295_A"
GLN_295_A,"ALA_294_A,ASP_296_A"
ASP_296_A,"ARG_226_A,ARG_285_A,GLU_292_A,GLN_295_A,ALA_297_A,ARG_314_A"
ALA_297_A,"TYR_224_A,ARG_226_A,ASP_296_A,LEU_298_A"
LEU_298_A,"ALA_297_A,LEU_299_A,ASP_312_A,VAL_313_A"
LEU_299_A,"TYR_209_A,TYR_221_A,TYR_224_A,LEU_298_A,VAL_300_A"
VAL_300_A,"LEU_299_A,THR_301_A,ILE_311_A,VAL_313_A"
THR_301_A,"GLN_207_A,TYR_209_A,VAL_300_A,VAL_302_A"
VAL_302_A,"ILE_204_A,PRO_206_A,THR_301_A,ARG_303_A,VAL_309_A"
ARG_303_A,"ARG_212_A,GLU_214_A,VAL_302_A,ILE_304_A"
ILE_304_A,"ILE_78_A,ARG_303_A,GLY_305_A"
GLY_305_A,"ILE_304_A,THR_306_A"
THR_306_A,"GLY_305_A,ASP_307_A"
ASP_307_A,"ARG_71_A,THR_306_A,TRP_308_A"
TRP_308_A,"ILE_215_A,ASP_307_A,VAL_309_A"
VAL_309_A,"TRP_76_A,VAL_302_A,TRP_308_A,VAL_310_A"
VAL_310_A,"VAL_67_A,THR_68_A,VAL_309_A,ILE_311_A"
ILE_311_A,"VAL_66_A,VAL_300_A,VAL_310_A,ASP_312_A,VAL_352_A,PHE_354_A"
ASP_312_A,"HIS_65_A,VAL_67_A,LEU_298_A,ILE_311_A,VAL_313_A,ARG_314_A"
VAL_313_A,"LEU_298_A,VAL_300_A,ASP_312_A,ARG_314_A,LEU_316_A"
ARG_314_A,"LYS_293_A,ASP_296_A,ASP_312_A,VAL_313_A,GLY_315_A"
GLY_315_A,"ARG_314_A,LEU_316_A"
LEU_316_A,"ALA_62_A,VAL_313_A,GLY_315_A,LEU_317_A,ALA_320_A,PHE_339_A,PHE_354_A"
LEU_317_A,"ILE_232_A,LEU_316_A,ARG_318_A,ARG_321_A"
ARG_318_A,"ARG_282_A,LEU_317_A,ASN_319_A,TRP_322_A"
ASN_319_A,"ARG_318_A,ALA_320_A,TYR_356_A"
ALA_320_A,"LEU_316_A,ASN_319_A,ARG_321_A"
ARG_321_A,"LEU_317_A,ALA_320_A,TRP_322_A,LYS_328_A"
TRP_322_A,"ARG_318_A,ARG_321_A,ARG_323_A"
ARG_323_A,"TRP_322_A,THR_324_A"
THR_324_A,"ARG_323_A,ILE_325_A"
ILE_325_A,"THR_324_A,ALA_326_A,TYR_356_A"
ALA_326_A,ILE_325_A
PRO_327_A,LYS_328_A
LYS_328_A,"ARG_321_A,PRO_327_A,ASP_329_A"
ASP_329_A,"LYS_328_A,ILE_330_A"
ILE_330_A,"ILE_232_A,ASP_329_A,SER_331_A,ALA_334_A"
SER_331_A,"ILE_330_A,LEU_332_A"
LEU_332_A,"ALA_208_A,SER_331_A,ASN_333_A"
ASN_333_A,"LEU_332_A,ALA_334_A,ASP_337_A"
ALA_334_A,"ILE_330_A,ASN_333_A,LEU_335_A"
LEU_335_A,"ALA_334_A,LEU_336_A"
LEU_336_A,"LEU_335_A,ASP_337_A"
ASP_337_A,"ASN_333_A,LEU_336_A,LEU_338_A"
LEU_338_A,"ASP_337_A,PHE_339_A"
PHE_339_A,"ALA_62_A,LEU_316_A,LEU_338_A,THR_340_A,TYR_356_A"
THR_340_A,"PHE_339_A,GLY_341_A,THR_355_A"
GLY_341_A,"THR_340_A,ASP_342_A"
ASP_342_A,GLY_341_A
PRO_343_A,"PRO_206_A,VAL_344_A,VAL_352_A,PHE_354_A"
VAL_344_A,"TYR_199_A,PRO_343_A,ILE_345_A"
ILE_345_A,"PHE_198_A,VAL_344_A,ASP_346_A,VAL_352_A"
ASP_346_A,"ILE_345_A,VAL_347_A,ARG_348_A,ARG_349_A,ASN_350_A,ILE_351_A"
VAL_347_A,"PHE_73_A,ASP_346_A,ARG_348_A"
ARG_348_A,"ASP_346_A,VAL_347_A,ARG_349_A"
ARG_349_A,"ASP_346_A,ARG_348_A,ASN_350_A"
ASN_350_A,"ASP_346_A,ARG_349_A,ILE_351_A"
ILE_351_A,"ASP_346_A,ASN_350_A,VAL_352_A"
VAL_352_A,"CYS_64_A,VAL_66_A,ILE_311_A,PRO_343_A,ILE_345_A,ILE_351_A,THR_353_A,PHE_354_A"
THR_353_A,"VAL_352_A,PHE_354_A"
PHE_354_A,"ALA_62_A,ILE_311_A,LEU_316_A,PRO_343_A,VAL_352_A,THR_353_A,THR_355_A"
THR_355_A,"THR_340_A,PHE_354_A,TYR_356_A"
TYR_356_A,"ASN_319_A,ILE_325_A,PHE_339_A,THR_355_A,THR_357_A"
THR_357_A,"TYR_356_A,LEU_358_A,ALA_360_A"
LEU_358_A,"GLN_59_A,THR_357_A,ASP_359_A"
ASP_359_A,"ARG_24_A,LEU_358_A,ALA_360_A"
ALA_360_A,"THR_357_A,ASP_359_A,CYS_361_A"
CYS_361_A,"ALA_360_A,GLY_362_A"
GLY_362_A,"CYS_361_A,THR_363_A"
THR_363_A,"GLY_362_A,TYR_364_A"
TYR_364_A,"GLU_54_A,THR_363_A,ALA_365_A"
ALA_365_A,"TYR_364_A,ARG_366_A"
ARG_366_A,"GLU_54_A,ALA_365_A,LYS_367_A,SER_652_A"
LYS_367_A,"ARG_366_A,TRP_368_A"
TRP_368_A,"LYS_367_A,THR_369_A"
THR_369_A,"TRP_368_A,LEU_370_A,VAL_655_A,GLU_657_A"
LEU_370_A,"THR_369_A,LYS_371_A,GLN_374_A,TYR_654_A"
LYS_371_A,"LEU_370_A,GLY_372_A,GLN_374_A,ASP_607_A,GLU_657_A"
GLY_372_A,"LYS_371_A,LYS_373_A,THR_375_A"
LYS_373_A,"GLY_372_A,GLN_374_A,LYS_376_A,ASP_380_A,LYS_711_A"
GLN_374_A,"LEU_370_A,LYS_371_A,LYS_373_A,THR_375_A,THR_378_A"
THR_375_A,"GLY_372_A,GLN_374_A,LYS_376_A,PHE_656_A,VAL_658_A"
LYS_376_A,"LYS_373_A,THR_375_A,ALA_377_A,ASP_380_A"
ALA_377_A,"LYS_376_A,THR_378_A"
THR_378_A,"GLN_374_A,ALA_377_A,LEU_379_A,LEU_382_A"
LEU_379_A,"THR_378_A,ASP_380_A,THR_383_A,LEU_415_A,ILE_602_A"
ASP_380_A,"LYS_373_A,LYS_376_A,LEU_379_A,LYS_381_A"
LYS_381_A,"GLU_54_A,ASP_380_A,LEU_382_A"
LEU_382_A,"THR_378_A,LYS_381_A,THR_383_A,ILE_600_A"
THR_383_A,"LEU_379_A,LEU_382_A,ALA_384_A,VAL_408_A"
ALA_384_A,"THR_383_A,THR_385_A"
THR_385_A,"ALA_384_A,GLN_386_A"
GLN_386_A,"THR_385_A,THR_387_A"
THR_387_A,"GLN_386_A,VAL_388_A,THR_409_A"
VAL_388_A,"THR_387_A,ALA_389_A,ILE_602_A"
ALA_389_A,"VAL_388_A,LEU_390_A,THR_596_A,VAL_601_A"
LEU_390_A,"ALA_389_A,VAL_391_A,VAL_408_A,ILE_602_A,VAL_604_A"
VAL_391_A,"LEU_390_A,ALA_392_A,ALA_403_A,THR_592_A,VAL_604_A"
ALA_392_A,"VAL_391_A,ILE_393_A,GLY_404_A"
ILE_393_A,"ALA_392_A,ASP_394_A,LEU_395_A,ILE_401_A,ALA_403_A,VAL_604_A,ILE_605_A"
ASP_394_A,"ILE_393_A,LEU_395_A,GLU_606_A,ARG_678_A,ASP_695_A"
LEU_395_A,"ILE_393_A,ASP_394_A,GLY_396_A,ILE_401_A,GLU_606_A,LEU_640_A"
GLY_396_A,"LEU_395_A,GLN_397_A"
GLN_397_A,"GLY_396_A,THR_398_A,ARG_437_A,TRP_635_A"
THR_398_A,"GLN_397_A,ASN_399_A"
ASN_399_A,THR_398_A
PRO_400_A,"ILE_401_A,LEU_430_A"
ILE_401_A,"ILE_393_A,LEU_395_A,PRO_400_A,SER_402_A,LEU_640_A"
SER_402_A,"ILE_401_A,ALA_403_A"
ALA_403_A,"VAL_391_A,ILE_393_A,SER_402_A,GLY_404_A,PHE_423_A"
GLY_404_A,"ALA_392_A,ALA_403_A,ILE_405_A"
ILE_405_A,"GLY_404_A,SER_406_A,LEU_420_A,ASP_421_A,PHE_423_A"
SER_406_A,"ILE_405_A,ARG_407_A"
ARG_407_A,"SER_406_A,VAL_408_A,GLU_418_A,ARG_595_A,THR_596_A"
VAL_408_A,"THR_383_A,LEU_390_A,ARG_407_A,THR_409_A"
THR_409_A,"THR_387_A,VAL_408_A,GLN_410_A,GLN_416_A"
GLN_410_A,"THR_409_A,GLU_411_A"
GLU_411_A,"GLN_410_A,ASN_412_A,ALA_414_A"
ASN_412_A,"GLU_411_A,GLY_413_A"
GLY_413_A,"ASN_412_A,ALA_414_A"
ALA_414_A,"GLU_411_A,GLY_413_A,LEU_415_A"
LEU_415_A,"LEU_379_A,ALA_414_A,GLN_416_A"
GLN_416_A,"THR_409_A,LEU_415_A,CYS_417_A"
CYS_417_A,"GLN_416_A,GLU_418_A,LEU_708_A"
GLU_418_A,"ARG_407_A,CYS_417_A"
PRO_419_A,LEU_420_A
LEU_420_A,"ILE_405_A,PRO_419_A,ASP_421_A"
ASP_421_A,"ILE_405_A,LEU_420_A,ARG_422_A,LYS_591_A,ARG_595_A"
ARG_422_A,"ASP_421_A,PHE_423_A,ASP_697_A"
PHE_423_A,"ALA_403_A,ILE_405_A,ARG_422_A,THR_424_A,LYS_591_A"
THR_424_A,"PHE_423_A,LEU_425_A,LEU_696_A"
LEU_425_A,"THR_424_A,LEU_429_A,LEU_430_A"
PRO_426_A,ASP_427_A
ASP_427_A,"PRO_426_A,ASP_428_A,LYS_431_A"
ASP_428_A,"ASP_427_A,LEU_429_A,LYS_431_A,ASP_432_A,ARG_583_A"
LEU_429_A,"LEU_425_A,ASP_428_A,LEU_430_A"
LEU_430_A,"PRO_400_A,LEU_425_A,LEU_429_A,LYS_431_A,SER_434_A"
LYS_431_A,"ASP_427_A,ASP_428_A,LEU_430_A,ASP_432_A,SER_434_A,ALA_435_A"
ASP_432_A,"ASP_428_A,LYS_431_A,ILE_433_A,TYR_436_A,LEU_580_A,ARG_583_A"
ILE_433_A,"ASP_432_A,SER_434_A,LEU_580_A,PHE_636_A"
SER_434_A,"LEU_430_A,LYS_431_A,ILE_433_A,ALA_435_A"
ALA_435_A,"LYS_431_A,SER_434_A,TYR_436_A,ALA_439_A"
TYR_436_A,"ASP_432_A,ALA_435_A,ARG_437_A,LYS_577_A,PHE_636_A"
ARG_437_A,"GLN_397_A,TYR_436_A,ILE_438_A,GLU_632_A"
ILE_438_A,"ARG_437_A,ALA_439_A,ARG_442_A"
ALA_439_A,"ALA_435_A,ILE_438_A,TRP_440_A,ASN_443_A"
TRP_440_A,"ALA_439_A,ASP_441_A,GLU_444_A,TYR_570_A,LEU_573_A"
ASP_441_A,"TRP_440_A,ARG_442_A,GLU_445_A,LYS_631_A,GLU_632_A"
ARG_442_A,"ILE_438_A,ASP_441_A,ASN_443_A,GLU_446_A"
ASN_443_A,"ALA_439_A,ARG_442_A,GLU_444_A"
GLU_444_A,"TRP_440_A,ASN_443_A,GLU_445_A,ARG_448_A,LYS_564_A,TYR_570_A"
GLU_445_A,"ASP_441_A,GLU_444_A,GLU_446_A,ALA_449_A"
GLU_446_A,"ARG_442_A,GLU_445_A,LEU_447_A,ARG_450_A"
LEU_447_A,"GLU_446_A,ARG_448_A,SER_451_A,TYR_570_A"
ARG_448_A,"GLU_444_A,LEU_447_A,ALA_449_A,SER_451_A,LYS_564_A"
ALA_449_A,"GLU_445_A,ARG_448_A,ARG_450_A"
ARG_450_A,"GLU_446_A,ALA_449_A,SER_451_A"
SER_451_A,"LEU_447_A,ARG_448_A,ARG_450_A,VAL_452_A"
VAL_452_A,"SER_451_A,GLU_453_A"
GLU_453_A,"VAL_452_A,ALA_454_A"
ALA_454_A,"GLU_453_A,LEU_455_A,ALA_559_A"
LEU_455_A,"ALA_454_A,VAL_463_A,LEU_555_A,LYS_556_A"
PRO_456_A,"GLU_457_A,GLN_460_A"
GLU_457_A,"PRO_456_A,ALA_458_A,ARG_464_A"
ALA_458_A,"GLU_457_A,GLN_459_A"
GLN_459_A,"ALA_458_A,GLN_460_A"
GLN_460_A,"PRO_456_A,GLN_459_A,ALA_461_A,ARG_464_A"
ALA_461_A,"GLN_460_A,GLU_462_A,ALA_465_A"
GLU_462_A,"ALA_461_A,VAL_463_A,LEU_466_A,LEU_548_A,SER_549_A"
VAL_463_A,"LEU_455_A,GLU_462_A,ARG_464_A,LEU_548_A"
ARG_464_A,"GLU_457_A,GLN_460_A,VAL_463_A,ALA_465_A"
ALA_465_A,"ALA_461_A,ARG_464_A,LEU_466_A"
LEU_466_A,"GLU_462_A,ALA_465_A,ASP_467_A,SER_470_A,LEU_548_A"
ASP_467_A,"LEU_466_A,GLY_468_A"
GLY_468_A,"ASP_467_A,VAL_469_A"
VAL_469_A,"GLY_468_A,SER_470_A,THR_473_A"
SER_470_A,"LEU_466_A,VAL_469_A,LYS_471_A"
LYS_471_A,"SER_470_A,GLU_472_A,ARG_475_A,ASP_624_A,PHE_627_A"
GLU_472_A,"LYS_471_A,THR_473_A,ARG_475_A"
THR_473_A,"VAL_469_A,GLU_472_A,ALA_474_A,GLN_477_A"
ALA_474_A,"THR_473_A,ARG_475_A,LEU_478_A,PHE_627_A"
ARG_475_A,"LYS_471_A,GLU_472_A,ALA_474_A,THR_476_A,TRP_491_A,ASP_624_A"
THR_476_A,"ARG_475_A,GLN_477_A,ALA_480_A"
GLN_477_A,"THR_473_A,THR_476_A,LEU_478_A"
LEU_478_A,"ALA_474_A,GLN_477_A,CYS_479_A"
CYS_479_A,"LEU_478_A,ALA_480_A,GLY_483_A"
ALA_480_A,"THR_476_A,CYS_479_A,ASP_481_A"
ASP_481_A,"ALA_480_A,PHE_482_A"
PHE_482_A,"ASP_481_A,GLY_483_A,LEU_484_A"
GLY_483_A,"CYS_479_A,PHE_482_A,LEU_484_A"
LEU_484_A,"PHE_482_A,GLY_483_A,ASP_485_A,ALA_504_A"
ASP_485_A,LEU_484_A
PRO_486_A,LYS_487_A
LYS_487_A,"PRO_486_A,ARG_488_A"
ARG_488_A,"LYS_487_A,LEU_489_A"
LEU_489_A,"ARG_488_A,PHE_500_A,ILE_501_A"
PRO_490_A,"TRP_491_A,PHE_500_A"
TRP_491_A,"ARG_475_A,PRO_490_A,ASP_492_A,MET_494_A,ILE_501_A"
ASP_492_A,"TRP_491_A,LYS_493_A,ASP_624_A"
LYS_493_A,"ASP_492_A,MET_494_A"
MET_494_A,"TRP_491_A,LYS_493_A,SER_495_A,GLY_622_A,PHE_626_A"
SER_495_A,"MET_494_A,SER_496_A,ASN_497_A"
SER_496_A,"SER_495_A,ASN_497_A"
ASN_497_A,"SER_495_A,SER_496_A,THR_498_A"
THR_498_A,"ASN_497_A,THR_499_A,ASP_537_A"
THR_499_A,"THR_498_A,PHE_500_A,ASP_537_A"
PHE_500_A,"LEU_489_A,PRO_490_A,THR_499_A,ILE_501_A,ASP_537_A"
ILE_501_A,"LEU_489_A,TRP_491_A,PHE_500_A,SER_502_A,LEU_505_A,ASP_537_A"
SER_502_A,"ILE_501_A,GLU_503_A,LEU_506_A"
GLU_503_A,"SER_502_A,ALA_504_A,SER_507_A"
ALA_504_A,"LEU_484_A,GLU_503_A,LEU_505_A,SER_507_A"
LEU_505_A,"ILE_501_A,ALA_504_A,LEU_506_A,SER_509_A,VAL_510_A"
LEU_506_A,"SER_502_A,LEU_505_A,SER_507_A,SER_509_A"
SER_507_A,"GLU_503_A,ALA_504_A,LEU_506_A,ASN_508_A"
ASN_508_A,"SER_507_A,SER_509_A"
SER_509_A,"LEU_505_A,LEU_506_A,ASN_508_A,VAL_510_A"
VAL_510_A,"LEU_505_A,SER_509_A,SER_511_A"
SER_511_A,"VAL_510_A,ARG_512_A,ASP_513_A"
ARG_512_A,"SER_511_A,ASP_513_A"
ASP_513_A,"SER_511_A,ARG_512_A,GLN_514_A"
GLN_514_A,"ASP_513_A,VAL_515_A,ARG_535_A"
VAL_515_A,"GLN_514_A,PHE_516_A,ARG_535_A"
PHE_516_A,"VAL_515_A,PHE_517_A,MET_534_A"
PHE_517_A,"PHE_516_A,THR_518_A,PRO_519_A,ARG_535_A"
THR_518_A,PHE_517_A
PRO_519_A,"PHE_517_A,ALA_520_A"
ALA_520_A,PRO_519_A
PRO_521_A,LYS_522_A
LYS_522_A,"PRO_521_A,LYS_523_A"
LYS_523_A,"LYS_522_A,GLY_524_A"
GLY_524_A,"LYS_523_A,ALA_525_A,LYS_527_A"
ALA_525_A,"GLY_524_A,LYS_526_A,LYS_527_A"
LYS_526_A,"ALA_525_A,LYS_527_A,LYS_528_A"
LYS_527_A,"GLY_524_A,ALA_525_A,LYS_526_A,LYS_528_A"
LYS_528_A,"LYS_526_A,LYS_527_A,ALA_529_A"
ALA_529_A,LYS_528_A
PRO_530_A,VAL_531_A
VAL_531_A,"PRO_530_A,GLU_532_A,VAL_533_A"
GLU_532_A,"VAL_531_A,VAL_533_A"
VAL_533_A,"VAL_531_A,GLU_532_A,MET_534_A"
MET_534_A,"PHE_516_A,VAL_533_A,ARG_535_A"
ARG_535_A,"GLN_514_A,VAL_515_A,PHE_517_A,MET_534_A,LYS_536_A"
LYS_536_A,"ARG_535_A,ASP_537_A"
ASP_537_A,"THR_498_A,THR_499_A,PHE_500_A,ILE_501_A,LYS_536_A,ARG_538_A,ALA_541_A"
ARG_538_A,"ASP_537_A,THR_539_A,ARG_542_A,ARG_619_A,PHE_626_A,LYS_630_A"
THR_539_A,"ARG_538_A,TRP_540_A"
TRP_540_A,"THR_539_A,ALA_541_A"
ALA_541_A,"ASP_537_A,TRP_540_A,ARG_542_A,TRP_623_A,PHE_626_A"
ARG_542_A,"ARG_538_A,ALA_541_A,ALA_543_A"
ALA_543_A,"ARG_542_A,TYR_544_A"
TYR_544_A,"ALA_543_A,LYS_545_A"
LYS_545_A,"TYR_544_A,PHE_627_A"
PRO_546_A,ARG_547_A
ARG_547_A,"PRO_546_A,LEU_548_A"
LEU_548_A,"GLU_462_A,VAL_463_A,LEU_466_A,ARG_547_A,SER_549_A"
SER_549_A,"GLU_462_A,LEU_548_A,VAL_550_A,GLN_553_A"
VAL_550_A,"SER_549_A,GLU_551_A,LYS_554_A"
GLU_551_A,"VAL_550_A,ALA_552_A"
ALA_552_A,"GLU_551_A,GLN_553_A,LYS_556_A"
GLN_553_A,"SER_549_A,ALA_552_A,LYS_554_A,ASN_557_A"
LYS_554_A,"VAL_550_A,GLN_553_A,LEU_555_A,GLU_558_A"
LEU_555_A,"LEU_455_A,LYS_554_A,LYS_556_A"
LYS_556_A,"LEU_455_A,ALA_552_A,LEU_555_A,ASN_557_A"
ASN_557_A,"GLN_553_A,LYS_556_A,GLU_558_A"
GLU_558_A,"LYS_554_A,ASN_557_A,ALA_559_A,ARG_565_A"
ALA_559_A,"ALA_454_A,GLU_558_A,LEU_560_A,LEU_563_A"
LEU_560_A,"ALA_559_A,TRP_561_A,LYS_564_A"
TRP_561_A,"LEU_560_A,ALA_562_A,ARG_565_A"
ALA_562_A,"TRP_561_A,LEU_563_A"
LEU_563_A,"ALA_559_A,ALA_562_A,LYS_564_A"
LYS_564_A,"GLU_444_A,ARG_448_A,LEU_560_A,LEU_563_A,ARG_565_A"
ARG_565_A,"GLU_558_A,TRP_561_A,LYS_564_A,THR_566_A"
THR_566_A,"ARG_565_A,SER_567_A"
SER_567_A,THR_566_A
PRO_568_A,GLU_569_A
GLU_569_A,"PRO_568_A,TYR_570_A,LYS_572_A,LEU_573_A"
TYR_570_A,"TRP_440_A,GLU_444_A,LEU_447_A,GLU_569_A,LEU_571_A,SER_574_A"
LEU_571_A,"TYR_570_A,LYS_572_A"
LYS_572_A,"GLU_569_A,LEU_571_A,LEU_573_A"
LEU_573_A,"TRP_440_A,GLU_569_A,LYS_572_A,SER_574_A,ARG_576_A,LYS_577_A"
SER_574_A,"TYR_570_A,LEU_573_A,ARG_575_A"
ARG_575_A,"SER_574_A,ARG_576_A,GLU_579_A"
ARG_576_A,"LEU_573_A,ARG_575_A,LYS_577_A,LEU_580_A"
LYS_577_A,"TYR_436_A,LEU_573_A,ARG_576_A,GLU_578_A,CYS_581_A,GLU_632_A,ARG_634_A,PHE_636_A"
GLU_578_A,"LYS_577_A,GLU_579_A,ARG_582_A,LYS_642_A"
GLU_579_A,"ARG_575_A,GLU_578_A,LEU_580_A,ARG_583_A"
LEU_580_A,"ASP_432_A,ILE_433_A,ARG_576_A,GLU_579_A,CYS_581_A"
CYS_581_A,"LYS_577_A,LEU_580_A,ARG_582_A,SER_584_A,LEU_640_A"
ARG_582_A,"GLU_578_A,CYS_581_A,ARG_583_A,ASN_586_A,ASP_646_A,HIS_650_A"
ARG_583_A,"ASP_428_A,ASP_432_A,GLU_579_A,ARG_582_A,SER_584_A"
SER_584_A,"CYS_581_A,ARG_583_A,ILE_585_A"
ILE_585_A,"SER_584_A,ASN_586_A,ALA_643_A,PHE_644_A"
ASN_586_A,"ARG_582_A,ILE_585_A,TYR_587_A,GLU_590_A,ARG_651_A"
TYR_587_A,"ASN_586_A,VAL_588_A,LYS_591_A"
VAL_588_A,"TYR_587_A,ILE_589_A"
ILE_589_A,"VAL_588_A,GLU_590_A,ARG_593_A,LEU_647_A,PHE_653_A"
GLU_590_A,"ASN_586_A,ILE_589_A,LYS_591_A,ARG_594_A"
LYS_591_A,"ASP_421_A,PHE_423_A,TYR_587_A,GLU_590_A,THR_592_A,ARG_594_A"
THR_592_A,"VAL_391_A,LYS_591_A,ARG_593_A,THR_596_A,VAL_601_A"
ARG_593_A,"ILE_589_A,THR_592_A,ARG_594_A,GLN_599_A,ARG_651_A"
ARG_594_A,"GLU_590_A,LYS_591_A,ARG_593_A,ARG_595_A,GLN_597_A"
ARG_595_A,"ARG_407_A,ASP_421_A,ARG_594_A,THR_596_A"
THR_596_A,"ALA_389_A,ARG_407_A,THR_592_A,ARG_595_A,GLN_597_A"
GLN_597_A,"ARG_594_A,THR_596_A,CYS_598_A"
CYS_598_A,"GLN_597_A,GLN_599_A"
GLN_599_A,"ARG_593_A,CYS_598_A,ILE_600_A"
ILE_600_A,"LEU_382_A,GLN_599_A,VAL_601_A"
VAL_601_A,"ALA_389_A,THR_592_A,ILE_600_A,ILE_602_A"
ILE_602_A,"LEU_379_A,VAL_388_A,LEU_390_A,VAL_601_A,TYR_654_A,PHE_656_A"
PRO_603_A,VAL_604_A
VAL_604_A,"LEU_390_A,VAL_391_A,ILE_393_A,PRO_603_A,ILE_605_A,PHE_656_A,VAL_658_A"
ILE_605_A,"ILE_393_A,VAL_604_A,GLU_606_A,PHE_656_A"
GLU_606_A,"ASP_394_A,LEU_395_A,ILE_605_A,ASP_607_A,LEU_608_A,PRO_660_A"
ASP_607_A,"LYS_371_A,GLU_606_A,LEU_608_A,HIS_641_A,GLU_657_A,ARG_659_A"
LEU_608_A,"GLU_606_A,ASP_607_A,ASN_609_A,VAL_610_A,PHE_613_A,ILE_637_A"
ASN_609_A,"LEU_608_A,VAL_610_A,ARG_611_A"
VAL_610_A,"LEU_608_A,ASN_609_A,ARG_611_A"
ARG_611_A,"ASN_609_A,VAL_610_A,PHE_612_A"
PHE_612_A,"ARG_611_A,PHE_613_A"
PHE_613_A,"LEU_608_A,PHE_612_A,HIS_614_A,ILE_637_A"
HIS_614_A,"PHE_613_A,GLY_615_A"
GLY_615_A,"HIS_614_A,SER_616_A"
SER_616_A,"GLY_615_A,GLY_617_A"
GLY_617_A,"SER_616_A,LYS_618_A"
LYS_618_A,"GLY_617_A,ARG_619_A,LYS_631_A"
ARG_619_A,"ARG_538_A,LYS_618_A,LEU_620_A,LYS_630_A"
LEU_620_A,ARG_619_A
PRO_621_A,GLY_622_A
GLY_622_A,"MET_494_A,PRO_621_A,TRP_623_A"
TRP_623_A,"ALA_541_A,GLY_622_A,ASP_624_A,PHE_626_A"
ASP_624_A,"LYS_471_A,ARG_475_A,ASP_492_A,TRP_623_A,ASN_625_A"
ASN_625_A,"ASP_624_A,PHE_626_A"
PHE_626_A,"MET_494_A,ARG_538_A,ALA_541_A,TRP_623_A,ASN_625_A,PHE_627_A"
PHE_627_A,"LYS_471_A,ALA_474_A,LYS_545_A,PHE_626_A,THR_628_A"
THR_628_A,"PHE_627_A,ALA_629_A"
ALA_629_A,"THR_628_A,LYS_630_A"
LYS_630_A,"ARG_538_A,ARG_619_A,ALA_629_A,LYS_631_A"
LYS_631_A,"ASP_441_A,LYS_618_A,LYS_630_A,GLU_632_A"
GLU_632_A,"ARG_437_A,ASP_441_A,LYS_577_A,LYS_631_A,ASN_633_A,ARG_634_A"
ASN_633_A,"GLU_632_A,ARG_634_A"
ARG_634_A,"LYS_577_A,GLU_632_A,ASN_633_A,TRP_635_A"
TRP_635_A,"GLN_397_A,ARG_634_A,PHE_636_A,ILE_637_A"
PHE_636_A,"ILE_433_A,TYR_436_A,LYS_577_A,TRP_635_A,ILE_637_A,LEU_640_A"
ILE_637_A,"LEU_608_A,PHE_613_A,TRP_635_A,PHE_636_A,GLN_638_A,HIS_641_A"
GLN_638_A,"ILE_637_A,GLY_639_A"
GLY_639_A,"GLN_638_A,LEU_640_A"
LEU_640_A,"LEU_395_A,ILE_401_A,CYS_581_A,PHE_636_A,GLY_639_A,HIS_641_A"
HIS_641_A,"ASP_607_A,ILE_637_A,LEU_640_A,LYS_642_A,GLU_657_A"
LYS_642_A,"GLU_578_A,HIS_641_A,ALA_643_A,ASP_646_A"
ALA_643_A,"ILE_585_A,LYS_642_A,PHE_644_A"
PHE_644_A,"ILE_585_A,ALA_643_A,SER_645_A"
SER_645_A,"PHE_644_A,ASP_646_A"
ASP_646_A,"ARG_582_A,LYS_642_A,SER_645_A,LEU_647_A,ARG_648_A,HIS_650_A"
LEU_647_A,"ILE_589_A,ASP_646_A,ARG_648_A,PHE_653_A"
ARG_648_A,"ASP_646_A,LEU_647_A,THR_649_A,VAL_655_A"
THR_649_A,"ARG_648_A,HIS_650_A"
HIS_650_A,"ARG_582_A,ASP_646_A,THR_649_A,ARG_651_A"
ARG_651_A,"ASN_586_A,ARG_593_A,HIS_650_A,SER_652_A,PHE_653_A"
SER_652_A,"ARG_366_A,ARG_651_A,PHE_653_A"
PHE_653_A,"ILE_589_A,LEU_647_A,ARG_651_A,SER_652_A,TYR_654_A"
TYR_654_A,"LEU_370_A,ILE_602_A,PHE_653_A,VAL_655_A"
VAL_655_A,"THR_369_A,ARG_648_A,TYR_654_A,PHE_656_A"
PHE_656_A,"THR_375_A,ILE_602_A,VAL_604_A,ILE_605_A,VAL_655_A,GLU_657_A"
GLU_657_A,"THR_369_A,LYS_371_A,ASP_607_A,HIS_641_A,PHE_656_A,VAL_658_A"
VAL_658_A,"THR_375_A,VAL_604_A,GLU_657_A,ARG_659_A"
ARG_659_A,"ASP_607_A,VAL_658_A,GLU_661_A"
PRO_660_A,"GLU_606_A,GLU_661_A"
GLU_661_A,"ARG_659_A,PRO_660_A,ARG_662_A,THR_712_A"
ARG_662_A,"GLU_661_A,THR_663_A,THR_666_A,MET_713_A,PRO_714_A,LYS_715_A"
THR_663_A,"ARG_662_A,SER_664_A,MET_713_A"
SER_664_A,"THR_663_A,ILE_665_A,ARG_678_A"
ILE_665_A,"SER_664_A,THR_666_A,CYS_667_A"
THR_666_A,"ARG_662_A,ILE_665_A,CYS_667_A"
CYS_667_A,"ILE_665_A,THR_666_A"
PRO_668_A,"LYS_669_A,VAL_698_A"
LYS_669_A,"PRO_668_A,CYS_670_A,LYS_690_A"
CYS_670_A,"LYS_669_A,GLY_671_A,HIS_672_A"
GLY_671_A,"CYS_670_A,HIS_672_A"
HIS_672_A,"CYS_670_A,GLY_671_A,CYS_673_A,GLU_674_A"
CYS_673_A,"HIS_672_A,GLU_674_A"
GLU_674_A,"HIS_672_A,CYS_673_A,VAL_675_A,ASN_677_A"
VAL_675_A,"GLU_674_A,GLY_676_A"
GLY_676_A,"VAL_675_A,ASN_677_A"
ASN_677_A,"GLU_674_A,GLY_676_A,ARG_678_A,PHE_683_A,LEU_686_A"
ARG_678_A,"ASP_394_A,SER_664_A,ASN_677_A,ASP_679_A,GLY_680_A,ASP_695_A"
ASP_679_A,"ARG_678_A,GLY_680_A"
GLY_680_A,"ARG_678_A,ASP_679_A,GLU_681_A"
GLU_681_A,"GLY_680_A,ALA_682_A,ASP_695_A"
ALA_682_A,"GLU_681_A,PHE_683_A"
PHE_683_A,"ASN_677_A,ALA_682_A,GLN_684_A,ALA_694_A,VAL_698_A"
GLN_684_A,"PHE_683_A,CYS_685_A"
CYS_685_A,"GLN_684_A,LEU_686_A"
LEU_686_A,"ASN_677_A,CYS_685_A,SER_687_A"
SER_687_A,"LEU_686_A,CYS_688_A"
CYS_688_A,"SER_687_A,GLY_689_A"
GLY_689_A,"CYS_688_A,LYS_690_A"
LYS_690_A,"LYS_669_A,GLY_689_A,THR_691_A"
THR_691_A,"LYS_690_A,CYS_692_A"
CYS_692_A,"THR_691_A,ASN_693_A,VAL_698_A"
ASN_693_A,"CYS_692_A,ALA_694_A,ASP_695_A,LEU_696_A"
ALA_694_A,"PHE_683_A,ASN_693_A,ASP_695_A"
ASP_695_A,"ASP_394_A,ARG_678_A,GLU_681_A,ASN_693_A,ALA_694_A,LEU_696_A"
LEU_696_A,"THR_424_A,ASN_693_A,ASP_695_A,ASP_697_A,THR_700_A"
ASP_697_A,"ARG_422_A,LEU_696_A,VAL_698_A,HIS_701_A"
VAL_698_A,"PRO_668_A,PHE_683_A,CYS_692_A,ASP_697_A,ALA_699_A"
ALA_699_A,"VAL_698_A,THR_700_A,LEU_703_A"
THR_700_A,"LEU_696_A,ALA_699_A,HIS_701_A"
HIS_701_A,"ASP_697_A,THR_700_A,ASN_702_A"
ASN_702_A,"HIS_701_A,LEU_703_A,MET_713_A"
LEU_703_A,"ALA_699_A,ASN_702_A,THR_704_A,ALA_707_A"
THR_704_A,"LEU_703_A,GLN_705_A,ALA_707_A,LEU_708_A"
GLN_705_A,"THR_704_A,VAL_706_A,THR_709_A"
VAL_706_A,"GLN_705_A,ALA_707_A"
ALA_707_A,"LEU_703_A,THR_704_A,VAL_706_A,LEU_708_A,THR_709_A"
LEU_708_A,"CYS_417_A,THR_704_A,ALA_707_A,THR_709_A"
THR_709_A,"GLN_705_A,ALA_707_A,LEU_708_A,GLY_710_A"
GLY_710_A,"THR_709_A,LYS_711_A"
LYS_711_A,"LYS_373_A,GLY_710_A,THR_712_A"
THR_712_A,"GLU_661_A,LYS_711_A,MET_713_A"
MET_713_A,"ARG_662_A,THR_663_A,ASN_702_A,THR_712_A"
PRO_714_A,"ARG_662_A,LYS_715_A"
LYS_715_A,"ARG_662_A,PRO_714_A,ARG_716_A"
ARG_716_A,LYS_715_A
