residue_id,neighbors
SER_2_A,"HIS_3_A,THR_104_A"
HIS_3_A,SER_2_A
PRO_4_A,GLY_5_A
GLY_5_A,"PRO_4_A,ALA_6_A"
ALA_6_A,"GLY_5_A,THR_7_A,LEU_82_A"
THR_7_A,"ALA_6_A,ALA_8_A,GLN_80_A"
ALA_8_A,"THR_7_A,SER_9_A"
SER_9_A,"ALA_8_A,ASP_10_A"
ASP_10_A,"SER_9_A,ARG_11_A"
ARG_11_A,"ASP_10_A,HIS_12_A,ASP_34_A"
HIS_12_A,"ARG_11_A,LYS_13_A,ASP_36_A,ASP_110_A,SER_111_A,VAL_348_A"
LYS_13_A,"HIS_12_A,VAL_14_A,ASP_110_A,SER_111_A"
VAL_14_A,"LYS_13_A,VAL_15_A,ASP_36_A,LYS_38_A"
VAL_15_A,"VAL_14_A,ILE_16_A,TYR_109_A,SER_111_A,ILE_113_A"
ILE_16_A,"VAL_15_A,ILE_17_A,VAL_37_A,LYS_38_A,ILE_40_A"
ILE_17_A,"ILE_16_A,GLY_18_A,ILE_89_A,ILE_113_A,ALA_115_A"
GLY_18_A,"ILE_17_A,SER_19_A,ILE_40_A"
SER_19_A,"GLY_18_A,GLY_20_A,HIS_45_A"
GLY_20_A,"SER_19_A,PHE_21_A,GLY_23_A,LEU_24_A"
PHE_21_A,"GLY_20_A,GLY_22_A,THR_25_A,PHE_48_A"
GLY_22_A,"PHE_21_A,GLY_23_A,ALA_26_A"
GLY_23_A,"GLY_20_A,GLY_22_A,LEU_24_A,ALA_27_A"
LEU_24_A,"GLY_20_A,GLY_23_A,THR_25_A,LYS_28_A"
THR_25_A,"PHE_21_A,LEU_24_A,ALA_26_A,THR_29_A"
ALA_26_A,"GLY_22_A,THR_25_A,ALA_27_A,ILE_113_A"
ALA_27_A,"GLY_23_A,ALA_26_A,LYS_28_A,GLN_76_A"
LYS_28_A,"LEU_24_A,ALA_27_A,THR_29_A"
THR_29_A,"THR_25_A,LYS_28_A,LEU_30_A,ALA_341_A,LYS_345_A"
LEU_30_A,"THR_29_A,LYS_31_A,ARG_32_A,VAL_37_A"
LYS_31_A,"LEU_30_A,ARG_32_A"
ARG_32_A,"LEU_30_A,LYS_31_A,ALA_33_A"
ALA_33_A,"ARG_32_A,ASP_34_A,VAL_35_A"
ASP_34_A,"ARG_11_A,ALA_33_A,VAL_35_A"
VAL_35_A,"ALA_33_A,ASP_34_A,ASP_36_A,VAL_37_A,ASN_78_A"
ASP_36_A,"HIS_12_A,VAL_14_A,VAL_35_A,VAL_37_A"
VAL_37_A,"ILE_16_A,LEU_30_A,VAL_35_A,ASP_36_A,LYS_38_A,ASN_78_A,GLN_80_A"
LYS_38_A,"VAL_14_A,ILE_16_A,VAL_37_A,LEU_39_A"
LEU_39_A,"LYS_38_A,ILE_40_A,GLN_80_A,LEU_82_A"
ILE_40_A,"ILE_16_A,GLY_18_A,LEU_39_A,ALA_41_A,VAL_86_A"
ALA_41_A,"ILE_40_A,ARG_42_A,LEU_82_A,GLY_84_A"
ARG_42_A,"ALA_41_A,THR_43_A,ASP_85_A"
THR_43_A,"ARG_42_A,THR_44_A"
THR_44_A,"THR_43_A,HIS_45_A,THR_69_A,LEU_83_A"
HIS_45_A,"SER_19_A,THR_44_A,HIS_46_A,ALA_66_A"
HIS_46_A,"HIS_45_A,LEU_47_A,PRO_67_A"
LEU_47_A,"HIS_46_A,PHE_48_A,GLN_49_A,ILE_65_A,ILE_138_A"
PHE_48_A,"PHE_21_A,LEU_47_A,GLN_49_A,LEU_51_A,ILE_65_A,TYR_400_A,LEU_401_A"
GLN_49_A,"LEU_47_A,PHE_48_A,LEU_51_A,LEU_52_A"
PRO_50_A,LEU_51_A
LEU_51_A,"PHE_48_A,GLN_49_A,PRO_50_A,LEU_52_A,GLN_54_A,TRP_393_A"
LEU_52_A,"GLN_49_A,LEU_51_A,TYR_53_A,VAL_55_A,ALA_56_A,MET_135_A,ALA_141_A"
TYR_53_A,"LEU_52_A,GLN_54_A,THR_57_A,MET_135_A,GLN_185_A"
GLN_54_A,"LEU_51_A,TYR_53_A,VAL_55_A,ILE_59_A,TRP_414_A"
VAL_55_A,"LEU_52_A,GLN_54_A,ALA_56_A,ILE_65_A"
ALA_56_A,"LEU_52_A,VAL_55_A,THR_57_A"
THR_57_A,"TYR_53_A,ALA_56_A,GLY_58_A,GLN_185_A,ARG_423_A"
GLY_58_A,"THR_57_A,ILE_59_A,GLN_425_A"
ILE_59_A,"GLN_54_A,GLY_58_A,ILE_60_A"
ILE_60_A,"ILE_59_A,SER_61_A,ILE_65_A"
SER_61_A,"ILE_60_A,GLU_62_A"
GLU_62_A,"SER_61_A,GLY_63_A,GLU_64_A,ILE_65_A,ALA_66_A,ARG_145_A"
GLY_63_A,"GLU_62_A,GLU_64_A"
GLU_64_A,"GLU_62_A,GLY_63_A,ILE_65_A,THR_410_A"
ILE_65_A,"LEU_47_A,PHE_48_A,VAL_55_A,ILE_60_A,GLU_62_A,GLU_64_A,ALA_66_A"
ALA_66_A,"HIS_45_A,GLU_62_A,ILE_65_A"
PRO_67_A,"HIS_46_A,ALA_68_A"
ALA_68_A,"PRO_67_A,THR_69_A,VAL_71_A"
THR_69_A,"THR_44_A,ALA_68_A,ARG_70_A,VAL_81_A"
ARG_70_A,"THR_69_A,VAL_71_A,VAL_81_A"
VAL_71_A,"ALA_68_A,ARG_70_A,ILE_72_A"
ILE_72_A,"VAL_71_A,LEU_73_A"
LEU_73_A,"ILE_72_A,ARG_74_A,GLN_76_A,VAL_81_A"
ARG_74_A,"LEU_73_A,LYS_75_A"
LYS_75_A,"ARG_74_A,GLN_76_A"
GLN_76_A,"ALA_27_A,LEU_73_A,LYS_75_A,LYS_77_A,ASN_78_A,ALA_79_A"
LYS_77_A,"GLN_76_A,ASN_78_A"
ASN_78_A,"VAL_35_A,VAL_37_A,GLN_76_A,LYS_77_A,ALA_79_A"
ALA_79_A,"GLN_76_A,ASN_78_A,GLN_80_A"
GLN_80_A,"THR_7_A,VAL_37_A,LEU_39_A,ALA_79_A,VAL_81_A,LEU_82_A"
VAL_81_A,"THR_69_A,ARG_70_A,LEU_73_A,GLN_80_A,LEU_82_A"
LEU_82_A,"ALA_6_A,LEU_39_A,ALA_41_A,GLN_80_A,VAL_81_A,LEU_83_A"
LEU_83_A,"THR_44_A,LEU_82_A,GLY_84_A,LEU_100_A"
GLY_84_A,"ALA_41_A,LEU_83_A,ASP_85_A"
ASP_85_A,"ARG_42_A,GLY_84_A,VAL_86_A,VAL_99_A"
VAL_86_A,"ILE_40_A,ASP_85_A,THR_87_A,VAL_96_A"
THR_87_A,"VAL_86_A,HIS_88_A,ASP_97_A,VAL_99_A"
HIS_88_A,"THR_87_A,ILE_89_A,ASP_90_A,ASP_97_A,ASP_285_A"
ILE_89_A,"ILE_17_A,HIS_88_A,ASP_90_A,LEU_91_A,LEU_112_A,GLN_289_A"
ASP_90_A,"HIS_88_A,ILE_89_A,LEU_91_A,GLU_92_A,ASN_93_A,THR_95_A"
LEU_91_A,"ILE_89_A,ASP_90_A,GLU_92_A,GLN_289_A,LEU_308_A"
GLU_92_A,"ASP_90_A,LEU_91_A,ASN_93_A"
ASN_93_A,"ASP_90_A,GLU_92_A,LYS_94_A,THR_95_A"
LYS_94_A,"ASN_93_A,THR_95_A"
THR_95_A,"ASP_90_A,ASN_93_A,LYS_94_A,VAL_96_A"
VAL_96_A,"VAL_86_A,THR_95_A,ASP_97_A,THR_107_A"
ASP_97_A,"THR_87_A,HIS_88_A,VAL_96_A,SER_98_A,SER_106_A"
SER_98_A,"ASP_97_A,VAL_99_A,TYR_105_A"
VAL_99_A,"ASP_85_A,THR_87_A,SER_98_A,LEU_100_A"
LEU_100_A,"LEU_83_A,VAL_99_A,LEU_101_A,HIS_103_A"
LEU_101_A,"LEU_100_A,GLY_102_A"
GLY_102_A,"LEU_101_A,HIS_103_A"
HIS_103_A,"LEU_100_A,GLY_102_A,THR_104_A"
THR_104_A,"SER_2_A,HIS_103_A,TYR_105_A"
TYR_105_A,"SER_98_A,THR_104_A,SER_106_A"
SER_106_A,"ASP_97_A,TYR_105_A,THR_107_A"
THR_107_A,"VAL_96_A,SER_106_A"
PRO_108_A,TYR_109_A
TYR_109_A,"VAL_15_A,PRO_108_A,ASP_110_A"
ASP_110_A,"HIS_12_A,LYS_13_A,TYR_109_A,SER_111_A"
SER_111_A,"HIS_12_A,LYS_13_A,VAL_15_A,ASP_110_A,LEU_112_A"
LEU_112_A,"ILE_89_A,SER_111_A,ILE_113_A,ILE_114_A,ASN_313_A,PHE_315_A"
ILE_113_A,"VAL_15_A,ILE_17_A,ALA_26_A,LEU_112_A,ILE_114_A,ILE_344_A"
ILE_114_A,"LEU_112_A,ILE_113_A,ALA_115_A,LEU_286_A,PHE_315_A"
ALA_115_A,"ILE_17_A,ILE_114_A,ALA_116_A,VAL_317_A"
ALA_116_A,"ALA_115_A,GLY_117_A"
GLY_117_A,"ALA_116_A,ALA_118_A"
ALA_118_A,"GLY_117_A,GLY_119_A,LYS_136_A"
GLY_119_A,"ALA_118_A,GLN_120_A,SER_278_A"
GLN_120_A,"GLY_119_A,SER_121_A"
SER_121_A,"GLN_120_A,TYR_122_A,PHE_123_A,TRP_273_A"
TYR_122_A,"SER_121_A,PHE_123_A,PHE_128_A,ALA_129_A,ALA_132_A,TRP_273_A"
PHE_123_A,"SER_121_A,TYR_122_A,GLY_124_A"
GLY_124_A,"PHE_123_A,ASN_125_A"
ASN_125_A,"GLY_124_A,ASP_126_A,HIS_127_A,PHE_128_A"
ASP_126_A,"ASN_125_A,HIS_127_A,ALA_129_A"
HIS_127_A,"ASN_125_A,ASP_126_A,PHE_128_A,ASP_248_A"
PHE_128_A,"TYR_122_A,ASN_125_A,HIS_127_A,ALA_129_A,GLU_130_A,PHE_131_A,ALA_132_A,VAL_249_A"
ALA_129_A,"TYR_122_A,ASP_126_A,PHE_128_A,GLU_130_A"
GLU_130_A,"PHE_128_A,ALA_129_A,PHE_131_A"
PHE_131_A,"PHE_128_A,GLU_130_A,ALA_132_A"
ALA_132_A,"TYR_122_A,PHE_128_A,PHE_131_A,LYS_271_A"
PRO_133_A,"GLY_134_A,TRP_273_A"
GLY_134_A,"PRO_133_A,MET_135_A"
MET_135_A,"LEU_52_A,TYR_53_A,GLY_134_A,LYS_136_A,THR_178_A,MET_182_A"
LYS_136_A,"ALA_118_A,MET_135_A,SER_137_A,ASP_319_A"
SER_137_A,"LYS_136_A,ILE_138_A,ASP_140_A,ALA_141_A"
ILE_138_A,"LEU_47_A,SER_137_A,ASP_139_A,LEU_142_A"
ASP_139_A,"ILE_138_A,ASP_140_A,GLU_143_A"
ASP_140_A,"SER_137_A,ASP_139_A,ALA_141_A,GLU_143_A,LEU_144_A,ARG_436_A"
ALA_141_A,"LEU_52_A,SER_137_A,ASP_140_A,LEU_142_A,ARG_145_A"
LEU_142_A,"ILE_138_A,ALA_141_A,GLU_143_A,GLY_146_A"
GLU_143_A,"ASP_139_A,ASP_140_A,LEU_142_A,LEU_144_A,ARG_147_A,ARG_436_A"
LEU_144_A,"ASP_140_A,GLU_143_A,ARG_145_A,ILE_148_A,VAL_272_A"
ARG_145_A,"GLU_62_A,ALA_141_A,LEU_144_A,GLY_146_A,LEU_149_A,THR_427_A,ILE_428_A"
GLY_146_A,"LEU_142_A,ARG_145_A,ARG_147_A,GLY_150_A"
ARG_147_A,"GLU_143_A,GLY_146_A,ILE_148_A,ARG_436_A"
ILE_148_A,"LEU_144_A,ARG_147_A,LEU_149_A,ALA_151_A,LEU_189_A"
LEU_149_A,"ARG_145_A,ILE_148_A,GLY_150_A,GLU_153_A"
GLY_150_A,"GLY_146_A,LEU_149_A,ALA_151_A,GLN_154_A"
ALA_151_A,"ILE_148_A,GLY_150_A,PHE_152_A,ALA_155_A,PHE_170_A"
PHE_152_A,"ALA_151_A,GLU_153_A,GLU_156_A,LEU_168_A,PHE_170_A,LEU_194_A,PHE_198_A"
GLU_153_A,"LEU_149_A,PHE_152_A,GLN_154_A"
GLN_154_A,"GLY_150_A,GLU_153_A,ALA_155_A"
ALA_155_A,"ALA_151_A,GLN_154_A,GLU_156_A,LEU_168_A"
GLU_156_A,"PHE_152_A,ALA_155_A,ARG_157_A,HIS_200_A"
ARG_157_A,"GLU_156_A,SER_158_A"
SER_158_A,"ARG_157_A,SER_159_A,ARG_164_A"
SER_159_A,"SER_158_A,ASP_160_A"
ASP_160_A,"SER_159_A,VAL_162_A"
PRO_161_A,"VAL_162_A,ALA_165_A"
VAL_162_A,"ASP_160_A,PRO_161_A,ARG_163_A,LYS_166_A"
ARG_163_A,"VAL_162_A,ARG_164_A,LYS_166_A,LEU_167_A"
ARG_164_A,"SER_158_A,ARG_163_A,ALA_165_A,LEU_168_A,HIS_200_A"
ALA_165_A,"PRO_161_A,ARG_164_A,LYS_166_A,THR_169_A"
LYS_166_A,"VAL_162_A,ARG_163_A,ALA_165_A,LEU_167_A,GLU_267_A"
LEU_167_A,"ARG_163_A,LYS_166_A,LEU_168_A,ALA_269_A"
LEU_168_A,"PHE_152_A,ALA_155_A,ARG_164_A,LEU_167_A,THR_169_A,ARG_207_A"
THR_169_A,"ALA_165_A,LEU_168_A,PHE_170_A,ILE_209_A,SER_268_A"
PHE_170_A,"ALA_151_A,PHE_152_A,THR_169_A,THR_171_A,ARG_207_A,ILE_209_A,CYS_270_A"
THR_171_A,"PHE_170_A,VAL_172_A,LEU_211_A,ILE_254_A,SER_268_A,VAL_272_A"
VAL_172_A,"THR_171_A,VAL_173_A,ILE_209_A,LEU_211_A"
VAL_173_A,"VAL_172_A,GLY_174_A,VAL_272_A,SER_274_A"
GLY_174_A,"VAL_173_A,ALA_175_A,LEU_211_A"
ALA_175_A,"GLY_174_A,GLY_176_A,ASP_212_A"
GLY_176_A,"ALA_175_A,GLY_179_A"
PRO_177_A,"THR_178_A,GLU_181_A"
THR_178_A,"MET_135_A,PRO_177_A,GLY_179_A,MET_182_A"
GLY_179_A,"GLY_176_A,THR_178_A,VAL_180_A,ALA_183_A"
VAL_180_A,"GLY_179_A,GLU_181_A,GLY_184_A,VAL_217_A,VAL_370_A"
GLU_181_A,"PRO_177_A,VAL_180_A,MET_182_A,GLN_185_A,THR_369_A"
MET_182_A,"MET_135_A,THR_178_A,GLU_181_A,ALA_183_A,ILE_186_A"
ALA_183_A,"GLY_179_A,MET_182_A,GLY_184_A,ALA_187_A"
GLY_184_A,"VAL_180_A,ALA_183_A,GLN_185_A,GLU_188_A"
GLN_185_A,"TYR_53_A,THR_57_A,GLU_181_A,GLY_184_A,ILE_186_A,LEU_189_A"
ILE_186_A,"MET_182_A,GLN_185_A,ALA_187_A,ALA_190_A,VAL_208_A"
ALA_187_A,"ALA_183_A,ILE_186_A,GLU_188_A,ASP_191_A,VAL_238_A"
GLU_188_A,"GLY_184_A,ALA_187_A,LEU_189_A,GLN_192_A"
LEU_189_A,"ILE_148_A,GLN_185_A,GLU_188_A,ALA_190_A"
ALA_190_A,"ILE_186_A,LEU_189_A,ASP_191_A"
ASP_191_A,"ALA_187_A,ALA_190_A,GLN_192_A,ARG_195_A"
GLN_192_A,"GLU_188_A,ASP_191_A,THR_193_A"
THR_193_A,"GLN_192_A,LEU_194_A,THR_421_A,ARG_423_A"
LEU_194_A,"PHE_152_A,THR_193_A,ARG_195_A,SER_197_A"
ARG_195_A,"ASP_191_A,LEU_194_A,GLY_196_A"
GLY_196_A,"ARG_195_A,SER_197_A"
SER_197_A,"LEU_194_A,GLY_196_A,PHE_198_A"
PHE_198_A,"PHE_152_A,SER_197_A,ARG_199_A,ILE_201_A,PRO_203_A"
ARG_199_A,"PHE_198_A,HIS_200_A"
HIS_200_A,"GLU_156_A,ARG_164_A,ARG_199_A,ILE_201_A"
ILE_201_A,"PHE_198_A,HIS_200_A,ASP_202_A"
ASP_202_A,"ILE_201_A,GLU_205_A"
PRO_203_A,"PHE_198_A,THR_204_A,ALA_206_A"
THR_204_A,"PRO_203_A,GLU_205_A"
GLU_205_A,"ASP_202_A,THR_204_A,ALA_206_A"
ALA_206_A,"PRO_203_A,GLU_205_A,ARG_207_A"
ARG_207_A,"LEU_168_A,PHE_170_A,ALA_206_A,VAL_208_A"
VAL_208_A,"ILE_186_A,ARG_207_A,ILE_209_A,GLU_239_A"
ILE_209_A,"THR_169_A,PHE_170_A,VAL_172_A,VAL_208_A,LEU_210_A,ILE_266_A"
LEU_210_A,"ILE_209_A,LEU_211_A,LEU_233_A,GLN_241_A"
LEU_211_A,"THR_171_A,VAL_172_A,GLY_174_A,LEU_210_A,ASP_212_A,GLN_241_A,ALA_244_A"
ASP_212_A,"ALA_175_A,LEU_211_A,ALA_213_A,GLY_243_A"
ALA_213_A,"ASP_212_A,ALA_214_A"
ALA_214_A,ALA_213_A
PRO_215_A,ALA_216_A
ALA_216_A,"PRO_215_A,VAL_217_A"
VAL_217_A,"VAL_180_A,ALA_216_A,LEU_218_A"
LEU_218_A,"VAL_217_A,MET_221_A"
PRO_220_A,MET_221_A
MET_221_A,"LEU_218_A,PRO_220_A,GLY_222_A"
GLY_222_A,"MET_221_A,GLU_223_A,GLY_226_A"
GLU_223_A,"GLY_222_A,LYS_224_A,LYS_227_A"
LYS_224_A,"GLU_223_A,LEU_225_A"
LEU_225_A,"LYS_224_A,GLY_226_A,ALA_229_A"
GLY_226_A,"GLY_222_A,LEU_225_A,LYS_227_A,ARG_230_A"
LYS_227_A,"GLU_223_A,GLY_226_A,LYS_228_A,ALA_231_A"
LYS_228_A,"LYS_227_A,ALA_229_A,ARG_232_A"
ALA_229_A,"LEU_225_A,LYS_228_A,ARG_230_A,LEU_233_A"
ARG_230_A,"GLY_226_A,ALA_229_A,ALA_231_A,GLU_234_A"
ALA_231_A,"LYS_227_A,ARG_230_A,ARG_232_A,LYS_235_A"
ARG_232_A,"LYS_228_A,ALA_231_A,LEU_233_A,MET_236_A,VAL_370_A"
LEU_233_A,"LEU_210_A,ALA_229_A,ARG_232_A,GLU_234_A,MET_236_A"
GLU_234_A,"ARG_230_A,LEU_233_A,LYS_235_A,GLY_237_A"
LYS_235_A,"ALA_231_A,GLU_234_A,MET_236_A"
MET_236_A,"ARG_232_A,LEU_233_A,LYS_235_A,GLY_237_A"
GLY_237_A,"GLU_234_A,MET_236_A,VAL_238_A"
VAL_238_A,"ALA_187_A,GLY_237_A,GLU_239_A"
GLU_239_A,"VAL_208_A,VAL_238_A,VAL_240_A"
VAL_240_A,"GLU_239_A,GLN_241_A,LEU_242_A"
GLN_241_A,"LEU_210_A,LEU_211_A,VAL_240_A,LEU_242_A,ARG_264_A"
LEU_242_A,"VAL_240_A,GLN_241_A,GLY_243_A"
GLY_243_A,"ASP_212_A,LEU_242_A,ALA_244_A,SER_259_A"
ALA_244_A,"LEU_211_A,GLY_243_A,MET_245_A"
MET_245_A,"ALA_244_A,VAL_246_A,LYS_257_A"
VAL_246_A,"MET_245_A,THR_247_A,VAL_249_A,ILE_254_A"
THR_247_A,"VAL_246_A,ASP_248_A,THR_255_A,LYS_257_A"
ASP_248_A,"HIS_127_A,THR_247_A,VAL_249_A,ASP_250_A,THR_255_A"
VAL_249_A,"PHE_128_A,VAL_246_A,ASP_248_A,ASP_250_A"
ASP_250_A,"ASP_248_A,VAL_249_A,ARG_251_A,ASN_252_A,GLY_253_A,ARG_265_A"
ARG_251_A,"ASP_250_A,ASN_252_A"
ASN_252_A,"ASP_250_A,ARG_251_A,GLY_253_A,SER_268_A"
GLY_253_A,"ASP_250_A,ASN_252_A,ILE_254_A"
ILE_254_A,"THR_171_A,VAL_246_A,GLY_253_A,THR_255_A,VAL_256_A,ILE_266_A,LYS_271_A"
THR_255_A,"THR_247_A,ASP_248_A,ILE_254_A,VAL_256_A,ILE_263_A,ARG_265_A"
VAL_256_A,"ILE_254_A,THR_255_A,LYS_257_A,ARG_264_A"
LYS_257_A,"MET_245_A,THR_247_A,VAL_256_A,ASP_258_A,ILE_263_A"
ASP_258_A,"LYS_257_A,SER_259_A,GLY_261_A"
SER_259_A,"GLY_243_A,ASP_258_A,ASP_260_A"
ASP_260_A,"SER_259_A,GLY_261_A"
GLY_261_A,"ASP_258_A,ASP_260_A,THR_262_A"
THR_262_A,"GLY_261_A,ILE_263_A"
ILE_263_A,"THR_255_A,LYS_257_A,THR_262_A,ARG_264_A"
ARG_264_A,"GLN_241_A,VAL_256_A,ILE_263_A,ARG_265_A"
ARG_265_A,"ASP_250_A,THR_255_A,ARG_264_A,ILE_266_A,GLU_267_A"
ILE_266_A,"ILE_209_A,ILE_254_A,ARG_265_A,GLU_267_A"
GLU_267_A,"LYS_166_A,ARG_265_A,ILE_266_A,SER_268_A"
SER_268_A,"THR_169_A,THR_171_A,ASN_252_A,GLU_267_A,ALA_269_A,LYS_271_A"
ALA_269_A,"LEU_167_A,SER_268_A,CYS_270_A,LYS_271_A"
CYS_270_A,"PHE_170_A,ALA_269_A,LYS_271_A"
LYS_271_A,"ALA_132_A,ILE_254_A,SER_268_A,ALA_269_A,CYS_270_A,VAL_272_A"
VAL_272_A,"LEU_144_A,THR_171_A,VAL_173_A,LYS_271_A,TRP_273_A"
TRP_273_A,"SER_121_A,TYR_122_A,PRO_133_A,VAL_272_A,SER_274_A"
SER_274_A,"VAL_173_A,TRP_273_A,ALA_275_A"
ALA_275_A,"SER_274_A,GLY_276_A"
GLY_276_A,"ALA_275_A,VAL_277_A"
VAL_277_A,"GLY_276_A,SER_278_A"
SER_278_A,"GLY_119_A,VAL_277_A,ALA_279_A"
ALA_279_A,"SER_278_A,SER_280_A,ALA_297_A"
SER_280_A,"ALA_279_A,LEU_282_A,GLY_283_A"
PRO_281_A,"LEU_282_A,GLY_283_A,LYS_284_A"
LEU_282_A,"SER_280_A,PRO_281_A,GLY_283_A,ASP_285_A"
GLY_283_A,"SER_280_A,PRO_281_A,LEU_282_A,LYS_284_A,ALA_287_A"
LYS_284_A,"PRO_281_A,GLY_283_A,ASP_285_A,ALA_287_A,GLU_288_A"
ASP_285_A,"HIS_88_A,LEU_282_A,LYS_284_A,LEU_286_A"
LEU_286_A,"ILE_114_A,ASP_285_A,ALA_287_A,GLN_289_A,SER_290_A"
ALA_287_A,"GLY_283_A,LYS_284_A,LEU_286_A,GLU_288_A"
GLU_288_A,"LYS_284_A,ALA_287_A,GLN_289_A"
GLN_289_A,"ILE_89_A,LEU_91_A,LEU_286_A,GLU_288_A,SER_290_A"
SER_290_A,"LEU_286_A,GLN_289_A,GLY_291_A,VAL_292_A"
GLY_291_A,"SER_290_A,VAL_292_A"
VAL_292_A,"SER_290_A,GLY_291_A,GLU_293_A,VAL_300_A"
GLU_293_A,"VAL_292_A,LEU_294_A"
LEU_294_A,"GLU_293_A,ASP_295_A"
ASP_295_A,"LEU_294_A,ARG_296_A,GLY_298_A,ARG_299_A"
ARG_296_A,"ASP_295_A,ALA_297_A"
ALA_297_A,"ALA_279_A,ARG_296_A,GLY_298_A"
GLY_298_A,"ASP_295_A,ALA_297_A,ARG_299_A"
ARG_299_A,"ASP_295_A,GLY_298_A,VAL_300_A,ALA_322_A"
VAL_300_A,"VAL_292_A,ARG_299_A,LYS_301_A,VAL_302_A,MET_320_A,ALA_322_A"
LYS_301_A,"VAL_300_A,VAL_302_A"
VAL_302_A,"VAL_300_A,LYS_301_A,GLN_303_A,VAL_316_A"
GLN_303_A,"VAL_302_A,ASP_305_A,LEU_306_A,THR_307_A"
PRO_304_A,ASP_305_A
ASP_305_A,"GLN_303_A,PRO_304_A,LEU_306_A,THR_307_A,ARG_356_A"
LEU_306_A,"GLN_303_A,ASP_305_A,THR_307_A,VAL_323_A"
THR_307_A,"GLN_303_A,ASP_305_A,LEU_306_A,LEU_308_A,PHE_315_A"
LEU_308_A,"LEU_91_A,THR_307_A,VAL_316_A"
PRO_309_A,GLY_310_A
GLY_310_A,"PRO_309_A,HIS_311_A"
HIS_311_A,"GLY_310_A,ASN_313_A,VAL_314_A"
PRO_312_A,"ASN_313_A,ARG_356_A"
ASN_313_A,"LEU_112_A,HIS_311_A,PRO_312_A,VAL_314_A"
VAL_314_A,"HIS_311_A,ASN_313_A,PHE_315_A"
PHE_315_A,"LEU_112_A,ILE_114_A,THR_307_A,VAL_314_A,VAL_316_A"
VAL_316_A,"VAL_302_A,LEU_308_A,PHE_315_A,VAL_317_A,MET_320_A"
VAL_317_A,"ALA_115_A,VAL_316_A,GLY_318_A"
GLY_318_A,"VAL_317_A,ASP_319_A,MET_320_A,ALA_321_A"
ASP_319_A,"LYS_136_A,GLY_318_A,MET_320_A"
MET_320_A,"VAL_300_A,VAL_316_A,GLY_318_A,ASP_319_A,ALA_321_A"
ALA_321_A,"GLY_318_A,MET_320_A,ALA_322_A,VAL_323_A"
ALA_322_A,"ARG_299_A,VAL_300_A,ALA_321_A,VAL_323_A"
VAL_323_A,"LEU_306_A,ALA_321_A,ALA_322_A,GLU_324_A,VAL_326_A"
GLU_324_A,"VAL_323_A,GLY_325_A"
GLY_325_A,"GLU_324_A,VAL_326_A"
VAL_326_A,"VAL_323_A,GLY_325_A"
PRO_327_A,"GLY_328_A,VAL_329_A"
GLY_328_A,"PRO_327_A,VAL_329_A"
VAL_329_A,"PRO_327_A,GLY_328_A,ALA_330_A,GLY_332_A"
ALA_330_A,"VAL_329_A,GLN_331_A,ILE_334_A"
GLN_331_A,"ALA_330_A,GLY_332_A,GLN_335_A,TYR_400_A"
GLY_332_A,"VAL_329_A,GLN_331_A,ALA_333_A,GLY_336_A"
ALA_333_A,"GLY_332_A,ILE_334_A,GLY_337_A"
ILE_334_A,"ALA_330_A,ALA_333_A,GLN_335_A,ARG_338_A"
GLN_335_A,"GLN_331_A,ILE_334_A,GLY_336_A,TYR_339_A,PHE_362_A"
GLY_336_A,"GLY_332_A,GLN_335_A,GLY_337_A,ALA_340_A"
GLY_337_A,"ALA_333_A,GLY_336_A,ARG_338_A,ALA_341_A"
ARG_338_A,"ILE_334_A,GLY_337_A,TYR_339_A,LYS_342_A"
TYR_339_A,"GLN_335_A,ARG_338_A,ALA_340_A,ILE_343_A,THR_357_A,PHE_359_A"
ALA_340_A,"GLY_336_A,TYR_339_A,ALA_341_A,ILE_344_A"
ALA_341_A,"THR_29_A,GLY_337_A,ALA_340_A,LYS_342_A,LYS_345_A"
LYS_342_A,"ARG_338_A,ALA_341_A,ILE_343_A,ARG_346_A"
ILE_343_A,"TYR_339_A,LYS_342_A,ILE_344_A,GLU_347_A"
ILE_344_A,"ILE_113_A,ALA_340_A,ILE_343_A,LYS_345_A,VAL_348_A"
LYS_345_A,"THR_29_A,ALA_341_A,ILE_344_A,ARG_346_A,SER_349_A"
ARG_346_A,"LYS_342_A,LYS_345_A,GLU_347_A"
GLU_347_A,"ILE_343_A,ARG_346_A,VAL_348_A"
VAL_348_A,"HIS_12_A,ILE_344_A,GLU_347_A,SER_349_A"
SER_349_A,"LYS_345_A,VAL_348_A,GLY_350_A"
GLY_350_A,"SER_349_A,THR_351_A"
THR_351_A,"GLY_350_A,SER_352_A"
SER_352_A,THR_351_A
PRO_353_A,LYS_354_A
LYS_354_A,"PRO_353_A,ILE_355_A"
ILE_355_A,"LYS_354_A,ARG_356_A"
ARG_356_A,"ASP_305_A,PRO_312_A,ILE_355_A,THR_357_A"
THR_357_A,"TYR_339_A,ARG_356_A"
PRO_358_A,PHE_359_A
PHE_359_A,"TYR_339_A,PRO_358_A,GLU_360_A"
GLU_360_A,"PHE_359_A,TYR_361_A"
TYR_361_A,"GLU_360_A,PHE_362_A,ASP_363_A"
PHE_362_A,"GLN_335_A,TYR_361_A,ASP_363_A"
ASP_363_A,"TYR_361_A,PHE_362_A,LYS_364_A,GLY_365_A"
LYS_364_A,"ASP_363_A,GLY_365_A"
GLY_365_A,"ASP_363_A,LYS_364_A,SER_366_A"
SER_366_A,"GLY_365_A,MET_367_A,LYS_378_A"
MET_367_A,"SER_366_A,ALA_368_A,ALA_377_A"
ALA_368_A,"MET_367_A,THR_369_A,VAL_376_A"
THR_369_A,"GLU_181_A,ALA_368_A,VAL_370_A,TRP_393_A"
VAL_370_A,"VAL_180_A,ARG_232_A,THR_369_A,SER_371_A"
SER_371_A,"VAL_370_A,ARG_372_A,SER_374_A"
ARG_372_A,"SER_371_A,PHE_373_A,PHE_418_A"
PHE_373_A,"ARG_372_A,SER_374_A,TRP_390_A"
SER_374_A,"SER_371_A,PHE_373_A,ALA_375_A"
ALA_375_A,"SER_374_A,VAL_376_A,GLY_386_A"
VAL_376_A,"ALA_368_A,ALA_375_A,ALA_377_A"
ALA_377_A,"MET_367_A,VAL_376_A,LYS_378_A,PHE_384_A"
LYS_378_A,"SER_366_A,ALA_377_A,VAL_379_A"
VAL_379_A,"LYS_378_A,GLY_380_A,VAL_382_A"
GLY_380_A,VAL_379_A
PRO_381_A,VAL_382_A
VAL_382_A,"VAL_379_A,PRO_381_A,GLU_383_A"
GLU_383_A,"VAL_382_A,PHE_384_A"
PHE_384_A,"ALA_377_A,GLU_383_A,ALA_385_A,ALA_389_A"
ALA_385_A,"PHE_384_A,GLY_386_A"
GLY_386_A,"ALA_375_A,ALA_385_A,PHE_387_A,TRP_390_A"
PHE_387_A,"GLY_386_A,PHE_388_A,LEU_391_A"
PHE_388_A,"PHE_387_A,ALA_389_A,CYS_392_A"
ALA_389_A,"PHE_384_A,PHE_388_A,TRP_390_A,TRP_393_A"
TRP_390_A,"PHE_373_A,GLY_386_A,ALA_389_A,LEU_391_A,LEU_394_A,PHE_418_A"
LEU_391_A,"PHE_387_A,TRP_390_A,CYS_392_A,VAL_395_A"
CYS_392_A,"PHE_388_A,LEU_391_A,TRP_393_A,LEU_396_A"
TRP_393_A,"LEU_51_A,THR_369_A,ALA_389_A,CYS_392_A,LEU_394_A,HIS_397_A"
LEU_394_A,"TRP_390_A,TRP_393_A,VAL_395_A,LEU_398_A,TRP_414_A"
VAL_395_A,"LEU_391_A,LEU_394_A,LEU_396_A"
LEU_396_A,"CYS_392_A,VAL_395_A,HIS_397_A"
HIS_397_A,"TRP_393_A,LEU_396_A,LEU_398_A"
LEU_398_A,"LEU_394_A,HIS_397_A,VAL_399_A"
VAL_399_A,"LEU_398_A,TYR_400_A"
TYR_400_A,"PHE_48_A,GLN_331_A,VAL_399_A,LEU_401_A"
LEU_401_A,"PHE_48_A,TYR_400_A,VAL_402_A,THR_410_A"
VAL_402_A,"LEU_401_A,GLY_403_A,THR_406_A"
GLY_403_A,"VAL_402_A,PHE_404_A"
PHE_404_A,"GLY_403_A,LYS_405_A,ILE_408_A"
LYS_405_A,"PHE_404_A,THR_406_A,VAL_409_A"
THR_406_A,"VAL_402_A,LYS_405_A,LYS_407_A,THR_410_A"
LYS_407_A,"THR_406_A,ILE_408_A,THR_410_A,LEU_411_A"
ILE_408_A,"PHE_404_A,LYS_407_A,VAL_409_A,LEU_412_A"
VAL_409_A,"LYS_405_A,ILE_408_A,THR_410_A,SER_413_A"
THR_410_A,"GLU_64_A,LEU_401_A,THR_406_A,LYS_407_A,VAL_409_A,LEU_411_A,TRP_414_A"
LEU_411_A,"LYS_407_A,THR_410_A,LEU_412_A,GLY_415_A"
LEU_412_A,"ILE_408_A,LEU_411_A,SER_413_A,VAL_416_A"
SER_413_A,"VAL_409_A,LEU_412_A,TRP_414_A,THR_417_A"
TRP_414_A,"GLN_54_A,LEU_394_A,THR_410_A,SER_413_A,GLY_415_A,PHE_418_A"
GLY_415_A,"LEU_411_A,TRP_414_A,VAL_416_A,LEU_419_A"
VAL_416_A,"LEU_412_A,GLY_415_A,THR_417_A,SER_420_A"
THR_417_A,"SER_413_A,VAL_416_A,PHE_418_A"
PHE_418_A,"ARG_372_A,TRP_390_A,TRP_414_A,THR_417_A,LEU_419_A"
LEU_419_A,"GLY_415_A,PHE_418_A,SER_420_A"
SER_420_A,"VAL_416_A,LEU_419_A,THR_421_A"
THR_421_A,"THR_193_A,SER_420_A,LYS_422_A"
LYS_422_A,"THR_421_A,ARG_423_A"
ARG_423_A,"THR_57_A,THR_193_A,LYS_422_A,GLY_424_A"
GLY_424_A,"ARG_423_A,GLN_425_A"
GLN_425_A,"GLY_58_A,GLY_424_A,LEU_426_A"
LEU_426_A,"GLN_425_A,THR_427_A"
THR_427_A,"ARG_145_A,LEU_426_A,ILE_428_A"
ILE_428_A,"ARG_145_A,THR_427_A,THR_429_A"
THR_429_A,"ILE_428_A,GLU_430_A,GLN_432_A,ALA_433_A"
GLU_430_A,"THR_429_A,GLN_431_A,TYR_434_A"
GLN_431_A,"GLU_430_A,GLN_432_A,ALA_435_A"
GLN_432_A,"THR_429_A,GLN_431_A,ALA_433_A"
ALA_433_A,"THR_429_A,GLN_432_A,TYR_434_A"
TYR_434_A,"GLU_430_A,ALA_433_A,ALA_435_A,ARG_438_A"
ALA_435_A,"GLN_431_A,TYR_434_A,ARG_436_A,ILE_439_A"
ARG_436_A,"ASP_140_A,GLU_143_A,ARG_147_A,ALA_435_A,THR_437_A"
THR_437_A,"ARG_436_A,ARG_438_A,GLU_441_A"
ARG_438_A,"TYR_434_A,THR_437_A,ILE_439_A"
ILE_439_A,"ALA_435_A,ARG_438_A,GLU_440_A,GLU_443_A"
GLU_440_A,"ILE_439_A,GLU_441_A,GLU_444_A"
GLU_441_A,"THR_437_A,GLU_440_A,LEU_442_A,ILE_445_A"
LEU_442_A,"GLU_441_A,GLU_443_A,ALA_446_A"
GLU_443_A,"ILE_439_A,LEU_442_A,GLU_444_A,ALA_447_A"
GLU_444_A,"GLU_440_A,GLU_443_A,ILE_445_A"
ILE_445_A,"GLU_441_A,GLU_444_A,ALA_446_A,ALA_448_A"
ALA_446_A,"LEU_442_A,ILE_445_A,ALA_447_A"
ALA_447_A,"GLU_443_A,ALA_446_A,ALA_448_A"
ALA_448_A,"ILE_445_A,ALA_447_A"
