residue_id,neighbors
MET_1_B,"ILE_2_B,TYR_27_B,THR_28_B,ASP_59_B"
ILE_2_B,"MET_1_B,ILE_3_B,ILE_30_B,ASP_59_B"
ILE_3_B,"ILE_2_B,ALA_4_B,TYR_27_B,THR_28_B,ILE_30_B"
ALA_4_B,"ILE_3_B,ILE_5_B,ALA_58_B,LEU_60_B,ILE_62_B"
ILE_5_B,"ALA_4_B,GLY_6_B,LYS_15_B,VAL_29_B,ILE_30_B,GLU_32_B"
GLY_6_B,"ILE_5_B,ASN_7_B"
ASN_7_B,"GLY_6_B,ASP_8_B,LYS_15_B,THR_34_B"
ASP_8_B,"ASN_7_B,HIS_9_B"
HIS_9_B,"ASP_8_B,ILE_10_B,ARG_39_B"
ILE_10_B,"HIS_9_B,VAL_11_B"
VAL_11_B,"ILE_10_B,THR_12_B,LYS_15_B"
THR_12_B,"VAL_11_B,MET_13_B,ILE_16_B,ASP_36_B"
MET_13_B,"THR_12_B,GLN_14_B"
GLN_14_B,"MET_13_B,LYS_15_B"
LYS_15_B,"ILE_5_B,ASN_7_B,VAL_11_B,GLN_14_B,ILE_16_B,SER_19_B,ASP_31_B"
ILE_16_B,"THR_12_B,LYS_15_B,GLU_17_B,ASN_20_B"
GLU_17_B,"ILE_16_B,ILE_18_B"
ILE_18_B,"GLU_17_B,SER_19_B,LEU_22_B,ILE_116_B"
SER_19_B,"LYS_15_B,ILE_18_B,ASN_20_B"
ASN_20_B,"ILE_16_B,SER_19_B,MET_21_B"
MET_21_B,"ASN_20_B,LEU_22_B,MET_25_B,VAL_120_B"
LEU_22_B,"ILE_18_B,MET_21_B,LYS_23_B,TYR_27_B,VAL_29_B,LEU_124_B"
LYS_23_B,"LEU_22_B,ASP_24_B,GLY_26_B"
ASP_24_B,"LYS_23_B,MET_25_B"
MET_25_B,"MET_21_B,ASP_24_B,GLY_26_B"
GLY_26_B,"LYS_23_B,MET_25_B,TYR_27_B"
TYR_27_B,"MET_1_B,ILE_3_B,LEU_22_B,GLY_26_B,THR_28_B"
THR_28_B,"MET_1_B,ILE_3_B,TYR_27_B,VAL_29_B"
VAL_29_B,"ILE_5_B,LEU_22_B,THR_28_B,ILE_30_B"
ILE_30_B,"ILE_2_B,ILE_3_B,ILE_5_B,VAL_29_B,ASP_31_B"
ASP_31_B,"LYS_15_B,ILE_30_B,GLU_32_B,TYR_35_B"
GLU_32_B,"ILE_5_B,ASP_31_B,GLY_33_B,ASP_52_B,ARG_57_B"
GLY_33_B,"GLU_32_B,THR_34_B"
THR_34_B,"ASN_7_B,GLY_33_B,TYR_35_B"
TYR_35_B,"ASP_31_B,THR_34_B,ASP_36_B"
ASP_36_B,"THR_12_B,TYR_35_B,THR_37_B,HIS_38_B"
THR_37_B,"ASP_36_B,HIS_38_B"
HIS_38_B,"ASP_36_B,THR_37_B,ARG_39_B"
ARG_39_B,"HIS_9_B,HIS_38_B,THR_40_B,ASP_172_B"
THR_40_B,"ARG_39_B,HIS_41_B,TYR_45_B"
HIS_41_B,"THR_40_B,TYR_42_B"
TYR_42_B,"HIS_41_B,PRO_43_B"
PRO_43_B,"TYR_42_B,ILE_44_B,LYS_47_B"
ILE_44_B,"PRO_43_B,TYR_45_B"
TYR_45_B,"THR_40_B,ILE_44_B,GLY_46_B,VAL_49_B"
GLY_46_B,"TYR_45_B,LYS_47_B,ALA_50_B"
LYS_47_B,"PRO_43_B,GLY_46_B,LYS_48_B,GLU_51_B,ASN_154_B,PHE_158_B"
LYS_48_B,"LYS_47_B,VAL_49_B"
VAL_49_B,"TYR_45_B,LYS_48_B,ALA_50_B,VAL_63_B"
ALA_50_B,"GLY_46_B,VAL_49_B,GLU_51_B,ALA_54_B,ILE_81_B"
GLU_51_B,"LYS_47_B,ALA_50_B,ASP_52_B,ASP_55_B,ARG_57_B,LYS_152_B,ASP_153_B"
ASP_52_B,"GLU_32_B,GLU_51_B,VAL_53_B,ARG_57_B,ALA_58_B"
VAL_53_B,"ASP_52_B,ALA_54_B,ILE_81_B"
ALA_54_B,"ALA_50_B,VAL_53_B,ASP_55_B"
ASP_55_B,"GLU_51_B,ALA_54_B,GLY_56_B,ARG_57_B,LYS_152_B,ASP_153_B"
GLY_56_B,"ASP_55_B,ARG_57_B"
ARG_57_B,"GLU_32_B,GLU_51_B,ASP_52_B,ASP_55_B,GLY_56_B,ALA_58_B,ASP_153_B"
ALA_58_B,"ALA_4_B,ASP_52_B,ARG_57_B,ASP_59_B"
ASP_59_B,"MET_1_B,ILE_2_B,ALA_58_B,LEU_60_B"
LEU_60_B,"ALA_4_B,ASP_59_B,GLY_61_B,LEU_124_B"
GLY_61_B,"LEU_60_B,ILE_62_B,ASN_102_B,LEU_104_B"
ILE_62_B,"ALA_4_B,GLY_61_B,VAL_63_B,VAL_120_B"
VAL_63_B,"VAL_49_B,ILE_62_B,MET_64_B,ILE_71_B,LEU_104_B"
MET_64_B,"VAL_63_B,CYS_65_B,ILE_106_B"
CYS_65_B,"MET_64_B,GLY_66_B,GLY_108_B"
GLY_66_B,"CYS_65_B,THR_67_B,ALA_109_B"
THR_67_B,"GLY_66_B,GLY_68_B"
GLY_68_B,"THR_67_B,ILE_69_B,SER_72_B"
ILE_69_B,"GLY_68_B,GLY_70_B,THR_73_B,MET_85_B"
GLY_70_B,"ILE_69_B,ILE_71_B"
ILE_71_B,"VAL_63_B,GLY_70_B,SER_72_B,ALA_75_B"
SER_72_B,"GLY_68_B,ILE_71_B,THR_73_B,ASP_76_B"
THR_73_B,"ILE_69_B,SER_72_B,ALA_74_B"
ALA_74_B,"THR_73_B,ALA_75_B,ASN_78_B"
ALA_75_B,"ILE_71_B,ALA_74_B,ASP_76_B,ASN_78_B"
ASP_76_B,"SER_72_B,ALA_75_B,LYS_77_B,ASN_78_B,ALA_83_B"
LYS_77_B,"ASP_76_B,ASN_78_B"
ASN_78_B,"ALA_74_B,ALA_75_B,ASP_76_B,LYS_77_B,GLU_79_B"
GLU_79_B,"ASN_78_B,GLY_80_B,LYS_152_B"
GLY_80_B,"GLU_79_B,ILE_81_B"
ILE_81_B,"ALA_50_B,VAL_53_B,GLY_80_B,ARG_82_B,VAL_103_B"
ARG_82_B,"ILE_81_B,ALA_83_B,LEU_99_B,ASN_100_B,ASN_102_B,ASP_142_B"
ALA_83_B,"ASP_76_B,ARG_82_B,ALA_84_B"
ALA_84_B,"ALA_83_B,MET_85_B,ALA_95_B,VAL_103_B,GLY_105_B"
MET_85_B,"ILE_69_B,ALA_84_B,CYS_86_B"
CYS_86_B,"MET_85_B,ASP_87_B,GLY_105_B"
ASP_87_B,"CYS_86_B,ASP_88_B,VAL_111_B"
ASP_88_B,"ASP_87_B,VAL_89_B,SER_91_B"
VAL_89_B,"ASP_88_B,THR_90_B,VAL_93_B,ALA_122_B"
THR_90_B,"VAL_89_B,SER_91_B"
SER_91_B,"ASP_88_B,THR_90_B,ALA_92_B,ALA_95_B"
ALA_92_B,"SER_91_B,VAL_93_B"
VAL_93_B,"VAL_89_B,ALA_92_B,TYR_94_B,GLU_97_B"
TYR_94_B,"VAL_93_B,ALA_95_B,GLN_98_B,LEU_99_B"
ALA_95_B,"ALA_84_B,SER_91_B,TYR_94_B,ARG_96_B,ALA_101_B"
ARG_96_B,"ALA_95_B,GLU_97_B,ALA_126_B"
GLU_97_B,"VAL_93_B,ARG_96_B,GLN_98_B,LYS_129_B"
GLN_98_B,"TYR_94_B,GLU_97_B,LEU_99_B"
LEU_99_B,"ARG_82_B,TYR_94_B,GLN_98_B,ASN_100_B,ALA_101_B"
ASN_100_B,"ARG_82_B,LEU_99_B,ALA_101_B,TYR_128_B"
ALA_101_B,"ALA_95_B,LEU_99_B,ASN_100_B,ASN_102_B,TYR_123_B"
ASN_102_B,"GLY_61_B,ARG_82_B,ALA_101_B,VAL_103_B"
VAL_103_B,"ILE_81_B,ALA_84_B,ASN_102_B,LEU_104_B"
LEU_104_B,"GLY_61_B,VAL_63_B,VAL_103_B,GLY_105_B,TYR_123_B"
GLY_105_B,"ALA_84_B,CYS_86_B,LEU_104_B,ILE_106_B"
ILE_106_B,"MET_64_B,GLY_105_B,GLY_107_B"
GLY_107_B,"ILE_106_B,GLY_108_B"
GLY_108_B,"CYS_65_B,GLY_107_B,ALA_109_B"
ALA_109_B,"GLY_66_B,GLY_108_B,VAL_110_B"
VAL_110_B,"ALA_109_B,VAL_111_B"
VAL_111_B,"ASP_87_B,VAL_110_B,GLY_112_B,LEU_115_B,ILE_116_B"
GLY_112_B,"VAL_111_B,VAL_113_B,LEU_115_B,ILE_116_B"
VAL_113_B,"GLY_112_B,HIS_114_B,GLN_117_B"
HIS_114_B,"VAL_113_B,LEU_115_B"
LEU_115_B,"VAL_111_B,GLY_112_B,HIS_114_B,ILE_116_B,ILE_119_B"
ILE_116_B,"ILE_18_B,VAL_111_B,GLY_112_B,LEU_115_B,GLN_117_B,VAL_120_B"
GLN_117_B,"VAL_113_B,ILE_116_B,ASP_118_B,LYS_121_B"
ASP_118_B,"GLN_117_B,ILE_119_B,LYS_121_B,ALA_122_B"
ILE_119_B,"LEU_115_B,ASP_118_B,VAL_120_B,TYR_123_B"
VAL_120_B,"MET_21_B,ILE_62_B,ILE_116_B,ILE_119_B,LYS_121_B,LEU_124_B"
LYS_121_B,"GLN_117_B,ASP_118_B,VAL_120_B,ALA_122_B,ASP_125_B"
ALA_122_B,"VAL_89_B,ASP_118_B,LYS_121_B,TYR_123_B"
TYR_123_B,"ALA_101_B,LEU_104_B,ILE_119_B,ALA_122_B,LEU_124_B"
LEU_124_B,"LEU_22_B,LEU_60_B,VAL_120_B,TYR_123_B,ASP_125_B"
ASP_125_B,"LYS_121_B,LEU_124_B,ALA_126_B"
ALA_126_B,"ARG_96_B,ASP_125_B,THR_127_B"
THR_127_B,"ALA_126_B,TYR_128_B"
TYR_128_B,"ASN_100_B,THR_127_B,LYS_129_B,GLU_130_B,ASN_134_B,ILE_138_B"
LYS_129_B,"GLU_97_B,TYR_128_B,GLU_130_B"
GLU_130_B,"TYR_128_B,LYS_129_B,THR_131_B,LYS_135_B"
THR_131_B,"GLU_130_B,ASN_134_B,LYS_135_B"
PRO_132_B,GLU_133_B
GLU_133_B,"PRO_132_B,ASN_134_B"
ASN_134_B,"TYR_128_B,THR_131_B,GLU_133_B,LYS_135_B,ILE_138_B"
LYS_135_B,"GLU_130_B,THR_131_B,ASN_134_B,LYS_136_B,ASP_139_B"
LYS_136_B,"LYS_135_B,LEU_137_B,LYS_140_B"
LEU_137_B,"LYS_136_B,ILE_138_B,ILE_141_B"
ILE_138_B,"TYR_128_B,ASN_134_B,LEU_137_B,ASP_139_B,ASP_142_B"
ASP_139_B,"LYS_135_B,ILE_138_B,LYS_140_B,ASP_142_B,ASN_143_B"
LYS_140_B,"LYS_136_B,ASP_139_B,ILE_141_B"
ILE_141_B,"LEU_137_B,LYS_140_B,ASP_142_B"
ASP_142_B,"ARG_82_B,ILE_138_B,ASP_139_B,ILE_141_B,ASN_143_B"
ASN_143_B,"ASP_139_B,ASP_142_B,ILE_144_B"
ILE_144_B,"ASN_143_B,ALA_145_B"
ALA_145_B,"ILE_144_B,LYS_146_B"
LYS_146_B,ALA_145_B
PRO_147_B,ASN_148_B
ASN_148_B,"PRO_147_B,GLN_151_B"
PRO_149_B,ASP_150_B
ASP_150_B,"PRO_149_B,GLN_151_B,ASN_154_B"
GLN_151_B,"ASN_148_B,ASP_150_B,LYS_152_B,PHE_157_B"
LYS_152_B,"GLU_51_B,ASP_55_B,GLU_79_B,GLN_151_B,ASP_153_B"
ASP_153_B,"GLU_51_B,ASP_55_B,ARG_57_B,LYS_152_B,ASN_154_B"
ASN_154_B,"LYS_47_B,ASP_150_B,ASP_153_B,HIS_156_B"
PRO_155_B,HIS_156_B
HIS_156_B,"ASN_154_B,PRO_155_B,PHE_157_B,ASP_159_B"
PHE_157_B,"GLN_151_B,HIS_156_B,PHE_158_B"
PHE_158_B,"LYS_47_B,PHE_157_B,ASP_159_B,LEU_162_B"
ASP_159_B,"HIS_156_B,PHE_158_B,ALA_160_B,GLU_163_B"
ALA_160_B,"ASP_159_B,GLU_161_B"
GLU_161_B,"ALA_160_B,LEU_162_B,LYS_164_B,TRP_165_B"
LEU_162_B,"PHE_158_B,GLU_161_B,GLU_163_B"
GLU_163_B,"ASP_159_B,LEU_162_B,LYS_164_B,GLU_167_B"
LYS_164_B,"GLU_161_B,GLU_163_B,TRP_165_B,VAL_169_B,TYR_170_B"
TRP_165_B,"GLU_161_B,LYS_164_B,ALA_166_B,TYR_170_B"
ALA_166_B,"TRP_165_B,GLU_167_B"
GLU_167_B,"GLU_163_B,ALA_166_B,GLY_168_B"
GLY_168_B,"GLU_167_B,VAL_169_B"
VAL_169_B,"LYS_164_B,GLY_168_B,TYR_170_B"
TYR_170_B,"LYS_164_B,TRP_165_B,VAL_169_B,HIS_171_B"
HIS_171_B,"TYR_170_B,ASP_172_B"
ASP_172_B,"ARG_39_B,HIS_171_B"
