residue_id,neighbors
SER_-1_A,"HIS_0_A,MET_1_A"
HIS_0_A,"SER_-1_A,MET_1_A,GLY_17_A,SER_19_A"
MET_1_A,"SER_-1_A,HIS_0_A,ILE_2_A"
ILE_2_A,"MET_1_A,ASP_3_A"
ASP_3_A,"ILE_2_A,LYS_4_A,SER_5_A,ALA_6_A,ILE_20_A"
LYS_4_A,"ASP_3_A,SER_5_A"
SER_5_A,"ASP_3_A,LYS_4_A,ALA_6_A"
ALA_6_A,"ASP_3_A,SER_5_A,PHE_7_A,ILE_20_A"
PHE_7_A,"ALA_6_A,VAL_8_A,ALA_24_A,HIS_25_A,ILE_26_A"
VAL_8_A,"PHE_7_A,HIS_9_A,VAL_14_A"
HIS_9_A,"VAL_8_A,THR_11_A,ALA_12_A,ILE_26_A"
PRO_10_A,THR_11_A
THR_11_A,"HIS_9_A,PRO_10_A,ALA_12_A"
ALA_12_A,"HIS_9_A,THR_11_A,ILE_13_A"
ILE_13_A,"ALA_12_A,VAL_14_A,CYS_30_A,VAL_32_A"
VAL_14_A,"VAL_8_A,ILE_13_A,GLU_15_A,ALA_18_A,ILE_20_A"
GLU_15_A,"VAL_14_A,GLU_16_A,VAL_32_A"
GLU_16_A,"GLU_15_A,GLY_17_A"
GLY_17_A,"HIS_0_A,GLU_16_A,ALA_18_A"
ALA_18_A,"VAL_14_A,GLY_17_A,SER_19_A"
SER_19_A,"HIS_0_A,ALA_18_A,ILE_20_A,VAL_36_A,ILE_38_A"
ILE_20_A,"ASP_3_A,ALA_6_A,VAL_14_A,SER_19_A,GLY_21_A,ALA_24_A"
GLY_21_A,"ILE_20_A,ALA_22_A,ILE_38_A"
ALA_22_A,"GLY_21_A,ASN_23_A,GLY_41_A"
ASN_23_A,"ALA_22_A,ALA_24_A"
ALA_24_A,"PHE_7_A,ILE_20_A,ASN_23_A,HIS_25_A"
HIS_25_A,"PHE_7_A,ALA_24_A,ILE_26_A,THR_42_A,LEU_44_A"
ILE_26_A,"PHE_7_A,HIS_9_A,HIS_25_A,GLY_27_A,CYS_30_A"
GLY_27_A,"ILE_26_A,LEU_44_A"
PRO_28_A,"PHE_29_A,HIS_47_A"
PHE_29_A,"PRO_28_A,CYS_30_A,HIS_47_A"
CYS_30_A,"ILE_13_A,ILE_26_A,PHE_29_A,ILE_31_A"
ILE_31_A,"CYS_30_A,VAL_32_A,VAL_48_A,VAL_50_A"
VAL_32_A,"ILE_13_A,GLU_15_A,ILE_31_A,GLY_33_A,VAL_36_A"
GLY_33_A,"VAL_32_A,VAL_50_A"
PRO_34_A,HIS_35_A
HIS_35_A,"PRO_34_A,VAL_36_A,HIS_53_A"
VAL_36_A,"SER_19_A,VAL_32_A,HIS_35_A,GLU_37_A,ILE_38_A,VAL_50_A"
GLU_37_A,"VAL_36_A,ILE_38_A,THR_54_A,LYS_55_A,ILE_56_A"
ILE_38_A,"SER_19_A,GLY_21_A,VAL_36_A,GLU_37_A,GLY_39_A,THR_42_A"
GLY_39_A,"ILE_38_A,GLU_40_A,ILE_56_A"
GLU_40_A,"GLY_39_A,GLY_41_A,ARG_58_A"
GLY_41_A,"ALA_22_A,GLU_40_A,THR_42_A"
THR_42_A,"HIS_25_A,ILE_38_A,GLY_41_A,VAL_43_A,LEU_44_A,GLY_57_A"
VAL_43_A,"THR_42_A,LEU_44_A,ILE_62_A"
LEU_44_A,"HIS_25_A,GLY_27_A,THR_42_A,VAL_43_A,LYS_45_A"
LYS_45_A,"LEU_44_A,SER_46_A,GLU_61_A,ILE_62_A"
SER_46_A,"LYS_45_A,HIS_47_A"
HIS_47_A,"PRO_28_A,PHE_29_A,SER_46_A,VAL_48_A,PHE_65_A"
VAL_48_A,"ILE_31_A,HIS_47_A,VAL_49_A,VAL_50_A"
VAL_49_A,"VAL_48_A,VAL_50_A,ILE_68_A"
VAL_50_A,"ILE_31_A,GLY_33_A,VAL_36_A,VAL_48_A,VAL_49_A,ASN_51_A"
ASN_51_A,"VAL_50_A,GLY_52_A,THR_54_A,GLU_70_A"
GLY_52_A,"ASN_51_A,HIS_53_A"
HIS_53_A,"HIS_35_A,GLY_52_A,THR_54_A"
THR_54_A,"GLU_37_A,ASN_51_A,HIS_53_A,LYS_55_A"
LYS_55_A,"GLU_37_A,THR_54_A,ILE_56_A,VAL_84_A,GLU_85_A,ILE_86_A"
ILE_56_A,"GLU_37_A,GLY_39_A,LYS_55_A,GLY_57_A"
GLY_57_A,"THR_42_A,ILE_56_A,ARG_58_A"
ARG_58_A,"GLU_40_A,GLY_57_A,ASP_59_A,ASP_88_A,ARG_89_A"
ASP_59_A,"ARG_58_A,ASN_60_A,ARG_89_A"
ASN_60_A,"ASP_59_A,GLU_61_A,GLY_87_A,ASN_90_A"
GLU_61_A,"LYS_45_A,ASN_60_A,ILE_62_A,ASN_90_A,ARG_91_A,ILE_92_A"
ILE_62_A,"VAL_43_A,LYS_45_A,GLU_61_A,TYR_63_A,ILE_68_A"
TYR_63_A,"ILE_62_A,GLN_64_A,ILE_92_A"
GLN_64_A,"TYR_63_A,PHE_65_A"
PHE_65_A,"HIS_47_A,GLN_64_A,ALA_66_A"
ALA_66_A,"PHE_65_A,SER_67_A"
SER_67_A,"ALA_66_A,ILE_68_A,VAL_96_A,ILE_98_A"
ILE_68_A,"VAL_49_A,ILE_62_A,SER_67_A,GLY_69_A,ILE_86_A"
GLY_69_A,"ILE_68_A,GLU_70_A,ILE_98_A,ARG_100_A"
GLU_70_A,"ASN_51_A,GLY_69_A,VAL_71_A,ARG_100_A"
VAL_71_A,"GLU_70_A,ASN_72_A,TYR_77_A"
ASN_72_A,"VAL_71_A,GLN_73_A,ASP_74_A,GLY_101_A,HIS_125_A"
GLN_73_A,"ASN_72_A,ASP_74_A"
ASP_74_A,"ASN_72_A,GLN_73_A,LEU_75_A,LYS_76_A,THR_102_A,HIS_125_A,ASP_126_A,HIS_144_A"
LEU_75_A,"ASP_74_A,LYS_76_A"
LYS_76_A,"ASP_74_A,LEU_75_A,TYR_77_A,HIS_144_A"
TYR_77_A,"VAL_71_A,LYS_76_A,ALA_78_A,GLU_80_A"
ALA_78_A,"TYR_77_A,GLY_79_A,GLU_80_A"
GLY_79_A,"ALA_78_A,GLU_80_A"
GLU_80_A,"TYR_77_A,ALA_78_A,GLY_79_A,THR_82_A,VAL_103_A"
PRO_81_A,THR_82_A
THR_82_A,"GLU_80_A,PRO_81_A,ARG_83_A,GLY_101_A"
ARG_83_A,"THR_82_A,VAL_84_A,GLU_85_A,GLY_107_A"
VAL_84_A,"LYS_55_A,ARG_83_A,GLU_85_A"
GLU_85_A,"LYS_55_A,ARG_83_A,VAL_84_A,ILE_86_A,THR_109_A,LYS_110_A,VAL_111_A"
ILE_86_A,"LYS_55_A,ILE_68_A,GLU_85_A,GLY_87_A"
GLY_87_A,"ASN_60_A,ILE_86_A,ASP_88_A,VAL_111_A"
ASP_88_A,"ARG_58_A,GLY_87_A,ARG_89_A,SER_113_A,ASP_114_A"
ARG_89_A,"ARG_58_A,ASP_59_A,ASP_88_A,ASN_90_A,ASP_114_A,ARG_132_A"
ASN_90_A,"ASN_60_A,GLU_61_A,ARG_89_A,ARG_91_A,GLY_112_A,ASN_115_A"
ARG_91_A,"GLU_61_A,ASN_90_A,ILE_92_A,ASN_115_A,LEU_117_A,ARG_132_A"
ILE_92_A,"GLU_61_A,TYR_63_A,ARG_91_A,ARG_93_A,VAL_96_A"
ARG_93_A,"ILE_92_A,GLU_94_A,LEU_117_A,ILE_119_A"
GLU_94_A,"ARG_93_A,SER_95_A,ILE_119_A"
SER_95_A,"GLU_94_A,VAL_96_A"
VAL_96_A,"SER_67_A,ILE_92_A,SER_95_A,THR_97_A"
THR_97_A,"VAL_96_A,ILE_98_A,HIS_122_A,ILE_123_A"
ILE_98_A,"SER_67_A,GLY_69_A,THR_97_A,HIS_99_A"
HIS_99_A,"ILE_98_A,ARG_100_A,THR_109_A,HIS_122_A,ILE_123_A"
ARG_100_A,"GLY_69_A,GLU_70_A,HIS_99_A,GLY_101_A"
GLY_101_A,"ASN_72_A,THR_82_A,ARG_100_A,THR_102_A"
THR_102_A,"ASP_74_A,GLY_101_A,VAL_103_A,GLY_105_A,GLY_107_A,ASP_126_A"
VAL_103_A,"GLU_80_A,THR_102_A,GLN_104_A"
GLN_104_A,"VAL_103_A,GLY_105_A"
GLY_105_A,"THR_102_A,GLN_104_A,GLY_106_A"
GLY_106_A,"GLY_105_A,GLY_107_A"
GLY_107_A,"ARG_83_A,THR_102_A,GLY_106_A,LEU_108_A"
LEU_108_A,"GLY_107_A,THR_109_A"
THR_109_A,"GLU_85_A,HIS_99_A,LEU_108_A,LYS_110_A,ILE_123_A,ASP_126_A"
LYS_110_A,"GLU_85_A,THR_109_A,VAL_111_A,VAL_129_A"
VAL_111_A,"GLU_85_A,GLY_87_A,LYS_110_A,GLY_112_A,ILE_123_A"
GLY_112_A,"ASN_90_A,VAL_111_A,SER_113_A,VAL_129_A"
SER_113_A,"ASP_88_A,GLY_112_A,ASP_114_A,ASN_131_A,ARG_132_A"
ASP_114_A,"ASP_88_A,ARG_89_A,SER_113_A,ASN_115_A,ARG_132_A"
ASN_115_A,"ASN_90_A,ARG_91_A,ASP_114_A,LEU_116_A,GLY_130_A,CYS_133_A"
LEU_116_A,"ASN_115_A,LEU_117_A,CYS_133_A,LEU_135_A"
LEU_117_A,"ARG_91_A,ARG_93_A,LEU_116_A,MET_118_A,ILE_123_A"
MET_118_A,"LEU_117_A,ILE_119_A,ALA_121_A,ILE_134_A,LEU_135_A"
ILE_119_A,"ARG_93_A,GLU_94_A,MET_118_A,ASN_120_A,ASN_138_A"
ASN_120_A,"ILE_119_A,ALA_121_A,ASN_138_A"
ALA_121_A,"MET_118_A,ASN_120_A,HIS_122_A"
HIS_122_A,"THR_97_A,HIS_99_A,ALA_121_A,ILE_123_A,ALA_139_A,LEU_141_A"
ILE_123_A,"THR_97_A,HIS_99_A,THR_109_A,VAL_111_A,LEU_117_A,HIS_122_A,ALA_124_A,CYS_127_A"
ALA_124_A,"ILE_123_A,HIS_125_A"
HIS_125_A,"ASN_72_A,ASP_74_A,ALA_124_A,ASP_126_A,HIS_144_A"
ASP_126_A,"ASP_74_A,THR_102_A,THR_109_A,HIS_125_A,CYS_127_A,HIS_144_A"
CYS_127_A,"ILE_123_A,ASP_126_A,THR_128_A"
THR_128_A,"CYS_127_A,VAL_129_A,VAL_145_A,VAL_147_A"
VAL_129_A,"LYS_110_A,GLY_112_A,THR_128_A,GLY_130_A,LEU_141_A"
GLY_130_A,"ASN_115_A,VAL_129_A,ASN_131_A,VAL_147_A"
ASN_131_A,"SER_113_A,GLY_130_A,ARG_132_A,ASP_149_A"
ARG_132_A,"ARG_89_A,ARG_91_A,SER_113_A,ASP_114_A,ASN_131_A,CYS_133_A,PHE_150_A"
CYS_133_A,"ASN_115_A,LEU_116_A,ARG_132_A,ILE_134_A"
ILE_134_A,"MET_118_A,CYS_133_A,LEU_135_A,ILE_153_A"
LEU_135_A,"LEU_116_A,MET_118_A,ILE_134_A,ALA_136_A"
ALA_136_A,"LEU_135_A,ASN_137_A,ALA_139_A,ILE_153_A"
ASN_137_A,"ALA_136_A,ASN_138_A,MET_156_A"
ASN_138_A,"ILE_119_A,ASN_120_A,ASN_137_A,ALA_139_A,THR_140_A"
ALA_139_A,"HIS_122_A,ALA_136_A,ASN_138_A,THR_140_A"
THR_140_A,"ASN_138_A,ALA_139_A,LEU_141_A,THR_157_A,VAL_159_A"
LEU_141_A,"HIS_122_A,VAL_129_A,THR_140_A,ALA_142_A,VAL_147_A,VAL_159_A"
ALA_142_A,"LEU_141_A,GLY_143_A,VAL_159_A"
GLY_143_A,"ALA_142_A,HIS_144_A"
HIS_144_A,"ASP_74_A,LYS_76_A,HIS_125_A,ASP_126_A,GLY_143_A,VAL_145_A,PHE_162_A"
VAL_145_A,"THR_128_A,HIS_144_A,SER_146_A,VAL_159_A"
SER_146_A,"VAL_145_A,VAL_147_A,ILE_165_A"
VAL_147_A,"THR_128_A,GLY_130_A,LEU_141_A,SER_146_A,ASP_148_A,ALA_151_A"
ASP_148_A,"VAL_147_A,ASP_149_A,ILE_165_A,ARG_255_A"
ASP_149_A,"ASN_131_A,ASP_148_A,PHE_150_A"
PHE_150_A,"ARG_132_A,ASP_149_A,ALA_151_A"
ALA_151_A,"VAL_147_A,PHE_150_A,ILE_152_A"
ILE_152_A,"ALA_151_A,ILE_153_A,VAL_169_A,MET_170_A,VAL_171_A"
ILE_153_A,"ILE_134_A,ALA_136_A,ILE_152_A,GLY_154_A,THR_157_A"
GLY_154_A,"ILE_153_A,GLY_155_A,VAL_171_A"
GLY_155_A,"GLY_154_A,MET_156_A,CYS_174_A"
MET_156_A,"ASN_137_A,GLY_155_A,THR_157_A"
THR_157_A,"THR_140_A,ILE_153_A,MET_156_A,ALA_158_A,GLY_172_A,SER_175_A"
ALA_158_A,"THR_157_A,VAL_159_A,SER_175_A,VAL_177_A"
VAL_159_A,"THR_140_A,LEU_141_A,ALA_142_A,VAL_145_A,ALA_158_A,HIS_160_A,CYS_163_A"
HIS_160_A,"VAL_159_A,GLN_161_A,VAL_177_A,HIS_191_A,ARG_258_A"
GLN_161_A,"HIS_160_A,PHE_162_A,ARG_258_A"
PHE_162_A,"HIS_144_A,GLN_161_A,CYS_163_A"
CYS_163_A,"VAL_159_A,PHE_162_A,ILE_164_A"
ILE_164_A,"CYS_163_A,ILE_165_A,ASP_180_A,VAL_181_A"
ILE_165_A,"SER_146_A,ASP_148_A,ILE_164_A,GLY_166_A,VAL_169_A,VAL_181_A"
GLY_166_A,"ILE_165_A,ALA_167_A,VAL_181_A"
ALA_167_A,"GLY_166_A,HIS_168_A,TYR_184_A"
HIS_168_A,"ALA_167_A,VAL_169_A,ASN_198_A,ARG_205_A"
VAL_169_A,"ILE_152_A,ILE_165_A,HIS_168_A,MET_170_A,VAL_171_A,VAL_181_A"
MET_170_A,"ILE_152_A,VAL_169_A,VAL_171_A,ALA_187_A"
VAL_171_A,"ILE_152_A,GLY_154_A,VAL_169_A,MET_170_A,GLY_172_A,VAL_177_A"
GLY_172_A,"THR_157_A,VAL_171_A,GLY_173_A,ALA_187_A"
GLY_173_A,"GLY_172_A,CYS_174_A"
CYS_174_A,"GLY_155_A,GLY_173_A,SER_175_A"
SER_175_A,"THR_157_A,ALA_158_A,CYS_174_A,GLY_176_A,GLN_188_A"
GLY_176_A,"SER_175_A,VAL_177_A,GLY_189_A,ALA_192_A"
VAL_177_A,"ALA_158_A,HIS_160_A,VAL_171_A,GLY_176_A,ALA_178_A,VAL_181_A"
ALA_178_A,"VAL_177_A,GLN_179_A,ARG_258_A"
GLN_179_A,"ALA_178_A,ASP_180_A,ARG_258_A"
ASP_180_A,"ILE_164_A,GLN_179_A,VAL_181_A,PHE_252_A,SER_256_A,ARG_258_A,GLY_259_A,ILE_261_A"
VAL_181_A,"ILE_164_A,ILE_165_A,GLY_166_A,VAL_169_A,VAL_177_A,ASP_180_A"
PRO_183_A,TYR_184_A
TYR_184_A,"ALA_167_A,PRO_183_A,VAL_185_A,ASN_198_A,LEU_202_A,ILE_215_A,GLU_245_A,PHE_249_A"
VAL_185_A,"TYR_184_A,ILE_186_A,TYR_219_A"
ILE_186_A,"VAL_185_A,ALA_187_A,PHE_195_A,GLY_196_A"
ALA_187_A,"MET_170_A,GLY_172_A,ILE_186_A,GLN_188_A,ILE_261_A"
GLN_188_A,"SER_175_A,ALA_187_A,GLY_189_A"
GLY_189_A,"GLY_176_A,GLN_188_A,ASN_190_A"
ASN_190_A,"GLY_189_A,HIS_191_A"
HIS_191_A,"HIS_160_A,ASN_190_A,ALA_192_A"
ALA_192_A,"GLY_176_A,HIS_191_A,THR_193_A"
THR_193_A,ALA_192_A
PRO_194_A,"PHE_195_A,TYR_223_A"
PHE_195_A,"ILE_186_A,PRO_194_A,GLY_196_A"
GLY_196_A,"ILE_186_A,PHE_195_A,VAL_197_A,TYR_219_A"
VAL_197_A,"GLY_196_A,ASN_198_A,ILE_199_A,TYR_219_A"
ASN_198_A,"HIS_168_A,TYR_184_A,VAL_197_A,ILE_199_A"
ILE_199_A,"VAL_197_A,ASN_198_A,GLU_200_A,LYS_203_A"
GLU_200_A,"ILE_199_A,GLY_201_A,ARG_204_A"
GLY_201_A,"GLU_200_A,LEU_202_A,ARG_205_A"
LEU_202_A,"TYR_184_A,GLY_201_A,LYS_203_A,PHE_207_A"
LYS_203_A,"ILE_199_A,LEU_202_A,ARG_204_A"
ARG_204_A,"GLU_200_A,LYS_203_A,ARG_205_A"
ARG_205_A,"HIS_168_A,GLY_201_A,ARG_204_A,GLY_206_A"
GLY_206_A,"ARG_205_A,PHE_207_A"
PHE_207_A,"LEU_202_A,GLY_206_A,SER_208_A,ILE_212_A"
SER_208_A,"PHE_207_A,ARG_209_A,ALA_211_A,ILE_212_A"
ARG_209_A,"SER_208_A,GLU_210_A"
GLU_210_A,"ARG_209_A,ALA_211_A,ALA_214_A"
ALA_211_A,"SER_208_A,GLU_210_A,ILE_212_A,ILE_215_A"
ILE_212_A,"PHE_207_A,SER_208_A,ALA_211_A,THR_213_A,ARG_216_A"
THR_213_A,"ILE_212_A,ALA_214_A,ASN_217_A"
ALA_214_A,"GLU_210_A,THR_213_A,ILE_215_A,ALA_218_A,TYR_243_A"
ILE_215_A,"TYR_184_A,ALA_211_A,ALA_214_A,ARG_216_A,TYR_219_A"
ARG_216_A,"ILE_212_A,ILE_215_A,ASN_217_A,LYS_220_A"
ASN_217_A,"THR_213_A,ARG_216_A,ALA_218_A"
ALA_218_A,"ALA_214_A,ASN_217_A,TYR_219_A,PHE_249_A"
TYR_219_A,"VAL_185_A,GLY_196_A,VAL_197_A,ILE_215_A,ALA_218_A,LYS_220_A,TYR_223_A"
LYS_220_A,"ARG_216_A,TYR_219_A,LEU_221_A,ARG_224_A,SER_225_A"
LEU_221_A,"LYS_220_A,ILE_222_A,SER_225_A"
ILE_222_A,"LEU_221_A,TYR_223_A,ILE_236_A"
TYR_223_A,"PRO_194_A,TYR_219_A,ILE_222_A,ARG_224_A,ILE_261_A"
ARG_224_A,"LYS_220_A,TYR_223_A,SER_225_A,GLY_226_A"
SER_225_A,"LYS_220_A,LEU_221_A,ARG_224_A,GLY_226_A,LYS_227_A"
GLY_226_A,"ARG_224_A,SER_225_A,LYS_227_A"
LYS_227_A,"SER_225_A,GLY_226_A,THR_228_A,VAL_232_A,GLU_235_A"
THR_228_A,"LYS_227_A,LEU_229_A,GLU_231_A"
LEU_229_A,"THR_228_A,ASP_230_A,PHE_253_A"
ASP_230_A,"LEU_229_A,GLU_231_A,LYS_233_A"
GLU_231_A,"THR_228_A,ASP_230_A,VAL_232_A"
VAL_232_A,"LYS_227_A,GLU_231_A,LYS_233_A,GLU_235_A,ILE_236_A"
LYS_233_A,"ASP_230_A,VAL_232_A,ALA_237_A,PHE_253_A"
PRO_234_A,"GLU_235_A,GLU_238_A"
GLU_235_A,"LYS_227_A,VAL_232_A,PRO_234_A,ILE_236_A"
ILE_236_A,"ILE_222_A,VAL_232_A,GLU_235_A,ALA_237_A,ALA_240_A,VAL_246_A,PHE_249_A"
ALA_237_A,"LYS_233_A,ILE_236_A,GLU_238_A"
GLU_238_A,"PRO_234_A,ALA_237_A,LEU_239_A,GLU_241_A"
LEU_239_A,"GLU_238_A,ALA_240_A"
ALA_240_A,"ILE_236_A,LEU_239_A,GLU_241_A,LYS_247_A"
GLU_241_A,"GLU_238_A,ALA_240_A,THR_242_A"
THR_242_A,"GLU_241_A,TYR_243_A"
TYR_243_A,"ALA_214_A,THR_242_A,VAL_246_A"
PRO_244_A,GLU_245_A
GLU_245_A,"TYR_184_A,PRO_244_A,VAL_246_A"
VAL_246_A,"ILE_236_A,TYR_243_A,GLU_245_A,LYS_247_A,PHE_249_A"
LYS_247_A,"ALA_240_A,VAL_246_A,ALA_248_A,ASP_251_A"
ALA_248_A,"LYS_247_A,PHE_249_A"
PHE_249_A,"TYR_184_A,ALA_218_A,ILE_236_A,VAL_246_A,ALA_248_A,THR_250_A,PHE_253_A"
THR_250_A,"PHE_249_A,ASP_251_A"
ASP_251_A,"LYS_247_A,THR_250_A,PHE_252_A"
PHE_252_A,"ASP_180_A,ASP_251_A,PHE_253_A,LEU_260_A"
PHE_253_A,"LEU_229_A,LYS_233_A,PHE_249_A,PHE_252_A,ALA_254_A"
ALA_254_A,"PHE_253_A,ARG_255_A"
ARG_255_A,"ASP_148_A,ALA_254_A,SER_256_A"
SER_256_A,"ASP_180_A,ARG_255_A,THR_257_A"
THR_257_A,"SER_256_A,ARG_258_A"
ARG_258_A,"HIS_160_A,GLN_161_A,ALA_178_A,GLN_179_A,ASP_180_A,THR_257_A,GLY_259_A"
GLY_259_A,"ASP_180_A,ARG_258_A,LEU_260_A"
LEU_260_A,"PHE_252_A,GLY_259_A,ILE_261_A"
ILE_261_A,"ASP_180_A,ALA_187_A,TYR_223_A,LEU_260_A,ARG_262_A"
ARG_262_A,ILE_261_A
