residue_id,neighbors
GLN_10_A,"LYS_11_A,GLY_37_A"
LYS_11_A,"GLN_10_A,HIS_12_A,LYS_39_A,SER_262_A,ASP_263_A"
HIS_12_A,"LYS_11_A,PHE_13_A,LYS_39_A,THR_41_A,GLU_79_A,VAL_82_A"
PHE_13_A,"HIS_12_A,VAL_14_A,HIS_38_A,THR_41_A,VAL_82_A,LEU_258_A"
VAL_14_A,"PHE_13_A,LEU_15_A,LEU_68_A,VAL_82_A,LEU_83_A"
LEU_15_A,"VAL_14_A,VAL_16_A,TRP_26_A,VAL_40_A,THR_41_A"
VAL_16_A,"LEU_15_A,HIS_17_A,LEU_68_A,LEU_84_A"
HIS_17_A,"VAL_16_A,GLY_18_A,ILE_25_A,ASP_44_A,HIS_86_A"
GLY_18_A,"HIS_17_A,GLY_19_A,HIS_86_A"
GLY_19_A,"GLY_18_A,CYS_20_A,LEU_21_A"
CYS_20_A,"GLY_19_A,LEU_21_A,LEU_157_A,THR_182_A"
LEU_21_A,"GLY_19_A,CYS_20_A,GLY_22_A,TRP_24_A,MET_166_A"
GLY_22_A,"LEU_21_A,ALA_23_A,TRP_24_A"
ALA_23_A,"GLY_22_A,TRP_24_A,ASP_44_A"
TRP_24_A,"LEU_21_A,GLY_22_A,ALA_23_A,ILE_25_A,ALA_178_A,LEU_181_A"
ILE_25_A,"HIS_17_A,TRP_24_A,TRP_26_A,MET_245_A,MET_247_A"
TRP_26_A,"LEU_15_A,ILE_25_A,TYR_27_A,LYS_30_A,MET_247_A"
TYR_27_A,"TRP_26_A,LYS_28_A,ASP_174_A,LEU_177_A,LEU_248_A"
LYS_28_A,"TYR_27_A,LEU_29_A,ASP_174_A"
LEU_29_A,"LYS_28_A,LYS_30_A,CYS_255_A"
LYS_30_A,"TRP_26_A,LEU_29_A,GLU_34_A,VAL_40_A"
PRO_31_A,"LEU_32_A,GLU_34_A,SER_35_A"
LEU_32_A,"PRO_31_A,LEU_33_A"
LEU_33_A,"LEU_32_A,GLU_34_A,VAL_40_A"
GLU_34_A,"LYS_30_A,PRO_31_A,LEU_33_A,SER_35_A,GLY_37_A"
SER_35_A,"PRO_31_A,GLU_34_A,ALA_36_A"
ALA_36_A,"SER_35_A,GLY_37_A"
GLY_37_A,"GLN_10_A,GLU_34_A,ALA_36_A,HIS_38_A"
HIS_38_A,"PHE_13_A,GLY_37_A,LYS_39_A,ASP_263_A"
LYS_39_A,"LYS_11_A,HIS_12_A,HIS_38_A,VAL_40_A,GLU_79_A"
VAL_40_A,"LEU_15_A,LYS_30_A,LEU_33_A,LYS_39_A,THR_41_A"
THR_41_A,"HIS_12_A,PHE_13_A,LEU_15_A,VAL_40_A,ALA_42_A"
ALA_42_A,"THR_41_A,VAL_43_A"
VAL_43_A,"ALA_42_A,ASP_44_A,PRO_67_A"
ASP_44_A,"HIS_17_A,ALA_23_A,VAL_43_A,LEU_45_A"
LEU_45_A,"ASP_44_A,SER_46_A,TYR_64_A"
SER_46_A,"LEU_45_A,ALA_47_A"
ALA_47_A,"SER_46_A,ALA_48_A,ILE_58_A"
ALA_48_A,"ALA_47_A,GLY_49_A,ASN_51_A"
GLY_49_A,"ALA_48_A,ILE_50_A,ARG_183_A"
ILE_50_A,"GLY_49_A,ASN_51_A"
ASN_51_A,"ALA_48_A,ILE_50_A,ARG_53_A,ARG_183_A"
PRO_52_A,ARG_53_A
ARG_53_A,"ASN_51_A,PRO_52_A,ARG_54_A,GLU_57_A,GLU_70_A,ARG_183_A"
ARG_54_A,"ARG_53_A,LEU_55_A,ASP_56_A,GLU_57_A"
LEU_55_A,"ARG_54_A,ASP_56_A,GLU_57_A,ILE_58_A,PRO_184_A"
ASP_56_A,"ARG_54_A,LEU_55_A,GLU_57_A,HIS_59_A"
GLU_57_A,"ARG_53_A,ARG_54_A,LEU_55_A,ASP_56_A,ILE_58_A"
ILE_58_A,"ALA_47_A,LEU_55_A,GLU_57_A,HIS_59_A,TYR_145_A,PHE_188_A"
HIS_59_A,"ASP_56_A,ILE_58_A,THR_60_A,TYR_145_A"
THR_60_A,"HIS_59_A,PHE_61_A"
PHE_61_A,"THR_60_A,ARG_62_A,SER_65_A,MET_91_A,ASP_191_A,LEU_192_A"
ARG_62_A,"PHE_61_A,ASP_63_A,GLU_66_A,LEU_95_A"
ASP_63_A,"ARG_62_A,TYR_64_A,GLU_66_A"
TYR_64_A,"LEU_45_A,ASP_63_A,SER_65_A,PHE_188_A"
SER_65_A,"PHE_61_A,TYR_64_A,GLU_66_A"
GLU_66_A,"ARG_62_A,ASP_63_A,SER_65_A,GLU_70_A"
PRO_67_A,"VAL_43_A,LEU_68_A"
LEU_68_A,"VAL_14_A,VAL_16_A,PRO_67_A,MET_69_A"
MET_69_A,"LEU_68_A,GLU_70_A,ALA_96_A"
GLU_70_A,"ARG_53_A,GLU_66_A,MET_69_A,VAL_71_A"
VAL_71_A,"GLU_70_A,MET_72_A,SER_74_A"
MET_72_A,"VAL_71_A,ALA_73_A,TYR_100_A,ILE_104_A"
ALA_73_A,"MET_72_A,SER_74_A"
SER_74_A,"VAL_71_A,ALA_73_A,ILE_75_A"
ILE_75_A,"SER_74_A,GLU_79_A,VAL_81_A"
PRO_76_A,"GLU_79_A,LYS_103_A"
PRO_77_A,ASP_78_A
ASP_78_A,"PRO_77_A,GLU_79_A"
GLU_79_A,"HIS_12_A,LYS_39_A,ILE_75_A,PRO_76_A,ASP_78_A,LYS_80_A,LYS_103_A"
LYS_80_A,"GLU_79_A,VAL_81_A"
VAL_81_A,"ILE_75_A,LYS_80_A,VAL_82_A,LYS_103_A"
VAL_82_A,"HIS_12_A,PHE_13_A,VAL_14_A,VAL_81_A,LEU_83_A,VAL_106_A"
LEU_83_A,"VAL_14_A,VAL_82_A,LEU_84_A,VAL_108_A"
LEU_84_A,"VAL_16_A,LEU_83_A,GLY_85_A,VAL_108_A,MET_110_A,VAL_254_A,LEU_258_A"
GLY_85_A,"LEU_84_A,HIS_86_A,VAL_108_A,MET_110_A"
HIS_86_A,"HIS_17_A,GLY_18_A,GLY_85_A,SER_87_A,GLY_89_A"
SER_87_A,"HIS_86_A,PHE_88_A,GLY_89_A,SER_111_A"
PHE_88_A,"SER_87_A,GLY_89_A,PHE_125_A"
GLY_89_A,"HIS_86_A,SER_87_A,PHE_88_A,GLY_90_A,SER_92_A,LEU_93_A"
GLY_90_A,"GLY_89_A,MET_91_A,GLY_94_A"
MET_91_A,"PHE_61_A,GLY_90_A,SER_92_A,MET_113_A"
SER_92_A,"GLY_89_A,MET_91_A,LEU_93_A,ALA_96_A"
LEU_93_A,"GLY_89_A,SER_92_A,GLY_94_A,ALA_96_A,MET_97_A"
GLY_94_A,"GLY_90_A,LEU_93_A,LEU_95_A,GLU_98_A"
LEU_95_A,"ARG_62_A,GLY_94_A,ALA_96_A,THR_99_A"
ALA_96_A,"MET_69_A,SER_92_A,LEU_93_A,LEU_95_A,MET_97_A,TYR_100_A"
MET_97_A,"LEU_93_A,ALA_96_A,GLU_98_A,ILE_104_A,TYR_203_A"
GLU_98_A,"GLY_94_A,MET_97_A,THR_99_A,PHE_198_A,SER_199_A,ARG_202_A"
THR_99_A,"LEU_95_A,GLU_98_A,TYR_100_A"
TYR_100_A,"MET_72_A,ALA_96_A,THR_99_A"
PRO_101_A,"GLU_102_A,VAL_206_A"
GLU_102_A,"PRO_101_A,LYS_103_A,ARG_202_A"
LYS_103_A,"PRO_76_A,GLU_79_A,VAL_81_A,GLU_102_A,ILE_104_A"
ILE_104_A,"MET_72_A,MET_97_A,LYS_103_A,SER_105_A"
SER_105_A,"ILE_104_A,VAL_106_A"
VAL_106_A,"VAL_82_A,SER_105_A,ALA_107_A"
ALA_107_A,"VAL_106_A,VAL_108_A,ALA_209_A"
VAL_108_A,"LEU_83_A,LEU_84_A,GLY_85_A,ALA_107_A,PHE_109_A,ILE_211_A"
PHE_109_A,"VAL_108_A,MET_110_A,MET_114_A,ILE_211_A"
MET_110_A,"LEU_84_A,GLY_85_A,PHE_109_A,SER_111_A,ALA_112_A"
SER_111_A,"SER_87_A,MET_110_A,ALA_112_A,ASP_216_A"
ALA_112_A,"MET_110_A,SER_111_A,MET_113_A,TYR_210_A"
MET_113_A,"MET_91_A,ALA_112_A,MET_114_A,PHE_125_A,PHE_227_A"
MET_114_A,"PHE_109_A,MET_113_A,ARG_208_A,ALA_233_A"
PRO_115_A,"ASP_116_A,PHE_198_A,TYR_203_A"
ASP_116_A,"PRO_115_A,HIS_119_A,VAL_231_A"
PRO_117_A,"ASN_118_A,THR_200_A"
ASN_118_A,"PRO_117_A,HIS_119_A"
HIS_119_A,"ASP_116_A,ASN_118_A,SER_120_A,TYR_123_A"
SER_120_A,"HIS_119_A,LEU_121_A,THR_122_A"
LEU_121_A,"SER_120_A,THR_122_A,ALA_195_A,PHE_198_A"
THR_122_A,"SER_120_A,LEU_121_A,TYR_123_A,PHE_125_A,LEU_192_A,ALA_193_A"
TYR_123_A,"HIS_119_A,THR_122_A,LYS_127_A,TRP_226_A"
PRO_124_A,"PHE_125_A,TYR_128_A,PHE_227_A"
PHE_125_A,"PHE_88_A,MET_113_A,THR_122_A,PRO_124_A,GLU_126_A"
GLU_126_A,"PHE_125_A,LYS_127_A"
LYS_127_A,"TYR_123_A,GLU_126_A,TYR_128_A,GLU_130_A,LYS_131_A,TRP_226_A"
TYR_128_A,"PRO_124_A,LYS_127_A,ASN_129_A,CYS_132_A,PHE_223_A"
ASN_129_A,"TYR_128_A,GLU_130_A"
GLU_130_A,"LYS_127_A,ASN_129_A,LYS_131_A"
LYS_131_A,"LYS_127_A,GLU_130_A,CYS_132_A,PHE_223_A"
CYS_132_A,"TYR_128_A,LYS_131_A"
PRO_133_A,ALA_134_A
ALA_134_A,"PRO_133_A,ASP_135_A"
ASP_135_A,"ALA_134_A,MET_136_A,LYS_165_A"
MET_136_A,"ASP_135_A,MET_137_A,LYS_165_A"
MET_137_A,"MET_136_A,LEU_138_A,SER_140_A,PHE_161_A"
LEU_138_A,"MET_137_A,ASP_139_A"
ASP_139_A,"LEU_138_A,SER_140_A,GLN_160_A,PHE_161_A"
SER_140_A,"MET_137_A,ASP_139_A,GLN_141_A"
GLN_141_A,"SER_140_A,PHE_142_A,ILE_156_A"
PHE_142_A,"GLN_141_A,SER_143_A,MET_155_A"
SER_143_A,"PHE_142_A,THR_144_A,SER_154_A"
THR_144_A,"SER_143_A,TYR_145_A"
TYR_145_A,"ILE_58_A,HIS_59_A,THR_144_A,GLY_146_A,GLY_152_A"
GLY_146_A,"TYR_145_A,ASN_147_A"
ASN_147_A,"GLY_146_A,GLU_149_A"
PRO_148_A,GLU_149_A
GLU_149_A,"ASN_147_A,PRO_148_A,ASN_150_A"
ASN_150_A,GLU_149_A
PRO_151_A,GLY_152_A
GLY_152_A,"TYR_145_A,PRO_151_A,MET_153_A"
MET_153_A,"GLY_152_A,SER_154_A,SER_186_A"
SER_154_A,"SER_143_A,MET_153_A,MET_155_A"
MET_155_A,"PHE_142_A,SER_154_A,ILE_156_A,GLY_185_A"
ILE_156_A,"GLN_141_A,MET_155_A,LEU_157_A,PRO_184_A"
LEU_157_A,"CYS_20_A,ILE_156_A,GLY_158_A,MET_166_A"
GLY_158_A,LEU_157_A
PRO_159_A,GLN_160_A
GLN_160_A,"ASP_139_A,PRO_159_A,PHE_161_A,LEU_164_A"
PHE_161_A,"MET_137_A,ASP_139_A,GLN_160_A,MET_162_A,LYS_165_A,MET_166_A"
MET_162_A,"PHE_161_A,ALA_163_A,PHE_167_A,LEU_175_A,ALA_178_A,LYS_179_A"
ALA_163_A,"MET_162_A,LEU_164_A"
LEU_164_A,"GLN_160_A,ALA_163_A,LYS_165_A"
LYS_165_A,"ASP_135_A,MET_136_A,PHE_161_A,LEU_164_A,MET_166_A"
MET_166_A,"LEU_21_A,LEU_157_A,PHE_161_A,LYS_165_A,PHE_167_A"
PHE_167_A,"MET_162_A,MET_166_A,GLN_168_A,CYS_170_A,ALA_178_A,MET_245_A,LEU_248_A"
GLN_168_A,"PHE_167_A,ASN_169_A,GLU_215_A"
ASN_169_A,"GLN_168_A,CYS_170_A,GLU_215_A,GLU_241_A,ASP_243_A"
CYS_170_A,"PHE_167_A,ASN_169_A,SER_171_A"
SER_171_A,"CYS_170_A,VAL_172_A,ASP_174_A"
VAL_172_A,"SER_171_A,GLU_173_A,GLU_176_A"
GLU_173_A,"VAL_172_A,ASP_174_A,LEU_177_A"
ASP_174_A,"TYR_27_A,LYS_28_A,SER_171_A,GLU_173_A,LEU_175_A"
LEU_175_A,"MET_162_A,ASP_174_A,GLU_176_A"
GLU_176_A,"VAL_172_A,LEU_175_A,LEU_177_A,LYS_179_A"
LEU_177_A,"TYR_27_A,GLU_173_A,GLU_176_A,ALA_178_A,LEU_181_A"
ALA_178_A,"TRP_24_A,MET_162_A,PHE_167_A,LEU_177_A,LYS_179_A,THR_182_A"
LYS_179_A,"MET_162_A,GLU_176_A,ALA_178_A,MET_180_A"
MET_180_A,"LYS_179_A,LEU_181_A"
LEU_181_A,"TRP_24_A,LEU_177_A,MET_180_A,THR_182_A"
THR_182_A,"CYS_20_A,ALA_178_A,LEU_181_A,ARG_183_A"
ARG_183_A,"GLY_49_A,ASN_51_A,ARG_53_A,THR_182_A"
PRO_184_A,"LEU_55_A,ILE_156_A,GLY_185_A"
GLY_185_A,"MET_155_A,PRO_184_A,SER_186_A"
SER_186_A,"MET_153_A,GLY_185_A,LEU_187_A"
LEU_187_A,"SER_186_A,PHE_188_A"
PHE_188_A,"ILE_58_A,TYR_64_A,LEU_187_A,PHE_189_A,ASP_191_A,LEU_192_A"
PHE_189_A,"PHE_188_A,GLN_190_A,ALA_193_A"
GLN_190_A,"PHE_189_A,ASP_191_A"
ASP_191_A,"PHE_61_A,PHE_188_A,GLN_190_A,LEU_192_A,LYS_194_A"
LEU_192_A,"PHE_61_A,THR_122_A,PHE_188_A,ASP_191_A,ALA_193_A"
ALA_193_A,"THR_122_A,PHE_189_A,LEU_192_A,LYS_194_A"
LYS_194_A,"ASP_191_A,ALA_193_A,ALA_195_A"
ALA_195_A,"LEU_121_A,LYS_194_A,LYS_196_A"
LYS_196_A,"ALA_195_A,LYS_197_A"
LYS_197_A,"LYS_196_A,PHE_198_A"
PHE_198_A,"GLU_98_A,PRO_115_A,LEU_121_A,LYS_197_A,SER_199_A,TYR_203_A"
SER_199_A,"GLU_98_A,PHE_198_A,THR_200_A"
THR_200_A,"PRO_117_A,SER_199_A,GLU_201_A"
GLU_201_A,"THR_200_A,ARG_202_A"
ARG_202_A,"GLU_98_A,GLU_102_A,GLU_201_A,TYR_203_A,GLY_204_A,SER_205_A"
TYR_203_A,"MET_97_A,PRO_115_A,PHE_198_A,ARG_202_A,GLY_204_A"
GLY_204_A,"ARG_202_A,TYR_203_A,SER_205_A"
SER_205_A,"ARG_202_A,GLY_204_A,VAL_206_A"
VAL_206_A,"PRO_101_A,SER_205_A,LYS_207_A"
LYS_207_A,"VAL_206_A,ARG_208_A,ASP_234_A,LYS_235_A"
ARG_208_A,"MET_114_A,LYS_207_A,ALA_209_A,VAL_231_A,ASP_234_A"
ALA_209_A,"ALA_107_A,ARG_208_A,TYR_210_A,ILE_261_A"
TYR_210_A,"ALA_112_A,ALA_209_A,ILE_211_A,PHE_212_A"
ILE_211_A,"VAL_108_A,PHE_109_A,TYR_210_A,PHE_212_A,ILE_239_A"
PHE_212_A,"TYR_210_A,ILE_211_A,CYS_213_A,VAL_228_A,VAL_236_A,LYS_237_A,ILE_239_A"
CYS_213_A,"PHE_212_A,ASN_214_A,GLU_215_A,GLN_224_A,ALA_242_A"
ASN_214_A,"CYS_213_A,GLU_215_A"
GLU_215_A,"GLN_168_A,ASN_169_A,CYS_213_A,ASN_214_A,ASP_216_A,GLU_241_A,ALA_242_A"
ASP_216_A,"SER_111_A,GLU_215_A,LYS_217_A,SER_218_A,PHE_219_A"
LYS_217_A,"ASP_216_A,SER_218_A"
SER_218_A,"ASP_216_A,LYS_217_A,PHE_219_A"
PHE_219_A,"ASP_216_A,SER_218_A,PHE_223_A,GLN_224_A"
PRO_220_A,"VAL_221_A,PHE_223_A"
VAL_221_A,"PRO_220_A,GLU_222_A,LYS_225_A"
GLU_222_A,"VAL_221_A,PHE_223_A"
PHE_223_A,"TYR_128_A,LYS_131_A,PHE_219_A,PRO_220_A,GLU_222_A,GLN_224_A,PHE_227_A"
GLN_224_A,"CYS_213_A,PHE_219_A,PHE_223_A,LYS_225_A"
LYS_225_A,"VAL_221_A,GLN_224_A,TRP_226_A,GLU_238_A"
TRP_226_A,"TYR_123_A,LYS_127_A,LYS_225_A,PHE_227_A,SER_230_A"
PHE_227_A,"MET_113_A,PRO_124_A,PHE_223_A,TRP_226_A,VAL_228_A,VAL_231_A"
VAL_228_A,"PHE_212_A,PHE_227_A,GLU_229_A,GLY_232_A"
GLU_229_A,"VAL_228_A,SER_230_A"
SER_230_A,"TRP_226_A,GLU_229_A,VAL_231_A"
VAL_231_A,"ASP_116_A,ARG_208_A,PHE_227_A,SER_230_A,GLY_232_A"
GLY_232_A,"VAL_228_A,VAL_231_A,ALA_233_A"
ALA_233_A,"MET_114_A,GLY_232_A,ASP_234_A"
ASP_234_A,"LYS_207_A,ARG_208_A,ALA_233_A,LYS_235_A"
LYS_235_A,"LYS_207_A,ASP_234_A,VAL_236_A"
VAL_236_A,"PHE_212_A,LYS_235_A,LYS_237_A"
LYS_237_A,"PHE_212_A,VAL_236_A,GLU_238_A,ASP_260_A"
GLU_238_A,"LYS_225_A,LYS_237_A,ILE_239_A,LYS_240_A"
ILE_239_A,"ILE_211_A,PHE_212_A,GLU_238_A,LYS_240_A,GLU_241_A,ALA_242_A,GLN_250_A"
LYS_240_A,"GLU_238_A,ILE_239_A,GLU_241_A"
GLU_241_A,"ASN_169_A,GLU_215_A,ILE_239_A,LYS_240_A,ALA_242_A"
ALA_242_A,"CYS_213_A,GLU_215_A,ILE_239_A,GLU_241_A,ASP_243_A"
ASP_243_A,"ASN_169_A,ALA_242_A,ALA_244_A,MET_245_A,SER_249_A"
ALA_244_A,"ASP_243_A,MET_245_A"
MET_245_A,"ILE_25_A,PHE_167_A,ASP_243_A,ALA_244_A,GLY_246_A,LEU_248_A,SER_249_A"
GLY_246_A,"MET_245_A,MET_247_A,GLN_250_A"
MET_247_A,"ILE_25_A,TRP_26_A,GLY_246_A,LEU_248_A"
LEU_248_A,"TYR_27_A,PHE_167_A,MET_245_A,MET_247_A,SER_249_A"
SER_249_A,"ASP_243_A,MET_245_A,LEU_248_A,GLN_250_A"
GLN_250_A,"ILE_239_A,GLY_246_A,SER_249_A"
PRO_251_A,ARG_252_A
ARG_252_A,"PRO_251_A,GLU_253_A"
GLU_253_A,"ARG_252_A,VAL_254_A,LYS_256_A,CYS_257_A"
VAL_254_A,"LEU_84_A,GLU_253_A,CYS_255_A"
CYS_255_A,"LEU_29_A,VAL_254_A,LYS_256_A"
LYS_256_A,"GLU_253_A,CYS_255_A,CYS_257_A"
CYS_257_A,"GLU_253_A,LYS_256_A,LEU_258_A,ILE_261_A"
LEU_258_A,"PHE_13_A,LEU_84_A,CYS_257_A,LEU_259_A,SER_262_A"
LEU_259_A,"LEU_258_A,ASP_260_A,ASP_263_A"
ASP_260_A,"LYS_237_A,LEU_259_A,ILE_261_A"
ILE_261_A,"ALA_209_A,CYS_257_A,ASP_260_A,SER_262_A"
SER_262_A,"LYS_11_A,LEU_258_A,ILE_261_A,ASP_263_A"
ASP_263_A,"LYS_11_A,HIS_38_A,LEU_259_A,SER_262_A"
