residue_id,neighbors
ILE_158_C,ALA_159_C
ALA_159_C,"ILE_158_C,VAL_160_C"
VAL_160_C,"ALA_159_C,SER_161_C"
SER_161_C,"VAL_160_C,ASP_162_C"
ASP_162_C,"SER_161_C,THR_163_C,HIS_166_C"
THR_163_C,"ASP_162_C,ARG_164_C"
ARG_164_C,"THR_163_C,PHE_165_C"
PHE_165_C,"ARG_164_C,HIS_166_C,LEU_248_C"
HIS_166_C,"ASP_162_C,PHE_165_C,SER_167_C,PHE_168_C,LEU_249_C"
SER_167_C,"HIS_166_C,PHE_168_C"
PHE_168_C,"HIS_166_C,SER_167_C,SER_169_C,VAL_205_C,PHE_251_C"
SER_169_C,"PHE_168_C,PHE_170_C"
PHE_170_C,"SER_169_C,TYR_171_C,LYS_174_C,ASP_254_C"
TYR_171_C,"PHE_170_C,GLU_172_C,ASN_175_C"
GLU_172_C,"TYR_171_C,LEU_173_C,VAL_176_C"
LEU_173_C,"GLU_172_C,LYS_174_C,THR_177_C,CYS_259_C"
LYS_174_C,"PHE_170_C,LEU_173_C,ASN_175_C,ASN_179_C"
ASN_175_C,"TYR_171_C,LYS_174_C,VAL_176_C"
VAL_176_C,"GLU_172_C,ASN_175_C,THR_177_C"
THR_177_C,"LEU_173_C,VAL_176_C,ASN_178_C,PHE_180_C"
ASN_178_C,"THR_177_C,ASN_179_C"
ASN_179_C,"LYS_174_C,ASN_178_C,PHE_180_C"
PHE_180_C,"THR_177_C,ASN_179_C,ASP_181_C,TYR_201_C"
ASP_181_C,"PHE_180_C,GLU_182_C,ARG_183_C"
GLU_182_C,"ASP_181_C,ARG_183_C,LYS_191_C,TYR_201_C,LYS_214_C"
ARG_183_C,"ASP_181_C,GLU_182_C"
PRO_184_C,"ILE_185_C,GLY_189_C"
ILE_185_C,"PRO_184_C,SER_186_C,VAL_187_C"
SER_186_C,"ILE_185_C,VAL_187_C"
VAL_187_C,"ILE_185_C,SER_186_C,GLY_188_C"
GLY_188_C,"VAL_187_C,GLY_189_C"
GLY_189_C,"PRO_184_C,GLY_188_C,ASN_190_C"
ASN_190_C,"GLY_189_C,LYS_191_C,LYS_202_C"
LYS_191_C,"GLU_182_C,ASN_190_C,MET_192_C,GLU_194_C"
MET_192_C,"LYS_191_C,GLY_193_C,VAL_200_C"
GLY_193_C,"MET_192_C,GLU_194_C,VAL_200_C"
GLU_194_C,"LYS_191_C,GLY_193_C,GLY_195_C"
GLY_195_C,"GLU_194_C,GLY_196_C"
GLY_196_C,"GLY_195_C,PHE_197_C"
PHE_197_C,"GLY_196_C,GLY_198_C"
GLY_198_C,"PHE_197_C,VAL_199_C"
VAL_199_C,"GLY_198_C,VAL_200_C,TYR_201_C,LYS_214_C"
VAL_200_C,"MET_192_C,GLY_193_C,VAL_199_C,TYR_201_C"
TYR_201_C,"PHE_180_C,GLU_182_C,VAL_199_C,VAL_200_C,LYS_202_C,VAL_212_C"
LYS_202_C,"ASN_190_C,TYR_201_C,GLY_203_C"
GLY_203_C,"LYS_202_C,TYR_204_C,VAL_210_C"
TYR_204_C,"GLY_203_C,VAL_205_C"
VAL_205_C,"PHE_168_C,TYR_204_C,ASN_206_C,THR_208_C"
ASN_206_C,"VAL_205_C,ASN_207_C"
ASN_207_C,"ASN_206_C,THR_208_C"
THR_208_C,"VAL_205_C,ASN_207_C,THR_209_C"
THR_209_C,"THR_208_C,VAL_210_C,TYR_264_C"
VAL_210_C,"GLY_203_C,THR_209_C,ALA_211_C,LEU_249_C"
ALA_211_C,"VAL_210_C,VAL_212_C,TYR_262_C"
VAL_212_C,"TYR_201_C,ALA_211_C,LYS_213_C"
LYS_213_C,"VAL_212_C,LYS_214_C,LEU_215_C,GLU_233_C,LEU_260_C,ASP_329_C"
LYS_214_C,"GLU_182_C,VAL_199_C,LYS_213_C,LEU_215_C,ASP_257_C"
LEU_215_C,"LYS_213_C,LYS_214_C,ALA_216_C,PHE_230_C,LEU_258_C"
ALA_216_C,"LEU_215_C,ALA_217_C,MET_218_C"
ALA_217_C,"ALA_216_C,MET_218_C,ILE_221_C"
MET_218_C,"ALA_216_C,ALA_217_C,VAL_219_C"
VAL_219_C,"MET_218_C,ASP_220_C"
ASP_220_C,"VAL_219_C,ILE_221_C"
ILE_221_C,"ALA_217_C,ASP_220_C,THR_222_C,GLU_225_C"
THR_222_C,"ILE_221_C,THR_223_C,GLU_225_C"
THR_223_C,"THR_222_C,GLU_224_C"
GLU_224_C,"THR_223_C,GLU_225_C"
GLU_225_C,"ILE_221_C,THR_222_C,GLU_224_C,LEU_226_C,GLN_229_C,ARG_347_C"
LEU_226_C,"GLU_225_C,LYS_227_C,PHE_230_C"
LYS_227_C,"LEU_226_C,GLN_228_C,ASP_231_C"
GLN_228_C,"LYS_227_C,GLN_229_C,GLN_232_C"
GLN_229_C,"GLU_225_C,GLN_228_C,PHE_230_C,GLU_233_C"
PHE_230_C,"LEU_215_C,LEU_226_C,GLN_229_C,ASP_231_C,ILE_234_C,LEU_258_C,LEU_260_C"
ASP_231_C,"LYS_227_C,PHE_230_C,GLN_232_C"
GLN_232_C,"GLN_228_C,ASP_231_C,GLU_233_C,VAL_236_C,ALA_333_C"
GLU_233_C,"LYS_213_C,GLN_229_C,GLN_232_C,ILE_234_C,MET_237_C,TYR_262_C,ASP_329_C,PHE_330_C"
ILE_234_C,"PHE_230_C,GLU_233_C,LYS_235_C,ALA_238_C,PHE_251_C"
LYS_235_C,"ILE_234_C,VAL_236_C"
VAL_236_C,"GLN_232_C,LYS_235_C,MET_237_C,CYS_240_C,PHE_330_C"
MET_237_C,"GLU_233_C,VAL_236_C,ALA_238_C,PHE_330_C"
ALA_238_C,"ILE_234_C,MET_237_C,LYS_239_C"
LYS_239_C,"ALA_238_C,CYS_240_C,HIS_307_C"
CYS_240_C,"VAL_236_C,LYS_239_C,GLN_241_C,LEU_245_C"
GLN_241_C,"CYS_240_C,HIS_242_C"
HIS_242_C,"GLN_241_C,GLU_243_C,PHE_301_C"
GLU_243_C,"HIS_242_C,ASN_244_C,LYS_326_C"
ASN_244_C,"GLU_243_C,LEU_245_C,ALA_325_C,ILE_327_C"
LEU_245_C,"CYS_240_C,ASN_244_C,VAL_246_C,ILE_327_C"
VAL_246_C,"LEU_245_C,GLU_247_C,ILE_327_C"
GLU_247_C,"VAL_246_C,LEU_248_C,LYS_326_C"
LEU_248_C,"PHE_165_C,GLU_247_C,LEU_249_C,TYR_262_C"
LEU_249_C,"HIS_166_C,VAL_210_C,LEU_248_C,GLY_250_C,VAL_261_C"
GLY_250_C,"LEU_249_C,PHE_251_C,VAL_261_C"
PHE_251_C,"PHE_168_C,ILE_234_C,GLY_250_C,SER_252_C"
SER_252_C,"PHE_251_C,SER_253_C,CYS_259_C"
SER_253_C,"SER_252_C,ASP_254_C"
ASP_254_C,"PHE_170_C,SER_253_C,GLY_255_C"
GLY_255_C,"ASP_254_C,ASP_256_C"
ASP_256_C,"GLY_255_C,ASP_257_C"
ASP_257_C,"LYS_214_C,ASP_256_C,LEU_258_C"
LEU_258_C,"LEU_215_C,PHE_230_C,ASP_257_C,CYS_259_C"
CYS_259_C,"LEU_173_C,SER_252_C,LEU_258_C,LEU_260_C"
LEU_260_C,"LYS_213_C,PHE_230_C,CYS_259_C,VAL_261_C,TYR_262_C"
VAL_261_C,"LEU_249_C,GLY_250_C,LEU_260_C,TYR_262_C"
TYR_262_C,"ALA_211_C,GLU_233_C,LEU_248_C,LEU_260_C,VAL_261_C,VAL_263_C"
VAL_263_C,"TYR_262_C,TYR_264_C"
TYR_264_C,"THR_209_C,VAL_263_C,MET_265_C"
MET_265_C,TYR_264_C
PRO_266_C,ASN_267_C
ASN_267_C,"PRO_266_C,GLY_268_C,ARG_273_C,LEU_319_C,ASP_320_C,PHE_323_C"
GLY_268_C,"ASN_267_C,SER_269_C,LEU_319_C"
SER_269_C,"GLY_268_C,LEU_270_C"
LEU_270_C,"SER_269_C,LEU_271_C,LEU_274_C,ILE_317_C"
LEU_271_C,"LEU_270_C,ASP_272_C"
ASP_272_C,"LEU_271_C,ARG_273_C,LEU_277_C"
ARG_273_C,"ASN_267_C,ASP_272_C,LEU_274_C,LEU_277_C,ASP_278_C,THR_280_C,LEU_319_C"
LEU_274_C,"LEU_270_C,ARG_273_C,SER_275_C"
SER_275_C,"LEU_274_C,CYS_276_C"
CYS_276_C,"SER_275_C,LEU_277_C"
LEU_277_C,"ASP_272_C,ARG_273_C,CYS_276_C,ASP_278_C"
ASP_278_C,"ARG_273_C,LEU_277_C,GLY_279_C"
GLY_279_C,"ASP_278_C,THR_280_C"
THR_280_C,"ARG_273_C,GLY_279_C"
PRO_282_C,LEU_283_C
LEU_283_C,"PRO_282_C,SER_284_C,ARG_288_C"
SER_284_C,"LEU_283_C,TRP_285_C,ARG_288_C"
TRP_285_C,"SER_284_C,HIS_286_C,CYS_289_C,ASP_420_C,SER_425_C,VAL_426_C,MET_429_C"
HIS_286_C,"TRP_285_C,MET_287_C,LYS_290_C,ASP_420_C"
MET_287_C,"HIS_286_C,ARG_288_C,ILE_291_C"
ARG_288_C,"LEU_283_C,SER_284_C,MET_287_C,CYS_289_C,ALA_292_C,ILE_380_C,ASP_415_C,LYS_417_C"
CYS_289_C,"TRP_285_C,ARG_288_C,LYS_290_C"
LYS_290_C,"HIS_286_C,CYS_289_C,ILE_291_C,GLY_294_C"
ILE_291_C,"MET_287_C,LYS_290_C,ALA_292_C,ALA_295_C,LEU_319_C"
ALA_292_C,"ARG_288_C,ILE_291_C,GLN_293_C,LEU_377_C"
GLN_293_C,"ALA_292_C,GLY_294_C,THR_458_C"
GLY_294_C,"LYS_290_C,GLN_293_C,ALA_295_C"
ALA_295_C,"ILE_291_C,GLY_294_C,ALA_296_C,PHE_373_C"
ALA_296_C,"ALA_295_C,ASN_297_C,ASN_300_C,LEU_454_C"
ASN_297_C,"ALA_296_C,GLY_298_C,GLN_451_C"
GLY_298_C,"ASN_297_C,ILE_299_C"
ILE_299_C,"GLY_298_C,ASN_300_C,HIS_303_C,PHE_373_C,ILE_447_C"
ASN_300_C,"ALA_296_C,ILE_299_C,PHE_301_C,GLU_304_C"
PHE_301_C,"HIS_242_C,ASN_300_C,LEU_302_C,ASN_305_C"
LEU_302_C,"PHE_301_C,HIS_303_C,HIS_307_C"
HIS_303_C,"ILE_299_C,LEU_302_C,GLU_304_C,HIS_306_C,ASP_369_C"
GLU_304_C,"ASN_300_C,HIS_303_C,ASN_305_C"
ASN_305_C,"PHE_301_C,GLU_304_C,HIS_306_C,HIS_307_C"
HIS_306_C,"HIS_303_C,ASN_305_C,HIS_307_C,SER_336_C"
HIS_307_C,"LYS_239_C,LEU_302_C,ASN_305_C,HIS_306_C,ILE_308_C"
ILE_308_C,"HIS_307_C,HIS_309_C,ARG_310_C,ARG_334_C,ILE_364_C"
HIS_309_C,"ILE_308_C,ARG_310_C,ILE_312_C,SER_328_C,ASP_329_C,ASP_369_C"
ARG_310_C,"ILE_308_C,HIS_309_C,ASP_311_C,LEU_332_C,ARG_334_C,ASP_369_C"
ASP_311_C,"ARG_310_C,ILE_312_C,LYS_313_C,ASN_316_C,ASP_329_C,THR_351_C"
ILE_312_C,"HIS_309_C,ASP_311_C,LYS_313_C"
LYS_313_C,"ASP_311_C,ILE_312_C,SER_314_C,ASN_316_C,THR_351_C,TYR_354_C"
SER_314_C,"LYS_313_C,ALA_315_C"
ALA_315_C,"SER_314_C,ASN_316_C"
ASN_316_C,"ASP_311_C,LYS_313_C,ALA_315_C,ILE_317_C,SER_328_C"
ILE_317_C,"LEU_270_C,ASN_316_C,LEU_318_C,VAL_376_C"
LEU_318_C,"ILE_317_C,LEU_319_C,LYS_326_C"
LEU_319_C,"ASN_267_C,GLY_268_C,ARG_273_C,ILE_291_C,LEU_318_C,ASP_320_C"
ASP_320_C,"ASN_267_C,LEU_319_C,GLU_321_C,ALA_322_C,PHE_323_C,THR_324_C,LYS_326_C"
GLU_321_C,"ASP_320_C,ALA_322_C"
ALA_322_C,"ASP_320_C,GLU_321_C,PHE_323_C"
PHE_323_C,"ASN_267_C,ASP_320_C,ALA_322_C,THR_324_C"
THR_324_C,"ASP_320_C,PHE_323_C,ALA_325_C"
ALA_325_C,"ASN_244_C,THR_324_C,LYS_326_C"
LYS_326_C,"GLU_243_C,GLU_247_C,LEU_318_C,ASP_320_C,ALA_325_C,ILE_327_C"
ILE_327_C,"ASN_244_C,LEU_245_C,VAL_246_C,LYS_326_C,SER_328_C"
SER_328_C,"HIS_309_C,ASN_316_C,ILE_327_C,ASP_329_C"
ASP_329_C,"LYS_213_C,GLU_233_C,HIS_309_C,ASP_311_C,SER_328_C,PHE_330_C"
PHE_330_C,"GLU_233_C,VAL_236_C,MET_237_C,ASP_329_C,GLY_331_C"
GLY_331_C,"PHE_330_C,LEU_332_C"
LEU_332_C,"ARG_310_C,GLY_331_C,ALA_333_C"
ALA_333_C,"GLN_232_C,LEU_332_C,ARG_334_C"
ARG_334_C,"ILE_308_C,ARG_310_C,ALA_333_C,ALA_335_C"
ALA_335_C,"ARG_334_C,SER_336_C"
SER_336_C,"HIS_306_C,ALA_335_C,GLU_337_C"
GLU_337_C,"SER_336_C,LYS_338_C"
LYS_338_C,"GLU_337_C,PHE_339_C"
PHE_339_C,"LYS_338_C,ALA_340_C"
ALA_340_C,"PHE_339_C,GLN_341_C"
GLN_341_C,ALA_340_C
VAL_343_C,"MET_344_C,ILE_364_C"
MET_344_C,VAL_343_C
ARG_347_C,"GLU_225_C,ILE_348_C"
ILE_348_C,"ARG_347_C,VAL_349_C"
VAL_349_C,"ILE_348_C,GLY_350_C"
GLY_350_C,"VAL_349_C,THR_351_C"
THR_351_C,"ASP_311_C,LYS_313_C,GLY_350_C,THR_352_C,TYR_354_C"
THR_352_C,"THR_351_C,ALA_353_C"
ALA_353_C,"THR_352_C,TYR_354_C"
TYR_354_C,"LYS_313_C,THR_351_C,ALA_353_C,MET_355_C,SER_372_C,VAL_375_C,GLU_379_C,ALA_386_C"
MET_355_C,"TYR_354_C,ALA_356_C,LEU_360_C"
ALA_356_C,"MET_355_C,TYR_371_C"
PRO_357_C,GLU_358_C
GLU_358_C,"PRO_357_C,ALA_359_C,GLU_363_C,SER_368_C,ARG_444_C"
ALA_359_C,"GLU_358_C,LEU_360_C"
LEU_360_C,"MET_355_C,ALA_359_C,ARG_361_C"
ARG_361_C,"LEU_360_C,GLY_362_C"
GLY_362_C,"ARG_361_C,GLU_363_C"
GLU_363_C,"GLU_358_C,GLY_362_C,ILE_364_C,LYS_441_C"
ILE_364_C,"ILE_308_C,VAL_343_C,GLU_363_C,THR_365_C"
THR_365_C,ILE_364_C
PRO_366_C,LYS_367_C
LYS_367_C,"PRO_366_C,SER_368_C,LYS_441_C,ARG_444_C"
SER_368_C,"GLU_358_C,LYS_367_C,ASP_369_C"
ASP_369_C,"HIS_303_C,HIS_309_C,ARG_310_C,SER_368_C,ILE_370_C"
ILE_370_C,"ASP_369_C,TYR_371_C"
TYR_371_C,"ALA_356_C,ILE_370_C,SER_372_C,GLY_374_C,LEU_437_C"
SER_372_C,"TYR_354_C,TYR_371_C,PHE_373_C"
PHE_373_C,"ALA_295_C,ILE_299_C,SER_372_C,GLY_374_C,LEU_377_C,VAL_450_C"
GLY_374_C,"TYR_371_C,PHE_373_C,VAL_375_C"
VAL_375_C,"TYR_354_C,GLY_374_C,VAL_376_C,LEU_397_C,LEU_437_C"
VAL_376_C,"ILE_317_C,VAL_375_C,LEU_377_C,ILE_380_C"
LEU_377_C,"ALA_292_C,PHE_373_C,VAL_376_C,LEU_378_C,VAL_432_C"
LEU_378_C,"LEU_377_C,GLU_379_C,THR_382_C,LEU_396_C,LEU_437_C"
GLU_379_C,"TYR_354_C,LEU_378_C,ILE_380_C,GLY_383_C,ALA_386_C,LEU_396_C"
ILE_380_C,"ARG_288_C,VAL_376_C,GLU_379_C,ILE_381_C"
ILE_381_C,"ILE_380_C,THR_382_C,ILE_410_C,ASP_415_C"
THR_382_C,"LEU_378_C,ILE_381_C,GLY_383_C,LEU_384_C"
GLY_383_C,"GLU_379_C,THR_382_C,LEU_384_C"
LEU_384_C,"THR_382_C,GLY_383_C"
PRO_385_C,"ALA_386_C,ARG_391_C"
ALA_386_C,"TYR_354_C,GLU_379_C,PRO_385_C,VAL_387_C,LEU_396_C"
VAL_387_C,"ALA_386_C,ASP_388_C"
ASP_388_C,"VAL_387_C,GLU_389_C,HIS_390_C,ARG_391_C,GLN_394_C"
GLU_389_C,"ASP_388_C,HIS_390_C"
HIS_390_C,"ASP_388_C,GLU_389_C,ARG_391_C"
ARG_391_C,"PRO_385_C,ASP_388_C,HIS_390_C,GLU_392_C,PRO_393_C,GLN_394_C"
GLU_392_C,ARG_391_C
PRO_393_C,"ARG_391_C,GLN_394_C,ILE_399_C"
GLN_394_C,"ASP_388_C,ARG_391_C,PRO_393_C,LEU_395_C"
LEU_395_C,"GLN_394_C,LEU_396_C"
LEU_396_C,"LEU_378_C,GLU_379_C,ALA_386_C,LEU_395_C,LEU_397_C,ILE_399_C"
LEU_397_C,"VAL_375_C,LEU_396_C,ASP_398_C,LEU_437_C"
ASP_398_C,"LEU_397_C,ILE_399_C"
ILE_399_C,"PRO_393_C,LEU_396_C,ASP_398_C,LYS_400_C,ILE_403_C,TYR_413_C"
LYS_400_C,"ILE_399_C,GLU_401_C,GLU_404_C,GLU_439_C"
GLU_401_C,"LYS_400_C,GLU_402_C,GLU_404_C,ASP_405_C,GLU_439_C"
GLU_402_C,"GLU_401_C,ILE_403_C,GLU_407_C,LYS_408_C,TYR_413_C"
ILE_403_C,"ILE_399_C,GLU_402_C,GLU_404_C"
GLU_404_C,"LYS_400_C,GLU_401_C,ILE_403_C,ASP_405_C"
ASP_405_C,"GLU_401_C,GLU_404_C,GLU_406_C,GLU_407_C"
GLU_406_C,"ASP_405_C,GLU_407_C"
GLU_407_C,"GLU_402_C,ASP_405_C,GLU_406_C,LYS_408_C"
LYS_408_C,"GLU_402_C,GLU_407_C,THR_409_C"
THR_409_C,"LYS_408_C,ILE_410_C,ASP_412_C"
ILE_410_C,"ILE_381_C,THR_409_C,GLU_411_C,TYR_413_C,TYR_430_C"
GLU_411_C,"ILE_410_C,ASP_412_C,GLU_427_C"
ASP_412_C,"THR_409_C,GLU_411_C,TYR_413_C"
TYR_413_C,"ILE_399_C,GLU_402_C,ILE_410_C,ASP_412_C,ILE_414_C"
ILE_414_C,"TYR_413_C,ASP_415_C,MET_418_C,VAL_426_C"
ASP_415_C,"ARG_288_C,ILE_381_C,ILE_414_C,LYS_416_C,LYS_417_C"
LYS_416_C,"ASP_415_C,LYS_417_C"
LYS_417_C,"ARG_288_C,ASP_415_C,LYS_416_C,MET_418_C"
MET_418_C,"ILE_414_C,LYS_417_C,ASN_419_C"
ASN_419_C,"MET_418_C,ASP_420_C"
ASP_420_C,"TRP_285_C,HIS_286_C,ASN_419_C,ALA_421_C"
ALA_421_C,"ASP_420_C,ASP_422_C"
ASP_422_C,"ALA_421_C,SER_423_C,SER_425_C"
SER_423_C,"ASP_422_C,THR_424_C,GLU_427_C"
THR_424_C,"SER_423_C,SER_425_C"
SER_425_C,"TRP_285_C,ASP_422_C,THR_424_C,VAL_426_C,MET_429_C"
VAL_426_C,"TRP_285_C,ILE_414_C,SER_425_C,GLU_427_C,TYR_430_C"
GLU_427_C,"GLU_411_C,SER_423_C,VAL_426_C,ALA_428_C,SER_431_C"
ALA_428_C,"GLU_427_C,MET_429_C"
MET_429_C,"TRP_285_C,SER_425_C,ALA_428_C,TYR_430_C,ALA_433_C"
TYR_430_C,"ILE_410_C,VAL_426_C,MET_429_C,SER_431_C,SER_434_C"
SER_431_C,"GLU_427_C,TYR_430_C,VAL_432_C"
VAL_432_C,"LEU_377_C,SER_431_C,ALA_433_C,CYS_436_C,LEU_453_C"
ALA_433_C,"MET_429_C,VAL_432_C,SER_434_C,LEU_437_C"
SER_434_C,"TYR_430_C,ALA_433_C,GLN_435_C"
GLN_435_C,"SER_434_C,CYS_436_C"
CYS_436_C,"VAL_432_C,GLN_435_C,LEU_437_C"
LEU_437_C,"TYR_371_C,VAL_375_C,LEU_378_C,LEU_397_C,ALA_433_C,CYS_436_C,HIS_438_C"
HIS_438_C,"LEU_437_C,GLU_439_C,ARG_444_C"
GLU_439_C,"LYS_400_C,GLU_401_C,HIS_438_C,LYS_440_C"
LYS_440_C,"GLU_439_C,LYS_441_C,LYS_443_C"
LYS_441_C,"GLU_363_C,LYS_367_C,LYS_440_C,ASN_442_C"
ASN_442_C,"LYS_441_C,LYS_443_C"
LYS_443_C,"LYS_440_C,ASN_442_C,ARG_444_C"
ARG_444_C,"GLU_358_C,LYS_367_C,HIS_438_C,LYS_443_C"
PRO_445_C,"ASP_446_C,LYS_449_C"
ASP_446_C,"PRO_445_C,ILE_447_C"
ILE_447_C,"ILE_299_C,ASP_446_C,LYS_448_C,GLN_451_C"
LYS_448_C,"ILE_447_C,LYS_449_C"
LYS_449_C,"PRO_445_C,LYS_448_C,VAL_450_C,GLN_452_C,LEU_453_C,GLU_456_C"
VAL_450_C,"PHE_373_C,LYS_449_C,GLN_451_C,LEU_454_C"
GLN_451_C,"ASN_297_C,ILE_447_C,VAL_450_C,GLN_452_C,GLN_455_C"
GLN_452_C,"LYS_449_C,GLN_451_C,LEU_453_C,GLU_456_C"
LEU_453_C,"VAL_432_C,LYS_449_C,GLN_452_C,LEU_454_C"
LEU_454_C,"ALA_296_C,VAL_450_C,LEU_453_C,GLN_455_C"
GLN_455_C,"GLN_451_C,LEU_454_C,GLU_456_C"
GLU_456_C,"LYS_449_C,GLN_452_C,GLN_455_C,MET_457_C"
MET_457_C,"GLU_456_C,THR_458_C"
THR_458_C,"GLN_293_C,MET_457_C,ALA_459_C"
ALA_459_C,THR_458_C
