residue_id,neighbors
ARG_30_A,ARG_31_A
ARG_31_A,"ARG_30_A,GLU_32_A,ASP_353_A"
GLU_32_A,"ARG_31_A,ILE_33_A,LYS_34_A,HIS_94_A,LEU_96_A,GLU_111_A"
ILE_33_A,"GLU_32_A,LYS_34_A,TRP_350_A"
LYS_34_A,"GLU_32_A,ILE_33_A,ILE_35_A,HIS_94_A,GLU_111_A"
ILE_35_A,"LYS_34_A,GLU_36_A"
GLU_36_A,"ILE_35_A,GLY_37_A,LYS_90_A"
GLY_37_A,"GLU_36_A,ASP_38_A"
ASP_38_A,"GLY_37_A,LEU_39_A,LYS_90_A"
LEU_39_A,"ASP_38_A,VAL_40_A,GLY_92_A,LEU_404_A"
VAL_40_A,"LEU_39_A,LEU_41_A"
LEU_41_A,"VAL_40_A,GLY_42_A,GLY_92_A,HIS_94_A,MET_400_A"
GLY_42_A,"LEU_41_A,GLY_43_A,GLY_144_A,ILE_146_A"
GLY_43_A,"GLY_42_A,LEU_44_A"
LEU_44_A,"GLY_43_A,PHE_45_A,TYR_171_A"
PHE_45_A,"LEU_44_A,ILE_47_A,ILE_95_A"
PRO_46_A,ILE_47_A
ILE_47_A,"PHE_45_A,PRO_46_A,ASN_48_A,ASN_61_A,ILE_66_A,TRP_350_A"
ASN_48_A,"ILE_47_A,GLU_49_A"
GLU_49_A,"ASN_48_A,LYS_50_A,GLY_58_A,ARG_59_A,ASP_279_A"
LYS_50_A,"GLU_49_A,GLY_51_A,ARG_101_A,ARG_277_A,ASP_279_A"
GLY_51_A,"LYS_50_A,THR_52_A"
THR_52_A,"GLY_51_A,GLY_53_A,GLU_55_A"
GLY_53_A,"THR_52_A,THR_54_A"
THR_54_A,"GLY_53_A,GLU_55_A"
GLU_55_A,"THR_52_A,THR_54_A,GLU_56_A"
GLU_56_A,"GLU_55_A,CYS_57_A,ARG_101_A,TYR_104_A"
CYS_57_A,"GLU_56_A,GLY_58_A,CYS_99_A"
GLY_58_A,"GLU_49_A,CYS_57_A,ARG_59_A"
ARG_59_A,"GLU_49_A,GLY_58_A,ILE_60_A,ARG_282_A"
ILE_60_A,"ARG_59_A,ASN_61_A"
ASN_61_A,"ILE_47_A,ILE_60_A,GLU_62_A"
GLU_62_A,"ASN_61_A,ASP_63_A,PHE_354_A,LYS_358_A"
ASP_63_A,"GLU_62_A,ARG_64_A"
ARG_64_A,"ASP_63_A,GLY_65_A,ARG_68_A,GLU_324_A,GLU_387_A,LYS_389_A"
GLY_65_A,"ARG_64_A,ILE_66_A"
ILE_66_A,"ILE_47_A,GLY_65_A,GLN_67_A,GLU_70_A"
GLN_67_A,"ILE_66_A,ARG_68_A,PHE_337_A,GLU_387_A"
ARG_68_A,"ARG_64_A,GLN_67_A,LEU_69_A,GLU_387_A,LYS_389_A"
LEU_69_A,"ARG_68_A,GLU_70_A,ILE_95_A"
GLU_70_A,"ILE_66_A,LEU_69_A,ALA_71_A,PHE_74_A,PHE_337_A,ARG_347_A,ASN_348_A"
ALA_71_A,"GLU_70_A,MET_72_A,ALA_75_A"
MET_72_A,"ALA_71_A,LEU_73_A"
LEU_73_A,"MET_72_A,PHE_74_A,ILE_95_A"
PHE_74_A,"GLU_70_A,LEU_73_A,ALA_75_A"
ALA_75_A,"ALA_71_A,PHE_74_A,ILE_76_A,ILE_79_A"
ILE_76_A,"ALA_75_A,ASP_77_A"
ASP_77_A,"ILE_76_A,GLU_78_A,ARG_347_A"
GLU_78_A,"ASP_77_A,ILE_79_A,LYS_81_A,PHE_444_A"
ILE_79_A,"ALA_75_A,GLU_78_A,ASN_80_A,ASP_82_A,ALA_401_A"
ASN_80_A,"ILE_79_A,LYS_81_A"
LYS_81_A,"GLU_78_A,ASN_80_A,ASP_82_A"
ASP_82_A,"ILE_79_A,LYS_81_A,ASN_83_A,TYR_84_A,LEU_85_A"
ASN_83_A,"ASP_82_A,TYR_84_A"
TYR_84_A,"ASP_82_A,ASN_83_A,LEU_85_A"
LEU_85_A,"ASP_82_A,TYR_84_A,LEU_86_A,ALA_401_A"
LEU_86_A,"LEU_85_A,VAL_89_A"
PRO_87_A,GLY_88_A
GLY_88_A,"PRO_87_A,VAL_89_A"
VAL_89_A,"LEU_86_A,GLY_88_A,LYS_90_A"
LYS_90_A,"GLU_36_A,ASP_38_A,VAL_89_A,LEU_91_A"
LEU_91_A,"LYS_90_A,GLY_92_A"
GLY_92_A,"LEU_39_A,LEU_41_A,LEU_91_A,VAL_93_A"
VAL_93_A,"GLY_92_A,HIS_94_A"
HIS_94_A,"GLU_32_A,LYS_34_A,LEU_41_A,VAL_93_A,ILE_95_A,GLU_111_A,PHE_112_A"
ILE_95_A,"PHE_45_A,LEU_69_A,LEU_73_A,HIS_94_A,LEU_96_A"
LEU_96_A,"GLU_32_A,ILE_95_A,ASP_97_A,PHE_112_A"
ASP_97_A,"LEU_96_A,THR_98_A,CYS_99_A"
THR_98_A,"ASP_97_A,CYS_99_A"
CYS_99_A,"CYS_57_A,ASP_97_A,THR_98_A,SER_100_A,TYR_104_A"
SER_100_A,"CYS_99_A,ARG_101_A"
ARG_101_A,"LYS_50_A,GLU_56_A,SER_100_A,ASP_102_A,ALA_105_A"
ASP_102_A,"ARG_101_A,THR_103_A,LEU_106_A"
THR_103_A,"ASP_102_A,TYR_104_A"
TYR_104_A,"GLU_56_A,CYS_99_A,THR_103_A,ALA_105_A"
ALA_105_A,"ARG_101_A,TYR_104_A,LEU_106_A,SER_109_A,VAL_153_A"
LEU_106_A,"ASP_102_A,ALA_105_A,GLU_107_A,LEU_160_A"
GLU_107_A,"LEU_106_A,GLN_108_A"
GLN_108_A,"GLU_107_A,SER_109_A,LEU_110_A"
SER_109_A,"ALA_105_A,GLN_108_A,LEU_110_A"
LEU_110_A,"GLN_108_A,SER_109_A,GLU_111_A,ARG_114_A"
GLU_111_A,"GLU_32_A,LYS_34_A,HIS_94_A,LEU_110_A,PHE_112_A,ARG_114_A"
PHE_112_A,"HIS_94_A,LEU_96_A,GLU_111_A,VAL_113_A,ILE_142_A"
VAL_113_A,"PHE_112_A,ARG_114_A,PHE_164_A"
ARG_114_A,"LEU_110_A,GLU_111_A,VAL_113_A,ALA_115_A"
ALA_115_A,"ARG_114_A,SER_116_A,PRO_139_A"
SER_116_A,"ALA_115_A,LEU_117_A"
LEU_117_A,"SER_116_A,THR_118_A"
THR_118_A,"LEU_117_A,LYS_119_A"
LYS_119_A,"THR_118_A,VAL_120_A"
VAL_120_A,"LYS_119_A,ASP_121_A"
ASP_121_A,VAL_120_A
PRO_139_A,"ALA_115_A,LEU_140_A"
LEU_140_A,"PRO_139_A,LEU_141_A"
LEU_141_A,"LEU_140_A,ILE_142_A"
ILE_142_A,"PHE_112_A,LEU_141_A,ALA_143_A"
ALA_143_A,"ILE_142_A,GLY_144_A"
GLY_144_A,"GLY_42_A,ALA_143_A,VAL_145_A"
VAL_145_A,"GLY_144_A,ILE_146_A,LEU_161_A"
ILE_146_A,"GLY_42_A,VAL_145_A,GLY_147_A,TYR_171_A"
GLY_147_A,"ILE_146_A,GLY_148_A,ILE_169_A"
GLY_148_A,"GLY_147_A,SER_149_A,SER_170_A"
SER_149_A,"GLY_148_A,TYR_150_A"
TYR_150_A,"SER_149_A,SER_151_A"
SER_151_A,"TYR_150_A,SER_152_A,ILE_155_A"
SER_152_A,"SER_151_A,VAL_153_A"
VAL_153_A,"ALA_105_A,SER_152_A,SER_154_A"
SER_154_A,"VAL_153_A,ILE_155_A,ALA_158_A"
ILE_155_A,"SER_151_A,SER_154_A,GLN_156_A,LEU_178_A,ASP_221_A"
GLN_156_A,"ILE_155_A,VAL_157_A"
VAL_157_A,"GLN_156_A,ALA_158_A,LEU_160_A,LEU_161_A"
ALA_158_A,"SER_154_A,VAL_157_A,ASN_159_A"
ASN_159_A,"ALA_158_A,LEU_160_A"
LEU_160_A,"LEU_106_A,VAL_157_A,ASN_159_A,LEU_161_A"
LEU_161_A,"VAL_145_A,VAL_157_A,LEU_160_A,ARG_162_A,PHE_164_A"
ARG_162_A,"LEU_161_A,LEU_163_A,ASP_185_A"
LEU_163_A,"ARG_162_A,PHE_164_A"
PHE_164_A,"VAL_113_A,LEU_161_A,LEU_163_A,GLN_165_A"
GLN_165_A,"PHE_164_A,ILE_166_A,TYR_186_A"
ILE_166_A,GLN_165_A
PRO_167_A,GLN_168_A
GLN_168_A,"PRO_167_A,ILE_169_A,ALA_188_A"
ILE_169_A,"GLY_147_A,GLN_168_A,SER_170_A,MET_400_A"
SER_170_A,"GLY_148_A,ILE_169_A,TYR_171_A"
TYR_171_A,"LEU_44_A,ILE_146_A,SER_170_A,ALA_172_A,SER_173_A,VAL_393_A"
ALA_172_A,"TYR_171_A,SER_173_A,LYS_389_A"
SER_173_A,"TYR_171_A,ALA_172_A,THR_174_A"
THR_174_A,"SER_173_A,SER_175_A,VAL_191_A"
SER_175_A,"THR_174_A,ALA_176_A,ARG_189_A"
ALA_176_A,"SER_175_A,LYS_177_A"
LYS_177_A,"ALA_176_A,LEU_178_A,ARG_183_A,ASP_221_A"
LEU_178_A,"ILE_155_A,LYS_177_A,SER_179_A,PHE_187_A"
SER_179_A,"LEU_178_A,ASP_180_A,LYS_181_A,ASP_461_A"
ASP_180_A,"SER_179_A,LYS_181_A,ARG_183_A"
LYS_181_A,"SER_179_A,ASP_180_A,SER_182_A,TYR_184_A,PHE_187_A,ASP_461_A"
SER_182_A,"LYS_181_A,ARG_183_A"
ARG_183_A,"LYS_177_A,ASP_180_A,SER_182_A,TYR_184_A"
TYR_184_A,"LYS_181_A,ARG_183_A,ASP_185_A"
ASP_185_A,"ARG_162_A,TYR_184_A,TYR_186_A"
TYR_186_A,"GLN_165_A,ASP_185_A,PHE_187_A"
PHE_187_A,"LEU_178_A,LYS_181_A,TYR_186_A,ALA_188_A,TYR_431_A"
ALA_188_A,"GLN_168_A,PHE_187_A,ARG_189_A"
ARG_189_A,"SER_175_A,ALA_188_A,THR_190_A,ASP_461_A"
THR_190_A,"ARG_189_A,VAL_191_A"
VAL_191_A,"THR_174_A,THR_190_A,LEU_325_A"
PRO_193_A,ASP_194_A
ASP_194_A,"PRO_193_A,PHE_195_A,GLN_197_A,ASP_301_A"
PHE_195_A,"ASP_194_A,TYR_196_A"
TYR_196_A,"PHE_195_A,GLN_197_A,TYR_466_A"
GLN_197_A,"ASP_194_A,TYR_196_A,ALA_198_A"
ALA_198_A,"GLN_197_A,LYS_199_A"
LYS_199_A,"ALA_198_A,ALA_200_A,GLU_233_A,ARG_237_A"
ALA_200_A,"LYS_199_A,MET_201_A,TRP_486_A"
MET_201_A,"ALA_200_A,ALA_202_A,PHE_275_A,LEU_323_A"
ALA_202_A,"MET_201_A,GLU_203_A"
GLU_203_A,"ALA_202_A,ILE_204_A,PHE_207_A,ARG_237_A"
ILE_204_A,"GLU_203_A,LEU_205_A,LEU_490_A"
LEU_205_A,"ILE_204_A,ARG_206_A,TRP_210_A,VAL_213_A,ILE_239_A,VAL_273_A"
ARG_206_A,"LEU_205_A,PHE_207_A,ARG_237_A"
PHE_207_A,"GLU_203_A,ARG_206_A,PHE_208_A,VAL_494_A"
PHE_208_A,"PHE_207_A,ASN_209_A,TRP_210_A,TRP_499_A"
ASN_209_A,"PHE_208_A,TRP_210_A"
TRP_210_A,"LEU_205_A,PHE_208_A,ASN_209_A,THR_211_A,TRP_499_A,PRO_505_A"
THR_211_A,"TRP_210_A,TYR_212_A,CYS_240_A"
TYR_212_A,"THR_211_A,VAL_213_A,ALA_242_A,SER_507_A,CYS_509_A"
VAL_213_A,"LEU_205_A,TYR_212_A,SER_214_A,ILE_241_A,ALA_242_A,VAL_271_A"
SER_214_A,"VAL_213_A,THR_215_A,VAL_273_A"
THR_215_A,"SER_214_A,VAL_216_A,ILE_241_A,THR_243_A"
VAL_216_A,"THR_215_A,ALA_217_A,VAL_273_A"
ALA_217_A,"VAL_216_A,SER_218_A"
SER_218_A,"ALA_217_A,GLU_219_A,PHE_275_A,ASP_280_A"
GLU_219_A,"SER_218_A,GLY_220_A,GLU_224_A"
GLY_220_A,"GLU_219_A,ASP_221_A,GLU_224_A"
ASP_221_A,"ILE_155_A,LYS_177_A,GLY_220_A,TYR_222_A,GLU_224_A,THR_225_A"
TYR_222_A,"ASP_221_A,GLY_223_A,SER_300_A,ASP_301_A"
GLY_223_A,"TYR_222_A,GLU_224_A"
GLU_224_A,"GLU_219_A,GLY_220_A,ASP_221_A,GLY_223_A,THR_225_A,GLU_228_A,LYS_246_A"
THR_225_A,"ASP_221_A,GLU_224_A,GLY_226_A"
GLY_226_A,"THR_225_A,ILE_227_A"
ILE_227_A,"GLY_226_A,GLU_228_A,PHE_275_A"
GLU_228_A,"GLU_224_A,ILE_227_A,ALA_229_A,GLU_231_A"
ALA_229_A,"GLU_228_A,PHE_230_A"
PHE_230_A,"ALA_229_A,GLU_231_A,ALA_234_A"
GLU_231_A,"GLU_228_A,PHE_230_A,GLN_232_A,ARG_235_A"
GLN_232_A,"GLU_231_A,GLU_233_A"
GLU_233_A,"LYS_199_A,GLN_232_A,ALA_234_A,ARG_237_A"
ALA_234_A,"PHE_230_A,GLU_233_A,ARG_235_A,ILE_239_A"
ARG_235_A,"GLU_231_A,ALA_234_A,LEU_236_A"
LEU_236_A,"ARG_235_A,ARG_237_A"
ARG_237_A,"LYS_199_A,GLU_203_A,ARG_206_A,GLU_233_A,LEU_236_A,ASN_238_A"
ASN_238_A,"ARG_237_A,ILE_239_A"
ILE_239_A,"LEU_205_A,ALA_234_A,ASN_238_A,CYS_240_A"
CYS_240_A,"THR_211_A,ILE_239_A,ILE_241_A,CYS_527_A"
ILE_241_A,"VAL_213_A,THR_215_A,CYS_240_A,ALA_242_A"
ALA_242_A,"TYR_212_A,VAL_213_A,ILE_241_A,THR_243_A"
THR_243_A,"THR_215_A,ALA_242_A,ALA_244_A,GLU_245_A"
ALA_244_A,"THR_243_A,GLU_245_A"
GLU_245_A,"THR_243_A,ALA_244_A,LYS_246_A,VAL_259_A,GLU_262_A"
LYS_246_A,"GLU_224_A,GLU_245_A,VAL_247_A"
VAL_247_A,"LYS_246_A,GLY_248_A,TYR_256_A"
GLY_248_A,"VAL_247_A,ARG_249_A"
ARG_249_A,"GLY_248_A,SER_250_A,ASP_280_A"
SER_250_A,"ARG_249_A,ASN_251_A"
ASN_251_A,"SER_250_A,ILE_252_A"
ILE_252_A,"ASN_251_A,ARG_253_A,LYS_254_A"
ARG_253_A,"ILE_252_A,LYS_254_A"
LYS_254_A,"ILE_252_A,ARG_253_A,SER_255_A,SER_258_A"
SER_255_A,"LYS_254_A,TYR_256_A,ASP_257_A"
TYR_256_A,"VAL_247_A,SER_255_A,ASP_257_A,GLU_283_A"
ASP_257_A,"SER_255_A,TYR_256_A,SER_258_A,ARG_290_A"
SER_258_A,"LYS_254_A,ASP_257_A,VAL_259_A,GLU_262_A"
VAL_259_A,"GLU_245_A,SER_258_A,ILE_260_A,LEU_263_A"
ILE_260_A,"VAL_259_A,ARG_261_A,LEU_284_A"
ARG_261_A,"ILE_260_A,GLU_262_A,LEU_264_A"
GLU_262_A,"GLU_245_A,SER_258_A,ARG_261_A,LEU_263_A"
LEU_263_A,"VAL_259_A,GLU_262_A,LEU_264_A"
LEU_264_A,"ARG_261_A,LEU_263_A,GLN_265_A,PHE_295_A"
GLN_265_A,"LEU_264_A,LYS_266_A"
LYS_266_A,GLN_265_A
PRO_267_A,ASN_268_A
ASN_268_A,"PRO_267_A,ALA_269_A"
ALA_269_A,"ASN_268_A,ARG_270_A"
ARG_270_A,"ALA_269_A,VAL_271_A,ARG_501_A"
VAL_271_A,"VAL_213_A,ARG_270_A,VAL_272_A,THR_296_A,VAL_298_A"
VAL_272_A,"VAL_271_A,VAL_273_A,LEU_274_A,PHE_295_A,TRP_297_A,VAL_298_A"
VAL_273_A,"LEU_205_A,SER_214_A,VAL_216_A,VAL_272_A,LEU_274_A"
LEU_274_A,"VAL_272_A,VAL_273_A,PHE_275_A,VAL_298_A"
PHE_275_A,"MET_201_A,SER_218_A,ILE_227_A,LEU_274_A,MET_276_A"
MET_276_A,"PHE_275_A,ARG_277_A"
ARG_277_A,"LYS_50_A,MET_276_A,SER_278_A,ASP_279_A,ASP_280_A,SER_281_A"
SER_278_A,"ARG_277_A,ASP_279_A"
ASP_279_A,"GLU_49_A,LYS_50_A,ARG_277_A,SER_278_A,ASP_280_A"
ASP_280_A,"SER_218_A,ARG_249_A,ARG_277_A,ASP_279_A,SER_281_A"
SER_281_A,"ARG_277_A,ASP_280_A,ARG_282_A"
ARG_282_A,"ARG_59_A,SER_281_A,GLU_283_A"
GLU_283_A,"TYR_256_A,ARG_282_A,LEU_284_A,ALA_287_A"
LEU_284_A,"ILE_260_A,GLU_283_A,ILE_285_A,ALA_288_A"
ILE_285_A,"LEU_284_A,ALA_286_A,TRP_303_A"
ALA_286_A,"ILE_285_A,ALA_287_A"
ALA_287_A,"GLU_283_A,ALA_286_A,ALA_288_A"
ALA_288_A,"LEU_284_A,ALA_287_A,ASN_289_A,ASN_292_A,VAL_316_A"
ASN_289_A,"ALA_288_A,ARG_290_A,VAL_316_A"
ARG_290_A,"ASP_257_A,ASN_289_A,VAL_291_A"
VAL_291_A,"ARG_290_A,ASN_292_A"
ASN_292_A,"ALA_288_A,VAL_291_A,ALA_293_A"
ALA_293_A,"ASN_292_A,SER_294_A"
SER_294_A,"ALA_293_A,PHE_295_A"
PHE_295_A,"LEU_264_A,VAL_272_A,SER_294_A,THR_296_A,TRP_297_A"
THR_296_A,"VAL_271_A,PHE_295_A,TRP_297_A"
TRP_297_A,"VAL_272_A,PHE_295_A,THR_296_A,VAL_298_A,VAL_316_A,ILE_321_A"
VAL_298_A,"VAL_271_A,VAL_272_A,LEU_274_A,TRP_297_A,ALA_299_A"
ALA_299_A,"VAL_298_A,SER_300_A,TRP_303_A,ILE_321_A"
SER_300_A,"TYR_222_A,ALA_299_A,ASP_301_A"
ASP_301_A,"ASP_194_A,TYR_222_A,SER_300_A,GLY_302_A,GLU_324_A,LYS_389_A"
GLY_302_A,"ASP_301_A,TRP_303_A"
TRP_303_A,"ILE_285_A,ALA_299_A,GLY_302_A,GLY_304_A,GLN_306_A,VAL_310_A,TYR_480_A"
GLY_304_A,"TRP_303_A,ALA_305_A,THR_322_A"
ALA_305_A,"GLY_304_A,GLN_306_A"
GLN_306_A,"TRP_303_A,ALA_305_A,GLU_307_A"
GLU_307_A,"GLN_306_A,SER_308_A,GLU_385_A,LYS_477_A"
SER_308_A,"GLU_307_A,ILE_309_A"
ILE_309_A,"SER_308_A,VAL_310_A"
VAL_310_A,"TRP_303_A,ILE_309_A,LYS_311_A,ALA_317_A"
LYS_311_A,"VAL_310_A,GLY_312_A,GLU_314_A"
GLY_312_A,"LYS_311_A,SER_313_A"
SER_313_A,"GLY_312_A,GLU_314_A"
GLU_314_A,"LYS_311_A,SER_313_A,HIS_315_A,ALA_317_A,TYR_478_A"
HIS_315_A,"GLU_314_A,VAL_316_A"
VAL_316_A,"ALA_288_A,ASN_289_A,TRP_297_A,HIS_315_A,ALA_317_A"
ALA_317_A,"VAL_310_A,GLU_314_A,VAL_316_A,TYR_318_A"
TYR_318_A,"ALA_317_A,GLY_319_A"
GLY_319_A,"TYR_318_A,ALA_320_A"
ALA_320_A,"GLY_319_A,ILE_321_A,ASN_470_A"
ILE_321_A,"TRP_297_A,ALA_299_A,ALA_320_A,THR_322_A"
THR_322_A,"GLY_304_A,ILE_321_A,LEU_323_A,PHE_469_A"
LEU_323_A,"MET_201_A,THR_322_A,GLU_324_A,VAL_468_A"
GLU_324_A,"ARG_64_A,ASP_301_A,LEU_323_A,LEU_325_A,LYS_389_A,ASN_467_A,PHE_469_A"
LEU_325_A,"VAL_191_A,GLU_324_A,ALA_326_A,TYR_466_A"
ALA_326_A,"LEU_325_A,SER_327_A"
SER_327_A,"ALA_326_A,HIS_328_A,SER_388_A"
HIS_328_A,"SER_327_A,LYS_448_A,ASP_451_A"
PRO_329_A,VAL_330_A
VAL_330_A,"PRO_329_A,ARG_331_A,PHE_444_A"
ARG_331_A,"VAL_330_A,GLN_332_A,ASP_334_A"
GLN_332_A,"ARG_331_A,PHE_333_A,PHE_444_A"
PHE_333_A,"GLN_332_A,ASP_334_A,PHE_337_A"
ASP_334_A,"ARG_331_A,PHE_333_A,ARG_335_A,TYR_384_A,GLN_386_A"
ARG_335_A,"ASP_334_A,TYR_336_A"
TYR_336_A,"ARG_335_A,PHE_337_A,ARG_347_A"
PHE_337_A,"GLN_67_A,GLU_70_A,PHE_333_A,TYR_336_A,GLN_338_A"
GLN_338_A,"PHE_337_A,SER_339_A"
SER_339_A,"GLN_338_A,LEU_340_A"
LEU_340_A,"SER_339_A,ASN_341_A"
ASN_341_A,"LEU_340_A,TYR_343_A"
PRO_342_A,TYR_343_A
TYR_343_A,"ASN_341_A,PRO_342_A,ASN_344_A,HIS_346_A"
ASN_344_A,"TYR_343_A,ASN_345_A"
ASN_345_A,"ASN_344_A,HIS_346_A,PHE_351_A"
HIS_346_A,"TYR_343_A,ASN_345_A,ARG_347_A"
ARG_347_A,"GLU_70_A,ASP_77_A,TYR_336_A,HIS_346_A,ASN_348_A"
ASN_348_A,"GLU_70_A,ARG_347_A"
PRO_349_A,TRP_350_A
TRP_350_A,"ILE_33_A,ILE_47_A,PRO_349_A,PHE_351_A"
PHE_351_A,"ASN_345_A,TRP_350_A,ARG_352_A,PHE_354_A,TRP_355_A"
ARG_352_A,"PHE_351_A,ASP_353_A"
ASP_353_A,"ARG_31_A,ARG_352_A,PHE_354_A,GLU_356_A"
PHE_354_A,"GLU_62_A,PHE_351_A,ASP_353_A,TRP_355_A"
TRP_355_A,"PHE_351_A,PHE_354_A,GLU_356_A,PHE_359_A"
GLU_356_A,"ASP_353_A,TRP_355_A,GLN_357_A,GLN_360_A"
GLN_357_A,"GLU_356_A,LYS_358_A"
LYS_358_A,"GLU_62_A,GLN_357_A,PHE_359_A,ILE_379_A,ASN_383_A"
PHE_359_A,"TRP_355_A,LYS_358_A,GLN_360_A,HIS_376_A,ILE_379_A"
GLN_360_A,"GLU_356_A,PHE_359_A,CYS_361_A"
CYS_361_A,"GLN_360_A,SER_362_A,CYS_373_A"
SER_362_A,"CYS_361_A,LEU_363_A"
LEU_363_A,"SER_362_A,ARG_370_A"
ASN_368_A,HIS_369_A
HIS_369_A,"ASN_368_A,ARG_370_A"
ARG_370_A,"LEU_363_A,HIS_369_A"
CYS_373_A,"CYS_361_A,ASP_374_A"
ASP_374_A,"CYS_373_A,LYS_375_A"
LYS_375_A,"ASP_374_A,HIS_376_A"
HIS_376_A,"PHE_359_A,LYS_375_A,LEU_377_A"
LEU_377_A,"HIS_376_A,ALA_378_A"
ALA_378_A,"LEU_377_A,ILE_379_A"
ILE_379_A,"LYS_358_A,PHE_359_A,ALA_378_A,ASP_380_A,TYR_384_A"
ASP_380_A,"ILE_379_A,SER_381_A"
SER_381_A,"ASP_380_A,SER_382_A"
SER_382_A,"SER_381_A,ASN_383_A"
ASN_383_A,"LYS_358_A,SER_382_A,TYR_384_A"
TYR_384_A,"ASP_334_A,ILE_379_A,ASN_383_A,GLU_385_A"
GLU_385_A,"GLU_307_A,TYR_384_A,GLN_386_A"
GLN_386_A,"ASP_334_A,GLU_385_A,GLU_387_A"
GLU_387_A,"ARG_64_A,GLN_67_A,ARG_68_A,GLN_386_A,SER_388_A"
SER_388_A,"SER_327_A,GLU_387_A,LYS_389_A"
LYS_389_A,"ARG_64_A,ARG_68_A,ALA_172_A,ASP_301_A,GLU_324_A,SER_388_A,ILE_390_A"
ILE_390_A,"LYS_389_A,MET_391_A"
MET_391_A,"ILE_390_A,PHE_392_A"
PHE_392_A,"MET_391_A,VAL_393_A"
VAL_393_A,"TYR_171_A,PHE_392_A,VAL_394_A"
VAL_394_A,"VAL_393_A,ASN_395_A"
ASN_395_A,"VAL_394_A,ALA_396_A"
ALA_396_A,"ASN_395_A,VAL_397_A"
VAL_397_A,"ALA_396_A,TYR_398_A"
TYR_398_A,"VAL_397_A,ALA_399_A,HIS_402_A,PRO_443_A"
ALA_399_A,"TYR_398_A,MET_400_A"
MET_400_A,"LEU_41_A,ILE_169_A,ALA_399_A,ALA_401_A,LEU_404_A"
ALA_401_A,"ILE_79_A,LEU_85_A,MET_400_A,HIS_402_A"
HIS_402_A,"TYR_398_A,ALA_401_A,ALA_403_A,PHE_440_A"
ALA_403_A,"HIS_402_A,LEU_404_A"
LEU_404_A,"LEU_39_A,MET_400_A,ALA_403_A,HIS_405_A,LEU_430_A"
HIS_405_A,"LEU_404_A,LYS_406_A,ARG_409_A"
LYS_406_A,"HIS_405_A,MET_407_A,GLU_433_A,TYR_434_A"
MET_407_A,"LYS_406_A,GLN_408_A,LEU_411_A,MET_422_A,TYR_434_A"
GLN_408_A,"MET_407_A,ARG_409_A,THR_415_A,LYS_417_A"
ARG_409_A,"HIS_405_A,GLN_408_A,THR_410_A"
THR_410_A,"ARG_409_A,LEU_411_A"
LEU_411_A,"MET_407_A,THR_410_A,CYS_412_A"
CYS_412_A,"LEU_411_A,CYS_419_A"
PRO_413_A,ASN_414_A
ASN_414_A,"PRO_413_A,THR_415_A"
THR_415_A,"GLN_408_A,ASN_414_A,THR_416_A"
THR_416_A,"THR_415_A,LYS_417_A"
LYS_417_A,"GLN_408_A,THR_416_A,LEU_418_A"
LEU_418_A,"LYS_417_A,CYS_419_A,MET_422_A"
CYS_419_A,"CYS_412_A,LEU_418_A,ASP_420_A,MET_422_A,LYS_423_A"
ASP_420_A,"CYS_419_A,ALA_421_A,LYS_423_A"
ALA_421_A,"ASP_420_A,MET_422_A"
MET_422_A,"MET_407_A,LEU_418_A,CYS_419_A,ALA_421_A,LYS_423_A"
LYS_423_A,"CYS_419_A,ASP_420_A,MET_422_A,ILE_424_A"
ILE_424_A,"LYS_423_A,LEU_425_A"
LEU_425_A,"ILE_424_A,ASP_426_A"
ASP_426_A,"LEU_425_A,GLY_427_A,LYS_429_A,LEU_430_A"
GLY_427_A,"ASP_426_A,LYS_428_A"
LYS_428_A,"GLY_427_A,LYS_429_A,LYS_432_A"
LYS_429_A,"ASP_426_A,LYS_428_A,LEU_430_A"
LEU_430_A,"LEU_404_A,ASP_426_A,LYS_429_A,TYR_431_A,LEU_435_A"
TYR_431_A,"PHE_187_A,LEU_430_A,LYS_432_A,LEU_435_A"
LYS_432_A,"LYS_428_A,TYR_431_A,GLU_433_A"
GLU_433_A,"LYS_406_A,LYS_432_A,TYR_434_A,LYS_437_A"
TYR_434_A,"LYS_406_A,MET_407_A,GLU_433_A,LEU_435_A"
LEU_435_A,"LEU_430_A,TYR_431_A,TYR_434_A,LEU_436_A"
LEU_436_A,"LEU_435_A,LYS_437_A"
LYS_437_A,"GLU_433_A,LEU_436_A,ILE_438_A"
ILE_438_A,"LYS_437_A,ASN_439_A,PHE_440_A,PHE_456_A"
ASN_439_A,"ILE_438_A,PHE_440_A"
PHE_440_A,"HIS_402_A,ILE_438_A,ASN_439_A,THR_441_A,VAL_454_A"
THR_441_A,"PHE_440_A,ALA_442_A"
ALA_442_A,"THR_441_A,SER_452_A"
PRO_443_A,"TYR_398_A,PHE_444_A,ASN_445_A"
PHE_444_A,"GLU_78_A,VAL_330_A,GLN_332_A,PRO_443_A,ASN_445_A"
ASN_445_A,"PRO_443_A,PHE_444_A"
PRO_446_A,"ASN_447_A,LYS_448_A"
ASN_447_A,"PRO_446_A,LYS_448_A"
LYS_448_A,"HIS_328_A,PRO_446_A,ASN_447_A,GLY_449_A,ASP_451_A,SER_452_A"
GLY_449_A,"LYS_448_A,ALA_450_A"
ALA_450_A,"GLY_449_A,ASP_451_A"
ASP_451_A,"HIS_328_A,LYS_448_A,ALA_450_A,SER_452_A,ARG_465_A"
SER_452_A,"ALA_442_A,LYS_448_A,ASP_451_A,ILE_453_A"
ILE_453_A,"SER_452_A,VAL_454_A"
VAL_454_A,"PHE_440_A,ILE_453_A,LYS_455_A"
LYS_455_A,"VAL_454_A,PHE_456_A,ARG_465_A"
PHE_456_A,"ILE_438_A,LYS_455_A,ASP_457_A"
ASP_457_A,"PHE_456_A,THR_458_A,GLY_460_A,ASP_461_A"
THR_458_A,"ASP_457_A,PHE_459_A"
PHE_459_A,"THR_458_A,GLY_460_A"
GLY_460_A,"ASP_457_A,PHE_459_A,ASP_461_A"
ASP_461_A,"SER_179_A,LYS_181_A,ARG_189_A,ASP_457_A,GLY_460_A,GLY_462_A"
GLY_462_A,"ASP_461_A,MET_463_A"
MET_463_A,"GLY_462_A,GLY_464_A"
GLY_464_A,"MET_463_A,ARG_465_A"
ARG_465_A,"ASP_451_A,LYS_455_A,GLY_464_A,TYR_466_A"
TYR_466_A,"TYR_196_A,LEU_325_A,ARG_465_A,ASN_467_A"
ASN_467_A,"GLU_324_A,TYR_466_A,VAL_468_A,PHE_469_A"
VAL_468_A,"LEU_323_A,ASN_467_A,PHE_469_A,VAL_483_A"
PHE_469_A,"THR_322_A,GLU_324_A,ASN_467_A,VAL_468_A,ASN_470_A,LYS_482_A"
ASN_470_A,"ALA_320_A,PHE_469_A,LEU_471_A"
LEU_471_A,"ASN_470_A,GLN_472_A"
GLN_472_A,"LEU_471_A,GLN_473_A,SER_479_A,HIS_498_A"
GLN_473_A,"GLN_472_A,THR_474_A"
THR_474_A,"GLN_473_A,GLY_476_A"
GLY_476_A,"THR_474_A,LYS_477_A"
LYS_477_A,"GLU_307_A,GLY_476_A,TYR_478_A"
TYR_478_A,"GLU_314_A,LYS_477_A,SER_479_A"
SER_479_A,"GLN_472_A,TYR_478_A,TYR_480_A"
TYR_480_A,"TRP_303_A,SER_479_A,LEU_481_A"
LEU_481_A,"TYR_480_A,LYS_482_A"
LYS_482_A,"PHE_469_A,LEU_481_A,VAL_483_A,HIS_485_A"
VAL_483_A,"VAL_468_A,LYS_482_A,GLY_484_A"
GLY_484_A,"VAL_483_A,HIS_485_A"
HIS_485_A,"LYS_482_A,GLY_484_A,TRP_486_A"
TRP_486_A,"ALA_200_A,HIS_485_A,ALA_487_A"
ALA_487_A,"TRP_486_A,GLU_488_A,THR_489_A"
GLU_488_A,"ALA_487_A,THR_489_A"
THR_489_A,"ALA_487_A,GLU_488_A,LEU_490_A"
LEU_490_A,"ILE_204_A,THR_489_A,SER_491_A,LEU_492_A"
SER_491_A,"LEU_490_A,LEU_492_A"
LEU_492_A,"LEU_490_A,SER_491_A,ASP_493_A,VAL_494_A"
ASP_493_A,"LEU_492_A,VAL_494_A,ASP_495_A,SER_496_A"
VAL_494_A,"PHE_207_A,LEU_492_A,ASP_493_A,ASP_495_A"
ASP_495_A,"ASP_493_A,VAL_494_A,SER_496_A"
SER_496_A,"ASP_493_A,ASP_495_A,ILE_497_A"
ILE_497_A,"SER_496_A,HIS_498_A"
HIS_498_A,"GLN_472_A,ILE_497_A,TRP_499_A"
TRP_499_A,"PHE_208_A,TRP_210_A,HIS_498_A,SER_500_A"
SER_500_A,"TRP_499_A,ARG_501_A"
ARG_501_A,"ARG_270_A,SER_500_A,ASN_502_A,SER_503_A"
ASN_502_A,"ARG_501_A,SER_503_A"
SER_503_A,"ARG_501_A,ASN_502_A,VAL_504_A"
VAL_504_A,SER_503_A
PRO_505_A,"TRP_210_A,THR_506_A"
THR_506_A,"PRO_505_A,SER_507_A"
SER_507_A,"TYR_212_A,THR_506_A,GLN_508_A"
GLN_508_A,"SER_507_A,CYS_509_A"
CYS_509_A,"TYR_212_A,GLN_508_A,SER_510_A,CYS_528_A"
SER_510_A,"CYS_509_A,ASP_511_A,TRP_529_A"
ASP_511_A,"SER_510_A,TRP_529_A"
ASN_516_A,GLU_517_A
GLU_517_A,"ASN_516_A,MET_518_A,LYS_519_A"
MET_518_A,"GLU_517_A,LYS_519_A,ILE_532_A"
LYS_519_A,"GLU_517_A,MET_518_A,ASN_520_A,GLU_543_A"
ASN_520_A,"LYS_519_A,MET_521_A"
MET_521_A,ASN_520_A
ASP_525_A,"VAL_526_A,CYS_527_A"
VAL_526_A,"ASP_525_A,CYS_527_A"
CYS_527_A,"CYS_240_A,ASP_525_A,VAL_526_A,CYS_528_A"
CYS_528_A,"CYS_509_A,CYS_527_A,TRP_529_A"
TRP_529_A,"SER_510_A,ASP_511_A,CYS_528_A,ILE_530_A"
ILE_530_A,"TRP_529_A,CYS_531_A"
CYS_531_A,"ILE_530_A,ILE_532_A"
ILE_532_A,"MET_518_A,CYS_531_A"
PRO_533_A,CYS_534_A
CYS_534_A,"PRO_533_A,GLU_535_A,CYS_546_A"
GLU_535_A,"CYS_534_A,TYR_537_A,GLU_538_A"
PRO_536_A,"TYR_537_A,TRP_554_A"
TYR_537_A,"GLU_535_A,PRO_536_A,GLU_538_A,LYS_722_A"
GLU_538_A,"GLU_535_A,TYR_537_A,TYR_539_A,ASP_548_A"
TYR_539_A,"GLU_538_A,LEU_540_A,VAL_541_A,ASP_548_A"
LEU_540_A,"TYR_539_A,VAL_541_A,CYS_546_A,LEU_559_A"
VAL_541_A,"TYR_539_A,LEU_540_A,ASP_542_A,THR_545_A,MET_547_A"
ASP_542_A,"VAL_541_A,GLU_543_A,PHE_544_A,THR_545_A"
GLU_543_A,"LYS_519_A,ASP_542_A,PHE_544_A"
PHE_544_A,"ASP_542_A,GLU_543_A,THR_545_A"
THR_545_A,"VAL_541_A,ASP_542_A,PHE_544_A,CYS_546_A"
CYS_546_A,"CYS_534_A,LEU_540_A,THR_545_A,MET_547_A"
MET_547_A,"VAL_541_A,CYS_546_A,ASP_548_A"
ASP_548_A,"GLU_538_A,TYR_539_A,MET_547_A,CYS_549_A,LYS_722_A"
CYS_549_A,"ASP_548_A,GLY_550_A,CYS_562_A"
GLY_550_A,"CYS_549_A,CYS_562_A,LYS_722_A"
PRO_551_A,GLY_552_A
GLY_552_A,"PRO_551_A,GLN_553_A"
GLN_553_A,"GLY_552_A,TRP_554_A,LEU_565_A"
TRP_554_A,"PRO_536_A,GLN_553_A,TYR_563_A,LYS_722_A"
PRO_555_A,"THR_556_A,LEU_559_A"
THR_556_A,"PRO_555_A,ALA_557_A"
ALA_557_A,"THR_556_A,ASP_558_A"
ASP_558_A,"ALA_557_A,LEU_559_A"
LEU_559_A,"LEU_540_A,PRO_555_A,ASP_558_A,SER_560_A"
SER_560_A,"LEU_559_A,GLY_561_A,TYR_563_A"
GLY_561_A,"SER_560_A,CYS_562_A,TYR_563_A"
CYS_562_A,"CYS_549_A,GLY_550_A,GLY_561_A,TYR_563_A"
TYR_563_A,"TRP_554_A,SER_560_A,GLY_561_A,CYS_562_A,ASN_564_A"
ASN_564_A,"TYR_563_A,LEU_565_A"
LEU_565_A,"GLN_553_A,ASN_564_A"
PRO_566_A,GLU_567_A
GLU_567_A,"PRO_566_A,ASP_568_A"
ASP_568_A,"GLU_567_A,TYR_569_A"
TYR_569_A,"ASP_568_A,ILE_570_A,LYS_571_A,THR_718_A"
ILE_570_A,"TYR_569_A,LYS_571_A,TYR_717_A,GLU_724_A"
LYS_571_A,"TYR_569_A,ILE_570_A,TRP_572_A,THR_714_A,THR_718_A"
TRP_572_A,"LYS_571_A,GLU_573_A"
GLU_573_A,"TRP_572_A,ASP_574_A"
ASP_574_A,"GLU_573_A,ALA_575_A"
ALA_575_A,"ASP_574_A,TRP_576_A,VAL_726_A"
TRP_576_A,"ALA_575_A,ALA_577_A"
ALA_577_A,"TRP_576_A,ILE_578_A"
ILE_578_A,"ALA_577_A,GLY_579_A,THR_582_A"
GLY_579_A,"ILE_578_A,ILE_583_A"
PRO_580_A,VAL_581_A
VAL_581_A,"PRO_580_A,THR_582_A,CYS_585_A"
THR_582_A,"ILE_578_A,VAL_581_A,ILE_583_A,LEU_586_A"
ILE_583_A,"GLY_579_A,THR_582_A,ALA_584_A"
ALA_584_A,"ILE_583_A,CYS_585_A"
CYS_585_A,"VAL_581_A,ALA_584_A,LEU_586_A"
LEU_586_A,"THR_582_A,CYS_585_A,GLY_587_A,CYS_590_A"
GLY_587_A,"LEU_586_A,PHE_588_A"
PHE_588_A,"GLY_587_A,LEU_589_A"
LEU_589_A,"PHE_588_A,CYS_590_A"
CYS_590_A,"LEU_586_A,LEU_589_A,THR_591_A,VAL_594_A"
THR_591_A,"CYS_590_A,CYS_592_A,ILE_595_A"
CYS_592_A,"THR_591_A,ILE_593_A,THR_596_A"
ILE_593_A,"CYS_592_A,VAL_594_A,VAL_597_A"
VAL_594_A,"CYS_590_A,ILE_593_A,ILE_595_A"
ILE_595_A,"THR_591_A,VAL_594_A,THR_596_A"
THR_596_A,"CYS_592_A,ILE_595_A,VAL_597_A"
VAL_597_A,"ILE_593_A,THR_596_A,PHE_598_A"
PHE_598_A,"VAL_597_A,ILE_599_A"
ILE_599_A,"PHE_598_A,LYS_600_A"
LYS_600_A,"ILE_599_A,HIS_601_A"
HIS_601_A,"LYS_600_A,ASN_602_A"
ASN_602_A,"HIS_601_A,ASN_603_A"
ASN_603_A,"ASN_602_A,THR_604_A"
THR_604_A,ASN_603_A
ALA_609_A,SER_610_A
SER_610_A,"ALA_609_A,GLY_611_A"
GLY_611_A,"SER_610_A,ARG_612_A"
ARG_612_A,"GLY_611_A,GLU_613_A"
GLU_613_A,"ARG_612_A,LEU_614_A"
LEU_614_A,"GLU_613_A,CYS_615_A,LEU_618_A"
CYS_615_A,"LEU_614_A,TYR_616_A"
TYR_616_A,"CYS_615_A,ILE_617_A,PHE_620_A"
ILE_617_A,"TYR_616_A,LEU_618_A,GLY_621_A"
LEU_618_A,"LEU_614_A,ILE_617_A,LEU_619_A,VAL_622_A"
LEU_619_A,"LEU_618_A,PHE_620_A"
PHE_620_A,"TYR_616_A,LEU_619_A,GLY_621_A"
GLY_621_A,"ILE_617_A,PHE_620_A,VAL_622_A"
VAL_622_A,"LEU_618_A,GLY_621_A,SER_623_A,TYR_626_A"
SER_623_A,"VAL_622_A,LEU_624_A,CYS_627_A"
LEU_624_A,"SER_623_A,SER_625_A,MET_628_A"
SER_625_A,"LEU_624_A,TYR_626_A,THR_629_A"
TYR_626_A,"VAL_622_A,SER_625_A,CYS_627_A,PHE_630_A"
CYS_627_A,"SER_623_A,TYR_626_A,MET_628_A"
MET_628_A,"LEU_624_A,CYS_627_A,THR_629_A"
THR_629_A,"SER_625_A,MET_628_A,PHE_630_A"
PHE_630_A,"TYR_626_A,THR_629_A"
ILE_633_A,ALA_634_A
ALA_634_A,"ILE_633_A,LYS_635_A"
LYS_635_A,ALA_634_A
PRO_636_A,SER_637_A
SER_637_A,PRO_636_A
PRO_638_A,VAL_639_A
VAL_639_A,"PRO_638_A,ILE_640_A"
ILE_640_A,"VAL_639_A,CYS_641_A"
CYS_641_A,"ILE_640_A,ALA_642_A"
ALA_642_A,"CYS_641_A,LEU_643_A,LEU_646_A"
LEU_643_A,"ALA_642_A,ARG_644_A,GLY_647_A"
ARG_644_A,"LEU_643_A,ARG_645_A,LEU_648_A"
ARG_645_A,"ARG_644_A,LEU_646_A,GLY_649_A"
LEU_646_A,"ALA_642_A,ARG_645_A,GLY_647_A"
GLY_647_A,"LEU_643_A,LEU_646_A,LEU_648_A"
LEU_648_A,"ARG_644_A,GLY_647_A,GLY_649_A"
GLY_649_A,"ARG_645_A,LEU_648_A,THR_650_A"
THR_650_A,"GLY_649_A,SER_651_A,ILE_654_A"
SER_651_A,"THR_650_A,PHE_652_A"
PHE_652_A,"SER_651_A,ALA_653_A"
ALA_653_A,"PHE_652_A,ILE_654_A,SER_657_A"
ILE_654_A,"THR_650_A,ALA_653_A,CYS_655_A"
CYS_655_A,"ILE_654_A,TYR_656_A"
TYR_656_A,"CYS_655_A,SER_657_A,LEU_660_A"
SER_657_A,"ALA_653_A,TYR_656_A,ALA_658_A,THR_661_A"
ALA_658_A,"SER_657_A,LEU_659_A"
LEU_659_A,"ALA_658_A,LEU_660_A"
LEU_660_A,"TYR_656_A,LEU_659_A,THR_661_A"
THR_661_A,"SER_657_A,LEU_660_A,LYS_662_A,CYS_665_A"
LYS_662_A,"THR_661_A,THR_663_A"
THR_663_A,"LYS_662_A,ASN_664_A"
ASN_664_A,"THR_663_A,CYS_665_A"
CYS_665_A,"THR_661_A,ASN_664_A,ILE_666_A"
ILE_666_A,"CYS_665_A,ALA_667_A"
ALA_667_A,"ILE_666_A,ARG_668_A"
ARG_668_A,"ALA_667_A,ILE_669_A"
ILE_669_A,"ARG_668_A,PHE_670_A"
PHE_670_A,ILE_669_A
LYS_674_A,ASN_675_A
ASN_675_A,"LYS_674_A,GLY_676_A"
GLY_676_A,ASN_675_A
SER_686_A,"SER_687_A,PHE_690_A"
SER_687_A,"SER_686_A,GLN_688_A,ILE_691_A"
GLN_688_A,"SER_687_A,VAL_689_A,CYS_692_A"
VAL_689_A,"GLN_688_A,PHE_690_A,LEU_693_A"
PHE_690_A,"SER_686_A,VAL_689_A,ILE_691_A,GLY_694_A"
ILE_691_A,"SER_687_A,PHE_690_A,CYS_692_A,LEU_695_A"
CYS_692_A,"GLN_688_A,ILE_691_A,LEU_693_A"
LEU_693_A,"VAL_689_A,CYS_692_A,GLY_694_A"
GLY_694_A,"PHE_690_A,LEU_693_A,LEU_695_A"
LEU_695_A,"ILE_691_A,GLY_694_A,ILE_696_A,GLN_699_A"
ILE_696_A,"LEU_695_A,LEU_697_A,ILE_700_A"
LEU_697_A,"ILE_696_A,VAL_698_A,VAL_701_A"
VAL_698_A,"LEU_697_A,GLN_699_A,MET_702_A"
GLN_699_A,"LEU_695_A,VAL_698_A,ILE_700_A,VAL_703_A"
ILE_700_A,"ILE_696_A,GLN_699_A,VAL_701_A,SER_704_A"
VAL_701_A,"LEU_697_A,ILE_700_A,MET_702_A,VAL_705_A"
MET_702_A,"VAL_698_A,VAL_701_A,VAL_703_A,TRP_706_A"
VAL_703_A,"GLN_699_A,MET_702_A,SER_704_A"
SER_704_A,"ILE_700_A,VAL_703_A,VAL_705_A"
VAL_705_A,"VAL_701_A,SER_704_A,TRP_706_A"
TRP_706_A,"MET_702_A,VAL_705_A,LEU_707_A"
LEU_707_A,"TRP_706_A,ILE_708_A"
ILE_708_A,"LEU_707_A,LEU_709_A"
LEU_709_A,"ILE_708_A,GLU_710_A"
GLU_710_A,"LEU_709_A,THR_711_A"
THR_711_A,GLU_710_A
PRO_712_A,GLY_713_A
GLY_713_A,"PRO_712_A,THR_714_A"
THR_714_A,"LYS_571_A,GLY_713_A,ARG_715_A"
ARG_715_A,"THR_714_A,ARG_716_A,VAL_732_A"
ARG_716_A,"ARG_715_A,TYR_717_A"
TYR_717_A,"ILE_570_A,ARG_716_A,THR_718_A"
THR_718_A,"TYR_569_A,LYS_571_A,TYR_717_A,LEU_719_A"
LEU_719_A,"THR_718_A,GLU_721_A,GLU_724_A"
PRO_720_A,GLU_721_A
GLU_721_A,"LEU_719_A,PRO_720_A,LYS_722_A"
LYS_722_A,"TYR_537_A,ASP_548_A,GLY_550_A,TRP_554_A,GLU_721_A,ARG_723_A"
ARG_723_A,"LYS_722_A,GLU_724_A"
GLU_724_A,"ILE_570_A,LEU_719_A,ARG_723_A,THR_725_A"
THR_725_A,"GLU_724_A,VAL_726_A"
VAL_726_A,"ALA_575_A,THR_725_A,ILE_727_A"
ILE_727_A,"VAL_726_A,LEU_728_A"
LEU_728_A,"ILE_727_A,LYS_729_A"
LYS_729_A,"LEU_728_A,CYS_730_A"
CYS_730_A,"LYS_729_A,ASN_731_A"
ASN_731_A,"CYS_730_A,VAL_732_A"
VAL_732_A,"ARG_715_A,ASN_731_A,LYS_733_A"
LYS_733_A,"VAL_732_A,ASP_734_A"
ASP_734_A,"LYS_733_A,SER_735_A,ILE_739_A"
SER_735_A,"ASP_734_A,SER_736_A,LEU_738_A"
SER_736_A,"SER_735_A,MET_737_A"
MET_737_A,"SER_736_A,LEU_738_A"
LEU_738_A,"SER_735_A,MET_737_A,ILE_739_A,THR_742_A"
ILE_739_A,"ASP_734_A,LEU_738_A,SER_740_A,TYR_743_A"
SER_740_A,"ILE_739_A,LEU_741_A"
LEU_741_A,"SER_740_A,THR_742_A,VAL_745_A"
THR_742_A,"LEU_738_A,LEU_741_A,TYR_743_A,VAL_746_A"
TYR_743_A,"ILE_739_A,THR_742_A,ASP_744_A"
ASP_744_A,"TYR_743_A,VAL_745_A"
VAL_745_A,"LEU_741_A,ASP_744_A,VAL_746_A"
VAL_746_A,"THR_742_A,VAL_745_A,LEU_747_A"
LEU_747_A,"VAL_746_A,VAL_748_A,CYS_751_A"
VAL_748_A,"LEU_747_A,ILE_749_A"
ILE_749_A,"VAL_748_A,LEU_750_A"
LEU_750_A,"ILE_749_A,CYS_751_A"
CYS_751_A,"LEU_747_A,LEU_750_A,THR_752_A,ALA_755_A"
THR_752_A,"CYS_751_A,VAL_753_A,PHE_756_A"
VAL_753_A,"THR_752_A,TYR_754_A"
TYR_754_A,"VAL_753_A,ALA_755_A,THR_758_A"
ALA_755_A,"CYS_751_A,TYR_754_A,PHE_756_A"
PHE_756_A,"THR_752_A,ALA_755_A,LYS_757_A"
LYS_757_A,"PHE_756_A,THR_758_A"
THR_758_A,"TYR_754_A,LYS_757_A,ARG_759_A"
ARG_759_A,"THR_758_A,LYS_760_A"
LYS_760_A,"ARG_759_A,CYS_761_A"
CYS_761_A,LYS_760_A
PHE_765_A,ASN_766_A
ASN_766_A,"PHE_765_A,GLU_767_A"
GLU_767_A,"ASN_766_A,ALA_768_A,ILE_771_A"
ALA_768_A,"GLU_767_A,LYS_769_A,GLY_772_A"
LYS_769_A,"ALA_768_A,PHE_770_A,PHE_773_A"
PHE_770_A,"LYS_769_A,ILE_771_A,THR_774_A"
ILE_771_A,"GLU_767_A,PHE_770_A,GLY_772_A,MET_775_A"
GLY_772_A,"ALA_768_A,ILE_771_A,PHE_773_A,TYR_776_A"
PHE_773_A,"LYS_769_A,GLY_772_A,THR_774_A"
THR_774_A,"PHE_770_A,PHE_773_A,MET_775_A"
MET_775_A,"ILE_771_A,THR_774_A,TYR_776_A"
TYR_776_A,"GLY_772_A,MET_775_A,THR_777_A"
THR_777_A,"TYR_776_A,THR_778_A,ILE_781_A"
THR_778_A,"THR_777_A,CYS_779_A,TRP_782_A"
CYS_779_A,"THR_778_A,ILE_780_A"
ILE_780_A,"CYS_779_A,ILE_781_A"
ILE_781_A,"THR_777_A,ILE_780_A,TRP_782_A,PHE_785_A"
TRP_782_A,"THR_778_A,ILE_781_A,LEU_783_A,LEU_786_A"
LEU_783_A,"TRP_782_A,ALA_784_A"
ALA_784_A,"LEU_783_A,PHE_785_A"
PHE_785_A,"ILE_781_A,ALA_784_A,LEU_786_A,PHE_789_A"
LEU_786_A,"TRP_782_A,PHE_785_A"
PRO_787_A,"ILE_788_A,VAL_791_A"
ILE_788_A,"PRO_787_A,PHE_789_A"
PHE_789_A,"PHE_785_A,ILE_788_A,TYR_790_A"
TYR_790_A,"PHE_789_A,VAL_791_A"
VAL_791_A,"PRO_787_A,TYR_790_A,THR_792_A"
THR_792_A,"VAL_791_A,SER_793_A"
SER_793_A,"THR_792_A,THR_802_A"
THR_801_A,"THR_802_A,ILE_805_A"
THR_802_A,"SER_793_A,THR_801_A,MET_803_A,SER_806_A"
MET_803_A,"THR_802_A,CYS_804_A,VAL_807_A"
CYS_804_A,"MET_803_A,ILE_805_A,SER_808_A"
ILE_805_A,"THR_801_A,CYS_804_A,SER_806_A,LEU_809_A"
SER_806_A,"THR_802_A,ILE_805_A,VAL_807_A"
VAL_807_A,"MET_803_A,SER_806_A,SER_808_A"
SER_808_A,"CYS_804_A,VAL_807_A,LEU_809_A,PHE_812_A"
LEU_809_A,"ILE_805_A,SER_808_A,SER_810_A,VAL_813_A"
SER_810_A,"LEU_809_A,GLY_811_A"
GLY_811_A,"SER_810_A,PHE_812_A,LEU_815_A"
PHE_812_A,"SER_808_A,GLY_811_A,VAL_813_A,GLY_816_A"
VAL_813_A,"LEU_809_A,PHE_812_A,VAL_814_A,CYS_817_A"
VAL_814_A,"VAL_813_A,LEU_815_A,LEU_818_A"
LEU_815_A,"GLY_811_A,VAL_814_A,GLY_816_A,PHE_819_A"
GLY_816_A,"PHE_812_A,LEU_815_A,CYS_817_A"
CYS_817_A,"VAL_813_A,GLY_816_A,LEU_818_A,ALA_820_A"
LEU_818_A,"VAL_814_A,CYS_817_A,PHE_819_A"
PHE_819_A,"LEU_815_A,LEU_818_A,ALA_820_A,LYS_822_A"
ALA_820_A,"CYS_817_A,PHE_819_A,VAL_823_A,HIS_824_A"
PRO_821_A,"LYS_822_A,ILE_825_A"
LYS_822_A,"PHE_819_A,PRO_821_A,VAL_823_A,VAL_826_A"
VAL_823_A,"ALA_820_A,LYS_822_A,HIS_824_A,LEU_827_A"
HIS_824_A,"ALA_820_A,VAL_823_A,ILE_825_A"
ILE_825_A,"PRO_821_A,HIS_824_A,VAL_826_A"
VAL_826_A,"LYS_822_A,ILE_825_A,LEU_827_A,PHE_828_A"
LEU_827_A,"VAL_823_A,VAL_826_A,PHE_828_A"
PHE_828_A,"VAL_826_A,LEU_827_A,GLN_829_A"
GLN_829_A,PHE_828_A
PRO_830_A,GLN_831_A
GLN_831_A,"PRO_830_A,LYS_832_A"
LYS_832_A,GLN_831_A
