residue_id,neighbors
MET_1_A,GLY_2_A
GLY_2_A,"MET_1_A,LYS_3_A"
LYS_3_A,"GLY_2_A,GLU_43_A"
PRO_4_A,"LYS_5_A,TYR_42_A,GLU_43_A"
LYS_5_A,"PRO_4_A,VAL_6_A,VAL_45_A,ASP_64_A,GLU_66_A"
VAL_6_A,"LYS_5_A,LEU_7_A,GLU_43_A,LEU_44_A,VAL_45_A"
LEU_7_A,"VAL_6_A,MET_8_A,PHE_58_A,ASN_61_A,LEU_62_A,ILE_67_A,ILE_69_A"
MET_8_A,"LEU_7_A,ALA_9_A,LEU_10_A,VAL_45_A,THR_46_A,THR_47_A,ILE_69_A"
ALA_9_A,"MET_8_A,LEU_10_A,ILE_69_A,ALA_76_A"
LEU_10_A,"MET_8_A,ALA_9_A,TYR_11_A"
TYR_11_A,"LEU_10_A,SER_12_A,THR_26_A,VAL_27_A,PHE_74_A,THR_330_A,GLN_335_A"
SER_12_A,"TYR_11_A,GLY_13_A,GLU_28_A"
GLY_13_A,"SER_12_A,GLY_14_A,GLU_28_A"
GLY_14_A,"GLY_13_A,LYS_15_A,GLU_28_A"
LYS_15_A,"GLY_14_A,LEU_16_A,GLU_19_A"
LEU_16_A,"LYS_15_A,ALA_17_A,GLU_20_A"
ALA_17_A,"LEU_16_A,LYS_18_A,GLU_28_A"
LYS_18_A,"ALA_17_A,GLU_19_A"
GLU_19_A,"LYS_15_A,LYS_18_A,GLU_20_A"
GLU_20_A,"LEU_16_A,GLU_19_A,ARG_22_A"
PRO_21_A,ARG_22_A
ARG_22_A,"GLU_20_A,PRO_21_A,LEU_23_A,LEU_24_A"
LEU_23_A,"ARG_22_A,LEU_24_A,THR_26_A,ASN_29_A,LEU_332_A"
LEU_24_A,"ARG_22_A,LEU_23_A,GLY_25_A,LEU_31_A"
GLY_25_A,"LEU_24_A,THR_26_A,GLN_335_A"
THR_26_A,"TYR_11_A,LEU_23_A,GLY_25_A,VAL_27_A,GLU_30_A"
VAL_27_A,"TYR_11_A,THR_26_A,GLU_28_A"
GLU_28_A,"SER_12_A,GLY_13_A,GLY_14_A,ALA_17_A,VAL_27_A,ASN_29_A"
ASN_29_A,"LEU_23_A,GLU_28_A,GLU_30_A,LEU_31_A"
GLU_30_A,"THR_26_A,ASN_29_A,LEU_31_A,GLY_32_A,ARG_34_A,THR_46_A"
LEU_31_A,"LEU_24_A,ASN_29_A,GLU_30_A,GLY_32_A"
GLY_32_A,"GLU_30_A,LEU_31_A,ILE_33_A"
ILE_33_A,"GLY_32_A,ARG_34_A,ILE_69_A,LEU_346_A"
ARG_34_A,"GLU_30_A,ILE_33_A,LYS_35_A,GLU_38_A,GLU_43_A,LEU_44_A"
LYS_35_A,"ARG_34_A,LEU_36_A,GLU_39_A"
LEU_36_A,"LYS_35_A,VAL_37_A,LEU_346_A"
VAL_37_A,"LEU_36_A,GLU_38_A,TYR_42_A,LEU_44_A"
GLU_38_A,"ARG_34_A,VAL_37_A,GLU_39_A,GLU_43_A"
GLU_39_A,"LYS_35_A,GLU_38_A,HIS_40_A"
HIS_40_A,"GLU_39_A,GLY_41_A,ASP_351_A"
GLY_41_A,"HIS_40_A,TYR_42_A"
TYR_42_A,"PRO_4_A,VAL_37_A,GLY_41_A,GLU_43_A,GLU_66_A,PHE_350_A"
GLU_43_A,"LYS_3_A,PRO_4_A,VAL_6_A,ARG_34_A,GLU_38_A,TYR_42_A,LEU_44_A"
LEU_44_A,"VAL_6_A,ARG_34_A,VAL_37_A,GLU_43_A,VAL_45_A"
VAL_45_A,"LYS_5_A,VAL_6_A,MET_8_A,LEU_44_A,THR_46_A"
THR_46_A,"MET_8_A,GLU_30_A,VAL_45_A,THR_47_A"
THR_47_A,"MET_8_A,THR_46_A,ALA_48_A,ASP_49_A"
ALA_48_A,"THR_47_A,ASP_49_A"
ASP_49_A,"THR_47_A,ALA_48_A,LYS_50_A,THR_57_A"
LYS_50_A,"ASP_49_A,ASP_51_A,PHE_74_A,PRO_75_A,ARG_82_A"
ASP_51_A,"LYS_50_A,ARG_82_A"
PRO_52_A,"PHE_53_A,SER_55_A,SER_56_A"
PHE_53_A,"PRO_52_A,PRO_54_A,ARG_82_A"
PRO_54_A,"PHE_53_A,SER_55_A"
SER_55_A,"PRO_52_A,PRO_54_A,SER_56_A"
SER_56_A,"PRO_52_A,SER_55_A,THR_57_A,ASP_59_A,LYS_60_A"
THR_57_A,"ASP_49_A,SER_56_A,PHE_58_A"
PHE_58_A,"LEU_7_A,THR_57_A,ASP_59_A,ALA_76_A"
ASP_59_A,"SER_56_A,PHE_58_A,LYS_60_A,ARG_82_A"
LYS_60_A,"SER_56_A,ASP_59_A,ASN_61_A"
ASN_61_A,"LEU_7_A,LYS_60_A,LEU_62_A"
LEU_62_A,"LEU_7_A,ASN_61_A,ASP_64_A,ARG_82_A"
PRO_63_A,ASP_64_A
ASP_64_A,"LYS_5_A,LEU_62_A,PRO_63_A,ALA_65_A,LYS_88_A"
ALA_65_A,"ASP_64_A,GLU_66_A"
GLU_66_A,"LYS_5_A,TYR_42_A,ALA_65_A,ILE_67_A,LYS_90_A,TYR_349_A"
ILE_67_A,"LEU_7_A,GLU_66_A,ILE_68_A,TYR_349_A,PHE_350_A"
ILE_68_A,"ILE_67_A,ILE_69_A,LEU_89_A,LEU_91_A,VAL_93_A"
ILE_69_A,"LEU_7_A,MET_8_A,ALA_9_A,ILE_33_A,ILE_68_A,THR_70_A"
THR_70_A,"ILE_69_A,THR_71_A,VAL_93_A,ALA_95_A,HIS_101_A,TYR_102_A"
THR_71_A,"THR_70_A,ALA_95_A"
PRO_72_A,"PHE_73_A,GLN_300_A"
PHE_73_A,"PRO_72_A,PHE_74_A"
PHE_74_A,"TYR_11_A,LYS_50_A,PHE_73_A"
PRO_75_A,"LYS_50_A,ALA_76_A"
ALA_76_A,"ALA_9_A,PHE_58_A,PRO_75_A,TYR_77_A"
TYR_77_A,"ALA_76_A,VAL_78_A,THR_79_A,HIS_101_A,GLN_300_A"
VAL_78_A,"TYR_77_A,THR_79_A,ILE_83_A,HIS_101_A,TYR_102_A,ASP_103_A"
THR_79_A,"TYR_77_A,VAL_78_A,LYS_80_A,ILE_83_A"
LYS_80_A,"THR_79_A,GLU_81_A,ALA_84_A"
GLU_81_A,"LYS_80_A,ARG_82_A"
ARG_82_A,"LYS_50_A,ASP_51_A,PHE_53_A,ASP_59_A,LEU_62_A,GLU_81_A,ILE_83_A"
ILE_83_A,"VAL_78_A,THR_79_A,ARG_82_A,ALA_84_A,LEU_107_A"
ALA_84_A,"LYS_80_A,ILE_83_A,LYS_85_A"
LYS_85_A,"ALA_84_A,ALA_86_A"
ALA_86_A,LYS_85_A
PRO_87_A,LYS_88_A
LYS_88_A,"ASP_64_A,PRO_87_A,LEU_89_A"
LEU_89_A,"ILE_68_A,LYS_88_A,LYS_90_A"
LYS_90_A,"GLU_66_A,LEU_89_A,LEU_91_A,ARG_110_A"
LEU_91_A,"ILE_68_A,LYS_90_A,CYS_92_A,VAL_93_A,LEU_115_A"
CYS_92_A,"LEU_91_A,VAL_93_A,TYR_102_A,ALA_113_A,LEU_115_A"
VAL_93_A,"ILE_68_A,THR_70_A,LEU_91_A,CYS_92_A,THR_94_A"
THR_94_A,"VAL_93_A,ALA_95_A,GLY_96_A,SER_99_A,TYR_102_A,LEU_115_A"
ALA_95_A,"THR_70_A,THR_71_A,THR_94_A,GLY_96_A,TYR_338_A"
GLY_96_A,"THR_94_A,ALA_95_A,VAL_97_A"
VAL_97_A,"GLY_96_A,GLY_98_A"
GLY_98_A,"VAL_97_A,SER_99_A,GLU_116_A"
SER_99_A,"THR_94_A,GLY_98_A,ASP_100_A,GLU_116_A,TYR_373_A"
ASP_100_A,"SER_99_A,HIS_101_A,ARG_272_A"
HIS_101_A,"THR_70_A,TYR_77_A,VAL_78_A,ASP_100_A,TYR_102_A,ARG_272_A"
TYR_102_A,"THR_70_A,VAL_78_A,CYS_92_A,THR_94_A,HIS_101_A,ASP_103_A,LEU_107_A"
ASP_103_A,"VAL_78_A,TYR_102_A,LEU_104_A"
LEU_104_A,"ASP_103_A,ASN_105_A,TYR_368_A,TYR_373_A"
ASN_105_A,"LEU_104_A,ALA_106_A,TYR_368_A"
ALA_106_A,"ASN_105_A,LEU_107_A"
LEU_107_A,"ILE_83_A,TYR_102_A,ALA_106_A,ASN_108_A,ILE_112_A,VAL_114_A"
ASN_108_A,"LEU_107_A,GLU_109_A,ARG_110_A,GLY_111_A"
GLU_109_A,"ASN_108_A,ARG_110_A"
ARG_110_A,"LYS_90_A,ASN_108_A,GLU_109_A,GLY_111_A,ILE_112_A"
GLY_111_A,"ASN_108_A,ARG_110_A,ILE_112_A"
ILE_112_A,"LEU_107_A,ARG_110_A,GLY_111_A,ALA_113_A"
ALA_113_A,"CYS_92_A,ILE_112_A,VAL_114_A"
VAL_114_A,"LEU_107_A,ALA_113_A,LEU_115_A,ILE_362_A,CYS_363_A"
LEU_115_A,"LEU_91_A,CYS_92_A,THR_94_A,VAL_114_A,GLU_116_A,ASP_360_A,VAL_361_A"
GLU_116_A,"GLY_98_A,SER_99_A,LEU_115_A,VAL_117_A,ASP_360_A,TYR_373_A"
VAL_117_A,"GLU_116_A,THR_118_A,SER_120_A"
THR_118_A,"VAL_117_A,GLY_119_A,ARG_357_A,GLN_359_A"
GLY_119_A,"THR_118_A,SER_120_A"
SER_120_A,"VAL_117_A,GLY_119_A,ASN_121_A,ARG_337_A"
ASN_121_A,"SER_120_A,VAL_122_A"
VAL_122_A,"ASN_121_A,GLN_123_A,ARG_176_A"
GLN_123_A,"VAL_122_A,SER_124_A"
SER_124_A,"GLN_123_A,VAL_125_A"
VAL_125_A,"SER_124_A,ALA_126_A,HIS_128_A,ALA_129_A,ILE_177_A"
ALA_126_A,"VAL_125_A,GLU_127_A"
GLU_127_A,"ALA_126_A,HIS_128_A,MET_131_A,ARG_184_A"
HIS_128_A,"VAL_125_A,GLU_127_A,ALA_129_A,THR_132_A,ASP_295_A"
ALA_129_A,"VAL_125_A,HIS_128_A,ILE_130_A,MET_133_A,ILE_181_A"
ILE_130_A,"ALA_129_A,MET_131_A,LEU_134_A,LEU_185_A"
MET_131_A,"GLU_127_A,ILE_130_A,THR_132_A,ILE_135_A"
THR_132_A,"HIS_128_A,MET_131_A,MET_133_A,LEU_136_A,ILE_268_A"
MET_133_A,"ALA_129_A,THR_132_A,LEU_134_A,LEU_137_A,VAL_238_A,ILE_268_A"
LEU_134_A,"ILE_130_A,MET_133_A,ILE_135_A,MET_164_A"
ILE_135_A,"MET_131_A,LEU_134_A,LEU_136_A,TYR_140_A"
LEU_136_A,"THR_132_A,ILE_135_A,LEU_137_A,TYR_266_A,ALA_322_A"
LEU_137_A,"MET_133_A,LEU_136_A,ARG_138_A,PHE_162_A,VAL_238_A,TYR_266_A"
ARG_138_A,"LEU_137_A,ASN_139_A,GLU_161_A,ASP_163_A"
ASN_139_A,"ARG_138_A,TYR_140_A,VAL_157_A"
TYR_140_A,"ILE_135_A,ASN_139_A,GLY_141_A,HIS_144_A"
GLY_141_A,"TYR_140_A,GLU_142_A,ALA_145_A"
GLU_142_A,"GLY_141_A,GLY_143_A,GLN_146_A,ASP_318_A,TYR_319_A"
GLY_143_A,"GLU_142_A,HIS_144_A"
HIS_144_A,"TYR_140_A,GLY_143_A,ALA_145_A,THR_148_A"
ALA_145_A,"GLY_141_A,HIS_144_A,GLN_146_A,THR_148_A,GLN_149_A"
GLN_146_A,"GLU_142_A,ALA_145_A,ALA_147_A,THR_151_A"
ALA_147_A,"GLN_146_A,THR_148_A"
THR_148_A,"HIS_144_A,ALA_145_A,ALA_147_A,GLN_149_A"
GLN_149_A,"ALA_145_A,THR_148_A,GLY_150_A"
GLY_150_A,"GLN_149_A,THR_151_A"
THR_151_A,"GLN_146_A,GLY_150_A,TRP_152_A"
TRP_152_A,"THR_151_A,ASP_153_A"
ASP_153_A,"TRP_152_A,ILE_154_A"
ILE_154_A,"ASP_153_A,ALA_155_A,ALA_158_A"
ALA_155_A,"ILE_154_A,ALA_156_A,ARG_159_A"
ALA_156_A,"ALA_155_A,VAL_157_A,TYR_319_A"
VAL_157_A,"ASN_139_A,ALA_156_A,ALA_158_A"
ALA_158_A,"ILE_154_A,VAL_157_A,ARG_159_A"
ARG_159_A,"ALA_155_A,ALA_158_A,ASP_160_A"
ASP_160_A,"ARG_159_A,GLU_161_A"
GLU_161_A,"ARG_138_A,ASP_160_A,PHE_162_A,ASP_163_A"
PHE_162_A,"LEU_137_A,GLU_161_A,ASP_163_A"
ASP_163_A,"ARG_138_A,GLU_161_A,PHE_162_A,MET_164_A,GLU_165_A,ARG_167_A"
MET_164_A,"LEU_134_A,ASP_163_A,GLU_165_A,PHE_169_A,LEU_185_A"
GLU_165_A,"ASP_163_A,MET_164_A,ASP_166_A,ASN_189_A"
ASP_166_A,"GLU_165_A,ARG_167_A,ASN_189_A,LYS_191_A"
ARG_167_A,"ASP_163_A,ASP_166_A,VAL_168_A,LYS_191_A,ASP_237_A"
VAL_168_A,"ARG_167_A,PHE_169_A,LYS_191_A,LEU_194_A,ASP_237_A"
PHE_169_A,"MET_164_A,VAL_168_A,ALA_170_A,LEU_185_A,PRO_190_A,LEU_194_A,VAL_238_A"
ALA_170_A,"PHE_169_A,THR_171_A,LEU_232_A,ALA_236_A,VAL_238_A,THR_240_A"
THR_171_A,"ALA_170_A,ILE_172_A,GLY_173_A,TYR_195_A"
ILE_172_A,"THR_171_A,GLY_173_A,TYR_196_A,LEU_229_A,THR_240_A,LEU_241_A,ASN_242_A"
GLY_173_A,"THR_171_A,ILE_172_A,ALA_174_A"
ALA_174_A,"GLY_173_A,GLY_175_A"
GLY_175_A,"ALA_174_A,ARG_176_A,TYR_179_A"
ARG_176_A,"VAL_122_A,GLY_175_A,ILE_177_A"
ILE_177_A,"VAL_125_A,ARG_176_A,GLY_178_A,ILE_181_A"
GLY_178_A,"ILE_177_A,TYR_179_A,ILE_181_A"
TYR_179_A,"GLY_175_A,GLY_178_A,ARG_180_A,GLU_183_A,ALA_205_A"
ARG_180_A,"TYR_179_A,ILE_181_A,GLU_183_A,ARG_184_A"
ILE_181_A,"ALA_129_A,ILE_177_A,GLY_178_A,ARG_180_A,LEU_182_A"
LEU_182_A,"ILE_181_A,GLU_183_A"
GLU_183_A,"TYR_179_A,ARG_180_A,LEU_182_A,ARG_184_A,LYS_208_A"
ARG_184_A,"GLU_127_A,ARG_180_A,GLU_183_A,LEU_185_A"
LEU_185_A,"ILE_130_A,MET_164_A,PHE_169_A,ARG_184_A,ILE_186_A,PHE_188_A"
ILE_186_A,"LEU_185_A,ALA_187_A,LEU_193_A,ALA_212_A,ASN_217_A"
ALA_187_A,"ILE_186_A,PHE_188_A"
PHE_188_A,"LEU_185_A,ALA_187_A,ASN_189_A"
ASN_189_A,"GLU_165_A,ASP_166_A,PHE_188_A"
PRO_190_A,"PHE_169_A,LYS_191_A,LEU_193_A"
LYS_191_A,"ASP_166_A,ARG_167_A,VAL_168_A,PRO_190_A,LYS_192_A"
LYS_192_A,"LYS_191_A,LEU_193_A,GLU_224_A"
LEU_193_A,"ILE_186_A,PRO_190_A,LYS_192_A,LEU_194_A,ILE_222_A,GLU_224_A"
LEU_194_A,"VAL_168_A,PHE_169_A,LEU_193_A,TYR_195_A,VAL_226_A"
TYR_195_A,"THR_171_A,LEU_194_A,TYR_196_A,LEU_201_A,ILE_223_A,ARG_225_A"
TYR_196_A,"ILE_172_A,TYR_195_A,GLN_197_A,LEU_229_A,LEU_232_A"
GLN_197_A,"TYR_196_A,ARG_198_A"
ARG_198_A,"GLN_197_A,ASN_199_A"
ASN_199_A,ARG_198_A
PRO_200_A,LEU_201_A
LEU_201_A,"TYR_195_A,PRO_200_A"
PRO_202_A,"GLU_203_A,ALA_205_A"
GLU_203_A,"PRO_202_A,GLU_204_A,ASN_207_A"
GLU_204_A,"GLU_203_A,ALA_205_A,LYS_208_A"
ALA_205_A,"TYR_179_A,PRO_202_A,GLU_204_A,ILE_206_A"
ILE_206_A,"ALA_205_A,ASN_207_A,ILE_223_A"
ASN_207_A,"GLU_203_A,ILE_206_A,LYS_208_A,ALA_211_A"
LYS_208_A,"GLU_183_A,GLU_204_A,ASN_207_A,LEU_209_A,ALA_212_A"
LEU_209_A,"LYS_208_A,ASN_210_A,SER_213_A"
ASN_210_A,"LEU_209_A,ALA_211_A,LYS_214_A,ILE_222_A"
ALA_211_A,"ASN_207_A,ASN_210_A,ALA_212_A,LEU_215_A"
ALA_212_A,"ILE_186_A,LYS_208_A,ALA_211_A,SER_213_A,PHE_216_A"
SER_213_A,"LEU_209_A,ALA_212_A,LYS_214_A,ASN_217_A,VAL_219_A"
LYS_214_A,"ASN_210_A,SER_213_A,LEU_215_A,GLY_218_A,VAL_219_A,ASP_220_A"
LEU_215_A,"ALA_211_A,LYS_214_A,PHE_216_A"
PHE_216_A,"ALA_212_A,LEU_215_A,ASN_217_A"
ASN_217_A,"ILE_186_A,SER_213_A,PHE_216_A,GLY_218_A"
GLY_218_A,"LYS_214_A,ASN_217_A,VAL_219_A"
VAL_219_A,"SER_213_A,LYS_214_A,GLY_218_A,ASP_220_A"
ASP_220_A,"LYS_214_A,VAL_219_A,ASN_221_A"
ASN_221_A,"ASP_220_A,ILE_222_A"
ILE_222_A,"LEU_193_A,ASN_210_A,ASN_221_A,ILE_223_A"
ILE_223_A,"TYR_195_A,ILE_206_A,ILE_222_A,GLU_224_A"
GLU_224_A,"LYS_192_A,LEU_193_A,ILE_223_A,ARG_225_A"
ARG_225_A,"TYR_195_A,GLU_224_A,VAL_226_A,GLU_227_A"
VAL_226_A,"LEU_194_A,ARG_225_A,GLU_227_A,ASP_231_A"
GLU_227_A,"ARG_225_A,VAL_226_A,ASN_228_A"
ASN_228_A,"GLU_227_A,LEU_229_A,GLU_230_A,ASP_231_A"
LEU_229_A,"ILE_172_A,TYR_196_A,ASN_228_A,GLU_230_A,LEU_257_A"
GLU_230_A,"ASN_228_A,LEU_229_A,ASP_231_A,SER_234_A,GLU_256_A"
ASP_231_A,"VAL_226_A,ASN_228_A,GLU_230_A,LEU_232_A,GLN_235_A"
LEU_232_A,"ALA_170_A,TYR_196_A,ASP_231_A,VAL_233_A"
VAL_233_A,"LEU_232_A,SER_234_A,MET_261_A"
SER_234_A,"GLU_230_A,VAL_233_A,GLN_235_A"
GLN_235_A,"ASP_231_A,SER_234_A,ALA_236_A"
ALA_236_A,"ALA_170_A,GLN_235_A,ASP_237_A"
ASP_237_A,"ARG_167_A,VAL_168_A,ALA_236_A,VAL_238_A,LYS_262_A,TYR_266_A"
VAL_238_A,"MET_133_A,LEU_137_A,PHE_169_A,ALA_170_A,ASP_237_A,VAL_239_A"
VAL_239_A,"VAL_238_A,THR_240_A,PHE_253_A,MET_261_A,ILE_268_A"
THR_240_A,"ALA_170_A,ILE_172_A,VAL_239_A,LEU_241_A,ILE_268_A"
LEU_241_A,"ILE_172_A,THR_240_A,ASN_242_A,ILE_268_A"
ASN_242_A,"ILE_172_A,LEU_241_A,CYS_243_A"
CYS_243_A,ASN_242_A
PRO_244_A,"LEU_245_A,TYR_246_A,SER_249_A"
LEU_245_A,"PRO_244_A,TYR_246_A,LEU_275_A"
TYR_246_A,"PRO_244_A,LEU_245_A,GLU_247_A,LYS_248_A,SER_249_A"
GLU_247_A,"TYR_246_A,LYS_248_A"
LYS_248_A,"TYR_246_A,GLU_247_A,SER_249_A"
SER_249_A,"PRO_244_A,TYR_246_A,LYS_248_A,LYS_250_A"
LYS_250_A,"SER_249_A,GLY_251_A"
GLY_251_A,"LYS_250_A,MET_252_A"
MET_252_A,"GLY_251_A,PHE_253_A,ASN_254_A,LEU_275_A"
PHE_253_A,"VAL_239_A,MET_252_A,ASN_254_A,LEU_257_A,ILE_258_A,ASP_277_A"
ASN_254_A,"MET_252_A,PHE_253_A,LYS_255_A,ILE_258_A"
LYS_255_A,"ASN_254_A,GLU_256_A"
GLU_256_A,"GLU_230_A,LYS_255_A,LEU_257_A,SER_259_A,LYS_260_A"
LEU_257_A,"LEU_229_A,PHE_253_A,GLU_256_A,ILE_258_A"
ILE_258_A,"PHE_253_A,ASN_254_A,LEU_257_A,SER_259_A,MET_261_A,ALA_284_A"
SER_259_A,"GLU_256_A,ILE_258_A,LYS_260_A"
LYS_260_A,"GLU_256_A,SER_259_A,MET_261_A"
MET_261_A,"VAL_233_A,VAL_239_A,ILE_258_A,LYS_260_A,LYS_262_A,VAL_267_A,HIS_289_A"
LYS_262_A,"ASP_237_A,MET_261_A,LYS_263_A,SER_265_A"
LYS_263_A,"LYS_262_A,GLY_264_A"
GLY_264_A,"LYS_263_A,SER_265_A,HIS_289_A"
SER_265_A,"LYS_262_A,GLY_264_A,TYR_266_A,ALA_291_A"
TYR_266_A,"LEU_136_A,LEU_137_A,ASP_237_A,SER_265_A,VAL_267_A,ALA_291_A"
VAL_267_A,"MET_261_A,TYR_266_A,ILE_268_A,ALA_291_A,TYR_292_A"
ILE_268_A,"THR_132_A,MET_133_A,VAL_239_A,THR_240_A,LEU_241_A,VAL_267_A,ASN_269_A"
ASN_269_A,"ILE_268_A,THR_270_A,ALA_271_A,GLY_293_A"
THR_270_A,"ASN_269_A,ALA_271_A"
ALA_271_A,"ASN_269_A,THR_270_A,ARG_272_A,LEU_275_A"
ARG_272_A,"ASP_100_A,HIS_101_A,ALA_271_A,GLY_273_A,HIS_326_A"
GLY_273_A,"ARG_272_A,ALA_274_A"
ALA_274_A,"GLY_273_A,LEU_275_A"
LEU_275_A,"LEU_245_A,MET_252_A,ALA_271_A,ALA_274_A,THR_276_A"
THR_276_A,"LEU_275_A,ASP_277_A"
ASP_277_A,"PHE_253_A,THR_276_A,ALA_280_A,ILE_281_A"
PRO_278_A,"GLN_279_A,PRO_298_A,TRP_308_A"
GLN_279_A,"PRO_278_A,ALA_280_A,ASP_283_A"
ALA_280_A,"ASP_277_A,GLN_279_A,ILE_281_A"
ILE_281_A,"ASP_277_A,ALA_280_A,ALA_282_A,VAL_285_A,TYR_292_A"
ALA_282_A,"ILE_281_A,ASP_283_A,ASN_286_A,PRO_307_A"
ASP_283_A,"GLN_279_A,ALA_282_A,ALA_284_A"
ALA_284_A,"ILE_258_A,ASP_283_A,VAL_285_A,ILE_290_A"
VAL_285_A,"ILE_281_A,ALA_284_A,ASN_286_A,GLY_288_A,TYR_292_A,MET_311_A"
ASN_286_A,"ALA_282_A,VAL_285_A,SER_287_A"
SER_287_A,"ASN_286_A,GLY_288_A"
GLY_288_A,"VAL_285_A,SER_287_A,HIS_289_A"
HIS_289_A,"MET_261_A,GLY_264_A,GLY_288_A,ILE_290_A"
ILE_290_A,"ALA_284_A,HIS_289_A,ALA_291_A"
ALA_291_A,"SER_265_A,TYR_266_A,VAL_267_A,ILE_290_A,TYR_292_A"
TYR_292_A,"VAL_267_A,ILE_281_A,VAL_285_A,ALA_291_A,GLY_293_A,GLY_320_A"
GLY_293_A,"ASN_269_A,TYR_292_A,GLY_294_A"
GLY_294_A,"GLY_293_A,ASP_295_A,THR_324_A"
ASP_295_A,"HIS_128_A,GLY_294_A,VAL_296_A,HIS_326_A,SER_328_A"
VAL_296_A,"ASP_295_A,TRP_297_A"
TRP_297_A,"VAL_296_A,ALA_302_A,TRP_308_A,ARG_309_A,MET_323_A"
PRO_298_A,"PRO_278_A,VAL_299_A"
VAL_299_A,"PRO_298_A,GLN_300_A"
GLN_300_A,"PRO_72_A,TYR_77_A,VAL_299_A,HIS_326_A"
PRO_301_A,ALA_302_A
ALA_302_A,"TRP_297_A,PRO_301_A,ARG_309_A"
PRO_303_A,"LYS_304_A,ARG_309_A"
LYS_304_A,"PRO_303_A,ASP_305_A"
ASP_305_A,"LYS_304_A,MET_306_A"
MET_306_A,"ASP_305_A,ARG_309_A"
PRO_307_A,"ALA_282_A,TRP_308_A"
TRP_308_A,"PRO_278_A,TRP_297_A,PRO_307_A,ARG_309_A,MET_311_A,ASN_321_A"
ARG_309_A,"TRP_297_A,ALA_302_A,PRO_303_A,MET_306_A,TRP_308_A,THR_310_A"
THR_310_A,"ARG_309_A,MET_311_A"
MET_311_A,"VAL_285_A,TRP_308_A,THR_310_A,HIS_312_A,ASN_321_A"
HIS_312_A,"MET_311_A,ASN_313_A"
ASN_313_A,"HIS_312_A,TYR_319_A"
PRO_314_A,"TYR_315_A,GLY_316_A"
TYR_315_A,"PRO_314_A,GLY_316_A,TYR_319_A"
GLY_316_A,"PRO_314_A,TYR_315_A,LYS_317_A"
LYS_317_A,"GLY_316_A,ASP_318_A"
ASP_318_A,"GLU_142_A,LYS_317_A,TYR_319_A"
TYR_319_A,"GLU_142_A,ALA_156_A,ASN_313_A,TYR_315_A,ASP_318_A,GLY_320_A"
GLY_320_A,"TYR_292_A,TYR_319_A,ASN_321_A"
ASN_321_A,"TRP_308_A,MET_311_A,GLY_320_A,ALA_322_A,MET_323_A"
ALA_322_A,"LEU_136_A,ASN_321_A,MET_323_A"
MET_323_A,"TRP_297_A,ASN_321_A,ALA_322_A,THR_324_A"
THR_324_A,"GLY_294_A,MET_323_A,VAL_325_A"
VAL_325_A,"THR_324_A,HIS_326_A,VAL_327_A"
HIS_326_A,"ARG_272_A,ASP_295_A,GLN_300_A,VAL_325_A,VAL_327_A"
VAL_327_A,"VAL_325_A,HIS_326_A,SER_328_A,THR_330_A"
SER_328_A,"ASP_295_A,VAL_327_A,GLY_329_A"
GLY_329_A,"SER_328_A,THR_330_A"
THR_330_A,"TYR_11_A,VAL_327_A,GLY_329_A,SER_331_A,GLN_335_A"
SER_331_A,"THR_330_A,LEU_332_A,ALA_334_A,GLN_335_A"
LEU_332_A,"LEU_23_A,SER_331_A,ASP_333_A"
ASP_333_A,"LEU_332_A,ALA_334_A,ARG_337_A"
ALA_334_A,"SER_331_A,ASP_333_A,GLN_335_A,ARG_337_A"
GLN_335_A,"TYR_11_A,GLY_25_A,THR_330_A,SER_331_A,ALA_334_A,ALA_336_A,ALA_339_A"
ALA_336_A,"GLN_335_A,ARG_337_A"
ARG_337_A,"SER_120_A,ASP_333_A,ALA_334_A,ALA_336_A,TYR_338_A,GLY_341_A"
TYR_338_A,"ALA_95_A,ARG_337_A,ALA_339_A"
ALA_339_A,"GLN_335_A,TYR_338_A,ASN_340_A"
ASN_340_A,"ALA_339_A,GLY_341_A"
GLY_341_A,"ARG_337_A,ASN_340_A,VAL_342_A"
VAL_342_A,"GLY_341_A,LYS_343_A"
LYS_343_A,"VAL_342_A,GLN_344_A,THR_347_A"
GLN_344_A,"LYS_343_A,ILE_345_A"
ILE_345_A,"GLN_344_A,LEU_346_A"
LEU_346_A,"ILE_33_A,LEU_36_A,ILE_345_A,THR_347_A,PHE_350_A"
THR_347_A,"LYS_343_A,LEU_346_A,GLU_348_A,ASP_351_A"
GLU_348_A,"THR_347_A,TYR_349_A,THR_353_A,TYR_354_A,LYS_355_A,TYR_356_A"
TYR_349_A,"GLU_66_A,ILE_67_A,GLU_348_A,PHE_350_A"
PHE_350_A,"TYR_42_A,ILE_67_A,LEU_346_A,TYR_349_A,ASP_351_A"
ASP_351_A,"HIS_40_A,THR_347_A,PHE_350_A,LYS_352_A"
LYS_352_A,"ASP_351_A,THR_353_A"
THR_353_A,"GLU_348_A,LYS_352_A,TYR_354_A"
TYR_354_A,"GLU_348_A,THR_353_A,LYS_355_A,TYR_356_A"
LYS_355_A,"GLU_348_A,TYR_354_A,TYR_356_A"
TYR_356_A,"GLU_348_A,TYR_354_A,LYS_355_A,ARG_357_A"
ARG_357_A,"THR_118_A,TYR_356_A,ASP_360_A"
PRO_358_A,GLN_359_A
GLN_359_A,"THR_118_A,PRO_358_A,ASP_360_A"
ASP_360_A,"LEU_115_A,GLU_116_A,ARG_357_A,GLN_359_A,VAL_361_A"
VAL_361_A,"LEU_115_A,ASP_360_A,ILE_362_A,ILE_364_A,ALA_369_A"
ILE_362_A,"VAL_114_A,VAL_361_A,CYS_363_A,ALA_369_A,TYR_373_A"
CYS_363_A,"VAL_114_A,ILE_362_A,ILE_364_A"
ILE_364_A,"VAL_361_A,CYS_363_A,ASP_365_A"
ASP_365_A,"ILE_364_A,GLY_366_A,HIS_367_A"
GLY_366_A,"ASP_365_A,HIS_367_A"
HIS_367_A,"ASP_365_A,GLY_366_A,TYR_368_A"
TYR_368_A,"LEU_104_A,ASN_105_A,HIS_367_A,ALA_369_A"
ALA_369_A,"VAL_361_A,ILE_362_A,TYR_368_A,THR_370_A"
THR_370_A,"ALA_369_A,THR_371_A"
THR_371_A,"THR_370_A,SER_372_A"
SER_372_A,"THR_371_A,TYR_373_A"
TYR_373_A,"SER_99_A,LEU_104_A,GLU_116_A,ILE_362_A,SER_372_A,GLY_374_A"
GLY_374_A,TYR_373_A
