residue_id,neighbors
PRO_8_A,"MET_9_A,PHE_55_A"
MET_9_A,"PRO_8_A,GLU_10_A,VAL_54_A"
GLU_10_A,"MET_9_A,ARG_11_A"
ARG_11_A,"GLU_10_A,MET_12_A,GLU_158_A,ASP_162_A"
MET_12_A,"ARG_11_A,ASP_13_A,PHE_21_A,PHE_160_A,ASP_162_A"
ASP_13_A,"MET_12_A,ARG_14_A,ASP_15_A,THR_16_A"
ARG_14_A,"ASP_13_A,ASP_15_A,TRP_157_A,GLU_164_A"
ASP_15_A,"ASP_13_A,ARG_14_A,THR_16_A,ASP_19_A"
THR_16_A,"ASP_13_A,ASP_15_A,PHE_17_A,ASN_20_A,TRP_34_A"
PHE_17_A,"THR_16_A,TYR_18_A,PHE_21_A,TRP_157_A,VAL_161_A"
TYR_18_A,"PHE_17_A,ASP_19_A,TRP_157_A,MET_169_A,TRP_171_A"
ASP_19_A,"ASP_15_A,TYR_18_A,ASN_20_A,ARG_30_A"
ASN_20_A,"THR_16_A,ASP_19_A,PHE_21_A,ARG_122_A"
PHE_21_A,"MET_12_A,PHE_17_A,ASN_20_A,GLU_22_A,TRP_34_A"
GLU_22_A,"PHE_21_A,ASN_23_A,GLU_24_A,ARG_30_A,ARG_122_A,TRP_171_A"
ASN_23_A,"GLU_22_A,GLU_24_A"
GLU_24_A,"GLU_22_A,ASN_23_A,LYS_173_A"
PRO_25_A,"ILE_26_A,TYR_125_A,PHE_180_A"
ILE_26_A,"PRO_25_A,LEU_27_A"
LEU_27_A,"ILE_26_A,SER_28_A,TYR_125_A"
SER_28_A,"LEU_27_A,GLY_29_A,ARG_30_A"
GLY_29_A,"SER_28_A,ARG_30_A"
ARG_30_A,"ASP_19_A,GLU_22_A,SER_28_A,GLY_29_A,SER_31_A,ARG_122_A"
SER_31_A,"ARG_30_A,TYR_32_A,VAL_59_A"
TYR_32_A,"SER_31_A,THR_33_A"
THR_33_A,"TYR_32_A,TRP_34_A,GLY_57_A"
TRP_34_A,"THR_16_A,PHE_21_A,THR_33_A,LEU_35_A,VAL_54_A,ARG_56_A,SER_93_A"
LEU_35_A,"TRP_34_A,CYS_36_A,PHE_55_A,TRP_90_A,VAL_92_A"
CYS_36_A,"LEU_35_A,TYR_37_A,PHE_91_A,PHE_160_A"
TYR_37_A,"CYS_36_A,GLU_38_A,PHE_55_A,PHE_71_A,TRP_74_A"
GLU_38_A,"TYR_37_A,VAL_39_A,LYS_40_A,THR_52_A,THR_89_A,TYR_155_A,PHE_160_A"
VAL_39_A,"GLU_38_A,LYS_40_A,TRP_50_A,ASP_51_A,PHE_86_A"
LYS_40_A,"GLU_38_A,VAL_39_A,ILE_41_A,ASN_47_A,GLN_87_A"
ILE_41_A,"LYS_40_A,LYS_42_A,LEU_48_A,PHE_86_A"
LYS_42_A,"ILE_41_A,ARG_43_A"
ARG_43_A,"LYS_42_A,GLY_44_A"
GLY_44_A,"ARG_43_A,ARG_45_A"
ARG_45_A,"GLY_44_A,SER_46_A"
SER_46_A,"ARG_45_A,ASN_47_A"
ASN_47_A,"LYS_40_A,SER_46_A,LEU_48_A"
LEU_48_A,"ILE_41_A,ASN_47_A,LEU_49_A"
LEU_49_A,"LEU_48_A,TRP_50_A,THR_52_A"
TRP_50_A,"VAL_39_A,LEU_49_A,ASP_51_A"
ASP_51_A,"VAL_39_A,TRP_50_A,THR_52_A,GLN_79_A"
THR_52_A,"GLU_38_A,LEU_49_A,ASP_51_A,GLY_53_A"
GLY_53_A,"THR_52_A,VAL_54_A"
VAL_54_A,"MET_9_A,TRP_34_A,GLY_53_A,PHE_55_A"
PHE_55_A,"PRO_8_A,LEU_35_A,TYR_37_A,VAL_54_A,ARG_56_A,CYS_70_A,TRP_74_A"
ARG_56_A,"TRP_34_A,PHE_55_A,GLY_57_A"
GLY_57_A,"THR_33_A,ARG_56_A,GLN_58_A"
GLN_58_A,"GLY_57_A,VAL_59_A,TYR_65_A"
VAL_59_A,"SER_31_A,GLN_58_A,TYR_60_A"
TYR_60_A,"VAL_59_A,PHE_61_A"
PHE_61_A,"TYR_60_A,LYS_62_A,HIS_66_A"
LYS_62_A,"PHE_61_A,GLN_64_A,TYR_65_A"
PRO_63_A,"GLN_64_A,HIS_66_A"
GLN_64_A,"LYS_62_A,PRO_63_A,TYR_65_A"
TYR_65_A,"GLN_58_A,LYS_62_A,GLN_64_A,HIS_66_A"
HIS_66_A,"PHE_61_A,PRO_63_A,TYR_65_A,ALA_67_A,GLU_68_A,CYS_70_A"
ALA_67_A,"HIS_66_A,GLU_68_A,PHE_71_A"
GLU_68_A,"HIS_66_A,ALA_67_A,MET_69_A,LEU_72_A,TRP_90_A"
MET_69_A,"GLU_68_A,CYS_70_A,SER_73_A"
CYS_70_A,"PHE_55_A,HIS_66_A,MET_69_A,PHE_71_A"
PHE_71_A,"TYR_37_A,ALA_67_A,CYS_70_A,LEU_72_A,PHE_75_A,ILE_88_A,TRP_90_A"
LEU_72_A,"GLU_68_A,PHE_71_A,SER_73_A,CYS_76_A"
SER_73_A,"MET_69_A,LEU_72_A,TRP_74_A"
TRP_74_A,"TYR_37_A,PHE_55_A,SER_73_A,PHE_75_A,ASN_78_A"
PHE_75_A,"PHE_71_A,TRP_74_A,CYS_76_A,GLN_79_A,LEU_80_A,PHE_107_A"
CYS_76_A,"LEU_72_A,PHE_75_A,GLY_77_A"
GLY_77_A,"CYS_76_A,ASN_78_A"
ASN_78_A,"TRP_74_A,GLY_77_A,GLN_79_A"
GLN_79_A,"ASP_51_A,PHE_75_A,ASN_78_A,LEU_80_A"
LEU_80_A,"PHE_75_A,GLN_79_A"
PRO_81_A,ALA_82_A
ALA_82_A,"PRO_81_A,ASP_83_A"
ASP_83_A,"ALA_82_A,LYS_84_A"
LYS_84_A,"ASP_83_A,CYS_85_A,ASN_113_A"
CYS_85_A,"LYS_84_A,PHE_86_A"
PHE_86_A,"VAL_39_A,ILE_41_A,CYS_85_A,GLN_87_A,ASN_113_A,THR_115_A"
GLN_87_A,"LYS_40_A,PHE_86_A,ILE_88_A"
ILE_88_A,"PHE_71_A,GLN_87_A,THR_89_A,VAL_114_A,THR_115_A,LEU_116_A,THR_117_A"
THR_89_A,"GLU_38_A,ILE_88_A,TRP_90_A,PHE_91_A"
TRP_90_A,"LEU_35_A,GLU_68_A,PHE_71_A,THR_89_A,PHE_91_A,VAL_92_A,LEU_104_A,THR_117_A,ILE_118_A,SER_119_A"
PHE_91_A,"CYS_36_A,THR_89_A,TRP_90_A,VAL_92_A,PHE_160_A"
VAL_92_A,"LEU_35_A,TRP_90_A,PHE_91_A,SER_93_A,ILE_118_A,SER_119_A,ALA_120_A,ALA_121_A"
SER_93_A,"TRP_34_A,VAL_92_A,TRP_94_A"
TRP_94_A,"SER_93_A,THR_95_A,ARG_122_A,TYR_125_A"
THR_95_A,"TRP_94_A,ALA_120_A,TYR_124_A,TYR_126_A"
PRO_96_A,"CYS_97_A,TYR_126_A"
CYS_97_A,"PRO_96_A,VAL_101_A,TYR_124_A"
PRO_98_A,"ASP_99_A,ASP_130_A"
ASP_99_A,"PRO_98_A,CYS_100_A"
CYS_100_A,"ASP_99_A,VAL_101_A,LEU_104_A"
VAL_101_A,"CYS_97_A,CYS_100_A,ALA_102_A,ALA_105_A"
ALA_102_A,"VAL_101_A,LYS_103_A,GLU_106_A"
LYS_103_A,"ALA_102_A,LEU_104_A,GLU_106_A,PHE_107_A"
LEU_104_A,"TRP_90_A,CYS_100_A,LYS_103_A,ALA_105_A,LEU_108_A"
ALA_105_A,"VAL_101_A,LEU_104_A,GLU_106_A,SER_109_A"
GLU_106_A,"ALA_102_A,LYS_103_A,ALA_105_A,PHE_107_A,SER_109_A"
PHE_107_A,"PHE_75_A,LYS_103_A,GLU_106_A,LEU_108_A,HIS_111_A"
LEU_108_A,"LEU_104_A,PHE_107_A,SER_109_A"
SER_109_A,"ALA_105_A,GLU_106_A,LEU_108_A,GLU_110_A"
GLU_110_A,"SER_109_A,HIS_111_A"
HIS_111_A,"PHE_107_A,GLU_110_A"
PRO_112_A,ASN_113_A
ASN_113_A,"LYS_84_A,PHE_86_A,PRO_112_A,VAL_114_A"
VAL_114_A,"ILE_88_A,ASN_113_A,THR_115_A"
THR_115_A,"PHE_86_A,ILE_88_A,VAL_114_A,LEU_116_A"
LEU_116_A,"ILE_88_A,THR_115_A,THR_117_A,ILE_118_A,ARG_144_A"
THR_117_A,"ILE_88_A,TRP_90_A,LEU_116_A,ILE_118_A"
ILE_118_A,"TRP_90_A,VAL_92_A,LEU_116_A,THR_117_A,SER_119_A,LEU_138_A,ARG_144_A,LYS_146_A"
SER_119_A,"TRP_90_A,VAL_92_A,ILE_118_A,ALA_120_A,GLU_152_A"
ALA_120_A,"VAL_92_A,THR_95_A,SER_119_A,ALA_121_A,LYS_146_A,MET_148_A"
ALA_121_A,"VAL_92_A,ALA_120_A,ARG_122_A"
ARG_122_A,"ASN_20_A,GLU_22_A,ARG_30_A,TRP_94_A,ALA_121_A,LEU_123_A"
LEU_123_A,"ARG_122_A,TYR_124_A,THR_184_A"
TYR_124_A,"THR_95_A,CYS_97_A,LEU_123_A,TYR_125_A,TYR_126_A"
TYR_125_A,"PRO_25_A,LEU_27_A,TRP_94_A,TYR_124_A,TYR_126_A"
TYR_126_A,"THR_95_A,PRO_96_A,TYR_124_A,TYR_125_A,SER_127_A"
SER_127_A,"TYR_126_A,GLU_128_A,ASP_130_A,TYR_131_A"
GLU_128_A,"SER_127_A,ARG_129_A"
ARG_129_A,"GLU_128_A,ASP_130_A"
ASP_130_A,"PRO_98_A,SER_127_A,ARG_129_A,TYR_131_A,ALA_134_A,ARG_137_A"
TYR_131_A,"SER_127_A,ASP_130_A,ARG_132_A,GLU_187_A,ILE_188_A"
ARG_132_A,"TYR_131_A,ARG_133_A,GLU_187_A,ARG_190_A"
ARG_133_A,"ARG_132_A,ALA_134_A,ARG_137_A"
ALA_134_A,"ASP_130_A,ARG_133_A,LEU_135_A"
LEU_135_A,"ALA_134_A,CYS_136_A,SER_139_A,LEU_185_A"
CYS_136_A,"LEU_135_A,ARG_137_A,GLN_140_A"
ARG_137_A,"ASP_130_A,ARG_133_A,CYS_136_A,LEU_138_A"
LEU_138_A,"ILE_118_A,ARG_137_A,SER_139_A,ALA_143_A"
SER_139_A,"LEU_135_A,LEU_138_A,GLN_140_A,GLY_142_A"
GLN_140_A,"CYS_136_A,SER_139_A,ALA_141_A"
ALA_141_A,"GLN_140_A,GLY_142_A"
GLY_142_A,"SER_139_A,ALA_141_A,ALA_143_A"
ALA_143_A,"LEU_138_A,GLY_142_A,ARG_144_A"
ARG_144_A,"LEU_116_A,ILE_118_A,ALA_143_A,VAL_145_A,LYS_146_A"
VAL_145_A,"ARG_144_A,LYS_146_A"
LYS_146_A,"ILE_118_A,ALA_120_A,ARG_144_A,VAL_145_A,ILE_147_A,ASP_149_A,GLU_152_A"
ILE_147_A,"LYS_146_A,MET_148_A,TYR_178_A"
MET_148_A,"ALA_120_A,ILE_147_A,ASP_149_A,PHE_153_A"
ASP_149_A,"LYS_146_A,MET_148_A,TYR_150_A,GLU_151_A,GLU_152_A,TYR_178_A"
TYR_150_A,"ASP_149_A,GLU_151_A,ALA_154_A,PHE_168_A,PRO_170_A"
GLU_151_A,"ASP_149_A,TYR_150_A,GLU_152_A,TYR_155_A"
GLU_152_A,"SER_119_A,LYS_146_A,ASP_149_A,GLU_151_A,PHE_153_A,CYS_156_A"
PHE_153_A,"MET_148_A,GLU_152_A,ALA_154_A,TRP_157_A,PHE_168_A,TRP_171_A,PHE_174_A"
ALA_154_A,"TYR_150_A,PHE_153_A,TYR_155_A"
TYR_155_A,"GLU_38_A,GLU_151_A,ALA_154_A,CYS_156_A"
CYS_156_A,"GLU_152_A,TYR_155_A,TRP_157_A,PHE_160_A"
TRP_157_A,"ARG_14_A,PHE_17_A,TYR_18_A,PHE_153_A,CYS_156_A,GLU_158_A,ASN_163_A,GLN_166_A,PHE_168_A"
GLU_158_A,"ARG_11_A,TRP_157_A,ASN_159_A"
ASN_159_A,"GLU_158_A,PHE_160_A"
PHE_160_A,"MET_12_A,CYS_36_A,GLU_38_A,PHE_91_A,CYS_156_A,ASN_159_A,VAL_161_A"
VAL_161_A,"PHE_17_A,PHE_160_A,ASP_162_A,ASN_163_A"
ASP_162_A,"ARG_11_A,MET_12_A,VAL_161_A,ASN_163_A"
ASN_163_A,"TRP_157_A,VAL_161_A,ASP_162_A,GLU_164_A,GLY_165_A"
GLU_164_A,"ARG_14_A,ASN_163_A,GLY_165_A"
GLY_165_A,"ASN_163_A,GLU_164_A,GLN_166_A"
GLN_166_A,"TRP_157_A,GLY_165_A,GLN_167_A"
GLN_167_A,"GLN_166_A,PHE_168_A"
PHE_168_A,"TYR_150_A,PHE_153_A,TRP_157_A,GLN_167_A,MET_169_A"
MET_169_A,"TYR_18_A,PHE_168_A"
PRO_170_A,"TYR_150_A,TRP_171_A"
TRP_171_A,"TYR_18_A,GLU_22_A,PHE_153_A,PRO_170_A,TYR_172_A,PHE_174_A"
TYR_172_A,"TRP_171_A,LYS_173_A"
LYS_173_A,"GLU_24_A,TYR_172_A,PHE_174_A,GLU_176_A,ASN_177_A"
PHE_174_A,"PHE_153_A,TRP_171_A,LYS_173_A,ASP_175_A,TYR_178_A"
ASP_175_A,"PHE_174_A,GLU_176_A"
GLU_176_A,"LYS_173_A,ASP_175_A,ASN_177_A"
ASN_177_A,"LYS_173_A,GLU_176_A,TYR_178_A,LEU_181_A"
TYR_178_A,"ILE_147_A,ASP_149_A,PHE_174_A,ASN_177_A,ALA_179_A,HIS_182_A"
ALA_179_A,"TYR_178_A,PHE_180_A"
PHE_180_A,"PRO_25_A,ALA_179_A,LEU_181_A,THR_184_A"
LEU_181_A,"ASN_177_A,PHE_180_A,HIS_182_A,LEU_185_A"
HIS_182_A,"TYR_178_A,LEU_181_A,ARG_183_A,LYS_186_A"
ARG_183_A,"HIS_182_A,THR_184_A"
THR_184_A,"LEU_123_A,PHE_180_A,ARG_183_A,LEU_185_A,ILE_188_A"
LEU_185_A,"LEU_135_A,LEU_181_A,THR_184_A,LYS_186_A,ILE_188_A,LEU_189_A"
LYS_186_A,"HIS_182_A,LEU_185_A,GLU_187_A"
GLU_187_A,"TYR_131_A,ARG_132_A,LYS_186_A,ILE_188_A"
ILE_188_A,"TYR_131_A,THR_184_A,LEU_185_A,GLU_187_A,LEU_189_A"
LEU_189_A,"LEU_185_A,ILE_188_A,ARG_190_A"
ARG_190_A,"ARG_132_A,LEU_189_A"
