residue_id,neighbors
LYS_26_A,THR_27_A
THR_27_A,"LYS_26_A,ALA_28_A"
ALA_28_A,"THR_27_A,LYS_29_A,ASN_62_A,GLU_64_A,LEU_277_A"
LYS_29_A,"ALA_28_A,VAL_30_A,GLU_64_A,ASP_66_A,GLU_87_A,ASP_90_A"
VAL_30_A,"LYS_29_A,ALA_31_A,GLU_64_A,ASP_66_A"
ALA_31_A,"VAL_30_A,VAL_32_A,PHE_84_A,VAL_93_A"
VAL_32_A,"ALA_31_A,SER_33_A,PHE_65_A,ASP_66_A,LYS_68_A,ILE_95_A"
SER_33_A,"VAL_32_A,GLN_34_A,VAL_93_A,ILE_95_A"
GLN_34_A,"SER_33_A,ILE_35_A,VAL_36_A,ASP_42_A,ARG_45_A,ALA_70_A"
ILE_35_A,"GLN_34_A,VAL_36_A,GLY_72_A,ALA_96_A"
VAL_36_A,"GLN_34_A,ILE_35_A,GLU_37_A"
GLU_37_A,"VAL_36_A,HIS_38_A,ASP_42_A,ARG_45_A,TYR_67_A"
HIS_38_A,"GLU_37_A,LEU_41_A,ASN_222_A,PHE_601_A"
PRO_39_A,"ALA_40_A,ALA_43_A"
ALA_40_A,"PRO_39_A,LEU_41_A,THR_44_A,TYR_262_A,PHE_601_A"
LEU_41_A,"HIS_38_A,ALA_40_A,ASP_42_A,ARG_45_A,ILE_95_A"
ASP_42_A,"GLN_34_A,GLU_37_A,LEU_41_A,ALA_43_A,ARG_45_A"
ALA_43_A,"PRO_39_A,ASP_42_A,THR_44_A,GLY_47_A"
THR_44_A,"ALA_40_A,ALA_43_A,ARG_45_A,LEU_48_A"
ARG_45_A,"GLN_34_A,GLU_37_A,LEU_41_A,ASP_42_A,THR_44_A,GLN_46_A,ILE_95_A"
GLN_46_A,"ARG_45_A,GLY_47_A,ASP_50_A"
GLY_47_A,"ALA_43_A,GLN_46_A,LEU_48_A,GLY_51_A"
LEU_48_A,"THR_44_A,GLY_47_A,LEU_49_A,LEU_52_A"
LEU_49_A,"LEU_48_A,ASP_50_A"
ASP_50_A,"GLN_46_A,LEU_49_A,GLY_51_A,ALA_54_A,TYR_263_A"
GLY_51_A,"GLY_47_A,ASP_50_A,LEU_52_A"
LEU_52_A,"LEU_48_A,GLY_51_A,LYS_53_A,LYS_55_A,TYR_57_A"
LYS_53_A,"LEU_52_A,ALA_54_A,GLY_56_A,GLU_58_A"
ALA_54_A,"ASP_50_A,LYS_53_A,LYS_55_A"
LYS_55_A,"LEU_52_A,ALA_54_A,GLY_56_A,ASP_271_A"
GLY_56_A,"LYS_53_A,LYS_55_A,TYR_57_A,ASN_62_A"
TYR_57_A,"LEU_52_A,GLY_56_A,GLU_58_A"
GLU_58_A,"LYS_53_A,TYR_57_A,GLU_59_A,LYS_61_A,ASN_62_A"
GLU_59_A,"GLU_58_A,GLY_60_A"
GLY_60_A,"GLU_59_A,LYS_61_A"
LYS_61_A,"GLU_58_A,GLY_60_A,ASN_62_A"
ASN_62_A,"ALA_28_A,GLY_56_A,GLU_58_A,LYS_61_A,LEU_63_A"
LEU_63_A,"ASN_62_A,GLU_64_A"
GLU_64_A,"ALA_28_A,LYS_29_A,VAL_30_A,LEU_63_A,PHE_65_A,ASP_66_A,GLU_87_A"
PHE_65_A,"VAL_32_A,GLU_64_A,ASP_66_A"
ASP_66_A,"LYS_29_A,VAL_30_A,VAL_32_A,GLU_64_A,PHE_65_A,TYR_67_A,GLU_87_A"
TYR_67_A,"GLU_37_A,ASP_66_A,LYS_68_A"
LYS_68_A,"VAL_32_A,TYR_67_A,THR_69_A,ILE_80_A,PHE_84_A"
THR_69_A,"LYS_68_A,ALA_70_A,GLN_71_A"
ALA_70_A,"GLN_34_A,THR_69_A,GLN_71_A,ASN_73_A"
GLN_71_A,"THR_69_A,ALA_70_A,GLY_72_A"
GLY_72_A,"ILE_35_A,GLN_71_A,ASN_73_A"
ASN_73_A,"ALA_70_A,GLY_72_A,ALA_75_A,ILE_76_A"
PRO_74_A,ALA_75_A
ALA_75_A,"ASN_73_A,PRO_74_A,ILE_76_A,VAL_78_A"
ILE_76_A,"ASN_73_A,ALA_75_A,ALA_77_A,ILE_80_A"
ALA_77_A,"ILE_76_A,VAL_78_A"
VAL_78_A,"ALA_75_A,ALA_77_A,GLN_79_A,ARG_82_A"
GLN_79_A,"VAL_78_A,ILE_80_A,GLN_83_A"
ILE_80_A,"LYS_68_A,ILE_76_A,GLN_79_A,ALA_81_A,PHE_84_A"
ALA_81_A,"ILE_80_A,ARG_82_A,VAL_85_A,ALA_106_A"
ARG_82_A,"VAL_78_A,ALA_81_A,GLN_83_A"
GLN_83_A,"GLN_79_A,ARG_82_A,PHE_84_A"
PHE_84_A,"ALA_31_A,LYS_68_A,ILE_80_A,GLN_83_A,VAL_85_A,LEU_92_A"
VAL_85_A,"ALA_81_A,PHE_84_A,GLY_86_A"
GLY_86_A,"VAL_85_A,GLU_87_A"
GLU_87_A,"LYS_29_A,GLU_64_A,ASP_66_A,GLY_86_A,ASN_88_A"
ASN_88_A,GLU_87_A
PRO_89_A,"ASP_90_A,LEU_92_A"
ASP_90_A,"LYS_29_A,PRO_89_A,VAL_91_A,LEU_277_A"
VAL_91_A,"ASP_90_A,LEU_92_A,ILE_276_A"
LEU_92_A,"PHE_84_A,PRO_89_A,VAL_91_A,VAL_93_A,THR_107_A,ILE_110_A,PRO_111_A,VAL_113_A"
VAL_93_A,"ALA_31_A,SER_33_A,LEU_92_A,GLY_94_A"
GLY_94_A,"VAL_93_A,ILE_95_A,THR_115_A"
ILE_95_A,"VAL_32_A,SER_33_A,LEU_41_A,ARG_45_A,GLY_94_A,ALA_96_A,THR_99_A,THR_115_A"
ALA_96_A,"ILE_35_A,ILE_95_A,THR_97_A"
THR_97_A,"ALA_96_A,GLN_101_A,ALA_123_A,PHE_601_A"
PRO_98_A,THR_99_A
THR_99_A,"ILE_95_A,PRO_98_A,ALA_100_A"
ALA_100_A,"THR_99_A,GLN_101_A"
GLN_101_A,"THR_97_A,ALA_100_A,ALA_102_A,LEU_125_A"
ALA_102_A,"GLN_101_A,LEU_103_A"
LEU_103_A,"ALA_102_A,VAL_104_A,ALA_106_A,THR_107_A"
VAL_104_A,"LEU_103_A,SER_105_A,LYS_108_A,VAL_136_A"
SER_105_A,"VAL_104_A,ALA_106_A"
ALA_106_A,"ALA_81_A,LEU_103_A,SER_105_A,THR_107_A"
THR_107_A,"LEU_92_A,LEU_103_A,ALA_106_A,LYS_108_A,ILE_112_A"
LYS_108_A,"VAL_104_A,THR_107_A,THR_109_A"
THR_109_A,"LYS_108_A,ILE_110_A"
ILE_110_A,"LEU_92_A,THR_109_A,ASN_135_A"
PRO_111_A,"LEU_92_A,ILE_112_A,ILE_276_A"
ILE_112_A,"THR_107_A,PRO_111_A,VAL_113_A,ASN_135_A,THR_137_A"
VAL_113_A,"LEU_92_A,ILE_112_A,PHE_114_A,THR_269_A,ILE_276_A"
PHE_114_A,"VAL_113_A,THR_115_A,PRO_120_A,LEU_125_A,VAL_136_A,THR_137_A,LEU_139_A,VAL_287_A"
THR_115_A,"GLY_94_A,ILE_95_A,PHE_114_A,ALA_116_A,THR_269_A"
ALA_116_A,"THR_115_A,VAL_117_A,PHE_601_A"
VAL_117_A,"ALA_116_A,THR_118_A,SER_140_A"
THR_118_A,"VAL_117_A,ASP_119_A,SER_140_A,LEU_176_A,PHE_601_A"
ASP_119_A,"THR_118_A,ALA_123_A,SER_175_A"
PRO_120_A,"PHE_114_A,VAL_121_A,LEU_125_A"
VAL_121_A,"PRO_120_A,GLY_122_A,LYS_124_A"
GLY_122_A,"VAL_121_A,ALA_123_A"
ALA_123_A,"THR_97_A,ASP_119_A,GLY_122_A,LYS_124_A"
LYS_124_A,"VAL_121_A,ALA_123_A,LEU_125_A"
LEU_125_A,"GLN_101_A,PHE_114_A,PRO_120_A,LYS_124_A,VAL_126_A"
VAL_126_A,"LEU_125_A,LYS_127_A,PRO_132_A"
LYS_127_A,"VAL_126_A,GLN_128_A"
GLN_128_A,"LYS_127_A,LEU_129_A"
LEU_129_A,"GLN_128_A,GLU_130_A,VAL_287_A"
GLU_130_A,"LEU_129_A,GLN_131_A,ASP_286_A"
GLN_131_A,"GLU_130_A,GLY_133_A,SER_284_A,ASP_286_A"
PRO_132_A,"VAL_126_A,GLY_133_A"
GLY_133_A,"GLN_131_A,PRO_132_A,LYS_134_A,GLY_283_A"
LYS_134_A,"GLY_133_A,ASN_135_A"
ASN_135_A,"ILE_110_A,ILE_112_A,LYS_134_A,VAL_136_A"
VAL_136_A,"VAL_104_A,PHE_114_A,ASN_135_A,THR_137_A"
THR_137_A,"ILE_112_A,PHE_114_A,VAL_136_A,GLY_138_A,TYR_272_A,LEU_285_A"
GLY_138_A,"THR_137_A,LEU_139_A"
LEU_139_A,"PHE_114_A,GLY_138_A,SER_140_A,GLN_268_A,GLN_288_A"
SER_140_A,"VAL_117_A,THR_118_A,LEU_139_A,ASP_141_A,GLN_288_A,ALA_290_A"
ASP_141_A,"SER_140_A,LEU_142_A,TYR_262_A,PHE_601_A"
LEU_142_A,"ASP_141_A,SER_143_A"
SER_143_A,"LEU_142_A,VAL_145_A"
PRO_144_A,"VAL_145_A,HIS_148_A"
VAL_145_A,"SER_143_A,PRO_144_A,GLU_146_A,HIS_148_A,VAL_149_A"
GLU_146_A,"VAL_145_A,GLN_147_A,GLU_150_A,SER_183_A,LYS_186_A,HIS_187_A"
GLN_147_A,"GLU_146_A,HIS_148_A,LEU_151_A"
HIS_148_A,"PRO_144_A,VAL_145_A,GLN_147_A,VAL_149_A,ILE_152_A,TYR_217_A,PHE_243_A,LEU_258_A"
VAL_149_A,"VAL_145_A,HIS_148_A,GLU_150_A,LYS_153_A"
GLU_150_A,"GLU_146_A,VAL_149_A,LEU_151_A,LYS_186_A,HIS_187_A"
LEU_151_A,"GLN_147_A,GLU_150_A,ILE_152_A,ILE_155_A"
ILE_152_A,"HIS_148_A,LEU_151_A,LYS_153_A,LEU_156_A,VAL_215_A,PHE_243_A"
LYS_153_A,"VAL_149_A,ILE_152_A,GLU_154_A,HIS_187_A"
GLU_154_A,"LYS_153_A,ILE_155_A,VAL_313_A,ARG_316_A"
ILE_155_A,"LEU_151_A,GLU_154_A,LEU_156_A,ALA_256_A"
LEU_156_A,"ILE_152_A,ILE_155_A,VAL_159_A,VAL_215_A"
PRO_157_A,ASN_158_A
ASN_158_A,"PRO_157_A,VAL_159_A"
VAL_159_A,"LEU_156_A,ASN_158_A,LYS_160_A"
LYS_160_A,"VAL_159_A,SER_161_A,LYS_190_A,ASP_214_A"
SER_161_A,"LYS_160_A,ILE_162_A,LYS_212_A"
ILE_162_A,"SER_161_A,GLY_163_A,ILE_189_A,LYS_190_A,VAL_192_A,TYR_217_A"
GLY_163_A,"ILE_162_A,VAL_164_A,VAL_215_A,TYR_217_A"
VAL_164_A,"GLY_163_A,VAL_165_A,VAL_192_A"
VAL_165_A,"VAL_164_A,TYR_166_A,ALA_205_A,ILE_209_A"
TYR_166_A,"VAL_165_A,ASN_167_A,ALA_196_A"
ASN_167_A,"TYR_166_A,GLY_169_A,GLU_170_A,ASP_221_A,THR_223_A"
PRO_168_A,GLY_169_A
GLY_169_A,"ASN_167_A,PRO_168_A,GLU_170_A"
GLU_170_A,"ASN_167_A,GLY_169_A,ALA_171_A,ASN_172_A,ALA_173_A,ASP_221_A,ASN_222_A,THR_223_A"
ALA_171_A,"GLU_170_A,ASN_172_A,SER_175_A"
ASN_172_A,"GLU_170_A,ALA_171_A,ALA_173_A,LEU_176_A"
ALA_173_A,"GLU_170_A,ASN_172_A,VAL_174_A"
VAL_174_A,"ALA_173_A,SER_175_A"
SER_175_A,"ASP_119_A,ALA_171_A,VAL_174_A,LEU_176_A"
LEU_176_A,"THR_118_A,ASN_172_A,SER_175_A,LEU_180_A,ILE_220_A"
GLU_178_A,LEU_179_A
LEU_179_A,"GLU_178_A,LEU_180_A"
LEU_180_A,"LEU_176_A,LEU_179_A,LYS_181_A,ALA_184_A,TYR_217_A"
LYS_181_A,"LEU_180_A,LEU_182_A,LEU_191_A,GLU_193_A"
LEU_182_A,"LYS_181_A,SER_183_A"
SER_183_A,"GLU_146_A,LEU_182_A,ALA_184_A"
ALA_184_A,"LEU_180_A,SER_183_A,ALA_185_A,ILE_189_A,LEU_191_A"
ALA_185_A,"ALA_184_A,LYS_186_A"
LYS_186_A,"GLU_146_A,GLU_150_A,ALA_185_A,HIS_187_A"
HIS_187_A,"GLU_146_A,GLU_150_A,LYS_153_A,LYS_186_A,GLY_188_A"
GLY_188_A,"HIS_187_A,ILE_189_A"
ILE_189_A,"ILE_162_A,ALA_184_A,GLY_188_A,LYS_190_A"
LYS_190_A,"LYS_160_A,ILE_162_A,ILE_189_A,LEU_191_A"
LEU_191_A,"LYS_181_A,ALA_184_A,LYS_190_A,VAL_192_A"
VAL_192_A,"ILE_162_A,VAL_164_A,LEU_191_A,GLU_193_A,ILE_209_A"
GLU_193_A,"LYS_181_A,VAL_192_A,ALA_194_A"
ALA_194_A,"GLU_193_A,THR_195_A,ILE_209_A"
THR_195_A,"ALA_194_A,ALA_196_A"
ALA_196_A,"TYR_166_A,THR_195_A,LEU_197_A,VAL_202_A"
LEU_197_A,"ALA_196_A,LYS_198_A"
LYS_198_A,"LEU_197_A,SER_199_A,ASP_201_A"
SER_199_A,"LYS_198_A,ALA_200_A"
ALA_200_A,"SER_199_A,ASP_201_A"
ASP_201_A,"LYS_198_A,ALA_200_A,VAL_202_A"
VAL_202_A,"ALA_196_A,ASP_201_A,GLN_203_A,THR_206_A,THR_223_A,ALA_227_A"
GLN_203_A,"VAL_202_A,SER_204_A,GLN_207_A"
SER_204_A,"GLN_203_A,ALA_205_A,ALA_208_A"
ALA_205_A,"VAL_165_A,SER_204_A,THR_206_A"
THR_206_A,"VAL_202_A,ALA_205_A,GLN_207_A,ILE_209_A,ALA_210_A,ALA_234_A"
GLN_207_A,"GLN_203_A,THR_206_A,ALA_208_A"
ALA_208_A,"SER_204_A,GLN_207_A,ILE_209_A"
ILE_209_A,"VAL_165_A,VAL_192_A,ALA_194_A,THR_206_A,ALA_208_A,ALA_210_A,SER_213_A"
ALA_210_A,"THR_206_A,ILE_209_A,GLU_211_A,ALA_238_A"
GLU_211_A,"ALA_210_A,LYS_212_A"
LYS_212_A,"SER_161_A,GLU_211_A,SER_213_A"
SER_213_A,"ILE_209_A,LYS_212_A,ASP_214_A"
ASP_214_A,"LYS_160_A,SER_213_A,VAL_215_A"
VAL_215_A,"ILE_152_A,LEU_156_A,GLY_163_A,ASP_214_A,ILE_216_A"
ILE_216_A,"VAL_215_A,TYR_217_A,THR_240_A,PRO_241_A,PHE_243_A"
TYR_217_A,"HIS_148_A,ILE_162_A,GLY_163_A,LEU_180_A,ILE_216_A,ALA_218_A,LEU_219_A"
ALA_218_A,"TYR_217_A,LEU_219_A,VAL_242_A,PHE_243_A,TYR_249_A"
LEU_219_A,"TYR_217_A,ALA_218_A,ILE_220_A,ASP_221_A,TYR_249_A"
ILE_220_A,"LEU_176_A,LEU_219_A,ASP_221_A,ALA_245_A,ALA_246_A,PHE_601_A"
ASP_221_A,"ASN_167_A,GLU_170_A,LEU_219_A,ILE_220_A,ASN_222_A,THR_223_A,VAL_224_A,ALA_225_A"
ASN_222_A,"HIS_38_A,GLU_170_A,ASP_221_A,THR_223_A,SER_226_A"
THR_223_A,"ASN_167_A,GLU_170_A,VAL_202_A,ASP_221_A,ASN_222_A,VAL_224_A"
VAL_224_A,"ASP_221_A,THR_223_A,ALA_225_A,ALA_227_A,ILE_228_A"
ALA_225_A,"ASP_221_A,VAL_224_A,SER_226_A"
SER_226_A,"ASN_222_A,ALA_225_A,ALA_227_A"
ALA_227_A,"VAL_202_A,VAL_224_A,SER_226_A,ILE_228_A"
ILE_228_A,"VAL_224_A,ALA_227_A,GLU_229_A,ILE_232_A,TYR_249_A"
GLU_229_A,"ILE_228_A,GLY_230_A,VAL_233_A,ARG_252_A"
GLY_230_A,GLU_229_A
ILE_232_A,"ILE_228_A,VAL_233_A,ASN_236_A"
VAL_233_A,"GLU_229_A,ILE_232_A,ALA_234_A"
ALA_234_A,"THR_206_A,VAL_233_A,ALA_235_A"
ALA_235_A,"ALA_234_A,ASN_236_A,LYS_239_A,THR_240_A,VAL_242_A"
ASN_236_A,"ILE_232_A,ALA_235_A,GLN_237_A"
GLN_237_A,"ASN_236_A,ALA_238_A"
ALA_238_A,"ALA_210_A,GLN_237_A,LYS_239_A"
LYS_239_A,"ALA_235_A,ALA_238_A,THR_240_A"
THR_240_A,"ILE_216_A,ALA_235_A,LYS_239_A"
PRO_241_A,"ILE_216_A,VAL_242_A,ILE_255_A,ILE_307_A"
VAL_242_A,"ALA_218_A,ALA_235_A,PRO_241_A,PHE_243_A,ILE_255_A"
PHE_243_A,"HIS_148_A,ILE_152_A,ILE_216_A,ALA_218_A,VAL_242_A,GLY_244_A"
GLY_244_A,"PHE_243_A,ALA_245_A,ALA_256_A"
ALA_245_A,"ILE_220_A,GLY_244_A,ALA_246_A"
ALA_246_A,"ILE_220_A,ALA_245_A,THR_247_A,TYR_249_A"
THR_247_A,"ALA_246_A,SER_248_A,TYR_249_A,VAL_250_A"
SER_248_A,"THR_247_A,TYR_249_A"
TYR_249_A,"ALA_218_A,LEU_219_A,ILE_228_A,ALA_246_A,THR_247_A,SER_248_A,VAL_250_A"
VAL_250_A,"THR_247_A,TYR_249_A,GLU_251_A,GLY_253_A,VAL_296_A,ASN_298_A"
GLU_251_A,"VAL_250_A,ARG_252_A,LYS_321_A"
ARG_252_A,"GLU_229_A,GLU_251_A,GLY_253_A"
GLY_253_A,"VAL_250_A,ARG_252_A,ALA_254_A"
ALA_254_A,"GLY_253_A,ILE_255_A"
ILE_255_A,"PRO_241_A,VAL_242_A,ALA_254_A,ALA_256_A,ASN_298_A"
ALA_256_A,"ILE_155_A,GLY_244_A,ILE_255_A,SER_257_A,ILE_297_A"
SER_257_A,"ALA_256_A,LEU_258_A,VAL_296_A"
LEU_258_A,"HIS_148_A,SER_257_A,GLY_259_A"
GLY_259_A,"LEU_258_A,PHE_260_A,ASP_294_A"
PHE_260_A,"GLY_259_A,ASP_261_A,ALA_290_A"
ASP_261_A,"PHE_260_A,TYR_262_A,ASP_294_A"
TYR_262_A,"ALA_40_A,ASP_141_A,ASP_261_A,TYR_263_A,ILE_265_A,GLY_266_A"
TYR_263_A,"ASP_50_A,TYR_262_A,GLN_264_A,VAL_267_A"
GLN_264_A,"TYR_263_A,ILE_265_A,GLN_268_A"
ILE_265_A,"TYR_262_A,GLN_264_A,GLY_266_A,THR_269_A"
GLY_266_A,"TYR_262_A,ILE_265_A,VAL_267_A"
VAL_267_A,"TYR_263_A,GLY_266_A,GLN_268_A"
GLN_268_A,"LEU_139_A,GLN_264_A,VAL_267_A,THR_269_A"
THR_269_A,"VAL_113_A,THR_115_A,ILE_265_A,GLN_268_A,ALA_270_A"
ALA_270_A,"THR_269_A,ASP_271_A,ALA_274_A"
ASP_271_A,"LYS_55_A,ALA_270_A,TYR_272_A"
TYR_272_A,"THR_137_A,ASP_271_A,VAL_273_A,ILE_276_A,ASP_286_A"
VAL_273_A,"TYR_272_A,ALA_274_A,LEU_277_A"
ALA_274_A,"ALA_270_A,VAL_273_A,ALA_275_A"
ALA_275_A,"ALA_274_A,ILE_276_A"
ILE_276_A,"VAL_91_A,PRO_111_A,VAL_113_A,TYR_272_A,ALA_275_A,LEU_277_A,GLY_279_A,PRO_282_A"
LEU_277_A,"ALA_28_A,ASP_90_A,VAL_273_A,ILE_276_A,GLU_278_A"
GLU_278_A,"LEU_277_A,GLY_279_A"
GLY_279_A,"ILE_276_A,GLU_278_A,LYS_280_A"
LYS_280_A,"GLY_279_A,GLU_281_A,SER_284_A"
GLU_281_A,"LYS_280_A,SER_284_A"
PRO_282_A,"ILE_276_A,GLY_283_A,LEU_285_A"
GLY_283_A,"GLY_133_A,PRO_282_A,SER_284_A"
SER_284_A,"GLN_131_A,LYS_280_A,GLU_281_A,GLY_283_A,LEU_285_A"
LEU_285_A,"THR_137_A,PRO_282_A,SER_284_A,ASP_286_A"
ASP_286_A,"GLU_130_A,GLN_131_A,TYR_272_A,LEU_285_A,VAL_287_A"
VAL_287_A,"PHE_114_A,LEU_129_A,ASP_286_A,GLN_288_A"
GLN_288_A,"LEU_139_A,SER_140_A,VAL_287_A,VAL_289_A"
VAL_289_A,"GLN_288_A,ALA_290_A"
ALA_290_A,"SER_140_A,PHE_260_A,VAL_289_A,LYS_291_A"
LYS_291_A,"ALA_290_A,GLY_292_A"
GLY_292_A,"LYS_291_A,SER_293_A"
SER_293_A,"GLY_292_A,ASP_294_A"
ASP_294_A,"GLY_259_A,ASP_261_A,SER_293_A,LEU_295_A"
LEU_295_A,"ASP_294_A,VAL_296_A"
VAL_296_A,"VAL_250_A,SER_257_A,LEU_295_A,ILE_297_A"
ILE_297_A,"ALA_256_A,VAL_296_A,ASN_298_A"
ASN_298_A,"VAL_250_A,ILE_255_A,ILE_297_A,LYS_299_A,ALA_302_A"
LYS_299_A,"ASN_298_A,THR_300_A,GLU_303_A"
THR_300_A,"LYS_299_A,ALA_301_A,ALA_302_A,GLN_304_A"
ALA_301_A,"THR_300_A,ALA_302_A"
ALA_302_A,"ASN_298_A,THR_300_A,ALA_301_A,GLU_303_A,LEU_305_A,ILE_307_A"
GLU_303_A,"LYS_299_A,ALA_302_A,GLN_304_A,GLY_306_A"
GLN_304_A,"THR_300_A,GLU_303_A,LEU_305_A"
LEU_305_A,"ALA_302_A,GLN_304_A,GLY_306_A"
GLY_306_A,"GLU_303_A,LEU_305_A,ILE_307_A"
ILE_307_A,"PRO_241_A,ALA_302_A,GLY_306_A,THR_308_A"
THR_308_A,"ILE_307_A,ILE_309_A"
ILE_309_A,THR_308_A
PRO_310_A,GLU_311_A
GLU_311_A,"PRO_310_A,ALA_312_A,ALA_315_A"
ALA_312_A,"GLU_311_A,VAL_313_A"
VAL_313_A,"GLU_154_A,ALA_312_A,LEU_314_A"
LEU_314_A,"VAL_313_A,ALA_315_A"
ALA_315_A,"GLU_311_A,LEU_314_A,ARG_316_A"
ARG_316_A,"GLU_154_A,ALA_315_A,ALA_317_A"
ALA_317_A,"ARG_316_A,THR_318_A"
THR_318_A,"ALA_317_A,SER_319_A"
SER_319_A,"THR_318_A,THR_320_A"
THR_320_A,"SER_319_A,LYS_321_A"
LYS_321_A,"GLU_251_A,THR_320_A"
PHE_601_A,"HIS_38_A,ALA_40_A,THR_97_A,ALA_116_A,THR_118_A,ASP_141_A,ILE_220_A"
