residue_id,neighbors
THR_2_A,SER_3_A
SER_3_A,"THR_2_A,VAL_4_A"
VAL_4_A,"SER_3_A,ALA_5_A"
ALA_5_A,"VAL_4_A,ALA_6_A"
ALA_6_A,"ALA_5_A,LYS_7_A,ALA_9_A"
LYS_7_A,"ALA_6_A,HIS_8_A"
HIS_8_A,"LYS_7_A,ALA_9_A"
ALA_9_A,"ALA_6_A,HIS_8_A,LYS_10_A"
LYS_10_A,"ALA_9_A,GLY_11_A"
GLY_11_A,"LYS_10_A,LYS_12_A,LYS_13_A"
LYS_12_A,"GLY_11_A,LYS_13_A,ASP_142_A"
LYS_13_A,"GLY_11_A,LYS_12_A,LEU_14_A"
LEU_14_A,"LYS_13_A,LYS_15_A,VAL_138_A"
LYS_15_A,"LEU_14_A,ASP_16_A"
ASP_16_A,"LYS_15_A,VAL_17_A"
VAL_17_A,"ASP_16_A,ILE_18_A,THR_21_A"
ILE_18_A,"VAL_17_A,PHE_19_A,LEU_42_A"
PHE_19_A,"ILE_18_A,VAL_20_A,GLY_23_A,LEU_42_A"
VAL_20_A,"PHE_19_A,THR_21_A"
THR_21_A,"VAL_17_A,VAL_20_A,ALA_22_A,ALA_25_A,THR_41_A,ILE_380_A"
ALA_22_A,"THR_21_A,GLY_23_A,LEU_42_A"
GLY_23_A,"PHE_19_A,ALA_22_A,GLN_24_A"
GLN_24_A,"GLY_23_A,ALA_25_A,ASP_28_A"
ALA_25_A,"THR_21_A,GLN_24_A,GLN_26_A,ASP_28_A,ALA_29_A,TYR_378_A"
GLN_26_A,"ALA_25_A,ALA_27_A,LYS_30_A"
ALA_27_A,"GLN_26_A,ASP_28_A"
ASP_28_A,"GLN_24_A,ALA_25_A,ALA_27_A,ALA_29_A,GLU_31_A,ASN_32_A,VAL_37_A,HIS_376_A,TYR_378_A"
ALA_29_A,"ALA_25_A,ASP_28_A,LYS_30_A,GLY_33_A"
LYS_30_A,"GLN_26_A,ALA_29_A,GLU_31_A"
GLU_31_A,"ASP_28_A,LYS_30_A,ASN_32_A"
ASN_32_A,"ASP_28_A,GLU_31_A,GLY_33_A"
GLY_33_A,"ALA_29_A,ASN_32_A,ARG_34_A"
ARG_34_A,"GLY_33_A,GLU_35_A,HIS_46_A"
GLU_35_A,"ARG_34_A,ASN_36_A"
ASN_36_A,"GLU_35_A,VAL_37_A"
VAL_37_A,"ASP_28_A,ASN_36_A,VAL_38_A,TYR_378_A"
VAL_38_A,"VAL_37_A,ASN_39_A,HIS_376_A,TYR_378_A"
ASN_39_A,"VAL_38_A,GLY_40_A,THR_41_A"
GLY_40_A,"ASN_39_A,THR_41_A,TYR_378_A"
THR_41_A,"THR_21_A,ASN_39_A,GLY_40_A,LEU_42_A,TYR_378_A,ARG_387_A"
LEU_42_A,"ILE_18_A,PHE_19_A,ALA_22_A,THR_41_A,GLY_43_A,ALA_44_A"
GLY_43_A,"LEU_42_A,ALA_44_A"
ALA_44_A,"LEU_42_A,GLY_43_A,ILE_45_A"
ILE_45_A,"ALA_44_A,HIS_46_A,VAL_53_A,PHE_356_A"
HIS_46_A,"ARG_34_A,ILE_45_A,ASP_47_A,ARG_334_A,CYS_391_A"
ASP_47_A,"HIS_46_A,GLU_48_A,GLU_49_A,GLY_50_A,ASN_51_A,TYR_327_A,ARG_334_A"
GLU_48_A,"ASP_47_A,GLU_49_A,LEU_330_A,ARG_334_A,LYS_395_A"
GLU_49_A,"ASP_47_A,GLU_48_A,GLY_50_A"
GLY_50_A,"ASP_47_A,GLU_49_A,ASN_51_A"
ASN_51_A,"ASP_47_A,GLY_50_A,LEU_52_A"
LEU_52_A,"ASN_51_A,VAL_53_A,TYR_264_A"
VAL_53_A,"ILE_45_A,LEU_52_A,PHE_54_A,TYR_264_A,TYR_327_A"
PHE_54_A,"VAL_53_A,LEU_55_A"
LEU_55_A,"PHE_54_A,LYS_56_A,VAL_58_A,LYS_59_A,THR_262_A,TYR_327_A"
LYS_56_A,"LEU_55_A,THR_57_A,GLU_60_A,GLU_319_A,GLU_323_A"
THR_57_A,"LYS_56_A,VAL_58_A,GLU_323_A"
VAL_58_A,"LEU_55_A,THR_57_A,LYS_59_A,PHE_261_A,THR_306_A"
LYS_59_A,"LEU_55_A,VAL_58_A,GLU_60_A,LEU_63_A"
GLU_60_A,"LYS_56_A,LYS_59_A,GLU_61_A"
GLU_61_A,"GLU_60_A,TYR_62_A,ASN_309_A,LYS_316_A"
TYR_62_A,"GLU_61_A,LEU_63_A,HIS_70_A"
LEU_63_A,"LYS_59_A,TYR_62_A,SER_64_A"
SER_64_A,"LEU_63_A,LEU_65_A"
LEU_65_A,"SER_64_A,SER_66_A"
SER_66_A,"LEU_65_A,ASP_67_A,HIS_70_A"
ASP_67_A,"SER_66_A,SER_68_A,HIS_70_A,VAL_71_A"
SER_68_A,"ASP_67_A,GLU_69_A,GLY_72_A"
GLU_69_A,"SER_68_A,HIS_70_A,ARG_301_A,ARG_305_A"
HIS_70_A,"TYR_62_A,SER_66_A,ASP_67_A,GLU_69_A,VAL_71_A"
VAL_71_A,"ASP_67_A,HIS_70_A,GLY_72_A"
GLY_72_A,"SER_68_A,VAL_71_A,TYR_73_A"
TYR_73_A,"GLY_72_A,ALA_74_A,ARG_301_A"
ALA_74_A,TYR_73_A
PRO_75_A,"ILE_76_A,GLY_78_A"
ILE_76_A,"PRO_75_A,ALA_77_A"
ALA_77_A,"ILE_76_A,GLY_78_A,ILE_103_A,ALA_104_A"
GLY_78_A,"PRO_75_A,ALA_77_A,ILE_79_A"
ILE_79_A,"GLY_78_A,ASP_81_A,PHE_82_A,LEU_83_A"
PRO_80_A,"ASP_81_A,CYS_84_A"
ASP_81_A,"ILE_79_A,PRO_80_A,PHE_82_A,ALA_85_A,ARG_305_A"
PHE_82_A,"ILE_79_A,ASP_81_A,LEU_83_A,ALA_86_A"
LEU_83_A,"ILE_79_A,PHE_82_A,CYS_84_A"
CYS_84_A,"PRO_80_A,LEU_83_A,ALA_85_A"
ALA_85_A,"ASP_81_A,CYS_84_A,ALA_86_A,GLU_89_A,VAL_311_A"
ALA_86_A,"PHE_82_A,ALA_85_A,GLU_87_A"
GLU_87_A,"ALA_86_A,LYS_88_A,PHE_91_A,ARG_95_A,SER_102_A,ILE_272_A"
LYS_88_A,"GLU_87_A,GLU_89_A"
GLU_89_A,"ALA_85_A,LYS_88_A,CYS_90_A,ASP_227_A,ARG_236_A,TYR_255_A,GLU_321_A,ARG_324_A"
CYS_90_A,"GLU_89_A,PHE_91_A,ARG_236_A,TYR_255_A"
PHE_91_A,"GLU_87_A,CYS_90_A,GLY_92_A,PHE_94_A,ILE_274_A"
GLY_92_A,"PHE_91_A,ASN_93_A"
ASN_93_A,"GLY_92_A,PHE_94_A"
PHE_94_A,"PHE_91_A,ASN_93_A,ARG_95_A"
ARG_95_A,"GLU_87_A,PHE_94_A"
PRO_96_A,GLU_97_A
GLU_97_A,"PRO_96_A,GLY_98_A,HIS_244_A"
GLY_98_A,"GLU_97_A,HIS_99_A"
HIS_99_A,"GLY_98_A,ILE_100_A,SER_275_A,GLU_278_A,ALA_281_A"
ILE_100_A,"HIS_99_A,ARG_101_A,ILE_272_A"
ARG_101_A,"ILE_100_A,SER_102_A,GLY_273_A,ASP_282_A,GLU_286_A"
SER_102_A,"GLU_87_A,ARG_101_A,ILE_103_A"
ILE_103_A,"ALA_77_A,SER_102_A,ALA_104_A,PHE_285_A"
ALA_104_A,"ALA_77_A,ILE_103_A,THR_105_A,ILE_299_A"
THR_105_A,"ALA_104_A,ALA_106_A,GLY_107_A"
ALA_106_A,"THR_105_A,GLY_107_A,GLY_110_A,TRP_296_A"
GLY_107_A,"THR_105_A,ALA_106_A,GLY_108_A"
GLY_108_A,"GLY_107_A,THR_109_A"
THR_109_A,"GLY_108_A,GLY_110_A,HIS_113_A,ILE_139_A"
GLY_110_A,"ALA_106_A,THR_109_A,GLY_111_A,HIS_114_A"
GLY_111_A,"GLY_110_A,ILE_112_A,LEU_115_A"
ILE_112_A,"GLY_111_A,HIS_113_A"
HIS_113_A,"THR_109_A,ILE_112_A,HIS_114_A,HIS_117_A"
HIS_114_A,"GLY_110_A,HIS_113_A,LEU_115_A,ASN_118_A,TRP_296_A"
LEU_115_A,"GLY_111_A,HIS_114_A,ILE_116_A,TYR_119_A,ILE_218_A"
ILE_116_A,"LEU_115_A,HIS_117_A,THR_120_A,VAL_179_A"
HIS_117_A,"HIS_113_A,ILE_116_A,ASN_118_A,ARG_145_A"
ASN_118_A,"HIS_114_A,HIS_117_A,TYR_119_A,VAL_287_A"
TYR_119_A,"LEU_115_A,ASN_118_A,THR_120_A,ASN_177_A,LEU_250_A"
THR_120_A,"ILE_116_A,TYR_119_A,GLU_121_A,ARG_145_A,VAL_179_A"
GLU_121_A,"THR_120_A,ASP_124_A"
PRO_122_A,GLY_123_A
GLY_123_A,"PRO_122_A,ASP_124_A"
ASP_124_A,"GLU_121_A,GLY_123_A,GLU_125_A"
GLU_125_A,"ASP_124_A,VAL_126_A,LEU_171_A,LYS_174_A,GLN_175_A"
VAL_126_A,"GLU_125_A,LEU_127_A,THR_146_A,VAL_148_A,ILE_181_A"
LEU_127_A,"VAL_126_A,THR_128_A,TYR_150_A,ARG_167_A,VAL_168_A,ILE_181_A"
THR_128_A,"LEU_127_A,ALA_129_A,TYR_132_A,LEU_147_A,VAL_148_A,ILE_181_A"
ALA_129_A,"THR_128_A,ASP_130_A"
ASP_130_A,"ALA_129_A,TRP_131_A,TYR_150_A"
TRP_131_A,"ASP_130_A,TYR_132_A,THR_190_A,LEU_350_A,ASN_384_A"
TYR_132_A,"THR_128_A,TRP_131_A,TRP_133_A,ARG_137_A,LEU_147_A"
TRP_133_A,"TYR_132_A,GLY_134_A,ALA_135_A"
GLY_134_A,"TRP_133_A,ALA_135_A,ARG_137_A"
ALA_135_A,"TRP_133_A,GLY_134_A,TYR_136_A,ARG_137_A,VAL_138_A,ILE_139_A"
TYR_136_A,"ALA_135_A,ARG_137_A,ILE_181_A,ASP_222_A"
ARG_137_A,"TYR_132_A,GLY_134_A,ALA_135_A,TYR_136_A,VAL_138_A,SER_141_A"
VAL_138_A,"LEU_14_A,ALA_135_A,ARG_137_A,ILE_139_A,ASP_142_A"
ILE_139_A,"THR_109_A,ALA_135_A,VAL_138_A,CYS_140_A"
CYS_140_A,"ILE_139_A,SER_141_A,ARG_145_A"
SER_141_A,"ARG_137_A,CYS_140_A,ASP_142_A"
ASP_142_A,"LYS_12_A,VAL_138_A,SER_141_A,THR_143_A"
THR_143_A,"ASP_142_A,GLY_144_A,ARG_145_A"
GLY_144_A,"THR_143_A,ARG_145_A"
ARG_145_A,"HIS_117_A,THR_120_A,CYS_140_A,THR_143_A,GLY_144_A,THR_146_A"
THR_146_A,"VAL_126_A,ARG_145_A,LEU_147_A"
LEU_147_A,"THR_128_A,TYR_132_A,THR_146_A,VAL_148_A"
VAL_148_A,"VAL_126_A,THR_128_A,LEU_147_A,THR_149_A"
THR_149_A,"VAL_148_A,TYR_150_A"
TYR_150_A,"LEU_127_A,ASP_130_A,THR_149_A,SER_151_A,PHE_164_A,ARG_167_A"
SER_151_A,"TYR_150_A,LEU_152_A"
LEU_152_A,"SER_151_A,PHE_153_A,PHE_159_A,ASN_160_A"
PHE_153_A,"LEU_152_A,ASP_154_A,ASN_160_A,TYR_192_A,PRO_351_A"
ASP_154_A,"PHE_153_A,GLU_155_A,HIS_156_A,ASN_157_A,ASN_158_A"
GLU_155_A,"ASP_154_A,HIS_156_A"
HIS_156_A,"ASP_154_A,GLU_155_A,ASN_157_A"
ASN_157_A,"ASP_154_A,HIS_156_A,ASN_158_A"
ASN_158_A,"ASP_154_A,ASN_157_A,PHE_159_A"
PHE_159_A,"LEU_152_A,ASN_158_A,ASN_160_A,HIS_161_A,ILE_202_A"
ASN_160_A,"LEU_152_A,PHE_153_A,PHE_159_A,HIS_161_A,ALA_163_A"
HIS_161_A,"PHE_159_A,ASN_160_A,GLU_162_A,GLN_165_A,ASP_198_A"
GLU_162_A,"HIS_161_A,ALA_163_A"
ALA_163_A,"ASN_160_A,GLU_162_A,PHE_164_A"
PHE_164_A,"TYR_150_A,ALA_163_A,GLN_165_A,VAL_168_A,PHE_182_A"
GLN_165_A,"HIS_161_A,PHE_164_A,ASN_166_A,ASN_169_A,PHE_205_A"
ASN_166_A,"GLN_165_A,ARG_167_A"
ARG_167_A,"LEU_127_A,TYR_150_A,ASN_166_A,VAL_168_A,GLU_170_A"
VAL_168_A,"LEU_127_A,PHE_164_A,ARG_167_A,ASN_169_A,ALA_172_A,PHE_205_A,LEU_209_A"
ASN_169_A,"GLN_165_A,VAL_168_A,GLU_170_A,ALA_173_A"
GLU_170_A,"ARG_167_A,ASN_169_A,LEU_171_A"
LEU_171_A,"GLU_125_A,GLU_170_A,ALA_172_A,LYS_174_A"
ALA_172_A,"VAL_168_A,LEU_171_A,ALA_173_A"
ALA_173_A,"ASN_169_A,ALA_172_A,LYS_174_A,ARG_214_A"
LYS_174_A,"GLU_125_A,LEU_171_A,ALA_173_A,GLN_175_A"
GLN_175_A,"GLU_125_A,LYS_174_A,THR_176_A"
THR_176_A,"GLN_175_A,ASN_177_A"
ASN_177_A,"TYR_119_A,THR_176_A,VAL_178_A,ILE_218_A"
VAL_178_A,"ASN_177_A,VAL_179_A,ASN_216_A,ILE_218_A"
VAL_179_A,"ILE_116_A,THR_120_A,VAL_178_A,VAL_180_A"
VAL_180_A,"VAL_179_A,ILE_181_A,PHE_182_A,ILE_218_A,GLY_220_A"
ILE_181_A,"VAL_126_A,LEU_127_A,THR_128_A,TYR_136_A,VAL_180_A,PHE_182_A"
PHE_182_A,"PHE_164_A,VAL_180_A,ILE_181_A,ASN_183_A,ILE_194_A,TRP_199_A,ILE_219_A,GLY_220_A,ASP_222_A"
ASN_183_A,"PHE_182_A,THR_184_A"
THR_184_A,"ASN_183_A,ILE_194_A,TRP_199_A"
PRO_185_A,GLY_186_A
GLY_186_A,"PRO_185_A,ASN_187_A,SER_193_A"
ASN_187_A,"GLY_186_A,ASN_188_A,THR_190_A,GLY_191_A,TYR_192_A"
ASN_188_A,ASN_187_A
PRO_189_A,"THR_190_A,THR_359_A,LEU_382_A"
THR_190_A,"TRP_131_A,ASN_187_A,PRO_189_A,GLY_191_A,LEU_350_A"
GLY_191_A,"ASN_187_A,THR_190_A,TYR_192_A,ARG_353_A,GLY_354_A"
TYR_192_A,"PHE_153_A,ASN_187_A,GLY_191_A,SER_193_A"
SER_193_A,"GLY_186_A,TYR_192_A,ILE_194_A"
ILE_194_A,"PHE_182_A,THR_184_A,SER_193_A,GLU_195_A,TRP_199_A"
GLU_195_A,"ILE_194_A,ASP_196_A,ASP_198_A,ARG_353_A"
ASP_196_A,"GLU_195_A,LYS_197_A,LYS_241_A"
LYS_197_A,"ASP_196_A,ASP_198_A"
ASP_198_A,"HIS_161_A,GLU_195_A,LYS_197_A,TRP_199_A,ILE_202_A"
TRP_199_A,"PHE_182_A,THR_184_A,ILE_194_A,ASP_198_A,ASP_200_A,LEU_203_A,PHE_238_A,PHE_242_A"
ASP_200_A,"TRP_199_A,SER_201_A,ASN_204_A,LYS_241_A"
SER_201_A,"ASP_200_A,ILE_202_A"
ILE_202_A,"PHE_159_A,ASP_198_A,SER_201_A,LEU_203_A"
LEU_203_A,"TRP_199_A,ILE_202_A,ASN_204_A,LEU_206_A,LYS_207_A,LYS_241_A"
ASN_204_A,"ASP_200_A,LEU_203_A,PHE_205_A"
PHE_205_A,"GLN_165_A,VAL_168_A,ASN_204_A,LEU_206_A,LEU_209_A"
LEU_206_A,"LEU_203_A,PHE_205_A,LYS_207_A,VAL_210_A"
LYS_207_A,"LEU_203_A,LEU_206_A,ASP_208_A,ALA_211_A"
ASP_208_A,"LYS_207_A,LEU_209_A"
LEU_209_A,"VAL_168_A,PHE_205_A,ASP_208_A,VAL_210_A"
VAL_210_A,"LEU_206_A,LEU_209_A,ALA_211_A,VAL_217_A,GLU_248_A"
ALA_211_A,"LYS_207_A,VAL_210_A,ILE_212_A"
ILE_212_A,"ALA_211_A,GLY_213_A"
GLY_213_A,"ILE_212_A,ARG_214_A"
ARG_214_A,"ALA_173_A,GLY_213_A,ASN_215_A"
ASN_215_A,"ARG_214_A,ASN_216_A"
ASN_216_A,"VAL_178_A,ASN_215_A,VAL_217_A"
VAL_217_A,"VAL_210_A,ASN_216_A,ILE_218_A,GLU_248_A,LEU_250_A"
ILE_218_A,"LEU_115_A,ASN_177_A,VAL_178_A,VAL_180_A,VAL_217_A,ILE_219_A"
ILE_219_A,"PHE_182_A,ILE_218_A,GLY_220_A,ILE_221_A,ILE_249_A,LEU_250_A,CYS_252_A"
GLY_220_A,"VAL_180_A,PHE_182_A,ILE_219_A,ILE_221_A"
ILE_221_A,"ILE_219_A,GLY_220_A,ASP_222_A,VAL_223_A,PHE_242_A,THR_251_A,CYS_252_A,CYS_254_A"
ASP_222_A,"TYR_136_A,PHE_182_A,ILE_221_A,VAL_223_A"
VAL_223_A,"ILE_221_A,ASP_222_A,ALA_224_A,TYR_225_A,LEU_226_A,VAL_253_A,CYS_254_A"
ALA_224_A,"VAL_223_A,TYR_225_A"
TYR_225_A,"VAL_223_A,ALA_224_A,LEU_226_A,ASP_227_A,TYR_228_A,SER_229_A"
LEU_226_A,"VAL_223_A,TYR_225_A,ASP_227_A"
ASP_227_A,"GLU_89_A,TYR_225_A,LEU_226_A,TYR_228_A,ARG_236_A,ARG_324_A"
TYR_228_A,"TYR_225_A,ASP_227_A,SER_229_A,LYS_259_A,ARG_324_A,PHE_356_A"
SER_229_A,"TYR_225_A,TYR_228_A,GLY_230_A"
GLY_230_A,"SER_229_A,GLU_231_A,TYR_328_A"
GLU_231_A,"GLY_230_A,LYS_232_A,ASP_233_A,GLU_234_A"
LYS_232_A,"GLU_231_A,ASP_233_A,ARG_236_A,GLU_321_A"
ASP_233_A,"GLU_231_A,LYS_232_A,GLU_234_A"
GLU_234_A,"GLU_231_A,ASP_233_A,VAL_235_A"
VAL_235_A,"GLU_234_A,ARG_236_A"
ARG_236_A,"GLU_89_A,CYS_90_A,ASP_227_A,LYS_232_A,VAL_235_A,ALA_237_A,PHE_238_A,PHE_239_A,ARG_324_A"
ALA_237_A,"ARG_236_A,PHE_238_A"
PHE_238_A,"TRP_199_A,ARG_236_A,ALA_237_A,PHE_239_A,LYS_241_A,PHE_242_A"
PHE_239_A,"ARG_236_A,PHE_238_A,ASN_240_A,LYS_241_A"
ASN_240_A,"PHE_239_A,LYS_241_A"
LYS_241_A,"ASP_196_A,ASP_200_A,LEU_203_A,PHE_238_A,PHE_239_A,ASN_240_A,PHE_242_A"
PHE_242_A,"TRP_199_A,ILE_221_A,PHE_238_A,LYS_241_A,SER_243_A,THR_251_A"
SER_243_A,"PHE_242_A,HIS_244_A"
HIS_244_A,"GLU_97_A,SER_243_A,LEU_245_A,ASP_276_A"
LEU_245_A,"HIS_244_A,ILE_249_A"
PRO_246_A,"LYS_247_A,GLU_248_A,ILE_249_A"
LYS_247_A,"PRO_246_A,GLU_248_A,ASP_277_A"
GLU_248_A,"VAL_210_A,VAL_217_A,PRO_246_A,LYS_247_A,ILE_249_A"
ILE_249_A,"ILE_219_A,LEU_245_A,PRO_246_A,GLU_248_A,LEU_250_A"
LEU_250_A,"TYR_119_A,VAL_217_A,ILE_219_A,ILE_249_A,THR_251_A"
THR_251_A,"ILE_221_A,PHE_242_A,LEU_250_A,CYS_252_A,ILE_274_A"
CYS_252_A,"ILE_219_A,ILE_221_A,THR_251_A,VAL_253_A"
VAL_253_A,"VAL_223_A,CYS_252_A,CYS_254_A,ILE_272_A"
CYS_254_A,"ILE_221_A,VAL_223_A,VAL_253_A,TYR_255_A"
TYR_255_A,"GLU_89_A,CYS_90_A,CYS_254_A,SER_256_A,ALA_270_A"
SER_256_A,"TYR_255_A,LEU_257_A,SER_258_A"
LEU_257_A,"SER_256_A,SER_258_A,PHE_261_A,VAL_268_A"
SER_258_A,"SER_256_A,LEU_257_A,LYS_259_A"
LYS_259_A,"TYR_228_A,SER_258_A,GLY_260_A,ARG_267_A"
GLY_260_A,"LYS_259_A,PHE_261_A,TYR_320_A"
PHE_261_A,"VAL_58_A,LEU_257_A,GLY_260_A,THR_262_A,TYR_320_A"
THR_262_A,"LEU_55_A,PHE_261_A"
TYR_264_A,"LEU_52_A,VAL_53_A,GLY_265_A"
GLY_265_A,"TYR_264_A,GLN_266_A"
GLN_266_A,"GLY_265_A,ARG_267_A,VAL_268_A"
ARG_267_A,"LYS_259_A,GLN_266_A,VAL_268_A"
VAL_268_A,"LEU_257_A,GLN_266_A,ARG_267_A,GLY_269_A,ALA_303_A"
GLY_269_A,"VAL_268_A,ALA_270_A"
ALA_270_A,"TYR_255_A,GLY_269_A"
ILE_272_A,"GLU_87_A,ILE_100_A,VAL_253_A,GLY_273_A"
GLY_273_A,"ARG_101_A,ILE_272_A,ILE_274_A"
ILE_274_A,"PHE_91_A,THR_251_A,GLY_273_A,SER_275_A"
SER_275_A,"HIS_99_A,ILE_274_A,ASP_276_A,ASP_277_A"
ASP_276_A,"HIS_244_A,SER_275_A,ASP_277_A"
ASP_277_A,"LYS_247_A,SER_275_A,ASP_276_A,GLU_278_A,GLU_279_A,ILE_280_A"
GLU_278_A,"HIS_99_A,ASP_277_A,GLU_279_A,ASP_282_A"
GLU_279_A,"ASP_277_A,GLU_278_A,ILE_280_A,GLU_283_A"
ILE_280_A,"ASP_277_A,GLU_279_A,ALA_281_A,PHE_284_A"
ALA_281_A,"HIS_99_A,ILE_280_A,ASP_282_A,PHE_285_A"
ASP_282_A,"ARG_101_A,GLU_278_A,ALA_281_A,GLU_283_A"
GLU_283_A,"GLU_279_A,ASP_282_A,PHE_284_A,VAL_287_A"
PHE_284_A,"ILE_280_A,GLU_283_A,PHE_285_A"
PHE_285_A,"ILE_103_A,ALA_281_A,PHE_284_A,GLU_286_A,LYS_289_A"
GLU_286_A,"ARG_101_A,PHE_285_A,VAL_287_A,LYS_289_A"
VAL_287_A,"ASN_118_A,GLU_283_A,GLU_286_A,ASN_288_A"
ASN_288_A,"VAL_287_A,LYS_289_A,SER_292_A"
LYS_289_A,"PHE_285_A,GLU_286_A,ASN_288_A,SER_290_A,ARG_293_A"
SER_290_A,"LYS_289_A,THR_291_A,ALA_294_A"
THR_291_A,"SER_290_A,SER_292_A,THR_295_A"
SER_292_A,"ASN_288_A,THR_291_A,ARG_293_A,SER_297_A"
ARG_293_A,"LYS_289_A,SER_292_A,ALA_294_A"
ALA_294_A,"SER_290_A,ARG_293_A,THR_295_A"
THR_295_A,"THR_291_A,ALA_294_A,TRP_296_A"
TRP_296_A,"ALA_106_A,HIS_114_A,THR_295_A,SER_297_A,ASN_298_A"
SER_297_A,"SER_292_A,TRP_296_A,ASN_298_A"
ASN_298_A,"TRP_296_A,SER_297_A,ILE_299_A"
ILE_299_A,"ALA_104_A,ASN_298_A,CYS_300_A,ARG_301_A"
CYS_300_A,"ILE_299_A,ARG_301_A"
ARG_301_A,"GLU_69_A,TYR_73_A,ILE_299_A,CYS_300_A"
PRO_302_A,"ALA_303_A,THR_306_A"
ALA_303_A,"VAL_268_A,PRO_302_A"
ARG_305_A,"GLU_69_A,ASP_81_A,THR_306_A,ASN_309_A"
THR_306_A,"VAL_58_A,PRO_302_A,ARG_305_A"
ALA_308_A,ASN_309_A
ASN_309_A,"GLU_61_A,ARG_305_A,ALA_308_A,ILE_310_A"
ILE_310_A,"ASN_309_A,VAL_311_A,ASP_313_A"
VAL_311_A,"ALA_85_A,ILE_310_A,ALA_312_A"
ALA_312_A,"VAL_311_A,ASP_313_A"
ASP_313_A,"ILE_310_A,ALA_312_A,LYS_316_A,PHE_317_A"
PRO_314_A,ALA_315_A
ALA_315_A,"PRO_314_A,LYS_316_A"
LYS_316_A,"GLU_61_A,ASP_313_A,ALA_315_A,PHE_317_A"
PHE_317_A,"ASP_313_A,LYS_316_A,LYS_318_A,TYR_320_A,GLU_321_A"
LYS_318_A,"PHE_317_A,GLU_319_A,ALA_322_A"
GLU_319_A,"LYS_56_A,LYS_318_A,TYR_320_A,GLU_323_A"
TYR_320_A,"GLY_260_A,PHE_261_A,PHE_317_A,GLU_319_A,GLU_321_A,ARG_324_A"
GLU_321_A,"GLU_89_A,LYS_232_A,PHE_317_A,TYR_320_A,ALA_322_A,ARG_324_A,ASN_325_A"
ALA_322_A,"LYS_318_A,GLU_321_A,GLU_323_A"
GLU_323_A,"LYS_56_A,THR_57_A,GLU_319_A,ALA_322_A,ARG_324_A"
ARG_324_A,"GLU_89_A,ASP_227_A,TYR_228_A,ARG_236_A,TYR_320_A,GLU_321_A,GLU_323_A,ASN_325_A,TYR_328_A"
ASN_325_A,"GLU_321_A,ARG_324_A,CYS_326_A,GLN_329_A"
CYS_326_A,"ASN_325_A,TYR_327_A"
TYR_327_A,"ASP_47_A,VAL_53_A,LEU_55_A,CYS_326_A,TYR_328_A"
TYR_328_A,"GLY_230_A,ARG_324_A,TYR_327_A,GLN_329_A,ILE_331_A,ARG_332_A"
GLN_329_A,"ASN_325_A,TYR_328_A,LEU_330_A,ASP_333_A"
LEU_330_A,"GLU_48_A,GLN_329_A,ILE_331_A"
ILE_331_A,"TYR_328_A,LEU_330_A,ARG_332_A,PHE_356_A,CYS_391_A"
ARG_332_A,"TYR_328_A,ILE_331_A,ASP_333_A,ALA_335_A,ASP_336_A"
ASP_333_A,"GLN_329_A,ARG_332_A,ARG_334_A,ASP_336_A,ILE_337_A,LYS_395_A"
ARG_334_A,"HIS_46_A,ASP_47_A,GLU_48_A,ASP_333_A,ALA_335_A,CYS_391_A"
ALA_335_A,"ARG_332_A,ARG_334_A,ASP_336_A,TYR_352_A"
ASP_336_A,"ARG_332_A,ASP_333_A,ALA_335_A,ILE_337_A,LYS_339_A"
ILE_337_A,"ASP_333_A,ASP_336_A,PHE_338_A"
PHE_338_A,"ILE_337_A,LYS_339_A,ALA_342_A,ILE_360_A,ILE_388_A"
LYS_339_A,"ASP_336_A,PHE_338_A,GLN_340_A,ALA_343_A"
GLN_340_A,"LYS_339_A,GLU_341_A"
GLU_341_A,"GLN_340_A,ALA_342_A,GLY_400_A"
ALA_342_A,"PHE_338_A,GLU_341_A,ALA_343_A,LEU_347_A"
ALA_343_A,"LYS_339_A,ALA_342_A,GLN_344_A"
GLN_344_A,"ALA_343_A,VAL_345_A"
VAL_345_A,"GLN_344_A,GLY_346_A,LEU_347_A,TYR_406_A"
GLY_346_A,"VAL_345_A,LEU_347_A"
LEU_347_A,"ALA_342_A,VAL_345_A,GLY_346_A,ILE_360_A"
LEU_350_A,"TRP_131_A,THR_190_A,THR_359_A"
PRO_351_A,"PHE_153_A,TYR_352_A"
TYR_352_A,"ALA_335_A,PRO_351_A,ARG_353_A,GLY_355_A,ILE_358_A"
ARG_353_A,"GLY_191_A,GLU_195_A,TYR_352_A,GLY_354_A"
GLY_354_A,"GLY_191_A,ARG_353_A,GLY_355_A"
GLY_355_A,"TYR_352_A,GLY_354_A,PHE_356_A"
PHE_356_A,"ILE_45_A,TYR_228_A,ILE_331_A,GLY_355_A,PHE_357_A,ALA_390_A,CYS_391_A"
PHE_357_A,"PHE_356_A,ILE_358_A,ALA_389_A"
ILE_358_A,"TYR_352_A,PHE_357_A,THR_359_A,ILE_388_A"
THR_359_A,"PRO_189_A,LEU_350_A,ILE_358_A,ILE_360_A"
ILE_360_A,"PHE_338_A,LEU_347_A,THR_359_A,ILE_386_A"
PRO_361_A,THR_362_A
THR_362_A,"PRO_361_A,ASP_363_A,SER_364_A"
ASP_363_A,"THR_362_A,SER_364_A"
SER_364_A,"THR_362_A,ASP_363_A,ALA_365_A"
ALA_365_A,"SER_364_A,ASN_366_A,CYS_369_A,ALA_381_A,ILE_386_A"
ASN_366_A,"ALA_365_A,ALA_367_A"
ALA_367_A,"ASN_366_A,ILE_368_A"
ILE_368_A,"ALA_367_A,CYS_369_A,ILE_386_A"
CYS_369_A,"ALA_365_A,ILE_368_A,GLU_370_A,LEU_372_A"
GLU_370_A,"CYS_369_A,GLU_371_A,LYS_373_A"
GLU_371_A,"GLU_370_A,LEU_372_A,LYS_374_A,GLU_375_A"
LEU_372_A,"CYS_369_A,GLU_371_A,LYS_373_A,GLU_375_A,ILE_377_A"
LYS_373_A,"GLU_370_A,LEU_372_A,LYS_374_A,GLU_375_A,HIS_376_A,TYR_378_A"
LYS_374_A,"GLU_371_A,LYS_373_A,GLU_375_A"
GLU_375_A,"GLU_371_A,LEU_372_A,LYS_373_A,LYS_374_A,HIS_376_A,LYS_404_A"
HIS_376_A,"ASP_28_A,VAL_38_A,LYS_373_A,GLU_375_A,ILE_377_A"
ILE_377_A,"LEU_372_A,HIS_376_A,TYR_378_A,LYS_404_A"
TYR_378_A,"ALA_25_A,ASP_28_A,VAL_37_A,VAL_38_A,GLY_40_A,THR_41_A,LYS_373_A,ILE_377_A,VAL_379_A"
VAL_379_A,"TYR_378_A,ILE_380_A,ILE_386_A"
ILE_380_A,"THR_21_A,VAL_379_A,ALA_381_A,ARG_387_A"
ALA_381_A,"ALA_365_A,ILE_380_A,LEU_382_A"
LEU_382_A,"PRO_189_A,ALA_381_A,ALA_383_A,GLY_385_A"
ALA_383_A,"LEU_382_A,ASN_384_A"
ASN_384_A,"TRP_131_A,ALA_383_A,GLY_385_A"
GLY_385_A,"LEU_382_A,ASN_384_A,ILE_386_A"
ILE_386_A,"ILE_360_A,ALA_365_A,ILE_368_A,VAL_379_A,GLY_385_A,ARG_387_A"
ARG_387_A,"THR_41_A,ILE_380_A,ILE_386_A,ILE_388_A"
ILE_388_A,"PHE_338_A,ILE_358_A,ARG_387_A,ALA_389_A,ILE_393_A,ILE_405_A"
ALA_389_A,"PHE_357_A,ILE_388_A,ALA_390_A"
ALA_390_A,"PHE_356_A,ALA_389_A,CYS_391_A"
CYS_391_A,"HIS_46_A,ILE_331_A,ARG_334_A,PHE_356_A,ALA_390_A,GLY_392_A"
GLY_392_A,"CYS_391_A,ILE_393_A"
ILE_393_A,"ILE_388_A,GLY_392_A"
PRO_394_A,"LYS_395_A,GLN_397_A"
LYS_395_A,"GLU_48_A,ASP_333_A,PRO_394_A,CYS_396_A,THR_399_A"
CYS_396_A,"LYS_395_A,GLN_397_A,THR_399_A"
GLN_397_A,"PRO_394_A,CYS_396_A"
THR_399_A,"LYS_395_A,CYS_396_A,GLY_400_A"
GLY_400_A,"GLU_341_A,THR_399_A,LEU_401_A"
LEU_401_A,"GLY_400_A,ALA_402_A,ILE_405_A"
ALA_402_A,"LEU_401_A,GLU_403_A,ILE_405_A,TYR_406_A"
GLU_403_A,"ALA_402_A,LYS_404_A,ASN_407_A"
LYS_404_A,"GLU_375_A,ILE_377_A,GLU_403_A,ILE_405_A"
ILE_405_A,"ILE_388_A,LEU_401_A,ALA_402_A,LYS_404_A,TYR_406_A"
TYR_406_A,"VAL_345_A,ALA_402_A,ILE_405_A,ASN_407_A,LYS_410_A"
ASN_407_A,"GLU_403_A,TYR_406_A,ALA_408_A"
ALA_408_A,ASN_407_A
LYS_410_A,"TYR_406_A,SER_411_A,GLY_413_A"
SER_411_A,"LYS_410_A,LEU_412_A"
LEU_412_A,"SER_411_A,GLY_413_A"
GLY_413_A,"LYS_410_A,LEU_412_A,LYS_414_A"
LYS_414_A,"GLY_413_A,LEU_415_A"
LEU_415_A,LYS_414_A
