residue_id,neighbors
SER_2_B,LYS_3_B
LYS_3_B,"SER_2_B,THR_4_B,THR_275_B,LEU_277_B"
THR_4_B,"LYS_3_B,VAL_5_B,ASP_99_B,ILE_276_B"
VAL_5_B,"THR_4_B,ILE_6_B,MET_260_B"
ILE_6_B,"VAL_5_B,LEU_7_B,LEU_273_B,ALA_274_B,ILE_276_B"
LEU_7_B,"ILE_6_B,SER_8_B,ALA_41_B,VAL_43_B,VAL_258_B,MET_260_B"
SER_8_B,"LEU_7_B,ALA_9_B,ALA_37_B,VAL_258_B"
ALA_9_B,"SER_8_B,ALA_10_B"
ALA_10_B,"ALA_9_B,ARG_11_B,ALA_256_B"
ARG_11_B,"ALA_10_B,THR_12_B,GLU_198_B,VAL_200_B,ASP_217_B,ARG_357_B"
THR_12_B,"ARG_11_B,PRO_13_B,GLY_254_B"
PRO_13_B,"THR_12_B,VAL_14_B"
VAL_14_B,"PRO_13_B,GLY_15_B,ASP_217_B,GLU_218_B,ASN_251_B"
GLY_15_B,"VAL_14_B,LYS_16_B,ASP_252_B"
LYS_16_B,"GLY_15_B,PHE_17_B,GLY_19_B,GLU_218_B,ARG_221_B"
PHE_17_B,"LYS_16_B,GLY_18_B"
GLY_18_B,"PHE_17_B,GLY_19_B,SER_119_B"
GLY_19_B,"LYS_16_B,GLY_18_B,SER_20_B,LYS_22_B"
SER_20_B,"GLY_19_B,LEU_21_B,GLU_218_B"
LEU_21_B,"SER_20_B,LYS_22_B,VAL_24_B"
LYS_22_B,"GLY_19_B,LEU_21_B,ASP_23_B,ASN_120_B"
ASP_23_B,"LYS_22_B,VAL_24_B"
VAL_24_B,"LEU_21_B,ASP_23_B,LYS_25_B,GLU_28_B,LEU_29_B,ILE_204_B"
LYS_25_B,"VAL_24_B,ALA_26_B"
ALA_26_B,"LYS_25_B,THR_27_B,GLY_30_B"
THR_27_B,"ALA_26_B,GLU_28_B,GLY_31_B,GLN_68_B"
GLU_28_B,"VAL_24_B,THR_27_B,LEU_29_B,ILE_32_B"
LEU_29_B,"VAL_24_B,GLU_28_B,GLY_30_B"
GLY_30_B,"ALA_26_B,LEU_29_B,GLY_31_B,ILE_34_B"
GLY_31_B,"THR_27_B,GLY_30_B,ILE_32_B,LYS_35_B"
ILE_32_B,"GLU_28_B,GLY_31_B,ALA_33_B,VAL_200_B"
ALA_33_B,"ILE_32_B,ILE_34_B,ALA_37_B"
ILE_34_B,"GLY_30_B,ALA_33_B,LYS_35_B,LEU_38_B,PHE_53_B,ALA_73_B,ILE_75_B,VAL_111_B,ALA_256_B"
LYS_35_B,"GLY_31_B,ILE_34_B,ALA_36_B,GLU_39_B"
ALA_36_B,"LYS_35_B,ALA_37_B,ARG_40_B,VAL_200_B"
ALA_37_B,"SER_8_B,ALA_33_B,ALA_36_B,LEU_38_B,ALA_41_B,VAL_258_B"
LEU_38_B,"ILE_34_B,ALA_37_B,GLU_39_B,VAL_48_B"
GLU_39_B,"LYS_35_B,LEU_38_B,ARG_40_B"
ARG_40_B,"ALA_36_B,GLU_39_B,ALA_41_B,GLU_197_B,ILE_199_B,HIS_364_B"
ALA_41_B,"LEU_7_B,ALA_37_B,ARG_40_B,ASN_42_B,VAL_43_B,ARG_270_B"
ASN_42_B,"ALA_41_B,VAL_43_B,ARG_270_B"
VAL_43_B,"LEU_7_B,ALA_41_B,ASN_42_B,ALA_44_B,LEU_109_B"
ALA_44_B,"VAL_43_B,ALA_45_B,ASP_47_B"
ALA_45_B,"ALA_44_B,SER_46_B"
SER_46_B,"ALA_45_B,ASP_47_B"
ASP_47_B,"ALA_44_B,SER_46_B,VAL_48_B,ARG_264_B"
VAL_48_B,"LEU_38_B,ASP_47_B,GLU_49_B,VAL_111_B"
GLU_49_B,"VAL_48_B,GLU_50_B,SER_108_B,LEU_109_B,ARG_264_B"
GLU_50_B,"GLU_49_B,VAL_51_B,GLU_82_B,VAL_111_B"
VAL_51_B,"GLU_50_B,ILE_52_B,GLN_80_B,THR_81_B"
ILE_52_B,"VAL_51_B,PHE_53_B,ILE_101_B,VAL_111_B"
PHE_53_B,"ILE_34_B,ILE_52_B,GLY_54_B,VAL_84_B"
GLY_54_B,"PHE_53_B,THR_55_B,GLY_113_B,MET_115_B"
THR_55_B,"GLY_54_B,VAL_56_B,GLN_58_B,THR_83_B,MET_115_B"
VAL_56_B,"THR_55_B,ILE_57_B,GLU_116_B,ILE_351_B"
ILE_57_B,"VAL_56_B,GLN_58_B,GLU_116_B,ASP_146_B"
GLN_58_B,"THR_55_B,ILE_57_B,GLY_59_B,GLN_61_B"
GLY_59_B,"GLN_58_B,GLY_60_B"
GLY_60_B,"GLY_59_B,GLN_61_B"
GLN_61_B,"GLN_58_B,GLY_60_B,GLY_62_B,GLN_68_B"
GLY_62_B,"GLN_61_B,GLN_63_B"
GLN_63_B,"GLY_62_B,ILE_64_B"
ILE_64_B,"GLN_63_B,ARG_67_B"
PRO_65_B,"SER_66_B,MET_115_B"
SER_66_B,"PRO_65_B,ARG_67_B,ALA_70_B,THR_81_B,THR_83_B"
ARG_67_B,"ILE_64_B,SER_66_B,GLN_68_B,ARG_71_B,TRP_77_B,VAL_79_B,THR_81_B"
GLN_68_B,"THR_27_B,GLN_61_B,ARG_67_B,ALA_69_B,ALA_72_B"
ALA_69_B,"GLN_68_B,ALA_70_B"
ALA_70_B,"SER_66_B,ALA_69_B,ARG_71_B,ILE_75_B"
ARG_71_B,"ARG_67_B,ALA_70_B,ALA_72_B,GLY_74_B,ILE_75_B"
ALA_72_B,"GLN_68_B,ARG_71_B,ALA_73_B"
ALA_73_B,"ILE_34_B,ALA_72_B,GLY_74_B"
GLY_74_B,"ARG_71_B,ALA_73_B,ILE_75_B"
ILE_75_B,"ILE_34_B,ALA_70_B,ARG_71_B,GLY_74_B,VAL_79_B"
PRO_76_B,TRP_77_B
TRP_77_B,"ARG_67_B,PRO_76_B,GLU_78_B"
GLU_78_B,"TRP_77_B,VAL_79_B"
VAL_79_B,"ARG_67_B,ILE_75_B,GLU_78_B,GLN_80_B"
GLN_80_B,"VAL_51_B,VAL_79_B,THR_81_B"
THR_81_B,"VAL_51_B,SER_66_B,ARG_67_B,GLN_80_B,GLU_82_B"
GLU_82_B,"GLU_50_B,THR_81_B,THR_83_B"
THR_83_B,"THR_55_B,SER_66_B,GLU_82_B,VAL_84_B"
VAL_84_B,"PHE_53_B,THR_83_B,ASN_85_B"
ASN_85_B,"VAL_84_B,LYS_86_B,VAL_87_B"
LYS_86_B,"ASN_85_B,VAL_87_B,ALA_89_B,SER_90_B,ARG_93_B,ASP_386_B"
VAL_87_B,"ASN_85_B,LYS_86_B,CYS_88_B,ALA_89_B,SER_90_B"
CYS_88_B,"VAL_87_B,ALA_89_B"
ALA_89_B,"LYS_86_B,VAL_87_B,CYS_88_B,SER_90_B,ARG_93_B"
SER_90_B,"LYS_86_B,VAL_87_B,ALA_89_B,GLY_91_B,ALA_94_B"
GLY_91_B,"SER_90_B,LEU_92_B"
LEU_92_B,"GLY_91_B,ARG_93_B,VAL_95_B,ASP_386_B"
ARG_93_B,"LYS_86_B,ALA_89_B,LEU_92_B,ALA_94_B,LEU_97_B,GLN_100_B,HIS_279_B,ASP_386_B"
ALA_94_B,"SER_90_B,ARG_93_B,VAL_95_B"
VAL_95_B,"LEU_92_B,ALA_94_B,THR_96_B,ASP_99_B"
THR_96_B,"VAL_95_B,LEU_97_B,HIS_279_B"
LEU_97_B,"ARG_93_B,THR_96_B,ALA_98_B,ILE_101_B"
ALA_98_B,"LEU_97_B,ASP_99_B,ILE_102_B,ILE_110_B,LEU_259_B"
ASP_99_B,"THR_4_B,VAL_95_B,ALA_98_B,GLN_100_B,ARG_103_B,HIS_279_B"
GLN_100_B,"ARG_93_B,ASP_99_B,ILE_101_B"
ILE_101_B,"ILE_52_B,LEU_97_B,GLN_100_B,ILE_102_B,THR_104_B,GLN_107_B,ILE_110_B"
ILE_102_B,"ALA_98_B,ILE_101_B,ARG_103_B,GLY_105_B,ILE_110_B,LEU_259_B"
ARG_103_B,"ASP_99_B,ILE_102_B,THR_104_B,HIS_279_B"
THR_104_B,"ILE_101_B,ARG_103_B,GLY_105_B,ASP_106_B"
GLY_105_B,"ILE_102_B,THR_104_B,ASP_106_B"
ASP_106_B,"THR_104_B,GLY_105_B,GLN_107_B"
GLN_107_B,"ILE_101_B,ASP_106_B,SER_108_B"
SER_108_B,"GLU_49_B,GLN_107_B,LEU_109_B,SER_261_B,ARG_264_B"
LEU_109_B,"VAL_43_B,GLU_49_B,SER_108_B,ILE_110_B,VAL_258_B,MET_260_B"
ILE_110_B,"ALA_98_B,ILE_101_B,ILE_102_B,LEU_109_B,VAL_111_B,LEU_259_B"
VAL_111_B,"ILE_34_B,VAL_48_B,GLU_50_B,ILE_52_B,ILE_110_B,ALA_112_B"
ALA_112_B,"VAL_111_B,GLY_113_B,LEU_257_B"
GLY_113_B,"GLY_54_B,ALA_112_B,GLY_114_B"
GLY_114_B,"GLY_113_B,MET_115_B,ALA_255_B"
MET_115_B,"GLY_54_B,THR_55_B,PRO_65_B,GLY_114_B,GLU_116_B"
GLU_116_B,"VAL_56_B,ILE_57_B,MET_115_B,SER_117_B,MET_118_B,GLY_253_B,GLY_352_B"
SER_117_B,"GLU_116_B,MET_118_B,ASN_120_B"
MET_118_B,"GLU_116_B,SER_117_B,SER_119_B,ASN_143_B,LEU_250_B,ASP_252_B,ILE_351_B"
SER_119_B,"GLY_18_B,MET_118_B,ASN_120_B,ASP_252_B"
ASN_120_B,"LYS_22_B,SER_117_B,SER_119_B,SER_121_B"
SER_121_B,"ASN_120_B,ASN_143_B"
PRO_122_B,"TYR_123_B,LEU_142_B"
TYR_123_B,"PRO_122_B,ILE_124_B,ASP_141_B"
ILE_124_B,"TYR_123_B,LEU_125_B,ILE_140_B,LEU_142_B"
LEU_125_B,"ILE_124_B,ARG_126_B"
ARG_126_B,"LEU_125_B,GLY_127_B,ASP_146_B"
GLY_127_B,"ARG_126_B,ALA_128_B,GLY_131_B"
ALA_128_B,"GLY_127_B,ARG_129_B"
ARG_129_B,"ALA_128_B,TRP_130_B"
TRP_130_B,"ARG_129_B,GLY_131_B"
GLY_131_B,"GLY_127_B,TRP_130_B,TYR_132_B"
TYR_132_B,"GLY_131_B,ARG_133_B,MET_134_B"
ARG_133_B,"TYR_132_B,MET_134_B"
MET_134_B,"TYR_132_B,ARG_133_B,GLY_135_B"
GLY_135_B,"MET_134_B,ASN_136_B"
ASN_136_B,"GLY_135_B,ASN_137_B"
ASN_137_B,"ASN_136_B,GLU_138_B"
GLU_138_B,"ASN_137_B,VAL_139_B"
VAL_139_B,"GLU_138_B,ILE_140_B"
ILE_140_B,"ILE_124_B,VAL_139_B,ASP_141_B,ALA_145_B"
ASP_141_B,"TYR_123_B,ILE_140_B,LEU_142_B,ASN_143_B,VAL_144_B,ALA_145_B"
LEU_142_B,"PRO_122_B,ILE_124_B,ASP_141_B,ASN_143_B,ASP_146_B"
ASN_143_B,"MET_118_B,SER_121_B,ASP_141_B,LEU_142_B,VAL_144_B,GLY_147_B,LEU_148_B"
VAL_144_B,"ASP_141_B,ASN_143_B,ALA_145_B,THR_149_B"
ALA_145_B,"ILE_140_B,ASP_141_B,VAL_144_B,ASP_146_B"
ASP_146_B,"ILE_57_B,ARG_126_B,LEU_142_B,ALA_145_B,GLY_147_B"
GLY_147_B,"ASN_143_B,ASP_146_B,LEU_148_B"
LEU_148_B,"ASN_143_B,GLY_147_B,THR_149_B,MET_157_B"
THR_149_B,"VAL_144_B,LEU_148_B,CYS_150_B"
CYS_150_B,"THR_149_B,ALA_151_B,GLY_154_B,THR_155_B,TYR_160_B"
ALA_151_B,"CYS_150_B,PHE_152_B"
PHE_152_B,"ALA_151_B,SER_153_B"
SER_153_B,"PHE_152_B,GLY_154_B,TYR_160_B"
GLY_154_B,"CYS_150_B,SER_153_B,THR_155_B"
THR_155_B,"CYS_150_B,GLY_154_B,HIS_156_B,VAL_159_B,TYR_160_B"
HIS_156_B,"THR_155_B,MET_157_B,VAL_159_B,PHE_236_B"
MET_157_B,"LEU_148_B,HIS_156_B,GLY_158_B,GLY_161_B,PHE_289_B"
GLY_158_B,"MET_157_B,VAL_159_B"
VAL_159_B,"THR_155_B,HIS_156_B,GLY_158_B,TYR_160_B,GLU_163_B,PHE_236_B"
TYR_160_B,"CYS_150_B,SER_153_B,THR_155_B,VAL_159_B,GLY_161_B,VAL_164_B,LYS_287_B"
GLY_161_B,"MET_157_B,TYR_160_B,GLY_162_B"
GLY_162_B,"GLY_161_B,GLU_163_B,LYS_166_B"
GLU_163_B,"VAL_159_B,GLY_162_B,VAL_164_B,GLU_167_B"
VAL_164_B,"TYR_160_B,GLU_163_B,ALA_165_B,ASP_168_B,ARG_291_B"
ALA_165_B,"VAL_164_B,LYS_166_B,ILE_170_B,ALA_322_B"
LYS_166_B,"GLY_162_B,ALA_165_B,GLU_167_B,ASP_237_B"
GLU_167_B,"GLU_163_B,LYS_166_B,ASP_168_B,LYS_287_B,ASP_288_B,ARG_291_B"
ASP_168_B,"VAL_164_B,GLU_167_B,GLY_169_B,ILE_170_B,ARG_291_B"
GLY_169_B,"ASP_168_B,ILE_170_B"
ILE_170_B,"ALA_165_B,ASP_168_B,GLY_169_B,SER_171_B,GLN_175_B"
SER_171_B,"ILE_170_B,ARG_172_B"
ARG_172_B,"SER_171_B,GLU_173_B,ASP_176_B,LEU_229_B,LEU_232_B"
GLU_173_B,"ARG_172_B,ALA_174_B,GLU_177_B"
ALA_174_B,"GLU_173_B,GLN_175_B"
GLN_175_B,"ILE_170_B,ALA_174_B,ASP_176_B,ALA_179_B,THR_241_B"
ASP_176_B,"ARG_172_B,GLN_175_B,GLU_177_B,TYR_180_B,ASN_246_B"
GLU_177_B,"GLU_173_B,ASP_176_B,TRP_178_B,ILE_226_B"
TRP_178_B,"GLU_177_B,ALA_179_B,SER_182_B,GLU_318_B,LEU_338_B"
ALA_179_B,"GLN_175_B,TRP_178_B,TYR_180_B,VAL_345_B"
TYR_180_B,"ASP_176_B,ALA_179_B,ARG_181_B,GLN_184_B,ILE_226_B"
ARG_181_B,"TYR_180_B,SER_182_B,ARG_185_B,GLU_318_B,PRO_335_B,GLU_336_B,LEU_338_B,ASN_339_B"
SER_182_B,"TRP_178_B,ARG_181_B,HIS_183_B,GLU_318_B"
HIS_183_B,"SER_182_B,GLN_184_B,VAL_187_B,ARG_221_B,THR_224_B"
GLN_184_B,"TYR_180_B,HIS_183_B,ARG_185_B,SER_188_B"
ARG_185_B,"ARG_181_B,GLN_184_B,ALA_186_B,ALA_189_B,GLU_336_B"
ALA_186_B,"ARG_185_B,VAL_187_B,HIS_190_B,PRO_220_B"
VAL_187_B,"HIS_183_B,ALA_186_B,SER_188_B,LYS_191_B"
SER_188_B,"GLN_184_B,VAL_187_B,ALA_189_B"
ALA_189_B,"ARG_185_B,SER_188_B,HIS_190_B,ARG_194_B,PHE_195_B,ASN_341_B"
HIS_190_B,"ALA_186_B,ALA_189_B,LYS_191_B,LYS_216_B,ASP_217_B"
LYS_191_B,"VAL_187_B,HIS_190_B,GLU_192_B,GLU_222_B"
GLU_192_B,"LYS_191_B,GLY_193_B,ARG_194_B"
GLY_193_B,"GLU_192_B,ARG_194_B"
ARG_194_B,"ALA_189_B,GLU_192_B,GLY_193_B,PHE_195_B"
PHE_195_B,"ALA_189_B,ARG_194_B,GLU_196_B,ASN_341_B,MET_347_B"
GLU_196_B,"PHE_195_B,GLU_197_B"
GLU_197_B,"ARG_40_B,GLU_196_B,GLU_198_B,HIS_364_B,LYS_367_B"
GLU_198_B,"ARG_11_B,GLU_197_B,ILE_199_B,ARG_357_B,VAL_360_B,THR_361_B,HIS_364_B"
ILE_199_B,"ARG_40_B,GLU_198_B,VAL_200_B"
VAL_200_B,"ARG_11_B,ILE_32_B,ALA_36_B,ILE_199_B"
PRO_201_B,"VAL_202_B,VAL_213_B"
VAL_202_B,"PRO_201_B,THR_203_B,VAL_214_B"
THR_203_B,"VAL_202_B,ILE_204_B,PRO_211_B"
ILE_204_B,"VAL_24_B,THR_203_B,ILE_212_B"
PRO_205_B,GLN_206_B
GLN_206_B,"PRO_205_B,ARG_207_B,ILE_212_B"
ARG_207_B,"GLN_206_B,LYS_208_B"
LYS_208_B,"ARG_207_B,GLY_209_B"
GLY_209_B,"LYS_208_B,ASP_210_B"
ASP_210_B,GLY_209_B
PRO_211_B,"THR_203_B,ILE_212_B"
ILE_212_B,"ILE_204_B,GLN_206_B,PRO_211_B,VAL_213_B"
VAL_213_B,"PRO_201_B,ILE_212_B,VAL_214_B"
VAL_214_B,"VAL_202_B,VAL_213_B,ALA_215_B"
ALA_215_B,"VAL_214_B,LYS_216_B"
LYS_216_B,"HIS_190_B,ALA_215_B,ASP_217_B"
ASP_217_B,"ARG_11_B,VAL_14_B,HIS_190_B,LYS_216_B,GLU_218_B"
GLU_218_B,"VAL_14_B,LYS_16_B,SER_20_B,ASP_217_B,ALA_219_B"
ALA_219_B,GLU_218_B
PRO_220_B,"ALA_186_B,ARG_221_B"
ARG_221_B,"LYS_16_B,HIS_183_B,PRO_220_B,GLU_222_B,ASP_223_B"
GLU_222_B,"LYS_191_B,ARG_221_B,ASP_223_B"
ASP_223_B,"ARG_221_B,GLU_222_B,THR_224_B,LYS_228_B"
THR_224_B,"HIS_183_B,ASP_223_B,THR_225_B"
THR_225_B,"THR_224_B,ILE_226_B,LEU_229_B"
ILE_226_B,"GLU_177_B,TYR_180_B,THR_225_B,GLU_227_B,ALA_230_B"
GLU_227_B,"ILE_226_B,LYS_228_B"
LYS_228_B,"ASP_223_B,GLU_227_B,LEU_229_B"
LEU_229_B,"ARG_172_B,THR_225_B,LYS_228_B,ALA_230_B"
ALA_230_B,"ILE_226_B,LEU_229_B,LYS_231_B"
LYS_231_B,"ALA_230_B,LEU_232_B"
LEU_232_B,"ARG_172_B,LYS_231_B,LYS_233_B"
LYS_233_B,LEU_232_B
PRO_234_B,VAL_235_B
VAL_235_B,"PRO_234_B,PHE_236_B,VAL_242_B"
PHE_236_B,"HIS_156_B,VAL_159_B,VAL_235_B,ASP_237_B"
ASP_237_B,"LYS_166_B,PHE_236_B,LYS_238_B,THR_239_B,ALA_240_B"
LYS_238_B,"ASP_237_B,THR_239_B"
THR_239_B,"ASP_237_B,LYS_238_B,ALA_240_B"
ALA_240_B,"ASP_237_B,THR_239_B,THR_241_B"
THR_241_B,"GLN_175_B,ALA_240_B,VAL_242_B,ASN_246_B"
VAL_242_B,"VAL_235_B,THR_241_B,THR_243_B"
THR_243_B,"VAL_242_B,ALA_244_B,GLY_245_B"
ALA_244_B,"THR_243_B,GLY_245_B"
GLY_245_B,"THR_243_B,ALA_244_B,ASN_246_B"
ASN_246_B,"ASP_176_B,THR_241_B,GLY_245_B,ALA_247_B,ALA_321_B"
ALA_247_B,ASN_246_B
PRO_248_B,"GLY_249_B,HIS_349_B"
GLY_249_B,"PRO_248_B,LEU_250_B"
LEU_250_B,"MET_118_B,GLY_249_B,ASN_251_B"
ASN_251_B,"VAL_14_B,LEU_250_B,ASP_252_B,HIS_349_B"
ASP_252_B,"GLY_15_B,MET_118_B,SER_119_B,ASN_251_B,GLY_253_B"
GLY_253_B,"GLU_116_B,ASP_252_B,GLY_254_B"
GLY_254_B,"THR_12_B,GLY_253_B,ALA_255_B"
ALA_255_B,"GLY_114_B,GLY_254_B,ALA_256_B,ALA_356_B"
ALA_256_B,"ALA_10_B,ILE_34_B,ALA_255_B,LEU_257_B"
LEU_257_B,"ALA_112_B,ALA_256_B,VAL_258_B,LEU_259_B"
VAL_258_B,"LEU_7_B,SER_8_B,ALA_37_B,LEU_109_B,LEU_257_B,LEU_259_B"
LEU_259_B,"ALA_98_B,ILE_102_B,ILE_110_B,LEU_257_B,VAL_258_B,MET_260_B,ILE_276_B"
MET_260_B,"VAL_5_B,LEU_7_B,LEU_109_B,LEU_259_B,SER_261_B,ARG_264_B"
SER_261_B,"SER_108_B,MET_260_B,GLU_262_B,ALA_265_B"
GLU_262_B,"SER_261_B,ASP_263_B,LYS_266_B"
ASP_263_B,"GLU_262_B,ARG_264_B"
ARG_264_B,"ASP_47_B,GLU_49_B,SER_108_B,MET_260_B,ASP_263_B,ALA_265_B,GLU_268_B"
ALA_265_B,"SER_261_B,ARG_264_B,LYS_266_B,ARG_270_B"
LYS_266_B,"GLU_262_B,ALA_265_B,GLN_267_B"
GLN_267_B,"LYS_266_B,GLU_268_B"
GLU_268_B,"ARG_264_B,GLN_267_B,GLY_269_B,ARG_270_B"
GLY_269_B,"GLU_268_B,ARG_270_B"
ARG_270_B,"ALA_41_B,ASN_42_B,ALA_265_B,GLU_268_B,GLY_269_B,LYS_271_B"
LYS_271_B,ARG_270_B
PRO_272_B,LEU_273_B
LEU_273_B,"ILE_6_B,PRO_272_B,ALA_274_B,ILE_363_B"
ALA_274_B,"ILE_6_B,LEU_273_B,THR_275_B,VAL_392_B"
THR_275_B,"LYS_3_B,ALA_274_B,ILE_276_B,GLU_391_B"
ILE_276_B,"THR_4_B,ILE_6_B,LEU_259_B,THR_275_B,LEU_277_B"
LEU_277_B,"LYS_3_B,ILE_276_B,ALA_278_B,MET_389_B"
ALA_278_B,"LEU_277_B,HIS_279_B,THR_304_B,MET_389_B"
HIS_279_B,"ARG_93_B,THR_96_B,ASP_99_B,ARG_103_B,ALA_278_B,THR_280_B"
THR_280_B,"HIS_279_B,ALA_281_B,ALA_387_B"
ALA_281_B,"THR_280_B,ILE_282_B"
ILE_282_B,"ALA_281_B,ALA_283_B,TYR_295_B,GLY_385_B"
ALA_283_B,"ILE_282_B,VAL_284_B"
VAL_284_B,"ALA_283_B,GLU_285_B,ASP_288_B,THR_292_B,GLY_383_B"
GLU_285_B,"VAL_284_B,SER_286_B,LYS_287_B,ASP_288_B"
SER_286_B,"GLU_285_B,LYS_287_B"
LYS_287_B,"TYR_160_B,GLU_167_B,GLU_285_B,SER_286_B,ASP_288_B,ARG_291_B"
ASP_288_B,"GLU_167_B,VAL_284_B,GLU_285_B,LYS_287_B,PHE_289_B,ARG_291_B"
PHE_289_B,"MET_157_B,ASP_288_B,PRO_290_B,THR_292_B"
PRO_290_B,"PHE_289_B,ARG_291_B,VAL_323_B"
ARG_291_B,"VAL_164_B,GLU_167_B,ASP_168_B,LYS_287_B,ASP_288_B,PRO_290_B,THR_292_B"
THR_292_B,"VAL_284_B,PHE_289_B,ARG_291_B,ALA_296_B,GLN_384_B"
PRO_293_B,"GLY_294_B,ILE_316_B,CYS_379_B"
GLY_294_B,"PRO_293_B,TYR_295_B,ASN_298_B"
TYR_295_B,"ILE_282_B,GLY_294_B,ALA_296_B,ALA_299_B,ILE_330_B"
ALA_296_B,"THR_292_B,TYR_295_B,ILE_297_B,LEU_300_B"
ILE_297_B,"ALA_296_B,ASN_298_B,LEU_301_B,ILE_316_B"
ASN_298_B,"GLY_294_B,ILE_297_B,ALA_299_B,GLU_302_B"
ALA_299_B,"TYR_295_B,ASN_298_B,LEU_300_B,LYS_303_B"
LEU_300_B,"ALA_296_B,ALA_299_B,LEU_301_B"
LEU_301_B,"ILE_297_B,LEU_300_B,GLU_302_B,ILE_308_B"
GLU_302_B,"ASN_298_B,LEU_301_B,LYS_303_B"
LYS_303_B,"ALA_299_B,GLU_302_B,THR_304_B"
THR_304_B,"ALA_278_B,LYS_303_B,GLY_305_B"
GLY_305_B,"THR_304_B,LYS_306_B"
LYS_306_B,"GLY_305_B,THR_307_B,ASP_310_B"
THR_307_B,"LYS_306_B,ILE_308_B,ASP_310_B"
ILE_308_B,"LEU_301_B,THR_307_B,GLU_309_B,PHE_314_B"
GLU_309_B,"ILE_308_B,ASP_310_B"
ASP_310_B,"LYS_306_B,THR_307_B,GLU_309_B,ILE_311_B"
ILE_311_B,"ASP_310_B,ASP_312_B,PHE_314_B,ILE_373_B,ILE_375_B"
ASP_312_B,"ILE_311_B,LEU_313_B,ARG_369_B,ILE_373_B"
LEU_313_B,"ASP_312_B,PHE_314_B,ALA_365_B"
PHE_314_B,"ILE_308_B,ILE_311_B,LEU_313_B,GLU_315_B,LYS_337_B,ASN_339_B"
GLU_315_B,"PHE_314_B,ILE_316_B,ARG_357_B,LEU_362_B,ILE_375_B,SER_377_B"
ILE_316_B,"PRO_293_B,ILE_297_B,GLU_315_B,ASN_317_B,ILE_333_B,LEU_338_B,ASN_339_B"
ASN_317_B,"ILE_316_B,GLU_318_B,ALA_319_B,ILE_378_B"
GLU_318_B,"TRP_178_B,ARG_181_B,SER_182_B,ASN_317_B,ALA_319_B"
ALA_319_B,"ASN_317_B,GLU_318_B,PHE_320_B"
PHE_320_B,"ALA_319_B,ALA_321_B,VAL_323_B"
ALA_321_B,"ASN_246_B,PHE_320_B,ALA_322_B,VAL_323_B,ALA_324_B"
ALA_322_B,"ALA_165_B,ALA_321_B,VAL_323_B,ALA_326_B"
VAL_323_B,"PRO_290_B,PHE_320_B,ALA_321_B,ALA_322_B,ALA_324_B,SER_327_B"
ALA_324_B,"ALA_321_B,VAL_323_B,ILE_325_B,THR_328_B"
ILE_325_B,"ALA_324_B,ALA_326_B"
ALA_326_B,"ALA_322_B,ILE_325_B,SER_327_B,ILE_330_B"
SER_327_B,"VAL_323_B,ALA_326_B,THR_328_B,ALA_331_B"
THR_328_B,"ALA_324_B,SER_327_B,GLU_329_B,GLY_332_B,ILE_333_B"
GLU_329_B,"THR_328_B,ILE_330_B,GLY_332_B"
ILE_330_B,"TYR_295_B,ALA_326_B,GLU_329_B,ALA_331_B"
ALA_331_B,"SER_327_B,ILE_330_B,GLY_332_B,ILE_333_B"
GLY_332_B,"THR_328_B,GLU_329_B,ALA_331_B,ILE_333_B"
ILE_333_B,"ILE_316_B,THR_328_B,ALA_331_B,GLY_332_B,ASP_334_B"
ASP_334_B,"ILE_333_B,GLU_336_B,LYS_337_B"
PRO_335_B,"ARG_181_B,GLU_336_B"
GLU_336_B,"ARG_181_B,ARG_185_B,ASP_334_B,PRO_335_B,LYS_337_B"
LYS_337_B,"PHE_314_B,ASP_334_B,GLU_336_B,LEU_338_B"
LEU_338_B,"TRP_178_B,ARG_181_B,ILE_316_B,LYS_337_B,ASN_339_B"
ASN_339_B,"ARG_181_B,PHE_314_B,ILE_316_B,LEU_338_B,VAL_340_B,GLY_342_B"
VAL_340_B,"ASN_339_B,ASN_341_B"
ASN_341_B,"ALA_189_B,PHE_195_B,VAL_340_B,GLY_342_B"
GLY_342_B,"ASN_339_B,ASN_341_B,GLY_343_B"
GLY_343_B,"GLY_342_B,ALA_344_B,ALA_346_B,MET_347_B"
ALA_344_B,"GLY_343_B,VAL_345_B,GLY_348_B"
VAL_345_B,"ALA_179_B,ALA_344_B,ALA_346_B"
ALA_346_B,"GLY_343_B,VAL_345_B,MET_347_B"
MET_347_B,"PHE_195_B,GLY_343_B,ALA_346_B,GLY_348_B"
GLY_348_B,"ALA_344_B,MET_347_B,HIS_349_B"
HIS_349_B,"PRO_248_B,ASN_251_B,GLY_348_B,SER_354_B"
PRO_350_B,"ILE_351_B,ALA_353_B"
ILE_351_B,"VAL_56_B,MET_118_B,PRO_350_B,GLY_352_B"
GLY_352_B,"GLU_116_B,ILE_351_B,ALA_353_B"
ALA_353_B,"PRO_350_B,GLY_352_B,SER_354_B,ALA_356_B,ARG_357_B"
SER_354_B,"HIS_349_B,ALA_353_B,GLY_355_B,ILE_358_B"
GLY_355_B,"SER_354_B,ALA_356_B"
ALA_356_B,"ALA_255_B,ALA_353_B,GLY_355_B,ARG_357_B,ILE_359_B"
ARG_357_B,"ARG_11_B,GLU_198_B,GLU_315_B,ALA_353_B,ALA_356_B,ILE_358_B,THR_361_B"
ILE_358_B,"SER_354_B,ARG_357_B,ILE_359_B,LEU_362_B"
ILE_359_B,"ALA_356_B,ILE_358_B,VAL_360_B"
VAL_360_B,"GLU_198_B,ILE_359_B,THR_361_B,HIS_364_B"
THR_361_B,"GLU_198_B,ARG_357_B,VAL_360_B,LEU_362_B,ALA_365_B"
LEU_362_B,"GLU_315_B,ILE_358_B,THR_361_B,ILE_363_B,LEU_366_B,ILE_390_B"
ILE_363_B,"LEU_273_B,LEU_362_B,HIS_364_B,ILE_390_B"
HIS_364_B,"ARG_40_B,GLU_197_B,GLU_198_B,VAL_360_B,ILE_363_B,ALA_365_B,LYS_367_B,GLN_368_B"
ALA_365_B,"LEU_313_B,THR_361_B,HIS_364_B,LEU_366_B"
LEU_366_B,"LEU_362_B,ALA_365_B,LYS_367_B,ARG_369_B,GLY_371_B,VAL_392_B"
LYS_367_B,"GLU_197_B,HIS_364_B,LEU_366_B,GLN_368_B"
GLN_368_B,"HIS_364_B,LYS_367_B,ARG_369_B"
ARG_369_B,"ASP_312_B,LEU_366_B,GLN_368_B,GLY_370_B,GLY_371_B"
GLY_370_B,"ARG_369_B,GLY_371_B"
GLY_371_B,"LEU_366_B,ARG_369_B,GLY_370_B,GLY_372_B"
GLY_372_B,"GLY_371_B,ILE_373_B,VAL_392_B"
ILE_373_B,"ILE_311_B,ASP_312_B,GLY_372_B,GLY_374_B"
GLY_374_B,"ILE_373_B,ILE_375_B,ILE_390_B"
ILE_375_B,"ILE_311_B,GLU_315_B,GLY_374_B,ALA_376_B"
ALA_376_B,"ILE_375_B,SER_377_B,VAL_388_B"
SER_377_B,"GLU_315_B,ALA_376_B,ILE_378_B"
ILE_378_B,"ASN_317_B,SER_377_B,CYS_379_B,ASP_386_B"
CYS_379_B,"PRO_293_B,ILE_378_B,SER_380_B"
SER_380_B,"CYS_379_B,GLY_381_B,GLN_384_B"
GLY_381_B,"SER_380_B,GLY_382_B"
GLY_382_B,"GLY_381_B,GLY_383_B"
GLY_383_B,"VAL_284_B,GLY_382_B,GLN_384_B"
GLN_384_B,"THR_292_B,SER_380_B,GLY_383_B,GLY_385_B"
GLY_385_B,"ILE_282_B,GLN_384_B,ASP_386_B"
ASP_386_B,"LYS_86_B,LEU_92_B,ARG_93_B,ILE_378_B,GLY_385_B,ALA_387_B"
ALA_387_B,"THR_280_B,ASP_386_B,VAL_388_B"
VAL_388_B,"ALA_376_B,ALA_387_B,MET_389_B"
MET_389_B,"LEU_277_B,ALA_278_B,VAL_388_B,ILE_390_B"
ILE_390_B,"LEU_362_B,ILE_363_B,GLY_374_B,MET_389_B,GLU_391_B"
GLU_391_B,"THR_275_B,ILE_390_B,VAL_392_B,HIS_393_B"
VAL_392_B,"ALA_274_B,LEU_366_B,GLY_372_B,GLU_391_B,HIS_393_B"
HIS_393_B,"GLU_391_B,VAL_392_B,LEU_394_B"
LEU_394_B,"HIS_393_B,GLU_395_B"
GLU_395_B,LEU_394_B
