residue_id,neighbors
MET_1_A,"ASN_2_A,LEU_52_A,ALA_153_A,TRP_157_A"
ASN_2_A,"MET_1_A,TYR_3_A"
TYR_3_A,"ASN_2_A,GLN_4_A,LEU_52_A,LEU_54_A,CYS_149_A"
GLN_4_A,"TYR_3_A,MET_5_A,ILE_6_A,LEU_52_A,LEU_54_A"
MET_5_A,"GLN_4_A,ILE_6_A,THR_7_A"
ILE_6_A,"GLN_4_A,MET_5_A,THR_7_A,LEU_54_A,ASP_56_A"
THR_7_A,"MET_5_A,ILE_6_A,THR_8_A,ASP_56_A"
THR_8_A,"THR_7_A,ASP_9_A,LEU_12_A"
ASP_9_A,"THR_8_A,ASP_10_A,ALA_13_A,THR_61_A,ASP_62_A"
ASP_10_A,"ASP_9_A,ALA_11_A,SER_14_A"
ALA_11_A,"ASP_10_A,LEU_12_A,LEU_15_A"
LEU_12_A,"THR_8_A,ALA_11_A,ALA_13_A,CYS_16_A"
ALA_13_A,"ASP_9_A,LEU_12_A,SER_14_A"
SER_14_A,"ASP_10_A,ALA_13_A,LEU_15_A"
LEU_15_A,"ALA_11_A,SER_14_A,CYS_16_A,ALA_18_A,VAL_19_A,ALA_53_A"
CYS_16_A,"LEU_12_A,LEU_15_A,GLU_17_A,ARG_20_A,ILE_69_A"
GLU_17_A,"CYS_16_A,ALA_18_A,ARG_20_A"
ALA_18_A,"LEU_15_A,GLU_17_A,VAL_19_A"
VAL_19_A,"LEU_15_A,ALA_18_A,ARG_20_A,ALA_21_A,PHE_22_A,ILE_25_A"
ARG_20_A,"CYS_16_A,GLU_17_A,VAL_19_A,ALA_21_A,ILE_69_A"
ALA_21_A,"VAL_19_A,ARG_20_A,PHE_22_A"
PHE_22_A,"VAL_19_A,ALA_21_A,ASP_48_A"
PRO_23_A,"ALA_24_A,THR_76_A"
ALA_24_A,"PRO_23_A,ILE_25_A"
ILE_25_A,"VAL_19_A,ALA_24_A,ALA_26_A,LEU_27_A,THR_76_A,LYS_77_A,PHE_78_A"
ALA_26_A,"ILE_25_A,LEU_27_A,PHE_47_A"
LEU_27_A,"ILE_25_A,ALA_26_A,ASP_28_A,LEU_70_A,LYS_77_A,PHE_78_A"
ASP_28_A,"LEU_27_A,THR_29_A,GLU_30_A,GLN_45_A,ASP_85_A,ASP_155_A,VAL_156_A"
THR_29_A,"ASP_28_A,GLU_30_A,ASP_85_A,VAL_88_A,PHE_89_A"
GLU_30_A,"ASP_28_A,THR_29_A,PHE_31_A,GLY_42_A,LEU_43_A,TRP_139_A,ASP_155_A"
PHE_31_A,"GLU_30_A,VAL_32_A,GLU_84_A,VAL_88_A"
VAL_32_A,"PHE_31_A,ARG_33_A,GLN_40_A,LEU_140_A"
ARG_33_A,"VAL_32_A,THR_34_A,GLU_84_A"
THR_34_A,"ARG_33_A,ARG_35_A,GLN_40_A"
ARG_35_A,"THR_34_A,THR_36_A,ALA_234_A,PHE_237_A"
THR_36_A,"ARG_35_A,TYR_37_A,TYR_38_A"
TYR_37_A,"THR_36_A,TYR_38_A,ARG_229_A,ASP_232_A"
TYR_38_A,"THR_36_A,TYR_37_A"
PRO_39_A,GLN_40_A
GLN_40_A,"VAL_32_A,THR_34_A,PRO_39_A,LEU_41_A"
LEU_41_A,"GLN_40_A,GLY_42_A"
GLY_42_A,"GLU_30_A,LEU_41_A,LEU_43_A,ARG_142_A"
LEU_43_A,"GLU_30_A,GLY_42_A,ILE_44_A,ALA_152_A"
ILE_44_A,"LEU_43_A,GLN_45_A,ILE_55_A,PHE_93_A"
GLN_45_A,"ASP_28_A,ILE_44_A,LEU_46_A,LEU_54_A"
LEU_46_A,"GLN_45_A,PHE_47_A,ALA_53_A"
PHE_47_A,"ALA_26_A,LEU_46_A,ASP_48_A,LEU_52_A,VAL_156_A,TRP_157_A"
ASP_48_A,"PHE_22_A,PHE_47_A,GLY_49_A,GLU_50_A,HIS_51_A"
GLY_49_A,"ASP_48_A,GLU_50_A"
GLU_50_A,"ASP_48_A,GLY_49_A,HIS_51_A"
HIS_51_A,"ASP_48_A,GLU_50_A,LEU_52_A"
LEU_52_A,"MET_1_A,TYR_3_A,GLN_4_A,PHE_47_A,HIS_51_A,ALA_53_A,VAL_156_A"
ALA_53_A,"LEU_15_A,LEU_46_A,LEU_52_A,LEU_54_A"
LEU_54_A,"TYR_3_A,GLN_4_A,ILE_6_A,GLN_45_A,ALA_53_A,ILE_55_A,CYS_149_A"
ILE_55_A,"ILE_44_A,LEU_54_A,ASP_56_A"
ASP_56_A,"ILE_6_A,THR_7_A,ILE_55_A,LEU_58_A,ARG_142_A"
PRO_57_A,"LEU_58_A,TRP_63_A"
LEU_58_A,"ASP_56_A,PRO_57_A,GLY_59_A"
GLY_59_A,"LEU_58_A,ILE_60_A"
ILE_60_A,"GLY_59_A,THR_61_A,TRP_63_A"
THR_61_A,"ASP_9_A,ILE_60_A,ASP_62_A"
ASP_62_A,"ASP_9_A,THR_61_A,TRP_63_A,SER_64_A"
TRP_63_A,"PRO_57_A,ILE_60_A,ASP_62_A,SER_64_A,LEU_66_A,LYS_67_A,PHE_93_A"
SER_64_A,"ASP_62_A,TRP_63_A,ALA_68_A"
PRO_65_A,LEU_66_A
LEU_66_A,"TRP_63_A,PRO_65_A,LYS_67_A,LEU_70_A,PHE_93_A"
LYS_67_A,"TRP_63_A,LEU_66_A,ALA_68_A,ARG_71_A,PHE_93_A,GLU_95_A"
ALA_68_A,"SER_64_A,LYS_67_A,ILE_69_A"
ILE_69_A,"CYS_16_A,ARG_20_A,ALA_68_A,LEU_70_A,ILE_75_A"
LEU_70_A,"LEU_27_A,LEU_66_A,ILE_69_A,ARG_71_A,PHE_93_A,GLN_98_A"
ARG_71_A,"LYS_67_A,LEU_70_A,ASP_72_A,GLU_95_A"
ASP_72_A,"ARG_71_A,SER_74_A,LYS_77_A"
PRO_73_A,SER_74_A
SER_74_A,"ASP_72_A,PRO_73_A,ILE_75_A"
ILE_75_A,"ILE_69_A,SER_74_A,THR_76_A,LYS_77_A"
THR_76_A,"PRO_23_A,ILE_25_A,ILE_75_A,LYS_77_A,PHE_78_A,ILE_101_A"
LYS_77_A,"ILE_25_A,LEU_27_A,ASP_72_A,ILE_75_A,THR_76_A,PHE_78_A,GLN_98_A,PRO_99_A,LEU_100_A,ILE_101_A"
PHE_78_A,"ILE_25_A,LEU_27_A,THR_76_A,LYS_77_A,LEU_79_A,ILE_101_A,THR_163_A"
LEU_79_A,"PHE_78_A,HIS_80_A,ASP_102_A,THR_103_A"
HIS_80_A,"LEU_79_A,ALA_81_A,ASP_102_A,THR_103_A,TRP_116_A"
ALA_81_A,"HIS_80_A,GLY_82_A,ASP_102_A"
GLY_82_A,"ALA_81_A,SER_83_A,ASP_85_A,LEU_86_A,ASP_102_A"
SER_83_A,"GLY_82_A,GLU_84_A,ARG_190_A"
GLU_84_A,"PHE_31_A,ARG_33_A,SER_83_A,ASP_85_A,GLU_87_A"
ASP_85_A,"ASP_28_A,THR_29_A,GLY_82_A,GLU_84_A,LEU_86_A,PHE_89_A"
LEU_86_A,"GLY_82_A,ASP_85_A,GLU_87_A,LEU_90_A,LEU_100_A"
GLU_87_A,"GLU_84_A,LEU_86_A,VAL_88_A,ARG_190_A"
VAL_88_A,"THR_29_A,PHE_31_A,GLU_87_A,PHE_89_A"
PHE_89_A,"THR_29_A,ASP_85_A,VAL_88_A,LEU_90_A,PHE_93_A"
LEU_90_A,"LEU_86_A,PHE_89_A,ASN_91_A,GLY_94_A,LEU_96_A"
ASN_91_A,"LEU_90_A,VAL_92_A"
VAL_92_A,"ASN_91_A,PHE_93_A"
PHE_93_A,"ILE_44_A,TRP_63_A,LEU_66_A,LYS_67_A,LEU_70_A,PHE_89_A,VAL_92_A,GLY_94_A"
GLY_94_A,"LEU_90_A,PHE_93_A,GLU_95_A"
GLU_95_A,"LYS_67_A,ARG_71_A,GLY_94_A,LEU_96_A"
LEU_96_A,"LEU_90_A,GLU_95_A,GLN_191_A"
PRO_97_A,GLN_98_A
GLN_98_A,"LEU_70_A,LYS_77_A,PRO_97_A"
PRO_99_A,"LYS_77_A,LEU_100_A"
LEU_100_A,"LYS_77_A,LEU_86_A,PRO_99_A,ILE_101_A,GLN_187_A"
ILE_101_A,"THR_76_A,LYS_77_A,PHE_78_A,LEU_100_A,ASP_102_A,LEU_106_A,MET_167_A,LEU_180_A"
ASP_102_A,"LEU_79_A,HIS_80_A,ALA_81_A,GLY_82_A,ILE_101_A,THR_103_A,GLN_104_A"
THR_103_A,"LEU_79_A,HIS_80_A,ASP_102_A,GLN_104_A,ALA_107_A"
GLN_104_A,"ASP_102_A,THR_103_A,ILE_105_A,TRP_116_A"
ILE_105_A,"GLN_104_A,LEU_106_A"
LEU_106_A,"ILE_101_A,ILE_105_A,ALA_107_A"
ALA_107_A,"THR_103_A,LEU_106_A,ALA_108_A,CYS_110_A,ARG_112_A,TRP_116_A"
ALA_108_A,"ALA_107_A,PHE_109_A"
PHE_109_A,"ALA_108_A,CYS_110_A,ALA_178_A,ALA_179_A,LEU_327_A,TRP_357_A"
CYS_110_A,"ALA_107_A,PHE_109_A,GLY_111_A"
GLY_111_A,"CYS_110_A,ARG_112_A"
ARG_112_A,"ALA_107_A,GLY_111_A,TRP_116_A,GLU_124_A"
PRO_113_A,"MET_114_A,SER_115_A,TRP_116_A"
MET_114_A,"PRO_113_A,SER_115_A,LEU_327_A"
SER_115_A,"PRO_113_A,MET_114_A,TRP_116_A"
TRP_116_A,"HIS_80_A,GLN_104_A,ALA_107_A,ARG_112_A,PRO_113_A,SER_115_A,GLY_117_A,MET_121_A,TYR_125_A"
GLY_117_A,"TRP_116_A,PHE_118_A,MET_121_A"
PHE_118_A,"GLY_117_A,ALA_119_A,VAL_122_A,LEU_130_A"
ALA_119_A,"PHE_118_A,SER_120_A,GLU_123_A"
SER_120_A,"ALA_119_A,MET_121_A"
MET_121_A,"TRP_116_A,GLY_117_A,SER_120_A,VAL_122_A,TYR_125_A"
VAL_122_A,"PHE_118_A,MET_121_A,GLU_123_A,SER_126_A"
GLU_123_A,"ALA_119_A,VAL_122_A,GLU_124_A,GLY_127_A,THR_129_A"
GLU_124_A,"ARG_112_A,GLU_123_A,TYR_125_A"
TYR_125_A,"TRP_116_A,MET_121_A,GLU_124_A,SER_126_A,ILE_162_A,LYS_165_A,GLU_169_A"
SER_126_A,"VAL_122_A,TYR_125_A,GLY_127_A"
GLY_127_A,"GLU_123_A,SER_126_A,VAL_128_A"
VAL_128_A,"GLY_127_A,THR_129_A"
THR_129_A,"GLU_123_A,VAL_128_A,LEU_130_A"
LEU_130_A,"PHE_118_A,THR_129_A,ASP_131_A,TYR_158_A"
ASP_131_A,"LEU_130_A,LYS_132_A,SER_133_A,ARG_147_A"
LYS_132_A,"ASP_131_A,SER_133_A"
SER_133_A,"ASP_131_A,LYS_132_A,GLU_134_A"
GLU_134_A,"SER_133_A,SER_135_A,ARG_147_A"
SER_135_A,"GLU_134_A,ARG_136_A"
ARG_136_A,"SER_135_A,THR_137_A"
THR_137_A,"ARG_136_A,ASP_138_A"
ASP_138_A,"THR_137_A,TRP_139_A,LEU_140_A"
TRP_139_A,"GLU_30_A,ASP_138_A,LEU_140_A,ARG_142_A,TYR_151_A"
LEU_140_A,"VAL_32_A,ASP_138_A,TRP_139_A,ALA_141_A"
ALA_141_A,"LEU_140_A,ARG_142_A"
ARG_142_A,"GLY_42_A,ASP_56_A,TRP_139_A,ALA_141_A"
PRO_143_A,LEU_144_A
LEU_144_A,"PRO_143_A,THR_145_A"
THR_145_A,"LEU_144_A,GLU_146_A,GLN_148_A,CYS_149_A"
GLU_146_A,"THR_145_A,ARG_147_A,GLU_150_A"
ARG_147_A,"ASP_131_A,GLU_134_A,GLU_146_A,GLN_148_A,GLU_150_A"
GLN_148_A,"THR_145_A,ARG_147_A,CYS_149_A,ALA_152_A"
CYS_149_A,"TYR_3_A,LEU_54_A,THR_145_A,GLN_148_A,GLU_150_A,ALA_153_A"
GLU_150_A,"GLU_146_A,ARG_147_A,CYS_149_A,TYR_151_A,ALA_154_A"
TYR_151_A,"TRP_139_A,GLU_150_A,ALA_152_A"
ALA_152_A,"LEU_43_A,GLN_148_A,TYR_151_A,ALA_153_A"
ALA_153_A,"MET_1_A,CYS_149_A,ALA_152_A,ALA_154_A,TRP_157_A"
ALA_154_A,"GLU_150_A,ALA_153_A,ASP_155_A"
ASP_155_A,"ASP_28_A,GLU_30_A,ALA_154_A,VAL_156_A"
VAL_156_A,"ASP_28_A,PHE_47_A,LEU_52_A,ASP_155_A,TRP_157_A"
TRP_157_A,"MET_1_A,PHE_47_A,ALA_153_A,VAL_156_A,TYR_158_A"
TYR_158_A,"LEU_130_A,TRP_157_A,LEU_159_A"
LEU_159_A,"TYR_158_A,LEU_160_A,THR_163_A"
LEU_160_A,"LEU_159_A,THR_163_A"
PRO_161_A,ILE_162_A
ILE_162_A,"TYR_125_A,PRO_161_A,THR_163_A,LEU_166_A"
THR_163_A,"PHE_78_A,LEU_159_A,LEU_160_A,ILE_162_A,ALA_164_A,MET_167_A"
ALA_164_A,"THR_163_A,LYS_165_A"
LYS_165_A,"TYR_125_A,ALA_164_A,LEU_166_A,GLU_169_A"
LEU_166_A,"ILE_162_A,LYS_165_A,MET_167_A,THR_170_A"
MET_167_A,"ILE_101_A,THR_163_A,LEU_166_A,VAL_168_A"
VAL_168_A,"MET_167_A,GLU_169_A,ALA_172_A"
GLU_169_A,"TYR_125_A,LYS_165_A,VAL_168_A,THR_170_A"
THR_170_A,"LEU_166_A,GLU_169_A,GLU_171_A,SER_173_A"
GLU_171_A,"THR_170_A,ALA_172_A,GLY_174_A"
ALA_172_A,"VAL_168_A,GLU_171_A,SER_173_A"
SER_173_A,"THR_170_A,ALA_172_A,GLY_174_A"
GLY_174_A,"GLU_171_A,SER_173_A,TRP_175_A"
TRP_175_A,"GLY_174_A,LEU_176_A,ALA_178_A,ALA_179_A"
LEU_176_A,"TRP_175_A,LEU_180_A"
PRO_177_A,"ALA_178_A,ASP_181_A"
ALA_178_A,"PHE_109_A,TRP_175_A,PRO_177_A,ALA_179_A,GLU_182_A,TRP_357_A"
ALA_179_A,"PHE_109_A,TRP_175_A,ALA_178_A,LEU_180_A,CYS_183_A"
LEU_180_A,"ILE_101_A,LEU_176_A,ALA_179_A,ASP_181_A,ARG_184_A"
ASP_181_A,"PRO_177_A,LEU_180_A,GLU_182_A,ARG_184_A,LEU_185_A,TRP_357_A"
GLU_182_A,"ALA_178_A,ASP_181_A,CYS_183_A,TRP_357_A,ARG_358_A"
CYS_183_A,"ALA_179_A,GLU_182_A,ARG_184_A"
ARG_184_A,"LEU_180_A,ASP_181_A,CYS_183_A,LEU_185_A,MET_188_A"
LEU_185_A,"ASP_181_A,ARG_184_A,MET_186_A,ARG_189_A"
MET_186_A,"LEU_185_A,GLN_187_A"
GLN_187_A,"LEU_100_A,MET_186_A,MET_188_A"
MET_188_A,"ARG_184_A,GLN_187_A,ARG_189_A"
ARG_189_A,"LEU_185_A,MET_188_A,ARG_190_A,GLU_192_A,ARG_332_A,GLU_352_A"
ARG_190_A,"SER_83_A,GLU_87_A,ARG_189_A,GLN_191_A"
GLN_191_A,"LEU_96_A,ARG_190_A,GLU_192_A"
GLU_192_A,"ARG_189_A,GLN_191_A,VAL_193_A"
VAL_193_A,"GLU_192_A,VAL_194_A"
VAL_194_A,"VAL_193_A,ALA_195_A,ARG_229_A"
ALA_195_A,"VAL_194_A,ASP_198_A"
PRO_196_A,"GLU_197_A,ARG_226_A"
GLU_197_A,"PRO_196_A,ASP_198_A"
ASP_198_A,"ALA_195_A,GLU_197_A,ALA_199_A,ARG_201_A"
ALA_199_A,"ASP_198_A,TRP_200_A,ALA_221_A"
TRP_200_A,"ALA_199_A,ARG_201_A,LEU_214_A,GLN_218_A,MET_294_A"
ARG_201_A,"ASP_198_A,TRP_200_A,ASP_202_A"
ASP_202_A,"ARG_201_A,ILE_203_A"
ILE_203_A,"ASP_202_A,THR_204_A,LEU_217_A"
THR_204_A,"ILE_203_A,ASN_205_A"
ASN_205_A,"THR_204_A,ALA_206_A"
ALA_206_A,"ASN_205_A,TRP_207_A,LEU_217_A"
TRP_207_A,"ALA_206_A,GLN_208_A,ASN_296_A"
GLN_208_A,"TRP_207_A,LEU_209_A"
LEU_209_A,"GLN_208_A,ARG_210_A,GLN_213_A,LEU_217_A,TRP_245_A"
ARG_210_A,"LEU_209_A,THR_211_A,GLN_213_A,LEU_214_A"
THR_211_A,"ARG_210_A,ARG_212_A,ALA_215_A,LEU_290_A"
ARG_212_A,"THR_211_A,GLN_213_A,ALA_282_A,LEU_285_A,GLU_287_A"
GLN_213_A,"LEU_209_A,ARG_210_A,ARG_212_A,LEU_214_A,LEU_217_A,ARG_249_A"
LEU_214_A,"TRP_200_A,ARG_210_A,GLN_213_A,ALA_215_A,GLN_218_A"
ALA_215_A,"THR_211_A,LEU_214_A,CYS_216_A,LEU_290_A"
CYS_216_A,"ALA_215_A,LEU_217_A,LEU_220_A"
LEU_217_A,"ILE_203_A,ALA_206_A,LEU_209_A,GLN_213_A,CYS_216_A,GLN_218_A,ALA_221_A,ALA_248_A"
GLN_218_A,"TRP_200_A,LEU_214_A,LEU_217_A,LEU_219_A"
LEU_219_A,"GLN_218_A,LEU_220_A"
LEU_220_A,"CYS_216_A,LEU_219_A,ALA_221_A,ARG_224_A,VAL_247_A,LEU_275_A,LEU_278_A"
ALA_221_A,"ALA_199_A,LEU_217_A,LEU_220_A,ASP_222_A"
ASP_222_A,"ALA_221_A,TRP_223_A,ARG_226_A"
TRP_223_A,"ASP_222_A,ARG_224_A,LYS_227_A,VAL_238_A,VAL_239_A,HIS_271_A,LEU_278_A"
ARG_224_A,"LEU_220_A,TRP_223_A,LEU_225_A,ALA_228_A,VAL_239_A,GLU_241_A"
LEU_225_A,"ARG_224_A,ARG_226_A"
ARG_226_A,"PRO_196_A,ASP_222_A,LEU_225_A,LYS_227_A,GLU_230_A"
LYS_227_A,"TRP_223_A,ARG_226_A,ALA_228_A,GLU_230_A,ARG_231_A,VAL_238_A,HIS_271_A"
ALA_228_A,"ARG_224_A,LYS_227_A,ARG_229_A,ASP_232_A,LEU_233_A,VAL_235_A"
ARG_229_A,"TYR_37_A,VAL_194_A,ALA_228_A,GLU_230_A"
GLU_230_A,"ARG_226_A,LYS_227_A,ARG_229_A,ARG_231_A"
ARG_231_A,"LYS_227_A,GLU_230_A,ASP_232_A"
ASP_232_A,"TYR_37_A,ALA_228_A,ARG_231_A,LEU_233_A"
LEU_233_A,"ALA_228_A,ASP_232_A,ALA_234_A"
ALA_234_A,"ARG_35_A,LEU_233_A,VAL_235_A,PHE_237_A"
VAL_235_A,"ALA_228_A,ALA_234_A,ASN_236_A"
ASN_236_A,"VAL_235_A,PHE_237_A"
PHE_237_A,"ARG_35_A,ALA_234_A,ASN_236_A,VAL_238_A"
VAL_238_A,"TRP_223_A,LYS_227_A,PHE_237_A,VAL_239_A"
VAL_239_A,"TRP_223_A,ARG_224_A,VAL_238_A,ARG_240_A"
ARG_240_A,"VAL_239_A,GLU_241_A,GLU_242_A,HIS_243_A,LEU_244_A,GLU_267_A"
GLU_241_A,"ARG_224_A,ARG_240_A,GLU_242_A,TRP_245_A"
GLU_242_A,"ARG_240_A,GLU_241_A,HIS_243_A,SER_246_A"
HIS_243_A,"ARG_240_A,GLU_242_A,LEU_244_A,GLU_267_A"
LEU_244_A,"ARG_240_A,HIS_243_A,TRP_245_A"
TRP_245_A,"LEU_209_A,GLU_241_A,LEU_244_A,SER_246_A,ARG_249_A"
SER_246_A,"GLU_242_A,TRP_245_A,VAL_247_A,TYR_250_A"
VAL_247_A,"LEU_220_A,SER_246_A,ALA_248_A,MET_251_A,VAL_279_A"
ALA_248_A,"LEU_217_A,VAL_247_A,ARG_249_A"
ARG_249_A,"GLN_213_A,TRP_245_A,ALA_248_A,TYR_250_A"
TYR_250_A,"SER_246_A,ARG_249_A,MET_251_A,LEU_261_A"
MET_251_A,"VAL_247_A,TYR_250_A,GLN_283_A"
PRO_252_A,"GLY_253_A,LEU_258_A,LEU_261_A"
GLY_253_A,"PRO_252_A,SER_254_A"
SER_254_A,"GLY_253_A,LEU_255_A"
LEU_255_A,"SER_254_A,GLY_256_A,LEU_276_A"
GLY_256_A,"LEU_255_A,GLU_257_A"
GLU_257_A,"GLY_256_A,LEU_258_A,LEU_261_A"
LEU_258_A,"PRO_252_A,GLU_257_A,ASP_259_A,ILE_268_A"
ASP_259_A,"LEU_258_A,SER_260_A,GLY_262_A"
SER_260_A,"ASP_259_A,LEU_261_A"
LEU_261_A,"TYR_250_A,PRO_252_A,GLU_257_A,SER_260_A,GLY_262_A"
GLY_262_A,"ASP_259_A,LEU_261_A,LEU_263_A"
LEU_263_A,"GLY_262_A,SER_264_A,ILE_268_A,LEU_275_A"
SER_264_A,"LEU_263_A,GLY_265_A,ILE_268_A"
GLY_265_A,"SER_264_A,SER_266_A,ARG_269_A"
SER_266_A,"GLY_265_A,GLU_267_A"
GLU_267_A,"ARG_240_A,HIS_243_A,SER_266_A,ILE_268_A,HIS_271_A"
ILE_268_A,"LEU_258_A,LEU_263_A,SER_264_A,GLU_267_A,ARG_269_A,GLY_272_A"
ARG_269_A,"GLY_265_A,ILE_268_A,PHE_270_A"
PHE_270_A,"ARG_269_A,HIS_271_A"
HIS_271_A,"TRP_223_A,LYS_227_A,GLU_267_A,PHE_270_A,GLY_272_A,LEU_275_A"
GLY_272_A,"ILE_268_A,HIS_271_A,LYS_273_A"
LYS_273_A,"GLY_272_A,THR_274_A"
THR_274_A,"LYS_273_A,LEU_275_A,LEU_278_A"
LEU_275_A,"LEU_220_A,LEU_263_A,HIS_271_A,THR_274_A,LEU_276_A"
LEU_276_A,"LEU_255_A,LEU_275_A,ALA_277_A"
ALA_277_A,"LEU_276_A,LEU_278_A,LYS_281_A"
LEU_278_A,"LEU_220_A,TRP_223_A,THR_274_A,ALA_277_A,VAL_279_A"
VAL_279_A,"VAL_247_A,LEU_278_A,GLU_280_A,GLN_283_A"
GLU_280_A,"VAL_279_A,LYS_281_A"
LYS_281_A,"ALA_277_A,GLU_280_A,ALA_282_A"
ALA_282_A,"ARG_212_A,LYS_281_A,GLN_283_A"
GLN_283_A,"MET_251_A,VAL_279_A,ALA_282_A,THR_284_A"
THR_284_A,"GLN_283_A,LEU_285_A"
LEU_285_A,"ARG_212_A,THR_284_A"
PRO_286_A,"GLU_287_A,ALA_289_A"
GLU_287_A,"ARG_212_A,PRO_286_A,ASP_288_A"
ASP_288_A,"GLU_287_A,ALA_289_A"
ALA_289_A,"PRO_286_A,ASP_288_A,LEU_290_A"
LEU_290_A,"THR_211_A,ALA_215_A,ALA_289_A"
PRO_291_A,GLN_292_A
GLN_292_A,PRO_291_A
PRO_293_A,MET_294_A
MET_294_A,"TRP_200_A,PRO_293_A,LEU_295_A"
LEU_295_A,"MET_294_A,ASN_296_A,LEU_344_A"
ASN_296_A,"TRP_207_A,LEU_295_A,LEU_297_A,ASP_299_A"
LEU_297_A,"ASN_296_A,MET_298_A,ASP_299_A,MET_300_A,TYR_303_A,ASN_335_A,TRP_342_A,LEU_344_A"
MET_298_A,"LEU_297_A,ASP_299_A"
ASP_299_A,"ASN_296_A,LEU_297_A,MET_298_A,MET_300_A"
MET_300_A,"LEU_297_A,ASP_299_A,LEU_344_A"
PRO_301_A,GLY_302_A
GLY_302_A,"PRO_301_A,TYR_303_A,ALA_306_A"
TYR_303_A,"LEU_297_A,GLY_302_A,ARG_304_A,PHE_307_A,ASN_335_A,LEU_338_A"
ARG_304_A,"TYR_303_A,LYS_305_A"
LYS_305_A,"ARG_304_A,ALA_306_A,ALA_309_A"
ALA_306_A,"GLY_302_A,LYS_305_A,PHE_307_A,ILE_310_A,TYR_373_A"
PHE_307_A,"TYR_303_A,ALA_306_A,LYS_308_A,LYS_311_A,ILE_334_A"
LYS_308_A,"PHE_307_A,ALA_309_A,SER_312_A"
ALA_309_A,"LYS_305_A,LYS_308_A,ILE_310_A,LEU_313_A"
ILE_310_A,"ALA_306_A,ALA_309_A,LYS_311_A,ILE_314_A,LEU_366_A,LEU_369_A"
LYS_311_A,"PHE_307_A,ILE_310_A,SER_312_A,ILE_334_A"
SER_312_A,"LYS_308_A,LYS_311_A,LEU_313_A"
LEU_313_A,"ALA_309_A,SER_312_A,ILE_314_A,VAL_317_A,LEU_366_A"
ILE_314_A,"ILE_310_A,LEU_313_A,THR_315_A,SER_318_A,ALA_329_A"
THR_315_A,"ILE_314_A,ASP_316_A"
ASP_316_A,"THR_315_A,VAL_317_A,GLU_319_A,THR_320_A"
VAL_317_A,"LEU_313_A,ASP_316_A,SER_318_A,HIS_321_A,LEU_328_A"
SER_318_A,"ILE_314_A,VAL_317_A,GLU_319_A,LYS_322_A,ILE_323_A"
GLU_319_A,"ASP_316_A,SER_318_A,THR_320_A"
THR_320_A,"ASP_316_A,GLU_319_A,HIS_321_A"
HIS_321_A,"VAL_317_A,THR_320_A,LYS_322_A"
LYS_322_A,"SER_318_A,HIS_321_A,ILE_323_A"
ILE_323_A,"SER_318_A,LYS_322_A,SER_324_A,LEU_327_A,LEU_328_A,TRP_357_A"
SER_324_A,"ILE_323_A,ALA_325_A"
ALA_325_A,"SER_324_A,GLU_326_A,ALA_329_A"
GLU_326_A,"ALA_325_A,LEU_327_A"
LEU_327_A,"PHE_109_A,MET_114_A,ILE_323_A,GLU_326_A,LEU_328_A,ARG_358_A"
LEU_328_A,"VAL_317_A,ILE_323_A,LEU_327_A,ALA_329_A,TRP_357_A,ARG_358_A"
ALA_329_A,"ILE_314_A,ALA_325_A,LEU_328_A,SER_330_A,LEU_353_A"
SER_330_A,"ALA_329_A,ARG_331_A,GLN_333_A,ILE_334_A"
ARG_331_A,"SER_330_A,ARG_332_A,ASN_335_A"
ARG_332_A,"ARG_189_A,ARG_331_A,GLN_333_A,GLN_336_A,GLU_352_A"
GLN_333_A,"SER_330_A,ARG_332_A,ILE_334_A,GLU_352_A,LEU_353_A"
ILE_334_A,"PHE_307_A,LYS_311_A,SER_330_A,GLN_333_A,ASN_335_A"
ASN_335_A,"LEU_297_A,TYR_303_A,ARG_331_A,ILE_334_A,GLN_336_A,ASN_339_A"
GLN_336_A,"ARG_332_A,ASN_335_A,LEU_337_A,GLU_352_A"
LEU_337_A,"GLN_336_A,LEU_338_A,HIS_341_A"
LEU_338_A,"TYR_303_A,LEU_337_A,ASN_339_A,TRP_342_A"
ASN_339_A,"ASN_335_A,LEU_338_A,TRP_340_A,LYS_343_A,LEU_344_A"
TRP_340_A,"ASN_339_A,HIS_341_A,PRO_351_A,ILE_354_A"
HIS_341_A,"LEU_337_A,TRP_340_A,TRP_342_A,TYR_373_A"
TRP_342_A,"LEU_297_A,LEU_338_A,HIS_341_A,LYS_343_A,LEU_344_A,PRO_374_A"
LYS_343_A,"ASN_339_A,TRP_342_A,LEU_344_A"
LEU_344_A,"LEU_295_A,LEU_297_A,MET_300_A,ASN_339_A,TRP_342_A,LYS_343_A,LYS_345_A"
LYS_345_A,LEU_344_A
PRO_346_A,GLN_347_A
GLN_347_A,"PRO_346_A,ASN_348_A"
ASN_348_A,"GLN_347_A,ASN_349_A"
ASN_349_A,"ASN_348_A,LEU_350_A"
LEU_350_A,ASN_349_A
PRO_351_A,"TRP_340_A,GLU_352_A,SER_355_A"
GLU_352_A,"ARG_189_A,ARG_332_A,GLN_333_A,GLN_336_A,PRO_351_A,LEU_353_A,ARG_358_A"
LEU_353_A,"ALA_329_A,GLN_333_A,GLU_352_A,ILE_354_A"
ILE_354_A,"TRP_340_A,LEU_353_A,SER_355_A"
SER_355_A,"PRO_351_A,ILE_354_A,GLY_356_A,GLY_359_A"
GLY_356_A,"SER_355_A,TRP_357_A"
TRP_357_A,"PHE_109_A,ALA_178_A,ASP_181_A,GLU_182_A,ILE_323_A,LEU_328_A,GLY_356_A,ARG_358_A,LEU_361_A"
ARG_358_A,"GLU_182_A,LEU_327_A,LEU_328_A,GLU_352_A,TRP_357_A,GLY_359_A,LEU_361_A,MET_362_A"
GLY_359_A,"SER_355_A,ARG_358_A,GLU_360_A,ALA_363_A"
GLU_360_A,"GLY_359_A,LEU_361_A"
LEU_361_A,"TRP_357_A,ARG_358_A,GLU_360_A,MET_362_A"
MET_362_A,"ARG_358_A,LEU_361_A,ALA_363_A,LEU_366_A"
ALA_363_A,"GLY_359_A,MET_362_A,GLU_364_A,HIS_367_A"
GLU_364_A,"ALA_363_A,ALA_365_A"
ALA_365_A,"GLU_364_A,LEU_366_A,LEU_369_A"
LEU_366_A,"ILE_310_A,LEU_313_A,MET_362_A,ALA_365_A,HIS_367_A,LEU_370_A"
HIS_367_A,"ALA_363_A,LEU_366_A,ASN_368_A"
ASN_368_A,"HIS_367_A,LEU_369_A"
LEU_369_A,"ILE_310_A,ALA_365_A,ASN_368_A,LEU_370_A,TYR_373_A"
LEU_370_A,"LEU_366_A,LEU_369_A,GLN_371_A"
GLN_371_A,"LEU_370_A,GLU_372_A"
GLU_372_A,"GLN_371_A,TYR_373_A"
TYR_373_A,"ALA_306_A,HIS_341_A,LEU_369_A,GLU_372_A"
PRO_374_A,"TRP_342_A,GLN_375_A"
GLN_375_A,PRO_374_A
