residue_id,neighbors
GLY_112_A,THR_113_A
THR_113_A,"GLY_112_A,ALA_114_A"
ALA_114_A,"THR_113_A,ARG_115_A,PRO_385_A"
ARG_115_A,"ALA_114_A,THR_116_A,ASP_119_A,ARG_129_A,ILE_383_A"
THR_116_A,"ARG_115_A,VAL_117_A,ASP_119_A"
VAL_117_A,"THR_116_A,VAL_118_A,PHE_494_A"
VAL_118_A,"VAL_117_A,ASP_119_A,GLU_492_A"
ASP_119_A,"ARG_115_A,THR_116_A,VAL_118_A,ASP_120_A"
ASP_120_A,"ASP_119_A,GLY_123_A,LEU_124_A,PHE_125_A,ARG_129_A"
PRO_121_A,GLN_122_A
GLN_122_A,"PRO_121_A,GLY_123_A"
GLY_123_A,"ASP_120_A,GLN_122_A,LEU_124_A"
LEU_124_A,"ASP_120_A,GLY_123_A,PHE_125_A"
PHE_125_A,"ASP_120_A,LEU_124_A,LYS_126_A,ILE_383_A"
LYS_126_A,"PHE_125_A,LYS_127_A,GLU_130_A"
LYS_127_A,"LYS_126_A,HIS_128_A,GLU_131_A"
HIS_128_A,"LYS_127_A,ARG_129_A,GLU_131_A,GLU_132_A"
ARG_129_A,"ARG_115_A,ASP_120_A,HIS_128_A,GLU_130_A,HIS_384_A,GLU_495_A"
GLU_130_A,"LYS_126_A,ARG_129_A,GLU_131_A"
GLU_131_A,"LYS_127_A,HIS_128_A,GLU_130_A,GLU_132_A"
GLU_132_A,"HIS_128_A,GLU_131_A,LEU_133_A,ARG_136_A,SER_382_A"
LEU_133_A,"GLU_132_A,ALA_134_A,ARG_137_A"
ALA_134_A,"LEU_133_A,GLU_135_A"
GLU_135_A,"ALA_134_A,ARG_136_A"
ARG_136_A,"GLU_132_A,GLU_135_A,ARG_137_A,TYR_140_A,MET_377_A,LEU_380_A"
ARG_137_A,"LEU_133_A,ARG_136_A,LYS_138_A,ARG_378_A,GLU_502_A"
LYS_138_A,"ARG_137_A,LEU_139_A"
LEU_139_A,"LYS_138_A,TYR_140_A"
TYR_140_A,"ARG_136_A,LEU_139_A,ARG_141_A,GLU_165_A,MET_377_A,ARG_378_A"
ARG_141_A,"TYR_140_A,TRP_142_A,ALA_154_A"
TRP_142_A,"ARG_141_A,GLY_143_A,LEU_151_A,VAL_374_A,GLU_502_A"
GLY_143_A,"TRP_142_A,ASN_144_A,ASN_152_A"
ASN_144_A,"GLY_143_A,TRP_145_A"
TRP_145_A,"ASN_144_A,LYS_146_A,LEU_149_A,VAL_409_A"
LYS_146_A,"TRP_145_A,ASP_147_A,ASP_411_A,VAL_427_A"
ASP_147_A,"LYS_146_A,GLY_148_A,ARG_431_A"
GLY_148_A,"ASP_147_A,LEU_149_A"
LEU_149_A,"TRP_145_A,GLY_148_A,ILE_150_A,LEU_430_A"
ILE_150_A,"LEU_149_A,LEU_151_A,VAL_371_A"
LEU_151_A,"TRP_142_A,ILE_150_A,ASN_152_A"
ASN_152_A,"GLY_143_A,LEU_151_A,ILE_153_A"
ILE_153_A,"ASN_152_A,ALA_154_A,GLU_370_A"
ALA_154_A,"ARG_141_A,ILE_153_A,SER_155_A"
SER_155_A,"ALA_154_A,THR_156_A,GLY_157_A"
THR_156_A,"SER_155_A,GLY_157_A"
GLY_157_A,"SER_155_A,THR_156_A,ILE_158_A,ASP_160_A"
ILE_158_A,"GLY_157_A,HIS_159_A,VAL_402_A,ARG_403_A"
HIS_159_A,"ILE_158_A,ASP_160_A,ARG_166_A"
ASP_160_A,"GLY_157_A,HIS_159_A,LEU_161_A"
LEU_161_A,ASP_160_A
PRO_162_A,"VAL_163_A,GLU_165_A"
VAL_163_A,"PRO_162_A,ASP_164_A"
ASP_164_A,"VAL_163_A,GLU_165_A"
GLU_165_A,"TYR_140_A,PRO_162_A,ASP_164_A,ARG_166_A"
ARG_166_A,"HIS_159_A,GLU_165_A,PHE_167_A,GLU_399_A,ARG_403_A"
PHE_167_A,"ARG_166_A,LEU_168_A,LYS_171_A,TYR_396_A,GLU_399_A"
LEU_168_A,"PHE_167_A,GLU_169_A,ARG_172_A"
GLU_169_A,"LEU_168_A,ASP_170_A,ARG_172_A,ILE_173_A"
ASP_170_A,"GLU_169_A,LYS_171_A,ASP_174_A,ARG_395_A"
LYS_171_A,"PHE_167_A,ASP_170_A,ARG_172_A,ASP_174_A,PHE_175_A,TYR_396_A,GLU_658_A,ALA_662_A"
ARG_172_A,"LEU_168_A,GLU_169_A,LYS_171_A,ILE_173_A,GLU_176_A"
ILE_173_A,"GLU_169_A,ARG_172_A,ASP_174_A,ALA_177_A"
ASP_174_A,"ASP_170_A,LYS_171_A,ILE_173_A,PHE_175_A,SER_178_A,ARG_599_A"
PHE_175_A,"LYS_171_A,ASP_174_A,GLU_176_A,SER_178_A,ILE_400_A,ILE_663_A"
GLU_176_A,"ARG_172_A,PHE_175_A,ALA_177_A,ALA_180_A,ARG_403_A"
ALA_177_A,"ILE_173_A,GLU_176_A,SER_178_A,LYS_181_A"
SER_178_A,"ASP_174_A,PHE_175_A,ALA_177_A,LEU_179_A,ARG_599_A"
LEU_179_A,"SER_178_A,ALA_180_A,GLY_182_A,LEU_183_A"
ALA_180_A,"GLU_176_A,LEU_179_A,LYS_181_A,ALA_184_A"
LYS_181_A,"ALA_177_A,ALA_180_A,GLY_182_A,ASP_185_A"
GLY_182_A,"LEU_179_A,LYS_181_A,LEU_183_A,SER_592_A"
LEU_183_A,"LEU_179_A,GLY_182_A,ALA_184_A,ALA_187_A"
ALA_184_A,"ALA_180_A,LEU_183_A,ASP_185_A"
ASP_185_A,"LYS_181_A,ALA_184_A,LEU_186_A,LYS_189_A"
LEU_186_A,"ASP_185_A,ALA_187_A,ASP_190_A"
ALA_187_A,"LEU_183_A,LEU_186_A,VAL_188_A,SER_191_A"
VAL_188_A,"ALA_187_A,LYS_189_A,SER_191_A,TRP_209_A"
LYS_189_A,"ASP_185_A,VAL_188_A,ASP_190_A,ASN_193_A,TRP_209_A"
ASP_190_A,"LEU_186_A,LYS_189_A,SER_191_A,HIS_585_A"
SER_191_A,"ALA_187_A,VAL_188_A,ASP_190_A,LEU_192_A"
LEU_192_A,"SER_191_A,ASN_193_A,LEU_195_A,MET_196_A"
ASN_193_A,"LYS_189_A,LEU_192_A,VAL_194_A,ARG_206_A,PHE_584_A"
VAL_194_A,"ASN_193_A,LEU_195_A,PHE_584_A"
LEU_195_A,"LEU_192_A,VAL_194_A,MET_196_A"
MET_196_A,"LEU_192_A,LEU_195_A,SER_197_A"
SER_197_A,"MET_196_A,TRP_198_A,ARG_206_A"
TRP_198_A,"SER_197_A,ASN_199_A,PHE_584_A"
ASN_199_A,"TRP_198_A,SER_200_A"
SER_200_A,"ASN_199_A,LEU_201_A,SER_203_A"
LEU_201_A,"SER_200_A,ASP_202_A,LEU_581_A"
ASP_202_A,"LEU_201_A,SER_203_A"
SER_203_A,"SER_200_A,ASP_202_A,PHE_204_A"
PHE_204_A,"SER_203_A,ASN_205_A,TRP_554_A,PRO_556_A"
ASN_205_A,"PHE_204_A,ARG_206_A"
ARG_206_A,"ASN_193_A,SER_197_A,ASN_205_A,ILE_207_A"
ILE_207_A,"ARG_206_A,PHE_208_A,ALA_587_A"
PHE_208_A,"ILE_207_A,TRP_209_A,GLN_212_A,TRP_554_A"
TRP_209_A,"VAL_188_A,LYS_189_A,PHE_208_A,SER_210_A"
SER_210_A,"TRP_209_A,GLY_211_A"
GLY_211_A,"SER_210_A,GLN_212_A"
GLN_212_A,"PHE_208_A,GLY_211_A,SER_213_A"
SER_213_A,"GLN_212_A,LYS_214_A,ASP_550_A"
LYS_214_A,"SER_213_A,LEU_215_A"
LEU_215_A,"LYS_214_A,ALA_216_A,VAL_219_A,ASP_550_A"
ALA_216_A,"LEU_215_A,GLU_217_A,ARG_220_A"
GLU_217_A,"ALA_216_A,ARG_218_A,ARG_220_A,ASP_221_A"
ARG_218_A,"GLU_217_A,VAL_219_A,SER_222_A,GLU_225_A"
VAL_219_A,"LEU_215_A,ARG_218_A,ARG_220_A,TRP_223_A,TRP_551_A"
ARG_220_A,"ALA_216_A,GLU_217_A,VAL_219_A,ASP_221_A,TRP_554_A"
ASP_221_A,"GLU_217_A,ARG_220_A,SER_222_A"
SER_222_A,"ARG_218_A,ASP_221_A,TRP_223_A,LYS_224_A,GLU_225_A"
TRP_223_A,"VAL_219_A,SER_222_A,LYS_224_A,TRP_554_A,PRO_556_A"
LYS_224_A,"SER_222_A,TRP_223_A,GLU_225_A,LYS_345_A"
GLU_225_A,"ARG_218_A,SER_222_A,LYS_224_A,ASP_226_A"
ASP_226_A,"GLU_225_A,ALA_227_A,GLY_230_A,TRP_341_A,LYS_345_A"
ALA_227_A,"ASP_226_A,LEU_228_A,TYR_231_A"
LEU_228_A,"ALA_227_A,PHE_229_A"
PHE_229_A,"LEU_228_A,GLY_230_A,PHE_233_A,LYS_345_A"
GLY_230_A,"ASP_226_A,PHE_229_A,TYR_231_A"
TYR_231_A,"ALA_227_A,GLY_230_A,GLN_232_A,ASN_235_A,TRP_551_A"
GLN_232_A,"TYR_231_A,PHE_233_A,TRP_551_A,ASN_557_A"
PHE_233_A,"PHE_229_A,GLN_232_A,LEU_234_A,ALA_277_A"
LEU_234_A,"PHE_233_A,ASN_235_A,LEU_242_A"
ASN_235_A,"TYR_231_A,LEU_234_A,GLY_236_A,SER_458_A,PHE_460_A"
GLY_236_A,"ASN_235_A,THR_237_A"
THR_237_A,"GLY_236_A,ASN_238_A"
ASN_238_A,"THR_237_A,ASP_352_A,HIS_356_A,SER_360_A"
PRO_239_A,"MET_240_A,ARG_451_A,TYR_461_A"
MET_240_A,"PRO_239_A,LEU_241_A"
LEU_241_A,"MET_240_A,LEU_242_A,PHE_279_A"
LEU_242_A,"LEU_234_A,LEU_241_A,ARG_243_A,ARG_451_A"
ARG_243_A,"LEU_242_A,HIS_244_A,GLU_276_A,ASP_447_A,ARG_451_A"
HIS_244_A,"ARG_243_A,SER_245_A,PHE_275_A,ARG_451_A"
SER_245_A,"HIS_244_A,VAL_246_A,LEU_274_A,GLU_276_A"
VAL_246_A,"SER_245_A,GLU_247_A"
GLU_247_A,"VAL_246_A,LEU_248_A"
LEU_248_A,GLU_247_A
PRO_249_A,ALA_250_A
ALA_250_A,"PRO_249_A,ARG_251_A"
ARG_251_A,"ALA_250_A,LEU_252_A,ASP_278_A,VAL_299_A,GLN_318_A"
LEU_252_A,"ARG_251_A,LYS_253_A"
LYS_253_A,"LEU_252_A,PHE_254_A,LEU_328_A"
PHE_254_A,"LYS_253_A,LEU_261_A,GLN_262_A,LEU_331_A"
PRO_256_A,GLY_257_A
GLY_257_A,"PRO_256_A,MET_258_A"
MET_258_A,"GLY_257_A,GLU_259_A,LEU_333_A"
GLU_259_A,"MET_258_A,GLU_260_A"
GLU_260_A,"GLU_259_A,LEU_261_A,GLN_264_A"
LEU_261_A,"PHE_254_A,GLU_260_A,GLN_262_A,GLN_264_A,LEU_265_A"
GLN_262_A,"PHE_254_A,LEU_261_A,ALA_263_A"
ALA_263_A,"GLN_262_A,GLN_264_A"
GLN_264_A,"GLU_260_A,LEU_261_A,ALA_263_A,LEU_265_A,MET_315_A"
LEU_265_A,"LEU_261_A,GLN_264_A,GLU_266_A,LEU_269_A,LEU_274_A,MET_315_A"
GLU_266_A,"LEU_265_A,LYS_267_A,GLN_270_A"
LYS_267_A,"GLU_266_A,GLU_268_A,GLY_271_A"
GLU_268_A,"LYS_267_A,LEU_269_A,GLY_272_A,THR_273_A,LYS_305_A"
LEU_269_A,"LEU_265_A,GLU_268_A,GLN_270_A"
GLN_270_A,"GLU_266_A,LEU_269_A,GLY_271_A"
GLY_271_A,"LYS_267_A,GLN_270_A,GLY_272_A"
GLY_272_A,"GLU_268_A,GLY_271_A,THR_273_A"
THR_273_A,"GLU_268_A,GLY_272_A,LEU_274_A,LEU_306_A"
LEU_274_A,"SER_245_A,LEU_265_A,THR_273_A,PHE_275_A,MET_303_A"
PHE_275_A,"HIS_244_A,LEU_274_A,GLU_276_A,LEU_304_A,LEU_306_A"
GLU_276_A,"ARG_243_A,SER_245_A,PHE_275_A,ALA_277_A,ASP_278_A"
ALA_277_A,"PHE_233_A,GLU_276_A,ASP_278_A,VAL_302_A"
ASP_278_A,"ARG_251_A,GLU_276_A,ALA_277_A,PHE_279_A,SER_280_A"
PHE_279_A,"LEU_241_A,ASP_278_A,SER_280_A,PRO_300_A,VAL_348_A,LEU_355_A"
SER_280_A,"ASP_278_A,PHE_279_A,LEU_281_A,LEU_282_A,ASP_283_A"
LEU_281_A,"SER_280_A,LEU_282_A,LEU_429_A"
LEU_282_A,"SER_280_A,LEU_281_A,ASP_283_A,LEU_355_A"
ASP_283_A,"SER_280_A,LEU_282_A,GLY_284_A,ARG_323_A"
GLY_284_A,"ASP_283_A,ILE_285_A"
ILE_285_A,"GLY_284_A,LYS_286_A"
LYS_286_A,"ILE_285_A,ALA_287_A"
ALA_287_A,"LYS_286_A,ASN_288_A"
ASN_288_A,"ALA_287_A,VAL_289_A,GLN_295_A,ASP_416_A,SER_420_A"
VAL_289_A,"ASN_288_A,ILE_290_A"
ILE_290_A,"VAL_289_A,LEU_291_A,SER_293_A,GLN_295_A"
LEU_291_A,"ILE_290_A,SER_292_A"
SER_292_A,"LEU_291_A,SER_293_A"
SER_293_A,"ILE_290_A,SER_292_A,GLN_294_A"
GLN_294_A,"SER_293_A,GLN_295_A"
GLN_295_A,"ASN_288_A,ILE_290_A,GLN_294_A,TYR_296_A,THR_561_A"
TYR_296_A,"GLN_295_A,LEU_297_A,TRP_347_A,MET_562_A"
LEU_297_A,"TYR_296_A,ALA_298_A,THR_421_A"
ALA_298_A,"LEU_297_A,VAL_299_A,PRO_300_A,TRP_347_A"
VAL_299_A,"ARG_251_A,ALA_298_A,LEU_319_A"
PRO_300_A,"PHE_279_A,ALA_298_A,LEU_301_A"
LEU_301_A,"PRO_300_A,VAL_302_A,GLN_318_A"
VAL_302_A,"ALA_277_A,LEU_301_A,MET_303_A,VAL_348_A"
MET_303_A,"LEU_274_A,VAL_302_A,LEU_304_A,MET_315_A,VAL_316_A"
LEU_304_A,"PHE_275_A,MET_303_A,LYS_305_A,LEU_312_A"
LYS_305_A,"GLU_268_A,LEU_304_A,LEU_306_A,LEU_313_A"
LEU_306_A,"THR_273_A,PHE_275_A,LYS_305_A,GLN_307_A"
GLN_307_A,"LEU_306_A,GLY_310_A,LYS_311_A"
PRO_308_A,ASP_309_A
ASP_309_A,"PRO_308_A,GLY_310_A,LYS_311_A"
GLY_310_A,"GLN_307_A,ASP_309_A,LYS_311_A,SER_458_A"
LYS_311_A,"GLN_307_A,ASP_309_A,GLY_310_A,LEU_312_A"
LEU_312_A,"LEU_304_A,LYS_311_A,LEU_313_A"
LEU_313_A,"LYS_305_A,LEU_312_A"
PRO_314_A,"MET_315_A,TRP_341_A"
MET_315_A,"GLN_264_A,LEU_265_A,MET_303_A,PRO_314_A,VAL_316_A"
VAL_316_A,"MET_303_A,MET_315_A,ILE_317_A,LEU_331_A"
ILE_317_A,"VAL_316_A,GLN_318_A,LEU_319_A,PHE_332_A,TRP_341_A,LYS_345_A"
GLN_318_A,"ARG_251_A,LEU_301_A,ILE_317_A,LEU_319_A,LEU_331_A"
LEU_319_A,"VAL_299_A,ILE_317_A,GLN_318_A,GLN_320_A,PHE_332_A,TRP_347_A"
GLN_320_A,"LEU_319_A,LEU_321_A"
LEU_321_A,GLN_320_A
PRO_322_A,ARG_323_A
ARG_323_A,"ASP_283_A,PRO_322_A,GLU_324_A"
GLU_324_A,"ARG_323_A,GLY_325_A"
GLY_325_A,"GLU_324_A,SER_326_A"
SER_326_A,GLY_325_A
PRO_327_A,LEU_328_A
LEU_328_A,"LYS_253_A,PRO_327_A"
PRO_330_A,"LEU_331_A,PHE_332_A"
LEU_331_A,"PHE_254_A,VAL_316_A,GLN_318_A,PRO_330_A,PHE_332_A,LYS_570_A"
PHE_332_A,"ILE_317_A,LEU_319_A,PRO_330_A,LEU_331_A,LEU_333_A,VAL_340_A,ALA_344_A"
LEU_333_A,"MET_258_A,PHE_332_A,ASP_336_A"
PRO_334_A,THR_335_A
THR_335_A,"PRO_334_A,ASP_336_A"
ASP_336_A,"LEU_333_A,THR_335_A,VAL_340_A,LYS_570_A"
PRO_337_A,VAL_340_A
PRO_338_A,"MET_339_A,LEU_342_A"
MET_339_A,"PRO_338_A,VAL_340_A,LEU_342_A,LEU_343_A"
VAL_340_A,"PHE_332_A,ASP_336_A,PRO_337_A,MET_339_A,TRP_341_A"
TRP_341_A,"ASP_226_A,PRO_314_A,ILE_317_A,VAL_340_A,LEU_342_A,LYS_345_A"
LEU_342_A,"PRO_338_A,MET_339_A,TRP_341_A,LEU_343_A,CYS_346_A"
LEU_343_A,"MET_339_A,LEU_342_A,ALA_344_A,TRP_347_A,ALA_572_A"
ALA_344_A,"PHE_332_A,LEU_343_A,LYS_345_A"
LYS_345_A,"LYS_224_A,ASP_226_A,PHE_229_A,ILE_317_A,TRP_341_A,ALA_344_A,CYS_346_A,ARG_349_A"
CYS_346_A,"LEU_342_A,LYS_345_A,TRP_347_A,SER_350_A"
TRP_347_A,"TYR_296_A,ALA_298_A,LEU_319_A,LEU_343_A,CYS_346_A,VAL_348_A,SER_351_A,MET_562_A,THR_580_A"
VAL_348_A,"PHE_279_A,VAL_302_A,TRP_347_A,ARG_349_A,ASP_352_A"
ARG_349_A,"LYS_345_A,VAL_348_A,SER_350_A,ASP_352_A,PHE_353_A,ASN_557_A"
SER_350_A,"CYS_346_A,ARG_349_A,SER_351_A,PRO_559_A"
SER_351_A,"TRP_347_A,SER_350_A,ASP_352_A"
ASP_352_A,"ASN_238_A,VAL_348_A,ARG_349_A,SER_351_A,PHE_353_A,HIS_356_A"
PHE_353_A,"ARG_349_A,ASP_352_A,GLN_354_A,GLU_357_A,TYR_552_A"
GLN_354_A,"PHE_353_A,LEU_355_A,THR_421_A,CYS_560_A"
LEU_355_A,"PHE_279_A,LEU_282_A,GLN_354_A,HIS_356_A,HIS_359_A"
HIS_356_A,"ASN_238_A,ASP_352_A,LEU_355_A,GLU_357_A,HIS_361_A,ASN_544_A,TYR_552_A"
GLU_357_A,"PHE_353_A,HIS_356_A,LEU_358_A,HIS_361_A,LEU_362_A"
LEU_358_A,"GLU_357_A,HIS_359_A,LEU_363_A,PHE_415_A,HIS_426_A,LEU_429_A"
HIS_359_A,"LEU_355_A,LEU_358_A,SER_360_A,ARG_364_A"
SER_360_A,"ASN_238_A,HIS_359_A,HIS_361_A"
HIS_361_A,"HIS_356_A,GLU_357_A,SER_360_A,LEU_362_A,HIS_366_A,HIS_541_A,HIS_545_A"
LEU_362_A,"GLU_357_A,HIS_361_A,LEU_363_A,LEU_367_A"
LEU_363_A,"LEU_358_A,LEU_362_A,ARG_364_A,MET_368_A,ALA_433_A"
ARG_364_A,"HIS_359_A,LEU_363_A,GLY_365_A,SER_441_A,ASP_447_A"
GLY_365_A,"ARG_364_A,HIS_366_A,ALA_369_A"
HIS_366_A,"HIS_361_A,GLY_365_A,LEU_367_A,ASN_401_A,HIS_541_A,HIS_545_A"
LEU_367_A,"LEU_362_A,HIS_366_A,MET_368_A"
MET_368_A,"LEU_363_A,LEU_367_A,ALA_369_A,LEU_437_A,PHE_442_A,LEU_508_A,THR_536_A"
ALA_369_A,"GLY_365_A,MET_368_A,GLU_370_A,ALA_373_A,VAL_661_A"
GLU_370_A,"ILE_153_A,ALA_369_A,VAL_371_A,VAL_374_A,ASN_401_A,ARG_405_A"
VAL_371_A,"ILE_150_A,GLU_370_A,ILE_372_A,PHE_503_A"
ILE_372_A,"VAL_371_A,ALA_373_A,THR_376_A,PHE_394_A,PHE_503_A"
ALA_373_A,"ALA_369_A,ILE_372_A,VAL_374_A,MET_377_A,PHE_394_A,MET_398_A"
VAL_374_A,"TRP_142_A,GLU_370_A,ALA_373_A,ALA_375_A,ARG_378_A"
ALA_375_A,"VAL_374_A,THR_376_A"
THR_376_A,"ILE_372_A,ALA_375_A,MET_377_A,LEU_380_A,PHE_394_A"
MET_377_A,"ARG_136_A,TYR_140_A,ALA_373_A,THR_376_A,ARG_378_A"
ARG_378_A,"ARG_137_A,TYR_140_A,VAL_374_A,MET_377_A,CYS_379_A,GLU_502_A"
CYS_379_A,"ARG_378_A,LEU_380_A"
LEU_380_A,"ARG_136_A,THR_376_A,CYS_379_A"
PRO_381_A,SER_382_A
SER_382_A,"GLU_132_A,PRO_381_A,ILE_383_A"
ILE_383_A,"ARG_115_A,PHE_125_A,SER_382_A,HIS_384_A"
HIS_384_A,"ARG_129_A,ILE_383_A,ILE_386_A,ASP_493_A,GLU_495_A"
PRO_385_A,"ALA_114_A,ILE_386_A"
ILE_386_A,"HIS_384_A,PRO_385_A,PHE_387_A"
PHE_387_A,"ILE_386_A,LYS_388_A,ILE_391_A"
LYS_388_A,"PHE_387_A,LEU_389_A,TYR_614_A,PHE_615_A"
LEU_389_A,"LYS_388_A,LEU_390_A,TYR_475_A,VAL_530_A"
LEU_390_A,"LEU_389_A,ILE_391_A,HIS_393_A,PHE_394_A,TRP_499_A,ILE_534_A"
ILE_391_A,"PHE_387_A,LEU_390_A,PRO_392_A,HIS_393_A,PHE_394_A,TYR_614_A"
PRO_392_A,"ILE_391_A,HIS_393_A"
HIS_393_A,"LEU_390_A,ILE_391_A,PRO_392_A,PHE_394_A,HIS_610_A,ASN_659_A"
PHE_394_A,"ILE_372_A,ALA_373_A,THR_376_A,LEU_390_A,ILE_391_A,HIS_393_A,ARG_395_A"
ARG_395_A,"ASP_170_A,PHE_394_A,TYR_396_A,THR_603_A,GLU_658_A,SER_660_A"
TYR_396_A,"PHE_167_A,LYS_171_A,ARG_395_A,THR_397_A,ILE_400_A"
THR_397_A,"TYR_396_A,MET_398_A,VAL_661_A"
MET_398_A,"ALA_373_A,THR_397_A,GLU_399_A,VAL_402_A"
GLU_399_A,"ARG_166_A,PHE_167_A,MET_398_A,ILE_400_A,ARG_403_A"
ILE_400_A,"PHE_175_A,TYR_396_A,GLU_399_A,ASN_401_A,ALA_404_A"
ASN_401_A,"HIS_366_A,GLU_370_A,ILE_400_A,VAL_402_A,ARG_405_A"
VAL_402_A,"ILE_158_A,MET_398_A,ASN_401_A,ARG_403_A"
ARG_403_A,"ILE_158_A,ARG_166_A,GLU_176_A,GLU_399_A,VAL_402_A,ALA_404_A"
ALA_404_A,"ILE_400_A,ARG_403_A,ARG_405_A,LEU_408_A"
ARG_405_A,"GLU_370_A,ASN_401_A,ALA_404_A,ASN_406_A"
ASN_406_A,"ARG_405_A,GLY_407_A"
GLY_407_A,"ASN_406_A,LEU_408_A"
LEU_408_A,"ALA_404_A,GLY_407_A,VAL_409_A,PHE_415_A"
VAL_409_A,"TRP_145_A,LEU_408_A,SER_410_A"
SER_410_A,"VAL_409_A,ASP_411_A,GLY_413_A"
ASP_411_A,"LYS_146_A,SER_410_A,LEU_412_A,ASP_416_A"
LEU_412_A,"ASP_411_A,GLY_413_A,ASP_416_A"
GLY_413_A,"SER_410_A,LEU_412_A,ILE_414_A,GLN_417_A"
ILE_414_A,"GLY_413_A,PHE_415_A"
PHE_415_A,"LEU_358_A,LEU_408_A,ILE_414_A,ASP_416_A,VAL_419_A"
ASP_416_A,"ASN_288_A,ASP_411_A,LEU_412_A,PHE_415_A,GLN_417_A,GLY_423_A,HIS_426_A"
GLN_417_A,"GLY_413_A,ASP_416_A,VAL_418_A"
VAL_418_A,"GLN_417_A,VAL_419_A,LEU_589_A"
VAL_419_A,"PHE_415_A,VAL_418_A,SER_420_A,GLY_422_A"
SER_420_A,"ASN_288_A,VAL_419_A,THR_421_A,CYS_560_A"
THR_421_A,"LEU_297_A,GLN_354_A,SER_420_A,GLY_422_A,HIS_426_A"
GLY_422_A,"VAL_419_A,THR_421_A,GLY_423_A"
GLY_423_A,"ASP_416_A,GLY_422_A,GLY_424_A"
GLY_424_A,"GLY_423_A,GLY_425_A"
GLY_425_A,"GLY_424_A,HIS_426_A,LEU_429_A"
HIS_426_A,"LEU_358_A,ASP_416_A,THR_421_A,GLY_425_A,VAL_427_A"
VAL_427_A,"LYS_146_A,HIS_426_A,GLU_428_A,ARG_431_A"
GLU_428_A,"VAL_427_A,LEU_429_A,ARG_431_A,ARG_432_A"
LEU_429_A,"LEU_281_A,LEU_358_A,GLY_425_A,GLU_428_A,LEU_430_A,ALA_433_A"
LEU_430_A,"LEU_149_A,LEU_429_A,ARG_431_A,ALA_434_A"
ARG_431_A,"ASP_147_A,VAL_427_A,GLU_428_A,LEU_430_A,ARG_432_A"
ARG_432_A,"GLU_428_A,ARG_431_A,ALA_433_A"
ALA_433_A,"LEU_363_A,LEU_429_A,ARG_432_A,ALA_434_A"
ALA_434_A,"LEU_430_A,ALA_433_A,ALA_435_A"
ALA_435_A,"ALA_434_A,LEU_436_A"
LEU_436_A,"ALA_435_A,LEU_437_A"
LEU_437_A,"MET_368_A,LEU_436_A,THR_438_A,ARG_514_A"
THR_438_A,"LEU_437_A,TYR_439_A,SER_441_A"
TYR_439_A,"THR_438_A,SER_440_A,PHE_442_A,ARG_514_A,PHE_516_A,HIS_528_A,PHE_529_A,MET_532_A"
SER_440_A,"TYR_439_A,SER_441_A"
SER_441_A,"ARG_364_A,THR_438_A,SER_440_A,PHE_442_A"
PHE_442_A,"MET_368_A,TYR_439_A,SER_441_A,CYS_443_A,MET_532_A"
CYS_443_A,"PHE_442_A,ASP_446_A,ASP_447_A,TRP_469_A"
PRO_444_A,"LEU_448_A,PHE_535_A"
PRO_445_A,ASP_446_A
ASP_446_A,"CYS_443_A,PRO_445_A,ASP_447_A,ASP_450_A,HIS_528_A"
ASP_447_A,"ARG_243_A,ARG_364_A,CYS_443_A,ASP_446_A,LEU_448_A,ARG_451_A"
LEU_448_A,"PRO_444_A,ASP_447_A,ALA_449_A,LEU_453_A,TYR_461_A,LEU_466_A"
ALA_449_A,"LEU_448_A,ASP_450_A"
ASP_450_A,"ASP_446_A,ALA_449_A,ARG_451_A"
ARG_451_A,"PRO_239_A,LEU_242_A,ARG_243_A,HIS_244_A,ASP_447_A,ASP_450_A,GLY_452_A"
GLY_452_A,"ARG_451_A,LEU_453_A"
LEU_453_A,"LEU_448_A,GLY_452_A,LEU_454_A"
LEU_454_A,"LEU_453_A,GLY_455_A"
GLY_455_A,"LEU_454_A,VAL_456_A"
VAL_456_A,"GLY_455_A,GLU_457_A"
GLU_457_A,"VAL_456_A,SER_458_A"
SER_458_A,"ASN_235_A,GLY_310_A,GLU_457_A,SER_459_A"
SER_459_A,"SER_458_A,PHE_460_A,ALA_462_A"
PHE_460_A,"ASN_235_A,SER_459_A,TYR_461_A,ASP_464_A,LEU_645_A,TYR_649_A"
TYR_461_A,"PRO_239_A,LEU_448_A,PHE_460_A,ALA_462_A,ALA_465_A,LEU_652_A"
ALA_462_A,"SER_459_A,TYR_461_A,GLN_463_A"
GLN_463_A,"ALA_462_A,ASP_464_A"
ASP_464_A,"PHE_460_A,GLN_463_A,ALA_465_A,ARG_467_A,LEU_468_A,ARG_641_A,LEU_652_A"
ALA_465_A,"TYR_461_A,ASP_464_A,LEU_466_A,TRP_469_A,LEU_652_A"
LEU_466_A,"LEU_448_A,ALA_465_A,ARG_467_A"
ARG_467_A,"ASP_464_A,LEU_466_A,LEU_468_A,LEU_634_A,ASP_637_A,ARG_641_A"
LEU_468_A,"ASP_464_A,ARG_467_A,TRP_469_A,ILE_472_A,LEU_607_A,LEU_631_A,LEU_652_A"
TRP_469_A,"CYS_443_A,ALA_465_A,LEU_468_A,GLU_470_A,SER_473_A,THR_531_A"
GLU_470_A,"TRP_469_A,VAL_471_A,ARG_474_A"
VAL_471_A,"GLU_470_A,ILE_472_A,PHE_627_A,LEU_631_A"
ILE_472_A,"LEU_468_A,VAL_471_A,SER_473_A,VAL_476_A"
SER_473_A,"TRP_469_A,ILE_472_A,ARG_474_A,GLU_477_A"
ARG_474_A,"GLU_470_A,SER_473_A,TYR_475_A,GLY_478_A,GLU_630_A"
TYR_475_A,"LEU_389_A,ARG_474_A,VAL_476_A,VAL_623_A,PHE_627_A"
VAL_476_A,"ILE_472_A,TYR_475_A,GLU_477_A,VAL_480_A"
GLU_477_A,"SER_473_A,VAL_476_A,GLY_478_A,SER_481_A,LYS_523_A"
GLY_478_A,"ARG_474_A,GLU_477_A,ILE_479_A"
ILE_479_A,"GLY_478_A,VAL_480_A,HIS_483_A,PHE_615_A,VAL_623_A"
VAL_480_A,"VAL_476_A,ILE_479_A,SER_481_A,HIS_483_A,TYR_484_A"
SER_481_A,"GLU_477_A,VAL_480_A,LEU_482_A,LYS_485_A"
LEU_482_A,"SER_481_A,HIS_483_A,PRO_620_A"
HIS_483_A,"ILE_479_A,VAL_480_A,LEU_482_A,TYR_484_A"
TYR_484_A,"VAL_480_A,HIS_483_A,LYS_485_A,VAL_490_A,ASP_493_A,LYS_523_A"
LYS_485_A,"SER_481_A,TYR_484_A,THR_486_A"
THR_486_A,"LYS_485_A,ASP_487_A,SER_489_A"
ASP_487_A,"THR_486_A,GLU_488_A,LYS_491_A,LYS_523_A"
GLU_488_A,"ASP_487_A,SER_489_A,LYS_491_A,GLU_492_A"
SER_489_A,"THR_486_A,GLU_488_A,VAL_490_A"
VAL_490_A,"TYR_484_A,SER_489_A,LYS_491_A,ASP_493_A"
LYS_491_A,"ASP_487_A,GLU_488_A,VAL_490_A,GLU_492_A"
GLU_492_A,"VAL_118_A,GLU_488_A,LYS_491_A,ASP_493_A,PHE_494_A"
ASP_493_A,"HIS_384_A,TYR_484_A,VAL_490_A,GLU_492_A,PHE_494_A,GLU_495_A"
PHE_494_A,"VAL_117_A,GLU_492_A,ASP_493_A,GLU_495_A,ALA_498_A"
GLU_495_A,"ARG_129_A,HIS_384_A,ASP_493_A,PHE_494_A,LEU_496_A,TRP_499_A"
LEU_496_A,"GLU_495_A,GLN_497_A,TRP_499_A"
GLN_497_A,"LEU_496_A,ALA_498_A,LEU_520_A"
ALA_498_A,"PHE_494_A,GLN_497_A,TRP_499_A,GLU_502_A"
TRP_499_A,"LEU_390_A,GLU_495_A,LEU_496_A,ALA_498_A,CYS_500_A,PHE_529_A"
CYS_500_A,"TRP_499_A,ARG_501_A,THR_504_A"
ARG_501_A,"CYS_500_A,GLU_502_A,GLU_505_A"
GLU_502_A,"ARG_137_A,TRP_142_A,ARG_378_A,ALA_498_A,ARG_501_A,PHE_503_A,GLY_507_A"
PHE_503_A,"VAL_371_A,ILE_372_A,GLU_502_A,THR_504_A,LEU_508_A,PHE_529_A"
THR_504_A,"CYS_500_A,PHE_503_A,GLU_505_A,ALA_511_A,PHE_516_A,PRO_517_A,VAL_518_A"
GLU_505_A,"ARG_501_A,THR_504_A,ILE_506_A,GLY_510_A"
ILE_506_A,"GLU_505_A,GLY_507_A"
GLY_507_A,"GLU_502_A,ILE_506_A,LEU_508_A"
LEU_508_A,"MET_368_A,PHE_503_A,GLY_507_A,LEU_509_A,ALA_511_A,PHE_516_A"
LEU_509_A,"LEU_508_A,GLY_510_A"
GLY_510_A,"GLU_505_A,LEU_509_A,ALA_511_A"
ALA_511_A,"THR_504_A,LEU_508_A,GLY_510_A,GLN_512_A,PHE_516_A"
GLN_512_A,"ALA_511_A,ASP_513_A"
ASP_513_A,"GLN_512_A,ARG_514_A"
ARG_514_A,"LEU_437_A,TYR_439_A,ASP_513_A,GLY_515_A"
GLY_515_A,"ARG_514_A,PHE_516_A"
PHE_516_A,"TYR_439_A,THR_504_A,LEU_508_A,ALA_511_A,GLY_515_A"
PRO_517_A,"THR_504_A,VAL_518_A,PHE_529_A"
VAL_518_A,"THR_504_A,PRO_517_A,SER_519_A"
SER_519_A,"VAL_518_A,LEU_520_A,GLN_521_A"
LEU_520_A,"GLN_497_A,SER_519_A,GLN_521_A,GLN_525_A"
GLN_521_A,"SER_519_A,LEU_520_A,SER_522_A,GLN_525_A"
SER_522_A,"GLN_521_A,LYS_523_A,GLN_525_A,LEU_526_A"
LYS_523_A,"GLU_477_A,TYR_484_A,ASP_487_A,SER_522_A,GLU_524_A,CYS_527_A"
GLU_524_A,"LYS_523_A,GLN_525_A,HIS_528_A"
GLN_525_A,"LEU_520_A,GLN_521_A,SER_522_A,GLU_524_A,LEU_526_A"
LEU_526_A,"SER_522_A,GLN_525_A,CYS_527_A,VAL_530_A"
CYS_527_A,"LYS_523_A,LEU_526_A,HIS_528_A,THR_531_A"
HIS_528_A,"TYR_439_A,ASP_446_A,GLU_524_A,CYS_527_A,PHE_529_A,MET_532_A"
PHE_529_A,"TYR_439_A,TRP_499_A,PHE_503_A,PRO_517_A,HIS_528_A,VAL_530_A,CYS_533_A"
VAL_530_A,"LEU_389_A,LEU_526_A,PHE_529_A,THR_531_A,ILE_534_A"
THR_531_A,"TRP_469_A,CYS_527_A,VAL_530_A,MET_532_A,PHE_535_A"
MET_532_A,"TYR_439_A,PHE_442_A,HIS_528_A,THR_531_A,CYS_533_A,THR_536_A"
CYS_533_A,"PHE_529_A,MET_532_A,ILE_534_A"
ILE_534_A,"LEU_390_A,VAL_530_A,CYS_533_A,PHE_535_A,THR_538_A"
PHE_535_A,"PRO_444_A,THR_531_A,ILE_534_A,THR_536_A,GLN_540_A"
THR_536_A,"MET_368_A,MET_532_A,PHE_535_A,CYS_537_A"
CYS_537_A,"THR_536_A,THR_538_A"
THR_538_A,"ILE_534_A,CYS_537_A,GLY_539_A,SER_542_A,LEU_607_A"
GLY_539_A,"THR_538_A,GLN_540_A,SER_543_A"
GLN_540_A,"PHE_535_A,GLY_539_A,HIS_541_A,ASN_544_A"
HIS_541_A,"HIS_361_A,HIS_366_A,GLN_540_A,SER_542_A,ASN_544_A,HIS_545_A,VAL_661_A"
SER_542_A,"THR_538_A,HIS_541_A,SER_543_A,TYR_651_A"
SER_543_A,"GLY_539_A,SER_542_A,ASN_544_A"
ASN_544_A,"HIS_356_A,GLN_540_A,HIS_541_A,SER_543_A,HIS_545_A"
HIS_545_A,"HIS_361_A,HIS_366_A,HIS_541_A,ASN_544_A,LEU_546_A,GLN_548_A,LEU_597_A,GLU_658_A"
LEU_546_A,"HIS_545_A,GLY_547_A,TYR_651_A"
GLY_547_A,"LEU_546_A,GLN_548_A,TRP_551_A"
GLN_548_A,"HIS_545_A,GLY_547_A,LEU_549_A"
LEU_549_A,"GLN_548_A,ASP_550_A"
ASP_550_A,"SER_213_A,LEU_215_A,LEU_549_A,TRP_551_A,TYR_651_A,ARG_656_A"
TRP_551_A,"VAL_219_A,TYR_231_A,GLN_232_A,GLY_547_A,ASP_550_A,TYR_552_A,ASN_557_A"
TYR_552_A,"PHE_353_A,HIS_356_A,TRP_551_A,THR_553_A,ALA_558_A,GLN_590_A"
THR_553_A,"TYR_552_A,TRP_554_A"
TRP_554_A,"PHE_204_A,PHE_208_A,ARG_220_A,TRP_223_A,THR_553_A,VAL_555_A,ASN_557_A"
VAL_555_A,"TRP_554_A,ALA_558_A,MET_591_A"
PRO_556_A,"PHE_204_A,TRP_223_A,ASN_557_A"
ASN_557_A,"GLN_232_A,ARG_349_A,TRP_551_A,TRP_554_A,PRO_556_A,ALA_558_A"
ALA_558_A,"TYR_552_A,VAL_555_A,ASN_557_A,GLN_590_A"
PRO_559_A,"SER_350_A,CYS_560_A,LEU_581_A"
CYS_560_A,"GLN_354_A,SER_420_A,PRO_559_A,THR_561_A,GLN_590_A"
THR_561_A,"GLN_295_A,CYS_560_A,MET_562_A"
MET_562_A,"TYR_296_A,TRP_347_A,THR_561_A,ARG_563_A,THR_580_A"
ARG_563_A,"MET_562_A,LEU_564_A,MET_578_A,THR_580_A,LEU_581_A"
LEU_564_A,"ARG_563_A,ALA_579_A"
PRO_567_A,THR_568_A
THR_568_A,"PRO_567_A,THR_569_A"
THR_569_A,"THR_568_A,LYS_570_A,ASP_571_A"
LYS_570_A,"LEU_331_A,ASP_336_A,THR_569_A,ASP_571_A"
ASP_571_A,"THR_569_A,LYS_570_A,ALA_572_A"
ALA_572_A,"LEU_343_A,ASP_571_A,THR_573_A"
THR_573_A,"ALA_572_A,LEU_574_A,THR_576_A"
LEU_574_A,"THR_573_A,GLU_575_A,MET_578_A"
GLU_575_A,"LEU_574_A,THR_576_A,ALA_579_A"
THR_576_A,"THR_573_A,GLU_575_A,VAL_577_A,THR_580_A"
VAL_577_A,"THR_576_A,MET_578_A,LEU_581_A"
MET_578_A,"ARG_563_A,LEU_574_A,VAL_577_A,ALA_579_A"
ALA_579_A,"LEU_564_A,GLU_575_A,MET_578_A,THR_580_A"
THR_580_A,"TRP_347_A,MET_562_A,ARG_563_A,THR_576_A,ALA_579_A,LEU_581_A"
LEU_581_A,"LEU_201_A,PRO_559_A,ARG_563_A,VAL_577_A,THR_580_A"
PRO_582_A,ASN_583_A
ASN_583_A,"PRO_582_A,PHE_584_A,HIS_585_A,GLN_586_A,ALA_587_A"
PHE_584_A,"ASN_193_A,VAL_194_A,TRP_198_A,ASN_583_A,HIS_585_A,SER_588_A"
HIS_585_A,"ASP_190_A,ASN_583_A,PHE_584_A,GLN_586_A,LEU_589_A"
GLN_586_A,"ASN_583_A,HIS_585_A,ALA_587_A,GLN_590_A"
ALA_587_A,"ILE_207_A,ASN_583_A,GLN_586_A,SER_588_A"
SER_588_A,"PHE_584_A,ALA_587_A,LEU_589_A,SER_592_A"
LEU_589_A,"VAL_418_A,HIS_585_A,SER_588_A,GLN_590_A"
GLN_590_A,"TYR_552_A,ALA_558_A,CYS_560_A,GLN_586_A,LEU_589_A,MET_591_A,THR_594_A"
MET_591_A,"VAL_555_A,GLN_590_A,SER_592_A,TRP_595_A"
SER_592_A,"GLY_182_A,SER_588_A,MET_591_A,ILE_593_A,GLN_596_A"
ILE_593_A,"SER_592_A,THR_594_A,LEU_597_A"
THR_594_A,"GLN_590_A,ILE_593_A,TRP_595_A,GLY_598_A"
TRP_595_A,"MET_591_A,THR_594_A,GLN_596_A,ARG_599_A"
GLN_596_A,"SER_592_A,TRP_595_A,LEU_597_A,ARG_599_A"
LEU_597_A,"HIS_545_A,ILE_593_A,GLN_596_A,GLY_598_A,ILE_663_A"
GLY_598_A,"THR_594_A,LEU_597_A,ARG_599_A"
ARG_599_A,"ASP_174_A,SER_178_A,TRP_595_A,GLN_596_A,GLY_598_A,CYS_600_A,GLN_601_A"
CYS_600_A,"ARG_599_A,GLN_601_A"
GLN_601_A,"ARG_599_A,CYS_600_A"
PRO_602_A,THR_603_A
THR_603_A,"ARG_395_A,PRO_602_A,MET_604_A"
MET_604_A,"THR_603_A,VAL_605_A,GLU_658_A"
VAL_605_A,"MET_604_A,ALA_606_A,ASN_659_A"
ALA_606_A,"VAL_605_A,LEU_607_A,GLN_609_A"
LEU_607_A,"LEU_468_A,THR_538_A,ALA_606_A,GLY_608_A,LEU_631_A,VAL_657_A"
GLY_608_A,"LEU_607_A,GLN_609_A,ARG_628_A,ASN_659_A"
GLN_609_A,"ALA_606_A,GLY_608_A,HIS_610_A"
HIS_610_A,"HIS_393_A,GLN_609_A,GLU_611_A,ARG_628_A"
GLU_611_A,"HIS_610_A,GLU_612_A"
GLU_612_A,"GLU_611_A,GLU_613_A,TYR_614_A"
GLU_613_A,"GLU_612_A,TYR_614_A,LYS_621_A"
TYR_614_A,"LYS_388_A,ILE_391_A,GLU_612_A,GLU_613_A,PHE_615_A"
PHE_615_A,"LYS_388_A,ILE_479_A,TYR_614_A,SER_616_A,PRO_620_A"
SER_616_A,"PHE_615_A,GLY_617_A"
GLY_617_A,SER_616_A
PRO_618_A,"GLY_619_A,ALA_622_A"
GLY_619_A,PRO_618_A
PRO_620_A,"LEU_482_A,PHE_615_A,LYS_621_A"
LYS_621_A,"GLU_613_A,PRO_620_A,ALA_622_A,THR_625_A,ARG_628_A"
ALA_622_A,"PRO_618_A,LYS_621_A,VAL_623_A,LYS_626_A"
VAL_623_A,"TYR_475_A,ILE_479_A,ALA_622_A,LEU_624_A,PHE_627_A"
LEU_624_A,"VAL_623_A,THR_625_A,ARG_628_A"
THR_625_A,"LYS_621_A,LEU_624_A,LYS_626_A,GLU_629_A"
LYS_626_A,"ALA_622_A,THR_625_A,PHE_627_A,GLU_630_A"
PHE_627_A,"VAL_471_A,TYR_475_A,VAL_623_A,LYS_626_A,ARG_628_A,LEU_631_A"
ARG_628_A,"GLY_608_A,HIS_610_A,LYS_621_A,LEU_624_A,PHE_627_A,GLU_629_A,ALA_632_A"
GLU_629_A,"THR_625_A,ARG_628_A,GLU_630_A"
GLU_630_A,"ARG_474_A,LYS_626_A,GLU_629_A,LEU_631_A,LEU_634_A"
LEU_631_A,"LEU_468_A,VAL_471_A,LEU_607_A,PHE_627_A,GLU_630_A,ALA_632_A,ASP_635_A,PRO_654_A"
ALA_632_A,"ARG_628_A,LEU_631_A,ALA_633_A"
ALA_633_A,"ALA_632_A,LEU_634_A"
LEU_634_A,"ARG_467_A,GLU_630_A,ALA_633_A,ASP_635_A,ILE_638_A"
ASP_635_A,"LEU_631_A,LEU_634_A,LYS_636_A,GLU_639_A,ARG_653_A,SER_655_A"
LYS_636_A,"ASP_635_A,ASP_637_A,GLU_639_A,VAL_640_A"
ASP_637_A,"ARG_467_A,LYS_636_A,ILE_638_A"
ILE_638_A,"LEU_634_A,ASP_637_A,GLU_639_A,ASN_642_A,ARG_653_A"
GLU_639_A,"ASP_635_A,LYS_636_A,ILE_638_A,VAL_640_A,ARG_653_A"
VAL_640_A,"LYS_636_A,GLU_639_A,ARG_641_A"
ARG_641_A,"ASP_464_A,ARG_467_A,VAL_640_A,ASN_642_A"
ASN_642_A,"ILE_638_A,ARG_641_A,ALA_643_A,PRO_648_A,TYR_649_A"
ALA_643_A,"ASN_642_A,LYS_644_A"
LYS_644_A,"ALA_643_A,LEU_645_A"
LEU_645_A,"PHE_460_A,LYS_644_A,ALA_646_A"
ALA_646_A,"LEU_645_A,LEU_647_A"
LEU_647_A,ALA_646_A
PRO_648_A,"ASN_642_A,TYR_649_A"
TYR_649_A,"PHE_460_A,ASN_642_A,PRO_648_A,GLU_650_A,TYR_651_A"
GLU_650_A,"TYR_649_A,TYR_651_A,ARG_653_A,ARG_656_A"
TYR_651_A,"SER_542_A,LEU_546_A,ASP_550_A,TYR_649_A,GLU_650_A,LEU_652_A"
LEU_652_A,"TYR_461_A,ASP_464_A,ALA_465_A,LEU_468_A,TYR_651_A,ARG_653_A"
ARG_653_A,"ASP_635_A,ILE_638_A,GLU_639_A,GLU_650_A,LEU_652_A,SER_655_A,ARG_656_A"
PRO_654_A,"LEU_631_A,SER_655_A"
SER_655_A,"ASP_635_A,ARG_653_A,PRO_654_A,ARG_656_A"
ARG_656_A,"ASP_550_A,GLU_650_A,ARG_653_A,SER_655_A,VAL_657_A"
VAL_657_A,"LEU_607_A,ARG_656_A,GLU_658_A"
GLU_658_A,"LYS_171_A,ARG_395_A,HIS_545_A,MET_604_A,VAL_657_A,ASN_659_A"
ASN_659_A,"HIS_393_A,VAL_605_A,GLY_608_A,GLU_658_A,SER_660_A"
SER_660_A,"ARG_395_A,ASN_659_A,VAL_661_A"
VAL_661_A,"ALA_369_A,THR_397_A,HIS_541_A,SER_660_A,ALA_662_A"
ALA_662_A,"LYS_171_A,VAL_661_A,ILE_663_A"
ILE_663_A,"PHE_175_A,LEU_597_A,ALA_662_A"
