residue_id,neighbors
SER_17_A,ARG_19_A
PRO_18_A,"ARG_19_A,LEU_21_A"
ARG_19_A,"SER_17_A,PRO_18_A,ALA_20_A,ASP_67_A,ILE_68_A"
ALA_20_A,"ARG_19_A,LEU_21_A"
LEU_21_A,"PRO_18_A,ALA_20_A,VAL_22_A,HIS_24_A,TRP_46_A"
VAL_22_A,"LEU_21_A,GLY_23_A,ILE_68_A"
GLY_23_A,"VAL_22_A,HIS_24_A,VAL_65_A"
HIS_24_A,"LEU_21_A,GLY_23_A,ARG_25_A,LEU_41_A,ASP_42_A,VAL_65_A"
ARG_25_A,"HIS_24_A,ALA_26_A,GLU_78_A"
ALA_26_A,"ARG_25_A,GLU_27_A,VAL_39_A,VAL_63_A"
GLU_27_A,"ALA_26_A,VAL_28_A,ARG_40_A"
VAL_28_A,"GLU_27_A,LEU_29_A,GLY_60_A,GLU_61_A"
LEU_29_A,"VAL_28_A,GLU_30_A,GLN_38_A,ILE_45_A"
GLU_30_A,"LEU_29_A,ASP_31_A,GLU_59_A"
ASP_31_A,"GLU_30_A,VAL_32_A,GLU_59_A"
VAL_32_A,"ASP_31_A,GLY_33_A,PHE_57_A,VAL_75_A"
GLY_33_A,"VAL_32_A,ALA_34_A,SER_36_A,SER_50_A"
ALA_34_A,"GLY_33_A,THR_35_A,PRO_53_A"
THR_35_A,"ALA_34_A,SER_36_A"
SER_36_A,"GLY_33_A,THR_35_A,GLY_37_A"
GLY_37_A,"SER_36_A,GLN_38_A,ALA_48_A"
GLN_38_A,"LEU_29_A,GLY_37_A,VAL_39_A"
VAL_39_A,"ALA_26_A,GLN_38_A,ARG_40_A,TRP_46_A,ALA_48_A"
ARG_40_A,"GLU_27_A,VAL_39_A,LEU_41_A"
LEU_41_A,"HIS_24_A,ARG_40_A,ASP_42_A,SER_44_A"
ASP_42_A,"HIS_24_A,LEU_41_A,GLY_43_A"
GLY_43_A,"ASP_42_A,SER_44_A"
SER_44_A,"LEU_41_A,GLY_43_A,ILE_45_A"
ILE_45_A,"LEU_29_A,SER_44_A,TRP_46_A"
TRP_46_A,"LEU_21_A,VAL_39_A,ILE_45_A,SER_47_A"
SER_47_A,"TRP_46_A,ALA_48_A,ALA_73_A"
ALA_48_A,"GLY_37_A,VAL_39_A,SER_47_A,ARG_49_A"
ARG_49_A,"ALA_48_A,SER_50_A,ALA_73_A,VAL_75_A"
SER_50_A,"GLY_33_A,ARG_49_A,HIS_55_A"
ASP_52_A,"THR_54_A,HIS_55_A,TRP_76_A"
PRO_53_A,"ALA_34_A,THR_54_A"
THR_54_A,"ASP_52_A,PRO_53_A,HIS_55_A"
HIS_55_A,"SER_50_A,ASP_52_A,THR_54_A,THR_56_A,PHE_57_A,GLU_61_A,TRP_76_A,LYS_77_A"
THR_56_A,"HIS_55_A,PHE_57_A"
PHE_57_A,"VAL_32_A,HIS_55_A,THR_56_A,ALA_58_A,VAL_63_A,TRP_76_A"
ALA_58_A,"PHE_57_A,GLU_59_A,GLU_61_A"
GLU_59_A,"GLU_30_A,ASP_31_A,ALA_58_A,GLY_60_A"
GLY_60_A,"VAL_28_A,GLU_59_A,GLU_61_A"
GLU_61_A,"VAL_28_A,HIS_55_A,ALA_58_A,GLY_60_A,ILE_62_A"
ILE_62_A,"GLU_61_A,VAL_63_A"
VAL_63_A,"ALA_26_A,PHE_57_A,ILE_62_A,SER_64_A,VAL_75_A"
SER_64_A,"VAL_63_A,VAL_65_A,TRP_76_A"
VAL_65_A,"GLY_23_A,HIS_24_A,SER_64_A,ILE_66_A"
ILE_66_A,"VAL_65_A,ASP_67_A,ILE_74_A"
ASP_67_A,"ARG_19_A,ILE_66_A,ILE_68_A,ILE_74_A"
ILE_68_A,"ARG_19_A,VAL_22_A,ASP_67_A,GLN_69_A"
GLN_69_A,"ILE_68_A,GLY_70_A,THR_72_A,ILE_74_A"
GLY_70_A,"GLN_69_A,THR_71_A"
THR_71_A,"GLY_70_A,THR_72_A"
THR_72_A,"GLN_69_A,THR_71_A,ALA_73_A"
ALA_73_A,"SER_47_A,ARG_49_A,THR_72_A,ILE_74_A"
ILE_74_A,"ILE_66_A,ASP_67_A,GLN_69_A,ALA_73_A,VAL_75_A"
VAL_75_A,"VAL_32_A,ARG_49_A,VAL_63_A,ILE_74_A,TRP_76_A"
TRP_76_A,"ASP_52_A,HIS_55_A,PHE_57_A,SER_64_A,VAL_75_A,LYS_77_A"
LYS_77_A,"HIS_55_A,TRP_76_A,GLU_78_A"
GLU_78_A,"ARG_25_A,LYS_77_A,ALA_79_A"
ALA_79_A,GLU_78_A
