residue_id,neighbors
PHE_1_F,"ILE_2_F,PHE_12_F,PHE_59_F,VAL_60_F,ASN_83_F"
ILE_2_F,"PHE_1_F,SER_3_F"
SER_3_F,"ILE_2_F,GLU_4_F,GLU_62_F"
GLU_4_F,"SER_3_F,ASN_5_F,ILE_9_F,GLU_62_F"
ASN_5_F,"GLU_4_F,VAL_6_F,ARG_7_F,GLY_8_F,TYR_10_F"
VAL_6_F,"ASN_5_F,ARG_7_F,TYR_105_F,VAL_108_F"
ARG_7_F,"ASN_5_F,VAL_6_F,GLY_8_F,PHE_96_F,LEU_97_F"
GLY_8_F,"ASN_5_F,ARG_7_F,ILE_9_F"
ILE_9_F,"GLU_4_F,GLY_8_F,TYR_10_F,ARG_22_F,PHE_24_F,LEU_47_F"
TYR_10_F,"ASN_5_F,ILE_9_F,ALA_11_F,PHE_12_F,LYS_21_F,LEU_89_F"
ALA_11_F,"TYR_10_F,PHE_12_F,ILE_19_F,LEU_51_F"
PHE_12_F,"PHE_1_F,TYR_10_F,ALA_11_F,ASP_13_F,LEU_18_F,ALA_85_F,PHE_96_F"
ASP_13_F,"PHE_12_F,GLU_14_F,ASN_15_F,GLY_16_F,ASN_17_F"
GLU_14_F,"ASP_13_F,ASN_15_F,GLU_58_F"
ASN_15_F,"ASP_13_F,GLU_14_F,GLY_16_F"
GLY_16_F,"ASP_13_F,ASN_15_F,ASN_17_F,ARG_88_F"
ASN_17_F,"ASP_13_F,GLY_16_F,LEU_18_F"
LEU_18_F,"PHE_12_F,ASN_17_F,ILE_19_F"
ILE_19_F,"ALA_11_F,LEU_18_F,GLU_20_F,TYR_56_F"
GLU_20_F,"ILE_19_F,LYS_21_F,ARG_22_F,LEU_47_F,SER_50_F,LYS_54_F"
LYS_21_F,"TYR_10_F,GLU_20_F,ARG_22_F"
ARG_22_F,"ILE_9_F,GLU_20_F,LYS_21_F,TYR_23_F,GLU_46_F"
TYR_23_F,"ARG_22_F,PHE_24_F"
PHE_24_F,"ILE_9_F,TYR_23_F,THR_25_F,PRO_28_F,VAL_31_F"
THR_25_F,"PHE_24_F,ASP_26_F"
ASP_26_F,"THR_25_F,LYS_27_F,LYS_30_F"
LYS_27_F,"ASP_26_F,LYS_30_F"
PRO_28_F,"PHE_24_F,GLU_29_F,LEU_32_F,VAL_108_F"
GLU_29_F,"PRO_28_F,LYS_30_F"
LYS_30_F,"ASP_26_F,LYS_27_F,GLU_29_F,VAL_31_F,GLN_34_F"
VAL_31_F,"PHE_24_F,LYS_30_F,LEU_32_F"
LEU_32_F,"PRO_28_F,VAL_31_F,ASP_33_F,LEU_36_F,VAL_108_F,LEU_112_F"
ASP_33_F,"LEU_32_F,GLN_34_F,LYS_37_F,MET_115_F,ARG_116_F"
GLN_34_F,"LYS_30_F,ASP_33_F,LEU_35_F,GLU_39_F,THR_41_F"
LEU_35_F,"GLN_34_F,LEU_36_F,LEU_44_F"
LEU_36_F,"LEU_32_F,LEU_35_F,LYS_37_F"
LYS_37_F,"ASP_33_F,LEU_36_F,GLY_38_F,ARG_116_F"
GLY_38_F,"LYS_37_F,GLU_39_F"
GLU_39_F,"GLN_34_F,GLY_38_F,ILE_40_F"
ILE_40_F,"GLU_39_F,THR_41_F,LEU_48_F"
THR_41_F,"GLN_34_F,ILE_40_F,LYS_42_F"
LYS_42_F,"THR_41_F,ASP_43_F,GLU_45_F,GLU_46_F"
ASP_43_F,"LYS_42_F,LEU_44_F,GLU_46_F"
LEU_44_F,"LEU_35_F,ASP_43_F,GLU_45_F,LEU_48_F"
GLU_45_F,"LYS_42_F,LEU_44_F,GLU_46_F,ASN_49_F"
GLU_46_F,"ARG_22_F,LYS_42_F,ASP_43_F,GLU_45_F,LEU_47_F,SER_50_F"
LEU_47_F,"ILE_9_F,GLU_20_F,GLU_46_F,LEU_48_F,LEU_51_F"
LEU_48_F,"ILE_40_F,LEU_44_F,LEU_47_F,ASN_49_F,PHE_75_F"
ASN_49_F,"GLU_45_F,LEU_48_F,SER_50_F,GLU_53_F"
SER_50_F,"GLU_20_F,GLU_46_F,ASN_49_F,LEU_51_F,LYS_54_F"
LEU_51_F,"ALA_11_F,LEU_47_F,SER_50_F,LYS_52_F,GLY_55_F,TYR_56_F"
LYS_52_F,"LEU_51_F,GLU_53_F,PHE_75_F"
GLU_53_F,"ASN_49_F,LYS_52_F,LYS_54_F"
LYS_54_F,"GLU_20_F,SER_50_F,GLU_53_F,GLY_55_F"
GLY_55_F,"LEU_51_F,LYS_54_F,TYR_56_F"
TYR_56_F,"ILE_19_F,LEU_51_F,GLY_55_F,ASP_57_F"
ASP_57_F,"TYR_56_F,GLU_58_F,PHE_59_F"
GLU_58_F,"GLU_14_F,ASP_57_F,PHE_59_F,VAL_60_F"
PHE_59_F,"PHE_1_F,ASP_57_F,GLU_58_F,VAL_60_F"
VAL_60_F,"PHE_1_F,GLU_58_F,PHE_59_F,PHE_61_F"
PHE_61_F,"VAL_60_F,GLU_62_F,LEU_66_F,ALA_70_F,GLU_80_F"
GLU_62_F,"SER_3_F,GLU_4_F,PHE_61_F,HIS_63_F,ARG_90_F"
HIS_63_F,"GLU_62_F,GLU_65_F"
PRO_64_F,GLU_65_F
GLU_65_F,"HIS_63_F,PRO_64_F,LEU_66_F,ARG_69_F"
LEU_66_F,"PHE_61_F,GLU_65_F,SER_67_F,ALA_70_F"
SER_67_F,"LEU_66_F,ARG_68_F,THR_78_F,THR_79_F"
ARG_68_F,"SER_67_F,ARG_69_F,GLU_72_F"
ARG_69_F,"GLU_65_F,ARG_68_F,ALA_70_F,GLU_72_F,LEU_73_F"
ALA_70_F,"PHE_61_F,LEU_66_F,ARG_69_F,LYS_71_F,PHE_75_F,ALA_77_F"
LYS_71_F,"ALA_70_F,GLU_72_F,ALA_77_F"
GLU_72_F,"ARG_68_F,ARG_69_F,LYS_71_F,LEU_73_F"
LEU_73_F,"ARG_69_F,GLU_72_F,GLY_74_F"
GLY_74_F,"LEU_73_F,PHE_75_F"
PHE_75_F,"LEU_48_F,LYS_52_F,ALA_70_F,GLY_74_F,SER_76_F,ALA_77_F"
SER_76_F,"PHE_75_F,ALA_77_F"
ALA_77_F,"ALA_70_F,LYS_71_F,PHE_75_F,SER_76_F,THR_78_F"
THR_78_F,"SER_67_F,ALA_77_F,THR_79_F"
THR_79_F,"SER_67_F,THR_78_F,GLU_80_F"
GLU_80_F,"PHE_61_F,THR_79_F,PHE_81_F,ASN_83_F"
PHE_81_F,"GLU_80_F,ASN_83_F"
PRO_82_F,ASN_83_F
ASN_83_F,"PHE_1_F,GLU_80_F,PHE_81_F,PRO_82_F,ILE_84_F"
ILE_84_F,"ASN_83_F,ALA_85_F,ARG_88_F"
ALA_85_F,"PHE_12_F,ILE_84_F,GLY_86_F"
GLY_86_F,"ALA_85_F,GLU_87_F,ARG_90_F"
GLU_87_F,"GLY_86_F,ARG_88_F,SER_91_F"
ARG_88_F,"GLY_16_F,ILE_84_F,GLU_87_F,LEU_89_F,GLU_95_F"
LEU_89_F,"TYR_10_F,ARG_88_F,ARG_90_F,PHE_96_F"
ARG_90_F,"GLU_62_F,GLY_86_F,LEU_89_F,SER_91_F"
SER_91_F,"GLU_87_F,ARG_90_F,ASN_92_F"
ASN_92_F,SER_91_F
PRO_93_F,"GLU_94_F,LEU_97_F,TRP_101_F"
GLU_94_F,"PRO_93_F,GLU_95_F,GLU_99_F"
GLU_95_F,"ARG_88_F,GLU_94_F,PHE_96_F"
PHE_96_F,"ARG_7_F,PHE_12_F,LEU_89_F,GLU_95_F,LEU_97_F"
LEU_97_F,"ARG_7_F,PRO_93_F,PHE_96_F,GLY_98_F,TYR_105_F"
GLY_98_F,"LEU_97_F,GLU_99_F"
GLU_99_F,"GLU_94_F,GLY_98_F,ASN_100_F"
ASN_100_F,"GLU_99_F,TRP_101_F,GLU_103_F"
TRP_101_F,"PRO_93_F,ASN_100_F,PHE_102_F"
PHE_102_F,"TRP_101_F,GLU_103_F,TYR_106_F"
GLU_103_F,"ASN_100_F,PHE_102_F,GLU_104_F,LYS_107_F"
GLU_104_F,"GLU_103_F,TYR_105_F,LYS_107_F"
TYR_105_F,"VAL_6_F,LEU_97_F,GLU_104_F,TYR_106_F,GLY_109_F"
TYR_106_F,"PHE_102_F,TYR_105_F,LYS_107_F"
LYS_107_F,"GLU_103_F,GLU_104_F,TYR_106_F,VAL_108_F"
VAL_108_F,"VAL_6_F,PRO_28_F,LEU_32_F,LYS_107_F,GLY_109_F,LEU_112_F"
GLY_109_F,"TYR_105_F,VAL_108_F,VAL_110_F,THR_113_F"
VAL_110_F,"GLY_109_F,ALA_111_F"
ALA_111_F,"VAL_110_F,LEU_112_F"
LEU_112_F,"LEU_32_F,VAL_108_F,ALA_111_F,THR_113_F,ARG_116_F"
THR_113_F,"GLY_109_F,LEU_112_F,ARG_114_F"
ARG_114_F,"THR_113_F,MET_115_F"
MET_115_F,"ASP_33_F,ARG_114_F,ARG_116_F"
ARG_116_F,"ASP_33_F,LYS_37_F,LEU_112_F,MET_115_F,ILE_117_F,GLN_118_F"
ILE_117_F,"ARG_116_F,GLN_118_F"
GLN_118_F,"ARG_116_F,ILE_117_F,GLU_119_F,GLN_120_F"
GLU_119_F,"GLN_118_F,GLN_120_F,LYS_254_F"
GLN_120_F,"GLN_118_F,GLU_119_F,SER_121_F"
SER_121_F,"GLN_120_F,GLY_122_F"
GLY_122_F,"SER_121_F,ALA_123_F"
ALA_123_F,"GLY_122_F,ARG_124_F"
ARG_124_F,"ALA_123_F,ASP_125_F,VAL_128_F,ASP_247_F,ASP_248_F,LYS_254_F"
ASP_125_F,"ARG_124_F,LYS_126_F"
LYS_126_F,"ASP_125_F,MET_127_F"
MET_127_F,"LYS_126_F,VAL_128_F,ALA_131_F"
VAL_128_F,"ARG_124_F,MET_127_F,ILE_129_F,ILE_132_F,ALA_245_F"
ILE_129_F,"VAL_128_F,GLN_130_F"
GLN_130_F,"ILE_129_F,ALA_131_F,ALA_134_F"
ALA_131_F,"MET_127_F,GLN_130_F,ILE_132_F,LEU_135_F"
ILE_132_F,"VAL_128_F,ALA_131_F,GLU_133_F"
GLU_133_F,"ILE_132_F,ALA_134_F,ASP_136_F,ASP_137_F"
ALA_134_F,"GLN_130_F,GLU_133_F,LEU_135_F,VAL_138_F"
LEU_135_F,"ALA_131_F,ALA_134_F,ASP_136_F,ASP_139_F"
ASP_136_F,"GLU_133_F,LEU_135_F,ASP_137_F,LYS_140_F"
ASP_137_F,"GLU_133_F,ASP_136_F,VAL_138_F,LYS_140_F,VAL_141_F"
VAL_138_F,"ALA_134_F,ASP_137_F,ASP_139_F"
ASP_139_F,"LEU_135_F,VAL_138_F,LYS_140_F,ARG_235_F"
LYS_140_F,"ASP_136_F,ASP_137_F,ASP_139_F,VAL_141_F"
VAL_141_F,"ASP_137_F,LYS_140_F,ILE_142_F,LEU_145_F"
ILE_142_F,"VAL_141_F,ASN_143_F,VAL_146_F,TYR_232_F"
ASN_143_F,"ILE_142_F,LEU_144_F,ALA_147_F"
LEU_144_F,"ASN_143_F,LEU_145_F,ARG_148_F"
LEU_145_F,"VAL_141_F,LEU_144_F,VAL_146_F,LEU_149_F,ILE_228_F,LEU_231_F"
VAL_146_F,"ILE_142_F,LEU_145_F,ALA_147_F,ARG_150_F"
ALA_147_F,"ASN_143_F,VAL_146_F,ARG_148_F,GLU_151_F"
ARG_148_F,"LEU_144_F,ALA_147_F,LEU_149_F,GLU_151_F,TRP_152_F"
LEU_149_F,"LEU_145_F,ARG_148_F,ARG_150_F,TYR_153_F,VAL_221_F"
ARG_150_F,"VAL_146_F,LEU_149_F,GLU_151_F,SER_154_F,ASP_161_F,LEU_164_F,HIS_167_F,TYR_170_F"
GLU_151_F,"ALA_147_F,ARG_148_F,ARG_150_F,TRP_152_F"
TRP_152_F,"ARG_148_F,GLU_151_F,TYR_153_F,VAL_220_F"
TYR_153_F,"LEU_149_F,TRP_152_F,SER_154_F,HIS_156_F,PHE_157_F,LEU_160_F,GLY_178_F"
SER_154_F,"ARG_150_F,TYR_153_F,LEU_155_F"
LEU_155_F,"SER_154_F,HIS_156_F"
HIS_156_F,"TYR_153_F,LEU_155_F,PHE_157_F,HIS_179_F,ARG_180_F,ASP_181_F,MET_213_F"
PHE_157_F,"TYR_153_F,HIS_156_F,LEU_160_F,ARG_180_F,ILE_201_F"
PRO_158_F,"GLU_159_F,MET_209_F"
GLU_159_F,"PRO_158_F,LEU_160_F,THR_208_F,MET_209_F"
LEU_160_F,"TYR_153_F,PHE_157_F,GLU_159_F,ASP_161_F,LEU_164_F"
ASP_161_F,"ARG_150_F,LEU_160_F,GLU_162_F"
GLU_162_F,"ASP_161_F,LEU_163_F"
LEU_163_F,"GLU_162_F,LEU_164_F,LYS_197_F,LYS_200_F,ILE_201_F"
LEU_164_F,"ARG_150_F,LEU_160_F,LEU_163_F"
PRO_165_F,LYS_166_F
LYS_166_F,"PRO_165_F,HIS_167_F"
HIS_167_F,"ARG_150_F,LYS_166_F"
PRO_168_F,"GLN_169_F,ALA_172_F"
GLN_169_F,"PRO_168_F,TYR_170_F,LEU_191_F"
TYR_170_F,"ARG_150_F,GLN_169_F,VAL_171_F"
VAL_171_F,"TYR_170_F,ALA_172_F,VAL_174_F,LYS_175_F"
ALA_172_F,"PRO_168_F,VAL_171_F,PHE_173_F,THR_176_F"
PHE_173_F,"ALA_172_F,VAL_174_F,VAL_177_F,GLY_178_F,ILE_183_F"
VAL_174_F,"VAL_171_F,PHE_173_F,LYS_175_F,ALA_225_F"
LYS_175_F,"VAL_171_F,VAL_174_F,THR_176_F,GLU_226_F,ASP_229_F,ARG_230_F"
THR_176_F,"ALA_172_F,LYS_175_F,VAL_177_F"
VAL_177_F,"PHE_173_F,THR_176_F,GLY_178_F,HIS_179_F"
GLY_178_F,"TYR_153_F,PHE_173_F,VAL_177_F,HIS_179_F"
HIS_179_F,"HIS_156_F,VAL_177_F,GLY_178_F,ARG_180_F,ASP_181_F"
ARG_180_F,"HIS_156_F,PHE_157_F,HIS_179_F,ASP_181_F,ALA_211_F"
ASP_181_F,"HIS_156_F,HIS_179_F,ARG_180_F,ASN_182_F,LYS_205_F"
ASN_182_F,"ASP_181_F,ILE_183_F"
ILE_183_F,"PHE_173_F,ASN_182_F,ASN_184_F,LEU_188_F"
ASN_184_F,"ILE_183_F,GLU_185_F"
GLU_185_F,"ASN_184_F,GLU_186_F,LEU_188_F,ARG_189_F,GLU_195_F,LEU_202_F"
GLU_186_F,"GLU_185_F,VAL_187_F,ARG_297_F"
VAL_187_F,"GLU_186_F,LEU_188_F"
LEU_188_F,"ILE_183_F,GLU_185_F,VAL_187_F,ARG_189_F"
ARG_189_F,"GLU_185_F,LEU_188_F,GLU_190_F,GLU_195_F"
GLU_190_F,"ARG_189_F,LEU_191_F,LYS_290_F"
LEU_191_F,"GLN_169_F,GLU_190_F,GLY_192_F,LEU_193_F"
GLY_192_F,"LEU_191_F,LEU_193_F"
LEU_193_F,"LEU_191_F,GLY_192_F,SER_194_F,ILE_198_F"
SER_194_F,"LEU_193_F,GLU_195_F,LYS_197_F"
GLU_195_F,"GLU_185_F,ARG_189_F,SER_194_F,GLU_196_F"
GLU_196_F,"GLU_195_F,LYS_197_F"
LYS_197_F,"LEU_163_F,SER_194_F,GLU_196_F,ILE_198_F"
ILE_198_F,"LEU_193_F,LYS_197_F,LYS_199_F"
LYS_199_F,"ILE_198_F,LYS_200_F,GLU_203_F"
LYS_200_F,"LEU_163_F,LYS_199_F,ILE_201_F,LEU_202_F,GLU_203_F"
ILE_201_F,"PHE_157_F,LEU_163_F,LYS_200_F,LEU_202_F"
LEU_202_F,"GLU_185_F,LYS_200_F,ILE_201_F,GLU_203_F"
GLU_203_F,"LYS_199_F,LYS_200_F,LEU_202_F,ALA_204_F"
ALA_204_F,"GLU_203_F,LYS_205_F,THR_208_F"
LYS_205_F,"ASP_181_F,ALA_204_F,GLU_206_F"
GLU_206_F,"LYS_205_F,LYS_207_F"
LYS_207_F,"GLU_206_F,THR_208_F"
THR_208_F,"GLU_159_F,ALA_204_F,LYS_207_F,MET_209_F"
MET_209_F,"PRO_158_F,GLU_159_F,THR_208_F,GLY_210_F"
GLY_210_F,"MET_209_F,ALA_211_F"
ALA_211_F,"ARG_180_F,GLY_210_F,TRP_212_F"
TRP_212_F,"ALA_211_F,MET_213_F"
MET_213_F,"HIS_156_F,TRP_212_F,ASP_214_F,ASP_217_F"
ASP_214_F,"MET_213_F,GLN_215_F,THR_216_F,ASP_217_F,ILE_218_F"
GLN_215_F,"ASP_214_F,THR_216_F"
THR_216_F,"ASP_214_F,GLN_215_F,ASP_217_F"
ASP_217_F,"MET_213_F,ASP_214_F,THR_216_F,ILE_218_F"
ILE_218_F,"ASP_214_F,ASP_217_F,GLU_219_F,ARG_222_F"
GLU_219_F,"ILE_218_F,VAL_220_F,ARG_222_F,GLN_223_F"
VAL_220_F,"TRP_152_F,GLU_219_F,VAL_221_F,LEU_224_F"
VAL_221_F,"LEU_149_F,VAL_220_F,ARG_222_F,ALA_225_F"
ARG_222_F,"ILE_218_F,GLU_219_F,VAL_221_F,GLN_223_F,GLU_226_F"
GLN_223_F,"GLU_219_F,ARG_222_F,LEU_224_F"
LEU_224_F,"VAL_220_F,GLN_223_F,ALA_225_F"
ALA_225_F,"VAL_174_F,VAL_221_F,LEU_224_F,GLU_226_F"
GLU_226_F,"LYS_175_F,ARG_222_F,ALA_225_F,GLU_227_F,ASP_229_F,ARG_230_F"
GLU_227_F,"GLU_226_F,ILE_228_F,ARG_230_F,LEU_231_F"
ILE_228_F,"LEU_145_F,GLU_227_F,ASP_229_F,TYR_232_F"
ASP_229_F,"LYS_175_F,GLU_226_F,ILE_228_F,ARG_230_F,GLN_233_F"
ARG_230_F,"LYS_175_F,GLU_226_F,GLU_227_F,ASP_229_F,LEU_231_F,LEU_234_F"
LEU_231_F,"LEU_145_F,GLU_227_F,ARG_230_F,TYR_232_F,ARG_235_F"
TYR_232_F,"ILE_142_F,ILE_228_F,LEU_231_F,GLN_233_F,LYS_236_F"
GLN_233_F,"ASP_229_F,TYR_232_F,LEU_234_F,LYS_237_F"
LEU_234_F,"ARG_230_F,GLN_233_F,ARG_235_F,LEU_238_F"
ARG_235_F,"ASP_139_F,LEU_231_F,LEU_234_F,LYS_236_F,GLU_239_F"
LYS_236_F,"TYR_232_F,ARG_235_F,LYS_237_F,GLU_239_F,ASP_240_F,ARG_264_F"
LYS_237_F,"GLN_233_F,LYS_236_F,LEU_238_F"
LEU_238_F,"LEU_234_F,LYS_237_F,GLU_239_F,ILE_242_F"
GLU_239_F,"ARG_235_F,LYS_236_F,LEU_238_F,ASP_240_F"
ASP_240_F,"LYS_236_F,GLU_239_F,TYR_241_F,LYS_260_F,ARG_264_F"
TYR_241_F,"ASP_240_F,ILE_242_F,ARG_244_F,ALA_245_F"
ILE_242_F,"LEU_238_F,TYR_241_F,ASP_243_F"
ASP_243_F,"ILE_242_F,ARG_244_F,MET_246_F,ASP_247_F"
ARG_244_F,"TYR_241_F,ASP_243_F,ALA_245_F,ALA_259_F,LYS_260_F"
ALA_245_F,"VAL_128_F,TYR_241_F,ARG_244_F,MET_246_F"
MET_246_F,"ASP_243_F,ALA_245_F,ASP_247_F,ASP_248_F"
ASP_247_F,"ARG_124_F,ASP_243_F,MET_246_F,ASP_248_F,LYS_254_F"
ASP_248_F,"ARG_124_F,MET_246_F,ASP_247_F,VAL_249_F,LYS_254_F"
VAL_249_F,"ASP_248_F,ALA_250_F"
ALA_250_F,VAL_249_F
PRO_251_F,ASN_252_F
ASN_252_F,"PRO_251_F,LEU_253_F,ASP_340_F,ILE_347_F"
LEU_253_F,"ASN_252_F,LYS_254_F,LEU_275_F,LEU_333_F,ASP_340_F"
LYS_254_F,"GLU_119_F,ARG_124_F,ASP_247_F,ASP_248_F,LEU_253_F,ALA_255_F,GLY_258_F"
ALA_255_F,"LYS_254_F,LEU_256_F,ALA_348_F"
LEU_256_F,"ALA_255_F,VAL_257_F,LYS_352_F"
VAL_257_F,"LEU_256_F,GLY_258_F,LEU_261_F"
GLY_258_F,"LYS_254_F,VAL_257_F,ALA_259_F"
ALA_259_F,"ARG_244_F,GLY_258_F,LYS_260_F,ALA_263_F"
LYS_260_F,"ASP_240_F,ARG_244_F,ALA_259_F,LEU_261_F,ARG_264_F"
LEU_261_F,"VAL_257_F,LYS_260_F,ALA_262_F,LEU_265_F"
ALA_262_F,"LEU_261_F,ALA_263_F"
ALA_263_F,"ALA_259_F,ALA_262_F,ARG_264_F,SER_267_F"
ARG_264_F,"LYS_236_F,ASP_240_F,LYS_260_F,ALA_263_F,LEU_265_F,LEU_268_F,VAL_307_F"
LEU_265_F,"LEU_261_F,ARG_264_F,ILE_266_F,VAL_307_F"
ILE_266_F,"LEU_265_F,SER_267_F,GLY_270_F"
SER_267_F,"ALA_263_F,ILE_266_F,LEU_268_F"
LEU_268_F,"ARG_264_F,SER_267_F,ALA_269_F"
ALA_269_F,"LEU_268_F,GLY_270_F"
GLY_270_F,"ILE_266_F,ALA_269_F,GLY_271_F"
GLY_271_F,"GLY_270_F,LEU_272_F"
LEU_272_F,"GLY_271_F,ARG_273_F,ALA_276_F"
ARG_273_F,"LEU_272_F,GLU_274_F"
GLU_274_F,"ARG_273_F,LEU_275_F,MET_278_F"
LEU_275_F,"LEU_253_F,GLU_274_F,ALA_276_F"
ALA_276_F,"LEU_272_F,LEU_275_F,MET_277_F"
MET_277_F,"ALA_276_F,MET_278_F"
MET_278_F,"GLU_274_F,MET_277_F,ARG_338_F"
PRO_279_F,"SER_280_F,ILE_283_F"
SER_280_F,"PRO_279_F,SER_281_F,THR_282_F,GLN_284_F"
SER_281_F,"SER_280_F,THR_282_F"
THR_282_F,"SER_280_F,SER_281_F,ILE_283_F,VAL_285_F,LEU_286_F"
ILE_283_F,"PRO_279_F,THR_282_F,GLN_284_F,ALA_334_F"
GLN_284_F,"SER_280_F,ILE_283_F,VAL_285_F,LYS_304_F,GLY_306_F"
VAL_285_F,"THR_282_F,GLN_284_F,LEU_286_F,ALA_288_F"
LEU_286_F,"THR_282_F,VAL_285_F,GLY_287_F,VAL_307_F"
GLY_287_F,"LEU_286_F,ALA_288_F,GLU_289_F"
ALA_288_F,"VAL_285_F,GLY_287_F,GLU_289_F,ALA_291_F,LEU_292_F"
GLU_289_F,"GLY_287_F,ALA_288_F,LYS_290_F,PHE_293_F"
LYS_290_F,"GLU_190_F,GLU_289_F,ALA_291_F,ARG_294_F"
ALA_291_F,"ALA_288_F,LYS_290_F,LEU_292_F"
LEU_292_F,"ALA_288_F,ALA_291_F,PHE_293_F,LEU_296_F"
PHE_293_F,"GLU_289_F,LEU_292_F,ARG_294_F"
ARG_294_F,"LYS_290_F,PHE_293_F,HIS_295_F,THR_298_F"
HIS_295_F,"ARG_294_F,LEU_296_F,GLY_299_F"
LEU_296_F,"LEU_292_F,HIS_295_F,ARG_297_F"
ARG_297_F,"GLU_186_F,LEU_296_F,THR_298_F"
THR_298_F,"ARG_294_F,ARG_297_F,GLY_299_F"
GLY_299_F,"HIS_295_F,THR_298_F,ALA_300_F"
ALA_300_F,"GLY_299_F,LYS_301_F"
LYS_301_F,ALA_300_F
PRO_303_F,LYS_304_F
LYS_304_F,"GLN_284_F,PRO_303_F,HIS_305_F"
HIS_305_F,"LYS_304_F,GLY_306_F,TYR_309_F,ARG_322_F"
GLY_306_F,"GLN_284_F,HIS_305_F,VAL_307_F,ILE_308_F,TYR_309_F"
VAL_307_F,"ARG_264_F,LEU_265_F,LEU_286_F,GLY_306_F,ILE_308_F"
ILE_308_F,"GLY_306_F,VAL_307_F,TYR_309_F,LEU_333_F"
TYR_309_F,"HIS_305_F,GLY_306_F,ILE_308_F,GLN_310_F,TYR_311_F,ILE_314_F"
GLN_310_F,"TYR_309_F,TYR_311_F"
TYR_311_F,"TYR_309_F,GLN_310_F,ALA_313_F,ILE_314_F"
PRO_312_F,ALA_313_F
ALA_313_F,"TYR_311_F,PRO_312_F,ILE_314_F,SER_317_F"
ILE_314_F,"TYR_309_F,TYR_311_F,ALA_313_F,ASN_315_F"
ASN_315_F,"ILE_314_F,ARG_316_F"
ARG_316_F,"ASN_315_F,SER_317_F"
SER_317_F,"ALA_313_F,ARG_316_F,ARG_322_F,LYS_363_F"
PRO_318_F,"TRP_319_F,GLN_321_F"
TRP_319_F,"PRO_318_F,TRP_320_F"
TRP_320_F,"TRP_319_F,GLN_321_F"
GLN_321_F,"PRO_318_F,TRP_320_F,ARG_322_F,ILE_325_F,LYS_363_F"
ARG_322_F,"HIS_305_F,SER_317_F,GLN_321_F,GLY_323_F"
GLY_323_F,"ARG_322_F,LYS_324_F,ALA_326_F"
LYS_324_F,"GLY_323_F,ILE_325_F,TYR_366_F"
ILE_325_F,"GLN_321_F,LYS_324_F,ALA_326_F,LEU_329_F"
ALA_326_F,"GLY_323_F,ILE_325_F,ARG_327_F"
ARG_327_F,"ALA_326_F,ALA_328_F"
ALA_328_F,"ARG_327_F,LEU_329_F"
LEU_329_F,"ILE_325_F,ALA_328_F,ALA_330_F,LEU_333_F"
ALA_330_F,"LEU_329_F,GLY_331_F,ALA_334_F"
GLY_331_F,"ALA_330_F,LYS_332_F"
LYS_332_F,"GLY_331_F,LEU_333_F,GLU_354_F"
LEU_333_F,"LEU_253_F,ILE_308_F,LEU_329_F,LYS_332_F,ALA_334_F,ALA_337_F"
ALA_334_F,"ILE_283_F,ALA_330_F,LEU_333_F,ILE_335_F,ARG_338_F"
ILE_335_F,"ALA_334_F,ALA_336_F,VAL_339_F"
ALA_336_F,"ILE_335_F,ALA_337_F,ASP_340_F"
ALA_337_F,"LEU_333_F,ALA_336_F,ARG_338_F"
ARG_338_F,"MET_278_F,ALA_334_F,ALA_337_F,VAL_339_F,PHE_342_F"
VAL_339_F,"ILE_335_F,ARG_338_F,ASP_340_F,SER_343_F,GLY_344_F"
ASP_340_F,"ASN_252_F,LEU_253_F,ALA_336_F,VAL_339_F,TYR_341_F"
TYR_341_F,"ASP_340_F,PHE_342_F"
PHE_342_F,"ARG_338_F,TYR_341_F,SER_343_F"
SER_343_F,"VAL_339_F,PHE_342_F,GLY_344_F"
GLY_344_F,"VAL_339_F,SER_343_F,GLU_345_F"
GLU_345_F,"GLY_344_F,TYR_346_F"
TYR_346_F,"GLU_345_F,ILE_347_F"
ILE_347_F,"ASN_252_F,TYR_346_F,ALA_348_F,GLU_350_F"
ALA_348_F,"ALA_255_F,ILE_347_F,GLU_349_F,LYS_352_F"
GLU_349_F,"ALA_348_F,GLU_350_F,LYS_352_F,LYS_353_F"
GLU_350_F,"ILE_347_F,GLU_349_F,LEU_351_F,GLU_354_F"
LEU_351_F,"GLU_350_F,LYS_352_F,LEU_355_F"
LYS_352_F,"LEU_256_F,ALA_348_F,GLU_349_F,LEU_351_F,LYS_353_F,GLU_356_F"
LYS_353_F,"GLU_349_F,LYS_352_F,GLU_354_F"
GLU_354_F,"LYS_332_F,GLU_350_F,LYS_353_F,LEU_355_F"
LEU_355_F,"LEU_351_F,GLU_354_F,GLU_356_F"
GLU_356_F,"LYS_352_F,LEU_355_F,ALA_357_F,ARG_360_F"
ALA_357_F,"GLU_356_F,ARG_358_F"
ARG_358_F,"ALA_357_F,ILE_359_F,GLU_361_F,LYS_365_F"
ILE_359_F,"ARG_358_F,ARG_360_F"
ARG_360_F,"GLU_356_F,ILE_359_F,GLU_361_F"
GLU_361_F,"ARG_358_F,ARG_360_F,ILE_362_F,GLU_364_F,LYS_365_F"
ILE_362_F,"GLU_361_F,LYS_363_F"
LYS_363_F,"SER_317_F,GLN_321_F,ILE_362_F,GLU_364_F"
GLU_364_F,"GLU_361_F,LYS_363_F,LYS_365_F"
LYS_365_F,"ARG_358_F,GLU_361_F,GLU_364_F,TYR_366_F"
TYR_366_F,"LYS_324_F,LYS_365_F"
