residue_id,neighbors
ALA_1_A,GLN_2_A
GLN_2_A,"ALA_1_A,SER_3_A,ASN_76_A,ASN_77_A"
SER_3_A,"GLN_2_A,VAL_4_A,GLY_80_A"
VAL_4_A,SER_3_A
PRO_5_A,TYR_6_A
TYR_6_A,"PRO_5_A,GLY_7_A,GLN_10_A"
GLY_7_A,"TYR_6_A,VAL_8_A"
VAL_8_A,"GLY_7_A,SER_9_A"
SER_9_A,"VAL_8_A,GLN_10_A,LYS_12_A"
GLN_10_A,"TYR_6_A,SER_9_A,ILE_11_A,ASN_184_A"
ILE_11_A,"GLN_10_A,LYS_12_A,VAL_84_A,ILE_268_A,VAL_270_A"
LYS_12_A,"SER_9_A,ILE_11_A,ALA_13_A"
ALA_13_A,"LYS_12_A,LEU_16_A"
PRO_14_A,"ALA_15_A,SER_18_A"
ALA_15_A,"PRO_14_A,LEU_16_A,SER_18_A"
LEU_16_A,"ALA_13_A,ALA_15_A,HIS_17_A,VAL_270_A"
HIS_17_A,"LEU_16_A,SER_18_A,GLY_20_A,VAL_84_A"
SER_18_A,"PRO_14_A,ALA_15_A,HIS_17_A,GLN_19_A"
GLN_19_A,"SER_18_A,GLY_20_A"
GLY_20_A,"HIS_17_A,GLN_19_A,TYR_21_A"
TYR_21_A,"GLY_20_A,THR_22_A,LYS_237_A"
THR_22_A,"TYR_21_A,GLY_23_A,SER_87_A"
GLY_23_A,"THR_22_A,SER_24_A"
SER_24_A,"GLY_23_A,ASN_25_A"
ASN_25_A,"SER_24_A,VAL_26_A"
VAL_26_A,"ASN_25_A,LYS_27_A,SER_89_A,ASP_120_A,ALA_232_A"
LYS_27_A,"VAL_26_A,VAL_28_A,TYR_91_A,ASP_120_A"
VAL_28_A,"LYS_27_A,ALA_29_A,SER_89_A,TYR_91_A"
ALA_29_A,"VAL_28_A,VAL_30_A,MET_119_A,VAL_121_A,ASN_123_A"
VAL_30_A,"ALA_29_A,ILE_31_A,VAL_68_A,TYR_91_A"
ILE_31_A,"VAL_30_A,ASP_32_A,VAL_95_A,ILE_122_A,ASN_123_A"
ASP_32_A,"ILE_31_A,SER_33_A,HIS_64_A,VAL_95_A,SER_125_A"
SER_33_A,"ASP_32_A,GLY_34_A,ASP_60_A,GLY_65_A"
GLY_34_A,"SER_33_A,ILE_35_A"
ILE_35_A,"GLY_34_A,ASP_36_A,LEU_42_A,VAL_44_A,ALA_69_A,ALA_92_A"
ASP_36_A,"ILE_35_A,SER_37_A,SER_38_A,THR_66_A,GLY_211_A"
SER_37_A,"ASP_36_A,SER_38_A"
SER_38_A,"ASP_36_A,SER_37_A,HIS_39_A"
HIS_39_A,"SER_38_A,ASP_41_A,LYS_213_A"
PRO_40_A,"ASP_41_A,ILE_79_A"
ASP_41_A,"HIS_39_A,PRO_40_A,LEU_42_A,LEU_75_A,ASN_77_A,VAL_81_A"
LEU_42_A,"ILE_35_A,ASP_41_A,LYS_43_A"
LYS_43_A,"LEU_42_A,VAL_44_A"
VAL_44_A,"ILE_35_A,LYS_43_A,ALA_45_A,PHE_58_A"
ALA_45_A,"VAL_44_A,GLY_46_A,LEU_90_A"
GLY_46_A,"ALA_45_A,GLY_47_A"
GLY_47_A,"GLY_46_A,ALA_48_A"
ALA_48_A,"GLY_47_A,SER_49_A,MET_50_A,ALA_92_A"
SER_49_A,"ALA_48_A,MET_50_A,GLU_54_A"
MET_50_A,"ALA_48_A,SER_49_A,VAL_51_A,LYS_94_A"
VAL_51_A,"MET_50_A,GLU_54_A"
PRO_52_A,SER_53_A
SER_53_A,"PRO_52_A,GLU_54_A"
GLU_54_A,"SER_49_A,VAL_51_A,SER_53_A,THR_55_A,ASN_61_A,LYS_94_A,ALA_98_A"
THR_55_A,"GLU_54_A,ASN_56_A"
ASN_56_A,"THR_55_A,PHE_58_A,LYS_94_A"
PRO_57_A,PHE_58_A
PHE_58_A,"VAL_44_A,ASN_56_A,PRO_57_A,GLN_59_A"
GLN_59_A,"PHE_58_A,ASP_60_A,LYS_94_A"
ASP_60_A,"SER_33_A,GLN_59_A,ASN_61_A,LEU_63_A,HIS_64_A,THR_66_A"
ASN_61_A,"GLU_54_A,ASP_60_A,LEU_62_A"
LEU_62_A,"ASN_61_A,LEU_63_A,LEU_96_A"
LEU_63_A,"ASP_60_A,LEU_62_A,HIS_64_A,PRO_210_A"
HIS_64_A,"ASP_32_A,ASP_60_A,LEU_63_A,GLY_65_A,VAL_68_A"
GLY_65_A,"SER_33_A,HIS_64_A,THR_66_A,ALA_69_A"
THR_66_A,"ASP_36_A,ASP_60_A,GLY_65_A,HIS_67_A,THR_208_A"
HIS_67_A,"THR_66_A,VAL_68_A,ILE_205_A,SER_207_A,GLY_215_A,LEU_217_A"
VAL_68_A,"VAL_30_A,HIS_64_A,HIS_67_A,ALA_69_A,VAL_72_A"
ALA_69_A,"ILE_35_A,GLY_65_A,VAL_68_A,GLY_70_A,ALA_73_A"
GLY_70_A,"ALA_69_A,THR_71_A,ALA_74_A"
THR_71_A,"GLY_70_A,VAL_72_A,VAL_84_A,ALA_225_A"
VAL_72_A,"VAL_68_A,THR_71_A,ALA_73_A,ALA_85_A"
ALA_73_A,"ALA_69_A,VAL_72_A,ALA_74_A"
ALA_74_A,"GLY_70_A,ALA_73_A,LEU_75_A,VAL_81_A,GLY_83_A"
LEU_75_A,"ASP_41_A,ALA_74_A,ASN_76_A"
ASN_76_A,"GLN_2_A,LEU_75_A,ASN_77_A,LEU_82_A"
ASN_77_A,"GLN_2_A,ASP_41_A,ASN_76_A,SER_78_A"
SER_78_A,"ASN_77_A,ILE_79_A"
ILE_79_A,"PRO_40_A,SER_78_A,GLY_80_A"
GLY_80_A,"SER_3_A,ILE_79_A,VAL_81_A"
VAL_81_A,"ASP_41_A,ALA_74_A,GLY_80_A,LEU_82_A"
LEU_82_A,"ASN_76_A,VAL_81_A,GLY_83_A"
GLY_83_A,"ALA_74_A,LEU_82_A,VAL_84_A"
VAL_84_A,"ILE_11_A,HIS_17_A,THR_71_A,GLY_83_A,ALA_85_A"
ALA_85_A,"VAL_72_A,VAL_84_A,ALA_88_A,ALA_232_A"
PRO_86_A,SER_87_A
SER_87_A,"THR_22_A,PRO_86_A,ALA_88_A"
ALA_88_A,"ALA_85_A,SER_87_A,SER_89_A"
SER_89_A,"VAL_26_A,VAL_28_A,ALA_88_A,LEU_90_A"
LEU_90_A,"ALA_45_A,SER_89_A,TYR_91_A"
TYR_91_A,"LYS_27_A,VAL_28_A,VAL_30_A,LEU_90_A,ALA_92_A,TRP_113_A,MET_119_A"
ALA_92_A,"ILE_35_A,ALA_48_A,TYR_91_A,VAL_93_A"
VAL_93_A,"ALA_92_A,LYS_94_A,TRP_113_A"
LYS_94_A,"MET_50_A,GLU_54_A,ASN_56_A,GLN_59_A,VAL_93_A,VAL_95_A"
VAL_95_A,"ILE_31_A,ASP_32_A,LYS_94_A,LEU_96_A"
LEU_96_A,"LEU_62_A,VAL_95_A,GLY_97_A,LEU_126_A"
GLY_97_A,"LEU_96_A,ALA_98_A,ASP_99_A,GLY_100_A,SER_101_A"
ALA_98_A,"GLU_54_A,GLY_97_A,ASP_99_A"
ASP_99_A,"GLY_97_A,ALA_98_A,GLY_100_A,SER_101_A"
GLY_100_A,"GLY_97_A,ASP_99_A,SER_101_A"
SER_101_A,"GLY_97_A,ASP_99_A,GLY_100_A,GLY_102_A"
GLY_102_A,"SER_101_A,GLN_103_A"
GLN_103_A,"GLY_102_A,TYR_104_A,TRP_106_A"
TYR_104_A,"GLN_103_A,SER_105_A,ILE_108_A,SER_130_A"
SER_105_A,"TYR_104_A,TRP_106_A,ASN_109_A"
TRP_106_A,"GLN_103_A,SER_105_A,ILE_107_A,GLY_110_A"
ILE_107_A,"TRP_106_A,ILE_108_A,ILE_111_A"
ILE_108_A,"TYR_104_A,ILE_107_A,ASN_109_A,GLU_112_A"
ASN_109_A,"SER_105_A,ILE_108_A,GLY_110_A,TRP_113_A"
GLY_110_A,"TRP_106_A,ASN_109_A,ILE_111_A,ALA_114_A"
ILE_111_A,"ILE_107_A,GLY_110_A,GLU_112_A"
GLU_112_A,"ILE_108_A,ILE_111_A,TRP_113_A,ALA_116_A,LYS_141_A"
TRP_113_A,"TYR_91_A,VAL_93_A,ASN_109_A,GLU_112_A,ALA_114_A,ASN_117_A"
ALA_114_A,"GLY_110_A,TRP_113_A,ILE_115_A,MET_119_A,ILE_122_A"
ILE_115_A,"ALA_114_A,ALA_116_A,LYS_141_A,ALA_142_A"
ALA_116_A,"GLU_112_A,ILE_115_A,ASN_117_A"
ASN_117_A,"TRP_113_A,ALA_116_A,ASN_118_A"
ASN_118_A,"ASN_117_A,MET_119_A"
MET_119_A,"ALA_29_A,TYR_91_A,ALA_114_A,ASN_118_A,ASP_120_A"
ASP_120_A,"VAL_26_A,LYS_27_A,MET_119_A,VAL_121_A"
VAL_121_A,"ALA_29_A,ASP_120_A,ILE_122_A"
ILE_122_A,"ILE_31_A,ALA_114_A,VAL_121_A,ASN_123_A,VAL_147_A,VAL_148_A,VAL_150_A"
ASN_123_A,"ALA_29_A,ILE_31_A,ILE_122_A,MET_124_A,SER_224_A,ALA_228_A"
MET_124_A,"ASN_123_A,SER_125_A,VAL_149_A,VAL_150_A,PRO_168_A"
SER_125_A,"ASP_32_A,MET_124_A,LEU_126_A,SER_221_A"
LEU_126_A,"LEU_96_A,SER_125_A,GLY_127_A"
GLY_127_A,"LEU_126_A,GLY_128_A"
GLY_128_A,"GLY_127_A,TYR_167_A"
PRO_129_A,SER_130_A
SER_130_A,"TYR_104_A,PRO_129_A,GLY_131_A"
GLY_131_A,"SER_130_A,SER_132_A"
SER_132_A,"GLY_131_A,ALA_133_A,LEU_135_A"
ALA_133_A,"SER_132_A,ALA_134_A,ALA_137_A"
ALA_134_A,"ALA_133_A,LEU_135_A,ALA_138_A"
LEU_135_A,"SER_132_A,ALA_134_A,LYS_136_A"
LYS_136_A,"LEU_135_A,ALA_137_A,ASP_140_A,TYR_171_A"
ALA_137_A,"ALA_133_A,LYS_136_A,ALA_138_A,LYS_141_A"
ALA_138_A,"ALA_134_A,ALA_137_A,VAL_139_A,ALA_142_A"
VAL_139_A,"ALA_138_A,ASP_140_A,VAL_143_A,VAL_174_A"
ASP_140_A,"LYS_136_A,VAL_139_A,LYS_141_A,ALA_144_A,SER_173_A"
LYS_141_A,"GLU_112_A,ILE_115_A,ALA_137_A,ASP_140_A,ALA_142_A,SER_145_A"
ALA_142_A,"ILE_115_A,ALA_138_A,LYS_141_A,VAL_143_A,SER_145_A,VAL_147_A"
VAL_143_A,"VAL_139_A,ALA_142_A,ALA_144_A,VAL_149_A,ASN_243_A"
ALA_144_A,"ASP_140_A,VAL_143_A,SER_145_A"
SER_145_A,"LYS_141_A,ALA_142_A,ALA_144_A,GLY_146_A"
GLY_146_A,"SER_145_A,VAL_147_A"
VAL_147_A,"ILE_122_A,ALA_142_A,GLY_146_A,VAL_148_A,ASN_243_A"
VAL_148_A,"ILE_122_A,VAL_147_A,VAL_149_A,ASN_243_A"
VAL_149_A,"MET_124_A,VAL_143_A,VAL_148_A,VAL_150_A,ILE_175_A"
VAL_150_A,"ILE_122_A,MET_124_A,VAL_149_A,ALA_151_A,VAL_177_A"
ALA_151_A,"VAL_150_A,ALA_152_A,VAL_174_A,ILE_175_A,VAL_177_A"
ALA_152_A,"ALA_151_A,ALA_153_A"
ALA_153_A,"ALA_152_A,GLY_154_A,GLY_166_A,VAL_177_A,LEU_196_A"
GLY_154_A,"ALA_153_A,ASN_155_A,SER_191_A"
ASN_155_A,"GLY_154_A,GLU_156_A,THR_220_A"
GLU_156_A,"ASN_155_A,GLY_157_A"
GLY_157_A,"GLU_156_A,THR_158_A,THR_164_A,PHE_189_A"
THR_158_A,"GLY_157_A,SER_159_A"
SER_159_A,"THR_158_A,GLY_160_A"
GLY_160_A,"SER_159_A,SER_161_A"
SER_161_A,"GLY_160_A,SER_162_A"
SER_162_A,"SER_161_A,SER_163_A"
SER_163_A,"SER_162_A,THR_164_A,GLU_195_A"
THR_164_A,"GLY_157_A,SER_163_A,VAL_165_A,SER_191_A,VAL_192_A"
VAL_165_A,"THR_164_A,GLY_166_A"
GLY_166_A,"ALA_153_A,VAL_165_A,TYR_167_A,LYS_170_A"
TYR_167_A,"GLY_128_A,GLY_166_A"
PRO_168_A,"MET_124_A,GLY_169_A,TYR_171_A"
GLY_169_A,"PRO_168_A,LYS_170_A"
LYS_170_A,"GLY_166_A,GLY_169_A,TYR_171_A,GLU_195_A"
TYR_171_A,"LYS_136_A,PRO_168_A,LYS_170_A"
PRO_172_A,"SER_173_A,ARG_247_A"
SER_173_A,"ASP_140_A,PRO_172_A,VAL_174_A"
VAL_174_A,"VAL_139_A,ALA_151_A,SER_173_A,ILE_175_A"
ILE_175_A,"VAL_149_A,ALA_151_A,VAL_174_A,ALA_176_A"
ALA_176_A,"ILE_175_A,VAL_177_A,ASP_197_A"
VAL_177_A,"VAL_150_A,ALA_151_A,ALA_153_A,ALA_176_A,GLY_178_A,VAL_227_A"
GLY_178_A,"VAL_177_A,ALA_179_A,VAL_198_A"
ALA_179_A,"GLY_178_A,VAL_180_A,ALA_187_A,SER_190_A"
VAL_180_A,"ALA_179_A,ASP_181_A,GLY_202_A"
ASP_181_A,"VAL_180_A,SER_182_A,SER_183_A,ASN_184_A,GLN_185_A"
SER_182_A,"ASP_181_A,SER_183_A"
SER_183_A,"ASP_181_A,SER_182_A,ASN_184_A"
ASN_184_A,"GLN_10_A,ASP_181_A,SER_183_A,GLN_185_A"
GLN_185_A,"ASP_181_A,ASN_184_A,ARG_186_A"
ARG_186_A,"GLN_185_A,ALA_187_A,SER_190_A,TYR_263_A"
ALA_187_A,"ALA_179_A,ARG_186_A,SER_188_A,PHE_189_A,SER_190_A,VAL_203_A"
SER_188_A,"ALA_187_A,PHE_189_A"
PHE_189_A,"GLY_157_A,ALA_187_A,SER_188_A,SER_190_A,PHE_218_A"
SER_190_A,"ALA_179_A,ARG_186_A,ALA_187_A,PHE_189_A,SER_191_A"
SER_191_A,"GLY_154_A,THR_164_A,SER_190_A,VAL_192_A"
VAL_192_A,"THR_164_A,SER_191_A,GLY_193_A,PHE_261_A,TYR_262_A"
GLY_193_A,"VAL_192_A,PHE_261_A"
PRO_194_A,GLU_195_A
GLU_195_A,"SER_163_A,LYS_170_A,PRO_194_A,LEU_196_A"
LEU_196_A,"ALA_153_A,GLU_195_A,ASP_197_A"
ASP_197_A,"ALA_176_A,LEU_196_A,VAL_198_A,ARG_247_A,GLU_251_A,LYS_265_A"
VAL_198_A,"GLY_178_A,ASP_197_A,MET_199_A,ILE_268_A"
MET_199_A,"VAL_198_A,ALA_200_A,GLY_266_A"
ALA_200_A,MET_199_A
PRO_201_A,GLY_202_A
GLY_202_A,"VAL_180_A,PRO_201_A,VAL_203_A,GLY_219_A"
VAL_203_A,"ALA_187_A,GLY_202_A,SER_204_A"
SER_204_A,"VAL_203_A,ILE_205_A"
ILE_205_A,"HIS_67_A,SER_204_A,GLN_206_A"
GLN_206_A,"ILE_205_A,SER_207_A"
SER_207_A,"HIS_67_A,GLN_206_A,THR_208_A,GLY_215_A"
THR_208_A,"THR_66_A,SER_207_A,LEU_209_A"
LEU_209_A,"THR_208_A,LYS_213_A"
PRO_210_A,"LEU_63_A,GLY_211_A"
GLY_211_A,"ASP_36_A,PRO_210_A,ASN_212_A"
ASN_212_A,"GLY_211_A,LYS_213_A"
LYS_213_A,"HIS_39_A,LEU_209_A,ASN_212_A,TYR_214_A"
TYR_214_A,"LYS_213_A,GLY_215_A"
GLY_215_A,"HIS_67_A,SER_207_A,TYR_214_A,ALA_216_A"
ALA_216_A,"GLY_215_A,LEU_217_A"
LEU_217_A,"HIS_67_A,ALA_216_A,PHE_218_A"
PHE_218_A,"PHE_189_A,LEU_217_A,GLY_219_A"
GLY_219_A,"GLY_202_A,PHE_218_A,THR_220_A"
THR_220_A,"ASN_155_A,GLY_219_A,SER_221_A,SER_224_A"
SER_221_A,"SER_125_A,THR_220_A,MET_222_A"
MET_222_A,"SER_221_A,ALA_223_A,HIS_226_A"
ALA_223_A,"MET_222_A,SER_224_A"
SER_224_A,"ASN_123_A,THR_220_A,ALA_223_A,ALA_225_A,ALA_228_A"
ALA_225_A,"THR_71_A,SER_224_A,HIS_226_A,GLY_229_A"
HIS_226_A,"MET_222_A,ALA_225_A,VAL_227_A,ALA_230_A"
VAL_227_A,"VAL_177_A,HIS_226_A,ALA_228_A,ALA_231_A"
ALA_228_A,"ASN_123_A,SER_224_A,VAL_227_A,GLY_229_A"
GLY_229_A,"ALA_225_A,ALA_228_A,ALA_230_A,LEU_233_A"
ALA_230_A,"HIS_226_A,GLY_229_A,ALA_231_A,ILE_234_A,VAL_270_A"
ALA_231_A,"VAL_227_A,ALA_230_A,ALA_232_A,LEU_235_A"
ALA_232_A,"VAL_26_A,ALA_85_A,ALA_231_A,LEU_233_A,SER_236_A"
LEU_233_A,"GLY_229_A,ALA_232_A,ILE_234_A,SER_236_A"
ILE_234_A,"ALA_230_A,LEU_233_A,LEU_235_A,HIS_238_A,TRP_241_A,LEU_250_A,ALA_273_A"
LEU_235_A,"ALA_231_A,ILE_234_A,SER_236_A,VAL_246_A"
SER_236_A,"ALA_232_A,LEU_233_A,LEU_235_A,LYS_237_A"
LYS_237_A,"TYR_21_A,SER_236_A,HIS_238_A"
HIS_238_A,"ILE_234_A,LYS_237_A,TRP_241_A,ALA_274_A"
PRO_239_A,ASN_240_A
ASN_240_A,"PRO_239_A,TRP_241_A"
TRP_241_A,"ILE_234_A,HIS_238_A,ASN_240_A,THR_242_A,HIS_277_A"
THR_242_A,"TRP_241_A,ASN_243_A,GLN_245_A,VAL_246_A"
ASN_243_A,"VAL_143_A,VAL_147_A,VAL_148_A,THR_242_A,THR_244_A,ARG_247_A"
THR_244_A,"ASN_243_A,GLN_245_A,SER_248_A"
GLN_245_A,"THR_242_A,THR_244_A,VAL_246_A,SER_249_A"
VAL_246_A,"LEU_235_A,THR_242_A,GLN_245_A,ARG_247_A,SER_249_A"
ARG_247_A,"PRO_172_A,ASP_197_A,ASN_243_A,VAL_246_A,SER_248_A,GLU_251_A,LYS_265_A"
SER_248_A,"THR_244_A,ARG_247_A,SER_249_A,ASN_252_A,HIS_279_A"
SER_249_A,"GLN_245_A,VAL_246_A,SER_248_A,LEU_250_A,THR_253_A"
LEU_250_A,"ILE_234_A,SER_249_A,GLU_251_A"
GLU_251_A,"ASP_197_A,ARG_247_A,LEU_250_A,ASN_252_A,LYS_265_A"
ASN_252_A,"SER_248_A,GLU_251_A,THR_253_A"
THR_253_A,"SER_249_A,ASN_252_A,THR_254_A"
THR_254_A,"THR_253_A,THR_255_A,LYS_265_A"
THR_255_A,"THR_254_A,LYS_256_A,LEU_267_A"
LYS_256_A,"THR_255_A,LEU_257_A"
LEU_257_A,"LYS_256_A,GLY_258_A,TYR_263_A"
GLY_258_A,"LEU_257_A,ASP_259_A"
ASP_259_A,"GLY_258_A,SER_260_A,TYR_262_A,TYR_263_A"
SER_260_A,"ASP_259_A,PHE_261_A,GLY_264_A"
PHE_261_A,"VAL_192_A,GLY_193_A,SER_260_A,TYR_262_A"
TYR_262_A,"VAL_192_A,ASP_259_A,PHE_261_A,TYR_263_A"
TYR_263_A,"ARG_186_A,LEU_257_A,ASP_259_A,TYR_262_A,GLY_264_A,GLY_266_A"
GLY_264_A,"SER_260_A,TYR_263_A,LYS_265_A"
LYS_265_A,"ASP_197_A,ARG_247_A,GLU_251_A,THR_254_A,GLY_264_A,GLY_266_A"
GLY_266_A,"MET_199_A,TYR_263_A,LYS_265_A,LEU_267_A"
LEU_267_A,"THR_255_A,GLY_266_A,ILE_268_A"
ILE_268_A,"ILE_11_A,VAL_198_A,LEU_267_A,ASN_269_A"
ASN_269_A,"ILE_268_A,VAL_270_A,ALA_272_A,ALA_273_A"
VAL_270_A,"ILE_11_A,LEU_16_A,ALA_230_A,ASN_269_A,GLN_271_A,ALA_274_A"
GLN_271_A,"VAL_270_A,ALA_272_A"
ALA_272_A,"ASN_269_A,GLN_271_A,ALA_273_A"
ALA_273_A,"ILE_234_A,ASN_269_A,ALA_272_A,ALA_274_A"
ALA_274_A,"HIS_238_A,VAL_270_A,ALA_273_A,GLN_275_A"
GLN_275_A,"ALA_274_A,HIS_276_A"
HIS_276_A,"GLN_275_A,HIS_277_A,HIS_278_A,HIS_281_A"
HIS_277_A,"TRP_241_A,HIS_276_A,HIS_278_A,HIS_281_A"
HIS_278_A,"HIS_276_A,HIS_277_A,HIS_279_A"
HIS_279_A,"SER_248_A,HIS_278_A,HIS_280_A,HIS_281_A"
HIS_280_A,"HIS_279_A,HIS_281_A"
HIS_281_A,"HIS_276_A,HIS_277_A,HIS_279_A,HIS_280_A"
