residue_id,neighbors
CYS_103_A,PHE_104_A
PHE_104_A,"CYS_103_A,ALA_105_A,ILE_108_A,VAL_133_A,PHE_541_A"
ALA_105_A,"PHE_104_A,ARG_106_A"
ARG_106_A,"ALA_105_A,ALA_107_A,GLU_540_A,LYS_543_A,ASP_544_A"
ALA_107_A,"ARG_106_A,ILE_108_A,SER_111_A"
ILE_108_A,"PHE_104_A,ALA_107_A,GLU_109_A,ARG_112_A,PHE_541_A"
GLU_109_A,"ILE_108_A,SER_110_A,ASP_113_A"
SER_110_A,"GLU_109_A,SER_111_A,LEU_114_A"
SER_111_A,"ALA_107_A,SER_110_A,ARG_112_A,LEU_115_A"
ARG_112_A,"ILE_108_A,SER_111_A,ASP_113_A,HIS_116_A,GLU_141_A"
ASP_113_A,"GLU_109_A,ARG_112_A,LEU_114_A,HIS_116_A,ARG_117_A"
LEU_114_A,"SER_110_A,ASP_113_A,LEU_115_A"
LEU_115_A,"SER_111_A,LEU_114_A,HIS_116_A,LYS_119_A,VAL_129_A,TRP_139_A"
HIS_116_A,"ARG_112_A,ASP_113_A,LEU_115_A,ARG_117_A,ASP_120_A"
ARG_117_A,"ASP_113_A,HIS_116_A,ILE_118_A"
ILE_118_A,"ARG_117_A,LYS_119_A,VAL_122_A"
LYS_119_A,"LEU_115_A,ILE_118_A,ASP_120_A,GLY_123_A"
ASP_120_A,"HIS_116_A,LYS_119_A,GLU_121_A"
GLU_121_A,"ASP_120_A,VAL_122_A"
VAL_122_A,"ILE_118_A,GLU_121_A,GLY_123_A,ALA_124_A,VAL_528_A"
GLY_123_A,"LYS_119_A,VAL_122_A,ALA_124_A"
ALA_124_A,"VAL_122_A,GLY_123_A,MET_525_A"
PRO_125_A,"GLY_126_A,TYR_145_A,TYR_375_A"
GLY_126_A,"PRO_125_A,ILE_127_A"
ILE_127_A,"GLY_126_A,VAL_128_A,LEU_143_A,ILE_521_A"
VAL_128_A,"ILE_127_A,VAL_129_A,ILE_522_A"
VAL_129_A,"LEU_115_A,VAL_128_A,GLY_130_A,TRP_139_A"
GLY_130_A,"VAL_129_A,VAL_131_A,SER_520_A"
VAL_131_A,"GLY_130_A,SER_132_A,TRP_139_A"
SER_132_A,"VAL_131_A,VAL_133_A"
VAL_133_A,"PHE_104_A,SER_132_A,ASP_134_A,LYS_136_A,VAL_138_A"
ASP_134_A,"VAL_133_A,GLY_135_A,GLU_501_A,ARG_515_A,GLY_516_A,ARG_545_A"
GLY_135_A,"ASP_134_A,LYS_136_A"
LYS_136_A,"VAL_133_A,GLY_135_A,GLU_137_A"
GLU_137_A,"LYS_136_A,VAL_138_A"
VAL_138_A,"VAL_133_A,GLU_137_A,TRP_139_A"
TRP_139_A,"LEU_115_A,VAL_129_A,VAL_131_A,VAL_138_A,SER_140_A"
SER_140_A,"TRP_139_A,GLU_141_A"
GLU_141_A,"ARG_112_A,SER_140_A,GLY_142_A"
GLY_142_A,"GLU_141_A,LEU_143_A"
LEU_143_A,"ILE_127_A,GLY_142_A,GLY_144_A"
GLY_144_A,"LEU_143_A,TYR_145_A,CYS_154_A"
TYR_145_A,"PRO_125_A,GLY_144_A,ALA_146_A"
ALA_146_A,"TYR_145_A,ASP_147_A,VAL_152_A"
ASP_147_A,"ALA_146_A,VAL_148_A,GLU_149_A,VAL_152_A,ARG_373_A"
VAL_148_A,"ASP_147_A,GLU_149_A,TYR_375_A"
GLU_149_A,"ASP_147_A,VAL_148_A,ASN_150_A,ARG_373_A"
ASN_150_A,"GLU_149_A,ARG_151_A"
ARG_151_A,"ASN_150_A,VAL_152_A"
VAL_152_A,"ALA_146_A,ASP_147_A,ARG_151_A"
PRO_153_A,CYS_154_A
CYS_154_A,"GLY_144_A,PRO_153_A,LYS_155_A"
LYS_155_A,"CYS_154_A,THR_158_A"
PRO_156_A,GLU_157_A
GLU_157_A,"PRO_156_A,THR_158_A"
THR_158_A,"LYS_155_A,GLU_157_A,VAL_159_A,ALA_372_A"
VAL_159_A,"THR_158_A,MET_160_A,ASN_370_A,THR_403_A"
MET_160_A,"VAL_159_A,ARG_161_A,ILE_522_A"
ARG_161_A,"MET_160_A,ILE_162_A,GLU_362_A,PHE_374_A"
ILE_162_A,"ARG_161_A,ALA_163_A"
ALA_163_A,"ILE_162_A,SER_164_A,SER_166_A,ALA_489_A"
SER_164_A,"ALA_163_A,ILE_165_A"
ILE_165_A,"SER_164_A,SER_166_A"
SER_166_A,"ALA_163_A,ILE_165_A,LYS_167_A,LEU_169_A"
LYS_167_A,"SER_166_A,SER_168_A,MET_171_A,HIS_216_A,TYR_328_A,HIS_485_A"
SER_168_A,"LYS_167_A,LEU_169_A,VAL_172_A"
LEU_169_A,"SER_166_A,SER_168_A,THR_170_A,ALA_173_A"
THR_170_A,"LEU_169_A,MET_171_A,LEU_174_A,TYR_343_A"
MET_171_A,"LYS_167_A,THR_170_A,VAL_172_A,ALA_175_A,ILE_214_A,ALA_463_A"
VAL_172_A,"SER_168_A,MET_171_A,ALA_173_A,LYS_176_A,PHE_410_A"
ALA_173_A,"LEU_169_A,VAL_172_A,LEU_174_A,LEU_177_A,ILE_350_A"
LEU_174_A,"THR_170_A,ALA_173_A,ALA_175_A,TRP_178_A,LEU_183_A,VAL_335_A"
ALA_175_A,"MET_171_A,LEU_174_A,LYS_176_A,GLU_179_A"
LYS_176_A,"VAL_172_A,ALA_175_A,LEU_177_A,ALA_180_A,LYS_349_A,ASP_353_A"
LEU_177_A,"ALA_173_A,LYS_176_A,TRP_178_A"
TRP_178_A,"LEU_174_A,LEU_177_A,GLU_179_A"
GLU_179_A,"ALA_175_A,TRP_178_A,ALA_180_A,LYS_436_A,THR_439_A"
ALA_180_A,"LYS_176_A,GLU_179_A,GLY_181_A"
GLY_181_A,"ALA_180_A,LYS_182_A"
LYS_182_A,"GLY_181_A,LEU_183_A"
LEU_183_A,"LEU_174_A,LYS_182_A,ASP_184_A"
ASP_184_A,"LEU_183_A,LEU_185_A,ASP_186_A,ILE_187_A"
LEU_185_A,"ASP_184_A,ASP_186_A"
ASP_186_A,"ASP_184_A,LEU_185_A,ILE_187_A,ARG_211_A"
ILE_187_A,"ASP_184_A,ASP_186_A,HIS_191_A"
PRO_188_A,VAL_189_A
VAL_189_A,"PRO_188_A,GLN_190_A,VAL_193_A,ILE_334_A"
GLN_190_A,"VAL_189_A,HIS_191_A"
HIS_191_A,"ILE_187_A,GLN_190_A,TYR_192_A"
TYR_192_A,"HIS_191_A,VAL_193_A"
VAL_193_A,"VAL_189_A,TYR_192_A,ILE_334_A"
PRO_194_A,GLU_195_A
GLU_195_A,"PRO_194_A,PHE_196_A,ARG_337_A"
PHE_196_A,GLU_195_A
PRO_197_A,GLU_198_A
GLU_198_A,"PRO_197_A,LYS_199_A,GLU_200_A"
LYS_199_A,"GLU_198_A,GLU_200_A,LEU_313_A"
GLU_200_A,"GLU_198_A,LYS_199_A,TYR_201_A,LYS_205_A"
TYR_201_A,"GLU_200_A,GLU_202_A,LYS_316_A"
GLU_202_A,"TYR_201_A,GLY_203_A,GLU_204_A"
GLY_203_A,"GLU_202_A,GLU_204_A"
GLU_204_A,"GLU_202_A,GLY_203_A,LYS_205_A,LYS_316_A"
LYS_205_A,"GLU_200_A,GLU_204_A,VAL_206_A"
VAL_206_A,"LYS_205_A,SER_207_A"
SER_207_A,"VAL_206_A,VAL_208_A"
VAL_208_A,"SER_207_A,THR_209_A"
THR_209_A,"VAL_208_A,THR_210_A"
THR_210_A,"THR_209_A,ARG_211_A,ILE_214_A,LEU_331_A"
ARG_211_A,"ASP_186_A,THR_210_A,LEU_212_A"
LEU_212_A,"ARG_211_A,LEU_213_A,PRO_317_A"
LEU_213_A,"LEU_212_A,ILE_214_A"
ILE_214_A,"MET_171_A,THR_210_A,LEU_213_A,SER_215_A,MET_462_A"
SER_215_A,"ILE_214_A,HIS_216_A"
HIS_216_A,"LYS_167_A,SER_215_A,LEU_217_A,TYR_328_A"
LEU_217_A,"HIS_216_A,SER_218_A,GLY_318_A"
SER_218_A,"LEU_217_A,GLY_219_A"
GLY_219_A,"SER_218_A,ILE_220_A"
ILE_220_A,"GLY_219_A,ARG_221_A"
ARG_221_A,"ILE_220_A,HIS_222_A,LYS_225_A,GLU_291_A,ASP_311_A,PHE_314_A,SER_324_A"
HIS_222_A,"ARG_221_A,TYR_223_A"
TYR_223_A,"HIS_222_A,GLU_224_A,GLN_289_A"
GLU_224_A,"TYR_223_A,LYS_225_A,ASP_226_A"
LYS_225_A,"ARG_221_A,GLU_224_A,ASP_226_A,GLU_291_A"
ASP_226_A,"GLU_224_A,LYS_225_A,ILE_227_A,LYS_229_A"
ILE_227_A,"ASP_226_A,LYS_228_A,LYS_231_A,PHE_314_A"
LYS_228_A,"ILE_227_A,LYS_229_A,GLU_232_A"
LYS_229_A,"ASP_226_A,LYS_228_A,VAL_230_A,GLU_232_A,GLU_233_A"
VAL_230_A,"LYS_229_A,LYS_231_A,LYS_234_A,PHE_314_A"
LYS_231_A,"ILE_227_A,VAL_230_A,GLU_232_A,ALA_235_A,PHE_315_A"
GLU_232_A,"LYS_228_A,LYS_229_A,LYS_231_A,GLU_233_A"
GLU_233_A,"LYS_229_A,GLU_232_A,LYS_234_A"
LYS_234_A,"VAL_230_A,GLU_233_A,ALA_235_A"
ALA_235_A,"LYS_231_A,LYS_234_A"
ASP_286_A,"PHE_287_A,GLU_288_A"
PHE_287_A,"ASP_286_A,GLU_288_A,LEU_292_A"
GLU_288_A,"ASP_286_A,PHE_287_A,GLN_289_A"
GLN_289_A,"TYR_223_A,GLU_288_A,GLY_290_A"
GLY_290_A,"GLN_289_A,GLU_291_A,LEU_292_A,TYR_293_A"
GLU_291_A,"ARG_221_A,LYS_225_A,GLY_290_A,LEU_292_A,ASP_311_A,TYR_393_A"
LEU_292_A,"PHE_287_A,GLY_290_A,GLU_291_A,TYR_293_A"
TYR_293_A,"GLY_290_A,LEU_292_A,LEU_294_A,PRO_387_A"
LEU_294_A,"TYR_293_A,ARG_295_A,ASP_390_A"
ARG_295_A,"LEU_294_A,GLU_296_A"
GLU_296_A,"ARG_295_A,LYS_297_A,GLU_303_A,ARG_306_A"
LYS_297_A,"GLU_296_A,PHE_298_A,GLU_363_A,ASP_390_A"
PHE_298_A,"LYS_297_A,GLU_299_A,GLU_303_A,TYR_393_A"
GLU_299_A,"PHE_298_A,ASN_300_A"
ASN_300_A,"GLU_299_A,SER_301_A"
SER_301_A,"ASN_300_A,ILE_302_A,LEU_305_A"
ILE_302_A,"SER_301_A,GLU_303_A"
GLU_303_A,"GLU_296_A,PHE_298_A,ILE_302_A,SER_304_A,ARG_306_A"
SER_304_A,"GLU_303_A,LEU_305_A"
LEU_305_A,"SER_301_A,SER_304_A,ARG_306_A,PHE_308_A"
ARG_306_A,"GLU_296_A,GLU_303_A,LEU_305_A,LEU_307_A"
LEU_307_A,"ARG_306_A,PHE_308_A,TYR_393_A"
PHE_308_A,"LEU_305_A,LEU_307_A,LYS_309_A,PHE_326_A"
LYS_309_A,"PHE_308_A,ASN_310_A"
ASN_310_A,"LYS_309_A,ASP_311_A"
ASP_311_A,"ARG_221_A,GLU_291_A,ASN_310_A"
PRO_312_A,LEU_313_A
LEU_313_A,"LYS_199_A,PRO_312_A,PHE_314_A"
PHE_314_A,"ARG_221_A,ILE_227_A,VAL_230_A,LEU_313_A,PHE_315_A"
PHE_315_A,"LYS_231_A,PHE_314_A,LYS_316_A,GLN_320_A"
LYS_316_A,"TYR_201_A,GLU_204_A,PHE_315_A"
PRO_317_A,"LEU_212_A,GLY_318_A"
GLY_318_A,"LEU_217_A,PRO_317_A,SER_319_A"
SER_319_A,"GLY_318_A,GLN_320_A"
GLN_320_A,"PHE_315_A,SER_319_A,PHE_321_A"
PHE_321_A,"GLN_320_A,LEU_322_A,THR_450_A"
LEU_322_A,"PHE_321_A,TYR_323_A"
TYR_323_A,"LEU_322_A,SER_324_A"
SER_324_A,"ARG_221_A,TYR_323_A,THR_325_A"
THR_325_A,"SER_324_A,PHE_326_A"
PHE_326_A,"PHE_308_A,THR_325_A,GLY_327_A,LEU_330_A"
GLY_327_A,"PHE_326_A,TYR_328_A,LEU_331_A"
TYR_328_A,"LYS_167_A,HIS_216_A,GLY_327_A,THR_329_A,LEU_331_A,ALA_332_A"
THR_329_A,"TYR_328_A,LEU_330_A,ALA_333_A"
LEU_330_A,"PHE_326_A,THR_329_A,LEU_331_A,ILE_334_A"
LEU_331_A,"THR_210_A,GLY_327_A,TYR_328_A,LEU_330_A,ALA_332_A,VAL_335_A"
ALA_332_A,"TYR_328_A,LEU_331_A,ALA_333_A,GLU_336_A,ALA_396_A"
ALA_333_A,"THR_329_A,ALA_332_A,ILE_334_A,ARG_337_A"
ILE_334_A,"VAL_189_A,VAL_193_A,LEU_330_A,ALA_333_A,VAL_335_A,ALA_338_A"
VAL_335_A,"LEU_174_A,LEU_331_A,ILE_334_A,GLU_336_A,SER_339_A"
GLU_336_A,"ALA_332_A,VAL_335_A,ARG_337_A"
ARG_337_A,"GLU_195_A,ALA_333_A,GLU_336_A,ALA_338_A"
ALA_338_A,"ILE_334_A,ARG_337_A,SER_339_A"
SER_339_A,"VAL_335_A,ALA_338_A,GLY_340_A"
GLY_340_A,"SER_339_A,CYS_341_A"
CYS_341_A,"GLY_340_A,LYS_342_A"
LYS_342_A,"CYS_341_A,TYR_343_A,ASP_345_A"
TYR_343_A,"THR_170_A,LYS_342_A,LEU_344_A,MET_347_A"
LEU_344_A,"TYR_343_A,ASP_345_A,GLN_348_A"
ASP_345_A,"LYS_342_A,LEU_344_A,TYR_346_A,LYS_349_A"
TYR_346_A,"ASP_345_A,MET_347_A,ILE_350_A"
MET_347_A,"TYR_343_A,TYR_346_A,GLN_348_A,PHE_351_A"
GLN_348_A,"LEU_344_A,MET_347_A,LYS_349_A,HIS_352_A"
LYS_349_A,"LYS_176_A,ASP_345_A,GLN_348_A,ILE_350_A,ASP_353_A"
ILE_350_A,"ALA_173_A,TYR_346_A,LYS_349_A,PHE_351_A"
PHE_351_A,"MET_347_A,ILE_350_A,HIS_352_A,ASP_355_A,MET_356_A,PHE_400_A"
HIS_352_A,"GLN_348_A,PHE_351_A,ASP_353_A"
ASP_353_A,"LYS_176_A,LYS_349_A,HIS_352_A,LEU_354_A"
LEU_354_A,"ASP_353_A,ASP_355_A,PHE_410_A"
ASP_355_A,"PHE_351_A,LEU_354_A,MET_356_A,LYS_409_A"
MET_356_A,"PHE_351_A,ASP_355_A,LEU_357_A"
LEU_357_A,"MET_356_A,THR_358_A"
THR_358_A,"LEU_357_A,THR_359_A,ASP_406_A"
THR_359_A,"THR_358_A,VAL_360_A,ASP_406_A"
VAL_360_A,"THR_359_A,GLN_361_A,LEU_401_A"
GLN_361_A,"VAL_360_A,GLU_362_A,TRP_395_A"
GLU_362_A,"ARG_161_A,GLN_361_A,GLU_363_A,ARG_371_A,GLY_399_A"
GLU_363_A,"LYS_297_A,GLU_362_A,ASN_364_A,PRO_366_A,ARG_371_A"
ASN_364_A,"GLU_363_A,GLU_365_A"
GLU_365_A,ASN_364_A
PRO_366_A,"GLU_363_A,VAL_367_A"
VAL_367_A,"PRO_366_A,ILE_368_A"
ILE_368_A,"VAL_367_A,TYR_369_A"
TYR_369_A,"ILE_368_A,ASN_370_A"
ASN_370_A,"VAL_159_A,TYR_369_A,ARG_371_A"
ARG_371_A,"GLU_362_A,GLU_363_A,ASN_370_A,ALA_372_A"
ALA_372_A,"THR_158_A,ARG_371_A,ARG_373_A"
ARG_373_A,"ASP_147_A,GLU_149_A,ALA_372_A,PHE_374_A"
PHE_374_A,"ARG_161_A,ARG_373_A,TYR_375_A,THR_386_A"
TYR_375_A,"PRO_125_A,VAL_148_A,PHE_374_A,VAL_376_A,LEU_383_A"
VAL_376_A,"TYR_375_A,TYR_377_A,VAL_384_A"
TYR_377_A,"VAL_376_A,ASN_378_A,MET_525_A"
ASN_378_A,"TYR_377_A,LYS_379_A,ARG_382_A"
LYS_379_A,"ASN_378_A,LYS_380_A"
LYS_380_A,"LYS_379_A,LYS_381_A"
LYS_381_A,"LYS_380_A,ARG_382_A"
ARG_382_A,"ASN_378_A,LYS_381_A,LEU_383_A"
LEU_383_A,"TYR_375_A,ARG_382_A,VAL_384_A"
VAL_384_A,"VAL_376_A,LEU_383_A,ASN_385_A"
ASN_385_A,"VAL_384_A,THR_386_A"
THR_386_A,"PHE_374_A,ASN_385_A"
PRO_387_A,"TYR_293_A,TYR_388_A"
TYR_388_A,"PRO_387_A,VAL_389_A"
VAL_389_A,"TYR_388_A,ASP_390_A"
ASP_390_A,"LEU_294_A,LYS_297_A,VAL_389_A,ASN_391_A"
ASN_391_A,"ASP_390_A,SER_392_A"
SER_392_A,"ASN_391_A,TYR_393_A"
TYR_393_A,"GLU_291_A,PHE_298_A,LEU_307_A,SER_392_A,LYS_394_A"
LYS_394_A,"TYR_393_A,TRP_395_A"
TRP_395_A,"GLN_361_A,LYS_394_A,ALA_396_A"
ALA_396_A,"ALA_332_A,TRP_395_A,GLY_397_A"
GLY_397_A,"ALA_396_A,GLY_398_A"
GLY_398_A,"GLY_397_A,GLY_399_A"
GLY_399_A,"GLU_362_A,GLY_398_A,PHE_400_A"
PHE_400_A,"PHE_351_A,GLY_399_A,LEU_401_A"
LEU_401_A,"VAL_360_A,PHE_400_A,SER_402_A"
SER_402_A,"LEU_401_A,THR_403_A"
THR_403_A,"VAL_159_A,SER_402_A,VAL_404_A"
VAL_404_A,"THR_403_A,GLY_405_A,LEU_408_A"
GLY_405_A,"VAL_404_A,ASP_406_A,LYS_409_A"
ASP_406_A,"THR_358_A,THR_359_A,GLY_405_A,LEU_407_A,LYS_409_A,PHE_410_A"
LEU_407_A,"ASP_406_A,LEU_408_A,GLY_411_A"
LEU_408_A,"VAL_404_A,LEU_407_A,LYS_409_A,ASN_412_A,ILE_518_A"
LYS_409_A,"ASP_355_A,GLY_405_A,ASP_406_A,LEU_408_A,PHE_410_A,ALA_413_A"
PHE_410_A,"VAL_172_A,LEU_354_A,ASP_406_A,LYS_409_A,GLY_411_A,MET_414_A"
GLY_411_A,"LEU_407_A,PHE_410_A,ASN_412_A,LEU_415_A"
ASN_412_A,"LEU_408_A,GLY_411_A,ALA_413_A,TYR_416_A"
ALA_413_A,"LYS_409_A,ASN_412_A,MET_414_A,GLY_417_A"
MET_414_A,"PHE_410_A,ALA_413_A,LEU_415_A,TYR_418_A"
LEU_415_A,"GLY_411_A,MET_414_A,TYR_416_A,GLN_419_A,PRO_514_A"
TYR_416_A,"ASN_412_A,LEU_415_A,GLY_417_A,VAL_420_A,LEU_431_A"
GLY_417_A,"ALA_413_A,TYR_416_A,TYR_418_A"
TYR_418_A,"MET_414_A,GLY_417_A,GLN_419_A,TRP_444_A"
GLN_419_A,"LEU_415_A,TYR_418_A,VAL_420_A,ARG_515_A"
VAL_420_A,"TYR_416_A,GLN_419_A,GLY_421_A,LYS_424_A"
GLY_421_A,"VAL_420_A,LEU_422_A"
LEU_422_A,"GLY_421_A,PHE_423_A"
PHE_423_A,"LEU_422_A,LYS_424_A,LEU_430_A,LEU_503_A"
LYS_424_A,"VAL_420_A,PHE_423_A,ASN_425_A"
ASN_425_A,"LYS_424_A,SER_426_A"
SER_426_A,"ASN_425_A,ASN_427_A"
ASN_427_A,"SER_426_A,GLU_428_A"
GLU_428_A,"ASN_427_A,ASN_429_A"
ASN_429_A,"GLU_428_A,LEU_430_A"
LEU_430_A,"PHE_423_A,ASN_429_A,LEU_431_A"
LEU_431_A,"TYR_416_A,LEU_430_A"
PRO_432_A,GLY_433_A
GLY_433_A,"PRO_432_A,TYR_434_A"
TYR_434_A,"GLY_433_A,LEU_435_A"
LEU_435_A,"TYR_434_A,LYS_436_A"
LYS_436_A,"GLU_179_A,LEU_435_A,GLU_438_A"
PRO_437_A,GLU_438_A
GLU_438_A,"LYS_436_A,PRO_437_A,THR_439_A"
THR_439_A,"GLU_179_A,GLU_438_A,MET_440_A"
MET_440_A,"THR_439_A,VAL_441_A"
VAL_441_A,"MET_440_A,MET_442_A,THR_445_A"
MET_442_A,"VAL_441_A,MET_443_A"
MET_443_A,"MET_442_A,TRP_444_A"
TRP_444_A,"TYR_418_A,MET_443_A,THR_445_A"
THR_445_A,"VAL_441_A,TRP_444_A"
PRO_446_A,VAL_447_A
VAL_447_A,"PRO_446_A,THR_450_A,TYR_460_A"
PRO_448_A,ASN_449_A
ASN_449_A,"PRO_448_A,THR_450_A"
THR_450_A,"PHE_321_A,VAL_447_A,ASN_449_A,GLU_451_A,LYS_459_A"
GLU_451_A,"THR_450_A,MET_452_A"
MET_452_A,"GLU_451_A,SER_453_A,ASP_455_A"
SER_453_A,"MET_452_A,TRP_454_A"
TRP_454_A,"SER_453_A,ASP_455_A,HIS_485_A,THR_486_A"
ASP_455_A,"MET_452_A,TRP_454_A,LYS_456_A"
LYS_456_A,"ASP_455_A,GLU_457_A"
GLU_457_A,"LYS_456_A,GLY_458_A,ARG_477_A"
GLY_458_A,"GLU_457_A,LYS_459_A"
LYS_459_A,"THR_450_A,GLY_458_A,TYR_460_A,VAL_466_A"
TYR_460_A,"VAL_447_A,LYS_459_A,ALA_461_A"
ALA_461_A,"TYR_460_A,MET_462_A,TRP_464_A"
MET_462_A,"ILE_214_A,ALA_461_A,ALA_463_A"
ALA_463_A,"MET_171_A,MET_462_A,TRP_464_A"
TRP_464_A,"ALA_461_A,ALA_463_A,GLY_465_A"
GLY_465_A,"TRP_464_A,VAL_466_A,SER_484_A"
VAL_466_A,"LYS_459_A,GLY_465_A,VAL_467_A"
VAL_467_A,"VAL_466_A,GLU_468_A,TYR_482_A"
GLU_468_A,"VAL_467_A,ARG_469_A,GLN_479_A,HIS_481_A"
ARG_469_A,"GLU_468_A,LYS_470_A,GLU_502_A"
LYS_470_A,"ARG_469_A,GLN_471_A,GLN_479_A"
GLN_471_A,"LYS_470_A,THR_472_A"
THR_472_A,"GLN_471_A,TYR_473_A"
TYR_473_A,"THR_472_A,GLY_474_A"
GLY_474_A,"TYR_473_A,SER_475_A"
SER_475_A,"GLY_474_A,CYS_476_A"
CYS_476_A,"SER_475_A,ARG_477_A"
ARG_477_A,"GLU_457_A,CYS_476_A,LYS_478_A"
LYS_478_A,"ARG_477_A,GLN_479_A"
GLN_479_A,"GLU_468_A,LYS_470_A,LYS_478_A,ARG_480_A"
ARG_480_A,"GLN_479_A,HIS_481_A,GLU_502_A,ASP_542_A,ARG_545_A"
HIS_481_A,"GLU_468_A,ARG_480_A,TYR_482_A"
TYR_482_A,"VAL_467_A,HIS_481_A,ALA_483_A,LEU_499_A"
ALA_483_A,"TYR_482_A,SER_484_A,VAL_498_A"
SER_484_A,"GLY_465_A,ALA_483_A,HIS_485_A"
HIS_485_A,"LYS_167_A,TRP_454_A,SER_484_A,THR_486_A"
THR_486_A,"TRP_454_A,HIS_485_A,GLY_487_A,VAL_495_A"
GLY_487_A,"THR_486_A,GLY_488_A"
GLY_488_A,"GLY_487_A,ALA_489_A"
ALA_489_A,"ALA_163_A,GLY_488_A,VAL_490_A"
VAL_490_A,"ALA_489_A,GLY_491_A"
GLY_491_A,"VAL_490_A,ALA_492_A"
ALA_492_A,"GLY_491_A,SER_493_A"
SER_493_A,"ALA_492_A,SER_494_A,CYS_523_A,MET_525_A"
SER_494_A,"SER_493_A,VAL_495_A"
VAL_495_A,"THR_486_A,SER_494_A,LEU_496_A,LEU_530_A"
LEU_496_A,"VAL_495_A,LEU_497_A,ILE_518_A"
LEU_497_A,"LEU_496_A,VAL_498_A"
VAL_498_A,"ALA_483_A,LEU_497_A,LEU_499_A"
LEU_499_A,"TYR_482_A,VAL_498_A,ILE_517_A"
PRO_500_A,GLU_501_A
GLU_501_A,"ASP_134_A,PRO_500_A,GLU_502_A,ARG_515_A,ARG_545_A"
GLU_502_A,"ARG_469_A,ARG_480_A,GLU_501_A,LEU_503_A,ASP_542_A"
LEU_503_A,"PHE_423_A,GLU_502_A,ASP_504_A"
ASP_504_A,"LEU_503_A,THR_505_A"
THR_505_A,"ASP_504_A,GLU_506_A,ASN_509_A"
GLU_506_A,"THR_505_A,THR_507_A,ASN_510_A"
THR_507_A,"GLU_506_A,ILE_508_A,LYS_511_A"
ILE_508_A,"THR_507_A,ASN_509_A"
ASN_509_A,"THR_505_A,ILE_508_A,ASN_510_A"
ASN_510_A,"GLU_506_A,ASN_509_A,LYS_511_A"
LYS_511_A,"THR_507_A,ASN_510_A,VAL_512_A,ARG_515_A"
VAL_512_A,LYS_511_A
PRO_514_A,"LEU_415_A,ARG_515_A"
ARG_515_A,"ASP_134_A,GLN_419_A,GLU_501_A,LYS_511_A,PRO_514_A,GLY_516_A,ARG_545_A"
GLY_516_A,"ASP_134_A,ARG_515_A,ILE_517_A"
ILE_517_A,"LEU_499_A,GLY_516_A,ILE_518_A"
ILE_518_A,"LEU_408_A,LEU_496_A,ILE_517_A,VAL_519_A"
VAL_519_A,"ILE_518_A,SER_520_A"
SER_520_A,"GLY_130_A,VAL_519_A,ILE_521_A"
ILE_521_A,"ILE_127_A,SER_520_A,ILE_522_A"
ILE_522_A,"VAL_128_A,MET_160_A,ILE_521_A,CYS_523_A"
CYS_523_A,"SER_493_A,ILE_522_A,ASN_524_A"
ASN_524_A,"CYS_523_A,MET_525_A"
MET_525_A,"ALA_124_A,TYR_377_A,SER_493_A,ASN_524_A,GLN_526_A"
GLN_526_A,"MET_525_A,SER_527_A"
SER_527_A,"GLN_526_A,VAL_528_A"
VAL_528_A,"VAL_122_A,SER_527_A,GLY_529_A"
GLY_529_A,"VAL_528_A,LEU_530_A"
LEU_530_A,"VAL_495_A,GLY_529_A,ASN_531_A"
ASN_531_A,"LEU_530_A,SER_532_A,LEU_535_A"
SER_532_A,"ASN_531_A,THR_533_A,LYS_536_A"
THR_533_A,"SER_532_A,ALA_534_A,ILE_537_A"
ALA_534_A,"THR_533_A,LEU_535_A,ALA_538_A"
LEU_535_A,"ASN_531_A,ALA_534_A,LYS_536_A,LEU_539_A"
LYS_536_A,"SER_532_A,LEU_535_A,ILE_537_A,GLU_540_A"
ILE_537_A,"THR_533_A,LYS_536_A,ALA_538_A,PHE_541_A"
ALA_538_A,"ALA_534_A,ILE_537_A,LEU_539_A,ASP_542_A"
LEU_539_A,"LEU_535_A,ALA_538_A,GLU_540_A,LYS_543_A"
GLU_540_A,"ARG_106_A,LYS_536_A,LEU_539_A,PHE_541_A,LYS_543_A"
PHE_541_A,"PHE_104_A,ILE_108_A,ILE_537_A,GLU_540_A,ASP_542_A"
ASP_542_A,"ARG_480_A,GLU_502_A,ALA_538_A,PHE_541_A,LYS_543_A,ARG_545_A"
LYS_543_A,"ARG_106_A,LEU_539_A,GLU_540_A,ASP_542_A,ASP_544_A"
ASP_544_A,"ARG_106_A,LYS_543_A,ARG_545_A"
ARG_545_A,"ASP_134_A,ARG_480_A,GLU_501_A,ARG_515_A,ASP_542_A,ASP_544_A,SER_546_A"
SER_546_A,ARG_545_A
