residue_id,neighbors
GLU_15_B,VAL_16_B
VAL_16_B,"GLU_15_B,ILE_17_B,THR_44_B,ASN_45_B"
ILE_17_B,"VAL_16_B,THR_18_B,PHE_49_B"
THR_18_B,"ILE_17_B,VAL_19_B,HIS_43_B"
VAL_19_B,"THR_18_B,ARG_20_B,GLN_104_B,LEU_107_B,LEU_111_B"
ARG_20_B,"VAL_19_B,VAL_21_B,GLN_22_B,PHE_41_B,ARG_100_B,GLU_108_B"
VAL_21_B,"ARG_20_B,GLN_22_B,TYR_38_B,ARG_100_B,GLN_104_B,LEU_107_B"
GLN_22_B,"ARG_20_B,VAL_21_B,ASP_23_B,LYS_39_B"
ASP_23_B,"GLN_22_B,ARG_25_B,LYS_39_B,ARG_57_B"
PRO_24_B,"ARG_25_B,TYR_38_B,ILE_96_B"
ARG_25_B,"ASP_23_B,PRO_24_B,VAL_26_B,ARG_57_B"
VAL_26_B,"ARG_25_B,GLN_27_B"
GLN_27_B,"VAL_26_B,ASN_28_B,TYR_35_B"
ASN_28_B,"GLN_27_B,GLU_29_B"
GLU_29_B,"ASN_28_B,GLY_30_B"
GLY_30_B,"GLU_29_B,SER_31_B"
SER_31_B,"GLY_30_B,TRP_32_B"
TRP_32_B,"SER_31_B,ASN_33_B"
ASN_33_B,"TRP_32_B,SER_34_B"
SER_34_B,"ASN_33_B,TYR_35_B"
TYR_35_B,"GLN_27_B,SER_34_B,VAL_36_B"
VAL_36_B,"TYR_35_B,ASP_37_B"
ASP_37_B,"VAL_36_B,TYR_38_B,ARG_57_B"
TYR_38_B,"VAL_21_B,PRO_24_B,ASP_37_B,LYS_39_B,ARG_58_B,LEU_103_B"
LYS_39_B,"GLN_22_B,ASP_23_B,TYR_38_B,ILE_40_B"
ILE_40_B,"LYS_39_B,PHE_41_B,VAL_56_B,ARG_58_B,PHE_63_B,PHE_125_B"
PHE_41_B,"ARG_20_B,ILE_40_B,LEU_42_B"
LEU_42_B,"PHE_41_B,HIS_43_B,SER_54_B"
HIS_43_B,"THR_18_B,LEU_42_B,THR_44_B"
THR_44_B,"VAL_16_B,HIS_43_B,ASN_45_B"
ASN_45_B,"VAL_16_B,THR_44_B,SER_46_B"
SER_46_B,"ASN_45_B,LYS_47_B"
LYS_47_B,"SER_46_B,ALA_48_B"
ALA_48_B,"LYS_47_B,PHE_49_B"
PHE_49_B,"ILE_17_B,ALA_48_B,THR_50_B,LEU_117_B"
THR_50_B,"PHE_49_B,ALA_51_B"
ALA_51_B,"THR_50_B,LYS_52_B,GLN_127_B"
LYS_52_B,"ALA_51_B,THR_53_B"
THR_53_B,"LYS_52_B,SER_54_B"
SER_54_B,"LEU_42_B,THR_53_B,CYS_55_B"
CYS_55_B,"SER_54_B,VAL_56_B"
VAL_56_B,"ILE_40_B,CYS_55_B,ARG_57_B"
ARG_57_B,"ASP_23_B,ARG_25_B,ASP_37_B,VAL_56_B,ARG_58_B"
ARG_58_B,"TYR_38_B,ILE_40_B,ARG_57_B,ARG_59_B,GLU_62_B,PHE_63_B,PHE_125_B,LEU_130_B"
ARG_59_B,"ARG_58_B,TYR_60_B,ARG_61_B,GLU_62_B"
TYR_60_B,"ARG_59_B,ARG_61_B,VAL_64_B"
ARG_61_B,"ARG_59_B,TYR_60_B,GLU_62_B"
GLU_62_B,"ARG_58_B,ARG_59_B,ARG_61_B,PHE_63_B,LEU_66_B"
PHE_63_B,"ILE_40_B,ARG_58_B,GLU_62_B,VAL_64_B,LEU_103_B"
VAL_64_B,"TYR_60_B,PHE_63_B,TRP_65_B,LEU_82_B"
TRP_65_B,"VAL_64_B,LEU_66_B,GLN_69_B,VAL_132_B,ILE_135_B,GLU_136_B"
LEU_66_B,"GLU_62_B,TRP_65_B,ARG_67_B,LEU_70_B,PHE_125_B"
ARG_67_B,"LEU_66_B,LYS_68_B,VAL_79_B,PRO_80_B,GLU_81_B"
LYS_68_B,"ARG_67_B,GLN_69_B"
GLN_69_B,"TRP_65_B,LYS_68_B,LEU_70_B,ARG_72_B"
LEU_70_B,"LEU_66_B,GLN_69_B,GLN_71_B,ALA_74_B"
GLN_71_B,"LEU_70_B,ARG_72_B,VAL_79_B"
ARG_72_B,"GLN_69_B,GLN_71_B,ASN_73_B"
ASN_73_B,"ARG_72_B,ALA_74_B,GLN_121_B"
ALA_74_B,"LEU_70_B,ASN_73_B,GLY_75_B,VAL_77_B,LEU_116_B"
GLY_75_B,"ALA_74_B,LEU_76_B"
LEU_76_B,"GLY_75_B,VAL_77_B"
VAL_77_B,"ALA_74_B,LEU_76_B"
PRO_78_B,VAL_79_B
VAL_79_B,"ARG_67_B,GLN_71_B,PRO_78_B"
PRO_80_B,"ARG_67_B,GLU_81_B,VAL_110_B"
GLU_81_B,"ARG_67_B,PRO_80_B,LEU_82_B"
LEU_82_B,"VAL_64_B,GLU_81_B,PHE_106_B"
PRO_83_B,GLY_84_B
GLY_84_B,"PRO_83_B,LYS_85_B"
LYS_85_B,"GLY_84_B,SER_86_B,ARG_99_B"
SER_86_B,"LYS_85_B,THR_87_B"
THR_87_B,"SER_86_B,PHE_88_B"
PHE_88_B,"THR_87_B,PHE_89_B"
PHE_89_B,"PHE_88_B,GLY_90_B"
GLY_90_B,"PHE_89_B,THR_91_B"
THR_91_B,"GLY_90_B,SER_92_B"
SER_92_B,"THR_91_B,ASP_93_B"
ASP_93_B,"SER_92_B,GLU_94_B"
GLU_94_B,"ASP_93_B,PHE_95_B"
PHE_95_B,"GLU_94_B,ILE_96_B,ARG_99_B"
ILE_96_B,"PRO_24_B,PHE_95_B,GLU_97_B,ARG_100_B"
GLU_97_B,"ILE_96_B,LYS_98_B,ARG_100_B,GLN_101_B"
LYS_98_B,"GLU_97_B,ARG_99_B"
ARG_99_B,"LYS_85_B,PHE_95_B,LYS_98_B,ARG_100_B,GLY_102_B,LEU_103_B"
ARG_100_B,"ARG_20_B,VAL_21_B,ILE_96_B,GLU_97_B,ARG_99_B,GLN_101_B,GLN_104_B"
GLN_101_B,"GLU_97_B,ARG_100_B,GLY_102_B"
GLY_102_B,"ARG_99_B,GLN_101_B,LEU_103_B,PHE_106_B"
LEU_103_B,"TYR_38_B,PHE_63_B,ARG_99_B,GLY_102_B,GLN_104_B"
GLN_104_B,"VAL_19_B,VAL_21_B,ARG_100_B,LEU_103_B,HIS_105_B,GLU_108_B"
HIS_105_B,"GLN_104_B,PHE_106_B,LYS_109_B"
PHE_106_B,"LEU_82_B,GLY_102_B,HIS_105_B,LEU_107_B,VAL_110_B"
LEU_107_B,"VAL_19_B,VAL_21_B,PHE_106_B,GLU_108_B"
GLU_108_B,"ARG_20_B,GLN_104_B,LEU_107_B,LYS_109_B"
LYS_109_B,"HIS_105_B,GLU_108_B,VAL_110_B"
VAL_110_B,"PRO_80_B,PHE_106_B,LYS_109_B,LEU_111_B,LEU_122_B"
LEU_111_B,"VAL_19_B,VAL_110_B,GLN_112_B,LEU_117_B"
GLN_112_B,"LEU_111_B,SER_113_B"
SER_113_B,"GLN_112_B,VAL_114_B,LEU_116_B,LEU_117_B"
VAL_114_B,"SER_113_B,VAL_115_B"
VAL_115_B,"VAL_114_B,LEU_116_B,SER_118_B"
LEU_116_B,"ALA_74_B,SER_113_B,VAL_115_B,LEU_117_B"
LEU_117_B,"PHE_49_B,LEU_111_B,SER_113_B,LEU_116_B,SER_118_B,HIS_123_B"
SER_118_B,"VAL_115_B,LEU_117_B,ASP_119_B"
ASP_119_B,"SER_118_B,SER_120_B,GLN_121_B"
SER_120_B,"ASP_119_B,GLN_121_B"
GLN_121_B,"ASN_73_B,ASP_119_B,SER_120_B,LEU_122_B,VAL_139_B"
LEU_122_B,"VAL_110_B,GLN_121_B,HIS_123_B"
HIS_123_B,"LEU_117_B,LEU_122_B,LEU_124_B,GLN_127_B"
LEU_124_B,"HIS_123_B,PHE_125_B,SER_128_B"
PHE_125_B,"ILE_40_B,ARG_58_B,LEU_66_B,LEU_124_B,LEU_126_B"
LEU_126_B,"PHE_125_B,GLN_127_B"
GLN_127_B,"ALA_51_B,HIS_123_B,LEU_126_B,SER_128_B"
SER_128_B,"LEU_124_B,GLN_127_B,GLN_129_B,LEU_130_B"
GLN_129_B,"SER_128_B,LEU_130_B"
LEU_130_B,"ARG_58_B,SER_128_B,GLN_129_B,SER_131_B,ILE_135_B"
SER_131_B,"LEU_130_B,VAL_132_B,GLU_134_B"
VAL_132_B,"TRP_65_B,SER_131_B"
PRO_133_B,"GLU_134_B,ALA_137_B"
GLU_134_B,"SER_131_B,PRO_133_B,ILE_135_B"
ILE_135_B,"TRP_65_B,LEU_130_B,GLU_134_B,GLU_136_B"
GLU_136_B,"TRP_65_B,ILE_135_B,ALA_137_B,GLN_140_B"
ALA_137_B,"PRO_133_B,GLU_136_B,CYS_138_B,GLY_141_B"
CYS_138_B,"ALA_137_B,VAL_139_B"
VAL_139_B,"GLN_121_B,CYS_138_B,GLN_140_B"
GLN_140_B,"GLU_136_B,VAL_139_B,GLY_141_B"
GLY_141_B,"ALA_137_B,GLN_140_B,ARG_142_B"
ARG_142_B,GLY_141_B
