residue_id,neighbors
MET_1_A,"LEU_2_A,TYR_3_A"
LEU_2_A,"MET_1_A,TYR_3_A,TYR_33_A"
TYR_3_A,"MET_1_A,LEU_2_A,ILE_4_A,GLU_6_A"
ILE_4_A,"TYR_3_A,ASP_5_A,LYS_8_A,LEU_58_A"
ASP_5_A,"ILE_4_A,GLU_6_A,LYS_8_A,GLU_9_A"
GLU_6_A,"TYR_3_A,ASP_5_A,PHE_7_A"
PHE_7_A,"GLU_6_A,LYS_8_A,ILE_11_A,ILE_16_A,VAL_54_A,MET_55_A,LEU_58_A"
LYS_8_A,"ILE_4_A,ASP_5_A,PHE_7_A,GLU_9_A,ASP_12_A,MET_55_A,ASP_59_A"
GLU_9_A,"ASP_5_A,LYS_8_A,ALA_10_A,LYS_13_A"
ALA_10_A,"GLU_9_A,ILE_11_A,TYR_15_A,ILE_16_A"
ILE_11_A,"PHE_7_A,ALA_10_A,ASP_12_A,VAL_51_A,MET_55_A"
ASP_12_A,"LYS_8_A,ILE_11_A,LYS_13_A"
LYS_13_A,"GLU_9_A,ASP_12_A,GLY_14_A,TYR_15_A"
GLY_14_A,"LYS_13_A,TYR_15_A"
TYR_15_A,"ALA_10_A,LYS_13_A,GLY_14_A,ILE_16_A"
ILE_16_A,"PHE_7_A,ALA_10_A,TYR_15_A,LEU_17_A,LEU_35_A"
LEU_17_A,"ILE_16_A,GLY_18_A"
GLY_18_A,"LEU_17_A,ASP_19_A"
ASP_19_A,"GLY_18_A,THR_20_A,ARG_50_A,VAL_51_A,GLU_52_A"
THR_20_A,"ASP_19_A,VAL_21_A"
VAL_21_A,"THR_20_A,ALA_22_A,GLU_49_A"
ALA_22_A,"VAL_21_A,ILE_23_A,VAL_34_A"
ILE_23_A,"ALA_22_A,VAL_24_A,THR_47_A"
VAL_24_A,"ILE_23_A,ARG_25_A,PHE_31_A,ASP_32_A,VAL_34_A"
ARG_25_A,"VAL_24_A,LYS_26_A,GLU_49_A,GLU_57_A"
LYS_26_A,"ARG_25_A,ASN_27_A,LYS_29_A,GLU_44_A"
ASN_27_A,"LYS_26_A,GLY_28_A"
GLY_28_A,"ASN_27_A,LYS_29_A"
LYS_29_A,"LYS_26_A,GLY_28_A,ILE_30_A"
ILE_30_A,"LYS_29_A,PHE_31_A"
PHE_31_A,"VAL_24_A,ILE_30_A,ASP_32_A"
ASP_32_A,"VAL_24_A,PHE_31_A,TYR_33_A,GLU_44_A"
TYR_33_A,"LEU_2_A,ASP_32_A,VAL_34_A,LEU_35_A"
VAL_34_A,"ALA_22_A,VAL_24_A,TYR_33_A,LEU_35_A,VAL_40_A"
LEU_35_A,"ILE_16_A,TYR_33_A,VAL_34_A,GLU_38_A"
PRO_36_A,HIS_37_A
HIS_37_A,"PRO_36_A,GLU_38_A"
GLU_38_A,"LEU_35_A,HIS_37_A,LYS_39_A"
LYS_39_A,"GLU_38_A,VAL_40_A"
VAL_40_A,"VAL_34_A,LYS_39_A,ARG_41_A"
ARG_41_A,"VAL_40_A,ASP_42_A,GLU_44_A"
ASP_42_A,"ARG_41_A,ASP_43_A"
ASP_43_A,"ASP_42_A,GLU_44_A"
GLU_44_A,"LYS_26_A,ASP_32_A,ARG_41_A,ASP_43_A,VAL_45_A"
VAL_45_A,"GLU_44_A,VAL_46_A"
VAL_46_A,"VAL_45_A,THR_47_A"
THR_47_A,"ILE_23_A,VAL_46_A,VAL_48_A,GLU_49_A"
VAL_48_A,"THR_47_A,GLU_49_A"
GLU_49_A,"VAL_21_A,ARG_25_A,THR_47_A,VAL_48_A,ARG_50_A,GLU_57_A"
ARG_50_A,"ASP_19_A,GLU_49_A,VAL_51_A,GLU_52_A,GLU_53_A,VAL_54_A"
VAL_51_A,"ILE_11_A,ASP_19_A,ARG_50_A,GLU_52_A,MET_55_A"
GLU_52_A,"ASP_19_A,ARG_50_A,VAL_51_A,GLU_53_A,VAL_56_A"
GLU_53_A,"ARG_50_A,GLU_52_A,VAL_54_A,GLU_57_A"
VAL_54_A,"PHE_7_A,ARG_50_A,GLU_53_A,MET_55_A,LEU_58_A"
MET_55_A,"PHE_7_A,LYS_8_A,ILE_11_A,VAL_51_A,VAL_54_A,VAL_56_A,ASP_59_A"
VAL_56_A,"GLU_52_A,MET_55_A,GLU_57_A"
GLU_57_A,"ARG_25_A,GLU_49_A,GLU_53_A,VAL_56_A,LEU_58_A"
LEU_58_A,"ILE_4_A,PHE_7_A,VAL_54_A,GLU_57_A,ASP_59_A"
ASP_59_A,"LYS_8_A,MET_55_A,LEU_58_A,LYS_60_A"
LYS_60_A,ASP_59_A
