residue_id,neighbors
GLN_6_A,LEU_7_A
LEU_7_A,"GLN_6_A,THR_8_A,TRP_121_A"
THR_8_A,"LEU_7_A,GLU_9_A,GLU_12_A"
GLU_9_A,"THR_8_A,ASP_10_A"
ASP_10_A,"GLU_9_A,GLN_11_A"
GLN_11_A,"ASP_10_A,GLU_12_A,TRP_121_A"
GLU_12_A,"THR_8_A,GLN_11_A,VAL_13_A,LYS_16_A,TRP_358_A,TYR_369_A"
VAL_13_A,"GLU_12_A,VAL_14_A,GLN_17_A"
VAL_14_A,"VAL_13_A,LEU_15_A,ILE_18_A"
LEU_15_A,"VAL_14_A,LYS_16_A,TRP_358_A"
LYS_16_A,"GLU_12_A,LEU_15_A,GLN_17_A,THR_20_A,ILE_35_A,TRP_358_A,TYR_369_A"
GLN_17_A,"VAL_13_A,LYS_16_A,ILE_18_A,ILE_35_A,PHE_36_A"
ILE_18_A,"VAL_14_A,GLN_17_A,TRP_19_A,ILE_112_A,LEU_130_A"
TRP_19_A,"ILE_18_A,THR_20_A,PHE_23_A,PRO_108_A,ASP_109_A"
THR_20_A,"LYS_16_A,TRP_19_A,HIS_21_A,HIS_24_A"
HIS_21_A,"THR_20_A,LEU_22_A,HIS_76_A,HIS_84_A,ASP_124_A,ILE_127_A"
LEU_22_A,"HIS_21_A,PHE_23_A,TRP_26_A"
PHE_23_A,"TRP_19_A,LEU_22_A,HIS_24_A,GLN_27_A,VAL_28_A,VAL_30_A,LEU_352_A,THR_355_A"
HIS_24_A,"THR_20_A,PHE_23_A,LEU_25_A,TYR_78_A"
LEU_25_A,"HIS_24_A,TRP_26_A"
TRP_26_A,"LEU_22_A,LEU_25_A,GLN_27_A,LYS_96_A,PHE_99_A"
GLN_27_A,"PHE_23_A,TRP_26_A,VAL_28_A"
VAL_28_A,"PHE_23_A,GLN_27_A"
PRO_29_A,VAL_30_A
VAL_30_A,"PHE_23_A,PRO_29_A,ASP_31_A"
ASP_31_A,"VAL_30_A,GLY_32_A,THR_33_A,HIS_34_A,LYS_80_A,GLU_360_A"
GLY_32_A,"ASP_31_A,THR_33_A,TYR_78_A"
THR_33_A,"ASP_31_A,GLY_32_A,HIS_34_A"
HIS_34_A,"ASP_31_A,THR_33_A,ILE_35_A"
ILE_35_A,"LYS_16_A,GLN_17_A,HIS_34_A,PHE_36_A"
PHE_36_A,"GLN_17_A,ILE_35_A,TYR_78_A"
HIS_76_A,"HIS_21_A,LEU_77_A,HIS_84_A,LYS_85_A,ASP_124_A"
LEU_77_A,"HIS_76_A,TYR_78_A"
TYR_78_A,"HIS_24_A,GLY_32_A,PHE_36_A,LEU_77_A,GLU_79_A"
GLU_79_A,"TYR_78_A,LYS_80_A,LYS_82_A"
LYS_80_A,"ASP_31_A,GLU_79_A,GLY_81_A"
GLY_81_A,"LYS_80_A,LYS_82_A"
LYS_82_A,"GLU_79_A,GLY_81_A,ILE_83_A"
ILE_83_A,"LYS_82_A,HIS_84_A"
HIS_84_A,"HIS_21_A,HIS_76_A,ILE_83_A,LYS_85_A,LEU_87_A,ALA_88_A,ASP_124_A"
LYS_85_A,"HIS_76_A,HIS_84_A,ALA_86_A,ASP_124_A"
ALA_86_A,"LYS_85_A,LEU_87_A"
LEU_87_A,"HIS_84_A,ALA_86_A,ALA_88_A,ASN_89_A"
ALA_88_A,"HIS_84_A,LEU_87_A,ASN_89_A"
ASN_89_A,"LEU_87_A,ALA_88_A,LEU_90_A"
LEU_90_A,"ASN_89_A,ASP_91_A,THR_95_A"
ASP_91_A,"LEU_90_A,THR_94_A,THR_95_A"
PRO_92_A,GLN_93_A
GLN_93_A,"PRO_92_A,THR_94_A"
THR_94_A,"ASP_91_A,GLN_93_A,THR_95_A,GLN_98_A"
THR_95_A,"LEU_90_A,ASP_91_A,THR_94_A,LYS_96_A,PHE_99_A"
LYS_96_A,"TRP_26_A,THR_95_A,LYS_97_A"
LYS_97_A,"LYS_96_A,GLN_98_A,GLU_345_A"
GLN_98_A,"THR_94_A,LYS_97_A,PHE_99_A"
PHE_99_A,"TRP_26_A,THR_95_A,GLN_98_A,TRP_100_A,ILE_103_A"
TRP_100_A,"PHE_99_A,HIS_101_A,ILE_103_A,PRO_108_A,VAL_348_A,PHE_351_A"
HIS_101_A,"TRP_100_A,ASP_102_A,GLU_341_A,GLU_345_A"
ASP_102_A,"HIS_101_A,ILE_103_A,LYS_104_A,ARG_137_A,GLU_208_A"
ILE_103_A,"PHE_99_A,TRP_100_A,ASP_102_A,LYS_104_A,ARG_344_A"
LYS_104_A,"ASP_102_A,ILE_103_A,ASN_105_A,GLU_208_A,TYR_387_A"
ASN_105_A,"LYS_104_A,GLU_106_A,LYS_211_A"
GLU_106_A,"ASN_105_A,THR_107_A,LYS_114_A,LYS_211_A"
THR_107_A,"GLU_106_A,ALA_110_A,THR_111_A"
PRO_108_A,"TRP_19_A,TRP_100_A,ASP_109_A,PHE_351_A"
ASP_109_A,"TRP_19_A,PRO_108_A,ALA_110_A,LEU_113_A,ARG_376_A"
ALA_110_A,"THR_107_A,ASP_109_A,THR_111_A"
THR_111_A,"THR_107_A,ALA_110_A,ILE_112_A"
ILE_112_A,"ILE_18_A,THR_111_A,LEU_113_A,PHE_115_A,ILE_116_A"
LEU_113_A,"ASP_109_A,ILE_112_A,LYS_114_A,ARG_117_A,TRP_121_A"
LYS_114_A,"GLU_106_A,LEU_113_A,PHE_115_A,ALA_220_A"
PHE_115_A,"ILE_112_A,LYS_114_A,ILE_116_A,MET_129_A,LEU_130_A,PRO_253_A"
ILE_116_A,"ILE_112_A,PHE_115_A,ARG_117_A,TRP_121_A,THR_126_A"
ARG_117_A,"LEU_113_A,ILE_116_A,ALA_118_A,GLU_254_A"
ALA_118_A,"ARG_117_A,ARG_119_A,LYS_120_A,PRO_253_A"
ARG_119_A,"ALA_118_A,LYS_120_A,MET_129_A,ASP_280_A"
LYS_120_A,"ALA_118_A,ARG_119_A,TRP_121_A,ASP_280_A"
TRP_121_A,"LEU_7_A,GLN_11_A,LEU_113_A,ILE_116_A,LYS_120_A,ASN_122_A"
ASN_122_A,"TRP_121_A,ALA_123_A,LYS_125_A,THR_126_A"
ALA_123_A,"ASN_122_A,ASP_124_A,ILE_127_A"
ASP_124_A,"HIS_21_A,HIS_76_A,HIS_84_A,LYS_85_A,ALA_123_A,LYS_125_A"
LYS_125_A,"ASN_122_A,ASP_124_A,THR_126_A"
THR_126_A,"ILE_116_A,ASN_122_A,LYS_125_A,ILE_127_A,LEU_130_A"
ILE_127_A,"HIS_21_A,ALA_123_A,THR_126_A,ALA_128_A,GLY_131_A"
ALA_128_A,"ILE_127_A,MET_129_A,HIS_132_A"
MET_129_A,"PHE_115_A,ARG_119_A,ALA_128_A,LEU_130_A,ASP_133_A,PRO_253_A"
LEU_130_A,"ILE_18_A,PHE_115_A,THR_126_A,MET_129_A,GLY_131_A,LEU_134_A"
GLY_131_A,"ILE_127_A,LEU_130_A,HIS_132_A,TYR_135_A"
HIS_132_A,"ALA_128_A,GLY_131_A,ASP_133_A"
ASP_133_A,"MET_129_A,HIS_132_A,LEU_134_A,ARG_137_A,HIS_251_A"
LEU_134_A,"LEU_130_A,ASP_133_A,TYR_135_A"
TYR_135_A,"GLY_131_A,LEU_134_A,TRP_136_A"
TRP_136_A,"TYR_135_A,ARG_137_A,LEU_204_A,HIS_251_A"
ARG_137_A,"ASP_102_A,ASP_133_A,TRP_136_A,LYS_138_A,THR_140_A,GLU_208_A,LYS_211_A,HIS_251_A"
LYS_138_A,"ARG_137_A,ASP_139_A"
ASP_139_A,"LYS_138_A,THR_140_A,LYS_143_A"
THR_140_A,"ARG_137_A,ASP_139_A,ILE_141_A"
ILE_141_A,"THR_140_A,ASN_142_A,LEU_204_A,GLU_208_A"
ASN_142_A,"ILE_141_A,LYS_143_A,ASN_146_A"
LYS_143_A,"ASP_139_A,ASN_142_A,ILE_144_A,GLY_147_A"
ILE_144_A,"LYS_143_A,ILE_145_A,GLY_148_A,LEU_205_A"
ILE_145_A,"ILE_144_A,ASN_146_A,GLN_209_A"
ASN_146_A,"ASN_142_A,ILE_145_A,GLY_147_A,SER_396_A"
GLY_147_A,"LYS_143_A,ASN_146_A,GLY_148_A"
GLY_148_A,"ILE_144_A,GLY_147_A,GLU_149_A"
GLU_149_A,"GLY_148_A,ARG_150_A,TYR_153_A,PRO_323_A,VAL_399_A"
ARG_150_A,"GLU_149_A,ALA_151_A,GLU_154_A,PRO_323_A,ASP_328_A"
ALA_151_A,"ARG_150_A,VAL_152_A"
VAL_152_A,"ALA_151_A,TYR_153_A,VAL_160_A,ILE_161_A"
TYR_153_A,"GLU_149_A,VAL_152_A,GLU_154_A,ILE_161_A,GLU_165_A"
GLU_154_A,"ARG_150_A,TYR_153_A,ASN_155_A"
ASN_155_A,"GLU_154_A,ASN_156_A,GLU_157_A"
ASN_156_A,"ASN_155_A,GLU_157_A,THR_158_A"
GLU_157_A,"ASN_155_A,ASN_156_A,THR_158_A,VAL_160_A,ILE_161_A,LYS_201_A"
THR_158_A,"ASN_156_A,GLU_157_A,GLY_159_A,LYS_162_A"
GLY_159_A,"THR_158_A,VAL_160_A,ASN_163_A,GLU_198_A"
VAL_160_A,"VAL_152_A,GLU_157_A,GLY_159_A,ILE_161_A,LEU_164_A"
ILE_161_A,"VAL_152_A,TYR_153_A,GLU_157_A,VAL_160_A,LYS_162_A,GLU_165_A"
LYS_162_A,"THR_158_A,ILE_161_A,ASN_163_A,LEU_166_A,ASP_193_A"
ASN_163_A,"GLY_159_A,LYS_162_A,LEU_164_A,LYS_168_A,GLN_194_A,PHE_202_A"
LEU_164_A,"VAL_160_A,ASN_163_A,GLU_165_A"
GLU_165_A,"TYR_153_A,ILE_161_A,LEU_164_A,LEU_166_A"
LEU_166_A,"LYS_162_A,GLU_165_A,GLN_167_A"
GLN_167_A,"LEU_166_A,LYS_168_A,THR_170_A,ARG_185_A,ASP_316_A,TYR_320_A"
LYS_168_A,"ASN_163_A,GLN_167_A,ALA_169_A,ARG_185_A,HIS_189_A,ASP_193_A"
ALA_169_A,"LYS_168_A,THR_170_A"
THR_170_A,"GLN_167_A,ALA_169_A,ILE_171_A,GLN_172_A,LEU_183_A"
ILE_171_A,"THR_170_A,GLN_172_A,GLN_209_A,PHE_213_A,TYR_400_A"
GLN_172_A,"THR_170_A,ILE_171_A,GLY_173_A,VAL_181_A,ASN_313_A,ASN_315_A"
GLY_173_A,"GLN_172_A,TYR_174_A,VAL_181_A"
TYR_174_A,"GLY_173_A,ASP_175_A,PHE_213_A"
ASP_175_A,"TYR_174_A,ASN_176_A,ASP_177_A,ARG_179_A,VAL_181_A,THR_223_A,HIS_258_A"
ASN_176_A,"ASP_175_A,ASP_177_A,LYS_298_A,PHE_299_A"
ASP_177_A,"ASP_175_A,ASN_176_A,MET_178_A,ARG_179_A,HIS_258_A"
MET_178_A,"ASP_177_A,ARG_179_A,TYR_218_A"
ARG_179_A,"ASP_175_A,ASP_177_A,MET_178_A,HIS_258_A"
PRO_180_A,"VAL_181_A,PHE_213_A,THR_223_A"
VAL_181_A,"GLN_172_A,GLY_173_A,ASP_175_A,PRO_180_A,ILE_182_A"
ILE_182_A,"VAL_181_A,LEU_183_A,THR_222_A,THR_223_A,ILE_224_A,LEU_225_A"
LEU_183_A,"THR_170_A,ILE_182_A,VAL_184_A"
VAL_184_A,"LEU_183_A,ARG_185_A,LEU_225_A,PHE_226_A,ASP_227_A"
ARG_185_A,"GLN_167_A,LYS_168_A,VAL_184_A,ARG_187_A,ASP_227_A,ASP_318_A"
PRO_186_A,"ARG_187_A,HIS_189_A,LEU_228_A"
ARG_187_A,"ARG_185_A,PRO_186_A,LEU_188_A,ASP_227_A,ASP_318_A"
LEU_188_A,"ARG_187_A,HIS_189_A"
HIS_189_A,"LYS_168_A,PRO_186_A,LEU_188_A,HIS_190_A,ASN_235_A,ASP_237_A"
HIS_190_A,"HIS_189_A,SER_191_A,ASP_193_A,GLN_194_A"
SER_191_A,"HIS_190_A,SER_192_A"
SER_192_A,"SER_191_A,ASP_193_A"
ASP_193_A,"LYS_162_A,LYS_168_A,HIS_190_A,SER_192_A,GLN_194_A"
GLN_194_A,"ASN_163_A,HIS_190_A,ASP_193_A,THR_195_A,LEU_199_A"
THR_195_A,"GLN_194_A,GLU_196_A,GLN_197_A,GLU_198_A,LEU_199_A"
GLU_196_A,"THR_195_A,GLN_197_A,GLU_200_A,ASP_237_A"
GLN_197_A,"THR_195_A,GLU_196_A,GLU_198_A"
GLU_198_A,"GLY_159_A,THR_195_A,GLN_197_A,LEU_199_A,PHE_202_A"
LEU_199_A,"GLN_194_A,THR_195_A,GLU_198_A,GLU_200_A,SER_203_A,PRO_240_A"
GLU_200_A,"GLU_196_A,LEU_199_A,LYS_201_A,PHE_243_A"
LYS_201_A,"GLU_157_A,GLU_200_A,PHE_202_A,LEU_205_A"
PHE_202_A,"ASN_163_A,GLU_198_A,LYS_201_A,SER_203_A,VAL_206_A"
SER_203_A,"LEU_199_A,PHE_202_A,LEU_204_A"
LEU_204_A,"TRP_136_A,ILE_141_A,SER_203_A,LEU_205_A,TYR_252_A"
LEU_205_A,"ILE_144_A,LYS_201_A,LEU_204_A,VAL_206_A,GLN_209_A"
VAL_206_A,"PHE_202_A,LEU_205_A,ILE_207_A,SER_210_A"
ILE_207_A,"VAL_206_A,GLU_208_A,SER_210_A,PHE_248_A"
GLU_208_A,"ASP_102_A,LYS_104_A,ARG_137_A,ILE_141_A,ILE_207_A,GLN_209_A,LYS_211_A,TYR_252_A"
GLN_209_A,"ILE_145_A,ILE_171_A,LEU_205_A,GLU_208_A,SER_210_A"
SER_210_A,"VAL_206_A,ILE_207_A,GLN_209_A,LYS_211_A,PHE_213_A"
LYS_211_A,"ASN_105_A,GLU_106_A,ARG_137_A,GLU_208_A,SER_210_A,LEU_212_A"
LEU_212_A,"LYS_211_A,PHE_213_A"
PHE_213_A,"ILE_171_A,TYR_174_A,PRO_180_A,SER_210_A,LEU_212_A,PHE_214_A,TYR_400_A"
PHE_214_A,"PHE_213_A,LYS_215_A,ALA_220_A"
LYS_215_A,"PHE_214_A,GLU_216_A"
GLU_216_A,"LYS_215_A,ASN_217_A"
ASN_217_A,"GLU_216_A,TYR_218_A"
TYR_218_A,"MET_178_A,ASN_217_A"
PRO_219_A,ALA_220_A
ALA_220_A,"LYS_114_A,PHE_214_A,PRO_219_A,SER_221_A"
SER_221_A,"ALA_220_A,THR_222_A"
THR_222_A,"ILE_182_A,SER_221_A,THR_223_A,ILE_224_A,SER_255_A,GLY_257_A"
THR_223_A,"ASP_175_A,PRO_180_A,ILE_182_A,THR_222_A,ILE_224_A"
ILE_224_A,"ILE_182_A,THR_222_A,THR_223_A,LEU_225_A,PHE_226_A,HIS_258_A,LEU_260_A"
LEU_225_A,"ILE_182_A,VAL_184_A,ILE_224_A,PHE_226_A"
PHE_226_A,"VAL_184_A,ILE_224_A,LEU_225_A,ASP_227_A,LEU_259_A,LEU_260_A,HIS_262_A"
ASP_227_A,"VAL_184_A,ARG_185_A,ARG_187_A,PHE_226_A,LEU_228_A,HIS_262_A,TYR_308_A"
LEU_228_A,"PRO_186_A,ASP_227_A,ASN_229_A,ILE_261_A,HIS_262_A,PHE_268_A"
ASN_229_A,"LEU_228_A,GLY_230_A"
GLY_230_A,"ASN_229_A,PHE_231_A"
PHE_231_A,"GLY_230_A,SER_232_A,ASN_235_A,ILE_271_A"
SER_232_A,"PHE_231_A,MET_233_A,ASN_235_A"
MET_233_A,"SER_232_A,SER_234_A"
SER_234_A,"MET_233_A,ASN_235_A"
ASN_235_A,"HIS_189_A,PHE_231_A,SER_232_A,SER_234_A,MET_236_A,ASP_237_A"
MET_236_A,"ASN_235_A,ASP_237_A,ILE_271_A"
ASP_237_A,"HIS_189_A,GLU_196_A,ASN_235_A,MET_236_A,TYR_238_A"
TYR_238_A,"ASP_237_A,ALA_239_A,LYS_242_A,TRP_278_A"
ALA_239_A,TYR_238_A
PRO_240_A,"LEU_199_A,VAL_241_A,LEU_244_A"
VAL_241_A,"PRO_240_A,LYS_242_A"
LYS_242_A,"TYR_238_A,VAL_241_A,PHE_243_A,THR_246_A,TRP_278_A"
PHE_243_A,"GLU_200_A,LYS_242_A,LEU_244_A,CYS_247_A"
LEU_244_A,"PRO_240_A,PHE_243_A,ILE_245_A,PHE_248_A"
ILE_245_A,"LEU_244_A,THR_246_A,LEU_279_A"
THR_246_A,"LYS_242_A,ILE_245_A,CYS_247_A"
CYS_247_A,"PHE_243_A,THR_246_A,PHE_248_A,HIS_251_A"
PHE_248_A,"ILE_207_A,LEU_244_A,CYS_247_A,GLU_249_A,TYR_252_A"
GLU_249_A,"PHE_248_A,ALA_250_A,ASP_280_A"
ALA_250_A,"GLU_249_A,HIS_251_A"
HIS_251_A,"ASP_133_A,TRP_136_A,ARG_137_A,CYS_247_A,ALA_250_A,TYR_252_A"
TYR_252_A,"LEU_204_A,GLU_208_A,PHE_248_A,HIS_251_A,SER_255_A"
PRO_253_A,"PHE_115_A,ALA_118_A,MET_129_A,GLU_254_A"
GLU_254_A,"ARG_117_A,PRO_253_A,SER_255_A,LYS_286_A"
SER_255_A,"THR_222_A,TYR_252_A,GLU_254_A,LEU_256_A"
LEU_256_A,"SER_255_A,GLY_257_A,LYS_286_A"
GLY_257_A,"THR_222_A,LEU_256_A,HIS_258_A"
HIS_258_A,"ASP_175_A,ASP_177_A,ARG_179_A,ILE_224_A,GLY_257_A,LEU_259_A"
LEU_259_A,"PHE_226_A,HIS_258_A,LEU_260_A,ILE_261_A,VAL_288_A"
LEU_260_A,"ILE_224_A,PHE_226_A,LEU_259_A,ILE_261_A"
ILE_261_A,"LEU_228_A,LEU_259_A,LEU_260_A,HIS_262_A,VAL_288_A,PHE_289_A,THR_290_A"
HIS_262_A,"PHE_226_A,ASP_227_A,LEU_228_A,ILE_261_A,LYS_263_A,THR_290_A"
LYS_263_A,"HIS_262_A,ALA_264_A,THR_290_A,LYS_291_A"
ALA_264_A,LYS_263_A
PRO_265_A,"TRP_266_A,ILE_267_A,PHE_268_A"
TRP_266_A,"PRO_265_A,ILE_267_A,ASN_269_A"
ILE_267_A,"PRO_265_A,TRP_266_A,PHE_268_A"
PHE_268_A,"LEU_228_A,PRO_265_A,ILE_267_A,ASN_269_A,TRP_272_A"
ASN_269_A,"TRP_266_A,PHE_268_A"
PRO_270_A,ILE_271_A
ILE_271_A,"PHE_231_A,MET_236_A,PRO_270_A,TRP_272_A,ILE_275_A"
TRP_272_A,"PHE_268_A,ILE_271_A,ASN_273_A,LYS_276_A,ILE_287_A,PHE_289_A"
ASN_273_A,"TRP_272_A,ILE_274_A,LYS_276_A"
ILE_274_A,"ASN_273_A,ILE_275_A,TRP_278_A"
ILE_275_A,"ILE_271_A,ILE_274_A,LYS_276_A,TRP_278_A"
LYS_276_A,"TRP_272_A,ASN_273_A,ILE_275_A,ASN_277_A"
ASN_277_A,"LYS_276_A,TRP_278_A"
TRP_278_A,"TYR_238_A,LYS_242_A,ILE_274_A,ILE_275_A,ASN_277_A,LEU_279_A"
LEU_279_A,"ILE_245_A,TRP_278_A,ASP_280_A,ILE_287_A"
ASP_280_A,"ARG_119_A,LYS_120_A,GLU_249_A,LEU_279_A,VAL_282_A,ALA_284_A"
PRO_281_A,"VAL_282_A,SER_285_A"
VAL_282_A,"ASP_280_A,PRO_281_A,VAL_283_A,SER_285_A"
VAL_283_A,"VAL_282_A,ALA_284_A"
ALA_284_A,"ASP_280_A,VAL_283_A,SER_285_A"
SER_285_A,"PRO_281_A,VAL_282_A,ALA_284_A,LYS_286_A"
LYS_286_A,"GLU_254_A,LEU_256_A,SER_285_A,ILE_287_A"
ILE_287_A,"TRP_272_A,LEU_279_A,LYS_286_A,VAL_288_A"
VAL_288_A,"LEU_259_A,ILE_261_A,ILE_287_A,PHE_289_A"
PHE_289_A,"ILE_261_A,TRP_272_A,VAL_288_A,THR_290_A"
THR_290_A,"ILE_261_A,HIS_262_A,LYS_263_A,PHE_289_A,LYS_291_A"
LYS_291_A,"LYS_263_A,THR_290_A,ASN_292_A,GLU_295_A"
ASN_292_A,"LYS_291_A,ILE_293_A,GLU_295_A"
ILE_293_A,"ASN_292_A,ASP_294_A"
ASP_294_A,"ILE_293_A,GLU_295_A,HIS_297_A"
GLU_295_A,"LYS_291_A,ASN_292_A,ASP_294_A,LEU_296_A"
LEU_296_A,"GLU_295_A,HIS_297_A,PHE_299_A,ILE_300_A"
HIS_297_A,"ASP_294_A,LEU_296_A,LYS_298_A"
LYS_298_A,"ASN_176_A,HIS_297_A,PHE_299_A"
PHE_299_A,"ASN_176_A,LEU_296_A,LYS_298_A,ILE_300_A"
ILE_300_A,"LEU_296_A,PHE_299_A,GLN_301_A,ILE_305_A"
GLN_301_A,"ILE_300_A,TYR_304_A"
PRO_302_A,"GLN_303_A,GLU_312_A"
GLN_303_A,"PRO_302_A,TYR_304_A"
TYR_304_A,"GLN_301_A,GLN_303_A,ILE_305_A"
ILE_305_A,"ILE_300_A,TYR_304_A,ASN_313_A"
PRO_306_A,"ARG_307_A,TYR_308_A,LEU_309_A"
ARG_307_A,"PRO_306_A,TYR_308_A,GLY_310_A,GLU_312_A,ASN_313_A,ASP_314_A"
TYR_308_A,"ASP_227_A,PRO_306_A,ARG_307_A,LEU_309_A,LEU_317_A"
LEU_309_A,"PRO_306_A,TYR_308_A,GLY_310_A"
GLY_310_A,"ARG_307_A,LEU_309_A,GLY_311_A"
GLY_311_A,"GLY_310_A,GLU_312_A"
GLU_312_A,"PRO_302_A,ARG_307_A,GLY_311_A,ASN_313_A"
ASN_313_A,"GLN_172_A,ILE_305_A,ARG_307_A,GLU_312_A,ASP_314_A,ASN_315_A"
ASP_314_A,"ARG_307_A,ASN_313_A,ASN_315_A"
ASN_315_A,"GLN_172_A,ASN_313_A,ASP_314_A,ASP_316_A"
ASP_316_A,"GLN_167_A,ASN_315_A,LEU_317_A,ASP_318_A,HIS_319_A"
LEU_317_A,"TYR_308_A,ASP_316_A,ASP_318_A"
ASP_318_A,"ARG_185_A,ARG_187_A,ASP_316_A,LEU_317_A,HIS_319_A"
HIS_319_A,"ASP_316_A,ASP_318_A,TYR_320_A"
TYR_320_A,"GLN_167_A,HIS_319_A,THR_321_A,PRO_322_A,VAL_399_A"
THR_321_A,TYR_320_A
PRO_322_A,TYR_320_A
PRO_323_A,"GLU_149_A,ARG_150_A,ASP_324_A,TYR_402_A"
ASP_324_A,"PRO_323_A,GLY_325_A,SER_326_A"
GLY_325_A,"ASP_324_A,SER_326_A"
SER_326_A,"ASP_324_A,GLY_325_A,LEU_327_A"
LEU_327_A,"SER_326_A,ASP_328_A,ARG_397_A,TYR_402_A"
ASP_328_A,"ARG_150_A,LEU_327_A,VAL_329_A,LEU_331_A,SER_396_A,ARG_397_A"
VAL_329_A,"ASP_328_A,HIS_330_A"
HIS_330_A,"VAL_329_A,LEU_331_A,ASP_333_A,TYR_393_A"
LEU_331_A,"ASP_328_A,HIS_330_A,LYS_332_A"
LYS_332_A,"LEU_331_A,ASP_333_A,THR_334_A"
ASP_333_A,"HIS_330_A,LYS_332_A,THR_334_A,THR_336_A"
THR_334_A,"LYS_332_A,ASP_333_A,GLU_335_A,ALA_338_A"
GLU_335_A,"THR_334_A,THR_336_A"
THR_336_A,"ASP_333_A,GLU_335_A,ARG_337_A,TYR_393_A"
ARG_337_A,"THR_336_A,ALA_338_A,GLU_341_A"
ALA_338_A,"THR_334_A,ARG_337_A,MET_339_A,LYS_342_A"
MET_339_A,"ALA_338_A,ILE_340_A"
ILE_340_A,"MET_339_A,GLU_341_A,ARG_344_A,LEU_390_A,TYR_393_A"
GLU_341_A,"HIS_101_A,ARG_337_A,ILE_340_A,LYS_342_A,GLU_345_A,LEU_390_A"
LYS_342_A,"ALA_338_A,GLU_341_A,GLU_343_A,GLU_346_A"
GLU_343_A,"LYS_342_A,ARG_344_A,LYS_389_A"
ARG_344_A,"ILE_103_A,ILE_340_A,GLU_343_A,GLU_345_A,VAL_348_A"
GLU_345_A,"LYS_97_A,HIS_101_A,GLU_341_A,ARG_344_A,GLU_346_A,GLU_349_A"
GLU_346_A,"LYS_342_A,GLU_345_A,LEU_347_A"
LEU_347_A,"GLU_346_A,VAL_348_A,PHE_351_A,LEU_383_A"
VAL_348_A,"TRP_100_A,ARG_344_A,LEU_347_A,GLU_349_A,LEU_352_A"
GLU_349_A,"GLU_345_A,VAL_348_A,GLN_350_A"
GLN_350_A,"GLU_349_A,PHE_351_A,VAL_354_A"
PHE_351_A,"TRP_100_A,PRO_108_A,LEU_347_A,GLN_350_A,LEU_352_A,THR_355_A"
LEU_352_A,"PHE_23_A,VAL_348_A,PHE_351_A,THR_353_A,ALA_356_A"
THR_353_A,"LEU_352_A,VAL_354_A,GLN_357_A"
VAL_354_A,"GLN_350_A,THR_353_A,THR_355_A,TRP_358_A,ARG_376_A"
THR_355_A,"PHE_23_A,PHE_351_A,VAL_354_A,ALA_356_A,TRP_358_A,ILE_359_A,ARG_376_A"
ALA_356_A,"LEU_352_A,THR_355_A,GLN_357_A"
GLN_357_A,"THR_353_A,ALA_356_A,TRP_358_A,HIS_361_A"
TRP_358_A,"GLU_12_A,LEU_15_A,LYS_16_A,VAL_354_A,THR_355_A,GLN_357_A,ILE_359_A"
ILE_359_A,"THR_355_A,TRP_358_A,GLU_360_A"
GLU_360_A,"ASP_31_A,ILE_359_A,HIS_361_A"
HIS_361_A,"GLN_357_A,GLU_360_A,GLN_362_A,ASP_366_A"
GLN_362_A,HIS_361_A
PRO_363_A,LEU_364_A
LEU_364_A,"PRO_363_A,ASN_365_A,TYR_369_A"
ASN_365_A,"LEU_364_A,ASP_366_A"
ASP_366_A,"HIS_361_A,ASN_365_A,TYR_369_A"
PRO_367_A,ALA_368_A
ALA_368_A,"PRO_367_A,TYR_369_A,LEU_372_A"
TYR_369_A,"GLU_12_A,LYS_16_A,LEU_364_A,ASP_366_A,ALA_368_A,ILE_370_A,GLN_373_A"
ILE_370_A,"TYR_369_A,GLN_371_A,GLU_374_A"
GLN_371_A,"ILE_370_A,LEU_372_A,LYS_375_A"
LEU_372_A,"ALA_368_A,GLN_371_A,GLN_373_A,ARG_376_A"
GLN_373_A,"TYR_369_A,LEU_372_A,GLU_374_A"
GLU_374_A,"ILE_370_A,GLN_373_A,LYS_375_A,GLN_378_A"
LYS_375_A,"GLN_371_A,GLU_374_A,ARG_376_A,LEU_379_A"
ARG_376_A,"ASP_109_A,VAL_354_A,THR_355_A,LEU_372_A,LYS_375_A,VAL_377_A,SER_380_A"
VAL_377_A,"ARG_376_A,GLN_378_A,THR_381_A"
GLN_378_A,"GLU_374_A,VAL_377_A,LEU_379_A,ALA_382_A"
LEU_379_A,"LYS_375_A,GLN_378_A,SER_380_A,LEU_383_A"
SER_380_A,"ARG_376_A,LEU_379_A,THR_381_A"
THR_381_A,"VAL_377_A,SER_380_A,ALA_382_A,GLU_385_A"
ALA_382_A,"GLN_378_A,THR_381_A,LEU_383_A,ASN_386_A"
LEU_383_A,"LEU_347_A,LEU_379_A,ALA_382_A,CYS_384_A,TYR_387_A"
CYS_384_A,"LEU_383_A,GLU_385_A"
GLU_385_A,"THR_381_A,CYS_384_A,ASN_386_A,LYS_389_A"
ASN_386_A,"ALA_382_A,GLU_385_A,TYR_387_A,LEU_390_A"
TYR_387_A,"LYS_104_A,LEU_383_A,ASN_386_A,SER_388_A,ASP_391_A"
SER_388_A,"TYR_387_A,LYS_389_A"
LYS_389_A,"GLU_343_A,GLU_385_A,SER_388_A,LEU_390_A"
LEU_390_A,"ILE_340_A,GLU_341_A,ASN_386_A,LYS_389_A,ASP_391_A,TYR_393_A,ILE_394_A"
ASP_391_A,"TYR_387_A,LEU_390_A,ARG_395_A,ARG_397_A,ASP_401_A"
PRO_392_A,TYR_393_A
TYR_393_A,"HIS_330_A,THR_336_A,ILE_340_A,LEU_390_A,PRO_392_A,ILE_394_A"
ILE_394_A,"LEU_390_A,TYR_393_A,ARG_395_A"
ARG_395_A,"ASP_391_A,ILE_394_A,SER_396_A,ARG_397_A,ASP_401_A"
SER_396_A,"ASN_146_A,ASP_328_A,ARG_395_A,ARG_397_A"
ARG_397_A,"LEU_327_A,ASP_328_A,ASP_391_A,ARG_395_A,SER_396_A,SER_398_A,ASP_401_A,TYR_402_A"
SER_398_A,"ARG_397_A,VAL_399_A,ASP_401_A"
VAL_399_A,"GLU_149_A,TYR_320_A,SER_398_A,TYR_400_A,ASN_403_A"
TYR_400_A,"ILE_171_A,PHE_213_A,VAL_399_A,ASP_401_A,LEU_406_A"
ASP_401_A,"ASP_391_A,ARG_395_A,ARG_397_A,SER_398_A,TYR_400_A,TYR_402_A"
TYR_402_A,"PRO_323_A,LEU_327_A,ARG_397_A,ASP_401_A,ASN_403_A"
ASN_403_A,"VAL_399_A,TYR_402_A,GLY_404_A,SER_405_A"
GLY_404_A,"ASN_403_A,SER_405_A,LYS_407_A"
SER_405_A,"ASN_403_A,GLY_404_A,LEU_406_A"
LEU_406_A,"TYR_400_A,SER_405_A,LYS_407_A,VAL_408_A"
LYS_407_A,"GLY_404_A,LEU_406_A,VAL_408_A"
VAL_408_A,"LEU_406_A,LYS_407_A"
