residue_id,neighbors
LYS_265_A,ILE_266_A
ILE_266_A,"LYS_265_A,ASP_267_A"
ASP_267_A,"ILE_266_A,SER_268_A"
SER_268_A,"ASP_267_A,VAL_269_A"
VAL_269_A,"SER_268_A,LEU_270_A"
LEU_270_A,"VAL_269_A,LEU_273_A"
PRO_272_A,"LEU_273_A,PHE_286_A"
LEU_273_A,"LEU_270_A,PRO_272_A,THR_274_A"
THR_274_A,"LEU_273_A,VAL_275_A"
VAL_275_A,"THR_274_A,ARG_276_A,ARG_282_A,LEU_284_A"
ARG_276_A,"VAL_275_A,GLU_277_A,THR_283_A"
GLU_277_A,"ARG_276_A,ALA_278_A"
ALA_278_A,"GLU_277_A,SER_279_A"
SER_279_A,"ALA_278_A,GLY_280_A"
GLY_280_A,"SER_279_A,VAL_281_A"
VAL_281_A,"GLY_280_A,ARG_282_A"
ARG_282_A,"VAL_275_A,VAL_281_A,THR_283_A"
THR_283_A,"ARG_276_A,ARG_282_A,LEU_284_A"
LEU_284_A,"VAL_275_A,THR_283_A,SER_285_A"
SER_285_A,"LEU_284_A,PHE_286_A"
PHE_286_A,"PRO_272_A,SER_285_A,GLY_287_A"
GLY_287_A,"PHE_286_A,TYR_288_A"
TYR_288_A,"GLY_287_A,ASP_289_A,PHE_293_A,ILE_295_A"
ASP_289_A,"TYR_288_A,THR_290_A,SER_291_A,ASP_292_A,PHE_293_A"
THR_290_A,"ASP_289_A,SER_291_A"
SER_291_A,"ASP_289_A,THR_290_A,ASP_292_A"
ASP_292_A,"ASP_289_A,SER_291_A,PHE_293_A"
PHE_293_A,"TYR_288_A,ASP_289_A,ASP_292_A,THR_294_A,LEU_300_A"
THR_294_A,"PHE_293_A,ILE_295_A,ILE_296_A"
ILE_295_A,"TYR_288_A,THR_294_A,ILE_296_A"
ILE_296_A,"THR_294_A,ILE_295_A,ASN_297_A,VAL_299_A"
ASN_297_A,"ILE_296_A,SER_298_A"
SER_298_A,"ASN_297_A,VAL_299_A"
VAL_299_A,"ILE_296_A,SER_298_A,LEU_300_A"
LEU_300_A,"PHE_293_A,VAL_299_A,SER_301_A"
SER_301_A,"LEU_300_A,LEU_302_A"
LEU_302_A,"SER_301_A,ARG_303_A"
ARG_303_A,"LEU_302_A,SER_304_A"
SER_304_A,"ARG_303_A,ARG_305_A"
ARG_305_A,"SER_304_A,LEU_306_A"
LEU_306_A,"ARG_305_A,THR_307_A"
THR_307_A,"LEU_306_A,LEU_308_A"
LEU_308_A,THR_307_A
PRO_309_A,THR_310_A
THR_310_A,"PRO_309_A,TYR_311_A"
TYR_311_A,"THR_310_A,ARG_312_A"
ARG_312_A,"TYR_311_A,TYR_313_A,LEU_315_A"
TYR_313_A,"ARG_312_A,ALA_327_A"
PRO_314_A,"LEU_315_A,ALA_327_A,PHE_330_A"
LEU_315_A,"ARG_312_A,PRO_314_A,GLU_316_A"
GLU_316_A,"LEU_315_A,LEU_317_A,GLN_325_A,ASP_328_A"
LEU_317_A,"GLU_316_A,ASP_318_A"
ASP_318_A,"LEU_317_A,THR_319_A,ASN_322_A,ARG_323_A"
THR_319_A,"ASP_318_A,ALA_320_A"
ALA_320_A,"THR_319_A,ASN_321_A"
ASN_321_A,"ALA_320_A,ASN_322_A"
ASN_322_A,"ASP_318_A,ASN_321_A,ARG_323_A"
ARG_323_A,"ASP_318_A,ASN_322_A,VAL_324_A"
VAL_324_A,"ARG_323_A,GLN_325_A"
GLN_325_A,"GLU_316_A,VAL_324_A,VAL_326_A"
VAL_326_A,"GLN_325_A,ALA_327_A"
ALA_327_A,"TYR_313_A,PRO_314_A,VAL_326_A,ASP_328_A"
ASP_328_A,"GLU_316_A,ALA_327_A,ARG_329_A"
ARG_329_A,"ASP_328_A,PHE_330_A,ARG_333_A,LYS_360_A,ASP_399_A"
PHE_330_A,"PRO_314_A,ARG_329_A,GLY_331_A,ASP_362_A"
GLY_331_A,"PHE_330_A,MET_332_A"
MET_332_A,"GLY_331_A,ARG_333_A,VAL_361_A"
ARG_333_A,"ARG_329_A,MET_332_A,THR_334_A,LYS_360_A,GLY_394_A,ASP_399_A"
THR_334_A,"ARG_333_A,GLY_335_A,TRP_395_A"
GLY_335_A,"THR_334_A,THR_336_A,LEU_358_A"
THR_336_A,"GLY_335_A,TRP_337_A,SER_392_A"
TRP_337_A,"THR_336_A,THR_338_A,VAL_354_A,LEU_356_A,ILE_385_A,SER_389_A"
THR_338_A,"TRP_337_A,GLY_339_A,GLY_390_A"
GLY_339_A,"THR_338_A,GLN_340_A"
GLN_340_A,"GLY_339_A,LEU_341_A,ASN_353_A"
LEU_341_A,"GLN_340_A,GLN_342_A,ALA_352_A,MET_372_A,PHE_383_A"
GLN_342_A,"LEU_341_A,TYR_343_A,VAL_384_A"
TYR_343_A,"GLN_342_A,GLN_344_A,TRP_350_A,ILE_377_A,MET_378_A,ASP_380_A,PHE_383_A"
GLN_344_A,"TYR_343_A,HIS_345_A,LYS_382_A"
HIS_345_A,"GLN_344_A,LEU_348_A,ASP_380_A"
PRO_346_A,GLN_347_A
GLN_347_A,"PRO_346_A,LEU_348_A,MET_378_A"
LEU_348_A,"HIS_345_A,GLN_347_A,SER_349_A,MET_378_A"
SER_349_A,"LEU_348_A,TRP_350_A"
TRP_350_A,"TYR_343_A,SER_349_A,ARG_351_A,ALA_352_A,THR_374_A,SER_376_A,ILE_377_A"
ARG_351_A,"TRP_350_A,ALA_352_A"
ALA_352_A,"LEU_341_A,TRP_350_A,ARG_351_A,ASN_353_A"
ASN_353_A,"GLN_340_A,ALA_352_A,VAL_354_A"
VAL_354_A,"TRP_337_A,ASN_353_A,THR_355_A,LEU_356_A"
THR_355_A,"VAL_354_A,LEU_356_A"
LEU_356_A,"TRP_337_A,VAL_354_A,THR_355_A,ASN_357_A,PHE_369_A,ILE_385_A"
ASN_357_A,"LEU_356_A,LEU_358_A,SER_368_A"
LEU_358_A,"GLY_335_A,ASN_357_A,MET_359_A,LEU_367_A,LEU_391_A"
MET_359_A,"LEU_358_A,LYS_360_A,VAL_366_A"
LYS_360_A,"ARG_329_A,ARG_333_A,MET_359_A,VAL_361_A,ASP_399_A"
VAL_361_A,"MET_332_A,LYS_360_A,ASP_362_A,TRP_364_A"
ASP_362_A,"PHE_330_A,VAL_361_A,ASP_363_A"
ASP_363_A,"ASP_362_A,TRP_364_A,CYS_467_A"
TRP_364_A,"VAL_361_A,ASP_363_A,LEU_365_A,MET_464_A,PRO_466_A"
LEU_365_A,"TRP_364_A,VAL_366_A,TYR_465_A"
VAL_366_A,"MET_359_A,LEU_365_A,LEU_367_A,MET_464_A"
LEU_367_A,"LEU_358_A,VAL_366_A,SER_368_A,LEU_441_A,ILE_463_A"
SER_368_A,"ASN_357_A,LEU_367_A,PHE_369_A"
PHE_369_A,"LEU_356_A,SER_368_A,SER_370_A,TRP_461_A"
SER_370_A,"PHE_369_A,GLN_371_A"
GLN_371_A,"SER_370_A,MET_372_A"
MET_372_A,"LEU_341_A,GLN_371_A,THR_373_A,TRP_458_A"
THR_373_A,"MET_372_A,THR_374_A"
THR_374_A,"TRP_350_A,THR_373_A,ASN_375_A,VAL_456_A"
ASN_375_A,"THR_374_A,SER_376_A"
SER_376_A,"TRP_350_A,ASN_375_A,ILE_377_A"
ILE_377_A,"TYR_343_A,TRP_350_A,SER_376_A,MET_378_A,TYR_450_A,HIS_453_A"
MET_378_A,"TYR_343_A,GLN_347_A,LEU_348_A,ILE_377_A,ALA_379_A"
ALA_379_A,"MET_378_A,ASP_380_A,ARG_429_A"
ASP_380_A,"TYR_343_A,HIS_345_A,ALA_379_A,GLY_381_A"
GLY_381_A,"ASP_380_A,LYS_382_A,ASN_445_A"
LYS_382_A,"GLN_344_A,GLY_381_A,PHE_383_A,GLU_435_A,GLU_442_A,LYS_444_A"
PHE_383_A,"LEU_341_A,TYR_343_A,LYS_382_A,VAL_384_A,MET_431_A,ILE_443_A,TRP_458_A"
VAL_384_A,"GLN_342_A,PHE_383_A,ILE_385_A"
ILE_385_A,"TRP_337_A,LEU_356_A,VAL_384_A,ASN_386_A,PHE_387_A,LEU_441_A"
ASN_386_A,"ILE_385_A,PHE_387_A"
PHE_387_A,"ILE_385_A,ASN_386_A,VAL_388_A,THR_397_A,THR_400_A,GLY_439_A"
VAL_388_A,"PHE_387_A,SER_389_A"
SER_389_A,"TRP_337_A,VAL_388_A,GLY_390_A"
GLY_390_A,"THR_338_A,SER_389_A,LEU_391_A"
LEU_391_A,"LEU_358_A,GLY_390_A,SER_392_A"
SER_392_A,"THR_336_A,LEU_391_A,SER_393_A"
SER_393_A,"SER_392_A,GLY_394_A"
GLY_394_A,"ARG_333_A,SER_393_A,TRP_395_A"
TRP_395_A,"THR_334_A,GLY_394_A,GLN_396_A"
GLN_396_A,"TRP_395_A,THR_397_A,ASP_399_A"
THR_397_A,"PHE_387_A,GLN_396_A,GLY_398_A,THR_400_A"
GLY_398_A,"THR_397_A,ASP_399_A"
ASP_399_A,"ARG_329_A,ARG_333_A,LYS_360_A,GLN_396_A,GLY_398_A,THR_400_A"
THR_400_A,"PHE_387_A,THR_397_A,ASP_399_A,GLU_401_A,TRP_436_A,TYR_465_A"
GLU_401_A,"THR_400_A,TRP_436_A"
PRO_402_A,"SER_403_A,LEU_409_A,TRP_436_A,TYR_465_A"
SER_403_A,"PRO_402_A,SER_404_A"
SER_404_A,"SER_403_A,THR_405_A"
THR_405_A,"SER_404_A,ILE_406_A"
ILE_406_A,"THR_405_A,ASP_407_A"
ASP_407_A,"ILE_406_A,GLU_435_A,LYS_444_A"
PRO_408_A,LEU_409_A
LEU_409_A,"PRO_402_A,PRO_408_A,SER_410_A,VAL_433_A"
SER_410_A,"LEU_409_A,THR_411_A,VAL_433_A,MET_464_A"
THR_411_A,"SER_410_A,THR_412_A"
THR_412_A,"THR_411_A,PHE_413_A,MET_431_A,TRP_461_A,ILE_463_A"
PHE_413_A,"THR_412_A,ALA_414_A,PHE_428_A,ILE_430_A"
ALA_414_A,"PHE_413_A,ALA_415_A,ARG_429_A"
ALA_415_A,"ALA_414_A,VAL_416_A,ALA_459_A"
VAL_416_A,"ALA_415_A,GLN_417_A,ALA_427_A,TRP_458_A"
GLN_417_A,"VAL_416_A,PHE_418_A,ARG_424_A,TYR_457_A"
PHE_418_A,"GLN_417_A,LEU_419_A,ILE_425_A,ALA_427_A,HIS_453_A"
LEU_419_A,"PHE_418_A,ASN_420_A,THR_454_A,GLN_455_A"
ASN_420_A,"LEU_419_A,ASN_421_A"
ASN_421_A,"ASN_420_A,GLY_422_A"
GLY_422_A,"ASN_421_A,GLN_423_A"
GLN_423_A,"GLY_422_A,ARG_424_A"
ARG_424_A,"GLN_417_A,GLN_423_A,ILE_425_A"
ILE_425_A,"PHE_418_A,ARG_424_A,ASP_426_A,THR_451_A"
ASP_426_A,"ILE_425_A,ALA_427_A"
ALA_427_A,"VAL_416_A,PHE_418_A,ASP_426_A,PHE_428_A"
PHE_428_A,"PHE_413_A,ALA_427_A,ARG_429_A,THR_449_A"
ARG_429_A,"ALA_379_A,ALA_414_A,PHE_428_A,ILE_430_A,THR_449_A"
ILE_430_A,"PHE_413_A,ARG_429_A,MET_431_A"
MET_431_A,"PHE_383_A,THR_412_A,ILE_430_A,GLY_432_A,TRP_461_A"
GLY_432_A,"MET_431_A,VAL_433_A,LYS_444_A"
VAL_433_A,"LEU_409_A,SER_410_A,GLY_432_A,SER_434_A,LEU_441_A,ILE_463_A"
SER_434_A,"VAL_433_A,GLU_435_A"
GLU_435_A,"LYS_382_A,ASP_407_A,SER_434_A,TRP_436_A,GLU_442_A,LYS_444_A"
TRP_436_A,"THR_400_A,GLU_401_A,PRO_402_A,GLU_435_A,THR_437_A"
THR_437_A,"TRP_436_A,ASP_438_A,GLU_440_A"
ASP_438_A,"THR_437_A,GLY_439_A"
GLY_439_A,"PHE_387_A,ASP_438_A,GLU_440_A"
GLU_440_A,"THR_437_A,GLY_439_A,LEU_441_A"
LEU_441_A,"LEU_367_A,ILE_385_A,VAL_433_A,GLU_440_A,GLU_442_A"
GLU_442_A,"LYS_382_A,GLU_435_A,LEU_441_A,ILE_443_A,LYS_444_A"
ILE_443_A,"PHE_383_A,GLU_442_A,LYS_444_A"
LYS_444_A,"LYS_382_A,ASP_407_A,GLY_432_A,GLU_435_A,GLU_442_A,ILE_443_A,ASN_445_A,TYR_446_A"
ASN_445_A,"GLY_381_A,LYS_444_A,TYR_446_A"
TYR_446_A,"LYS_444_A,ASN_445_A,GLY_447_A"
GLY_447_A,"TYR_446_A,GLY_448_A"
GLY_448_A,"GLY_447_A,THR_449_A"
THR_449_A,"PHE_428_A,ARG_429_A,GLY_448_A,TYR_450_A"
TYR_450_A,"ILE_377_A,THR_449_A,THR_451_A"
THR_451_A,"ILE_425_A,TYR_450_A,GLY_452_A,HIS_453_A"
GLY_452_A,"THR_451_A,HIS_453_A"
HIS_453_A,"ILE_377_A,PHE_418_A,THR_451_A,GLY_452_A,THR_454_A"
THR_454_A,"LEU_419_A,HIS_453_A,GLN_455_A"
GLN_455_A,"LEU_419_A,THR_454_A,VAL_456_A"
VAL_456_A,"THR_374_A,GLN_455_A,TYR_457_A"
TYR_457_A,"GLN_417_A,VAL_456_A,TRP_458_A"
TRP_458_A,"MET_372_A,PHE_383_A,VAL_416_A,TYR_457_A,ALA_459_A"
ALA_459_A,"ALA_415_A,TRP_458_A"
PRO_460_A,TRP_461_A
TRP_461_A,"PHE_369_A,THR_412_A,MET_431_A,PRO_460_A,THR_462_A"
THR_462_A,"TRP_461_A,ILE_463_A"
ILE_463_A,"LEU_367_A,THR_412_A,VAL_433_A,THR_462_A,MET_464_A"
MET_464_A,"TRP_364_A,VAL_366_A,SER_410_A,ILE_463_A,TYR_465_A"
TYR_465_A,"LEU_365_A,THR_400_A,PRO_402_A,MET_464_A"
PRO_466_A,"TRP_364_A,CYS_467_A"
CYS_467_A,"ASP_363_A,PRO_466_A,ASN_468_A"
ASN_468_A,"CYS_467_A,VAL_469_A"
VAL_469_A,ASN_468_A
