residue_id,neighbors
ASN_4_E,ASP_5_E
ASP_5_E,"ASN_4_E,ASN_6_E"
ASN_6_E,"ASP_5_E,TYR_7_E"
TYR_7_E,"ASN_6_E,ILE_8_E,TYR_9_E,MET_24_E,LEU_143_E"
ILE_8_E,"TYR_7_E,TYR_9_E,TYR_120_E,PHE_142_E,LYS_144_E"
TYR_9_E,"TYR_7_E,ILE_8_E,SER_10_E"
SER_10_E,"TYR_9_E,THR_11_E,LEU_140_E"
THR_11_E,"SER_10_E,GLU_12_E"
GLU_12_E,"THR_11_E,VAL_13_E,LYS_128_E,ARG_137_E"
VAL_13_E,"GLU_12_E,GLY_14_E,ILE_84_E,TYR_86_E,ILE_117_E,LEU_138_E"
GLY_14_E,"VAL_13_E,GLY_15_E"
GLY_15_E,"GLY_14_E,VAL_16_E,ASP_136_E,ARG_137_E"
VAL_16_E,"GLY_15_E,GLY_17_E,ASN_90_E"
GLY_17_E,"VAL_16_E,GLY_18_E,ARG_137_E"
GLY_18_E,"GLY_17_E,THR_19_E"
THR_19_E,"GLY_18_E,ALA_131_E"
PRO_20_E,PHE_21_E
PHE_21_E,"PRO_20_E,THR_22_E,THR_60_E,ILE_127_E,GLY_129_E"
THR_22_E,"PHE_21_E,PHE_23_E"
PHE_23_E,"THR_22_E,MET_24_E,ILE_127_E"
MET_24_E,"TYR_7_E,PHE_23_E,GLN_25_E,ILE_141_E"
GLN_25_E,"MET_24_E,GLU_26_E,GLY_28_E,ASN_54_E"
GLU_26_E,"GLN_25_E,SER_27_E"
SER_27_E,"GLU_26_E,GLY_28_E"
GLY_28_E,"GLN_25_E,SER_27_E,THR_29_E"
THR_29_E,"GLY_28_E,ILE_30_E"
ILE_30_E,"THR_29_E,THR_31_E,VAL_49_E,PHE_51_E"
THR_31_E,"ILE_30_E,SER_32_E,LYS_50_E,ILE_73_E"
SER_32_E,"THR_31_E,ILE_33_E,LYS_50_E"
ILE_33_E,"SER_32_E,LYS_34_E,PHE_35_E,LEU_71_E"
LYS_34_E,"ILE_33_E,PHE_35_E,HIS_46_E,GLU_48_E,GLU_68_E"
PHE_35_E,"ILE_33_E,LYS_34_E,ASN_36_E,VAL_69_E,VAL_97_E,ILE_107_E,ALA_109_E"
ASN_36_E,"PHE_35_E,TRP_37_E,HIS_45_E,HIS_46_E,GLY_65_E"
TRP_37_E,"ASN_36_E,SER_38_E,LEU_44_E,HIS_67_E,VAL_69_E,ALA_109_E"
SER_38_E,"TRP_37_E,ASP_39_E,HIS_45_E"
ASP_39_E,"SER_38_E,GLN_40_E,ASN_66_E,HIS_67_E,TYR_111_E"
GLN_40_E,"ASP_39_E,TYR_41_E"
TYR_41_E,"GLN_40_E,LYS_42_E"
LYS_42_E,"TYR_41_E,LEU_43_E,TYR_111_E"
LEU_43_E,"LYS_42_E,LEU_44_E,ARG_93_E"
LEU_44_E,"TRP_37_E,LEU_43_E,HIS_45_E,ILE_135_E"
HIS_45_E,"ASN_36_E,SER_38_E,LEU_44_E,HIS_46_E,ASP_62_E,LYS_64_E,ASP_134_E"
HIS_46_E,"LYS_34_E,ASN_36_E,HIS_45_E,ILE_47_E,GLU_48_E"
ILE_47_E,"HIS_46_E,GLU_48_E,THR_60_E,ILE_127_E"
GLU_48_E,"LYS_34_E,HIS_46_E,ILE_47_E,VAL_49_E"
VAL_49_E,"ILE_30_E,GLU_48_E,LYS_50_E,PHE_51_E,TYR_58_E"
LYS_50_E,"THR_31_E,SER_32_E,VAL_49_E,PHE_51_E"
PHE_51_E,"ILE_30_E,VAL_49_E,LYS_50_E,ILE_52_E,TYR_58_E"
ILE_52_E,"PHE_51_E,ASN_53_E"
ASN_53_E,"ILE_52_E,ASN_54_E"
ASN_54_E,"GLN_25_E,ASN_53_E,ALA_55_E,ASN_56_E"
ALA_55_E,"ASN_54_E,ASN_56_E"
ASN_56_E,"ASN_54_E,ALA_55_E,ILE_57_E,TYR_58_E"
ILE_57_E,"ASN_56_E,TYR_58_E"
TYR_58_E,"VAL_49_E,PHE_51_E,ASN_56_E,ILE_57_E,ALA_59_E"
ALA_59_E,"TYR_58_E,THR_60_E"
THR_60_E,"PHE_21_E,ILE_47_E,ALA_59_E,GLY_61_E"
GLY_61_E,"THR_60_E,ASP_62_E"
ASP_62_E,"HIS_45_E,GLY_61_E,LYS_64_E"
PRO_63_E,LYS_64_E
LYS_64_E,"HIS_45_E,ASP_62_E,PRO_63_E,GLY_65_E,ASP_134_E"
GLY_65_E,"ASN_36_E,LYS_64_E,ASN_66_E"
ASN_66_E,"ASP_39_E,GLY_65_E,HIS_67_E"
HIS_67_E,"TRP_37_E,ASP_39_E,ASN_66_E,GLU_68_E"
GLU_68_E,"LYS_34_E,HIS_67_E,VAL_69_E"
VAL_69_E,"PHE_35_E,TRP_37_E,GLU_68_E,ILE_70_E,ALA_109_E"
ILE_70_E,"VAL_69_E,LEU_71_E"
LEU_71_E,"ILE_33_E,ILE_70_E,GLU_72_E,ILE_107_E"
GLU_72_E,"LEU_71_E,ILE_73_E,LYS_105_E"
ILE_73_E,"THR_31_E,GLU_72_E,ASP_74_E"
ASP_74_E,"ILE_73_E,ASP_75_E,ASP_76_E,GLU_77_E,LYS_103_E,LYS_105_E"
ASP_75_E,"ASP_74_E,ASP_76_E,LYS_123_E"
ASP_76_E,"ASP_74_E,ASP_75_E,GLU_77_E,LYS_103_E"
GLU_77_E,"ASP_74_E,ASP_76_E,THR_78_E,THR_101_E,LYS_103_E,LYS_105_E,LYS_123_E"
THR_78_E,"GLU_77_E,ILE_79_E,SER_102_E"
ILE_79_E,"THR_78_E,ILE_80_E,GLY_122_E"
ILE_80_E,"ILE_79_E,GLY_81_E,THR_100_E"
GLY_81_E,"ILE_80_E,SER_82_E,THR_100_E"
SER_82_E,"GLY_81_E,VAL_83_E"
VAL_83_E,"SER_82_E,ILE_84_E,LYS_98_E"
ILE_84_E,"VAL_13_E,VAL_83_E,GLY_85_E,ILE_117_E"
GLY_85_E,"ILE_84_E,TYR_86_E,THR_95_E,GLY_96_E"
TYR_86_E,"VAL_13_E,GLY_85_E,LYS_87_E,SER_115_E"
LYS_87_E,"TYR_86_E,LYS_88_E,ARG_93_E"
LYS_88_E,"LYS_87_E,GLY_89_E,GLU_114_E"
GLY_89_E,"LYS_88_E,ASN_90_E,GLY_92_E"
ASN_90_E,"VAL_16_E,GLY_89_E,ASP_91_E"
ASP_91_E,"ASN_90_E,GLY_92_E"
GLY_92_E,"GLY_89_E,ASP_91_E,ARG_93_E"
ARG_93_E,"LEU_43_E,LYS_87_E,GLY_92_E,CYS_94_E,ASP_134_E,ASP_136_E"
CYS_94_E,"ARG_93_E,THR_95_E,ILE_135_E"
THR_95_E,"GLY_85_E,CYS_94_E,GLY_96_E,TYR_111_E"
GLY_96_E,"GLY_85_E,THR_95_E,VAL_97_E"
VAL_97_E,"PHE_35_E,GLY_96_E,LYS_98_E,ALA_109_E"
LYS_98_E,"VAL_83_E,VAL_97_E,LEU_99_E"
LEU_99_E,"LYS_98_E,THR_100_E"
THR_100_E,"ILE_80_E,GLY_81_E,LEU_99_E,THR_101_E"
THR_101_E,"GLU_77_E,THR_100_E,SER_102_E,LYS_105_E"
SER_102_E,"THR_78_E,THR_101_E,LYS_103_E"
LYS_103_E,"ASP_74_E,ASP_76_E,GLU_77_E,SER_102_E,GLY_104_E"
GLY_104_E,"LYS_103_E,LYS_105_E"
LYS_105_E,"GLU_72_E,ASP_74_E,GLU_77_E,THR_101_E,GLY_104_E,SER_106_E"
SER_106_E,"LYS_105_E,ILE_107_E"
ILE_107_E,"PHE_35_E,LEU_71_E,SER_106_E,MET_108_E"
MET_108_E,"ILE_107_E,ALA_109_E"
ALA_109_E,"PHE_35_E,TRP_37_E,VAL_69_E,VAL_97_E,MET_108_E,GLY_110_E"
GLY_110_E,"ALA_109_E,TYR_111_E"
TYR_111_E,"ASP_39_E,LYS_42_E,THR_95_E,GLY_110_E,PHE_112_E"
PHE_112_E,"TYR_111_E,GLU_113_E"
GLU_113_E,"PHE_112_E,GLU_114_E"
GLU_114_E,"LYS_88_E,GLU_113_E,SER_115_E"
SER_115_E,"TYR_86_E,GLU_114_E,LEU_116_E"
LEU_116_E,"SER_115_E,ILE_117_E"
ILE_117_E,"VAL_13_E,ILE_84_E,LEU_116_E,THR_118_E"
THR_118_E,"ILE_117_E,THR_119_E"
THR_119_E,"THR_118_E,TYR_120_E"
TYR_120_E,"ILE_8_E,THR_119_E,THR_121_E"
THR_121_E,"TYR_120_E,GLY_122_E"
GLY_122_E,"ILE_79_E,THR_121_E,LYS_123_E"
LYS_123_E,"ASP_75_E,GLU_77_E,GLY_122_E,LEU_124_E"
LEU_124_E,"LYS_123_E,ALA_125_E"
ALA_125_E,"LEU_124_E,GLY_126_E,ILE_141_E,LEU_143_E"
GLY_126_E,"ALA_125_E,ILE_127_E,ILE_141_E"
ILE_127_E,"PHE_21_E,PHE_23_E,ILE_47_E,GLY_126_E,LYS_128_E"
LYS_128_E,"GLU_12_E,ILE_127_E,GLY_129_E,GLY_139_E"
GLY_129_E,"PHE_21_E,LYS_128_E,GLY_130_E"
GLY_130_E,"GLY_129_E,ALA_131_E,ASP_136_E"
ALA_131_E,"THR_19_E,GLY_130_E,GLY_132_E"
GLY_132_E,"ALA_131_E,SER_133_E,ASP_134_E"
SER_133_E,"GLY_132_E,ASP_134_E"
ASP_134_E,"HIS_45_E,LYS_64_E,ARG_93_E,GLY_132_E,SER_133_E,ILE_135_E,ASP_136_E"
ILE_135_E,"LEU_44_E,CYS_94_E,ASP_134_E,ASP_136_E"
ASP_136_E,"GLY_15_E,ARG_93_E,GLY_130_E,ASP_134_E,ILE_135_E,ARG_137_E"
ARG_137_E,"GLU_12_E,GLY_15_E,GLY_17_E,ASP_136_E,LEU_138_E"
LEU_138_E,"VAL_13_E,ARG_137_E,GLY_139_E"
GLY_139_E,"LYS_128_E,LEU_138_E,LEU_140_E"
LEU_140_E,"SER_10_E,GLY_139_E,ILE_141_E,PHE_142_E"
ILE_141_E,"MET_24_E,ALA_125_E,GLY_126_E,LEU_140_E,PHE_142_E"
PHE_142_E,"ILE_8_E,LEU_140_E,ILE_141_E,LEU_143_E"
LEU_143_E,"TYR_7_E,ALA_125_E,PHE_142_E,LYS_144_E"
LYS_144_E,"ILE_8_E,LEU_143_E"
