residue_id,neighbors
PRO_2_A,GLU_3_A
GLU_3_A,"PRO_2_A,ILE_4_A,ASP_36_A,LYS_37_A,LYS_68_A,TYR_177_A,ASP_193_A,ASN_195_A"
ILE_4_A,"GLU_3_A,ILE_5_A,ASP_36_A"
ILE_5_A,"ILE_4_A,THR_6_A,ASN_195_A"
THR_6_A,"ILE_5_A,LEU_30_A,PHE_39_A,SER_200_A"
PRO_7_A,"ILE_8_A,ASN_201_A"
ILE_8_A,"PRO_7_A,ILE_9_A,ALA_27_A,PHE_39_A"
ILE_9_A,"ILE_8_A,THR_10_A,THR_44_A,ASN_201_A,ASN_245_A,TYR_246_A"
THR_10_A,"ILE_9_A,PHE_12_A,GLY_45_A,TYR_246_A"
PRO_11_A,"PHE_12_A,ASP_19_A,LEU_23_A,LEU_257_A"
PHE_12_A,"THR_10_A,PRO_11_A,THR_13_A,TYR_259_A"
THR_13_A,"PHE_12_A,LYS_14_A,ASP_15_A,ASN_16_A,ARG_17_A,ASP_19_A"
LYS_14_A,"THR_13_A,ASP_15_A,TYR_259_A"
ASP_15_A,"THR_13_A,LYS_14_A,ASN_16_A"
ASN_16_A,"THR_13_A,ASP_15_A,ARG_17_A,ARG_261_A"
ARG_17_A,"THR_13_A,ASN_16_A,ILE_18_A,LYS_20_A,GLU_57_A"
ILE_18_A,"ARG_17_A,ASP_19_A,GLU_54_A"
ASP_19_A,"PRO_11_A,THR_13_A,ILE_18_A,LYS_20_A,LYS_22_A"
LYS_20_A,"ARG_17_A,ASP_19_A,GLU_21_A,LYS_24_A,GLU_57_A"
GLU_21_A,"LYS_20_A,LYS_22_A,LYS_24_A"
LYS_22_A,"ASP_19_A,GLU_21_A,LEU_23_A,HIS_26_A,ASP_256_A"
LEU_23_A,"PRO_11_A,LYS_22_A,LYS_24_A,ALA_27_A,ALA_61_A"
LYS_24_A,"LYS_20_A,GLU_21_A,LEU_23_A,ILE_25_A,GLU_28_A,ASP_64_A,VAL_65_A"
ILE_25_A,"LYS_24_A,HIS_26_A"
HIS_26_A,"LYS_22_A,ILE_25_A,ALA_27_A,TYR_255_A"
ALA_27_A,"ILE_8_A,LEU_23_A,HIS_26_A,GLU_28_A,LEU_38_A"
GLU_28_A,"LYS_24_A,ALA_27_A,ASN_29_A,ARG_32_A"
ASN_29_A,"GLU_28_A,LEU_30_A,LYS_33_A,GLN_253_A,TYR_255_A"
LEU_30_A,"THR_6_A,ASN_29_A,ILE_31_A"
ILE_31_A,"LEU_30_A,ARG_32_A,GLY_34_A"
ARG_32_A,"GLU_28_A,ILE_31_A,LYS_33_A"
LYS_33_A,"ASN_29_A,ARG_32_A,GLY_34_A,GLU_205_A,GLN_253_A"
GLY_34_A,"ILE_31_A,LYS_33_A,ILE_35_A"
ILE_35_A,"GLY_34_A,ASP_36_A,PRO_204_A"
ASP_36_A,"GLU_3_A,ILE_4_A,ILE_35_A,LYS_37_A,LYS_211_A"
LYS_37_A,"GLU_3_A,ASP_36_A,LEU_38_A,LYS_68_A"
LEU_38_A,"ALA_27_A,LYS_37_A,PHE_39_A,VAL_62_A,LYS_68_A,ILE_70_A"
PHE_39_A,"THR_6_A,ILE_8_A,LEU_38_A,VAL_40_A,ILE_70_A,ALA_97_A,TYR_130_A"
VAL_40_A,"PHE_39_A,ASN_41_A,ASN_58_A,ILE_70_A,GLN_72_A"
ASN_41_A,"VAL_40_A,GLY_42_A,GLN_72_A"
GLY_42_A,"ASN_41_A,THR_43_A,GLY_47_A"
THR_43_A,"GLY_42_A,THR_44_A,LEU_46_A,TYR_130_A"
THR_44_A,"ILE_9_A,THR_43_A,GLY_45_A"
GLY_45_A,"THR_10_A,THR_44_A,LEU_46_A"
LEU_46_A,"THR_43_A,GLY_45_A,GLY_47_A"
GLY_47_A,"GLY_42_A,LEU_46_A,LEU_50_A,LYS_55_A"
PRO_48_A,SER_49_A
SER_49_A,"PRO_48_A,LEU_50_A,ARG_261_A"
LEU_50_A,"GLY_47_A,SER_49_A,SER_51_A"
SER_51_A,"LEU_50_A,GLU_54_A,LYS_55_A"
PRO_52_A,"GLU_53_A,ASP_80_A"
GLU_53_A,"PRO_52_A,GLU_54_A,ASP_80_A,ARG_83_A"
GLU_54_A,"ILE_18_A,SER_51_A,GLU_53_A,LYS_55_A,GLU_57_A,ARG_261_A"
LYS_55_A,"GLY_47_A,SER_51_A,GLU_54_A,LEU_56_A"
LEU_56_A,"LYS_55_A,GLU_57_A,ASN_58_A,LYS_60_A"
GLU_57_A,"ARG_17_A,LYS_20_A,GLU_54_A,LEU_56_A,ASN_58_A"
ASN_58_A,"VAL_40_A,LEU_56_A,GLU_57_A,LEU_59_A"
LEU_59_A,"ASN_58_A,LYS_60_A,TYR_63_A,PHE_71_A"
LYS_60_A,"LEU_56_A,LEU_59_A,ALA_61_A"
ALA_61_A,"LEU_23_A,LYS_60_A,VAL_62_A"
VAL_62_A,"LEU_38_A,ALA_61_A,TYR_63_A,THR_66_A,ILE_69_A"
TYR_63_A,"LEU_59_A,VAL_62_A,ASP_64_A,PHE_91_A"
ASP_64_A,"LYS_24_A,TYR_63_A,VAL_65_A"
VAL_65_A,"LYS_24_A,ASP_64_A,THR_66_A"
THR_66_A,"VAL_62_A,VAL_65_A,ASN_67_A,LYS_68_A"
ASN_67_A,"THR_66_A,LYS_68_A,ILE_69_A"
LYS_68_A,"GLU_3_A,LYS_37_A,LEU_38_A,THR_66_A,ASN_67_A,ILE_69_A"
ILE_69_A,"VAL_62_A,ASN_67_A,LYS_68_A,ILE_70_A,VAL_94_A"
ILE_70_A,"LEU_38_A,PHE_39_A,VAL_40_A,ILE_69_A,PHE_71_A,ALA_97_A"
PHE_71_A,"LEU_59_A,ILE_70_A,GLN_72_A,VAL_73_A,ILE_93_A,GLY_95_A,ALA_97_A"
GLN_72_A,"VAL_40_A,ASN_41_A,PHE_71_A,VAL_73_A"
VAL_73_A,"PHE_71_A,GLN_72_A,GLY_74_A,ALA_97_A"
GLY_74_A,"VAL_73_A,GLY_75_A"
GLY_75_A,"GLY_74_A,LEU_76_A"
LEU_76_A,"GLY_75_A,ASN_77_A,TYR_102_A"
ASN_77_A,"LEU_76_A,LEU_78_A"
LEU_78_A,"ASN_77_A,ASP_79_A,ALA_81_A,ILE_82_A,TYR_115_A"
ASP_79_A,"LEU_78_A,ASP_80_A"
ASP_80_A,"PRO_52_A,GLU_53_A,ASP_79_A,ALA_81_A,ARG_83_A,LEU_84_A"
ALA_81_A,"LEU_78_A,ASP_80_A,ILE_82_A,ALA_85_A,LEU_119_A"
ILE_82_A,"LEU_78_A,ALA_81_A,ARG_83_A,LYS_86_A,THR_118_A"
ARG_83_A,"GLU_53_A,ASP_80_A,ILE_82_A,LEU_84_A"
LEU_84_A,"ASP_80_A,ARG_83_A,ALA_85_A"
ALA_85_A,"ALA_81_A,LEU_84_A,LYS_86_A,SER_88_A"
LYS_86_A,"ILE_82_A,ALA_85_A,LEU_87_A"
LEU_87_A,"LYS_86_A,SER_88_A"
SER_88_A,"ALA_85_A,LEU_87_A,LYS_89_A,PHE_91_A,HIS_125_A"
LYS_89_A,"SER_88_A,ASP_90_A,PRO_124_A"
ASP_90_A,"LYS_89_A,PHE_91_A"
PHE_91_A,"TYR_63_A,SER_88_A,ASP_90_A,ASP_92_A,HIS_125_A"
ASP_92_A,"PHE_91_A,ILE_93_A"
ILE_93_A,"PHE_71_A,ASP_92_A,VAL_94_A"
VAL_94_A,"ILE_69_A,ILE_93_A,GLY_95_A"
GLY_95_A,"PHE_71_A,VAL_94_A,ILE_96_A"
ILE_96_A,"GLY_95_A,ALA_97_A,PRO_126_A,TYR_128_A"
ALA_97_A,"PHE_39_A,ILE_70_A,PHE_71_A,VAL_73_A,ILE_96_A,SER_98_A"
SER_98_A,"ALA_97_A,TYR_99_A,TYR_115_A"
TYR_99_A,"SER_98_A,ALA_100_A,TYR_102_A,TYR_130_A"
ALA_100_A,"TYR_99_A,LYS_138_A"
PRO_101_A,"TYR_102_A,MET_107_A,LYS_138_A"
TYR_102_A,"LEU_76_A,TYR_99_A,PRO_101_A,TYR_103_A,TYR_104_A"
TYR_103_A,"TYR_102_A,TYR_104_A"
TYR_104_A,"TYR_102_A,TYR_103_A,LYS_138_A"
PRO_105_A,ARG_106_A
ARG_106_A,"PRO_105_A,MET_107_A"
MET_107_A,"PRO_101_A,ARG_106_A,SER_108_A,LEU_112_A"
SER_108_A,"MET_107_A,GLU_109_A"
GLU_109_A,"SER_108_A,LYS_110_A,VAL_113_A,GLU_147_A"
LYS_110_A,"GLU_109_A,HIS_111_A"
HIS_111_A,"LYS_110_A,LEU_112_A,TYR_115_A"
LEU_112_A,"MET_107_A,HIS_111_A,VAL_113_A"
VAL_113_A,"GLU_109_A,LEU_112_A,LYS_114_A,LYS_117_A"
LYS_114_A,"VAL_113_A,TYR_115_A,THR_118_A"
TYR_115_A,"LEU_78_A,SER_98_A,HIS_111_A,LYS_114_A,PHE_116_A"
PHE_116_A,"TYR_115_A,LYS_117_A,LEU_129_A,ILE_140_A,ILE_148_A,PHE_151_A"
LYS_117_A,"VAL_113_A,PHE_116_A,THR_118_A,GLU_121_A,GLU_147_A"
THR_118_A,"ILE_82_A,LYS_114_A,LYS_117_A,LEU_119_A"
LEU_119_A,"ALA_81_A,THR_118_A,CYS_120_A"
CYS_120_A,"LEU_119_A,GLU_121_A,CYS_150_A"
GLU_121_A,"LYS_117_A,CYS_120_A,VAL_122_A"
VAL_122_A,"GLU_121_A,SER_123_A"
SER_123_A,"VAL_122_A,HIS_125_A"
PRO_124_A,"LYS_89_A,HIS_125_A"
HIS_125_A,"SER_88_A,PHE_91_A,SER_123_A,PRO_124_A"
PRO_126_A,"ILE_96_A,VAL_127_A"
VAL_127_A,"PRO_126_A,TYR_128_A,THR_152_A"
TYR_128_A,"ILE_96_A,VAL_127_A,LEU_129_A"
LEU_129_A,"PHE_116_A,TYR_128_A,TYR_130_A,PHE_151_A,GLY_153_A,VAL_154_A,LYS_155_A"
TYR_130_A,"PHE_39_A,THR_43_A,TYR_99_A,LEU_129_A,ASN_131_A,LYS_155_A"
ASN_131_A,"TYR_130_A,TYR_132_A,ASP_139_A,ILE_140_A,LYS_155_A,THR_157_A"
TYR_132_A,"ASN_131_A,ALA_135_A,THR_136_A,THR_157_A"
PRO_133_A,"THR_134_A,GLY_137_A"
THR_134_A,"PRO_133_A,ALA_135_A"
ALA_135_A,"TYR_132_A,THR_134_A,THR_136_A"
THR_136_A,"TYR_132_A,ALA_135_A,GLY_137_A,LYS_138_A"
GLY_137_A,"PRO_133_A,THR_136_A,LYS_138_A"
LYS_138_A,"ALA_100_A,PRO_101_A,TYR_104_A,THR_136_A,GLY_137_A,ASP_139_A"
ASP_139_A,"ASN_131_A,LYS_138_A,ILE_140_A,ASP_141_A,ASP_156_A,HIS_163_A"
ILE_140_A,"PHE_116_A,ASN_131_A,ASP_139_A,ASP_141_A,TYR_167_A"
ASP_141_A,"ASP_139_A,ILE_140_A,ALA_142_A,VAL_144_A,ALA_145_A,HIS_163_A"
ALA_142_A,"ASP_141_A,LYS_143_A,TYR_167_A"
LYS_143_A,"ALA_142_A,VAL_144_A,GLU_147_A"
VAL_144_A,"ASP_141_A,LYS_143_A,ALA_145_A,ILE_148_A"
ALA_145_A,"ASP_141_A,VAL_144_A,LYS_146_A,GLY_149_A"
LYS_146_A,"ALA_145_A,GLU_147_A,GLY_149_A"
GLU_147_A,"GLU_109_A,LYS_117_A,LYS_143_A,LYS_146_A,ILE_148_A"
ILE_148_A,"PHE_116_A,VAL_144_A,GLU_147_A,GLY_149_A,PHE_151_A"
GLY_149_A,"ALA_145_A,LYS_146_A,ILE_148_A,CYS_150_A"
CYS_150_A,"CYS_120_A,GLY_149_A,PHE_151_A"
PHE_151_A,"PHE_116_A,LEU_129_A,ILE_148_A,CYS_150_A,THR_152_A"
THR_152_A,"VAL_127_A,PHE_151_A,GLY_153_A"
GLY_153_A,"LEU_129_A,THR_152_A,VAL_154_A"
VAL_154_A,"LEU_129_A,GLY_153_A,LYS_155_A,LEU_175_A,TYR_177_A"
LYS_155_A,"LEU_129_A,TYR_130_A,ASN_131_A,VAL_154_A,ASP_156_A,VAL_196_A"
ASP_156_A,"ASP_139_A,LYS_155_A,THR_157_A,HIS_163_A,THR_164_A,TYR_177_A,GLY_179_A"
THR_157_A,"ASN_131_A,TYR_132_A,ASP_156_A,ILE_158_A"
ILE_158_A,"THR_157_A,GLU_159_A"
GLU_159_A,"ILE_158_A,ASN_160_A,ARG_237_A"
ASN_160_A,"GLU_159_A,ILE_161_A,ILE_162_A"
ILE_161_A,"ASN_160_A,ILE_162_A,LEU_165_A"
ILE_162_A,"ASN_160_A,ILE_161_A,HIS_163_A,ASP_166_A"
HIS_163_A,"ASP_139_A,ASP_141_A,ASP_156_A,ILE_162_A,THR_164_A,TYR_167_A"
THR_164_A,"ASP_156_A,HIS_163_A,LEU_165_A,VAL_176_A"
LEU_165_A,"ILE_161_A,THR_164_A,ASP_166_A,TYR_167_A,LEU_192_A"
ASP_166_A,"ILE_162_A,LEU_165_A,TYR_167_A,ARG_169_A"
TYR_167_A,"ILE_140_A,ALA_142_A,HIS_163_A,LEU_165_A,ASP_166_A,LYS_168_A,ASN_171_A"
LYS_168_A,"TYR_167_A,ARG_169_A,MET_174_A,ASP_193_A"
ARG_169_A,"ASP_166_A,LYS_168_A,LEU_170_A"
LEU_170_A,"ARG_169_A,ASN_171_A"
ASN_171_A,"TYR_167_A,LEU_170_A,ASN_173_A,MET_174_A"
PRO_172_A,ASN_173_A
ASN_173_A,"ASN_171_A,PRO_172_A,MET_174_A"
MET_174_A,"LYS_168_A,ASN_171_A,ASN_173_A,LEU_175_A"
LEU_175_A,"VAL_154_A,MET_174_A,VAL_176_A"
VAL_176_A,"THR_164_A,LEU_175_A,TYR_177_A,ASP_193_A"
TYR_177_A,"GLU_3_A,VAL_154_A,ASP_156_A,VAL_176_A,SER_178_A"
SER_178_A,"TYR_177_A,GLY_179_A,VAL_196_A"
GLY_179_A,"ASP_156_A,SER_178_A,SER_180_A"
SER_180_A,"GLY_179_A,ASP_181_A,MET_182_A"
ASP_181_A,"SER_180_A,MET_182_A,GLY_199_A,HIS_229_A,ILE_233_A"
MET_182_A,"SER_180_A,ASP_181_A,LEU_183_A,ASP_230_A"
LEU_183_A,"MET_182_A,ILE_184_A,VAL_187_A"
ILE_184_A,"LEU_183_A,ALA_185_A,THR_207_A,ILE_210_A,GLN_226_A"
ALA_185_A,"ILE_184_A,THR_186_A,SER_189_A"
THR_186_A,"ALA_185_A,VAL_187_A,THR_190_A"
VAL_187_A,"LEU_183_A,THR_186_A,ALA_188_A,LEU_192_A"
ALA_188_A,"VAL_187_A,SER_189_A"
SER_189_A,"ALA_185_A,ALA_188_A,THR_190_A"
THR_190_A,"THR_186_A,SER_189_A,GLY_191_A,LEU_192_A"
GLY_191_A,"THR_190_A,LEU_192_A"
LEU_192_A,"LEU_165_A,VAL_187_A,THR_190_A,GLY_191_A,ASP_193_A"
ASP_193_A,"GLU_3_A,LYS_168_A,VAL_176_A,LEU_192_A,GLY_194_A"
GLY_194_A,"ASP_193_A,ASN_195_A"
ASN_195_A,"GLU_3_A,ILE_5_A,GLY_194_A,VAL_196_A"
VAL_196_A,"LYS_155_A,SER_178_A,ASN_195_A,ALA_197_A"
ALA_197_A,"VAL_196_A,ALA_198_A,SER_200_A"
ALA_198_A,"ALA_197_A,GLY_199_A,ASN_201_A"
GLY_199_A,"ASP_181_A,ALA_198_A,SER_200_A"
SER_200_A,"THR_6_A,ALA_197_A,GLY_199_A,ASN_201_A"
ASN_201_A,"PRO_7_A,ILE_9_A,ALA_198_A,SER_200_A,TYR_202_A"
TYR_202_A,"ASN_201_A,LEU_203_A,VAL_232_A,LEU_248_A"
LEU_203_A,"TYR_202_A,PHE_252_A"
PRO_204_A,"ILE_35_A,GLU_205_A,THR_207_A,VAL_208_A"
GLU_205_A,"LYS_33_A,PRO_204_A,VAL_206_A,THR_209_A,GLN_253_A"
VAL_206_A,"GLU_205_A,THR_207_A,ILE_210_A,LEU_286_A"
THR_207_A,"ILE_184_A,PRO_204_A,VAL_206_A,VAL_208_A"
VAL_208_A,"PRO_204_A,THR_207_A,THR_209_A"
THR_209_A,"GLU_205_A,VAL_208_A,ILE_210_A,LEU_225_A"
ILE_210_A,"ILE_184_A,VAL_206_A,THR_209_A,LYS_211_A,LEU_225_A"
LYS_211_A,"ASP_36_A,ILE_210_A,LYS_212_A"
LYS_212_A,"LYS_211_A,LEU_213_A,GLU_216_A"
LEU_213_A,"LYS_212_A,ALA_214_A,ARG_217_A,LYS_218_A"
ALA_214_A,"LEU_213_A,MET_215_A"
MET_215_A,"ALA_214_A,GLU_216_A"
GLU_216_A,"LYS_212_A,MET_215_A,ARG_217_A,LYS_218_A"
ARG_217_A,"LEU_213_A,GLU_216_A,LYS_218_A,ILE_219_A"
LYS_218_A,"LEU_213_A,GLU_216_A,ARG_217_A,ILE_219_A,ASP_220_A,GLU_221_A"
ILE_219_A,"ARG_217_A,LYS_218_A,ASP_220_A"
ASP_220_A,"LYS_218_A,ILE_219_A,GLU_221_A,LYS_224_A"
GLU_221_A,"LYS_218_A,ASP_220_A,ALA_222_A,LEU_225_A"
ALA_222_A,"GLU_221_A,LEU_223_A,GLN_226_A"
LEU_223_A,"ALA_222_A,LYS_224_A,PHE_227_A"
LYS_224_A,"ASP_220_A,LEU_223_A,LEU_225_A,LYS_285_A"
LEU_225_A,"THR_209_A,ILE_210_A,GLU_221_A,LYS_224_A,GLN_226_A,LEU_286_A,ILE_291_A"
GLN_226_A,"ILE_184_A,ALA_222_A,LEU_225_A,PHE_227_A,ASP_230_A"
PHE_227_A,"LEU_223_A,GLN_226_A,LEU_228_A"
LEU_228_A,"PHE_227_A,HIS_229_A"
HIS_229_A,"ASP_181_A,LEU_228_A,ASP_230_A,VAL_232_A,ILE_233_A"
ASP_230_A,"MET_182_A,GLN_226_A,HIS_229_A,GLU_231_A,GLU_234_A"
GLU_231_A,"ASP_230_A,VAL_232_A,ALA_235_A,ILE_282_A"
VAL_232_A,"TYR_202_A,HIS_229_A,GLU_231_A,ILE_233_A,ILE_282_A"
ILE_233_A,"ASP_181_A,HIS_229_A,VAL_232_A,GLU_234_A,SER_236_A"
GLU_234_A,"ASP_230_A,ILE_233_A,ALA_235_A,SER_236_A,ARG_237_A"
ALA_235_A,"GLU_231_A,GLU_234_A,SER_236_A,VAL_279_A"
SER_236_A,"ILE_233_A,GLU_234_A,ALA_235_A,ARG_237_A,SER_244_A"
ARG_237_A,"GLU_159_A,GLU_234_A,SER_236_A,ILE_238_A"
ILE_238_A,"ARG_237_A,PHE_239_A,LYS_278_A"
PHE_239_A,"ILE_238_A,GLY_240_A,GLU_271_A"
GLY_240_A,"PHE_239_A,SER_241_A,SER_244_A"
SER_241_A,"GLY_240_A,LEU_242_A,ASN_245_A"
LEU_242_A,"SER_241_A,SER_243_A"
SER_243_A,"LEU_242_A,SER_244_A,PHE_265_A"
SER_244_A,"SER_236_A,GLY_240_A,SER_243_A,ASN_245_A,LEU_248_A"
ASN_245_A,"ILE_9_A,SER_241_A,SER_244_A,TYR_246_A"
TYR_246_A,"ILE_9_A,THR_10_A,ASN_245_A,VAL_247_A,PRO_260_A"
VAL_247_A,"TYR_246_A,LEU_248_A,GLU_272_A"
LEU_248_A,"TYR_202_A,SER_244_A,VAL_247_A,THR_249_A"
THR_249_A,"LEU_248_A,LYS_250_A,GLN_253_A,LEU_257_A"
LYS_250_A,"THR_249_A,TYR_251_A,ASP_256_A,GLU_272_A"
TYR_251_A,"LYS_250_A,PHE_252_A,VAL_279_A"
PHE_252_A,"LEU_203_A,TYR_251_A,GLN_253_A,ARG_283_A"
GLN_253_A,"ASN_29_A,LYS_33_A,GLU_205_A,THR_249_A,PHE_252_A,GLY_254_A,TYR_255_A"
GLY_254_A,"GLN_253_A,TYR_255_A"
TYR_255_A,"HIS_26_A,ASN_29_A,GLN_253_A,GLY_254_A,ASP_256_A"
ASP_256_A,"LYS_22_A,LYS_250_A,TYR_255_A,LEU_257_A,GLY_258_A"
LEU_257_A,"PRO_11_A,THR_249_A,ASP_256_A,GLY_258_A"
GLY_258_A,"ASP_256_A,LEU_257_A,TYR_259_A"
TYR_259_A,"PHE_12_A,LYS_14_A,GLY_258_A"
PRO_260_A,"TYR_246_A,ARG_261_A,ILE_264_A"
ARG_261_A,"ASN_16_A,SER_49_A,GLU_54_A,PRO_260_A,ILE_264_A"
PRO_262_A,PHE_265_A
PRO_263_A,ILE_264_A
ILE_264_A,"PRO_260_A,ARG_261_A,PRO_263_A,PHE_265_A"
PHE_265_A,"SER_243_A,PRO_262_A,ILE_264_A"
PRO_266_A,LEU_267_A
LEU_267_A,"PRO_266_A,ASP_268_A,GLU_271_A,LEU_275_A"
ASP_268_A,"LEU_267_A,ASP_269_A,GLU_270_A,GLU_271_A,GLU_272_A"
ASP_269_A,"ASP_268_A,GLU_270_A,GLU_272_A,ARG_273_A"
GLU_270_A,"ASP_268_A,ASP_269_A,GLU_271_A,ARG_273_A,GLN_274_A,LYS_277_A"
GLU_271_A,"PHE_239_A,LEU_267_A,ASP_268_A,GLU_270_A,GLU_272_A,LEU_275_A"
GLU_272_A,"VAL_247_A,LYS_250_A,ASP_268_A,ASP_269_A,GLU_271_A,ARG_273_A"
ARG_273_A,"ASP_269_A,GLU_270_A,GLU_272_A,GLN_274_A"
GLN_274_A,"GLU_270_A,ARG_273_A,LEU_275_A"
LEU_275_A,"LEU_267_A,GLU_271_A,GLN_274_A,ILE_276_A,LYS_278_A"
ILE_276_A,"LEU_275_A,LYS_277_A,VAL_279_A,GLU_280_A"
LYS_277_A,"GLU_270_A,ILE_276_A,LYS_278_A"
LYS_278_A,"ILE_238_A,LEU_275_A,LYS_277_A,VAL_279_A"
VAL_279_A,"ALA_235_A,TYR_251_A,ILE_276_A,LYS_278_A,GLU_280_A,ILE_282_A,ARG_283_A"
GLU_280_A,"ILE_276_A,VAL_279_A,GLY_281_A"
GLY_281_A,"GLU_280_A,ILE_282_A"
ILE_282_A,"GLU_231_A,VAL_232_A,VAL_279_A,GLY_281_A,ARG_283_A"
ARG_283_A,"PHE_252_A,VAL_279_A,ILE_282_A,ALA_284_A,VAL_287_A,GLU_294_A"
ALA_284_A,"ARG_283_A,LYS_285_A,VAL_287_A,GLU_288_A"
LYS_285_A,"LYS_224_A,ALA_284_A,LEU_286_A,GLU_288_A,LEU_289_A"
LEU_286_A,"VAL_206_A,LEU_225_A,LYS_285_A,VAL_287_A,ILE_291_A,LEU_292_A"
VAL_287_A,"ARG_283_A,ALA_284_A,LEU_286_A,GLU_288_A"
GLU_288_A,"ALA_284_A,LYS_285_A,VAL_287_A,LEU_289_A,LYS_290_A"
LEU_289_A,"LYS_285_A,GLU_288_A,LYS_290_A"
LYS_290_A,"GLU_288_A,LEU_289_A,ILE_291_A"
ILE_291_A,"LEU_225_A,LEU_286_A,LYS_290_A,LEU_292_A"
LEU_292_A,"LEU_286_A,ILE_291_A,LYS_293_A"
LYS_293_A,"LEU_292_A,GLU_294_A"
GLU_294_A,"ARG_283_A,LYS_293_A"
