residue_id,neighbors
ARG_2_A,"THR_3_A,ARG_95_A,THR_98_A,ASP_134_A"
THR_3_A,"ARG_2_A,ILE_4_A,GLY_102_A,VAL_104_A,LYS_136_A"
ILE_4_A,"THR_3_A,TYR_5_A,VAL_104_A,PHE_106_A,ALA_133_A,ASP_134_A,LYS_136_A"
TYR_5_A,"ILE_4_A,VAL_6_A,ILE_7_A,VAL_104_A,PHE_106_A,ILE_138_A"
VAL_6_A,"TYR_5_A,ILE_7_A,PRO_112_A,LEU_119_A,ILE_122_A,LYS_136_A,ILE_138_A"
ILE_7_A,"TYR_5_A,VAL_6_A,GLY_8_A,ALA_21_A,ALA_105_A,PHE_106_A,VAL_108_A"
GLY_8_A,"ILE_7_A,ILE_9_A,ILE_138_A"
ILE_9_A,"GLY_8_A,GLY_10_A,VAL_108_A,TRP_109_A"
GLY_10_A,"ILE_9_A,THR_11_A,GLY_110_A"
THR_11_A,"GLY_10_A,GLY_12_A,ILE_141_A"
GLY_12_A,"THR_11_A,SER_13_A"
SER_13_A,"GLY_12_A,GLU_15_A"
PRO_14_A,GLU_15_A
GLU_15_A,"SER_13_A,PRO_14_A,PHE_16_A,GLU_150_A"
PHE_16_A,"GLU_15_A,LEU_17_A"
LEU_17_A,"PHE_16_A,THR_18_A,ILE_50_A"
THR_18_A,"LEU_17_A,LEU_19_A,ILE_22_A"
LEU_19_A,"THR_18_A,GLN_20_A,SER_23_A"
GLN_20_A,"LEU_19_A,ALA_21_A,GLY_24_A"
ALA_21_A,"ILE_7_A,GLN_20_A,ILE_22_A,LEU_25_A"
ILE_22_A,"THR_18_A,ALA_21_A,SER_23_A,ARG_26_A"
SER_23_A,"LEU_19_A,ILE_22_A,GLY_24_A"
GLY_24_A,"GLN_20_A,SER_23_A,LEU_25_A"
LEU_25_A,"ALA_21_A,GLY_24_A,ARG_26_A,LEU_107_A"
ARG_26_A,"ILE_22_A,LEU_25_A,HIS_27_A"
HIS_27_A,"ARG_26_A,ALA_28_A"
ALA_28_A,"HIS_27_A,GLN_29_A,ALA_105_A"
GLN_29_A,"ALA_28_A,ALA_30_A,ALA_103_A"
ALA_30_A,"GLN_29_A,ILE_31_A,THR_98_A,ALA_105_A"
ILE_31_A,"ALA_30_A,VAL_32_A,THR_58_A,TYR_61_A,LEU_107_A"
VAL_32_A,"ILE_31_A,ALA_33_A,LEU_90_A,ALA_105_A,PHE_106_A,LEU_107_A"
ALA_33_A,"VAL_32_A,LEU_34_A,TYR_61_A,VAL_63_A"
LEU_34_A,"ALA_33_A,ASP_35_A,VAL_63_A,ILE_121_A"
ASP_35_A,"LEU_34_A,ARG_47_A,VAL_63_A"
GLN_39_A,"LYS_40_A,SER_41_A"
LYS_40_A,"GLN_39_A,SER_41_A,LEU_43_A,TRP_239_A"
SER_41_A,"GLN_39_A,LYS_40_A,ASP_42_A"
ASP_42_A,"SER_41_A,LEU_43_A,HIS_237_A"
LEU_43_A,"LYS_40_A,ASP_42_A,LEU_44_A,ARG_47_A"
LEU_44_A,"LEU_43_A,ALA_45_A,GLN_48_A"
ALA_45_A,"LEU_44_A,LEU_46_A,LYS_49_A"
LEU_46_A,"ALA_45_A,ARG_47_A"
ARG_47_A,"ASP_35_A,LEU_43_A,LEU_46_A,GLN_48_A,TRP_109_A"
GLN_48_A,"LEU_44_A,ARG_47_A,LYS_49_A,ASP_52_A"
LYS_49_A,"ALA_45_A,GLN_48_A,ILE_50_A,THR_53_A"
ILE_50_A,"LEU_17_A,LYS_49_A,VAL_51_A"
VAL_51_A,"ILE_50_A,ASP_52_A,ALA_55_A,ILE_60_A,LEU_107_A"
ASP_52_A,"GLN_48_A,VAL_51_A,THR_53_A"
THR_53_A,"LYS_49_A,ASP_52_A,HIS_54_A"
HIS_54_A,"THR_53_A,ALA_55_A"
ALA_55_A,"VAL_51_A,HIS_54_A"
PRO_56_A,GLY_57_A
GLY_57_A,"PRO_56_A,THR_58_A"
THR_58_A,"ILE_31_A,GLY_57_A"
PRO_59_A,ILE_60_A
ILE_60_A,"VAL_51_A,PRO_59_A,TYR_61_A"
TYR_61_A,"ILE_31_A,ALA_33_A,ILE_60_A,ALA_62_A,VAL_63_A"
ALA_62_A,"TYR_61_A,VAL_63_A"
VAL_63_A,"ALA_33_A,LEU_34_A,ASP_35_A,TYR_61_A,ALA_62_A,THR_64_A,TRP_82_A"
THR_64_A,"VAL_63_A,ASP_65_A"
ASP_65_A,"THR_64_A,ARG_86_A"
GLU_76_A,"GLU_77_A,GLU_78_A"
GLU_77_A,"GLU_76_A,GLU_78_A,ARG_81_A"
GLU_78_A,"GLU_76_A,GLU_77_A,VAL_79_A,ARG_81_A,TRP_82_A"
VAL_79_A,"GLU_78_A,ARG_80_A,HIS_83_A"
ARG_80_A,"VAL_79_A,ARG_81_A"
ARG_81_A,"GLU_77_A,GLU_78_A,ARG_80_A,TRP_82_A"
TRP_82_A,"VAL_63_A,GLU_78_A,ARG_81_A,HIS_83_A,ARG_86_A"
HIS_83_A,"VAL_79_A,TRP_82_A,ALA_84_A,ARG_86_A,ALA_87_A"
ALA_84_A,"HIS_83_A,GLU_85_A"
GLU_85_A,"ALA_84_A,ARG_86_A,HIS_88_A,LEU_89_A"
ARG_86_A,"ASP_65_A,TRP_82_A,HIS_83_A,GLU_85_A,ALA_87_A,LEU_90_A"
ALA_87_A,"HIS_83_A,ARG_86_A,HIS_88_A,LEU_128_A"
HIS_88_A,"GLU_85_A,ALA_87_A,LEU_89_A,SER_92_A,GLU_129_A"
LEU_89_A,"GLU_85_A,HIS_88_A,LEU_90_A,THR_93_A"
LEU_90_A,"VAL_32_A,ARG_86_A,LEU_89_A,ALA_91_A,ILE_94_A"
ALA_91_A,"LEU_90_A,SER_92_A,GLU_129_A"
SER_92_A,"HIS_88_A,ALA_91_A,THR_93_A,GLU_96_A"
THR_93_A,"LEU_89_A,SER_92_A,ILE_94_A,ARG_97_A"
ILE_94_A,"LEU_90_A,THR_93_A,ARG_95_A,THR_98_A"
ARG_95_A,"ARG_2_A,ILE_94_A,GLU_96_A,GLU_129_A,HIS_132_A"
GLU_96_A,"SER_92_A,ARG_95_A,ARG_97_A"
ARG_97_A,"THR_93_A,GLU_96_A,THR_98_A"
THR_98_A,"ARG_2_A,ALA_30_A,ILE_94_A,ARG_97_A"
PRO_99_A,"ASP_100_A,GLY_102_A"
ASP_100_A,"PRO_99_A,ASP_101_A"
ASP_101_A,"ASP_100_A,GLY_102_A"
GLY_102_A,"THR_3_A,PRO_99_A,ASP_101_A,ALA_103_A"
ALA_103_A,"GLN_29_A,GLY_102_A,VAL_104_A"
VAL_104_A,"THR_3_A,ILE_4_A,TYR_5_A,ALA_103_A,ALA_105_A"
ALA_105_A,"ILE_7_A,ALA_28_A,ALA_30_A,VAL_32_A,VAL_104_A,PHE_106_A"
PHE_106_A,"ILE_4_A,TYR_5_A,ILE_7_A,VAL_32_A,ALA_105_A,LEU_107_A,ILE_122_A"
LEU_107_A,"LEU_25_A,ILE_31_A,VAL_32_A,VAL_51_A,PHE_106_A,VAL_108_A"
VAL_108_A,"ILE_7_A,ILE_9_A,LEU_107_A,TRP_109_A"
TRP_109_A,"ILE_9_A,ARG_47_A,VAL_108_A,GLY_110_A"
GLY_110_A,"GLY_10_A,TRP_109_A,ASP_111_A"
ASP_111_A,"GLY_110_A,SER_113_A,THR_142_A"
PRO_112_A,"VAL_6_A,SER_113_A"
SER_113_A,"ASP_111_A,PRO_112_A,LEU_114_A"
LEU_114_A,"SER_113_A,TYR_115_A"
TYR_115_A,"LEU_114_A,ASP_116_A"
ASP_116_A,"TYR_115_A,SER_117_A,THR_118_A"
SER_117_A,"ASP_116_A,THR_118_A,ILE_121_A"
THR_118_A,"ASP_116_A,SER_117_A,LEU_119_A,ILE_122_A"
LEU_119_A,"VAL_6_A,THR_118_A,ARG_120_A,GLU_123_A,VAL_137_A"
ARG_120_A,"LEU_119_A,ILE_121_A,HIS_124_A"
ILE_121_A,"LEU_34_A,SER_117_A,ARG_120_A,ILE_122_A"
ILE_122_A,"VAL_6_A,PHE_106_A,THR_118_A,ILE_121_A,GLU_123_A,ARG_126_A"
GLU_123_A,"LEU_119_A,ILE_122_A,HIS_124_A,ARG_126_A"
HIS_124_A,"ARG_120_A,GLU_123_A"
ARG_126_A,"ILE_122_A,GLU_123_A,ASN_127_A,ASP_130_A"
ASN_127_A,"ARG_126_A,LEU_128_A"
LEU_128_A,"ALA_87_A,ASN_127_A,GLU_129_A"
GLU_129_A,"HIS_88_A,ALA_91_A,ARG_95_A,LEU_128_A,ASP_130_A"
ASP_130_A,"ARG_126_A,GLU_129_A,LEU_131_A,HIS_132_A"
LEU_131_A,"ASP_130_A,HIS_132_A"
HIS_132_A,"ARG_95_A,ASP_130_A,LEU_131_A,ALA_133_A"
ALA_133_A,"ILE_4_A,HIS_132_A,ASP_134_A"
ASP_134_A,"ARG_2_A,ILE_4_A,ALA_133_A,VAL_135_A,LYS_136_A"
VAL_135_A,"ASP_134_A,LYS_136_A"
LYS_136_A,"THR_3_A,ILE_4_A,VAL_6_A,ASP_134_A,VAL_135_A,VAL_137_A"
VAL_137_A,"LEU_119_A,LYS_136_A,ILE_138_A"
ILE_138_A,"TYR_5_A,VAL_6_A,GLY_8_A,VAL_137_A"
PRO_139_A,GLY_140_A
GLY_140_A,"PRO_139_A,ILE_141_A"
ILE_141_A,"THR_11_A,GLY_140_A,THR_142_A,VAL_146_A"
THR_142_A,"ASP_111_A,ILE_141_A,ALA_143_A,GLN_145_A"
ALA_143_A,"THR_142_A,VAL_144_A,LEU_147_A"
VAL_144_A,"ALA_143_A,GLN_145_A,ILE_155_A"
GLN_145_A,"THR_142_A,VAL_144_A,VAL_146_A,ALA_149_A"
VAL_146_A,"ILE_141_A,GLN_145_A,LEU_147_A,GLU_150_A"
LEU_147_A,"ALA_143_A,VAL_146_A,THR_148_A"
THR_148_A,"LEU_147_A,ALA_149_A,GLY_152_A"
ALA_149_A,"GLN_145_A,THR_148_A,GLU_150_A"
GLU_150_A,"GLU_15_A,VAL_146_A,ALA_149_A,HIS_151_A,GLN_212_A"
HIS_151_A,"GLU_150_A,GLY_152_A,TRP_203_A,LYS_216_A"
GLY_152_A,"THR_148_A,HIS_151_A,ILE_153_A"
ILE_153_A,"GLY_152_A,LEU_154_A,TRP_202_A"
LEU_154_A,"ILE_153_A,ILE_155_A,ARG_247_A"
ILE_155_A,"VAL_144_A,LEU_154_A,ASN_156_A,ILE_162_A,ASN_180_A"
ASN_156_A,"ILE_155_A,ARG_157_A"
ARG_157_A,"ASN_156_A,ILE_158_A,GLU_160_A,ARG_179_A,ARG_247_A,GLU_248_A,ASP_250_A"
ILE_158_A,"ARG_157_A,GLY_159_A"
GLY_159_A,"ILE_158_A,GLU_160_A"
GLU_160_A,"ARG_157_A,GLY_159_A,ALA_161_A,ARG_179_A,ARG_247_A"
ALA_161_A,"GLU_160_A,ILE_162_A,ASN_180_A"
ILE_162_A,"ILE_155_A,ALA_161_A,HIS_163_A"
HIS_163_A,"ILE_162_A,ILE_164_A,ASP_177_A,VAL_182_A"
ILE_164_A,"HIS_163_A,THR_165_A"
THR_165_A,"ILE_164_A,THR_166_A,VAL_182_A"
THR_166_A,"THR_165_A,GLY_167_A"
GLY_167_A,"THR_166_A,ARG_168_A"
ARG_168_A,"GLY_167_A,ASN_169_A"
ASN_169_A,"ARG_168_A,LEU_170_A,THR_173_A"
LEU_170_A,"ASN_169_A,ALA_190_A,VAL_194_A"
PRO_171_A,GLU_172_A
GLU_172_A,"PRO_171_A,THR_173_A"
THR_173_A,"ASN_169_A,GLU_172_A,SER_174_A,ASP_177_A,ARG_178_A"
SER_174_A,"THR_173_A,ALA_175_A,ASP_177_A,ARG_178_A"
ALA_175_A,"SER_174_A,LYS_176_A"
LYS_176_A,"ALA_175_A,ASP_177_A,ARG_179_A"
ASP_177_A,"HIS_163_A,THR_173_A,SER_174_A,LYS_176_A,ARG_178_A"
ARG_178_A,"THR_173_A,SER_174_A,ASP_177_A,ARG_179_A"
ARG_179_A,"ARG_157_A,GLU_160_A,LYS_176_A,ARG_178_A,ASN_180_A,GLU_248_A,ASP_250_A"
ASN_180_A,"ILE_155_A,ALA_161_A,ARG_179_A,CYS_181_A,ARG_247_A"
CYS_181_A,"ASN_180_A,VAL_182_A,LEU_246_A"
VAL_182_A,"HIS_163_A,THR_165_A,CYS_181_A,VAL_183_A"
VAL_183_A,"VAL_182_A,TYR_244_A"
LEU_185_A,ASP_186_A
ASP_186_A,"LEU_185_A,GLY_187_A,LYS_188_A,ALA_190_A,LYS_230_A,ASP_242_A,TYR_244_A"
GLY_187_A,"ASP_186_A,LYS_188_A"
LYS_188_A,"ASP_186_A,GLY_187_A,THR_189_A,LYS_230_A"
THR_189_A,"LYS_188_A,ALA_190_A,ALA_227_A"
ALA_190_A,"LEU_170_A,ASP_186_A,THR_189_A,TRP_191_A"
TRP_191_A,"ALA_190_A,GLN_192_A,VAL_226_A,TYR_244_A"
GLN_192_A,"TRP_191_A,ASP_193_A"
ASP_193_A,"GLN_192_A,VAL_194_A"
VAL_194_A,"LEU_170_A,ASP_193_A,ALA_195_A"
ALA_195_A,"VAL_194_A,THR_196_A,VAL_219_A"
THR_196_A,"ALA_195_A,GLU_197_A,HIS_198_A,THR_199_A,GLU_248_A"
GLU_197_A,"THR_196_A,HIS_198_A,HIS_220_A"
HIS_198_A,"THR_196_A,GLU_197_A,THR_199_A,GLU_248_A,LEU_249_A,ASP_250_A"
THR_199_A,"THR_196_A,HIS_198_A,TYR_200_A,VAL_219_A,GLU_248_A"
TYR_200_A,"THR_199_A,TRP_202_A,TYR_218_A,ARG_247_A,LEU_249_A"
TRP_202_A,"ILE_153_A,TYR_200_A,TRP_203_A,LEU_245_A"
TRP_203_A,"HIS_151_A,TRP_202_A,GLY_204_A,ALA_205_A,ARG_215_A,VAL_226_A,ASP_242_A"
GLY_204_A,"TRP_203_A,ALA_205_A,THR_243_A"
ALA_205_A,"TRP_203_A,GLY_204_A,PHE_206_A,VAL_213_A,ILE_240_A"
PHE_206_A,"ALA_205_A,LEU_207_A,THR_209_A,TRP_239_A"
LEU_207_A,"PHE_206_A,GLY_208_A,LEU_214_A"
GLY_208_A,"LEU_207_A,THR_209_A,GLN_212_A"
THR_209_A,"PHE_206_A,GLY_208_A,GLU_210_A,GLN_211_A"
GLU_210_A,"THR_209_A,GLN_211_A"
GLN_211_A,"THR_209_A,GLU_210_A,GLN_212_A"
GLN_212_A,"GLU_150_A,GLY_208_A,GLN_211_A,VAL_213_A"
VAL_213_A,"ALA_205_A,GLN_212_A,LEU_214_A"
LEU_214_A,"LEU_207_A,VAL_213_A,ARG_215_A"
ARG_215_A,"TRP_203_A,LEU_214_A,LYS_216_A"
LYS_216_A,"HIS_151_A,ARG_215_A,GLY_217_A"
GLY_217_A,"LYS_216_A,TYR_218_A"
TYR_218_A,"TYR_200_A,GLY_217_A,VAL_219_A,HIS_220_A,GLU_221_A,ILE_222_A"
VAL_219_A,"ALA_195_A,THR_199_A,TYR_218_A,HIS_220_A,GLY_223_A"
HIS_220_A,"GLU_197_A,TYR_218_A,VAL_219_A,GLU_221_A"
GLU_221_A,"TYR_218_A,HIS_220_A,ILE_222_A"
ILE_222_A,"TYR_218_A,GLU_221_A,GLY_223_A,VAL_226_A"
GLY_223_A,"VAL_219_A,ILE_222_A,ALA_224_A"
ALA_224_A,"GLY_223_A,GLN_225_A,GLU_228_A"
GLN_225_A,"ALA_224_A,VAL_226_A,LEU_229_A"
VAL_226_A,"TRP_191_A,TRP_203_A,ILE_222_A,GLN_225_A,ALA_227_A,LYS_230_A"
ALA_227_A,"THR_189_A,VAL_226_A,GLU_228_A"
GLU_228_A,"ALA_224_A,ALA_227_A,LEU_229_A,GLN_232_A"
LEU_229_A,"GLN_225_A,GLU_228_A,LYS_230_A,LEU_233_A"
LYS_230_A,"ASP_186_A,LYS_188_A,VAL_226_A,LEU_229_A,GLN_231_A,ARG_234_A,ASP_242_A"
GLN_231_A,"LYS_230_A,GLN_232_A,THR_235_A"
GLN_232_A,"GLU_228_A,GLN_231_A,LEU_233_A"
LEU_233_A,"LEU_229_A,GLN_232_A,ARG_234_A,HIS_237_A,ILE_240_A"
ARG_234_A,"LYS_230_A,LEU_233_A,THR_235_A,GLY_238_A"
THR_235_A,"GLN_231_A,ARG_234_A,GLU_236_A"
GLU_236_A,"THR_235_A,HIS_237_A"
HIS_237_A,"ASP_42_A,LEU_233_A,GLU_236_A,GLY_238_A"
GLY_238_A,"ARG_234_A,HIS_237_A,TRP_239_A"
TRP_239_A,"LYS_40_A,PHE_206_A,GLY_238_A,ILE_240_A"
ILE_240_A,"ALA_205_A,LEU_233_A,TRP_239_A"
ASP_242_A,"ASP_186_A,TRP_203_A,LYS_230_A,THR_243_A"
THR_243_A,"GLY_204_A,ASP_242_A,TYR_244_A"
TYR_244_A,"VAL_183_A,ASP_186_A,TRP_191_A,THR_243_A,LEU_245_A"
LEU_245_A,"TRP_202_A,TYR_244_A,LEU_246_A"
LEU_246_A,"CYS_181_A,LEU_245_A,ARG_247_A"
ARG_247_A,"LEU_154_A,ARG_157_A,GLU_160_A,ASN_180_A,TYR_200_A,LEU_246_A,GLU_248_A,LEU_249_A"
GLU_248_A,"ARG_157_A,ARG_179_A,THR_196_A,HIS_198_A,THR_199_A,ARG_247_A,LEU_249_A,ASP_250_A"
LEU_249_A,"HIS_198_A,TYR_200_A,ARG_247_A,GLU_248_A,ASP_250_A"
ASP_250_A,"ARG_157_A,ARG_179_A,HIS_198_A,GLU_248_A,LEU_249_A"
