residue_id,neighbors
VAL_79_E,GLU_80_E
GLU_80_E,"VAL_79_E,GLU_81_E"
GLU_81_E,"GLU_80_E,PHE_82_E"
PHE_82_E,"GLU_81_E,GLN_83_E"
GLN_83_E,"PHE_82_E,CYS_84_E,LEU_85_E"
CYS_84_E,"GLN_83_E,LEU_85_E"
LEU_85_E,"GLN_83_E,CYS_84_E,ASN_86_E,ARG_98_E"
ASN_86_E,"LEU_85_E,ARG_87_E,ARG_98_E"
ARG_87_E,"ASN_86_E,ILE_88_E"
ILE_88_E,"ARG_87_E,GLU_89_E,VAL_96_E"
GLU_89_E,"ILE_88_E,GLU_90_E,ASP_166_E"
GLU_90_E,"GLU_89_E,GLY_91_E"
GLY_91_E,"GLU_90_E,THR_92_E,GLY_94_E"
THR_92_E,"GLY_91_E,TYR_93_E"
TYR_93_E,"THR_92_E,GLY_94_E,ARG_112_E,LYS_114_E,MET_115_E"
GLY_94_E,"GLY_91_E,TYR_93_E,VAL_95_E"
VAL_95_E,"GLY_94_E,VAL_96_E,TYR_97_E"
VAL_96_E,"ILE_88_E,VAL_95_E,TYR_97_E,LYS_111_E"
TYR_97_E,"VAL_95_E,VAL_96_E,ARG_98_E,LEU_110_E"
ARG_98_E,"LEU_85_E,ASN_86_E,TYR_97_E,ALA_99_E"
ALA_99_E,"ARG_98_E,LYS_100_E"
LYS_100_E,"ALA_99_E,ASP_101_E"
ASP_101_E,"LYS_100_E,LYS_102_E,GLU_106_E,ARG_145_E,GLU_146_E"
LYS_102_E,ASP_101_E
GLU_106_E,"ASP_101_E,ILE_107_E"
ILE_107_E,"GLU_106_E,VAL_108_E"
VAL_108_E,"ILE_107_E,ALA_109_E,VAL_159_E"
ALA_109_E,"VAL_108_E,LEU_110_E,MET_160_E"
LEU_110_E,"TYR_97_E,ALA_109_E,LYS_111_E,VAL_159_E"
LYS_111_E,"VAL_96_E,LEU_110_E,ARG_112_E,LEU_113_E,GLU_129_E,ILE_158_E,ASP_224_E"
ARG_112_E,"TYR_93_E,LYS_111_E,LEU_113_E"
LEU_113_E,"LYS_111_E,ARG_112_E,LYS_114_E,ILE_156_E,ILE_158_E"
LYS_114_E,"TYR_93_E,LEU_113_E,MET_115_E"
MET_115_E,"TYR_93_E,LYS_114_E,GLU_116_E"
GLU_116_E,"MET_115_E,LYS_117_E,GLU_118_E"
LYS_117_E,"GLU_116_E,GLU_118_E"
GLU_118_E,"GLU_116_E,LYS_117_E,LYS_119_E"
LYS_119_E,"GLU_118_E,GLU_120_E"
GLU_120_E,"LYS_119_E,GLY_121_E"
GLY_121_E,"GLU_120_E,PHE_122_E"
PHE_122_E,"GLY_121_E,MET_153_E"
PRO_123_E,ILE_124_E
ILE_124_E,"PRO_123_E,THR_125_E"
THR_125_E,"ILE_124_E,SER_126_E"
SER_126_E,"THR_125_E,LEU_127_E,ILE_130_E"
LEU_127_E,"SER_126_E,ARG_128_E,ASN_131_E"
ARG_128_E,"LEU_127_E,GLU_129_E,THR_132_E,ARG_205_E,ARG_229_E"
GLU_129_E,"LYS_111_E,ARG_128_E,ILE_130_E,ASP_224_E"
ILE_130_E,"SER_126_E,GLU_129_E,ASN_131_E,LEU_134_E,ILE_147_E"
ASN_131_E,"LEU_127_E,ILE_130_E,THR_132_E,LYS_135_E"
THR_132_E,"ARG_128_E,ASN_131_E,ILE_133_E,ALA_228_E"
ILE_133_E,"THR_132_E,LEU_134_E,VAL_144_E,PHE_225_E"
LEU_134_E,"ILE_130_E,ILE_133_E,LYS_135_E"
LYS_135_E,"ASN_131_E,LEU_134_E,ALA_136_E,ASN_200_E,ILE_202_E,GLU_230_E"
ALA_136_E,"LYS_135_E,GLN_137_E,HIS_138_E,LEU_197_E"
GLN_137_E,"ALA_136_E,HIS_138_E"
HIS_138_E,"ALA_136_E,GLN_137_E,ASN_140_E,ILE_141_E,HIS_196_E"
PRO_139_E,ASN_140_E
ASN_140_E,"HIS_138_E,PRO_139_E,ILE_141_E"
ILE_141_E,"HIS_138_E,ASN_140_E,VAL_142_E,VAL_222_E,PHE_225_E"
VAL_142_E,"ILE_141_E,THR_143_E,MET_160_E"
THR_143_E,"VAL_142_E,VAL_144_E,ASN_161_E"
VAL_144_E,"ILE_133_E,THR_143_E,ARG_145_E"
ARG_145_E,"ASP_101_E,VAL_144_E,GLU_146_E,VAL_159_E"
GLU_146_E,"ASP_101_E,ARG_145_E,ILE_147_E,VAL_159_E"
ILE_147_E,"ILE_130_E,GLU_146_E,VAL_148_E,ILE_158_E"
VAL_148_E,"ILE_147_E,VAL_149_E,TYR_157_E,VAL_159_E"
VAL_149_E,"VAL_148_E,GLY_150_E,ILE_156_E"
GLY_150_E,"VAL_149_E,SER_151_E"
SER_151_E,"GLY_150_E,ASN_152_E"
ASN_152_E,"SER_151_E,MET_153_E,ASP_154_E"
MET_153_E,"PHE_122_E,ASN_152_E,ASP_154_E"
ASP_154_E,"ASN_152_E,MET_153_E,LYS_155_E"
LYS_155_E,"ASP_154_E,ILE_156_E,TYR_157_E"
ILE_156_E,"LEU_113_E,VAL_149_E,LYS_155_E,TYR_157_E"
TYR_157_E,"VAL_148_E,LYS_155_E,ILE_156_E,ILE_158_E"
ILE_158_E,"LYS_111_E,LEU_113_E,ILE_147_E,TYR_157_E,VAL_159_E,MET_160_E"
VAL_159_E,"VAL_108_E,LEU_110_E,ARG_145_E,GLU_146_E,VAL_148_E,ILE_158_E,MET_160_E"
MET_160_E,"ALA_109_E,VAL_142_E,ILE_158_E,VAL_159_E,ASN_161_E"
ASN_161_E,"THR_143_E,MET_160_E,TYR_162_E"
TYR_162_E,"ASN_161_E,VAL_163_E"
VAL_163_E,"TYR_162_E,GLU_164_E,LEU_213_E"
GLU_164_E,"VAL_163_E,HIS_165_E,HIS_216_E"
HIS_165_E,"GLU_164_E,ASP_166_E,LEU_214_E"
ASP_166_E,"GLU_89_E,HIS_165_E,LEU_167_E,LYS_168_E,SER_169_E"
LEU_167_E,"ASP_166_E,LYS_168_E,MET_171_E,LEU_212_E"
LYS_168_E,"ASP_166_E,LEU_167_E,SER_169_E"
SER_169_E,"ASP_166_E,LYS_168_E,LEU_170_E,THR_173_E"
LEU_170_E,"SER_169_E,MET_171_E"
MET_171_E,"LEU_167_E,LEU_170_E,GLU_172_E,LEU_275_E,GLN_278_E"
GLU_172_E,"MET_171_E,THR_173_E"
THR_173_E,"SER_169_E,GLU_172_E,MET_174_E"
MET_174_E,"THR_173_E,LYS_175_E,PHE_178_E,GLN_278_E"
LYS_175_E,"MET_174_E,GLN_176_E"
GLN_176_E,LYS_175_E
PRO_177_E,PHE_178_E
PHE_178_E,"MET_174_E,PRO_177_E,LEU_179_E,VAL_183_E,LEU_382_E"
LEU_179_E,"PHE_178_E,GLU_182_E,VAL_183_E"
PRO_180_E,"GLY_181_E,LYS_184_E"
GLY_181_E,"PRO_180_E,GLU_182_E"
GLU_182_E,"LEU_179_E,GLY_181_E,VAL_183_E,PHE_379_E"
VAL_183_E,"PHE_178_E,LEU_179_E,GLU_182_E,LYS_184_E,MET_187_E,PHE_272_E"
LYS_184_E,"PRO_180_E,VAL_183_E,THR_185_E,ILE_188_E,TYR_366_E,GLU_369_E,PRO_371_E,PRO_373_E"
THR_185_E,"LYS_184_E,LEU_186_E,ILE_374_E,PHE_379_E"
LEU_186_E,"THR_185_E,MET_187_E,LEU_190_E,LEU_214_E,PHE_379_E"
MET_187_E,"VAL_183_E,LEU_186_E,ILE_188_E,LEU_191_E,PHE_272_E,PHE_347_E,PHE_367_E"
ILE_188_E,"LYS_184_E,MET_187_E,GLN_189_E,PHE_367_E"
GLN_189_E,"ILE_188_E,LEU_190_E,LEU_220_E"
LEU_190_E,"LEU_186_E,GLN_189_E,LEU_191_E,VAL_268_E"
LEU_191_E,"MET_187_E,LEU_190_E,ARG_192_E,LYS_195_E,MET_265_E,LEU_362_E,PHE_367_E"
ARG_192_E,"LEU_191_E,GLY_193_E"
GLY_193_E,"ARG_192_E,VAL_194_E"
VAL_194_E,"GLY_193_E,LYS_195_E"
LYS_195_E,"LEU_191_E,VAL_194_E,HIS_196_E,ASP_199_E,GLU_359_E"
HIS_196_E,"HIS_138_E,LYS_195_E,LEU_197_E"
LEU_197_E,"ALA_136_E,HIS_196_E,HIS_198_E,ILE_202_E,PHE_225_E"
HIS_198_E,"LEU_197_E,ASP_199_E,TYR_231_E,ASP_264_E"
ASP_199_E,"LYS_195_E,HIS_198_E,ASN_200_E,GLU_359_E"
ASN_200_E,"LYS_135_E,ASP_199_E,TRP_201_E"
TRP_201_E,"ASN_200_E,ILE_202_E,TYR_231_E"
ILE_202_E,"LYS_135_E,LEU_197_E,TRP_201_E,LEU_203_E"
LEU_203_E,"ILE_202_E,HIS_204_E,ARG_229_E,TYR_231_E"
HIS_204_E,"LEU_203_E,ARG_205_E,ASP_206_E,ASP_224_E,ASP_264_E"
ARG_205_E,"ARG_128_E,HIS_204_E,ASP_206_E,LEU_227_E,ARG_229_E,ASP_264_E"
ASP_206_E,"HIS_204_E,ARG_205_E,LEU_207_E,LYS_208_E,ASN_211_E,ASP_224_E"
LEU_207_E,"ASP_206_E,LYS_208_E,ASP_264_E"
LYS_208_E,"ASP_206_E,LEU_207_E,THR_209_E,ASN_211_E,THR_244_E,TYR_247_E"
THR_209_E,"LYS_208_E,SER_210_E,TYR_247_E,ILE_271_E"
SER_210_E,"THR_209_E,ASN_211_E"
ASN_211_E,"ASP_206_E,LYS_208_E,SER_210_E,LEU_212_E"
LEU_212_E,"LEU_167_E,ASN_211_E,LEU_213_E,VAL_222_E"
LEU_213_E,"VAL_163_E,LEU_212_E,LEU_214_E,LYS_221_E"
LEU_214_E,"HIS_165_E,LEU_186_E,LEU_213_E,SER_215_E"
SER_215_E,"LEU_214_E,HIS_216_E,GLY_218_E,ILE_219_E"
HIS_216_E,"GLU_164_E,SER_215_E,ALA_217_E"
ALA_217_E,"HIS_216_E,GLY_218_E"
GLY_218_E,"SER_215_E,ALA_217_E,ILE_219_E"
ILE_219_E,"SER_215_E,GLY_218_E,LEU_220_E"
LEU_220_E,"GLN_189_E,ILE_219_E,LYS_221_E"
LYS_221_E,"LEU_213_E,LEU_220_E,VAL_222_E"
VAL_222_E,"ILE_141_E,LEU_212_E,LYS_221_E,GLY_223_E"
GLY_223_E,"VAL_222_E,ASP_224_E"
ASP_224_E,"LYS_111_E,GLU_129_E,HIS_204_E,ASP_206_E,GLY_223_E,PHE_225_E"
PHE_225_E,"ILE_133_E,ILE_141_E,LEU_197_E,ASP_224_E,GLY_226_E,ALA_228_E"
GLY_226_E,"PHE_225_E,LEU_227_E"
LEU_227_E,"ARG_205_E,GLY_226_E,ALA_228_E"
ALA_228_E,"THR_132_E,PHE_225_E,LEU_227_E,ARG_229_E"
ARG_229_E,"ARG_128_E,LEU_203_E,ARG_205_E,ALA_228_E,GLU_230_E"
GLU_230_E,"LYS_135_E,ARG_229_E,TYR_231_E"
TYR_231_E,"HIS_198_E,TRP_201_E,LEU_203_E,GLU_230_E,GLY_232_E,THR_261_E"
GLY_232_E,"TYR_231_E,SER_233_E"
SER_233_E,"GLY_232_E,LEU_235_E"
PRO_234_E,LEU_235_E
LEU_235_E,"SER_233_E,PRO_234_E,LYS_236_E,TYR_238_E"
LYS_236_E,"LEU_235_E,ALA_237_E"
ALA_237_E,"LYS_236_E,TYR_238_E"
TYR_238_E,"LEU_235_E,ALA_237_E"
PRO_240_E,VAL_241_E
VAL_241_E,"PRO_240_E,VAL_242_E"
VAL_242_E,"VAL_241_E,VAL_243_E,ARG_248_E"
VAL_243_E,"VAL_242_E,THR_244_E,ARG_248_E"
THR_244_E,"LYS_208_E,VAL_243_E,LEU_245_E,ARG_248_E"
LEU_245_E,"THR_244_E,TRP_246_E,GLN_290_E"
TRP_246_E,"LEU_245_E,TYR_247_E,PRO_280_E,GLY_284_E"
TYR_247_E,"LYS_208_E,THR_209_E,TRP_246_E,ARG_248_E,CYS_270_E,GLU_274_E"
ARG_248_E,"VAL_242_E,VAL_243_E,THR_244_E,TYR_247_E,ALA_249_E,LEU_252_E,LEU_253_E,GLU_287_E"
ALA_249_E,"ARG_248_E,LEU_253_E"
PRO_250_E,"GLU_251_E,LEU_254_E"
GLU_251_E,"PRO_250_E,LEU_252_E,ARG_355_E"
LEU_252_E,"ARG_248_E,GLU_251_E,LEU_253_E"
LEU_253_E,"ARG_248_E,ALA_249_E,LEU_252_E,LEU_254_E,GLN_290_E,ILE_291_E"
LEU_254_E,"PRO_250_E,LEU_253_E,GLY_255_E,ALA_314_E"
GLY_255_E,"LEU_254_E,ALA_256_E"
ALA_256_E,"GLY_255_E,LYS_257_E"
LYS_257_E,"ALA_256_E,GLU_258_E"
GLU_258_E,"LYS_257_E,TYR_259_E"
TYR_259_E,"GLU_258_E,SER_260_E"
SER_260_E,"TYR_259_E,THR_261_E,ALA_262_E"
THR_261_E,"TYR_231_E,SER_260_E,ALA_262_E"
ALA_262_E,"SER_260_E,THR_261_E,VAL_263_E,TRP_266_E,PRO_352_E,ARG_355_E"
VAL_263_E,"ALA_262_E,ASP_264_E,SER_267_E"
ASP_264_E,"HIS_198_E,HIS_204_E,ARG_205_E,LEU_207_E,VAL_263_E,MET_265_E,VAL_268_E"
MET_265_E,"LEU_191_E,ASP_264_E,TRP_266_E,PHE_347_E"
TRP_266_E,"ALA_262_E,MET_265_E,SER_267_E,VAL_294_E,LEU_348_E"
SER_267_E,"VAL_263_E,TRP_266_E,VAL_268_E,CYS_270_E,ILE_271_E"
VAL_268_E,"LEU_190_E,ASP_264_E,SER_267_E,GLY_269_E,PHE_272_E"
GLY_269_E,"VAL_268_E,CYS_270_E"
CYS_270_E,"TYR_247_E,SER_267_E,GLY_269_E,ILE_271_E"
ILE_271_E,"THR_209_E,SER_267_E,CYS_270_E,PHE_272_E"
PHE_272_E,"VAL_183_E,MET_187_E,VAL_268_E,ILE_271_E,GLY_273_E,TYR_366_E"
GLY_273_E,"PHE_272_E,GLU_274_E"
GLU_274_E,"TYR_247_E,GLY_273_E,LEU_275_E,GLN_278_E"
LEU_275_E,"MET_171_E,GLU_274_E,LEU_276_E"
LEU_276_E,"LEU_275_E,THR_277_E,PHE_332_E,LEU_336_E"
THR_277_E,"LEU_276_E,GLN_278_E,LYS_279_E,PHE_332_E"
GLN_278_E,"MET_171_E,MET_174_E,GLU_274_E,THR_277_E,LYS_279_E"
LYS_279_E,"THR_277_E,GLN_278_E"
PRO_280_E,"TRP_246_E,LEU_281_E"
LEU_281_E,"PRO_280_E,PHE_282_E,ARG_331_E,PHE_332_E"
PHE_282_E,"LEU_281_E,GLY_284_E,GLN_290_E,VAL_294_E"
PRO_283_E,GLY_284_E
GLY_284_E,"TRP_246_E,PHE_282_E,PRO_283_E,LYS_285_E"
LYS_285_E,"GLY_284_E,SER_286_E,ASP_289_E"
SER_286_E,"LYS_285_E,GLU_287_E,GLN_290_E"
GLU_287_E,"ARG_248_E,SER_286_E,ILE_288_E,GLN_290_E,ILE_291_E"
ILE_288_E,"GLU_287_E,ASP_289_E"
ASP_289_E,"LYS_285_E,ILE_288_E,GLN_290_E,LYS_293_E"
GLN_290_E,"LEU_245_E,LEU_253_E,PHE_282_E,SER_286_E,GLU_287_E,ASP_289_E,ILE_291_E"
ILE_291_E,"LEU_253_E,GLU_287_E,GLN_290_E,ASN_292_E,PHE_295_E"
ASN_292_E,"ILE_291_E,LYS_293_E,LYS_296_E"
LYS_293_E,"ASP_289_E,ASN_292_E,VAL_294_E"
VAL_294_E,"TRP_266_E,PHE_282_E,LYS_293_E,PHE_295_E,LEU_298_E"
PHE_295_E,"ILE_291_E,VAL_294_E,LYS_296_E,GLY_299_E,PRO_301_E"
LYS_296_E,"ASN_292_E,PHE_295_E,ASP_297_E"
ASP_297_E,"LYS_296_E,LEU_298_E,ARG_329_E,ARG_331_E"
LEU_298_E,"VAL_294_E,ASP_297_E,GLY_299_E"
GLY_299_E,"PHE_295_E,LEU_298_E,THR_300_E,TYR_350_E"
THR_300_E,"GLY_299_E,HIS_323_E"
PRO_301_E,"PHE_295_E,SER_302_E,TYR_309_E,TYR_350_E"
SER_302_E,"PRO_301_E,GLU_303_E,TRP_306_E"
GLU_303_E,"SER_302_E,LYS_304_E,TYR_309_E,SER_310_E"
LYS_304_E,"GLU_303_E,ILE_305_E"
ILE_305_E,"LYS_304_E,TRP_306_E"
TRP_306_E,"SER_302_E,ILE_305_E,PHE_351_E"
PRO_307_E,GLY_308_E
GLY_308_E,"PRO_307_E,TYR_309_E"
TYR_309_E,"PRO_301_E,GLU_303_E,GLY_308_E,SER_310_E,LEU_312_E"
SER_310_E,"GLU_303_E,TYR_309_E,GLU_311_E"
GLU_311_E,"SER_310_E,LEU_312_E"
LEU_312_E,"TYR_309_E,GLU_311_E,LYS_316_E"
PRO_313_E,ALA_314_E
ALA_314_E,"LEU_254_E,PRO_313_E,VAL_315_E"
VAL_315_E,"ALA_314_E,LYS_316_E"
LYS_316_E,"LEU_312_E,VAL_315_E,LYS_317_E"
LYS_317_E,"LYS_316_E,MET_318_E"
MET_318_E,"LYS_317_E,THR_319_E"
THR_319_E,"MET_318_E,PHE_320_E"
PHE_320_E,"THR_319_E,SER_321_E"
SER_321_E,"PHE_320_E,GLU_322_E"
GLU_322_E,"SER_321_E,HIS_323_E"
HIS_323_E,"THR_300_E,GLU_322_E"
LEU_328_E,ARG_329_E
ARG_329_E,"ASP_297_E,LEU_328_E,LYS_330_E"
LYS_330_E,"ARG_329_E,ARG_331_E"
ARG_331_E,"LEU_281_E,ASP_297_E,LYS_330_E,PHE_332_E"
PHE_332_E,"LEU_276_E,THR_277_E,LEU_281_E,ARG_331_E,GLY_333_E,MET_344_E"
GLY_333_E,"PHE_332_E,ALA_334_E"
ALA_334_E,"GLY_333_E,LEU_335_E"
LEU_335_E,"ALA_334_E,LEU_336_E"
LEU_336_E,"LEU_276_E,LEU_335_E,SER_337_E,MET_344_E"
SER_337_E,"LEU_336_E,ASP_338_E,GLU_369_E"
ASP_338_E,"SER_337_E,GLN_339_E"
GLN_339_E,"ASP_338_E,GLY_340_E,LEU_343_E"
GLY_340_E,"GLN_339_E,PHE_341_E,MET_344_E"
PHE_341_E,"GLY_340_E,ASP_342_E,ASN_345_E"
ASP_342_E,"PHE_341_E,LEU_343_E,HIS_364_E,GLU_365_E"
LEU_343_E,"GLN_339_E,ASP_342_E,MET_344_E,PHE_347_E,HIS_364_E,TYR_366_E"
MET_344_E,"PHE_332_E,LEU_336_E,GLY_340_E,LEU_343_E,ASN_345_E,LEU_348_E"
ASN_345_E,"PHE_341_E,MET_344_E,LYS_346_E,THR_349_E"
LYS_346_E,"ASN_345_E,PHE_347_E,ILE_356_E"
PHE_347_E,"MET_187_E,MET_265_E,LEU_343_E,LYS_346_E,LEU_348_E,ILE_356_E"
LEU_348_E,"TRP_266_E,MET_344_E,PHE_347_E,THR_349_E"
THR_349_E,"ASN_345_E,LEU_348_E,TYR_350_E,ARG_355_E"
TYR_350_E,"GLY_299_E,PRO_301_E,THR_349_E,PHE_351_E"
PHE_351_E,"TRP_306_E,TYR_350_E,ARG_354_E"
PRO_352_E,"ALA_262_E,GLY_353_E"
GLY_353_E,"PRO_352_E,ARG_354_E"
ARG_354_E,"PHE_351_E,GLY_353_E,ARG_355_E"
ARG_355_E,"GLU_251_E,ALA_262_E,THR_349_E,ARG_354_E,ILE_356_E"
ILE_356_E,"LYS_346_E,PHE_347_E,ARG_355_E,SER_357_E,ASP_360_E"
SER_357_E,"ILE_356_E,ALA_358_E,GLY_361_E"
ALA_358_E,"SER_357_E,GLU_359_E"
GLU_359_E,"LYS_195_E,ASP_199_E,ALA_358_E,ASP_360_E"
ASP_360_E,"ILE_356_E,GLU_359_E,GLY_361_E"
GLY_361_E,"SER_357_E,ASP_360_E,LEU_362_E"
LEU_362_E,"LEU_191_E,GLY_361_E,LYS_363_E"
LYS_363_E,"LEU_362_E,HIS_364_E,ARG_368_E"
HIS_364_E,"ASP_342_E,LEU_343_E,LYS_363_E,GLU_365_E"
GLU_365_E,"ASP_342_E,HIS_364_E,TYR_366_E,ARG_368_E"
TYR_366_E,"LYS_184_E,PHE_272_E,LEU_343_E,GLU_365_E,PHE_367_E"
PHE_367_E,"MET_187_E,ILE_188_E,LEU_191_E,TYR_366_E,ARG_368_E"
ARG_368_E,"LYS_363_E,GLU_365_E,PHE_367_E,GLU_369_E"
GLU_369_E,"LYS_184_E,SER_337_E,ARG_368_E,THR_370_E"
THR_370_E,GLU_369_E
PRO_371_E,"LYS_184_E,LEU_372_E"
LEU_372_E,PRO_371_E
PRO_373_E,"LYS_184_E,ILE_374_E"
ILE_374_E,"THR_185_E,PRO_373_E,ASP_375_E,MET_378_E"
ASP_375_E,"ILE_374_E,MET_378_E"
PRO_376_E,SER_377_E
SER_377_E,"PRO_376_E,MET_378_E"
MET_378_E,"ILE_374_E,ASP_375_E,SER_377_E,PHE_379_E"
PHE_379_E,"GLU_182_E,THR_185_E,LEU_186_E,MET_378_E"
PRO_380_E,LYS_381_E
LYS_381_E,"PRO_380_E,LEU_382_E,VAL_383_E"
LEU_382_E,"PHE_178_E,LYS_381_E,VAL_383_E"
VAL_383_E,"LYS_381_E,LEU_382_E"
