residue_id,neighbors
PRO_80_B,LYS_81_B
LYS_81_B,"PRO_80_B,TYR_82_B"
TYR_82_B,"LYS_81_B,ARG_83_B,LYS_185_B"
ARG_83_B,"TYR_82_B,MET_84_B,ARG_86_B,ASP_183_B,ASN_232_B,ASP_417_B"
MET_84_B,"ARG_83_B,SER_85_B"
SER_85_B,"MET_84_B,ARG_86_B,ASN_231_B,ASN_281_B,ASP_283_B"
ARG_86_B,"ARG_83_B,SER_85_B,ASP_417_B"
PRO_87_B,"THR_88_B,ASP_417_B"
THR_88_B,"PRO_87_B,CYS_89_B,PRO_352_B"
CYS_89_B,"THR_88_B,ARG_90_B,CYS_416_B,ASP_417_B"
ARG_90_B,"CYS_89_B,GLY_91_B,ARG_357_B,GLU_450_B"
GLY_91_B,"ARG_90_B,GLN_92_B,ARG_447_B"
GLN_92_B,"GLY_91_B,LYS_93_B,LEU_443_B,ARG_447_B"
LYS_93_B,"GLN_92_B,TRP_94_B,VAL_453_B"
TRP_94_B,"LYS_93_B,THR_95_B,ILE_351_B,ILE_419_B,LEU_442_B,SER_451_B,VAL_453_B"
THR_95_B,"TRP_94_B,VAL_96_B,CYS_441_B"
VAL_96_B,"THR_95_B,MET_97_B,VAL_438_B"
MET_97_B,"VAL_96_B,SER_98_B,LEU_127_B,ILE_439_B"
SER_98_B,"MET_97_B,ASN_99_B,PRO_160_B"
ASN_99_B,"SER_98_B,VAL_100_B,TRP_101_B"
VAL_100_B,"ASN_99_B,TRP_101_B,LEU_437_B"
TRP_101_B,"ASN_99_B,VAL_100_B,THR_102_B,ARG_104_B"
THR_102_B,"TRP_101_B,SER_103_B,VAL_106_B,PRO_164_B,ALA_435_B,ASP_436_B"
SER_103_B,"THR_102_B,ARG_104_B,ALA_107_B,ASP_436_B,TYR_462_B"
ARG_104_B,"TRP_101_B,SER_103_B,TRP_105_B,THR_108_B"
TRP_105_B,"ARG_104_B,VAL_106_B,THR_110_B,TYR_163_B"
VAL_106_B,"THR_102_B,TRP_105_B,ALA_107_B,LYS_431_B"
ALA_107_B,"SER_103_B,VAL_106_B,THR_108_B,TYR_462_B,LEU_465_B"
THR_108_B,"ARG_104_B,ALA_107_B,GLY_109_B"
GLY_109_B,"THR_108_B,THR_110_B"
THR_110_B,"TRP_105_B,GLY_109_B,ASN_111_B,ALA_112_B"
ASN_111_B,"THR_110_B,ALA_112_B"
ALA_112_B,"THR_110_B,ASN_111_B,ARG_113_B,GLY_138_B"
ARG_113_B,"ALA_112_B,ASN_114_B,ASP_154_B"
ASN_114_B,"ARG_113_B,ILE_115_B,LYS_431_B,THR_433_B"
ILE_115_B,"ASN_114_B,ARG_116_B,TRP_158_B,PRO_164_B,ASN_434_B"
ARG_116_B,"ILE_115_B,ASP_148_B,ARG_369_B,GLU_424_B"
PRO_117_B,TYR_403_B
PRO_118_B,"THR_119_B,ALA_435_B"
THR_119_B,"PRO_118_B,ALA_120_B,VAL_130_B,SER_405_B"
ALA_120_B,"THR_119_B,ILE_121_B,ILE_439_B"
ILE_121_B,"ALA_120_B,PHE_122_B,LEU_123_B,ARG_128_B,GLN_227_B"
PHE_122_B,"ILE_121_B,LEU_123_B,ILE_409_B"
LEU_123_B,"ILE_121_B,PHE_122_B,LYS_124_B,GLY_126_B"
LYS_124_B,"LEU_123_B,LYS_125_B,PHE_182_B,GLU_186_B,ASP_187_B"
LYS_125_B,"LYS_124_B,GLY_126_B,ARG_128_B,GLU_170_B"
GLY_126_B,"LEU_123_B,LYS_125_B,LEU_127_B"
LEU_127_B,"MET_97_B,GLY_126_B,ARG_128_B,ILE_409_B"
ARG_128_B,"ILE_121_B,LYS_125_B,LEU_127_B,ALA_129_B,THR_157_B,SER_168_B,GLU_170_B"
ALA_129_B,"ARG_128_B,VAL_130_B,TRP_158_B"
VAL_130_B,"THR_119_B,ALA_129_B,SER_131_B,LEU_155_B,PHE_178_B"
SER_131_B,"VAL_130_B,LEU_132_B,ILE_156_B"
LEU_132_B,"SER_131_B,ALA_133_B,PHE_178_B"
ALA_133_B,"LEU_132_B,HIS_134_B,ASP_154_B,ILE_156_B"
HIS_134_B,"ALA_133_B,ASN_135_B,ARG_153_B"
ASN_135_B,"HIS_134_B,THR_136_B"
THR_136_B,"ASN_135_B,ALA_137_B,LEU_142_B"
ALA_137_B,"THR_136_B,GLY_138_B"
GLY_138_B,"ALA_112_B,ALA_137_B"
PRO_139_B,ASN_140_B
ASN_140_B,PRO_139_B
PRO_141_B,LEU_142_B
LEU_142_B,"THR_136_B,PRO_141_B,SER_143_B"
SER_143_B,"LEU_142_B,GLY_144_B"
GLY_144_B,"SER_143_B,THR_145_B,SER_147_B"
THR_145_B,"GLY_144_B,GLY_146_B"
GLY_146_B,"THR_145_B,SER_147_B"
SER_147_B,"GLY_144_B,GLY_146_B,ASP_148_B"
ASP_148_B,"ARG_116_B,SER_147_B,ARG_149_B,ARG_153_B"
ARG_149_B,"ASP_148_B,SER_150_B,TRP_176_B,ASP_196_B"
SER_150_B,"ARG_149_B,GLU_151_B"
GLU_151_B,"SER_150_B,PHE_152_B,LYS_174_B"
PHE_152_B,"GLU_151_B,ARG_153_B"
ARG_153_B,"HIS_134_B,ASP_148_B,PHE_152_B,ASP_154_B,TRP_176_B"
ASP_154_B,"ARG_113_B,ALA_133_B,ARG_153_B,LEU_155_B,ALA_175_B"
LEU_155_B,"VAL_130_B,ASP_154_B,ILE_156_B,ILE_172_B,PHE_178_B,ILE_189_B"
ILE_156_B,"SER_131_B,ALA_133_B,LEU_155_B,THR_157_B"
THR_157_B,"ARG_128_B,ILE_156_B,TRP_158_B,GLU_170_B"
TRP_158_B,"ILE_115_B,ALA_129_B,THR_157_B,SER_159_B"
SER_159_B,"TRP_158_B,GLY_162_B,SER_168_B"
PRO_160_B,"SER_98_B,SER_161_B,ILE_439_B"
SER_161_B,"PRO_160_B,GLY_162_B"
GLY_162_B,"SER_159_B,SER_161_B,TYR_163_B"
TYR_163_B,"TRP_105_B,GLY_162_B,ASP_166_B"
PRO_164_B,"THR_102_B,ILE_115_B,GLY_165_B"
GLY_165_B,"PRO_164_B,ASP_166_B,THR_169_B"
ASP_166_B,"TYR_163_B,GLY_165_B,GLU_167_B,SER_168_B,THR_169_B"
GLU_167_B,"ASP_166_B,SER_168_B"
SER_168_B,"ARG_128_B,SER_159_B,ASP_166_B,GLU_167_B,THR_169_B"
THR_169_B,"GLY_165_B,ASP_166_B,SER_168_B,GLU_170_B"
GLU_170_B,"LYS_125_B,ARG_128_B,THR_157_B,THR_169_B,THR_171_B"
THR_171_B,"GLU_170_B,ILE_172_B"
ILE_172_B,"LEU_155_B,THR_171_B,CYS_173_B,ILE_189_B"
CYS_173_B,"ILE_172_B,LYS_174_B,CYS_191_B,MET_204_B"
LYS_174_B,"GLU_151_B,CYS_173_B,ALA_175_B"
ALA_175_B,"ASP_154_B,LYS_174_B,TRP_176_B"
TRP_176_B,"ARG_149_B,ARG_153_B,ALA_175_B,SER_177_B,ILE_192_B,ALA_199_B"
SER_177_B,"TRP_176_B,PHE_178_B,ILE_192_B,GLU_225_B"
PHE_178_B,"VAL_130_B,LEU_132_B,LEU_155_B,SER_177_B,PHE_179_B,GLU_225_B"
PHE_179_B,"PHE_178_B,ALA_180_B,GLY_190_B,MET_224_B,ALA_237_B"
ALA_180_B,"PHE_179_B,CYS_181_B"
CYS_181_B,"ALA_180_B,PHE_182_B,LEU_188_B,CYS_228_B"
PHE_182_B,"LYS_124_B,CYS_181_B,ASP_183_B"
ASP_183_B,"ARG_83_B,PHE_182_B,GLY_184_B,LYS_185_B,GLU_186_B,TYR_205_B"
GLY_184_B,"ASP_183_B,LYS_185_B"
LYS_185_B,"TYR_82_B,ASP_183_B,GLY_184_B,GLU_186_B"
GLU_186_B,"LYS_124_B,ASP_183_B,LYS_185_B,ASP_187_B,TYR_205_B"
ASP_187_B,"LYS_124_B,GLU_186_B,LEU_188_B"
LEU_188_B,"CYS_181_B,ASP_187_B,ILE_189_B,ILE_203_B,CYS_235_B"
ILE_189_B,"LEU_155_B,ILE_172_B,LEU_188_B,GLY_190_B,MET_204_B"
GLY_190_B,"PHE_179_B,ILE_189_B,CYS_191_B"
CYS_191_B,"CYS_173_B,GLY_190_B,ILE_192_B,THR_202_B"
ILE_192_B,"TRP_176_B,SER_177_B,CYS_191_B,SER_193_B,LEU_201_B,THR_223_B"
SER_193_B,"ILE_192_B,GLY_194_B,VAL_200_B"
GLY_194_B,SER_193_B
PRO_195_B,"ASP_196_B,ALA_199_B"
ASP_196_B,"ARG_149_B,PRO_195_B,ASN_197_B,ILE_220_B"
ASN_197_B,"ASP_196_B,ASN_198_B"
ASN_198_B,"ASN_197_B,ALA_199_B"
ALA_199_B,"TRP_176_B,PRO_195_B,ASN_198_B,VAL_200_B"
VAL_200_B,"SER_193_B,ALA_199_B,LEU_201_B"
LEU_201_B,"ILE_192_B,VAL_200_B,THR_202_B,TYR_213_B,LEU_253_B"
THR_202_B,"CYS_191_B,LEU_201_B,ILE_203_B"
ILE_203_B,"LEU_188_B,THR_202_B,MET_204_B,THR_210_B,ASP_211_B,ILE_255_B,ILE_260_B"
MET_204_B,"CYS_173_B,ILE_189_B,ILE_203_B,TYR_205_B"
TYR_205_B,"ASP_183_B,GLU_186_B,MET_204_B,GLY_206_B,LYS_208_B"
GLY_206_B,"TYR_205_B,GLY_207_B"
GLY_207_B,"GLY_206_B,LYS_208_B"
LYS_208_B,"TYR_205_B,GLY_207_B"
PRO_209_B,THR_210_B
THR_210_B,"ILE_203_B,PRO_209_B,ASP_211_B,GLY_258_B"
ASP_211_B,"ILE_203_B,THR_210_B,LEU_212_B,LYS_259_B"
LEU_212_B,"ASP_211_B,TYR_213_B"
TYR_213_B,"LEU_201_B,LEU_212_B,ASN_214_B,ILE_239_B,ARG_251_B,ILE_260_B,VAL_263_B"
ASN_214_B,"TYR_213_B,SER_215_B"
SER_215_B,"ASN_214_B,TYR_216_B,LEU_218_B,ASP_241_B"
TYR_216_B,"SER_215_B,ALA_217_B,ASP_241_B,LYS_249_B"
ALA_217_B,"TYR_216_B,LEU_218_B,ASP_241_B"
LEU_218_B,"SER_215_B,ALA_217_B,ASP_219_B"
ASP_219_B,"LEU_218_B,ILE_220_B,ARG_222_B,ASP_241_B"
ILE_220_B,"ASP_196_B,ASP_219_B,LEU_221_B,ARG_222_B"
LEU_221_B,"ILE_220_B,ARG_222_B"
ARG_222_B,"ASP_219_B,ILE_220_B,LEU_221_B,THR_223_B,THR_240_B,ASP_241_B,GLY_242_B,SER_248_B,GLU_275_B"
THR_223_B,"ILE_192_B,ARG_222_B,MET_224_B,MET_238_B"
MET_224_B,"PHE_179_B,THR_223_B,GLU_225_B,ALA_237_B,LYS_347_B"
GLU_225_B,"SER_177_B,PHE_178_B,MET_224_B,SER_226_B,GLU_276_B"
SER_226_B,"GLU_225_B,GLN_227_B,LYS_347_B"
GLN_227_B,"ILE_121_B,SER_226_B,CYS_228_B,CYS_279_B,THR_407_B"
CYS_228_B,"CYS_181_B,GLN_227_B,VAL_229_B"
VAL_229_B,"CYS_228_B,CYS_230_B,SER_236_B,TRP_307_B"
CYS_230_B,"VAL_229_B,ASN_231_B,CYS_235_B,ASN_281_B"
ASN_231_B,"SER_85_B,CYS_230_B,ASN_232_B,GLY_233_B,THR_234_B,TRP_307_B"
ASN_232_B,"ARG_83_B,ASN_231_B,GLY_233_B"
GLY_233_B,"ASN_231_B,ASN_232_B,THR_234_B"
THR_234_B,"ASN_231_B,GLY_233_B,CYS_235_B,PHE_254_B,TRP_307_B,ARG_310_B"
CYS_235_B,"LEU_188_B,CYS_230_B,THR_234_B,SER_236_B,ILE_255_B"
SER_236_B,"VAL_229_B,CYS_235_B,ALA_237_B"
ALA_237_B,"PHE_179_B,MET_224_B,SER_236_B,MET_238_B,LEU_253_B"
MET_238_B,"THR_223_B,ALA_237_B,ILE_239_B,THR_240_B,MET_252_B"
ILE_239_B,"TYR_213_B,MET_238_B,THR_240_B,ARG_251_B,LEU_253_B"
THR_240_B,"ARG_222_B,MET_238_B,ILE_239_B,ASP_241_B,SER_248_B"
ASP_241_B,"SER_215_B,TYR_216_B,ALA_217_B,ASP_219_B,ARG_222_B,THR_240_B,GLY_242_B"
GLY_242_B,"ARG_222_B,ASP_241_B"
PRO_243_B,ASP_244_B
ASP_244_B,"PRO_243_B,ILE_245_B"
ILE_245_B,"ASP_244_B,GLY_246_B"
GLY_246_B,ILE_245_B
PRO_247_B,SER_248_B
SER_248_B,"ARG_222_B,THR_240_B,PRO_247_B,LYS_249_B,SER_272_B"
LYS_249_B,"TYR_216_B,SER_248_B,ALA_250_B,ASP_267_B"
ALA_250_B,"LYS_249_B,ARG_251_B,VAL_266_B"
ARG_251_B,"TYR_213_B,ILE_239_B,ALA_250_B,MET_252_B"
MET_252_B,"MET_238_B,ARG_251_B,LEU_253_B,VAL_264_B,PHE_287_B"
LEU_253_B,"LEU_201_B,ALA_237_B,ILE_239_B,MET_252_B,PHE_254_B"
PHE_254_B,"THR_234_B,LEU_253_B,ILE_255_B,GLU_261_B,LYS_262_B,ARG_310_B"
ILE_255_B,"ILE_203_B,CYS_235_B,PHE_254_B,LYS_256_B"
LYS_256_B,"ILE_255_B,GLU_257_B,LYS_259_B,GLU_261_B,ARG_310_B"
GLU_257_B,"LYS_256_B,GLY_258_B"
GLY_258_B,"THR_210_B,GLU_257_B,LYS_259_B"
LYS_259_B,"ASP_211_B,LYS_256_B,GLY_258_B,ILE_260_B"
ILE_260_B,"ILE_203_B,TYR_213_B,LYS_259_B,GLU_261_B,VAL_263_B"
GLU_261_B,"PHE_254_B,LYS_256_B,ILE_260_B,LYS_262_B,ARG_310_B"
LYS_262_B,"PHE_254_B,GLU_261_B,VAL_263_B,SER_309_B,ARG_310_B"
VAL_263_B,"TYR_213_B,ILE_260_B,LYS_262_B,VAL_264_B"
VAL_264_B,"MET_252_B,VAL_263_B,ILE_265_B"
ILE_265_B,"VAL_264_B,VAL_266_B"
VAL_266_B,"ALA_250_B,ILE_265_B,ASP_267_B,LEU_303_B,ALA_314_B"
ASP_267_B,"LYS_249_B,VAL_266_B,GLY_268_B"
GLY_268_B,"ASP_267_B,GLY_270_B,SER_271_B"
PRO_269_B,GLY_270_B
GLY_270_B,"GLY_268_B,PRO_269_B,SER_271_B"
SER_271_B,"GLY_268_B,GLY_270_B,SER_272_B"
SER_272_B,"SER_248_B,SER_271_B,MET_273_B"
MET_273_B,"SER_272_B,VAL_274_B"
VAL_274_B,"MET_273_B,GLU_275_B,CYS_291_B,PRO_301_B"
GLU_275_B,"ARG_222_B,VAL_274_B,GLU_276_B,ARG_292_B"
GLU_276_B,"GLU_225_B,GLU_275_B,CYS_277_B,ARG_292_B,LYS_347_B,TYR_403_B"
CYS_277_B,"GLU_276_B,SER_278_B,CYS_291_B"
SER_278_B,"CYS_277_B,CYS_279_B,LEU_290_B,GLY_348_B"
CYS_279_B,"GLN_227_B,SER_278_B,ILE_280_B,CYS_289_B"
ILE_280_B,"CYS_279_B,ASN_281_B,GLY_288_B,PRO_352_B,THR_408_B"
ASN_281_B,"SER_85_B,CYS_230_B,ILE_280_B,GLU_282_B"
GLU_282_B,"ASN_281_B,ASP_283_B,GLU_286_B,TYR_350_B"
ASP_283_B,"SER_85_B,GLU_282_B,SER_284_B,ASN_285_B,GLU_286_B,LYS_355_B"
SER_284_B,"ASP_283_B,ASN_285_B"
ASN_285_B,"ASP_283_B,SER_284_B,GLU_286_B,ASP_308_B"
GLU_286_B,"GLU_282_B,ASP_283_B,ASN_285_B,PHE_287_B"
PHE_287_B,"MET_252_B,GLU_286_B,GLY_288_B,CYS_305_B,TRP_307_B"
GLY_288_B,"ILE_280_B,PHE_287_B,CYS_289_B"
CYS_289_B,"CYS_279_B,GLY_288_B,LEU_290_B,LEU_303_B"
LEU_290_B,"SER_278_B,CYS_289_B,CYS_291_B,PHE_302_B,TYR_350_B,ALA_360_B"
CYS_291_B,"VAL_274_B,CYS_277_B,LEU_290_B,ARG_292_B,ARG_300_B,PRO_301_B"
ARG_292_B,"GLU_275_B,GLU_276_B,CYS_291_B,ASP_293_B,ASN_294_B,ASP_324_B,ARG_369_B"
ASP_293_B,"ARG_292_B,ASN_294_B,THR_295_B"
ASN_294_B,"ARG_292_B,ASP_293_B,THR_295_B"
THR_295_B,"ASP_293_B,ASN_294_B,ALA_296_B,ASN_297_B"
ALA_296_B,"THR_295_B,ASN_297_B"
ASN_297_B,"THR_295_B,ALA_296_B,SER_298_B,ARG_299_B"
SER_298_B,"ASN_297_B,ARG_299_B,PHE_339_B"
ARG_299_B,"ASN_297_B,SER_298_B,ARG_300_B,LEU_322_B,THR_334_B,THR_337_B"
ARG_300_B,"CYS_291_B,ARG_299_B,ASP_324_B,LEU_346_B"
PRO_301_B,"VAL_274_B,CYS_291_B,PHE_302_B"
PHE_302_B,"LEU_290_B,PRO_301_B,LEU_303_B,ASP_315_B,TYR_350_B,LEU_382_B"
LEU_303_B,"VAL_266_B,CYS_289_B,PHE_302_B,LYS_304_B,ALA_314_B"
LYS_304_B,"LEU_303_B,CYS_305_B,LYS_313_B,ASP_315_B"
CYS_305_B,"PHE_287_B,LYS_304_B,PHE_306_B,CYS_312_B"
PHE_306_B,"CYS_305_B,TRP_307_B,ARG_310_B,THR_311_B"
TRP_307_B,"VAL_229_B,ASN_231_B,THR_234_B,PHE_287_B,PHE_306_B,ASP_308_B"
ASP_308_B,"ASN_285_B,TRP_307_B,SER_309_B"
SER_309_B,"LYS_262_B,ASP_308_B,ARG_310_B,THR_311_B"
ARG_310_B,"THR_234_B,PHE_254_B,LYS_256_B,GLU_261_B,LYS_262_B,PHE_306_B,SER_309_B,THR_311_B"
THR_311_B,"PHE_306_B,SER_309_B,ARG_310_B,CYS_312_B"
CYS_312_B,"CYS_305_B,THR_311_B,LYS_313_B"
LYS_313_B,"LYS_304_B,CYS_312_B,ALA_314_B,ASP_315_B"
ALA_314_B,"VAL_266_B,LEU_303_B,LYS_313_B,ASP_315_B"
ASP_315_B,"PHE_302_B,LYS_304_B,LYS_313_B,ALA_314_B,TYR_316_B"
TYR_316_B,"ASP_315_B,THR_317_B"
THR_317_B,"TYR_316_B,CYS_318_B"
CYS_318_B,"THR_317_B,SER_319_B,CYS_335_B,ILE_381_B"
SER_319_B,"CYS_318_B,GLN_320_B,THR_321_B"
GLN_320_B,"SER_319_B,THR_321_B,GLN_385_B,ALA_387_B"
THR_321_B,"SER_319_B,GLN_320_B,LEU_322_B,MET_388_B"
LEU_322_B,"ARG_299_B,THR_321_B,LEU_323_B,PRO_328_B"
LEU_323_B,"LEU_322_B,ASP_324_B,ALA_360_B,MET_388_B"
ASP_324_B,"ARG_292_B,ARG_300_B,LEU_323_B,CYS_325_B,LEU_346_B"
CYS_325_B,ASP_324_B
PRO_326_B,"ARG_327_B,LEU_342_B"
ARG_327_B,"PRO_326_B,ASP_330_B,ARG_362_B,THR_363_B,LYS_366_B,GLU_373_B"
PRO_328_B,"LEU_322_B,ASN_329_B,PHE_339_B"
ASN_329_B,"PRO_328_B,ASP_330_B"
ASP_330_B,"ARG_327_B,ASN_329_B,SER_331_B,ARG_362_B"
SER_331_B,"ASP_330_B,ILE_332_B,GLN_333_B"
ILE_332_B,"SER_331_B,GLN_333_B"
GLN_333_B,"SER_331_B,ILE_332_B,THR_334_B,PHE_339_B"
THR_334_B,"ARG_299_B,GLN_333_B,CYS_335_B"
CYS_335_B,"CYS_318_B,THR_334_B,GLY_336_B"
GLY_336_B,"CYS_335_B,THR_337_B"
THR_337_B,"ARG_299_B,GLY_336_B,SER_338_B"
SER_338_B,"THR_337_B,PHE_339_B"
PHE_339_B,"SER_298_B,PRO_328_B,GLN_333_B,SER_338_B,GLY_340_B"
GLY_340_B,"PHE_339_B,SER_341_B"
SER_341_B,"GLY_340_B,LEU_342_B"
LEU_342_B,"PRO_326_B,SER_341_B,ALA_343_B,ILE_367_B"
ALA_343_B,"LEU_342_B,GLY_344_B"
GLY_344_B,"ALA_343_B,GLY_345_B"
GLY_345_B,"GLY_344_B,LEU_346_B"
LEU_346_B,"ARG_300_B,ASP_324_B,GLY_345_B,LYS_347_B,THR_363_B,TYR_403_B"
LYS_347_B,"MET_224_B,SER_226_B,GLU_276_B,LEU_346_B,GLY_348_B,TYR_403_B"
GLY_348_B,"SER_278_B,LYS_347_B,ALA_349_B"
ALA_349_B,"GLY_348_B,TYR_350_B,VAL_421_B"
TYR_350_B,"GLU_282_B,LEU_290_B,PHE_302_B,ALA_349_B,ILE_351_B,PRO_352_B,ILE_358_B"
ILE_351_B,"TRP_94_B,TYR_350_B,LEU_353_B,CYS_359_B,LEU_374_B,ILE_419_B"
PRO_352_B,"THR_88_B,ILE_280_B,TYR_350_B,LEU_353_B"
LEU_353_B,"ILE_351_B,PRO_352_B,GLY_354_B,ARG_357_B,LEU_442_B"
GLY_354_B,"LEU_353_B,LYS_355_B"
LYS_355_B,"ASP_283_B,GLY_354_B,GLY_356_B"
GLY_356_B,"LYS_355_B,ARG_357_B"
ARG_357_B,"ARG_90_B,LEU_353_B,GLY_356_B,ILE_358_B,ASN_378_B,GLU_450_B"
ILE_358_B,"TYR_350_B,ARG_357_B,CYS_359_B,THR_377_B"
CYS_359_B,"ILE_351_B,ILE_358_B,ALA_360_B,CYS_376_B"
ALA_360_B,"LEU_290_B,LEU_323_B,CYS_359_B,THR_361_B,MET_375_B"
THR_361_B,"ALA_360_B,ARG_362_B,LEU_394_B,SER_404_B"
ARG_362_B,"ARG_327_B,ASP_330_B,THR_361_B,THR_363_B,GLU_373_B"
THR_363_B,"ARG_327_B,LEU_346_B,ARG_362_B,VAL_364_B,ASP_365_B"
VAL_364_B,"THR_363_B,ASP_365_B,LYS_370_B,GLU_373_B"
ASP_365_B,"THR_363_B,VAL_364_B,LYS_366_B,LYS_370_B"
LYS_366_B,"ARG_327_B,ASP_365_B,ILE_367_B"
ILE_367_B,"LEU_342_B,LYS_366_B,GLN_368_B"
GLN_368_B,"ILE_367_B,ARG_369_B,LYS_370_B"
ARG_369_B,"ARG_116_B,ARG_292_B,GLN_368_B,LYS_370_B,THR_401_B"
LYS_370_B,"VAL_364_B,ASP_365_B,GLN_368_B,ARG_369_B,GLY_371_B"
GLY_371_B,"LYS_370_B,MET_372_B,ALA_399_B,THR_401_B"
MET_372_B,"GLY_371_B,GLU_373_B,LEU_394_B"
GLU_373_B,"ARG_327_B,ARG_362_B,VAL_364_B,MET_372_B,LEU_374_B,LYS_390_B,ASP_393_B"
LEU_374_B,"ILE_351_B,GLU_373_B,MET_375_B,ILE_391_B,GLY_392_B"
MET_375_B,"ALA_360_B,LEU_374_B,CYS_376_B,MET_388_B,LYS_390_B"
CYS_376_B,"CYS_359_B,MET_375_B,THR_377_B,LYS_389_B"
THR_377_B,"ILE_358_B,CYS_376_B,ASN_378_B,ILE_381_B"
ASN_378_B,"ARG_357_B,THR_377_B,GLY_379_B"
GLY_379_B,"ASN_378_B,ASN_380_B"
ASN_380_B,"GLY_379_B,ILE_381_B,LEU_382_B,LEU_383_B"
ILE_381_B,"CYS_318_B,THR_377_B,ASN_380_B,LEU_382_B"
LEU_382_B,"PHE_302_B,ASN_380_B,ILE_381_B,LEU_383_B"
LEU_383_B,"ASN_380_B,LEU_382_B,GLU_384_B"
GLU_384_B,"LEU_383_B,GLN_385_B,ASP_386_B"
GLN_385_B,"GLN_320_B,GLU_384_B,ASP_386_B"
ASP_386_B,"GLU_384_B,GLN_385_B,ALA_387_B"
ALA_387_B,"GLN_320_B,ASP_386_B,MET_388_B"
MET_388_B,"THR_321_B,LEU_323_B,MET_375_B,ALA_387_B,LYS_389_B"
LYS_389_B,"CYS_376_B,MET_388_B,LYS_390_B"
LYS_390_B,"GLU_373_B,MET_375_B,LYS_389_B,ILE_391_B,ASP_393_B"
ILE_391_B,"LEU_374_B,LYS_390_B,GLY_392_B"
GLY_392_B,"LEU_374_B,ILE_391_B,ASP_393_B"
ASP_393_B,"GLU_373_B,LYS_390_B,GLY_392_B,LEU_394_B,THR_454_B"
LEU_394_B,"THR_361_B,MET_372_B,ASP_393_B,VAL_395_B,THR_423_B,HIS_440_B,ALA_455_B"
VAL_395_B,"LEU_394_B,THR_396_B,THR_401_B,VAL_457_B"
THR_396_B,"VAL_395_B,ALA_399_B,VAL_457_B"
PRO_397_B,THR_398_B
THR_398_B,"PRO_397_B,ALA_399_B"
ALA_399_B,"GLY_371_B,THR_396_B,THR_398_B,GLN_400_B,VAL_457_B"
GLN_400_B,"ALA_399_B,THR_401_B"
THR_401_B,"ARG_369_B,GLY_371_B,VAL_395_B,GLN_400_B,GLY_402_B,LEU_425_B"
GLY_402_B,"THR_401_B,TYR_403_B"
TYR_403_B,"PRO_117_B,GLU_276_B,LEU_346_B,LYS_347_B,GLY_402_B,SER_404_B,GLU_424_B"
SER_404_B,"THR_361_B,TYR_403_B,SER_405_B"
SER_405_B,"THR_119_B,SER_404_B,ALA_406_B,ALA_422_B"
ALA_406_B,"SER_405_B,THR_407_B,ILE_419_B"
THR_407_B,"GLN_227_B,ALA_406_B,THR_408_B,CYS_420_B"
THR_408_B,"ILE_280_B,THR_407_B,ILE_409_B"
ILE_409_B,"PHE_122_B,LEU_127_B,THR_408_B,THR_418_B"
PRO_410_B,ARG_411_B
ARG_411_B,"PRO_410_B,ALA_412_B,GLU_414_B,THR_418_B"
ALA_412_B,"ARG_411_B,THR_413_B"
THR_413_B,"ALA_412_B,GLU_414_B"
GLU_414_B,"ARG_411_B,THR_413_B,GLU_415_B"
GLU_415_B,"GLU_414_B,CYS_416_B"
CYS_416_B,"CYS_89_B,GLU_415_B,ASP_417_B"
ASP_417_B,"ARG_83_B,ARG_86_B,PRO_87_B,CYS_89_B,CYS_416_B,THR_418_B"
THR_418_B,"ILE_409_B,ARG_411_B,ASP_417_B,ILE_419_B"
ILE_419_B,"TRP_94_B,ILE_351_B,ALA_406_B,THR_418_B,CYS_420_B"
CYS_420_B,"THR_407_B,ILE_419_B,VAL_421_B,CYS_441_B"
VAL_421_B,"ALA_349_B,CYS_420_B,ALA_422_B,HIS_440_B"
ALA_422_B,"SER_405_B,VAL_421_B,THR_423_B,LEU_437_B"
THR_423_B,"LEU_394_B,ALA_422_B,GLU_424_B,VAL_438_B"
GLU_424_B,"ARG_116_B,TYR_403_B,THR_423_B,LEU_425_B,VAL_426_B,ALA_435_B"
LEU_425_B,"THR_401_B,GLU_424_B,VAL_426_B,ASP_436_B,VAL_457_B"
VAL_426_B,"GLU_424_B,LEU_425_B,PHE_427_B"
PHE_427_B,"VAL_426_B,SER_428_B,ASN_434_B"
SER_428_B,"PHE_427_B,GLY_429_B"
GLY_429_B,"SER_428_B,ALA_430_B,GLY_432_B"
ALA_430_B,"GLY_429_B,LYS_431_B"
LYS_431_B,"VAL_106_B,ASN_114_B,ALA_430_B,GLY_432_B,LEU_466_B"
GLY_432_B,"GLY_429_B,LYS_431_B,THR_433_B"
THR_433_B,"ASN_114_B,GLY_432_B,ASN_434_B"
ASN_434_B,"ILE_115_B,PHE_427_B,THR_433_B,ALA_435_B"
ALA_435_B,"THR_102_B,PRO_118_B,GLU_424_B,ASN_434_B,ASP_436_B"
ASP_436_B,"THR_102_B,SER_103_B,LEU_425_B,ALA_435_B,LEU_437_B,ARG_459_B"
LEU_437_B,"VAL_100_B,ALA_422_B,ASP_436_B,VAL_438_B"
VAL_438_B,"VAL_96_B,THR_423_B,LEU_437_B,ILE_439_B,ALA_455_B"
ILE_439_B,"MET_97_B,ALA_120_B,PRO_160_B,VAL_438_B,HIS_440_B"
HIS_440_B,"LEU_394_B,VAL_421_B,ILE_439_B,CYS_441_B"
CYS_441_B,"THR_95_B,CYS_420_B,HIS_440_B,LEU_442_B"
LEU_442_B,"TRP_94_B,LEU_353_B,CYS_441_B,LEU_443_B"
LEU_443_B,"GLN_92_B,LEU_442_B,GLY_444_B"
GLY_444_B,"LEU_443_B,GLU_445_B"
GLU_445_B,"GLY_444_B,ALA_446_B,ARG_447_B"
ALA_446_B,"GLU_445_B,ARG_447_B"
ARG_447_B,"GLY_91_B,GLN_92_B,GLU_445_B,ALA_446_B,GLU_448_B"
GLU_448_B,"ARG_447_B,THR_449_B"
THR_449_B,"GLU_448_B,GLU_450_B"
GLU_450_B,"ARG_90_B,ARG_357_B,THR_449_B,SER_451_B"
SER_451_B,"TRP_94_B,GLU_450_B,VAL_452_B"
VAL_452_B,"SER_451_B,VAL_453_B"
VAL_453_B,"LYS_93_B,TRP_94_B,VAL_452_B,THR_454_B"
THR_454_B,"ASP_393_B,VAL_453_B,ALA_455_B"
ALA_455_B,"LEU_394_B,VAL_438_B,THR_454_B,VAL_456_B"
VAL_456_B,"ALA_455_B,VAL_457_B"
VAL_457_B,"VAL_395_B,THR_396_B,ALA_399_B,LEU_425_B,VAL_456_B,ASP_458_B"
ASP_458_B,"VAL_457_B,ARG_459_B,THR_460_B"
ARG_459_B,"ASP_436_B,ASP_458_B,THR_460_B,THR_461_B,TYR_462_B,SER_463_B"
THR_460_B,"ASP_458_B,ARG_459_B,THR_461_B"
THR_461_B,"ARG_459_B,THR_460_B,TYR_462_B"
TYR_462_B,"SER_103_B,ALA_107_B,ARG_459_B,THR_461_B,SER_463_B"
SER_463_B,"ARG_459_B,TYR_462_B,SER_464_B"
SER_464_B,"SER_463_B,LEU_465_B"
LEU_465_B,"ALA_107_B,SER_464_B,LEU_466_B"
LEU_466_B,"LYS_431_B,LEU_465_B"
