residue_id,neighbors
SER_-1_A,HIS_0_A
HIS_0_A,"SER_-1_A,MET_1_A,LYS_27_A"
MET_1_A,"HIS_0_A,LYS_2_A"
LYS_2_A,"MET_1_A,ILE_3_A,HIS_61_A,GLU_64_A,GLU_235_A"
ILE_3_A,"LYS_2_A,GLY_4_A,PHE_25_A,ILE_28_A,ILE_29_A"
GLY_4_A,"ILE_3_A,VAL_5_A,LEU_65_A,ILE_67_A"
VAL_5_A,"GLY_4_A,PHE_6_A,ILE_29_A,TYR_30_A,TYR_31_A"
PHE_6_A,"VAL_5_A,ASP_7_A,TYR_31_A,ALA_54_A,ILE_67_A,ALA_69_A"
ASP_7_A,"PHE_6_A,SER_8_A,GLY_9_A,GLY_12_A,ASP_33_A,HIS_183_A"
SER_8_A,"ASP_7_A,GLY_9_A"
GLY_9_A,"ASP_7_A,SER_8_A,VAL_10_A,TYR_30_A"
VAL_10_A,"GLY_9_A,GLY_11_A,PHE_13_A,GLN_248_A"
GLY_11_A,"VAL_10_A,GLY_12_A,PHE_13_A,SER_14_A"
GLY_12_A,"ASP_7_A,GLY_11_A,PHE_13_A,LEU_16_A"
PHE_13_A,"VAL_10_A,GLY_11_A,GLY_12_A,SER_14_A,LYS_17_A,TYR_30_A,PHE_236_A,LEU_245_A,ALA_249_A,TRP_252_A"
SER_14_A,"GLY_11_A,PHE_13_A,VAL_15_A,THR_182_A"
VAL_15_A,"SER_14_A,LEU_16_A,LEU_19_A,ALA_69_A"
LEU_16_A,"GLY_12_A,VAL_15_A,LYS_17_A,LEU_20_A,PHE_236_A"
LYS_17_A,"PHE_13_A,LEU_16_A,SER_18_A,LYS_21_A,LYS_254_A"
SER_18_A,"LYS_17_A,LEU_19_A,ASP_212_A"
LEU_19_A,"VAL_15_A,SER_18_A,LEU_20_A,ILE_67_A,VAL_215_A"
LEU_20_A,"LEU_16_A,LEU_19_A,LYS_21_A"
LYS_21_A,"LYS_17_A,LEU_20_A,ALA_22_A"
ALA_22_A,"LYS_21_A,GLN_23_A,VAL_215_A"
GLN_23_A,"ALA_22_A,ILE_24_A,CYS_229_A"
ILE_24_A,"GLN_23_A,PHE_25_A"
PHE_25_A,"ILE_3_A,ILE_24_A,ASP_26_A,LEU_224_A"
ASP_26_A,"PHE_25_A,LYS_27_A,LYS_233_A"
LYS_27_A,"HIS_0_A,ASP_26_A,ILE_28_A,GLU_64_A"
ILE_28_A,"ILE_3_A,LYS_27_A,ILE_29_A,LYS_233_A,GLU_235_A"
ILE_29_A,"ILE_3_A,VAL_5_A,ILE_28_A,TYR_30_A,GLU_235_A"
TYR_30_A,"VAL_5_A,GLY_9_A,PHE_13_A,ILE_29_A,TYR_31_A,GLU_235_A,HIS_237_A"
TYR_31_A,"VAL_5_A,PHE_6_A,TYR_30_A,GLY_32_A,PHE_57_A,PHE_58_A"
GLY_32_A,"TYR_31_A,ASP_33_A,SER_34_A"
ASP_33_A,"ASP_7_A,GLY_32_A,SER_34_A,ARG_36_A,TYR_39_A,SER_239_A"
SER_34_A,"GLY_32_A,ASP_33_A,ALA_35_A"
ALA_35_A,"SER_34_A,ARG_36_A,SER_239_A"
ARG_36_A,"ASP_33_A,ALA_35_A,VAL_37_A,LYS_42_A,GLU_53_A"
VAL_37_A,ARG_36_A
PRO_38_A,"TYR_39_A,LYS_42_A"
TYR_39_A,"ASP_33_A,PRO_38_A,GLY_40_A,LYS_42_A,PHE_50_A,THR_72_A"
GLY_40_A,"TYR_39_A,THR_41_A,ALA_118_A"
THR_41_A,"GLY_40_A,LYS_42_A"
LYS_42_A,"ARG_36_A,PRO_38_A,TYR_39_A,THR_41_A,ASP_43_A"
ASP_43_A,"LYS_42_A,THR_46_A"
PRO_44_A,"THR_45_A,LYS_48_A"
THR_45_A,"PRO_44_A,THR_46_A"
THR_46_A,"ASP_43_A,THR_45_A,ILE_47_A,PHE_50_A"
ILE_47_A,"THR_46_A,LYS_48_A,GLY_51_A,LEU_76_A,ALA_118_A"
LYS_48_A,"PRO_44_A,ILE_47_A,GLN_49_A,LEU_76_A,GLU_79_A"
GLN_49_A,"LYS_48_A,PHE_50_A,GLU_53_A"
PHE_50_A,"TYR_39_A,THR_46_A,GLN_49_A,GLY_51_A,ALA_54_A"
GLY_51_A,"ILE_47_A,PHE_50_A,LEU_52_A"
LEU_52_A,"GLY_51_A,GLU_53_A"
GLU_53_A,"ARG_36_A,GLN_49_A,LEU_52_A,ALA_54_A"
ALA_54_A,"PHE_6_A,PHE_50_A,GLU_53_A,LEU_55_A"
LEU_55_A,"ALA_54_A,ASP_56_A,LEU_66_A,ILE_89_A"
ASP_56_A,"LEU_55_A,PHE_57_A,LYS_59_A"
PHE_57_A,"TYR_31_A,ASP_56_A,PHE_58_A,HIS_237_A"
PHE_58_A,"TYR_31_A,PHE_57_A,LYS_59_A,HIS_61_A,ILE_63_A,LEU_66_A"
LYS_59_A,"ASP_56_A,PHE_58_A"
PRO_60_A,HIS_61_A
HIS_61_A,"LYS_2_A,PHE_58_A,PRO_60_A,LYS_62_A,GLU_235_A,HIS_237_A"
LYS_62_A,"HIS_61_A,ILE_63_A"
ILE_63_A,"PHE_58_A,LYS_62_A,GLU_64_A,ILE_87_A"
GLU_64_A,"LYS_2_A,LYS_27_A,ILE_63_A,LEU_65_A"
LEU_65_A,"GLY_4_A,GLU_64_A,LEU_66_A,ILE_67_A,PRO_88_A,TYR_222_A"
LEU_66_A,"LEU_55_A,PHE_58_A,LEU_65_A,ILE_67_A,VAL_90_A"
ILE_67_A,"GLY_4_A,PHE_6_A,LEU_19_A,LEU_65_A,LEU_66_A,VAL_68_A,ILE_214_A,LEU_218_A"
VAL_68_A,"ILE_67_A,ALA_69_A,MET_81_A,ILE_89_A,VAL_90_A"
ALA_69_A,"PHE_6_A,VAL_15_A,VAL_68_A,CYS_70_A"
CYS_70_A,"ALA_69_A,ASN_71_A,SER_74_A"
ASN_71_A,"CYS_70_A,THR_72_A,ALA_75_A,TYR_125_A"
THR_72_A,"TYR_39_A,ASN_71_A,ALA_73_A,LEU_76_A,THR_116_A"
ALA_73_A,"THR_72_A,SER_74_A,ALA_77_A"
SER_74_A,"CYS_70_A,ALA_73_A,ALA_75_A"
ALA_75_A,"ASN_71_A,SER_74_A,LEU_76_A,ILE_93_A,ALA_124_A"
LEU_76_A,"ILE_47_A,LYS_48_A,THR_72_A,ALA_75_A,ALA_77_A"
ALA_77_A,"ALA_73_A,LEU_76_A,LEU_78_A,MET_81_A"
LEU_78_A,"ALA_77_A,GLU_79_A,GLN_82_A,ILE_89_A"
GLU_79_A,"LYS_48_A,LEU_78_A,GLU_80_A"
GLU_80_A,"GLU_79_A,MET_81_A,HIS_84_A"
MET_81_A,"VAL_68_A,ALA_77_A,GLU_80_A,GLN_82_A"
GLN_82_A,"LEU_78_A,MET_81_A,LYS_83_A,ILE_89_A"
LYS_83_A,"GLN_82_A,HIS_84_A"
HIS_84_A,"GLU_80_A,LYS_83_A,SER_85_A"
SER_85_A,"HIS_84_A,LYS_86_A,ILE_87_A"
LYS_86_A,"SER_85_A,ILE_87_A"
ILE_87_A,"ILE_63_A,SER_85_A,LYS_86_A"
PRO_88_A,"LEU_65_A,ILE_89_A"
ILE_89_A,"LEU_55_A,VAL_68_A,LEU_78_A,GLN_82_A,PRO_88_A,VAL_90_A"
VAL_90_A,"LEU_66_A,VAL_68_A,ILE_89_A,GLY_91_A,ILE_214_A,TYR_217_A"
GLY_91_A,"VAL_90_A,VAL_92_A"
VAL_92_A,"GLY_91_A,ILE_93_A"
ILE_93_A,"ALA_75_A,VAL_92_A,GLU_94_A,SER_96_A,ALA_124_A"
GLU_94_A,"ILE_93_A,ILE_97_A"
PRO_95_A,"SER_96_A,ALA_99_A"
SER_96_A,"ILE_93_A,PRO_95_A,ILE_97_A,ILE_100_A"
ILE_97_A,"GLU_94_A,SER_96_A,LEU_98_A,LYS_101_A,ALA_128_A,LEU_129_A"
LEU_98_A,"ILE_97_A,ALA_99_A,GLN_102_A,TYR_217_A"
ALA_99_A,"PRO_95_A,LEU_98_A,ILE_100_A,GLN_103_A"
ILE_100_A,"SER_96_A,ALA_99_A,LYS_101_A,VAL_104_A,LEU_129_A,ILE_178_A"
LYS_101_A,"ILE_97_A,ILE_100_A,GLN_102_A,LYS_105_A"
GLN_102_A,"LEU_98_A,LYS_101_A,GLN_103_A"
GLN_103_A,"ALA_99_A,GLN_102_A,VAL_104_A"
VAL_104_A,"ILE_100_A,GLN_103_A,LYS_105_A,TYR_134_A,VAL_176_A"
LYS_105_A,"LYS_101_A,VAL_104_A,ASP_106_A"
ASP_106_A,"LYS_105_A,LYS_107_A,ASN_108_A,ALA_109_A,GLU_175_A"
LYS_107_A,"ASP_106_A,ASN_108_A"
ASN_108_A,"ASP_106_A,LYS_107_A,ALA_109_A"
ALA_109_A,"ASP_106_A,ASN_108_A"
PRO_110_A,"ILE_111_A,GLU_175_A"
ILE_111_A,"PRO_110_A,LEU_112_A,TYR_134_A,ASN_136_A,SER_138_A"
LEU_112_A,"ILE_111_A,VAL_113_A,LEU_170_A,VAL_176_A,ILE_178_A"
VAL_113_A,"LEU_112_A,LEU_114_A,TYR_125_A,SER_138_A,LEU_140_A"
LEU_114_A,"VAL_113_A,GLY_115_A,VAL_177_A,GLY_180_A"
GLY_115_A,"LEU_114_A,THR_116_A"
THR_116_A,"THR_72_A,GLY_115_A,LYS_117_A,ILE_120_A"
LYS_117_A,"THR_116_A,ALA_118_A,GLN_121_A"
ALA_118_A,"GLY_40_A,ILE_47_A,LYS_117_A,THR_119_A"
THR_119_A,"ALA_118_A,ILE_120_A,SER_122_A"
ILE_120_A,"THR_116_A,THR_119_A,GLN_121_A"
GLN_121_A,"LYS_117_A,ILE_120_A,SER_122_A"
SER_122_A,"THR_119_A,GLN_121_A,ASN_123_A,ALA_124_A"
ASN_123_A,"SER_122_A,ALA_124_A,ASN_127_A"
ALA_124_A,"ALA_75_A,ILE_93_A,SER_122_A,ASN_123_A,TYR_125_A"
TYR_125_A,"ASN_71_A,VAL_113_A,ALA_124_A,ASP_126_A,LEU_129_A,ILE_178_A"
ASP_126_A,"TYR_125_A,ASN_127_A,LYS_130_A,HIS_139_A"
ASN_127_A,"ASN_123_A,ASP_126_A,ALA_128_A,GLN_131_A"
ALA_128_A,"ILE_97_A,ASN_127_A,LEU_129_A"
LEU_129_A,"ILE_97_A,ILE_100_A,TYR_125_A,ALA_128_A,LYS_130_A,TYR_134_A"
LYS_130_A,"ASP_126_A,LEU_129_A,GLN_131_A,GLY_133_A"
GLN_131_A,"ASN_127_A,LYS_130_A,GLN_132_A"
GLN_132_A,"GLN_131_A,GLY_133_A"
GLY_133_A,"LYS_130_A,GLN_132_A,TYR_134_A"
TYR_134_A,"VAL_104_A,ILE_111_A,LEU_129_A,GLY_133_A,LEU_135_A"
LEU_135_A,"TYR_134_A,ASN_136_A"
ASN_136_A,"ILE_111_A,LEU_135_A,VAL_137_A"
VAL_137_A,"ASN_136_A,SER_138_A"
SER_138_A,"ILE_111_A,VAL_113_A,VAL_137_A,HIS_139_A"
HIS_139_A,"ASP_126_A,SER_138_A,LEU_140_A"
LEU_140_A,"VAL_113_A,HIS_139_A,ALA_141_A"
ALA_141_A,"LEU_140_A,THR_142_A"
THR_142_A,"ALA_141_A,SER_143_A"
SER_143_A,"THR_142_A,LEU_144_A"
LEU_144_A,"SER_143_A,PHE_145_A,TYR_166_A"
PHE_145_A,"LEU_144_A,VAL_146_A,ILE_149_A,TYR_166_A,PHE_184_A,ILE_187_A"
VAL_146_A,"PHE_145_A,GLU_150_A"
PRO_147_A,LEU_148_A
LEU_148_A,"PRO_147_A,ILE_149_A,CYS_162_A"
ILE_149_A,"PHE_145_A,LEU_148_A,GLU_150_A,ASN_152_A,LEU_186_A"
GLU_150_A,"VAL_146_A,ILE_149_A,GLU_151_A,HIS_183_A"
GLU_151_A,"GLU_150_A,ASN_152_A"
ASN_152_A,"ILE_149_A,GLU_151_A,ILE_153_A"
ILE_153_A,"ASN_152_A,LEU_154_A"
LEU_154_A,"ILE_153_A,GLU_155_A"
GLU_155_A,"LEU_154_A,GLY_156_A,LYS_190_A"
GLY_156_A,"GLU_155_A,GLU_157_A,GLU_160_A"
GLU_157_A,"GLY_156_A,LEU_158_A,THR_161_A"
LEU_158_A,"GLU_157_A,LEU_159_A,CYS_162_A"
LEU_159_A,"LEU_158_A,GLU_160_A,MET_163_A"
GLU_160_A,"GLY_156_A,LEU_159_A,THR_161_A,ARG_164_A,GLU_197_A,HIS_198_A"
THR_161_A,"GLU_157_A,GLU_160_A,CYS_162_A,TYR_165_A"
CYS_162_A,"LEU_148_A,LEU_158_A,THR_161_A,MET_163_A"
MET_163_A,"LEU_159_A,CYS_162_A,ARG_164_A,PHE_167_A"
ARG_164_A,"GLU_160_A,MET_163_A,TYR_165_A,THR_168_A,HIS_198_A"
TYR_165_A,"THR_161_A,ARG_164_A,TYR_166_A"
TYR_166_A,"LEU_144_A,PHE_145_A,TYR_165_A,PHE_167_A"
PHE_167_A,"MET_163_A,TYR_166_A,THR_168_A,LEU_170_A,TYR_194_A"
THR_168_A,"ARG_164_A,PHE_167_A"
PRO_169_A,LEU_170_A
LEU_170_A,"LEU_112_A,PHE_167_A,PRO_169_A,GLU_171_A"
GLU_171_A,"LEU_170_A,ILE_172_A"
ILE_172_A,"GLU_171_A,LEU_173_A"
LEU_173_A,"ILE_172_A,PHE_199_A"
PRO_174_A,GLU_175_A
GLU_175_A,"ASP_106_A,PRO_110_A,PRO_174_A,VAL_176_A,LEU_206_A"
VAL_176_A,"VAL_104_A,LEU_112_A,GLU_175_A,VAL_177_A"
VAL_177_A,"LEU_114_A,VAL_176_A,ILE_178_A,LEU_206_A,LEU_207_A,ILE_208_A"
ILE_178_A,"ILE_100_A,LEU_112_A,TYR_125_A,VAL_177_A,LEU_179_A,GLY_180_A"
LEU_179_A,"ILE_178_A,GLY_180_A,CYS_181_A"
GLY_180_A,"LEU_114_A,ILE_178_A,LEU_179_A,CYS_181_A"
CYS_181_A,"LEU_179_A,GLY_180_A,THR_182_A,HIS_183_A,PHE_184_A"
THR_182_A,"SER_14_A,CYS_181_A,HIS_183_A"
HIS_183_A,"ASP_7_A,GLU_150_A,CYS_181_A,THR_182_A,PHE_184_A"
PHE_184_A,"PHE_145_A,CYS_181_A,HIS_183_A"
PRO_185_A,LEU_186_A
LEU_186_A,"ILE_149_A,PRO_185_A,ILE_187_A,TRP_252_A"
ILE_187_A,"PHE_145_A,LEU_186_A,ALA_188_A,ILE_191_A"
ALA_188_A,"ILE_187_A,GLN_189_A,GLU_192_A"
GLN_189_A,"ALA_188_A,LYS_190_A,GLY_193_A"
LYS_190_A,"GLU_155_A,GLN_189_A,ILE_191_A,TYR_194_A"
ILE_191_A,"ILE_187_A,LYS_190_A,GLU_192_A"
GLU_192_A,"ALA_188_A,ILE_191_A,GLY_193_A,PRO_204_A"
GLY_193_A,"GLN_189_A,GLU_192_A,TYR_194_A,GLU_197_A"
TYR_194_A,"PHE_167_A,LYS_190_A,GLY_193_A,PHE_195_A,HIS_198_A"
PHE_195_A,"TYR_194_A,MET_196_A"
MET_196_A,"PHE_195_A,GLU_197_A"
GLU_197_A,"GLU_160_A,GLY_193_A,MET_196_A,HIS_198_A"
HIS_198_A,"GLU_160_A,ARG_164_A,TYR_194_A,GLU_197_A,PHE_199_A"
PHE_199_A,"LEU_173_A,HIS_198_A,ALA_200_A,LEU_201_A"
ALA_200_A,"PHE_199_A,LEU_201_A"
LEU_201_A,"PHE_199_A,ALA_200_A,SER_202_A"
SER_202_A,"LEU_201_A,THR_203_A"
THR_203_A,SER_202_A
PRO_204_A,GLU_192_A
PRO_205_A,LEU_206_A
LEU_206_A,"GLU_175_A,VAL_177_A,PRO_205_A,LEU_207_A"
LEU_207_A,"VAL_177_A,LEU_206_A,ILE_208_A"
ILE_208_A,"VAL_177_A,LEU_207_A,HIS_209_A"
HIS_209_A,"ILE_208_A,SER_210_A,ASP_212_A"
SER_210_A,"HIS_209_A,GLY_211_A"
GLY_211_A,"SER_210_A,ASP_212_A"
ASP_212_A,"SER_18_A,HIS_209_A,GLY_211_A,ALA_213_A"
ALA_213_A,"ASP_212_A,ILE_214_A"
ILE_214_A,"ILE_67_A,VAL_90_A,ALA_213_A,VAL_215_A,LEU_218_A"
VAL_215_A,"LEU_19_A,ALA_22_A,ILE_214_A,GLU_216_A,GLN_219_A"
GLU_216_A,"VAL_215_A,TYR_217_A"
TYR_217_A,"VAL_90_A,LEU_98_A,GLU_216_A,LEU_218_A,LYS_221_A"
LEU_218_A,"ILE_67_A,ILE_214_A,TYR_217_A,GLN_219_A,TYR_222_A"
GLN_219_A,"VAL_215_A,LEU_218_A,GLN_220_A,THR_223_A"
GLN_220_A,"GLN_219_A,LYS_221_A"
LYS_221_A,"TYR_217_A,GLN_220_A,TYR_222_A"
TYR_222_A,"LEU_65_A,LEU_218_A,LYS_221_A,THR_223_A,LEU_224_A"
THR_223_A,"GLN_219_A,TYR_222_A,LEU_224_A"
LEU_224_A,"PHE_25_A,TYR_222_A,THR_223_A,LYS_225_A"
LYS_225_A,"LEU_224_A,LYS_226_A"
LYS_226_A,"LYS_225_A,ASN_227_A"
ASN_227_A,"LYS_226_A,ALA_228_A"
ALA_228_A,"ASN_227_A,CYS_229_A"
CYS_229_A,"GLN_23_A,ALA_228_A,THR_230_A"
THR_230_A,"CYS_229_A,PHE_231_A"
PHE_231_A,THR_230_A
PRO_232_A,LYS_233_A
LYS_233_A,"ASP_26_A,ILE_28_A,PRO_232_A,VAL_234_A"
VAL_234_A,"LYS_233_A,GLU_235_A,PHE_236_A"
GLU_235_A,"LYS_2_A,ILE_28_A,ILE_29_A,TYR_30_A,HIS_61_A,VAL_234_A,PHE_236_A,HIS_237_A"
PHE_236_A,"PHE_13_A,LEU_16_A,VAL_234_A,GLU_235_A,HIS_237_A,GLU_246_A,ALA_249_A"
HIS_237_A,"TYR_30_A,PHE_57_A,HIS_61_A,GLU_235_A,PHE_236_A,ALA_238_A"
ALA_238_A,"HIS_237_A,SER_239_A"
SER_239_A,"ASP_33_A,ALA_35_A,ALA_238_A,GLY_240_A"
GLY_240_A,"SER_239_A,ASP_241_A"
ASP_241_A,"GLY_240_A,VAL_242_A,VAL_243_A"
VAL_242_A,"ASP_241_A,VAL_243_A,GLU_246_A"
VAL_243_A,"ASP_241_A,VAL_242_A,TRP_244_A,LYS_247_A"
TRP_244_A,"VAL_243_A,LEU_245_A"
LEU_245_A,"PHE_13_A,TRP_244_A,GLU_246_A,ALA_249_A"
GLU_246_A,"PHE_236_A,VAL_242_A,LEU_245_A,LYS_247_A"
LYS_247_A,"VAL_243_A,GLU_246_A,GLN_248_A"
GLN_248_A,"VAL_10_A,LYS_247_A,ALA_249_A,TRP_252_A"
ALA_249_A,"PHE_13_A,PHE_236_A,LEU_245_A,GLN_248_A,LYS_250_A,LEU_253_A"
LYS_250_A,"ALA_249_A,GLU_251_A"
GLU_251_A,"LYS_250_A,TRP_252_A"
TRP_252_A,"PHE_13_A,LEU_186_A,GLN_248_A,GLU_251_A,LEU_253_A"
LEU_253_A,"ALA_249_A,TRP_252_A,LYS_254_A"
LYS_254_A,"LYS_17_A,LEU_253_A"
