residue_id,neighbors
SER_2_A,SER_3_A
SER_3_A,"SER_2_A,SER_4_A"
SER_4_A,"SER_3_A,ALA_5_A,ASN_6_A,LYS_331_A"
ALA_5_A,"SER_4_A,ASN_6_A"
ASN_6_A,"SER_4_A,ALA_5_A,SER_7_A,ASN_332_A"
SER_7_A,"ASN_6_A,ILE_8_A"
ILE_8_A,"SER_7_A,LYS_9_A,ILE_330_A"
LYS_9_A,"ILE_8_A,VAL_10_A,ASP_52_A,THR_301_A,LEU_303_A"
VAL_10_A,"LYS_9_A,VAL_11_A,PHE_51_A,ASP_52_A"
VAL_11_A,"VAL_10_A,ALA_12_A,ARG_53_A,LEU_303_A,ILE_304_A,ILE_305_A"
ALA_12_A,"VAL_11_A,ARG_13_A,ARG_53_A,PHE_55_A,ILE_305_A"
ARG_13_A,"ALA_12_A,PHE_14_A,CYS_307_A"
PHE_14_A,"ARG_13_A,ARG_15_A,PHE_32_A,PHE_55_A,CYS_307_A"
ARG_15_A,"PHE_14_A,PRO_16_A,GLU_21_A,GLY_91_A"
PRO_16_A,"ARG_15_A,GLN_17_A"
GLN_17_A,"PRO_16_A,ASN_18_A,ILE_22_A,SER_310_A"
ASN_18_A,"GLN_17_A,ARG_19_A,GLU_21_A,ILE_22_A"
ARG_19_A,"ASN_18_A,VAL_20_A,GLU_23_A"
VAL_20_A,"ARG_19_A,GLU_21_A,SER_24_A"
GLU_21_A,"ARG_15_A,ASN_18_A,VAL_20_A,ILE_22_A,SER_24_A,GLY_26_A,SER_308_A,TYR_312_A,ASN_313_A"
ILE_22_A,"GLN_17_A,ASN_18_A,GLU_21_A,GLU_23_A"
GLU_23_A,"ARG_19_A,ILE_22_A,SER_24_A"
SER_24_A,"VAL_20_A,GLU_21_A,GLU_23_A,GLY_25_A"
GLY_25_A,"SER_24_A,GLY_26_A"
GLY_26_A,"GLU_21_A,GLY_25_A,GLN_27_A"
GLN_27_A,"GLY_26_A,SER_311_A"
PRO_28_A,ILE_29_A
ILE_29_A,"PRO_28_A,VAL_30_A,ASP_41_A,ASP_314_A"
VAL_30_A,"ILE_29_A,THR_31_A,PHE_32_A,PRO_309_A"
THR_31_A,"VAL_30_A,PHE_32_A,THR_39_A"
PHE_32_A,"PHE_14_A,VAL_30_A,THR_31_A,GLN_33_A,VAL_54_A,ASP_56_A"
GLN_33_A,"PHE_32_A,GLY_34_A,THR_39_A"
GLY_34_A,GLN_33_A
PRO_35_A,ASP_36_A
ASP_36_A,"PRO_35_A,THR_37_A,PHE_51_A"
THR_37_A,"ASP_36_A,CYS_38_A,THR_50_A"
CYS_38_A,"THR_37_A,THR_39_A,PHE_49_A"
THR_39_A,"THR_31_A,GLN_33_A,CYS_38_A,VAL_40_A"
VAL_40_A,"THR_39_A,ASP_41_A,GLY_47_A"
ASP_41_A,"ILE_29_A,VAL_40_A,SER_42_A"
SER_42_A,"ASP_41_A,LYS_43_A,ASP_314_A"
LYS_43_A,"SER_42_A,GLU_44_A"
GLU_44_A,"LYS_43_A,ALA_45_A,ASP_314_A"
ALA_45_A,"GLU_44_A,GLN_46_A"
GLN_46_A,"ALA_45_A,GLY_47_A"
GLY_47_A,"VAL_40_A,GLN_46_A,SER_48_A"
SER_48_A,"GLY_47_A,PHE_49_A"
PHE_49_A,"CYS_38_A,SER_48_A,THR_50_A,PHE_51_A,LEU_318_A"
THR_50_A,"THR_37_A,PHE_49_A,PHE_51_A"
PHE_51_A,"VAL_10_A,ASP_36_A,PHE_49_A,THR_50_A,ASP_52_A,ILE_305_A,LEU_321_A"
ASP_52_A,"LYS_9_A,VAL_10_A,PHE_51_A,ARG_53_A,LYS_328_A"
ARG_53_A,"VAL_11_A,ALA_12_A,ASP_52_A,VAL_54_A,PHE_55_A"
VAL_54_A,"PHE_32_A,ARG_53_A,PHE_55_A"
PHE_55_A,"ALA_12_A,PHE_14_A,ARG_53_A,VAL_54_A,ASP_56_A,ILE_64_A"
ASP_56_A,"PHE_32_A,PHE_55_A,MET_57_A,SER_58_A"
MET_57_A,"ASP_56_A,SER_58_A"
SER_58_A,"ASP_56_A,MET_57_A,CYS_59_A"
CYS_59_A,"SER_58_A,LYS_60_A"
LYS_60_A,"CYS_59_A,GLN_61_A,ASP_63_A"
GLN_61_A,"LYS_60_A,SER_62_A"
SER_62_A,"GLN_61_A,ASP_63_A,ASP_66_A"
ASP_63_A,"LYS_60_A,SER_62_A,ILE_64_A,ASP_66_A,PHE_67_A"
ILE_64_A,"PHE_55_A,ASP_63_A,PHE_65_A"
PHE_65_A,"ILE_64_A,ASP_66_A,ILE_69_A,LYS_70_A,ARG_114_A"
ASP_66_A,"SER_62_A,ASP_63_A,PHE_65_A,PHE_67_A"
PHE_67_A,"ASP_63_A,ASP_66_A,SER_68_A"
SER_68_A,"PHE_67_A,ILE_69_A"
ILE_69_A,"PHE_65_A,SER_68_A,LYS_70_A,THR_72_A"
LYS_70_A,"PHE_65_A,ILE_69_A,ASP_74_A"
PRO_71_A,THR_72_A
THR_72_A,"ILE_69_A,PRO_71_A,VAL_73_A,LEU_231_A"
VAL_73_A,"THR_72_A,ASP_74_A,LEU_77_A,ILE_119_A"
ASP_74_A,"LYS_70_A,VAL_73_A,ASP_75_A,ASN_78_A"
ASP_75_A,"ASP_74_A,ILE_76_A,ASN_78_A,TYR_80_A,ARG_300_A"
ILE_76_A,"ASP_75_A,LEU_77_A,ILE_216_A"
LEU_77_A,"VAL_73_A,ILE_76_A,ASN_78_A"
ASN_78_A,"ASP_74_A,ASP_75_A,LEU_77_A,GLY_79_A,LYS_227_A"
GLY_79_A,"ASN_78_A,TYR_80_A"
TYR_80_A,"ASP_75_A,GLY_79_A,ASN_81_A"
ASN_81_A,"TYR_80_A,GLY_82_A,GLN_230_A"
GLY_82_A,"ASN_81_A,THR_83_A,GLN_230_A,PHE_232_A"
THR_83_A,"GLY_82_A,VAL_84_A,PHE_85_A,THR_302_A"
VAL_84_A,"THR_83_A,PHE_85_A,PHE_232_A,VAL_234_A"
PHE_85_A,"THR_83_A,VAL_84_A,ALA_86_A,LEU_291_A,LEU_295_A,THR_302_A,ILE_304_A"
ALA_86_A,"PHE_85_A,TYR_87_A,MET_98_A,VAL_234_A"
TYR_87_A,"ALA_86_A,GLY_88_A,LEU_236_A,LEU_303_A,ILE_304_A,ASN_306_A,PHE_323_A"
GLY_88_A,"TYR_87_A,GLN_89_A,LYS_94_A"
GLN_89_A,"GLY_88_A,THR_90_A,ALA_92_A,ASN_313_A"
THR_90_A,"GLN_89_A,GLY_91_A,GLU_240_A"
GLY_91_A,"ARG_15_A,THR_90_A,ALA_92_A"
ALA_92_A,"GLN_89_A,GLY_91_A,GLY_93_A,ASN_306_A"
GLY_93_A,"ALA_92_A,LYS_94_A,THR_97_A"
LYS_94_A,"GLY_88_A,GLY_93_A,SER_95_A,MET_98_A,ASP_235_A,GLU_240_A"
SER_95_A,"LYS_94_A,TYR_96_A,MET_99_A,GLY_100_A,ASP_235_A"
TYR_96_A,"SER_95_A,THR_97_A"
THR_97_A,"GLY_93_A,TYR_96_A,MET_98_A,VAL_111_A"
MET_98_A,"ALA_86_A,LYS_94_A,THR_97_A,MET_99_A,ILE_112_A"
MET_99_A,"SER_95_A,MET_98_A,GLY_100_A,GLY_110_A"
GLY_100_A,"SER_95_A,MET_99_A,THR_101_A"
THR_101_A,"GLY_100_A,SER_102_A"
SER_102_A,"THR_101_A,ILE_103_A"
ILE_103_A,"SER_102_A,ASP_104_A,TYR_184_A,ARG_188_A"
ASP_104_A,"ILE_103_A,ASP_105_A,ARG_188_A"
ASP_105_A,"ASP_104_A,ASP_107_A,GLY_108_A,ARG_109_A"
PRO_106_A,"ASP_107_A,ARG_109_A"
ASP_107_A,"ASP_105_A,PRO_106_A,GLY_108_A,ARG_114_A"
GLY_108_A,"ASP_105_A,ASP_107_A,ARG_109_A"
ARG_109_A,"ASP_105_A,PRO_106_A,GLY_108_A,GLY_110_A,ARG_114_A,GLU_117_A"
GLY_110_A,"MET_99_A,ARG_109_A,VAL_111_A"
VAL_111_A,"THR_97_A,GLY_110_A,ILE_112_A,ILE_115_A"
ILE_112_A,"MET_98_A,VAL_111_A,LEU_233_A"
PRO_113_A,ARG_114_A
ARG_114_A,"PHE_65_A,ASP_107_A,ARG_109_A,PRO_113_A,ILE_115_A,GLU_117_A"
ILE_115_A,"VAL_111_A,ARG_114_A,VAL_116_A,ILE_119_A,LEU_231_A,LEU_233_A"
VAL_116_A,"ILE_115_A,GLU_117_A,PHE_120_A,VAL_183_A,MET_187_A"
GLU_117_A,"ARG_109_A,ARG_114_A,VAL_116_A,GLN_118_A,THR_121_A,TYR_184_A"
GLN_118_A,"GLU_117_A,ILE_119_A,SER_122_A"
ILE_119_A,"VAL_73_A,ILE_115_A,GLN_118_A,PHE_120_A,ILE_123_A,ILE_216_A"
PHE_120_A,"VAL_116_A,ILE_119_A,THR_121_A,LEU_124_A,VAL_180_A,VAL_183_A"
THR_121_A,"GLU_117_A,PHE_120_A,SER_122_A"
SER_122_A,"GLN_118_A,THR_121_A,ILE_123_A"
ILE_123_A,"ILE_119_A,SER_122_A,LEU_124_A,SER_126_A,TYR_132_A,VAL_134_A"
LEU_124_A,"PHE_120_A,ILE_123_A,SER_125_A"
SER_125_A,"LEU_124_A,SER_126_A"
SER_126_A,"ILE_123_A,SER_125_A,ALA_127_A"
ALA_127_A,"SER_126_A,ALA_128_A,ASN_129_A,ILE_130_A"
ALA_128_A,"ALA_127_A,ASN_129_A"
ASN_129_A,"ALA_127_A,ALA_128_A,ILE_130_A,GLU_222_A"
ILE_130_A,"ALA_127_A,ASN_129_A,GLU_131_A,TYR_132_A"
GLU_131_A,"ILE_130_A,TYR_132_A,LYS_219_A,VAL_221_A"
TYR_132_A,"ILE_123_A,ILE_130_A,GLU_131_A,THR_133_A"
THR_133_A,"TYR_132_A,VAL_134_A,THR_217_A"
VAL_134_A,"ILE_123_A,THR_133_A,ARG_135_A"
ARG_135_A,"VAL_134_A,VAL_136_A,GLU_174_A,THR_215_A"
VAL_136_A,"ARG_135_A,SER_137_A,ILE_175_A"
SER_137_A,"VAL_136_A,TYR_138_A,LEU_173_A,VAL_213_A"
TYR_138_A,"SER_137_A,MET_139_A,LEU_149_A,PHE_212_A"
MET_139_A,"TYR_138_A,GLU_140_A,ILE_211_A"
GLU_140_A,"MET_139_A,ILE_141_A,ARG_147_A,ARG_194_A,GLN_203_A"
ILE_141_A,"GLU_140_A,TYR_142_A,HIS_209_A"
TYR_142_A,"ILE_141_A,MET_143_A,GLN_203_A"
MET_143_A,"TYR_142_A,GLU_144_A,GLU_254_A"
GLU_144_A,"MET_143_A,ARG_145_A,HIS_209_A,LYS_286_A"
ARG_145_A,"GLU_144_A,ILE_146_A,ASP_155_A,ASN_156_A"
ILE_146_A,"ARG_145_A,ARG_147_A,LEU_157_A,VAL_159_A"
ARG_147_A,"GLU_140_A,ILE_146_A,ASP_148_A,ASP_155_A"
ASP_148_A,"ARG_147_A,LEU_149_A,LEU_150_A,LEU_173_A"
LEU_149_A,"TYR_138_A,ASP_148_A,LEU_150_A,ARG_194_A"
LEU_150_A,"ASP_148_A,LEU_149_A,ALA_151_A,ILE_175_A,ARG_189_A"
ALA_151_A,"LEU_150_A,GLN_153_A,ASN_154_A"
PRO_152_A,GLN_153_A
GLN_153_A,"ALA_151_A,PRO_152_A,ASN_154_A"
ASN_154_A,"ALA_151_A,GLN_153_A,ASP_155_A"
ASP_155_A,"ARG_145_A,ARG_147_A,ASN_154_A,ASN_156_A"
ASN_156_A,"ARG_145_A,ASP_155_A,LEU_157_A"
LEU_157_A,"ILE_146_A,ASN_156_A,VAL_169_A,LEU_172_A"
PRO_158_A,VAL_159_A
VAL_159_A,"ILE_146_A,PRO_158_A,HIS_160_A,VAL_167_A"
HIS_160_A,"VAL_159_A,GLU_161_A,TYR_168_A,LYS_170_A"
GLU_161_A,"HIS_160_A,GLU_162_A,ARG_283_A,ARG_289_A"
GLU_162_A,"GLU_161_A,LYS_163_A,ARG_165_A,GLY_166_A,TYR_168_A"
LYS_163_A,"GLU_162_A,ASN_164_A"
ASN_164_A,"LYS_163_A,ARG_165_A"
ARG_165_A,"GLU_162_A,ASN_164_A,GLY_166_A,GLU_174_A"
GLY_166_A,"GLU_162_A,ARG_165_A,VAL_167_A"
VAL_167_A,"VAL_159_A,GLY_166_A,TYR_168_A"
TYR_168_A,"HIS_160_A,GLU_162_A,VAL_167_A,VAL_169_A"
VAL_169_A,"LEU_157_A,TYR_168_A,LYS_170_A"
LYS_170_A,"HIS_160_A,VAL_169_A,GLY_171_A"
GLY_171_A,"LYS_170_A,LEU_172_A"
LEU_172_A,"LEU_157_A,GLY_171_A,LEU_173_A"
LEU_173_A,"SER_137_A,ASP_148_A,LEU_172_A,GLU_174_A"
GLU_174_A,"ARG_135_A,ARG_165_A,LEU_173_A,ILE_175_A"
ILE_175_A,"VAL_136_A,LEU_150_A,GLU_174_A,TYR_176_A"
TYR_176_A,"ILE_175_A,VAL_177_A"
VAL_177_A,"TYR_176_A,SER_178_A,VAL_183_A"
SER_178_A,"VAL_177_A,SER_179_A,GLU_182_A"
SER_179_A,"SER_178_A,VAL_180_A"
VAL_180_A,"PHE_120_A,SER_179_A,GLN_181_A,TYR_184_A"
GLN_181_A,"VAL_180_A,GLU_182_A"
GLU_182_A,"SER_178_A,GLN_181_A,VAL_183_A"
VAL_183_A,"VAL_116_A,PHE_120_A,VAL_177_A,GLU_182_A,TYR_184_A,VAL_186_A,MET_187_A"
TYR_184_A,"ILE_103_A,GLU_117_A,VAL_180_A,VAL_183_A,GLU_185_A,MET_187_A,ARG_188_A"
GLU_185_A,"TYR_184_A,VAL_186_A,ARG_188_A,ARG_189_A"
VAL_186_A,"VAL_183_A,GLU_185_A,MET_187_A,GLY_190_A"
MET_187_A,"VAL_116_A,VAL_183_A,TYR_184_A,VAL_186_A,ARG_188_A,GLY_191_A"
ARG_188_A,"ILE_103_A,ASP_104_A,TYR_184_A,GLU_185_A,MET_187_A,ARG_189_A,ASN_192_A"
ARG_189_A,"LEU_150_A,GLU_185_A,ARG_188_A,GLY_190_A,ALA_193_A"
GLY_190_A,"VAL_186_A,ARG_189_A,GLY_191_A,ARG_194_A"
GLY_191_A,"MET_187_A,GLY_190_A,ASN_192_A"
ASN_192_A,"ARG_188_A,GLY_191_A,ALA_193_A"
ALA_193_A,"ARG_189_A,ASN_192_A,ARG_194_A"
ARG_194_A,"GLU_140_A,LEU_149_A,GLY_190_A,ALA_193_A,ALA_195_A,ALA_198_A,ASP_235_A"
ALA_195_A,"ARG_194_A,VAL_196_A,THR_199_A"
VAL_196_A,"ALA_195_A,ALA_197_A,ASN_200_A"
ALA_197_A,"VAL_196_A,ALA_198_A,MET_201_A"
ALA_198_A,"ARG_194_A,ALA_197_A,THR_199_A"
THR_199_A,"ALA_195_A,ALA_198_A,ASN_200_A"
ASN_200_A,"VAL_196_A,THR_199_A,MET_201_A"
MET_201_A,"ALA_197_A,ASN_200_A,ASN_202_A"
ASN_202_A,"MET_201_A,GLN_203_A"
GLN_203_A,"GLU_140_A,TYR_142_A,ASN_202_A,GLU_204_A"
GLU_204_A,"GLN_203_A,SER_205_A,ARG_207_A,LYS_257_A,LYS_260_A"
SER_205_A,"GLU_204_A,SER_206_A"
SER_206_A,"SER_205_A,ARG_207_A,GLY_238_A"
ARG_207_A,"GLU_204_A,SER_206_A,SER_208_A,GLY_238_A,GLU_240_A,LYS_257_A"
SER_208_A,"ARG_207_A,HIS_209_A"
HIS_209_A,"ILE_141_A,GLU_144_A,SER_208_A,SER_210_A,ALA_237_A,SER_261_A"
SER_210_A,"HIS_209_A,ILE_211_A,ASP_235_A"
ILE_211_A,"MET_139_A,SER_210_A,PHE_212_A"
PHE_212_A,"TYR_138_A,ILE_211_A,VAL_213_A,ILE_214_A,LEU_233_A"
VAL_213_A,"SER_137_A,PHE_212_A,ILE_214_A,PHE_232_A"
ILE_214_A,"PHE_212_A,VAL_213_A,THR_215_A,LEU_231_A"
THR_215_A,"ARG_135_A,ILE_214_A,ILE_216_A"
ILE_216_A,"ILE_76_A,ILE_119_A,THR_215_A,THR_217_A,GLY_229_A"
THR_217_A,"THR_133_A,ILE_216_A,GLN_218_A"
GLN_218_A,"THR_217_A,LYS_219_A,LYS_227_A"
LYS_219_A,"GLU_131_A,GLN_218_A,ASN_220_A,ALA_226_A"
ASN_220_A,"LYS_219_A,VAL_221_A,GLU_222_A,GLY_224_A,SER_225_A"
VAL_221_A,"GLU_131_A,ASN_220_A,GLU_222_A"
GLU_222_A,"ASN_129_A,ASN_220_A,VAL_221_A,THR_223_A"
THR_223_A,"GLU_222_A,GLY_224_A"
GLY_224_A,"ASN_220_A,THR_223_A,SER_225_A"
SER_225_A,"ASN_220_A,GLY_224_A,ALA_226_A"
ALA_226_A,"LYS_219_A,SER_225_A,LYS_227_A"
LYS_227_A,"ASN_78_A,GLN_218_A,ALA_226_A,SER_228_A,ALA_338_A,GLU_339_A"
SER_228_A,"LYS_227_A,GLY_229_A"
GLY_229_A,"ILE_216_A,SER_228_A,GLN_230_A"
GLN_230_A,"ASN_81_A,GLY_82_A,GLY_229_A,LEU_231_A,PHE_232_A"
LEU_231_A,"THR_72_A,ILE_115_A,ILE_214_A,GLN_230_A,PHE_232_A,LEU_233_A"
PHE_232_A,"GLY_82_A,VAL_84_A,VAL_213_A,GLN_230_A,LEU_231_A,LEU_233_A,LEU_291_A"
LEU_233_A,"ILE_112_A,ILE_115_A,PHE_212_A,LEU_231_A,PHE_232_A,VAL_234_A"
VAL_234_A,"VAL_84_A,ALA_86_A,LEU_233_A,ASP_235_A,LEU_236_A,LEU_291_A"
ASP_235_A,"LYS_94_A,SER_95_A,ARG_194_A,SER_210_A,VAL_234_A,LEU_236_A"
LEU_236_A,"TYR_87_A,VAL_234_A,ASP_235_A,ALA_237_A"
ALA_237_A,"HIS_209_A,LEU_236_A,GLY_238_A"
GLY_238_A,"SER_206_A,ARG_207_A,ALA_237_A,SER_239_A"
SER_239_A,"GLY_238_A,GLU_240_A"
GLU_240_A,"THR_90_A,LYS_94_A,ARG_207_A,SER_239_A,LYS_241_A,GLU_316_A"
LYS_241_A,"GLU_240_A,VAL_242_A"
VAL_242_A,"LYS_241_A,GLY_243_A,LYS_244_A"
GLY_243_A,"VAL_242_A,LYS_244_A,THR_245_A"
LYS_244_A,"VAL_242_A,GLY_243_A,THR_245_A,LEU_252_A"
THR_245_A,"GLY_243_A,LYS_244_A,GLY_246_A"
GLY_246_A,"THR_245_A,ALA_247_A"
ALA_247_A,"GLY_246_A,SER_248_A"
SER_248_A,"ALA_247_A,GLY_249_A"
GLY_249_A,"SER_248_A,GLN_250_A"
GLN_250_A,"GLY_249_A,THR_251_A"
THR_251_A,"GLN_250_A,LEU_252_A,GLU_253_A,GLU_254_A"
LEU_252_A,"LYS_244_A,THR_251_A,GLU_253_A"
GLU_253_A,"THR_251_A,LEU_252_A,GLU_254_A,ALA_255_A,LYS_256_A"
GLU_254_A,"MET_143_A,THR_251_A,GLU_253_A,ALA_255_A,LYS_256_A"
ALA_255_A,"GLU_253_A,GLU_254_A,LYS_256_A,LYS_257_A"
LYS_256_A,"GLU_253_A,GLU_254_A,ALA_255_A,LYS_257_A,ASN_259_A"
LYS_257_A,"GLU_204_A,ARG_207_A,ALA_255_A,LYS_256_A,ILE_258_A,LYS_260_A"
ILE_258_A,"LYS_257_A,ASN_259_A,SER_263_A"
ASN_259_A,"LYS_256_A,ILE_258_A,LYS_260_A"
LYS_260_A,"GLU_204_A,LYS_257_A,ASN_259_A,SER_261_A"
SER_261_A,"HIS_209_A,LYS_260_A,LEU_262_A,SER_263_A,ALA_264_A,LEU_265_A"
LEU_262_A,"SER_261_A,SER_263_A"
SER_263_A,"ILE_258_A,SER_261_A,LEU_262_A,ALA_264_A,MET_267_A"
ALA_264_A,"SER_261_A,SER_263_A,LEU_265_A,VAL_268_A,ASP_284_A"
LEU_265_A,"SER_261_A,ALA_264_A,GLY_266_A,ILE_269_A"
GLY_266_A,"LEU_265_A,MET_267_A,ASN_270_A"
MET_267_A,"SER_263_A,GLY_266_A,VAL_268_A"
VAL_268_A,"ALA_264_A,MET_267_A,ILE_269_A,VAL_280_A,TYR_282_A,THR_288_A"
ILE_269_A,"LEU_265_A,VAL_268_A,ASN_270_A,ILE_330_A"
ASN_270_A,"GLY_266_A,ILE_269_A,ALA_271_A,THR_273_A,ASP_274_A"
ALA_271_A,"ASN_270_A,LEU_272_A,GLY_275_A"
LEU_272_A,"ALA_271_A,THR_273_A,VAL_280_A"
THR_273_A,"ASN_270_A,LEU_272_A,ASP_274_A,ILE_330_A"
ASP_274_A,"ASN_270_A,THR_273_A,GLY_275_A,LYS_276_A"
GLY_275_A,"ALA_271_A,ASP_274_A,LYS_276_A"
LYS_276_A,"ASP_274_A,GLY_275_A,SER_277_A"
SER_277_A,"LYS_276_A,SER_278_A"
SER_278_A,"SER_277_A,HIS_279_A"
HIS_279_A,"SER_278_A,VAL_280_A"
VAL_280_A,"VAL_268_A,LEU_272_A,HIS_279_A,TYR_282_A"
PRO_281_A,TYR_282_A
TYR_282_A,"VAL_268_A,VAL_280_A,PRO_281_A,ARG_283_A,THR_288_A,GLN_292_A,LEU_295_A"
ARG_283_A,"GLU_161_A,TYR_282_A,ASP_284_A,SER_285_A,ARG_289_A"
ASP_284_A,"ALA_264_A,ARG_283_A,SER_285_A"
SER_285_A,"ARG_283_A,ASP_284_A,LYS_286_A,THR_288_A"
LYS_286_A,"GLU_144_A,SER_285_A,LEU_287_A,ILE_290_A"
LEU_287_A,"LYS_286_A,THR_288_A,LEU_291_A"
THR_288_A,"VAL_268_A,TYR_282_A,SER_285_A,LEU_287_A,ARG_289_A,GLN_292_A"
ARG_289_A,"GLU_161_A,ARG_283_A,THR_288_A,ILE_290_A"
ILE_290_A,"LYS_286_A,ARG_289_A,LEU_291_A"
LEU_291_A,"PHE_85_A,PHE_232_A,VAL_234_A,LEU_287_A,ILE_290_A,GLN_292_A,SER_294_A"
GLN_292_A,"TYR_282_A,THR_288_A,LEU_291_A,GLU_293_A"
GLU_293_A,"GLN_292_A,SER_294_A,GLY_297_A,ASN_298_A"
SER_294_A,"LEU_291_A,GLU_293_A,LEU_295_A,THR_301_A"
LEU_295_A,"PHE_85_A,TYR_282_A,SER_294_A,GLY_296_A"
GLY_296_A,"LEU_295_A,GLY_297_A,ASN_332_A"
GLY_297_A,"GLU_293_A,GLY_296_A,ASN_298_A,SER_299_A,LYS_333_A"
ASN_298_A,"GLU_293_A,GLY_297_A,SER_299_A"
SER_299_A,"GLY_297_A,ASN_298_A,ARG_300_A,THR_301_A"
ARG_300_A,"ASP_75_A,SER_299_A,THR_301_A"
THR_301_A,"LYS_9_A,SER_294_A,SER_299_A,ARG_300_A,THR_302_A"
THR_302_A,"THR_83_A,PHE_85_A,THR_301_A,LEU_303_A"
LEU_303_A,"LYS_9_A,VAL_11_A,TYR_87_A,THR_302_A,ILE_304_A,ALA_327_A"
ILE_304_A,"VAL_11_A,PHE_85_A,TYR_87_A,LEU_303_A,ILE_305_A"
ILE_305_A,"VAL_11_A,ALA_12_A,PHE_51_A,ILE_304_A,ASN_306_A,THR_320_A"
ASN_306_A,"TYR_87_A,ALA_92_A,ILE_305_A,CYS_307_A"
CYS_307_A,"ARG_13_A,PHE_14_A,ASN_306_A,SER_308_A,THR_317_A"
SER_308_A,"GLU_21_A,CYS_307_A,THR_317_A"
PRO_309_A,"VAL_30_A,SER_310_A"
SER_310_A,"GLN_17_A,PRO_309_A,SER_311_A"
SER_311_A,"GLN_27_A,SER_310_A,TYR_312_A"
TYR_312_A,"GLU_21_A,SER_311_A,ASN_313_A"
ASN_313_A,"GLU_21_A,GLN_89_A,TYR_312_A,ASP_314_A"
ASP_314_A,"ILE_29_A,SER_42_A,GLU_44_A,ASN_313_A,ALA_315_A,LEU_318_A"
ALA_315_A,"ASP_314_A,GLU_316_A"
GLU_316_A,"GLU_240_A,ALA_315_A,THR_317_A,THR_320_A"
THR_317_A,"CYS_307_A,SER_308_A,GLU_316_A,LEU_318_A,LEU_321_A"
LEU_318_A,"PHE_49_A,ASP_314_A,THR_317_A,SER_319_A,ARG_322_A"
SER_319_A,"LEU_318_A,THR_320_A"
THR_320_A,"ILE_305_A,GLU_316_A,SER_319_A,LEU_321_A,GLY_324_A"
LEU_321_A,"PHE_51_A,THR_317_A,THR_320_A,ARG_322_A,MET_325_A"
ARG_322_A,"LEU_318_A,LEU_321_A,PHE_323_A,MET_325_A,ARG_326_A"
PHE_323_A,"TYR_87_A,ARG_322_A,GLY_324_A"
GLY_324_A,"THR_320_A,PHE_323_A,MET_325_A"
MET_325_A,"LEU_321_A,ARG_322_A,GLY_324_A,ARG_326_A"
ARG_326_A,"ARG_322_A,MET_325_A,ALA_327_A"
ALA_327_A,"LEU_303_A,ARG_326_A,LYS_328_A"
LYS_328_A,"ASP_52_A,ALA_327_A,SER_329_A"
SER_329_A,"LYS_328_A,ILE_330_A"
ILE_330_A,"ILE_8_A,ILE_269_A,THR_273_A,SER_329_A,LYS_331_A"
LYS_331_A,"SER_4_A,ILE_330_A,ASN_332_A"
ASN_332_A,"ASN_6_A,GLY_296_A,LYS_331_A,LYS_333_A"
LYS_333_A,"GLY_297_A,ASN_332_A,ALA_334_A"
ALA_334_A,"LYS_333_A,LYS_335_A"
LYS_335_A,"ALA_334_A,VAL_336_A"
VAL_336_A,"LYS_335_A,ASN_337_A"
ASN_337_A,"VAL_336_A,ALA_338_A,ALA_343_A"
ALA_338_A,"LYS_227_A,ASN_337_A,GLU_339_A"
GLU_339_A,"LYS_227_A,ALA_338_A,LEU_340_A"
LEU_340_A,"GLU_339_A,SER_341_A"
SER_341_A,LEU_340_A
PRO_342_A,ALA_343_A
ALA_343_A,"ASN_337_A,PRO_342_A,GLU_344_A"
GLU_344_A,"ALA_343_A,LEU_345_A,GLN_347_A"
LEU_345_A,"GLU_344_A,LYS_346_A"
LYS_346_A,"LEU_345_A,GLN_347_A"
GLN_347_A,"GLU_344_A,LYS_346_A,MET_348_A"
MET_348_A,"GLN_347_A,LEU_349_A,ALA_350_A"
LEU_349_A,"MET_348_A,ALA_350_A"
ALA_350_A,"MET_348_A,LEU_349_A,LYS_351_A"
LYS_351_A,"ALA_350_A,ALA_352_A,LYS_353_A"
ALA_352_A,"LYS_351_A,LYS_353_A"
LYS_353_A,"LYS_351_A,ALA_352_A,THR_354_A"
THR_354_A,"LYS_353_A,GLN_355_A"
GLN_355_A,THR_354_A
