residue_id,neighbors
PRO_-3_B,LEU_-2_B
LEU_-2_B,"PRO_-3_B,GLY_-1_B"
GLY_-1_B,"LEU_-2_B,MET_0_B"
MET_0_B,"GLY_-1_B,ALA_1_B"
ALA_1_B,"MET_0_B,GLY_2_B"
GLY_2_B,"ALA_1_B,LEU_3_B"
LEU_3_B,"GLY_2_B,GLY_4_B,ASN_225_B"
GLY_4_B,"LEU_3_B,HIS_5_B"
HIS_5_B,"GLY_4_B,ALA_7_B,ALA_8_B"
PRO_6_B,"ALA_7_B,ASN_279_B"
ALA_7_B,"HIS_5_B,PRO_6_B,ALA_8_B"
ALA_8_B,"HIS_5_B,ALA_7_B,PHE_9_B"
PHE_9_B,"ALA_8_B,GLY_10_B,TYR_223_B"
GLY_10_B,"PHE_9_B,ARG_11_B,ASN_225_B"
ARG_11_B,"GLY_10_B,ALA_12_B,ASN_225_B"
ALA_12_B,"ARG_11_B,THR_13_B"
THR_13_B,"ALA_12_B,HIS_14_B,GLN_60_B,ILE_278_B,LYS_280_B"
HIS_14_B,"THR_13_B,ALA_15_B,ILE_278_B"
ALA_15_B,"HIS_14_B,VAL_16_B,GLN_60_B,VAL_62_B,LEU_277_B"
VAL_16_B,"ALA_15_B,VAL_17_B,LEU_64_B,VAL_276_B"
VAL_17_B,"VAL_16_B,ARG_18_B,VAL_61_B,VAL_62_B,LEU_64_B"
ARG_18_B,"VAL_17_B,ALA_19_B,PRO_65_B,ASP_67_B,VAL_76_B,GLU_100_B"
ALA_19_B,"ARG_18_B,LEU_20_B,LEU_64_B"
LEU_20_B,"ALA_19_B,VAL_39_B,GLU_43_B,VAL_74_B"
PRO_21_B,GLU_22_B
GLU_22_B,"PRO_21_B,SER_23_B"
SER_23_B,"GLU_22_B,LEU_24_B,HIS_27_B,GLU_68_B"
LEU_24_B,"SER_23_B,GLY_25_B,ALA_28_B,VAL_74_B,LEU_264_B"
GLY_25_B,"LEU_24_B,GLN_26_B"
GLN_26_B,"GLY_25_B,HIS_27_B"
HIS_27_B,"SER_23_B,GLN_26_B,ALA_28_B,PRO_71_B"
ALA_28_B,"LEU_24_B,HIS_27_B,LEU_29_B"
LEU_29_B,"ALA_28_B,ARG_30_B,ASP_72_B,ALA_94_B"
ARG_30_B,"LEU_29_B,SER_31_B"
SER_31_B,"ARG_30_B,ALA_32_B"
ALA_32_B,"SER_31_B,LYS_33_B"
LYS_33_B,ALA_32_B
GLU_36_B,VAL_37_B
VAL_37_B,"GLU_36_B,ASP_38_B"
ASP_38_B,"VAL_37_B,VAL_39_B,ARG_41_B,GLU_263_B"
VAL_39_B,"LEU_20_B,ASP_38_B,ALA_40_B,GLU_43_B"
ALA_40_B,"VAL_39_B,ARG_41_B"
ARG_41_B,"ASP_38_B,ALA_40_B,ALA_42_B,GLN_45_B,GLU_240_B,SER_262_B,GLU_263_B"
ALA_42_B,"ARG_41_B,GLU_43_B,HIS_46_B,GLU_263_B"
GLU_43_B,"LEU_20_B,VAL_39_B,ALA_42_B,ARG_44_B,GLN_47_B"
ARG_44_B,"GLU_43_B,GLN_45_B,GLN_47_B"
GLN_45_B,"ARG_41_B,ARG_44_B,HIS_46_B,SER_262_B"
HIS_46_B,"ALA_42_B,GLN_45_B,GLN_47_B,TYR_49_B,VAL_50_B"
GLN_47_B,"GLU_43_B,ARG_44_B,HIS_46_B,LEU_48_B,GLY_51_B"
LEU_48_B,"GLN_47_B,TYR_49_B,VAL_52_B"
TYR_49_B,"HIS_46_B,LEU_48_B,VAL_50_B,VAL_52_B,MET_261_B,LEU_271_B,CYS_274_B,SER_275_B"
VAL_50_B,"HIS_46_B,TYR_49_B,GLY_51_B,GLY_54_B"
GLY_51_B,"GLN_47_B,VAL_50_B,VAL_52_B,SER_55_B"
VAL_52_B,"LEU_48_B,TYR_49_B,GLY_51_B,LEU_53_B,LEU_57_B,LEU_234_B"
LEU_53_B,"VAL_52_B,GLY_54_B,LEU_59_B"
GLY_54_B,"VAL_50_B,LEU_53_B,SER_55_B"
SER_55_B,"GLY_51_B,GLY_54_B,LYS_56_B"
LYS_56_B,"SER_55_B,LEU_57_B"
LEU_57_B,"VAL_52_B,LYS_56_B,GLY_58_B,LEU_224_B,VAL_232_B"
GLY_58_B,"LEU_57_B,LEU_59_B"
LEU_59_B,"LEU_53_B,GLY_58_B,GLN_60_B"
GLN_60_B,"THR_13_B,ALA_15_B,LEU_59_B,VAL_61_B"
VAL_61_B,"VAL_17_B,GLN_60_B,VAL_62_B,GLU_63_B"
VAL_62_B,"ALA_15_B,VAL_17_B,VAL_61_B,GLU_63_B"
GLU_63_B,"VAL_61_B,VAL_62_B,LEU_64_B"
LEU_64_B,"VAL_16_B,VAL_17_B,ALA_19_B,GLU_63_B,MET_103_B"
PRO_65_B,"ARG_18_B,ALA_66_B"
ALA_66_B,"PRO_65_B,ASP_67_B"
ASP_67_B,"ARG_18_B,ALA_66_B,GLU_68_B,LEU_70_B"
GLU_68_B,"SER_23_B,ASP_67_B,SER_69_B"
SER_69_B,"GLU_68_B,LEU_70_B"
LEU_70_B,"ASP_67_B,SER_69_B,ASP_72_B,CYS_73_B,LYS_99_B"
PRO_71_B,"HIS_27_B,ASP_72_B"
ASP_72_B,"LEU_29_B,LEU_70_B,PRO_71_B,CYS_73_B,PHE_75_B,ARG_97_B,GLU_100_B"
CYS_73_B,"LEU_70_B,ASP_72_B,VAL_74_B"
VAL_74_B,"LEU_20_B,LEU_24_B,CYS_73_B,PHE_75_B,VAL_76_B"
PHE_75_B,"ASP_72_B,VAL_74_B,VAL_76_B,ARG_97_B,CYS_273_B"
VAL_76_B,"ARG_18_B,VAL_74_B,PHE_75_B,GLU_77_B"
GLU_77_B,"VAL_76_B,ASP_78_B,LYS_174_B,THR_272_B"
ASP_78_B,"GLU_77_B,VAL_79_B,THR_90_B,ARG_97_B,ASP_126_B,GLY_127_B,HIS_172_B"
VAL_79_B,"ASP_78_B,ALA_80_B,THR_90_B,GLU_100_B"
ALA_80_B,"VAL_79_B,VAL_81_B,MET_104_B"
VAL_81_B,"ALA_80_B,VAL_82_B,LEU_88_B"
VAL_82_B,"VAL_81_B,CYS_83_B,VAL_276_B"
CYS_83_B,"VAL_82_B,GLU_84_B,GLU_85_B,THR_86_B,PHE_157_B"
GLU_84_B,"CYS_83_B,GLU_85_B,ASP_159_B,TYR_160_B"
GLU_85_B,"CYS_83_B,GLU_84_B,THR_86_B,ASN_114_B"
THR_86_B,"CYS_83_B,GLU_85_B,ALA_87_B,THR_156_B,PHE_157_B"
ALA_87_B,"THR_86_B,LEU_88_B,LEU_108_B,ASN_114_B,VAL_116_B"
LEU_88_B,"VAL_81_B,ALA_87_B,ILE_89_B,VAL_116_B,MET_118_B,LEU_153_B"
ILE_89_B,"LEU_88_B,THR_90_B,VAL_101_B,LEU_108_B,ILE_115_B,VAL_116_B,MET_118_B"
THR_90_B,"ASP_78_B,VAL_79_B,ILE_89_B,ARG_91_B"
ARG_91_B,"THR_90_B,ARG_98_B,MET_118_B,LEU_125_B"
PRO_92_B,"GLY_93_B,ARG_98_B"
GLY_93_B,"PRO_92_B,ALA_94_B"
ALA_94_B,"LEU_29_B,GLY_93_B,ARG_97_B"
PRO_95_B,SER_96_B
SER_96_B,"PRO_95_B,ARG_97_B"
ARG_97_B,"ASP_72_B,PHE_75_B,ASP_78_B,ALA_94_B,SER_96_B,ARG_98_B,GLU_100_B,ASP_126_B"
ARG_98_B,"ARG_91_B,PRO_92_B,ARG_97_B,LYS_99_B"
LYS_99_B,"LEU_70_B,ARG_98_B,GLU_100_B"
GLU_100_B,"ARG_18_B,ASP_72_B,VAL_79_B,ARG_97_B,LYS_99_B,VAL_101_B"
VAL_101_B,"ILE_89_B,GLU_100_B,ASP_102_B,LYS_105_B"
ASP_102_B,"VAL_101_B,MET_103_B"
MET_103_B,"LEU_64_B,ASP_102_B,MET_104_B"
MET_104_B,"ALA_80_B,MET_103_B,LYS_105_B"
LYS_105_B,"VAL_101_B,MET_104_B,GLU_106_B,GLU_109_B,GLU_117_B"
GLU_106_B,"LYS_105_B,ALA_107_B"
ALA_107_B,"GLU_106_B,LEU_108_B"
LEU_108_B,"ALA_87_B,ILE_89_B,ALA_107_B,GLU_109_B,LEU_113_B,ILE_278_B"
GLU_109_B,"LYS_105_B,LEU_108_B,LYS_110_B,GLN_112_B,ILE_115_B"
LYS_110_B,"GLU_109_B,LEU_111_B"
LEU_111_B,"LYS_110_B,GLN_112_B"
GLN_112_B,"GLU_109_B,LEU_111_B,LEU_113_B"
LEU_113_B,"LEU_108_B,GLN_112_B,ASN_114_B"
ASN_114_B,"GLU_85_B,ALA_87_B,LEU_113_B,ILE_115_B"
ILE_115_B,"ILE_89_B,GLU_109_B,ASN_114_B,VAL_116_B"
VAL_116_B,"ALA_87_B,LEU_88_B,ILE_89_B,ILE_115_B,GLU_117_B,THR_156_B"
GLU_117_B,"LYS_105_B,VAL_116_B,MET_118_B"
MET_118_B,"LEU_88_B,ILE_89_B,ARG_91_B,GLU_117_B,LYS_119_B"
LYS_119_B,"MET_118_B,ASP_120_B,GLU_121_B"
ASP_120_B,"LYS_119_B,GLU_121_B,ASN_122_B,ALA_123_B"
GLU_121_B,"LYS_119_B,ASP_120_B,ASN_122_B"
ASN_122_B,"ASP_120_B,GLU_121_B,ALA_123_B,ASN_146_B"
ALA_123_B,"ASP_120_B,ASN_122_B,THR_124_B,ARG_148_B"
THR_124_B,"ALA_123_B,LEU_125_B,ARG_144_B,ASN_146_B"
LEU_125_B,"ARG_91_B,THR_124_B,ASP_126_B,VAL_139_B,THR_145_B"
ASP_126_B,"ASP_78_B,ARG_97_B,LEU_125_B,GLY_127_B,GLY_128_B,ASP_129_B,THR_145_B,HIS_172_B"
GLY_127_B,"ASP_78_B,ASP_126_B,GLY_128_B"
GLY_128_B,"ASP_126_B,GLY_127_B,ASP_129_B"
ASP_129_B,"ASP_126_B,GLY_128_B,VAL_130_B,GLY_140_B,SER_142_B,THR_145_B,HIS_172_B"
VAL_130_B,"ASP_129_B,LEU_131_B,PHE_137_B,LYS_174_B"
LEU_131_B,"VAL_130_B,PHE_132_B,PHE_138_B"
PHE_132_B,"LEU_131_B,THR_133_B,PHE_137_B,TYR_160_B"
THR_133_B,"PHE_132_B,GLY_134_B,GLU_136_B,PHE_138_B"
GLY_134_B,"THR_133_B,ARG_135_B"
ARG_135_B,"GLY_134_B,GLU_136_B"
GLU_136_B,"THR_133_B,ARG_135_B,PHE_137_B,SER_204_B,HIS_206_B,TYR_208_B"
PHE_137_B,"VAL_130_B,PHE_132_B,GLU_136_B,PHE_138_B,PHE_157_B,TYR_160_B,ALA_161_B"
PHE_138_B,"LEU_131_B,THR_133_B,PHE_137_B,VAL_139_B,MET_200_B"
VAL_139_B,"LEU_125_B,PHE_138_B,GLY_140_B,SER_163_B,VAL_165_B"
GLY_140_B,"ASP_129_B,VAL_139_B,LEU_141_B"
LEU_141_B,"GLY_140_B,SER_142_B,VAL_165_B,VAL_167_B"
SER_142_B,"ASP_129_B,LEU_141_B,LYS_143_B,ARG_144_B,THR_145_B"
LYS_143_B,"SER_142_B,ARG_144_B"
ARG_144_B,"THR_124_B,SER_142_B,LYS_143_B,THR_145_B"
THR_145_B,"LEU_125_B,ASP_126_B,ASP_129_B,SER_142_B,ARG_144_B,ASN_146_B"
ASN_146_B,"ASN_122_B,THR_124_B,THR_145_B,GLN_147_B,GLY_149_B"
GLN_147_B,"ASN_146_B,ARG_148_B,GLY_149_B,GLU_151_B"
ARG_148_B,"ALA_123_B,GLN_147_B,GLY_149_B"
GLY_149_B,"ASN_146_B,GLN_147_B,ARG_148_B,ALA_150_B"
ALA_150_B,"GLY_149_B,GLU_151_B"
GLU_151_B,"GLN_147_B,ALA_150_B,ILE_152_B"
ILE_152_B,"GLU_151_B,LEU_153_B"
LEU_153_B,"LEU_88_B,ILE_152_B,ALA_154_B,THR_156_B,PHE_157_B"
ALA_154_B,"LEU_153_B,ASP_155_B"
ASP_155_B,"ALA_154_B,THR_156_B"
THR_156_B,"THR_86_B,VAL_116_B,LEU_153_B,ASP_155_B,PHE_157_B"
PHE_157_B,"CYS_83_B,THR_86_B,PHE_137_B,LEU_153_B,THR_156_B,LYS_158_B,ASP_159_B"
LYS_158_B,"PHE_157_B,ASP_159_B"
ASP_159_B,"GLU_84_B,PHE_157_B,LYS_158_B,TYR_160_B"
TYR_160_B,"GLU_84_B,PHE_132_B,PHE_137_B,ASP_159_B,ALA_161_B"
ALA_161_B,"PHE_137_B,TYR_160_B,VAL_162_B"
VAL_162_B,"ALA_161_B,SER_163_B"
SER_163_B,"VAL_139_B,VAL_162_B,THR_164_B"
THR_164_B,"SER_163_B,VAL_165_B"
VAL_165_B,"VAL_139_B,LEU_141_B,THR_164_B,MET_200_B"
PRO_166_B,VAL_167_B
VAL_167_B,"LEU_141_B,PRO_166_B,LEU_171_B"
LEU_171_B,"VAL_167_B,HIS_172_B"
HIS_172_B,"ASP_78_B,ASP_126_B,ASP_129_B,LEU_171_B,LEU_173_B,SER_175_B"
LEU_173_B,"HIS_172_B,LYS_174_B"
LYS_174_B,"GLU_77_B,VAL_130_B,LEU_173_B,SER_175_B,ASN_220_B"
SER_175_B,"HIS_172_B,LYS_174_B,PHE_176_B"
PHE_176_B,"SER_175_B,CYS_177_B,ALA_196_B"
CYS_177_B,"PHE_176_B,SER_178_B,ILE_187_B"
SER_178_B,"CYS_177_B,MET_179_B,ALA_219_B"
MET_179_B,"SER_178_B,ALA_180_B"
ALA_180_B,"MET_179_B,GLY_181_B,LEU_184_B"
GLY_181_B,ALA_180_B
PRO_182_B,ASN_183_B
ASN_183_B,"PRO_182_B,LEU_184_B,ASP_209_B"
LEU_184_B,"ALA_180_B,ASN_183_B,ILE_185_B"
ILE_185_B,"LEU_184_B,ALA_186_B,ASP_209_B,LEU_211_B"
ALA_186_B,"ILE_185_B,ILE_187_B"
ILE_187_B,"CYS_177_B,ALA_186_B,GLY_188_B,LEU_197_B,THR_212_B,VAL_213_B"
GLY_188_B,"ILE_187_B,SER_189_B"
SER_189_B,"GLY_188_B,SER_190_B"
SER_190_B,"SER_189_B,GLU_191_B,ALA_193_B,ASP_216_B"
GLU_191_B,"SER_190_B,SER_192_B"
SER_192_B,"GLU_191_B,ALA_193_B"
ALA_193_B,"SER_190_B,SER_192_B,GLN_194_B,LYS_195_B,ALA_196_B"
GLN_194_B,ALA_193_B
LYS_195_B,"ALA_193_B,ALA_196_B"
ALA_196_B,"PHE_176_B,ALA_193_B,LYS_195_B,LEU_197_B"
LEU_197_B,"ILE_187_B,ALA_196_B,LYS_198_B,MET_200_B,GLN_201_B"
LYS_198_B,"LEU_197_B,ILE_199_B,GLN_202_B"
ILE_199_B,"LYS_198_B,MET_200_B"
MET_200_B,"PHE_138_B,VAL_165_B,LEU_197_B,ILE_199_B,GLN_201_B"
GLN_201_B,"LEU_197_B,MET_200_B,GLN_202_B"
GLN_202_B,"LYS_198_B,GLN_201_B,MET_203_B,SER_204_B"
MET_203_B,"GLN_202_B,SER_204_B"
SER_204_B,"GLU_136_B,GLN_202_B,MET_203_B,ASP_205_B"
ASP_205_B,"SER_204_B,HIS_206_B"
HIS_206_B,"GLU_136_B,ASP_205_B,ARG_207_B"
ARG_207_B,"HIS_206_B,TYR_208_B"
TYR_208_B,"GLU_136_B,ARG_207_B,ASP_209_B"
ASP_209_B,"ASN_183_B,ILE_185_B,TYR_208_B,LYS_210_B"
LYS_210_B,"ASP_209_B,LEU_211_B"
LEU_211_B,"ILE_185_B,LYS_210_B,THR_212_B,VAL_247_B,TYR_248_B"
THR_212_B,"ILE_187_B,LEU_211_B,VAL_213_B"
VAL_213_B,"ILE_187_B,THR_212_B,ALA_219_B,VAL_247_B,TYR_248_B"
PRO_214_B,"ASP_215_B,GLU_243_B"
ASP_215_B,"PRO_214_B,ASP_216_B,TYR_241_B"
ASP_216_B,"SER_190_B,ASP_215_B,ILE_217_B"
ILE_217_B,"ASP_216_B,ALA_218_B,LEU_270_B"
ALA_218_B,"ILE_217_B,ALA_219_B,TYR_241_B,TYR_248_B"
ALA_219_B,"SER_178_B,VAL_213_B,ALA_218_B,ASN_220_B"
ASN_220_B,"LYS_174_B,ALA_219_B,CYS_221_B,THR_272_B"
CYS_221_B,"ASN_220_B,ILE_222_B"
ILE_222_B,"CYS_221_B,TYR_223_B,LEU_234_B"
TYR_223_B,"PHE_9_B,ILE_222_B,LEU_224_B,HIS_231_B,LEU_233_B"
LEU_224_B,"LEU_57_B,TYR_223_B,ASN_225_B,VAL_232_B"
ASN_225_B,"LEU_3_B,GLY_10_B,ARG_11_B,LEU_224_B,ILE_226_B"
ILE_226_B,"ASN_225_B,VAL_232_B"
PRO_227_B,ASN_228_B
ASN_228_B,"PRO_227_B,LYS_229_B"
LYS_229_B,"ASN_228_B,GLY_230_B"
GLY_230_B,"LYS_229_B,HIS_231_B"
HIS_231_B,"TYR_223_B,GLY_230_B,VAL_232_B,HIS_254_B,MET_255_B"
VAL_232_B,"LEU_57_B,LEU_224_B,ILE_226_B,HIS_231_B,LEU_233_B,ILE_257_B"
LEU_233_B,"TYR_223_B,VAL_232_B,LEU_234_B,TYR_248_B,ILE_257_B"
LEU_234_B,"VAL_52_B,ILE_222_B,LEU_233_B,HIS_235_B"
HIS_235_B,"LEU_234_B,ARG_236_B,TYR_248_B,ILE_257_B,VAL_259_B"
ARG_236_B,"HIS_235_B,THR_237_B,GLU_240_B,GLU_265_B"
THR_237_B,ARG_236_B
PRO_238_B,"GLU_239_B,ALA_245_B"
GLU_239_B,"PRO_238_B,GLU_240_B"
GLU_240_B,"ARG_41_B,ARG_236_B,GLU_239_B,TYR_241_B,MET_261_B,GLU_265_B"
TYR_241_B,"ASP_215_B,ALA_218_B,GLU_240_B,GLU_265_B"
PRO_242_B,GLU_243_B
GLU_243_B,"PRO_214_B,PRO_242_B,SER_244_B"
SER_244_B,"GLU_243_B,ALA_245_B"
ALA_245_B,"PRO_238_B,SER_244_B,LYS_246_B"
LYS_246_B,"ALA_245_B,VAL_247_B"
VAL_247_B,"LEU_211_B,VAL_213_B,LYS_246_B,TYR_248_B"
TYR_248_B,"LEU_211_B,VAL_213_B,ALA_218_B,LEU_233_B,HIS_235_B,VAL_247_B,GLU_249_B,LYS_250_B,LEU_251_B"
GLU_249_B,"TYR_248_B,LYS_250_B"
LYS_250_B,"TYR_248_B,GLU_249_B,LEU_251_B"
LEU_251_B,"TYR_248_B,LYS_250_B,LYS_252_B,HIS_254_B,LEU_256_B"
LYS_252_B,"LEU_251_B,ASP_253_B"
ASP_253_B,"LYS_252_B,HIS_254_B"
HIS_254_B,"HIS_231_B,LEU_251_B,ASP_253_B,MET_255_B,LEU_256_B"
MET_255_B,"HIS_231_B,HIS_254_B,LEU_256_B"
LEU_256_B,"LEU_251_B,HIS_254_B,MET_255_B,ILE_257_B"
ILE_257_B,"VAL_232_B,LEU_233_B,HIS_235_B,LEU_256_B"
PRO_258_B,VAL_259_B
VAL_259_B,"HIS_235_B,PRO_258_B,SER_260_B,LEU_271_B"
SER_260_B,"VAL_259_B,MET_261_B"
MET_261_B,"TYR_49_B,GLU_240_B,SER_260_B,SER_262_B,GLU_265_B"
SER_262_B,"ARG_41_B,GLN_45_B,MET_261_B,GLU_263_B"
GLU_263_B,"ASP_38_B,ARG_41_B,ALA_42_B,SER_262_B,LEU_264_B"
LEU_264_B,"LEU_24_B,GLU_263_B,GLU_265_B,VAL_267_B,GLY_269_B"
GLU_265_B,"ARG_236_B,GLU_240_B,TYR_241_B,MET_261_B,LEU_264_B,LYS_266_B,ASP_268_B"
LYS_266_B,"GLU_265_B,VAL_267_B"
VAL_267_B,"LEU_264_B,LYS_266_B,ASP_268_B"
ASP_268_B,"GLU_265_B,VAL_267_B,GLY_269_B"
GLY_269_B,"LEU_264_B,ASP_268_B,LEU_270_B"
LEU_270_B,"ILE_217_B,GLY_269_B,LEU_271_B"
LEU_271_B,"TYR_49_B,VAL_259_B,LEU_270_B,THR_272_B"
THR_272_B,"GLU_77_B,ASN_220_B,LEU_271_B,CYS_273_B"
CYS_273_B,"PHE_75_B,THR_272_B,CYS_274_B"
CYS_274_B,"TYR_49_B,CYS_273_B,SER_275_B"
SER_275_B,"TYR_49_B,CYS_274_B,VAL_276_B"
VAL_276_B,"VAL_16_B,VAL_82_B,SER_275_B,LEU_277_B"
LEU_277_B,"ALA_15_B,VAL_276_B,ILE_278_B"
ILE_278_B,"THR_13_B,HIS_14_B,LEU_108_B,LEU_277_B,ASN_279_B"
ASN_279_B,"PRO_6_B,ILE_278_B,LYS_280_B"
LYS_280_B,"THR_13_B,ASN_279_B,LYS_281_B"
LYS_281_B,LYS_280_B
